t,L,rev,sk,R,H,tr,vw,gp,on,pb,pd,IS_n,IS_wr,IS_pf,C24_n,C24_wr,C24_pf,REAL_n,REAL_wr,REAL_pf
0,-1,0,0.25,0.3,60,0,0,0,0,0,0,1008,46.7,0.817,706,50.3,0.974,680,49.6,0.951
0,-1,0,0.25,0.3,60,0,0,0,0,0,1,500,49.6,0.934,355,47.0,1.006,328,46.0,0.956
0,-1,0,0.25,0.3,60,0,0,0,0,0,-1,504,43.7,0.706,349,53.6,0.935,344,52.6,0.917
0,-1,0,0.25,0.3,60,0,0,0,0,1,0,604,46.2,0.821,409,49.1,0.927,424,50.0,0.955
0,-1,0,0.25,0.3,60,0,0,0,0,1,1,316,48.4,0.939,207,45.9,0.94,214,47.7,1.025
0,-1,0,0.25,0.3,60,0,0,0,0,1,-1,288,43.8,0.69,202,52.5,0.911,210,52.4,0.881
0,-1,0,0.25,0.3,60,0,0,0,0,2,0,404,47.5,0.813,297,51.9,1.037,256,48.8,0.944
0,-1,0,0.25,0.3,60,0,0,0,0,2,-1,216,43.5,0.723,147,55.1,0.963,134,53.0,0.965
0,-1,0,0.25,0.3,60,1,0,0,0,0,0,468,47.2,0.78,360,49.2,0.964,303,47.9,0.839
0,-1,0,0.25,0.3,60,1,0,0,0,0,1,295,48.8,0.876,231,45.9,0.963,181,43.1,0.812
0,-1,0,0.25,0.3,60,1,0,0,0,1,0,288,45.5,0.701,218,49.1,0.836,192,49.5,0.841
0,-1,0,0.25,0.3,60,-1,0,0,0,0,0,500,46.4,0.856,326,50.3,0.924,297,49.5,0.937
0,-1,0,0.25,0.3,60,-1,0,0,0,0,-1,310,43.5,0.758,211,51.7,0.868,196,50.0,0.879
0,-1,0,0.25,0.3,60,-1,0,0,0,1,0,280,47.5,0.968,175,46.9,0.931,165,47.9,0.923
0,-1,0,0.25,0.3,60,-1,0,0,0,2,0,220,45.0,0.739,151,54.3,0.917,132,51.5,0.954
0,-1,0,0.25,0.3,60,-1,0,0,0,2,-1,208,44.2,0.722,142,54.9,0.926,127,52.8,0.991
0,-1,1,0.15,1.0,60,0,0,0,0,0,0,1008,46.5,0.865,706,45.9,0.759,680,46.0,0.772
0,-1,1,0.15,1.0,60,0,0,0,0,0,1,504,49.0,1.028,349,41.5,0.796,344,42.2,0.798
0,-1,1,0.15,1.0,60,0,0,0,0,0,-1,500,44.2,0.743,355,50.1,0.724,328,50.6,0.767
0,-1,1,0.15,1.0,60,0,0,0,0,1,0,604,45.7,0.855,409,47.4,0.81,424,46.2,0.759
0,-1,1,0.15,1.0,60,0,0,0,0,1,1,288,47.2,1.048,202,43.6,0.812,210,42.9,0.808
0,-1,1,0.15,1.0,60,0,0,0,0,1,-1,316,44.3,0.735,207,51.2,0.808,214,49.5,0.717
0,-1,1,0.15,1.0,60,0,0,0,0,2,0,404,47.8,0.879,297,43.8,0.704,256,45.7,0.789
0,-1,1,0.15,1.0,60,0,0,0,0,2,1,216,51.4,1.007,147,38.8,0.779,134,41.0,0.786
0,-1,1,0.15,1.0,60,1,0,0,0,0,0,500,48.6,0.845,326,46.0,0.838,297,45.5,0.805
0,-1,1,0.15,1.0,60,1,0,0,0,0,1,310,51.0,0.979,211,44.1,0.834,196,44.4,0.818
0,-1,1,0.15,1.0,60,1,0,0,0,1,0,280,46.1,0.738,175,50.9,0.872,165,48.5,0.834
0,-1,1,0.15,1.0,60,1,0,0,0,2,0,220,51.8,0.992,151,40.4,0.805,132,41.7,0.774
0,-1,1,0.15,1.0,60,1,0,0,0,2,1,208,52.4,1.017,142,39.4,0.812,127,40.9,0.749
0,-1,1,0.15,1.0,60,-1,0,0,0,0,0,468,44.7,0.897,360,46.9,0.733,303,47.5,0.842
0,-1,1,0.15,1.0,60,-1,0,0,0,0,-1,295,43.7,0.795,231,51.1,0.708,181,53.0,0.862
0,-1,1,0.15,1.0,60,-1,0,0,0,1,0,288,45.5,1.004,218,46.8,0.865,192,45.3,0.803
0,30,0,0.15,0.6,60,0,0,0,0,0,0,1007,40.8,0.652,706,47.0,0.838,672,47.5,0.869
0,30,0,0.15,0.6,60,0,0,0,0,0,1,505,43.4,0.761,356,43.3,0.879,331,43.5,0.895
0,30,0,0.15,0.6,60,0,0,0,0,0,-1,498,38.0,0.544,348,51.1,0.803,333,51.7,0.838
0,30,0,0.15,0.6,60,0,0,0,0,1,0,603,41.5,0.663,409,48.2,0.814,419,49.4,0.858
0,30,0,0.15,0.6,60,0,0,0,0,1,1,305,43.0,0.78,200,43.5,0.803,201,45.8,0.898
0,30,0,0.15,0.6,60,0,0,0,0,1,-1,298,39.9,0.546,209,52.6,0.825,218,52.8,0.824
0,30,0,0.15,0.6,60,0,0,0,0,2,0,404,39.9,0.637,297,45.5,0.87,253,44.3,0.885
0,30,0,0.15,0.6,60,0,0,0,0,2,1,200,44.0,0.737,156,42.9,0.97,130,40.0,0.892
0,30,0,0.15,0.6,60,0,0,0,0,2,-1,200,35.0,0.541,139,48.9,0.773,115,49.6,0.864
0,30,0,0.15,0.6,60,1,0,0,0,0,0,509,42.0,0.643,349,47.6,0.916,309,47.2,0.873
0,30,0,0.15,0.6,60,1,0,0,0,0,1,316,42.1,0.696,226,45.6,1.049,192,43.8,0.959
0,30,0,0.15,0.6,60,1,0,0,0,1,0,307,41.0,0.587,197,50.3,0.841,183,50.8,0.841
0,30,0,0.15,0.6,60,1,0,0,0,2,0,202,43.6,0.723,152,44.1,1.003,126,42.1,0.909
0,30,0,0.15,0.6,60,-1,0,0,0,0,0,458,39.5,0.67,337,46.9,0.778,286,47.2,0.869
0,30,0,0.15,0.6,60,-1,0,0,0,0,-1,288,35.4,0.544,216,50.9,0.877,182,50.0,0.968
0,30,0,0.15,0.6,60,-1,0,0,0,1,0,260,42.7,0.775,196,46.4,0.804,172,46.5,0.847
0,30,1,0.15,0.3,60,0,0,0,0,0,0,1007,56.0,0.973,706,54.5,0.867,672,54.8,0.922
0,30,1,0.15,0.3,60,0,0,0,0,0,1,498,58.8,1.194,348,49.7,0.814,333,50.2,0.879
0,30,1,0.15,0.3,60,0,0,0,0,0,-1,505,53.5,0.812,356,59.0,0.912,331,59.2,0.959
0,30,1,0.15,0.3,60,0,0,0,0,1,0,603,54.7,0.956,409,53.5,0.95,419,52.5,0.903
0,30,1,0.15,0.3,60,0,0,0,0,1,1,298,57.4,1.258,209,49.3,0.872,218,49.5,0.955
0,30,1,0.15,0.3,60,0,0,0,0,1,-1,305,52.1,0.754,200,58.0,1.042,201,55.7,0.85
0,30,1,0.15,0.3,60,0,0,0,0,2,0,404,57.9,0.997,297,55.9,0.776,253,58.5,0.95
0,30,1,0.15,0.3,60,0,0,0,0,2,1,200,61.0,1.114,139,50.4,0.736,115,51.3,0.759
0,30,1,0.15,0.3,60,0,0,0,0,2,-1,200,55.5,0.905,156,60.3,0.794,130,64.6,1.127
0,30,1,0.15,0.3,60,1,0,0,0,0,0,458,57.4,0.952,337,53.4,0.871,286,52.4,0.857
0,30,1,0.15,0.3,60,1,0,0,0,0,1,288,60.1,1.146,216,49.1,0.677,182,50.0,0.752
0,30,1,0.15,0.3,60,1,0,0,0,1,0,260,55.4,0.869,196,55.1,0.937,172,52.9,0.892
0,30,1,0.15,0.3,60,-1,0,0,0,0,0,509,55.2,0.988,349,55.3,0.857,309,56.0,0.978
0,30,1,0.15,0.3,60,-1,0,0,0,0,-1,316,54.1,0.866,226,58.0,0.755,192,60.4,0.926
0,30,1,0.15,0.3,60,-1,0,0,0,1,0,307,54.4,1.028,197,51.8,0.975,183,50.8,0.931
0,30,1,0.15,0.3,60,-1,0,0,0,2,0,202,56.4,0.936,152,59.9,0.752,126,63.5,1.035
0,30,1,0.25,1.0,60,0,0,0,0,0,0,1007,51.7,1.114,706,48.4,0.94,672,47.5,0.908
0,30,1,0.25,1.0,60,0,0,0,0,0,1,498,54.2,1.373,348,44.3,0.958,333,43.8,0.927
0,30,1,0.25,1.0,60,0,0,0,0,0,-1,505,49.5,0.938,356,52.2,0.92,331,51.1,0.893
0,30,1,0.25,1.0,60,0,0,0,0,1,0,603,50.7,1.111,409,47.4,0.955,419,45.8,0.913
0,30,1,0.25,1.0,60,0,0,0,0,1,1,298,52.7,1.418,209,44.5,0.953,218,43.6,1.022
0,30,1,0.25,1.0,60,0,0,0,0,1,-1,305,48.9,0.898,200,50.5,0.957,201,48.3,0.806
0,30,1,0.25,1.0,60,0,0,0,0,2,0,404,53.2,1.119,297,49.8,0.924,253,50.2,0.902
0,30,1,0.25,1.0,60,0,0,0,0,2,1,200,56.5,1.312,139,43.9,0.966,115,44.3,0.781
0,30,1,0.25,1.0,60,0,0,0,0,2,-1,200,50.5,0.991,156,54.5,0.888,130,55.4,1.0
0,30,1,0.25,1.0,60,1,0,0,0,0,0,458,53.3,1.057,337,47.2,0.97,286,46.2,0.827
0,30,1,0.25,1.0,60,1,0,0,0,0,1,288,56.6,1.332,216,43.5,0.815,182,43.4,0.725
0,30,1,0.25,1.0,60,1,0,0,0,1,0,260,51.2,0.907,196,49.0,0.952,172,47.1,0.89
0,30,1,0.25,1.0,60,-1,0,0,0,0,0,509,50.7,1.172,349,49.3,0.919,309,48.9,0.968
0,30,1,0.25,1.0,60,-1,0,0,0,0,-1,316,50.6,1.05,226,51.3,0.798,192,52.1,0.868
0,30,1,0.25,1.0,60,-1,0,0,0,1,0,307,50.5,1.329,197,45.7,0.977,183,45.4,0.943
0,30,1,0.25,1.0,60,-1,0,0,0,2,0,202,51.0,1.002,152,53.9,0.87,126,54.0,0.991
0,60,0,0.25,0.6,60,0,0,0,0,0,0,1008,43.5,0.721,706,47.5,1.013,677,47.9,1.046
0,60,0,0.25,0.6,60,0,0,0,0,0,1,521,46.6,0.851,365,43.8,1.029,337,43.9,1.033
0,60,0,0.25,0.6,60,0,0,0,0,0,-1,483,40.0,0.599,339,51.3,0.995,332,51.5,1.041
0,60,0,0.25,0.6,60,0,0,0,0,1,0,604,44.2,0.696,409,48.7,1.01,421,48.9,0.956
0,60,0,0.25,0.6,60,0,0,0,0,1,1,307,47.2,0.872,212,45.8,1.002,210,46.7,1.014
0,60,0,0.25,0.6,60,0,0,0,0,1,-1,297,41.1,0.547,197,51.8,1.019,211,51.2,0.9
0,60,0,0.25,0.6,60,0,0,0,0,2,0,404,42.3,0.755,297,45.8,1.017,256,46.1,1.177
0,60,0,0.25,0.6,60,0,0,0,0,2,1,214,45.8,0.826,153,41.2,1.059,127,39.4,1.057
0,60,0,0.25,0.6,60,1,0,0,0,0,0,512,44.5,0.679,345,46.7,1.024,299,45.8,1.032
0,60,0,0.25,0.6,60,1,0,0,0,0,1,325,45.2,0.736,228,44.3,1.109,188,42.0,1.018
0,60,0,0.25,0.6,60,1,0,0,0,1,0,296,43.9,0.587,198,50.0,0.956,179,49.2,0.994
0,60,0,0.25,0.6,60,1,0,0,0,2,0,216,45.4,0.814,147,42.2,1.09,120,40.8,1.072
0,60,0,0.25,0.6,60,1,0,0,0,2,1,205,45.4,0.811,143,42.7,1.146,117,40.2,1.052
0,60,0,0.25,0.6,60,-1,0,0,0,0,0,456,41.9,0.775,341,47.8,0.971,298,48.7,1.108
0,60,0,0.25,0.6,60,-1,0,0,0,0,-1,280,37.1,0.611,214,50.9,1.055,188,50.5,1.119
0,60,0,0.25,0.6,60,-1,0,0,0,1,0,272,44.1,0.846,195,46.7,0.998,175,47.4,0.972
0,60,1,0.25,0.3,60,0,0,0,0,0,0,1008,49.5,0.906,706,49.6,0.78,677,49.0,0.787
0,60,1,0.25,0.3,60,0,0,0,0,0,1,483,52.0,1.13,339,44.8,0.783,332,45.2,0.79
0,60,1,0.25,0.3,60,0,0,0,0,0,-1,521,47.2,0.743,365,54.0,0.772,337,53.4,0.796
0,60,1,0.25,0.3,60,0,0,0,0,1,0,604,47.4,0.921,409,48.2,0.731,421,47.7,0.759
0,60,1,0.25,0.3,60,0,0,0,0,1,1,297,48.5,1.174,197,44.2,0.767,211,45.0,0.859
0,60,1,0.25,0.3,60,0,0,0,0,1,-1,307,46.3,0.734,212,51.9,0.7,210,50.5,0.669
0,60,1,0.25,0.3,60,0,0,0,0,2,0,404,52.7,0.887,297,51.5,0.843,256,51.2,0.83
0,60,1,0.25,0.3,60,0,0,0,0,2,-1,214,48.6,0.755,153,56.9,0.865,127,58.3,1.006
0,60,1,0.25,0.3,60,1,0,0,0,0,0,456,51.1,0.881,341,48.7,0.805,298,48.0,0.714
0,60,1,0.25,0.3,60,1,0,0,0,0,1,280,55.0,1.135,214,45.3,0.732,188,46.8,0.741
0,60,1,0.25,0.3,60,1,0,0,0,1,0,272,47.1,0.779,195,50.3,0.78,175,49.1,0.741
0,60,1,0.25,0.3,60,-1,0,0,0,0,0,512,48.8,0.937,345,51.0,0.792,299,50.5,0.85
0,60,1,0.25,0.3,60,-1,0,0,0,0,-1,325,49.2,0.84,228,53.9,0.74,188,54.8,0.894
0,60,1,0.25,0.3,60,-1,0,0,0,1,0,296,48.6,1.092,198,47.0,0.75,179,45.8,0.735
0,60,1,0.25,0.3,60,-1,0,0,0,2,0,216,49.1,0.776,147,56.5,0.837,120,57.5,0.994
0,60,1,0.25,0.3,60,-1,0,0,0,2,-1,205,49.8,0.764,143,55.9,0.813,117,58.1,1.029
60,-1,0,0.15,1.0,60,0,0,0,0,0,0,1008,44.8,0.83,704,49.3,0.936,678,50.0,1.012
60,-1,0,0.15,1.0,60,0,0,0,0,0,1,506,40.7,0.601,346,53.2,0.961,324,53.7,1.049
60,-1,0,0.15,1.0,60,0,0,0,0,0,-1,498,49.0,1.125,356,45.8,0.931,346,46.2,0.969
60,-1,0,0.15,1.0,60,0,0,0,0,1,0,604,45.7,0.923,408,50.0,0.914,423,49.9,0.952
60,-1,0,0.15,1.0,60,0,0,0,0,1,1,325,41.5,0.619,200,53.5,0.933,216,53.7,1.032
60,-1,0,0.15,1.0,60,0,0,0,0,1,-1,279,50.5,1.417,208,46.6,0.894,207,45.9,0.866
60,-1,0,0.15,1.0,60,0,0,0,0,2,0,404,43.6,0.712,296,48.3,0.967,255,50.2,1.117
60,-1,0,0.15,1.0,60,0,0,0,0,2,-1,219,47.0,0.846,148,44.6,0.98,139,46.8,1.129
60,-1,0,0.15,1.0,60,1,0,0,0,0,0,462,42.0,0.798,359,49.9,0.94,296,48.0,0.88
60,-1,0,0.15,1.0,60,1,0,0,0,0,1,293,38.2,0.571,226,50.4,0.906,177,48.0,0.84
60,-1,0,0.15,1.0,60,1,0,0,0,1,0,283,44.2,0.98,217,46.1,0.864,191,43.5,0.766
60,-1,0,0.15,1.0,60,-1,0,0,0,0,0,506,47.4,0.861,325,49.8,0.966,302,53.0,1.126
60,-1,0,0.15,1.0,60,-1,0,0,0,0,-1,312,49.7,1.029,214,44.9,0.927,198,46.0,1.002
60,-1,0,0.15,1.0,60,-1,0,0,0,1,0,285,47.4,0.874,175,56.0,0.986,165,58.8,1.1
60,-1,0,0.15,1.0,60,-1,0,0,0,2,0,221,47.5,0.846,150,42.7,0.943,137,46.0,1.157
60,-1,0,0.15,1.0,60,-1,0,0,0,2,-1,210,48.1,0.863,142,43.0,0.949,132,45.5,1.098
60,-1,1,0.15,0.6,60,0,0,0,0,0,0,1008,49.7,0.905,704,47.9,0.842,678,47.1,0.793
60,-1,1,0.15,0.6,60,0,0,0,0,0,1,498,46.0,0.685,356,49.4,0.864,346,48.8,0.828
60,-1,1,0.15,0.6,60,0,0,0,0,0,-1,506,53.4,1.224,346,46.0,0.806,324,45.4,0.763
60,-1,1,0.15,0.6,60,0,0,0,0,1,0,604,49.5,0.794,408,47.5,0.876,423,47.5,0.84
60,-1,1,0.15,0.6,60,0,0,0,0,1,1,279,45.5,0.563,208,48.6,0.882,207,49.3,0.884
60,-1,1,0.15,0.6,60,0,0,0,0,1,-1,325,52.9,1.108,200,46.5,0.869,216,45.8,0.803
60,-1,1,0.15,0.6,60,0,0,0,0,2,0,404,50.0,1.091,296,48.3,0.801,255,46.3,0.724
60,-1,1,0.15,0.6,60,0,0,0,0,2,1,219,46.6,0.876,148,50.7,0.841,139,48.2,0.759
60,-1,1,0.15,0.6,60,1,0,0,0,0,0,506,46.6,0.838,325,48.0,0.829,302,45.7,0.74
60,-1,1,0.15,0.6,60,1,0,0,0,0,1,312,44.2,0.717,214,50.9,0.863,198,50.5,0.817
60,-1,1,0.15,0.6,60,1,0,0,0,1,0,285,46.7,0.796,175,44.6,0.828,165,43.0,0.752
60,-1,1,0.15,0.6,60,1,0,0,0,2,0,221,46.6,0.892,150,52.0,0.831,137,48.9,0.725
60,-1,1,0.15,0.6,60,1,0,0,0,2,1,210,45.7,0.869,142,51.4,0.832,132,49.2,0.765
60,-1,1,0.15,0.6,60,-1,0,0,0,0,0,462,53.5,0.988,359,46.8,0.822,296,47.3,0.856
60,-1,1,0.15,0.6,60,-1,0,0,0,0,-1,293,56.0,1.344,226,47.3,0.838,177,49.2,0.906
60,-1,1,0.15,0.6,60,-1,0,0,0,1,0,283,53.0,0.792,217,49.3,0.911,191,50.3,0.987
60,30,0,0.15,0.3,60,0,0,0,0,0,0,1007,56.5,0.81,704,57.4,0.813,677,58.1,0.849
60,30,0,0.15,0.3,60,0,0,0,0,0,1,487,53.0,0.667,329,61.1,0.775,316,61.4,0.803
60,30,0,0.15,0.3,60,0,0,0,0,0,-1,516,60.1,0.99,373,53.9,0.845,353,54.7,0.886
60,30,0,0.15,0.3,60,0,0,0,0,1,0,604,57.3,0.851,408,56.9,0.791,423,57.7,0.836
60,30,0,0.15,0.3,60,0,0,0,0,1,1,288,53.8,0.669,197,58.9,0.727,206,60.2,0.78
60,30,0,0.15,0.3,60,0,0,0,0,1,-1,316,60.4,1.082,211,55.0,0.869,217,55.3,0.906
60,30,0,0.15,0.3,60,0,0,0,0,2,0,403,55.3,0.753,296,58.1,0.844,254,58.7,0.872
60,30,0,0.15,0.3,60,0,0,0,0,2,-1,200,59.5,0.873,162,52.5,0.815,136,53.7,0.857
60,30,0,0.15,0.3,60,1,0,0,0,0,0,484,53.9,0.735,330,59.7,0.848,287,58.2,0.834
60,30,0,0.15,0.3,60,1,0,0,0,0,1,294,51.7,0.628,205,62.0,0.848,173,62.4,0.842
60,30,0,0.15,0.3,60,1,0,0,0,1,0,285,55.4,0.784,195,55.9,0.838,176,54.0,0.802
60,30,0,0.15,0.3,60,-1,0,0,0,0,0,483,59.4,0.89,354,55.4,0.785,310,58.1,0.91
60,30,0,0.15,0.3,60,-1,0,0,0,0,-1,310,61.9,1.025,235,53.2,0.877,201,56.2,1.016
60,30,0,0.15,0.3,60,-1,0,0,0,1,0,283,59.4,0.908,197,58.4,0.774,180,62.2,0.971
60,30,0,0.15,0.3,60,-1,0,0,0,2,0,200,59.5,0.868,157,51.6,0.799,130,52.3,0.831
60,30,0,0.25,1.0,60,0,0,0,0,0,0,1007,47.2,0.873,704,48.2,0.911,677,49.2,0.917
60,30,0,0.25,1.0,60,0,0,0,0,0,1,487,43.1,0.664,329,51.7,0.865,316,52.5,0.872
60,30,0,0.25,1.0,60,0,0,0,0,0,-1,516,51.2,1.122,373,44.8,0.942,353,46.2,0.956
60,30,0,0.25,1.0,60,0,0,0,0,1,0,604,47.7,0.873,408,47.5,0.912,423,49.6,0.965
60,30,0,0.25,1.0,60,0,0,0,0,1,1,288,42.7,0.642,197,50.8,0.929,206,52.9,0.996
60,30,0,0.25,1.0,60,0,0,0,0,1,-1,316,52.2,1.137,211,44.5,0.894,217,46.5,0.927
60,30,0,0.25,1.0,60,0,0,0,0,2,0,403,46.4,0.872,296,49.0,0.909,254,48.4,0.846
60,30,0,0.25,1.0,60,0,0,0,0,2,-1,200,49.5,1.1,162,45.1,1.005,136,45.6,0.998
60,30,0,0.25,1.0,60,1,0,0,0,0,0,484,44.4,0.797,330,48.5,0.868,287,47.0,0.797
60,30,0,0.25,1.0,60,1,0,0,0,0,1,294,42.2,0.66,205,51.7,0.881,173,52.6,0.865
60,30,0,0.25,1.0,60,1,0,0,0,1,0,285,44.9,0.867,195,43.6,0.93,176,43.2,0.897
60,30,0,0.25,1.0,60,-1,0,0,0,0,0,483,49.5,0.941,354,47.7,0.954,310,50.6,1.045
60,30,0,0.25,1.0,60,-1,0,0,0,0,-1,310,52.9,1.163,235,46.0,1.064,201,49.3,1.209
60,30,0,0.25,1.0,60,-1,0,0,0,1,0,283,49.5,0.83,197,51.8,0.935,180,55.6,1.065
60,30,0,0.25,1.0,60,-1,0,0,0,2,0,200,49.5,1.099,157,42.7,0.978,130,43.8,1.018
60,30,1,0.25,0.6,60,0,0,0,0,0,0,1007,46.6,0.925,704,47.9,0.905,677,46.5,0.901
60,30,1,0.25,0.6,60,0,0,0,0,0,1,516,43.2,0.689,373,49.9,0.925,353,48.7,0.915
60,30,1,0.25,0.6,60,0,0,0,0,0,-1,487,49.9,1.267,329,45.9,0.905,316,44.0,0.9
60,30,1,0.25,0.6,60,0,0,0,0,1,0,604,47.0,0.925,408,48.8,0.902,423,46.8,0.875
60,30,1,0.25,0.6,60,0,0,0,0,1,1,316,43.7,0.643,211,50.7,0.933,217,49.3,0.935
60,30,1,0.25,0.6,60,0,0,0,0,1,-1,288,50.7,1.386,197,46.7,0.876,206,44.2,0.829
60,30,1,0.25,0.6,60,0,0,0,0,2,0,403,45.9,0.925,296,46.6,0.91,254,46.1,0.944
60,30,1,0.25,0.6,60,0,0,0,0,2,1,200,42.5,0.761,162,48.8,0.916,136,47.8,0.888
60,30,1,0.25,0.6,60,1,0,0,0,0,0,483,44.1,0.904,354,47.5,0.919,310,44.2,0.803
60,30,1,0.25,0.6,60,1,0,0,0,0,1,310,40.3,0.689,235,48.5,0.869,201,44.8,0.715
60,30,1,0.25,0.6,60,1,0,0,0,1,0,283,45.6,1.043,197,44.7,0.895,180,40.6,0.752
60,30,1,0.25,0.6,60,1,0,0,0,2,0,200,42.0,0.759,157,51.0,0.951,130,49.2,0.878
60,30,1,0.25,0.6,60,-1,0,0,0,0,0,484,49.8,0.975,330,48.5,0.903,287,48.8,0.977
60,30,1,0.25,0.6,60,-1,0,0,0,0,-1,294,50.7,1.202,205,46.3,0.865,173,43.9,0.869
60,30,1,0.25,0.6,60,-1,0,0,0,1,0,285,50.2,0.889,195,52.8,0.888,176,52.8,0.921
60,60,0,0.25,0.3,60,0,0,0,0,0,0,1008,48.8,0.862,703,51.2,0.823,670,53.4,0.898
60,60,0,0.25,0.3,60,0,0,0,0,0,1,529,45.6,0.697,319,55.2,0.775,302,57.6,0.864
60,60,0,0.25,0.3,60,0,0,0,0,0,-1,475,52.2,1.088,382,47.9,0.877,360,50.3,0.949
60,60,0,0.25,0.3,60,0,0,0,0,1,0,604,51.2,0.969,408,52.9,0.871,418,55.0,0.947
60,60,0,0.25,0.3,60,0,0,0,0,1,1,314,48.1,0.756,186,56.5,0.86,193,59.1,0.94
60,60,0,0.25,0.3,60,0,0,0,0,1,-1,290,54.5,1.262,222,50.0,0.883,225,51.6,0.954
60,60,0,0.25,0.3,60,0,0,0,0,2,0,404,45.3,0.726,295,48.8,0.763,252,50.8,0.825
60,60,0,0.25,0.3,60,0,0,0,0,2,1,215,41.9,0.621,133,53.4,0.679,109,55.0,0.751
60,60,0,0.25,0.3,60,1,0,0,0,0,0,503,45.9,0.79,337,51.3,0.763,291,51.2,0.815
60,60,0,0.25,0.3,60,1,0,0,0,0,1,324,42.0,0.627,203,53.7,0.769,169,54.4,0.832
60,60,0,0.25,0.3,60,1,0,0,0,1,0,290,49.0,0.937,203,48.8,0.845,180,47.8,0.845
60,60,0,0.25,0.3,60,1,0,0,0,2,0,213,41.8,0.621,134,55.2,0.683,111,56.8,0.781
60,60,0,0.25,0.3,60,1,0,0,0,2,1,204,41.7,0.621,127,54.3,0.674,104,56.7,0.775
60,60,0,0.25,0.3,60,-1,0,0,0,0,0,465,51.6,0.923,346,51.2,0.898,300,54.7,0.989
60,60,0,0.25,0.3,60,-1,0,0,0,0,-1,281,52.0,1.031,236,48.3,1.013,202,51.5,1.09
60,60,0,0.25,0.3,60,-1,0,0,0,1,0,278,53.6,0.975,189,57.7,0.927,172,60.5,1.021
60,60,1,0.15,1.0,60,0,0,0,0,0,0,1008,47.5,0.921,703,47.2,0.899,670,45.5,0.881
60,60,1,0.15,1.0,60,0,0,0,0,0,1,475,43.4,0.67,382,49.0,0.913,360,47.8,0.899
60,60,1,0.15,1.0,60,0,0,0,0,0,-1,529,51.4,1.244,319,45.1,0.891,302,42.4,0.856
60,60,1,0.15,1.0,60,0,0,0,0,1,0,604,46.5,0.821,408,45.6,0.877,418,44.7,0.855
60,60,1,0.15,1.0,60,0,0,0,0,1,1,290,41.7,0.538,222,47.3,0.895,225,47.6,0.917
60,60,1,0.15,1.0,60,0,0,0,0,1,-1,314,51.0,1.237,186,43.5,0.861,193,41.5,0.804
60,60,1,0.15,1.0,60,0,0,0,0,2,0,404,49.0,1.089,295,49.5,0.928,252,46.8,0.925
60,60,1,0.15,1.0,60,0,0,0,0,2,-1,215,52.1,1.253,133,47.4,0.932,109,44.0,0.954
60,60,1,0.15,1.0,60,1,0,0,0,0,0,465,44.9,0.913,346,47.4,0.897,300,44.0,0.77
60,60,1,0.15,1.0,60,1,0,0,0,0,1,281,42.3,0.73,236,49.6,0.877,202,46.5,0.742
60,60,1,0.15,1.0,60,1,0,0,0,1,0,278,44.6,0.899,189,42.3,0.838,172,40.1,0.727
60,60,1,0.15,1.0,60,-1,0,0,0,0,0,503,50.7,0.958,337,47.2,0.895,291,47.1,0.97
60,60,1,0.15,1.0,60,-1,0,0,0,0,-1,324,53.7,1.261,203,46.8,0.885,169,44.4,0.895
60,60,1,0.15,1.0,60,-1,0,0,0,1,0,290,49.3,0.783,203,48.8,0.893,180,50.0,0.988
60,60,1,0.15,1.0,60,-1,0,0,0,2,0,213,52.6,1.268,134,44.8,0.898,111,42.3,0.95
60,60,1,0.15,1.0,60,-1,0,0,0,2,-1,204,52.5,1.276,127,45.7,0.92,104,41.3,0.895
120,-1,0,0.15,0.6,60,0,0,0,0,0,0,1008,49.7,0.832,705,55.7,1.119,677,53.5,1.072
120,-1,0,0.15,0.6,60,0,0,0,0,0,1,522,46.4,0.792,349,55.3,1.137,321,53.9,1.099
120,-1,0,0.15,0.6,60,0,0,0,0,0,-1,482,52.9,0.87,354,56.2,1.103,348,52.9,1.035
120,-1,0,0.15,0.6,60,0,0,0,0,1,0,603,49.3,0.859,408,54.2,1.073,423,52.7,1.02
120,-1,0,0.15,0.6,60,0,0,0,0,1,1,329,44.4,0.73,208,53.8,1.086,209,53.1,1.034
120,-1,0,0.15,0.6,60,0,0,0,0,1,-1,274,55.1,1.043,200,54.5,1.058,214,52.3,1.006
120,-1,0,0.15,0.6,60,0,0,0,0,2,0,405,50.4,0.797,297,57.9,1.189,254,54.7,1.165
120,-1,0,0.15,0.6,60,0,0,0,0,2,-1,208,50.0,0.688,154,58.4,1.161,134,53.7,1.081
120,-1,0,0.15,0.6,60,1,0,0,0,0,0,472,50.8,0.955,360,55.8,1.135,305,54.1,1.168
120,-1,0,0.15,0.6,60,1,0,0,0,0,1,307,48.5,0.879,227,57.3,1.246,181,54.7,1.239
120,-1,0,0.15,0.6,60,1,0,0,0,1,0,279,52.0,1.007,221,55.7,1.13,196,54.1,1.129
120,-1,0,0.15,0.6,60,-1,0,0,0,0,0,496,49.0,0.74,325,55.1,1.079,292,52.1,0.938
120,-1,0,0.15,0.6,60,-1,0,0,0,0,-1,299,51.8,0.766,214,57.5,1.145,193,52.8,0.97
120,-1,0,0.15,0.6,60,-1,0,0,0,1,0,288,47.9,0.774,171,50.9,0.96,160,50.0,0.842
120,-1,0,0.15,0.6,60,-1,0,0,0,2,0,208,50.5,0.695,154,59.7,1.241,132,54.5,1.077
120,-1,1,0.15,0.3,60,0,0,0,0,0,0,1008,62.4,0.867,705,57.7,0.796,677,60.3,0.858
120,-1,1,0.15,0.3,60,0,0,0,0,0,1,482,60.2,0.878,354,59.3,0.862,348,60.9,0.892
120,-1,1,0.15,0.3,60,0,0,0,0,0,-1,522,64.9,0.867,349,56.2,0.731,321,60.1,0.838
120,-1,1,0.15,0.3,60,0,0,0,0,1,0,603,62.7,0.879,408,59.1,0.785,423,61.2,0.877
120,-1,1,0.15,0.3,60,0,0,0,0,1,1,274,58.0,0.801,200,60.0,0.862,214,60.7,0.893
120,-1,1,0.15,0.3,60,0,0,0,0,1,-1,329,66.6,0.949,208,58.2,0.72,209,61.7,0.861
120,-1,1,0.15,0.3,60,0,0,0,0,2,0,405,62.0,0.85,297,55.9,0.811,254,58.7,0.827
120,-1,1,0.15,0.3,60,0,0,0,0,2,1,208,63.0,0.991,154,58.4,0.862,134,61.2,0.89
120,-1,1,0.15,0.3,60,1,0,0,0,0,0,496,63.1,0.901,325,60.6,0.884,292,63.7,0.976
120,-1,1,0.15,0.3,60,1,0,0,0,0,1,299,59.2,0.885,214,58.9,0.879,193,61.1,0.912
120,-1,1,0.15,0.3,60,1,0,0,0,1,0,288,63.2,0.85,171,63.7,0.895,160,66.2,1.037
120,-1,1,0.15,0.3,60,1,0,0,0,2,0,208,63.0,0.983,154,57.1,0.873,132,60.6,0.907
120,-1,1,0.15,0.3,60,-1,0,0,0,0,0,472,61.9,0.846,360,55.0,0.72,305,57.4,0.76
120,-1,1,0.15,0.3,60,-1,0,0,0,0,-1,307,61.6,0.806,227,52.4,0.665,181,56.4,0.736
120,-1,1,0.15,0.3,60,-1,0,0,0,1,0,279,61.6,0.922,221,55.2,0.708,196,57.7,0.77
120,-1,1,0.25,1.0,60,0,0,0,0,0,0,1008,48.5,0.96,705,45.4,0.851,677,47.1,0.851
120,-1,1,0.25,1.0,60,0,0,0,0,0,1,482,45.4,0.943,354,45.8,0.836,348,47.4,0.829
120,-1,1,0.25,1.0,60,0,0,0,0,0,-1,522,51.7,0.985,349,45.0,0.863,321,46.7,0.869
120,-1,1,0.25,1.0,60,0,0,0,0,1,0,603,49.1,0.905,408,46.6,0.775,423,47.3,0.83
120,-1,1,0.25,1.0,60,0,0,0,0,1,1,274,43.1,0.789,200,47.5,0.813,214,48.1,0.844
120,-1,1,0.25,1.0,60,0,0,0,0,1,-1,329,54.1,1.018,208,45.7,0.745,209,46.4,0.817
120,-1,1,0.25,1.0,60,0,0,0,0,2,0,405,47.7,1.041,297,43.8,0.975,254,46.9,0.888
120,-1,1,0.25,1.0,60,0,0,0,0,2,1,208,48.6,1.189,154,43.5,0.866,134,46.3,0.808
120,-1,1,0.25,1.0,60,1,0,0,0,0,0,496,50.0,1.071,325,46.8,0.885,292,49.7,0.963
120,-1,1,0.25,1.0,60,1,0,0,0,0,1,299,46.5,1.115,214,44.4,0.831,193,47.2,0.877
120,-1,1,0.25,1.0,60,1,0,0,0,1,0,288,51.0,0.999,171,51.5,0.922,160,53.1,1.098
120,-1,1,0.25,1.0,60,1,0,0,0,2,0,208,48.6,1.183,154,41.6,0.842,132,45.5,0.809
120,-1,1,0.25,1.0,60,-1,0,0,0,0,0,472,46.6,0.855,360,44.4,0.841,305,45.2,0.787
120,-1,1,0.25,1.0,60,-1,0,0,0,0,-1,307,48.2,0.942,227,42.3,0.824,181,43.6,0.786
120,-1,1,0.25,1.0,60,-1,0,0,0,1,0,279,45.9,0.788,221,43.4,0.696,196,43.9,0.71
120,30,0,0.25,0.6,60,0,0,0,0,0,0,1008,47.5,0.873,705,49.5,0.937,669,49.3,0.95
120,30,0,0.25,0.6,60,0,0,0,0,0,1,505,44.6,0.853,364,48.9,0.939,342,49.1,0.954
120,30,0,0.25,0.6,60,0,0,0,0,0,-1,499,50.3,0.894,339,50.1,0.938,319,49.8,0.962
120,30,0,0.25,0.6,60,0,0,0,0,1,0,603,48.6,0.853,408,48.5,0.913,417,48.7,0.953
120,30,0,0.25,0.6,60,0,0,0,0,1,1,291,43.0,0.747,203,47.8,0.949,208,48.6,0.959
120,30,0,0.25,0.6,60,0,0,0,0,1,-1,312,53.8,0.96,205,49.3,0.874,209,48.8,0.946
120,30,0,0.25,0.6,60,0,0,0,0,2,0,405,45.9,0.9,297,50.8,0.972,252,50.4,0.945
120,30,0,0.25,0.6,60,0,0,0,0,2,1,214,46.7,0.995,161,50.3,0.924,134,50.0,0.945
120,30,0,0.25,0.6,60,1,0,0,0,0,0,500,48.8,0.944,365,50.1,0.952,298,51.7,1.087
120,30,0,0.25,0.6,60,1,0,0,0,0,1,311,45.3,0.944,239,49.4,0.973,195,50.3,1.064
120,30,0,0.25,0.6,60,1,0,0,0,1,0,286,50.7,0.897,201,51.2,0.982,167,53.3,1.167
120,30,0,0.25,0.6,60,1,0,0,0,2,0,214,46.3,1.002,164,48.8,0.91,131,49.6,0.971
120,30,0,0.25,0.6,60,1,0,0,0,2,1,204,46.6,1.002,156,50.0,0.961,126,50.0,0.978
120,30,0,0.25,0.6,60,-1,0,0,0,0,0,468,46.6,0.816,320,48.1,0.889,291,47.4,0.801
120,30,0,0.25,0.6,60,-1,0,0,0,0,-1,295,47.5,0.857,202,49.0,0.921,175,48.0,0.849
120,30,0,0.25,0.6,60,-1,0,0,0,1,0,281,47.7,0.833,191,44.0,0.773,183,44.3,0.706
120,30,1,0.25,0.3,60,0,0,0,0,0,0,1008,52.4,0.804,705,54.2,0.915,669,54.3,0.93
120,30,1,0.25,0.3,60,0,0,0,0,0,1,499,48.9,0.739,339,54.9,0.903,319,55.2,0.9
120,30,1,0.25,0.3,60,0,0,0,0,0,-1,505,56.0,0.868,364,53.6,0.924,342,52.9,0.933
120,30,1,0.25,0.3,60,0,0,0,0,1,0,603,50.9,0.791,408,54.4,0.887,417,53.5,0.888
120,30,1,0.25,0.3,60,0,0,0,0,1,1,312,45.5,0.63,205,55.1,0.916,209,54.1,0.882
120,30,1,0.25,0.3,60,0,0,0,0,1,-1,291,56.7,1.02,203,53.7,0.86,208,52.9,0.893
120,30,1,0.25,0.3,60,0,0,0,0,2,0,405,54.6,0.821,297,53.9,0.959,252,55.6,1.007
120,30,1,0.25,0.3,60,0,0,0,0,2,-1,214,55.1,0.73,161,53.4,1.033,134,53.0,1.013
120,30,1,0.25,0.3,60,1,0,0,0,0,0,468,53.4,0.947,320,56.2,0.967,291,56.4,1.031
120,30,1,0.25,0.3,60,1,0,0,0,0,1,295,50.8,0.885,202,55.9,0.926,175,56.0,0.96
120,30,1,0.25,0.3,60,1,0,0,0,1,0,281,53.0,0.952,191,58.6,1.078,183,56.8,1.133
120,30,1,0.25,0.3,60,-1,0,0,0,0,0,500,51.2,0.691,365,53.2,0.924,298,52.3,0.864
120,30,1,0.25,0.3,60,-1,0,0,0,0,-1,311,54.3,0.764,239,52.7,0.925,195,51.8,0.905
120,30,1,0.25,0.3,60,-1,0,0,0,1,0,286,47.9,0.648,201,52.2,0.842,167,51.5,0.789
120,30,1,0.25,0.3,60,-1,0,0,0,2,0,214,55.6,0.742,164,54.3,1.062,131,53.4,1.002
120,30,1,0.25,0.3,60,-1,0,0,0,2,-1,204,55.4,0.732,156,53.8,1.021,126,53.2,0.996
120,60,0,0.15,1.0,60,0,0,0,0,0,0,1008,46.7,0.861,705,51.5,1.059,674,50.6,1.051
120,60,0,0.15,1.0,60,0,0,0,0,0,1,465,43.2,0.822,362,50.8,1.05,346,50.9,1.05
120,60,0,0.15,1.0,60,0,0,0,0,0,-1,539,49.7,0.899,341,52.5,1.08,320,51.6,1.104
120,60,0,0.15,1.0,60,0,0,0,0,1,0,603,49.6,0.942,408,48.8,0.928,420,49.5,0.98
120,60,0,0.15,1.0,60,0,0,0,0,1,1,274,43.8,0.769,208,48.6,0.956,217,49.8,0.994
120,60,0,0.15,1.0,60,0,0,0,0,1,-1,329,54.4,1.112,200,49.0,0.897,203,49.3,0.964
120,60,0,0.15,1.0,60,0,0,0,0,2,0,405,42.5,0.763,297,55.2,1.288,254,52.4,1.185
120,60,0,0.15,1.0,60,0,0,0,0,2,-1,210,42.4,0.652,141,57.4,1.363,117,55.6,1.361
120,60,0,0.15,1.0,60,1,0,0,0,0,0,469,48.0,0.984,344,53.2,1.146,294,53.4,1.239
120,60,0,0.15,1.0,60,1,0,0,0,0,1,276,44.6,0.892,225,53.8,1.259,190,53.2,1.291
120,60,0,0.15,1.0,60,1,0,0,0,1,0,280,51.8,1.065,184,53.8,1.124,164,54.3,1.258
120,60,0,0.15,1.0,60,-1,0,0,0,0,0,499,45.9,0.761,341,49.9,0.995,301,49.2,0.969
120,60,0,0.15,1.0,60,-1,0,0,0,0,-1,330,47.6,0.77,216,52.8,1.13,183,50.8,1.101
120,60,0,0.15,1.0,60,-1,0,0,0,1,0,287,48.4,0.857,208,43.8,0.765,190,44.7,0.776
120,60,0,0.15,1.0,60,-1,0,0,0,2,0,212,42.5,0.647,133,59.4,1.445,111,56.8,1.363
120,60,0,0.15,1.0,60,-1,0,0,0,2,-1,201,42.8,0.659,130,60.0,1.454,107,57.0,1.371
120,60,1,0.15,0.6,60,0,0,0,0,0,0,1008,50.3,0.851,705,48.5,0.833,674,49.1,0.849
120,60,1,0.15,0.6,60,0,0,0,0,0,1,539,47.1,0.81,341,49.0,0.844,320,48.4,0.83
120,60,1,0.15,0.6,60,0,0,0,0,0,-1,465,54.0,0.897,362,47.8,0.807,346,48.6,0.823
120,60,1,0.15,0.6,60,0,0,0,0,1,0,603,47.9,0.8,408,50.0,0.858,420,48.8,0.819
120,60,1,0.15,0.6,60,0,0,0,0,1,1,329,42.2,0.665,200,51.0,0.929,203,49.3,0.846
120,60,1,0.15,0.6,60,0,0,0,0,1,-1,274,54.7,1.007,208,49.0,0.797,217,48.4,0.794
120,60,1,0.15,0.6,60,0,0,0,0,2,0,405,53.8,0.926,297,46.5,0.798,254,49.6,0.897
120,60,1,0.15,0.6,60,0,0,0,0,2,1,210,54.8,1.099,141,46.1,0.75,117,47.0,0.805
120,60,1,0.15,0.6,60,1,0,0,0,0,0,499,51.9,0.968,341,49.9,0.873,301,50.5,0.923
120,60,1,0.15,0.6,60,1,0,0,0,0,1,330,48.8,0.917,216,48.1,0.821,183,48.1,0.848
120,60,1,0.15,0.6,60,1,0,0,0,1,0,287,50.2,0.883,208,53.8,1.005,190,53.7,1.032
120,60,1,0.15,0.6,60,1,0,0,0,2,0,212,54.2,1.1,133,43.6,0.721,111,45.0,0.784
120,60,1,0.15,0.6,60,1,0,0,0,2,1,201,54.2,1.083,130,43.8,0.719,107,44.9,0.756
120,60,1,0.15,0.6,60,-1,0,0,0,0,0,469,48.2,0.74,344,47.1,0.788,294,46.6,0.735
120,60,1,0.15,0.6,60,-1,0,0,0,0,-1,276,50.7,0.785,225,45.3,0.725,190,46.3,0.722
120,60,1,0.15,0.6,60,-1,0,0,0,1,0,280,44.6,0.712,184,46.2,0.744,164,44.5,0.666
180,-1,0,0.15,0.3,60,0,0,0,0,0,0,1006,65.4,0.792,705,66.0,0.952,677,66.3,0.994
180,-1,0,0.15,0.3,60,0,0,0,0,0,1,517,63.8,0.744,351,67.2,0.972,322,67.1,0.967
180,-1,0,0.15,0.3,60,0,0,0,0,0,-1,485,67.2,0.846,352,64.8,0.932,347,65.7,1.013
180,-1,0,0.15,0.3,60,0,0,0,0,1,0,602,66.6,0.855,408,68.1,1.106,423,67.8,1.078
180,-1,0,0.15,0.3,60,0,0,0,0,1,1,319,68.0,0.88,200,71.5,1.34,211,68.7,1.133
180,-1,0,0.15,0.3,60,0,0,0,0,1,-1,283,65.0,0.827,208,64.9,0.938,212,67.0,1.032
180,-1,0,0.15,0.3,60,0,0,0,0,2,0,404,63.6,0.713,297,63.0,0.78,254,63.8,0.869
180,-1,0,0.15,0.3,60,0,0,0,0,2,-1,202,70.3,0.872,144,64.6,0.925,135,63.7,0.981
180,-1,0,0.15,0.3,60,1,0,0,0,0,0,487,64.9,0.802,370,65.4,0.952,304,67.4,1.083
180,-1,0,0.15,0.3,60,1,0,0,0,0,1,313,61.3,0.666,233,63.5,0.807,181,65.7,0.895
180,-1,0,0.15,0.3,60,1,0,0,0,1,0,295,70.2,1.033,221,68.3,1.269,196,69.4,1.344
180,-1,0,0.15,0.3,60,-1,0,0,0,0,0,479,66.4,0.789,315,65.7,0.917,293,65.2,0.916
180,-1,0,0.15,0.3,60,-1,0,0,0,0,-1,292,65.4,0.731,208,61.1,0.734,193,61.1,0.791
180,-1,0,0.15,0.3,60,-1,0,0,0,1,0,271,63.5,0.727,171,66.7,0.901,160,66.9,0.884
180,-1,0,0.15,0.3,60,-1,0,0,0,2,0,208,70.2,0.877,144,64.6,0.937,133,63.2,0.958
180,-1,0,0.25,1.0,60,0,0,0,0,0,0,1006,44.0,0.804,705,48.9,1.024,677,49.6,1.083
180,-1,0,0.25,1.0,60,0,0,0,0,0,1,517,43.1,0.738,351,47.9,0.902,322,48.4,0.926
180,-1,0,0.25,1.0,60,0,0,0,0,0,-1,485,44.9,0.883,352,50.0,1.156,347,50.7,1.222
180,-1,0,0.25,1.0,60,0,0,0,0,1,0,602,45.7,0.912,408,49.8,1.146,423,49.4,1.121
180,-1,0,0.25,1.0,60,0,0,0,0,1,1,319,46.4,0.857,200,49.0,1.168,211,47.9,1.068
180,-1,0,0.25,1.0,60,0,0,0,0,1,-1,283,44.9,0.985,208,50.5,1.124,212,50.9,1.174
180,-1,0,0.25,1.0,60,0,0,0,0,2,0,404,41.6,0.672,297,47.8,0.877,254,50.0,1.024
180,-1,0,0.25,1.0,60,0,0,0,0,2,-1,202,45.0,0.769,144,49.3,1.204,135,50.4,1.303
180,-1,0,0.25,1.0,60,1,0,0,0,0,0,487,44.1,0.781,370,49.7,0.935,304,50.7,1.03
180,-1,0,0.25,1.0,60,1,0,0,0,0,1,313,40.9,0.632,233,47.6,0.792,181,49.7,0.919
180,-1,0,0.25,1.0,60,1,0,0,0,1,0,295,47.8,0.96,221,52.5,1.283,196,51.5,1.343
180,-1,0,0.25,1.0,60,-1,0,0,0,0,0,479,44.7,0.84,315,47.3,1.066,293,48.5,1.134
180,-1,0,0.25,1.0,60,-1,0,0,0,0,-1,292,43.2,0.792,208,46.6,1.037,193,47.7,1.185
180,-1,0,0.25,1.0,60,-1,0,0,0,1,0,271,45.0,0.902,171,45.0,0.953,160,46.2,0.993
180,-1,0,0.25,1.0,60,-1,0,0,0,2,0,208,44.2,0.765,144,50.0,1.236,133,51.1,1.352
180,-1,1,0.25,0.6,60,0,0,0,0,0,0,1006,54.2,1.067,705,48.8,0.88,677,48.2,0.829
180,-1,1,0.25,0.6,60,0,0,0,0,0,1,485,53.6,1.037,352,47.7,0.779,347,47.3,0.734
180,-1,1,0.25,0.6,60,0,0,0,0,0,-1,517,54.7,1.097,351,49.9,0.997,322,49.1,0.967
180,-1,1,0.25,0.6,60,0,0,0,0,1,0,602,51.8,0.933,408,47.5,0.789,423,48.7,0.816
180,-1,1,0.25,0.6,60,0,0,0,0,1,1,283,52.7,0.94,208,47.1,0.79,212,47.2,0.771
180,-1,1,0.25,0.6,60,0,0,0,0,1,-1,319,51.1,0.927,200,48.0,0.788,211,50.2,0.863
180,-1,1,0.25,0.6,60,0,0,0,0,2,0,404,57.7,1.293,297,50.5,1.023,254,47.2,0.853
180,-1,1,0.25,0.6,60,0,0,0,0,2,1,202,55.0,1.179,144,48.6,0.765,135,47.4,0.678
180,-1,1,0.25,0.6,60,1,0,0,0,0,0,479,54.5,1.066,315,48.6,0.848,293,48.5,0.787
180,-1,1,0.25,0.6,60,1,0,0,0,0,1,292,56.2,1.196,208,49.5,0.871,193,48.7,0.745
180,-1,1,0.25,0.6,60,1,0,0,0,1,0,271,53.9,0.982,171,50.3,0.928,160,50.6,0.894
180,-1,1,0.25,0.6,60,1,0,0,0,2,0,208,55.3,1.189,144,46.5,0.752,133,45.9,0.662
180,-1,1,0.25,0.6,60,-1,0,0,0,0,0,487,53.8,1.048,370,49.5,0.965,304,47.0,0.865
180,-1,1,0.25,0.6,60,-1,0,0,0,0,-1,313,56.9,1.267,233,51.1,1.14,181,47.0,0.963
180,-1,1,0.25,0.6,60,-1,0,0,0,1,0,295,49.5,0.845,221,46.2,0.725,196,46.4,0.7
180,30,0,0.25,0.3,60,0,0,0,0,0,0,1005,55.6,0.827,705,58.2,1.004,674,57.7,0.994
180,30,0,0.25,0.3,60,0,0,0,0,0,1,482,54.8,0.747,355,57.7,0.957,338,57.7,0.942
180,30,0,0.25,0.3,60,0,0,0,0,0,-1,519,56.5,0.914,348,58.6,1.057,329,57.8,1.056
180,30,0,0.25,0.3,60,0,0,0,0,1,0,601,56.6,0.835,408,58.8,0.988,420,56.4,0.91
180,30,0,0.25,0.3,60,0,0,0,0,1,1,267,55.8,0.721,206,57.8,0.992,213,54.9,0.871
180,30,0,0.25,0.3,60,0,0,0,0,1,-1,334,57.2,0.946,202,59.9,0.985,207,58.0,0.955
180,30,0,0.25,0.3,60,0,0,0,0,2,0,404,54.2,0.816,297,57.2,1.026,254,59.8,1.148
180,30,0,0.25,0.3,60,0,0,0,0,2,1,215,53.5,0.781,149,57.7,0.913,125,62.4,1.072
180,30,0,0.25,0.3,60,1,0,0,0,0,0,497,56.5,0.891,355,59.7,1.018,306,58.8,0.934
180,30,0,0.25,0.3,60,1,0,0,0,0,1,301,53.8,0.782,229,59.4,1.063,192,60.4,1.028
180,30,0,0.25,0.3,60,1,0,0,0,1,0,286,59.1,0.978,208,61.5,1.081,188,58.0,0.922
180,30,0,0.25,0.3,60,1,0,0,0,2,0,211,53.1,0.786,147,57.1,0.942,118,60.2,0.954
180,30,0,0.25,0.3,60,1,0,0,0,2,1,203,53.2,0.78,141,56.7,0.919,115,59.1,0.918
180,30,0,0.25,0.3,60,-1,0,0,0,0,0,468,55.1,0.782,330,56.1,0.955,289,55.4,0.942
180,30,0,0.25,0.3,60,-1,0,0,0,0,-1,303,54.8,0.847,212,56.6,1.085,183,56.8,1.184
180,30,0,0.25,0.3,60,-1,0,0,0,1,0,279,54.8,0.736,184,54.9,0.841,165,52.7,0.73
180,30,1,0.15,1.0,60,0,0,0,0,0,0,1005,51.9,1.05,705,46.7,0.885,674,47.2,0.91
180,30,1,0.15,1.0,60,0,0,0,0,0,1,519,51.3,1.018,348,46.0,0.788,329,46.8,0.813
180,30,1,0.15,1.0,60,0,0,0,0,0,-1,482,52.7,1.089,355,47.3,0.987,338,47.6,1.023
180,30,1,0.15,1.0,60,0,0,0,0,1,0,601,50.1,1.071,408,46.1,0.923,420,48.1,1.005
180,30,1,0.15,1.0,60,0,0,0,0,1,1,334,50.0,1.041,202,45.5,0.913,207,46.9,0.949
180,30,1,0.15,1.0,60,0,0,0,0,1,-1,267,50.2,1.109,206,46.6,0.931,213,49.3,1.059
180,30,1,0.15,1.0,60,0,0,0,0,2,0,404,54.7,1.023,297,47.5,0.832,254,45.7,0.766
180,30,1,0.15,1.0,60,0,0,0,0,2,-1,215,55.8,1.066,149,48.3,1.073,125,44.8,0.961
180,30,1,0.15,1.0,60,1,0,0,0,0,0,468,53.2,1.092,330,47.6,0.86,289,48.8,0.911
180,30,1,0.15,1.0,60,1,0,0,0,0,1,303,53.1,1.064,212,46.7,0.729,183,47.0,0.712
180,30,1,0.15,1.0,60,1,0,0,0,1,0,279,52.7,1.183,184,48.9,1.079,165,50.9,1.164
180,30,1,0.15,1.0,60,-1,0,0,0,0,0,497,50.9,0.982,355,46.5,0.966,306,46.4,1.009
180,30,1,0.15,1.0,60,-1,0,0,0,0,-1,301,52.8,1.05,229,46.3,0.944,192,43.8,0.912
180,30,1,0.15,1.0,60,-1,0,0,0,1,0,286,47.6,0.914,208,44.7,0.884,188,46.8,1.018
180,30,1,0.15,1.0,60,-1,0,0,0,2,0,211,55.5,1.075,147,49.0,1.095,118,45.8,0.995
180,30,1,0.15,1.0,60,-1,0,0,0,2,-1,203,55.7,1.07,141,49.6,1.101,115,46.1,1.009
180,60,0,0.15,0.6,60,0,0,0,0,0,0,1004,50.7,0.795,705,52.8,0.986,678,52.5,0.987
180,60,0,0.15,0.6,60,0,0,0,0,0,1,494,50.4,0.745,355,51.3,0.893,334,51.2,0.892
180,60,0,0.15,0.6,60,0,0,0,0,0,-1,506,51.2,0.849,348,54.0,1.087,336,53.0,1.059
180,60,0,0.15,0.6,60,0,0,0,0,1,0,600,51.8,0.871,408,53.4,1.025,422,54.0,1.002
180,60,0,0.15,0.6,60,0,0,0,0,1,1,287,52.6,0.844,210,51.9,1.014,217,52.1,0.969
180,60,0,0.15,0.6,60,0,0,0,0,1,-1,313,51.1,0.897,198,55.1,1.037,205,56.1,1.035
180,60,0,0.15,0.6,60,0,0,0,0,2,0,404,49.0,0.701,297,51.9,0.934,256,50.0,0.964
180,60,0,0.15,0.6,60,0,0,0,0,2,1,207,47.3,0.633,145,50.3,0.754,117,49.6,0.778
180,60,0,0.15,0.6,60,1,0,0,0,0,0,483,52.2,0.867,345,53.3,0.955,298,53.4,0.979
180,60,0,0.15,0.6,60,1,0,0,0,0,1,302,49.7,0.74,223,49.8,0.81,186,50.0,0.827
180,60,0,0.15,0.6,60,1,0,0,0,1,0,278,55.8,1.126,207,55.6,1.13,187,56.7,1.156
180,60,0,0.15,0.6,60,1,0,0,0,2,0,205,47.3,0.623,138,50.0,0.75,111,47.7,0.74
180,60,0,0.15,0.6,60,-1,0,0,0,0,0,481,50.5,0.755,340,51.8,1.005,301,51.5,0.996
180,60,0,0.15,0.6,60,-1,0,0,0,0,-1,303,49.8,0.752,218,50.0,0.948,190,48.4,0.947
180,60,0,0.15,0.6,60,-1,0,0,0,1,0,286,50.0,0.728,185,51.4,0.927,169,54.4,0.97
180,60,1,0.15,0.3,60,0,0,0,0,0,0,1004,70.9,1.021,705,67.7,0.958,678,67.1,0.967
180,60,1,0.15,0.3,60,0,0,0,0,0,1,506,68.2,0.917,348,70.1,1.038,336,69.6,1.028
180,60,1,0.15,0.3,60,0,0,0,0,0,-1,494,73.7,1.147,355,65.4,0.889,334,65.0,0.913
180,60,1,0.15,0.3,60,0,0,0,0,1,0,600,70.5,0.998,408,68.4,0.972,422,67.1,0.969
180,60,1,0.15,0.3,60,0,0,0,0,1,1,313,69.6,0.953,198,69.7,1.097,205,67.3,0.993
180,60,1,0.15,0.3,60,0,0,0,0,1,-1,287,71.4,1.051,210,67.1,0.874,217,66.8,0.947
180,60,1,0.15,0.3,60,0,0,0,0,2,0,404,71.5,1.057,297,66.7,0.938,256,67.2,0.963
180,60,1,0.15,0.3,60,0,0,0,0,2,-1,207,76.8,1.295,145,62.8,0.911,117,61.5,0.855
180,60,1,0.15,0.3,60,1,0,0,0,0,0,481,71.7,1.076,340,70.3,1.025,301,70.1,1.067
180,60,1,0.15,0.3,60,1,0,0,0,0,1,303,68.3,0.935,218,71.6,1.137,190,72.6,1.209
180,60,1,0.15,0.3,60,1,0,0,0,1,0,286,75.5,1.261,185,71.4,1.129,169,68.6,1.041
180,60,1,0.15,0.3,60,-1,0,0,0,0,0,483,69.6,0.945,345,65.2,0.905,298,64.1,0.851
180,60,1,0.15,0.3,60,-1,0,0,0,0,-1,302,71.5,1.037,223,63.2,0.864,186,62.4,0.831
180,60,1,0.15,0.3,60,-1,0,0,0,1,0,278,64.4,0.761,207,65.7,0.858,187,64.2,0.809
180,60,1,0.15,0.3,60,-1,0,0,0,2,0,205,76.6,1.298,138,64.5,0.981,111,64.0,0.932
180,60,1,0.25,1.0,60,0,0,0,0,0,0,1004,51.3,1.074,705,47.8,0.869,678,48.2,0.864
180,60,1,0.25,1.0,60,0,0,0,0,0,1,506,50.2,0.973,348,46.8,0.769,336,47.6,0.762
180,60,1,0.25,1.0,60,0,0,0,0,0,-1,494,52.2,1.177,355,49.0,0.989,334,49.7,1.007
180,60,1,0.25,1.0,60,0,0,0,0,1,0,600,49.7,1.017,408,48.0,0.819,422,46.9,0.786
180,60,1,0.25,1.0,60,0,0,0,0,1,1,313,50.2,0.942,198,48.0,0.843,205,45.9,0.758
180,60,1,0.25,1.0,60,0,0,0,0,1,-1,287,49.1,1.095,210,48.1,0.796,217,47.9,0.816
180,60,1,0.25,1.0,60,0,0,0,0,2,0,404,53.7,1.161,297,47.5,0.941,256,50.4,1.003
180,60,1,0.25,1.0,60,0,0,0,0,2,-1,207,56.5,1.298,145,50.3,1.316,117,53.0,1.396
180,60,1,0.25,1.0,60,1,0,0,0,0,0,481,51.1,1.021,340,47.6,0.821,301,49.5,0.85
180,60,1,0.25,1.0,60,1,0,0,0,0,1,303,50.8,0.952,218,49.1,0.882,190,52.1,0.931
180,60,1,0.25,1.0,60,1,0,0,0,1,0,286,51.4,1.012,185,50.8,0.964,169,49.1,0.913
180,60,1,0.25,1.0,60,-1,0,0,0,0,0,483,51.1,1.096,345,48.4,0.953,298,48.3,0.953
180,60,1,0.25,1.0,60,-1,0,0,0,0,-1,302,52.6,1.201,223,50.7,1.164,186,51.1,1.197
180,60,1,0.25,1.0,60,-1,0,0,0,1,0,278,47.5,0.959,207,45.4,0.724,187,43.9,0.693
180,60,1,0.25,1.0,60,-1,0,0,0,2,0,205,56.1,1.292,138,52.9,1.409,111,55.9,1.603
240,-1,0,0.25,0.6,60,0,0,0,0,0,0,1007,49.9,0.972,705,49.2,0.912,678,49.0,0.897
240,-1,0,0.25,0.6,60,0,0,0,0,0,1,496,47.4,0.855,342,49.7,0.954,325,49.8,0.918
240,-1,0,0.25,0.6,60,0,0,0,0,0,-1,507,52.5,1.107,361,48.8,0.872,345,48.7,0.896
240,-1,0,0.25,0.6,60,0,0,0,0,1,0,603,48.4,0.925,408,50.2,0.931,422,50.0,0.945
240,-1,0,0.25,0.6,60,0,0,0,0,1,1,304,45.1,0.787,203,53.2,0.991,213,52.6,0.95
240,-1,0,0.25,0.6,60,0,0,0,0,1,-1,299,51.8,1.092,205,47.3,0.88,209,47.4,0.939
240,-1,0,0.25,0.6,60,0,0,0,0,2,0,404,52.0,1.042,297,47.8,0.887,256,47.3,0.829
240,-1,0,0.25,0.6,60,0,0,0,0,2,-1,208,53.4,1.129,156,50.6,0.861,136,50.7,0.84
240,-1,0,0.25,0.6,60,1,0,0,0,0,0,487,48.7,0.902,365,45.2,0.826,305,45.6,0.832
240,-1,0,0.25,0.6,60,1,0,0,0,0,1,303,46.5,0.78,227,45.4,0.863,182,45.1,0.802
240,-1,0,0.25,0.6,60,1,0,0,0,1,0,297,48.5,0.933,228,46.5,0.823,198,47.5,0.848
240,-1,0,0.25,0.6,60,-1,0,0,0,0,0,480,51.7,1.059,320,54.4,1.036,293,53.6,1.001
240,-1,0,0.25,0.6,60,-1,0,0,0,0,-1,302,52.6,1.108,214,52.3,0.98,194,52.1,0.935
240,-1,0,0.25,0.6,60,-1,0,0,0,1,0,270,48.9,0.937,164,56.1,1.148,157,53.5,1.066
240,-1,0,0.25,0.6,60,-1,0,0,0,2,0,210,55.2,1.257,156,52.6,0.935,136,53.7,0.937
240,-1,1,0.25,0.3,60,0,0,0,0,0,0,1007,54.5,0.799,705,55.0,0.827,678,54.3,0.855
240,-1,1,0.25,0.3,60,0,0,0,0,0,1,507,51.1,0.703,361,54.3,0.769,345,53.6,0.818
240,-1,1,0.25,0.3,60,0,0,0,0,0,-1,496,57.9,0.906,342,56.1,0.918,325,54.8,0.906
240,-1,1,0.25,0.3,60,0,0,0,0,1,0,603,54.4,0.788,408,52.9,0.761,422,53.1,0.846
240,-1,1,0.25,0.3,60,0,0,0,0,1,1,299,49.8,0.644,205,54.6,0.757,209,53.6,0.811
240,-1,1,0.25,0.3,60,0,0,0,0,1,-1,304,58.9,0.974,203,51.2,0.766,213,52.6,0.884
240,-1,1,0.25,0.3,60,0,0,0,0,2,0,404,54.7,0.813,297,57.9,0.924,256,56.2,0.872
240,-1,1,0.25,0.3,60,0,0,0,0,2,1,208,52.9,0.798,156,53.8,0.784,136,53.7,0.829
240,-1,1,0.25,0.3,60,1,0,0,0,0,0,480,53.3,0.74,320,50.9,0.673,293,51.9,0.768
240,-1,1,0.25,0.3,60,1,0,0,0,0,1,302,52.0,0.725,214,51.9,0.717,194,53.1,0.79
240,-1,1,0.25,0.3,60,1,0,0,0,1,0,270,54.8,0.734,164,49.4,0.625,157,51.6,0.788
240,-1,1,0.25,0.3,60,1,0,0,0,2,0,210,51.4,0.747,156,52.6,0.725,136,52.2,0.745
240,-1,1,0.25,0.3,60,-1,0,0,0,0,0,487,55.4,0.842,365,57.5,0.957,305,55.4,0.912
240,-1,1,0.25,0.3,60,-1,0,0,0,0,-1,303,58.7,1.003,227,58.6,1.127,182,57.1,1.004
240,-1,1,0.25,0.3,60,-1,0,0,0,1,0,297,53.9,0.818,228,53.5,0.8,198,53.0,0.852
240,30,0,0.15,1.0,60,0,0,0,0,0,0,1007,49.8,1.003,705,48.1,0.926,673,47.7,0.922
240,30,0,0.15,1.0,60,0,0,0,0,0,1,517,47.0,0.893,354,48.9,0.949,331,48.3,0.902
240,30,0,0.15,1.0,60,0,0,0,0,0,-1,486,52.7,1.14,349,47.3,0.893,334,47.0,0.909
240,30,0,0.15,1.0,60,0,0,0,0,1,0,603,48.9,1.05,408,46.1,0.862,418,46.4,0.831
240,30,0,0.15,1.0,60,0,0,0,0,1,1,318,45.3,0.923,209,49.3,0.928,208,49.5,0.841
240,30,0,0.15,1.0,60,0,0,0,0,1,-1,285,53.0,1.223,199,42.7,0.798,210,43.3,0.822
240,30,0,0.15,1.0,60,0,0,0,0,2,0,404,51.0,0.94,297,50.8,1.022,255,49.8,1.086
240,30,0,0.15,1.0,60,0,0,0,0,2,-1,201,52.2,1.036,150,53.3,1.043,124,53.2,1.079
240,30,0,0.15,1.0,60,1,0,0,0,0,0,484,48.8,0.906,340,44.7,0.82,299,43.5,0.816
240,30,0,0.15,1.0,60,1,0,0,0,0,1,313,48.9,0.892,221,45.7,0.868,191,45.0,0.872
240,30,0,0.15,1.0,60,1,0,0,0,1,0,277,49.5,1.029,196,43.4,0.77,179,43.0,0.751
240,30,0,0.15,1.0,60,1,0,0,0,2,0,207,47.8,0.77,144,46.5,0.888,120,44.2,0.911
240,30,0,0.15,1.0,60,-1,0,0,0,0,0,483,51.8,1.115,345,52.2,1.066,294,50.7,0.975
240,30,0,0.15,1.0,60,-1,0,0,0,0,-1,292,55.5,1.306,220,50.9,1.042,183,51.4,1.057
240,30,0,0.15,1.0,60,-1,0,0,0,1,0,290,50.0,1.09,196,50.0,1.02,172,47.7,0.861
240,30,1,0.15,0.6,60,0,0,0,0,0,0,1007,51.7,0.821,705,53.0,0.894,673,52.5,0.916
240,30,1,0.15,0.6,60,0,0,0,0,0,1,486,48.1,0.68,349,54.2,0.978,334,53.6,1.021
240,30,1,0.15,0.6,60,0,0,0,0,0,-1,517,55.1,0.971,354,52.3,0.83,331,51.7,0.856
240,30,1,0.15,0.6,60,0,0,0,0,1,0,603,50.7,0.752,408,53.4,0.917,418,53.1,1.007
240,30,1,0.15,0.6,60,0,0,0,0,1,1,285,46.7,0.6,199,57.3,1.068,210,56.2,1.144
240,30,1,0.15,0.6,60,0,0,0,0,1,-1,318,54.4,0.911,209,49.8,0.793,208,50.0,0.884
240,30,1,0.15,0.6,60,0,0,0,0,2,0,404,53.2,0.931,297,52.5,0.865,255,51.4,0.79
240,30,1,0.15,0.6,60,0,0,0,0,2,1,201,50.2,0.804,150,50.0,0.87,124,49.2,0.838
240,30,1,0.15,0.6,60,1,0,0,0,0,0,483,49.7,0.731,345,48.4,0.752,294,50.0,0.831
240,30,1,0.15,0.6,60,1,0,0,0,0,1,292,45.9,0.622,220,50.0,0.828,183,49.7,0.802
240,30,1,0.15,0.6,60,1,0,0,0,1,0,290,51.0,0.745,196,48.0,0.704,172,51.2,0.854
240,30,1,0.15,0.6,60,-1,0,0,0,0,0,484,52.9,0.914,340,56.8,1.019,299,56.2,1.047
240,30,1,0.15,0.6,60,-1,0,0,0,0,-1,313,54.0,1.005,221,55.7,0.948,191,55.0,0.891
240,30,1,0.15,0.6,60,-1,0,0,0,1,0,277,48.7,0.741,196,56.6,1.082,179,56.4,1.203
240,30,1,0.15,0.6,60,-1,0,0,0,2,0,207,58.5,1.198,144,56.9,0.946,120,55.8,0.875
240,60,0,0.15,0.3,60,0,0,0,0,0,0,1006,63.2,0.791,705,65.2,0.943,678,65.6,0.994
240,60,0,0.15,0.3,60,0,0,0,0,0,1,496,61.9,0.733,347,63.4,0.867,327,64.2,0.919
240,60,0,0.15,0.3,60,0,0,0,0,0,-1,506,64.4,0.856,356,67.1,1.018,343,67.1,1.075
240,60,0,0.15,0.3,60,0,0,0,0,1,0,603,63.0,0.787,408,65.9,0.931,423,66.2,0.983
240,60,0,0.15,0.3,60,0,0,0,0,1,1,297,61.6,0.733,206,65.0,0.911,208,64.9,0.902
240,60,0,0.15,0.3,60,0,0,0,0,1,-1,306,64.4,0.844,202,66.8,0.952,215,67.4,1.074
240,60,0,0.15,0.3,60,0,0,0,0,2,0,403,63.5,0.799,297,64.3,0.958,255,64.7,1.012
240,60,0,0.15,0.3,60,0,0,0,0,2,-1,200,64.5,0.875,154,67.5,1.106,128,66.4,1.077
240,60,0,0.15,0.3,60,1,0,0,0,0,0,493,62.7,0.728,339,62.2,0.79,295,62.4,0.886
240,60,0,0.15,0.3,60,1,0,0,0,0,1,303,61.4,0.735,218,61.9,0.844,186,62.4,0.923
240,60,0,0.15,0.3,60,1,0,0,0,1,0,290,63.8,0.771,201,64.2,0.828,181,63.5,0.903
240,60,0,0.15,0.3,60,1,0,0,0,2,0,203,61.1,0.674,138,59.4,0.74,114,60.5,0.861
240,60,0,0.15,0.3,60,-1,0,0,0,0,0,473,64.1,0.86,346,68.2,1.12,303,68.3,1.089
240,60,0,0.15,0.3,60,-1,0,0,0,0,-1,301,64.1,0.964,223,70.0,1.309,189,70.4,1.32
240,60,0,0.15,0.3,60,-1,0,0,0,1,0,277,62.8,0.793,191,67.5,1.047,175,68.0,1.017
240,60,0,0.25,1.0,60,0,0,0,0,0,0,1006,49.0,0.995,705,47.0,0.957,678,46.6,0.931
240,60,0,0.25,1.0,60,0,0,0,0,0,1,496,46.6,0.909,347,47.3,0.964,327,47.4,0.934
240,60,0,0.25,1.0,60,0,0,0,0,0,-1,506,51.4,1.094,356,46.6,0.935,343,45.5,0.894
240,60,0,0.25,1.0,60,0,0,0,0,1,0,603,47.6,0.93,408,47.3,0.947,423,46.6,0.895
240,60,0,0.25,1.0,60,0,0,0,0,1,1,297,43.8,0.759,206,50.0,0.984,208,49.0,0.878
240,60,0,0.25,1.0,60,0,0,0,0,1,-1,306,51.3,1.127,202,44.6,0.908,215,44.2,0.912
240,60,0,0.25,1.0,60,0,0,0,0,2,0,403,51.1,1.098,297,46.5,0.972,255,46.7,0.988
240,60,0,0.25,1.0,60,0,0,0,0,2,-1,200,51.5,1.045,154,49.4,0.973,128,47.7,0.867
240,60,0,0.25,1.0,60,1,0,0,0,0,0,493,48.7,0.98,339,42.5,0.822,295,43.1,0.814
240,60,0,0.25,1.0,60,1,0,0,0,0,1,303,46.9,0.99,218,42.2,0.856,186,41.9,0.871
240,60,0,0.25,1.0,60,1,0,0,0,1,0,290,48.6,0.93,201,43.3,0.8,181,43.6,0.725
240,60,0,0.25,1.0,60,1,0,0,0,2,0,203,48.8,1.048,138,41.3,0.852,114,42.1,0.946
240,60,0,0.25,1.0,60,-1,0,0,0,0,0,473,50.1,1.015,346,51.4,1.084,303,48.5,0.925
240,60,0,0.25,1.0,60,-1,0,0,0,0,-1,301,51.5,1.201,223,49.3,1.076,189,46.6,0.946
240,60,0,0.25,1.0,60,-1,0,0,0,1,0,277,47.7,0.924,191,51.8,1.107,175,48.0,0.93
240,60,1,0.25,0.6,60,0,0,0,0,0,0,1006,48.8,0.821,705,50.5,0.881,678,49.6,0.887
240,60,1,0.25,0.6,60,0,0,0,0,0,1,506,45.7,0.745,356,50.8,0.912,343,50.4,0.925
240,60,1,0.25,0.6,60,0,0,0,0,0,-1,496,52.0,0.9,347,50.4,0.866,327,49.2,0.881
240,60,1,0.25,0.6,60,0,0,0,0,1,0,603,49.9,0.872,408,49.3,0.878,423,48.9,0.932
240,60,1,0.25,0.6,60,0,0,0,0,1,1,306,46.1,0.749,202,52.0,0.921,215,51.2,0.931
240,60,1,0.25,0.6,60,0,0,0,0,1,-1,297,53.9,1.027,206,46.6,0.84,208,46.6,0.933
240,60,1,0.25,0.6,60,0,0,0,0,2,0,403,47.1,0.754,297,52.2,0.885,255,50.6,0.82
240,60,1,0.25,0.6,60,0,0,0,0,2,1,200,45.0,0.739,154,49.4,0.899,128,49.2,0.915
240,60,1,0.25,0.6,60,1,0,0,0,0,0,473,47.1,0.79,346,46.8,0.779,303,47.5,0.877
240,60,1,0.25,0.6,60,1,0,0,0,0,1,301,45.2,0.657,223,49.3,0.839,189,51.3,0.897
240,60,1,0.25,0.6,60,1,0,0,0,1,0,277,49.8,0.88,191,46.1,0.758,175,47.4,0.891
240,60,1,0.25,0.6,60,-1,0,0,0,0,0,493,49.7,0.85,339,54.3,1.022,295,53.9,1.007
240,60,1,0.25,0.6,60,-1,0,0,0,0,-1,303,51.8,0.826,218,55.5,1.022,186,56.5,0.982
240,60,1,0.25,0.6,60,-1,0,0,0,1,0,290,49.0,0.876,201,51.7,1.028,181,52.5,1.117
240,60,1,0.25,0.6,60,-1,0,0,0,2,0,203,50.7,0.819,138,58.0,1.015,114,56.1,0.878
300,-1,0,0.25,0.3,60,0,0,0,0,0,0,1006,52.0,0.895,706,51.1,0.851,677,51.0,0.84
300,-1,0,0.25,0.3,60,0,0,0,0,0,1,487,51.1,0.946,354,51.1,0.828,334,51.2,0.813
300,-1,0,0.25,0.3,60,0,0,0,0,0,-1,515,52.8,0.848,350,51.4,0.894,335,50.7,0.87
300,-1,0,0.25,0.3,60,0,0,0,0,1,0,601,55.6,1.049,409,52.6,0.873,422,52.6,0.891
300,-1,0,0.25,0.3,60,0,0,0,0,1,1,288,53.5,1.122,214,50.9,0.815,218,52.3,0.826
300,-1,0,0.25,0.3,60,0,0,0,0,1,-1,313,57.5,0.991,195,54.4,0.951,204,52.9,0.974
300,-1,0,0.25,0.3,60,0,0,0,0,2,0,405,46.7,0.717,297,49.2,0.822,255,48.2,0.765
300,-1,0,0.25,0.3,60,0,0,0,0,2,-1,202,45.5,0.681,155,47.7,0.829,131,47.3,0.734
300,-1,0,0.25,0.3,60,1,0,0,0,0,0,502,51.2,0.872,352,54.0,0.947,299,52.2,0.89
300,-1,0,0.25,0.3,60,1,0,0,0,0,1,306,48.7,0.876,226,52.2,0.942,184,51.1,0.88
300,-1,0,0.25,0.3,60,1,0,0,0,1,0,309,51.1,0.869,215,55.8,1.04,186,54.8,0.978
300,-1,0,0.25,0.3,60,-1,0,0,0,0,0,465,53.5,0.925,334,49.1,0.778,298,50.3,0.769
300,-1,0,0.25,0.3,60,-1,0,0,0,0,-1,300,51.7,0.845,216,48.6,0.866,190,48.9,0.813
300,-1,0,0.25,0.3,60,-1,0,0,0,1,0,257,62.6,1.35,178,50.0,0.727,169,52.7,0.811
300,-1,0,0.25,0.3,60,-1,0,0,0,2,0,208,42.3,0.599,156,48.1,0.85,129,47.3,0.715
300,-1,1,0.15,1.0,60,0,0,0,0,0,0,1006,49.4,0.946,706,49.4,0.976,677,50.5,0.997
300,-1,1,0.15,1.0,60,0,0,0,0,0,1,515,47.6,0.955,350,48.0,0.948,335,48.7,0.953
300,-1,1,0.15,1.0,60,0,0,0,0,0,-1,487,51.3,0.941,354,50.6,0.98,334,52.4,1.04
300,-1,1,0.15,1.0,60,0,0,0,0,1,0,601,45.9,0.794,409,47.7,0.933,422,49.3,0.964
300,-1,1,0.15,1.0,60,0,0,0,0,1,1,313,43.8,0.79,195,44.1,0.951,204,46.6,0.964
300,-1,1,0.15,1.0,60,0,0,0,0,1,-1,288,48.3,0.799,214,50.9,0.918,218,51.8,0.964
300,-1,1,0.15,1.0,60,0,0,0,0,2,0,405,54.6,1.209,297,51.9,1.033,255,52.5,1.049
300,-1,1,0.15,1.0,60,0,0,0,0,2,1,202,53.5,1.251,155,52.9,0.946,131,51.9,0.937
300,-1,1,0.15,1.0,60,1,0,0,0,0,0,465,48.8,0.954,334,53.9,1.02,298,53.0,1.004
300,-1,1,0.15,1.0,60,1,0,0,0,0,1,300,49.0,1.038,216,52.8,0.982,190,51.6,0.96
300,-1,1,0.15,1.0,60,1,0,0,0,1,0,257,42.4,0.686,178,54.5,1.082,169,53.3,1.005
300,-1,1,0.15,1.0,60,1,0,0,0,2,0,208,56.7,1.41,156,53.2,0.951,129,52.7,1.002
300,-1,1,0.15,1.0,60,-1,0,0,0,0,0,502,50.2,0.948,352,44.6,0.915,299,47.8,1.037
300,-1,1,0.15,1.0,60,-1,0,0,0,0,-1,306,52.9,1.032,226,47.3,0.925,184,50.0,1.038
300,-1,1,0.15,1.0,60,-1,0,0,0,1,0,309,48.9,0.904,215,41.4,0.82,186,44.1,0.953
300,30,0,0.15,0.6,60,0,0,0,0,0,0,1006,48.3,0.886,706,50.8,0.921,678,51.8,0.949
300,30,0,0.15,0.6,60,0,0,0,0,0,1,524,46.4,0.86,342,50.6,0.928,324,50.9,0.957
300,30,0,0.15,0.6,60,0,0,0,0,0,-1,478,50.0,0.904,362,51.1,0.918,346,52.9,0.96
300,30,0,0.15,0.6,60,0,0,0,0,1,0,601,46.9,0.836,409,53.1,0.976,422,52.8,0.985
300,30,0,0.15,0.6,60,0,0,0,0,1,1,311,45.0,0.837,193,51.3,1.006,200,52.0,1.024
300,30,0,0.15,0.6,60,0,0,0,0,1,-1,290,49.0,0.834,216,54.6,0.954,222,53.6,0.957
300,30,0,0.15,0.6,60,0,0,0,0,2,0,405,50.4,0.964,297,47.8,0.853,256,50.0,0.896
300,30,0,0.15,0.6,60,0,0,0,0,2,1,213,48.4,0.893,149,49.7,0.851,124,49.2,0.878
300,30,0,0.15,0.6,60,1,0,0,0,0,0,503,46.9,0.826,354,55.1,1.001,316,54.7,0.998
300,30,0,0.15,0.6,60,1,0,0,0,0,1,324,45.1,0.787,222,52.3,0.896,192,52.6,0.93
300,30,0,0.15,0.6,60,1,0,0,0,1,0,292,43.5,0.695,205,58.5,1.13,194,57.7,1.06
300,30,0,0.15,0.6,60,1,0,0,0,2,0,211,51.7,1.028,149,50.3,0.855,122,50.0,0.916
300,30,0,0.15,0.6,60,1,0,0,0,2,1,202,49.5,0.952,142,50.0,0.846,117,49.6,0.885
300,30,0,0.15,0.6,60,-1,0,0,0,0,0,464,49.8,0.942,332,47.3,0.869,282,51.4,0.958
300,30,0,0.15,0.6,60,-1,0,0,0,0,-1,282,50.0,0.906,220,46.4,0.784,183,51.9,0.887
300,30,0,0.15,0.6,60,-1,0,0,0,1,0,274,51.1,0.997,188,48.4,0.871,161,50.9,0.944
300,30,1,0.15,0.3,60,0,0,0,0,0,0,1006,65.1,0.984,706,60.3,0.902,678,61.2,0.938
300,30,1,0.15,0.3,60,0,0,0,0,0,1,478,65.3,1.035,362,59.4,0.83,346,59.2,0.847
300,30,1,0.15,0.3,60,0,0,0,0,0,-1,524,65.5,0.953,342,61.4,1.003,324,63.0,1.052
300,30,1,0.15,0.3,60,0,0,0,0,1,0,601,65.9,1.012,409,58.2,0.875,422,60.2,0.94
300,30,1,0.15,0.3,60,0,0,0,0,1,1,290,64.5,1.012,216,57.9,0.831,222,59.9,0.887
300,30,1,0.15,0.3,60,0,0,0,0,1,-1,311,67.2,1.011,193,58.5,0.934,200,60.5,1.011
300,30,1,0.15,0.3,60,0,0,0,0,2,0,405,64.0,0.945,297,63.3,0.938,256,62.9,0.935
300,30,1,0.15,0.3,60,0,0,0,0,2,-1,213,62.9,0.882,149,65.1,1.092,124,66.9,1.112
300,30,1,0.15,0.3,60,1,0,0,0,0,0,464,66.2,1.002,332,62.3,0.917,282,59.9,0.888
300,30,1,0.15,0.3,60,1,0,0,0,0,1,282,66.3,1.094,220,62.7,0.944,183,59.0,0.862
300,30,1,0.15,0.3,60,1,0,0,0,1,0,274,63.5,0.876,188,63.8,1.018,161,62.1,0.991
300,30,1,0.15,0.3,60,-1,0,0,0,0,0,503,65.4,1.002,354,58.5,0.881,316,61.1,0.971
300,30,1,0.15,0.3,60,-1,0,0,0,0,-1,324,65.7,1.021,222,61.3,1.075,192,63.0,1.111
300,30,1,0.15,0.3,60,-1,0,0,0,1,0,292,69.5,1.223,205,53.2,0.744,194,57.7,0.919
300,30,1,0.15,0.3,60,-1,0,0,0,2,0,211,59.7,0.787,149,65.8,1.105,122,66.4,1.051
300,30,1,0.15,0.3,60,-1,0,0,0,2,-1,202,61.9,0.843,142,65.5,1.122,117,66.7,1.069
300,30,1,0.25,1.0,60,0,0,0,0,0,0,1006,49.6,0.859,706,47.2,0.891,678,46.5,0.856
300,30,1,0.25,1.0,60,0,0,0,0,0,1,478,48.7,0.898,362,46.7,0.881,346,45.4,0.835
300,30,1,0.25,1.0,60,0,0,0,0,0,-1,524,50.8,0.832,342,47.7,0.898,324,47.2,0.858
300,30,1,0.25,1.0,60,0,0,0,0,1,0,601,51.2,0.967,409,44.7,0.901,422,45.0,0.864
300,30,1,0.25,1.0,60,0,0,0,0,1,1,290,49.0,1.019,216,43.5,0.941,222,44.6,0.923
300,30,1,0.25,1.0,60,0,0,0,0,1,-1,311,53.4,0.919,193,46.1,0.849,200,45.5,0.788
300,30,1,0.25,1.0,60,0,0,0,0,2,0,405,47.2,0.729,297,50.5,0.878,256,48.8,0.844
300,30,1,0.25,1.0,60,0,0,0,0,2,-1,213,46.9,0.732,149,49.7,0.952,124,50.0,0.954
300,30,1,0.25,1.0,60,1,0,0,0,0,0,464,49.6,0.875,332,50.9,0.944,282,47.5,0.846
300,30,1,0.25,1.0,60,1,0,0,0,0,1,282,48.6,0.898,220,50.9,0.982,183,46.4,0.841
300,30,1,0.25,1.0,60,1,0,0,0,1,0,274,47.8,0.881,188,50.5,1.083,161,48.4,0.993
300,30,1,0.25,1.0,60,-1,0,0,0,0,0,503,50.1,0.863,354,43.2,0.829,316,44.0,0.85
300,30,1,0.25,1.0,60,-1,0,0,0,0,-1,324,50.6,0.835,222,45.5,0.898,192,44.3,0.84
300,30,1,0.25,1.0,60,-1,0,0,0,1,0,292,54.8,1.107,205,39.0,0.756,194,40.7,0.824
300,30,1,0.25,1.0,60,-1,0,0,0,2,0,211,43.6,0.64,149,49.0,0.937,122,49.2,0.888
300,30,1,0.25,1.0,60,-1,0,0,0,2,-1,202,45.5,0.683,142,49.3,0.973,117,49.6,0.933
300,60,0,0.25,0.6,60,0,0,0,0,0,0,1006,45.2,0.823,706,45.5,0.912,675,46.1,0.915
300,60,0,0.25,0.6,60,0,0,0,0,0,1,475,43.8,0.831,350,46.0,0.866,334,45.8,0.878
300,60,0,0.25,0.6,60,0,0,0,0,0,-1,527,46.1,0.807,354,45.2,0.975,333,47.1,0.994
300,60,0,0.25,0.6,60,0,0,0,0,1,0,601,45.6,0.889,409,46.5,0.963,421,45.6,0.898
300,60,0,0.25,0.6,60,0,0,0,0,1,1,276,43.1,0.907,209,45.9,0.944,213,45.5,0.898
300,60,0,0.25,0.6,60,0,0,0,0,1,-1,325,47.7,0.875,200,47.0,0.982,208,45.7,0.899
300,60,0,0.25,0.6,60,0,0,0,0,2,0,405,44.7,0.738,297,44.1,0.85,254,46.9,0.942
300,60,0,0.25,0.6,60,0,0,0,0,2,-1,202,43.6,0.705,154,42.9,0.966,125,49.6,1.178
300,60,0,0.25,0.6,60,1,0,0,0,0,0,484,44.4,0.813,310,49.7,0.97,280,49.6,0.985
300,60,0,0.25,0.6,60,1,0,0,0,0,1,292,43.2,0.768,203,47.3,0.804,176,48.3,0.942
300,60,0,0.25,0.6,60,1,0,0,0,1,0,291,41.9,0.785,175,52.0,1.147,166,51.8,1.054
300,60,0,0.25,0.6,60,-1,0,0,0,0,0,483,45.1,0.801,376,42.3,0.893,315,45.7,0.981
300,60,0,0.25,0.6,60,-1,0,0,0,0,-1,314,45.5,0.746,239,41.0,0.844,196,45.9,1.014
300,60,0,0.25,0.6,60,-1,0,0,0,1,0,275,48.7,0.962,218,41.7,0.858,188,43.1,0.885
300,60,0,0.25,0.6,60,-1,0,0,0,2,0,208,40.4,0.615,158,43.0,0.943,127,49.6,1.14
300,60,1,0.25,0.3,60,0,0,0,0,0,0,1006,55.7,0.978,706,54.7,0.979,675,53.9,0.955
300,60,1,0.25,0.3,60,0,0,0,0,0,1,527,54.3,1.008,354,52.0,0.954,333,51.1,0.914
300,60,1,0.25,0.3,60,0,0,0,0,0,-1,475,57.7,0.96,350,57.1,0.992,334,56.0,0.965
300,60,1,0.25,0.3,60,0,0,0,0,1,0,601,55.6,0.919,409,53.3,0.934,421,54.4,0.984
300,60,1,0.25,0.3,60,0,0,0,0,1,1,325,53.5,0.945,200,49.0,0.919,208,52.4,1.012
300,60,1,0.25,0.3,60,0,0,0,0,1,-1,276,58.0,0.89,209,57.4,0.948,213,56.3,0.956
300,60,1,0.25,0.3,60,0,0,0,0,2,0,405,55.8,1.069,297,56.6,1.043,254,53.1,0.913
300,60,1,0.25,0.3,60,0,0,0,0,2,1,202,55.4,1.12,154,55.8,1.0,125,48.8,0.78
300,60,1,0.25,0.3,60,1,0,0,0,0,0,483,54.7,0.947,376,58.0,1.075,315,53.7,0.926
300,60,1,0.25,0.3,60,1,0,0,0,0,1,314,53.8,1.032,239,56.9,1.183,196,51.5,0.941
300,60,1,0.25,0.3,60,1,0,0,0,1,0,275,51.6,0.751,218,60.1,1.168,188,56.9,1.032
300,60,1,0.25,0.3,60,1,0,0,0,2,0,208,58.7,1.313,158,55.1,0.961,127,48.8,0.797
300,60,1,0.25,0.3,60,-1,0,0,0,0,0,484,58.3,1.062,310,50.6,0.855,280,51.4,0.852
300,60,1,0.25,0.3,60,-1,0,0,0,0,-1,292,59.2,1.091,203,55.7,1.064,176,54.5,0.96
300,60,1,0.25,0.3,60,-1,0,0,0,1,0,291,61.2,1.199,175,45.7,0.699,166,48.8,0.786
360,-1,0,0.15,1.0,60,0,0,0,0,0,0,1005,38.3,0.638,705,44.7,0.74,678,44.7,0.743
360,-1,0,0.15,1.0,60,0,0,0,0,0,1,483,37.3,0.534,353,45.9,0.781,330,45.8,0.804
360,-1,0,0.15,1.0,60,0,0,0,0,0,-1,518,39.4,0.758,350,43.4,0.69,340,43.2,0.68
360,-1,0,0.15,1.0,60,0,0,0,0,1,0,601,37.8,0.635,408,46.1,0.732,422,45.7,0.741
360,-1,0,0.15,1.0,60,0,0,0,0,1,1,286,36.7,0.54,215,47.9,0.779,219,46.6,0.787
360,-1,0,0.15,1.0,60,0,0,0,0,1,-1,315,38.7,0.731,193,44.0,0.675,203,44.8,0.689
360,-1,0,0.15,1.0,60,0,0,0,0,2,0,404,39.1,0.642,297,42.8,0.75,256,43.0,0.746
360,-1,0,0.15,1.0,60,0,0,0,0,2,-1,203,40.4,0.805,157,42.7,0.708,137,40.9,0.667
360,-1,0,0.15,1.0,60,1,0,0,0,0,0,503,40.4,0.639,348,48.6,0.82,300,48.3,0.719
360,-1,0,0.15,1.0,60,1,0,0,0,0,1,305,40.0,0.561,224,48.7,0.838,183,48.6,0.769
360,-1,0,0.15,1.0,60,1,0,0,0,1,0,310,41.0,0.712,214,50.0,0.784,192,47.9,0.582
360,-1,0,0.15,1.0,60,-1,0,0,0,0,0,462,36.6,0.644,337,41.8,0.705,298,41.9,0.761
360,-1,0,0.15,1.0,60,-1,0,0,0,0,-1,300,38.7,0.746,217,41.5,0.673,193,40.9,0.684
360,-1,0,0.15,1.0,60,-1,0,0,0,1,0,255,34.5,0.568,178,43.8,0.767,163,45.4,0.885
360,-1,0,0.15,1.0,60,-1,0,0,0,2,0,207,39.1,0.77,159,39.6,0.63,135,37.8,0.608
360,-1,1,0.15,0.6,60,0,0,0,0,0,0,1005,57.9,1.22,705,54.5,1.089,678,54.7,1.121
360,-1,1,0.15,0.6,60,0,0,0,0,0,1,518,57.1,1.1,350,56.9,1.173,340,56.8,1.224
360,-1,1,0.15,0.6,60,0,0,0,0,0,-1,483,58.6,1.363,353,52.1,1.026,330,53.0,1.047
360,-1,1,0.15,0.6,60,0,0,0,0,1,0,601,57.6,1.226,408,54.4,1.103,422,54.5,1.098
360,-1,1,0.15,0.6,60,0,0,0,0,1,1,315,56.8,1.096,193,56.0,1.151,203,55.2,1.155
360,-1,1,0.15,0.6,60,0,0,0,0,1,-1,286,58.4,1.4,215,53.0,1.069,219,53.9,1.055
360,-1,1,0.15,0.6,60,0,0,0,0,2,0,404,58.4,1.211,297,54.5,1.069,256,55.1,1.159
360,-1,1,0.15,0.6,60,0,0,0,0,2,1,203,57.6,1.107,157,58.0,1.199,137,59.1,1.33
360,-1,1,0.15,0.6,60,1,0,0,0,0,0,462,60.4,1.241,337,59.3,1.197,298,58.1,1.148
360,-1,1,0.15,0.6,60,1,0,0,0,0,1,300,59.0,1.148,217,59.4,1.239,193,59.1,1.258
360,-1,1,0.15,0.6,60,1,0,0,0,1,0,255,61.6,1.311,178,58.4,1.101,163,55.2,0.96
360,-1,1,0.15,0.6,60,1,0,0,0,2,0,207,58.9,1.154,159,60.4,1.345,135,61.5,1.492
360,-1,1,0.15,0.6,60,-1,0,0,0,0,0,503,55.3,1.197,348,48.9,0.942,300,50.7,1.113
360,-1,1,0.15,0.6,60,-1,0,0,0,0,-1,305,55.7,1.316,224,47.8,0.92,183,49.7,1.066
360,-1,1,0.15,0.6,60,-1,0,0,0,1,0,310,53.9,1.159,214,49.1,1.004,192,52.1,1.314
360,30,0,0.15,0.3,60,0,0,0,0,0,0,1005,57.9,0.743,705,63.8,0.97,676,64.1,1.002
360,30,0,0.15,0.3,60,0,0,0,0,0,1,495,57.0,0.714,354,63.0,0.944,337,62.6,0.964
360,30,0,0.15,0.3,60,0,0,0,0,0,-1,506,58.9,0.78,349,64.5,0.99,331,65.3,1.02
360,30,0,0.15,0.3,60,0,0,0,0,1,0,600,56.8,0.721,408,63.7,0.994,423,62.9,0.933
360,30,0,0.15,0.3,60,0,0,0,0,1,1,284,56.7,0.74,205,64.9,1.031,217,62.7,0.943
360,30,0,0.15,0.3,60,0,0,0,0,1,-1,316,57.0,0.704,203,62.6,0.956,206,63.1,0.922
360,30,0,0.15,0.3,60,0,0,0,0,2,0,405,59.5,0.778,297,64.0,0.939,253,66.0,1.135
360,30,0,0.15,0.3,60,0,0,0,0,2,1,211,57.3,0.679,149,60.4,0.836,120,62.5,1.005
360,30,0,0.15,0.3,60,1,0,0,0,0,0,498,57.4,0.698,345,64.6,0.957,302,63.9,0.907
360,30,0,0.15,0.3,60,1,0,0,0,0,1,309,55.3,0.651,223,62.3,0.847,189,63.0,0.902
360,30,0,0.15,0.3,60,1,0,0,0,1,0,279,57.3,0.721,192,66.1,1.014,183,63.4,0.817
360,30,0,0.15,0.3,60,1,0,0,0,2,0,219,57.5,0.668,153,62.7,0.89,119,64.7,1.087
360,30,0,0.15,0.3,60,1,0,0,0,2,1,205,56.6,0.646,144,61.1,0.839,113,63.7,1.042
360,30,0,0.15,0.3,60,-1,0,0,0,0,0,467,58.7,0.804,340,63.2,0.995,294,63.6,1.092
360,30,0,0.15,0.3,60,-1,0,0,0,0,-1,297,56.9,0.767,218,61.9,0.888,184,64.1,1.084
360,30,0,0.15,0.3,60,-1,0,0,0,1,0,285,56.5,0.727,200,62.0,1.02,173,61.8,1.109
360,30,0,0.25,1.0,60,0,0,0,0,0,0,1005,41.1,0.69,705,48.2,0.992,676,47.6,0.962
360,30,0,0.25,1.0,60,0,0,0,0,0,1,495,40.6,0.553,354,48.6,1.021,337,47.8,0.99
360,30,0,0.25,1.0,60,0,0,0,0,0,-1,506,41.5,0.85,349,47.9,0.955,331,47.1,0.878
360,30,0,0.25,1.0,60,0,0,0,0,1,0,600,41.5,0.669,408,50.2,1.037,423,48.9,0.923
360,30,0,0.25,1.0,60,0,0,0,0,1,1,284,40.8,0.525,205,51.2,1.125,217,48.4,0.975
360,30,0,0.25,1.0,60,0,0,0,0,1,-1,316,42.1,0.826,203,49.3,0.952,206,49.5,0.867
360,30,0,0.25,1.0,60,0,0,0,0,2,0,405,40.5,0.723,297,45.5,0.937,253,45.5,1.024
360,30,0,0.25,1.0,60,0,0,0,0,2,1,211,40.3,0.595,149,45.0,0.904,120,46.7,1.015
360,30,0,0.25,1.0,60,1,0,0,0,0,0,498,43.4,0.696,345,51.9,1.061,302,50.7,0.915
360,30,0,0.25,1.0,60,1,0,0,0,0,1,309,41.1,0.563,223,48.9,0.944,189,49.2,0.942
360,30,0,0.25,1.0,60,1,0,0,0,1,0,279,44.8,0.752,192,55.2,1.121,183,51.4,0.801
360,30,0,0.25,1.0,60,1,0,0,0,2,0,219,41.6,0.626,153,47.7,0.994,119,49.6,1.1
360,30,0,0.25,1.0,60,1,0,0,0,2,1,205,40.5,0.591,144,45.8,0.924,113,48.7,1.074
360,30,0,0.25,1.0,60,-1,0,0,0,0,0,467,39.0,0.691,340,44.7,0.929,294,43.9,0.935
360,30,0,0.25,1.0,60,-1,0,0,0,0,-1,297,38.0,0.787,218,42.7,0.776,184,41.8,0.812
360,30,0,0.25,1.0,60,-1,0,0,0,1,0,285,38.9,0.598,200,46.0,1.001,173,46.8,1.06
360,30,1,0.25,0.6,60,0,0,0,0,0,0,1005,52.7,1.125,705,48.9,0.878,676,49.0,0.916
360,30,1,0.25,0.6,60,0,0,0,0,0,1,506,51.8,0.949,349,49.9,0.868,331,50.2,0.966
360,30,1,0.25,0.6,60,0,0,0,0,0,-1,495,53.7,1.349,354,48.3,0.894,337,48.4,0.92
360,30,1,0.25,0.6,60,0,0,0,0,1,0,600,51.7,1.134,408,48.3,0.835,423,48.7,0.944
360,30,1,0.25,0.6,60,0,0,0,0,1,1,316,50.9,0.984,203,50.2,0.863,206,49.5,0.979
360,30,1,0.25,0.6,60,0,0,0,0,1,-1,284,52.5,1.338,205,46.3,0.81,217,47.9,0.913
360,30,1,0.25,0.6,60,0,0,0,0,2,0,405,54.3,1.111,297,49.8,0.939,253,49.4,0.874
360,30,1,0.25,0.6,60,0,0,0,0,2,-1,211,55.5,1.364,149,51.0,1.02,120,49.2,0.932
360,30,1,0.25,0.6,60,1,0,0,0,0,0,467,55.0,1.129,340,51.8,0.918,294,52.0,0.906
360,30,1,0.25,0.6,60,1,0,0,0,0,1,297,55.6,0.997,218,54.1,1.061,184,54.3,1.015
360,30,1,0.25,0.6,60,1,0,0,0,1,0,285,54.7,1.287,200,51.0,0.858,173,49.7,0.796
360,30,1,0.25,0.6,60,-1,0,0,0,0,0,498,50.2,1.113,345,46.4,0.844,302,47.4,0.994
360,30,1,0.25,0.6,60,-1,0,0,0,0,-1,309,53.1,1.302,223,48.9,0.987,189,48.7,1.003
360,30,1,0.25,0.6,60,-1,0,0,0,1,0,279,47.7,0.999,192,44.8,0.789,183,48.1,1.1
360,30,1,0.25,0.6,60,-1,0,0,0,2,0,219,53.4,1.294,153,48.4,0.917,119,46.2,0.856
360,30,1,0.25,0.6,60,-1,0,0,0,2,-1,205,55.6,1.38,144,50.7,1.001,113,47.8,0.883
360,60,0,0.25,0.3,60,0,0,0,0,0,0,1006,49.1,0.791,704,51.8,0.83,675,53.3,0.916
360,60,0,0.25,0.3,60,0,0,0,0,0,1,497,49.5,0.731,363,52.6,0.839,339,53.7,0.954
360,60,0,0.25,0.3,60,0,0,0,0,0,-1,505,48.9,0.869,339,50.7,0.808,328,52.1,0.869
360,60,0,0.25,0.3,60,0,0,0,0,1,0,601,48.3,0.78,408,52.0,0.846,420,53.3,0.917
360,60,0,0.25,0.3,60,0,0,0,0,1,1,298,48.7,0.738,203,53.2,0.878,212,52.8,0.904
360,60,0,0.25,0.3,60,0,0,0,0,1,-1,303,47.9,0.828,205,50.7,0.817,208,53.8,0.93
360,60,0,0.25,0.3,60,0,0,0,0,2,0,405,50.4,0.806,296,51.7,0.808,255,53.3,0.913
360,60,0,0.25,0.3,60,0,0,0,0,2,-1,202,50.5,0.932,134,50.7,0.795,120,49.2,0.778
360,60,0,0.25,0.3,60,1,0,0,0,0,0,476,50.8,0.798,380,54.5,0.86,319,55.5,0.893
360,60,0,0.25,0.3,60,1,0,0,0,0,1,298,50.3,0.743,245,55.1,0.88,200,56.0,0.956
360,60,0,0.25,0.3,60,1,0,0,0,1,0,263,50.2,0.852,224,54.5,0.865,194,53.6,0.764
360,60,0,0.25,0.3,60,1,0,0,0,2,0,213,51.6,0.741,156,54.5,0.853,125,58.4,1.178
360,60,0,0.25,0.3,60,-1,0,0,0,0,0,490,47.8,0.794,304,47.7,0.761,276,48.6,0.827
360,60,0,0.25,0.3,60,-1,0,0,0,0,-1,308,47.1,0.848,195,48.2,0.762,173,48.0,0.779
360,60,0,0.25,0.3,60,-1,0,0,0,1,0,302,46.7,0.732,168,47.6,0.798,159,50.9,0.962
360,60,1,0.15,1.0,60,0,0,0,0,0,0,1006,50.8,1.023,704,49.6,0.925,675,47.9,0.884
360,60,1,0.15,1.0,60,0,0,0,0,0,1,505,49.7,0.873,339,51.9,0.972,328,50.6,0.972
360,60,1,0.15,1.0,60,0,0,0,0,0,-1,497,51.7,1.184,363,47.7,0.899,339,46.0,0.838
360,60,1,0.15,1.0,60,0,0,0,0,1,0,601,50.1,1.02,408,49.8,0.905,420,47.9,0.875
360,60,1,0.15,1.0,60,0,0,0,0,1,1,303,49.5,0.905,205,51.7,0.933,208,49.0,0.906
360,60,1,0.15,1.0,60,0,0,0,0,1,-1,298,50.7,1.15,203,47.8,0.878,212,46.7,0.846
360,60,1,0.15,1.0,60,0,0,0,0,2,0,405,51.9,1.028,296,49.3,0.951,255,47.8,0.898
360,60,1,0.15,1.0,60,0,0,0,0,2,1,202,50.0,0.822,134,52.2,1.035,120,53.3,1.087
360,60,1,0.15,1.0,60,1,0,0,0,0,0,490,52.4,1.024,304,54.3,1.051,276,52.9,0.973
360,60,1,0.15,1.0,60,1,0,0,0,0,1,308,52.3,0.9,195,53.8,1.005,173,54.3,1.012
360,60,1,0.15,1.0,60,1,0,0,0,1,0,302,52.6,1.127,168,53.6,0.965,159,50.3,0.82
360,60,1,0.15,1.0,60,-1,0,0,0,0,0,476,48.5,1.015,380,46.6,0.871,319,45.5,0.923
360,60,1,0.15,1.0,60,-1,0,0,0,0,-1,298,50.7,1.137,245,44.9,0.817,200,44.0,0.834
360,60,1,0.15,1.0,60,-1,0,0,0,1,0,263,46.4,0.899,224,47.3,0.889,194,47.4,1.066
360,60,1,0.15,1.0,60,-1,0,0,0,2,0,213,51.2,1.167,156,45.5,0.848,125,42.4,0.74
420,-1,0,0.15,0.6,60,0,0,0,0,0,0,1007,50.0,0.757,706,52.4,0.936,680,53.1,1.019
420,-1,0,0.15,0.6,60,0,0,0,0,0,1,491,53.0,0.894,356,54.5,1.004,335,54.9,1.16
420,-1,0,0.15,0.6,60,0,0,0,0,0,-1,512,47.1,0.646,348,50.3,0.87,337,51.3,0.903
420,-1,0,0.15,0.6,60,0,0,0,0,1,0,602,49.5,0.782,409,52.8,1.037,424,52.1,0.996
420,-1,0,0.15,0.6,60,0,0,0,0,1,1,286,51.7,0.841,213,52.1,1.082,216,52.8,1.121
420,-1,0,0.15,0.6,60,0,0,0,0,1,-1,316,47.5,0.732,196,53.6,0.99,208,51.4,0.876
420,-1,0,0.15,0.6,60,0,0,0,0,2,0,405,50.6,0.726,297,51.9,0.824,256,54.7,1.059
420,-1,0,0.15,0.6,60,0,0,0,0,2,1,205,54.6,0.965,143,58.0,0.915,119,58.8,1.238
420,-1,0,0.15,0.6,60,1,0,0,0,0,0,503,52.9,0.949,364,58.2,1.095,312,57.7,1.253
420,-1,0,0.15,0.6,60,1,0,0,0,0,1,307,55.4,1.031,234,56.4,0.989,190,56.3,1.213
420,-1,0,0.15,0.6,60,1,0,0,0,1,0,304,51.0,0.897,225,57.8,1.216,195,56.4,1.222
420,-1,0,0.15,0.6,60,-1,0,0,0,0,0,464,46.6,0.597,322,47.2,0.849,288,50.7,0.961
420,-1,0,0.15,0.6,60,-1,0,0,0,0,-1,299,45.8,0.563,208,44.7,0.719,186,48.4,0.841
420,-1,0,0.15,0.6,60,-1,0,0,0,1,0,262,47.3,0.66,168,48.8,1.008,162,51.2,1.035
420,-1,0,0.15,0.6,60,-1,0,0,0,2,0,202,45.5,0.522,154,45.5,0.701,126,50.0,0.868
420,-1,1,0.15,0.3,60,0,0,0,0,0,0,1007,66.6,0.991,706,65.4,0.859,680,66.0,0.894
420,-1,1,0.15,0.3,60,0,0,0,0,0,1,512,70.9,1.316,348,68.7,1.101,337,69.4,1.156
420,-1,1,0.15,0.3,60,0,0,0,0,0,-1,491,62.3,0.767,356,62.1,0.673,335,62.4,0.688
420,-1,1,0.15,0.3,60,0,0,0,0,1,0,602,66.6,1.023,409,66.0,0.832,424,67.2,0.896
420,-1,1,0.15,0.3,60,0,0,0,0,1,1,316,69.3,1.184,196,67.9,0.998,208,69.2,1.139
420,-1,1,0.15,0.3,60,0,0,0,0,1,-1,286,63.6,0.875,213,64.3,0.711,216,65.3,0.726
420,-1,1,0.15,0.3,60,0,0,0,0,2,0,405,66.7,0.948,297,64.6,0.896,256,64.1,0.891
420,-1,1,0.15,0.3,60,0,0,0,0,2,-1,205,60.5,0.654,143,58.7,0.62,119,57.1,0.622
420,-1,1,0.15,0.3,60,1,0,0,0,0,0,464,71.3,1.162,322,70.8,1.095,288,70.5,1.021
420,-1,1,0.15,0.3,60,1,0,0,0,0,1,299,73.9,1.446,208,71.6,1.377,186,71.5,1.306
420,-1,1,0.15,0.3,60,1,0,0,0,1,0,262,69.1,0.962,168,70.8,0.935,162,70.4,0.879
420,-1,1,0.15,0.3,60,1,0,0,0,2,0,202,74.3,1.539,154,70.8,1.312,126,70.6,1.247
420,-1,1,0.15,0.3,60,-1,0,0,0,0,0,503,62.6,0.863,364,59.6,0.647,312,59.9,0.718
420,-1,1,0.15,0.3,60,-1,0,0,0,0,-1,307,60.3,0.745,234,58.1,0.6,190,57.9,0.618
420,-1,1,0.15,0.3,60,-1,0,0,0,1,0,304,64.8,1.09,225,60.9,0.689,195,62.1,0.797
420,-1,1,0.25,1.0,60,0,0,0,0,0,0,1007,49.3,0.999,706,47.7,0.856,680,47.2,0.794
420,-1,1,0.25,1.0,60,0,0,0,0,0,1,512,51.2,1.194,348,48.0,0.878,337,47.2,0.847
420,-1,1,0.25,1.0,60,0,0,0,0,0,-1,491,47.3,0.845,356,47.5,0.831,335,47.2,0.741
420,-1,1,0.25,1.0,60,0,0,0,0,1,0,602,49.2,0.949,409,48.2,0.788,424,49.1,0.829
420,-1,1,0.25,1.0,60,0,0,0,0,1,1,316,50.3,0.991,196,44.4,0.749,208,47.1,0.848
420,-1,1,0.25,1.0,60,0,0,0,0,1,-1,286,47.9,0.907,213,51.6,0.825,216,50.9,0.813
420,-1,1,0.25,1.0,60,0,0,0,0,2,0,405,49.4,1.068,297,47.1,0.95,256,44.1,0.737
420,-1,1,0.25,1.0,60,0,0,0,0,2,-1,205,46.3,0.776,143,41.3,0.838,119,40.3,0.629
420,-1,1,0.25,1.0,60,1,0,0,0,0,0,464,52.2,1.218,322,53.4,0.961,288,50.7,0.868
420,-1,1,0.25,1.0,60,1,0,0,0,0,1,299,52.8,1.321,208,53.8,1.05,186,50.5,0.903
420,-1,1,0.25,1.0,60,1,0,0,0,1,0,262,51.5,1.022,168,54.2,0.843,162,53.1,0.847
420,-1,1,0.25,1.0,60,1,0,0,0,2,0,202,53.0,1.567,154,52.6,1.132,126,47.6,0.901
420,-1,1,0.25,1.0,60,-1,0,0,0,0,0,503,46.7,0.834,364,41.8,0.718,312,41.7,0.644
420,-1,1,0.25,1.0,60,-1,0,0,0,0,-1,307,45.6,0.764,234,44.4,0.783,190,44.2,0.65
420,-1,1,0.25,1.0,60,-1,0,0,0,1,0,304,47.4,0.9,225,42.2,0.645,195,43.1,0.682
420,30,0,0.25,0.6,60,0,0,0,0,0,0,1007,49.2,0.917,706,48.4,1.072,678,49.6,1.011
420,30,0,0.25,0.6,60,0,0,0,0,0,1,497,51.1,1.079,360,49.2,1.147,350,49.7,1.12
420,30,0,0.25,0.6,60,0,0,0,0,0,-1,506,47.0,0.779,344,47.4,0.989,320,48.4,0.88
420,30,0,0.25,0.6,60,0,0,0,0,1,0,602,49.0,0.91,409,48.9,0.945,423,48.9,0.911
420,30,0,0.25,0.6,60,0,0,0,0,1,1,284,50.4,0.957,218,46.8,0.96,227,48.5,0.99
420,30,0,0.25,0.6,60,0,0,0,0,1,-1,318,47.8,0.87,191,51.3,0.926,196,49.5,0.822
420,30,0,0.25,0.6,60,0,0,0,0,2,0,405,49.4,0.927,297,47.8,1.256,255,50.6,1.206
420,30,0,0.25,0.6,60,0,0,0,0,2,1,213,52.1,1.255,142,52.8,1.59,123,52.0,1.481
420,30,0,0.25,0.6,60,1,0,0,0,0,0,520,52.5,1.108,349,53.9,1.265,293,53.9,1.246
420,30,0,0.25,0.6,60,1,0,0,0,0,1,319,53.3,1.203,226,54.0,1.454,189,54.5,1.374
420,30,0,0.25,0.6,60,1,0,0,0,0,-1,201,51.2,0.978,123,53.7,1.013,104,52.9,1.063
420,30,0,0.25,0.6,60,1,0,0,0,1,0,303,52.1,0.991,202,54.5,1.039,169,55.0,1.074
420,30,0,0.25,0.6,60,1,0,0,0,2,0,217,53.0,1.284,147,53.1,1.682,124,52.4,1.555
420,30,0,0.25,0.6,60,1,0,0,0,2,1,205,52.7,1.316,138,53.6,1.643,117,53.0,1.496
420,30,0,0.25,0.6,60,-1,0,0,0,0,0,447,46.1,0.757,337,42.4,0.92,305,46.2,0.961
420,30,0,0.25,0.6,60,-1,0,0,0,0,-1,287,44.9,0.698,216,44.0,0.982,186,48.4,0.935
420,30,0,0.25,0.6,60,-1,0,0,0,1,0,263,47.1,0.857,191,42.4,0.839,187,46.5,0.998
420,30,1,0.25,0.3,60,0,0,0,0,0,0,1007,53.9,0.79,706,56.7,0.899,678,56.0,0.957
420,30,1,0.25,0.3,60,0,0,0,0,0,1,506,57.3,0.951,344,57.8,0.939,320,57.5,1.072
420,30,1,0.25,0.3,60,0,0,0,0,0,-1,497,50.7,0.664,360,55.3,0.851,350,55.1,0.859
420,30,1,0.25,0.3,60,0,0,0,0,1,0,602,53.2,0.794,409,55.7,0.913,423,55.1,0.913
420,30,1,0.25,0.3,60,0,0,0,0,1,1,318,54.7,0.841,191,53.9,0.952,196,54.1,1.003
420,30,1,0.25,0.3,60,0,0,0,0,1,-1,284,51.4,0.744,218,57.3,0.881,227,55.9,0.845
420,30,1,0.25,0.3,60,0,0,0,0,2,0,405,55.1,0.785,297,57.9,0.881,255,57.6,1.03
420,30,1,0.25,0.3,60,0,0,0,0,2,-1,213,49.8,0.573,142,52.1,0.807,123,53.7,0.886
420,30,1,0.25,0.3,60,1,0,0,0,0,0,447,57.7,0.959,337,62.3,0.99,305,60.0,1.03
420,30,1,0.25,0.3,60,1,0,0,0,0,1,287,60.6,1.039,216,61.1,0.936,186,59.7,1.132
420,30,1,0.25,0.3,60,1,0,0,0,1,0,263,54.0,0.83,191,61.3,1.027,187,57.2,0.903
420,30,1,0.25,0.3,60,-1,0,0,0,0,0,520,50.2,0.658,349,51.3,0.802,293,50.9,0.789
420,30,1,0.25,0.3,60,-1,0,0,0,0,1,201,51.2,0.776,123,52.0,0.947,104,51.0,0.846
420,30,1,0.25,0.3,60,-1,0,0,0,0,-1,319,49.5,0.591,226,50.9,0.73,189,50.8,0.758
420,30,1,0.25,0.3,60,-1,0,0,0,1,0,303,51.2,0.726,202,51.5,0.837,169,50.3,0.786
420,30,1,0.25,0.3,60,-1,0,0,0,2,0,217,48.8,0.573,147,51.0,0.758,124,51.6,0.793
420,30,1,0.25,0.3,60,-1,0,0,0,2,-1,205,49.3,0.55,138,50.7,0.769,117,52.1,0.845
420,60,0,0.15,1.0,60,0,0,0,0,0,0,1005,47.0,0.869,706,48.6,0.93,676,48.1,0.973
420,60,0,0.15,1.0,60,0,0,0,0,0,1,483,49.1,1.057,346,49.4,1.009,331,48.0,1.1
420,60,0,0.15,1.0,60,0,0,0,0,0,-1,518,45.0,0.739,358,47.5,0.842,337,47.5,0.854
420,60,0,0.15,1.0,60,0,0,0,0,1,0,600,47.3,0.91,409,50.6,0.931,422,48.3,0.851
420,60,0,0.15,1.0,60,0,0,0,0,1,1,289,49.1,1.007,204,48.5,1.005,211,47.9,0.973
420,60,0,0.15,1.0,60,0,0,0,0,1,-1,311,45.7,0.84,205,52.7,0.867,211,48.8,0.753
420,60,0,0.15,1.0,60,0,0,0,0,2,0,405,46.4,0.82,297,45.8,0.929,254,47.6,1.21
420,60,0,0.15,1.0,60,0,0,0,0,2,-1,207,44.0,0.617,153,40.5,0.812,126,45.2,1.047
420,60,0,0.15,1.0,60,1,0,0,0,0,0,503,50.1,1.069,366,53.3,1.01,312,51.6,1.122
420,60,0,0.15,1.0,60,1,0,0,0,0,1,304,49.7,1.196,228,52.6,1.085,191,51.8,1.36
420,60,0,0.15,1.0,60,1,0,0,0,1,0,309,50.2,1.01,218,55.0,0.967,187,52.9,0.935
420,60,0,0.15,1.0,60,-1,0,0,0,0,0,462,44.4,0.706,320,42.5,0.805,286,45.8,0.967
420,60,0,0.15,1.0,60,-1,0,0,0,0,-1,301,41.9,0.657,214,43.0,0.804,184,47.8,0.984
420,60,0,0.15,1.0,60,-1,0,0,0,1,0,255,45.5,0.814,175,44.6,0.844,169,46.2,0.917
420,60,0,0.15,1.0,60,-1,0,0,0,2,0,207,43.0,0.604,145,40.0,0.762,117,45.3,1.042
420,60,1,0.15,0.6,60,0,0,0,0,0,0,1005,53.6,0.937,706,53.1,1.022,676,53.4,0.959
420,60,1,0.15,0.6,60,0,0,0,0,0,1,518,56.0,1.044,358,55.0,1.089,337,54.9,1.088
420,60,1,0.15,0.6,60,0,0,0,0,0,-1,483,51.1,0.832,346,51.2,0.962,331,52.0,0.836
420,60,1,0.15,0.6,60,0,0,0,0,1,0,600,52.7,0.899,409,52.6,0.989,422,53.6,1.011
420,60,1,0.15,0.6,60,0,0,0,0,1,1,311,54.0,0.927,205,51.7,1.045,211,53.6,1.134
420,60,1,0.15,0.6,60,0,0,0,0,1,-1,289,51.2,0.868,204,53.4,0.934,211,53.6,0.896
420,60,1,0.15,0.6,60,0,0,0,0,2,0,405,55.1,0.991,297,53.9,1.061,254,53.1,0.884
420,60,1,0.15,0.6,60,0,0,0,0,2,1,207,58.9,1.243,153,59.5,1.145,126,57.1,1.019
420,60,1,0.15,0.6,60,1,0,0,0,0,0,462,56.7,1.099,320,59.4,1.174,286,57.0,1.029
420,60,1,0.15,0.6,60,1,0,0,0,0,1,301,59.8,1.163,214,58.4,1.177,184,55.4,1.059
420,60,1,0.15,0.6,60,1,0,0,0,1,0,255,54.5,0.974,175,58.3,1.13,169,56.2,1.008
420,60,1,0.15,0.6,60,1,0,0,0,2,0,207,59.4,1.266,145,60.7,1.227,117,58.1,1.059
420,60,1,0.15,0.6,60,-1,0,0,0,0,0,503,50.3,0.807,366,48.1,0.924,312,49.0,0.825
420,60,1,0.15,0.6,60,-1,0,0,0,0,-1,304,51.0,0.777,228,46.9,0.901,191,47.1,0.731
420,60,1,0.15,0.6,60,-1,0,0,0,1,0,309,50.2,0.833,218,48.6,0.911,187,50.3,0.947
480,-1,0,0.15,0.3,60,0,0,0,0,0,0,1006,69.0,0.861,705,70.1,0.932,680,69.7,0.913
480,-1,0,0.15,0.3,60,0,0,0,0,0,1,485,67.8,0.822,357,69.7,0.85,339,69.6,0.83
480,-1,0,0.15,0.3,60,0,0,0,0,0,-1,517,70.2,0.897,346,70.5,1.036,333,70.0,1.002
480,-1,0,0.15,0.3,60,0,0,0,0,1,0,603,67.7,0.842,408,72.1,1.043,424,69.6,0.899
480,-1,0,0.15,0.3,60,0,0,0,0,1,1,286,68.5,0.943,217,71.4,0.928,223,69.5,0.818
480,-1,0,0.15,0.3,60,0,0,0,0,1,-1,317,66.9,0.764,191,72.8,1.205,201,69.7,0.999
480,-1,0,0.15,0.3,60,0,0,0,0,2,0,403,71.0,0.887,297,67.3,0.801,256,69.9,0.937
480,-1,0,0.15,0.3,60,0,0,0,0,2,-1,200,75.5,1.165,155,67.7,0.874,132,70.5,1.005
480,-1,0,0.15,0.3,60,1,0,0,0,0,0,503,66.0,0.714,361,69.3,0.879,316,68.7,0.815
480,-1,0,0.15,0.3,60,1,0,0,0,0,1,305,65.9,0.706,232,68.1,0.807,192,69.8,0.849
480,-1,0,0.15,0.3,60,1,0,0,0,1,0,306,66.3,0.752,225,71.1,1.002,201,69.2,0.826
480,-1,0,0.15,0.3,60,-1,0,0,0,0,0,463,72.6,1.063,325,70.5,0.967,284,70.1,0.93
480,-1,0,0.15,0.3,60,-1,0,0,0,0,-1,299,72.9,1.043,210,69.5,1.025,184,71.2,1.169
480,-1,0,0.15,0.3,60,-1,0,0,0,1,0,261,69.3,0.959,168,72.0,1.024,156,69.2,0.87
480,-1,0,0.15,0.3,60,-1,0,0,0,2,0,202,76.7,1.219,157,68.8,0.908,128,71.1,1.017
480,-1,0,0.25,1.0,60,0,0,0,0,0,0,1006,47.1,0.879,705,50.6,1.103,680,49.6,1.028
480,-1,0,0.25,1.0,60,0,0,0,0,0,1,485,46.8,0.81,357,49.9,0.945,339,49.3,0.896
480,-1,0,0.25,1.0,60,0,0,0,0,0,-1,517,47.4,0.935,346,51.4,1.323,333,49.8,1.192
480,-1,0,0.25,1.0,60,0,0,0,0,1,0,603,45.6,0.792,408,52.7,1.182,424,50.0,1.045
480,-1,0,0.25,1.0,60,0,0,0,0,1,1,286,46.5,0.796,217,53.9,1.075,223,51.6,0.971
480,-1,0,0.25,1.0,60,0,0,0,0,1,-1,317,44.8,0.788,191,51.3,1.34,201,48.3,1.143
480,-1,0,0.25,1.0,60,0,0,0,0,2,0,403,49.4,1.009,297,47.8,1.002,256,48.8,1.0
480,-1,0,0.25,1.0,60,0,0,0,0,2,-1,200,51.5,1.171,155,51.6,1.305,132,52.3,1.269
480,-1,0,0.25,1.0,60,1,0,0,0,0,0,503,47.1,0.782,361,50.4,1.074,316,50.0,1.043
480,-1,0,0.25,1.0,60,1,0,0,0,0,1,305,45.9,0.716,232,48.7,1.001,192,49.0,0.978
480,-1,0,0.25,1.0,60,1,0,0,0,1,0,306,46.7,0.762,225,54.2,1.285,201,53.2,1.211
480,-1,0,0.25,1.0,60,-1,0,0,0,0,0,463,46.9,0.962,325,50.8,1.146,284,51.1,1.085
480,-1,0,0.25,1.0,60,-1,0,0,0,0,-1,299,45.8,0.93,210,50.0,1.347,184,51.1,1.346
480,-1,0,0.25,1.0,60,-1,0,0,0,1,0,261,43.7,0.798,168,50.6,1.06,156,50.0,0.955
480,-1,0,0.25,1.0,60,-1,0,0,0,2,0,202,51.0,1.2,157,51.0,1.251,128,52.3,1.273
480,-1,1,0.25,0.6,60,0,0,0,0,0,0,1006,52.1,0.951,705,50.2,0.812,680,51.0,0.883
480,-1,1,0.25,0.6,60,0,0,0,0,0,1,517,51.3,0.885,346,48.6,0.683,333,50.2,0.773
480,-1,1,0.25,0.6,60,0,0,0,0,0,-1,485,53.0,1.046,357,51.8,0.95,339,51.9,1.009
480,-1,1,0.25,0.6,60,0,0,0,0,1,0,603,53.2,1.051,408,48.0,0.713,424,50.7,0.869
480,-1,1,0.25,0.6,60,0,0,0,0,1,1,317,52.7,1.062,191,48.7,0.665,201,52.2,0.866
480,-1,1,0.25,0.6,60,0,0,0,0,1,-1,286,53.8,1.039,217,47.5,0.754,223,49.3,0.871
480,-1,1,0.25,0.6,60,0,0,0,0,2,0,403,50.4,0.838,297,53.2,0.972,256,51.6,0.907
480,-1,1,0.25,0.6,60,0,0,0,0,2,1,200,49.0,0.696,155,48.4,0.706,132,47.0,0.649
480,-1,1,0.25,0.6,60,1,0,0,0,0,0,463,52.3,0.842,325,48.6,0.739,284,47.5,0.736
480,-1,1,0.25,0.6,60,1,0,0,0,0,1,299,53.2,0.876,210,49.5,0.689,184,47.3,0.62
480,-1,1,0.25,0.6,60,1,0,0,0,1,0,261,54.0,1.013,168,48.8,0.745,156,48.1,0.819
480,-1,1,0.25,0.6,60,1,0,0,0,2,0,202,50.0,0.682,157,48.4,0.733,128,46.9,0.645
480,-1,1,0.25,0.6,60,-1,0,0,0,0,0,503,52.3,1.086,361,51.8,0.89,316,52.5,0.996
480,-1,1,0.25,0.6,60,-1,0,0,0,0,-1,305,54.8,1.23,232,54.3,1.007,192,53.6,1.064
480,-1,1,0.25,0.6,60,-1,0,0,0,1,0,306,53.3,1.093,225,47.6,0.699,201,49.8,0.853
480,30,0,0.25,0.3,60,0,0,0,0,0,0,1004,60.9,0.942,705,63.8,0.96,676,62.9,1.003
480,30,0,0.25,0.3,60,0,0,0,0,0,1,484,59.7,0.862,364,62.9,0.851,346,62.7,0.935
480,30,0,0.25,0.3,60,0,0,0,0,0,-1,516,62.0,1.026,339,65.2,1.122,322,63.4,1.093
480,30,0,0.25,0.3,60,0,0,0,0,1,0,602,60.8,0.948,408,63.0,0.856,423,62.6,0.934
480,30,0,0.25,0.3,60,0,0,0,0,1,1,299,60.9,0.997,203,61.6,0.706,219,62.6,0.843
480,30,0,0.25,0.3,60,0,0,0,0,1,-1,303,60.7,0.904,205,64.4,1.048,204,62.7,1.049
480,30,0,0.25,0.3,60,0,0,0,0,2,0,402,60.9,0.933,297,65.0,1.139,253,63.2,1.138
480,30,0,0.25,0.3,60,0,0,0,0,2,-1,213,63.8,1.216,134,66.4,1.255,118,64.4,1.175
480,30,0,0.25,0.3,60,1,0,0,0,0,0,492,59.1,0.759,363,64.2,1.009,303,61.4,0.962
480,30,0,0.25,0.3,60,1,0,0,0,0,1,298,59.4,0.778,238,63.9,0.989,192,63.0,1.012
480,30,0,0.25,0.3,60,1,0,0,0,1,0,307,60.3,0.812,203,63.1,0.903,181,60.2,0.873
480,30,0,0.25,0.3,60,-1,0,0,0,0,0,472,63.1,1.192,323,63.2,0.915,293,62.5,0.938
480,30,0,0.25,0.3,60,-1,0,0,0,0,-1,304,63.8,1.259,204,64.7,1.13,180,63.9,1.155
480,30,0,0.25,0.3,60,-1,0,0,0,1,0,259,62.2,1.137,190,62.1,0.798,175,61.7,0.834
480,30,0,0.25,0.3,60,-1,0,0,0,2,0,213,64.3,1.256,133,64.7,1.153,118,63.6,1.138
480,30,0,0.25,0.3,60,-1,0,0,0,2,-1,203,64.5,1.23,127,64.6,1.169,112,63.4,1.136
480,30,1,0.15,1.0,60,0,0,0,0,0,0,1004,48.2,0.915,705,47.0,0.871,676,46.9,0.858
480,30,1,0.15,1.0,60,0,0,0,0,0,1,516,47.5,0.835,339,45.4,0.739,322,46.9,0.775
480,30,1,0.15,1.0,60,0,0,0,0,0,-1,484,49.0,1.011,364,48.1,1.005,346,46.5,0.944
480,30,1,0.15,1.0,60,0,0,0,0,1,0,602,47.5,0.887,408,47.5,0.955,423,47.0,0.936
480,30,1,0.15,1.0,60,0,0,0,0,1,1,303,46.9,0.855,205,47.8,0.848,204,49.0,0.893
480,30,1,0.15,1.0,60,0,0,0,0,1,-1,299,48.2,0.92,203,47.3,1.072,219,45.2,0.977
480,30,1,0.15,1.0,60,0,0,0,0,2,0,402,49.3,0.953,297,46.1,0.764,253,46.6,0.74
480,30,1,0.15,1.0,60,0,0,0,0,2,1,213,48.4,0.81,134,41.8,0.603,118,43.2,0.616
480,30,1,0.15,1.0,60,1,0,0,0,0,0,472,48.1,0.799,323,46.7,0.822,293,45.7,0.789
480,30,1,0.15,1.0,60,1,0,0,0,0,1,304,47.4,0.763,204,45.6,0.714,180,43.9,0.632
480,30,1,0.15,1.0,60,1,0,0,0,1,0,259,47.1,0.801,190,50.5,1.028,175,48.0,0.946
480,30,1,0.15,1.0,60,1,0,0,0,2,0,213,49.3,0.797,133,41.4,0.594,118,42.4,0.6
480,30,1,0.15,1.0,60,1,0,0,0,2,1,203,48.8,0.8,127,41.7,0.615,112,42.9,0.616
480,30,1,0.15,1.0,60,-1,0,0,0,0,0,492,48.4,1.054,363,47.4,0.915,303,47.5,0.91
480,30,1,0.15,1.0,60,-1,0,0,0,0,-1,298,49.0,1.102,238,48.3,0.994,192,46.4,0.917
480,30,1,0.15,1.0,60,-1,0,0,0,1,0,307,47.9,0.98,203,45.3,0.892,181,45.3,0.871
480,60,0,0.15,0.6,60,0,0,0,0,0,0,1006,53.4,0.822,705,55.2,0.848,678,53.5,0.833
480,60,0,0.15,0.6,60,0,0,0,0,0,1,517,52.8,0.762,362,53.9,0.746,346,52.6,0.756
480,60,0,0.15,0.6,60,0,0,0,0,0,-1,485,53.8,0.883,341,56.9,0.975,324,54.6,0.914
480,60,0,0.15,0.6,60,0,0,0,0,1,0,603,53.9,0.942,408,57.1,0.884,423,53.7,0.793
480,60,0,0.15,0.6,60,0,0,0,0,1,1,305,53.4,0.914,198,57.6,0.792,213,54.0,0.733
480,60,0,0.15,0.6,60,0,0,0,0,1,-1,298,54.4,0.971,210,56.7,0.973,210,53.3,0.854
480,60,0,0.15,0.6,60,0,0,0,0,2,0,403,52.6,0.685,297,52.5,0.801,255,53.3,0.906
480,60,0,0.15,0.6,60,0,0,0,0,2,1,212,51.9,0.609,164,49.4,0.693,133,50.4,0.795
480,60,0,0.15,0.6,60,1,0,0,0,0,0,511,52.4,0.736,383,53.5,0.771,328,50.9,0.735
480,60,0,0.15,0.6,60,1,0,0,0,0,1,323,52.6,0.701,245,53.5,0.757,203,52.2,0.758
480,60,0,0.15,0.6,60,1,0,0,0,1,0,293,53.2,0.881,216,56.9,0.846,196,52.0,0.745
480,60,0,0.15,0.6,60,1,0,0,0,2,0,218,51.4,0.596,167,49.1,0.682,132,49.2,0.721
480,60,0,0.15,0.6,60,1,0,0,0,2,1,205,51.2,0.592,158,49.4,0.686,125,50.4,0.758
480,60,0,0.15,0.6,60,-1,0,0,0,0,0,455,54.1,0.907,303,57.1,0.957,270,55.6,0.924
480,60,0,0.15,0.6,60,-1,0,0,0,0,-1,281,54.8,0.932,197,58.9,1.122,171,58.5,1.165
480,60,0,0.15,0.6,60,-1,0,0,0,1,0,274,54.4,0.999,177,57.1,0.939,160,54.4,0.828
480,60,1,0.15,0.3,60,0,0,0,0,0,0,1006,69.6,0.946,705,69.1,0.879,678,70.2,0.934
480,60,1,0.15,0.3,60,0,0,0,0,0,1,485,69.5,0.973,341,67.4,0.742,324,70.4,0.799
480,60,1,0.15,0.3,60,0,0,0,0,0,-1,517,69.8,0.928,362,70.4,1.041,346,70.2,1.119
480,60,1,0.15,0.3,60,0,0,0,0,1,0,603,66.8,0.818,408,68.6,0.808,423,70.7,0.912
480,60,1,0.15,0.3,60,0,0,0,0,1,1,298,67.1,0.86,210,65.7,0.668,210,70.5,0.761
480,60,1,0.15,0.3,60,0,0,0,0,1,-1,305,66.6,0.78,198,71.7,1.016,213,70.9,1.117
480,60,1,0.15,0.3,60,0,0,0,0,2,0,403,73.7,1.182,297,69.7,0.992,255,69.4,0.973
480,60,1,0.15,0.3,60,0,0,0,0,2,-1,212,74.5,1.192,164,68.9,1.074,133,69.2,1.122
480,60,1,0.15,0.3,60,1,0,0,0,0,0,455,70.1,0.898,303,70.6,0.936,270,71.1,0.941
480,60,1,0.15,0.3,60,1,0,0,0,0,1,281,70.8,0.993,197,70.1,0.901,171,70.8,0.845
480,60,1,0.15,0.3,60,1,0,0,0,1,0,274,67.5,0.757,177,70.6,0.948,160,71.9,0.98
480,60,1,0.15,0.3,60,-1,0,0,0,0,0,511,70.5,1.043,383,67.6,0.833,328,69.2,0.911
480,60,1,0.15,0.3,60,-1,0,0,0,0,-1,323,71.2,1.064,245,69.8,1.056,203,70.4,1.176
480,60,1,0.15,0.3,60,-1,0,0,0,1,0,293,67.9,0.942,216,66.2,0.701,196,68.4,0.783
480,60,1,0.15,0.3,60,-1,0,0,0,2,0,218,73.9,1.19,167,69.5,1.072,132,70.5,1.169
480,60,1,0.15,0.3,60,-1,0,0,0,2,-1,205,74.6,1.194,158,69.6,1.117,125,70.4,1.202
480,60,1,0.25,1.0,60,0,0,0,0,0,0,1006,50.5,1.066,705,49.9,0.99,678,50.4,1.005
480,60,1,0.25,1.0,60,0,0,0,0,0,1,485,50.3,1.023,341,48.7,0.83,324,50.0,0.865
480,60,1,0.25,1.0,60,0,0,0,0,0,-1,517,50.9,1.122,362,50.8,1.165,346,50.9,1.166
480,60,1,0.25,1.0,60,0,0,0,0,1,0,603,49.4,0.923,408,49.0,0.943,423,50.1,1.01
480,60,1,0.25,1.0,60,0,0,0,0,1,1,298,50.3,0.952,210,50.0,0.874,210,51.4,0.93
480,60,1,0.25,1.0,60,0,0,0,0,1,-1,305,48.5,0.896,198,48.0,1.027,213,48.8,1.1
480,60,1,0.25,1.0,60,0,0,0,0,2,0,403,52.1,1.292,297,51.2,1.06,255,51.0,0.997
480,60,1,0.25,1.0,60,0,0,0,0,2,-1,212,54.2,1.456,164,54.3,1.372,133,54.1,1.28
480,60,1,0.25,1.0,60,1,0,0,0,0,0,455,51.2,0.984,303,49.8,0.95,270,50.4,0.989
480,60,1,0.25,1.0,60,1,0,0,0,0,1,281,52.3,1.103,197,47.7,0.809,171,47.4,0.775
480,60,1,0.25,1.0,60,1,0,0,0,1,0,274,50.7,0.909,177,51.4,1.065,160,52.5,1.161
480,60,1,0.25,1.0,60,-1,0,0,0,0,0,511,50.9,1.19,383,50.1,1.011,328,50.6,1.004
480,60,1,0.25,1.0,60,-1,0,0,0,0,-1,323,52.3,1.308,245,49.8,1.089,203,49.8,1.068
480,60,1,0.25,1.0,60,-1,0,0,0,1,0,293,49.5,0.969,216,47.2,0.835,196,48.0,0.864
480,60,1,0.25,1.0,60,-1,0,0,0,2,0,218,52.8,1.482,167,53.9,1.313,132,54.5,1.255
480,60,1,0.25,1.0,60,-1,0,0,0,2,-1,205,54.6,1.492,158,54.4,1.394,125,53.6,1.228
540,-1,0,0.25,0.6,60,0,0,0,0,0,0,1006,58.7,0.946,707,57.6,0.941,681,57.9,0.973
540,-1,0,0.25,0.6,60,0,0,0,0,0,1,487,56.5,0.841,354,60.2,1.091,338,59.5,1.064
540,-1,0,0.25,0.6,60,0,0,0,0,0,-1,515,60.6,1.043,351,54.7,0.809,335,55.5,0.858
540,-1,0,0.25,0.6,60,0,0,0,0,1,0,603,59.4,0.964,409,59.4,0.975,425,56.9,0.918
540,-1,0,0.25,0.6,60,0,0,0,0,1,1,291,58.4,0.908,211,61.1,1.126,223,57.4,1.02
540,-1,0,0.25,0.6,60,0,0,0,0,1,-1,312,60.3,1.02,198,57.6,0.847,202,56.4,0.82
540,-1,0,0.25,0.6,60,0,0,0,0,2,0,403,57.8,0.922,298,55.0,0.896,256,59.4,1.076
540,-1,0,0.25,0.6,60,0,0,0,0,2,-1,203,61.1,1.077,153,51.0,0.759,133,54.1,0.922
540,-1,0,0.25,0.6,60,1,0,0,0,0,0,504,58.9,0.942,360,56.7,0.893,310,58.1,0.923
540,-1,0,0.25,0.6,60,1,0,0,0,0,1,307,55.4,0.803,230,57.8,1.023,188,61.2,1.107
540,-1,0,0.25,0.6,60,1,0,0,0,1,0,310,61.6,1.058,222,55.0,0.785,198,54.0,0.753
540,-1,0,0.25,0.6,60,-1,0,0,0,0,0,462,59.1,0.966,327,58.4,0.991,291,59.1,1.093
540,-1,0,0.25,0.6,60,-1,0,0,0,0,-1,297,58.6,0.973,213,54.9,0.863,188,58.0,0.987
540,-1,0,0.25,0.6,60,-1,0,0,0,1,0,257,58.4,0.921,171,65.5,1.281,160,63.7,1.336
540,-1,0,0.25,0.6,60,-1,0,0,0,2,0,205,60.0,1.023,156,50.6,0.735,131,53.4,0.843
540,-1,1,0.25,0.3,60,0,0,0,0,0,0,1006,75.8,1.104,707,73.1,0.967,681,73.6,0.96
540,-1,1,0.25,0.3,60,0,0,0,0,0,1,515,74.0,0.953,351,74.4,1.091,335,75.5,1.127
540,-1,1,0.25,0.3,60,0,0,0,0,0,-1,487,78.0,1.335,354,72.0,0.871,338,71.6,0.833
540,-1,1,0.25,0.3,60,0,0,0,0,1,0,603,74.1,0.973,409,71.4,0.864,425,72.9,0.895
540,-1,1,0.25,0.3,60,0,0,0,0,1,1,312,69.6,0.758,198,70.2,0.873,202,73.3,1.012
540,-1,1,0.25,0.3,60,0,0,0,0,1,-1,291,79.0,1.346,211,72.5,0.855,223,72.6,0.81
540,-1,1,0.25,0.3,60,0,0,0,0,2,0,403,78.4,1.353,298,75.5,1.145,256,74.6,1.085
540,-1,1,0.25,0.3,60,0,0,0,0,2,1,203,80.8,1.435,153,79.7,1.514,133,78.9,1.333
540,-1,1,0.25,0.3,60,1,0,0,0,0,0,462,79.2,1.307,327,74.0,0.956,291,72.5,0.859
540,-1,1,0.25,0.3,60,1,0,0,0,0,1,297,79.5,1.354,213,75.1,1.084,188,75.5,1.111
540,-1,1,0.25,0.3,60,1,0,0,0,1,0,257,78.2,1.238,171,69.0,0.7,160,66.9,0.613
540,-1,1,0.25,0.3,60,1,0,0,0,2,0,205,80.5,1.404,156,79.5,1.461,131,79.4,1.459
540,-1,1,0.25,0.3,60,-1,0,0,0,0,0,504,72.8,0.943,360,72.2,0.973,310,72.3,0.953
540,-1,1,0.25,0.3,60,-1,0,0,0,0,-1,307,77.2,1.352,230,71.3,0.895,188,70.7,0.878
540,-1,1,0.25,0.3,60,-1,0,0,0,1,0,310,70.3,0.775,222,73.0,1.019,198,74.7,1.085
540,30,0,0.15,1.0,60,0,0,0,0,0,0,1006,52.3,1.059,707,48.9,0.917,678,48.8,0.938
540,30,0,0.15,1.0,60,0,0,0,0,0,1,510,50.8,1.001,345,51.3,1.029,330,51.2,1.045
540,30,0,0.15,1.0,60,0,0,0,0,0,-1,492,53.5,1.105,360,46.9,0.83,340,46.5,0.851
540,30,0,0.15,1.0,60,0,0,0,0,1,0,603,52.1,1.063,409,48.7,0.914,424,48.8,0.927
540,30,0,0.15,1.0,60,0,0,0,0,1,1,320,51.9,1.068,221,49.8,0.996,229,49.8,1.01
540,30,0,0.15,1.0,60,0,0,0,0,1,-1,283,52.3,1.058,188,47.3,0.83,195,47.7,0.84
540,30,0,0.15,1.0,60,0,0,0,0,2,0,403,52.6,1.055,298,49.3,0.92,254,48.8,0.956
540,30,0,0.15,1.0,60,0,0,0,0,2,-1,209,55.0,1.171,172,46.5,0.829,145,44.8,0.868
540,30,0,0.15,1.0,60,1,0,0,0,0,0,486,52.9,1.083,326,47.5,0.864,277,47.3,0.858
540,30,0,0.15,1.0,60,1,0,0,0,0,1,308,51.0,1.026,208,51.0,0.985,171,51.5,1.024
540,30,0,0.15,1.0,60,1,0,0,0,1,0,298,54.7,1.188,203,42.9,0.723,181,42.5,0.695
540,30,0,0.15,1.0,60,-1,0,0,0,0,0,480,51.9,1.034,361,51.2,1.013,321,50.2,1.032
540,30,0,0.15,1.0,60,-1,0,0,0,0,-1,296,52.4,1.074,235,50.6,0.946,203,49.8,0.995
540,30,0,0.15,1.0,60,-1,0,0,0,1,0,269,50.2,0.965,190,56.3,1.269,176,55.7,1.293
540,30,0,0.15,1.0,60,-1,0,0,0,2,0,211,54.0,1.124,171,45.6,0.787,145,43.4,0.779
540,30,0,0.15,1.0,60,-1,0,0,0,2,-1,200,55.0,1.171,165,45.5,0.789,138,44.2,0.82
540,30,1,0.15,0.6,60,0,0,0,0,0,0,1006,59.2,0.85,707,61.7,1.005,678,61.4,0.992
540,30,1,0.15,0.6,60,0,0,0,0,0,1,492,57.7,0.805,360,63.9,1.104,340,63.2,1.084
540,30,1,0.15,0.6,60,0,0,0,0,0,-1,510,61.0,0.91,345,59.1,0.905,330,59.1,0.896
540,30,1,0.15,0.6,60,0,0,0,0,1,0,603,57.9,0.793,409,61.4,1.027,424,61.3,1.012
540,30,1,0.15,0.6,60,0,0,0,0,1,1,283,55.5,0.746,188,61.7,1.063,195,61.5,1.071
540,30,1,0.15,0.6,60,0,0,0,0,1,-1,320,60.0,0.839,221,61.1,0.998,229,61.1,0.964
540,30,1,0.15,0.6,60,0,0,0,0,2,0,403,61.3,0.941,298,62.1,0.974,254,61.4,0.96
540,30,1,0.15,0.6,60,0,0,0,0,2,1,209,60.8,0.889,172,66.3,1.155,145,65.5,1.103
540,30,1,0.15,0.6,60,1,0,0,0,0,0,480,60.4,0.884,361,62.3,1.005,321,62.0,0.996
540,30,1,0.15,0.6,60,1,0,0,0,0,1,296,59.8,0.857,235,63.0,1.038,203,61.6,0.99
540,30,1,0.15,0.6,60,1,0,0,0,1,0,269,60.6,0.898,190,57.9,0.851,176,58.0,0.842
540,30,1,0.15,0.6,60,1,0,0,0,2,0,211,60.2,0.868,171,67.3,1.221,145,66.9,1.239
540,30,1,0.15,0.6,60,1,0,0,0,2,1,200,60.0,0.86,165,67.3,1.22,138,66.7,1.209
540,30,1,0.15,0.6,60,-1,0,0,0,0,0,486,57.8,0.813,326,59.8,0.956,277,60.3,0.981
540,30,1,0.15,0.6,60,-1,0,0,0,0,-1,308,60.4,0.888,208,56.7,0.84,171,56.1,0.818
540,30,1,0.15,0.6,60,-1,0,0,0,1,0,298,54.4,0.686,203,63.5,1.161,181,64.6,1.224
540,60,0,0.15,0.3,60,0,0,0,0,0,0,1006,77.2,1.041,707,74.4,0.875,680,75.0,0.897
540,60,0,0.15,0.3,60,0,0,0,0,0,1,503,76.3,0.984,356,75.8,0.995,342,75.7,0.987
540,60,0,0.15,0.3,60,0,0,0,0,0,-1,499,78.2,1.104,349,72.8,0.775,330,73.6,0.797
540,60,0,0.15,0.3,60,0,0,0,0,1,0,603,77.1,1.029,409,72.1,0.783,423,72.6,0.787
540,60,0,0.15,0.3,60,0,0,0,0,1,1,314,77.4,1.019,217,72.4,0.86,221,72.4,0.875
540,60,0,0.15,0.3,60,0,0,0,0,1,-1,289,76.8,1.041,192,71.9,0.712,202,72.8,0.708
540,60,0,0.15,0.3,60,0,0,0,0,2,0,403,77.4,1.058,298,77.5,1.026,257,79.0,1.126
540,60,0,0.15,0.3,60,0,0,0,0,2,-1,210,80.0,1.197,157,73.9,0.861,128,75.0,0.966
540,60,0,0.15,0.3,60,1,0,0,0,0,0,483,78.3,1.105,345,72.8,0.777,306,71.9,0.738
540,60,0,0.15,0.3,60,1,0,0,0,0,1,303,77.2,1.06,224,74.1,0.905,193,74.1,0.918
540,60,0,0.15,0.3,60,1,0,0,0,1,0,294,79.9,1.195,207,66.7,0.567,189,64.6,0.515
540,60,0,0.15,0.3,60,-1,0,0,0,0,0,483,76.6,1.009,342,75.7,0.974,294,76.2,1.007
540,60,0,0.15,0.3,60,-1,0,0,0,0,-1,301,77.1,1.064,219,74.4,0.904,184,75.5,0.97
540,60,0,0.15,0.3,60,-1,0,0,0,1,0,273,74.7,0.922,186,77.4,1.14,167,78.4,1.199
540,60,0,0.15,0.3,60,-1,0,0,0,2,0,210,79.0,1.136,156,73.7,0.825,127,73.2,0.829
540,60,0,0.15,0.3,60,-1,0,0,0,2,-1,200,79.5,1.165,150,72.7,0.799,121,73.6,0.873
540,60,0,0.25,1.0,60,0,0,0,0,0,0,1006,49.5,1.012,707,47.7,0.921,680,47.8,0.935
540,60,0,0.25,1.0,60,0,0,0,0,0,1,503,47.9,0.909,356,50.0,1.04,342,49.7,1.05
540,60,0,0.25,1.0,60,0,0,0,0,0,-1,499,50.9,1.113,349,45.0,0.808,330,45.2,0.818
540,60,0,0.25,1.0,60,0,0,0,0,1,0,603,47.1,0.911,409,46.5,0.847,423,48.2,0.905
540,60,0,0.25,1.0,60,0,0,0,0,1,1,314,45.9,0.834,217,47.0,0.912,221,48.0,0.976
540,60,0,0.25,1.0,60,0,0,0,0,1,-1,289,48.4,0.998,192,45.8,0.787,202,48.5,0.842
540,60,0,0.25,1.0,60,0,0,0,0,2,0,403,53.1,1.18,298,49.3,1.038,257,47.1,0.991
540,60,0,0.25,1.0,60,0,0,0,0,2,-1,210,54.3,1.284,157,43.9,0.838,128,39.8,0.775
540,60,0,0.25,1.0,60,1,0,0,0,0,0,483,50.1,1.044,345,47.5,0.846,306,47.1,0.821
540,60,0,0.25,1.0,60,1,0,0,0,0,1,303,49.8,0.987,224,50.0,0.982,193,49.7,0.993
540,60,0,0.25,1.0,60,1,0,0,0,1,0,294,48.6,1.01,207,42.5,0.629,189,42.9,0.616
540,60,0,0.25,1.0,60,-1,0,0,0,0,0,483,49.9,1.026,342,47.1,0.962,294,45.2,0.939
540,60,0,0.25,1.0,60,-1,0,0,0,0,-1,301,51.2,1.129,219,46.1,0.888,184,44.6,0.857
540,60,0,0.25,1.0,60,-1,0,0,0,1,0,273,47.3,0.887,186,50.0,1.104,167,50.3,1.154
540,60,0,0.25,1.0,60,-1,0,0,0,2,0,210,53.3,1.23,156,43.6,0.805,127,38.6,0.689
540,60,0,0.25,1.0,60,-1,0,0,0,2,-1,200,53.0,1.2,150,43.3,0.802,121,38.8,0.698
540,60,1,0.25,0.6,60,0,0,0,0,0,0,1006,57.6,0.912,707,59.1,0.967,680,59.7,1.004
540,60,1,0.25,0.6,60,0,0,0,0,0,1,499,55.7,0.829,349,61.9,1.103,330,62.7,1.153
540,60,1,0.25,0.6,60,0,0,0,0,0,-1,503,59.4,1.013,356,56.5,0.849,342,57.3,0.891
540,60,1,0.25,0.6,60,0,0,0,0,1,0,603,59.4,0.979,409,61.1,1.03,423,60.3,1.022
540,60,1,0.25,0.6,60,0,0,0,0,1,1,289,58.1,0.921,192,62.5,1.144,202,60.9,1.115
540,60,1,0.25,0.6,60,0,0,0,0,1,-1,314,60.5,1.039,217,59.9,0.931,221,59.7,0.938
540,60,1,0.25,0.6,60,0,0,0,0,2,0,403,54.8,0.824,298,56.4,0.887,257,58.8,0.973
540,60,1,0.25,0.6,60,0,0,0,0,2,1,210,52.4,0.72,157,61.1,1.052,128,65.6,1.219
540,60,1,0.25,0.6,60,1,0,0,0,0,0,483,56.5,0.861,342,58.5,0.917,294,61.2,1.026
540,60,1,0.25,0.6,60,1,0,0,0,0,1,301,55.8,0.844,219,60.3,1.021,184,63.6,1.163
540,60,1,0.25,0.6,60,1,0,0,0,1,0,273,59.3,0.982,186,55.9,0.793,167,56.9,0.818
540,60,1,0.25,0.6,60,1,0,0,0,2,0,210,52.9,0.732,156,61.5,1.1,127,66.9,1.424
540,60,1,0.25,0.6,60,1,0,0,0,2,1,200,53.5,0.762,150,62.0,1.117,121,66.9,1.399
540,60,1,0.25,0.6,60,-1,0,0,0,0,0,483,57.8,0.927,345,60.6,1.053,306,61.1,1.092
540,60,1,0.25,0.6,60,-1,0,0,0,0,-1,303,59.4,1.046,224,58.0,0.94,193,59.1,0.977
540,60,1,0.25,0.6,60,-1,0,0,0,1,0,294,58.2,0.91,207,67.1,1.384,189,66.7,1.428
600,-2,0,0.25,0.3,60,0,0,0,0,0,0,1009,72.2,0.957,706,71.8,0.902,678,73.0,0.992
600,-2,0,0.25,0.3,60,0,0,0,0,0,1,493,73.2,1.032,362,71.0,0.84,344,72.1,0.887
600,-2,0,0.25,0.3,60,0,0,0,0,0,-1,512,71.3,0.892,342,72.5,0.96,326,73.9,1.107
600,-2,0,0.25,0.3,60,0,0,0,0,1,0,604,72.2,1.001,408,67.2,0.689,421,69.6,0.822
600,-2,0,0.25,0.3,60,0,0,0,0,1,1,298,71.1,0.975,202,65.3,0.618,212,67.0,0.683
600,-2,0,0.25,0.3,60,0,0,0,0,1,-1,306,73.2,1.027,206,68.9,0.771,209,72.2,1.009
600,-2,0,0.25,0.3,60,0,0,0,0,2,0,405,72.3,0.898,298,78.2,1.374,257,78.6,1.402
600,-2,0,0.25,0.3,60,0,0,0,0,2,-1,206,68.4,0.742,136,77.9,1.381,117,76.9,1.308
600,-2,0,0.25,0.3,60,0,0,0,1,0,0,493,71.0,0.939,348,68.7,0.785,334,71.6,0.918
600,-2,0,0.25,0.3,60,0,0,0,1,0,1,240,70.0,0.93,183,69.4,0.808,172,70.9,0.904
600,-2,0,0.25,0.3,60,0,0,0,1,0,-1,250,72.0,0.952,164,67.7,0.741,157,72.0,0.92
600,-2,0,0.25,0.3,60,0,0,0,1,1,0,298,71.8,1.098,195,65.6,0.616,202,68.8,0.803
600,-2,0,0.25,0.3,60,0,0,0,-1,0,0,516,73.4,0.973,358,74.9,1.044,343,74.3,1.072
600,-2,0,0.25,0.3,60,0,0,0,-1,0,1,253,76.3,1.132,179,72.6,0.876,171,73.1,0.867
600,-2,0,0.25,0.3,60,0,0,0,-1,0,-1,262,70.6,0.844,178,77.0,1.258,169,75.7,1.333
600,-2,0,0.25,0.3,60,0,0,0,-1,1,0,306,72.5,0.926,213,68.5,0.769,218,70.2,0.837
600,-2,0,0.25,0.3,60,0,0,0,-1,2,0,210,74.8,1.046,145,84.1,1.779,125,81.6,1.717
600,-2,0,0.25,0.3,60,0,0,1,0,0,0,487,72.3,0.991,344,69.2,0.798,338,71.6,0.925
600,-2,0,0.25,0.3,60,0,0,1,0,0,1,238,71.4,1.031,182,69.8,0.867,173,70.5,0.904
600,-2,0,0.25,0.3,60,0,0,1,0,0,-1,248,73.0,0.952,162,68.5,0.729,163,72.4,0.931
600,-2,0,0.25,0.3,60,0,0,1,0,1,0,296,72.6,1.159,197,66.0,0.648,207,69.1,0.816
600,-2,0,0.25,0.3,60,0,0,1,1,0,0,438,71.9,0.997,309,68.6,0.786,309,71.2,0.91
600,-2,0,0.25,0.3,60,0,0,1,1,0,1,216,70.4,0.995,165,69.7,0.853,161,70.8,0.917
600,-2,0,0.25,0.3,60,0,0,1,1,0,-1,221,73.3,0.994,144,67.4,0.717,146,71.2,0.886
600,-2,0,0.25,0.3,60,0,0,1,1,1,0,266,72.6,1.211,178,67.4,0.696,190,68.9,0.812
600,-2,0,0.25,0.3,60,0,0,-1,0,0,0,520,72.3,0.932,361,74.2,1.006,336,74.7,1.07
600,-2,0,0.25,0.3,60,0,0,-1,0,0,1,255,74.9,1.032,180,72.2,0.816,171,73.7,0.871
600,-2,0,0.25,0.3,60,0,0,-1,0,0,-1,264,69.7,0.844,180,76.1,1.263,163,75.5,1.338
600,-2,0,0.25,0.3,60,0,0,-1,0,1,0,308,71.8,0.89,211,68.2,0.73,214,70.1,0.827
600,-2,0,0.25,0.3,60,0,0,-1,0,2,0,212,73.1,1.0,150,82.7,1.697,122,82.8,1.741
600,-2,0,0.25,0.3,60,0,0,-1,-1,0,0,467,73.2,0.976,323,74.9,1.058,313,74.4,1.067
600,-2,0,0.25,0.3,60,0,0,-1,-1,0,1,231,75.8,1.108,162,72.8,0.863,159,73.6,0.877
600,-2,0,0.25,0.3,60,0,0,-1,-1,0,-1,235,70.6,0.863,160,76.9,1.321,152,75.0,1.309
600,-2,0,0.25,0.3,60,0,0,-1,-1,1,0,276,72.5,0.935,194,70.1,0.84,201,70.1,0.834
600,-2,0,0.25,0.3,60,0,1,0,0,0,0,815,72.9,0.968,588,73.0,0.95,569,74.0,1.005
600,-2,0,0.25,0.3,60,0,1,0,0,0,1,406,73.2,1.002,300,72.3,0.888,288,72.2,0.877
600,-2,0,0.25,0.3,60,0,1,0,0,0,-1,405,72.6,0.937,286,73.4,1.004,273,75.8,1.15
600,-2,0,0.25,0.3,60,0,1,0,0,1,0,497,73.8,1.085,337,68.8,0.732,351,70.7,0.828
600,-2,0,0.25,0.3,60,0,1,0,0,1,1,248,72.6,1.049,170,68.8,0.718,181,69.1,0.753
600,-2,0,0.25,0.3,60,0,1,0,0,1,-1,249,75.1,1.122,167,68.9,0.747,170,72.4,0.925
600,-2,0,0.25,0.3,60,0,1,0,0,2,0,318,71.4,0.825,251,78.5,1.436,218,79.4,1.418
600,-2,0,0.25,0.3,60,0,1,0,1,0,0,417,71.9,0.987,297,69.7,0.815,280,72.9,0.945
600,-2,0,0.25,0.3,60,0,1,0,1,0,1,205,71.2,0.965,156,69.9,0.815,144,70.8,0.893
600,-2,0,0.25,0.3,60,0,1,0,1,0,-1,209,72.7,1.017,140,69.3,0.792,131,74.8,0.994
600,-2,0,0.25,0.3,60,0,1,0,1,1,0,260,73.5,1.213,166,66.3,0.611,171,70.2,0.795
600,-2,0,0.25,0.3,60,0,1,0,-1,0,0,398,73.9,0.95,291,76.3,1.126,288,75.0,1.064
600,-2,0,0.25,0.3,60,0,1,0,-1,0,1,201,75.1,1.038,144,75.0,0.978,143,73.4,0.856
600,-2,0,0.25,0.3,60,0,1,0,-1,1,0,237,74.3,0.979,171,71.3,0.881,179,70.9,0.858
600,-2,0,0.25,0.3,60,0,1,1,0,0,0,409,73.6,1.071,291,69.4,0.782,283,72.8,0.943
600,-2,0,0.25,0.3,60,0,1,1,0,0,1,203,72.4,1.051,155,69.7,0.833,146,69.9,0.874
600,-2,0,0.25,0.3,60,0,1,1,0,0,-1,205,74.6,1.085,136,69.1,0.729,135,75.6,1.006
600,-2,0,0.25,0.3,60,0,1,1,0,1,0,252,74.2,1.313,170,65.9,0.615,175,69.7,0.78
600,-2,0,0.25,0.3,60,0,1,1,1,0,0,372,73.1,1.065,264,69.3,0.787,259,72.6,0.935
600,-2,0,0.25,0.3,60,0,1,1,1,1,0,232,74.1,1.352,153,67.3,0.654,161,70.2,0.791
600,-2,0,0.25,0.3,60,0,1,-1,0,0,0,404,72.3,0.888,296,76.4,1.145,282,75.5,1.076
600,-2,0,0.25,0.3,60,0,1,-1,0,0,1,203,73.9,0.959,145,75.2,0.949,142,74.6,0.881
600,-2,0,0.25,0.3,60,0,1,-1,0,0,-1,200,70.5,0.818,150,77.3,1.382,138,76.1,1.311
600,-2,0,0.25,0.3,60,0,1,-1,0,1,0,245,73.5,0.928,167,71.9,0.882,176,71.6,0.882
600,-2,0,0.25,0.3,60,0,1,-1,-1,0,0,361,73.4,0.933,264,76.9,1.179,263,75.3,1.066
600,-2,0,0.25,0.3,60,0,1,-1,-1,1,0,217,74.2,0.978,154,73.4,0.986,165,71.5,0.879
600,-2,0,0.25,0.3,60,1,0,0,0,0,0,508,73.0,1.061,338,75.4,1.02,290,76.6,1.111
600,-2,0,0.25,0.3,60,1,0,0,0,0,1,311,72.7,1.047,223,76.7,1.141,184,78.8,1.248
600,-2,0,0.25,0.3,60,1,0,0,0,1,0,307,70.7,1.041,180,72.8,0.847,161,73.3,0.915
600,-2,0,0.25,0.3,60,1,0,0,0,2,0,201,76.6,1.09,158,78.5,1.28,129,80.6,1.46
600,-2,0,0.25,0.3,60,1,0,0,1,0,0,255,71.8,1.057,176,71.6,0.848,146,76.7,1.109
600,-2,0,0.25,0.3,60,1,0,0,-1,0,0,253,74.3,1.064,162,79.6,1.268,144,76.4,1.113
600,-2,0,0.25,0.3,60,1,0,1,0,0,0,254,72.0,1.036,175,72.6,0.887,146,74.7,1.02
600,-2,0,0.25,0.3,60,1,0,1,1,0,0,226,72.6,1.125,159,71.7,0.868,136,75.7,1.063
600,-2,0,0.25,0.3,60,1,0,-1,0,0,0,254,74.0,1.083,163,78.5,1.189,144,78.5,1.21
600,-2,0,0.25,0.3,60,1,0,-1,-1,0,0,225,75.1,1.146,146,79.5,1.288,134,77.6,1.166
600,-2,0,0.25,0.3,60,1,1,0,0,0,0,415,74.0,1.091,277,76.2,1.035,238,76.5,1.046
600,-2,0,0.25,0.3,60,1,1,0,0,0,1,252,72.2,1.0,183,76.5,1.114,150,78.0,1.133
600,-2,0,0.25,0.3,60,1,1,0,0,1,0,253,73.9,1.259,149,75.2,0.934,135,74.8,0.954
600,-2,0,0.25,0.3,60,1,1,0,1,0,0,218,72.9,1.1,149,72.5,0.822,123,77.2,1.076
600,-2,0,0.25,0.3,60,1,1,1,0,0,0,214,74.3,1.162,149,73.8,0.864,124,75.8,1.017
600,-2,0,0.25,0.3,60,1,1,-1,0,0,0,201,73.6,1.031,128,78.9,1.293,114,77.2,1.078
600,-2,0,0.25,0.3,60,-1,0,0,0,0,0,461,71.6,0.871,348,69.3,0.841,308,70.5,0.934
600,-2,0,0.25,0.3,60,-1,0,0,0,0,-1,294,70.1,0.8,219,72.6,1.068,191,73.3,1.167
600,-2,0,0.25,0.3,60,-1,0,0,0,1,0,261,74.3,0.983,212,63.7,0.624,193,66.3,0.751
600,-2,0,0.25,0.3,60,-1,0,0,0,2,0,200,68.0,0.753,136,77.9,1.452,115,77.4,1.408
600,-2,0,0.25,0.3,60,-1,0,0,1,0,0,221,71.0,0.864,162,67.3,0.773,146,67.8,0.821
600,-2,0,0.25,0.3,60,-1,0,0,-1,0,0,240,72.1,0.877,186,71.0,0.911,161,72.7,1.058
600,-2,0,0.25,0.3,60,-1,0,1,0,0,0,216,72.7,0.945,161,66.5,0.742,152,69.1,0.853
600,-2,0,0.25,0.3,60,-1,0,-1,0,0,0,245,70.6,0.811,187,71.7,0.942,156,71.8,1.029
600,-2,0,0.25,0.3,60,-1,0,-1,-1,0,0,223,71.3,0.839,168,71.4,0.933,146,71.9,1.049
600,-2,0,0.25,0.3,60,-1,1,0,0,0,0,367,72.2,0.876,295,70.5,0.897,261,72.0,0.965
600,-2,0,0.25,0.3,60,-1,1,0,0,0,-1,226,70.8,0.811,185,72.4,1.07,159,75.5,1.223
600,-2,0,0.25,0.3,60,-1,1,0,0,1,0,215,74.9,0.981,176,64.2,0.629,159,66.0,0.689
600,-2,1,0.15,1.0,60,0,0,0,0,0,0,1009,48.4,0.936,706,45.5,0.865,678,45.0,0.847
600,-2,1,0.15,1.0,60,0,0,0,0,0,1,512,49.8,0.98,342,43.6,0.812,326,43.3,0.794
600,-2,1,0.15,1.0,60,0,0,0,0,0,-1,493,47.1,0.897,362,47.5,0.929,344,47.4,0.922
600,-2,1,0.15,1.0,60,0,0,0,0,1,0,604,47.5,0.888,408,51.0,1.113,421,48.2,0.984
600,-2,1,0.15,1.0,60,0,0,0,0,1,1,306,48.4,0.93,206,47.6,0.959,209,44.5,0.843
600,-2,1,0.15,1.0,60,0,0,0,0,1,-1,298,46.6,0.846,202,54.5,1.298,212,51.9,1.145
600,-2,1,0.15,1.0,60,0,0,0,0,2,0,405,49.6,1.011,298,37.9,0.609,257,39.7,0.665
600,-2,1,0.15,1.0,60,0,0,0,0,2,1,206,51.9,1.055,136,37.5,0.63,117,41.0,0.717
600,-2,1,0.15,1.0,60,0,0,0,1,0,0,516,50.2,1.002,358,41.9,0.736,343,41.1,0.709
600,-2,1,0.15,1.0,60,0,0,0,1,0,1,262,51.5,1.05,178,37.6,0.641,169,36.7,0.596
600,-2,1,0.15,1.0,60,0,0,0,1,0,-1,253,49.0,0.956,179,46.4,0.849,171,46.2,0.855
600,-2,1,0.15,1.0,60,0,0,0,1,1,0,306,49.3,0.989,213,48.4,0.924,218,44.0,0.804
600,-2,1,0.15,1.0,60,0,0,0,1,2,0,210,51.4,1.022,145,32.4,0.515,125,36.0,0.569
600,-2,1,0.15,1.0,60,0,0,0,-1,0,0,493,46.5,0.869,348,49.1,1.019,334,48.8,1.013
600,-2,1,0.15,1.0,60,0,0,0,-1,0,1,250,48.0,0.908,164,50.0,1.037,157,50.3,1.078
600,-2,1,0.15,1.0,60,0,0,0,-1,0,-1,240,45.0,0.835,183,48.6,1.014,172,48.3,0.989
600,-2,1,0.15,1.0,60,0,0,0,-1,1,0,298,45.6,0.788,195,53.8,1.37,202,52.5,1.219
600,-2,1,0.15,1.0,60,0,0,1,0,0,0,520,50.2,0.998,361,42.4,0.771,336,42.6,0.756
600,-2,1,0.15,1.0,60,0,0,1,0,0,1,264,50.0,0.974,180,38.9,0.667,163,39.3,0.665
600,-2,1,0.15,1.0,60,0,0,1,0,0,-1,255,50.6,1.025,180,46.1,0.892,171,46.2,0.868
600,-2,1,0.15,1.0,60,0,0,1,0,1,0,308,49.4,0.993,211,47.9,0.969,214,46.3,0.898
600,-2,1,0.15,1.0,60,0,0,1,0,2,0,212,51.4,1.004,150,34.7,0.55,122,36.1,0.561
600,-2,1,0.15,1.0,60,0,0,1,1,0,0,467,50.1,0.994,323,41.2,0.717,313,41.9,0.725
600,-2,1,0.15,1.0,60,0,0,1,1,0,1,235,50.6,1.004,160,37.5,0.638,152,38.2,0.638
600,-2,1,0.15,1.0,60,0,0,1,1,0,-1,231,49.8,0.985,162,45.1,0.81,159,45.9,0.835
600,-2,1,0.15,1.0,60,0,0,1,1,1,0,276,48.6,0.96,194,45.9,0.842,201,44.8,0.83
600,-2,1,0.15,1.0,60,0,0,-1,0,0,0,487,46.4,0.873,344,48.8,0.987,338,47.6,0.954
600,-2,1,0.15,1.0,60,0,0,-1,0,0,1,248,49.6,0.986,162,48.8,1.005,163,47.2,0.949
600,-2,1,0.15,1.0,60,0,0,-1,0,0,-1,238,43.3,0.769,182,48.9,0.971,173,48.6,0.983
600,-2,1,0.15,1.0,60,0,0,-1,0,1,0,296,45.6,0.78,197,54.3,1.305,207,50.2,1.083
600,-2,1,0.15,1.0,60,0,0,-1,-1,0,0,438,45.9,0.851,309,48.9,0.989,309,48.9,1.0
600,-2,1,0.15,1.0,60,0,0,-1,-1,0,1,221,48.4,0.931,144,50.0,1.052,146,50.0,1.064
600,-2,1,0.15,1.0,60,0,0,-1,-1,0,-1,216,43.5,0.777,165,47.9,0.934,161,48.4,0.968
600,-2,1,0.15,1.0,60,0,0,-1,-1,1,0,266,44.4,0.733,178,52.2,1.215,190,51.6,1.149
600,-2,1,0.15,1.0,60,0,-1,0,0,0,0,815,47.4,0.922,588,44.2,0.826,569,43.8,0.821
600,-2,1,0.15,1.0,60,0,-1,0,0,0,1,405,48.4,0.962,286,42.0,0.766,273,41.4,0.749
600,-2,1,0.15,1.0,60,0,-1,0,0,0,-1,406,46.6,0.888,300,46.7,0.9,288,46.9,0.921
600,-2,1,0.15,1.0,60,0,-1,0,0,1,0,497,46.3,0.872,337,49.0,1.039,351,46.7,0.953
600,-2,1,0.15,1.0,60,0,-1,0,0,1,1,249,46.2,0.89,167,46.1,0.926,170,43.5,0.84
600,-2,1,0.15,1.0,60,0,-1,0,0,1,-1,248,46.4,0.854,170,51.8,1.167,181,49.7,1.073
600,-2,1,0.15,1.0,60,0,-1,0,0,2,0,318,49.1,1.004,251,37.8,0.601,218,39.0,0.647
600,-2,1,0.15,1.0,60,0,-1,0,1,0,0,398,49.2,1.011,291,40.9,0.701,288,40.3,0.699
600,-2,1,0.15,1.0,60,0,-1,0,1,0,-1,201,48.8,0.953,144,45.1,0.808,143,46.2,0.872
600,-2,1,0.15,1.0,60,0,-1,0,1,1,0,237,48.1,0.995,171,45.6,0.807,179,42.5,0.762
600,-2,1,0.15,1.0,60,0,-1,0,-1,0,0,417,45.6,0.841,297,47.5,0.967,280,47.1,0.963
600,-2,1,0.15,1.0,60,0,-1,0,-1,0,1,209,46.9,0.864,140,47.1,0.952,131,48.1,1.001
600,-2,1,0.15,1.0,60,0,-1,0,-1,0,-1,205,44.4,0.825,156,48.1,0.995,144,47.2,0.964
600,-2,1,0.15,1.0,60,0,-1,0,-1,1,0,260,44.6,0.764,166,52.4,1.367,171,50.9,1.202
600,-2,1,0.15,1.0,60,0,-1,1,0,0,0,404,50.2,1.042,296,39.9,0.689,282,41.5,0.739
600,-2,1,0.15,1.0,60,0,-1,1,0,0,1,200,50.0,1.055,150,36.7,0.602,138,37.7,0.63
600,-2,1,0.15,1.0,60,0,-1,1,0,0,-1,203,50.7,1.032,145,43.4,0.798,142,45.8,0.881
600,-2,1,0.15,1.0,60,0,-1,1,0,1,0,245,48.6,1.012,167,43.7,0.798,176,43.8,0.824
600,-2,1,0.15,1.0,60,0,-1,1,1,0,0,361,49.6,1.018,264,39.0,0.653,263,40.7,0.705
600,-2,1,0.15,1.0,60,0,-1,1,1,1,0,217,47.5,0.972,154,42.2,0.712,165,42.4,0.762
600,-2,1,0.15,1.0,60,0,-1,-1,0,0,0,409,44.5,0.815,291,48.8,1.005,283,46.3,0.917
600,-2,1,0.15,1.0,60,0,-1,-1,0,0,1,205,46.8,0.879,136,47.8,0.993,135,45.2,0.896
600,-2,1,0.15,1.0,60,0,-1,-1,0,0,-1,203,42.4,0.758,155,49.7,1.016,146,47.9,0.963
600,-2,1,0.15,1.0,60,0,-1,-1,0,1,0,252,44.0,0.742,170,54.1,1.376,175,49.7,1.109
600,-2,1,0.15,1.0,60,0,-1,-1,-1,0,0,372,44.4,0.802,264,47.7,0.967,259,47.1,0.943
600,-2,1,0.15,1.0,60,0,-1,-1,-1,1,0,232,43.1,0.704,153,51.6,1.274,161,50.3,1.143
600,-2,1,0.15,1.0,60,1,0,0,0,0,0,461,48.6,0.923,348,46.0,0.876,308,47.1,0.898
600,-2,1,0.15,1.0,60,1,0,0,0,0,1,294,50.3,0.988,219,40.6,0.693,191,42.4,0.748
600,-2,1,0.15,1.0,60,1,0,0,0,1,0,261,45.2,0.816,212,51.4,1.099,193,51.3,1.073
600,-2,1,0.15,1.0,60,1,0,0,0,2,0,200,53.0,1.076,136,37.5,0.611,115,40.0,0.672
600,-2,1,0.15,1.0,60,1,0,0,1,0,0,240,48.3,0.935,186,44.1,0.825,161,44.7,0.825
600,-2,1,0.15,1.0,60,1,0,0,-1,0,0,221,48.9,0.909,162,48.1,0.935,146,49.3,0.974
600,-2,1,0.15,1.0,60,1,0,1,0,0,0,245,49.0,0.947,187,43.9,0.819,156,48.1,0.904
600,-2,1,0.15,1.0,60,1,0,1,1,0,0,223,48.9,0.931,168,44.6,0.832,146,47.3,0.87
600,-2,1,0.15,1.0,60,1,0,-1,0,0,0,216,48.1,0.896,161,48.4,0.947,152,46.1,0.891
600,-2,1,0.15,1.0,60,1,-1,0,0,0,0,367,48.0,0.941,295,45.1,0.85,261,45.6,0.86
600,-2,1,0.15,1.0,60,1,-1,0,0,0,1,226,49.6,1.0,185,41.1,0.71,159,41.5,0.726
600,-2,1,0.15,1.0,60,1,-1,0,0,1,0,215,44.7,0.842,176,51.1,1.111,159,50.9,1.098
600,-2,1,0.15,1.0,60,-1,0,0,0,0,0,508,48.0,0.941,338,44.4,0.84,290,44.8,0.861
600,-2,1,0.15,1.0,60,-1,0,0,0,0,-1,311,47.9,0.938,223,42.2,0.735,184,42.9,0.777
600,-2,1,0.15,1.0,60,-1,0,0,0,1,0,307,48.9,0.929,180,49.4,1.092,161,48.4,1.037
600,-2,1,0.15,1.0,60,-1,0,0,0,2,0,201,46.8,0.961,158,38.6,0.623,129,40.3,0.681
600,-2,1,0.15,1.0,60,-1,0,0,1,0,0,253,52.2,1.062,162,38.9,0.634,144,38.9,0.636
600,-2,1,0.15,1.0,60,-1,0,0,-1,0,0,255,43.9,0.82,176,49.4,1.089,146,50.7,1.168
600,-2,1,0.15,1.0,60,-1,0,1,0,0,0,254,51.2,1.029,163,39.3,0.682,144,38.2,0.646
600,-2,1,0.15,1.0,60,-1,0,1,1,0,0,225,51.6,1.051,146,36.3,0.585,134,37.3,0.611
600,-2,1,0.15,1.0,60,-1,0,-1,0,0,0,254,44.9,0.85,175,49.1,1.036,146,51.4,1.166
600,-2,1,0.15,1.0,60,-1,0,-1,-1,0,0,226,43.4,0.814,159,47.8,1.002,136,50.7,1.162
600,-2,1,0.15,1.0,60,-1,-1,0,0,0,0,415,46.7,0.898,277,43.0,0.798,238,44.1,0.856
600,-2,1,0.15,1.0,60,-1,-1,0,0,0,-1,252,47.2,0.901,183,42.6,0.749,150,44.0,0.824
600,-2,1,0.15,1.0,60,-1,-1,0,0,1,0,253,47.0,0.875,149,45.6,0.941,135,45.9,0.958
600,-2,1,0.15,1.0,60,-1,-1,0,-1,0,0,218,43.1,0.788,149,47.0,1.023,123,48.8,1.107
600,-2,1,0.15,1.0,60,-1,-1,1,0,0,0,201,50.7,1.019,128,37.5,0.626,114,38.6,0.676
600,-2,1,0.15,1.0,60,-1,-1,-1,0,0,0,214,43.0,0.785,149,47.7,0.992,124,49.2,1.077
600,-1,0,0.15,0.6,60,0,0,0,0,0,0,1009,61.7,0.996,706,56.4,0.782,676,57.1,0.817
600,-1,0,0.15,0.6,60,0,0,0,0,0,1,488,63.5,1.066,360,54.4,0.737,327,54.7,0.752
600,-1,0,0.15,0.6,60,0,0,0,0,0,-1,517,60.0,0.932,344,58.4,0.828,341,59.5,0.878
600,-1,0,0.15,0.6,60,0,0,0,0,1,0,604,62.1,1.068,408,53.4,0.675,420,55.0,0.763
600,-1,0,0.15,0.6,60,0,0,0,0,1,1,284,63.0,1.129,210,51.0,0.605,214,51.4,0.651
600,-1,0,0.15,0.6,60,0,0,0,0,1,-1,320,61.3,1.018,198,56.1,0.758,206,58.7,0.895
600,-1,0,0.15,0.6,60,0,0,0,0,2,0,405,61.2,0.902,298,60.4,0.959,256,60.5,0.916
600,-1,0,0.15,0.6,60,0,0,0,0,2,1,204,64.2,0.987,150,59.3,0.98,113,61.1,0.991
600,-1,0,0.15,0.6,60,0,0,0,1,0,0,803,61.6,0.996,571,54.6,0.74,549,55.9,0.785
600,-1,0,0.15,0.6,60,0,0,0,1,0,1,392,63.5,1.077,293,51.9,0.68,271,53.5,0.73
600,-1,0,0.15,0.6,60,0,0,0,1,0,-1,407,59.7,0.92,276,57.6,0.803,271,58.3,0.837
600,-1,0,0.15,0.6,60,0,0,0,1,1,0,490,62.0,1.085,327,53.5,0.688,335,54.9,0.781
600,-1,0,0.15,0.6,60,0,0,0,1,1,1,236,63.6,1.18,171,49.1,0.579,177,50.3,0.645
600,-1,0,0.15,0.6,60,0,0,0,1,1,-1,254,60.6,1.006,156,58.3,0.834,158,60.1,0.971
600,-1,0,0.15,0.6,60,0,0,0,1,2,0,313,61.0,0.878,244,56.1,0.813,214,57.5,0.791
600,-1,0,0.15,0.6,60,0,0,0,-1,0,0,206,62.1,0.995,135,63.7,1.002,126,62.7,0.992
600,-1,0,0.15,0.6,60,0,0,1,0,0,0,769,62.2,1.008,551,54.6,0.736,535,56.1,0.788
600,-1,0,0.15,0.6,60,0,0,1,0,0,1,376,63.6,1.082,284,52.5,0.706,263,53.2,0.723
600,-1,0,0.15,0.6,60,0,0,1,0,0,-1,391,60.6,0.937,266,57.1,0.776,268,59.0,0.857
600,-1,0,0.15,0.6,60,0,0,1,0,1,0,470,62.3,1.095,321,53.3,0.696,334,55.7,0.804
600,-1,0,0.15,0.6,60,0,0,1,0,1,1,223,63.2,1.171,168,49.4,0.594,175,51.4,0.676
600,-1,0,0.15,0.6,60,0,0,1,0,1,-1,247,61.5,1.033,153,57.5,0.827,159,60.4,0.974
600,-1,0,0.15,0.6,60,0,0,1,0,2,0,299,61.9,0.894,230,56.5,0.798,201,56.7,0.761
600,-1,0,0.15,0.6,60,0,0,1,1,0,0,734,62.0,1.006,524,54.4,0.735,515,55.9,0.788
600,-1,0,0.15,0.6,60,0,0,1,1,0,1,362,63.5,1.086,269,52.0,0.7,254,53.9,0.749
600,-1,0,0.15,0.6,60,0,0,1,1,0,-1,370,60.3,0.929,254,57.1,0.78,257,58.0,0.83
600,-1,0,0.15,0.6,60,0,0,1,1,1,0,449,62.4,1.108,306,53.9,0.72,320,55.6,0.807
600,-1,0,0.15,0.6,60,0,0,1,1,1,1,218,63.3,1.188,161,49.7,0.61,168,51.8,0.693
600,-1,0,0.15,0.6,60,0,0,1,1,1,-1,231,61.5,1.04,145,58.6,0.864,152,59.9,0.954
600,-1,0,0.15,0.6,60,0,0,1,1,2,0,285,61.4,0.874,218,55.0,0.758,195,56.4,0.759
600,-1,0,0.15,0.6,60,0,0,-1,0,0,0,238,60.5,0.961,154,62.3,0.938,137,61.3,0.93
600,-1,0,0.15,0.6,60,0,1,0,0,0,0,701,61.8,0.984,461,60.1,0.916,436,60.6,0.918
600,-1,0,0.15,0.6,60,0,1,0,0,0,1,347,64.0,1.056,236,58.1,0.844,214,57.9,0.84
600,-1,0,0.15,0.6,60,0,1,0,0,0,-1,351,59.5,0.92,224,62.1,0.978,216,63.0,0.976
600,-1,0,0.15,0.6,60,0,1,0,0,1,0,421,63.4,1.117,265,56.2,0.754,273,57.9,0.818
600,-1,0,0.15,0.6,60,0,1,0,0,1,1,203,64.5,1.148,138,55.8,0.747,143,55.9,0.776
600,-1,0,0.15,0.6,60,0,1,0,0,1,-1,218,62.4,1.09,127,56.7,0.761,130,60.0,0.867
600,-1,0,0.15,0.6,60,0,1,0,0,2,0,280,59.3,0.828,196,65.3,1.198,163,65.0,1.118
600,-1,0,0.15,0.6,60,0,1,0,1,0,0,515,61.9,0.99,345,58.8,0.885,322,60.2,0.906
600,-1,0,0.15,0.6,60,0,1,0,1,0,1,254,64.2,1.072,179,55.9,0.793,163,57.7,0.846
600,-1,0,0.15,0.6,60,0,1,0,1,0,-1,258,59.7,0.917,165,61.8,0.973,154,62.3,0.941
600,-1,0,0.15,0.6,60,0,1,0,1,1,0,318,63.8,1.152,196,56.6,0.773,199,59.3,0.882
600,-1,0,0.15,0.6,60,0,1,1,0,0,0,493,63.3,1.032,331,58.3,0.851,316,59.8,0.885
600,-1,0,0.15,0.6,60,0,1,1,0,0,1,246,64.6,1.084,174,55.7,0.793,160,55.6,0.788
600,-1,0,0.15,0.6,60,0,1,1,0,0,-1,246,61.8,0.98,157,61.1,0.92,154,63.6,0.978
600,-1,0,0.15,0.6,60,0,1,1,0,1,0,301,64.5,1.185,196,56.1,0.764,200,59.5,0.889
600,-1,0,0.15,0.6,60,0,1,1,1,0,0,466,62.9,1.018,310,58.7,0.873,299,60.2,0.904
600,-1,0,0.15,0.6,60,0,1,1,1,0,1,233,64.4,1.079,163,55.8,0.805,152,57.2,0.845
600,-1,0,0.15,0.6,60,0,1,1,1,0,-1,232,61.2,0.959,147,61.9,0.954,145,62.8,0.948
600,-1,0,0.15,0.6,60,0,1,1,1,1,0,287,64.5,1.196,183,57.4,0.81,188,60.1,0.913
600,-1,0,0.15,0.6,60,0,1,-1,0,0,0,206,58.3,0.885,129,64.3,1.067,116,62.9,0.998
600,-1,0,0.15,0.6,60,0,-1,0,0,0,0,308,61.7,1.021,245,49.4,0.584,240,50.8,0.662
600,-1,0,0.15,0.6,60,0,-1,0,1,0,0,288,61.1,1.005,226,48.2,0.563,227,49.8,0.641
600,-1,0,0.15,0.6,60,0,-1,1,0,0,0,276,60.1,0.966,220,49.1,0.594,219,50.7,0.668
600,-1,0,0.15,0.6,60,0,-1,1,1,0,0,268,60.4,0.985,214,48.1,0.575,216,50.0,0.654
600,-1,0,0.15,0.6,60,1,0,0,0,0,0,520,62.3,1.041,346,57.2,0.818,294,57.8,0.811
600,-1,0,0.15,0.6,60,1,0,0,0,0,1,315,61.0,0.952,226,56.6,0.844,179,56.4,0.807
600,-1,0,0.15,0.6,60,1,0,0,0,0,-1,205,64.4,1.191,120,58.3,0.774,115,60.0,0.815
600,-1,0,0.15,0.6,60,1,0,0,0,1,0,314,61.1,1.096,198,55.6,0.726,183,55.7,0.732
600,-1,0,0.15,0.6,60,1,0,0,0,2,0,206,64.1,0.968,148,59.5,0.961,111,61.3,0.958
600,-1,0,0.15,0.6,60,1,0,0,1,0,0,410,61.7,1.026,289,55.0,0.758,244,57.8,0.81
600,-1,0,0.15,0.6,60,1,0,0,1,0,1,244,59.8,0.91,189,52.4,0.72,150,54.0,0.733
600,-1,0,0.15,0.6,60,1,0,0,1,1,0,253,60.9,1.109,170,54.7,0.715,152,56.6,0.762
600,-1,0,0.15,0.6,60,1,0,1,0,0,0,396,61.4,1.003,281,55.9,0.795,237,57.4,0.804
600,-1,0,0.15,0.6,60,1,0,1,0,0,1,237,59.5,0.898,181,53.6,0.765,143,53.1,0.715
600,-1,0,0.15,0.6,60,1,0,1,0,1,0,242,59.9,1.051,167,55.1,0.738,150,57.3,0.802
600,-1,0,0.15,0.6,60,1,0,1,1,0,0,375,61.6,1.018,267,55.4,0.781,231,58.0,0.819
600,-1,0,0.15,0.6,60,1,0,1,1,0,1,225,59.6,0.899,172,52.3,0.725,139,54.0,0.734
600,-1,0,0.15,0.6,60,1,0,1,1,1,0,230,60.4,1.089,161,55.3,0.745,146,57.5,0.802
600,-1,0,0.15,0.6,60,1,1,0,0,0,0,368,63.9,1.088,219,62.1,0.943,183,61.2,0.873
600,-1,0,0.15,0.6,60,1,1,0,0,0,1,220,61.8,0.959,148,60.8,0.936,115,60.9,0.886
600,-1,0,0.15,0.6,60,1,1,0,0,1,0,222,64.0,1.209,123,61.8,0.9,115,60.0,0.807
600,-1,0,0.15,0.6,60,1,1,0,1,0,0,265,63.4,1.072,171,60.2,0.876,138,62.3,0.903
600,-1,0,0.15,0.6,60,1,1,1,0,0,0,256,64.1,1.08,167,61.7,0.945,136,61.0,0.871
600,-1,0,0.15,0.6,60,1,1,1,1,0,0,239,64.0,1.079,155,61.9,0.952,130,62.3,0.905
600,-1,0,0.15,0.6,60,-1,0,0,0,0,0,449,62.8,1.008,340,55.9,0.753,302,54.3,0.741
600,-1,0,0.15,0.6,60,-1,0,0,0,0,-1,290,58.3,0.831,216,58.3,0.853,195,55.9,0.799
600,-1,0,0.15,0.6,60,-1,0,0,0,1,0,254,66.5,1.178,194,51.5,0.634,170,49.4,0.659
600,-1,0,0.15,0.6,60,-1,0,0,1,0,0,364,62.9,1.011,267,55.1,0.737,239,52.3,0.693
600,-1,0,0.15,0.6,60,-1,0,0,1,0,-1,226,57.5,0.792,171,56.7,0.802,156,52.6,0.697
600,-1,0,0.15,0.6,60,-1,0,0,1,1,0,212,66.0,1.171,145,53.1,0.686,128,49.2,0.689
600,-1,0,0.15,0.6,60,-1,0,1,0,0,0,346,63.9,1.041,259,53.7,0.687,238,52.5,0.689
600,-1,0,0.15,0.6,60,-1,0,1,0,0,-1,217,59.0,0.825,162,55.6,0.736,152,53.3,0.708
600,-1,0,0.15,0.6,60,-1,0,1,0,1,0,203,67.0,1.232,145,51.0,0.649,132,49.2,0.665
600,-1,0,0.15,0.6,60,-1,0,1,1,0,0,335,63.3,1.024,246,53.7,0.699,226,51.8,0.687
600,-1,0,0.15,0.6,60,-1,0,1,1,0,-1,207,58.0,0.795,155,54.8,0.725,145,51.7,0.681
600,-1,0,0.15,0.6,60,-1,1,0,0,0,0,308,61.0,0.945,229,58.1,0.874,201,57.2,0.829
600,-1,0,0.15,0.6,60,-1,1,0,1,0,0,233,61.4,0.954,166,57.8,0.891,145,55.9,0.787
600,-1,0,0.15,0.6,60,-1,1,1,0,0,0,222,63.1,1.013,157,55.4,0.782,146,56.2,0.776
600,-1,0,0.15,0.6,60,-1,1,1,1,0,0,213,62.4,0.996,148,56.1,0.82,136,55.9,0.79
600,-1,1,0.15,0.3,60,0,0,0,0,0,0,1009,70.0,0.846,706,74.9,1.097,676,74.6,1.086
600,-1,1,0.15,0.3,60,0,0,0,0,0,1,517,69.4,0.876,344,74.4,1.08,341,74.5,1.083
600,-1,1,0.15,0.3,60,0,0,0,0,0,-1,488,70.5,0.814,360,75.6,1.123,327,74.6,1.096
600,-1,1,0.15,0.3,60,0,0,0,0,1,0,604,68.5,0.769,408,78.4,1.38,420,77.4,1.289
600,-1,1,0.15,0.3,60,0,0,0,0,1,1,320,67.8,0.795,198,76.8,1.309,206,76.7,1.259
600,-1,1,0.15,0.3,60,0,0,0,0,1,-1,284,69.4,0.738,210,80.0,1.454,214,78.0,1.319
600,-1,1,0.15,0.3,60,0,0,0,0,2,0,405,72.1,0.981,298,70.1,0.833,256,69.9,0.847
600,-1,1,0.15,0.3,60,0,0,0,0,2,-1,204,72.1,0.933,150,69.3,0.833,113,68.1,0.82
600,-1,1,0.15,0.3,60,0,0,0,1,0,0,206,72.3,1.003,135,71.1,0.907,126,71.4,0.869
600,-1,1,0.15,0.3,60,0,0,0,-1,0,0,803,69.4,0.809,571,75.8,1.151,549,75.2,1.143
600,-1,1,0.15,0.3,60,0,0,0,-1,0,1,407,69.0,0.829,276,74.6,1.061,271,75.6,1.157
600,-1,1,0.15,0.3,60,0,0,0,-1,0,-1,392,69.6,0.788,293,77.1,1.255,271,74.9,1.145
600,-1,1,0.15,0.3,60,0,0,0,-1,1,0,490,68.2,0.75,327,79.2,1.416,335,78.2,1.339
600,-1,1,0.15,0.3,60,0,0,0,-1,1,1,254,67.3,0.751,156,76.3,1.195,158,77.8,1.296
600,-1,1,0.15,0.3,60,0,0,0,-1,1,-1,236,69.1,0.748,171,81.9,1.668,177,78.5,1.377
600,-1,1,0.15,0.3,60,0,0,0,-1,2,0,313,71.2,0.914,244,71.3,0.906,214,70.6,0.921
600,-1,1,0.15,0.3,60,0,0,1,0,0,0,238,70.2,0.887,154,70.1,0.926,137,72.3,0.973
600,-1,1,0.15,0.3,60,0,0,-1,0,0,0,769,70.0,0.836,551,76.4,1.168,535,75.1,1.12
600,-1,1,0.15,0.3,60,0,0,-1,0,0,1,391,70.3,0.895,266,76.3,1.175,268,75.7,1.154
600,-1,1,0.15,0.3,60,0,0,-1,0,0,-1,376,69.4,0.771,284,76.4,1.157,263,74.5,1.096
600,-1,1,0.15,0.3,60,0,0,-1,0,1,0,470,69.1,0.779,321,79.8,1.406,334,77.2,1.251
600,-1,1,0.15,0.3,60,0,0,-1,0,1,1,247,69.6,0.826,153,77.8,1.275,159,77.4,1.271
600,-1,1,0.15,0.3,60,0,0,-1,0,1,-1,223,68.6,0.726,168,81.5,1.547,175,77.1,1.233
600,-1,1,0.15,0.3,60,0,0,-1,0,2,0,299,71.2,0.934,230,71.7,0.936,201,71.6,0.953
600,-1,1,0.15,0.3,60,0,0,-1,-1,0,0,734,69.5,0.818,524,76.3,1.165,515,75.0,1.109
600,-1,1,0.15,0.3,60,0,0,-1,-1,0,1,370,69.7,0.867,254,75.6,1.127,257,75.5,1.139
600,-1,1,0.15,0.3,60,0,0,-1,-1,0,-1,362,69.1,0.762,269,77.0,1.197,254,74.4,1.088
600,-1,1,0.15,0.3,60,0,0,-1,-1,1,0,449,68.2,0.749,306,79.1,1.347,320,77.5,1.258
600,-1,1,0.15,0.3,60,0,0,-1,-1,1,1,231,68.0,0.776,145,76.6,1.187,152,77.6,1.281
600,-1,1,0.15,0.3,60,0,0,-1,-1,1,-1,218,68.3,0.719,161,81.4,1.525,168,77.4,1.238
600,-1,1,0.15,0.3,60,0,0,-1,-1,2,0,285,71.6,0.942,218,72.5,0.975,195,70.8,0.927
600,-1,1,0.15,0.3,60,0,1,0,0,0,0,308,70.8,0.882,245,79.6,1.45,240,80.8,1.585
600,-1,1,0.15,0.3,60,0,1,0,-1,0,0,288,70.5,0.873,226,80.5,1.509,227,81.1,1.639
600,-1,1,0.15,0.3,60,0,1,-1,0,0,0,276,71.7,0.916,220,80.0,1.46,219,80.8,1.597
600,-1,1,0.15,0.3,60,0,1,-1,-1,0,0,268,70.9,0.887,214,80.8,1.53,216,81.0,1.637
600,-1,1,0.15,0.3,60,0,-1,0,0,0,0,701,69.6,0.832,461,72.5,0.952,436,71.1,0.9
600,-1,1,0.15,0.3,60,0,-1,0,0,0,1,351,69.8,0.875,224,71.9,0.935,216,70.4,0.901
600,-1,1,0.15,0.3,60,0,-1,0,0,0,-1,347,69.5,0.79,236,73.3,0.985,214,72.0,0.915
600,-1,1,0.15,0.3,60,0,-1,0,0,1,0,421,68.4,0.756,265,76.2,1.23,273,73.6,1.064
600,-1,1,0.15,0.3,60,0,-1,0,0,1,1,218,68.3,0.791,127,75.6,1.252,130,72.3,1.046
600,-1,1,0.15,0.3,60,0,-1,0,0,1,-1,203,68.5,0.715,138,76.8,1.212,143,74.8,1.081
600,-1,1,0.15,0.3,60,0,-1,0,0,2,0,280,71.4,0.959,196,67.3,0.703,163,66.9,0.695
600,-1,1,0.15,0.3,60,0,-1,0,-1,0,0,515,68.7,0.775,345,72.8,0.975,322,71.1,0.909
600,-1,1,0.15,0.3,60,0,-1,0,-1,0,1,258,69.8,0.809,165,71.5,0.911,154,70.8,0.918
600,-1,1,0.15,0.3,60,0,-1,0,-1,0,-1,254,67.7,0.743,179,74.3,1.061,163,71.8,0.928
600,-1,1,0.15,0.3,60,0,-1,0,-1,1,0,318,68.2,0.736,196,77.6,1.319,199,73.9,1.052
600,-1,1,0.15,0.3,60,0,-1,1,0,0,0,206,71.4,0.931,129,69.0,0.857,116,70.7,0.915
600,-1,1,0.15,0.3,60,0,-1,-1,0,0,0,493,69.0,0.795,331,74.0,1.011,316,71.2,0.895
600,-1,1,0.15,0.3,60,0,-1,-1,0,0,1,246,70.3,0.844,157,73.9,1.053,154,71.4,0.955
600,-1,1,0.15,0.3,60,0,-1,-1,0,0,-1,246,67.5,0.743,174,74.1,0.974,160,71.2,0.863
600,-1,1,0.15,0.3,60,0,-1,-1,0,1,0,301,68.8,0.755,196,78.1,1.297,200,73.0,0.989
600,-1,1,0.15,0.3,60,0,-1,-1,-1,0,0,466,68.7,0.781,310,73.2,0.973,299,70.6,0.86
600,-1,1,0.15,0.3,60,0,-1,-1,-1,0,1,232,70.3,0.824,147,72.1,0.966,145,70.3,0.897
600,-1,1,0.15,0.3,60,0,-1,-1,-1,0,-1,233,67.0,0.734,163,74.2,0.98,152,71.1,0.848
600,-1,1,0.15,0.3,60,0,-1,-1,-1,1,0,287,67.9,0.728,183,77.0,1.214,188,72.9,0.959
600,-1,1,0.15,0.3,60,1,0,0,0,0,0,449,70.2,0.862,340,74.7,1.048,302,75.5,1.146
600,-1,1,0.15,0.3,60,1,0,0,0,0,1,290,72.8,1.048,216,73.6,1.005,195,74.9,1.107
600,-1,1,0.15,0.3,60,1,0,0,0,1,0,254,66.9,0.708,194,78.4,1.343,170,80.0,1.575
600,-1,1,0.15,0.3,60,1,0,0,-1,0,0,364,69.8,0.826,267,75.3,1.069,239,76.2,1.195
600,-1,1,0.15,0.3,60,1,0,0,-1,0,1,226,72.6,1.023,171,73.7,0.997,156,75.0,1.136
600,-1,1,0.15,0.3,60,1,0,0,-1,1,0,212,67.0,0.714,145,79.3,1.377,128,81.2,1.623
600,-1,1,0.15,0.3,60,1,0,-1,0,0,0,346,70.2,0.867,259,77.2,1.203,238,76.5,1.213
600,-1,1,0.15,0.3,60,1,0,-1,0,0,1,217,73.3,1.096,162,75.9,1.151,152,75.7,1.162
600,-1,1,0.15,0.3,60,1,0,-1,0,1,0,203,68.0,0.75,145,80.7,1.474,132,80.3,1.571
600,-1,1,0.15,0.3,60,1,0,-1,-1,0,0,335,70.1,0.853,246,76.8,1.168,226,76.5,1.205
600,-1,1,0.15,0.3,60,1,0,-1,-1,0,1,207,73.4,1.085,155,75.5,1.117,145,75.2,1.13
600,-1,1,0.15,0.3,60,1,-1,0,0,0,0,308,69.8,0.812,229,71.2,0.882,201,70.6,0.921
600,-1,1,0.15,0.3,60,1,-1,0,-1,0,0,233,69.5,0.755,166,71.7,0.888,145,71.0,0.937
600,-1,1,0.15,0.3,60,1,-1,-1,0,0,0,222,69.8,0.793,157,74.5,1.05,146,71.2,0.96
600,-1,1,0.15,0.3,60,1,-1,-1,-1,0,0,213,70.0,0.775,148,73.6,0.997,136,71.3,0.944
600,-1,1,0.15,0.3,60,-1,0,0,0,0,0,520,69.2,0.821,346,75.4,1.169,294,74.1,1.104
600,-1,1,0.15,0.3,60,-1,0,0,0,0,1,205,64.4,0.705,120,76.7,1.297,115,75.7,1.179
600,-1,1,0.15,0.3,60,-1,0,0,0,0,-1,315,72.4,0.929,226,74.8,1.11,179,73.2,1.061
600,-1,1,0.15,0.3,60,-1,0,0,0,1,0,314,68.8,0.797,198,78.8,1.453,183,76.0,1.223
600,-1,1,0.15,0.3,60,-1,0,0,0,2,0,206,69.9,0.859,148,70.9,0.906,111,71.2,0.948
600,-1,1,0.15,0.3,60,-1,0,0,-1,0,0,410,68.5,0.783,289,76.8,1.267,244,75.0,1.175
600,-1,1,0.15,0.3,60,-1,0,0,-1,0,-1,244,71.7,0.93,189,76.7,1.281,150,73.3,1.131
600,-1,1,0.15,0.3,60,-1,0,0,-1,1,0,253,68.4,0.761,170,80.0,1.539,152,77.0,1.295
600,-1,1,0.15,0.3,60,-1,0,-1,0,0,0,396,69.2,0.793,281,76.2,1.176,237,75.1,1.151
600,-1,1,0.15,0.3,60,-1,0,-1,0,0,-1,237,71.3,0.883,181,75.1,1.118,143,73.4,1.086
600,-1,1,0.15,0.3,60,-1,0,-1,0,1,0,242,69.4,0.784,167,80.2,1.474,150,76.7,1.219
600,-1,1,0.15,0.3,60,-1,0,-1,-1,0,0,375,68.5,0.775,267,76.4,1.202,231,74.5,1.12
600,-1,1,0.15,0.3,60,-1,0,-1,-1,0,-1,225,71.1,0.885,172,76.2,1.194,139,72.7,1.058
600,-1,1,0.15,0.3,60,-1,0,-1,-1,1,0,230,68.7,0.761,161,79.5,1.418,146,76.0,1.18
600,-1,1,0.15,0.3,60,-1,-1,0,0,0,0,368,68.8,0.832,219,74.0,1.056,183,72.1,0.952
600,-1,1,0.15,0.3,60,-1,-1,0,0,0,-1,220,71.4,0.913,148,73.6,1.033,115,72.2,0.935
600,-1,1,0.15,0.3,60,-1,-1,0,0,1,0,222,68.9,0.838,123,76.4,1.269,115,73.0,1.043
600,-1,1,0.15,0.3,60,-1,-1,0,-1,0,0,265,67.5,0.782,171,74.3,1.108,138,72.5,0.986
600,-1,1,0.15,0.3,60,-1,-1,-1,0,0,0,256,67.6,0.779,167,73.7,0.984,136,72.8,0.937
600,-1,1,0.15,0.3,60,-1,-1,-1,-1,0,0,239,66.9,0.77,155,72.9,0.959,130,71.5,0.885
600,-1,1,0.25,1.0,60,0,0,0,0,0,0,1009,47.6,0.977,706,51.8,1.144,676,51.9,1.112
600,-1,1,0.25,1.0,60,0,0,0,0,0,1,517,48.2,1.065,344,50.9,1.072,341,51.6,1.049
600,-1,1,0.25,1.0,60,0,0,0,0,0,-1,488,46.9,0.89,360,53.1,1.233,327,53.2,1.213
600,-1,1,0.25,1.0,60,0,0,0,0,1,0,604,47.5,0.928,408,53.2,1.209,420,55.0,1.233
600,-1,1,0.25,1.0,60,0,0,0,0,1,1,320,45.0,0.942,198,49.5,1.007,206,51.0,0.988
600,-1,1,0.25,1.0,60,0,0,0,0,1,-1,284,50.4,0.911,210,56.7,1.462,214,58.9,1.545
600,-1,1,0.25,1.0,60,0,0,0,0,2,0,405,47.7,1.049,298,50.0,1.061,256,46.9,0.941
600,-1,1,0.25,1.0,60,0,0,0,0,2,-1,204,42.2,0.864,150,48.0,0.981,113,42.5,0.788
600,-1,1,0.25,1.0,60,0,0,0,1,0,0,206,49.5,0.993,135,50.4,1.066,126,50.8,1.073
600,-1,1,0.25,1.0,60,0,0,0,-1,0,0,803,47.1,0.972,571,52.2,1.163,549,52.3,1.124
600,-1,1,0.25,1.0,60,0,0,0,-1,0,1,407,46.4,0.99,276,50.4,1.06,271,51.3,1.028
600,-1,1,0.25,1.0,60,0,0,0,-1,0,-1,392,47.7,0.955,293,54.3,1.292,271,54.2,1.269
600,-1,1,0.25,1.0,60,0,0,0,-1,1,0,490,46.9,0.887,327,53.2,1.255,335,55.5,1.281
600,-1,1,0.25,1.0,60,0,0,0,-1,1,1,254,44.1,0.867,156,48.7,1.04,158,51.3,1.02
600,-1,1,0.25,1.0,60,0,0,0,-1,1,-1,236,50.0,0.909,171,57.3,1.516,177,59.3,1.587
600,-1,1,0.25,1.0,60,0,0,0,-1,2,0,313,47.3,1.111,244,50.8,1.053,214,47.2,0.918
600,-1,1,0.25,1.0,60,0,0,1,0,0,0,238,48.3,0.965,154,50.0,1.135,137,51.1,1.119
600,-1,1,0.25,1.0,60,0,0,-1,0,0,0,769,47.3,0.979,551,52.5,1.153,535,52.3,1.112
600,-1,1,0.25,1.0,60,0,0,-1,0,0,1,391,47.6,1.053,266,51.1,1.089,268,51.5,1.042
600,-1,1,0.25,1.0,60,0,0,-1,0,0,-1,376,47.1,0.91,284,53.9,1.223,263,54.0,1.224
600,-1,1,0.25,1.0,60,0,0,-1,0,1,0,470,46.8,0.885,321,53.6,1.21,334,54.8,1.204
600,-1,1,0.25,1.0,60,0,0,-1,0,1,1,247,44.1,0.887,153,49.7,1.046,159,50.9,1.01
600,-1,1,0.25,1.0,60,0,0,-1,0,1,-1,223,49.8,0.882,168,57.1,1.403,175,58.3,1.424
600,-1,1,0.25,1.0,60,0,0,-1,0,2,0,299,48.2,1.128,230,50.9,1.077,201,48.3,0.974
600,-1,1,0.25,1.0,60,0,0,-1,-1,0,0,734,46.7,0.963,524,52.3,1.148,515,52.6,1.118
600,-1,1,0.25,1.0,60,0,0,-1,-1,0,1,370,46.5,1.009,254,50.8,1.069,257,51.8,1.037
600,-1,1,0.25,1.0,60,0,0,-1,-1,0,-1,362,47.0,0.921,269,53.9,1.237,254,54.3,1.245
600,-1,1,0.25,1.0,60,0,0,-1,-1,1,0,449,45.9,0.858,306,52.9,1.194,320,55.3,1.242
600,-1,1,0.25,1.0,60,0,0,-1,-1,1,1,231,42.9,0.851,145,48.3,0.997,152,51.3,1.029
600,-1,1,0.25,1.0,60,0,0,-1,-1,1,-1,218,49.1,0.865,161,57.1,1.434,168,58.9,1.489
600,-1,1,0.25,1.0,60,0,0,-1,-1,2,0,285,48.1,1.135,218,51.4,1.087,195,48.2,0.942
600,-1,1,0.25,1.0,60,0,1,0,0,0,0,308,50.3,1.019,245,57.1,1.396,240,57.1,1.299
600,-1,1,0.25,1.0,60,0,1,0,-1,0,0,288,49.7,0.997,226,58.0,1.449,227,57.7,1.36
600,-1,1,0.25,1.0,60,0,1,-1,0,0,0,276,50.7,1.057,220,56.8,1.37,219,57.1,1.309
600,-1,1,0.25,1.0,60,0,1,-1,-1,0,0,268,50.0,1.029,214,57.5,1.402,216,57.4,1.316
600,-1,1,0.25,1.0,60,0,-1,0,0,0,0,701,46.4,0.959,461,49.0,1.028,436,49.1,1.023
600,-1,1,0.25,1.0,60,0,-1,0,0,0,1,351,48.7,1.115,224,50.4,1.109,216,50.0,1.064
600,-1,1,0.25,1.0,60,0,-1,0,0,0,-1,347,44.1,0.819,236,47.9,0.962,214,49.1,1.008
600,-1,1,0.25,1.0,60,0,-1,0,0,1,0,421,45.6,0.892,265,51.3,1.159,273,52.7,1.182
600,-1,1,0.25,1.0,60,0,-1,0,0,1,1,218,43.6,0.892,127,51.2,1.167,130,50.8,1.093
600,-1,1,0.25,1.0,60,0,-1,0,0,1,-1,203,47.8,0.892,138,51.4,1.15,143,54.5,1.27
600,-1,1,0.25,1.0,60,0,-1,0,0,2,0,280,47.5,1.058,196,45.9,0.884,163,42.9,0.812
600,-1,1,0.25,1.0,60,0,-1,0,-1,0,0,515,45.6,0.958,345,48.4,1.008,322,48.4,0.986
600,-1,1,0.25,1.0,60,0,-1,0,-1,0,1,258,46.9,1.02,165,49.1,1.07,154,48.7,1.006
600,-1,1,0.25,1.0,60,0,-1,0,-1,0,-1,254,44.5,0.9,179,48.0,0.964,163,49.1,1.0
600,-1,1,0.25,1.0,60,0,-1,0,-1,1,0,318,44.3,0.828,196,51.0,1.226,199,52.3,1.194
600,-1,1,0.25,1.0,60,0,-1,1,0,0,0,206,48.5,1.006,129,48.1,1.052,116,50.0,1.109
600,-1,1,0.25,1.0,60,0,-1,-1,0,0,0,493,45.4,0.937,331,49.5,1.028,316,49.1,0.996
600,-1,1,0.25,1.0,60,0,-1,-1,0,0,1,246,47.6,1.067,157,50.3,1.128,154,48.7,1.03
600,-1,1,0.25,1.0,60,0,-1,-1,0,0,-1,246,43.5,0.822,174,48.9,0.934,160,50.0,0.991
600,-1,1,0.25,1.0,60,0,-1,-1,0,1,0,301,43.9,0.806,196,52.0,1.19,200,52.5,1.137
600,-1,1,0.25,1.0,60,0,-1,-1,-1,0,0,466,44.8,0.927,310,48.7,1.001,299,49.2,0.996
600,-1,1,0.25,1.0,60,0,-1,-1,-1,0,1,232,46.6,1.02,147,49.7,1.098,145,49.0,1.025
600,-1,1,0.25,1.0,60,0,-1,-1,-1,0,-1,233,43.3,0.843,163,47.9,0.911,152,50.0,0.998
600,-1,1,0.25,1.0,60,0,-1,-1,-1,1,0,287,42.9,0.782,183,50.8,1.164,188,52.7,1.178
600,-1,1,0.25,1.0,60,1,0,0,0,0,0,449,49.2,1.024,340,55.6,1.27,302,58.3,1.362
600,-1,1,0.25,1.0,60,1,0,0,0,0,1,290,52.4,1.246,216,54.2,1.167,195,55.9,1.21
600,-1,1,0.25,1.0,60,1,0,0,0,1,0,254,46.1,0.882,194,56.7,1.367,170,61.8,1.536
600,-1,1,0.25,1.0,60,1,0,0,-1,0,0,364,48.1,0.983,267,55.4,1.24,239,57.7,1.313
600,-1,1,0.25,1.0,60,1,0,0,-1,0,1,226,51.3,1.195,171,53.8,1.12,156,55.1,1.141
600,-1,1,0.25,1.0,60,1,0,0,-1,1,0,212,46.7,0.87,145,56.6,1.411,128,62.5,1.614
600,-1,1,0.25,1.0,60,1,0,-1,0,0,0,346,48.6,1.011,259,56.4,1.278,238,57.6,1.299
600,-1,1,0.25,1.0,60,1,0,-1,0,0,1,217,52.5,1.265,162,54.9,1.19,152,55.3,1.165
600,-1,1,0.25,1.0,60,1,0,-1,0,1,0,203,45.3,0.835,145,57.2,1.394,132,60.6,1.482
600,-1,1,0.25,1.0,60,1,0,-1,-1,0,0,335,48.4,0.992,246,56.9,1.301,226,58.4,1.319
600,-1,1,0.25,1.0,60,1,0,-1,-1,0,1,207,52.2,1.236,155,55.5,1.201,145,55.9,1.15
600,-1,1,0.25,1.0,60,1,-1,0,0,0,0,308,50.0,1.078,229,53.7,1.171,201,56.2,1.265
600,-1,1,0.25,1.0,60,1,-1,0,-1,0,0,233,48.9,1.03,166,53.0,1.101,145,55.2,1.176
600,-1,1,0.25,1.0,60,1,-1,-1,0,0,0,222,48.6,1.031,157,54.1,1.141,146,54.1,1.151
600,-1,1,0.25,1.0,60,1,-1,-1,-1,0,0,213,48.4,0.994,148,54.7,1.17,136,55.1,1.168
600,-1,1,0.25,1.0,60,-1,0,0,0,0,0,520,44.8,0.892,346,48.0,1.014,294,47.6,0.966
600,-1,1,0.25,1.0,60,-1,0,0,0,0,1,205,40.5,0.805,120,45.0,0.916,115,47.0,0.935
600,-1,1,0.25,1.0,60,-1,0,0,0,0,-1,315,47.6,0.958,226,49.6,1.077,179,48.0,0.988
600,-1,1,0.25,1.0,60,-1,0,0,0,1,0,314,46.5,0.892,198,49.0,1.018,183,51.4,1.084
600,-1,1,0.25,1.0,60,-1,0,0,0,2,0,206,42.2,0.892,148,46.6,1.009,111,41.4,0.809
600,-1,1,0.25,1.0,60,-1,0,0,-1,0,0,410,45.4,0.944,289,48.8,1.076,244,48.4,1.012
600,-1,1,0.25,1.0,60,-1,0,0,-1,0,-1,244,50.0,1.132,189,51.3,1.167,150,50.0,1.083
600,-1,1,0.25,1.0,60,-1,0,0,-1,1,0,253,45.8,0.867,170,49.4,1.089,152,51.3,1.111
600,-1,1,0.25,1.0,60,-1,0,-1,0,0,0,396,45.5,0.932,281,48.8,1.042,237,48.5,1.012
600,-1,1,0.25,1.0,60,-1,0,-1,0,0,-1,237,49.4,1.061,181,50.8,1.111,143,50.3,1.098
600,-1,1,0.25,1.0,60,-1,0,-1,0,1,0,242,46.7,0.896,167,50.3,1.068,150,51.3,1.067
600,-1,1,0.25,1.0,60,-1,0,-1,-1,0,0,375,44.8,0.93,267,47.9,1.017,231,48.5,1.011
600,-1,1,0.25,1.0,60,-1,0,-1,-1,0,-1,225,49.3,1.097,172,50.6,1.111,139,50.4,1.096
600,-1,1,0.25,1.0,60,-1,0,-1,-1,1,0,230,45.2,0.853,161,49.1,1.027,146,51.4,1.082
600,-1,1,0.25,1.0,60,-1,-1,0,0,0,0,368,42.1,0.826,219,43.8,0.884,183,43.7,0.873
600,-1,1,0.25,1.0,60,-1,-1,0,0,0,-1,220,43.6,0.838,148,43.9,0.823,115,42.6,0.781
600,-1,1,0.25,1.0,60,-1,-1,0,0,1,0,222,44.6,0.895,123,44.7,0.928,115,47.8,1.052
600,-1,1,0.25,1.0,60,-1,-1,0,-1,0,0,265,42.3,0.891,171,43.3,0.914,138,42.8,0.852
600,-1,1,0.25,1.0,60,-1,-1,-1,0,0,0,256,42.2,0.854,167,44.3,0.899,136,44.1,0.884
600,-1,1,0.25,1.0,60,-1,-1,-1,-1,0,0,239,41.4,0.866,155,41.9,0.826,130,43.8,0.879
600,30,0,0.25,0.6,60,0,0,0,0,0,0,1009,57.4,0.921,706,58.5,0.953,675,59.3,0.983
600,30,0,0.25,0.6,60,0,0,0,0,0,1,498,59.0,0.981,358,56.4,0.86,338,58.0,0.9
600,30,0,0.25,0.6,60,0,0,0,0,0,-1,507,55.6,0.863,346,60.4,1.044,329,60.5,1.064
600,30,0,0.25,0.6,60,0,0,0,0,1,0,604,57.0,0.934,408,54.9,0.814,421,55.1,0.859
600,30,0,0.25,0.6,60,0,0,0,0,1,1,292,56.5,0.948,202,51.5,0.697,210,51.4,0.71
600,30,0,0.25,0.6,60,0,0,0,0,1,-1,312,57.4,0.921,206,58.3,0.947,211,58.8,1.042
600,30,0,0.25,0.6,60,0,0,0,0,2,0,405,58.0,0.902,298,63.4,1.184,254,66.1,1.23
600,30,0,0.25,0.6,60,0,0,0,0,2,1,206,62.6,1.029,156,62.8,1.137,128,68.8,1.359
600,30,0,0.25,0.6,60,0,0,0,1,0,0,510,57.8,0.922,338,55.6,0.822,311,56.9,0.864
600,30,0,0.25,0.6,60,0,0,0,1,0,1,251,58.6,0.943,176,54.5,0.779,159,54.7,0.801
600,30,0,0.25,0.6,60,0,0,0,1,0,-1,256,57.0,0.899,161,56.5,0.854,147,58.5,0.908
600,30,0,0.25,0.6,60,0,0,0,1,1,0,308,56.8,0.977,189,52.4,0.658,188,51.6,0.727
600,30,0,0.25,0.6,60,0,0,0,1,2,0,202,59.4,0.85,149,59.7,1.093,123,65.0,1.139
600,30,0,0.25,0.6,60,0,0,0,-1,0,0,499,56.9,0.919,368,61.1,1.099,363,61.2,1.098
600,30,0,0.25,0.6,60,0,0,0,-1,0,1,247,59.5,1.019,182,58.2,0.947,178,60.7,0.992
600,30,0,0.25,0.6,60,0,0,0,-1,0,-1,251,54.2,0.83,185,63.8,1.27,182,62.1,1.219
600,30,0,0.25,0.6,60,0,0,0,-1,1,0,296,57.1,0.893,219,57.1,0.987,232,57.8,0.986
600,30,0,0.25,0.6,60,0,0,0,-1,2,0,203,56.7,0.957,149,67.1,1.288,131,67.2,1.323
600,30,0,0.25,0.6,60,0,0,1,0,0,0,500,58.2,0.926,336,56.0,0.838,317,57.7,0.894
600,30,0,0.25,0.6,60,0,0,1,0,0,1,247,60.7,1.053,176,54.5,0.813,161,54.7,0.825
600,30,0,0.25,0.6,60,0,0,1,0,0,-1,252,55.6,0.816,160,57.5,0.864,154,60.4,0.946
600,30,0,0.25,0.6,60,0,0,1,0,1,0,300,57.3,1.007,191,51.8,0.692,191,52.9,0.784
600,30,0,0.25,0.6,60,0,0,1,0,2,0,200,59.5,0.828,145,61.4,1.081,126,65.1,1.106
600,30,0,0.25,0.6,60,0,0,1,1,0,0,453,58.5,0.937,300,56.3,0.849,287,57.1,0.886
600,30,0,0.25,0.6,60,0,0,1,1,0,1,227,59.9,1.006,159,55.3,0.829,148,54.7,0.829
600,30,0,0.25,0.6,60,0,0,1,1,0,-1,225,56.9,0.87,141,57.4,0.87,137,59.1,0.925
600,30,0,0.25,0.6,60,0,0,1,1,1,0,273,58.2,1.06,172,54.1,0.741,175,52.0,0.751
600,30,0,0.25,0.6,60,0,0,-1,0,0,0,507,56.6,0.917,369,60.7,1.066,354,60.7,1.072
600,30,0,0.25,0.6,60,0,0,-1,0,0,1,251,57.4,0.921,182,58.2,0.905,177,61.0,0.973
600,30,0,0.25,0.6,60,0,0,-1,0,0,-1,255,55.7,0.912,186,62.9,1.255,175,60.6,1.19
600,30,0,0.25,0.6,60,0,0,-1,0,1,0,304,56.6,0.873,217,57.6,0.942,230,57.0,0.932
600,30,0,0.25,0.6,60,0,0,-1,0,2,0,203,56.7,0.989,152,65.1,1.275,124,67.7,1.375
600,30,0,0.25,0.6,60,0,0,-1,-1,0,0,452,57.1,0.929,332,62.0,1.145,332,61.1,1.108
600,30,0,0.25,0.6,60,0,0,-1,-1,0,1,227,58.6,0.974,165,59.4,0.977,165,61.2,1.008
600,30,0,0.25,0.6,60,0,0,-1,-1,0,-1,224,55.4,0.885,166,64.5,1.344,165,61.2,1.226
600,30,0,0.25,0.6,60,0,0,-1,-1,1,0,269,58.0,0.925,200,59.5,1.089,216,57.4,0.966
600,30,0,0.25,0.6,60,0,1,0,0,0,0,838,58.1,0.928,588,60.4,1.013,578,60.9,1.031
600,30,0,0.25,0.6,60,0,1,0,0,0,1,420,58.8,0.958,298,59.1,0.931,291,59.5,0.926
600,30,0,0.25,0.6,60,0,1,0,0,0,-1,414,57.2,0.897,288,61.5,1.086,279,62.4,1.141
600,30,0,0.25,0.6,60,0,1,0,0,1,0,505,58.2,0.959,343,56.6,0.841,357,57.1,0.89
600,30,0,0.25,0.6,60,0,1,0,0,1,1,249,56.6,0.95,173,54.9,0.766,183,54.1,0.758
600,30,0,0.25,0.6,60,0,1,0,0,1,-1,256,59.8,0.968,170,58.2,0.925,174,60.3,1.058
600,30,0,0.25,0.6,60,0,1,0,0,2,0,333,58.0,0.884,245,65.7,1.329,221,67.0,1.31
600,30,0,0.25,0.6,60,0,1,0,1,0,0,437,58.6,0.93,292,57.2,0.865,273,58.2,0.897
600,30,0,0.25,0.6,60,0,1,0,1,0,1,220,58.6,0.921,152,56.6,0.83,141,56.0,0.828
600,30,0,0.25,0.6,60,0,1,0,1,0,-1,214,58.4,0.935,139,57.6,0.886,127,59.8,0.946
600,30,0,0.25,0.6,60,0,1,0,1,1,0,269,57.6,0.991,166,52.4,0.633,167,52.1,0.702
600,30,0,0.25,0.6,60,0,1,0,-1,0,0,401,57.6,0.926,296,63.5,1.193,304,63.2,1.17
600,30,0,0.25,0.6,60,0,1,0,-1,0,1,200,59.0,0.999,146,61.6,1.049,149,62.4,1.022
600,30,0,0.25,0.6,60,0,1,0,-1,0,-1,200,56.0,0.859,149,65.1,1.345,152,64.5,1.347
600,30,0,0.25,0.6,60,0,1,0,-1,1,0,236,58.9,0.927,177,60.5,1.104,189,61.4,1.095
600,30,0,0.25,0.6,60,0,1,1,0,0,0,427,59.5,0.952,287,56.1,0.822,277,58.8,0.928
600,30,0,0.25,0.6,60,0,1,1,0,0,1,217,60.8,1.023,151,55.6,0.823,142,55.6,0.845
600,30,0,0.25,0.6,60,0,1,1,0,0,-1,209,57.9,0.883,136,56.6,0.821,133,61.7,0.996
600,30,0,0.25,0.6,60,0,1,1,0,1,0,258,58.5,1.039,170,50.6,0.632,170,52.4,0.731
600,30,0,0.25,0.6,60,0,1,1,1,0,0,391,59.6,0.956,259,57.1,0.855,252,58.3,0.912
600,30,0,0.25,0.6,60,0,1,1,1,0,1,200,60.0,0.976,138,56.5,0.835,131,55.7,0.844
600,30,0,0.25,0.6,60,0,1,1,1,1,0,239,59.0,1.071,153,52.9,0.671,156,51.9,0.708
600,30,0,0.25,0.6,60,0,1,-1,0,0,0,409,56.7,0.906,300,64.3,1.238,297,63.0,1.141
600,30,0,0.25,0.6,60,0,1,-1,0,0,1,203,56.7,0.899,147,62.6,1.052,149,63.1,1.011
600,30,0,0.25,0.6,60,0,1,-1,0,0,-1,205,56.6,0.912,152,65.8,1.449,146,63.0,1.301
600,30,0,0.25,0.6,60,0,1,-1,0,1,0,247,57.9,0.891,173,62.4,1.121,187,61.5,1.074
600,30,0,0.25,0.6,60,0,1,-1,-1,0,0,365,57.5,0.927,268,65.3,1.292,278,63.3,1.172
600,30,0,0.25,0.6,60,0,1,-1,-1,1,0,217,59.4,0.947,160,63.7,1.249,175,61.7,1.098
600,30,0,0.25,0.6,60,1,0,0,0,0,0,507,59.2,0.982,326,59.8,0.954,286,63.6,1.084
600,30,0,0.25,0.6,60,1,0,0,0,0,1,314,59.2,0.985,215,60.0,0.972,181,64.1,1.066
600,30,0,0.25,0.6,60,1,0,0,0,1,0,299,56.9,0.973,174,56.3,0.834,163,58.3,0.906
600,30,0,0.25,0.6,60,1,0,0,0,2,0,208,62.5,0.994,152,63.8,1.112,123,70.7,1.386
600,30,0,0.25,0.6,60,1,0,0,1,0,0,262,60.3,0.997,165,55.2,0.766,135,59.3,0.905
600,30,0,0.25,0.6,60,1,0,0,-1,0,0,245,58.0,0.968,161,64.6,1.201,151,67.5,1.274
600,30,0,0.25,0.6,60,1,0,1,0,0,0,260,59.6,0.959,165,54.5,0.766,137,58.4,0.899
600,30,0,0.25,0.6,60,1,0,1,1,0,0,234,60.7,0.992,149,56.4,0.814,127,59.1,0.918
600,30,0,0.25,0.6,60,1,0,-1,0,0,0,247,58.7,1.003,161,65.2,1.196,149,68.5,1.286
600,30,0,0.25,0.6,60,1,0,-1,-1,0,0,219,58.9,1.0,145,67.6,1.346,141,68.8,1.325
600,30,0,0.25,0.6,60,1,1,0,0,0,0,426,60.1,0.998,271,60.9,0.992,244,63.9,1.086
600,30,0,0.25,0.6,60,1,1,0,0,0,1,267,59.6,0.989,179,61.5,1.031,155,64.5,1.065
600,30,0,0.25,0.6,60,1,1,0,0,1,0,253,58.9,1.046,149,57.0,0.858,141,58.9,0.928
600,30,0,0.25,0.6,60,1,1,0,1,0,0,226,61.1,0.991,142,57.0,0.79,119,60.5,0.928
600,30,0,0.25,0.6,60,1,1,0,-1,0,0,200,59.0,1.006,129,65.1,1.303,125,67.2,1.267
600,30,0,0.25,0.6,60,1,1,1,0,0,0,223,61.0,0.98,142,55.6,0.766,121,59.5,0.922
600,30,0,0.25,0.6,60,1,1,1,1,0,0,202,61.9,0.995,128,57.8,0.825,112,59.8,0.927
600,30,0,0.25,0.6,60,1,1,-1,0,0,0,203,59.1,1.017,129,66.7,1.339,123,68.3,1.279
600,30,0,0.25,0.6,60,-1,0,0,0,0,0,462,56.9,0.903,360,57.8,0.972,309,57.0,0.95
600,30,0,0.25,0.6,60,-1,0,0,0,0,-1,291,55.0,0.833,227,61.2,1.134,191,59.7,1.049
600,30,0,0.25,0.6,60,-1,0,0,0,1,0,269,59.9,0.98,218,54.6,0.836,191,53.4,0.859
600,30,0,0.25,0.6,60,-1,0,0,1,0,0,229,56.8,0.891,163,57.1,0.909,136,56.6,0.869
600,30,0,0.25,0.6,60,-1,0,0,-1,0,0,233,57.1,0.915,197,58.4,1.031,172,57.0,1.017
600,30,0,0.25,0.6,60,-1,0,1,0,0,0,223,57.8,0.925,163,57.7,0.919,144,59.0,0.91
600,30,0,0.25,0.6,60,-1,0,1,1,0,0,205,57.1,0.906,144,56.9,0.901,127,57.5,0.902
600,30,0,0.25,0.6,60,-1,0,-1,0,0,0,239,56.1,0.882,197,57.9,1.021,165,55.2,0.989
600,30,0,0.25,0.6,60,-1,0,-1,-1,0,0,215,56.3,0.896,178,57.9,1.027,155,55.5,1.023
600,30,0,0.25,0.6,60,-1,1,0,0,0,0,379,57.0,0.887,301,60.1,1.034,268,59.0,0.989
600,30,0,0.25,0.6,60,-1,1,0,0,0,-1,238,55.9,0.849,189,62.4,1.184,164,61.6,1.116
600,30,0,0.25,0.6,60,-1,1,0,0,1,0,223,59.6,0.934,182,56.6,0.845,163,55.2,0.828
600,30,1,0.25,0.3,60,0,0,0,0,0,0,1009,70.1,0.88,706,71.1,0.924,675,70.8,0.92
600,30,1,0.25,0.3,60,0,0,0,0,0,1,507,70.0,0.926,346,70.2,0.891,329,69.9,0.886
600,30,1,0.25,0.3,60,0,0,0,0,0,-1,498,70.3,0.84,358,72.1,0.966,338,71.9,0.964
600,30,1,0.25,0.3,60,0,0,0,0,1,0,604,69.2,0.847,408,73.0,1.037,421,72.2,0.999
600,30,1,0.25,0.3,60,0,0,0,0,1,1,312,66.3,0.804,206,69.4,0.858,211,68.2,0.814
600,30,1,0.25,0.3,60,0,0,0,0,1,-1,292,72.3,0.897,202,76.7,1.286,210,76.2,1.253
600,30,1,0.25,0.3,60,0,0,0,0,2,0,405,71.4,0.932,298,68.5,0.793,254,68.5,0.806
600,30,1,0.25,0.3,60,0,0,0,0,2,-1,206,67.5,0.768,156,66.0,0.691,128,64.8,0.655
600,30,1,0.25,0.3,60,0,0,0,1,0,0,499,73.7,1.024,368,69.3,0.827,363,69.7,0.862
600,30,1,0.25,0.3,60,0,0,0,1,0,1,251,73.7,1.097,185,67.6,0.801,182,68.1,0.832
600,30,1,0.25,0.3,60,0,0,0,1,0,-1,247,73.7,0.949,182,70.9,0.849,178,71.3,0.885
600,30,1,0.25,0.3,60,0,0,0,1,1,0,296,73.3,1.051,219,68.9,0.807,232,69.0,0.819
600,30,1,0.25,0.3,60,0,0,0,1,2,0,203,74.4,0.986,149,69.8,0.858,131,71.0,0.945
600,30,1,0.25,0.3,60,0,0,0,-1,0,0,510,66.5,0.76,338,73.1,1.046,311,72.0,0.989
600,30,1,0.25,0.3,60,0,0,0,-1,0,1,256,66.4,0.787,161,73.3,1.016,147,72.1,0.963
600,30,1,0.25,0.3,60,0,0,0,-1,0,-1,251,66.9,0.744,176,73.3,1.104,159,72.3,1.051
600,30,1,0.25,0.3,60,0,0,0,-1,1,0,308,65.3,0.692,189,77.8,1.436,188,76.1,1.289
600,30,1,0.25,0.3,60,0,0,0,-1,2,0,202,68.3,0.88,149,67.1,0.735,123,65.9,0.684
600,30,1,0.25,0.3,60,0,0,1,0,0,0,507,72.8,0.986,369,68.8,0.844,354,69.8,0.878
600,30,1,0.25,0.3,60,0,0,1,0,0,1,255,71.4,0.974,186,67.2,0.794,175,68.0,0.838
600,30,1,0.25,0.3,60,0,0,1,0,0,-1,251,74.1,0.992,182,70.3,0.894,177,71.2,0.909
600,30,1,0.25,0.3,60,0,0,1,0,1,0,304,72.4,1.002,217,69.1,0.845,230,70.9,0.919
600,30,1,0.25,0.3,60,0,0,1,0,2,0,203,73.4,0.962,152,68.4,0.843,124,67.7,0.81
600,30,1,0.25,0.3,60,0,0,1,1,0,0,452,73.5,1.023,332,68.4,0.797,332,69.6,0.855
600,30,1,0.25,0.3,60,0,0,1,1,0,1,224,72.8,1.059,166,66.9,0.777,165,68.5,0.859
600,30,1,0.25,0.3,60,0,0,1,1,0,-1,227,74.0,0.982,165,69.7,0.813,165,70.3,0.839
600,30,1,0.25,0.3,60,0,0,1,1,1,0,269,72.5,1.023,200,68.0,0.772,216,69.9,0.861
600,30,1,0.25,0.3,60,0,0,-1,0,0,0,500,67.4,0.788,336,73.8,1.04,317,72.2,0.974
600,30,1,0.25,0.3,60,0,0,-1,0,0,1,252,68.7,0.88,160,73.8,1.026,154,72.1,0.947
600,30,1,0.25,0.3,60,0,0,-1,0,0,-1,247,66.4,0.712,176,73.9,1.052,161,72.7,1.03
600,30,1,0.25,0.3,60,0,0,-1,0,1,0,300,66.0,0.714,191,77.5,1.353,191,73.8,1.108
600,30,1,0.25,0.3,60,0,0,-1,0,2,0,200,69.5,0.91,145,69.0,0.764,126,69.8,0.806
600,30,1,0.25,0.3,60,0,0,-1,-1,0,0,453,66.4,0.766,300,73.3,1.022,287,72.1,0.976
600,30,1,0.25,0.3,60,0,0,-1,-1,0,1,225,67.1,0.831,141,73.8,1.021,137,73.0,1.004
600,30,1,0.25,0.3,60,0,0,-1,-1,0,-1,227,66.1,0.715,159,73.0,1.023,148,71.6,0.981
600,30,1,0.25,0.3,60,0,0,-1,-1,1,0,273,64.5,0.674,172,77.3,1.346,175,75.4,1.224
600,30,1,0.25,0.3,60,0,-1,0,0,0,0,838,69.9,0.906,588,70.9,0.91,578,70.8,0.932
600,30,1,0.25,0.3,60,0,-1,0,0,0,1,414,70.8,0.999,288,69.4,0.832,279,69.2,0.853
600,30,1,0.25,0.3,60,0,-1,0,0,0,-1,420,69.3,0.826,298,72.5,1.009,291,72.5,1.031
600,30,1,0.25,0.3,60,0,-1,0,0,1,0,505,68.1,0.828,343,72.3,1.016,357,72.0,1.018
600,30,1,0.25,0.3,60,0,-1,0,0,1,1,256,65.6,0.821,170,68.2,0.798,174,67.8,0.815
600,30,1,0.25,0.3,60,0,-1,0,0,1,-1,249,70.7,0.837,173,76.3,1.329,183,76.0,1.283
600,30,1,0.25,0.3,60,0,-1,0,0,2,0,333,72.7,1.042,245,69.0,0.785,221,68.8,0.811
600,30,1,0.25,0.3,60,0,-1,0,1,0,0,401,74.6,1.127,296,68.9,0.808,304,69.7,0.893
600,30,1,0.25,0.3,60,0,-1,0,1,0,1,200,75.5,1.301,149,66.4,0.728,152,67.1,0.794
600,30,1,0.25,0.3,60,0,-1,0,1,0,-1,200,73.5,0.972,146,71.2,0.9,149,72.5,1.006
600,30,1,0.25,0.3,60,0,-1,0,1,1,0,236,72.9,1.077,177,66.7,0.724,189,67.7,0.799
600,30,1,0.25,0.3,60,0,-1,0,-1,0,0,437,65.7,0.746,292,72.9,1.032,273,71.8,0.974
600,30,1,0.25,0.3,60,0,-1,0,-1,0,1,214,66.4,0.79,139,72.7,0.972,127,71.7,0.939
600,30,1,0.25,0.3,60,0,-1,0,-1,0,-1,220,65.5,0.716,152,73.7,1.124,141,72.3,1.047
600,30,1,0.25,0.3,60,0,-1,0,-1,1,0,269,63.9,0.66,166,78.3,1.563,167,76.6,1.371
600,30,1,0.25,0.3,60,0,-1,1,0,0,0,409,73.6,1.074,300,67.3,0.791,297,69.7,0.904
600,30,1,0.25,0.3,60,0,-1,1,0,0,1,205,74.1,1.201,152,65.1,0.697,146,67.1,0.798
600,30,1,0.25,0.3,60,0,-1,1,0,0,-1,203,72.9,0.955,147,69.4,0.898,149,71.8,1.017
600,30,1,0.25,0.3,60,0,-1,1,0,1,0,247,72.1,1.022,173,65.9,0.738,187,69.0,0.872
600,30,1,0.25,0.3,60,0,-1,1,1,0,0,365,74.0,1.107,268,67.2,0.749,278,69.4,0.878
600,30,1,0.25,0.3,60,0,-1,1,1,1,0,217,71.9,1.036,160,65.0,0.676,175,68.0,0.814
600,30,1,0.25,0.3,60,0,-1,-1,0,0,0,427,66.5,0.777,287,74.9,1.088,277,72.2,0.969
600,30,1,0.25,0.3,60,0,-1,-1,0,0,1,209,67.5,0.842,136,74.3,1.034,133,71.4,0.925
600,30,1,0.25,0.3,60,0,-1,-1,0,0,-1,217,65.9,0.726,151,75.5,1.142,142,73.2,1.045
600,30,1,0.25,0.3,60,0,-1,-1,0,1,0,258,64.3,0.677,170,78.8,1.521,170,75.3,1.229
600,30,1,0.25,0.3,60,0,-1,-1,-1,0,0,391,65.2,0.74,259,73.7,1.026,252,71.8,0.957
600,30,1,0.25,0.3,60,0,-1,-1,-1,0,-1,200,65.0,0.707,138,73.9,1.061,131,71.8,0.978
600,30,1,0.25,0.3,60,0,-1,-1,-1,1,0,239,62.8,0.634,153,78.4,1.508,156,76.3,1.314
600,30,1,0.25,0.3,60,1,0,0,0,0,0,462,71.4,0.925,360,73.3,1.02,309,73.5,1.092
600,30,1,0.25,0.3,60,1,0,0,0,0,1,291,73.2,1.091,227,71.8,0.976,191,72.3,1.081
600,30,1,0.25,0.3,60,1,0,0,0,1,0,269,67.3,0.752,218,75.2,1.128,191,74.9,1.161
600,30,1,0.25,0.3,60,1,0,0,1,0,0,233,73.4,1.062,197,71.1,0.932,172,72.1,1.059
600,30,1,0.25,0.3,60,1,0,0,-1,0,0,229,69.4,0.809,163,76.1,1.137,136,75.0,1.124
600,30,1,0.25,0.3,60,1,0,1,0,0,0,239,72.0,0.96,197,70.1,0.9,165,72.1,1.057
600,30,1,0.25,0.3,60,1,0,1,1,0,0,215,73.0,1.038,178,71.3,0.933,155,72.9,1.086
600,30,1,0.25,0.3,60,1,0,-1,0,0,0,223,70.9,0.889,163,77.3,1.191,144,75.0,1.131
600,30,1,0.25,0.3,60,1,0,-1,-1,0,0,205,70.2,0.857,144,78.5,1.232,127,76.4,1.177
600,30,1,0.25,0.3,60,1,-1,0,0,0,0,379,72.3,0.97,301,72.8,0.985,268,72.8,1.056
600,30,1,0.25,0.3,60,1,-1,0,0,0,1,238,75.6,1.249,189,71.4,0.913,164,71.3,1.005
600,30,1,0.25,0.3,60,1,-1,0,0,1,0,223,66.4,0.724,182,74.7,1.124,163,74.8,1.197
600,30,1,0.25,0.3,60,-1,0,0,0,0,0,507,68.6,0.829,326,68.4,0.828,286,67.5,0.791
600,30,1,0.25,0.3,60,-1,0,0,0,0,-1,314,70.7,0.889,215,68.8,0.863,181,68.0,0.838
600,30,1,0.25,0.3,60,-1,0,0,0,1,0,299,70.2,0.908,174,69.5,0.911,163,68.1,0.872
600,30,1,0.25,0.3,60,-1,0,0,0,2,0,208,66.3,0.732,152,67.1,0.742,123,66.7,0.697
600,30,1,0.25,0.3,60,-1,0,0,1,0,0,245,74.3,0.973,161,66.5,0.709,151,65.6,0.684
600,30,1,0.25,0.3,60,-1,0,0,-1,0,0,262,63.4,0.708,165,70.3,0.974,135,69.6,0.942
600,30,1,0.25,0.3,60,-1,0,1,0,0,0,247,73.7,0.99,161,65.8,0.743,149,64.4,0.682
600,30,1,0.25,0.3,60,-1,0,1,1,0,0,219,74.4,1.002,145,63.4,0.638,141,63.1,0.628
600,30,1,0.25,0.3,60,-1,0,-1,0,0,0,260,63.8,0.698,165,70.9,0.934,137,70.8,0.952
600,30,1,0.25,0.3,60,-1,0,-1,-1,0,0,234,62.8,0.691,149,68.5,0.855,127,68.5,0.871
600,30,1,0.25,0.3,60,-1,-1,0,0,0,0,426,68.1,0.853,271,69.0,0.845,244,68.9,0.868
600,30,1,0.25,0.3,60,-1,-1,0,0,0,-1,267,70.0,0.898,179,70.4,0.926,155,69.7,0.944
600,30,1,0.25,0.3,60,-1,-1,0,0,1,0,253,69.6,0.924,149,69.1,0.895,141,68.8,0.929
600,30,1,0.25,0.3,60,-1,-1,0,1,0,0,200,75.0,1.062,129,67.4,0.724,125,68.0,0.796
600,30,1,0.25,0.3,60,-1,-1,0,-1,0,0,226,61.9,0.699,142,70.4,0.976,119,69.7,0.953
600,30,1,0.25,0.3,60,-1,-1,1,0,0,0,203,73.9,1.053,129,65.9,0.738,123,66.7,0.792
600,30,1,0.25,0.3,60,-1,-1,-1,0,0,0,223,62.8,0.705,142,71.8,0.972,121,71.1,0.963
600,30,1,0.25,0.3,60,-1,-1,-1,-1,0,0,202,61.4,0.685,128,68.8,0.851,112,68.8,0.879
600,60,0,0.15,1.0,60,0,0,0,0,0,0,1008,50.2,1.001,706,51.4,1.035,677,52.0,1.1
600,60,0,0.15,1.0,60,0,0,0,0,0,1,505,51.3,1.031,375,49.3,0.962,353,49.6,0.985
600,60,0,0.15,1.0,60,0,0,0,0,0,-1,499,48.9,0.967,329,53.5,1.108,316,54.4,1.221
600,60,0,0.15,1.0,60,0,0,0,0,1,0,603,49.3,0.977,408,47.3,0.848,421,49.2,0.947
600,60,0,0.15,1.0,60,0,0,0,0,1,1,301,49.8,1.013,205,43.4,0.725,211,45.0,0.789
600,60,0,0.15,1.0,60,0,0,0,0,1,-1,302,48.7,0.943,203,51.2,0.989,210,53.3,1.137
600,60,0,0.15,1.0,60,0,0,0,0,2,0,405,51.6,1.036,298,57.0,1.359,256,56.6,1.403
600,60,0,0.15,1.0,60,0,0,0,0,2,1,204,53.4,1.057,170,56.5,1.349,142,56.3,1.366
600,60,0,0.15,1.0,60,0,0,0,1,0,0,510,52.0,1.057,367,47.4,0.861,346,49.1,0.944
600,60,0,0.15,1.0,60,0,0,0,1,0,1,255,52.9,1.057,199,47.2,0.854,183,48.6,0.903
600,60,0,0.15,1.0,60,0,0,0,1,0,-1,252,50.8,1.049,167,47.3,0.852,158,48.7,0.953
600,60,0,0.15,1.0,60,0,0,0,1,1,0,312,51.0,1.066,214,44.4,0.694,211,46.0,0.808
600,60,0,0.15,1.0,60,0,0,0,-1,0,0,498,48.4,0.949,339,55.8,1.262,330,55.2,1.293
600,60,0,0.15,1.0,60,0,0,0,-1,0,1,250,49.6,1.007,176,51.7,1.096,169,50.9,1.086
600,60,0,0.15,1.0,60,0,0,0,-1,0,-1,247,47.0,0.893,162,59.9,1.456,158,60.1,1.567
600,60,0,0.15,1.0,60,0,0,0,-1,1,0,291,47.4,0.895,194,50.5,1.042,209,52.6,1.116
600,60,0,0.15,1.0,60,0,0,0,-1,2,0,207,49.8,1.029,145,62.8,1.656,121,59.5,1.659
600,60,0,0.15,1.0,60,0,0,1,0,0,0,498,52.0,1.054,355,47.9,0.887,344,50.0,0.98
600,60,0,0.15,1.0,60,0,0,1,0,0,1,250,54.8,1.149,194,47.4,0.89,181,47.5,0.872
600,60,0,0.15,1.0,60,0,0,1,0,0,-1,247,49.0,0.964,161,48.4,0.884,161,52.2,1.086
600,60,0,0.15,1.0,60,0,0,1,0,1,0,304,51.0,1.077,210,43.8,0.711,212,47.6,0.877
600,60,0,0.15,1.0,60,0,0,1,1,0,0,452,52.4,1.066,324,47.8,0.894,318,49.1,0.95
600,60,0,0.15,1.0,60,0,0,1,1,0,1,231,54.1,1.111,177,48.0,0.917,168,48.2,0.902
600,60,0,0.15,1.0,60,0,0,1,1,0,-1,220,50.5,1.015,147,47.6,0.868,148,49.3,0.979
600,60,0,0.15,1.0,60,0,0,1,1,1,0,277,51.6,1.108,194,45.4,0.759,197,46.7,0.846
600,60,0,0.15,1.0,60,0,0,-1,0,0,0,508,48.4,0.953,350,54.9,1.19,329,54.1,1.23
600,60,0,0.15,1.0,60,0,0,-1,0,0,1,255,47.8,0.935,181,51.4,1.037,172,51.7,1.113
600,60,0,0.15,1.0,60,0,0,-1,0,0,-1,252,48.8,0.971,168,58.3,1.371,155,56.8,1.377
600,60,0,0.15,1.0,60,0,0,-1,0,1,0,299,47.5,0.892,198,51.0,1.006,209,50.7,1.022
600,60,0,0.15,1.0,60,0,0,-1,0,2,0,209,49.8,1.047,152,59.9,1.49,120,60.0,1.673
600,60,0,0.15,1.0,60,0,0,-1,-1,0,0,452,48.5,0.949,308,56.5,1.309,303,54.8,1.278
600,60,0,0.15,1.0,60,0,0,-1,-1,0,1,231,48.5,0.966,159,52.8,1.15,156,51.9,1.142
600,60,0,0.15,1.0,60,0,0,-1,-1,0,-1,220,48.2,0.93,148,60.1,1.491,145,57.9,1.446
600,60,0,0.15,1.0,60,0,0,-1,-1,1,0,264,47.7,0.904,178,52.8,1.147,194,52.1,1.094
600,60,0,0.15,1.0,60,0,1,0,0,0,0,787,51.0,1.008,571,53.2,1.094,552,53.8,1.134
600,60,0,0.15,1.0,60,0,1,0,0,0,1,398,51.0,0.994,298,51.3,1.009,284,50.4,0.974
600,60,0,0.15,1.0,60,0,1,0,0,0,-1,385,50.6,1.016,271,55.0,1.171,260,57.3,1.31
600,60,0,0.15,1.0,60,0,1,0,0,1,0,476,50.8,1.017,334,49.4,0.898,344,51.2,0.969
600,60,0,0.15,1.0,60,0,1,0,0,1,1,239,50.2,0.997,170,46.5,0.804,177,46.3,0.805
600,60,0,0.15,1.0,60,0,1,0,0,1,-1,237,51.5,1.037,164,52.4,1.003,167,56.3,1.18
600,60,0,0.15,1.0,60,0,1,0,0,2,0,311,51.1,0.996,237,58.6,1.454,208,58.2,1.468
600,60,0,0.15,1.0,60,0,1,0,1,0,0,412,52.9,1.092,298,49.7,0.919,278,51.4,0.977
600,60,0,0.15,1.0,60,0,1,0,1,0,1,210,53.3,1.045,159,49.7,0.914,146,50.0,0.921
600,60,0,0.15,1.0,60,0,1,0,1,1,0,257,52.1,1.099,174,45.4,0.677,172,47.7,0.779
600,60,0,0.15,1.0,60,0,1,0,-1,0,0,375,48.8,0.927,273,57.1,1.323,273,56.4,1.323
600,60,0,0.15,1.0,60,0,1,0,-1,1,0,219,49.3,0.935,160,53.8,1.192,171,55.0,1.206
600,60,0,0.15,1.0,60,0,1,1,0,0,0,401,54.4,1.147,288,49.0,0.898,278,52.2,1.012
600,60,0,0.15,1.0,60,0,1,1,0,0,1,204,55.9,1.16,156,48.7,0.898,146,48.6,0.89
600,60,0,0.15,1.0,60,0,1,1,0,1,0,246,53.7,1.178,175,44.0,0.662,174,48.9,0.836
600,60,0,0.15,1.0,60,0,1,1,1,0,0,366,54.4,1.148,265,49.8,0.933,256,51.6,0.992
600,60,0,0.15,1.0,60,0,1,1,1,1,0,227,53.7,1.194,161,46.0,0.711,161,48.4,0.817
600,60,0,0.15,1.0,60,0,1,-1,0,0,0,384,47.4,0.884,282,57.4,1.314,270,55.6,1.263
600,60,0,0.15,1.0,60,0,1,-1,0,1,0,230,47.8,0.882,159,55.3,1.22,170,53.5,1.122
600,60,0,0.15,1.0,60,0,1,-1,-1,0,0,340,48.2,0.907,250,58.8,1.419,250,56.4,1.322
600,60,0,0.15,1.0,60,0,1,-1,-1,1,0,200,49.0,0.928,146,56.8,1.347,158,55.1,1.212
600,60,0,0.15,1.0,60,0,-1,0,0,0,0,221,47.5,0.976,135,43.7,0.82,125,44.0,0.959
600,60,0,0.15,1.0,60,1,0,0,0,0,0,513,50.5,1.001,348,52.6,1.061,295,52.5,1.065
600,60,0,0.15,1.0,60,1,0,0,0,0,1,319,51.4,1.032,235,53.2,1.144,192,53.1,1.136
600,60,0,0.15,1.0,60,1,0,0,0,1,0,307,47.9,0.952,180,48.9,0.877,158,49.4,0.883
600,60,0,0.15,1.0,60,1,0,0,0,2,0,206,54.4,1.075,168,56.5,1.296,137,56.2,1.316
600,60,0,0.15,1.0,60,1,0,0,1,0,0,265,53.6,1.076,190,47.4,0.812,155,47.1,0.797
600,60,0,0.15,1.0,60,1,0,0,-1,0,0,248,47.2,0.937,158,58.9,1.446,140,58.6,1.436
600,60,0,0.15,1.0,60,1,0,1,0,0,0,262,52.3,1.019,185,47.6,0.834,153,47.1,0.799
600,60,0,0.15,1.0,60,1,0,1,1,0,0,237,53.6,1.056,170,48.8,0.867,144,47.2,0.791
600,60,0,0.15,1.0,60,1,0,-1,0,0,0,251,48.6,0.985,163,58.3,1.363,142,58.5,1.412
600,60,0,0.15,1.0,60,1,0,-1,-1,0,0,223,48.0,0.958,143,61.5,1.583,131,59.5,1.466
600,60,0,0.15,1.0,60,1,1,0,0,0,0,403,51.6,1.026,273,54.9,1.111,233,54.9,1.099
600,60,0,0.15,1.0,60,1,1,0,0,0,1,252,50.8,0.987,182,54.9,1.173,147,54.4,1.118
600,60,0,0.15,1.0,60,1,1,0,0,1,0,242,50.8,1.046,147,52.4,0.97,131,53.4,0.982
600,60,0,0.15,1.0,60,1,1,0,1,0,0,218,54.6,1.108,148,50.7,0.863,120,50.8,0.862
600,60,0,0.15,1.0,60,1,1,1,0,0,0,211,55.0,1.123,145,50.3,0.878,120,50.8,0.878
600,60,0,0.15,1.0,60,-1,0,0,0,0,0,455,49.9,1.002,338,50.9,1.029,302,49.7,1.055
600,60,0,0.15,1.0,60,-1,0,0,0,0,-1,286,49.0,0.981,207,55.1,1.247,182,53.8,1.299
600,60,0,0.15,1.0,60,-1,0,0,0,1,0,260,51.2,1.015,212,47.2,0.861,196,45.4,0.872
600,60,0,0.15,1.0,60,-1,0,0,1,0,0,226,50.0,1.037,166,48.2,0.93,149,49.0,1.002
600,60,0,0.15,1.0,60,-1,0,0,-1,0,0,229,49.8,0.969,172,53.5,1.138,152,50.7,1.119
600,60,0,0.15,1.0,60,-1,0,1,0,0,0,219,51.1,1.077,161,48.4,0.947,153,51.0,1.05
600,60,0,0.15,1.0,60,-1,0,1,1,0,0,201,50.7,1.066,146,47.3,0.936,139,48.9,1.017
600,60,0,0.15,1.0,60,-1,0,-1,0,0,0,236,48.7,0.937,177,53.1,1.108,149,48.3,1.06
600,60,0,0.15,1.0,60,-1,0,-1,-1,0,0,211,49.3,0.952,157,52.9,1.143,138,48.6,1.089
600,60,0,0.15,1.0,60,-1,1,0,0,0,0,349,50.4,0.997,281,52.0,1.082,251,51.0,1.073
600,60,0,0.15,1.0,60,-1,1,0,0,0,-1,218,49.5,0.988,172,55.2,1.276,148,55.4,1.328
600,60,0,0.15,1.0,60,-1,1,0,0,1,0,203,51.7,1.012,174,47.7,0.862,158,45.6,0.821
600,60,1,0.15,0.6,60,0,0,0,0,0,0,1008,58.1,0.85,706,58.6,0.872,677,57.9,0.842
600,60,1,0.15,0.6,60,0,0,0,0,0,1,499,58.3,0.879,329,58.1,0.878,316,57.6,0.838
600,60,1,0.15,0.6,60,0,0,0,0,0,-1,505,58.0,0.824,375,59.5,0.878,353,58.6,0.856
600,60,1,0.15,0.6,60,0,0,0,0,1,0,603,58.2,0.844,408,62.5,1.084,421,60.6,0.99
600,60,1,0.15,0.6,60,0,0,0,0,1,1,302,57.0,0.832,203,59.6,0.977,210,58.1,0.886
600,60,1,0.15,0.6,60,0,0,0,0,1,-1,301,59.5,0.858,205,65.4,1.203,211,63.0,1.104
600,60,1,0.15,0.6,60,0,0,0,0,2,0,405,58.0,0.858,298,53.4,0.654,256,53.5,0.65
600,60,1,0.15,0.6,60,0,0,0,0,2,-1,204,55.9,0.778,170,52.4,0.61,142,52.1,0.59
600,60,1,0.15,0.6,60,0,0,0,1,0,0,498,60.4,0.93,339,55.5,0.743,330,54.8,0.715
600,60,1,0.15,0.6,60,0,0,0,1,0,1,247,61.9,1.03,162,53.7,0.755,158,53.2,0.718
600,60,1,0.15,0.6,60,0,0,0,1,0,-1,250,58.8,0.833,176,57.4,0.742,169,57.4,0.728
600,60,1,0.15,0.6,60,0,0,0,1,1,0,291,60.5,0.96,194,57.7,0.858,209,56.0,0.8
600,60,1,0.15,0.6,60,0,0,0,1,2,0,207,60.4,0.889,145,52.4,0.614,121,52.9,0.595
600,60,1,0.15,0.6,60,0,0,0,-1,0,0,510,55.9,0.776,367,61.6,1.016,346,60.7,0.987
600,60,1,0.15,0.6,60,0,0,0,-1,0,1,252,54.8,0.751,167,62.3,1.027,158,62.0,0.994
600,60,1,0.15,0.6,60,0,0,0,-1,0,-1,255,57.3,0.814,199,61.3,1.021,183,59.6,0.986
600,60,1,0.15,0.6,60,0,0,0,-1,1,0,312,56.1,0.746,214,66.8,1.364,211,64.9,1.224
600,60,1,0.15,0.6,60,0,0,1,0,0,0,508,59.6,0.898,350,55.4,0.761,329,55.3,0.74
600,60,1,0.15,0.6,60,0,0,1,0,0,1,252,59.9,0.931,168,53.0,0.735,155,54.2,0.766
600,60,1,0.15,0.6,60,0,0,1,0,0,-1,255,59.2,0.859,181,58.0,0.796,172,57.0,0.734
600,60,1,0.15,0.6,60,0,0,1,0,1,0,299,59.5,0.924,198,58.1,0.903,209,58.4,0.892
600,60,1,0.15,0.6,60,0,0,1,0,2,0,209,59.8,0.862,152,52.0,0.611,120,50.0,0.546
600,60,1,0.15,0.6,60,0,0,1,1,0,0,452,60.4,0.936,308,54.5,0.721,303,54.8,0.712
600,60,1,0.15,0.6,60,0,0,1,1,0,1,220,61.4,1.009,148,52.7,0.737,145,53.8,0.756
600,60,1,0.15,0.6,60,0,0,1,1,0,-1,231,59.3,0.864,159,56.6,0.717,156,56.4,0.689
600,60,1,0.15,0.6,60,0,0,1,1,1,0,264,59.8,0.945,178,56.2,0.805,194,56.7,0.815
600,60,1,0.15,0.6,60,0,0,-1,0,0,0,498,56.6,0.804,355,62.0,1.015,344,60.5,0.956
600,60,1,0.15,0.6,60,0,0,-1,0,0,1,247,56.7,0.827,161,63.4,1.073,161,60.9,0.921
600,60,1,0.15,0.6,60,0,0,-1,0,0,-1,250,56.8,0.788,194,60.8,0.971,181,60.2,0.998
600,60,1,0.15,0.6,60,0,0,-1,0,1,0,304,56.9,0.769,210,66.7,1.313,212,62.7,1.102
600,60,1,0.15,0.6,60,0,0,-1,-1,0,0,452,56.2,0.798,324,61.7,1.012,318,60.7,0.973
600,60,1,0.15,0.6,60,0,0,-1,-1,0,1,220,55.5,0.79,147,63.3,1.079,148,62.2,0.995
600,60,1,0.15,0.6,60,0,0,-1,-1,0,-1,231,57.1,0.814,177,60.5,0.96,168,59.5,0.966
600,60,1,0.15,0.6,60,0,0,-1,-1,1,0,277,56.0,0.741,194,66.0,1.27,197,64.0,1.15
600,60,1,0.15,0.6,60,0,1,0,0,0,0,221,58.8,0.787,135,61.5,0.922,125,60.8,0.84
600,60,1,0.15,0.6,60,0,-1,0,0,0,0,787,57.9,0.868,571,58.0,0.86,552,57.2,0.842
600,60,1,0.15,0.6,60,0,-1,0,0,0,1,385,56.4,0.834,271,57.9,0.866,260,55.8,0.801
600,60,1,0.15,0.6,60,0,-1,0,0,0,-1,398,59.5,0.909,298,58.4,0.869,284,59.2,0.896
600,60,1,0.15,0.6,60,0,-1,0,0,1,0,476,57.1,0.831,334,61.7,1.067,344,59.9,0.997
600,60,1,0.15,0.6,60,0,-1,0,0,1,1,237,54.0,0.764,164,59.8,0.991,167,56.9,0.89
600,60,1,0.15,0.6,60,0,-1,0,0,1,-1,239,60.3,0.91,170,63.5,1.146,177,62.7,1.108
600,60,1,0.15,0.6,60,0,-1,0,0,2,0,311,59.2,0.927,237,52.7,0.639,208,52.9,0.642
600,60,1,0.15,0.6,60,0,-1,0,1,0,0,375,60.5,0.977,273,54.9,0.72,273,54.6,0.716
600,60,1,0.15,0.6,60,0,-1,0,1,1,0,219,58.9,0.929,160,55.0,0.742,171,55.0,0.763
600,60,1,0.15,0.6,60,0,-1,0,-1,0,0,412,55.6,0.778,298,60.7,1.016,278,59.7,0.987
600,60,1,0.15,0.6,60,0,-1,0,-1,0,-1,210,58.1,0.871,159,59.7,1.01,146,58.9,0.998
600,60,1,0.15,0.6,60,0,-1,0,-1,1,0,257,55.6,0.752,174,67.8,1.545,172,64.5,1.305
600,60,1,0.15,0.6,60,0,-1,1,0,0,0,384,60.9,0.992,282,53.9,0.717,270,55.2,0.747
600,60,1,0.15,0.6,60,0,-1,1,0,1,0,230,59.1,0.94,159,54.7,0.772,170,57.1,0.845
600,60,1,0.15,0.6,60,0,-1,1,1,0,0,340,60.9,1.005,250,53.2,0.677,250,54.4,0.708
600,60,1,0.15,0.6,60,0,-1,1,1,1,0,200,58.5,0.928,146,52.7,0.68,158,55.1,0.758
600,60,1,0.15,0.6,60,0,-1,-1,0,0,0,401,55.1,0.767,288,62.2,1.054,278,59.4,0.948
600,60,1,0.15,0.6,60,0,-1,-1,0,0,-1,204,57.4,0.836,156,60.3,0.986,146,59.6,0.998
600,60,1,0.15,0.6,60,0,-1,-1,0,1,0,246,55.3,0.736,175,68.0,1.5,174,62.6,1.182
600,60,1,0.15,0.6,60,0,-1,-1,-1,0,0,366,54.9,0.769,265,61.1,1.02,256,59.4,0.958
600,60,1,0.15,0.6,60,0,-1,-1,-1,1,0,227,54.6,0.721,161,67.1,1.448,161,63.4,1.213
600,60,1,0.15,0.6,60,1,0,0,0,0,0,455,58.2,0.844,338,58.3,0.873,302,60.3,0.935
600,60,1,0.15,0.6,60,1,0,0,0,0,1,286,59.1,0.884,207,57.0,0.822,182,58.2,0.864
600,60,1,0.15,0.6,60,1,0,0,0,1,0,260,55.4,0.742,212,61.3,1.022,196,63.3,1.104
600,60,1,0.15,0.6,60,1,0,0,1,0,0,229,59.4,0.942,172,55.8,0.808,152,58.6,0.878
600,60,1,0.15,0.6,60,1,0,0,-1,0,0,226,57.1,0.759,166,60.8,0.947,149,61.7,0.989
600,60,1,0.15,0.6,60,1,0,1,0,0,0,236,59.3,0.923,177,54.2,0.756,149,59.7,0.92
600,60,1,0.15,0.6,60,1,0,1,1,0,0,211,59.7,0.949,157,55.4,0.794,138,60.1,0.924
600,60,1,0.15,0.6,60,1,0,-1,0,0,0,219,57.1,0.77,161,62.7,1.031,153,60.8,0.95
600,60,1,0.15,0.6,60,1,0,-1,-1,0,0,201,57.2,0.762,146,63.0,1.035,139,62.6,1.008
600,60,1,0.15,0.6,60,1,-1,0,0,0,0,349,57.9,0.838,281,58.4,0.883,251,59.4,0.922
600,60,1,0.15,0.6,60,1,-1,0,0,0,1,218,58.3,0.854,172,58.1,0.854,148,56.8,0.837
600,60,1,0.15,0.6,60,1,-1,0,0,1,0,203,54.7,0.724,174,62.1,1.091,158,63.9,1.188
600,60,1,0.15,0.6,60,-1,0,0,0,0,0,513,57.9,0.851,348,58.6,0.861,295,55.9,0.774
600,60,1,0.15,0.6,60,-1,0,0,0,0,-1,319,58.3,0.832,235,58.3,0.813,192,54.7,0.717
600,60,1,0.15,0.6,60,-1,0,0,0,1,0,307,60.3,0.932,180,62.8,1.119,158,58.2,0.943
600,60,1,0.15,0.6,60,-1,0,0,0,2,0,206,54.4,0.745,168,54.2,0.658,137,53.3,0.619
600,60,1,0.15,0.6,60,-1,0,0,1,0,0,248,61.7,0.923,158,54.4,0.664,140,50.7,0.562
600,60,1,0.15,0.6,60,-1,0,0,-1,0,0,265,54.3,0.782,190,62.1,1.081,155,60.6,1.058
600,60,1,0.15,0.6,60,-1,0,1,0,0,0,251,60.2,0.879,163,55.2,0.726,142,49.3,0.557
600,60,1,0.15,0.6,60,-1,0,1,1,0,0,223,61.4,0.933,143,52.4,0.623,131,48.1,0.516
600,60,1,0.15,0.6,60,-1,0,-1,0,0,0,262,55.7,0.822,185,61.6,1.021,153,62.1,1.099
600,60,1,0.15,0.6,60,-1,0,-1,-1,0,0,237,54.9,0.82,170,60.6,0.995,144,60.4,1.041
600,60,1,0.15,0.6,60,-1,-1,0,0,0,0,403,57.8,0.892,273,57.5,0.84,233,55.8,0.797
600,60,1,0.15,0.6,60,-1,-1,0,0,0,-1,252,60.3,0.948,182,57.7,0.819,147,55.8,0.776
600,60,1,0.15,0.6,60,-1,-1,0,0,1,0,242,58.7,0.92,147,60.5,1.022,131,56.5,0.905
600,60,1,0.15,0.6,60,-1,-1,0,-1,0,0,218,53.7,0.791,148,60.1,1.055,120,58.3,1.016
600,60,1,0.15,0.6,60,-1,-1,-1,0,0,0,211,53.6,0.785,145,60.0,0.993,120,60.0,1.043
630,-2,0,0.15,0.3,60,0,0,0,0,0,0,1009,77.6,1.163,706,77.5,1.129,680,76.9,1.075
630,-2,0,0.15,0.3,60,0,0,0,0,0,1,500,78.8,1.192,358,76.8,1.07,339,75.8,0.991
630,-2,0,0.15,0.3,60,0,0,0,0,0,-1,505,76.4,1.137,346,78.3,1.211,333,78.1,1.176
630,-2,0,0.15,0.3,60,0,0,0,0,1,0,604,78.5,1.255,408,78.4,1.131,423,77.8,1.096
630,-2,0,0.15,0.3,60,0,0,0,0,1,1,307,77.9,1.117,195,77.9,1.101,198,76.3,1.03
630,-2,0,0.15,0.3,60,0,0,0,0,1,-1,297,79.1,1.43,213,78.9,1.16,225,79.1,1.159
630,-2,0,0.15,0.3,60,0,0,0,0,2,0,405,76.3,1.043,298,76.2,1.128,257,75.5,1.044
630,-2,0,0.15,0.3,60,0,0,0,0,2,-1,208,72.6,0.866,133,77.4,1.3,108,75.9,1.212
630,-2,0,0.15,0.3,60,0,0,0,1,0,0,502,78.9,1.225,329,74.8,1.005,323,72.4,0.88
630,-2,0,0.15,0.3,60,0,0,0,1,0,1,248,81.0,1.348,171,77.8,1.14,163,74.2,0.943
630,-2,0,0.15,0.3,60,0,0,0,1,0,-1,251,76.9,1.134,156,71.8,0.896,154,70.1,0.799
630,-2,0,0.15,0.3,60,0,0,0,1,1,0,317,80.8,1.435,188,74.5,0.953,199,72.4,0.877
630,-2,0,0.15,0.3,60,0,0,0,-1,0,0,507,76.3,1.106,377,79.8,1.257,356,80.9,1.308
630,-2,0,0.15,0.3,60,0,0,0,-1,0,1,252,76.6,1.068,187,75.9,1.013,175,77.1,1.034
630,-2,0,0.15,0.3,60,0,0,0,-1,0,-1,254,76.0,1.14,190,83.7,1.624,179,84.9,1.756
630,-2,0,0.15,0.3,60,0,0,0,-1,1,0,287,76.0,1.092,220,81.8,1.317,223,82.5,1.356
630,-2,0,0.15,0.3,60,0,0,0,-1,2,0,220,76.8,1.124,157,77.1,1.179,133,78.2,1.234
630,-2,0,0.15,0.3,60,0,0,1,0,0,0,502,79.1,1.226,339,74.3,0.987,331,73.7,0.941
630,-2,0,0.15,0.3,60,0,0,1,0,0,1,249,80.3,1.284,177,78.0,1.21,166,75.9,1.085
630,-2,0,0.15,0.3,60,0,0,1,0,0,-1,252,77.8,1.171,161,70.8,0.826,162,71.6,0.824
630,-2,0,0.15,0.3,60,0,0,1,0,1,0,309,81.2,1.419,196,74.0,0.93,210,73.8,0.948
630,-2,0,0.15,0.3,60,0,0,1,1,0,0,450,79.3,1.231,297,74.7,0.993,300,72.7,0.888
630,-2,0,0.15,0.3,60,0,0,1,1,0,1,226,81.4,1.339,156,78.8,1.22,152,75.7,1.028
630,-2,0,0.15,0.3,60,0,0,1,1,0,-1,223,77.1,1.134,140,70.7,0.831,145,69.7,0.771
630,-2,0,0.15,0.3,60,0,0,1,1,1,0,282,81.2,1.425,174,74.7,0.963,190,72.6,0.893
630,-2,0,0.15,0.3,60,0,0,-1,0,0,0,505,76.2,1.113,366,80.3,1.276,345,79.7,1.208
630,-2,0,0.15,0.3,60,0,0,-1,0,0,1,251,77.3,1.115,181,75.7,0.964,173,75.7,0.917
630,-2,0,0.15,0.3,60,0,0,-1,0,0,-1,253,75.1,1.105,185,84.9,1.817,171,84.2,1.757
630,-2,0,0.15,0.3,60,0,0,-1,0,1,0,295,75.6,1.115,212,82.5,1.366,213,81.7,1.271
630,-2,0,0.15,0.3,60,0,0,-1,0,2,0,210,77.1,1.11,154,77.3,1.169,132,76.5,1.12
630,-2,0,0.15,0.3,60,0,0,-1,-1,0,0,455,76.3,1.098,335,80.9,1.3,324,80.6,1.263
630,-2,0,0.15,0.3,60,0,0,-1,-1,0,1,229,77.3,1.089,166,76.5,1.001,161,77.0,0.983
630,-2,0,0.15,0.3,60,0,0,-1,-1,0,-1,225,75.1,1.102,169,85.2,1.795,162,84.6,1.759
630,-2,0,0.15,0.3,60,0,0,-1,-1,1,0,260,75.4,1.07,198,83.3,1.42,203,82.3,1.314
630,-2,0,0.15,0.3,60,0,1,0,0,0,0,841,77.6,1.182,581,76.4,1.082,573,76.1,1.034
630,-2,0,0.15,0.3,60,0,1,0,0,0,1,433,78.1,1.145,295,75.9,1.039,287,75.3,0.97
630,-2,0,0.15,0.3,60,0,1,0,0,0,-1,404,77.2,1.226,285,77.2,1.148,279,77.1,1.114
630,-2,0,0.15,0.3,60,0,1,0,0,1,0,506,78.9,1.28,326,77.3,1.042,351,76.9,1.025
630,-2,0,0.15,0.3,60,0,1,0,0,1,1,264,77.3,1.082,157,76.4,1.0,167,74.9,0.94
630,-2,0,0.15,0.3,60,0,1,0,0,1,-1,242,80.6,1.577,169,78.1,1.084,184,78.8,1.115
630,-2,0,0.15,0.3,60,0,1,0,0,2,0,335,75.8,1.055,255,75.3,1.135,222,74.8,1.049
630,-2,0,0.15,0.3,60,0,1,0,1,0,0,432,79.4,1.288,284,74.3,0.994,279,72.0,0.863
630,-2,0,0.15,0.3,60,0,1,0,1,0,1,216,81.0,1.335,147,78.2,1.195,141,75.2,0.998
630,-2,0,0.15,0.3,60,0,1,0,1,0,-1,213,77.9,1.258,136,70.6,0.852,133,68.4,0.732
630,-2,0,0.15,0.3,60,0,1,0,1,1,0,275,81.1,1.477,158,74.1,0.923,170,72.4,0.857
630,-2,0,0.15,0.3,60,0,1,0,-1,0,0,409,75.8,1.087,297,78.5,1.175,294,79.9,1.247
630,-2,0,0.15,0.3,60,0,1,0,-1,0,1,217,75.1,1.0,148,73.6,0.915,146,75.3,0.944
630,-2,0,0.15,0.3,60,0,1,0,-1,1,0,231,76.2,1.093,168,80.4,1.17,181,81.2,1.23
630,-2,0,0.15,0.3,60,0,1,1,0,0,0,427,79.4,1.289,291,73.5,0.948,289,73.0,0.902
630,-2,0,0.15,0.3,60,0,1,1,0,0,1,217,79.7,1.238,152,77.0,1.165,146,76.0,1.09
630,-2,0,0.15,0.3,60,0,1,1,0,0,-1,209,78.9,1.336,138,70.3,0.794,140,70.0,0.757
630,-2,0,0.15,0.3,60,0,1,1,0,1,0,265,81.1,1.425,162,74.1,0.915,180,73.9,0.933
630,-2,0,0.15,0.3,60,0,1,1,1,0,0,386,80.1,1.312,257,73.9,0.955,260,71.9,0.848
630,-2,0,0.15,0.3,60,0,1,1,1,1,0,245,81.6,1.473,145,74.5,0.943,161,72.7,0.873
630,-2,0,0.15,0.3,60,0,1,-1,0,0,0,412,76.0,1.097,290,79.3,1.239,281,79.0,1.181
630,-2,0,0.15,0.3,60,0,1,-1,0,0,1,216,76.4,1.067,143,74.8,0.931,141,74.5,0.87
630,-2,0,0.15,0.3,60,0,1,-1,0,1,0,241,76.3,1.146,164,80.5,1.19,171,80.1,1.135
630,-2,0,0.15,0.3,60,0,1,-1,-1,0,0,368,76.1,1.086,263,79.5,1.217,264,79.5,1.198
630,-2,0,0.15,0.3,60,0,1,-1,-1,1,0,211,76.3,1.103,151,81.5,1.245,162,80.9,1.178
630,-2,0,0.15,0.3,60,1,0,0,0,0,0,485,79.6,1.346,340,78.2,1.118,301,77.4,1.051
630,-2,0,0.15,0.3,60,1,0,0,0,0,1,302,79.1,1.254,223,76.2,1.037,191,74.9,0.931
630,-2,0,0.15,0.3,60,1,0,0,0,1,0,292,80.1,1.443,181,80.1,1.201,166,79.5,1.217
630,-2,0,0.15,0.3,60,1,0,0,1,0,0,247,78.5,1.33,169,75.1,0.948,148,71.6,0.774
630,-2,0,0.15,0.3,60,1,0,0,-1,0,0,238,80.7,1.363,171,81.3,1.323,153,83.0,1.451
630,-2,0,0.15,0.3,60,1,0,1,0,0,0,251,78.9,1.327,174,74.7,0.967,149,73.2,0.879
630,-2,0,0.15,0.3,60,1,0,1,1,0,0,224,79.0,1.329,155,76.1,1.005,137,73.0,0.835
630,-2,0,0.15,0.3,60,1,0,-1,0,0,0,234,80.3,1.366,166,81.9,1.295,152,81.6,1.244
630,-2,0,0.15,0.3,60,1,0,-1,-1,0,0,211,81.0,1.37,152,83.6,1.432,141,83.7,1.416
630,-2,0,0.15,0.3,60,1,1,0,0,0,0,416,78.8,1.301,287,78.0,1.101,256,77.3,1.036
630,-2,0,0.15,0.3,60,1,1,0,0,0,1,262,77.9,1.168,190,76.3,1.067,164,75.0,0.956
630,-2,0,0.15,0.3,60,1,1,0,0,1,0,247,79.8,1.43,153,79.7,1.119,143,79.0,1.121
630,-2,0,0.15,0.3,60,1,1,0,1,0,0,217,77.9,1.284,151,76.2,1.011,129,72.9,0.82
630,-2,0,0.15,0.3,60,1,1,1,0,0,0,220,78.2,1.286,155,74.8,0.967,133,73.7,0.888
630,-2,0,0.15,0.3,60,-1,0,0,0,0,0,484,76.4,1.063,346,76.6,1.14,299,74.6,1.01
630,-2,0,0.15,0.3,60,-1,0,0,0,0,-1,303,74.9,1.011,219,76.3,1.17,186,74.7,1.061
630,-2,0,0.15,0.3,60,-1,0,0,0,1,0,276,78.3,1.19,211,76.8,1.07,190,74.2,0.919
630,-2,0,0.15,0.3,60,-1,0,0,0,2,0,208,74.0,0.928,135,76.3,1.263,109,75.2,1.204
630,-2,0,0.15,0.3,60,-1,0,0,1,0,0,236,79.7,1.156,153,74.5,1.086,138,69.6,0.843
630,-2,0,0.15,0.3,60,-1,0,0,-1,0,0,248,73.4,0.984,193,78.2,1.186,160,78.8,1.197
630,-2,0,0.15,0.3,60,-1,0,1,0,0,0,236,78.8,1.108,158,74.7,1.061,145,72.4,0.934
630,-2,0,0.15,0.3,60,-1,0,1,1,0,0,213,78.9,1.097,137,73.7,1.015,131,69.5,0.831
630,-2,0,0.15,0.3,60,-1,0,-1,0,0,0,248,74.2,1.023,188,78.2,1.212,154,76.6,1.091
630,-2,0,0.15,0.3,60,-1,0,-1,-1,0,0,225,72.9,0.965,172,77.9,1.156,146,76.7,1.082
630,-2,0,0.15,0.3,60,-1,1,0,0,0,0,390,77.2,1.123,277,74.7,1.072,246,72.0,0.903
630,-2,0,0.15,0.3,60,-1,1,0,0,0,-1,233,76.0,1.105,179,74.9,1.144,154,72.1,0.965
630,-2,0,0.15,0.3,60,-1,1,0,0,1,0,228,79.4,1.239,158,74.7,0.971,148,70.9,0.787
630,-2,0,0.25,1.0,60,0,0,0,0,0,0,1009,52.0,1.072,706,52.5,1.011,680,52.5,1.023
630,-2,0,0.25,1.0,60,0,0,0,0,0,1,500,52.6,1.011,358,52.8,0.945,339,53.1,0.945
630,-2,0,0.25,1.0,60,0,0,0,0,0,-1,505,51.3,1.133,346,52.6,1.102,333,52.0,1.12
630,-2,0,0.25,1.0,60,0,0,0,0,1,0,604,51.8,1.082,408,53.4,1.099,423,53.4,1.144
630,-2,0,0.25,1.0,60,0,0,0,0,1,1,307,50.2,0.903,195,51.8,0.901,198,53.0,1.003
630,-2,0,0.25,1.0,60,0,0,0,0,1,-1,297,53.5,1.328,213,54.9,1.324,225,53.8,1.291
630,-2,0,0.25,1.0,60,0,0,0,0,2,0,405,52.3,1.058,298,51.3,0.904,257,51.0,0.854
630,-2,0,0.25,1.0,60,0,0,0,0,2,-1,208,48.1,0.945,133,48.9,0.84,108,48.1,0.849
630,-2,0,0.25,1.0,60,0,0,0,1,0,0,502,55.8,1.212,329,52.0,0.935,323,50.5,0.897
630,-2,0,0.25,1.0,60,0,0,0,1,0,1,248,56.0,1.108,171,52.6,0.818,163,50.9,0.771
630,-2,0,0.25,1.0,60,0,0,0,1,0,-1,251,55.4,1.319,156,51.9,1.112,154,50.0,1.055
630,-2,0,0.25,1.0,60,0,0,0,1,1,0,317,55.5,1.278,188,52.1,1.032,199,50.3,0.933
630,-2,0,0.25,1.0,60,0,0,0,-1,0,0,507,48.3,0.967,377,53.1,1.08,356,54.2,1.147
630,-2,0,0.25,1.0,60,0,0,0,-1,0,1,252,49.2,0.944,187,52.9,1.067,175,54.9,1.126
630,-2,0,0.25,1.0,60,0,0,0,-1,0,-1,254,47.2,0.986,190,53.2,1.093,179,53.6,1.18
630,-2,0,0.25,1.0,60,0,0,0,-1,1,0,287,47.7,0.92,220,54.5,1.155,223,56.1,1.352
630,-2,0,0.25,1.0,60,0,0,0,-1,2,0,220,49.1,1.023,157,51.0,0.981,133,51.1,0.862
630,-2,0,0.25,1.0,60,0,0,1,0,0,0,502,54.8,1.167,339,51.3,0.922,331,51.1,0.948
630,-2,0,0.25,1.0,60,0,0,1,0,0,1,249,55.0,1.052,177,52.5,0.855,166,52.4,0.836
630,-2,0,0.25,1.0,60,0,0,1,0,0,-1,252,54.4,1.276,161,50.3,1.014,162,49.4,1.053
630,-2,0,0.25,1.0,60,0,0,1,0,1,0,309,54.7,1.174,196,51.5,0.96,210,51.0,0.995
630,-2,0,0.25,1.0,60,0,0,1,1,0,0,450,56.0,1.219,297,52.2,0.942,300,50.7,0.908
630,-2,0,0.25,1.0,60,0,0,1,1,0,1,226,56.6,1.114,156,53.2,0.834,152,52.0,0.795
630,-2,0,0.25,1.0,60,0,0,1,1,0,-1,223,55.2,1.315,140,51.4,1.093,145,49.0,1.019
630,-2,0,0.25,1.0,60,0,0,1,1,1,0,282,55.0,1.223,174,52.3,1.007,190,50.0,0.922
630,-2,0,0.25,1.0,60,0,0,-1,0,0,0,505,49.3,1.0,366,53.8,1.107,345,53.9,1.11
630,-2,0,0.25,1.0,60,0,0,-1,0,0,1,251,50.2,0.981,181,53.0,1.033,173,53.8,1.053
630,-2,0,0.25,1.0,60,0,0,-1,0,0,-1,253,48.2,1.014,185,54.6,1.186,171,54.4,1.189
630,-2,0,0.25,1.0,60,0,0,-1,0,1,0,295,48.8,1.0,212,55.2,1.233,213,55.9,1.306
630,-2,0,0.25,1.0,60,0,0,-1,0,2,0,210,50.0,0.999,154,51.9,0.95,132,50.8,0.851
630,-2,0,0.25,1.0,60,0,0,-1,-1,0,0,455,48.8,0.981,335,54.0,1.121,324,54.0,1.119
630,-2,0,0.25,1.0,60,0,0,-1,-1,0,1,229,50.2,0.975,166,53.6,1.07,161,54.7,1.096
630,-2,0,0.25,1.0,60,0,0,-1,-1,0,-1,225,47.1,0.98,169,54.4,1.177,162,53.7,1.16
630,-2,0,0.25,1.0,60,0,0,-1,-1,1,0,260,47.3,0.931,198,55.6,1.223,203,55.7,1.3
630,-2,0,0.25,1.0,60,0,1,0,0,0,0,841,52.6,1.098,581,51.6,0.98,573,51.0,0.955
630,-2,0,0.25,1.0,60,0,1,0,0,0,1,433,52.7,1.023,295,53.6,0.961,287,52.6,0.882
630,-2,0,0.25,1.0,60,0,1,0,0,0,-1,404,52.2,1.183,285,49.8,1.011,279,49.1,1.033
630,-2,0,0.25,1.0,60,0,1,0,0,1,0,506,53.2,1.17,326,51.2,0.99,351,50.7,0.99
630,-2,0,0.25,1.0,60,0,1,0,0,1,1,264,51.1,0.951,157,52.2,0.878,167,51.5,0.867
630,-2,0,0.25,1.0,60,0,1,0,0,1,-1,242,55.4,1.502,169,50.3,1.107,184,50.0,1.121
630,-2,0,0.25,1.0,60,0,1,0,0,2,0,335,51.6,1.009,255,52.2,0.969,222,51.4,0.902
630,-2,0,0.25,1.0,60,0,1,0,1,0,0,432,56.7,1.283,284,52.8,0.958,279,51.3,0.899
630,-2,0,0.25,1.0,60,0,1,0,1,0,1,216,56.0,1.166,147,55.8,0.891,141,53.2,0.821
630,-2,0,0.25,1.0,60,0,1,0,1,0,-1,213,57.3,1.408,136,50.0,1.053,133,48.9,0.971
630,-2,0,0.25,1.0,60,0,1,0,1,1,0,275,57.1,1.426,158,51.9,0.973,170,50.6,0.865
630,-2,0,0.25,1.0,60,0,1,0,-1,0,0,409,48.2,0.957,297,50.5,1.002,294,50.7,1.01
630,-2,0,0.25,1.0,60,0,1,0,-1,0,1,217,49.3,0.927,148,51.4,1.032,146,52.1,0.945
630,-2,0,0.25,1.0,60,0,1,0,-1,1,0,231,48.5,0.955,168,50.6,1.005,181,50.8,1.119
630,-2,0,0.25,1.0,60,0,1,1,0,0,0,427,55.0,1.205,291,51.9,0.921,289,51.2,0.916
630,-2,0,0.25,1.0,60,0,1,1,0,0,1,217,53.9,1.033,152,54.6,0.889,146,53.4,0.83
630,-2,0,0.25,1.0,60,0,1,1,0,0,-1,209,56.0,1.391,138,49.3,0.977,140,48.6,0.991
630,-2,0,0.25,1.0,60,0,1,1,0,1,0,265,55.1,1.25,162,51.9,0.913,180,51.1,0.925
630,-2,0,0.25,1.0,60,0,1,1,1,0,0,386,56.7,1.272,257,52.1,0.917,260,50.8,0.868
630,-2,0,0.25,1.0,60,0,1,1,1,1,0,245,55.9,1.313,145,51.7,0.933,161,50.3,0.849
630,-2,0,0.25,1.0,60,0,1,-1,0,0,0,412,50.0,1.017,290,51.4,1.043,281,50.5,0.996
630,-2,0,0.25,1.0,60,0,1,-1,0,0,1,216,51.4,1.016,143,52.4,1.041,141,51.8,0.937
630,-2,0,0.25,1.0,60,0,1,-1,0,1,0,241,51.0,1.095,164,50.6,1.066,171,50.3,1.061
630,-2,0,0.25,1.0,60,0,1,-1,-1,0,0,368,49.2,0.978,263,50.6,1.008,264,50.0,0.966
630,-2,0,0.25,1.0,60,0,1,-1,-1,1,0,211,48.8,0.975,151,50.3,1.035,162,50.0,1.054
630,-2,0,0.25,1.0,60,1,0,0,0,0,0,485,56.1,1.224,340,54.7,1.115,301,53.8,1.102
630,-2,0,0.25,1.0,60,1,0,0,0,0,1,302,54.0,1.044,223,55.2,0.989,191,53.4,0.877
630,-2,0,0.25,1.0,60,1,0,0,0,1,0,292,56.5,1.267,181,55.8,1.276,166,54.8,1.376
630,-2,0,0.25,1.0,60,1,0,0,1,0,0,247,58.3,1.321,169,52.7,0.937,148,49.3,0.876
630,-2,0,0.25,1.0,60,1,0,0,-1,0,0,238,53.8,1.15,171,56.7,1.322,153,58.2,1.383
630,-2,0,0.25,1.0,60,1,0,1,0,0,0,251,56.6,1.183,174,52.3,0.939,149,50.3,0.917
630,-2,0,0.25,1.0,60,1,0,1,1,0,0,224,58.5,1.315,155,52.9,0.96,137,50.4,0.895
630,-2,0,0.25,1.0,60,1,0,-1,0,0,0,234,55.6,1.261,166,57.2,1.332,152,57.2,1.31
630,-2,0,0.25,1.0,60,1,0,-1,-1,0,0,211,55.5,1.251,152,57.9,1.412,141,58.9,1.395
630,-2,0,0.25,1.0,60,1,1,0,0,0,0,416,55.3,1.193,287,55.4,1.159,256,53.9,1.112
630,-2,0,0.25,1.0,60,1,1,0,0,0,1,262,52.3,0.977,190,55.8,1.026,164,53.7,0.878
630,-2,0,0.25,1.0,60,1,1,0,0,1,0,247,56.3,1.271,153,56.2,1.277,143,53.8,1.3
630,-2,0,0.25,1.0,60,1,1,0,1,0,0,217,57.6,1.338,151,55.0,1.117,129,51.9,1.032
630,-2,0,0.25,1.0,60,1,1,1,0,0,0,220,55.5,1.178,155,54.2,1.076,133,51.9,1.002
630,-2,0,0.25,1.0,60,-1,0,0,0,0,0,484,48.1,0.945,346,50.6,0.945,299,49.5,0.942
630,-2,0,0.25,1.0,60,-1,0,0,0,0,-1,303,46.9,0.94,219,52.5,1.021,186,49.5,0.907
630,-2,0,0.25,1.0,60,-1,0,0,0,1,0,276,47.5,0.918,211,51.7,1.0,190,50.5,1.0
630,-2,0,0.25,1.0,60,-1,0,0,0,2,0,208,49.0,0.976,135,48.9,0.864,109,47.7,0.848
630,-2,0,0.25,1.0,60,-1,0,0,1,0,0,236,53.4,1.097,153,51.6,0.953,138,48.6,0.887
630,-2,0,0.25,1.0,60,-1,0,0,-1,0,0,248,43.1,0.83,193,49.7,0.938,160,50.0,0.983
630,-2,0,0.25,1.0,60,-1,0,1,0,0,0,236,52.5,1.098,158,50.6,0.932,145,49.7,0.943
630,-2,0,0.25,1.0,60,-1,0,1,1,0,0,213,53.1,1.074,137,51.8,0.947,131,48.1,0.876
630,-2,0,0.25,1.0,60,-1,0,-1,0,0,0,248,44.0,0.83,188,50.5,0.956,154,49.4,0.941
630,-2,0,0.25,1.0,60,-1,0,-1,-1,0,0,225,42.7,0.791,172,50.6,0.951,146,48.6,0.922
630,-2,0,0.25,1.0,60,-1,1,0,0,0,0,390,49.7,1.005,277,47.7,0.853,246,45.1,0.783
630,-2,0,0.25,1.0,60,-1,1,0,0,0,-1,233,47.6,0.952,179,48.0,0.881,154,44.2,0.742
630,-2,0,0.25,1.0,60,-1,1,0,0,1,0,228,50.4,1.07,158,46.2,0.817,148,43.9,0.738
630,-2,1,0.25,0.6,60,0,0,0,0,0,0,1009,54.3,0.9,706,52.3,0.876,680,52.6,0.879
630,-2,1,0.25,0.6,60,0,0,0,0,0,1,505,56.4,0.917,346,52.9,0.814,333,52.9,0.812
630,-2,1,0.25,0.6,60,0,0,0,0,0,-1,500,52.4,0.886,358,51.4,0.929,339,52.5,0.951
630,-2,1,0.25,0.6,60,0,0,0,0,1,0,604,53.6,0.865,408,51.5,0.837,423,52.0,0.819
630,-2,1,0.25,0.6,60,0,0,0,0,1,1,297,53.5,0.775,213,51.6,0.767,225,52.0,0.775
630,-2,1,0.25,0.6,60,0,0,0,0,1,-1,307,53.7,0.959,195,51.3,0.927,198,52.0,0.873
630,-2,1,0.25,0.6,60,0,0,0,0,2,0,405,55.3,0.951,298,53.4,0.93,257,53.7,0.984
630,-2,1,0.25,0.6,60,0,0,0,0,2,1,208,60.6,1.14,133,54.9,0.898,108,54.6,0.893
630,-2,1,0.25,0.6,60,0,0,0,1,0,0,507,58.2,0.975,377,50.9,0.8,356,50.0,0.768
630,-2,1,0.25,0.6,60,0,0,0,1,0,1,254,60.2,1.042,190,51.1,0.763,179,50.3,0.725
630,-2,1,0.25,0.6,60,0,0,0,1,0,-1,252,56.3,0.924,187,50.8,0.836,175,49.7,0.808
630,-2,1,0.25,0.6,60,0,0,0,1,1,0,287,58.2,0.986,220,49.5,0.751,223,47.5,0.647
630,-2,1,0.25,0.6,60,0,0,0,1,2,0,220,58.2,0.964,157,52.9,0.873,133,54.1,1.024
630,-2,1,0.25,0.6,60,0,0,0,-1,0,0,502,50.4,0.821,329,53.8,0.974,323,55.7,1.031
630,-2,1,0.25,0.6,60,0,0,0,-1,0,1,251,52.6,0.805,156,55.1,0.877,154,55.8,0.925
630,-2,1,0.25,0.6,60,0,0,0,-1,0,-1,248,48.4,0.841,171,52.0,1.058,163,55.8,1.166
630,-2,1,0.25,0.6,60,0,0,0,-1,1,0,317,49.5,0.764,188,53.7,0.957,199,57.3,1.094
630,-2,1,0.25,0.6,60,0,0,1,0,0,0,505,58.0,0.972,366,50.8,0.813,345,50.7,0.797
630,-2,1,0.25,0.6,60,0,0,1,0,0,1,253,59.3,1.002,185,50.8,0.741,171,50.9,0.736
630,-2,1,0.25,0.6,60,0,0,1,0,0,-1,251,57.0,0.951,181,50.8,0.888,173,50.3,0.849
630,-2,1,0.25,0.6,60,0,0,1,0,1,0,295,58.6,0.979,212,49.1,0.717,213,48.4,0.675
630,-2,1,0.25,0.6,60,0,0,1,0,2,0,210,57.1,0.963,154,53.2,0.965,132,54.5,1.038
630,-2,1,0.25,0.6,60,0,0,1,1,0,0,455,58.0,0.979,335,50.1,0.79,324,50.3,0.787
630,-2,1,0.25,0.6,60,0,0,1,1,0,1,225,60.4,1.055,169,50.3,0.74,162,50.6,0.736
630,-2,1,0.25,0.6,60,0,0,1,1,0,-1,229,55.9,0.921,166,50.0,0.841,161,49.7,0.829
630,-2,1,0.25,0.6,60,0,0,1,1,1,0,260,58.8,1.006,198,49.0,0.727,203,48.3,0.671
630,-2,1,0.25,0.6,60,0,0,-1,0,0,0,502,50.6,0.823,339,53.7,0.947,331,54.7,0.974
630,-2,1,0.25,0.6,60,0,0,-1,0,0,1,252,53.6,0.837,161,55.3,0.904,162,54.9,0.899
630,-2,1,0.25,0.6,60,0,0,-1,0,0,-1,249,47.8,0.813,177,52.0,0.981,166,54.8,1.09
630,-2,1,0.25,0.6,60,0,0,-1,0,1,0,309,48.9,0.763,196,54.1,1.005,210,55.7,1.01
630,-2,1,0.25,0.6,60,0,0,-1,-1,0,0,450,49.6,0.809,297,53.2,0.955,300,55.3,1.021
630,-2,1,0.25,0.6,60,0,0,-1,-1,0,1,223,52.9,0.825,140,55.0,0.893,145,55.9,0.938
630,-2,1,0.25,0.6,60,0,0,-1,-1,0,-1,226,46.5,0.797,156,51.3,1.009,152,55.3,1.146
630,-2,1,0.25,0.6,60,0,0,-1,-1,1,0,282,48.6,0.758,174,54.0,1.001,190,57.4,1.103
630,-2,1,0.25,0.6,60,0,-1,0,0,0,0,841,53.0,0.844,581,53.2,0.924,573,54.5,0.963
630,-2,1,0.25,0.6,60,0,-1,0,0,0,1,404,54.7,0.844,285,55.4,0.905,279,55.9,0.917
630,-2,1,0.25,0.6,60,0,-1,0,0,0,-1,433,51.7,0.849,295,50.8,0.936,287,53.3,1.022
630,-2,1,0.25,0.6,60,0,-1,0,0,1,0,506,52.0,0.802,326,53.4,0.949,351,55.0,0.977
630,-2,1,0.25,0.6,60,0,-1,0,0,1,1,242,51.2,0.689,169,55.6,0.918,184,56.0,0.932
630,-2,1,0.25,0.6,60,0,-1,0,0,1,-1,264,52.7,0.916,157,51.0,0.985,167,53.9,1.028
630,-2,1,0.25,0.6,60,0,-1,0,0,2,0,335,54.6,0.91,255,52.9,0.894,222,53.6,0.942
630,-2,1,0.25,0.6,60,0,-1,0,1,0,0,409,57.7,0.953,297,53.9,0.892,294,53.7,0.88
630,-2,1,0.25,0.6,60,0,-1,0,1,0,-1,217,55.8,0.911,148,52.7,0.892,146,52.7,0.949
630,-2,1,0.25,0.6,60,0,-1,0,1,1,0,231,57.6,0.957,168,53.6,0.902,181,52.5,0.795
630,-2,1,0.25,0.6,60,0,-1,0,-1,0,0,432,48.6,0.743,284,52.5,0.959,279,55.2,1.061
630,-2,1,0.25,0.6,60,0,-1,0,-1,0,1,213,49.8,0.713,136,55.9,0.919,133,57.1,1.051
630,-2,1,0.25,0.6,60,0,-1,0,-1,0,-1,216,47.7,0.778,147,49.0,0.985,141,53.9,1.107
630,-2,1,0.25,0.6,60,0,-1,0,-1,1,0,275,47.3,0.685,158,53.2,1.004,170,57.6,1.227
630,-2,1,0.25,0.6,60,0,-1,1,0,0,0,412,57.3,0.949,290,53.8,0.901,281,54.4,0.901
630,-2,1,0.25,0.6,60,0,-1,1,0,0,-1,216,55.6,0.904,143,51.7,0.921,141,52.5,0.95
630,-2,1,0.25,0.6,60,0,-1,1,0,1,0,241,57.3,0.93,164,53.7,0.86,171,53.8,0.846
630,-2,1,0.25,0.6,60,0,-1,1,1,0,0,368,57.3,0.966,263,54.0,0.907,264,54.5,0.917
630,-2,1,0.25,0.6,60,0,-1,1,1,1,0,211,57.8,0.98,151,54.3,0.899,162,53.7,0.842
630,-2,1,0.25,0.6,60,0,-1,-1,0,0,0,427,48.9,0.741,291,52.6,0.948,289,54.7,1.032
630,-2,1,0.25,0.6,60,0,-1,-1,0,0,1,209,50.2,0.705,138,55.1,0.93,140,55.7,0.997
630,-2,1,0.25,0.6,60,0,-1,-1,0,0,-1,217,47.9,0.786,152,50.0,0.951,146,54.1,1.105
630,-2,1,0.25,0.6,60,0,-1,-1,0,1,0,265,47.2,0.694,162,53.1,1.056,180,56.1,1.127
630,-2,1,0.25,0.6,60,0,-1,-1,-1,0,0,386,47.7,0.73,257,52.5,0.973,260,55.4,1.093
630,-2,1,0.25,0.6,60,0,-1,-1,-1,1,0,245,46.5,0.689,145,53.8,1.072,161,57.8,1.249
630,-2,1,0.25,0.6,60,1,0,0,0,0,0,484,58.5,1.058,346,54.3,0.891,299,55.5,0.905
630,-2,1,0.25,0.6,60,1,0,0,0,0,1,303,60.4,1.129,219,53.4,0.831,186,55.9,0.895
630,-2,1,0.25,0.6,60,1,0,0,0,1,0,276,57.2,0.997,211,54.0,0.905,190,55.3,0.908
630,-2,1,0.25,0.6,60,1,0,0,0,2,0,208,60.1,1.138,135,54.8,0.869,109,56.0,0.899
630,-2,1,0.25,0.6,60,1,0,0,1,0,0,248,63.3,1.176,193,53.4,0.828,160,53.1,0.791
630,-2,1,0.25,0.6,60,1,0,0,-1,0,0,236,53.4,0.946,153,55.6,0.975,138,58.7,1.065
630,-2,1,0.25,0.6,60,1,0,1,0,0,0,248,62.5,1.149,188,53.7,0.843,154,53.9,0.826
630,-2,1,0.25,0.6,60,1,0,1,1,0,0,225,63.6,1.22,172,52.9,0.832,146,54.1,0.832
630,-2,1,0.25,0.6,60,1,0,-1,0,0,0,236,54.2,0.968,158,55.1,0.95,145,57.2,0.992
630,-2,1,0.25,0.6,60,1,0,-1,-1,0,0,213,53.5,0.984,137,54.7,0.974,131,58.8,1.07
630,-2,1,0.25,0.6,60,1,-1,0,0,0,0,390,55.6,0.932,277,57.4,1.024,246,60.2,1.117
630,-2,1,0.25,0.6,60,1,-1,0,0,0,1,233,57.9,1.01,179,57.5,0.982,154,61.0,1.109
630,-2,1,0.25,0.6,60,1,-1,0,0,1,0,228,53.1,0.819,158,59.5,1.161,148,62.2,1.272
630,-2,1,0.25,0.6,60,-1,0,0,0,0,0,485,50.3,0.764,340,50.0,0.846,301,51.2,0.873
630,-2,1,0.25,0.6,60,-1,0,0,0,0,-1,302,51.3,0.864,223,49.3,0.909,191,53.4,1.051
630,-2,1,0.25,0.6,60,-1,0,0,0,1,0,292,50.0,0.752,181,48.1,0.744,166,49.4,0.716
630,-2,1,0.25,0.6,60,-1,0,0,1,0,0,238,52.9,0.804,171,48.0,0.745,153,47.1,0.743
630,-2,1,0.25,0.6,60,-1,0,0,-1,0,0,247,47.8,0.719,169,52.1,0.971,148,55.4,1.047
630,-2,1,0.25,0.6,60,-1,0,1,0,0,0,234,52.6,0.792,166,47.6,0.778,152,47.4,0.768
630,-2,1,0.25,0.6,60,-1,0,1,1,0,0,211,52.1,0.777,152,46.7,0.727,141,46.1,0.746
630,-2,1,0.25,0.6,60,-1,0,-1,0,0,0,251,48.2,0.732,174,52.3,0.926,149,55.0,1.017
630,-2,1,0.25,0.6,60,-1,0,-1,-1,0,0,224,46.9,0.695,155,51.6,0.925,137,54.7,1.048
630,-2,1,0.25,0.6,60,-1,-1,0,0,0,0,416,50.7,0.767,287,49.1,0.824,256,51.2,0.873
630,-2,1,0.25,0.6,60,-1,-1,0,0,0,-1,262,52.3,0.88,190,48.4,0.876,164,53.0,1.026
630,-2,1,0.25,0.6,60,-1,-1,0,0,1,0,247,50.6,0.775,153,47.1,0.744,143,50.3,0.767
630,-2,1,0.25,0.6,60,-1,-1,0,-1,0,0,217,48.4,0.715,151,49.0,0.833,129,52.7,0.926
630,-2,1,0.25,0.6,60,-1,-1,-1,0,0,0,220,49.1,0.734,155,49.7,0.813,133,53.4,0.956
630,-1,0,0.25,0.3,60,0,0,0,0,0,0,1009,73.6,1.079,706,68.8,0.876,680,69.7,0.919
630,-1,0,0.25,0.3,60,0,0,0,0,0,1,513,74.7,1.118,338,70.4,0.896,313,70.6,0.918
630,-1,0,0.25,0.3,60,0,0,0,0,0,-1,492,72.6,1.043,366,67.8,0.878,359,69.1,0.937
630,-1,0,0.25,0.3,60,0,0,0,0,1,0,604,74.8,1.181,408,68.9,0.889,423,68.3,0.883
630,-1,0,0.25,0.3,60,0,0,0,0,1,1,306,73.2,1.031,201,69.2,0.853,202,67.3,0.865
630,-1,0,0.25,0.3,60,0,0,0,0,1,-1,298,76.5,1.366,207,68.6,0.926,221,69.2,0.899
630,-1,0,0.25,0.3,60,0,0,0,0,2,0,405,71.9,0.958,298,68.8,0.859,257,72.0,0.981
630,-1,0,0.25,0.3,60,0,0,0,0,2,1,207,76.8,1.257,137,72.3,0.964,111,76.6,1.019
630,-1,0,0.25,0.3,60,0,0,0,1,0,0,780,74.6,1.158,535,68.0,0.84,522,67.2,0.812
630,-1,0,0.25,0.3,60,0,0,0,1,0,1,393,75.8,1.26,264,70.1,0.876,249,69.1,0.884
630,-1,0,0.25,0.3,60,0,0,0,1,0,-1,383,73.4,1.073,269,66.5,0.833,266,65.8,0.768
630,-1,0,0.25,0.3,60,0,0,0,1,1,0,480,76.5,1.333,308,68.2,0.85,319,65.5,0.769
630,-1,0,0.25,0.3,60,0,0,0,1,1,1,242,74.8,1.195,157,70.7,0.952,162,67.3,0.924
630,-1,0,0.25,0.3,60,0,0,0,1,1,-1,238,78.2,1.489,151,65.6,0.756,157,63.7,0.642
630,-1,0,0.25,0.3,60,0,0,0,1,2,0,300,71.7,0.953,227,67.8,0.828,203,70.0,0.882
630,-1,0,0.25,0.3,60,0,0,0,-1,0,0,229,70.3,0.876,171,71.3,1.003,157,77.7,1.464
630,-1,0,0.25,0.3,60,0,0,1,0,0,0,742,74.7,1.128,523,68.5,0.861,508,68.5,0.877
630,-1,0,0.25,0.3,60,0,0,1,0,0,1,375,76.0,1.193,259,71.0,0.937,241,71.4,1.018
630,-1,0,0.25,0.3,60,0,0,1,0,0,-1,365,73.2,1.062,263,66.2,0.807,263,65.8,0.771
630,-1,0,0.25,0.3,60,0,0,1,0,1,0,452,75.9,1.221,306,68.0,0.837,318,66.7,0.814
630,-1,0,0.25,0.3,60,0,0,1,0,1,1,225,73.8,1.051,156,71.2,0.973,160,70.0,1.059
630,-1,0,0.25,0.3,60,0,0,1,0,1,-1,227,78.0,1.42,150,64.7,0.722,158,63.3,0.64
630,-1,0,0.25,0.3,60,0,0,1,0,2,0,290,72.8,1.009,217,69.1,0.894,190,71.6,0.996
630,-1,0,0.25,0.3,60,0,0,1,1,0,0,709,75.3,1.178,492,68.1,0.844,488,67.6,0.847
630,-1,0,0.25,0.3,60,0,0,1,1,0,1,358,76.8,1.272,244,70.9,0.917,234,70.5,0.979
630,-1,0,0.25,0.3,60,0,0,1,1,0,-1,349,73.6,1.089,247,65.6,0.793,250,64.8,0.745
630,-1,0,0.25,0.3,60,0,0,1,1,1,0,435,76.8,1.302,289,67.8,0.823,304,65.8,0.785
630,-1,0,0.25,0.3,60,0,0,1,1,1,1,217,75.1,1.161,148,70.9,0.941,155,69.0,1.014
630,-1,0,0.25,0.3,60,0,0,1,1,1,-1,218,78.4,1.457,141,64.5,0.719,149,62.4,0.615
630,-1,0,0.25,0.3,60,0,0,1,1,2,0,274,73.0,1.023,203,68.5,0.874,184,70.7,0.961
630,-1,0,0.25,0.3,60,0,0,-1,0,0,0,265,70.9,0.973,182,70.3,0.943,168,73.8,1.109
630,-1,0,0.25,0.3,60,0,1,0,0,0,0,709,73.3,1.077,485,68.5,0.859,466,69.1,0.884
630,-1,0,0.25,0.3,60,0,1,0,0,0,1,374,73.5,1.052,237,71.3,0.938,221,71.9,0.989
630,-1,0,0.25,0.3,60,0,1,0,0,0,-1,332,73.2,1.114,247,66.0,0.805,239,66.5,0.809
630,-1,0,0.25,0.3,60,0,1,0,0,1,0,433,74.6,1.194,276,67.0,0.805,293,66.9,0.815
630,-1,0,0.25,0.3,60,0,1,0,0,1,1,227,73.1,1.02,135,68.1,0.787,140,67.1,0.853
630,-1,0,0.25,0.3,60,0,1,0,0,1,-1,206,76.2,1.447,141,66.0,0.823,153,66.7,0.782
630,-1,0,0.25,0.3,60,0,1,0,0,2,0,276,71.4,0.932,209,70.3,0.935,173,72.8,1.013
630,-1,0,0.25,0.3,60,0,1,0,1,0,0,505,74.9,1.223,339,67.6,0.812,325,66.2,0.763
630,-1,0,0.25,0.3,60,0,1,0,1,0,1,261,74.7,1.199,173,72.3,0.959,163,71.2,0.996
630,-1,0,0.25,0.3,60,0,1,0,1,0,-1,241,75.1,1.261,165,63.0,0.704,157,61.1,0.601
630,-1,0,0.25,0.3,60,0,1,0,1,1,0,320,76.6,1.418,193,65.8,0.751,201,63.2,0.687
630,-1,0,0.25,0.3,60,0,1,0,-1,0,0,204,69.6,0.829,146,70.5,0.988,141,75.9,1.297
630,-1,0,0.25,0.3,60,0,1,1,0,0,0,481,75.1,1.188,335,67.5,0.794,324,67.3,0.798
630,-1,0,0.25,0.3,60,0,1,1,0,0,1,251,74.5,1.097,175,72.6,0.963,161,72.7,1.056
630,-1,0,0.25,0.3,60,0,1,1,0,0,-1,229,75.5,1.293,159,62.3,0.665,160,61.9,0.619
630,-1,0,0.25,0.3,60,0,1,1,0,1,0,300,75.7,1.256,192,65.6,0.748,205,64.4,0.718
630,-1,0,0.25,0.3,60,0,1,1,1,0,0,450,76.2,1.288,307,66.8,0.764,306,66.0,0.758
630,-1,0,0.25,0.3,60,0,1,1,1,0,1,234,75.6,1.195,161,72.7,0.94,155,71.6,1.004
630,-1,0,0.25,0.3,60,0,1,1,1,0,-1,215,76.7,1.389,145,60.7,0.629,148,60.1,0.579
630,-1,0,0.25,0.3,60,0,1,1,1,1,0,284,77.1,1.396,177,65.0,0.716,192,63.0,0.678
630,-1,0,0.25,0.3,60,0,1,-1,0,0,0,226,69.9,0.91,150,70.7,1.04,139,73.4,1.164
630,-1,0,0.25,0.3,60,0,-1,0,0,0,0,300,74.3,1.083,221,69.7,0.914,214,71.0,1.006
630,-1,0,0.25,0.3,60,0,-1,0,1,0,0,275,74.2,1.054,196,68.9,0.894,197,69.0,0.905
630,-1,0,0.25,0.3,60,0,-1,1,0,0,0,261,73.9,1.031,188,70.2,1.008,184,70.7,1.055
630,-1,0,0.25,0.3,60,0,-1,1,1,0,0,259,73.7,1.022,185,70.3,1.014,182,70.3,1.043
630,-1,0,0.25,0.3,60,1,0,0,0,0,0,515,75.1,1.179,348,68.4,0.866,297,70.4,0.882
630,-1,0,0.25,0.3,60,1,0,0,0,0,1,323,75.5,1.174,217,67.3,0.777,173,69.4,0.784
630,-1,0,0.25,0.3,60,1,0,0,0,1,0,308,75.0,1.187,211,66.8,0.863,190,67.9,0.871
630,-1,0,0.25,0.3,60,1,0,0,0,2,0,207,75.4,1.168,137,70.8,0.87,107,74.8,0.902
630,-1,0,0.25,0.3,60,1,0,0,1,0,0,395,75.4,1.244,274,65.7,0.743,236,65.7,0.715
630,-1,0,0.25,0.3,60,1,0,0,1,0,1,241,75.9,1.255,175,65.1,0.692,139,66.2,0.698
630,-1,0,0.25,0.3,60,1,0,0,1,1,0,244,75.4,1.249,169,64.5,0.764,152,63.2,0.707
630,-1,0,0.25,0.3,60,1,0,1,0,0,0,380,75.3,1.162,268,66.4,0.787,227,67.4,0.789
630,-1,0,0.25,0.3,60,1,0,1,0,0,1,236,75.8,1.175,168,66.7,0.765,130,69.2,0.825
630,-1,0,0.25,0.3,60,1,0,1,0,1,0,230,73.9,1.077,166,64.5,0.77,148,64.9,0.762
630,-1,0,0.25,0.3,60,1,0,1,1,0,0,362,76.0,1.227,255,66.3,0.777,221,66.5,0.758
630,-1,0,0.25,0.3,60,1,0,1,1,0,1,223,77.1,1.303,160,66.9,0.764,127,68.5,0.798
630,-1,0,0.25,0.3,60,1,0,1,1,1,0,221,75.1,1.178,160,64.4,0.76,144,63.9,0.729
630,-1,0,0.25,0.3,60,1,1,0,0,0,0,367,73.0,1.072,245,68.6,0.921,204,70.6,0.896
630,-1,0,0.25,0.3,60,1,1,0,0,0,1,227,72.7,1.005,158,69.0,0.881,123,70.7,0.838
630,-1,0,0.25,0.3,60,1,1,0,0,1,0,220,73.6,1.128,145,64.8,0.821,129,65.9,0.767
630,-1,0,0.25,0.3,60,1,1,0,1,0,0,255,73.3,1.16,181,65.2,0.775,149,64.4,0.696
630,-1,0,0.25,0.3,60,1,1,1,0,0,0,248,73.4,1.072,180,65.6,0.777,147,66.0,0.735
630,-1,0,0.25,0.3,60,1,1,1,1,0,0,230,74.3,1.155,168,64.9,0.75,141,64.5,0.689
630,-1,0,0.25,0.3,60,-1,0,0,0,0,0,454,72.0,0.986,338,69.2,0.882,303,68.6,0.976
630,-1,0,0.25,0.3,60,-1,0,0,0,0,-1,282,71.3,0.944,225,66.7,0.801,204,67.2,0.88
630,-1,0,0.25,0.3,60,-1,0,0,0,1,0,260,75.0,1.189,181,70.7,0.882,166,68.1,0.914
630,-1,0,0.25,0.3,60,-1,0,0,1,0,0,354,73.4,1.059,250,70.8,0.984,230,69.1,0.988
630,-1,0,0.25,0.3,60,-1,0,0,1,0,-1,215,72.6,0.964,166,66.9,0.842,153,66.7,0.822
630,-1,0,0.25,0.3,60,-1,0,0,1,1,0,209,77.5,1.406,131,72.5,0.955,122,68.9,0.927
630,-1,0,0.25,0.3,60,-1,0,1,0,0,0,335,73.4,1.052,244,70.9,0.964,227,70.0,1.036
630,-1,0,0.25,0.3,60,-1,0,1,0,0,-1,208,72.6,0.998,158,67.1,0.824,147,67.3,0.853
630,-1,0,0.25,0.3,60,-1,0,1,1,0,0,322,73.9,1.078,228,70.2,0.933,217,68.7,0.982
630,-1,0,0.25,0.3,60,-1,1,0,0,0,0,311,74.0,1.094,227,68.3,0.795,198,65.7,0.828
630,-1,0,0.25,0.3,60,-1,1,0,1,0,0,228,76.3,1.275,153,70.6,0.876,135,66.7,0.833
630,-1,0,0.25,0.3,60,-1,1,1,0,0,0,214,76.6,1.298,149,70.5,0.847,136,68.4,0.899
630,-1,0,0.25,0.3,60,-1,1,1,1,0,0,203,77.8,1.39,135,69.6,0.806,128,66.4,0.832
630,-1,1,0.15,1.0,60,0,0,0,0,0,0,1009,46.8,0.899,706,51.0,1.026,680,51.5,1.022
630,-1,1,0.15,1.0,60,0,0,0,0,0,1,492,48.4,0.911,366,50.8,0.973,359,51.3,0.954
630,-1,1,0.15,1.0,60,0,0,0,0,0,-1,513,45.2,0.885,338,50.9,1.075,313,52.1,1.117
630,-1,1,0.15,1.0,60,0,0,0,0,1,0,604,45.0,0.854,408,50.7,1.06,423,52.5,1.095
630,-1,1,0.15,1.0,60,0,0,0,0,1,1,298,44.6,0.776,207,50.2,1.018,221,51.1,1.023
630,-1,1,0.15,1.0,60,0,0,0,0,1,-1,306,45.4,0.935,201,51.2,1.108,202,54.0,1.181
630,-1,1,0.15,1.0,60,0,0,0,0,2,0,405,49.4,0.969,298,51.3,0.982,257,49.8,0.914
630,-1,1,0.15,1.0,60,0,0,0,0,2,-1,207,44.9,0.815,137,50.4,1.029,111,48.6,1.01
630,-1,1,0.15,1.0,60,0,0,0,1,0,0,229,50.2,0.977,171,46.8,0.847,157,42.7,0.687
630,-1,1,0.15,1.0,60,0,0,0,-1,0,0,780,45.8,0.876,535,52.3,1.088,522,54.2,1.156
630,-1,1,0.15,1.0,60,0,0,0,-1,0,1,383,47.8,0.915,269,52.0,1.023,266,53.8,1.109
630,-1,1,0.15,1.0,60,0,0,0,-1,0,-1,393,43.8,0.834,264,52.3,1.145,249,55.0,1.223
630,-1,1,0.15,1.0,60,0,0,0,-1,1,0,480,44.0,0.827,308,53.2,1.184,319,57.1,1.349
630,-1,1,0.15,1.0,60,0,0,0,-1,1,1,238,44.5,0.773,151,54.3,1.25,157,56.7,1.406
630,-1,1,0.15,1.0,60,0,0,0,-1,1,-1,242,43.4,0.884,157,52.2,1.121,162,57.4,1.296
630,-1,1,0.15,1.0,60,0,0,0,-1,2,0,300,48.7,0.96,227,51.1,0.974,203,49.8,0.911
630,-1,1,0.15,1.0,60,0,0,1,0,0,0,265,49.8,0.98,182,46.7,0.862,168,45.8,0.805
630,-1,1,0.15,1.0,60,0,0,-1,0,0,0,742,45.7,0.869,523,52.4,1.087,508,53.3,1.102
630,-1,1,0.15,1.0,60,0,0,-1,0,0,1,365,48.2,0.912,263,52.5,1.077,263,54.0,1.122
630,-1,1,0.15,1.0,60,0,0,-1,0,0,-1,375,43.2,0.825,259,52.1,1.088,241,53.1,1.103
630,-1,1,0.15,1.0,60,0,0,-1,0,1,0,452,43.4,0.813,306,53.6,1.218,318,56.0,1.285
630,-1,1,0.15,1.0,60,0,0,-1,0,1,1,227,43.6,0.748,150,54.7,1.296,158,57.0,1.43
630,-1,1,0.15,1.0,60,0,0,-1,0,1,-1,225,43.1,0.884,156,52.6,1.145,160,55.0,1.158
630,-1,1,0.15,1.0,60,0,0,-1,0,2,0,290,49.3,0.961,217,50.7,0.928,190,48.9,0.854
630,-1,1,0.15,1.0,60,0,0,-1,-1,0,0,709,45.3,0.861,492,52.4,1.082,488,53.9,1.118
630,-1,1,0.15,1.0,60,0,0,-1,-1,0,1,349,47.9,0.912,247,52.6,1.053,250,54.0,1.1
630,-1,1,0.15,1.0,60,0,0,-1,-1,0,-1,358,42.7,0.809,244,52.0,1.104,234,54.3,1.165
630,-1,1,0.15,1.0,60,0,0,-1,-1,1,0,435,43.2,0.811,289,54.0,1.229,304,56.9,1.325
630,-1,1,0.15,1.0,60,0,0,-1,-1,1,1,218,44.0,0.763,141,55.3,1.303,149,57.0,1.411
630,-1,1,0.15,1.0,60,0,0,-1,-1,1,-1,217,42.4,0.864,148,52.7,1.16,155,56.8,1.248
630,-1,1,0.15,1.0,60,0,0,-1,-1,2,0,274,48.5,0.945,203,50.2,0.905,184,48.9,0.849
630,-1,1,0.15,1.0,60,0,1,0,0,0,0,300,48.0,0.977,221,52.9,1.072,214,51.4,0.962
630,-1,1,0.15,1.0,60,0,1,0,-1,0,0,275,48.4,1.006,196,56.1,1.224,197,54.8,1.126
630,-1,1,0.15,1.0,60,0,1,-1,0,0,0,261,48.3,0.987,188,55.3,1.152,184,53.8,1.014
630,-1,1,0.15,1.0,60,0,1,-1,-1,0,0,259,48.3,0.987,185,55.1,1.146,182,53.8,1.015
630,-1,1,0.15,1.0,60,0,-1,0,0,0,0,709,46.3,0.867,485,50.1,1.006,466,51.5,1.05
630,-1,1,0.15,1.0,60,0,-1,0,0,0,1,332,46.7,0.843,247,52.2,1.017,239,54.4,1.119
630,-1,1,0.15,1.0,60,0,-1,0,0,0,-1,374,46.0,0.892,237,47.7,0.985,221,48.9,0.996
630,-1,1,0.15,1.0,60,0,-1,0,0,1,0,433,44.1,0.802,276,50.7,1.111,293,53.6,1.197
630,-1,1,0.15,1.0,60,0,-1,0,0,1,1,206,43.7,0.729,141,51.8,1.058,153,54.9,1.245
630,-1,1,0.15,1.0,60,0,-1,0,0,1,-1,227,44.5,0.87,135,49.6,1.17,140,52.1,1.148
630,-1,1,0.15,1.0,60,0,-1,0,0,2,0,276,49.6,0.978,209,49.3,0.887,173,48.0,0.849
630,-1,1,0.15,1.0,60,0,-1,0,1,0,0,204,51.0,1.016,146,50.0,0.977,141,46.1,0.814
630,-1,1,0.15,1.0,60,0,-1,0,-1,0,0,505,44.4,0.809,339,50.1,1.018,325,53.8,1.174
630,-1,1,0.15,1.0,60,0,-1,0,-1,0,1,241,45.2,0.82,165,53.9,1.078,157,58.0,1.387
630,-1,1,0.15,1.0,60,0,-1,0,-1,0,-1,261,43.7,0.798,173,46.2,0.951,163,50.3,1.023
630,-1,1,0.15,1.0,60,0,-1,0,-1,1,0,320,42.2,0.749,193,52.3,1.2,201,58.7,1.516
630,-1,1,0.15,1.0,60,0,-1,1,0,0,0,226,50.4,0.993,150,48.7,0.91,139,48.2,0.843
630,-1,1,0.15,1.0,60,0,-1,-1,0,0,0,481,44.3,0.806,335,50.7,1.052,324,53.1,1.155
630,-1,1,0.15,1.0,60,0,-1,-1,0,0,1,229,45.0,0.79,159,54.1,1.178,160,57.5,1.414
630,-1,1,0.15,1.0,60,0,-1,-1,0,0,-1,251,43.8,0.828,175,47.4,0.938,161,49.1,0.97
630,-1,1,0.15,1.0,60,0,-1,-1,0,1,0,300,42.0,0.75,192,53.1,1.256,205,57.6,1.455
630,-1,1,0.15,1.0,60,0,-1,-1,-1,0,0,450,43.6,0.79,307,50.8,1.045,306,53.9,1.184
630,-1,1,0.15,1.0,60,0,-1,-1,-1,0,1,215,44.2,0.785,145,55.2,1.161,148,58.1,1.405
630,-1,1,0.15,1.0,60,0,-1,-1,-1,0,-1,234,43.2,0.802,161,46.6,0.937,155,50.3,1.033
630,-1,1,0.15,1.0,60,0,-1,-1,-1,1,0,284,41.5,0.742,177,53.7,1.274,192,58.9,1.526
630,-1,1,0.15,1.0,60,1,0,0,0,0,0,454,48.9,0.995,338,53.0,1.045,303,54.5,1.06
630,-1,1,0.15,1.0,60,1,0,0,0,0,1,282,50.0,1.016,225,54.2,1.049,204,54.9,1.043
630,-1,1,0.15,1.0,60,1,0,0,0,1,0,260,45.4,0.898,181,53.6,1.16,166,56.0,1.21
630,-1,1,0.15,1.0,60,1,0,0,-1,0,0,354,47.7,0.992,250,52.4,0.986,230,55.2,1.096
630,-1,1,0.15,1.0,60,1,0,0,-1,0,1,215,48.8,1.022,166,53.6,0.988,153,54.2,1.047
630,-1,1,0.15,1.0,60,1,0,0,-1,1,0,209,45.0,0.898,131,55.0,1.195,122,59.0,1.365
630,-1,1,0.15,1.0,60,1,0,-1,0,0,0,335,49.0,1.018,244,52.5,1.032,227,55.1,1.072
630,-1,1,0.15,1.0,60,1,0,-1,0,0,1,208,50.5,1.041,158,53.2,1.003,147,55.1,1.057
630,-1,1,0.15,1.0,60,1,0,-1,-1,0,0,322,48.4,1.019,228,52.6,1.016,217,55.8,1.09
630,-1,1,0.15,1.0,60,1,-1,0,0,0,0,311,45.0,0.837,227,54.2,1.168,198,58.6,1.28
630,-1,1,0.15,1.0,60,1,-1,0,-1,0,0,228,42.5,0.789,153,52.3,1.073,135,59.3,1.354
630,-1,1,0.15,1.0,60,1,-1,-1,0,0,0,214,43.0,0.788,149,52.3,1.156,136,58.1,1.311
630,-1,1,0.15,1.0,60,1,-1,-1,-1,0,0,203,41.9,0.779,135,52.6,1.139,128,59.4,1.362
630,-1,1,0.15,1.0,60,-1,0,0,0,0,0,515,45.0,0.823,348,49.1,1.007,297,50.5,1.021
630,-1,1,0.15,1.0,60,-1,0,0,0,0,-1,323,44.9,0.868,217,51.6,1.125,173,53.8,1.228
630,-1,1,0.15,1.0,60,-1,0,0,0,1,0,308,44.8,0.83,211,48.3,0.981,190,51.1,1.015
630,-1,1,0.15,1.0,60,-1,0,0,0,2,0,207,45.4,0.814,137,50.4,1.047,107,49.5,1.033
630,-1,1,0.15,1.0,60,-1,0,0,-1,0,0,395,44.6,0.792,274,52.2,1.194,236,55.1,1.269
630,-1,1,0.15,1.0,60,-1,0,0,-1,0,-1,241,43.6,0.802,175,53.7,1.268,139,56.8,1.37
630,-1,1,0.15,1.0,60,-1,0,0,-1,1,0,244,43.9,0.799,169,52.1,1.195,152,57.2,1.376
630,-1,1,0.15,1.0,60,-1,0,-1,0,0,0,380,43.7,0.773,268,52.2,1.135,227,53.7,1.184
630,-1,1,0.15,1.0,60,-1,0,-1,0,0,-1,236,42.8,0.784,168,53.0,1.113,130,54.6,1.217
630,-1,1,0.15,1.0,60,-1,0,-1,0,1,0,230,43.0,0.777,166,53.0,1.227,148,56.1,1.309
630,-1,1,0.15,1.0,60,-1,0,-1,-1,0,0,362,43.4,0.757,255,52.2,1.144,221,54.3,1.227
630,-1,1,0.15,1.0,60,-1,0,-1,-1,0,-1,223,41.7,0.737,160,52.5,1.122,127,55.1,1.26
630,-1,1,0.15,1.0,60,-1,0,-1,-1,1,0,221,42.5,0.759,160,53.1,1.228,144,56.9,1.375
630,-1,1,0.15,1.0,60,-1,-1,0,0,0,0,367,47.4,0.903,245,46.5,0.867,204,48.0,0.927
630,-1,1,0.15,1.0,60,-1,-1,0,0,0,-1,227,48.9,1.016,158,47.5,0.93,123,49.6,1.013
630,-1,1,0.15,1.0,60,-1,-1,0,0,1,0,220,46.4,0.888,145,46.9,0.896,129,50.4,1.021
630,-1,1,0.15,1.0,60,-1,-1,0,-1,0,0,255,46.7,0.852,181,48.6,0.98,149,52.3,1.12
630,-1,1,0.15,1.0,60,-1,-1,-1,0,0,0,248,46.4,0.861,180,49.4,0.957,147,51.7,1.095
630,-1,1,0.15,1.0,60,-1,-1,-1,-1,0,0,230,46.1,0.841,168,49.4,0.967,141,52.5,1.155
630,30,0,0.15,0.6,60,0,0,0,0,0,0,1009,61.1,0.994,706,58.9,0.895,678,59.0,0.89
630,30,0,0.15,0.6,60,0,0,0,0,0,1,528,62.1,1.008,359,59.3,0.842,330,59.7,0.84
630,30,0,0.15,0.6,60,0,0,0,0,0,-1,477,59.7,0.977,345,58.6,0.957,340,58.8,0.961
630,30,0,0.15,0.6,60,0,0,0,0,1,0,604,60.8,0.991,408,58.1,0.849,421,58.9,0.871
630,30,0,0.15,0.6,60,0,0,0,0,1,1,310,58.7,0.844,200,59.0,0.814,197,58.4,0.812
630,30,0,0.15,0.6,60,0,0,0,0,1,-1,294,62.9,1.189,208,57.2,0.886,224,59.4,0.93
630,30,0,0.15,0.6,60,0,0,0,0,2,0,405,61.5,0.998,298,60.1,0.961,257,59.1,0.922
630,30,0,0.15,0.6,60,0,0,0,0,2,1,218,67.0,1.322,159,59.7,0.881,133,61.7,0.884
630,30,0,0.15,0.6,60,0,0,0,1,0,0,518,62.9,1.069,349,55.0,0.76,338,53.6,0.718
630,30,0,0.15,0.6,60,0,0,0,1,0,1,270,64.8,1.14,182,61.0,0.869,168,59.5,0.842
630,30,0,0.15,0.6,60,0,0,0,1,0,-1,245,60.8,1.004,166,48.8,0.666,167,47.9,0.613
630,30,0,0.15,0.6,60,0,0,0,1,1,0,312,64.4,1.169,205,52.2,0.642,213,50.7,0.617
630,30,0,0.15,0.6,60,0,0,0,1,2,0,206,60.7,0.938,144,59.0,0.961,125,58.4,0.93
630,30,0,0.15,0.6,60,0,0,0,-1,0,0,491,59.1,0.924,357,62.7,1.055,339,64.6,1.121
630,30,0,0.15,0.6,60,0,0,0,-1,0,1,258,59.3,0.896,177,57.6,0.816,162,59.9,0.837
630,30,0,0.15,0.6,60,0,0,0,-1,0,-1,232,58.6,0.951,179,67.6,1.383,172,69.8,1.567
630,30,0,0.15,0.6,60,0,0,0,-1,1,0,292,56.8,0.838,203,64.0,1.132,207,67.6,1.286
630,30,0,0.15,0.6,60,0,0,1,0,0,0,515,62.7,1.079,358,55.0,0.768,348,54.6,0.758
630,30,0,0.15,0.6,60,0,0,1,0,0,1,269,64.3,1.141,187,61.0,0.891,171,60.8,0.909
630,30,0,0.15,0.6,60,0,0,1,0,0,-1,244,61.1,1.025,170,48.8,0.663,176,48.9,0.643
630,30,0,0.15,0.6,60,0,0,1,0,1,0,310,64.2,1.153,211,52.1,0.644,227,52.4,0.67
630,30,0,0.15,0.6,60,0,0,1,0,2,0,205,60.5,0.975,147,59.2,0.984,121,58.7,0.953
630,30,0,0.15,0.6,60,0,0,1,1,0,0,465,63.0,1.07,317,53.9,0.736,316,53.2,0.71
630,30,0,0.15,0.6,60,0,0,1,1,0,1,242,64.9,1.134,171,60.8,0.876,161,59.6,0.85
630,30,0,0.15,0.6,60,0,0,1,1,0,-1,221,61.1,1.014,145,46.2,0.611,154,46.8,0.594
630,30,0,0.15,0.6,60,0,0,1,1,1,0,280,64.3,1.156,190,50.5,0.603,205,50.7,0.618
630,30,0,0.15,0.6,60,0,0,-1,0,0,0,492,59.1,0.913,347,62.8,1.048,326,63.5,1.051
630,30,0,0.15,0.6,60,0,0,-1,0,0,1,259,59.8,0.898,172,57.6,0.794,159,58.5,0.77
630,30,0,0.15,0.6,60,0,0,-1,0,0,-1,233,58.4,0.932,175,68.0,1.429,164,69.5,1.56
630,30,0,0.15,0.6,60,0,0,-1,0,1,0,294,57.1,0.851,197,64.5,1.151,194,66.5,1.205
630,30,0,0.15,0.6,60,0,0,-1,-1,0,0,440,58.9,0.898,315,62.5,1.046,306,63.7,1.064
630,30,0,0.15,0.6,60,0,0,-1,-1,0,1,231,59.3,0.869,161,57.1,0.795,152,58.6,0.775
630,30,0,0.15,0.6,60,0,0,-1,-1,0,-1,209,58.4,0.934,154,68.2,1.446,151,70.2,1.624
630,30,0,0.15,0.6,60,0,0,-1,-1,1,0,262,56.1,0.81,182,63.7,1.124,186,67.2,1.244
630,30,0,0.15,0.6,60,0,1,0,0,0,0,855,62.3,1.053,589,60.1,0.936,561,59.4,0.913
630,30,0,0.15,0.6,60,0,1,0,0,0,1,455,63.5,1.078,299,59.5,0.844,279,59.5,0.847
630,30,0,0.15,0.6,60,0,1,0,0,0,-1,398,60.8,1.019,288,60.8,1.054,278,59.4,0.993
630,30,0,0.15,0.6,60,0,1,0,0,1,0,507,62.9,1.074,341,59.2,0.877,352,58.5,0.864
630,30,0,0.15,0.6,60,0,1,0,0,1,1,266,60.5,0.898,167,59.3,0.815,168,58.3,0.826
630,30,0,0.15,0.6,60,0,1,0,0,1,-1,241,65.6,1.336,174,59.2,0.944,184,58.7,0.902
630,30,0,0.15,0.6,60,0,1,0,0,2,0,348,61.5,1.023,248,61.3,1.023,209,60.8,1.003
630,30,0,0.15,0.6,60,0,1,0,1,0,0,447,63.8,1.108,298,55.7,0.794,281,53.0,0.725
630,30,0,0.15,0.6,60,0,1,0,1,0,1,234,65.4,1.194,161,61.5,0.896,144,59.7,0.893
630,30,0,0.15,0.6,60,0,1,0,1,0,-1,211,61.6,1.016,136,49.3,0.697,135,45.9,0.574
630,30,0,0.15,0.6,60,0,1,0,1,1,0,273,65.2,1.188,174,52.9,0.67,178,48.9,0.591
630,30,0,0.15,0.6,60,0,1,0,-1,0,0,408,60.8,0.998,291,64.6,1.116,279,65.9,1.174
630,30,0,0.15,0.6,60,0,1,0,-1,0,1,221,61.5,0.979,138,57.2,0.786,135,59.3,0.8
630,30,0,0.15,0.6,60,0,1,0,-1,1,0,234,60.3,0.96,167,65.9,1.163,173,68.8,1.32
630,30,0,0.15,0.6,60,0,1,1,0,0,0,441,63.3,1.114,304,56.2,0.821,293,54.9,0.786
630,30,0,0.15,0.6,60,0,1,1,0,0,1,233,64.4,1.165,164,61.6,0.939,148,61.5,0.98
630,30,0,0.15,0.6,60,0,1,1,0,0,-1,207,61.8,1.055,139,50.4,0.713,144,48.6,0.634
630,30,0,0.15,0.6,60,0,1,1,0,1,0,266,64.7,1.167,177,52.5,0.663,190,51.6,0.665
630,30,0,0.15,0.6,60,0,1,1,1,0,0,400,64.0,1.113,270,54.8,0.77,266,53.0,0.722
630,30,0,0.15,0.6,60,0,1,1,1,0,1,210,65.2,1.17,151,61.6,0.909,139,60.4,0.915
630,30,0,0.15,0.6,60,0,1,1,1,1,0,244,65.2,1.176,159,50.9,0.623,171,49.1,0.596
630,30,0,0.15,0.6,60,0,1,-1,0,0,0,413,61.3,0.994,284,64.1,1.076,266,63.9,1.07
630,30,0,0.15,0.6,60,0,1,-1,0,0,1,222,62.6,1.003,135,57.0,0.742,131,57.3,0.719
630,30,0,0.15,0.6,60,0,1,-1,0,1,0,241,61.0,0.984,164,66.5,1.198,162,66.7,1.189
630,30,0,0.15,0.6,60,0,1,-1,-1,0,0,367,61.3,0.987,256,64.1,1.077,252,64.7,1.096
630,30,0,0.15,0.6,60,0,1,-1,-1,1,0,212,60.4,0.948,149,65.8,1.167,155,67.7,1.241
630,30,0,0.15,0.6,60,1,0,0,0,0,0,505,63.2,1.123,359,59.3,0.883,320,59.1,0.844
630,30,0,0.15,0.6,60,1,0,0,0,0,1,325,63.7,1.117,234,59.8,0.872,199,58.8,0.786
630,30,0,0.15,0.6,60,1,0,0,0,1,0,287,61.3,1.044,206,59.2,0.91,194,58.2,0.852
630,30,0,0.15,0.6,60,1,0,0,0,2,0,218,65.6,1.241,153,59.5,0.85,126,60.3,0.831
630,30,0,0.15,0.6,60,1,0,0,0,2,1,208,66.8,1.301,149,59.1,0.845,123,60.2,0.817
630,30,0,0.15,0.6,60,1,0,0,1,0,0,263,63.9,1.192,188,54.8,0.764,164,53.0,0.694
630,30,0,0.15,0.6,60,1,0,0,-1,0,0,242,62.4,1.059,171,64.3,1.035,155,65.8,1.051
630,30,0,0.15,0.6,60,1,0,1,0,0,0,264,63.3,1.164,192,54.2,0.761,165,52.7,0.709
630,30,0,0.15,0.6,60,1,0,1,1,0,0,236,64.0,1.188,175,54.3,0.769,154,52.6,0.685
630,30,0,0.15,0.6,60,1,0,-1,0,0,0,241,63.1,1.083,167,65.3,1.048,155,65.8,1.015
630,30,0,0.15,0.6,60,1,0,-1,-1,0,0,214,63.1,1.067,154,65.6,1.084,145,66.2,1.026
630,30,0,0.15,0.6,60,1,1,0,0,0,0,434,64.5,1.231,301,59.1,0.877,267,56.9,0.785
630,30,0,0.15,0.6,60,1,1,0,0,0,1,285,64.2,1.179,192,59.4,0.859,165,57.6,0.772
630,30,0,0.15,0.6,60,1,1,0,0,1,0,245,63.3,1.163,174,58.0,0.877,163,54.6,0.749
630,30,0,0.15,0.6,60,1,1,0,1,0,0,233,63.9,1.245,164,54.9,0.798,138,50.7,0.673
630,30,0,0.15,0.6,60,1,1,0,-1,0,0,201,65.2,1.216,137,64.2,0.983,128,64.1,0.937
630,30,0,0.15,0.6,60,1,1,1,0,0,0,231,62.8,1.196,165,54.5,0.817,139,51.1,0.704
630,30,0,0.15,0.6,60,1,1,1,1,0,0,209,64.1,1.237,152,54.6,0.811,130,50.8,0.672
630,30,0,0.15,0.6,60,1,1,-1,0,0,0,203,66.5,1.267,136,64.7,0.954,128,63.3,0.88
630,30,0,0.15,0.6,60,-1,0,0,0,0,0,464,59.3,0.888,327,59.0,0.923,279,58.1,0.923
630,30,0,0.15,0.6,60,-1,0,0,0,0,-1,280,58.9,0.906,208,59.1,1.005,177,57.1,0.936
630,30,0,0.15,0.6,60,-1,0,0,0,1,0,281,61.2,0.963,186,57.0,0.788,161,56.5,0.8
630,30,0,0.15,0.6,60,-1,0,0,1,0,0,232,62.1,0.95,153,56.2,0.782,136,51.5,0.688
630,30,0,0.15,0.6,60,-1,0,0,-1,0,0,232,56.5,0.829,174,61.5,1.079,143,64.3,1.268
630,30,0,0.15,0.6,60,-1,0,1,0,0,0,229,62.0,0.976,157,57.3,0.815,142,54.9,0.778
630,30,0,0.15,0.6,60,-1,0,1,1,0,0,210,61.9,0.942,135,54.8,0.735,127,51.2,0.69
630,30,0,0.15,0.6,60,-1,0,-1,0,0,0,235,56.6,0.81,170,60.6,1.045,137,61.3,1.128
630,30,0,0.15,0.6,60,-1,0,-1,-1,0,0,213,55.9,0.79,152,59.9,1.016,128,61.7,1.167
630,30,0,0.15,0.6,60,-1,1,0,0,0,0,388,60.3,0.904,272,61.4,1.014,237,59.5,0.985
630,30,0,0.15,0.6,60,-1,1,0,0,0,-1,233,58.8,0.884,170,61.8,1.138,146,58.2,1.005
630,30,0,0.15,0.6,60,-1,1,0,0,1,0,231,63.6,1.019,154,60.4,0.863,139,58.3,0.847
630,30,1,0.15,0.3,60,0,0,0,0,0,0,1009,73.4,0.894,706,74.5,0.964,678,75.4,0.991
630,30,1,0.15,0.3,60,0,0,0,0,0,1,477,75.7,0.963,345,75.7,0.983,340,75.6,0.955
630,30,1,0.15,0.3,60,0,0,0,0,0,-1,528,71.8,0.848,359,73.3,0.936,330,74.8,1.01
630,30,1,0.15,0.3,60,0,0,0,0,1,0,604,74.3,0.947,408,75.0,0.992,421,76.2,1.06
630,30,1,0.15,0.3,60,0,0,0,0,1,1,294,76.2,1.028,208,79.3,1.252,224,77.7,1.112
630,30,1,0.15,0.3,60,0,0,0,0,1,-1,310,72.6,0.88,200,70.5,0.802,197,74.6,1.006
630,30,1,0.15,0.3,60,0,0,0,0,2,0,405,72.1,0.825,298,73.8,0.93,257,73.9,0.895
630,30,1,0.15,0.3,60,0,0,0,0,2,-1,218,70.6,0.805,159,76.7,1.15,133,75.2,1.015
630,30,1,0.15,0.3,60,0,0,0,1,0,0,491,76.2,0.994,357,71.7,0.821,339,71.4,0.788
630,30,1,0.15,0.3,60,0,0,0,1,0,1,232,79.3,1.22,179,70.9,0.807,172,70.3,0.74
630,30,1,0.15,0.3,60,0,0,0,1,0,-1,258,73.6,0.854,177,72.3,0.828,162,71.6,0.803
630,30,1,0.15,0.3,60,0,0,0,1,1,0,292,77.7,1.09,203,71.4,0.791,207,69.6,0.732
630,30,1,0.15,0.3,60,0,0,0,-1,0,0,518,70.8,0.807,349,77.4,1.145,338,79.3,1.265
630,30,1,0.15,0.3,60,0,0,0,-1,0,1,245,72.2,0.782,166,80.7,1.236,167,80.8,1.274
630,30,1,0.15,0.3,60,0,0,0,-1,0,-1,270,70.0,0.842,182,74.2,1.058,168,78.0,1.269
630,30,1,0.15,0.3,60,0,0,0,-1,1,0,312,71.2,0.835,205,78.5,1.277,213,82.6,1.609
630,30,1,0.15,0.3,60,0,0,0,-1,2,0,206,70.4,0.765,144,75.7,1.004,125,73.6,0.906
630,30,1,0.15,0.3,60,0,0,1,0,0,0,492,75.4,0.946,347,71.5,0.822,326,71.8,0.81
630,30,1,0.15,0.3,60,0,0,1,0,0,1,233,76.8,1.042,175,70.3,0.774,164,69.5,0.725
630,30,1,0.15,0.3,60,0,0,1,0,0,-1,259,74.1,0.87,172,72.7,0.873,159,73.6,0.886
630,30,1,0.15,0.3,60,0,0,1,0,1,0,294,77.9,1.083,197,71.1,0.782,194,70.6,0.775
630,30,1,0.15,0.3,60,0,0,1,1,0,0,440,75.9,0.968,315,71.4,0.807,306,71.6,0.802
630,30,1,0.15,0.3,60,0,0,1,1,0,1,209,78.5,1.152,154,70.1,0.773,151,69.5,0.715
630,30,1,0.15,0.3,60,0,0,1,1,0,-1,231,73.6,0.837,161,72.7,0.841,152,73.0,0.877
630,30,1,0.15,0.3,60,0,0,1,1,1,0,262,77.9,1.082,182,70.9,0.759,186,69.9,0.752
630,30,1,0.15,0.3,60,0,0,-1,0,0,0,515,71.8,0.853,358,77.4,1.126,348,78.7,1.208
630,30,1,0.15,0.3,60,0,0,-1,0,0,1,244,74.6,0.892,170,81.2,1.281,176,81.2,1.266
630,30,1,0.15,0.3,60,0,0,-1,0,0,-1,269,69.5,0.827,187,73.8,0.997,171,76.0,1.139
630,30,1,0.15,0.3,60,0,0,-1,0,1,0,310,71.0,0.838,211,78.7,1.265,227,81.1,1.429
630,30,1,0.15,0.3,60,0,0,-1,0,2,0,205,73.2,0.878,147,75.5,0.976,121,74.4,0.929
630,30,1,0.15,0.3,60,0,0,-1,-1,0,0,465,71.0,0.812,317,77.9,1.163,316,79.7,1.301
630,30,1,0.15,0.3,60,0,0,-1,-1,0,1,221,73.3,0.827,145,82.1,1.327,154,81.8,1.315
630,30,1,0.15,0.3,60,0,0,-1,-1,0,-1,242,69.0,0.806,171,74.3,1.033,161,77.6,1.273
630,30,1,0.15,0.3,60,0,0,-1,-1,1,0,280,70.4,0.812,190,78.9,1.28,205,82.4,1.594
630,30,1,0.15,0.3,60,0,-1,0,0,0,0,855,73.5,0.89,589,74.5,0.988,561,75.4,1.008
630,30,1,0.15,0.3,60,0,-1,0,0,0,1,398,76.6,1.002,288,74.7,0.937,278,75.2,0.952
630,30,1,0.15,0.3,60,0,-1,0,0,0,-1,455,71.0,0.814,299,74.2,1.026,279,75.6,1.061
630,30,1,0.15,0.3,60,0,-1,0,0,1,0,507,73.8,0.902,341,75.1,1.062,352,76.7,1.131
630,30,1,0.15,0.3,60,0,-1,0,0,1,1,241,76.3,1.007,174,78.7,1.252,184,78.3,1.208
630,30,1,0.15,0.3,60,0,-1,0,0,1,-1,266,71.4,0.824,167,71.3,0.911,168,75.0,1.057
630,30,1,0.15,0.3,60,0,-1,0,0,2,0,348,73.0,0.872,248,73.8,0.903,209,73.2,0.849
630,30,1,0.15,0.3,60,0,-1,0,1,0,0,408,76.2,0.965,291,72.5,0.869,279,71.3,0.787
630,30,1,0.15,0.3,60,0,-1,0,1,0,-1,221,72.9,0.811,138,75.4,1.017,135,72.6,0.853
630,30,1,0.15,0.3,60,0,-1,0,1,1,0,234,76.9,0.98,167,72.5,0.891,173,69.4,0.742
630,30,1,0.15,0.3,60,0,-1,0,-1,0,0,447,70.9,0.824,298,76.5,1.123,281,79.4,1.306
630,30,1,0.15,0.3,60,0,-1,0,-1,0,1,211,73.5,0.849,136,80.1,1.229,135,80.7,1.337
630,30,1,0.15,0.3,60,0,-1,0,-1,0,-1,234,69.2,0.818,161,73.3,1.033,144,78.5,1.303
630,30,1,0.15,0.3,60,0,-1,0,-1,1,0,273,71.1,0.843,174,77.6,1.281,178,83.7,1.847
630,30,1,0.15,0.3,60,0,-1,1,0,0,0,413,75.5,0.927,284,72.5,0.882,266,72.2,0.828
630,30,1,0.15,0.3,60,0,-1,1,0,0,-1,222,73.4,0.821,135,75.6,1.096,131,74.8,0.958
630,30,1,0.15,0.3,60,0,-1,1,0,1,0,241,77.2,0.991,164,72.0,0.88,162,71.0,0.814
630,30,1,0.15,0.3,60,0,-1,1,1,0,0,367,75.7,0.931,256,72.7,0.877,252,72.2,0.83
630,30,1,0.15,0.3,60,0,-1,1,1,1,0,212,76.9,0.969,149,71.8,0.855,155,70.3,0.79
630,30,1,0.15,0.3,60,0,-1,-1,0,0,0,441,71.7,0.857,304,76.3,1.093,293,78.5,1.223
630,30,1,0.15,0.3,60,0,-1,-1,0,0,1,207,75.4,0.935,139,79.9,1.243,144,80.6,1.28
630,30,1,0.15,0.3,60,0,-1,-1,0,0,-1,233,68.7,0.807,164,73.2,0.976,148,76.4,1.157
630,30,1,0.15,0.3,60,0,-1,-1,0,1,0,266,70.7,0.831,177,78.0,1.282,190,81.6,1.55
630,30,1,0.15,0.3,60,0,-1,-1,-1,0,0,400,70.8,0.818,270,77.0,1.145,266,80.1,1.367
630,30,1,0.15,0.3,60,0,-1,-1,-1,0,-1,210,68.1,0.78,151,73.5,1.009,139,78.4,1.323
630,30,1,0.15,0.3,60,0,-1,-1,-1,1,0,244,70.1,0.812,159,78.0,1.285,171,83.6,1.843
630,30,1,0.15,0.3,60,1,0,0,0,0,0,464,73.9,0.915,327,73.7,0.859,279,76.7,1.007
630,30,1,0.15,0.3,60,1,0,0,0,0,1,280,75.0,0.952,208,73.1,0.832,177,76.3,0.968
630,30,1,0.15,0.3,60,1,0,0,0,1,0,281,73.7,0.941,186,76.9,1.018,161,80.1,1.29
630,30,1,0.15,0.3,60,1,0,0,1,0,0,232,75.9,0.986,174,72.4,0.788,143,73.4,0.81
630,30,1,0.15,0.3,60,1,0,0,-1,0,0,232,72.0,0.852,153,75.2,0.947,136,80.1,1.271
630,30,1,0.15,0.3,60,1,0,1,0,0,0,235,74.5,0.917,170,72.9,0.806,137,75.9,0.932
630,30,1,0.15,0.3,60,1,0,1,1,0,0,213,75.1,0.957,152,74.3,0.848,128,76.6,0.941
630,30,1,0.15,0.3,60,1,0,-1,0,0,0,229,73.4,0.913,157,74.5,0.918,142,77.5,1.079
630,30,1,0.15,0.3,60,1,0,-1,-1,0,0,210,72.4,0.882,135,77.0,1.024,127,81.1,1.309
630,30,1,0.15,0.3,60,1,-1,0,0,0,0,388,74.5,0.947,272,72.1,0.82,237,75.1,0.942
630,30,1,0.15,0.3,60,1,-1,0,0,0,1,233,76.8,1.059,170,71.2,0.761,146,74.7,0.894
630,30,1,0.15,0.3,60,1,-1,0,0,1,0,231,73.2,0.912,154,75.3,1.023,139,78.4,1.209
630,30,1,0.15,0.3,60,-1,0,0,0,0,0,505,74.1,0.916,359,74.7,1.044,320,74.1,0.974
630,30,1,0.15,0.3,60,-1,0,0,0,0,-1,325,72.9,0.896,234,72.6,0.963,199,73.9,1.016
630,30,1,0.15,0.3,60,-1,0,0,0,1,0,287,76.3,1.016,206,72.8,0.946,194,73.7,0.97
630,30,1,0.15,0.3,60,-1,0,0,0,2,0,218,71.1,0.804,153,77.1,1.196,126,74.6,0.981
630,30,1,0.15,0.3,60,-1,0,0,0,2,-1,208,70.2,0.776,149,76.5,1.174,123,74.8,1.026
630,30,1,0.15,0.3,60,-1,0,0,1,0,0,242,77.3,1.031,171,70.2,0.823,155,69.7,0.776
630,30,1,0.15,0.3,60,-1,0,0,-1,0,0,263,71.1,0.814,188,78.7,1.33,164,78.0,1.223
630,30,1,0.15,0.3,60,-1,0,1,0,0,0,241,76.3,0.969,167,69.5,0.816,155,69.0,0.758
630,30,1,0.15,0.3,60,-1,0,1,1,0,0,214,76.6,0.967,154,68.2,0.757,145,68.3,0.747
630,30,1,0.15,0.3,60,-1,0,-1,0,0,0,264,72.0,0.867,192,79.2,1.326,165,78.8,1.266
630,30,1,0.15,0.3,60,-1,0,-1,-1,0,0,236,70.8,0.797,175,78.3,1.272,154,77.9,1.24
630,30,1,0.15,0.3,60,-1,-1,0,0,0,0,434,73.5,0.88,301,76.4,1.168,267,76.4,1.125
630,30,1,0.15,0.3,60,-1,-1,0,0,0,-1,285,72.3,0.87,192,75.0,1.113,165,75.8,1.107
630,30,1,0.15,0.3,60,-1,-1,0,0,1,0,245,75.5,0.952,174,74.7,1.1,163,76.7,1.204
630,30,1,0.15,0.3,60,-1,-1,0,1,0,0,201,76.1,0.937,137,73.7,1.002,128,71.9,0.886
630,30,1,0.15,0.3,60,-1,-1,0,-1,0,0,233,71.2,0.829,164,78.7,1.337,138,80.4,1.426
630,30,1,0.15,0.3,60,-1,-1,1,0,0,0,203,75.4,0.895,136,72.8,0.994,128,71.1,0.859
630,30,1,0.15,0.3,60,-1,-1,-1,0,0,0,231,71.9,0.867,165,79.4,1.344,139,81.3,1.492
630,30,1,0.15,0.3,60,-1,-1,-1,-1,0,0,209,70.8,0.809,152,78.3,1.277,130,80.8,1.486
630,30,1,0.25,1.0,60,0,0,0,0,0,0,1009,48.3,0.891,706,49.4,0.994,678,49.6,1.014
630,30,1,0.25,1.0,60,0,0,0,0,0,1,477,48.8,0.841,345,49.6,0.916,340,49.4,0.928
630,30,1,0.25,1.0,60,0,0,0,0,0,-1,528,47.9,0.943,359,49.3,1.074,330,49.4,1.102
630,30,1,0.25,1.0,60,0,0,0,0,1,0,604,48.2,0.858,408,49.5,1.07,421,48.5,1.032
630,30,1,0.25,1.0,60,0,0,0,0,1,1,294,46.3,0.702,208,47.6,0.883,224,47.3,0.899
630,30,1,0.25,1.0,60,0,0,0,0,1,-1,310,50.0,1.024,200,51.5,1.293,197,49.7,1.202
630,30,1,0.25,1.0,60,0,0,0,0,2,0,405,48.4,0.938,298,49.3,0.9,257,51.4,0.985
630,30,1,0.25,1.0,60,0,0,0,0,2,-1,218,45.0,0.845,159,46.5,0.842,133,48.9,0.964
630,30,1,0.25,1.0,60,0,0,0,1,0,0,491,52.3,0.99,357,49.0,0.915,339,48.1,0.896
630,30,1,0.25,1.0,60,0,0,0,1,0,1,232,53.9,0.962,179,45.8,0.792,172,44.8,0.721
630,30,1,0.25,1.0,60,0,0,0,1,0,-1,258,51.2,1.023,177,52.5,1.066,162,51.2,1.112
630,30,1,0.25,1.0,60,0,0,0,1,1,0,292,52.7,1.009,203,48.8,1.005,207,45.9,0.852
630,30,1,0.25,1.0,60,0,0,0,-1,0,0,518,44.4,0.8,349,49.9,1.084,338,50.9,1.14
630,30,1,0.25,1.0,60,0,0,0,-1,0,1,245,44.1,0.74,166,53.6,1.066,167,53.9,1.183
630,30,1,0.25,1.0,60,0,0,0,-1,0,-1,270,44.8,0.862,182,46.2,1.082,168,47.6,1.092
630,30,1,0.25,1.0,60,0,0,0,-1,1,0,312,43.9,0.729,205,50.2,1.138,213,50.7,1.227
630,30,1,0.25,1.0,60,0,0,0,-1,2,0,206,45.1,0.908,144,49.3,1.009,125,51.2,1.005
630,30,1,0.25,1.0,60,0,0,1,0,0,0,492,51.4,0.96,347,48.1,0.898,326,49.1,0.949
630,30,1,0.25,1.0,60,0,0,1,0,0,1,233,52.8,0.946,175,45.1,0.732,164,44.5,0.717
630,30,1,0.25,1.0,60,0,0,1,0,0,-1,259,50.2,0.972,172,51.2,1.093,159,52.8,1.192
630,30,1,0.25,1.0,60,0,0,1,0,1,0,294,51.7,0.925,197,48.2,0.942,194,46.9,0.902
630,30,1,0.25,1.0,60,0,0,1,1,0,0,440,52.0,0.991,315,49.2,0.936,306,49.0,0.967
630,30,1,0.25,1.0,60,0,0,1,1,0,1,209,54.1,0.988,154,45.5,0.757,151,45.0,0.74
630,30,1,0.25,1.0,60,0,0,1,1,0,-1,231,50.2,0.993,161,52.8,1.126,152,52.0,1.184
630,30,1,0.25,1.0,60,0,0,1,1,1,0,262,53.1,1.016,182,49.5,1.003,186,46.8,0.897
630,30,1,0.25,1.0,60,0,0,-1,0,0,0,515,45.4,0.83,358,50.8,1.104,348,50.3,1.099
630,30,1,0.25,1.0,60,0,0,-1,0,0,1,244,45.1,0.749,170,54.1,1.139,176,54.0,1.157
630,30,1,0.25,1.0,60,0,0,-1,0,0,-1,269,45.7,0.912,187,47.6,1.056,171,46.2,1.025
630,30,1,0.25,1.0,60,0,0,-1,0,1,0,310,44.8,0.797,211,50.7,1.209,227,49.8,1.154
630,30,1,0.25,1.0,60,0,0,-1,0,2,0,205,46.3,0.879,147,51.0,0.976,121,51.2,1.007
630,30,1,0.25,1.0,60,0,0,-1,-1,0,0,465,44.3,0.809,317,51.1,1.149,316,50.9,1.178
630,30,1,0.25,1.0,60,0,0,-1,-1,0,1,221,44.3,0.747,145,55.2,1.167,154,55.2,1.268
630,30,1,0.25,1.0,60,0,0,-1,-1,0,-1,242,44.2,0.871,171,47.4,1.115,161,46.6,1.082
630,30,1,0.25,1.0,60,0,0,-1,-1,1,0,280,44.3,0.779,190,51.6,1.229,205,50.7,1.234
630,30,1,0.25,1.0,60,0,-1,0,0,0,0,855,47.4,0.859,589,48.9,0.991,561,49.6,1.043
630,30,1,0.25,1.0,60,0,-1,0,0,0,1,398,48.5,0.796,288,47.6,0.85,278,48.2,0.909
630,30,1,0.25,1.0,60,0,-1,0,0,0,-1,455,46.6,0.92,299,50.2,1.147,279,50.9,1.197
630,30,1,0.25,1.0,60,0,-1,0,0,1,0,507,46.4,0.789,341,49.9,1.088,352,49.4,1.087
630,30,1,0.25,1.0,60,0,-1,0,0,1,1,241,44.4,0.617,174,47.7,0.883,184,47.8,0.925
630,30,1,0.25,1.0,60,0,-1,0,0,1,-1,266,48.1,0.97,167,52.1,1.343,168,51.2,1.291
630,30,1,0.25,1.0,60,0,-1,0,0,2,0,348,48.9,0.959,248,47.6,0.875,209,49.8,0.974
630,30,1,0.25,1.0,60,0,-1,0,1,0,0,408,52.0,0.983,291,48.5,0.937,279,47.0,0.88
630,30,1,0.25,1.0,60,0,-1,0,1,0,-1,221,49.8,1.016,138,52.9,1.146,135,50.4,1.133
630,30,1,0.25,1.0,60,0,-1,0,1,1,0,234,50.9,0.925,167,48.5,0.996,173,45.7,0.852
630,30,1,0.25,1.0,60,0,-1,0,-1,0,0,447,43.2,0.747,298,49.3,1.046,281,52.0,1.227
630,30,1,0.25,1.0,60,0,-1,0,-1,0,1,211,43.1,0.686,136,50.7,0.917,135,52.6,1.193
630,30,1,0.25,1.0,60,0,-1,0,-1,0,-1,234,43.6,0.82,161,47.8,1.148,144,51.4,1.257
630,30,1,0.25,1.0,60,0,-1,0,-1,1,0,273,42.5,0.678,174,51.1,1.183,178,52.8,1.365
630,30,1,0.25,1.0,60,0,-1,1,0,0,0,413,51.1,0.952,284,47.2,0.896,266,48.5,0.961
630,30,1,0.25,1.0,60,0,-1,1,0,0,-1,222,48.6,0.946,135,50.4,1.116,131,51.9,1.214
630,30,1,0.25,1.0,60,0,-1,1,0,1,0,241,50.2,0.855,164,47.6,0.906,162,47.5,0.938
630,30,1,0.25,1.0,60,0,-1,1,1,0,0,367,51.5,0.983,256,48.8,0.963,252,48.4,0.974
630,30,1,0.25,1.0,60,0,-1,1,1,1,0,212,51.4,0.943,149,49.0,0.976,155,47.1,0.922
630,30,1,0.25,1.0,60,0,-1,-1,0,0,0,441,44.0,0.771,304,50.7,1.096,293,50.9,1.142
630,30,1,0.25,1.0,60,0,-1,-1,0,0,1,207,43.5,0.665,139,51.1,0.992,144,51.4,1.084
630,30,1,0.25,1.0,60,0,-1,-1,0,0,-1,233,44.6,0.891,164,50.0,1.174,148,50.0,1.181
630,30,1,0.25,1.0,60,0,-1,-1,0,1,0,266,42.9,0.731,177,52.0,1.294,190,51.1,1.232
630,30,1,0.25,1.0,60,0,-1,-1,-1,0,0,400,42.8,0.75,270,51.1,1.136,266,52.3,1.271
630,30,1,0.25,1.0,60,0,-1,-1,-1,0,-1,210,42.9,0.84,151,49.0,1.185,139,50.4,1.251
630,30,1,0.25,1.0,60,0,-1,-1,-1,1,0,244,42.6,0.724,159,52.8,1.307,171,52.6,1.363
630,30,1,0.25,1.0,60,1,0,0,0,0,0,464,52.8,1.033,327,51.7,1.062,279,53.0,1.114
630,30,1,0.25,1.0,60,1,0,0,0,0,1,280,53.2,1.009,208,50.0,0.951,177,53.7,1.125
630,30,1,0.25,1.0,60,1,0,0,0,1,0,281,53.4,1.038,186,51.6,1.182,161,52.2,1.223
630,30,1,0.25,1.0,60,1,0,0,1,0,0,232,58.2,1.188,174,52.3,1.01,143,51.0,0.901
630,30,1,0.25,1.0,60,1,0,0,-1,0,0,232,47.4,0.898,153,51.0,1.125,136,55.1,1.382
630,30,1,0.25,1.0,60,1,0,1,0,0,0,235,57.4,1.177,170,51.8,0.982,137,52.6,0.956
630,30,1,0.25,1.0,60,1,0,1,1,0,0,213,58.7,1.255,152,52.6,1.039,128,53.1,0.994
630,30,1,0.25,1.0,60,1,0,-1,0,0,0,229,48.0,0.898,157,51.6,1.153,142,53.5,1.273
630,30,1,0.25,1.0,60,1,0,-1,-1,0,0,210,47.6,0.926,135,51.9,1.22,127,55.9,1.47
630,30,1,0.25,1.0,60,1,-1,0,0,0,0,388,52.3,1.015,272,49.3,0.975,237,51.1,1.055
630,30,1,0.25,1.0,60,1,-1,0,0,0,1,233,54.5,1.042,170,47.6,0.869,146,52.1,1.086
630,30,1,0.25,1.0,60,1,-1,0,0,1,0,231,51.5,0.98,154,50.6,1.141,139,51.8,1.218
630,30,1,0.25,1.0,60,-1,0,0,0,0,0,505,44.8,0.797,359,47.1,0.917,320,47.8,0.959
630,30,1,0.25,1.0,60,-1,0,0,0,0,-1,325,46.2,0.897,234,47.0,0.998,199,49.7,1.156
630,30,1,0.25,1.0,60,-1,0,0,0,1,0,287,43.9,0.735,206,47.6,0.957,194,47.4,0.93
630,30,1,0.25,1.0,60,-1,0,0,0,2,0,218,45.9,0.876,153,46.4,0.868,126,48.4,1.004
630,30,1,0.25,1.0,60,-1,0,0,0,2,-1,208,45.2,0.854,149,45.6,0.86,123,48.0,0.998
630,30,1,0.25,1.0,60,-1,0,0,1,0,0,242,47.1,0.845,171,45.6,0.806,155,45.8,0.901
630,30,1,0.25,1.0,60,-1,0,0,-1,0,0,263,42.6,0.749,188,48.4,1.034,164,49.4,1.002
630,30,1,0.25,1.0,60,-1,0,1,0,0,0,241,45.2,0.776,167,44.3,0.806,155,46.5,0.942
630,30,1,0.25,1.0,60,-1,0,1,1,0,0,214,45.3,0.783,154,45.5,0.815,145,45.5,0.942
630,30,1,0.25,1.0,60,-1,0,-1,0,0,0,264,44.3,0.818,192,49.5,1.024,165,49.1,0.974
630,30,1,0.25,1.0,60,-1,0,-1,-1,0,0,236,42.4,0.753,175,49.7,1.059,154,48.7,1.005
630,30,1,0.25,1.0,60,-1,-1,0,0,0,0,434,43.5,0.751,301,48.5,1.001,267,50.6,1.1
630,30,1,0.25,1.0,60,-1,-1,0,0,0,-1,285,45.6,0.901,192,49.5,1.161,165,53.3,1.381
630,30,1,0.25,1.0,60,-1,-1,0,0,1,0,245,42.0,0.653,174,49.4,1.03,163,50.9,1.074
630,30,1,0.25,1.0,60,-1,-1,0,1,0,0,201,45.8,0.825,137,47.4,0.987,128,46.9,0.99
630,30,1,0.25,1.0,60,-1,-1,0,-1,0,0,233,41.6,0.681,164,49.4,1.012,138,53.6,1.194
630,30,1,0.25,1.0,60,-1,-1,1,0,0,0,203,44.3,0.761,136,45.6,0.94,128,47.7,1.034
630,30,1,0.25,1.0,60,-1,-1,-1,0,0,0,231,42.9,0.74,165,50.9,1.051,139,53.2,1.165
630,30,1,0.25,1.0,60,-1,-1,-1,-1,0,0,209,41.1,0.683,152,50.7,1.035,130,53.1,1.214
630,60,0,0.25,0.6,60,0,0,0,0,0,0,1009,57.9,0.999,706,59.5,1.0,680,59.6,1.021
630,60,0,0.25,0.6,60,0,0,0,0,0,1,522,58.6,0.972,354,59.0,0.945,339,59.3,0.934
630,60,0,0.25,0.6,60,0,0,0,0,0,-1,483,56.9,1.027,350,60.3,1.078,333,60.1,1.136
630,60,0,0.25,0.6,60,0,0,0,0,1,0,604,58.4,1.04,408,59.6,1.017,423,59.8,1.064
630,60,0,0.25,0.6,60,0,0,0,0,1,1,318,57.5,0.911,198,57.6,0.877,205,57.6,0.907
630,60,0,0.25,0.6,60,0,0,0,0,1,-1,286,59.4,1.235,210,61.4,1.177,218,61.9,1.244
630,60,0,0.25,0.6,60,0,0,0,0,2,0,405,57.0,0.945,298,59.4,0.976,257,59.1,0.954
630,60,0,0.25,0.6,60,0,0,0,0,2,1,204,60.3,1.082,156,60.9,1.045,134,61.9,0.979
630,60,0,0.25,0.6,60,0,0,0,1,0,0,514,60.9,1.133,345,57.4,0.917,327,55.4,0.852
630,60,0,0.25,0.6,60,0,0,0,1,0,1,265,61.5,1.177,177,59.9,0.958,165,55.8,0.828
630,60,0,0.25,0.6,60,0,0,0,1,0,-1,246,60.2,1.094,166,55.4,0.911,156,55.1,0.893
630,60,0,0.25,0.6,60,0,0,0,1,1,0,320,61.9,1.233,195,56.4,0.876,200,53.5,0.794
630,60,0,0.25,0.6,60,0,0,0,-1,0,0,495,54.7,0.891,361,61.5,1.084,352,63.4,1.203
630,60,0,0.25,0.6,60,0,0,0,-1,0,1,257,55.6,0.825,177,58.2,0.932,173,62.4,1.039
630,60,0,0.25,0.6,60,0,0,0,-1,0,-1,237,53.6,0.968,184,64.7,1.258,177,64.4,1.405
630,60,0,0.25,0.6,60,0,0,0,-1,1,0,284,54.6,0.876,213,62.4,1.164,222,65.3,1.38
630,60,0,0.25,0.6,60,0,0,0,-1,2,0,211,55.0,0.911,148,60.1,0.978,130,60.0,0.957
630,60,0,0.25,0.6,60,0,0,1,0,0,0,504,60.1,1.089,353,56.7,0.881,337,56.4,0.914
630,60,0,0.25,0.6,60,0,0,1,0,0,1,261,60.9,1.122,182,59.9,0.981,169,58.6,0.948
630,60,0,0.25,0.6,60,0,0,1,0,0,-1,242,59.1,1.049,170,53.5,0.803,165,53.9,0.874
630,60,0,0.25,0.6,60,0,0,1,0,1,0,308,61.4,1.152,203,55.7,0.826,209,54.5,0.849
630,60,0,0.25,0.6,60,0,0,1,1,0,0,457,61.3,1.149,312,57.4,0.9,305,55.7,0.873
630,60,0,0.25,0.6,60,0,0,1,1,0,1,238,62.2,1.194,163,60.7,0.969,156,57.1,0.861
630,60,0,0.25,0.6,60,0,0,1,1,0,-1,218,60.1,1.094,148,54.1,0.849,146,54.1,0.874
630,60,0,0.25,0.6,60,0,0,1,1,1,0,283,61.5,1.19,181,56.9,0.868,190,53.2,0.791
630,60,0,0.25,0.6,60,0,0,-1,0,0,0,503,55.7,0.928,352,62.5,1.146,339,62.8,1.156
630,60,0,0.25,0.6,60,0,0,-1,0,0,1,261,56.3,0.858,172,58.1,0.908,170,60.0,0.92
630,60,0,0.25,0.6,60,0,0,-1,0,0,-1,241,54.8,1.008,180,66.7,1.444,168,66.1,1.491
630,60,0,0.25,0.6,60,0,0,-1,0,1,0,296,55.4,0.941,205,63.4,1.247,214,65.0,1.333
630,60,0,0.25,0.6,60,0,0,-1,0,2,0,207,56.0,0.912,147,61.2,1.016,125,59.2,0.91
630,60,0,0.25,0.6,60,0,0,-1,-1,0,0,448,55.4,0.914,320,62.8,1.136,319,63.3,1.18
630,60,0,0.25,0.6,60,0,0,-1,-1,0,1,234,56.4,0.842,158,58.9,0.915,160,61.3,0.953
630,60,0,0.25,0.6,60,0,0,-1,-1,0,-1,213,54.0,0.998,162,66.7,1.417,158,65.8,1.499
630,60,0,0.25,0.6,60,0,0,-1,-1,1,0,259,54.1,0.879,191,64.4,1.266,203,65.0,1.347
630,60,0,0.25,0.6,60,0,1,0,0,0,0,839,58.3,1.028,595,58.8,0.994,585,57.9,0.97
630,60,0,0.25,0.6,60,0,1,0,0,0,1,443,58.0,0.95,300,59.7,0.973,293,58.0,0.893
630,60,0,0.25,0.6,60,0,1,0,0,0,-1,392,58.4,1.123,294,58.2,1.027,285,57.9,1.064
630,60,0,0.25,0.6,60,0,1,0,0,1,0,507,59.6,1.126,335,57.9,0.947,358,57.0,0.936
630,60,0,0.25,0.6,60,0,1,0,0,1,1,270,58.1,0.962,163,58.3,0.887,174,55.2,0.808
630,60,0,0.25,0.6,60,0,1,0,0,1,-1,237,61.2,1.392,172,57.6,1.01,184,58.7,1.085
630,60,0,0.25,0.6,60,0,1,0,0,2,0,332,56.3,0.904,260,60.0,1.058,227,59.5,1.027
630,60,0,0.25,0.6,60,0,1,0,1,0,0,437,61.3,1.172,299,58.2,0.949,287,55.4,0.847
630,60,0,0.25,0.6,60,0,1,0,1,0,1,223,60.5,1.142,153,63.4,1.043,146,57.5,0.872
630,60,0,0.25,0.6,60,0,1,0,1,0,-1,211,62.1,1.21,145,53.1,0.879,136,52.9,0.818
630,60,0,0.25,0.6,60,0,1,0,1,1,0,277,62.8,1.359,166,56.0,0.835,174,52.3,0.72
630,60,0,0.25,0.6,60,0,1,0,-1,0,0,402,55.0,0.909,296,59.5,1.042,298,60.4,1.106
630,60,0,0.25,0.6,60,0,1,0,-1,0,1,220,55.5,0.816,147,55.8,0.905,147,58.5,0.913
630,60,0,0.25,0.6,60,0,1,0,-1,1,0,230,55.7,0.925,169,59.8,1.07,184,61.4,1.2
630,60,0,0.25,0.6,60,0,1,1,0,0,0,427,60.4,1.126,305,57.4,0.893,298,56.4,0.907
630,60,0,0.25,0.6,60,0,1,1,0,0,1,222,59.0,1.024,157,62.4,1.031,151,59.6,0.969
630,60,0,0.25,0.6,60,0,1,1,0,0,-1,204,61.8,1.241,147,52.4,0.784,144,52.8,0.838
630,60,0,0.25,0.6,60,0,1,1,0,1,0,265,61.9,1.243,170,55.9,0.799,183,53.6,0.776
630,60,0,0.25,0.6,60,0,1,1,1,0,0,389,61.7,1.179,271,57.6,0.899,269,55.4,0.844
630,60,0,0.25,0.6,60,0,1,1,1,0,1,201,60.7,1.107,142,63.4,1.016,139,58.3,0.881
630,60,0,0.25,0.6,60,0,1,1,1,1,0,246,62.2,1.283,153,56.2,0.818,165,52.1,0.713
630,60,0,0.25,0.6,60,0,1,-1,0,0,0,410,56.1,0.95,290,60.3,1.115,284,59.5,1.045
630,60,0,0.25,0.6,60,0,1,-1,0,0,1,221,57.0,0.889,143,56.6,0.911,142,56.3,0.819
630,60,0,0.25,0.6,60,0,1,-1,0,1,0,242,57.0,1.018,165,60.0,1.126,175,60.6,1.143
630,60,0,0.25,0.6,60,0,1,-1,-1,0,0,364,55.8,0.926,262,59.9,1.072,268,59.7,1.048
630,60,0,0.25,0.6,60,0,1,-1,-1,1,0,211,55.5,0.927,152,60.5,1.131,166,60.8,1.157
630,60,0,0.25,0.6,60,1,0,0,0,0,0,489,60.1,1.09,334,61.4,1.095,297,61.6,1.118
630,60,0,0.25,0.6,60,1,0,0,0,0,1,315,58.7,0.98,218,61.0,1.01,189,60.3,0.913
630,60,0,0.25,0.6,60,1,0,0,0,1,0,287,60.6,1.13,182,61.5,1.135,169,61.5,1.245
630,60,0,0.25,0.6,60,1,0,0,0,2,0,202,59.4,1.036,152,61.2,1.048,128,61.7,0.971
630,60,0,0.25,0.6,60,1,0,0,1,0,0,254,61.8,1.205,174,58.6,0.935,147,55.8,0.861
630,60,0,0.25,0.6,60,1,0,0,-1,0,0,235,58.3,0.996,160,64.4,1.294,150,67.3,1.449
630,60,0,0.25,0.6,60,1,0,1,0,0,0,253,60.5,1.105,178,58.4,0.933,149,57.7,0.947
630,60,0,0.25,0.6,60,1,0,1,1,0,0,228,62.3,1.21,161,59.0,0.949,138,57.2,0.893
630,60,0,0.25,0.6,60,1,0,-1,0,0,0,236,59.7,1.076,156,64.7,1.317,148,65.5,1.321
630,60,0,0.25,0.6,60,1,0,-1,-1,0,0,210,60.0,1.068,143,65.7,1.374,139,67.6,1.41
630,60,0,0.25,0.6,60,1,1,0,0,0,0,416,59.1,1.047,291,60.8,1.077,260,60.4,1.059
630,60,0,0.25,0.6,60,1,1,0,0,0,1,269,56.1,0.869,192,60.9,1.014,167,59.3,0.896
630,60,0,0.25,0.6,60,1,1,0,0,1,0,244,61.1,1.185,158,60.8,1.09,148,59.5,1.091
630,60,0,0.25,0.6,60,1,1,0,1,0,0,216,60.2,1.127,156,59.6,1.019,132,56.8,0.92
630,60,0,0.25,0.6,60,1,1,0,-1,0,0,200,58.0,0.979,135,62.2,1.146,128,64.1,1.222
630,60,0,0.25,0.6,60,1,1,1,0,0,0,217,58.5,1.017,159,59.1,0.988,136,58.1,0.98
630,60,0,0.25,0.6,60,-1,0,0,0,0,0,480,55.6,0.912,352,58.0,0.931,303,56.8,0.925
630,60,0,0.25,0.6,60,-1,0,0,0,0,-1,290,53.8,0.881,224,59.8,1.012,188,57.4,0.938
630,60,0,0.25,0.6,60,-1,0,0,0,1,0,281,56.6,0.954,210,58.1,0.932,187,57.8,0.935
630,60,0,0.25,0.6,60,-1,0,0,1,0,0,239,59.8,1.04,164,56.7,0.921,141,52.5,0.806
630,60,0,0.25,0.6,60,-1,0,0,-1,0,0,241,51.5,0.809,188,59.0,0.94,161,60.2,1.039
630,60,0,0.25,0.6,60,-1,0,1,0,0,0,234,59.0,1.016,168,55.4,0.853,149,53.7,0.854
630,60,0,0.25,0.6,60,-1,0,1,1,0,0,214,59.3,1.024,146,56.2,0.867,133,51.9,0.803
630,60,0,0.25,0.6,60,-1,0,-1,0,0,0,246,52.4,0.83,184,60.3,1.01,154,59.7,1.004
630,60,0,0.25,0.6,60,-1,0,-1,-1,0,0,221,51.1,0.798,166,60.2,0.967,145,59.3,1.002
630,60,0,0.25,0.6,60,-1,1,0,0,0,0,386,57.5,1.001,287,56.8,0.928,254,53.5,0.85
630,60,0,0.25,0.6,60,-1,1,0,0,0,-1,227,55.1,0.944,186,57.5,0.976,159,54.1,0.868
630,60,0,0.25,0.6,60,-1,1,0,0,1,0,230,58.7,1.07,162,54.9,0.833,150,52.0,0.765
630,60,0,0.25,0.6,60,-1,1,0,1,0,0,201,62.2,1.166,138,56.5,0.888,119,50.4,0.737
630,60,1,0.25,0.3,60,0,0,0,0,0,0,1009,67.1,0.802,706,67.4,0.883,680,67.2,0.85
630,60,1,0.25,0.3,60,0,0,0,0,0,1,483,68.7,0.82,350,68.9,0.813,333,68.2,0.784
630,60,1,0.25,0.3,60,0,0,0,0,0,-1,522,65.7,0.785,354,65.8,0.953,339,66.4,0.922
630,60,1,0.25,0.3,60,0,0,0,0,1,0,604,66.1,0.752,408,67.4,0.904,423,66.0,0.812
630,60,1,0.25,0.3,60,0,0,0,0,1,1,286,66.1,0.702,210,70.0,0.86,218,67.9,0.804
630,60,1,0.25,0.3,60,0,0,0,0,1,-1,318,66.0,0.799,198,64.6,0.958,205,63.9,0.822
630,60,1,0.25,0.3,60,0,0,0,0,2,0,405,68.6,0.88,298,67.4,0.855,257,69.3,0.918
630,60,1,0.25,0.3,60,0,0,0,0,2,-1,204,65.2,0.765,156,67.3,0.948,134,70.1,1.106
630,60,1,0.25,0.3,60,0,0,0,1,0,0,495,71.9,0.931,361,65.9,0.776,352,64.8,0.734
630,60,1,0.25,0.3,60,0,0,0,1,0,1,237,74.3,1.096,184,65.2,0.677,177,64.4,0.647
630,60,1,0.25,0.3,60,0,0,0,1,0,-1,257,69.6,0.813,177,66.7,0.897,173,65.3,0.84
630,60,1,0.25,0.3,60,0,0,0,1,1,0,284,71.8,0.928,213,65.3,0.767,222,62.2,0.646
630,60,1,0.25,0.3,60,0,0,0,1,2,0,211,72.0,0.935,148,66.9,0.787,130,69.2,0.921
630,60,1,0.25,0.3,60,0,0,0,-1,0,0,514,62.5,0.693,345,69.0,1.019,327,70.0,1.013
630,60,1,0.25,0.3,60,0,0,0,-1,0,1,246,63.4,0.642,166,72.9,1.001,156,72.4,0.986
630,60,1,0.25,0.3,60,0,0,0,-1,0,-1,265,61.9,0.756,177,65.0,1.019,165,67.9,1.04
630,60,1,0.25,0.3,60,0,0,0,-1,1,0,320,60.9,0.631,195,69.7,1.094,200,70.5,1.084
630,60,1,0.25,0.3,60,0,0,1,0,0,0,503,71.2,0.888,352,65.9,0.817,339,64.6,0.747
630,60,1,0.25,0.3,60,0,0,1,0,0,1,241,72.6,0.987,180,65.0,0.688,168,63.7,0.651
630,60,1,0.25,0.3,60,0,0,1,0,0,-1,261,69.7,0.808,172,66.9,0.985,170,65.3,0.852
630,60,1,0.25,0.3,60,0,0,1,0,1,0,296,71.6,0.885,205,65.4,0.781,214,62.1,0.651
630,60,1,0.25,0.3,60,0,0,1,0,2,0,207,70.5,0.893,147,66.7,0.871,125,68.8,0.955
630,60,1,0.25,0.3,60,0,0,1,1,0,0,448,72.1,0.938,320,65.6,0.792,319,65.2,0.761
630,60,1,0.25,0.3,60,0,0,1,1,0,1,213,74.6,1.13,162,64.2,0.67,158,64.6,0.669
630,60,1,0.25,0.3,60,0,0,1,1,0,-1,234,69.7,0.805,158,67.1,0.945,160,65.6,0.859
630,60,1,0.25,0.3,60,0,0,1,1,1,0,259,72.6,0.96,191,64.9,0.749,203,63.1,0.669
630,60,1,0.25,0.3,60,0,0,-1,0,0,0,504,63.1,0.721,353,68.8,0.951,337,70.0,0.974
630,60,1,0.25,0.3,60,0,0,-1,0,0,1,242,64.9,0.69,170,72.9,0.97,165,72.7,0.945
630,60,1,0.25,0.3,60,0,0,-1,0,0,-1,261,61.7,0.76,182,64.8,0.923,169,67.5,1.001
630,60,1,0.25,0.3,60,0,0,-1,0,1,0,308,60.7,0.646,203,69.5,1.057,209,69.9,1.031
630,60,1,0.25,0.3,60,0,0,-1,-1,0,0,457,62.4,0.708,312,68.9,1.002,305,70.8,1.045
630,60,1,0.25,0.3,60,0,0,-1,-1,0,1,218,64.2,0.677,148,73.0,1.015,146,74.0,1.045
630,60,1,0.25,0.3,60,0,0,-1,-1,0,-1,238,60.9,0.746,163,65.0,0.979,156,67.9,1.041
630,60,1,0.25,0.3,60,0,0,-1,-1,1,0,283,60.4,0.645,181,69.6,1.067,190,71.6,1.135
630,60,1,0.25,0.3,60,0,-1,0,0,0,0,839,65.8,0.755,595,68.4,0.933,585,69.1,0.943
630,60,1,0.25,0.3,60,0,-1,0,0,0,1,392,66.1,0.72,294,71.1,0.901,285,70.5,0.867
630,60,1,0.25,0.3,60,0,-1,0,0,0,-1,443,65.7,0.787,300,65.7,0.961,293,67.9,1.032
630,60,1,0.25,0.3,60,0,-1,0,0,1,0,507,64.3,0.702,335,69.3,1.027,358,69.0,0.969
630,60,1,0.25,0.3,60,0,-1,0,0,1,1,237,62.9,0.614,172,73.8,1.068,184,71.2,0.944
630,60,1,0.25,0.3,60,0,-1,0,0,1,-1,270,65.6,0.79,163,64.4,0.983,174,66.7,0.996
630,60,1,0.25,0.3,60,0,-1,0,0,2,0,332,68.1,0.84,260,67.3,0.833,227,69.2,0.906
630,60,1,0.25,0.3,60,0,-1,0,1,0,0,402,71.1,0.907,296,68.2,0.866,298,67.8,0.856
630,60,1,0.25,0.3,60,0,-1,0,1,0,-1,220,69.5,0.813,147,67.3,0.923,147,68.0,1.001
630,60,1,0.25,0.3,60,0,-1,0,1,1,0,230,70.9,0.904,169,69.2,0.936,184,66.3,0.801
630,60,1,0.25,0.3,60,0,-1,0,-1,0,0,437,60.9,0.635,299,68.6,1.008,287,70.4,1.046
630,60,1,0.25,0.3,60,0,-1,0,-1,0,1,211,60.2,0.543,145,73.1,1.002,136,73.5,1.037
630,60,1,0.25,0.3,60,0,-1,0,-1,0,-1,223,61.9,0.758,153,64.1,1.002,146,67.8,1.064
630,60,1,0.25,0.3,60,0,-1,0,-1,1,0,277,58.8,0.576,166,69.3,1.134,174,71.8,1.201
630,60,1,0.25,0.3,60,0,-1,1,0,0,0,410,70.5,0.864,290,68.6,0.926,284,68.0,0.884
630,60,1,0.25,0.3,60,0,-1,1,0,0,-1,221,69.7,0.804,143,67.1,1.007,142,67.6,1.003
630,60,1,0.25,0.3,60,0,-1,1,0,1,0,242,70.7,0.856,165,69.7,0.957,175,66.9,0.818
630,60,1,0.25,0.3,60,0,-1,1,1,0,0,364,71.4,0.921,262,68.7,0.918,268,68.7,0.914
630,60,1,0.25,0.3,60,0,-1,1,1,1,0,211,72.0,0.959,152,69.7,0.932,166,67.5,0.846
630,60,1,0.25,0.3,60,0,-1,-1,0,0,0,427,61.4,0.659,305,68.2,0.94,298,70.5,1.012
630,60,1,0.25,0.3,60,0,-1,-1,0,0,1,204,61.3,0.573,147,72.1,0.948,144,72.9,0.964
630,60,1,0.25,0.3,60,0,-1,-1,0,0,-1,222,61.7,0.768,157,64.3,0.92,151,68.2,1.06
630,60,1,0.25,0.3,60,0,-1,-1,0,1,0,265,58.5,0.59,170,68.8,1.102,183,71.0,1.146
630,60,1,0.25,0.3,60,0,-1,-1,-1,0,0,389,60.7,0.647,271,68.6,1.008,269,71.4,1.1
630,60,1,0.25,0.3,60,0,-1,-1,-1,0,-1,201,60.7,0.748,142,64.8,0.986,139,68.3,1.084
630,60,1,0.25,0.3,60,0,-1,-1,-1,1,0,246,58.5,0.598,153,69.3,1.118,165,72.7,1.275
630,60,1,0.25,0.3,60,1,0,0,0,0,0,480,69.6,0.916,352,69.0,0.882,303,70.3,0.889
630,60,1,0.25,0.3,60,1,0,0,0,0,1,290,72.8,1.05,224,67.0,0.743,188,69.1,0.779
630,60,1,0.25,0.3,60,1,0,0,0,1,0,281,68.0,0.856,210,70.5,1.026,187,71.1,1.016
630,60,1,0.25,0.3,60,1,0,0,1,0,0,241,75.5,1.153,188,67.0,0.75,161,68.9,0.773
630,60,1,0.25,0.3,60,1,0,0,-1,0,0,239,63.6,0.744,164,71.3,1.066,141,72.3,1.064
630,60,1,0.25,0.3,60,1,0,1,0,0,0,246,73.6,1.017,184,68.5,0.86,154,69.5,0.846
630,60,1,0.25,0.3,60,1,0,1,1,0,0,221,75.1,1.158,166,68.1,0.825,145,71.0,0.88
630,60,1,0.25,0.3,60,1,0,-1,0,0,0,234,65.4,0.824,168,69.6,0.904,149,71.1,0.932
630,60,1,0.25,0.3,60,1,0,-1,-1,0,0,214,64.0,0.804,146,71.2,1.041,133,73.7,1.099
630,60,1,0.25,0.3,60,1,-1,0,0,0,0,386,67.4,0.82,287,71.1,0.947,254,74.0,1.048
630,60,1,0.25,0.3,60,1,-1,0,0,0,1,227,70.0,0.905,186,69.9,0.829,159,73.0,0.923
630,60,1,0.25,0.3,60,1,-1,0,0,1,0,230,65.7,0.774,162,74.7,1.249,150,77.3,1.384
630,60,1,0.25,0.3,60,1,-1,0,-1,0,0,201,61.7,0.672,138,71.7,1.109,119,74.8,1.214
630,60,1,0.25,0.3,60,-1,0,0,0,0,0,489,64.8,0.713,334,65.9,0.866,297,66.0,0.854
630,60,1,0.25,0.3,60,-1,0,0,0,0,-1,315,67.0,0.84,218,62.4,0.846,189,65.6,0.927
630,60,1,0.25,0.3,60,-1,0,0,0,1,0,287,64.1,0.674,182,63.7,0.763,169,62.1,0.683
630,60,1,0.25,0.3,60,-1,0,0,0,2,0,202,65.8,0.773,152,68.4,1.013,128,71.1,1.179
630,60,1,0.25,0.3,60,-1,0,0,1,0,0,235,68.1,0.76,160,65.0,0.789,150,62.7,0.756
630,60,1,0.25,0.3,60,-1,0,0,-1,0,0,254,61.8,0.668,174,66.7,0.954,147,69.4,0.977
630,60,1,0.25,0.3,60,-1,0,1,0,0,0,236,67.8,0.751,156,62.8,0.754,148,61.5,0.713
630,60,1,0.25,0.3,60,-1,0,1,1,0,0,210,68.6,0.756,143,62.9,0.745,139,61.2,0.722
630,60,1,0.25,0.3,60,-1,0,-1,0,0,0,253,62.1,0.677,178,68.5,0.994,149,70.5,1.043
630,60,1,0.25,0.3,60,-1,0,-1,-1,0,0,228,61.8,0.663,161,67.1,0.961,138,69.6,1.014
630,60,1,0.25,0.3,60,-1,-1,0,0,0,0,416,64.4,0.702,291,66.0,0.909,260,66.9,0.925
630,60,1,0.25,0.3,60,-1,-1,0,0,0,-1,269,67.7,0.872,192,62.5,0.875,167,66.5,1.01
630,60,1,0.25,0.3,60,-1,-1,0,0,1,0,244,62.7,0.643,158,63.9,0.836,148,64.2,0.792
630,60,1,0.25,0.3,60,-1,-1,0,1,0,0,200,68.5,0.789,135,65.9,0.899,128,64.8,0.889
630,60,1,0.25,0.3,60,-1,-1,0,-1,0,0,216,60.6,0.623,156,66.0,0.918,132,68.9,0.963
630,60,1,0.25,0.3,60,-1,-1,-1,0,0,0,217,61.3,0.65,159,67.9,0.956,136,70.6,1.055
660,-2,0,0.15,1.0,60,0,0,0,0,0,0,1009,51.3,1.052,706,51.8,1.072,676,53.0,1.097
660,-2,0,0.15,1.0,60,0,0,0,0,0,1,509,49.9,0.991,357,54.9,1.235,335,56.1,1.277
660,-2,0,0.15,1.0,60,0,0,0,0,0,-1,496,52.8,1.111,347,48.7,0.93,333,49.8,0.954
660,-2,0,0.15,1.0,60,0,0,0,0,1,0,604,52.5,1.096,408,50.7,1.034,422,54.3,1.191
660,-2,0,0.15,1.0,60,0,0,0,0,1,1,307,51.5,1.072,199,55.3,1.271,199,58.8,1.516
660,-2,0,0.15,1.0,60,0,0,0,0,1,-1,297,53.5,1.121,209,46.4,0.84,223,50.2,0.956
660,-2,0,0.15,1.0,60,0,0,0,0,2,0,405,49.6,0.993,298,53.4,1.126,254,50.8,0.958
660,-2,0,0.15,1.0,60,0,0,0,0,2,1,202,47.5,0.885,158,54.4,1.189,136,52.2,0.987
660,-2,0,0.15,1.0,60,0,0,0,1,0,0,509,53.2,1.113,321,57.0,1.291,305,58.0,1.256
660,-2,0,0.15,1.0,60,0,0,0,1,0,1,256,51.6,1.032,167,61.7,1.661,154,63.6,1.616
660,-2,0,0.15,1.0,60,0,0,0,1,0,-1,250,55.2,1.2,153,51.6,0.989,146,52.1,0.968
660,-2,0,0.15,1.0,60,0,0,0,1,1,0,313,55.9,1.243,182,55.5,1.195,183,59.6,1.358
660,-2,0,0.15,1.0,60,0,0,0,-1,0,0,500,49.4,0.997,385,47.5,0.921,370,48.9,0.983
660,-2,0,0.15,1.0,60,0,0,0,-1,0,1,253,48.2,0.956,190,48.9,0.97,180,50.0,1.051
660,-2,0,0.15,1.0,60,0,0,0,-1,0,-1,246,50.4,1.03,194,46.4,0.885,187,48.1,0.943
660,-2,0,0.15,1.0,60,0,0,0,-1,1,0,291,48.8,0.961,226,46.9,0.921,238,50.4,1.079
660,-2,0,0.15,1.0,60,0,0,0,-1,2,0,209,50.2,1.043,159,48.4,0.92,132,46.2,0.836
660,-2,0,0.15,1.0,60,0,0,1,0,0,0,505,51.7,1.055,325,55.4,1.149,313,57.5,1.223
660,-2,0,0.15,1.0,60,0,0,1,0,0,1,255,50.2,0.978,170,60.6,1.489,157,63.7,1.624
660,-2,0,0.15,1.0,60,0,0,1,0,0,-1,249,53.4,1.139,155,49.7,0.885,154,51.9,0.954
660,-2,0,0.15,1.0,60,0,0,1,0,1,0,309,54.0,1.142,184,55.4,1.145,194,59.8,1.381
660,-2,0,0.15,1.0,60,0,0,1,1,0,0,455,53.4,1.117,286,56.3,1.202,282,58.5,1.255
660,-2,0,0.15,1.0,60,0,0,1,1,0,1,233,51.1,1.024,150,62.0,1.572,144,65.3,1.68
660,-2,0,0.15,1.0,60,0,0,1,1,0,-1,221,56.1,1.222,136,50.0,0.918,136,52.2,0.956
660,-2,0,0.15,1.0,60,0,0,1,1,1,0,280,55.7,1.207,165,56.4,1.205,174,59.8,1.362
660,-2,0,0.15,1.0,60,0,0,-1,0,0,0,502,51.0,1.048,380,48.7,1.008,359,48.5,0.984
660,-2,0,0.15,1.0,60,0,0,-1,0,0,1,254,49.6,1.003,187,49.7,1.061,178,49.4,1.04
660,-2,0,0.15,1.0,60,0,0,-1,0,0,-1,247,52.2,1.085,192,47.9,0.968,179,48.0,0.953
660,-2,0,0.15,1.0,60,0,0,-1,0,1,0,295,50.8,1.051,224,46.9,0.952,228,49.6,1.047
660,-2,0,0.15,1.0,60,0,0,-1,0,2,0,207,51.2,1.044,156,51.3,1.089,131,46.6,0.889
660,-2,0,0.15,1.0,60,0,0,-1,-1,0,0,450,50.9,1.045,346,47.4,0.933,338,48.8,0.986
660,-2,0,0.15,1.0,60,0,0,-1,-1,0,1,231,48.9,0.993,170,48.8,0.969,167,50.3,1.056
660,-2,0,0.15,1.0,60,0,0,-1,-1,0,-1,218,52.8,1.09,175,46.3,0.911,169,47.9,0.943
660,-2,0,0.15,1.0,60,0,0,-1,-1,1,0,262,50.0,0.997,207,46.9,0.942,218,49.5,1.045
660,-2,0,0.15,1.0,60,0,1,0,0,0,0,823,52.9,1.144,578,51.4,1.051,563,53.1,1.117
660,-2,0,0.15,1.0,60,0,1,0,0,0,1,417,50.4,1.027,288,54.9,1.223,280,56.4,1.313
660,-2,0,0.15,1.0,60,0,1,0,0,0,-1,403,55.3,1.259,288,47.9,0.906,277,49.8,0.96
660,-2,0,0.15,1.0,60,0,1,0,0,1,0,488,54.7,1.232,337,50.1,0.995,353,55.0,1.236
660,-2,0,0.15,1.0,60,0,1,0,0,1,1,240,53.8,1.233,159,54.1,1.216,165,59.4,1.576
660,-2,0,0.15,1.0,60,0,1,0,0,1,-1,248,55.6,1.231,178,46.6,0.821,188,51.1,0.992
660,-2,0,0.15,1.0,60,0,1,0,0,2,0,335,50.1,1.033,241,53.1,1.135,210,50.0,0.944
660,-2,0,0.15,1.0,60,0,1,0,1,0,0,430,53.7,1.185,262,55.3,1.187,256,58.2,1.261
660,-2,0,0.15,1.0,60,0,1,0,1,0,1,217,51.2,1.033,137,59.9,1.498,132,63.6,1.631
660,-2,0,0.15,1.0,60,0,1,0,1,0,-1,211,56.4,1.341,124,50.0,0.924,120,52.5,0.966
660,-2,0,0.15,1.0,60,0,1,0,1,1,0,265,56.2,1.31,150,54.7,1.173,154,61.0,1.478
660,-2,0,0.15,1.0,60,0,1,0,-1,0,0,393,51.9,1.104,316,48.1,0.95,307,48.9,1.006
660,-2,0,0.15,1.0,60,0,1,0,-1,0,1,200,49.5,1.022,151,50.3,1.031,148,50.0,1.079
660,-2,0,0.15,1.0,60,0,1,0,-1,1,0,223,52.9,1.148,187,46.5,0.874,199,50.3,1.07
660,-2,0,0.15,1.0,60,0,1,1,0,0,0,422,52.8,1.152,268,54.1,1.077,266,57.9,1.247
660,-2,0,0.15,1.0,60,0,1,1,0,0,1,213,50.7,1.033,138,59.4,1.402,135,63.7,1.656
660,-2,0,0.15,1.0,60,0,1,1,0,0,-1,208,55.3,1.283,130,48.5,0.835,129,52.7,0.971
660,-2,0,0.15,1.0,60,0,1,1,0,1,0,257,55.6,1.262,153,54.9,1.129,165,61.8,1.541
660,-2,0,0.15,1.0,60,0,1,1,1,0,0,383,53.8,1.191,236,55.1,1.135,240,59.2,1.287
660,-2,0,0.15,1.0,60,0,1,1,1,1,0,236,56.4,1.296,137,55.5,1.185,148,61.5,1.495
660,-2,0,0.15,1.0,60,0,1,-1,0,0,0,400,52.8,1.129,309,48.9,1.022,294,48.3,0.998
660,-2,0,0.15,1.0,60,0,1,-1,0,0,1,204,50.0,1.022,150,50.7,1.094,145,49.7,1.066
660,-2,0,0.15,1.0,60,0,1,-1,0,1,0,231,53.7,1.2,184,46.2,0.899,188,48.9,1.017
660,-2,0,0.15,1.0,60,0,1,-1,-1,0,0,354,52.8,1.135,284,48.2,0.979,280,48.9,1.015
660,-2,0,0.15,1.0,60,0,1,-1,-1,1,0,202,53.5,1.17,171,46.2,0.889,182,48.9,1.014
660,-2,0,0.15,1.0,60,1,0,0,0,0,0,499,51.9,1.053,344,52.3,1.056,301,52.2,0.995
660,-2,0,0.15,1.0,60,1,0,0,0,0,1,313,50.5,0.981,225,54.2,1.169,191,54.5,1.099
660,-2,0,0.15,1.0,60,1,0,0,0,1,0,299,53.8,1.146,190,51.1,1.012,171,53.2,1.089
660,-2,0,0.15,1.0,60,1,0,0,0,2,0,200,49.0,0.93,154,53.9,1.114,130,50.8,0.881
660,-2,0,0.15,1.0,60,1,0,0,1,0,0,257,54.1,1.123,168,57.1,1.266,142,57.7,1.13
660,-2,0,0.15,1.0,60,1,0,0,-1,0,0,242,49.6,0.993,176,47.7,0.9,159,47.2,0.896
660,-2,0,0.15,1.0,60,1,0,1,0,0,0,257,52.5,1.082,170,56.5,1.174,143,57.3,1.098
660,-2,0,0.15,1.0,60,1,0,1,1,0,0,234,54.7,1.182,152,55.9,1.146,132,58.3,1.111
660,-2,0,0.15,1.0,60,1,0,-1,0,0,0,242,51.2,1.028,174,48.3,0.964,158,47.5,0.918
660,-2,0,0.15,1.0,60,1,0,-1,-1,0,0,219,51.6,1.068,158,46.2,0.859,148,47.3,0.893
660,-2,0,0.15,1.0,60,1,1,0,0,0,0,414,52.2,1.081,293,54.3,1.106,261,53.3,1.032
660,-2,0,0.15,1.0,60,1,1,0,0,0,1,261,49.0,0.947,185,56.2,1.241,160,55.0,1.121
660,-2,0,0.15,1.0,60,1,1,0,0,1,0,242,55.8,1.28,164,53.7,1.083,150,55.3,1.177
660,-2,0,0.15,1.0,60,1,1,0,1,0,0,223,53.4,1.138,144,59.0,1.363,123,60.2,1.261
660,-2,0,0.15,1.0,60,1,1,1,0,0,0,220,52.7,1.143,144,59.0,1.333,124,59.7,1.233
660,-2,0,0.15,1.0,60,1,1,1,1,0,0,201,54.2,1.221,132,58.3,1.29,116,61.2,1.28
660,-2,0,0.15,1.0,60,-1,0,0,0,0,0,470,50.4,1.027,342,51.2,1.105,295,52.5,1.195
660,-2,0,0.15,1.0,60,-1,0,0,0,0,-1,292,52.1,1.067,217,48.8,0.992,182,49.5,1.013
660,-2,0,0.15,1.0,60,-1,0,0,0,1,0,269,50.6,1.012,202,50.0,1.083,184,52.7,1.247
660,-2,0,0.15,1.0,60,-1,0,0,0,2,0,201,50.2,1.046,140,52.9,1.137,111,52.3,1.118
660,-2,0,0.15,1.0,60,-1,0,0,1,0,0,232,51.3,1.062,148,57.4,1.353,129,58.1,1.398
660,-2,0,0.15,1.0,60,-1,0,0,-1,0,0,238,49.6,0.995,194,46.4,0.942,165,48.5,1.053
660,-2,0,0.15,1.0,60,-1,0,1,0,0,0,228,49.6,0.994,150,54.7,1.16,136,58.1,1.395
660,-2,0,0.15,1.0,60,-1,0,1,1,0,0,205,50.7,1.014,131,57.3,1.292,121,59.5,1.447
660,-2,0,0.15,1.0,60,-1,0,-1,0,0,0,242,51.2,1.06,192,48.4,1.063,159,47.8,1.031
660,-2,0,0.15,1.0,60,-1,0,-1,-1,0,0,215,50.7,1.014,175,47.4,1.002,150,48.7,1.062
660,-2,0,0.15,1.0,60,-1,1,0,0,0,0,379,52.5,1.154,270,48.1,1.023,235,50.6,1.14
660,-2,0,0.15,1.0,60,-1,1,0,0,0,-1,235,54.0,1.206,172,45.9,0.93,144,46.5,0.925
660,-2,0,0.15,1.0,60,-1,1,0,0,1,0,219,52.1,1.105,160,46.2,0.949,145,51.0,1.187
660,-2,1,0.15,0.6,60,0,0,0,0,0,0,1009,57.5,0.831,706,58.4,0.894,676,57.4,0.883
660,-2,1,0.15,0.6,60,0,0,0,0,0,1,496,58.1,0.857,347,61.4,1.009,333,60.1,0.997
660,-2,1,0.15,0.6,60,0,0,0,0,0,-1,509,57.0,0.811,357,55.5,0.798,335,54.9,0.775
660,-2,1,0.15,0.6,60,0,0,0,0,1,0,604,56.6,0.819,408,61.0,0.972,422,56.9,0.848
660,-2,1,0.15,0.6,60,0,0,0,0,1,1,297,57.6,0.858,209,64.1,1.145,223,59.6,1.014
660,-2,1,0.15,0.6,60,0,0,0,0,1,-1,307,55.7,0.782,199,57.8,0.827,199,53.8,0.702
660,-2,1,0.15,0.6,60,0,0,0,0,2,0,405,58.8,0.849,298,54.7,0.799,254,58.3,0.945
660,-2,1,0.15,0.6,60,0,0,0,0,2,-1,202,58.9,0.854,158,52.5,0.761,136,56.6,0.905
660,-2,1,0.15,0.6,60,0,0,0,1,0,0,500,60.0,0.907,385,61.6,0.992,370,59.7,0.958
660,-2,1,0.15,0.6,60,0,0,0,1,0,1,246,61.0,0.965,194,62.9,1.0,187,59.9,0.964
660,-2,1,0.15,0.6,60,0,0,0,1,0,-1,253,59.3,0.866,190,60.0,0.975,180,59.4,0.936
660,-2,1,0.15,0.6,60,0,0,0,1,1,0,291,61.5,0.993,226,63.3,1.03,238,58.0,0.905
660,-2,1,0.15,0.6,60,0,0,0,1,2,0,209,57.9,0.81,159,59.1,0.941,132,62.9,1.059
660,-2,1,0.15,0.6,60,0,0,0,-1,0,0,509,55.0,0.761,321,54.5,0.791,305,54.4,0.8
660,-2,1,0.15,0.6,60,0,0,0,-1,0,1,250,55.2,0.764,153,59.5,1.021,146,60.3,1.041
660,-2,1,0.15,0.6,60,0,0,0,-1,0,-1,256,54.7,0.756,167,50.3,0.635,154,49.4,0.625
660,-2,1,0.15,0.6,60,0,0,0,-1,1,0,313,52.1,0.686,182,58.2,0.905,183,55.2,0.779
660,-2,1,0.15,0.6,60,0,0,1,0,0,0,502,58.6,0.864,380,60.5,0.919,359,60.4,0.956
660,-2,1,0.15,0.6,60,0,0,1,0,0,1,247,59.9,0.95,192,62.5,0.959,179,60.9,0.98
660,-2,1,0.15,0.6,60,0,0,1,0,0,-1,254,57.5,0.798,187,58.3,0.873,178,59.6,0.916
660,-2,1,0.15,0.6,60,0,0,1,0,1,0,295,59.3,0.898,224,62.5,0.981,228,58.8,0.914
660,-2,1,0.15,0.6,60,0,0,1,0,2,0,207,57.5,0.821,156,57.7,0.842,131,63.4,1.031
660,-2,1,0.15,0.6,60,0,0,1,1,0,0,450,58.7,0.863,346,61.8,0.982,338,60.1,0.95
660,-2,1,0.15,0.6,60,0,0,1,1,0,1,218,59.6,0.93,175,63.4,0.998,169,60.4,0.962
660,-2,1,0.15,0.6,60,0,0,1,1,0,-1,231,58.0,0.815,170,60.0,0.956,167,59.3,0.92
660,-2,1,0.15,0.6,60,0,0,1,1,1,0,262,61.1,0.981,207,63.3,1.005,218,58.7,0.913
660,-2,1,0.15,0.6,60,0,0,-1,0,0,0,505,56.4,0.801,325,56.0,0.874,313,54.3,0.814
660,-2,1,0.15,0.6,60,0,0,-1,0,0,1,249,56.2,0.774,155,60.0,1.074,154,59.1,1.016
660,-2,1,0.15,0.6,60,0,0,-1,0,0,-1,255,56.5,0.824,170,52.4,0.72,157,49.7,0.644
660,-2,1,0.15,0.6,60,0,0,-1,0,1,0,309,54.0,0.749,184,59.2,0.961,194,54.6,0.782
660,-2,1,0.15,0.6,60,0,0,-1,-1,0,0,455,54.7,0.751,286,55.6,0.849,282,53.9,0.792
660,-2,1,0.15,0.6,60,0,0,-1,-1,0,1,221,54.3,0.729,136,60.3,1.082,136,59.6,1.021
660,-2,1,0.15,0.6,60,0,0,-1,-1,0,-1,233,54.9,0.768,150,51.3,0.677,144,48.6,0.616
660,-2,1,0.15,0.6,60,0,0,-1,-1,1,0,280,52.9,0.72,165,58.8,0.926,174,55.2,0.777
660,-2,1,0.15,0.6,60,0,-1,0,0,0,0,823,56.4,0.787,578,58.7,0.922,563,57.7,0.888
660,-2,1,0.15,0.6,60,0,-1,0,0,0,1,403,56.1,0.776,288,62.5,1.056,277,61.4,1.018
660,-2,1,0.15,0.6,60,0,-1,0,0,0,-1,417,56.8,0.806,288,54.9,0.81,280,54.6,0.778
660,-2,1,0.15,0.6,60,0,-1,0,0,1,0,488,54.7,0.749,337,61.7,1.026,353,56.9,0.845
660,-2,1,0.15,0.6,60,0,-1,0,0,1,1,248,56.0,0.799,178,64.6,1.184,188,60.1,1.004
660,-2,1,0.15,0.6,60,0,-1,0,0,1,-1,240,53.3,0.699,159,58.5,0.884,165,53.3,0.704
660,-2,1,0.15,0.6,60,0,-1,0,0,2,0,335,58.8,0.844,241,54.4,0.794,210,59.0,0.968
660,-2,1,0.15,0.6,60,0,-1,0,1,0,0,393,58.3,0.841,316,60.8,0.962,307,60.3,0.959
660,-2,1,0.15,0.6,60,0,-1,0,1,0,-1,200,58.5,0.836,151,58.3,0.917,148,59.5,0.938
660,-2,1,0.15,0.6,60,0,-1,0,1,1,0,223,58.3,0.853,187,63.6,1.08,199,58.3,0.921
660,-2,1,0.15,0.6,60,0,-1,0,-1,0,0,430,54.7,0.739,262,56.1,0.876,256,54.7,0.813
660,-2,1,0.15,0.6,60,0,-1,0,-1,0,1,211,54.0,0.709,124,62.1,1.139,120,61.7,1.088
660,-2,1,0.15,0.6,60,0,-1,0,-1,0,-1,217,55.3,0.776,137,51.1,0.703,132,49.2,0.639
660,-2,1,0.15,0.6,60,0,-1,0,-1,1,0,265,51.7,0.672,150,59.3,0.961,154,55.2,0.761
660,-2,1,0.15,0.6,60,0,-1,1,0,0,0,400,57.5,0.821,309,60.5,0.928,294,61.2,0.963
660,-2,1,0.15,0.6,60,0,-1,1,0,0,-1,204,57.4,0.795,150,57.3,0.866,145,59.3,0.917
660,-2,1,0.15,0.6,60,0,-1,1,0,1,0,231,57.1,0.8,184,63.0,1.032,188,59.6,0.942
660,-2,1,0.15,0.6,60,0,-1,1,1,0,0,354,57.3,0.808,284,60.9,0.944,280,60.4,0.936
660,-2,1,0.15,0.6,60,0,-1,1,1,1,0,202,58.4,0.851,171,63.7,1.05,182,59.3,0.935
660,-2,1,0.15,0.6,60,0,-1,-1,0,0,0,422,55.5,0.76,268,56.7,0.925,266,54.5,0.828
660,-2,1,0.15,0.6,60,0,-1,-1,0,0,1,208,54.3,0.705,130,61.5,1.151,129,59.7,1.041
660,-2,1,0.15,0.6,60,0,-1,-1,0,0,-1,213,56.3,0.816,138,52.2,0.749,135,49.6,0.655
660,-2,1,0.15,0.6,60,0,-1,-1,0,1,0,257,52.5,0.707,153,60.1,1.018,165,53.9,0.752
660,-2,1,0.15,0.6,60,0,-1,-1,-1,0,0,383,54.3,0.724,236,56.4,0.899,240,53.8,0.793
660,-2,1,0.15,0.6,60,0,-1,-1,-1,1,0,236,52.1,0.692,137,59.9,0.976,148,54.7,0.748
660,-2,1,0.15,0.6,60,1,0,0,0,0,0,470,59.4,0.881,342,61.1,0.928,295,59.0,0.886
660,-2,1,0.15,0.6,60,1,0,0,0,0,1,292,59.9,0.905,217,60.8,0.919,182,59.9,0.937
660,-2,1,0.15,0.6,60,1,0,0,0,1,0,269,59.1,0.887,202,63.9,1.038,184,58.7,0.89
660,-2,1,0.15,0.6,60,1,0,0,0,2,0,201,59.7,0.873,140,57.1,0.798,111,59.5,0.878
660,-2,1,0.15,0.6,60,1,0,0,1,0,0,238,61.8,0.971,194,62.9,1.031,165,61.2,1.043
660,-2,1,0.15,0.6,60,1,0,0,-1,0,0,232,56.9,0.801,148,58.8,0.814,129,55.8,0.728
660,-2,1,0.15,0.6,60,1,0,1,0,0,0,242,60.7,0.946,192,61.5,0.932,159,61.6,1.038
660,-2,1,0.15,0.6,60,1,0,1,1,0,0,215,61.9,0.998,175,62.3,0.976,150,60.7,1.006
660,-2,1,0.15,0.6,60,1,0,-1,0,0,0,228,57.9,0.819,150,60.7,0.922,136,55.9,0.753
660,-2,1,0.15,0.6,60,1,0,-1,-1,0,0,205,57.6,0.826,131,59.5,0.848,121,54.5,0.699
660,-2,1,0.15,0.6,60,1,-1,0,0,0,0,379,57.5,0.797,270,64.4,1.045,235,62.1,0.963
660,-2,1,0.15,0.6,60,1,-1,0,0,0,1,235,58.3,0.819,172,64.0,1.004,144,64.6,1.052
660,-2,1,0.15,0.6,60,1,-1,0,0,1,0,219,57.5,0.811,160,68.8,1.26,145,62.1,0.981
660,-2,1,0.15,0.6,60,-1,0,0,0,0,0,499,55.9,0.797,344,54.9,0.835,301,55.5,0.85
660,-2,1,0.15,0.6,60,-1,0,0,0,0,-1,313,56.9,0.815,225,52.0,0.728,191,52.4,0.732
660,-2,1,0.15,0.6,60,-1,0,0,0,1,0,299,54.5,0.771,190,56.8,0.857,171,54.4,0.78
660,-2,1,0.15,0.6,60,-1,0,0,0,2,0,200,58.0,0.836,154,52.6,0.808,130,56.9,0.96
660,-2,1,0.15,0.6,60,-1,0,0,1,0,0,242,58.3,0.863,176,59.1,0.903,159,58.5,0.884
660,-2,1,0.15,0.6,60,-1,0,0,-1,0,0,257,53.7,0.734,168,50.6,0.768,142,52.1,0.812
660,-2,1,0.15,0.6,60,-1,0,1,0,0,0,242,56.2,0.8,174,58.0,0.84,158,58.2,0.852
660,-2,1,0.15,0.6,60,-1,0,1,1,0,0,219,55.3,0.761,158,60.1,0.923,148,58.8,0.885
660,-2,1,0.15,0.6,60,-1,0,-1,0,0,0,257,55.6,0.794,170,51.8,0.83,143,52.4,0.848
660,-2,1,0.15,0.6,60,-1,0,-1,-1,0,0,234,52.6,0.691,152,52.0,0.843,132,52.3,0.845
660,-2,1,0.15,0.6,60,-1,-1,0,0,0,0,414,56.3,0.806,293,52.9,0.804,261,54.8,0.845
660,-2,1,0.15,0.6,60,-1,-1,0,0,0,-1,261,58.6,0.875,185,49.2,0.678,160,51.9,0.732
660,-2,1,0.15,0.6,60,-1,-1,0,0,1,0,242,53.3,0.726,164,54.3,0.821,150,52.7,0.749
660,-2,1,0.15,0.6,60,-1,-1,0,-1,0,0,223,54.3,0.73,144,48.6,0.756,123,50.4,0.782
660,-2,1,0.15,0.6,60,-1,-1,-1,0,0,0,220,55.5,0.769,144,48.6,0.758,124,50.8,0.813
660,-2,1,0.15,0.6,60,-1,-1,-1,-1,0,0,201,52.7,0.674,132,49.2,0.786,116,50.0,0.787
660,-1,0,0.15,0.3,60,0,0,0,0,0,0,1009,77.1,1.106,706,75.6,1.077,679,76.4,1.15
660,-1,0,0.15,0.3,60,0,0,0,0,0,1,507,75.7,0.999,343,77.3,1.168,324,77.8,1.262
660,-1,0,0.15,0.3,60,0,0,0,0,0,-1,498,78.7,1.237,361,74.0,0.992,347,74.6,1.03
660,-1,0,0.15,0.3,60,0,0,0,0,1,0,604,77.3,1.085,408,77.0,1.171,423,77.8,1.288
660,-1,0,0.15,0.3,60,0,0,0,0,1,1,299,76.9,1.062,198,79.8,1.369,208,80.8,1.629
660,-1,0,0.15,0.3,60,0,0,0,0,1,-1,305,77.7,1.107,210,74.3,1.023,215,74.9,1.057
660,-1,0,0.15,0.3,60,0,0,0,0,2,0,405,76.8,1.138,298,73.8,0.964,256,74.2,0.968
660,-1,0,0.15,0.3,60,0,0,0,0,2,1,208,74.0,0.922,145,73.8,0.962,116,72.4,0.868
660,-1,0,0.15,0.3,60,0,0,0,1,0,0,743,77.8,1.15,520,76.2,1.13,496,77.0,1.185
660,-1,0,0.15,0.3,60,0,0,0,1,0,1,372,77.2,1.076,259,78.4,1.248,242,79.3,1.351
660,-1,0,0.15,0.3,60,0,0,0,1,0,-1,368,78.8,1.246,259,73.7,1.019,247,74.1,1.015
660,-1,0,0.15,0.3,60,0,0,0,1,1,0,453,77.5,1.096,299,77.6,1.244,303,77.9,1.283
660,-1,0,0.15,0.3,60,0,0,0,1,1,1,225,77.8,1.104,151,81.5,1.552,157,82.2,1.731
660,-1,0,0.15,0.3,60,0,0,0,1,1,-1,228,77.2,1.088,148,73.6,1.023,146,73.3,0.974
660,-1,0,0.15,0.3,60,0,0,0,1,2,0,290,78.3,1.24,221,74.2,1.0,193,75.6,1.055
660,-1,0,0.15,0.3,60,0,0,0,-1,0,0,266,75.2,0.997,186,74.2,0.943,182,74.7,1.053
660,-1,0,0.15,0.3,60,0,0,1,0,0,0,721,77.0,1.079,508,76.6,1.133,492,77.0,1.182
660,-1,0,0.15,0.3,60,0,0,1,0,0,1,362,76.0,0.992,254,79.5,1.327,239,79.9,1.426
660,-1,0,0.15,0.3,60,0,0,1,0,0,-1,358,78.2,1.181,253,73.5,0.979,249,73.9,0.988
660,-1,0,0.15,0.3,60,0,0,1,0,1,0,437,77.1,1.057,295,78.6,1.311,308,78.6,1.349
660,-1,0,0.15,0.3,60,0,0,1,0,1,1,214,76.6,1.016,149,83.2,1.74,158,82.9,1.891
660,-1,0,0.15,0.3,60,0,0,1,0,1,-1,223,77.6,1.096,146,74.0,1.037,150,74.0,1.011
660,-1,0,0.15,0.3,60,0,0,1,0,2,0,284,76.8,1.113,213,73.7,0.943,184,74.5,0.97
660,-1,0,0.15,0.3,60,0,0,1,1,0,0,680,77.9,1.144,477,76.7,1.146,467,77.3,1.195
660,-1,0,0.15,0.3,60,0,0,1,1,0,1,344,77.0,1.061,240,79.6,1.3,230,80.4,1.438
660,-1,0,0.15,0.3,60,0,0,1,1,0,-1,335,79.1,1.241,236,73.7,1.016,233,73.8,0.995
660,-1,0,0.15,0.3,60,0,0,1,1,1,0,414,77.5,1.084,279,78.5,1.289,291,78.4,1.319
660,-1,0,0.15,0.3,60,0,0,1,1,1,1,205,77.1,1.04,141,83.7,1.728,151,83.4,1.903
660,-1,0,0.15,0.3,60,0,0,1,1,1,-1,209,78.0,1.128,138,73.2,1.009,140,72.9,0.958
660,-1,0,0.15,0.3,60,0,0,1,1,2,0,266,78.6,1.243,198,74.2,0.984,176,75.6,1.029
660,-1,0,0.15,0.3,60,0,0,-1,0,0,0,286,77.6,1.193,197,73.1,0.942,183,74.3,1.039
660,-1,0,0.15,0.3,60,0,0,-1,-1,0,0,225,77.8,1.168,155,74.2,0.944,156,75.0,1.063
660,-1,0,0.15,0.3,60,0,1,0,0,0,0,739,78.3,1.195,485,75.5,1.08,469,77.6,1.223
660,-1,0,0.15,0.3,60,0,1,0,0,0,1,374,77.0,1.096,235,76.6,1.16,227,79.3,1.406
660,-1,0,0.15,0.3,60,0,1,0,0,0,-1,362,79.8,1.304,249,74.3,1.005,236,75.4,1.049
660,-1,0,0.15,0.3,60,0,1,0,0,1,0,444,78.2,1.149,282,77.0,1.208,297,80.1,1.504
660,-1,0,0.15,0.3,60,0,1,0,0,1,1,214,78.0,1.163,131,77.9,1.258,141,83.0,1.957
660,-1,0,0.15,0.3,60,0,1,0,0,1,-1,230,78.3,1.137,151,76.2,1.166,156,77.6,1.217
660,-1,0,0.15,0.3,60,0,1,0,0,2,0,295,78.6,1.267,203,73.4,0.936,172,73.3,0.902
660,-1,0,0.15,0.3,60,0,1,0,1,0,0,505,79.0,1.232,315,76.5,1.169,304,79.6,1.353
660,-1,0,0.15,0.3,60,0,1,0,1,0,1,254,78.3,1.191,158,78.5,1.297,149,82.6,1.673
660,-1,0,0.15,0.3,60,0,1,0,1,0,-1,249,79.9,1.28,156,74.4,1.051,150,76.0,1.073
660,-1,0,0.15,0.3,60,0,1,0,1,1,0,313,78.0,1.122,181,77.9,1.332,186,82.3,1.691
660,-1,0,0.15,0.3,60,0,1,0,-1,0,0,234,76.9,1.121,170,73.5,0.933,165,73.9,1.022
660,-1,0,0.15,0.3,60,0,1,1,0,0,0,488,78.3,1.149,313,76.7,1.168,308,79.2,1.333
660,-1,0,0.15,0.3,60,0,1,1,0,0,1,248,77.8,1.123,157,79.6,1.4,150,82.7,1.763
660,-1,0,0.15,0.3,60,0,1,1,0,0,-1,239,79.1,1.187,156,73.7,0.994,155,75.5,1.031
660,-1,0,0.15,0.3,60,0,1,1,0,1,0,299,78.3,1.124,181,79.0,1.438,194,82.5,1.742
660,-1,0,0.15,0.3,60,0,1,1,1,0,0,456,79.2,1.217,285,77.2,1.212,284,79.9,1.378
660,-1,0,0.15,0.3,60,0,1,1,1,0,1,233,78.5,1.192,145,80.0,1.379,141,83.7,1.807
660,-1,0,0.15,0.3,60,0,1,1,1,0,-1,222,80.2,1.256,140,74.3,1.072,140,75.7,1.057
660,-1,0,0.15,0.3,60,0,1,1,1,1,0,282,78.4,1.13,167,79.0,1.428,178,82.6,1.721
660,-1,0,0.15,0.3,60,0,1,-1,0,0,0,250,78.4,1.283,171,73.1,0.932,158,74.1,1.022
660,-1,0,0.15,0.3,60,0,1,-1,-1,0,0,202,78.7,1.267,142,73.9,0.961,140,74.3,1.038
660,-1,0,0.15,0.3,60,0,-1,0,0,0,0,270,73.7,0.915,221,76.0,1.071,210,73.8,1.008
660,-1,0,0.15,0.3,60,0,-1,0,1,0,0,238,75.2,1.006,205,75.6,1.073,192,72.9,0.976
660,-1,0,0.15,0.3,60,0,-1,1,0,0,0,233,74.2,0.956,195,76.4,1.08,184,73.4,0.981
660,-1,0,0.15,0.3,60,0,-1,1,1,0,0,224,75.4,1.02,192,76.0,1.059,183,73.2,0.973
660,-1,0,0.15,0.3,60,1,0,0,0,0,0,509,77.2,1.051,356,75.6,1.076,304,75.3,1.069
660,-1,0,0.15,0.3,60,1,0,0,0,0,1,318,77.4,1.062,223,76.2,1.078,180,76.1,1.048
660,-1,0,0.15,0.3,60,1,0,0,0,1,0,303,79.2,1.162,211,76.8,1.175,192,77.1,1.225
660,-1,0,0.15,0.3,60,1,0,0,0,2,0,206,74.3,0.919,145,73.8,0.955,112,72.3,0.868
660,-1,0,0.15,0.3,60,1,0,0,1,0,0,375,78.4,1.133,270,77.0,1.222,227,78.0,1.274
660,-1,0,0.15,0.3,60,1,0,0,1,0,1,228,79.8,1.253,171,77.8,1.205,134,79.1,1.263
660,-1,0,0.15,0.3,60,1,0,0,1,1,0,229,79.0,1.164,164,78.7,1.463,145,80.0,1.552
660,-1,0,0.15,0.3,60,1,0,1,0,0,0,366,77.6,1.078,264,78.0,1.273,224,77.7,1.243
660,-1,0,0.15,0.3,60,1,0,1,0,0,1,227,78.4,1.14,165,79.4,1.291,130,79.2,1.259
660,-1,0,0.15,0.3,60,1,0,1,0,1,0,219,78.5,1.135,160,80.6,1.607,145,80.0,1.518
660,-1,0,0.15,0.3,60,1,0,1,1,0,0,347,79.0,1.176,253,77.9,1.265,217,77.9,1.253
660,-1,0,0.15,0.3,60,1,0,1,1,0,1,214,80.4,1.32,158,79.1,1.259,126,79.4,1.251
660,-1,0,0.15,0.3,60,1,0,1,1,1,0,209,79.4,1.191,155,80.6,1.637,140,80.0,1.528
660,-1,0,0.15,0.3,60,1,1,0,0,0,0,376,79.3,1.222,254,74.8,1.054,217,75.6,1.031
660,-1,0,0.15,0.3,60,1,1,0,0,0,1,231,79.2,1.232,157,75.2,1.055,127,75.6,0.98
660,-1,0,0.15,0.3,60,1,1,0,0,1,0,221,81.4,1.39,148,75.0,1.085,134,77.6,1.181
660,-1,0,0.15,0.3,60,1,1,0,1,0,0,260,80.8,1.371,171,77.2,1.316,142,79.6,1.346
660,-1,0,0.15,0.3,60,1,1,1,0,0,0,253,80.2,1.316,168,78.0,1.36,142,78.9,1.301
660,-1,0,0.15,0.3,60,1,1,1,1,0,0,237,81.9,1.484,159,78.0,1.374,135,79.3,1.321
660,-1,0,0.15,0.3,60,-1,0,0,0,0,0,460,76.5,1.141,330,74.2,0.992,295,74.6,1.051
660,-1,0,0.15,0.3,60,-1,0,0,0,0,-1,287,78.7,1.322,219,72.6,0.886,196,72.4,0.869
660,-1,0,0.15,0.3,60,-1,0,0,0,1,0,265,74.0,0.961,181,75.1,1.04,164,74.4,1.081
660,-1,0,0.15,0.3,60,-1,0,0,1,0,0,340,76.8,1.145,238,73.9,0.971,213,74.2,1.008
660,-1,0,0.15,0.3,60,-1,0,0,1,0,-1,207,79.7,1.413,156,71.8,0.864,140,71.4,0.826
660,-1,0,0.15,0.3,60,-1,0,1,0,0,0,327,75.5,1.045,232,73.7,0.935,216,74.1,0.993
660,-1,0,0.15,0.3,60,-1,0,1,0,0,-1,204,78.4,1.263,149,71.1,0.8,139,71.2,0.797
660,-1,0,0.15,0.3,60,-1,0,1,1,0,0,309,76.1,1.076,214,74.3,0.967,201,74.6,1.021
660,-1,0,0.15,0.3,60,-1,1,0,0,0,0,331,76.1,1.099,219,74.9,1.034,189,75.7,1.153
660,-1,0,0.15,0.3,60,-1,1,0,0,0,-1,200,78.5,1.266,146,73.3,0.921,123,72.4,0.874
660,-1,0,0.15,0.3,60,-1,1,0,1,0,0,224,75.9,1.047,139,74.8,0.981,122,77.0,1.158
660,-1,0,0.15,0.3,60,-1,1,1,0,0,0,214,74.3,0.933,140,74.3,0.945,128,76.6,1.131
660,-1,0,0.15,0.3,60,-1,1,1,1,0,0,201,74.6,0.947,123,75.6,1.017,114,78.1,1.219
660,-1,0,0.25,1.0,60,0,0,0,0,0,0,1009,52.7,1.117,706,51.7,1.087,679,52.4,1.134
660,-1,0,0.25,1.0,60,0,0,0,0,0,1,507,52.9,1.092,343,52.5,1.082,324,53.1,1.146
660,-1,0,0.25,1.0,60,0,0,0,0,0,-1,498,52.6,1.142,361,50.7,1.075,347,51.3,1.109
660,-1,0,0.25,1.0,60,0,0,0,0,1,0,604,55.5,1.24,408,53.7,1.141,423,55.1,1.303
660,-1,0,0.25,1.0,60,0,0,0,0,1,1,299,54.8,1.131,198,54.0,1.163,208,55.8,1.42
660,-1,0,0.25,1.0,60,0,0,0,0,1,-1,305,56.1,1.346,210,53.3,1.121,215,54.4,1.199
660,-1,0,0.25,1.0,60,0,0,0,0,2,0,405,48.6,0.968,298,49.0,1.018,256,48.0,0.905
660,-1,0,0.25,1.0,60,0,0,0,0,2,1,208,50.0,1.041,145,50.3,0.981,116,48.3,0.79
660,-1,0,0.25,1.0,60,0,0,0,1,0,0,743,52.9,1.081,520,52.9,1.117,496,52.6,1.108
660,-1,0,0.25,1.0,60,0,0,0,1,0,1,372,52.7,1.048,259,54.1,1.075,242,54.1,1.111
660,-1,0,0.25,1.0,60,0,0,0,1,0,-1,368,53.3,1.119,259,51.4,1.137,247,50.6,1.085
660,-1,0,0.25,1.0,60,0,0,0,1,1,0,453,55.6,1.216,299,54.5,1.137,303,55.1,1.253
660,-1,0,0.25,1.0,60,0,0,0,1,1,1,225,54.2,1.097,151,56.3,1.194,157,57.3,1.418
660,-1,0,0.25,1.0,60,0,0,0,1,1,-1,228,57.0,1.333,148,52.7,1.08,146,52.7,1.09
660,-1,0,0.25,1.0,60,0,0,0,1,2,0,290,48.6,0.91,221,50.7,1.092,193,48.7,0.909
660,-1,0,0.25,1.0,60,0,0,0,-1,0,0,266,52.3,1.222,186,48.4,1.01,182,52.2,1.22
660,-1,0,0.25,1.0,60,0,0,1,0,0,0,721,52.7,1.077,508,52.0,1.027,492,51.8,1.058
660,-1,0,0.25,1.0,60,0,0,1,0,0,1,362,53.9,1.102,254,53.9,1.028,239,54.4,1.112
660,-1,0,0.25,1.0,60,0,0,1,0,0,-1,358,51.7,1.058,253,49.8,1.017,249,49.4,1.005
660,-1,0,0.25,1.0,60,0,0,1,0,1,0,437,55.4,1.172,295,54.6,1.112,308,54.5,1.227
660,-1,0,0.25,1.0,60,0,0,1,0,1,1,214,55.1,1.092,149,56.4,1.133,158,56.3,1.372
660,-1,0,0.25,1.0,60,0,0,1,0,1,-1,223,55.6,1.243,146,52.7,1.091,150,52.7,1.088
660,-1,0,0.25,1.0,60,0,0,1,0,2,0,284,48.6,0.951,213,48.4,0.924,184,47.3,0.823
660,-1,0,0.25,1.0,60,0,0,1,1,0,0,680,53.5,1.109,477,52.4,1.042,467,52.2,1.073
660,-1,0,0.25,1.0,60,0,0,1,1,0,1,344,53.5,1.113,240,54.2,1.0,230,54.8,1.103
660,-1,0,0.25,1.0,60,0,0,1,1,0,-1,335,53.7,1.108,236,50.4,1.076,233,49.8,1.043
660,-1,0,0.25,1.0,60,0,0,1,1,1,0,414,56.3,1.209,279,54.8,1.117,291,54.3,1.211
660,-1,0,0.25,1.0,60,0,0,1,1,1,1,205,54.6,1.089,141,58.2,1.193,151,57.0,1.377
660,-1,0,0.25,1.0,60,0,0,1,1,1,-1,209,57.9,1.322,138,51.4,1.044,140,51.4,1.049
660,-1,0,0.25,1.0,60,0,0,1,1,2,0,266,49.2,0.977,198,49.0,0.946,176,48.9,0.877
660,-1,0,0.25,1.0,60,0,0,-1,0,0,0,286,52.8,1.224,197,50.8,1.229,183,53.0,1.328
660,-1,0,0.25,1.0,60,0,0,-1,-1,0,0,225,54.7,1.356,155,49.0,1.05,156,53.2,1.297
660,-1,0,0.25,1.0,60,0,1,0,0,0,0,739,53.9,1.262,485,52.4,1.128,469,54.2,1.242
660,-1,0,0.25,1.0,60,0,1,0,0,0,1,374,53.2,1.148,235,53.2,1.183,227,55.9,1.391
660,-1,0,0.25,1.0,60,0,1,0,0,0,-1,362,54.4,1.366,249,51.4,1.066,236,52.1,1.109
660,-1,0,0.25,1.0,60,0,1,0,0,1,0,444,57.0,1.439,282,53.5,1.144,297,56.9,1.459
660,-1,0,0.25,1.0,60,0,1,0,0,1,1,214,57.5,1.396,131,52.7,1.171,141,57.4,1.655
660,-1,0,0.25,1.0,60,0,1,0,0,1,-1,230,56.5,1.475,151,54.3,1.12,156,56.4,1.301
660,-1,0,0.25,1.0,60,0,1,0,0,2,0,295,49.2,1.046,203,50.7,1.108,172,49.4,0.951
660,-1,0,0.25,1.0,60,0,1,0,1,0,0,505,54.1,1.247,315,54.3,1.172,304,55.9,1.289
660,-1,0,0.25,1.0,60,0,1,0,1,0,1,254,53.1,1.095,158,55.1,1.176,149,58.4,1.417
660,-1,0,0.25,1.0,60,0,1,0,1,0,-1,249,55.0,1.394,156,53.2,1.145,150,53.3,1.158
660,-1,0,0.25,1.0,60,0,1,0,1,1,0,313,57.2,1.433,181,54.1,1.083,186,58.6,1.499
660,-1,0,0.25,1.0,60,0,1,0,-1,0,0,234,53.4,1.294,170,48.8,1.053,165,50.9,1.161
660,-1,0,0.25,1.0,60,0,1,1,0,0,0,488,53.9,1.241,313,52.7,1.055,308,54.5,1.207
660,-1,0,0.25,1.0,60,0,1,1,0,0,1,248,54.0,1.154,157,54.8,1.141,150,58.7,1.44
660,-1,0,0.25,1.0,60,0,1,1,0,0,-1,239,54.0,1.327,156,50.6,0.975,155,51.0,1.028
660,-1,0,0.25,1.0,60,0,1,1,0,1,0,299,57.2,1.399,181,54.1,1.06,194,57.7,1.447
660,-1,0,0.25,1.0,60,0,1,1,1,0,0,456,54.4,1.27,285,53.7,1.09,284,55.6,1.255
660,-1,0,0.25,1.0,60,0,1,1,1,0,1,233,53.2,1.147,145,55.2,1.102,141,59.6,1.434
660,-1,0,0.25,1.0,60,0,1,1,1,0,-1,222,55.9,1.395,140,52.1,1.077,140,52.1,1.108
660,-1,0,0.25,1.0,60,0,1,1,1,1,0,282,57.8,1.437,167,54.5,1.05,178,57.9,1.445
660,-1,0,0.25,1.0,60,0,1,-1,0,0,0,250,53.6,1.292,171,51.5,1.245,158,52.5,1.282
660,-1,0,0.25,1.0,60,0,1,-1,-1,0,0,202,54.5,1.361,142,50.0,1.121,140,52.1,1.247
660,-1,0,0.25,1.0,60,0,-1,0,0,0,0,270,49.6,0.822,221,50.2,1.004,210,48.6,0.919
660,-1,0,0.25,1.0,60,0,-1,0,1,0,0,238,50.4,0.83,205,50.7,1.038,192,47.4,0.859
660,-1,0,0.25,1.0,60,0,-1,1,0,0,0,233,50.2,0.832,195,50.8,0.986,184,47.3,0.839
660,-1,0,0.25,1.0,60,0,-1,1,1,0,0,224,51.8,0.875,192,50.5,0.977,183,47.0,0.831
660,-1,0,0.25,1.0,60,1,0,0,0,0,0,509,54.6,1.159,356,54.5,1.114,304,53.3,1.049
660,-1,0,0.25,1.0,60,1,0,0,0,0,1,318,53.1,1.112,223,54.3,1.154,180,53.3,1.058
660,-1,0,0.25,1.0,60,1,0,0,0,1,0,303,56.8,1.22,211,57.3,1.261,192,56.2,1.294
660,-1,0,0.25,1.0,60,1,0,0,0,2,0,206,51.5,1.072,145,50.3,0.941,112,48.2,0.749
660,-1,0,0.25,1.0,60,1,0,0,1,0,0,375,54.7,1.146,270,55.6,1.113,227,53.7,0.993
660,-1,0,0.25,1.0,60,1,0,0,1,0,1,228,53.5,1.096,171,55.6,1.129,134,54.5,1.031
660,-1,0,0.25,1.0,60,1,0,0,1,1,0,229,56.3,1.233,164,57.9,1.276,145,56.6,1.281
660,-1,0,0.25,1.0,60,1,0,1,0,0,0,366,55.5,1.201,264,55.3,1.083,224,54.0,0.991
660,-1,0,0.25,1.0,60,1,0,1,0,0,1,227,55.5,1.256,165,55.8,1.099,130,55.4,1.03
660,-1,0,0.25,1.0,60,1,0,1,0,1,0,219,56.6,1.223,160,58.1,1.263,145,55.9,1.242
660,-1,0,0.25,1.0,60,1,0,1,1,0,0,347,55.9,1.244,253,54.5,1.026,217,53.9,0.97
660,-1,0,0.25,1.0,60,1,0,1,1,0,1,214,55.1,1.285,158,55.1,1.035,126,55.6,1.02
660,-1,0,0.25,1.0,60,1,0,1,1,1,0,209,57.4,1.267,155,58.1,1.267,140,55.7,1.226
660,-1,0,0.25,1.0,60,1,1,0,0,0,0,376,55.1,1.267,254,55.5,1.209,217,56.7,1.235
660,-1,0,0.25,1.0,60,1,1,0,0,0,1,231,51.9,1.096,157,55.4,1.322,127,56.7,1.276
660,-1,0,0.25,1.0,60,1,1,0,0,1,0,221,58.8,1.535,148,56.8,1.255,134,59.0,1.465
660,-1,0,0.25,1.0,60,1,1,0,1,0,0,260,55.0,1.284,171,57.3,1.259,142,59.2,1.296
660,-1,0,0.25,1.0,60,1,1,1,0,0,0,253,55.7,1.337,168,57.1,1.261,142,59.2,1.304
660,-1,0,0.25,1.0,60,1,1,1,1,0,0,237,56.1,1.406,159,56.0,1.167,135,59.3,1.276
660,-1,0,0.25,1.0,60,-1,0,0,0,0,0,460,50.2,1.058,330,48.5,1.041,295,50.5,1.183
660,-1,0,0.25,1.0,60,-1,0,0,0,0,-1,287,49.5,1.069,219,48.4,1.106,196,49.5,1.148
660,-1,0,0.25,1.0,60,-1,0,0,0,1,0,265,53.6,1.236,181,49.7,1.034,164,53.0,1.278
660,-1,0,0.25,1.0,60,-1,0,0,1,0,0,340,50.3,0.99,238,50.4,1.112,213,50.7,1.199
660,-1,0,0.25,1.0,60,-1,0,0,1,0,-1,207,50.7,1.035,156,50.0,1.2,140,49.3,1.171
660,-1,0,0.25,1.0,60,-1,0,1,0,0,0,327,48.9,0.942,232,48.3,0.961,216,49.1,1.118
660,-1,0,0.25,1.0,60,-1,0,1,0,0,-1,204,49.0,1.002,149,47.0,1.002,139,46.8,1.026
660,-1,0,0.25,1.0,60,-1,0,1,1,0,0,309,50.2,0.96,214,50.5,1.06,201,50.7,1.196
660,-1,0,0.25,1.0,60,-1,1,0,0,0,0,331,51.4,1.2,219,48.4,1.041,189,49.7,1.191
660,-1,0,0.25,1.0,60,-1,1,0,0,0,-1,200,50.0,1.228,146,47.9,1.071,123,47.2,1.043
660,-1,0,0.25,1.0,60,-1,1,0,1,0,0,224,51.3,1.126,139,51.8,1.113,122,51.6,1.255
660,-1,0,0.25,1.0,60,-1,1,1,0,0,0,214,50.0,1.079,140,47.9,0.892,128,48.4,1.124
660,-1,0,0.25,1.0,60,-1,1,1,1,0,0,201,50.7,1.075,123,52.0,1.055,114,51.8,1.274
660,-1,1,0.25,0.6,60,0,0,0,0,0,0,1009,51.6,0.824,706,52.1,0.844,679,51.1,0.809
660,-1,1,0.25,0.6,60,0,0,0,0,0,1,498,50.6,0.765,361,55.1,0.937,347,53.9,0.901
660,-1,1,0.25,0.6,60,0,0,0,0,0,-1,507,52.7,0.896,343,49.3,0.768,324,49.1,0.734
660,-1,1,0.25,0.6,60,0,0,0,0,1,0,604,47.7,0.703,408,50.5,0.819,423,48.7,0.712
660,-1,1,0.25,0.6,60,0,0,0,0,1,1,305,45.2,0.628,210,53.8,0.947,215,51.6,0.839
660,-1,1,0.25,0.6,60,0,0,0,0,1,-1,299,50.2,0.797,198,47.0,0.7,208,45.7,0.597
660,-1,1,0.25,0.6,60,0,0,0,0,2,0,405,57.5,1.027,298,54.4,0.878,256,55.1,1.0
660,-1,1,0.25,0.6,60,0,0,0,0,2,-1,208,56.2,1.05,145,52.4,0.868,116,55.2,1.058
660,-1,1,0.25,0.6,60,0,0,0,1,0,0,266,51.1,0.758,186,58.1,0.988,182,53.8,0.805
660,-1,1,0.25,0.6,60,0,0,0,-1,0,0,743,51.8,0.85,520,50.0,0.799,496,50.0,0.808
660,-1,1,0.25,0.6,60,0,0,0,-1,0,1,368,50.0,0.758,259,53.3,0.878,247,53.4,0.92
660,-1,1,0.25,0.6,60,0,0,0,-1,0,-1,372,53.5,0.962,259,47.1,0.741,242,47.5,0.728
660,-1,1,0.25,0.6,60,0,0,0,-1,1,0,453,48.1,0.718,299,48.2,0.769,303,47.5,0.704
660,-1,1,0.25,0.6,60,0,0,0,-1,1,1,228,45.2,0.627,148,52.0,0.916,146,51.4,0.876
660,-1,1,0.25,0.6,60,0,0,0,-1,1,-1,225,51.1,0.835,151,44.4,0.645,157,43.9,0.576
660,-1,1,0.25,0.6,60,0,0,0,-1,2,0,290,57.6,1.091,221,52.5,0.838,193,53.9,1.008
660,-1,1,0.25,0.6,60,0,0,1,0,0,0,286,50.3,0.737,197,55.8,0.831,183,54.1,0.775
660,-1,1,0.25,0.6,60,0,0,1,1,0,0,225,48.9,0.692,155,57.4,0.97,156,52.6,0.762
660,-1,1,0.25,0.6,60,0,0,-1,0,0,0,721,52.1,0.864,508,50.8,0.854,492,50.4,0.83
660,-1,1,0.25,0.6,60,0,0,-1,0,0,1,358,51.7,0.8,253,54.2,0.951,249,53.8,0.956
660,-1,1,0.25,0.6,60,0,0,-1,0,0,-1,362,52.5,0.938,254,47.6,0.774,239,47.3,0.722
660,-1,1,0.25,0.6,60,0,0,-1,0,1,0,437,47.8,0.73,295,48.5,0.793,308,47.7,0.713
660,-1,1,0.25,0.6,60,0,0,-1,0,1,1,223,46.2,0.662,146,52.1,0.916,150,51.3,0.879
660,-1,1,0.25,0.6,60,0,0,-1,0,1,-1,214,49.5,0.817,149,45.0,0.687,158,44.3,0.583
660,-1,1,0.25,0.6,60,0,0,-1,0,2,0,284,58.8,1.102,213,54.0,0.944,184,54.9,1.076
660,-1,1,0.25,0.6,60,0,0,-1,-1,0,0,680,51.5,0.843,477,50.1,0.842,467,49.7,0.816
660,-1,1,0.25,0.6,60,0,0,-1,-1,0,1,335,50.1,0.771,236,53.4,0.916,233,53.2,0.934
660,-1,1,0.25,0.6,60,0,0,-1,-1,0,-1,344,52.6,0.927,240,47.1,0.782,230,46.5,0.717
660,-1,1,0.25,0.6,60,0,0,-1,-1,1,0,414,47.3,0.718,279,48.0,0.78,291,47.8,0.718
660,-1,1,0.25,0.6,60,0,0,-1,-1,1,1,209,44.5,0.63,138,52.9,0.941,140,52.1,0.904
660,-1,1,0.25,0.6,60,0,0,-1,-1,1,-1,205,50.2,0.832,141,43.3,0.646,151,43.7,0.58
660,-1,1,0.25,0.6,60,0,0,-1,-1,2,0,266,57.9,1.066,198,53.0,0.934,176,52.8,1.011
660,-1,1,0.25,0.6,60,0,1,0,0,0,0,270,57.8,1.133,221,52.5,0.848,210,53.3,0.945
660,-1,1,0.25,0.6,60,0,1,0,-1,0,0,238,58.0,1.146,205,52.2,0.843,192,54.7,1.035
660,-1,1,0.25,0.6,60,0,1,-1,0,0,0,233,58.4,1.151,195,51.8,0.869,184,54.3,1.039
660,-1,1,0.25,0.6,60,0,1,-1,-1,0,0,224,57.1,1.11,192,52.1,0.883,183,54.6,1.049
660,-1,1,0.25,0.6,60,0,-1,0,0,0,0,739,49.4,0.732,485,52.0,0.841,469,50.1,0.756
660,-1,1,0.25,0.6,60,0,-1,0,0,0,1,362,48.3,0.673,249,56.2,0.978,236,55.1,0.935
660,-1,1,0.25,0.6,60,0,-1,0,0,0,-1,374,50.5,0.809,235,47.7,0.725,227,45.8,0.613
660,-1,1,0.25,0.6,60,0,-1,0,0,1,0,444,45.5,0.62,282,51.1,0.862,297,47.1,0.654
660,-1,1,0.25,0.6,60,0,-1,0,0,1,1,230,43.9,0.577,151,53.6,0.955,156,50.6,0.786
660,-1,1,0.25,0.6,60,0,-1,0,0,1,-1,214,47.2,0.675,131,48.1,0.767,141,43.3,0.532
660,-1,1,0.25,0.6,60,0,-1,0,0,2,0,295,55.3,0.93,203,53.2,0.814,172,55.2,0.974
660,-1,1,0.25,0.6,60,0,-1,0,1,0,0,234,50.4,0.733,170,58.2,0.996,165,55.8,0.883
660,-1,1,0.25,0.6,60,0,-1,0,-1,0,0,505,48.9,0.731,315,48.6,0.771,304,47.0,0.698
660,-1,1,0.25,0.6,60,0,-1,0,-1,0,1,249,47.4,0.649,156,53.2,0.894,150,52.7,0.887
660,-1,1,0.25,0.6,60,0,-1,0,-1,0,-1,254,50.4,0.839,158,44.3,0.675,149,42.3,0.562
660,-1,1,0.25,0.6,60,0,-1,0,-1,1,0,313,45.7,0.625,181,48.1,0.81,186,43.5,0.585
660,-1,1,0.25,0.6,60,0,-1,1,0,0,0,250,50.0,0.712,171,55.6,0.851,158,55.1,0.828
660,-1,1,0.25,0.6,60,0,-1,1,1,0,0,202,49.5,0.695,142,57.0,0.954,140,54.3,0.832
660,-1,1,0.25,0.6,60,0,-1,-1,0,0,0,488,49.2,0.746,313,50.2,0.845,308,48.1,0.731
660,-1,1,0.25,0.6,60,0,-1,-1,0,0,1,239,48.5,0.684,156,54.5,0.988,155,53.5,0.937
660,-1,1,0.25,0.6,60,0,-1,-1,0,0,-1,248,49.6,0.818,157,45.9,0.72,150,42.7,0.562
660,-1,1,0.25,0.6,60,0,-1,-1,0,1,0,299,44.8,0.628,181,48.6,0.839,194,44.3,0.607
660,-1,1,0.25,0.6,60,0,-1,-1,-1,0,0,456,48.7,0.728,285,48.8,0.816,284,46.5,0.701
660,-1,1,0.25,0.6,60,0,-1,-1,-1,0,1,222,47.3,0.662,140,52.9,0.921,140,52.1,0.89
660,-1,1,0.25,0.6,60,0,-1,-1,-1,0,-1,233,49.8,0.804,145,44.8,0.721,141,41.1,0.551
660,-1,1,0.25,0.6,60,0,-1,-1,-1,1,0,282,44.7,0.62,167,47.9,0.825,178,43.8,0.601
660,-1,1,0.25,0.6,60,1,0,0,0,0,0,460,54.8,0.877,330,56.1,0.894,295,54.6,0.836
660,-1,1,0.25,0.6,60,1,0,0,0,0,1,287,54.7,0.846,219,58.0,0.928,196,57.1,0.942
660,-1,1,0.25,0.6,60,1,0,0,0,1,0,265,51.3,0.788,181,54.7,0.877,164,52.4,0.756
660,-1,1,0.25,0.6,60,1,0,0,-1,0,0,340,54.4,0.91,238,54.2,0.842,213,54.5,0.834
660,-1,1,0.25,0.6,60,1,0,0,-1,0,1,207,53.1,0.843,156,56.4,0.879,140,57.1,0.957
660,-1,1,0.25,0.6,60,1,0,-1,0,0,0,327,55.4,0.942,232,56.0,0.949,216,55.1,0.854
660,-1,1,0.25,0.6,60,1,0,-1,0,0,1,204,54.9,0.873,149,58.4,1.006,139,58.3,1.016
660,-1,1,0.25,0.6,60,1,0,-1,-1,0,0,309,54.7,0.93,214,54.2,0.882,201,53.7,0.824
660,-1,1,0.25,0.6,60,1,-1,0,0,0,0,331,52.9,0.795,219,57.5,0.964,189,56.6,0.876
660,-1,1,0.25,0.6,60,1,-1,0,0,0,1,200,53.5,0.775,146,61.0,1.034,123,61.8,1.104
660,-1,1,0.25,0.6,60,1,-1,0,-1,0,0,224,52.2,0.819,139,54.7,0.907,122,54.9,0.833
660,-1,1,0.25,0.6,60,1,-1,-1,0,0,0,214,52.8,0.842,140,57.9,1.074,128,56.2,0.859
660,-1,1,0.25,0.6,60,1,-1,-1,-1,0,0,201,52.7,0.848,123,54.5,0.953,114,53.5,0.801
660,-1,1,0.25,0.6,60,-1,0,0,0,0,0,509,49.7,0.803,356,48.6,0.806,304,49.0,0.836
660,-1,1,0.25,0.6,60,-1,0,0,0,0,-1,318,52.2,0.904,223,48.0,0.754,180,48.3,0.804
660,-1,1,0.25,0.6,60,-1,0,0,0,1,0,303,45.5,0.659,211,46.4,0.751,192,45.8,0.706
660,-1,1,0.25,0.6,60,-1,0,0,0,2,0,206,55.8,1.069,145,51.7,0.887,112,54.5,1.101
660,-1,1,0.25,0.6,60,-1,0,0,-1,0,0,375,50.4,0.829,270,45.9,0.762,227,46.7,0.829
660,-1,1,0.25,0.6,60,-1,0,0,-1,0,-1,228,53.1,0.973,171,45.6,0.728,134,45.5,0.762
660,-1,1,0.25,0.6,60,-1,0,0,-1,1,0,229,46.7,0.664,164,43.9,0.685,145,43.4,0.667
660,-1,1,0.25,0.6,60,-1,0,-1,0,0,0,366,50.3,0.827,264,45.8,0.772,224,46.4,0.831
660,-1,1,0.25,0.6,60,-1,0,-1,0,0,-1,227,52.0,0.916,165,45.5,0.74,130,45.4,0.774
660,-1,1,0.25,0.6,60,-1,0,-1,0,1,0,219,46.6,0.672,160,43.1,0.683,145,43.4,0.68
660,-1,1,0.25,0.6,60,-1,0,-1,-1,0,0,347,49.6,0.796,253,46.2,0.808,217,46.1,0.835
660,-1,1,0.25,0.6,60,-1,0,-1,-1,0,-1,214,51.9,0.891,158,45.6,0.775,126,44.4,0.76
660,-1,1,0.25,0.6,60,-1,0,-1,-1,1,0,209,45.9,0.657,155,43.2,0.686,140,43.6,0.688
660,-1,1,0.25,0.6,60,-1,-1,0,0,0,0,376,47.9,0.722,254,47.2,0.737,217,47.0,0.728
660,-1,1,0.25,0.6,60,-1,-1,0,0,0,-1,231,51.1,0.847,157,45.9,0.668,127,45.7,0.679
660,-1,1,0.25,0.6,60,-1,-1,0,0,1,0,221,43.9,0.576,148,48.0,0.794,134,45.5,0.679
660,-1,1,0.25,0.6,60,-1,-1,0,-1,0,0,260,47.7,0.712,171,42.7,0.637,142,42.3,0.635
660,-1,1,0.25,0.6,60,-1,-1,-1,0,0,0,253,47.8,0.721,168,42.9,0.641,142,42.3,0.634
660,-1,1,0.25,0.6,60,-1,-1,-1,-1,0,0,237,46.8,0.676,159,43.4,0.678,135,41.5,0.63
660,30,0,0.25,0.3,60,0,0,0,0,0,0,1008,71.5,1.049,706,68.7,0.96,678,69.9,1.019
660,30,0,0.25,0.3,60,0,0,0,0,0,1,516,70.9,1.042,343,67.9,0.99,323,68.4,1.019
660,30,0,0.25,0.3,60,0,0,0,0,0,-1,488,72.3,1.059,361,69.3,0.925,347,70.6,0.989
660,30,0,0.25,0.3,60,0,0,0,0,1,0,604,68.4,0.891,408,71.8,1.101,423,72.8,1.181
660,30,0,0.25,0.3,60,0,0,0,0,1,1,293,66.9,0.833,199,71.9,1.182,204,72.5,1.31
660,30,0,0.25,0.3,60,0,0,0,0,1,-1,311,69.8,0.946,209,71.8,1.03,219,73.1,1.078
660,30,0,0.25,0.3,60,0,0,0,0,2,0,404,76.2,1.354,298,64.4,0.803,255,65.1,0.813
660,30,0,0.25,0.3,60,0,0,0,0,2,1,223,76.2,1.423,144,62.5,0.783,119,61.3,0.692
660,30,0,0.25,0.3,60,0,0,0,1,0,0,529,73.9,1.139,329,70.5,1.04,315,70.8,1.035
660,30,0,0.25,0.3,60,0,0,0,1,0,1,271,73.1,1.144,164,68.9,1.006,152,68.4,0.961
660,30,0,0.25,0.3,60,0,0,0,1,0,-1,257,75.1,1.141,164,72.0,1.065,158,72.2,1.065
660,30,0,0.25,0.3,60,0,0,0,1,1,0,313,71.2,0.971,186,74.7,1.271,185,74.1,1.244
660,30,0,0.25,0.3,60,0,0,0,1,2,0,216,77.8,1.467,143,65.0,0.822,130,66.2,0.818
660,30,0,0.25,0.3,60,0,0,0,-1,0,0,479,68.9,0.96,377,67.1,0.895,362,69.1,1.003
660,30,0,0.25,0.3,60,0,0,0,-1,0,1,245,68.6,0.946,179,67.0,0.976,170,68.2,1.072
660,30,0,0.25,0.3,60,0,0,0,-1,0,-1,231,69.3,0.974,197,67.0,0.824,189,69.3,0.93
660,30,0,0.25,0.3,60,0,0,0,-1,1,0,291,65.3,0.812,222,69.4,0.982,237,71.7,1.13
660,30,0,0.25,0.3,60,0,0,1,0,0,0,526,72.2,1.063,339,69.6,0.937,318,70.8,0.999
660,30,0,0.25,0.3,60,0,0,1,0,0,1,269,71.4,1.072,170,70.6,1.024,152,70.4,1.04
660,30,0,0.25,0.3,60,0,0,1,0,0,-1,256,73.4,1.061,169,68.6,0.865,163,70.6,0.941
660,30,0,0.25,0.3,60,0,0,1,0,1,0,315,68.9,0.882,190,74.7,1.249,192,74.0,1.245
660,30,0,0.25,0.3,60,0,0,1,0,2,0,211,77.3,1.441,149,63.1,0.683,126,65.9,0.748
660,30,0,0.25,0.3,60,0,0,1,1,0,0,477,73.4,1.13,297,71.0,1.046,290,71.4,1.047
660,30,0,0.25,0.3,60,0,0,1,1,0,1,244,72.1,1.118,148,70.9,1.044,139,70.5,1.014
660,30,0,0.25,0.3,60,0,0,1,1,0,-1,232,75.0,1.149,149,71.1,1.048,148,71.6,1.05
660,30,0,0.25,0.3,60,0,0,1,1,1,0,283,70.7,0.963,170,75.9,1.311,174,74.7,1.28
660,30,0,0.25,0.3,60,0,0,-1,0,0,0,480,70.8,1.037,366,67.8,0.979,356,68.8,1.024
660,30,0,0.25,0.3,60,0,0,-1,0,0,1,247,70.4,1.012,173,65.3,0.959,171,66.7,1.0
660,30,0,0.25,0.3,60,0,0,-1,0,0,-1,232,71.1,1.058,192,69.8,0.99,184,70.7,1.039
660,30,0,0.25,0.3,60,0,0,-1,0,1,0,289,67.8,0.901,218,69.3,0.99,231,71.9,1.131
660,30,0,0.25,0.3,60,0,0,-1,-1,0,0,428,69.9,1.017,335,68.1,0.983,332,69.3,1.04
660,30,0,0.25,0.3,60,0,0,-1,-1,0,1,220,69.1,0.974,157,66.9,0.988,157,68.2,1.049
660,30,0,0.25,0.3,60,0,0,-1,-1,0,-1,207,70.5,1.056,177,68.9,0.971,174,70.1,1.025
660,30,0,0.25,0.3,60,0,0,-1,-1,1,0,259,66.8,0.885,202,69.8,0.998,219,72.1,1.147
660,30,0,0.25,0.3,60,0,1,0,0,0,0,800,72.9,1.185,556,68.3,0.957,524,71.0,1.092
660,30,0,0.25,0.3,60,0,1,0,0,0,1,409,71.1,1.133,270,68.9,1.097,253,70.0,1.139
660,30,0,0.25,0.3,60,0,1,0,0,0,-1,388,74.7,1.236,284,67.6,0.838,263,71.1,1.009
660,30,0,0.25,0.3,60,0,1,0,0,1,0,472,71.0,1.072,317,71.6,1.116,325,74.5,1.327
660,30,0,0.25,0.3,60,0,1,0,0,1,1,225,68.4,0.98,149,74.5,1.496,153,77.1,1.818
660,30,0,0.25,0.3,60,0,1,0,0,1,-1,247,73.3,1.159,168,69.0,0.884,172,72.1,1.032
660,30,0,0.25,0.3,60,0,1,0,0,2,0,328,75.6,1.373,239,64.0,0.788,199,65.3,0.821
660,30,0,0.25,0.3,60,0,1,0,1,0,0,429,73.9,1.216,255,70.2,1.056,241,71.4,1.097
660,30,0,0.25,0.3,60,0,1,0,1,0,1,220,72.7,1.212,127,69.3,1.1,118,69.5,1.075
660,30,0,0.25,0.3,60,0,1,0,1,0,-1,208,75.5,1.229,127,70.9,1.006,118,72.0,1.057
660,30,0,0.25,0.3,60,0,1,0,1,1,0,257,72.8,1.123,142,73.9,1.237,141,75.2,1.348
660,30,0,0.25,0.3,60,0,1,0,-1,0,0,371,71.7,1.151,301,66.8,0.881,283,70.7,1.088
660,30,0,0.25,0.3,60,0,1,0,-1,1,0,215,68.8,1.013,175,69.7,1.03,184,73.9,1.311
660,30,0,0.25,0.3,60,0,1,1,0,0,0,421,72.4,1.134,264,68.6,0.919,248,70.6,1.016
660,30,0,0.25,0.3,60,0,1,1,0,0,1,217,71.4,1.144,134,70.1,1.109,121,70.2,1.111
660,30,0,0.25,0.3,60,0,1,1,0,0,-1,203,73.9,1.133,130,66.9,0.78,124,70.2,0.909
660,30,0,0.25,0.3,60,0,1,1,0,1,0,252,70.6,1.018,146,73.3,1.2,150,73.3,1.246
660,30,0,0.25,0.3,60,0,1,1,1,0,0,383,73.1,1.185,229,70.3,1.063,223,71.7,1.102
660,30,0,0.25,0.3,60,0,1,1,1,1,0,230,71.7,1.082,129,74.4,1.247,135,74.8,1.326
660,30,0,0.25,0.3,60,0,1,-1,0,0,0,378,73.3,1.24,291,68.0,0.99,272,71.0,1.15
660,30,0,0.25,0.3,60,0,1,-1,0,1,0,220,71.4,1.144,171,70.2,1.052,175,75.4,1.405
660,30,0,0.25,0.3,60,0,1,-1,-1,0,0,332,72.3,1.207,266,68.0,0.994,256,71.5,1.171
660,30,0,0.25,0.3,60,0,-1,0,0,0,0,208,66.3,0.7,150,70.0,0.97,154,66.2,0.815
660,30,0,0.25,0.3,60,1,0,0,0,0,0,507,73.6,1.098,344,67.4,0.908,300,66.3,0.834
660,30,0,0.25,0.3,60,1,0,0,0,0,1,318,73.6,1.178,217,64.5,0.847,183,63.9,0.791
660,30,0,0.25,0.3,60,1,0,0,0,1,0,284,70.8,0.919,193,70.5,1.02,177,69.5,0.964
660,30,0,0.25,0.3,60,1,0,0,0,2,0,223,77.1,1.421,151,63.6,0.78,123,61.8,0.678
660,30,0,0.25,0.3,60,1,0,0,0,2,1,213,77.5,1.5,141,63.1,0.788,115,60.9,0.659
660,30,0,0.25,0.3,60,1,0,0,1,0,0,271,75.3,1.119,171,69.0,0.975,145,68.3,0.908
660,30,0,0.25,0.3,60,1,0,0,-1,0,0,236,71.6,1.075,173,65.9,0.849,155,64.5,0.773
660,30,0,0.25,0.3,60,1,0,1,0,0,0,270,74.1,1.08,177,69.5,0.972,145,68.3,0.91
660,30,0,0.25,0.3,60,1,0,1,1,0,0,248,75.4,1.162,160,69.4,0.975,136,68.4,0.904
660,30,0,0.25,0.3,60,1,0,-1,0,0,0,237,73.0,1.117,167,65.3,0.847,155,64.5,0.771
660,30,0,0.25,0.3,60,1,0,-1,-1,0,0,214,72.9,1.164,156,65.4,0.841,146,64.4,0.763
660,30,0,0.25,0.3,60,1,1,0,0,0,0,407,75.2,1.286,281,66.5,0.891,244,65.6,0.829
660,30,0,0.25,0.3,60,1,1,0,0,0,1,258,73.3,1.27,177,65.0,0.902,149,62.4,0.754
660,30,0,0.25,0.3,60,1,1,0,0,1,0,227,74.4,1.181,155,69.7,1.01,143,70.6,1.063
660,30,0,0.25,0.3,60,1,1,0,1,0,0,217,76.0,1.295,136,68.4,0.96,115,67.0,0.863
660,30,0,0.25,0.3,60,1,1,1,0,0,0,219,74.9,1.224,141,68.1,0.938,116,66.4,0.841
660,30,0,0.25,0.3,60,-1,0,0,0,0,0,461,68.8,0.982,342,68.7,0.96,298,70.8,1.083
660,30,0,0.25,0.3,60,-1,0,0,0,0,-1,286,71.0,1.092,225,67.1,0.862,192,69.8,1.009
660,30,0,0.25,0.3,60,-1,0,0,0,1,0,284,64.4,0.822,199,71.4,1.085,179,73.7,1.239
660,30,0,0.25,0.3,60,-1,0,0,1,0,0,237,71.7,1.139,151,70.9,1.048,135,71.9,1.072
660,30,0,0.25,0.3,60,-1,0,0,-1,0,0,224,65.6,0.837,191,67.0,0.894,162,69.8,1.087
660,30,0,0.25,0.3,60,-1,0,1,0,0,0,233,69.1,1.022,157,68.8,0.863,141,70.9,0.978
660,30,0,0.25,0.3,60,-1,0,1,1,0,0,210,70.0,1.069,133,72.2,1.093,125,72.8,1.127
660,30,0,0.25,0.3,60,-1,0,-1,0,0,0,228,68.4,0.942,185,68.6,1.064,157,70.7,1.201
660,30,0,0.25,0.3,60,-1,0,-1,-1,0,0,201,66.2,0.859,167,69.5,1.105,146,71.2,1.264
660,30,0,0.25,0.3,60,-1,1,0,0,0,0,364,69.5,1.052,258,69.0,0.978,220,73.6,1.271
660,30,0,0.25,0.3,60,-1,1,0,0,0,-1,227,71.8,1.17,172,66.3,0.803,142,71.1,1.04
660,30,0,0.25,0.3,60,-1,1,0,0,1,0,219,65.8,0.917,148,71.6,1.123,133,75.9,1.454
660,30,1,0.15,1.0,60,0,0,0,0,0,0,1008,46.4,0.826,706,51.3,1.005,678,50.4,0.972
660,30,1,0.15,1.0,60,0,0,0,0,0,1,488,44.9,0.784,361,55.1,1.163,347,53.3,1.103
660,30,1,0.15,1.0,60,0,0,0,0,0,-1,516,47.9,0.872,343,47.2,0.852,323,47.7,0.832
660,30,1,0.15,1.0,60,0,0,0,0,1,0,604,48.5,0.906,408,50.5,0.948,423,48.7,0.877
660,30,1,0.15,1.0,60,0,0,0,0,1,1,311,47.6,0.891,209,55.5,1.173,219,52.5,1.096
660,30,1,0.15,1.0,60,0,0,0,0,1,-1,293,49.5,0.923,199,45.2,0.751,204,44.6,0.674
660,30,1,0.15,1.0,60,0,0,0,0,2,0,404,43.3,0.725,298,52.3,1.086,255,53.3,1.149
660,30,1,0.15,1.0,60,0,0,0,0,2,-1,223,45.7,0.814,144,50.0,1.015,119,52.9,1.199
660,30,1,0.15,1.0,60,0,0,0,1,0,0,479,48.4,0.88,377,55.7,1.162,362,53.9,1.081
660,30,1,0.15,1.0,60,0,0,0,1,0,1,231,49.4,0.94,197,58.9,1.279,189,56.1,1.18
660,30,1,0.15,1.0,60,0,0,0,1,0,-1,245,47.8,0.832,179,52.0,1.028,170,51.2,0.951
660,30,1,0.15,1.0,60,0,0,0,1,1,0,291,52.2,1.037,222,55.0,1.064,237,51.5,0.962
660,30,1,0.15,1.0,60,0,0,0,-1,0,0,529,44.6,0.779,329,46.2,0.857,315,46.3,0.863
660,30,1,0.15,1.0,60,0,0,0,-1,0,1,257,40.9,0.666,164,50.6,1.048,158,50.0,1.022
660,30,1,0.15,1.0,60,0,0,0,-1,0,-1,271,48.0,0.913,164,42.1,0.693,152,43.4,0.718
660,30,1,0.15,1.0,60,0,0,0,-1,1,0,313,45.0,0.798,186,45.2,0.834,185,44.9,0.782
660,30,1,0.15,1.0,60,0,0,0,-1,2,0,216,44.0,0.752,143,47.6,0.889,130,48.5,0.997
660,30,1,0.15,1.0,60,0,0,1,0,0,0,480,46.7,0.832,366,54.4,1.067,356,54.2,1.076
660,30,1,0.15,1.0,60,0,0,1,0,0,1,232,47.0,0.862,192,57.3,1.183,184,55.4,1.156
660,30,1,0.15,1.0,60,0,0,1,0,0,-1,247,46.6,0.811,173,50.9,0.937,171,52.6,0.974
660,30,1,0.15,1.0,60,0,0,1,0,1,0,289,50.2,0.944,218,54.6,1.037,231,52.4,0.991
660,30,1,0.15,1.0,60,0,0,1,1,0,0,428,47.2,0.83,335,54.3,1.07,332,53.6,1.063
660,30,1,0.15,1.0,60,0,0,1,1,0,1,207,47.3,0.875,177,57.6,1.178,174,55.7,1.164
660,30,1,0.15,1.0,60,0,0,1,1,0,-1,220,47.3,0.796,157,50.3,0.945,157,51.0,0.937
660,30,1,0.15,1.0,60,0,0,1,1,1,0,259,50.6,0.961,202,55.0,1.047,219,52.1,0.99
660,30,1,0.15,1.0,60,0,0,-1,0,0,0,526,46.2,0.819,339,48.1,0.952,318,46.5,0.881
660,30,1,0.15,1.0,60,0,0,-1,0,0,1,256,43.0,0.719,169,52.7,1.144,163,50.9,1.05
660,30,1,0.15,1.0,60,0,0,-1,0,0,-1,269,49.1,0.935,170,43.5,0.774,152,42.1,0.7
660,30,1,0.15,1.0,60,0,0,-1,0,1,0,315,47.0,0.872,190,45.8,0.862,192,44.3,0.765
660,30,1,0.15,1.0,60,0,0,-1,0,2,0,211,45.0,0.75,149,51.0,1.08,126,50.0,1.094
660,30,1,0.15,1.0,60,0,0,-1,-1,0,0,477,44.9,0.771,297,45.5,0.848,290,45.5,0.852
660,30,1,0.15,1.0,60,0,0,-1,-1,0,1,232,40.5,0.656,149,50.3,1.031,148,50.0,1.022
660,30,1,0.15,1.0,60,0,0,-1,-1,0,-1,244,48.8,0.91,148,40.5,0.679,139,41.0,0.675
660,30,1,0.15,1.0,60,0,0,-1,-1,1,0,283,44.9,0.796,170,44.7,0.828,174,44.3,0.776
660,30,1,0.15,1.0,60,0,1,0,0,0,0,208,52.9,1.144,150,56.7,1.194,154,57.8,1.277
660,30,1,0.15,1.0,60,0,-1,0,0,0,0,800,44.8,0.76,556,49.8,0.961,524,48.3,0.9
660,30,1,0.15,1.0,60,0,-1,0,0,0,1,388,43.0,0.729,284,54.9,1.195,263,53.2,1.107
660,30,1,0.15,1.0,60,0,-1,0,0,0,-1,409,46.5,0.798,270,44.4,0.752,253,43.5,0.707
660,30,1,0.15,1.0,60,0,-1,0,0,1,0,472,44.9,0.768,317,49.8,0.953,325,45.8,0.79
660,30,1,0.15,1.0,60,0,-1,0,0,1,1,247,43.3,0.758,168,56.5,1.298,172,52.3,1.093
660,30,1,0.15,1.0,60,0,-1,0,0,1,-1,225,46.7,0.78,149,42.3,0.672,153,38.6,0.536
660,30,1,0.15,1.0,60,0,-1,0,0,2,0,328,44.5,0.749,239,49.8,0.971,199,52.3,1.115
660,30,1,0.15,1.0,60,0,-1,0,1,0,0,371,45.6,0.773,301,53.8,1.103,283,50.9,0.977
660,30,1,0.15,1.0,60,0,-1,0,1,1,0,215,47.9,0.86,175,53.7,1.05,184,48.4,0.858
660,30,1,0.15,1.0,60,0,-1,0,-1,0,0,429,44.1,0.747,255,45.1,0.821,241,45.2,0.823
660,30,1,0.15,1.0,60,0,-1,0,-1,0,1,208,40.9,0.655,127,51.2,1.086,118,51.7,1.086
660,30,1,0.15,1.0,60,0,-1,0,-1,0,-1,220,46.8,0.852,127,39.4,0.601,118,39.8,0.608
660,30,1,0.15,1.0,60,0,-1,0,-1,1,0,257,42.4,0.697,142,45.1,0.85,141,42.6,0.716
660,30,1,0.15,1.0,60,0,-1,1,0,0,0,378,44.7,0.752,291,52.6,1.025,272,50.7,0.955
660,30,1,0.15,1.0,60,0,-1,1,0,1,0,220,46.4,0.795,171,53.2,1.027,175,48.0,0.854
660,30,1,0.15,1.0,60,0,-1,1,1,0,0,332,44.9,0.742,266,52.6,1.029,256,50.0,0.94
660,30,1,0.15,1.0,60,0,-1,-1,0,0,0,421,44.9,0.77,264,47.0,0.904,248,46.0,0.856
660,30,1,0.15,1.0,60,0,-1,-1,0,0,1,203,42.4,0.702,130,53.1,1.186,124,52.4,1.118
660,30,1,0.15,1.0,60,0,-1,-1,0,0,-1,217,47.0,0.844,134,41.0,0.662,121,39.7,0.607
660,30,1,0.15,1.0,60,0,-1,-1,0,1,0,252,43.7,0.745,146,45.9,0.875,150,43.3,0.726
660,30,1,0.15,1.0,60,0,-1,-1,-1,0,0,383,44.1,0.738,229,44.5,0.811,223,44.4,0.812
660,30,1,0.15,1.0,60,0,-1,-1,-1,1,0,230,42.2,0.696,129,45.0,0.844,135,43.0,0.73
660,30,1,0.15,1.0,60,1,0,0,0,0,0,461,47.9,0.859,342,52.6,0.994,298,50.0,0.891
660,30,1,0.15,1.0,60,1,0,0,0,0,1,286,45.5,0.779,225,54.7,1.063,192,51.0,0.926
660,30,1,0.15,1.0,60,1,0,0,0,1,0,284,51.8,1.021,199,51.8,0.935,179,48.6,0.832
660,30,1,0.15,1.0,60,1,0,0,1,0,0,224,51.3,0.987,191,56.5,1.119,162,53.1,0.948
660,30,1,0.15,1.0,60,1,0,0,-1,0,0,237,44.7,0.757,151,47.7,0.868,135,45.9,0.83
660,30,1,0.15,1.0,60,1,0,1,0,0,0,228,48.2,0.87,185,54.1,0.966,157,52.9,0.936
660,30,1,0.15,1.0,60,1,0,1,1,0,0,201,50.2,0.944,167,53.9,0.952,146,52.1,0.896
660,30,1,0.15,1.0,60,1,0,-1,0,0,0,233,47.6,0.849,157,51.0,1.024,141,46.8,0.851
660,30,1,0.15,1.0,60,1,0,-1,-1,0,0,210,46.2,0.802,133,46.6,0.843,125,44.8,0.797
660,30,1,0.15,1.0,60,1,-1,0,0,0,0,364,47.8,0.843,258,51.2,0.983,220,49.1,0.885
660,30,1,0.15,1.0,60,1,-1,0,0,0,1,227,46.3,0.797,172,54.7,1.114,142,53.5,1.049
660,30,1,0.15,1.0,60,1,-1,0,0,1,0,219,49.8,0.927,148,50.7,0.978,133,46.6,0.803
660,30,1,0.15,1.0,60,-1,0,0,0,0,0,507,46.2,0.824,344,50.3,1.019,300,51.7,1.096
660,30,1,0.15,1.0,60,-1,0,0,0,0,-1,318,46.9,0.832,217,47.0,0.859,183,47.5,0.865
660,30,1,0.15,1.0,60,-1,0,0,0,1,0,284,47.5,0.861,193,50.3,0.979,177,49.7,0.959
660,30,1,0.15,1.0,60,-1,0,0,0,2,0,223,44.4,0.78,151,50.3,1.079,123,54.5,1.361
660,30,1,0.15,1.0,60,-1,0,0,0,2,-1,213,44.6,0.787,141,49.6,1.025,115,53.0,1.242
660,30,1,0.15,1.0,60,-1,0,0,1,0,0,236,46.2,0.808,173,56.1,1.236,155,56.1,1.294
660,30,1,0.15,1.0,60,-1,0,0,-1,0,0,271,46.1,0.838,171,44.4,0.834,145,46.9,0.913
660,30,1,0.15,1.0,60,-1,0,1,0,0,0,237,45.6,0.818,167,55.7,1.188,155,56.8,1.294
660,30,1,0.15,1.0,60,-1,0,1,1,0,0,214,44.9,0.757,156,55.8,1.206,146,56.2,1.283
660,30,1,0.15,1.0,60,-1,0,-1,0,0,0,270,46.7,0.829,177,45.2,0.879,145,46.2,0.908
660,30,1,0.15,1.0,60,-1,0,-1,-1,0,0,248,45.6,0.782,160,43.8,0.828,136,45.6,0.883
660,30,1,0.15,1.0,60,-1,-1,0,0,0,0,407,43.5,0.73,281,48.8,0.929,244,49.6,0.988
660,30,1,0.15,1.0,60,-1,-1,0,0,0,-1,258,45.7,0.774,177,44.6,0.738,149,45.6,0.794
660,30,1,0.15,1.0,60,-1,-1,0,0,1,0,227,42.7,0.699,155,49.7,0.925,143,47.6,0.855
660,30,1,0.15,1.0,60,-1,-1,0,-1,0,0,217,43.8,0.732,136,41.9,0.695,115,44.3,0.795
660,30,1,0.15,1.0,60,-1,-1,-1,0,0,0,219,43.8,0.718,141,42.6,0.724,116,44.8,0.83
660,60,0,0.15,0.6,60,0,0,0,0,0,0,1009,63.2,1.07,706,61.3,1.043,678,62.8,1.087
660,60,0,0.15,0.6,60,0,0,0,0,0,1,513,60.6,0.997,363,62.5,1.134,341,63.3,1.179
660,60,0,0.15,0.6,60,0,0,0,0,0,-1,492,65.9,1.138,341,60.4,0.973,329,62.3,0.997
660,60,0,0.15,0.6,60,0,0,0,0,1,0,604,63.2,1.097,408,64.2,1.169,423,66.2,1.247
660,60,0,0.15,0.6,60,0,0,0,0,1,1,291,60.1,1.022,198,65.7,1.24,203,68.0,1.432
660,60,0,0.15,0.6,60,0,0,0,0,1,-1,313,66.1,1.167,210,62.9,1.103,220,64.5,1.095
660,60,0,0.15,0.6,60,0,0,0,0,2,0,405,63.2,1.033,298,57.4,0.897,255,57.3,0.876
660,60,0,0.15,0.6,60,0,0,0,0,2,1,222,61.3,0.968,165,58.8,1.016,138,56.5,0.89
660,60,0,0.15,0.6,60,0,0,0,1,0,0,526,65.2,1.18,340,65.3,1.227,319,65.5,1.175
660,60,0,0.15,0.6,60,0,0,0,1,0,1,267,60.7,1.007,180,67.8,1.393,164,66.5,1.285
660,60,0,0.15,0.6,60,0,0,0,1,0,-1,257,70.0,1.372,160,62.5,1.073,151,64.2,1.034
660,60,0,0.15,0.6,60,0,0,0,1,1,0,321,65.7,1.23,195,67.7,1.341,192,68.8,1.33
660,60,0,0.15,0.6,60,0,0,0,1,2,0,205,64.4,1.107,145,62.1,1.098,127,60.6,0.986
660,60,0,0.15,0.6,60,0,0,0,-1,0,0,483,61.1,0.969,366,57.7,0.898,358,60.3,1.011
660,60,0,0.15,0.6,60,0,0,0,-1,0,1,246,60.6,0.988,183,57.4,0.934,176,60.2,1.08
660,60,0,0.15,0.6,60,0,0,0,-1,0,-1,235,61.3,0.937,181,58.6,0.89,178,60.7,0.966
660,60,0,0.15,0.6,60,0,0,0,-1,1,0,283,60.4,0.967,213,61.0,1.036,230,63.9,1.177
660,60,0,0.15,0.6,60,0,0,0,-1,2,0,200,62.0,0.971,153,52.9,0.735,128,53.9,0.775
660,60,0,0.15,0.6,60,0,0,1,0,0,0,517,62.3,1.061,345,62.9,1.074,327,64.8,1.146
660,60,0,0.15,0.6,60,0,0,1,0,0,1,263,57.8,0.906,183,65.6,1.246,166,66.3,1.307
660,60,0,0.15,0.6,60,0,0,1,0,0,-1,253,67.2,1.242,162,59.9,0.923,158,63.3,0.986
660,60,0,0.15,0.6,60,0,0,1,0,1,0,315,62.9,1.079,195,66.7,1.263,201,68.7,1.362
660,60,0,0.15,0.6,60,0,0,1,0,2,0,202,61.4,1.033,150,58.0,0.887,126,58.7,0.894
660,60,0,0.15,0.6,60,0,0,1,1,0,0,470,64.3,1.144,306,65.0,1.198,297,66.0,1.189
660,60,0,0.15,0.6,60,0,0,1,1,0,1,239,59.0,0.951,165,68.5,1.402,154,68.2,1.36
660,60,0,0.15,0.6,60,0,0,1,1,0,-1,230,70.0,1.372,141,61.0,1.012,140,63.6,1.008
660,60,0,0.15,0.6,60,0,0,1,1,1,0,287,64.8,1.174,177,67.8,1.339,182,68.7,1.328
660,60,0,0.15,0.6,60,0,0,-1,0,0,0,490,64.1,1.072,360,60.0,1.023,347,60.8,1.032
660,60,0,0.15,0.6,60,0,0,-1,0,0,1,250,63.6,1.094,180,59.4,1.037,175,60.6,1.074
660,60,0,0.15,0.6,60,0,0,-1,0,0,-1,239,64.4,1.042,179,60.9,1.026,171,61.4,1.008
660,60,0,0.15,0.6,60,0,0,-1,0,1,0,289,63.7,1.117,213,62.0,1.093,222,64.0,1.156
660,60,0,0.15,0.6,60,0,0,-1,0,2,0,201,64.7,1.018,147,57.1,0.927,125,55.2,0.846
660,60,0,0.15,0.6,60,0,0,-1,-1,0,0,435,63.0,1.03,326,59.2,0.981,325,60.9,1.037
660,60,0,0.15,0.6,60,0,0,-1,-1,0,1,222,62.2,1.045,165,59.4,1.014,164,61.6,1.111
660,60,0,0.15,0.6,60,0,0,-1,-1,0,-1,212,63.7,1.007,160,59.4,0.965,160,60.6,0.983
660,60,0,0.15,0.6,60,0,0,-1,-1,1,0,255,62.4,1.048,195,61.5,1.071,211,63.5,1.141
660,60,0,0.15,0.6,60,0,1,0,0,0,0,890,63.5,1.096,633,60.3,1.007,597,62.1,1.073
660,60,0,0.15,0.6,60,0,1,0,0,0,1,452,60.6,0.999,319,61.8,1.125,299,62.5,1.17
660,60,0,0.15,0.6,60,0,1,0,0,0,-1,434,66.4,1.191,313,59.1,0.91,291,61.5,0.968
660,60,0,0.15,0.6,60,0,1,0,0,1,0,530,64.2,1.156,364,62.6,1.105,372,65.9,1.258
660,60,0,0.15,0.6,60,0,1,0,0,1,1,253,60.5,1.038,172,64.0,1.192,176,67.6,1.444
660,60,0,0.15,0.6,60,0,1,0,0,1,-1,277,67.5,1.267,192,61.5,1.031,196,64.3,1.106
660,60,0,0.15,0.6,60,0,1,0,0,2,0,360,62.5,1.02,269,57.2,0.892,225,56.0,0.84
660,60,0,0.15,0.6,60,0,1,0,1,0,0,472,65.3,1.201,299,63.9,1.167,280,64.3,1.12
660,60,0,0.15,0.6,60,0,1,0,1,0,1,239,61.1,1.045,156,66.0,1.345,142,65.5,1.265
660,60,0,0.15,0.6,60,0,1,0,1,0,-1,231,69.7,1.367,143,61.5,1.009,134,62.7,0.95
660,60,0,0.15,0.6,60,0,1,0,1,1,0,290,66.6,1.299,170,65.9,1.258,168,69.0,1.353
660,60,0,0.15,0.6,60,0,1,0,-1,0,0,418,61.5,0.995,334,57.2,0.883,317,60.3,1.032
660,60,0,0.15,0.6,60,0,1,0,-1,0,1,213,60.1,0.954,163,57.7,0.956,157,59.9,1.087
660,60,0,0.15,0.6,60,0,1,0,-1,0,-1,203,62.6,1.022,170,57.1,0.832,157,60.5,0.983
660,60,0,0.15,0.6,60,0,1,0,-1,1,0,240,61.3,1.006,194,59.8,0.992,204,63.2,1.184
660,60,0,0.15,0.6,60,0,1,1,0,0,0,461,62.3,1.069,306,61.4,1.015,290,63.8,1.104
660,60,0,0.15,0.6,60,0,1,1,0,0,1,232,58.6,0.946,160,63.7,1.197,144,65.3,1.297
660,60,0,0.15,0.6,60,0,1,1,0,0,-1,228,66.2,1.205,146,58.9,0.863,143,62.2,0.927
660,60,0,0.15,0.6,60,0,1,1,0,1,0,281,63.7,1.135,172,65.1,1.195,178,69.1,1.405
660,60,0,0.15,0.6,60,0,1,1,1,0,0,422,64.0,1.147,267,63.7,1.14,261,65.1,1.151
660,60,0,0.15,0.6,60,0,1,1,1,0,1,214,59.3,0.981,142,66.9,1.367,133,67.7,1.366
660,60,0,0.15,0.6,60,0,1,1,1,0,-1,207,69.1,1.339,125,60.0,0.946,125,62.4,0.941
660,60,0,0.15,0.6,60,0,1,1,1,1,0,260,65.4,1.225,154,66.2,1.272,160,69.4,1.377
660,60,0,0.15,0.6,60,0,1,-1,0,0,0,427,64.6,1.116,327,59.3,0.999,304,60.2,1.03
660,60,0,0.15,0.6,60,0,1,-1,0,0,1,220,62.7,1.054,159,59.7,1.062,155,60.0,1.067
660,60,0,0.15,0.6,60,0,1,-1,0,0,-1,206,66.5,1.175,167,59.3,0.956,148,60.8,1.012
660,60,0,0.15,0.6,60,0,1,-1,0,1,0,249,64.7,1.18,192,60.4,1.035,194,62.9,1.142
660,60,0,0.15,0.6,60,0,1,-1,-1,0,0,378,63.2,1.059,295,58.6,0.962,286,60.8,1.057
660,60,0,0.15,0.6,60,0,1,-1,-1,1,0,219,63.0,1.087,176,60.2,1.026,186,62.9,1.149
660,60,0,0.15,0.6,60,1,0,0,0,0,0,497,64.8,1.142,378,60.6,1.033,331,59.5,0.926
660,60,0,0.15,0.6,60,1,0,0,0,0,1,313,60.7,0.963,244,59.4,1.005,206,58.3,0.93
660,60,0,0.15,0.6,60,1,0,0,0,1,0,281,66.9,1.27,213,62.0,1.074,196,62.2,1.024
660,60,0,0.15,0.6,60,1,0,0,0,2,0,216,62.0,0.999,165,58.8,0.98,135,55.6,0.799
660,60,0,0.15,0.6,60,1,0,0,0,2,1,209,61.7,0.99,158,58.9,1.001,130,56.2,0.847
660,60,0,0.15,0.6,60,1,0,0,1,0,0,264,65.2,1.152,194,64.9,1.224,161,64.6,1.086
660,60,0,0.15,0.6,60,1,0,0,-1,0,0,233,64.4,1.131,184,56.0,0.871,170,54.7,0.801
660,60,0,0.15,0.6,60,1,0,1,0,0,0,261,63.2,1.088,196,63.8,1.161,162,64.2,1.087
660,60,0,0.15,0.6,60,1,0,1,1,0,0,237,65.4,1.188,179,64.8,1.208,151,65.6,1.116
660,60,0,0.15,0.6,60,1,0,-1,0,0,0,236,66.5,1.198,182,57.1,0.918,169,55.0,0.803
660,60,0,0.15,0.6,60,1,0,-1,-1,0,0,209,67.0,1.242,167,56.3,0.883,159,55.3,0.807
660,60,0,0.15,0.6,60,1,1,0,0,0,0,444,64.0,1.114,336,59.5,1.02,290,58.3,0.921
660,60,0,0.15,0.6,60,1,1,0,0,0,1,277,59.9,0.943,218,59.2,1.03,183,56.8,0.914
660,60,0,0.15,0.6,60,1,1,0,0,1,0,252,65.5,1.209,188,60.1,1.032,170,61.8,1.062
660,60,0,0.15,0.6,60,1,1,0,1,0,0,232,65.5,1.211,168,63.7,1.228,138,63.0,1.061
660,60,0,0.15,0.6,60,1,1,0,-1,0,0,212,62.3,1.027,168,55.4,0.857,152,53.9,0.815
660,60,0,0.15,0.6,60,1,1,1,0,0,0,228,63.2,1.109,172,62.8,1.177,140,62.9,1.079
660,60,0,0.15,0.6,60,1,1,1,1,0,0,207,65.7,1.246,155,63.9,1.235,130,64.6,1.122
660,60,0,0.15,0.6,60,1,1,-1,0,0,0,216,64.8,1.119,164,56.1,0.89,150,54.0,0.804
660,60,0,0.15,0.6,60,-1,0,0,0,0,0,472,60.4,0.958,308,61.7,1.038,267,64.4,1.183
660,60,0,0.15,0.6,60,-1,0,0,0,0,-1,292,61.3,0.932,198,58.6,0.898,169,60.9,0.981
660,60,0,0.15,0.6,60,-1,0,0,0,1,0,287,57.8,0.898,179,65.4,1.215,160,67.5,1.372
660,60,0,0.15,0.6,60,-1,0,0,1,0,0,241,63.9,1.145,140,65.0,1.194,119,64.7,1.154
660,60,0,0.15,0.6,60,-1,0,0,-1,0,0,231,56.7,0.797,168,58.9,0.918,147,63.9,1.202
660,60,0,0.15,0.6,60,-1,0,1,0,0,0,234,59.8,0.99,142,61.3,0.962,126,63.5,1.086
660,60,0,0.15,0.6,60,-1,0,1,1,0,0,215,61.4,1.042,122,64.8,1.157,111,64.9,1.164
660,60,0,0.15,0.6,60,-1,0,-1,0,0,0,238,60.9,0.928,166,62.0,1.115,141,65.2,1.291
660,60,0,0.15,0.6,60,-1,0,-1,-1,0,0,212,58.0,0.824,148,61.5,1.074,132,65.2,1.299
660,60,0,0.15,0.6,60,-1,1,0,0,0,0,411,61.3,1.011,279,60.6,0.967,235,63.4,1.102
660,60,0,0.15,0.6,60,-1,1,0,0,0,-1,251,62.5,1.011,186,58.1,0.848,153,59.5,0.897
660,60,0,0.15,0.6,60,-1,1,0,0,1,0,247,60.3,1.008,161,64.0,1.122,141,66.7,1.291
660,60,0,0.15,0.6,60,-1,1,0,1,0,0,221,63.8,1.136,126,63.5,1.072,106,63.2,1.031
660,60,0,0.15,0.6,60,-1,1,1,0,0,0,214,59.3,0.966,128,59.4,0.851,114,62.3,0.987
660,60,1,0.15,0.3,60,0,0,0,0,0,0,1009,72.7,0.874,706,72.4,0.894,678,72.1,0.88
660,60,1,0.15,0.3,60,0,0,0,0,0,1,492,70.9,0.769,341,76.2,1.062,329,76.0,1.029
660,60,1,0.15,0.3,60,0,0,0,0,0,-1,513,74.9,1.028,363,68.6,0.763,341,68.3,0.748
660,60,1,0.15,0.3,60,0,0,0,0,1,0,604,71.4,0.817,408,72.5,0.895,423,70.7,0.813
660,60,1,0.15,0.3,60,0,0,0,0,1,1,313,69.0,0.705,210,77.1,1.147,220,74.5,1.013
660,60,1,0.15,0.3,60,0,0,0,0,1,-1,291,73.9,0.982,198,67.7,0.706,203,66.5,0.658
660,60,1,0.15,0.3,60,0,0,0,0,2,0,405,74.8,0.968,298,72.1,0.894,255,74.5,1.013
660,60,1,0.15,0.3,60,0,0,0,0,2,-1,222,76.1,1.091,165,69.7,0.843,138,71.0,0.922
660,60,1,0.15,0.3,60,0,0,0,1,0,0,483,75.4,0.99,366,73.5,0.94,358,72.3,0.909
660,60,1,0.15,0.3,60,0,0,0,1,0,1,235,76.6,0.995,181,75.7,1.022,178,74.7,0.972
660,60,1,0.15,0.3,60,0,0,0,1,0,-1,246,74.8,1.02,183,71.0,0.858,176,69.9,0.83
660,60,1,0.15,0.3,60,0,0,0,1,1,0,283,74.2,0.923,213,73.7,0.956,230,70.4,0.859
660,60,1,0.15,0.3,60,0,0,0,1,2,0,200,77.0,1.087,153,73.2,0.918,128,75.8,1.012
660,60,1,0.15,0.3,60,0,0,0,-1,0,0,526,70.3,0.78,340,71.2,0.851,319,71.8,0.849
660,60,1,0.15,0.3,60,0,0,0,-1,0,1,257,65.8,0.618,160,76.9,1.106,151,77.5,1.103
660,60,1,0.15,0.3,60,0,0,0,-1,0,-1,267,74.9,1.036,180,66.1,0.684,164,66.5,0.676
660,60,1,0.15,0.3,60,0,0,0,-1,1,0,321,68.8,0.738,195,71.3,0.837,192,70.8,0.761
660,60,1,0.15,0.3,60,0,0,0,-1,2,0,205,72.7,0.856,145,71.0,0.871,127,73.2,1.014
660,60,1,0.15,0.3,60,0,0,1,0,0,0,490,74.9,0.948,360,73.6,0.923,347,74.4,0.954
660,60,1,0.15,0.3,60,0,0,1,0,0,1,239,75.3,0.921,179,76.0,1.017,171,76.6,1.024
660,60,1,0.15,0.3,60,0,0,1,0,0,-1,250,74.8,0.994,180,71.1,0.84,175,72.0,0.886
660,60,1,0.15,0.3,60,0,0,1,0,1,0,289,73.7,0.88,213,73.2,0.927,222,73.0,0.932
660,60,1,0.15,0.3,60,0,0,1,0,2,0,201,76.6,1.048,147,74.1,0.918,125,76.8,0.994
660,60,1,0.15,0.3,60,0,0,1,1,0,0,435,74.9,0.952,326,74.2,0.953,325,73.5,0.918
660,60,1,0.15,0.3,60,0,0,1,1,0,1,212,75.9,0.944,160,76.2,1.037,160,76.2,1.01
660,60,1,0.15,0.3,60,0,0,1,1,0,-1,222,74.3,0.98,165,72.1,0.875,164,70.7,0.833
660,60,1,0.15,0.3,60,0,0,1,1,1,0,255,74.1,0.908,195,74.9,0.997,211,73.0,0.932
660,60,1,0.15,0.3,60,0,0,-1,0,0,0,517,71.0,0.821,345,71.0,0.864,327,69.7,0.805
660,60,1,0.15,0.3,60,0,0,-1,0,0,1,253,66.8,0.654,162,76.5,1.109,158,75.3,1.035
660,60,1,0.15,0.3,60,0,0,-1,0,0,-1,263,74.9,1.066,183,66.1,0.698,166,64.5,0.637
660,60,1,0.15,0.3,60,0,0,-1,0,1,0,315,69.2,0.766,195,71.8,0.862,201,68.2,0.709
660,60,1,0.15,0.3,60,0,0,-1,0,2,0,202,73.8,0.924,150,70.0,0.866,126,72.2,1.003
660,60,1,0.15,0.3,60,0,0,-1,-1,0,0,470,70.0,0.772,306,71.6,0.87,297,70.7,0.811
660,60,1,0.15,0.3,60,0,0,-1,-1,0,1,230,65.2,0.602,141,77.3,1.14,140,77.1,1.091
660,60,1,0.15,0.3,60,0,0,-1,-1,0,-1,239,74.5,1.026,165,66.7,0.697,154,64.9,0.631
660,60,1,0.15,0.3,60,0,0,-1,-1,1,0,287,68.6,0.742,177,72.9,0.891,182,70.9,0.755
660,60,1,0.15,0.3,60,0,-1,0,0,0,0,890,72.1,0.843,633,72.8,0.918,597,71.7,0.863
660,60,1,0.15,0.3,60,0,-1,0,0,0,1,434,71.2,0.764,313,77.0,1.133,291,75.6,1.016
660,60,1,0.15,0.3,60,0,-1,0,0,0,-1,452,73.5,0.958,319,68.7,0.757,299,67.9,0.73
660,60,1,0.15,0.3,60,0,-1,0,0,1,0,530,70.6,0.791,364,74.2,0.964,372,70.4,0.791
660,60,1,0.15,0.3,60,0,-1,0,0,1,1,277,69.7,0.72,192,78.1,1.242,196,73.5,0.951
660,60,1,0.15,0.3,60,0,-1,0,0,1,-1,253,71.5,0.887,172,69.8,0.751,176,67.0,0.66
660,60,1,0.15,0.3,60,0,-1,0,0,2,0,360,74.4,0.925,269,71.0,0.861,225,73.8,1.006
660,60,1,0.15,0.3,60,0,-1,0,1,0,0,418,74.6,0.949,334,73.1,0.913,317,71.0,0.846
660,60,1,0.15,0.3,60,0,-1,0,1,0,1,203,75.9,0.948,170,75.9,1.041,157,73.2,0.903
660,60,1,0.15,0.3,60,0,-1,0,1,0,-1,213,74.2,0.988,163,69.9,0.799,157,68.8,0.778
660,60,1,0.15,0.3,60,0,-1,0,1,1,0,240,73.8,0.912,194,74.2,0.965,204,69.6,0.813
660,60,1,0.15,0.3,60,0,-1,0,-1,0,0,472,69.9,0.757,299,72.6,0.923,280,72.5,0.883
660,60,1,0.15,0.3,60,0,-1,0,-1,0,1,231,67.1,0.64,143,78.3,1.248,134,78.4,1.176
660,60,1,0.15,0.3,60,0,-1,0,-1,0,-1,239,72.8,0.93,156,67.3,0.717,142,66.9,0.687
660,60,1,0.15,0.3,60,0,-1,0,-1,1,0,290,67.9,0.707,170,74.1,0.963,168,71.4,0.767
660,60,1,0.15,0.3,60,0,-1,1,0,0,0,427,73.8,0.9,327,73.4,0.91,304,73.0,0.89
660,60,1,0.15,0.3,60,0,-1,1,0,0,1,206,74.3,0.871,167,76.0,1.03,148,75.0,0.935
660,60,1,0.15,0.3,60,0,-1,1,0,0,-1,220,73.6,0.947,159,70.4,0.802,155,71.0,0.844
660,60,1,0.15,0.3,60,0,-1,1,0,1,0,249,72.7,0.844,192,74.0,0.953,194,72.2,0.89
660,60,1,0.15,0.3,60,0,-1,1,1,0,0,378,73.8,0.901,295,73.9,0.927,286,72.0,0.845
660,60,1,0.15,0.3,60,0,-1,1,1,1,0,219,73.5,0.888,176,75.6,1.012,186,72.0,0.873
660,60,1,0.15,0.3,60,0,-1,-1,0,0,0,461,70.9,0.805,306,72.2,0.927,290,70.3,0.831
660,60,1,0.15,0.3,60,0,-1,-1,0,0,1,228,68.4,0.683,146,78.1,1.256,143,76.2,1.104
660,60,1,0.15,0.3,60,0,-1,-1,0,0,-1,232,73.3,0.97,160,66.9,0.716,144,64.6,0.635
660,60,1,0.15,0.3,60,0,-1,-1,0,1,0,281,68.7,0.748,172,74.4,0.976,178,68.5,0.704
660,60,1,0.15,0.3,60,0,-1,-1,-1,0,0,422,69.7,0.75,267,73.0,0.943,261,71.3,0.833
660,60,1,0.15,0.3,60,0,-1,-1,-1,0,1,207,66.7,0.622,125,79.2,1.325,125,78.4,1.188
660,60,1,0.15,0.3,60,0,-1,-1,-1,0,-1,214,72.4,0.925,142,67.6,0.717,133,64.7,0.619
660,60,1,0.15,0.3,60,0,-1,-1,-1,1,0,260,68.1,0.72,154,76.0,1.03,160,71.2,0.746
660,60,1,0.15,0.3,60,1,0,0,0,0,0,472,73.7,0.885,308,74.7,0.955,267,74.2,0.949
660,60,1,0.15,0.3,60,1,0,0,0,0,1,292,73.6,0.85,198,76.8,1.02,169,78.1,1.098
660,60,1,0.15,0.3,60,1,0,0,0,1,0,287,73.2,0.874,179,74.9,0.994,160,71.9,0.906
660,60,1,0.15,0.3,60,1,0,0,1,0,0,231,78.4,1.078,168,74.4,1.014,147,74.1,1.054
660,60,1,0.15,0.3,60,1,0,0,-1,0,0,241,69.3,0.748,140,75.0,0.894,119,73.9,0.842
660,60,1,0.15,0.3,60,1,0,1,0,0,0,238,76.5,0.98,166,74.1,0.935,141,75.2,1.075
660,60,1,0.15,0.3,60,1,0,1,1,0,0,212,77.4,1.036,148,74.3,0.962,132,74.2,1.037
660,60,1,0.15,0.3,60,1,0,-1,0,0,0,234,70.9,0.803,142,75.4,0.978,126,73.0,0.841
660,60,1,0.15,0.3,60,1,0,-1,-1,0,0,215,69.3,0.76,122,75.4,0.917,111,73.0,0.808
660,60,1,0.15,0.3,60,1,-1,0,0,0,0,411,72.5,0.827,279,75.6,1.028,235,74.5,0.986
660,60,1,0.15,0.3,60,1,-1,0,0,0,1,251,72.9,0.803,186,77.4,1.101,153,78.4,1.158
660,60,1,0.15,0.3,60,1,-1,0,0,1,0,247,71.3,0.795,161,76.4,1.107,141,71.6,0.905
660,60,1,0.15,0.3,60,1,-1,0,-1,0,0,221,70.1,0.775,126,77.8,1.103,106,76.4,0.987
660,60,1,0.15,0.3,60,1,-1,-1,0,0,0,214,71.5,0.821,128,78.1,1.227,114,75.4,0.988
660,60,1,0.15,0.3,60,-1,0,0,0,0,0,497,72.0,0.88,378,69.8,0.824,331,70.1,0.821
660,60,1,0.15,0.3,60,-1,0,0,0,0,-1,313,75.1,1.066,244,67.2,0.71,206,68.0,0.735
660,60,1,0.15,0.3,60,-1,0,0,0,1,0,281,69.0,0.756,213,70.0,0.803,196,68.9,0.75
660,60,1,0.15,0.3,60,-1,0,0,0,2,0,216,75.9,1.096,165,69.7,0.853,135,71.9,0.951
660,60,1,0.15,0.3,60,-1,0,0,0,2,-1,209,77.0,1.154,158,69.0,0.813,130,70.8,0.905
660,60,1,0.15,0.3,60,-1,0,0,1,0,0,233,73.0,0.952,184,71.7,0.842,170,70.6,0.812
660,60,1,0.15,0.3,60,-1,0,0,-1,0,0,264,71.2,0.814,194,68.0,0.808,161,69.6,0.829
660,60,1,0.15,0.3,60,-1,0,1,0,0,0,236,73.3,0.928,182,72.0,0.858,169,72.2,0.826
660,60,1,0.15,0.3,60,-1,0,1,1,0,0,209,72.7,0.9,167,73.1,0.89,159,71.7,0.813
660,60,1,0.15,0.3,60,-1,0,-1,0,0,0,261,70.9,0.835,196,67.9,0.795,162,67.9,0.815
660,60,1,0.15,0.3,60,-1,0,-1,-1,0,0,237,70.5,0.779,179,68.7,0.829,151,68.9,0.816
660,60,1,0.15,0.3,60,-1,-1,0,0,0,0,444,72.3,0.884,336,69.6,0.808,290,69.3,0.779
660,60,1,0.15,0.3,60,-1,-1,0,0,0,-1,277,74.4,1.024,218,66.5,0.675,183,67.2,0.702
660,60,1,0.15,0.3,60,-1,-1,0,0,1,0,252,69.8,0.79,188,71.3,0.83,170,68.8,0.719
660,60,1,0.15,0.3,60,-1,-1,0,1,0,0,212,75.0,1.053,168,71.4,0.83,152,69.7,0.774
660,60,1,0.15,0.3,60,-1,-1,0,-1,0,0,232,69.8,0.748,168,67.9,0.788,138,68.8,0.784
660,60,1,0.15,0.3,60,-1,-1,1,0,0,0,216,74.1,0.98,164,72.0,0.866,150,71.3,0.794
660,60,1,0.15,0.3,60,-1,-1,-1,0,0,0,228,70.6,0.798,172,67.4,0.761,140,67.1,0.764
660,60,1,0.15,0.3,60,-1,-1,-1,-1,0,0,207,69.1,0.713,155,68.4,0.794,130,67.7,0.748
660,60,1,0.25,1.0,60,0,0,0,0,0,0,1009,46.8,0.814,706,46.5,0.875,678,45.1,0.817
660,60,1,0.25,1.0,60,0,0,0,0,0,1,492,47.4,0.798,341,47.2,0.861,329,45.6,0.81
660,60,1,0.25,1.0,60,0,0,0,0,0,-1,513,46.4,0.839,363,45.5,0.874,341,44.6,0.804
660,60,1,0.25,1.0,60,0,0,0,0,1,0,604,45.7,0.758,408,45.1,0.851,423,43.3,0.758
660,60,1,0.25,1.0,60,0,0,0,0,1,1,313,45.4,0.7,210,45.2,0.858,220,44.1,0.821
660,60,1,0.25,1.0,60,0,0,0,0,1,-1,291,46.0,0.831,198,44.9,0.844,203,42.4,0.696
660,60,1,0.25,1.0,60,0,0,0,0,2,0,405,48.4,0.897,298,48.3,0.908,255,48.2,0.923
660,60,1,0.25,1.0,60,0,0,0,0,2,-1,222,46.8,0.849,165,46.1,0.912,138,47.8,0.998
660,60,1,0.25,1.0,60,0,0,0,1,0,0,483,48.4,0.841,366,49.7,0.959,358,47.2,0.849
660,60,1,0.25,1.0,60,0,0,0,1,0,1,235,51.5,0.943,181,47.0,0.783,178,45.5,0.76
660,60,1,0.25,1.0,60,0,0,0,1,0,-1,246,45.9,0.764,183,51.9,1.138,176,48.3,0.922
660,60,1,0.25,1.0,60,0,0,0,1,1,0,283,48.8,0.84,213,48.8,0.909,230,46.1,0.817
660,60,1,0.25,1.0,60,0,0,0,1,2,0,200,48.0,0.841,153,51.0,1.034,128,49.2,0.91
660,60,1,0.25,1.0,60,0,0,0,-1,0,0,526,45.2,0.786,340,42.9,0.798,319,42.6,0.779
660,60,1,0.25,1.0,60,0,0,0,-1,0,1,257,43.6,0.677,160,47.5,0.951,151,45.7,0.873
660,60,1,0.25,1.0,60,0,0,0,-1,0,-1,267,46.8,0.929,180,38.9,0.681,164,40.2,0.699
660,60,1,0.25,1.0,60,0,0,0,-1,1,0,321,43.0,0.688,195,41.0,0.795,192,39.6,0.69
660,60,1,0.25,1.0,60,0,0,0,-1,2,0,205,48.8,0.967,145,45.5,0.801,127,47.2,0.936
660,60,1,0.25,1.0,60,0,0,1,0,0,0,490,48.4,0.837,360,48.1,0.848,347,46.4,0.801
660,60,1,0.25,1.0,60,0,0,1,0,0,1,239,51.0,0.906,179,45.3,0.679,171,43.3,0.677
660,60,1,0.25,1.0,60,0,0,1,0,0,-1,250,46.0,0.781,180,50.6,1.043,175,49.1,0.935
660,60,1,0.25,1.0,60,0,0,1,0,1,0,289,48.4,0.784,213,48.4,0.881,222,45.5,0.803
660,60,1,0.25,1.0,60,0,0,1,0,2,0,201,48.3,0.903,147,47.6,0.803,125,48.0,0.797
660,60,1,0.25,1.0,60,0,0,1,1,0,0,435,48.5,0.843,326,48.8,0.896,325,46.5,0.821
660,60,1,0.25,1.0,60,0,0,1,1,0,1,212,50.9,0.948,160,45.6,0.68,160,44.4,0.706
660,60,1,0.25,1.0,60,0,0,1,1,0,-1,222,46.4,0.759,165,51.5,1.151,164,48.2,0.942
660,60,1,0.25,1.0,60,0,0,1,1,1,0,255,48.2,0.811,195,48.7,0.917,211,46.0,0.833
660,60,1,0.25,1.0,60,0,0,-1,0,0,0,517,45.5,0.796,345,44.6,0.894,327,43.7,0.826
660,60,1,0.25,1.0,60,0,0,-1,0,0,1,253,43.9,0.702,162,49.4,1.108,158,48.1,0.985
660,60,1,0.25,1.0,60,0,0,-1,0,0,-1,263,46.8,0.914,183,40.4,0.738,166,39.8,0.692
660,60,1,0.25,1.0,60,0,0,-1,0,1,0,315,43.2,0.734,195,41.5,0.819,201,40.8,0.713
660,60,1,0.25,1.0,60,0,0,-1,0,2,0,202,49.0,0.91,150,48.7,0.997,126,48.4,1.042
660,60,1,0.25,1.0,60,0,0,-1,-1,0,0,470,45.1,0.789,306,43.1,0.836,297,42.8,0.806
660,60,1,0.25,1.0,60,0,0,-1,-1,0,1,230,42.6,0.684,141,48.2,1.003,140,47.1,0.935
660,60,1,0.25,1.0,60,0,0,-1,-1,0,-1,239,47.3,0.923,165,38.8,0.717,154,39.0,0.699
660,60,1,0.25,1.0,60,0,0,-1,-1,1,0,287,42.2,0.699,177,40.7,0.821,182,40.1,0.721
660,60,1,0.25,1.0,60,0,-1,0,0,0,0,890,45.8,0.76,633,46.6,0.867,597,45.1,0.79
660,60,1,0.25,1.0,60,0,-1,0,0,0,1,434,46.8,0.769,313,47.9,0.856,291,46.0,0.78
660,60,1,0.25,1.0,60,0,-1,0,0,0,-1,452,45.1,0.759,319,45.1,0.871,299,44.1,0.787
660,60,1,0.25,1.0,60,0,-1,0,0,1,0,530,44.2,0.689,364,45.9,0.865,372,43.3,0.715
660,60,1,0.25,1.0,60,0,-1,0,0,1,1,277,44.0,0.655,192,45.8,0.821,196,43.9,0.738
660,60,1,0.25,1.0,60,0,-1,0,0,1,-1,253,44.3,0.732,172,45.9,0.916,176,42.6,0.692
660,60,1,0.25,1.0,60,0,-1,0,0,2,0,360,48.3,0.866,269,47.6,0.87,225,48.0,0.926
660,60,1,0.25,1.0,60,0,-1,0,1,0,0,418,46.2,0.742,334,49.4,0.95,317,46.4,0.786
660,60,1,0.25,1.0,60,0,-1,0,1,0,1,203,48.8,0.853,170,48.8,0.846,157,45.9,0.716
660,60,1,0.25,1.0,60,0,-1,0,1,0,-1,213,44.1,0.658,163,49.7,1.056,157,46.5,0.848
660,60,1,0.25,1.0,60,0,-1,0,1,1,0,240,45.8,0.715,194,49.0,0.916,204,46.1,0.77
660,60,1,0.25,1.0,60,0,-1,0,-1,0,0,472,45.6,0.778,299,43.5,0.786,280,43.6,0.795
660,60,1,0.25,1.0,60,0,-1,0,-1,0,1,231,45.0,0.697,143,46.9,0.867,134,46.3,0.861
660,60,1,0.25,1.0,60,0,-1,0,-1,0,-1,239,46.0,0.882,156,40.4,0.715,142,41.5,0.732
660,60,1,0.25,1.0,60,0,-1,0,-1,1,0,290,42.8,0.667,170,42.4,0.811,168,39.9,0.659
660,60,1,0.25,1.0,60,0,-1,1,0,0,0,427,46.1,0.752,327,47.7,0.843,304,45.4,0.743
660,60,1,0.25,1.0,60,0,-1,1,0,0,1,206,48.5,0.828,167,46.7,0.715,148,43.2,0.623
660,60,1,0.25,1.0,60,0,-1,1,0,0,-1,220,44.1,0.69,159,48.4,0.983,155,47.1,0.862
660,60,1,0.25,1.0,60,0,-1,1,0,1,0,249,45.8,0.688,192,48.4,0.89,194,44.8,0.74
660,60,1,0.25,1.0,60,0,-1,1,1,0,0,378,46.3,0.749,295,48.5,0.891,286,45.5,0.756
660,60,1,0.25,1.0,60,0,-1,1,1,1,0,219,45.7,0.697,176,48.9,0.926,186,45.7,0.776
660,60,1,0.25,1.0,60,0,-1,-1,0,0,0,461,45.8,0.776,306,45.4,0.894,290,44.8,0.843
660,60,1,0.25,1.0,60,0,-1,-1,0,0,1,228,45.2,0.715,146,49.3,1.044,143,49.0,0.977
660,60,1,0.25,1.0,60,0,-1,-1,0,0,-1,232,46.1,0.849,160,41.9,0.77,144,41.0,0.717
660,60,1,0.25,1.0,60,0,-1,-1,0,1,0,281,42.7,0.69,172,43.0,0.837,178,41.6,0.69
660,60,1,0.25,1.0,60,0,-1,-1,-1,0,0,422,45.7,0.781,267,43.8,0.827,261,43.7,0.815
660,60,1,0.25,1.0,60,0,-1,-1,-1,0,1,207,44.4,0.703,125,48.0,0.924,125,48.0,0.921
660,60,1,0.25,1.0,60,0,-1,-1,-1,0,-1,214,46.7,0.875,142,40.1,0.747,133,39.8,0.718
660,60,1,0.25,1.0,60,0,-1,-1,-1,1,0,260,42.3,0.673,154,42.2,0.841,160,40.6,0.69
660,60,1,0.25,1.0,60,1,0,0,0,0,0,472,49.6,0.876,308,50.0,0.894,267,46.4,0.733
660,60,1,0.25,1.0,60,1,0,0,0,0,1,292,51.7,0.928,198,51.5,0.882,169,47.9,0.724
660,60,1,0.25,1.0,60,1,0,0,0,1,0,287,47.7,0.792,179,49.7,0.951,160,45.6,0.745
660,60,1,0.25,1.0,60,1,0,0,1,0,0,231,54.1,1.031,168,54.2,1.085,147,47.6,0.785
660,60,1,0.25,1.0,60,1,0,0,-1,0,0,241,45.2,0.742,140,45.0,0.73,119,44.5,0.669
660,60,1,0.25,1.0,60,1,0,1,0,0,0,238,52.9,0.975,166,50.0,0.858,141,44.7,0.683
660,60,1,0.25,1.0,60,1,0,1,1,0,0,212,54.2,1.061,148,50.7,0.895,132,44.7,0.686
660,60,1,0.25,1.0,60,1,0,-1,0,0,0,234,46.2,0.779,142,50.0,0.935,126,48.4,0.784
660,60,1,0.25,1.0,60,1,0,-1,-1,0,0,215,45.6,0.785,122,45.1,0.743,111,45.0,0.684
660,60,1,0.25,1.0,60,1,-1,0,0,0,0,411,48.7,0.838,279,50.2,0.921,235,47.2,0.766
660,60,1,0.25,1.0,60,1,-1,0,0,0,1,251,51.4,0.907,186,51.6,0.886,153,49.7,0.795
660,60,1,0.25,1.0,60,1,-1,0,0,1,0,247,45.3,0.707,161,49.7,0.964,141,46.1,0.751
660,60,1,0.25,1.0,60,1,-1,0,-1,0,0,221,46.6,0.808,126,46.0,0.797,106,47.2,0.787
660,60,1,0.25,1.0,60,1,-1,-1,0,0,0,214,47.7,0.838,128,51.6,1.057,114,50.9,0.903
660,60,1,0.25,1.0,60,-1,0,0,0,0,0,497,45.3,0.787,378,43.7,0.848,331,44.4,0.869
660,60,1,0.25,1.0,60,-1,0,0,0,0,-1,313,47.3,0.885,244,45.1,0.869,206,45.1,0.844
660,60,1,0.25,1.0,60,-1,0,0,0,1,0,281,45.2,0.76,213,41.8,0.784,196,41.8,0.761
660,60,1,0.25,1.0,60,-1,0,0,0,2,0,216,45.4,0.822,165,46.1,0.938,135,48.1,1.059
660,60,1,0.25,1.0,60,-1,0,0,0,2,-1,209,45.9,0.819,158,46.2,0.934,130,47.7,1.013
660,60,1,0.25,1.0,60,-1,0,0,1,0,0,233,43.8,0.695,184,46.7,0.855,170,47.1,0.877
660,60,1,0.25,1.0,60,-1,0,0,-1,0,0,264,46.6,0.896,194,40.7,0.842,161,41.6,0.86
660,60,1,0.25,1.0,60,-1,0,1,0,0,0,236,44.5,0.73,182,46.7,0.832,169,47.9,0.9
660,60,1,0.25,1.0,60,-1,0,1,1,0,0,209,43.5,0.675,167,47.9,0.894,159,47.8,0.916
660,60,1,0.25,1.0,60,-1,0,-1,0,0,0,261,46.0,0.856,196,40.8,0.863,162,40.7,0.837
660,60,1,0.25,1.0,60,-1,0,-1,-1,0,0,237,46.0,0.849,179,41.3,0.901,151,41.1,0.874
660,60,1,0.25,1.0,60,-1,-1,0,0,0,0,444,44.6,0.728,336,43.8,0.813,290,44.1,0.817
660,60,1,0.25,1.0,60,-1,-1,0,0,0,-1,277,46.6,0.804,218,44.5,0.826,183,44.8,0.837
660,60,1,0.25,1.0,60,-1,-1,0,0,1,0,252,44.8,0.72,188,43.1,0.788,170,41.8,0.69
660,60,1,0.25,1.0,60,-1,-1,0,1,0,0,212,43.4,0.669,168,47.0,0.881,152,46.7,0.841
660,60,1,0.25,1.0,60,-1,-1,0,-1,0,0,232,45.7,0.796,168,40.5,0.749,138,41.3,0.792
660,60,1,0.25,1.0,60,-1,-1,1,0,0,0,216,43.5,0.689,164,47.0,0.861,150,47.3,0.86
660,60,1,0.25,1.0,60,-1,-1,-1,0,0,0,228,45.6,0.775,172,40.7,0.769,140,40.7,0.772
660,60,1,0.25,1.0,60,-1,-1,-1,-1,0,0,207,45.4,0.752,155,41.3,0.799,130,40.8,0.797
690,-2,0,0.25,0.6,60,0,0,0,0,0,0,1008,55.9,1.013,706,57.9,1.108,676,57.8,1.138
690,-2,0,0.25,0.6,60,0,0,0,0,0,1,499,58.1,1.078,373,56.6,1.049,352,57.7,1.106
690,-2,0,0.25,0.6,60,0,0,0,0,0,-1,505,53.9,0.957,331,59.8,1.191,316,59.2,1.221
690,-2,0,0.25,0.6,60,0,0,0,0,1,0,603,58.0,1.236,408,57.8,1.078,419,58.2,1.159
690,-2,0,0.25,0.6,60,0,0,0,0,1,1,297,57.9,1.291,212,57.1,1.006,214,58.4,1.154
690,-2,0,0.25,0.6,60,0,0,0,0,1,-1,306,58.2,1.188,196,58.7,1.157,205,58.0,1.163
690,-2,0,0.25,0.6,60,0,0,0,0,2,0,405,52.6,0.779,298,58.1,1.15,257,57.2,1.106
690,-2,0,0.25,0.6,60,0,0,0,0,2,1,202,58.4,0.855,161,55.9,1.11,138,56.5,1.034
690,-2,0,0.25,0.6,60,0,0,0,1,0,0,520,57.1,1.068,330,60.6,1.142,306,58.2,1.048
690,-2,0,0.25,0.6,60,0,0,0,1,0,1,257,60.7,1.223,179,64.8,1.363,163,63.8,1.359
690,-2,0,0.25,0.6,60,0,0,0,1,0,-1,261,53.6,0.94,149,56.4,0.993,137,53.3,0.864
690,-2,0,0.25,0.6,60,0,0,0,1,1,0,321,61.7,1.377,191,59.7,1.078,185,57.8,1.09
690,-2,0,0.25,0.6,60,0,0,0,-1,0,0,488,54.5,0.965,376,55.6,1.078,369,57.7,1.232
690,-2,0,0.25,0.6,60,0,0,0,-1,0,1,242,55.4,0.964,194,49.0,0.837,188,52.7,0.942
690,-2,0,0.25,0.6,60,0,0,0,-1,0,-1,244,54.1,0.973,182,62.6,1.412,179,63.7,1.664
690,-2,0,0.25,0.6,60,0,0,0,-1,1,0,282,53.9,1.109,217,56.2,1.078,233,58.8,1.232
690,-2,0,0.25,0.6,60,0,0,0,-1,2,0,206,55.3,0.822,159,54.7,1.079,136,55.9,1.232
690,-2,0,0.25,0.6,60,0,0,1,0,0,0,519,56.1,1.02,334,58.1,0.989,317,57.1,0.976
690,-2,0,0.25,0.6,60,0,0,1,0,0,1,257,61.1,1.244,182,62.1,1.179,167,64.1,1.335
690,-2,0,0.25,0.6,60,0,0,1,0,0,-1,261,51.3,0.855,151,53.6,0.853,147,50.3,0.776
690,-2,0,0.25,0.6,60,0,0,1,0,1,0,315,59.0,1.216,193,58.5,1.002,197,57.4,1.035
690,-2,0,0.25,0.6,60,0,0,1,0,2,0,204,51.5,0.795,141,57.4,0.972,120,56.7,0.888
690,-2,0,0.25,0.6,60,0,0,1,1,0,0,468,56.8,1.065,295,59.3,1.023,285,57.5,0.985
690,-2,0,0.25,0.6,60,0,0,1,1,0,1,234,61.1,1.25,163,62.6,1.148,154,63.6,1.277
690,-2,0,0.25,0.6,60,0,0,1,1,0,-1,233,52.8,0.925,131,55.7,0.935,128,51.6,0.813
690,-2,0,0.25,0.6,60,0,0,1,1,1,0,287,61.3,1.383,174,58.6,1.008,177,57.1,1.034
690,-2,0,0.25,0.6,60,0,0,-1,0,0,0,487,55.6,1.004,371,58.0,1.233,355,58.9,1.324
690,-2,0,0.25,0.6,60,0,0,-1,0,0,1,242,55.0,0.948,191,51.3,0.949,185,51.9,0.94
690,-2,0,0.25,0.6,60,0,0,-1,0,0,-1,244,56.6,1.063,180,65.0,1.65,169,66.9,2.01
690,-2,0,0.25,0.6,60,0,0,-1,0,1,0,288,56.9,1.256,215,57.2,1.148,222,59.0,1.292
690,-2,0,0.25,0.6,60,0,0,-1,-1,0,0,436,55.3,0.999,337,56.4,1.121,336,58.3,1.275
690,-2,0,0.25,0.6,60,0,0,-1,-1,0,1,219,54.8,0.94,175,48.0,0.796,175,51.4,0.89
690,-2,0,0.25,0.6,60,0,0,-1,-1,0,-1,216,56.0,1.063,162,65.4,1.651,160,66.2,1.969
690,-2,0,0.25,0.6,60,0,0,-1,-1,1,0,254,55.9,1.243,198,56.1,1.09,213,58.7,1.254
690,-2,0,0.25,0.6,60,0,1,0,0,0,0,841,55.8,1.015,569,57.1,1.105,556,57.0,1.108
690,-2,0,0.25,0.6,60,0,1,0,0,0,1,420,57.1,1.027,299,55.5,1.062,286,56.6,1.085
690,-2,0,0.25,0.6,60,0,1,0,0,0,-1,417,54.7,1.006,268,59.3,1.174,264,58.7,1.18
690,-2,0,0.25,0.6,60,0,1,0,0,1,0,496,58.3,1.248,333,56.8,1.044,351,58.1,1.156
690,-2,0,0.25,0.6,60,0,1,0,0,1,1,242,56.6,1.208,172,55.8,0.965,177,58.2,1.137
690,-2,0,0.25,0.6,60,0,1,0,0,1,-1,254,59.8,1.284,161,57.8,1.132,174,58.0,1.175
690,-2,0,0.25,0.6,60,0,1,0,0,2,0,345,52.2,0.781,236,57.6,1.201,205,55.1,1.03
690,-2,0,0.25,0.6,60,0,1,0,1,0,0,447,57.7,1.122,270,60.0,1.114,256,58.2,1.017
690,-2,0,0.25,0.6,60,0,1,0,1,0,1,223,59.6,1.178,146,64.4,1.319,135,64.4,1.322
690,-2,0,0.25,0.6,60,0,1,0,1,0,-1,222,55.9,1.067,122,55.7,0.974,116,53.4,0.854
690,-2,0,0.25,0.6,60,0,1,0,1,1,0,272,62.5,1.516,160,60.0,1.103,157,59.2,1.105
690,-2,0,0.25,0.6,60,0,1,0,-1,0,0,394,53.6,0.922,299,54.5,1.097,300,56.0,1.198
690,-2,0,0.25,0.6,60,0,1,0,-1,1,0,224,53.1,1.022,173,53.8,0.994,194,57.2,1.201
690,-2,0,0.25,0.6,60,0,1,1,0,0,0,445,56.2,1.038,273,57.1,0.96,267,56.9,0.952
690,-2,0,0.25,0.6,60,0,1,1,0,0,1,221,59.7,1.171,148,61.5,1.152,139,64.7,1.319
690,-2,0,0.25,0.6,60,0,1,1,0,0,-1,223,52.9,0.937,124,52.4,0.824,125,49.6,0.752
690,-2,0,0.25,0.6,60,0,1,1,0,1,0,266,59.0,1.268,162,58.6,1.024,168,58.3,1.059
690,-2,0,0.25,0.6,60,0,1,1,1,0,0,404,57.9,1.138,242,58.7,1.0,240,57.5,0.946
690,-2,0,0.25,0.6,60,0,1,1,1,0,1,202,60.4,1.225,133,62.4,1.097,128,64.8,1.254
690,-2,0,0.25,0.6,60,0,1,1,1,0,-1,201,55.7,1.071,108,54.6,0.939,109,50.5,0.772
690,-2,0,0.25,0.6,60,0,1,1,1,1,0,244,62.3,1.541,146,58.9,1.026,151,58.3,1.04
690,-2,0,0.25,0.6,60,0,1,-1,0,0,0,394,55.3,0.99,295,57.3,1.27,286,57.7,1.304
690,-2,0,0.25,0.6,60,0,1,-1,0,1,0,230,57.4,1.229,171,55.0,1.062,183,57.9,1.26
690,-2,0,0.25,0.6,60,0,1,-1,-1,0,0,352,55.4,0.994,268,55.6,1.156,272,56.6,1.224
690,-2,0,0.25,0.6,60,0,1,-1,-1,1,0,202,56.4,1.21,157,53.5,0.994,177,57.1,1.198
690,-2,0,0.25,0.6,60,1,0,0,0,0,0,496,58.1,0.99,345,55.7,1.044,301,57.8,1.085
690,-2,0,0.25,0.6,60,1,0,0,0,0,1,307,58.3,0.929,233,54.9,1.029,200,57.5,1.092
690,-2,0,0.25,0.6,60,1,0,0,0,1,0,298,58.1,1.134,192,54.7,0.959,170,57.6,1.113
690,-2,0,0.25,0.6,60,1,0,0,1,0,0,262,58.4,0.983,172,59.3,1.17,141,58.2,1.018
690,-2,0,0.25,0.6,60,1,0,0,-1,0,0,234,57.7,0.997,173,52.0,0.936,160,57.5,1.149
690,-2,0,0.25,0.6,60,1,0,1,0,0,0,263,57.8,0.966,174,57.5,1.026,143,59.4,1.03
690,-2,0,0.25,0.6,60,1,0,1,1,0,0,238,58.0,0.975,156,57.7,1.022,132,57.6,0.945
690,-2,0,0.25,0.6,60,1,0,-1,0,0,0,233,58.4,1.014,171,53.8,1.062,158,56.3,1.138
690,-2,0,0.25,0.6,60,1,0,-1,-1,0,0,209,57.9,1.01,155,51.6,0.926,149,55.7,1.07
690,-2,0,0.25,0.6,60,1,1,0,0,0,0,429,58.5,1.033,289,55.7,1.106,251,57.8,1.126
690,-2,0,0.25,0.6,60,1,1,0,0,0,1,266,57.9,0.922,191,54.5,1.09,160,56.2,1.082
690,-2,0,0.25,0.6,60,1,1,0,0,1,0,257,58.8,1.205,166,55.4,0.999,147,59.2,1.209
690,-2,0,0.25,0.6,60,1,1,0,1,0,0,231,59.3,1.05,143,60.1,1.199,116,59.5,1.017
690,-2,0,0.25,0.6,60,1,1,1,0,0,0,232,58.2,0.993,143,58.0,1.062,118,61.0,1.058
690,-2,0,0.25,0.6,60,1,1,1,1,0,0,211,59.2,1.051,129,58.9,1.048,109,59.6,0.958
690,-2,0,0.25,0.6,60,-1,0,0,0,0,0,472,53.2,1.017,341,59.8,1.156,295,59.0,1.218
690,-2,0,0.25,0.6,60,-1,0,0,0,0,-1,298,51.3,0.886,209,60.8,1.243,175,60.6,1.375
690,-2,0,0.25,0.6,60,-1,0,0,0,1,0,269,57.2,1.334,200,59.5,1.13,182,58.8,1.153
690,-2,0,0.25,0.6,60,-1,0,0,0,2,0,203,47.8,0.736,141,60.3,1.19,113,59.3,1.318
690,-2,0,0.25,0.6,60,-1,0,0,1,0,0,239,54.0,1.102,151,62.3,1.136,129,62.0,1.139
690,-2,0,0.25,0.6,60,-1,0,0,-1,0,0,233,52.4,0.949,190,57.9,1.173,165,57.0,1.316
690,-2,0,0.25,0.6,60,-1,0,1,0,0,0,236,53.4,1.053,153,58.8,0.984,138,58.7,1.032
690,-2,0,0.25,0.6,60,-1,0,1,1,0,0,214,54.2,1.12,134,61.2,1.048,122,61.5,1.102
690,-2,0,0.25,0.6,60,-1,0,-1,0,0,0,236,53.0,0.988,188,60.6,1.338,157,59.2,1.45
690,-2,0,0.25,0.6,60,-1,0,-1,-1,0,0,211,53.1,0.989,171,59.6,1.266,149,59.1,1.446
690,-2,0,0.25,0.6,60,-1,1,0,0,0,0,378,52.4,0.977,265,58.5,1.097,238,57.6,1.115
690,-2,0,0.25,0.6,60,-1,1,0,0,0,-1,239,51.5,0.89,164,59.8,1.186,141,58.9,1.219
690,-2,0,0.25,0.6,60,-1,1,0,0,1,0,209,56.9,1.279,155,57.4,1.046,146,57.5,1.087
690,-2,1,0.25,0.3,60,0,0,0,0,0,0,1008,64.1,0.816,706,66.1,0.934,676,66.3,0.938
690,-2,1,0.25,0.3,60,0,0,0,0,0,1,505,65.3,0.852,331,67.1,0.885,316,68.0,0.897
690,-2,1,0.25,0.3,60,0,0,0,0,0,-1,499,62.7,0.781,373,65.1,0.974,352,64.5,0.958
690,-2,1,0.25,0.3,60,0,0,0,0,1,0,603,61.5,0.724,408,65.0,0.895,419,64.2,0.846
690,-2,1,0.25,0.3,60,0,0,0,0,1,1,306,60.8,0.687,196,65.3,0.837,205,66.3,0.861
690,-2,1,0.25,0.3,60,0,0,0,0,1,-1,297,62.3,0.767,212,64.6,0.953,214,62.1,0.832
690,-2,1,0.25,0.3,60,0,0,0,0,2,0,405,67.9,0.97,298,67.8,0.993,257,69.6,1.124
690,-2,1,0.25,0.3,60,0,0,0,0,2,-1,202,63.4,0.799,161,65.8,1.007,138,68.1,1.237
690,-2,1,0.25,0.3,60,0,0,0,1,0,0,488,68.0,0.876,376,68.1,0.976,369,66.4,0.933
690,-2,1,0.25,0.3,60,0,0,0,1,0,1,244,68.0,0.858,182,65.9,0.83,179,65.9,0.846
690,-2,1,0.25,0.3,60,0,0,0,1,0,-1,242,67.8,0.886,194,70.1,1.146,188,66.5,1.02
690,-2,1,0.25,0.3,60,0,0,0,1,1,0,282,68.4,0.881,217,64.1,0.83,233,62.7,0.834
690,-2,1,0.25,0.3,60,0,0,0,1,2,0,206,67.5,0.87,159,73.6,1.262,136,72.8,1.148
690,-2,1,0.25,0.3,60,0,0,0,-1,0,0,520,60.4,0.76,330,63.9,0.888,306,66.0,0.941
690,-2,1,0.25,0.3,60,0,0,0,-1,0,1,261,62.8,0.846,149,68.5,0.954,137,70.8,0.968
690,-2,1,0.25,0.3,60,0,0,0,-1,0,-1,257,58.0,0.684,179,59.8,0.816,163,62.0,0.886
690,-2,1,0.25,0.3,60,0,0,0,-1,1,0,321,55.5,0.606,191,66.0,0.981,185,65.9,0.857
690,-2,1,0.25,0.3,60,0,0,1,0,0,0,487,66.3,0.811,371,68.2,0.971,355,67.6,0.98
690,-2,1,0.25,0.3,60,0,0,1,0,0,1,244,65.2,0.768,180,66.1,0.824,169,66.3,0.838
690,-2,1,0.25,0.3,60,0,0,1,0,0,-1,242,67.4,0.853,191,70.2,1.147,185,68.6,1.141
690,-2,1,0.25,0.3,60,0,0,1,0,1,0,288,64.2,0.717,215,65.1,0.891,222,64.4,0.891
690,-2,1,0.25,0.3,60,0,0,1,1,0,0,436,67.9,0.864,337,69.1,1.033,336,67.6,0.991
690,-2,1,0.25,0.3,60,0,0,1,1,0,1,216,67.1,0.822,162,66.0,0.834,160,66.2,0.861
690,-2,1,0.25,0.3,60,0,0,1,1,0,-1,219,68.5,0.904,175,72.0,1.281,175,68.6,1.134
690,-2,1,0.25,0.3,60,0,0,1,1,1,0,254,66.5,0.802,198,65.2,0.876,213,64.3,0.896
690,-2,1,0.25,0.3,60,0,0,-1,0,0,0,519,62.0,0.826,334,63.8,0.889,317,65.0,0.89
690,-2,1,0.25,0.3,60,0,0,-1,0,0,1,261,65.5,0.95,151,68.2,0.964,147,70.1,0.97
690,-2,1,0.25,0.3,60,0,0,-1,0,0,-1,257,58.4,0.709,182,59.9,0.818,167,59.9,0.794
690,-2,1,0.25,0.3,60,0,0,-1,0,1,0,315,59.0,0.732,193,64.8,0.899,197,64.0,0.799
690,-2,1,0.25,0.3,60,0,0,-1,0,2,0,204,66.7,0.989,141,62.4,0.875,120,66.7,1.078
690,-2,1,0.25,0.3,60,0,0,-1,-1,0,0,468,61.3,0.811,295,64.4,0.937,285,66.3,0.953
690,-2,1,0.25,0.3,60,0,0,-1,-1,0,1,233,64.4,0.92,131,68.7,0.992,128,71.1,1.011
690,-2,1,0.25,0.3,60,0,0,-1,-1,0,-1,234,58.1,0.708,163,60.7,0.882,154,61.7,0.873
690,-2,1,0.25,0.3,60,0,0,-1,-1,1,0,287,56.4,0.659,174,66.1,0.97,177,66.1,0.865
690,-2,1,0.25,0.3,60,0,-1,0,0,0,0,841,63.7,0.813,569,66.3,0.988,556,66.4,1.006
690,-2,1,0.25,0.3,60,0,-1,0,0,0,1,417,64.5,0.818,268,69.0,1.036,264,68.9,1.03
690,-2,1,0.25,0.3,60,0,-1,0,0,0,-1,420,62.9,0.808,299,63.5,0.937,286,63.6,0.957
690,-2,1,0.25,0.3,60,0,-1,0,0,1,0,496,60.9,0.71,333,65.2,0.931,351,64.1,0.874
690,-2,1,0.25,0.3,60,0,-1,0,0,1,1,254,59.4,0.647,161,66.5,0.894,174,66.7,0.917
690,-2,1,0.25,0.3,60,0,-1,0,0,1,-1,242,62.4,0.79,172,64.0,0.967,177,61.6,0.834
690,-2,1,0.25,0.3,60,0,-1,0,0,2,0,345,67.8,0.984,236,67.8,1.086,205,70.2,1.332
690,-2,1,0.25,0.3,60,0,-1,0,1,0,0,394,68.3,0.889,299,69.6,1.091,300,68.0,1.06
690,-2,1,0.25,0.3,60,0,-1,0,1,1,0,224,68.8,0.899,173,65.9,0.925,194,64.4,0.91
690,-2,1,0.25,0.3,60,0,-1,0,-1,0,0,447,59.7,0.747,270,62.6,0.889,256,64.5,0.947
690,-2,1,0.25,0.3,60,0,-1,0,-1,0,1,222,60.8,0.764,122,69.7,1.116,116,71.6,1.136
690,-2,1,0.25,0.3,60,0,-1,0,-1,0,-1,223,58.7,0.737,146,56.2,0.717,135,57.8,0.769
690,-2,1,0.25,0.3,60,0,-1,0,-1,1,0,272,54.4,0.582,160,64.4,0.939,157,63.7,0.831
690,-2,1,0.25,0.3,60,0,-1,1,0,0,0,394,66.2,0.804,295,68.8,1.034,286,68.5,1.101
690,-2,1,0.25,0.3,60,0,-1,1,0,1,0,230,63.9,0.699,171,66.7,0.98,183,65.6,0.958
690,-2,1,0.25,0.3,60,0,-1,1,1,0,0,352,67.6,0.854,268,70.1,1.129,272,69.1,1.15
690,-2,1,0.25,0.3,60,0,-1,1,1,1,0,202,66.3,0.789,157,66.9,0.976,177,66.1,0.982
690,-2,1,0.25,0.3,60,0,-1,-1,0,0,0,445,61.6,0.827,273,63.4,0.935,267,64.0,0.907
690,-2,1,0.25,0.3,60,0,-1,-1,0,0,1,223,64.1,0.872,124,70.2,1.213,125,71.2,1.174
690,-2,1,0.25,0.3,60,0,-1,-1,0,0,-1,221,58.8,0.775,148,57.4,0.745,139,56.8,0.697
690,-2,1,0.25,0.3,60,0,-1,-1,0,1,0,266,58.3,0.721,162,63.6,0.88,168,62.5,0.791
690,-2,1,0.25,0.3,60,0,-1,-1,-1,0,0,404,60.4,0.792,242,63.2,0.951,240,65.0,0.977
690,-2,1,0.25,0.3,60,0,-1,-1,-1,0,1,201,61.7,0.803,108,70.4,1.176,109,72.5,1.249
690,-2,1,0.25,0.3,60,0,-1,-1,-1,0,-1,202,58.9,0.773,133,57.1,0.787,128,57.8,0.765
690,-2,1,0.25,0.3,60,0,-1,-1,-1,1,0,244,55.3,0.632,146,64.4,0.931,151,64.2,0.851
690,-2,1,0.25,0.3,60,1,0,0,0,0,0,472,65.9,0.827,341,67.2,0.93,295,66.4,0.858
690,-2,1,0.25,0.3,60,1,0,0,0,0,1,298,67.1,0.901,209,68.4,0.938,175,68.0,0.857
690,-2,1,0.25,0.3,60,1,0,0,0,1,0,269,60.6,0.634,200,64.5,0.872,182,63.2,0.79
690,-2,1,0.25,0.3,60,1,0,0,0,2,0,203,72.9,1.185,141,70.9,1.014,113,71.7,0.978
690,-2,1,0.25,0.3,60,1,0,0,1,0,0,233,67.8,0.827,190,70.0,0.997,165,68.5,0.94
690,-2,1,0.25,0.3,60,1,0,0,-1,0,0,239,64.0,0.827,151,63.6,0.854,129,63.6,0.761
690,-2,1,0.25,0.3,60,1,0,1,0,0,0,236,66.9,0.785,188,70.2,1.026,157,69.4,1.004
690,-2,1,0.25,0.3,60,1,0,1,1,0,0,211,67.8,0.817,171,70.8,1.058,149,69.1,1.017
690,-2,1,0.25,0.3,60,1,0,-1,0,0,0,236,64.8,0.876,153,63.4,0.824,138,63.0,0.725
690,-2,1,0.25,0.3,60,1,0,-1,-1,0,0,214,64.5,0.87,134,63.4,0.863,122,63.1,0.767
690,-2,1,0.25,0.3,60,1,-1,0,0,0,0,378,66.7,0.854,265,69.1,1.15,238,68.5,1.106
690,-2,1,0.25,0.3,60,1,-1,0,0,0,1,239,67.4,0.91,164,72.0,1.276,141,70.9,1.234
690,-2,1,0.25,0.3,60,1,-1,0,0,1,0,209,61.2,0.655,155,65.2,0.974,146,64.4,0.951
690,-2,1,0.25,0.3,60,-1,0,0,0,0,0,496,62.5,0.807,345,65.2,0.939,301,65.8,1.012
690,-2,1,0.25,0.3,60,-1,0,0,0,0,-1,307,63.2,0.855,233,65.7,1.039,200,66.0,1.127
690,-2,1,0.25,0.3,60,-1,0,0,0,1,0,298,62.4,0.813,192,65.6,0.935,170,64.7,0.914
690,-2,1,0.25,0.3,60,-1,0,0,1,0,0,234,67.1,0.902,173,67.1,1.01,160,63.7,0.906
690,-2,1,0.25,0.3,60,-1,0,0,-1,0,0,262,58.4,0.722,172,63.4,0.874,141,68.1,1.152
690,-2,1,0.25,0.3,60,-1,0,1,0,0,0,233,65.7,0.835,171,66.7,0.938,158,65.8,0.97
690,-2,1,0.25,0.3,60,-1,0,1,1,0,0,209,67.5,0.903,155,68.4,1.054,149,65.8,0.962
690,-2,1,0.25,0.3,60,-1,0,-1,0,0,0,263,59.7,0.78,174,63.8,0.941,143,65.7,1.063
690,-2,1,0.25,0.3,60,-1,0,-1,-1,0,0,238,59.2,0.768,156,64.7,0.975,132,68.2,1.155
690,-2,1,0.25,0.3,60,-1,-1,0,0,0,0,429,61.5,0.784,289,64.0,0.885,251,64.1,0.938
690,-2,1,0.25,0.3,60,-1,-1,0,0,0,-1,266,62.8,0.866,191,63.4,0.93,160,63.7,1.038
690,-2,1,0.25,0.3,60,-1,-1,0,0,1,0,257,61.1,0.76,166,65.7,0.938,147,63.3,0.843
690,-2,1,0.25,0.3,60,-1,-1,0,-1,0,0,231,58.0,0.725,143,60.8,0.784,116,63.8,0.97
690,-2,1,0.25,0.3,60,-1,-1,-1,0,0,0,232,59.1,0.786,143,62.9,0.889,118,62.7,0.911
690,-2,1,0.25,0.3,60,-1,-1,-1,-1,0,0,211,58.3,0.76,129,62.8,0.896,109,64.2,0.98
690,-1,0,0.15,1.0,60,0,0,0,0,0,0,1008,48.5,0.886,706,52.1,1.04,680,52.6,1.053
690,-1,0,0.15,1.0,60,0,0,0,0,0,1,493,50.7,0.936,346,50.6,0.961,323,51.7,0.993
690,-1,0,0.15,1.0,60,0,0,0,0,0,-1,511,46.4,0.837,358,53.9,1.125,349,54.2,1.123
690,-1,0,0.15,1.0,60,0,0,0,0,1,0,603,50.7,1.033,408,53.2,1.039,423,54.6,1.153
690,-1,0,0.15,1.0,60,0,0,0,0,1,1,293,50.5,1.047,204,52.9,0.976,212,54.7,1.133
690,-1,0,0.15,1.0,60,0,0,0,0,1,-1,310,51.0,1.021,204,53.4,1.101,211,54.5,1.174
690,-1,0,0.15,1.0,60,0,0,0,0,2,0,405,45.2,0.716,298,50.7,1.041,257,49.4,0.908
690,-1,0,0.15,1.0,60,0,0,0,0,2,1,200,51.0,0.806,142,47.2,0.94,111,45.9,0.761
690,-1,0,0.15,1.0,60,0,0,0,0,2,-1,201,39.3,0.623,154,54.5,1.156,138,53.6,1.056
690,-1,0,0.15,1.0,60,0,0,0,1,0,0,739,49.9,0.913,521,52.8,1.036,496,52.0,1.0
690,-1,0,0.15,1.0,60,0,0,0,1,0,1,363,52.6,0.985,261,52.5,1.01,241,52.7,1.016
690,-1,0,0.15,1.0,60,0,0,0,1,0,-1,373,47.2,0.841,258,53.5,1.075,248,52.0,1.002
690,-1,0,0.15,1.0,60,0,0,0,1,1,0,451,53.2,1.06,305,52.1,0.965,303,52.1,1.013
690,-1,0,0.15,1.0,60,0,0,0,1,1,1,221,52.5,1.076,157,53.5,0.969,159,54.7,1.115
690,-1,0,0.15,1.0,60,0,0,0,1,1,-1,230,53.9,1.045,148,50.7,0.962,144,49.3,0.91
690,-1,0,0.15,1.0,60,0,0,0,1,2,0,288,44.8,0.727,216,53.7,1.137,193,51.8,0.98
690,-1,0,0.15,1.0,60,0,0,0,-1,0,0,269,44.6,0.821,185,50.3,1.051,183,54.6,1.224
690,-1,0,0.15,1.0,60,0,0,1,0,0,0,715,49.2,0.887,509,52.1,0.999,492,52.2,0.992
690,-1,0,0.15,1.0,60,0,0,1,0,0,1,352,52.6,0.986,256,52.0,0.96,238,53.8,1.036
690,-1,0,0.15,1.0,60,0,0,1,0,0,-1,362,46.1,0.804,252,52.4,1.044,250,51.2,0.972
690,-1,0,0.15,1.0,60,0,0,1,0,1,0,433,51.3,0.978,299,52.2,0.969,306,52.9,1.038
690,-1,0,0.15,1.0,60,0,0,1,0,1,1,209,51.2,1.0,154,53.2,0.973,159,55.3,1.136
690,-1,0,0.15,1.0,60,0,0,1,0,1,-1,224,51.3,0.96,145,51.0,0.966,147,50.3,0.943
690,-1,0,0.15,1.0,60,0,0,1,0,2,0,282,46.1,0.768,210,51.9,1.04,186,51.1,0.924
690,-1,0,0.15,1.0,60,0,0,1,1,0,0,675,49.6,0.902,478,52.5,1.013,467,52.0,0.978
690,-1,0,0.15,1.0,60,0,0,1,1,0,1,335,52.5,0.981,241,51.5,0.933,229,52.8,0.986
690,-1,0,0.15,1.0,60,0,0,1,1,0,-1,339,46.9,0.834,236,53.8,1.103,234,51.7,0.989
690,-1,0,0.15,1.0,60,0,0,1,1,1,0,411,52.6,1.036,284,52.5,0.978,290,52.4,1.003
690,-1,0,0.15,1.0,60,0,0,1,1,1,1,201,51.7,1.038,147,53.7,0.98,153,54.9,1.085
690,-1,0,0.15,1.0,60,0,0,1,1,1,-1,210,53.3,1.034,137,51.1,0.976,137,49.6,0.919
690,-1,0,0.15,1.0,60,0,0,1,1,2,0,264,45.1,0.734,194,52.6,1.064,177,51.4,0.94
690,-1,0,0.15,1.0,60,0,0,-1,0,0,0,291,46.4,0.871,196,52.6,1.165,184,54.3,1.243
690,-1,0,0.15,1.0,60,0,0,-1,-1,0,0,229,45.0,0.849,154,51.3,1.11,157,54.8,1.217
690,-1,0,0.15,1.0,60,0,1,0,0,0,0,766,50.1,0.943,496,52.4,1.092,473,52.6,1.084
690,-1,0,0.15,1.0,60,0,1,0,0,0,1,380,51.6,0.95,249,53.4,1.114,229,55.0,1.13
690,-1,0,0.15,1.0,60,0,1,0,0,0,-1,383,48.8,0.934,245,51.8,1.089,237,51.5,1.073
690,-1,0,0.15,1.0,60,0,1,0,0,1,0,456,53.1,1.151,293,52.2,1.009,298,54.0,1.137
690,-1,0,0.15,1.0,60,0,1,0,0,1,1,220,52.7,1.157,148,54.1,1.011,149,56.4,1.181
690,-1,0,0.15,1.0,60,0,1,0,0,1,-1,236,53.4,1.146,145,50.3,1.007,149,51.7,1.095
690,-1,0,0.15,1.0,60,0,1,0,0,2,0,310,45.8,0.723,203,52.7,1.226,175,50.3,1.001
690,-1,0,0.15,1.0,60,0,1,0,1,0,0,519,52.6,1.005,329,53.5,1.106,308,52.6,1.062
690,-1,0,0.15,1.0,60,0,1,0,1,0,1,257,54.9,1.051,173,57.2,1.251,155,58.7,1.279
690,-1,0,0.15,1.0,60,0,1,0,1,0,-1,260,50.4,0.957,154,50.0,1.005,147,47.6,0.926
690,-1,0,0.15,1.0,60,0,1,0,1,1,0,317,56.8,1.226,197,49.7,0.879,188,51.1,0.986
690,-1,0,0.15,1.0,60,0,1,0,1,2,0,202,46.0,0.749,132,59.1,1.539,120,55.0,1.191
690,-1,0,0.15,1.0,60,0,1,0,-1,0,0,247,44.9,0.833,167,50.3,1.064,165,52.7,1.127
690,-1,0,0.15,1.0,60,0,1,1,0,0,0,506,51.8,0.973,324,52.2,1.034,312,52.6,1.028
690,-1,0,0.15,1.0,60,0,1,1,0,0,1,250,55.2,1.065,170,55.9,1.168,154,59.7,1.295
690,-1,0,0.15,1.0,60,0,1,1,0,0,-1,255,48.6,0.9,153,48.4,0.935,154,46.1,0.862
690,-1,0,0.15,1.0,60,0,1,1,0,1,0,305,54.4,1.112,195,49.7,0.884,195,51.8,0.992
690,-1,0,0.15,1.0,60,0,1,1,0,2,0,201,47.8,0.811,129,55.8,1.3,117,53.8,1.086
690,-1,0,0.15,1.0,60,0,1,1,1,0,0,471,52.9,1.012,298,53.0,1.067,289,52.6,1.018
690,-1,0,0.15,1.0,60,0,1,1,1,0,1,234,55.6,1.073,158,55.7,1.132,146,58.9,1.212
690,-1,0,0.15,1.0,60,0,1,1,1,0,-1,236,50.4,0.963,139,50.4,1.025,139,46.8,0.892
690,-1,0,0.15,1.0,60,0,1,1,1,1,0,286,56.6,1.226,181,49.7,0.878,180,51.1,0.949
690,-1,0,0.15,1.0,60,0,1,-1,0,0,0,259,46.7,0.881,171,53.2,1.22,158,53.8,1.221
690,-1,0,0.15,1.0,60,0,1,-1,-1,0,0,212,46.2,0.878,141,51.8,1.142,141,53.2,1.127
690,-1,0,0.15,1.0,60,0,-1,0,0,0,0,242,43.4,0.732,210,51.4,0.925,207,52.7,0.984
690,-1,0,0.15,1.0,60,0,-1,0,1,0,0,220,43.6,0.736,192,51.6,0.925,188,51.1,0.905
690,-1,0,0.15,1.0,60,0,-1,1,0,0,0,209,43.1,0.714,185,51.9,0.94,180,51.7,0.933
690,-1,0,0.15,1.0,60,0,-1,1,1,0,0,204,42.2,0.701,180,51.7,0.931,178,51.1,0.917
690,-1,0,0.15,1.0,60,1,0,0,0,0,0,495,50.3,0.868,355,49.9,0.976,300,52.3,0.983
690,-1,0,0.15,1.0,60,1,0,0,0,0,1,305,49.8,0.821,224,49.1,0.961,179,50.8,0.91
690,-1,0,0.15,1.0,60,1,0,0,0,1,0,297,49.8,0.91,215,51.2,0.995,193,54.4,1.112
690,-1,0,0.15,1.0,60,1,0,0,1,0,0,365,51.2,0.873,269,50.6,0.989,226,51.3,0.918
690,-1,0,0.15,1.0,60,1,0,0,1,0,1,220,51.4,0.862,171,51.5,1.052,136,51.5,0.935
690,-1,0,0.15,1.0,60,1,0,0,1,1,0,224,50.9,0.883,168,49.4,0.93,147,51.0,0.953
690,-1,0,0.15,1.0,60,1,0,1,0,0,0,357,50.7,0.856,263,50.6,0.949,223,52.5,0.935
690,-1,0,0.15,1.0,60,1,0,1,0,0,1,219,53.0,0.932,166,51.2,0.961,133,52.6,0.933
690,-1,0,0.15,1.0,60,1,0,1,0,1,0,215,48.8,0.784,163,49.7,0.929,146,52.1,0.985
690,-1,0,0.15,1.0,60,1,0,1,1,0,0,339,50.7,0.852,250,50.0,0.926,215,51.2,0.885
690,-1,0,0.15,1.0,60,1,0,1,1,0,1,207,52.2,0.889,157,50.3,0.928,128,51.6,0.894
690,-1,0,0.15,1.0,60,1,0,1,1,1,0,206,49.5,0.818,158,50.0,0.939,141,51.1,0.931
690,-1,0,0.15,1.0,60,1,1,0,0,0,0,394,51.5,0.914,258,51.6,1.091,210,55.2,1.133
690,-1,0,0.15,1.0,60,1,1,0,0,0,1,244,50.4,0.824,162,52.5,1.174,127,55.9,1.153
690,-1,0,0.15,1.0,60,1,1,0,0,1,0,239,52.3,1.044,158,50.6,0.976,133,55.6,1.17
690,-1,0,0.15,1.0,60,1,1,0,1,0,0,273,53.1,0.931,178,53.4,1.137,139,55.4,1.074
690,-1,0,0.15,1.0,60,1,1,1,0,0,0,267,52.4,0.908,172,52.9,1.077,138,57.2,1.129
690,-1,0,0.15,1.0,60,1,1,1,1,0,0,251,53.0,0.918,162,52.5,1.043,131,55.7,1.039
690,-1,0,0.15,1.0,60,-1,0,0,0,0,0,473,46.5,0.899,331,55.3,1.154,300,55.3,1.202
690,-1,0,0.15,1.0,60,-1,0,0,0,0,-1,300,43.7,0.791,218,56.0,1.239,198,55.6,1.196
690,-1,0,0.15,1.0,60,-1,0,0,0,1,0,270,51.9,1.191,177,56.5,1.143,163,58.3,1.358
690,-1,0,0.15,1.0,60,-1,0,0,0,2,0,203,39.4,0.621,154,53.9,1.167,137,51.8,1.052
690,-1,0,0.15,1.0,60,-1,0,0,1,0,0,343,47.5,0.925,238,56.3,1.144,217,56.2,1.194
690,-1,0,0.15,1.0,60,-1,0,0,1,0,-1,212,43.9,0.809,155,56.1,1.196,144,54.2,1.131
690,-1,0,0.15,1.0,60,-1,0,1,0,0,0,331,47.4,0.913,232,54.7,1.115,220,55.5,1.163
690,-1,0,0.15,1.0,60,-1,0,1,0,0,-1,209,45.0,0.833,149,54.4,1.136,144,52.1,1.038
690,-1,0,0.15,1.0,60,-1,0,1,1,0,0,311,47.9,0.943,216,56.5,1.186,206,56.3,1.191
690,-1,0,0.15,1.0,60,-1,1,0,0,0,0,344,48.3,0.955,224,54.0,1.129,199,52.8,1.106
690,-1,0,0.15,1.0,60,-1,1,0,0,0,-1,219,46.1,0.863,144,53.5,1.197,129,51.9,1.103
690,-1,0,0.15,1.0,60,-1,1,0,1,0,0,226,50.4,1.033,142,54.9,1.14,129,54.3,1.158
690,-1,0,0.15,1.0,60,-1,1,1,0,0,0,221,50.2,1.011,143,52.4,1.058,136,52.2,1.064
690,-1,0,0.15,1.0,60,-1,1,1,1,0,0,204,51.5,1.073,129,55.0,1.178,123,53.7,1.117
690,-1,1,0.15,0.6,60,0,0,0,0,0,0,1008,59.0,0.963,706,56.8,0.902,680,56.8,0.912
690,-1,1,0.15,0.6,60,0,0,0,0,0,1,511,59.5,0.962,358,56.4,0.849,349,57.6,0.9
690,-1,1,0.15,0.6,60,0,0,0,0,0,-1,493,58.4,0.963,346,56.9,0.956,323,56.0,0.924
690,-1,1,0.15,0.6,60,0,0,0,0,1,0,603,55.7,0.82,408,53.9,0.812,423,53.7,0.773
690,-1,1,0.15,0.6,60,0,0,0,0,1,1,310,54.2,0.762,204,53.4,0.766,211,55.0,0.794
690,-1,1,0.15,0.6,60,0,0,0,0,1,-1,293,57.3,0.889,204,54.4,0.863,212,52.4,0.752
690,-1,1,0.15,0.6,60,0,0,0,0,2,0,405,64.0,1.218,298,60.7,1.046,257,61.9,1.212
690,-1,1,0.15,0.6,60,0,0,0,0,2,1,201,67.7,1.388,154,60.4,0.972,138,61.6,1.088
690,-1,1,0.15,0.6,60,0,0,0,0,2,-1,200,60.0,1.072,142,60.6,1.112,111,63.1,1.435
690,-1,1,0.15,0.6,60,0,0,0,1,0,0,269,63.6,0.996,185,57.8,0.857,183,56.3,0.811
690,-1,1,0.15,0.6,60,0,0,0,-1,0,0,739,57.4,0.951,521,56.4,0.919,496,56.9,0.949
690,-1,1,0.15,0.6,60,0,0,0,-1,0,1,373,57.4,0.932,258,56.6,0.885,248,58.1,0.969
690,-1,1,0.15,0.6,60,0,0,0,-1,0,-1,363,57.3,0.973,261,55.9,0.942,241,56.0,0.931
690,-1,1,0.15,0.6,60,0,0,0,-1,1,0,451,53.0,0.784,305,55.7,0.909,303,55.8,0.86
690,-1,1,0.15,0.6,60,0,0,0,-1,1,1,230,50.4,0.707,148,57.4,0.928,144,59.0,0.985
690,-1,1,0.15,0.6,60,0,0,0,-1,1,-1,221,55.7,0.881,157,54.1,0.892,159,52.8,0.763
690,-1,1,0.15,0.6,60,0,0,0,-1,2,0,288,64.2,1.295,216,57.4,0.932,193,58.5,1.111
690,-1,1,0.15,0.6,60,0,0,1,0,0,0,291,61.2,0.943,196,55.6,0.781,184,55.4,0.781
690,-1,1,0.15,0.6,60,0,0,1,1,0,0,229,64.2,1.011,154,57.8,0.838,157,56.7,0.82
690,-1,1,0.15,0.6,60,0,0,-1,0,0,0,715,58.2,0.975,509,57.2,0.949,492,57.5,0.971
690,-1,1,0.15,0.6,60,0,0,-1,0,0,1,362,59.1,0.983,252,57.5,0.908,250,58.8,0.992
690,-1,1,0.15,0.6,60,0,0,-1,0,0,-1,352,57.1,0.961,256,56.6,0.989,238,55.9,0.934
690,-1,1,0.15,0.6,60,0,0,-1,0,1,0,433,55.0,0.854,299,55.9,0.898,306,55.6,0.854
690,-1,1,0.15,0.6,60,0,0,-1,0,1,1,224,53.1,0.775,145,57.2,0.924,147,58.5,0.966
690,-1,1,0.15,0.6,60,0,0,-1,0,1,-1,209,56.9,0.956,154,54.5,0.874,159,52.8,0.763
690,-1,1,0.15,0.6,60,0,0,-1,0,2,0,282,63.1,1.19,210,59.0,1.025,186,60.8,1.206
690,-1,1,0.15,0.6,60,0,0,-1,-1,0,0,675,58.1,0.979,478,57.1,0.949,467,57.8,0.986
690,-1,1,0.15,0.6,60,0,0,-1,-1,0,1,339,58.4,0.961,236,56.8,0.882,234,58.5,0.986
690,-1,1,0.15,0.6,60,0,0,-1,-1,0,-1,335,57.6,0.993,241,57.3,1.02,229,56.8,0.971
690,-1,1,0.15,0.6,60,0,0,-1,-1,1,0,411,54.0,0.822,284,56.0,0.909,290,56.2,0.878
690,-1,1,0.15,0.6,60,0,0,-1,-1,1,1,210,51.4,0.731,137,57.7,0.931,137,59.1,0.983
690,-1,1,0.15,0.6,60,0,0,-1,-1,1,-1,201,56.7,0.939,147,54.4,0.887,153,53.6,0.795
690,-1,1,0.15,0.6,60,0,0,-1,-1,2,0,264,64.4,1.284,194,58.8,1.01,177,60.5,1.194
690,-1,1,0.15,0.6,60,0,1,0,0,0,0,242,66.9,1.292,210,58.6,1.074,207,58.5,1.049
690,-1,1,0.15,0.6,60,0,1,0,-1,0,0,220,66.4,1.271,192,58.9,1.084,188,60.1,1.142
690,-1,1,0.15,0.6,60,0,1,-1,0,0,0,209,67.5,1.331,185,58.9,1.054,180,60.0,1.129
690,-1,1,0.15,0.6,60,0,1,-1,-1,0,0,204,68.1,1.358,180,59.4,1.08,178,60.7,1.155
690,-1,1,0.15,0.6,60,0,-1,0,0,0,0,766,56.5,0.879,496,56.0,0.84,473,56.0,0.858
690,-1,1,0.15,0.6,60,0,-1,0,0,0,1,383,56.4,0.838,245,59.2,0.89,237,60.8,0.961
690,-1,1,0.15,0.6,60,0,-1,0,0,0,-1,380,56.6,0.927,249,52.6,0.777,229,51.1,0.751
690,-1,1,0.15,0.6,60,0,-1,0,0,1,0,456,53.3,0.744,293,54.6,0.812,298,54.0,0.768
690,-1,1,0.15,0.6,60,0,-1,0,0,1,1,236,51.7,0.69,145,56.6,0.817,149,58.4,0.866
690,-1,1,0.15,0.6,60,0,-1,0,0,1,-1,220,55.0,0.814,148,52.7,0.806,149,49.7,0.68
690,-1,1,0.15,0.6,60,0,-1,0,0,2,0,310,61.3,1.11,203,58.1,0.882,175,59.4,1.043
690,-1,1,0.15,0.6,60,0,-1,0,1,0,0,247,62.8,0.962,167,58.1,0.847,165,58.2,0.87
690,-1,1,0.15,0.6,60,0,-1,0,-1,0,0,519,53.6,0.84,329,55.0,0.836,308,54.9,0.851
690,-1,1,0.15,0.6,60,0,-1,0,-1,0,1,260,52.7,0.765,154,61.0,0.971,147,62.6,1.07
690,-1,1,0.15,0.6,60,0,-1,0,-1,0,-1,257,54.5,0.935,173,49.1,0.705,155,47.7,0.671
690,-1,1,0.15,0.6,60,0,-1,0,-1,1,0,317,49.2,0.693,197,57.9,0.976,188,55.9,0.84
690,-1,1,0.15,0.6,60,0,-1,0,-1,2,0,202,60.4,1.135,132,50.8,0.674,120,53.3,0.87
690,-1,1,0.15,0.6,60,0,-1,1,0,0,0,259,61.0,0.933,171,55.6,0.734,158,56.3,0.802
690,-1,1,0.15,0.6,60,0,-1,1,1,0,0,212,62.7,0.959,141,57.4,0.806,141,58.2,0.87
690,-1,1,0.15,0.6,60,0,-1,-1,0,0,0,506,54.3,0.856,324,56.2,0.895,312,56.1,0.893
690,-1,1,0.15,0.6,60,0,-1,-1,0,0,1,255,54.9,0.812,153,62.1,1.028,154,63.6,1.131
690,-1,1,0.15,0.6,60,0,-1,-1,0,0,-1,250,53.6,0.901,170,50.6,0.77,154,48.1,0.678
690,-1,1,0.15,0.6,60,0,-1,-1,0,1,0,305,51.5,0.765,195,57.9,0.97,195,55.9,0.855
690,-1,1,0.15,0.6,60,0,-1,-1,0,2,0,201,58.7,1.01,129,53.5,0.799,117,56.4,0.958
690,-1,1,0.15,0.6,60,0,-1,-1,-1,0,0,471,53.7,0.847,298,55.7,0.879,289,56.1,0.897
690,-1,1,0.15,0.6,60,0,-1,-1,-1,0,1,236,53.4,0.772,139,61.2,0.972,139,63.3,1.108
690,-1,1,0.15,0.6,60,0,-1,-1,-1,0,-1,234,53.8,0.93,158,50.6,0.784,146,48.6,0.704
690,-1,1,0.15,0.6,60,0,-1,-1,-1,1,0,286,49.7,0.713,181,58.6,1.003,180,56.7,0.88
690,-1,1,0.15,0.6,60,1,0,0,0,0,0,473,60.5,0.946,331,56.8,0.869,300,56.7,0.849
690,-1,1,0.15,0.6,60,1,0,0,0,0,1,300,62.0,1.014,218,57.3,0.847,198,58.6,0.906
690,-1,1,0.15,0.6,60,1,0,0,0,1,0,270,54.8,0.717,177,52.5,0.781,163,51.5,0.699
690,-1,1,0.15,0.6,60,1,0,0,0,2,0,203,68.0,1.385,154,61.7,0.978,137,62.8,1.071
690,-1,1,0.15,0.6,60,1,0,0,-1,0,0,343,59.2,0.955,238,55.5,0.854,217,55.8,0.845
690,-1,1,0.15,0.6,60,1,0,0,-1,0,1,212,60.4,1.006,155,56.1,0.833,144,58.3,0.926
690,-1,1,0.15,0.6,60,1,0,-1,0,0,0,331,60.1,0.983,232,56.5,0.847,220,55.9,0.837
690,-1,1,0.15,0.6,60,1,0,-1,0,0,1,209,60.8,0.993,149,57.7,0.869,144,59.7,0.966
690,-1,1,0.15,0.6,60,1,0,-1,-1,0,0,311,59.5,0.961,216,55.6,0.824,206,55.8,0.846
690,-1,1,0.15,0.6,60,1,-1,0,0,0,0,344,57.8,0.828,224,58.0,0.882,199,58.8,0.903
690,-1,1,0.15,0.6,60,1,-1,0,0,0,1,219,58.4,0.844,144,60.4,0.896,129,62.0,0.984
690,-1,1,0.15,0.6,60,1,-1,0,-1,0,0,226,54.9,0.778,142,55.6,0.835,129,56.6,0.846
690,-1,1,0.15,0.6,60,1,-1,-1,0,0,0,221,55.7,0.797,143,56.6,0.852,136,57.4,0.865
690,-1,1,0.15,0.6,60,1,-1,-1,-1,0,0,204,54.4,0.759,129,55.0,0.799,123,56.9,0.864
690,-1,1,0.15,0.6,60,-1,0,0,0,0,0,495,58.0,0.993,355,56.1,0.904,300,55.0,0.921
690,-1,1,0.15,0.6,60,-1,0,0,0,0,-1,305,59.7,1.086,224,57.1,0.958,179,56.4,1.027
690,-1,1,0.15,0.6,60,-1,0,0,0,1,0,297,56.9,0.942,215,54.0,0.802,193,51.3,0.732
690,-1,1,0.15,0.6,60,-1,0,0,-1,0,0,365,56.4,0.978,269,56.1,0.928,226,56.2,1.008
690,-1,1,0.15,0.6,60,-1,0,0,-1,0,-1,220,58.6,1.099,171,55.6,0.907,136,56.6,1.047
690,-1,1,0.15,0.6,60,-1,0,0,-1,1,0,224,54.0,0.881,168,56.0,0.888,147,53.7,0.83
690,-1,1,0.15,0.6,60,-1,0,-1,0,0,0,357,56.9,0.987,263,56.7,0.996,223,56.5,1.033
690,-1,1,0.15,0.6,60,-1,0,-1,0,0,-1,219,56.6,0.981,166,56.6,1.033,133,57.1,1.088
690,-1,1,0.15,0.6,60,-1,0,-1,0,1,0,215,56.3,0.993,163,55.8,0.899,146,54.1,0.846
690,-1,1,0.15,0.6,60,-1,0,-1,-1,0,0,339,57.2,1.016,250,57.2,1.012,215,57.2,1.053
690,-1,1,0.15,0.6,60,-1,0,-1,-1,0,-1,207,58.0,1.064,157,57.3,1.051,128,57.8,1.1
690,-1,1,0.15,0.6,60,-1,0,-1,-1,1,0,206,55.8,0.967,158,55.7,0.895,141,54.6,0.859
690,-1,1,0.15,0.6,60,-1,-1,0,0,0,0,394,56.3,0.963,258,53.9,0.787,210,50.5,0.744
690,-1,1,0.15,0.6,60,-1,-1,0,0,0,-1,244,57.8,1.056,162,51.9,0.734,127,48.0,0.703
690,-1,1,0.15,0.6,60,-1,-1,0,0,1,0,239,55.2,0.885,158,55.7,0.848,133,49.6,0.676
690,-1,1,0.15,0.6,60,-1,-1,0,-1,0,0,273,54.2,0.963,178,53.4,0.791,139,50.4,0.785
690,-1,1,0.15,0.6,60,-1,-1,-1,0,0,0,267,54.7,0.967,172,54.7,0.885,138,50.7,0.795
690,-1,1,0.15,0.6,60,-1,-1,-1,-1,0,0,251,54.6,0.989,162,54.9,0.892,131,51.1,0.806
690,30,0,0.15,0.3,60,0,0,0,0,0,0,1008,74.4,0.983,706,73.1,0.967,679,73.6,0.969
690,30,0,0.15,0.3,60,0,0,0,0,0,1,484,75.2,1.027,373,70.8,0.857,357,71.4,0.851
690,30,0,0.15,0.3,60,0,0,0,0,0,-1,520,73.5,0.936,331,75.8,1.142,314,76.4,1.144
690,30,0,0.15,0.3,60,0,0,0,0,1,0,603,76.3,1.131,408,70.3,0.841,423,71.6,0.891
690,30,0,0.15,0.3,60,0,0,0,0,1,1,284,73.6,0.98,214,68.2,0.77,227,70.0,0.851
690,30,0,0.15,0.3,60,0,0,0,0,1,-1,319,78.7,1.295,194,72.7,0.938,196,73.5,0.945
690,30,0,0.15,0.3,60,0,0,0,0,2,0,405,71.6,0.815,298,76.8,1.195,256,77.0,1.124
690,30,0,0.15,0.3,60,0,0,0,0,2,1,200,77.5,1.096,159,74.2,1.001,130,73.8,0.852
690,30,0,0.15,0.3,60,0,0,0,0,2,-1,201,65.2,0.609,137,80.3,1.588,118,81.4,1.663
690,30,0,0.15,0.3,60,0,0,0,1,0,0,500,75.2,1.016,370,73.0,0.944,354,72.0,0.87
690,30,0,0.15,0.3,60,0,0,0,1,0,1,240,76.7,1.087,199,69.8,0.822,189,70.4,0.791
690,30,0,0.15,0.3,60,0,0,0,1,0,-1,259,73.7,0.954,169,76.9,1.157,160,74.4,0.997
690,30,0,0.15,0.3,60,0,0,0,1,1,0,306,78.4,1.293,217,70.0,0.803,225,68.4,0.764
690,30,0,0.15,0.3,60,0,0,0,-1,0,0,508,73.6,0.952,336,73.2,0.993,324,75.3,1.088
690,30,0,0.15,0.3,60,0,0,0,-1,0,1,244,73.8,0.973,174,71.8,0.897,168,72.6,0.925
690,30,0,0.15,0.3,60,0,0,0,-1,0,-1,261,73.2,0.918,162,74.7,1.127,153,78.4,1.316
690,30,0,0.15,0.3,60,0,0,0,-1,1,0,297,74.1,0.993,191,70.7,0.883,197,75.1,1.056
690,30,0,0.15,0.3,60,0,0,0,-1,2,0,211,73.0,0.899,145,76.6,1.191,127,75.6,1.142
690,30,0,0.15,0.3,60,0,0,1,0,0,0,503,75.3,1.038,362,72.4,0.931,352,72.4,0.9
690,30,0,0.15,0.3,60,0,0,1,0,0,1,242,74.8,0.984,196,69.9,0.828,186,71.0,0.831
690,30,0,0.15,0.3,60,0,0,1,0,0,-1,261,75.9,1.091,165,75.8,1.118,163,74.8,1.021
690,30,0,0.15,0.3,60,0,0,1,0,1,0,308,77.3,1.203,215,69.8,0.835,225,68.9,0.806
690,30,0,0.15,0.3,60,0,0,1,1,0,0,450,75.3,1.014,329,72.0,0.904,326,71.8,0.869
690,30,0,0.15,0.3,60,0,0,1,1,0,1,215,75.8,1.003,178,68.5,0.779,175,69.7,0.78
690,30,0,0.15,0.3,60,0,0,1,1,0,-1,235,74.9,1.023,150,76.7,1.136,148,75.0,1.032
690,30,0,0.15,0.3,60,0,0,1,1,1,0,276,77.9,1.248,198,69.2,0.798,210,68.6,0.787
690,30,0,0.15,0.3,60,0,0,-1,0,0,0,503,73.4,0.926,343,73.8,1.002,323,74.9,1.037
690,30,0,0.15,0.3,60,0,0,-1,0,0,1,242,75.6,1.072,177,71.8,0.887,171,71.9,0.872
690,30,0,0.15,0.3,60,0,0,-1,0,0,-1,259,71.0,0.804,166,75.9,1.167,151,78.1,1.295
690,30,0,0.15,0.3,60,0,0,-1,0,1,0,295,75.3,1.061,193,71.0,0.847,198,74.7,0.994
690,30,0,0.15,0.3,60,0,0,-1,0,2,0,208,70.7,0.777,150,77.3,1.301,125,75.2,1.115
690,30,0,0.15,0.3,60,0,0,-1,-1,0,0,454,73.3,0.918,303,72.9,0.968,297,75.1,1.061
690,30,0,0.15,0.3,60,0,0,-1,-1,0,1,217,74.7,0.99,156,70.5,0.846,157,71.3,0.867
690,30,0,0.15,0.3,60,0,0,-1,-1,0,-1,235,71.9,0.846,147,75.5,1.146,139,79.1,1.375
690,30,0,0.15,0.3,60,0,0,-1,-1,1,0,265,74.3,1.004,174,70.1,0.846,183,75.4,1.052
690,30,0,0.15,0.3,60,0,1,0,0,0,0,733,75.2,1.018,487,74.3,1.022,464,75.2,1.035
690,30,0,0.15,0.3,60,0,1,0,0,0,1,359,76.6,1.151,258,71.3,0.867,242,72.7,0.895
690,30,0,0.15,0.3,60,0,1,0,0,0,-1,371,73.6,0.903,227,78.0,1.292,215,78.6,1.258
690,30,0,0.15,0.3,60,0,1,0,0,1,0,437,76.2,1.119,281,71.2,0.878,291,73.2,0.976
690,30,0,0.15,0.3,60,0,1,0,0,1,1,206,73.8,1.012,147,67.3,0.736,153,71.2,0.919
690,30,0,0.15,0.3,60,0,1,0,0,1,-1,231,78.4,1.225,134,75.4,1.101,138,75.4,1.051
690,30,0,0.15,0.3,60,0,1,0,0,2,0,296,73.6,0.896,206,78.6,1.291,173,78.6,1.154
690,30,0,0.15,0.3,60,0,1,0,1,0,0,383,76.5,1.108,249,72.3,0.908,232,72.8,0.892
690,30,0,0.15,0.3,60,0,1,0,1,0,-1,202,73.8,0.95,106,76.4,1.135,102,74.5,0.982
690,30,0,0.15,0.3,60,0,1,0,1,1,0,235,79.1,1.346,147,68.0,0.736,145,69.7,0.823
690,30,0,0.15,0.3,60,0,1,0,-1,0,0,350,73.7,0.932,238,76.5,1.16,231,77.5,1.204
690,30,0,0.15,0.3,60,0,1,0,-1,1,0,202,72.8,0.919,134,74.6,1.055,145,76.6,1.15
690,30,0,0.15,0.3,60,0,1,1,0,0,0,383,76.2,1.092,246,71.5,0.899,237,73.0,0.887
690,30,0,0.15,0.3,60,0,1,1,0,1,0,233,77.7,1.223,147,68.0,0.774,151,70.2,0.844
690,30,0,0.15,0.3,60,0,1,1,1,0,0,342,76.6,1.098,223,71.7,0.887,218,72.9,0.875
690,30,0,0.15,0.3,60,0,1,1,1,1,0,210,79.0,1.328,136,67.6,0.735,138,70.3,0.837
690,30,0,0.15,0.3,60,0,1,-1,0,0,0,348,73.9,0.938,240,77.1,1.159,223,77.6,1.207
690,30,0,0.15,0.3,60,0,1,-1,0,1,0,204,74.5,1.014,134,74.6,0.996,140,76.4,1.134
690,30,0,0.15,0.3,60,0,1,-1,-1,0,0,308,73.7,0.916,215,77.2,1.172,211,78.2,1.217
690,30,0,0.15,0.3,60,0,-1,0,0,0,0,275,72.4,0.899,219,70.3,0.858,215,70.2,0.841
690,30,0,0.15,0.3,60,1,0,0,0,0,0,515,75.9,1.041,363,70.5,0.856,308,72.4,0.857
690,30,0,0.15,0.3,60,1,0,0,0,0,1,308,75.6,1.003,240,69.6,0.836,200,72.0,0.839
690,30,0,0.15,0.3,60,1,0,0,0,0,-1,207,76.3,1.098,123,72.4,0.898,108,73.1,0.892
690,30,0,0.15,0.3,60,1,0,0,0,1,0,309,75.7,1.043,207,67.6,0.767,185,72.4,0.925
690,30,0,0.15,0.3,60,1,0,0,0,2,0,206,76.2,1.038,156,74.4,0.994,123,72.4,0.77
690,30,0,0.15,0.3,60,1,0,0,1,0,0,259,76.4,1.087,199,71.4,0.886,162,73.5,0.846
690,30,0,0.15,0.3,60,1,0,0,-1,0,0,256,75.4,0.999,164,69.5,0.823,145,71.0,0.865
690,30,0,0.15,0.3,60,1,0,1,0,0,0,263,76.4,1.094,195,70.3,0.876,160,74.4,0.928
690,30,0,0.15,0.3,60,1,0,1,1,0,0,236,76.3,1.047,174,69.5,0.825,146,72.6,0.843
690,30,0,0.15,0.3,60,1,0,-1,0,0,0,252,75.4,0.991,168,70.8,0.835,148,70.3,0.796
690,30,0,0.15,0.3,60,1,0,-1,-1,0,0,229,75.1,0.949,143,68.5,0.765,132,68.9,0.788
690,30,0,0.15,0.3,60,1,1,0,0,0,0,386,75.6,1.045,258,73.3,0.979,213,75.6,0.972
690,30,0,0.15,0.3,60,1,1,0,0,0,1,237,76.4,1.097,172,71.5,0.906,140,74.3,0.889
690,30,0,0.15,0.3,60,1,1,0,0,1,0,234,73.5,0.92,149,70.5,0.898,130,76.9,1.162
690,30,0,0.15,0.3,60,1,1,0,1,0,0,205,76.6,1.13,143,72.0,0.93,107,74.8,0.86
690,30,0,0.15,0.3,60,1,1,1,0,0,0,204,76.5,1.102,143,70.6,0.918,112,75.9,0.933
690,30,0,0.15,0.3,60,-1,0,0,0,0,0,453,72.2,0.904,323,75.5,1.099,291,75.6,1.114
690,30,0,0.15,0.3,60,-1,0,0,0,0,-1,297,71.7,0.857,202,78.2,1.388,176,79.0,1.424
690,30,0,0.15,0.3,60,-1,0,0,0,1,0,258,76.7,1.244,185,72.4,0.894,171,71.3,0.871
690,30,0,0.15,0.3,60,-1,0,0,1,0,0,217,73.3,0.922,160,75.0,1.024,145,73.1,0.959
690,30,0,0.15,0.3,60,-1,0,0,-1,0,0,236,71.2,0.887,163,76.1,1.18,146,78.1,1.301
690,30,0,0.15,0.3,60,-1,0,1,0,0,0,217,73.7,0.966,156,75.6,1.045,148,73.6,0.954
690,30,0,0.15,0.3,60,-1,0,-1,0,0,0,236,70.8,0.847,167,75.4,1.153,143,77.6,1.322
690,30,0,0.15,0.3,60,-1,0,-1,-1,0,0,213,71.4,0.885,153,75.8,1.17,137,78.1,1.298
690,30,0,0.15,0.3,60,-1,1,0,0,0,0,316,74.1,0.962,216,75.9,1.098,193,76.7,1.154
690,30,0,0.15,0.3,60,-1,1,0,0,0,-1,209,73.2,0.876,138,79.7,1.512,120,80.8,1.517
690,30,0,0.25,1.0,60,0,0,0,0,0,0,1008,48.5,0.881,706,47.3,0.926,679,47.0,0.92
690,30,0,0.25,1.0,60,0,0,0,0,0,1,484,50.6,0.901,373,47.5,0.873,357,47.3,0.871
690,30,0,0.25,1.0,60,0,0,0,0,0,-1,520,46.5,0.86,331,47.4,1.003,314,47.1,0.974
690,30,0,0.25,1.0,60,0,0,0,0,1,0,603,50.1,0.993,408,45.3,0.848,423,45.4,0.908
690,30,0,0.25,1.0,60,0,0,0,0,1,1,284,50.0,0.963,214,45.8,0.794,227,46.3,0.885
690,30,0,0.25,1.0,60,0,0,0,0,1,-1,319,50.2,1.021,194,44.8,0.917,196,44.4,0.937
690,30,0,0.25,1.0,60,0,0,0,0,2,0,405,46.2,0.753,298,50.0,1.044,256,49.6,0.941
690,30,0,0.25,1.0,60,0,0,0,0,2,1,200,51.5,0.828,159,49.7,1.005,130,49.2,0.845
690,30,0,0.25,1.0,60,0,0,0,0,2,-1,201,40.8,0.681,137,51.1,1.122,118,51.7,1.034
690,30,0,0.25,1.0,60,0,0,0,1,0,0,500,52.0,0.957,370,50.3,0.961,354,47.7,0.881
690,30,0,0.25,1.0,60,0,0,0,1,0,1,240,54.2,0.989,199,49.7,0.85,189,49.2,0.852
690,30,0,0.25,1.0,60,0,0,0,1,0,-1,259,49.8,0.92,169,51.5,1.134,160,46.9,0.923
690,30,0,0.25,1.0,60,0,0,0,1,1,0,306,56.9,1.164,217,47.5,0.855,225,45.3,0.87
690,30,0,0.25,1.0,60,0,0,0,-1,0,0,508,45.1,0.815,336,44.0,0.888,324,46.0,0.961
690,30,0,0.25,1.0,60,0,0,0,-1,0,1,244,47.1,0.827,174,44.8,0.899,168,45.2,0.893
690,30,0,0.25,1.0,60,0,0,0,-1,0,-1,261,43.3,0.806,162,43.2,0.875,153,47.1,1.019
690,30,0,0.25,1.0,60,0,0,0,-1,1,0,297,43.1,0.852,191,42.9,0.84,197,45.2,0.944
690,30,0,0.25,1.0,60,0,0,0,-1,2,0,211,47.9,0.771,145,45.5,0.959,127,47.2,0.99
690,30,0,0.25,1.0,60,0,0,1,0,0,0,503,50.7,0.902,362,48.6,0.886,352,47.4,0.871
690,30,0,0.25,1.0,60,0,0,1,0,0,1,242,51.2,0.843,196,48.0,0.791,186,49.5,0.886
690,30,0,0.25,1.0,60,0,0,1,0,0,-1,261,50.2,0.958,165,49.7,1.023,163,45.4,0.861
690,30,0,0.25,1.0,60,0,0,1,0,1,0,308,54.2,1.014,215,47.4,0.841,225,45.8,0.873
690,30,0,0.25,1.0,60,0,0,1,1,0,0,450,52.4,0.978,329,49.2,0.904,326,47.5,0.863
690,30,0,0.25,1.0,60,0,0,1,1,0,1,215,54.0,0.95,178,47.8,0.753,175,49.1,0.84
690,30,0,0.25,1.0,60,0,0,1,1,0,-1,235,51.1,1.004,150,51.3,1.127,148,45.9,0.893
690,30,0,0.25,1.0,60,0,0,1,1,1,0,276,56.9,1.184,198,47.5,0.86,210,45.7,0.88
690,30,0,0.25,1.0,60,0,0,-1,0,0,0,503,46.3,0.858,343,46.1,0.972,323,47.1,0.984
690,30,0,0.25,1.0,60,0,0,-1,0,0,1,242,50.0,0.96,177,46.9,0.964,171,45.0,0.856
690,30,0,0.25,1.0,60,0,0,-1,0,0,-1,259,42.9,0.773,166,45.2,0.982,151,49.0,1.122
690,30,0,0.25,1.0,60,0,0,-1,0,1,0,295,45.8,0.974,193,43.0,0.854,198,44.9,0.949
690,30,0,0.25,1.0,60,0,0,-1,0,2,0,208,47.1,0.724,150,50.0,1.166,125,50.4,1.044
690,30,0,0.25,1.0,60,0,0,-1,-1,0,0,454,46.3,0.87,303,44.2,0.907,297,46.5,0.97
690,30,0,0.25,1.0,60,0,0,-1,-1,0,1,217,49.3,0.922,156,44.2,0.865,157,44.6,0.844
690,30,0,0.25,1.0,60,0,0,-1,-1,0,-1,235,43.4,0.825,147,44.2,0.958,139,48.2,1.1
690,30,0,0.25,1.0,60,0,0,-1,-1,1,0,265,44.5,0.965,174,42.5,0.86,183,45.4,0.97
690,30,0,0.25,1.0,60,0,1,0,0,0,0,733,50.2,0.959,487,48.0,0.92,464,47.8,0.907
690,30,0,0.25,1.0,60,0,1,0,0,0,1,359,52.4,0.967,258,48.1,0.849,242,48.8,0.883
690,30,0,0.25,1.0,60,0,1,0,0,0,-1,371,48.2,0.949,227,48.5,1.026,215,47.9,0.948
690,30,0,0.25,1.0,60,0,1,0,0,1,0,437,53.1,1.175,281,47.0,0.881,291,48.5,0.988
690,30,0,0.25,1.0,60,0,1,0,0,1,1,206,51.9,1.032,147,46.9,0.768,153,49.7,0.972
690,30,0,0.25,1.0,60,0,1,0,0,1,-1,231,54.1,1.307,134,47.0,1.038,138,47.1,1.007
690,30,0,0.25,1.0,60,0,1,0,0,2,0,296,45.9,0.728,206,49.5,0.976,173,46.8,0.779
690,30,0,0.25,1.0,60,0,1,0,1,0,0,383,54.0,1.071,249,51.4,0.909,232,48.7,0.859
690,30,0,0.25,1.0,60,0,1,0,1,0,-1,202,52.0,1.049,106,50.0,1.006,102,44.1,0.78
690,30,0,0.25,1.0,60,0,1,0,1,1,0,235,59.6,1.318,147,48.3,0.803,145,48.3,0.932
690,30,0,0.25,1.0,60,0,1,0,-1,0,0,350,46.0,0.859,238,44.5,0.931,231,46.8,0.953
690,30,0,0.25,1.0,60,0,1,0,-1,1,0,202,45.5,1.045,134,45.5,0.974,145,48.3,1.033
690,30,0,0.25,1.0,60,0,1,1,0,0,0,383,52.7,0.991,246,49.2,0.825,237,48.9,0.849
690,30,0,0.25,1.0,60,0,1,1,0,1,0,233,57.5,1.194,147,47.6,0.781,151,49.0,0.934
690,30,0,0.25,1.0,60,0,1,1,1,0,0,342,55.0,1.11,223,50.2,0.837,218,48.6,0.819
690,30,0,0.25,1.0,60,0,1,1,1,1,0,210,60.5,1.402,136,47.8,0.784,138,48.6,0.924
690,30,0,0.25,1.0,60,0,1,-1,0,0,0,348,47.4,0.922,240,47.1,1.036,223,47.5,0.989
690,30,0,0.25,1.0,60,0,1,-1,0,1,0,204,48.0,1.157,134,46.3,0.995,140,47.9,1.048
690,30,0,0.25,1.0,60,0,1,-1,-1,0,0,308,47.7,0.946,215,45.1,0.958,211,46.9,0.943
690,30,0,0.25,1.0,60,0,-1,0,0,0,0,275,44.0,0.7,219,45.7,0.94,215,45.1,0.951
690,30,0,0.25,1.0,60,1,0,0,0,0,0,515,51.3,0.899,363,46.8,0.902,308,47.7,0.862
690,30,0,0.25,1.0,60,1,0,0,0,0,1,308,54.2,0.903,240,46.7,0.861,200,47.0,0.797
690,30,0,0.25,1.0,60,1,0,0,0,0,-1,207,46.9,0.894,123,47.2,0.983,108,49.1,0.98
690,30,0,0.25,1.0,60,1,0,0,0,1,0,309,51.1,0.954,207,44.4,0.817,185,45.9,0.875
690,30,0,0.25,1.0,60,1,0,0,0,2,0,206,51.5,0.832,156,50.0,1.04,123,50.4,0.841
690,30,0,0.25,1.0,60,1,0,0,1,0,0,259,56.0,1.125,199,50.3,0.94,162,49.4,0.843
690,30,0,0.25,1.0,60,1,0,0,-1,0,0,256,46.5,0.729,164,42.7,0.858,145,45.5,0.87
690,30,0,0.25,1.0,60,1,0,1,0,0,0,263,54.8,0.997,195,49.2,0.935,160,50.0,0.909
690,30,0,0.25,1.0,60,1,0,1,1,0,0,236,56.8,1.133,174,49.4,0.91,146,48.6,0.832
690,30,0,0.25,1.0,60,1,0,-1,0,0,0,252,47.6,0.811,168,44.0,0.868,148,45.3,0.816
690,30,0,0.25,1.0,60,1,0,-1,-1,0,0,229,47.6,0.794,143,42.0,0.822,132,43.9,0.8
690,30,0,0.25,1.0,60,1,1,0,0,0,0,386,51.8,0.931,258,48.4,0.937,213,49.3,0.877
690,30,0,0.25,1.0,60,1,1,0,0,0,1,237,54.0,0.859,172,47.1,0.818,140,47.1,0.738
690,30,0,0.25,1.0,60,1,1,0,0,1,0,234,51.7,0.994,149,47.7,0.876,130,50.0,0.952
690,30,0,0.25,1.0,60,1,1,0,1,0,0,205,55.1,1.063,143,53.1,0.949,107,50.5,0.78
690,30,0,0.25,1.0,60,1,1,1,0,0,0,204,54.4,0.948,143,51.7,0.941,112,52.7,0.892
690,30,0,0.25,1.0,60,-1,0,0,0,0,0,453,45.0,0.856,323,49.2,0.981,291,48.8,0.964
690,30,0,0.25,1.0,60,-1,0,0,0,0,-1,297,46.5,0.852,202,49.0,1.06,176,48.9,1.043
690,30,0,0.25,1.0,60,-1,0,0,0,1,0,258,48.4,1.046,185,48.6,0.924,171,48.0,0.937
690,30,0,0.25,1.0,60,-1,0,0,1,0,0,217,45.2,0.773,160,52.5,1.05,145,49.7,0.92
690,30,0,0.25,1.0,60,-1,0,0,-1,0,0,236,44.9,0.938,163,46.0,0.915,146,47.9,1.015
690,30,0,0.25,1.0,60,-1,0,1,0,0,0,217,45.2,0.805,156,49.4,0.878,148,48.6,0.883
690,30,0,0.25,1.0,60,-1,0,-1,0,0,0,236,44.9,0.903,167,49.1,1.095,143,49.0,1.065
690,30,0,0.25,1.0,60,-1,0,-1,-1,0,0,213,45.5,0.97,153,47.1,0.972,137,48.9,1.037
690,30,0,0.25,1.0,60,-1,1,0,0,0,0,316,48.1,0.989,216,48.6,0.903,193,48.2,0.871
690,30,0,0.25,1.0,60,-1,1,0,0,0,-1,209,48.3,0.907,138,47.8,0.964,120,45.8,0.843
690,30,1,0.25,0.6,60,0,0,0,0,0,0,1008,53.0,0.956,706,57.4,1.038,679,56.7,1.042
690,30,1,0.25,0.6,60,0,0,0,0,0,1,520,54.6,0.992,331,56.2,0.939,314,56.4,0.962
690,30,1,0.25,0.6,60,0,0,0,0,0,-1,484,51.2,0.922,373,58.2,1.125,357,56.9,1.129
690,30,1,0.25,0.6,60,0,0,0,0,1,0,603,51.2,0.869,408,59.8,1.142,423,58.6,1.07
690,30,1,0.25,0.6,60,0,0,0,0,1,1,319,50.5,0.87,194,60.3,1.109,196,60.2,1.061
690,30,1,0.25,0.6,60,0,0,0,0,1,-1,284,52.1,0.867,214,59.3,1.17,227,57.3,1.078
690,30,1,0.25,0.6,60,0,0,0,0,2,0,405,55.6,1.089,298,54.0,0.913,256,53.5,0.996
690,30,1,0.25,0.6,60,0,0,0,0,2,1,201,61.2,1.198,137,50.4,0.759,118,50.0,0.825
690,30,1,0.25,0.6,60,0,0,0,0,2,-1,200,50.0,0.997,159,56.6,1.063,130,56.2,1.229
690,30,1,0.25,0.6,60,0,0,0,1,0,0,508,56.1,1.005,336,60.4,1.11,324,58.3,1.059
690,30,1,0.25,0.6,60,0,0,0,1,0,1,261,57.1,1.035,162,60.5,1.08,153,56.9,0.996
690,30,1,0.25,0.6,60,0,0,0,1,0,-1,244,54.9,0.968,174,60.3,1.138,168,59.5,1.145
690,30,1,0.25,0.6,60,0,0,0,1,1,0,297,57.9,0.993,191,62.8,1.158,197,58.9,1.026
690,30,1,0.25,0.6,60,0,0,0,1,2,0,211,53.6,1.022,145,57.2,1.05,127,57.5,1.112
690,30,1,0.25,0.6,60,0,0,0,-1,0,0,500,49.8,0.908,370,54.6,0.976,354,55.4,1.033
690,30,1,0.25,0.6,60,0,0,0,-1,0,1,259,52.1,0.95,169,52.1,0.828,160,56.2,0.945
690,30,1,0.25,0.6,60,0,0,0,-1,0,-1,240,47.5,0.876,199,56.3,1.113,189,54.5,1.116
690,30,1,0.25,0.6,60,0,0,0,-1,1,0,306,44.8,0.761,217,57.1,1.128,225,58.7,1.123
690,30,1,0.25,0.6,60,0,0,1,0,0,0,503,55.3,0.956,343,58.6,1.039,323,57.0,1.006
690,30,1,0.25,0.6,60,0,0,1,0,0,1,259,57.9,1.075,166,59.0,1.01,151,55.6,0.906
690,30,1,0.25,0.6,60,0,0,1,0,0,-1,242,52.5,0.847,177,58.2,1.066,171,58.5,1.134
690,30,1,0.25,0.6,60,0,0,1,0,1,0,295,55.3,0.857,193,62.7,1.166,198,59.1,1.033
690,30,1,0.25,0.6,60,0,0,1,0,2,0,208,55.3,1.111,150,53.3,0.895,125,53.6,0.964
690,30,1,0.25,0.6,60,0,0,1,1,0,0,454,55.1,0.955,303,60.1,1.09,297,57.9,1.04
690,30,1,0.25,0.6,60,0,0,1,1,0,1,235,56.6,1.012,147,59.2,0.986,139,56.1,0.927
690,30,1,0.25,0.6,60,0,0,1,1,0,-1,217,53.5,0.9,156,60.9,1.191,157,59.9,1.189
690,30,1,0.25,0.6,60,0,0,1,1,1,0,265,56.2,0.888,174,63.2,1.144,183,59.0,1.021
690,30,1,0.25,0.6,60,0,0,-1,0,0,0,503,50.7,0.958,362,56.1,1.034,352,56.2,1.07
690,30,1,0.25,0.6,60,0,0,-1,0,0,1,261,51.3,0.918,165,53.3,0.872,163,57.1,1.017
690,30,1,0.25,0.6,60,0,0,-1,0,0,-1,242,50.0,1.006,196,58.2,1.188,186,55.4,1.125
690,30,1,0.25,0.6,60,0,0,-1,0,1,0,308,47.4,0.881,215,57.2,1.119,225,58.2,1.106
690,30,1,0.25,0.6,60,0,0,-1,-1,0,0,450,49.1,0.909,329,55.3,1.01,326,56.1,1.067
690,30,1,0.25,0.6,60,0,0,-1,-1,0,1,235,50.2,0.885,150,51.3,0.788,148,56.8,0.968
690,30,1,0.25,0.6,60,0,0,-1,-1,0,-1,215,47.9,0.936,178,58.4,1.248,175,55.4,1.165
690,30,1,0.25,0.6,60,0,0,-1,-1,1,0,276,44.6,0.777,198,57.1,1.104,210,58.6,1.12
690,30,1,0.25,0.6,60,0,1,0,0,0,0,275,56.7,1.199,219,61.2,1.129,215,60.9,1.115
690,30,1,0.25,0.6,60,0,-1,0,0,0,0,733,51.6,0.881,487,55.6,0.999,464,54.7,1.008
690,30,1,0.25,0.6,60,0,-1,0,0,0,1,371,53.4,0.909,227,55.9,0.922,215,55.8,0.982
690,30,1,0.25,0.6,60,0,-1,0,0,0,-1,359,49.6,0.851,258,55.0,1.06,242,53.3,1.025
690,30,1,0.25,0.6,60,0,-1,0,0,1,0,437,48.5,0.731,281,58.4,1.104,291,55.7,0.989
690,30,1,0.25,0.6,60,0,-1,0,0,1,1,231,47.6,0.688,134,59.0,1.008,138,58.0,1.006
690,30,1,0.25,0.6,60,0,-1,0,0,1,-1,206,49.5,0.788,147,57.8,1.195,153,53.6,0.974
690,30,1,0.25,0.6,60,0,-1,0,0,2,0,296,56.1,1.134,206,51.9,0.869,173,53.2,1.044
690,30,1,0.25,0.6,60,0,-1,0,1,0,0,350,56.3,0.951,238,59.2,1.066,231,56.7,1.054
690,30,1,0.25,0.6,60,0,-1,0,1,1,0,202,56.9,0.818,134,60.4,1.038,145,55.9,0.967
690,30,1,0.25,0.6,60,0,-1,0,-1,0,0,383,47.3,0.818,249,52.2,0.939,232,53.0,0.977
690,30,1,0.25,0.6,60,0,-1,0,-1,0,1,202,50.0,0.855,106,53.8,0.876,102,58.8,1.079
690,30,1,0.25,0.6,60,0,-1,0,-1,1,0,235,41.3,0.658,147,56.5,1.171,145,55.9,1.028
690,30,1,0.25,0.6,60,0,-1,1,0,0,0,348,55.2,0.888,240,57.1,0.987,223,55.6,1.007
690,30,1,0.25,0.6,60,0,-1,1,0,1,0,204,54.4,0.718,134,60.4,1.08,140,56.4,0.976
690,30,1,0.25,0.6,60,0,-1,1,1,0,0,308,54.5,0.871,215,58.6,1.048,211,56.4,1.066
690,30,1,0.25,0.6,60,0,-1,-1,0,0,0,383,48.3,0.876,246,54.1,1.006,237,53.6,1.0
690,30,1,0.25,0.6,60,0,-1,-1,0,1,0,233,43.3,0.744,147,56.5,1.129,151,55.0,1.002
690,30,1,0.25,0.6,60,0,-1,-1,-1,0,0,342,45.9,0.802,223,52.9,0.985,218,53.7,1.025
690,30,1,0.25,0.6,60,0,-1,-1,-1,1,0,210,40.0,0.64,136,56.6,1.143,138,55.8,1.042
690,30,1,0.25,0.6,60,1,0,0,0,0,0,453,56.1,0.949,323,54.5,0.932,291,54.3,0.928
690,30,1,0.25,0.6,60,1,0,0,0,0,1,297,54.5,0.966,202,53.5,0.839,176,53.4,0.847
690,30,1,0.25,0.6,60,1,0,0,0,1,0,258,51.6,0.781,185,56.8,1.056,171,56.1,0.996
690,30,1,0.25,0.6,60,1,0,0,1,0,0,236,56.4,0.854,163,55.8,0.973,146,54.1,0.947
690,30,1,0.25,0.6,60,1,0,0,-1,0,0,217,55.8,1.061,160,53.1,0.893,145,54.5,0.911
690,30,1,0.25,0.6,60,1,0,1,0,0,0,236,56.8,0.871,167,53.9,0.898,143,53.1,0.878
690,30,1,0.25,0.6,60,1,0,1,1,0,0,213,55.9,0.826,153,54.2,0.898,137,53.3,0.906
690,30,1,0.25,0.6,60,1,0,-1,0,0,0,217,55.3,1.038,156,55.1,0.97,148,55.4,0.98
690,30,1,0.25,0.6,60,1,-1,0,0,0,0,316,53.5,0.83,216,55.6,1.031,193,54.9,1.043
690,30,1,0.25,0.6,60,1,-1,0,0,0,1,209,53.6,0.912,138,55.1,0.908,120,55.8,1.014
690,30,1,0.25,0.6,60,-1,0,0,0,0,0,515,50.5,0.968,363,58.7,1.103,308,56.8,1.166
690,30,1,0.25,0.6,60,-1,0,0,0,0,1,207,54.6,1.009,123,58.5,1.034,108,56.5,1.053
690,30,1,0.25,0.6,60,-1,0,0,0,0,-1,308,47.7,0.94,240,58.8,1.14,200,57.0,1.237
690,30,1,0.25,0.6,60,-1,0,0,0,1,0,309,51.1,0.949,207,60.4,1.149,185,57.8,1.11
690,30,1,0.25,0.6,60,-1,0,0,0,2,0,206,49.5,0.994,156,56.4,1.042,123,55.3,1.257
690,30,1,0.25,0.6,60,-1,0,0,1,0,0,256,55.1,1.143,164,64.0,1.258,145,62.8,1.306
690,30,1,0.25,0.6,60,-1,0,0,-1,0,0,259,45.9,0.816,199,54.3,0.985,162,51.9,1.071
690,30,1,0.25,0.6,60,-1,0,1,0,0,0,252,54.0,1.046,168,62.5,1.206,148,61.5,1.297
690,30,1,0.25,0.6,60,-1,0,1,1,0,0,229,54.1,1.083,143,65.7,1.369,132,64.4,1.415
690,30,1,0.25,0.6,60,-1,0,-1,0,0,0,263,47.1,0.896,195,55.4,1.013,160,52.5,1.05
690,30,1,0.25,0.6,60,-1,0,-1,-1,0,0,236,45.3,0.829,174,55.7,1.067,146,53.4,1.133
690,30,1,0.25,0.6,60,-1,-1,0,0,0,0,386,50.3,0.929,258,55.0,0.961,213,53.1,1.011
690,30,1,0.25,0.6,60,-1,-1,0,0,0,-1,237,48.5,0.966,172,54.7,1.02,140,52.9,1.081
690,30,1,0.25,0.6,60,-1,-1,0,0,1,0,234,50.9,0.905,149,57.7,1.034,130,53.8,0.959
690,30,1,0.25,0.6,60,-1,-1,0,-1,0,0,205,45.9,0.835,143,49.7,0.849,107,48.6,0.973
690,30,1,0.25,0.6,60,-1,-1,-1,0,0,0,204,47.1,0.921,143,51.0,0.87,112,47.3,0.862
690,60,0,0.25,0.3,60,0,0,0,0,0,0,1008,68.9,1.023,706,70.1,1.089,678,70.4,1.106
690,60,0,0.25,0.3,60,0,0,0,0,0,1,505,70.5,1.146,370,67.6,1.012,353,68.8,1.075
690,60,0,0.25,0.3,60,0,0,0,0,0,-1,499,67.1,0.912,334,72.8,1.17,317,72.6,1.159
690,60,0,0.25,0.3,60,0,0,0,0,1,0,603,68.2,1.092,408,68.9,1.043,421,70.1,1.138
690,60,0,0.25,0.3,60,0,0,0,0,1,1,290,68.3,1.133,212,66.0,0.979,221,68.3,1.139
690,60,0,0.25,0.3,60,0,0,0,0,1,-1,313,68.1,1.058,196,71.9,1.116,200,72.0,1.136
690,60,0,0.25,0.3,60,0,0,0,0,2,0,405,70.1,0.938,298,71.8,1.157,257,70.8,1.057
690,60,0,0.25,0.3,60,0,0,0,0,2,1,215,73.5,1.161,158,69.6,1.059,132,69.7,0.976
690,60,0,0.25,0.3,60,0,0,0,1,0,0,532,70.3,1.137,348,70.7,1.007,331,68.9,0.919
690,60,0,0.25,0.3,60,0,0,0,1,0,1,266,71.4,1.24,187,66.8,0.894,176,67.0,0.913
690,60,0,0.25,0.3,60,0,0,0,1,0,-1,264,68.9,1.041,160,75.0,1.142,150,71.3,0.943
690,60,0,0.25,0.3,60,0,0,0,1,1,0,316,71.5,1.333,199,68.3,0.887,199,67.3,0.917
690,60,0,0.25,0.3,60,0,0,0,1,2,0,216,68.5,0.927,149,73.8,1.202,132,71.2,0.923
690,60,0,0.25,0.3,60,0,0,0,-1,0,0,476,67.4,0.918,358,69.6,1.183,346,71.7,1.353
690,60,0,0.25,0.3,60,0,0,0,-1,0,1,239,69.5,1.057,183,68.3,1.158,177,70.6,1.292
690,60,0,0.25,0.3,60,0,0,0,-1,0,-1,235,65.1,0.795,174,70.7,1.199,166,73.5,1.43
690,60,0,0.25,0.3,60,0,0,0,-1,1,0,287,64.5,0.896,209,69.4,1.237,221,72.4,1.421
690,60,0,0.25,0.3,60,0,0,1,0,0,0,527,69.3,1.107,350,68.3,0.903,333,68.2,0.892
690,60,0,0.25,0.3,60,0,0,1,0,0,1,264,70.8,1.208,189,65.1,0.847,175,66.9,0.919
690,60,0,0.25,0.3,60,0,0,1,0,0,-1,262,67.6,1.018,161,72.0,0.967,155,70.3,0.894
690,60,0,0.25,0.3,60,0,0,1,0,1,0,312,68.6,1.182,199,66.8,0.843,203,67.0,0.917
690,60,0,0.25,0.3,60,0,0,1,0,2,0,215,70.2,1.016,151,70.2,0.99,130,70.0,0.855
690,60,0,0.25,0.3,60,0,0,1,1,0,0,478,70.9,1.21,312,69.2,0.922,305,68.2,0.868
690,60,0,0.25,0.3,60,0,0,1,1,0,1,241,72.2,1.331,169,64.5,0.795,163,66.3,0.861
690,60,0,0.25,0.3,60,0,0,1,1,0,-1,236,69.5,1.106,143,74.8,1.088,139,71.2,0.908
690,60,0,0.25,0.3,60,0,0,1,1,1,0,283,71.4,1.396,181,66.9,0.818,186,66.1,0.86
690,60,0,0.25,0.3,60,0,0,-1,0,0,0,479,68.5,0.937,355,71.8,1.342,341,72.7,1.408
690,60,0,0.25,0.3,60,0,0,-1,0,0,1,241,70.1,1.084,181,70.2,1.233,178,70.8,1.269
690,60,0,0.25,0.3,60,0,0,-1,0,0,-1,237,66.7,0.812,173,73.4,1.466,162,74.7,1.569
690,60,0,0.25,0.3,60,0,0,-1,0,1,0,291,67.7,1.006,209,70.8,1.314,218,72.9,1.429
690,60,0,0.25,0.3,60,0,0,-1,-1,0,0,426,69.0,0.978,320,70.6,1.255,317,72.6,1.372
690,60,0,0.25,0.3,60,0,0,-1,-1,0,1,216,70.8,1.145,163,68.1,1.116,165,70.3,1.221
690,60,0,0.25,0.3,60,0,0,-1,-1,0,-1,209,67.0,0.839,156,73.1,1.418,151,74.8,1.547
690,60,0,0.25,0.3,60,0,0,-1,-1,1,0,258,67.1,1.014,191,69.6,1.24,205,72.2,1.372
690,60,0,0.25,0.3,60,0,1,0,0,0,0,857,69.8,1.067,577,70.4,1.082,550,70.5,1.097
690,60,0,0.25,0.3,60,0,1,0,0,0,1,431,70.5,1.206,302,67.2,1.002,283,69.3,1.104
690,60,0,0.25,0.3,60,0,1,0,0,0,-1,422,68.7,0.943,274,73.7,1.171,260,72.7,1.117
690,60,0,0.25,0.3,60,0,1,0,0,1,0,513,69.8,1.184,327,68.8,0.98,336,70.2,1.104
690,60,0,0.25,0.3,60,0,1,0,0,1,1,247,68.4,1.229,169,65.7,0.936,173,68.8,1.154
690,60,0,0.25,0.3,60,0,1,0,0,1,-1,266,71.1,1.148,158,72.2,1.03,163,71.8,1.056
690,60,0,0.25,0.3,60,0,1,0,0,2,0,344,69.8,0.928,250,72.4,1.245,214,71.0,1.086
690,60,0,0.25,0.3,60,0,1,0,1,0,0,461,70.7,1.212,283,70.3,0.98,264,68.2,0.878
690,60,0,0.25,0.3,60,0,1,0,1,0,1,227,70.9,1.325,151,66.9,0.913,139,68.3,0.989
690,60,0,0.25,0.3,60,0,1,0,1,0,-1,232,70.3,1.108,131,74.0,1.047,120,68.3,0.791
690,60,0,0.25,0.3,60,0,1,0,1,1,0,278,72.7,1.477,161,67.1,0.791,155,66.5,0.855
690,60,0,0.25,0.3,60,0,1,0,-1,0,0,396,68.7,0.937,294,70.4,1.197,285,72.6,1.387
690,60,0,0.25,0.3,60,0,1,0,-1,0,1,204,70.1,1.099,151,67.5,1.102,144,70.1,1.239
690,60,0,0.25,0.3,60,0,1,0,-1,1,0,235,66.4,0.944,166,70.5,1.224,180,73.3,1.411
690,60,0,0.25,0.3,60,0,1,1,0,0,0,457,70.0,1.186,285,67.7,0.865,271,67.2,0.834
690,60,0,0.25,0.3,60,0,1,1,0,0,1,228,70.6,1.3,155,65.2,0.856,142,68.3,0.995
690,60,0,0.25,0.3,60,0,1,1,0,0,-1,228,69.3,1.088,130,70.8,0.875,126,66.7,0.729
690,60,0,0.25,0.3,60,0,1,1,0,1,0,273,70.7,1.365,162,65.4,0.736,163,66.3,0.852
690,60,0,0.25,0.3,60,0,1,1,1,0,0,415,71.6,1.308,252,68.7,0.877,244,67.2,0.808
690,60,0,0.25,0.3,60,0,1,1,1,0,1,206,72.3,1.494,137,64.2,0.79,130,67.7,0.92
690,60,0,0.25,0.3,60,0,1,1,1,0,-1,208,70.7,1.163,115,73.9,0.986,111,67.6,0.735
690,60,0,0.25,0.3,60,0,1,1,1,1,0,248,73.0,1.61,147,65.3,0.707,147,65.3,0.791
690,60,0,0.25,0.3,60,0,1,-1,0,0,0,398,69.3,0.949,291,72.9,1.383,275,74.2,1.503
690,60,0,0.25,0.3,60,0,1,-1,0,0,1,203,70.4,1.118,147,69.4,1.19,141,70.2,1.23
690,60,0,0.25,0.3,60,0,1,-1,0,1,0,240,68.8,1.022,165,72.1,1.341,173,74.0,1.447
690,60,0,0.25,0.3,60,0,1,-1,-1,0,0,353,70.3,0.998,261,71.6,1.272,257,73.9,1.423
690,60,0,0.25,0.3,60,0,1,-1,-1,1,0,210,68.6,1.054,151,70.9,1.229,165,73.3,1.365
690,60,0,0.25,0.3,60,1,0,0,0,0,0,514,70.0,1.103,352,69.3,1.032,306,69.9,1.026
690,60,0,0.25,0.3,60,1,0,0,0,0,1,319,70.2,1.112,233,67.4,1.024,199,67.8,0.996
690,60,0,0.25,0.3,60,1,0,0,0,1,0,305,67.9,1.096,198,69.2,1.022,180,70.6,1.115
690,60,0,0.25,0.3,60,1,0,0,0,2,0,209,73.2,1.112,154,69.5,1.046,126,69.0,0.907
690,60,0,0.25,0.3,60,1,0,0,0,2,1,202,73.8,1.147,149,69.1,1.054,122,68.9,0.915
690,60,0,0.25,0.3,60,1,0,0,1,0,0,276,71.0,1.192,182,72.0,1.031,151,70.2,0.889
690,60,0,0.25,0.3,60,1,0,0,-1,0,0,238,68.9,1.018,170,66.5,1.032,154,69.5,1.189
690,60,0,0.25,0.3,60,1,0,1,0,0,0,275,70.2,1.161,184,69.0,0.909,152,70.4,0.895
690,60,0,0.25,0.3,60,1,0,1,1,0,0,252,71.4,1.256,164,69.5,0.893,140,69.3,0.822
690,60,0,0.25,0.3,60,1,0,-1,0,0,0,239,69.9,1.044,168,69.6,1.199,154,69.5,1.185
690,60,0,0.25,0.3,60,1,0,-1,-1,0,0,215,70.2,1.087,150,66.7,1.027,143,68.5,1.107
690,60,0,0.25,0.3,60,1,1,0,0,0,0,446,70.2,1.102,297,69.4,0.998,252,70.2,1.005
690,60,0,0.25,0.3,60,1,1,0,0,0,1,277,69.3,1.087,197,67.0,1.021,165,67.9,0.999
690,60,0,0.25,0.3,60,1,1,0,0,1,0,269,68.4,1.099,166,69.3,0.935,147,70.7,1.034
690,60,0,0.25,0.3,60,1,1,0,1,0,0,245,70.2,1.162,152,69.7,0.937,123,67.5,0.769
690,60,0,0.25,0.3,60,1,1,0,-1,0,0,201,70.1,1.041,145,69.0,1.069,128,72.7,1.332
690,60,0,0.25,0.3,60,1,1,1,0,0,0,245,69.8,1.151,155,67.1,0.837,127,68.5,0.798
690,60,0,0.25,0.3,60,1,1,1,1,0,0,224,71.0,1.252,137,67.2,0.808,115,67.0,0.717
690,60,0,0.25,0.3,60,1,1,-1,0,0,0,201,70.6,1.051,142,71.8,1.229,125,72.0,1.292
690,60,0,0.25,0.3,60,-1,0,0,0,0,0,454,67.6,0.944,334,71.9,1.191,292,71.9,1.21
690,60,0,0.25,0.3,60,-1,0,0,0,0,-1,286,66.4,0.85,209,73.7,1.325,178,74.2,1.358
690,60,0,0.25,0.3,60,-1,0,0,0,1,0,262,68.7,1.122,194,70.1,1.121,174,70.7,1.171
690,60,0,0.25,0.3,60,-1,0,0,1,0,0,235,68.5,1.05,154,70.1,0.992,137,69.3,0.928
690,60,0,0.25,0.3,60,-1,0,0,-1,0,0,219,66.7,0.845,180,73.3,1.428,155,74.2,1.621
690,60,0,0.25,0.3,60,-1,0,1,0,0,0,230,67.8,1.051,156,68.6,0.918,143,68.5,0.912
690,60,0,0.25,0.3,60,-1,0,1,1,0,0,208,69.7,1.144,139,69.8,0.951,129,69.8,0.919
690,60,0,0.25,0.3,60,-1,0,-1,0,0,0,224,67.4,0.846,178,74.7,1.591,149,75.2,1.712
690,60,0,0.25,0.3,60,-1,1,0,0,0,0,377,69.0,1.024,266,71.8,1.182,234,71.8,1.203
690,60,0,0.25,0.3,60,-1,1,0,0,0,-1,238,67.2,0.861,170,74.7,1.416,147,74.1,1.365
690,60,0,0.25,0.3,60,-1,1,0,0,1,0,214,71.5,1.348,149,69.1,1.045,136,70.6,1.179
690,60,1,0.15,1.0,60,0,0,0,0,0,0,1008,45.7,0.854,706,46.3,0.814,678,46.3,0.816
690,60,1,0.15,1.0,60,0,0,0,0,0,1,499,47.9,0.902,334,45.2,0.753,317,45.4,0.752
690,60,1,0.15,1.0,60,0,0,0,0,0,-1,505,43.4,0.804,370,47.3,0.884,353,47.0,0.885
690,60,1,0.15,1.0,60,0,0,0,0,1,0,603,45.9,0.814,408,47.8,0.87,421,46.3,0.825
690,60,1,0.15,1.0,60,0,0,0,0,1,1,313,46.0,0.822,196,47.4,0.81,200,47.0,0.801
690,60,1,0.15,1.0,60,0,0,0,0,1,-1,290,45.9,0.805,212,48.1,0.935,221,45.7,0.849
690,60,1,0.15,1.0,60,0,0,0,0,2,0,405,45.4,0.912,298,44.3,0.745,257,46.3,0.801
690,60,1,0.15,1.0,60,0,0,0,0,2,-1,215,40.0,0.802,158,46.2,0.819,132,49.2,0.947
690,60,1,0.15,1.0,60,0,0,0,1,0,0,476,48.3,0.879,358,48.0,0.845,346,47.1,0.808
690,60,1,0.15,1.0,60,0,0,0,1,0,1,235,50.2,0.946,174,44.8,0.747,166,45.2,0.75
690,60,1,0.15,1.0,60,0,0,0,1,0,-1,239,46.0,0.806,183,51.4,0.967,177,48.6,0.873
690,60,1,0.15,1.0,60,0,0,0,1,1,0,287,51.6,0.893,209,47.8,0.822,221,44.8,0.754
690,60,1,0.15,1.0,60,0,0,0,-1,0,0,532,43.4,0.831,348,44.5,0.785,331,45.6,0.827
690,60,1,0.15,1.0,60,0,0,0,-1,0,1,264,45.8,0.865,160,45.6,0.758,150,46.0,0.761
690,60,1,0.15,1.0,60,0,0,0,-1,0,-1,266,41.0,0.801,187,43.3,0.806,176,45.5,0.897
690,60,1,0.15,1.0,60,0,0,0,-1,1,0,316,40.8,0.744,199,47.7,0.922,199,48.2,0.913
690,60,1,0.15,1.0,60,0,0,0,-1,2,0,216,47.2,0.961,149,40.3,0.628,132,41.7,0.709
690,60,1,0.15,1.0,60,0,0,1,0,0,0,479,47.4,0.852,355,47.0,0.805,341,46.3,0.794
690,60,1,0.15,1.0,60,0,0,1,0,0,1,237,48.1,0.887,173,44.5,0.697,162,45.1,0.73
690,60,1,0.15,1.0,60,0,0,1,0,0,-1,241,46.5,0.815,181,49.7,0.939,178,47.8,0.872
690,60,1,0.15,1.0,60,0,0,1,0,1,0,291,48.8,0.797,209,48.3,0.845,218,45.4,0.781
690,60,1,0.15,1.0,60,0,0,1,1,0,0,426,47.2,0.836,320,48.1,0.841,317,47.3,0.829
690,60,1,0.15,1.0,60,0,0,1,1,0,1,209,48.3,0.874,156,43.6,0.673,151,45.0,0.739
690,60,1,0.15,1.0,60,0,0,1,1,0,-1,216,45.8,0.798,163,52.8,1.062,165,49.7,0.94
690,60,1,0.15,1.0,60,0,0,1,1,1,0,258,49.2,0.799,191,49.2,0.861,205,46.3,0.818
690,60,1,0.15,1.0,60,0,0,-1,0,0,0,527,44.2,0.856,350,45.4,0.821,333,46.2,0.84
690,60,1,0.15,1.0,60,0,0,-1,0,0,1,262,47.7,0.916,161,46.0,0.811,155,45.8,0.775
690,60,1,0.15,1.0,60,0,0,-1,0,0,-1,264,40.5,0.793,189,45.0,0.832,175,46.3,0.899
690,60,1,0.15,1.0,60,0,0,-1,0,1,0,312,43.3,0.831,199,47.2,0.897,203,47.3,0.873
690,60,1,0.15,1.0,60,0,0,-1,0,2,0,215,45.6,0.889,151,43.0,0.732,130,44.6,0.791
690,60,1,0.15,1.0,60,0,0,-1,-1,0,0,478,42.9,0.819,312,45.2,0.814,305,46.9,0.874
690,60,1,0.15,1.0,60,0,0,-1,-1,0,1,236,45.8,0.85,143,44.8,0.739,139,46.0,0.773
690,60,1,0.15,1.0,60,0,0,-1,-1,0,-1,241,39.8,0.783,169,45.6,0.898,163,47.2,0.971
690,60,1,0.15,1.0,60,0,0,-1,-1,1,0,283,40.3,0.739,181,48.6,0.948,186,49.5,0.969
690,60,1,0.15,1.0,60,0,-1,0,0,0,0,857,45.5,0.852,577,46.6,0.814,550,46.4,0.826
690,60,1,0.15,1.0,60,0,-1,0,0,0,1,422,46.4,0.868,274,46.7,0.822,260,47.3,0.852
690,60,1,0.15,1.0,60,0,-1,0,0,0,-1,431,44.3,0.833,302,46.4,0.803,283,45.2,0.794
690,60,1,0.15,1.0,60,0,-1,0,0,1,0,513,44.2,0.762,327,48.9,0.912,336,46.7,0.854
690,60,1,0.15,1.0,60,0,-1,0,0,1,1,266,42.5,0.731,158,50.0,0.943,163,49.1,0.923
690,60,1,0.15,1.0,60,0,-1,0,0,1,-1,247,46.2,0.8,169,47.9,0.883,173,44.5,0.79
690,60,1,0.15,1.0,60,0,-1,0,0,2,0,344,47.4,0.996,250,43.6,0.696,214,45.8,0.781
690,60,1,0.15,1.0,60,0,-1,0,1,0,0,396,48.2,0.869,294,49.0,0.86,285,47.4,0.817
690,60,1,0.15,1.0,60,0,-1,0,1,0,-1,204,47.5,0.847,151,53.0,0.965,144,50.0,0.876
690,60,1,0.15,1.0,60,0,-1,0,1,1,0,235,50.6,0.846,166,48.2,0.811,180,44.4,0.747
690,60,1,0.15,1.0,60,0,-1,0,-1,0,0,461,43.2,0.836,283,44.2,0.769,264,45.5,0.839
690,60,1,0.15,1.0,60,0,-1,0,-1,0,1,232,44.8,0.859,131,48.9,0.884,120,51.7,0.985
690,60,1,0.15,1.0,60,0,-1,0,-1,0,-1,227,41.4,0.819,151,39.7,0.658,139,40.3,0.714
690,60,1,0.15,1.0,60,0,-1,0,-1,1,0,278,38.8,0.693,161,49.7,1.03,155,49.7,1.001
690,60,1,0.15,1.0,60,0,-1,1,0,0,0,398,47.7,0.857,291,48.1,0.819,275,46.5,0.799
690,60,1,0.15,1.0,60,0,-1,1,0,0,-1,203,48.8,0.879,147,51.7,0.941,141,49.6,0.894
690,60,1,0.15,1.0,60,0,-1,1,0,1,0,240,48.8,0.784,165,49.1,0.833,173,45.7,0.788
690,60,1,0.15,1.0,60,0,-1,1,1,0,0,353,47.0,0.825,261,49.0,0.856,257,47.5,0.836
690,60,1,0.15,1.0,60,0,-1,1,1,1,0,210,48.6,0.762,151,49.7,0.845,165,46.1,0.812
690,60,1,0.15,1.0,60,0,-1,-1,0,0,0,457,43.5,0.848,285,44.9,0.806,271,46.1,0.855
690,60,1,0.15,1.0,60,0,-1,-1,0,0,1,228,46.5,0.901,130,49.2,0.953,126,51.6,1.015
690,60,1,0.15,1.0,60,0,-1,-1,0,0,-1,228,40.4,0.79,155,41.3,0.681,142,40.8,0.7
690,60,1,0.15,1.0,60,0,-1,-1,0,1,0,273,40.3,0.741,162,48.8,1.004,163,47.9,0.931
690,60,1,0.15,1.0,60,0,-1,-1,-1,0,0,415,42.2,0.812,252,44.4,0.795,244,46.7,0.891
690,60,1,0.15,1.0,60,0,-1,-1,-1,0,1,208,44.7,0.844,115,47.8,0.861,111,52.3,1.026
690,60,1,0.15,1.0,60,0,-1,-1,-1,0,-1,206,39.3,0.774,137,41.6,0.732,130,41.5,0.759
690,60,1,0.15,1.0,60,0,-1,-1,-1,1,0,248,37.5,0.662,147,50.3,1.066,147,50.3,1.05
690,60,1,0.15,1.0,60,1,0,0,0,0,0,454,47.6,0.831,334,44.0,0.741,292,44.2,0.728
690,60,1,0.15,1.0,60,1,0,0,0,0,1,286,49.0,0.912,209,43.1,0.676,178,43.3,0.658
690,60,1,0.15,1.0,60,1,0,0,0,1,0,262,44.7,0.696,194,44.8,0.796,174,43.7,0.759
690,60,1,0.15,1.0,60,1,0,0,1,0,0,219,48.4,0.835,180,42.2,0.717,155,42.6,0.706
690,60,1,0.15,1.0,60,1,0,0,-1,0,0,235,46.8,0.828,154,46.1,0.769,137,46.0,0.753
690,60,1,0.15,1.0,60,1,0,1,0,0,0,224,48.2,0.828,178,42.1,0.708,149,42.3,0.682
690,60,1,0.15,1.0,60,1,0,-1,0,0,0,230,47.0,0.835,156,46.2,0.778,143,46.2,0.776
690,60,1,0.15,1.0,60,1,0,-1,-1,0,0,208,45.7,0.783,139,46.0,0.744,129,45.7,0.764
690,60,1,0.15,1.0,60,1,-1,0,0,0,0,377,47.5,0.804,266,45.5,0.775,234,45.7,0.799
690,60,1,0.15,1.0,60,1,-1,0,0,0,1,238,48.3,0.879,170,44.7,0.721,147,45.6,0.75
690,60,1,0.15,1.0,60,1,-1,0,0,1,0,214,43.0,0.617,149,47.0,0.842,136,44.9,0.803
690,60,1,0.15,1.0,60,-1,0,0,0,0,0,514,43.6,0.871,352,47.7,0.861,306,47.1,0.893
690,60,1,0.15,1.0,60,-1,0,0,0,0,-1,319,42.3,0.873,233,47.6,0.864,199,47.2,0.9
690,60,1,0.15,1.0,60,-1,0,0,0,1,0,305,46.6,0.93,198,49.5,0.899,180,47.2,0.872
690,60,1,0.15,1.0,60,-1,0,0,0,2,0,209,39.2,0.797,154,45.5,0.812,126,46.8,0.927
690,60,1,0.15,1.0,60,-1,0,0,0,2,-1,202,39.6,0.805,149,45.6,0.815,122,47.5,0.95
690,60,1,0.15,1.0,60,-1,0,0,1,0,0,238,46.6,0.89,170,54.1,1.003,154,52.6,0.971
690,60,1,0.15,1.0,60,-1,0,0,-1,0,0,276,40.9,0.853,182,41.8,0.745,151,41.7,0.829
690,60,1,0.15,1.0,60,-1,0,1,0,0,0,239,45.6,0.859,168,52.4,0.928,154,51.9,0.983
690,60,1,0.15,1.0,60,-1,0,1,1,0,0,215,46.0,0.877,150,55.3,1.066,143,54.5,1.062
690,60,1,0.15,1.0,60,-1,0,-1,0,0,0,275,41.8,0.882,184,43.5,0.803,152,42.1,0.81
690,60,1,0.15,1.0,60,-1,0,-1,-1,0,0,252,40.9,0.869,164,43.3,0.829,140,43.6,0.888
690,60,1,0.15,1.0,60,-1,-1,0,0,0,0,446,43.7,0.907,297,47.1,0.833,252,45.6,0.842
690,60,1,0.15,1.0,60,-1,-1,0,0,0,-1,277,43.7,0.948,197,46.2,0.768,165,44.8,0.785
690,60,1,0.15,1.0,60,-1,-1,0,0,1,0,269,45.4,0.922,166,50.0,0.95,147,46.9,0.901
690,60,1,0.15,1.0,60,-1,-1,0,1,0,0,201,46.3,0.893,145,53.1,0.969,128,50.8,0.876
690,60,1,0.15,1.0,60,-1,-1,0,-1,0,0,245,41.6,0.92,152,41.4,0.721,123,40.7,0.818
690,60,1,0.15,1.0,60,-1,-1,1,0,0,0,201,45.8,0.88,142,52.1,0.919,125,51.2,0.934
690,60,1,0.15,1.0,60,-1,-1,-1,0,0,0,245,42.0,0.932,155,42.6,0.76,127,40.2,0.761
690,60,1,0.15,1.0,60,-1,-1,-1,-1,0,0,224,41.1,0.923,137,42.3,0.788,115,41.7,0.847
720,-2,0,0.15,0.6,60,0,0,0,0,0,0,1008,58.7,0.89,705,58.7,1.002,679,59.1,1.039
720,-2,0,0.15,0.6,60,0,0,0,0,0,1,505,60.8,0.941,355,58.6,1.043,337,59.3,1.089
720,-2,0,0.15,0.6,60,0,0,0,0,0,-1,499,56.9,0.853,348,59.2,0.981,334,59.9,1.045
720,-2,0,0.15,0.6,60,0,0,0,0,1,0,603,58.5,0.933,408,60.3,1.076,423,60.3,1.161
720,-2,0,0.15,0.6,60,0,0,0,0,1,1,294,59.5,0.943,201,59.2,1.08,208,61.5,1.27
720,-2,0,0.15,0.6,60,0,0,0,0,1,-1,309,57.6,0.924,207,61.4,1.072,215,59.1,1.069
720,-2,0,0.15,0.6,60,0,0,0,0,2,0,405,59.0,0.834,297,56.6,0.912,256,57.0,0.876
720,-2,0,0.15,0.6,60,0,0,0,0,2,1,211,62.6,0.937,154,57.8,0.998,129,55.8,0.858
720,-2,0,0.15,0.6,60,0,0,0,1,0,0,524,60.3,0.952,323,60.4,1.101,301,58.1,1.008
720,-2,0,0.15,0.6,60,0,0,0,1,0,1,262,61.5,1.004,167,62.3,1.345,151,61.6,1.276
720,-2,0,0.15,0.6,60,0,0,0,1,0,-1,260,59.2,0.905,154,59.1,0.948,143,57.3,0.903
720,-2,0,0.15,0.6,60,0,0,0,1,1,0,330,60.9,1.04,186,58.6,1.03,184,58.7,1.114
720,-2,0,0.15,0.6,60,0,0,0,-1,0,0,484,57.0,0.833,382,57.3,0.928,377,59.7,1.062
720,-2,0,0.15,0.6,60,0,0,0,-1,0,1,243,60.1,0.883,188,55.3,0.852,186,57.5,0.962
720,-2,0,0.15,0.6,60,0,0,0,-1,0,-1,239,54.4,0.802,194,59.3,1.008,190,61.6,1.163
720,-2,0,0.15,0.6,60,0,0,0,-1,1,0,273,55.7,0.824,222,61.7,1.112,238,61.3,1.194
720,-2,0,0.15,0.6,60,0,0,0,-1,2,0,211,58.8,0.843,160,51.2,0.716,139,56.8,0.877
720,-2,0,0.15,0.6,60,0,0,1,0,0,0,521,60.1,0.938,331,58.6,1.007,312,58.7,1.031
720,-2,0,0.15,0.6,60,0,0,1,0,0,1,261,61.7,1.003,172,61.0,1.228,155,62.6,1.362
720,-2,0,0.15,0.6,60,0,0,1,0,0,-1,259,58.7,0.887,158,56.3,0.852,153,56.2,0.864
720,-2,0,0.15,0.6,60,0,0,1,0,1,0,328,59.8,0.987,190,57.9,1.009,192,59.4,1.133
720,-2,0,0.15,0.6,60,0,0,1,1,0,0,471,60.1,0.935,290,59.7,1.064,279,59.1,1.053
720,-2,0,0.15,0.6,60,0,0,1,1,0,1,238,60.9,0.977,152,61.8,1.307,142,62.7,1.37
720,-2,0,0.15,0.6,60,0,0,1,1,0,-1,232,59.5,0.903,137,57.7,0.895,133,57.1,0.892
720,-2,0,0.15,0.6,60,0,0,1,1,1,0,298,60.7,1.048,170,57.6,1.012,173,59.0,1.113
720,-2,0,0.15,0.6,60,0,0,-1,0,0,0,485,57.3,0.845,373,59.0,1.005,363,59.8,1.063
720,-2,0,0.15,0.6,60,0,0,-1,0,0,1,244,59.8,0.883,183,56.3,0.913,182,56.6,0.914
720,-2,0,0.15,0.6,60,0,0,-1,0,0,-1,240,55.0,0.818,190,61.6,1.105,181,63.0,1.235
720,-2,0,0.15,0.6,60,0,0,-1,0,1,0,275,57.1,0.876,218,62.4,1.132,231,61.0,1.185
720,-2,0,0.15,0.6,60,0,0,-1,0,2,0,210,57.6,0.808,155,54.2,0.849,132,57.6,0.887
720,-2,0,0.15,0.6,60,0,0,-1,-1,0,0,433,56.8,0.822,341,58.1,0.96,344,60.2,1.085
720,-2,0,0.15,0.6,60,0,0,-1,-1,0,1,220,59.1,0.849,168,55.4,0.86,173,57.2,0.945
720,-2,0,0.15,0.6,60,0,0,-1,-1,0,-1,212,54.7,0.806,173,60.7,1.071,171,63.2,1.242
720,-2,0,0.15,0.6,60,0,0,-1,-1,1,0,243,56.4,0.863,202,61.9,1.125,220,61.4,1.187
720,-2,0,0.15,0.6,60,0,1,0,0,0,0,842,57.7,0.868,573,57.4,0.949,564,58.0,0.993
720,-2,0,0.15,0.6,60,0,1,0,0,0,1,435,59.1,0.893,292,55.5,0.91,282,56.7,0.962
720,-2,0,0.15,0.6,60,0,1,0,0,0,-1,403,56.6,0.855,279,59.9,1.01,276,60.1,1.062
720,-2,0,0.15,0.6,60,0,1,0,0,1,0,510,57.6,0.935,329,58.4,0.988,354,58.8,1.068
720,-2,0,0.15,0.6,60,0,1,0,0,1,1,253,58.1,0.927,162,55.6,0.914,172,58.7,1.112
720,-2,0,0.15,0.6,60,0,1,0,0,1,-1,257,57.2,0.942,167,61.1,1.06,182,58.8,1.029
720,-2,0,0.15,0.6,60,0,1,0,0,2,0,332,57.8,0.781,244,56.1,0.9,210,56.7,0.881
720,-2,0,0.15,0.6,60,0,1,0,1,0,0,446,58.7,0.897,274,58.4,1.051,263,56.7,0.995
720,-2,0,0.15,0.6,60,0,1,0,1,0,1,234,59.0,0.907,142,60.6,1.263,133,60.2,1.212
720,-2,0,0.15,0.6,60,0,1,0,1,0,-1,210,58.6,0.887,130,56.9,0.926,125,55.2,0.895
720,-2,0,0.15,0.6,60,0,1,0,1,1,0,283,60.1,1.038,159,56.6,0.962,164,56.7,1.048
720,-2,0,0.15,0.6,60,0,1,0,-1,0,0,396,56.6,0.839,299,56.5,0.869,300,59.0,0.988
720,-2,0,0.15,0.6,60,0,1,0,-1,0,1,201,59.2,0.879,150,50.7,0.684,149,53.7,0.786
720,-2,0,0.15,0.6,60,0,1,0,-1,1,0,227,54.6,0.826,170,60.0,1.01,189,60.3,1.078
720,-2,0,0.15,0.6,60,0,1,1,0,0,0,439,58.5,0.886,281,58.4,1.026,271,58.3,1.044
720,-2,0,0.15,0.6,60,0,1,1,0,0,1,230,59.1,0.913,148,60.1,1.166,137,62.0,1.323
720,-2,0,0.15,0.6,60,0,1,1,0,0,-1,208,58.2,0.867,132,56.8,0.927,131,55.7,0.886
720,-2,0,0.15,0.6,60,0,1,1,0,1,0,278,59.0,0.989,163,57.1,0.983,171,58.5,1.094
720,-2,0,0.15,0.6,60,0,1,1,1,0,0,397,58.7,0.89,247,58.3,1.05,244,57.8,1.047
720,-2,0,0.15,0.6,60,0,1,1,1,0,1,211,58.3,0.879,129,60.5,1.239,125,61.6,1.322
720,-2,0,0.15,0.6,60,0,1,1,1,1,0,252,59.9,1.053,145,55.9,0.953,154,57.1,1.05
720,-2,0,0.15,0.6,60,0,1,-1,0,0,0,401,56.9,0.851,291,56.7,0.895,290,57.9,0.961
720,-2,0,0.15,0.6,60,0,1,-1,0,0,1,205,59.0,0.872,144,50.7,0.726,145,51.7,0.726
720,-2,0,0.15,0.6,60,0,1,-1,0,1,0,232,56.0,0.877,166,59.6,0.992,183,59.0,1.045
720,-2,0,0.15,0.6,60,0,1,-1,-1,0,0,353,56.7,0.842,265,56.2,0.869,273,58.6,0.988
720,-2,0,0.15,0.6,60,0,1,-1,-1,1,0,201,55.2,0.867,152,59.2,0.988,173,59.5,1.047
720,-2,0,0.15,0.6,60,1,0,0,0,0,0,507,61.7,1.009,350,57.4,0.995,307,58.3,1.031
720,-2,0,0.15,0.6,60,1,0,0,0,0,1,316,63.3,1.039,227,57.3,1.008,194,57.7,1.018
720,-2,0,0.15,0.6,60,1,0,0,0,1,0,298,61.1,1.086,198,57.6,1.011,182,58.8,1.131
720,-2,0,0.15,0.6,60,1,0,0,0,2,0,209,62.7,0.918,152,57.2,0.975,125,57.6,0.905
720,-2,0,0.15,0.6,60,1,0,0,0,2,1,200,63.0,0.929,146,57.5,0.983,120,57.5,0.924
720,-2,0,0.15,0.6,60,1,0,0,1,0,0,267,62.5,0.994,172,58.7,1.077,140,57.9,0.961
720,-2,0,0.15,0.6,60,1,0,0,-1,0,0,240,60.8,1.024,178,56.2,0.925,166,58.4,1.087
720,-2,0,0.15,0.6,60,1,0,1,0,0,0,268,63.4,1.044,176,57.4,1.012,144,60.4,1.108
720,-2,0,0.15,0.6,60,1,0,1,1,0,0,241,62.7,1.001,157,58.0,1.044,131,59.5,1.065
720,-2,0,0.15,0.6,60,1,0,-1,0,0,0,239,59.8,0.976,174,57.5,0.98,163,56.4,0.972
720,-2,0,0.15,0.6,60,1,0,-1,-1,0,0,213,59.6,0.981,159,56.6,0.943,154,57.8,1.058
720,-2,0,0.15,0.6,60,1,1,0,0,0,0,431,60.1,0.971,297,57.6,1.002,265,58.5,1.028
720,-2,0,0.15,0.6,60,1,1,0,0,0,1,273,60.8,0.963,193,55.4,0.941,167,56.3,0.945
720,-2,0,0.15,0.6,60,1,1,0,0,1,0,250,59.6,1.091,168,59.5,1.114,159,60.4,1.185
720,-2,0,0.15,0.6,60,1,1,0,1,0,0,237,60.3,0.907,149,57.7,1.079,124,57.3,0.995
720,-2,0,0.15,0.6,60,1,1,1,0,0,0,236,61.0,0.955,151,57.0,1.033,127,60.6,1.181
720,-2,0,0.15,0.6,60,1,1,1,1,0,0,213,60.6,0.92,134,56.7,1.038,115,59.1,1.128
720,-2,0,0.15,0.6,60,-1,0,0,0,0,0,461,55.5,0.794,335,60.9,1.044,292,63.0,1.18
720,-2,0,0.15,0.6,60,-1,0,0,0,0,-1,288,55.2,0.794,214,59.8,0.992,182,63.2,1.202
720,-2,0,0.15,0.6,60,-1,0,0,0,1,0,269,55.4,0.808,194,63.4,1.159,174,64.4,1.326
720,-2,0,0.15,0.6,60,-1,0,0,1,0,0,234,56.8,0.892,145,62.8,1.146,125,60.8,1.126
720,-2,0,0.15,0.6,60,-1,0,0,-1,0,0,227,54.2,0.704,190,59.5,0.973,167,64.7,1.225
720,-2,0,0.15,0.6,60,-1,0,1,0,0,0,231,55.8,0.846,149,60.4,1.016,134,59.7,1.065
720,-2,0,0.15,0.6,60,-1,0,1,1,0,0,211,56.4,0.862,129,62.0,1.093,118,61.0,1.127
720,-2,0,0.15,0.6,60,-1,0,-1,0,0,0,230,55.2,0.743,186,61.3,1.066,158,65.8,1.293
720,-2,0,0.15,0.6,60,-1,0,-1,-1,0,0,207,54.6,0.704,170,60.6,1.022,151,66.2,1.301
720,-2,0,0.15,0.6,60,-1,1,0,0,0,0,378,54.8,0.771,262,58.4,0.937,231,60.6,1.06
720,-2,0,0.15,0.6,60,-1,1,0,0,0,-1,231,54.5,0.772,168,58.9,0.967,146,62.3,1.163
720,-2,0,0.15,0.6,60,-1,1,0,0,1,0,231,54.5,0.793,150,58.0,0.901,137,59.9,1.05
720,-2,1,0.15,0.3,60,0,0,0,0,0,0,1008,71.0,0.882,705,73.0,0.89,679,73.5,0.895
720,-2,1,0.15,0.3,60,0,0,0,0,0,1,499,72.1,0.934,348,73.6,0.957,334,74.6,0.972
720,-2,1,0.15,0.3,60,0,0,0,0,0,-1,505,69.9,0.835,355,72.4,0.824,337,71.8,0.802
720,-2,1,0.15,0.3,60,0,0,0,0,1,0,603,71.1,0.894,408,71.1,0.834,423,70.7,0.804
720,-2,1,0.15,0.3,60,0,0,0,0,1,1,309,72.5,0.962,207,71.5,0.868,215,72.1,0.887
720,-2,1,0.15,0.3,60,0,0,0,0,1,-1,294,69.7,0.831,201,70.6,0.801,208,69.2,0.731
720,-2,1,0.15,0.3,60,0,0,0,0,2,0,405,70.9,0.866,297,75.8,0.975,256,78.1,1.08
720,-2,1,0.15,0.3,60,0,0,0,0,2,-1,211,70.1,0.841,154,74.7,0.856,129,76.0,0.942
720,-2,1,0.15,0.3,60,0,0,0,1,0,0,484,74.8,0.979,382,76.7,1.122,377,76.7,1.086
720,-2,1,0.15,0.3,60,0,0,0,1,0,1,239,77.0,1.058,194,78.4,1.283,190,78.4,1.22
720,-2,1,0.15,0.3,60,0,0,0,1,0,-1,243,72.4,0.902,188,75.0,0.988,186,74.7,0.964
720,-2,1,0.15,0.3,60,0,0,0,1,1,0,273,75.1,0.922,222,73.4,0.964,238,73.9,1.005
720,-2,1,0.15,0.3,60,0,0,0,1,2,0,211,74.4,1.056,160,81.2,1.431,139,81.3,1.248
720,-2,1,0.15,0.3,60,0,0,0,-1,0,0,524,67.6,0.799,323,68.7,0.697,301,69.4,0.719
720,-2,1,0.15,0.3,60,0,0,0,-1,0,1,260,67.7,0.832,154,67.5,0.698,143,69.2,0.738
720,-2,1,0.15,0.3,60,0,0,0,-1,0,-1,262,67.6,0.773,167,69.5,0.684,151,68.2,0.657
720,-2,1,0.15,0.3,60,0,0,0,-1,1,0,330,67.9,0.87,186,68.3,0.706,184,66.3,0.619
720,-2,1,0.15,0.3,60,0,0,1,0,0,0,485,74.4,0.97,373,74.3,0.978,363,75.8,1.05
720,-2,1,0.15,0.3,60,0,0,1,0,0,1,240,74.6,0.971,190,74.7,1.056,181,75.7,1.066
720,-2,1,0.15,0.3,60,0,0,1,0,0,-1,244,74.2,0.964,183,73.8,0.909,182,75.8,1.036
720,-2,1,0.15,0.3,60,0,0,1,0,1,0,275,73.8,0.887,218,72.0,0.924,231,73.2,0.99
720,-2,1,0.15,0.3,60,0,0,1,0,2,0,210,75.2,1.094,155,77.4,1.066,132,80.3,1.169
720,-2,1,0.15,0.3,60,0,0,1,1,0,0,433,75.1,0.985,341,76.2,1.089,344,76.2,1.072
720,-2,1,0.15,0.3,60,0,0,1,1,0,1,212,76.9,1.052,173,77.5,1.235,171,77.2,1.158
720,-2,1,0.15,0.3,60,0,0,1,1,0,-1,220,73.2,0.922,168,75.0,0.967,173,75.1,0.996
720,-2,1,0.15,0.3,60,0,0,1,1,1,0,243,74.5,0.895,202,73.8,0.984,220,74.1,1.032
720,-2,1,0.15,0.3,60,0,0,-1,0,0,0,521,67.9,0.809,331,71.6,0.798,312,70.5,0.74
720,-2,1,0.15,0.3,60,0,0,-1,0,0,1,259,69.9,0.901,158,72.2,0.856,153,73.2,0.878
720,-2,1,0.15,0.3,60,0,0,-1,0,0,-1,261,65.9,0.726,172,70.9,0.742,155,67.1,0.61
720,-2,1,0.15,0.3,60,0,0,-1,0,1,0,328,68.9,0.9,190,70.0,0.742,192,67.7,0.639
720,-2,1,0.15,0.3,60,0,0,-1,-1,0,0,471,67.5,0.799,290,70.3,0.744,279,69.2,0.705
720,-2,1,0.15,0.3,60,0,0,-1,-1,0,1,232,69.0,0.88,137,70.1,0.782,133,70.7,0.792
720,-2,1,0.15,0.3,60,0,0,-1,-1,0,-1,238,66.0,0.725,152,70.4,0.705,142,66.9,0.612
720,-2,1,0.15,0.3,60,0,0,-1,-1,1,0,298,67.8,0.874,170,70.0,0.738,173,67.1,0.628
720,-2,1,0.15,0.3,60,0,-1,0,0,0,0,842,71.1,0.892,573,73.8,0.91,564,74.6,0.918
720,-2,1,0.15,0.3,60,0,-1,0,0,0,1,403,72.0,0.941,279,72.8,0.896,276,74.6,0.92
720,-2,1,0.15,0.3,60,0,-1,0,0,0,-1,435,70.3,0.848,292,74.7,0.915,282,74.1,0.893
720,-2,1,0.15,0.3,60,0,-1,0,0,1,0,510,71.2,0.885,329,71.1,0.805,354,71.2,0.785
720,-2,1,0.15,0.3,60,0,-1,0,0,1,1,257,72.4,0.954,167,69.5,0.762,182,71.4,0.807
720,-2,1,0.15,0.3,60,0,-1,0,0,1,-1,253,70.0,0.822,162,72.8,0.853,172,70.9,0.764
720,-2,1,0.15,0.3,60,0,-1,0,0,2,0,332,71.1,0.902,244,77.5,1.086,210,80.5,1.237
720,-2,1,0.15,0.3,60,0,-1,0,1,0,0,396,74.5,0.97,299,77.9,1.184,300,78.0,1.117
720,-2,1,0.15,0.3,60,0,-1,0,1,0,-1,201,72.6,0.897,150,78.7,1.205,149,77.9,1.127
720,-2,1,0.15,0.3,60,0,-1,0,1,1,0,227,74.9,0.883,170,72.9,0.881,189,74.1,0.93
720,-2,1,0.15,0.3,60,0,-1,0,-1,0,0,446,68.2,0.826,274,69.3,0.707,263,70.7,0.749
720,-2,1,0.15,0.3,60,0,-1,0,-1,0,1,210,68.1,0.857,130,67.7,0.684,125,70.4,0.748
720,-2,1,0.15,0.3,60,0,-1,0,-1,0,-1,234,68.4,0.807,142,70.4,0.714,133,69.9,0.716
720,-2,1,0.15,0.3,60,0,-1,0,-1,1,0,283,68.2,0.887,159,69.2,0.732,164,67.7,0.652
720,-2,1,0.15,0.3,60,0,-1,1,0,0,0,401,74.3,0.965,291,76.3,1.052,290,77.6,1.098
720,-2,1,0.15,0.3,60,0,-1,1,0,0,-1,205,74.1,0.944,144,77.8,1.084,145,79.3,1.238
720,-2,1,0.15,0.3,60,0,-1,1,0,1,0,232,73.7,0.856,166,72.3,0.868,183,73.8,0.934
720,-2,1,0.15,0.3,60,0,-1,1,1,0,0,353,74.8,0.975,265,78.1,1.177,273,78.0,1.126
720,-2,1,0.15,0.3,60,0,-1,1,1,1,0,201,74.6,0.864,152,73.7,0.908,173,74.6,0.967
720,-2,1,0.15,0.3,60,0,-1,-1,0,0,0,439,68.3,0.833,281,71.2,0.785,271,71.2,0.761
720,-2,1,0.15,0.3,60,0,-1,-1,0,0,1,208,69.7,0.906,132,70.5,0.783,131,73.3,0.861
720,-2,1,0.15,0.3,60,0,-1,-1,0,0,-1,230,67.0,0.769,148,71.6,0.779,137,68.6,0.659
720,-2,1,0.15,0.3,60,0,-1,-1,0,1,0,278,69.1,0.912,163,69.9,0.744,171,68.4,0.658
720,-2,1,0.15,0.3,60,0,-1,-1,-1,0,0,397,68.0,0.826,247,70.4,0.744,244,70.5,0.74
720,-2,1,0.15,0.3,60,0,-1,-1,-1,0,-1,211,66.8,0.76,129,71.3,0.742,125,68.8,0.671
720,-2,1,0.15,0.3,60,0,-1,-1,-1,1,0,252,68.3,0.898,145,70.3,0.753,154,68.2,0.659
720,-2,1,0.15,0.3,60,1,0,0,0,0,0,461,72.7,0.938,335,72.5,0.903,292,73.3,0.887
720,-2,1,0.15,0.3,60,1,0,0,0,0,1,288,73.6,0.964,214,75.2,1.067,182,75.8,1.027
720,-2,1,0.15,0.3,60,1,0,0,0,1,0,269,73.2,0.966,194,70.1,0.796,174,69.0,0.727
720,-2,1,0.15,0.3,60,1,0,0,1,0,0,227,76.7,1.176,190,76.8,1.206,167,75.4,1.039
720,-2,1,0.15,0.3,60,1,0,0,-1,0,0,234,68.8,0.77,145,66.9,0.66,125,70.4,0.74
720,-2,1,0.15,0.3,60,1,0,1,0,0,0,230,75.2,1.067,186,73.1,0.97,158,74.1,0.967
720,-2,1,0.15,0.3,60,1,0,1,1,0,0,207,76.8,1.153,170,75.3,1.12,151,74.2,0.986
720,-2,1,0.15,0.3,60,1,0,-1,0,0,0,231,70.1,0.832,149,71.8,0.83,134,72.4,0.81
720,-2,1,0.15,0.3,60,1,0,-1,-1,0,0,211,69.7,0.795,129,69.0,0.734,118,70.3,0.748
720,-2,1,0.15,0.3,60,1,-1,0,0,0,0,378,73.0,0.952,262,73.7,0.909,231,74.9,0.894
720,-2,1,0.15,0.3,60,1,-1,0,0,0,1,231,74.5,1.02,168,75.6,1.043,146,76.7,1.001
720,-2,1,0.15,0.3,60,1,-1,0,0,1,0,231,74.0,0.976,150,72.0,0.813,137,70.8,0.731
720,-2,1,0.15,0.3,60,-1,0,0,0,0,0,507,69.2,0.824,350,73.1,0.864,307,72.6,0.851
720,-2,1,0.15,0.3,60,-1,0,0,0,0,-1,316,68.7,0.787,227,74.4,0.891,194,73.2,0.858
720,-2,1,0.15,0.3,60,-1,0,0,0,1,0,298,68.8,0.816,198,71.7,0.869,182,70.9,0.825
720,-2,1,0.15,0.3,60,-1,0,0,0,2,0,209,69.9,0.835,152,75.0,0.857,125,75.2,0.889
720,-2,1,0.15,0.3,60,-1,0,0,0,2,-1,200,69.5,0.807,146,74.7,0.862,120,75.0,0.892
720,-2,1,0.15,0.3,60,-1,0,0,1,0,0,240,72.1,0.813,178,76.4,1.047,166,76.5,1.033
720,-2,1,0.15,0.3,60,-1,0,0,-1,0,0,267,66.7,0.836,172,69.8,0.716,140,67.9,0.683
720,-2,1,0.15,0.3,60,-1,0,1,0,0,0,239,72.8,0.864,174,74.7,0.954,163,76.7,1.081
720,-2,1,0.15,0.3,60,-1,0,1,1,0,0,213,72.8,0.844,159,76.7,1.035,154,76.6,1.054
720,-2,1,0.15,0.3,60,-1,0,-1,0,0,0,268,66.0,0.786,176,71.6,0.781,144,68.1,0.657
720,-2,1,0.15,0.3,60,-1,0,-1,-1,0,0,241,66.0,0.814,157,71.3,0.75,131,67.2,0.642
720,-2,1,0.15,0.3,60,-1,-1,0,0,0,0,431,69.4,0.843,297,73.1,0.87,265,73.6,0.89
720,-2,1,0.15,0.3,60,-1,-1,0,0,0,-1,273,69.6,0.829,193,76.2,1.003,167,75.4,1.006
720,-2,1,0.15,0.3,60,-1,-1,0,0,1,0,250,68.4,0.809,168,69.0,0.751,159,69.8,0.756
720,-2,1,0.15,0.3,60,-1,-1,0,-1,0,0,237,66.2,0.833,149,69.8,0.715,124,69.4,0.727
720,-2,1,0.15,0.3,60,-1,-1,-1,0,0,0,236,66.1,0.801,151,71.5,0.777,127,69.3,0.69
720,-2,1,0.15,0.3,60,-1,-1,-1,-1,0,0,213,65.7,0.817,134,71.6,0.754,115,68.7,0.681
720,-2,1,0.25,1.0,60,0,0,0,0,0,0,1008,47.3,1.038,705,48.7,0.889,679,48.5,0.889
720,-2,1,0.25,1.0,60,0,0,0,0,0,1,499,49.1,1.069,348,50.3,0.911,334,49.7,0.904
720,-2,1,0.25,1.0,60,0,0,0,0,0,-1,505,45.5,1.012,355,46.8,0.847,337,46.3,0.823
720,-2,1,0.25,1.0,60,0,0,0,0,1,0,603,47.1,0.99,408,47.1,0.78,423,45.6,0.727
720,-2,1,0.25,1.0,60,0,0,0,0,1,1,309,48.2,1.055,207,47.8,0.766,215,47.4,0.754
720,-2,1,0.25,1.0,60,0,0,0,0,1,-1,294,45.9,0.923,201,46.3,0.794,208,43.8,0.702
720,-2,1,0.25,1.0,60,0,0,0,0,2,0,405,47.7,1.106,297,50.8,1.056,256,53.1,1.215
720,-2,1,0.25,1.0,60,0,0,0,0,2,-1,211,45.0,1.129,154,47.4,0.927,129,50.4,1.094
720,-2,1,0.25,1.0,60,0,0,0,1,0,0,484,51.4,1.16,382,52.1,1.017,377,49.9,0.938
720,-2,1,0.25,1.0,60,0,0,0,1,0,1,239,56.1,1.284,194,52.6,0.988,190,50.0,0.922
720,-2,1,0.25,1.0,60,0,0,0,1,0,-1,243,46.9,1.064,188,51.6,1.048,186,50.0,0.959
720,-2,1,0.25,1.0,60,0,0,0,1,1,0,273,52.0,1.131,222,50.0,0.901,238,47.9,0.852
720,-2,1,0.25,1.0,60,0,0,0,1,2,0,211,50.7,1.196,160,55.0,1.218,139,53.2,1.105
720,-2,1,0.25,1.0,60,0,0,0,-1,0,0,524,43.5,0.919,323,44.6,0.762,301,46.8,0.837
720,-2,1,0.25,1.0,60,0,0,0,-1,0,1,260,42.7,0.888,154,47.4,0.826,143,49.7,0.891
720,-2,1,0.25,1.0,60,0,0,0,-1,0,-1,262,44.3,0.953,167,41.3,0.665,151,41.7,0.69
720,-2,1,0.25,1.0,60,0,0,0,-1,1,0,330,43.0,0.866,186,43.5,0.647,184,42.9,0.592
720,-2,1,0.25,1.0,60,0,0,1,0,0,0,485,50.5,1.131,373,50.7,0.955,363,49.6,0.936
720,-2,1,0.25,1.0,60,0,0,1,0,0,1,240,54.2,1.249,190,51.1,0.89,181,49.7,0.891
720,-2,1,0.25,1.0,60,0,0,1,0,0,-1,244,46.7,1.026,183,50.3,1.027,182,49.5,0.985
720,-2,1,0.25,1.0,60,0,0,1,0,1,0,275,50.2,1.028,218,49.5,0.886,231,47.6,0.87
720,-2,1,0.25,1.0,60,0,0,1,0,2,0,210,51.0,1.28,155,52.3,1.065,132,53.0,1.063
720,-2,1,0.25,1.0,60,0,0,1,1,0,0,433,51.7,1.166,341,51.6,1.018,344,49.7,0.945
720,-2,1,0.25,1.0,60,0,0,1,1,0,1,212,56.1,1.295,173,52.0,0.971,171,49.7,0.911
720,-2,1,0.25,1.0,60,0,0,1,1,0,-1,220,47.3,1.055,168,51.2,1.068,173,49.7,0.983
720,-2,1,0.25,1.0,60,0,0,1,1,1,0,243,51.4,1.061,202,50.5,0.928,220,48.2,0.882
720,-2,1,0.25,1.0,60,0,0,-1,0,0,0,521,44.5,0.958,331,46.2,0.808,312,46.8,0.823
720,-2,1,0.25,1.0,60,0,0,-1,0,0,1,259,44.4,0.919,158,49.4,0.937,153,49.7,0.92
720,-2,1,0.25,1.0,60,0,0,-1,0,0,-1,261,44.4,0.996,172,43.0,0.675,155,42.6,0.667
720,-2,1,0.25,1.0,60,0,0,-1,0,1,0,328,44.5,0.95,190,44.2,0.664,192,43.2,0.579
720,-2,1,0.25,1.0,60,0,0,-1,-1,0,0,471,43.9,0.932,290,44.8,0.783,279,46.2,0.822
720,-2,1,0.25,1.0,60,0,0,-1,-1,0,1,232,43.1,0.884,137,48.2,0.908,133,49.6,0.917
720,-2,1,0.25,1.0,60,0,0,-1,-1,0,-1,238,44.5,0.978,152,41.4,0.656,142,41.5,0.672
720,-2,1,0.25,1.0,60,0,0,-1,-1,1,0,298,43.3,0.871,170,44.1,0.662,173,43.4,0.588
720,-2,1,0.25,1.0,60,0,-1,0,0,0,0,842,47.7,1.067,573,48.9,0.902,564,49.1,0.901
720,-2,1,0.25,1.0,60,0,-1,0,0,0,1,403,48.9,1.093,279,49.5,0.874,276,50.0,0.88
720,-2,1,0.25,1.0,60,0,-1,0,0,0,-1,435,46.7,1.047,292,47.9,0.903,282,47.5,0.882
720,-2,1,0.25,1.0,60,0,-1,0,0,1,0,510,47.5,0.995,329,47.4,0.797,354,46.3,0.765
720,-2,1,0.25,1.0,60,0,-1,0,0,1,1,257,47.9,1.061,167,46.7,0.75,182,47.3,0.765
720,-2,1,0.25,1.0,60,0,-1,0,0,1,-1,253,47.0,0.927,162,48.1,0.846,172,45.3,0.765
720,-2,1,0.25,1.0,60,0,-1,0,0,2,0,332,48.2,1.175,244,50.8,1.07,210,53.8,1.198
720,-2,1,0.25,1.0,60,0,-1,0,1,0,0,396,51.3,1.14,299,51.5,0.977,300,50.0,0.935
720,-2,1,0.25,1.0,60,0,-1,0,1,0,-1,201,47.8,1.074,150,53.3,1.104,149,51.0,1.015
720,-2,1,0.25,1.0,60,0,-1,0,1,1,0,227,52.0,1.07,170,49.4,0.867,189,47.6,0.855
720,-2,1,0.25,1.0,60,0,-1,0,-1,0,0,446,44.6,0.993,274,46.0,0.825,263,48.3,0.87
720,-2,1,0.25,1.0,60,0,-1,0,-1,0,1,210,43.3,0.97,130,49.2,0.875,125,51.2,0.903
720,-2,1,0.25,1.0,60,0,-1,0,-1,0,-1,234,45.7,1.018,142,42.3,0.729,133,43.6,0.758
720,-2,1,0.25,1.0,60,0,-1,0,-1,1,0,283,43.8,0.926,159,45.3,0.722,164,45.1,0.675
720,-2,1,0.25,1.0,60,0,-1,1,0,0,0,401,50.1,1.091,291,51.5,0.989,290,50.7,0.959
720,-2,1,0.25,1.0,60,0,-1,1,0,0,-1,205,46.8,1.003,144,52.8,1.11,145,51.0,1.076
720,-2,1,0.25,1.0,60,0,-1,1,0,1,0,232,50.0,0.96,166,50.0,0.869,183,48.1,0.891
720,-2,1,0.25,1.0,60,0,-1,1,1,0,0,353,51.3,1.117,265,51.7,1.001,273,50.5,0.958
720,-2,1,0.25,1.0,60,0,-1,1,1,1,0,201,51.2,0.982,152,50.7,0.909,173,48.6,0.902
720,-2,1,0.25,1.0,60,0,-1,-1,0,0,0,439,45.8,1.056,281,45.9,0.802,271,47.2,0.83
720,-2,1,0.25,1.0,60,0,-1,-1,0,0,1,208,44.7,1.007,132,48.5,0.86,131,49.6,0.902
720,-2,1,0.25,1.0,60,0,-1,-1,0,0,-1,230,46.5,1.101,148,43.2,0.722,137,43.8,0.713
720,-2,1,0.25,1.0,60,0,-1,-1,0,1,0,278,45.3,1.034,163,44.8,0.721,171,44.4,0.643
720,-2,1,0.25,1.0,60,0,-1,-1,-1,0,0,397,45.1,1.012,247,45.3,0.799,244,47.5,0.846
720,-2,1,0.25,1.0,60,0,-1,-1,-1,0,-1,211,46.4,1.068,129,41.9,0.705,125,43.2,0.724
720,-2,1,0.25,1.0,60,0,-1,-1,-1,1,0,252,44.0,0.942,145,45.5,0.743,154,45.5,0.672
720,-2,1,0.25,1.0,60,1,0,0,0,0,0,461,51.0,1.137,335,48.4,0.843,292,46.2,0.78
720,-2,1,0.25,1.0,60,1,0,0,0,0,1,288,50.7,1.077,214,50.0,0.965,182,47.8,0.884
720,-2,1,0.25,1.0,60,1,0,0,0,1,0,269,50.9,1.147,194,44.3,0.687,174,40.8,0.579
720,-2,1,0.25,1.0,60,1,0,0,1,0,0,227,55.1,1.372,190,52.6,0.988,167,46.7,0.797
720,-2,1,0.25,1.0,60,1,0,0,-1,0,0,234,47.0,0.929,145,42.8,0.688,125,45.6,0.758
720,-2,1,0.25,1.0,60,1,0,1,0,0,0,230,53.0,1.31,186,50.5,0.86,158,46.2,0.772
720,-2,1,0.25,1.0,60,1,0,1,1,0,0,207,54.6,1.383,170,51.8,0.957,151,45.7,0.773
720,-2,1,0.25,1.0,60,1,0,-1,0,0,0,231,48.9,0.978,149,45.6,0.822,134,46.3,0.791
720,-2,1,0.25,1.0,60,1,0,-1,-1,0,0,211,47.9,0.951,129,43.4,0.763,118,44.9,0.76
720,-2,1,0.25,1.0,60,1,-1,0,0,0,0,378,51.6,1.202,262,49.6,0.875,231,49.4,0.843
720,-2,1,0.25,1.0,60,1,-1,0,0,0,1,231,50.6,1.141,168,50.0,0.946,146,50.0,0.884
720,-2,1,0.25,1.0,60,1,-1,0,0,1,0,231,51.5,1.21,150,46.7,0.762,137,44.5,0.672
720,-2,1,0.25,1.0,60,-1,0,0,0,0,0,507,43.8,0.961,350,48.0,0.905,307,47.6,0.899
720,-2,1,0.25,1.0,60,-1,0,0,0,0,-1,316,41.8,0.897,227,46.7,0.971,194,46.9,0.985
720,-2,1,0.25,1.0,60,-1,0,0,0,1,0,298,43.3,0.857,198,49.0,0.878,182,46.7,0.792
720,-2,1,0.25,1.0,60,-1,0,0,0,2,0,209,44.5,1.102,152,46.7,0.943,125,48.8,1.077
720,-2,1,0.25,1.0,60,-1,0,0,0,2,-1,200,44.5,1.116,146,45.9,0.93,120,48.3,1.048
720,-2,1,0.25,1.0,60,-1,0,0,1,0,0,240,47.1,0.974,178,50.6,1.019,166,48.8,0.924
720,-2,1,0.25,1.0,60,-1,0,0,-1,0,0,267,40.8,0.946,172,45.3,0.804,140,46.4,0.881
720,-2,1,0.25,1.0,60,-1,0,1,0,0,0,239,47.7,0.983,174,49.4,1.039,163,49.7,1.001
720,-2,1,0.25,1.0,60,-1,0,1,1,0,0,213,48.4,0.983,159,50.3,1.056,154,49.4,0.97
720,-2,1,0.25,1.0,60,-1,0,-1,0,0,0,268,40.3,0.937,176,46.6,0.786,144,45.1,0.798
720,-2,1,0.25,1.0,60,-1,0,-1,-1,0,0,241,40.7,0.941,157,45.9,0.793,131,45.8,0.844
720,-2,1,0.25,1.0,60,-1,-1,0,0,0,0,431,44.3,0.975,297,47.1,0.888,265,46.8,0.878
720,-2,1,0.25,1.0,60,-1,-1,0,0,0,-1,273,42.9,0.925,193,46.6,0.981,167,46.7,0.979
720,-2,1,0.25,1.0,60,-1,-1,0,0,1,0,250,43.6,0.83,168,47.0,0.809,159,45.3,0.778
720,-2,1,0.25,1.0,60,-1,-1,0,-1,0,0,237,42.6,1.063,149,45.6,0.816,124,46.8,0.853
720,-2,1,0.25,1.0,60,-1,-1,-1,0,0,0,236,42.8,1.088,151,46.4,0.78,127,44.9,0.755
720,-2,1,0.25,1.0,60,-1,-1,-1,-1,0,0,213,42.7,1.079,134,46.3,0.805,115,46.1,0.808
720,-1,0,0.25,0.6,60,0,0,0,0,0,0,1008,54.2,0.871,705,54.6,0.961,679,54.8,0.969
720,-1,0,0.25,0.6,60,0,0,0,0,0,1,506,56.1,0.927,346,55.8,0.967,322,56.2,0.971
720,-1,0,0.25,0.6,60,0,0,0,0,0,-1,498,52.2,0.82,357,53.8,0.978,349,54.4,1.022
720,-1,0,0.25,0.6,60,0,0,0,0,1,0,603,53.4,0.829,408,55.1,1.0,423,55.6,1.074
720,-1,0,0.25,0.6,60,0,0,0,0,1,1,297,55.2,0.924,205,54.6,0.933,210,56.2,1.034
720,-1,0,0.25,0.6,60,0,0,0,0,1,-1,306,51.6,0.753,203,55.7,1.073,213,54.9,1.115
720,-1,0,0.25,0.6,60,0,0,0,0,2,0,405,55.3,0.932,297,53.9,0.911,256,53.5,0.827
720,-1,0,0.25,0.6,60,0,0,0,0,2,1,209,57.4,0.932,141,57.4,1.019,112,56.2,0.862
720,-1,0,0.25,0.6,60,0,0,0,1,0,0,738,55.4,0.93,506,57.1,1.098,484,55.8,1.052
720,-1,0,0.25,0.6,60,0,0,0,1,0,1,369,56.6,0.964,254,59.1,1.181,235,59.1,1.152
720,-1,0,0.25,0.6,60,0,0,0,1,0,-1,366,54.1,0.893,250,55.6,1.06,242,54.1,1.053
720,-1,0,0.25,0.6,60,0,0,0,1,1,0,449,55.2,0.907,296,56.4,1.108,298,56.4,1.159
720,-1,0,0.25,0.6,60,0,0,0,1,1,1,222,56.8,1.017,153,58.8,1.166,156,59.6,1.237
720,-1,0,0.25,0.6,60,0,0,0,1,1,-1,227,53.7,0.819,143,53.8,1.052,142,52.8,1.08
720,-1,0,0.25,0.6,60,0,0,0,1,2,0,289,55.7,0.966,210,58.1,1.087,186,54.8,0.919
720,-1,0,0.25,0.6,60,0,0,0,-1,0,0,270,50.7,0.744,199,48.2,0.688,194,52.1,0.788
720,-1,0,0.25,0.6,60,0,0,1,0,0,0,708,55.1,0.909,494,55.9,1.046,475,56.2,1.077
720,-1,0,0.25,0.6,60,0,0,1,0,0,1,355,56.9,0.974,249,57.8,1.119,229,59.4,1.192
720,-1,0,0.25,0.6,60,0,0,1,0,0,-1,352,53.4,0.855,244,54.1,0.999,242,54.1,1.043
720,-1,0,0.25,0.6,60,0,0,1,0,1,0,431,54.3,0.864,292,55.5,1.077,300,56.7,1.185
720,-1,0,0.25,0.6,60,0,0,1,0,1,1,210,55.7,0.971,151,57.6,1.124,155,60.0,1.307
720,-1,0,0.25,0.6,60,0,0,1,0,1,-1,221,52.9,0.78,141,53.2,1.033,145,53.1,1.072
720,-1,0,0.25,0.6,60,0,0,1,0,2,0,277,56.3,0.978,202,56.4,1.007,175,55.4,0.934
720,-1,0,0.25,0.6,60,0,0,1,1,0,0,671,55.4,0.934,463,56.2,1.054,452,55.5,1.047
720,-1,0,0.25,0.6,60,0,0,1,1,0,1,338,56.8,0.985,233,58.4,1.137,220,59.1,1.161
720,-1,0,0.25,0.6,60,0,0,1,1,0,-1,332,54.2,0.893,229,54.1,0.999,228,53.1,1.013
720,-1,0,0.25,0.6,60,0,0,1,1,1,0,409,55.0,0.913,276,55.1,1.073,284,55.6,1.139
720,-1,0,0.25,0.6,60,0,0,1,1,1,1,202,55.9,1.003,143,58.0,1.156,149,59.7,1.274
720,-1,0,0.25,0.6,60,0,0,1,1,1,-1,207,54.1,0.838,133,51.9,0.996,135,51.1,1.012
720,-1,0,0.25,0.6,60,0,0,1,1,2,0,262,56.1,0.967,187,57.8,1.031,168,55.4,0.926
720,-1,0,0.25,0.6,60,0,0,-1,0,0,0,298,51.7,0.78,210,51.9,0.813,200,52.0,0.781
720,-1,0,0.25,0.6,60,0,0,-1,-1,0,0,233,51.1,0.771,168,47.6,0.653,171,49.7,0.712
720,-1,0,0.25,0.6,60,0,1,0,0,0,0,736,54.6,0.865,514,53.1,0.951,491,52.7,0.961
720,-1,0,0.25,0.6,60,0,1,0,0,0,1,383,55.6,0.921,258,55.0,0.986,238,54.2,0.957
720,-1,0,0.25,0.6,60,0,1,0,0,0,-1,350,53.7,0.817,254,51.6,0.95,247,52.2,1.017
720,-1,0,0.25,0.6,60,0,1,0,0,1,0,449,53.9,0.86,303,54.5,1.008,316,54.4,1.074
720,-1,0,0.25,0.6,60,0,1,0,0,1,1,224,54.9,0.99,151,54.3,0.935,154,53.9,1.015
720,-1,0,0.25,0.6,60,0,1,0,0,1,-1,225,52.9,0.76,152,54.6,1.085,162,54.9,1.135
720,-1,0,0.25,0.6,60,0,1,0,0,2,0,287,55.7,0.872,211,51.2,0.876,175,49.7,0.79
720,-1,0,0.25,0.6,60,0,1,0,1,0,0,500,56.4,0.939,336,54.8,1.059,318,52.8,1.038
720,-1,0,0.25,0.6,60,0,1,0,1,0,1,264,56.4,0.972,173,58.4,1.207,158,57.0,1.153
720,-1,0,0.25,0.6,60,0,1,0,1,0,-1,234,56.4,0.902,161,51.6,0.984,155,50.3,1.025
720,-1,0,0.25,0.6,60,0,1,0,1,1,0,312,56.4,0.952,201,54.7,1.046,202,54.0,1.118
720,-1,0,0.25,0.6,60,0,1,0,-1,0,0,236,50.8,0.748,178,50.0,0.781,172,52.3,0.831
720,-1,0,0.25,0.6,60,0,1,1,0,0,0,480,55.4,0.886,333,54.7,1.059,316,54.4,1.117
720,-1,0,0.25,0.6,60,0,1,1,0,0,1,256,55.9,0.948,175,57.7,1.151,157,58.0,1.25
720,-1,0,0.25,0.6,60,0,1,1,0,0,-1,223,55.2,0.828,157,51.6,1.003,156,51.9,1.064
720,-1,0,0.25,0.6,60,0,1,1,0,1,0,299,54.8,0.878,201,54.2,1.022,206,55.3,1.186
720,-1,0,0.25,0.6,60,0,1,1,1,0,0,449,56.1,0.938,307,54.4,1.047,296,53.0,1.062
720,-1,0,0.25,0.6,60,0,1,1,1,0,1,241,56.0,0.97,159,58.5,1.184,148,57.4,1.203
720,-1,0,0.25,0.6,60,0,1,1,1,0,-1,207,56.5,0.91,147,50.3,0.96,145,49.7,1.001
720,-1,0,0.25,0.6,60,0,1,1,1,1,0,280,56.1,0.965,186,53.2,0.997,191,53.4,1.107
720,-1,0,0.25,0.6,60,0,1,-1,0,0,0,255,52.9,0.825,180,50.6,0.811,172,50.0,0.754
720,-1,0,0.25,0.6,60,0,1,-1,-1,0,0,205,51.7,0.808,152,48.7,0.728,152,49.3,0.736
720,-1,0,0.25,0.6,60,0,-1,0,0,0,0,272,52.9,0.885,191,58.6,0.985,188,60.1,0.987
720,-1,0,0.25,0.6,60,0,-1,0,1,0,0,238,53.4,0.914,170,61.8,1.174,166,61.4,1.079
720,-1,0,0.25,0.6,60,0,-1,1,0,0,0,228,54.4,0.954,161,58.4,1.023,159,59.7,1.005
720,-1,0,0.25,0.6,60,0,-1,1,1,0,0,222,54.1,0.928,156,59.6,1.067,156,60.3,1.021
720,-1,0,0.25,0.6,60,1,0,0,0,0,0,508,56.3,0.925,352,53.7,0.921,305,53.8,0.897
720,-1,0,0.25,0.6,60,1,0,0,0,0,1,317,58.0,1.017,223,54.7,0.921,182,55.5,0.914
720,-1,0,0.25,0.6,60,1,0,0,0,1,0,301,55.1,0.908,215,52.1,0.903,196,52.0,0.925
720,-1,0,0.25,0.6,60,1,0,0,0,2,0,207,58.0,0.947,137,56.2,0.951,109,56.9,0.851
720,-1,0,0.25,0.6,60,1,0,0,1,0,0,371,56.1,0.927,261,54.4,1.02,222,53.6,0.936
720,-1,0,0.25,0.6,60,1,0,0,1,0,1,225,57.3,1.054,166,57.2,1.115,133,56.4,0.993
720,-1,0,0.25,0.6,60,1,0,0,1,1,0,225,55.6,0.93,164,52.4,0.963,145,51.0,0.916
720,-1,0,0.25,0.6,60,1,0,1,0,0,0,359,56.3,0.952,255,53.3,0.97,217,54.8,0.987
720,-1,0,0.25,0.6,60,1,0,1,0,0,1,220,58.2,1.111,161,55.9,1.044,127,58.3,1.101
720,-1,0,0.25,0.6,60,1,0,1,0,1,0,215,54.4,0.909,160,51.2,0.926,144,52.8,0.992
720,-1,0,0.25,0.6,60,1,0,1,1,0,0,340,55.9,0.95,241,53.1,0.964,208,53.4,0.931
720,-1,0,0.25,0.6,60,1,0,1,1,0,1,208,57.7,1.108,151,56.3,1.057,122,57.4,1.043
720,-1,0,0.25,0.6,60,1,0,1,1,1,0,205,54.1,0.918,154,50.6,0.92,138,50.7,0.916
720,-1,0,0.25,0.6,60,1,1,0,0,0,0,381,56.4,0.9,268,52.6,0.939,229,52.0,0.914
720,-1,0,0.25,0.6,60,1,1,0,0,0,1,239,57.7,0.984,169,53.8,0.931,134,53.0,0.893
720,-1,0,0.25,0.6,60,1,1,0,0,1,0,223,55.6,0.93,163,51.5,0.926,148,50.0,0.928
720,-1,0,0.25,0.6,60,1,1,0,1,0,0,263,56.3,0.857,184,52.2,1.013,152,50.7,0.956
720,-1,0,0.25,0.6,60,1,1,1,0,0,0,254,55.9,0.853,181,51.4,0.969,150,52.7,1.061
720,-1,0,0.25,0.6,60,1,1,1,1,0,0,238,55.9,0.857,168,50.6,0.946,141,50.4,0.967
720,-1,0,0.25,0.6,60,-1,0,0,0,0,0,460,52.0,0.818,333,56.2,1.022,294,57.1,1.078
720,-1,0,0.25,0.6,60,-1,0,0,0,0,-1,287,51.2,0.829,218,54.6,1.01,194,57.2,1.168
720,-1,0,0.25,0.6,60,-1,0,0,0,1,0,266,51.5,0.751,177,58.8,1.098,160,60.0,1.225
720,-1,0,0.25,0.6,60,-1,0,0,1,0,0,337,54.3,0.909,232,60.3,1.209,209,58.4,1.195
720,-1,0,0.25,0.6,60,-1,0,0,1,0,-1,205,53.7,0.973,150,58.7,1.172,138,56.5,1.189
720,-1,0,0.25,0.6,60,-1,0,1,0,0,0,321,54.2,0.879,226,58.8,1.151,209,58.4,1.201
720,-1,0,0.25,0.6,60,-1,0,1,1,0,0,306,54.9,0.911,211,59.7,1.171,198,58.1,1.181
720,-1,0,0.25,0.6,60,-1,1,0,0,0,0,327,52.6,0.82,231,54.5,0.998,197,54.8,1.055
720,-1,0,0.25,0.6,60,-1,1,0,0,1,0,201,51.7,0.776,128,58.6,1.111,112,60.7,1.276
720,-1,0,0.25,0.6,60,-1,1,0,1,0,0,217,55.8,0.987,143,58.7,1.173,126,55.6,1.162
720,-1,0,0.25,0.6,60,-1,1,1,0,0,0,207,55.1,0.924,143,59.4,1.234,129,57.4,1.246
720,-1,1,0.25,0.3,60,0,0,0,0,0,0,1008,64.4,0.957,705,63.8,0.876,679,63.0,0.878
720,-1,1,0.25,0.3,60,0,0,0,0,0,1,498,65.9,0.957,357,64.1,0.895,349,64.5,0.93
720,-1,1,0.25,0.3,60,0,0,0,0,0,-1,506,62.8,0.952,346,63.3,0.848,322,60.9,0.796
720,-1,1,0.25,0.3,60,0,0,0,0,1,0,603,64.3,0.979,408,63.2,0.853,423,60.8,0.773
720,-1,1,0.25,0.3,60,0,0,0,0,1,1,306,65.4,0.961,203,64.0,0.869,213,63.8,0.892
720,-1,1,0.25,0.3,60,0,0,0,0,1,-1,297,63.3,0.997,205,62.4,0.837,210,57.6,0.67
720,-1,1,0.25,0.3,60,0,0,0,0,2,0,405,64.4,0.928,297,64.6,0.908,256,66.8,1.098
720,-1,1,0.25,0.3,60,0,0,0,0,2,-1,209,62.2,0.895,141,64.5,0.863,112,67.0,1.133
720,-1,1,0.25,0.3,60,0,0,0,1,0,0,270,69.6,1.143,199,68.3,1.055,194,63.4,0.884
720,-1,1,0.25,0.3,60,0,0,0,-1,0,0,738,62.5,0.896,506,62.1,0.817,484,62.8,0.874
720,-1,1,0.25,0.3,60,0,0,0,-1,0,1,366,63.1,0.878,250,63.6,0.871,242,65.7,0.974
720,-1,1,0.25,0.3,60,0,0,0,-1,0,-1,369,61.8,0.914,254,60.2,0.755,235,58.7,0.746
720,-1,1,0.25,0.3,60,0,0,0,-1,1,0,449,61.7,0.895,296,62.5,0.823,298,60.4,0.742
720,-1,1,0.25,0.3,60,0,0,0,-1,1,1,227,61.2,0.83,143,65.0,0.867,142,66.2,0.886
720,-1,1,0.25,0.3,60,0,0,0,-1,1,-1,222,62.2,0.973,153,60.1,0.784,156,55.1,0.633
720,-1,1,0.25,0.3,60,0,0,0,-1,2,0,289,63.7,0.896,210,61.4,0.807,186,66.7,1.158
720,-1,1,0.25,0.3,60,0,0,1,0,0,0,298,66.8,1.054,210,65.7,0.908,200,64.5,0.964
720,-1,1,0.25,0.3,60,0,0,1,1,0,0,233,69.1,1.122,168,70.8,1.235,171,65.5,0.995
720,-1,1,0.25,0.3,60,0,0,-1,0,0,0,708,63.4,0.92,494,63.0,0.859,475,62.3,0.836
720,-1,1,0.25,0.3,60,0,0,-1,0,0,1,352,64.8,0.895,244,64.8,0.917,242,66.5,0.973
720,-1,1,0.25,0.3,60,0,0,-1,0,0,-1,355,62.0,0.945,249,61.0,0.798,229,57.2,0.692
720,-1,1,0.25,0.3,60,0,0,-1,0,1,0,431,62.6,0.945,292,63.0,0.826,300,60.7,0.731
720,-1,1,0.25,0.3,60,0,0,-1,0,1,1,221,62.9,0.879,141,64.5,0.803,145,66.9,0.868
720,-1,1,0.25,0.3,60,0,0,-1,0,1,-1,210,62.4,1.029,151,61.6,0.85,155,54.8,0.619
720,-1,1,0.25,0.3,60,0,0,-1,0,2,0,277,64.6,0.887,202,62.9,0.91,175,65.1,1.071
720,-1,1,0.25,0.3,60,0,0,-1,-1,0,0,671,62.9,0.903,463,63.5,0.893,452,62.8,0.869
720,-1,1,0.25,0.3,60,0,0,-1,-1,0,1,332,64.2,0.892,229,65.1,0.964,228,66.7,1.015
720,-1,1,0.25,0.3,60,0,0,-1,-1,0,-1,338,61.5,0.911,233,61.8,0.82,220,58.2,0.72
720,-1,1,0.25,0.3,60,0,0,-1,-1,1,0,409,61.9,0.92,276,64.1,0.878,284,61.3,0.76
720,-1,1,0.25,0.3,60,0,0,-1,-1,1,1,207,61.4,0.838,133,66.2,0.884,135,67.4,0.911
720,-1,1,0.25,0.3,60,0,0,-1,-1,1,-1,202,62.4,1.02,143,62.2,0.873,149,55.7,0.643
720,-1,1,0.25,0.3,60,0,0,-1,-1,2,0,262,64.5,0.88,187,62.6,0.915,168,65.5,1.107
720,-1,1,0.25,0.3,60,0,1,0,0,0,0,272,64.7,0.846,191,63.9,0.871,188,61.7,0.883
720,-1,1,0.25,0.3,60,0,1,0,-1,0,0,238,63.9,0.823,170,62.4,0.793,166,62.7,0.9
720,-1,1,0.25,0.3,60,0,1,-1,0,0,0,228,63.2,0.778,161,66.5,0.986,159,64.2,0.926
720,-1,1,0.25,0.3,60,0,1,-1,-1,0,0,222,63.5,0.802,156,65.4,0.946,156,63.5,0.903
720,-1,1,0.25,0.3,60,0,-1,0,0,0,0,736,64.3,1.006,514,63.8,0.878,491,63.5,0.877
720,-1,1,0.25,0.3,60,0,-1,0,0,0,1,350,66.3,1.066,254,65.0,0.932,247,66.0,0.965
720,-1,1,0.25,0.3,60,0,-1,0,0,0,-1,383,62.4,0.951,258,62.4,0.815,238,60.5,0.769
720,-1,1,0.25,0.3,60,0,-1,0,0,1,0,449,64.6,1.038,303,62.7,0.828,316,60.8,0.765
720,-1,1,0.25,0.3,60,0,-1,0,0,1,1,225,65.8,1.102,152,63.8,0.866,162,63.0,0.855
720,-1,1,0.25,0.3,60,0,-1,0,0,1,-1,224,63.4,0.977,151,61.6,0.791,154,58.4,0.683
720,-1,1,0.25,0.3,60,0,-1,0,0,2,0,287,63.8,0.962,211,65.4,0.955,175,68.6,1.136
720,-1,1,0.25,0.3,60,0,-1,0,1,0,0,236,69.5,1.163,178,67.4,0.976,172,64.5,0.901
720,-1,1,0.25,0.3,60,0,-1,0,-1,0,0,500,61.8,0.936,336,61.9,0.83,318,62.9,0.861
720,-1,1,0.25,0.3,60,0,-1,0,-1,0,1,234,62.8,0.982,161,65.8,0.984,155,67.7,1.031
720,-1,1,0.25,0.3,60,0,-1,0,-1,0,-1,264,61.0,0.901,173,57.8,0.691,158,57.0,0.69
720,-1,1,0.25,0.3,60,0,-1,0,-1,1,0,312,61.9,0.989,201,62.2,0.814,202,60.4,0.74
720,-1,1,0.25,0.3,60,0,-1,1,0,0,0,255,65.9,1.015,180,68.3,1.023,172,67.4,1.036
720,-1,1,0.25,0.3,60,0,-1,1,1,0,0,205,68.3,1.088,152,71.1,1.189,152,67.8,1.06
720,-1,1,0.25,0.3,60,0,-1,-1,0,0,0,480,63.5,1.006,333,61.3,0.803,316,61.4,0.795
720,-1,1,0.25,0.3,60,0,-1,-1,0,0,1,223,65.5,1.038,157,65.0,0.914,156,67.3,0.977
720,-1,1,0.25,0.3,60,0,-1,-1,0,0,-1,256,61.7,0.973,175,57.7,0.7,157,54.8,0.626
720,-1,1,0.25,0.3,60,0,-1,-1,0,1,0,299,63.5,1.089,201,61.7,0.793,206,59.7,0.699
720,-1,1,0.25,0.3,60,0,-1,-1,-1,0,0,449,62.6,0.965,307,62.5,0.866,296,62.5,0.852
720,-1,1,0.25,0.3,60,0,-1,-1,-1,0,1,207,64.3,1.017,147,66.7,1.035,145,68.3,1.073
720,-1,1,0.25,0.3,60,0,-1,-1,-1,0,-1,241,61.0,0.915,159,58.5,0.719,148,56.1,0.66
720,-1,1,0.25,0.3,60,0,-1,-1,-1,1,0,280,62.5,1.056,186,63.4,0.877,191,60.7,0.746
720,-1,1,0.25,0.3,60,1,0,0,0,0,0,460,68.5,1.102,333,61.6,0.796,294,59.5,0.744
720,-1,1,0.25,0.3,60,1,0,0,0,0,1,287,68.6,1.07,218,61.9,0.811,194,60.8,0.804
720,-1,1,0.25,0.3,60,1,0,0,0,1,0,266,69.5,1.224,177,58.8,0.685,160,53.8,0.566
720,-1,1,0.25,0.3,60,1,0,0,-1,0,0,337,66.8,1.044,232,60.3,0.789,209,60.8,0.823
720,-1,1,0.25,0.3,60,1,0,0,-1,0,1,205,65.9,0.995,150,61.3,0.82,138,64.5,0.992
720,-1,1,0.25,0.3,60,1,0,-1,0,0,0,321,67.6,1.071,226,61.9,0.868,209,60.8,0.809
720,-1,1,0.25,0.3,60,1,0,-1,-1,0,0,306,67.6,1.076,211,62.1,0.897,198,61.1,0.841
720,-1,1,0.25,0.3,60,1,-1,0,0,0,0,327,68.8,1.141,231,61.5,0.777,197,60.9,0.753
720,-1,1,0.25,0.3,60,1,-1,0,0,1,0,201,69.2,1.221,128,57.8,0.634,112,51.8,0.512
720,-1,1,0.25,0.3,60,1,-1,0,-1,0,0,217,66.4,1.038,143,60.1,0.788,126,61.9,0.841
720,-1,1,0.25,0.3,60,1,-1,-1,0,0,0,207,67.1,1.075,143,59.4,0.788,129,60.5,0.793
720,-1,1,0.25,0.3,60,-1,0,0,0,0,0,508,60.4,0.82,352,65.3,0.938,305,65.6,1.032
720,-1,1,0.25,0.3,60,-1,0,0,0,0,-1,317,59.9,0.851,223,63.7,0.86,182,63.2,0.945
720,-1,1,0.25,0.3,60,-1,0,0,0,1,0,301,59.5,0.779,215,66.5,1.033,196,65.8,1.038
720,-1,1,0.25,0.3,60,-1,0,0,0,2,0,207,61.8,0.882,137,63.5,0.815,109,65.1,1.021
720,-1,1,0.25,0.3,60,-1,0,0,-1,0,0,371,58.8,0.772,261,63.2,0.826,222,65.3,0.972
720,-1,1,0.25,0.3,60,-1,0,0,-1,0,-1,225,58.7,0.815,166,60.2,0.737,133,63.2,0.95
720,-1,1,0.25,0.3,60,-1,0,0,-1,1,0,225,57.8,0.755,164,65.9,0.947,145,66.2,0.975
720,-1,1,0.25,0.3,60,-1,0,-1,0,0,0,359,59.6,0.786,255,63.9,0.857,217,63.6,0.883
720,-1,1,0.25,0.3,60,-1,0,-1,0,0,-1,220,59.1,0.831,161,61.5,0.791,127,59.8,0.798
720,-1,1,0.25,0.3,60,-1,0,-1,0,1,0,215,59.1,0.771,160,66.9,0.986,144,65.3,0.918
720,-1,1,0.25,0.3,60,-1,0,-1,-1,0,0,340,58.8,0.76,241,64.7,0.885,208,64.4,0.92
720,-1,1,0.25,0.3,60,-1,0,-1,-1,0,-1,208,58.2,0.78,151,62.3,0.81,122,61.5,0.857
720,-1,1,0.25,0.3,60,-1,0,-1,-1,1,0,205,58.5,0.771,154,67.5,1.021,138,65.9,0.959
720,-1,1,0.25,0.3,60,-1,-1,0,0,0,0,381,60.4,0.894,268,64.6,0.932,229,64.2,0.974
720,-1,1,0.25,0.3,60,-1,-1,0,0,0,-1,239,59.0,0.84,169,62.7,0.833,134,61.9,0.875
720,-1,1,0.25,0.3,60,-1,-1,0,0,1,0,223,60.5,0.888,163,65.0,0.988,148,64.9,1.009
720,-1,1,0.25,0.3,60,-1,-1,0,-1,0,0,263,58.6,0.875,184,62.0,0.811,152,63.2,0.88
720,-1,1,0.25,0.3,60,-1,-1,-1,0,0,0,254,60.6,0.951,181,61.9,0.791,150,60.7,0.769
720,-1,1,0.25,0.3,60,-1,-1,-1,-1,0,0,238,59.2,0.9,168,63.1,0.835,141,61.7,0.811
720,30,0,0.15,1.0,60,0,0,0,0,0,0,1008,50.1,1.025,705,47.5,0.857,675,46.4,0.844
720,30,0,0.15,1.0,60,0,0,0,0,0,1,517,52.0,1.08,352,48.6,0.893,333,47.4,0.874
720,30,0,0.15,1.0,60,0,0,0,0,0,-1,487,48.0,0.971,351,46.7,0.836,334,45.5,0.822
720,30,0,0.15,1.0,60,0,0,0,0,1,0,603,49.1,1.016,408,48.3,0.863,421,47.0,0.862
720,30,0,0.15,1.0,60,0,0,0,0,1,1,307,50.5,1.056,207,47.8,0.859,215,48.4,0.923
720,30,0,0.15,1.0,60,0,0,0,0,1,-1,296,47.6,0.977,201,48.8,0.866,206,45.6,0.808
720,30,0,0.15,1.0,60,0,0,0,0,2,0,405,51.6,1.037,297,46.5,0.85,254,45.3,0.815
720,30,0,0.15,1.0,60,0,0,0,0,2,1,210,54.3,1.113,145,49.7,0.94,118,45.8,0.796
720,30,0,0.15,1.0,60,0,0,0,1,0,0,521,52.0,1.033,362,51.7,1.045,344,48.5,0.948
720,30,0,0.15,1.0,60,0,0,0,1,0,1,266,54.1,1.166,185,53.0,1.123,172,50.6,1.018
720,30,0,0.15,1.0,60,0,0,0,1,0,-1,252,49.6,0.905,175,50.9,1.006,167,47.9,0.935
720,30,0,0.15,1.0,60,0,0,0,1,1,0,317,51.4,1.049,208,50.5,0.993,215,48.8,0.999
720,30,0,0.15,1.0,60,0,0,0,1,2,0,204,52.9,1.012,154,53.2,1.116,129,48.1,0.872
720,30,0,0.15,1.0,60,0,0,0,-1,0,0,487,48.0,1.016,343,43.1,0.702,330,43.9,0.746
720,30,0,0.15,1.0,60,0,0,0,-1,0,1,251,49.8,1.001,167,43.7,0.711,161,44.1,0.75
720,30,0,0.15,1.0,60,0,0,0,-1,0,-1,235,46.4,1.044,176,42.6,0.693,166,42.8,0.715
720,30,0,0.15,1.0,60,0,0,0,-1,1,0,286,46.5,0.983,200,46.0,0.749,205,44.9,0.735
720,30,0,0.15,1.0,60,0,0,0,-1,2,0,201,50.2,1.063,143,39.2,0.643,125,42.4,0.763
720,30,0,0.15,1.0,60,0,0,1,0,0,0,505,51.3,1.014,368,50.0,0.961,341,49.0,0.973
720,30,0,0.15,1.0,60,0,0,1,0,0,1,259,53.3,1.108,189,49.2,0.879,169,48.5,0.964
720,30,0,0.15,1.0,60,0,0,1,0,0,-1,245,49.4,0.934,178,51.1,1.06,170,50.0,1.007
720,30,0,0.15,1.0,60,0,0,1,0,1,0,303,49.8,0.979,218,49.5,0.955,217,49.3,1.024
720,30,0,0.15,1.0,60,0,0,1,0,2,0,202,53.5,1.061,150,50.7,0.969,124,48.4,0.892
720,30,0,0.15,1.0,60,0,0,1,1,0,0,461,51.2,0.986,328,50.9,0.996,315,48.6,0.954
720,30,0,0.15,1.0,60,0,0,1,1,0,1,236,53.0,1.105,164,51.2,0.995,156,49.4,0.993
720,30,0,0.15,1.0,60,0,0,1,1,0,-1,224,49.6,0.884,163,50.9,1.014,157,48.4,0.946
720,30,0,0.15,1.0,60,0,0,1,1,1,0,279,50.2,0.988,195,49.7,0.947,201,48.3,0.983
720,30,0,0.15,1.0,60,0,0,-1,0,0,0,501,48.7,1.027,336,44.9,0.769,330,43.9,0.739
720,30,0,0.15,1.0,60,0,0,-1,0,0,1,258,50.8,1.054,163,47.9,0.907,164,46.3,0.797
720,30,0,0.15,1.0,60,0,0,-1,0,0,-1,242,46.7,1.01,173,42.2,0.653,164,40.9,0.664
720,30,0,0.15,1.0,60,0,0,-1,0,1,0,300,48.3,1.051,190,46.8,0.774,204,44.6,0.72
720,30,0,0.15,1.0,60,0,0,-1,0,2,0,201,49.3,0.993,146,42.5,0.761,126,42.9,0.768
720,30,0,0.15,1.0,60,0,0,-1,-1,0,0,443,47.6,0.988,303,43.2,0.699,304,43.1,0.718
720,30,0,0.15,1.0,60,0,0,-1,-1,0,1,228,49.1,0.989,142,45.1,0.776,148,44.6,0.759
720,30,0,0.15,1.0,60,0,0,-1,-1,0,-1,214,46.3,1.0,161,41.6,0.636,154,40.9,0.658
720,30,0,0.15,1.0,60,0,0,-1,-1,1,0,262,46.6,0.992,177,45.8,0.72,190,43.7,0.693
720,30,0,0.15,1.0,60,0,1,0,0,0,0,723,50.9,0.996,506,46.6,0.834,469,45.8,0.838
720,30,0,0.15,1.0,60,0,1,0,0,0,1,382,52.9,1.047,257,47.9,0.843,234,46.6,0.81
720,30,0,0.15,1.0,60,0,1,0,0,0,-1,338,48.8,0.95,247,45.7,0.842,231,45.5,0.874
720,30,0,0.15,1.0,60,0,1,0,0,1,0,443,49.9,1.005,283,48.1,0.882,284,47.2,0.894
720,30,0,0.15,1.0,60,0,1,0,0,1,1,226,50.9,1.002,142,48.6,0.914,141,48.9,0.953
720,30,0,0.15,1.0,60,0,1,0,0,1,-1,217,48.8,1.008,141,47.5,0.855,143,45.5,0.844
720,30,0,0.15,1.0,60,0,1,0,0,2,0,280,52.5,0.983,223,44.8,0.782,185,43.8,0.767
720,30,0,0.15,1.0,60,0,1,0,1,0,0,385,52.7,1.006,260,51.9,1.085,238,48.3,0.955
720,30,0,0.15,1.0,60,0,1,0,1,0,1,206,54.4,1.087,136,55.1,1.219,122,51.6,1.03
720,30,0,0.15,1.0,60,0,1,0,1,1,0,243,52.3,1.038,147,50.3,1.081,145,47.6,1.02
720,30,0,0.15,1.0,60,0,1,0,-1,0,0,338,48.8,0.986,246,41.1,0.639,230,43.0,0.73
720,30,0,0.15,1.0,60,0,1,0,-1,1,0,200,47.0,0.972,136,45.6,0.722,138,46.4,0.775
720,30,0,0.15,1.0,60,0,1,1,0,0,0,372,51.3,0.977,266,50.8,0.992,240,49.6,1.024
720,30,0,0.15,1.0,60,0,1,1,0,0,1,200,53.0,1.035,143,51.7,0.934,124,50.8,1.046
720,30,0,0.15,1.0,60,0,1,1,0,1,0,232,49.1,0.904,154,49.4,1.0,149,49.0,1.07
720,30,0,0.15,1.0,60,0,1,1,1,0,0,342,51.8,0.97,235,51.5,1.04,218,48.6,0.99
720,30,0,0.15,1.0,60,0,1,1,1,1,0,216,50.5,0.962,139,48.9,0.99,136,47.1,1.003
720,30,0,0.15,1.0,60,0,1,-1,0,0,0,350,50.3,1.01,239,42.3,0.706,228,42.1,0.69
720,30,0,0.15,1.0,60,0,1,-1,0,1,0,211,50.7,1.117,129,46.5,0.775,135,45.2,0.74
720,30,0,0.15,1.0,60,0,1,-1,-1,0,0,308,49.0,0.98,215,40.5,0.631,209,41.6,0.69
720,30,0,0.15,1.0,60,0,-1,0,0,0,0,285,48.1,1.097,199,49.7,0.921,206,47.6,0.857
720,30,0,0.15,1.0,60,1,0,0,0,0,0,488,53.5,1.136,349,47.3,0.855,298,45.6,0.812
720,30,0,0.15,1.0,60,1,0,0,0,0,1,310,56.5,1.269,224,47.8,0.878,186,45.7,0.795
720,30,0,0.15,1.0,60,1,0,0,0,1,0,274,52.6,1.16,201,46.8,0.836,180,45.0,0.808
720,30,0,0.15,1.0,60,1,0,0,0,2,0,214,54.7,1.108,148,48.0,0.879,118,46.6,0.817
720,30,0,0.15,1.0,60,1,0,0,0,2,1,202,55.0,1.154,139,48.9,0.907,111,45.9,0.776
720,30,0,0.15,1.0,60,1,0,0,1,0,0,257,54.5,1.117,190,50.5,1.028,159,45.3,0.834
720,30,0,0.15,1.0,60,1,0,0,-1,0,0,231,52.4,1.156,159,43.4,0.697,138,45.7,0.778
720,30,0,0.15,1.0,60,1,0,1,0,0,0,252,55.2,1.202,193,46.6,0.84,157,43.9,0.789
720,30,0,0.15,1.0,60,1,0,1,1,0,0,229,53.7,1.11,172,48.3,0.922,144,43.8,0.794
720,30,0,0.15,1.0,60,1,0,-1,0,0,0,236,51.7,1.076,156,48.1,0.871,141,47.5,0.835
720,30,0,0.15,1.0,60,1,0,-1,-1,0,0,208,50.5,1.066,138,44.9,0.754,126,46.0,0.793
720,30,0,0.15,1.0,60,1,1,0,0,0,0,361,54.0,1.134,263,46.4,0.797,221,43.9,0.735
720,30,0,0.15,1.0,60,1,1,0,0,0,1,235,56.6,1.228,169,46.7,0.786,138,44.2,0.704
720,30,0,0.15,1.0,60,1,1,0,0,1,0,203,52.7,1.163,147,46.9,0.863,130,44.6,0.841
720,30,0,0.15,1.0,60,-1,0,0,0,0,0,480,46.7,0.922,336,48.5,0.885,297,47.5,0.897
720,30,0,0.15,1.0,60,-1,0,0,0,0,-1,294,47.6,0.987,217,46.5,0.84,187,46.5,0.859
720,30,0,0.15,1.0,60,-1,0,0,0,1,0,293,45.7,0.893,191,50.8,0.924,174,48.9,0.927
720,30,0,0.15,1.0,60,-1,0,0,1,0,0,243,48.6,0.925,164,53.7,1.102,151,51.7,1.067
720,30,0,0.15,1.0,60,-1,0,0,-1,0,0,237,44.7,0.92,172,43.6,0.722,146,43.2,0.753
720,30,0,0.15,1.0,60,-1,0,1,0,0,0,234,47.4,0.87,167,54.5,1.146,154,54.5,1.206
720,30,0,0.15,1.0,60,-1,0,1,1,0,0,216,48.1,0.866,150,54.7,1.125,144,53.5,1.135
720,30,0,0.15,1.0,60,-1,0,-1,0,0,0,246,45.9,0.978,169,42.6,0.691,143,39.9,0.655
720,30,0,0.15,1.0,60,-1,0,-1,-1,0,0,219,45.2,0.919,155,42.6,0.671,136,41.2,0.683
720,30,0,0.15,1.0,60,-1,1,0,0,0,0,327,47.4,0.863,229,48.0,0.907,196,48.5,0.975
720,30,0,0.15,1.0,60,-1,1,0,0,1,0,208,46.6,0.865,126,50.8,0.952,110,50.0,0.983
720,30,1,0.15,0.6,60,0,0,0,0,0,0,1008,56.0,0.819,705,58.9,0.997,675,59.4,1.009
720,30,1,0.15,0.6,60,0,0,0,0,0,1,487,59.1,0.896,351,58.4,1.016,334,59.9,1.061
720,30,1,0.15,0.6,60,0,0,0,0,0,-1,517,53.0,0.752,352,59.1,0.968,333,58.9,0.958
720,30,1,0.15,0.6,60,0,0,0,0,1,0,603,57.2,0.855,408,58.1,1.024,421,57.7,1.007
720,30,1,0.15,0.6,60,0,0,0,0,1,1,296,59.8,0.925,201,56.7,0.996,206,58.3,1.075
720,30,1,0.15,0.6,60,0,0,0,0,1,-1,307,54.7,0.79,207,59.4,1.053,215,57.2,0.943
720,30,1,0.15,0.6,60,0,0,0,0,2,0,405,54.1,0.771,297,59.9,0.962,254,62.2,1.013
720,30,1,0.15,0.6,60,0,0,0,0,2,-1,210,50.5,0.705,145,58.6,0.865,118,61.9,0.984
720,30,1,0.15,0.6,60,0,0,0,1,0,0,487,58.5,0.861,343,63.3,1.193,330,62.1,1.118
720,30,1,0.15,0.6,60,0,0,0,1,0,1,235,62.1,0.913,176,61.4,1.182,166,62.0,1.196
720,30,1,0.15,0.6,60,0,0,0,1,0,-1,251,55.0,0.807,167,65.3,1.204,161,63.4,1.09
720,30,1,0.15,0.6,60,0,0,0,1,1,0,286,60.1,0.884,200,59.5,1.076,205,60.0,1.123
720,30,1,0.15,0.6,60,0,0,0,1,2,0,201,56.2,0.828,143,68.5,1.378,125,65.6,1.111
720,30,1,0.15,0.6,60,0,0,0,-1,0,0,521,53.6,0.78,362,54.7,0.842,344,57.0,0.919
720,30,1,0.15,0.6,60,0,0,0,-1,0,1,252,56.3,0.881,175,55.4,0.877,167,58.1,0.954
720,30,1,0.15,0.6,60,0,0,0,-1,0,-1,266,51.1,0.702,185,53.5,0.79,172,54.7,0.849
720,30,1,0.15,0.6,60,0,0,0,-1,1,0,317,54.6,0.826,208,56.7,0.976,215,55.8,0.917
720,30,1,0.15,0.6,60,0,0,0,-1,2,0,204,52.0,0.721,154,51.9,0.693,129,58.9,0.922
720,30,1,0.15,0.6,60,0,0,1,0,0,0,501,57.5,0.851,336,61.9,1.088,330,62.1,1.106
720,30,1,0.15,0.6,60,0,0,1,0,0,1,242,60.7,0.921,173,61.3,1.195,164,62.8,1.226
720,30,1,0.15,0.6,60,0,0,1,0,0,-1,258,54.3,0.784,163,62.6,0.992,164,62.2,1.035
720,30,1,0.15,0.6,60,0,0,1,0,1,0,300,58.7,0.854,190,58.9,1.038,204,59.8,1.107
720,30,1,0.15,0.6,60,0,0,1,0,2,0,201,55.7,0.846,146,65.8,1.155,126,65.9,1.105
720,30,1,0.15,0.6,60,0,0,1,1,0,0,443,59.4,0.895,303,64.0,1.232,304,63.2,1.167
720,30,1,0.15,0.6,60,0,0,1,1,0,1,214,63.1,0.975,161,62.1,1.254,154,63.0,1.26
720,30,1,0.15,0.6,60,0,0,1,1,0,-1,228,55.7,0.819,142,66.2,1.209,148,64.2,1.122
720,30,1,0.15,0.6,60,0,0,1,1,1,0,262,60.7,0.91,177,60.5,1.143,190,61.1,1.185
720,30,1,0.15,0.6,60,0,0,-1,0,0,0,505,54.7,0.795,368,56.0,0.913,341,56.6,0.915
720,30,1,0.15,0.6,60,0,0,-1,0,0,1,245,57.6,0.872,178,55.6,0.875,170,57.1,0.928
720,30,1,0.15,0.6,60,0,0,-1,0,0,-1,259,51.7,0.72,189,56.1,0.945,169,55.6,0.884
720,30,1,0.15,0.6,60,0,0,-1,0,1,0,303,55.8,0.855,218,57.3,1.011,217,55.8,0.922
720,30,1,0.15,0.6,60,0,0,-1,0,2,0,202,53.0,0.721,150,54.0,0.791,124,58.1,0.904
720,30,1,0.15,0.6,60,0,0,-1,-1,0,0,461,55.1,0.821,328,55.8,0.911,315,57.1,0.941
720,30,1,0.15,0.6,60,0,0,-1,-1,0,1,224,58.0,0.927,163,55.8,0.897,157,58.0,0.966
720,30,1,0.15,0.6,60,0,0,-1,-1,0,-1,236,52.1,0.723,164,55.5,0.914,156,55.8,0.896
720,30,1,0.15,0.6,60,0,0,-1,-1,1,0,279,55.9,0.877,195,57.9,1.062,201,56.7,0.963
720,30,1,0.15,0.6,60,0,1,0,0,0,0,285,55.1,0.712,199,55.3,0.917,206,55.8,0.926
720,30,1,0.15,0.6,60,0,-1,0,0,0,0,723,56.3,0.868,506,60.3,1.029,469,61.0,1.046
720,30,1,0.15,0.6,60,0,-1,0,0,0,1,338,59.5,0.946,247,59.5,1.003,231,60.6,1.033
720,30,1,0.15,0.6,60,0,-1,0,0,0,-1,382,53.4,0.8,257,60.7,1.041,234,61.1,1.058
720,30,1,0.15,0.6,60,0,-1,0,0,1,0,443,58.2,0.893,283,59.0,1.038,284,58.8,1.016
720,30,1,0.15,0.6,60,0,-1,0,0,1,1,217,59.9,0.908,141,57.4,1.007,143,58.7,1.052
720,30,1,0.15,0.6,60,0,-1,0,0,1,-1,226,56.6,0.878,142,60.6,1.072,141,58.9,0.979
720,30,1,0.15,0.6,60,0,-1,0,0,2,0,280,53.2,0.832,223,61.9,1.019,185,64.3,1.092
720,30,1,0.15,0.6,60,0,-1,0,1,0,0,338,58.9,0.906,246,66.7,1.339,230,64.8,1.207
720,30,1,0.15,0.6,60,0,-1,0,1,1,0,200,61.0,0.891,136,61.8,1.175,138,60.9,1.14
720,30,1,0.15,0.6,60,0,-1,0,-1,0,0,385,54.0,0.834,260,54.2,0.803,238,57.6,0.919
720,30,1,0.15,0.6,60,0,-1,0,-1,0,-1,206,51.9,0.757,136,51.5,0.725,122,54.1,0.83
720,30,1,0.15,0.6,60,0,-1,0,-1,1,0,243,56.0,0.895,147,56.5,0.919,145,57.2,0.921
720,30,1,0.15,0.6,60,0,-1,1,0,0,0,350,57.1,0.872,239,65.7,1.207,228,65.8,1.252
720,30,1,0.15,0.6,60,0,-1,1,0,1,0,211,57.8,0.796,129,61.2,1.091,135,61.5,1.145
720,30,1,0.15,0.6,60,0,-1,1,1,0,0,308,59.1,0.916,215,68.4,1.406,209,66.5,1.29
720,30,1,0.15,0.6,60,0,-1,-1,0,0,0,372,55.6,0.869,266,55.3,0.88,240,56.2,0.877
720,30,1,0.15,0.6,60,0,-1,-1,0,0,-1,200,53.0,0.784,143,53.8,0.864,124,53.2,0.784
720,30,1,0.15,0.6,60,0,-1,-1,0,1,0,232,58.6,1.005,154,57.1,0.991,149,56.4,0.908
720,30,1,0.15,0.6,60,0,-1,-1,-1,0,0,342,55.6,0.875,235,55.3,0.87,218,57.3,0.915
720,30,1,0.15,0.6,60,0,-1,-1,-1,1,0,216,57.9,0.982,139,58.3,1.039,136,58.1,0.97
720,30,1,0.15,0.6,60,1,0,0,0,0,0,480,59.2,0.913,336,55.4,0.894,297,55.6,0.873
720,30,1,0.15,0.6,60,1,0,0,0,0,1,294,59.2,0.875,217,57.1,0.941,187,58.3,0.948
720,30,1,0.15,0.6,60,1,0,0,0,1,0,293,60.1,0.969,191,52.9,0.818,174,51.1,0.767
720,30,1,0.15,0.6,60,1,0,0,1,0,0,237,61.6,0.955,172,59.3,1.054,146,58.9,0.991
720,30,1,0.15,0.6,60,1,0,0,-1,0,0,243,56.8,0.875,164,51.2,0.756,151,52.3,0.775
720,30,1,0.15,0.6,60,1,0,1,0,0,0,246,59.8,0.9,169,59.8,1.066,143,61.5,1.107
720,30,1,0.15,0.6,60,1,0,1,1,0,0,219,61.6,0.964,155,60.0,1.123,136,60.3,1.074
720,30,1,0.15,0.6,60,1,0,-1,0,0,0,234,58.5,0.927,167,50.9,0.752,154,50.0,0.707
720,30,1,0.15,0.6,60,1,0,-1,-1,0,0,216,58.3,0.933,150,50.7,0.77,144,50.7,0.743
720,30,1,0.15,0.6,60,1,-1,0,0,0,0,327,60.2,1.016,229,55.9,0.856,196,55.6,0.832
720,30,1,0.15,0.6,60,1,-1,0,0,1,0,208,61.5,1.027,126,52.4,0.771,110,50.9,0.737
720,30,1,0.15,0.6,60,-1,0,0,0,0,0,488,52.9,0.745,349,61.9,1.096,298,63.8,1.171
720,30,1,0.15,0.6,60,-1,0,0,0,0,-1,310,49.4,0.658,224,62.1,1.045,186,64.5,1.178
720,30,1,0.15,0.6,60,-1,0,0,0,1,0,274,54.4,0.766,201,62.7,1.261,180,65.0,1.338
720,30,1,0.15,0.6,60,-1,0,0,0,2,0,214,50.9,0.72,148,60.8,0.914,118,61.9,0.962
720,30,1,0.15,0.6,60,-1,0,0,0,2,-1,202,50.0,0.69,139,59.7,0.891,111,62.2,1.006
720,30,1,0.15,0.6,60,-1,0,0,1,0,0,231,54.5,0.76,159,67.3,1.351,138,65.9,1.23
720,30,1,0.15,0.6,60,-1,0,0,-1,0,0,257,51.4,0.73,190,57.4,0.916,159,62.3,1.135
720,30,1,0.15,0.6,60,-1,0,1,0,0,0,236,55.1,0.811,156,64.1,1.107,141,64.5,1.157
720,30,1,0.15,0.6,60,-1,0,1,1,0,0,208,56.7,0.83,138,68.1,1.335,126,66.7,1.245
720,30,1,0.15,0.6,60,-1,0,-1,0,0,0,252,50.8,0.681,193,60.1,1.085,157,63.1,1.185
720,30,1,0.15,0.6,60,-1,0,-1,-1,0,0,229,52.4,0.737,172,59.9,1.047,144,63.9,1.214
720,30,1,0.15,0.6,60,-1,-1,0,0,0,0,361,52.9,0.764,263,63.5,1.216,221,66.1,1.352
720,30,1,0.15,0.6,60,-1,-1,0,0,0,-1,235,49.8,0.698,169,64.5,1.217,138,67.4,1.418
720,30,1,0.15,0.6,60,-1,-1,0,0,1,0,203,55.7,0.803,147,63.9,1.36,130,66.2,1.419
720,60,0,0.15,0.3,60,0,0,0,0,0,0,1007,72.0,0.898,704,73.6,0.971,677,73.6,0.993
720,60,0,0.15,0.3,60,0,0,0,0,0,1,509,71.5,0.872,354,74.3,1.057,340,74.1,1.076
720,60,0,0.15,0.3,60,0,0,0,0,0,-1,494,72.7,0.935,348,73.0,0.906,329,72.9,0.92
720,60,0,0.15,0.3,60,0,0,0,0,1,0,603,71.6,0.923,407,74.7,1.036,422,73.5,1.037
720,60,0,0.15,0.3,60,0,0,0,0,1,1,295,69.8,0.833,209,75.1,1.13,220,75.0,1.238
720,60,0,0.15,0.3,60,0,0,0,0,1,-1,308,73.4,1.017,198,74.2,0.953,202,71.8,0.875
720,60,0,0.15,0.3,60,0,0,0,0,2,0,404,72.5,0.864,297,72.1,0.891,255,73.7,0.925
720,60,0,0.15,0.3,60,0,0,0,0,2,1,214,73.8,0.928,145,73.1,0.962,120,72.5,0.847
720,60,0,0.15,0.3,60,0,0,0,1,0,0,526,73.2,0.955,379,74.9,1.06,358,73.2,0.978
720,60,0,0.15,0.3,60,0,0,0,1,0,1,266,71.8,0.928,195,78.5,1.452,183,76.5,1.283
720,60,0,0.15,0.3,60,0,0,0,1,0,-1,259,74.5,0.976,182,71.4,0.826,170,70.0,0.78
720,60,0,0.15,0.3,60,0,0,0,1,1,0,319,74.0,1.011,217,75.1,1.042,223,73.1,1.05
720,60,0,0.15,0.3,60,0,0,0,1,2,0,207,72.0,0.879,162,74.7,1.083,135,73.3,0.88
720,60,0,0.15,0.3,60,0,0,0,-1,0,0,481,70.7,0.841,325,72.0,0.885,318,73.9,1.007
720,60,0,0.15,0.3,60,0,0,0,-1,0,1,243,71.2,0.82,159,69.2,0.777,157,71.3,0.898
720,60,0,0.15,0.3,60,0,0,0,-1,0,-1,235,70.6,0.89,166,74.7,1.007,158,75.9,1.104
720,60,0,0.15,0.3,60,0,0,0,-1,1,0,284,69.0,0.835,190,74.2,1.03,198,73.7,1.021
720,60,0,0.15,0.3,60,0,0,1,0,0,0,517,74.1,1.002,376,74.7,1.051,356,74.2,1.039
720,60,0,0.15,0.3,60,0,0,1,0,0,1,262,72.5,0.962,194,77.3,1.321,180,76.7,1.338
720,60,0,0.15,0.3,60,0,0,1,0,0,-1,255,75.7,1.04,181,71.8,0.858,174,71.8,0.848
720,60,0,0.15,0.3,60,0,0,1,0,1,0,309,73.8,1.023,220,75.5,1.092,224,73.7,1.087
720,60,0,0.15,0.3,60,0,0,1,0,2,0,208,74.5,0.972,156,73.7,1.0,132,75.0,0.97
720,60,0,0.15,0.3,60,0,0,1,1,0,0,470,73.4,0.967,341,74.8,1.041,330,73.6,1.01
720,60,0,0.15,0.3,60,0,0,1,1,0,1,237,71.3,0.906,176,77.8,1.411,170,76.5,1.324
720,60,0,0.15,0.3,60,0,0,1,1,0,-1,233,75.5,1.028,164,71.3,0.805,158,70.9,0.805
720,60,0,0.15,0.3,60,0,0,1,1,1,0,283,73.5,1.015,201,75.6,1.067,209,73.7,1.089
720,60,0,0.15,0.3,60,0,0,-1,0,0,0,488,69.9,0.807,327,72.5,0.906,317,72.9,0.949
720,60,0,0.15,0.3,60,0,0,-1,0,0,1,247,70.4,0.792,160,70.6,0.853,160,71.2,0.876
720,60,0,0.15,0.3,60,0,0,-1,0,0,-1,239,69.5,0.833,167,74.3,0.962,155,74.2,1.011
720,60,0,0.15,0.3,60,0,0,-1,0,1,0,294,69.4,0.831,187,73.8,0.983,198,73.2,0.99
720,60,0,0.15,0.3,60,0,0,-1,-1,0,0,433,69.7,0.803,290,71.7,0.86,292,73.3,0.975
720,60,0,0.15,0.3,60,0,0,-1,-1,0,1,218,69.7,0.76,141,68.8,0.777,147,70.7,0.873
720,60,0,0.15,0.3,60,0,0,-1,-1,0,-1,213,70.0,0.864,149,74.5,0.95,143,75.5,1.07
720,60,0,0.15,0.3,60,0,0,-1,-1,1,0,258,68.2,0.812,171,74.3,1.001,184,73.9,1.023
720,60,0,0.15,0.3,60,0,1,0,0,0,0,789,71.7,0.897,545,71.9,0.911,513,71.5,0.92
720,60,0,0.15,0.3,60,0,1,0,0,0,1,411,70.1,0.81,278,73.0,1.039,258,71.7,1.018
720,60,0,0.15,0.3,60,0,1,0,0,0,-1,375,73.9,1.019,265,70.9,0.815,249,71.5,0.845
720,60,0,0.15,0.3,60,0,1,0,0,1,0,469,71.6,0.954,314,74.2,1.048,318,72.6,1.034
720,60,0,0.15,0.3,60,0,1,0,0,1,1,233,67.4,0.746,159,74.8,1.234,160,73.1,1.27
720,60,0,0.15,0.3,60,0,1,0,0,1,-1,236,75.8,1.23,155,73.5,0.907,158,72.2,0.861
720,60,0,0.15,0.3,60,0,1,0,0,2,0,320,71.9,0.826,231,68.8,0.76,195,69.7,0.77
720,60,0,0.15,0.3,60,0,1,0,1,0,0,421,73.2,0.97,288,74.0,1.032,267,71.9,0.946
720,60,0,0.15,0.3,60,0,1,0,1,0,1,216,69.9,0.85,150,78.7,1.614,137,75.9,1.344
720,60,0,0.15,0.3,60,0,1,0,1,0,-1,204,76.5,1.095,136,69.1,0.732,126,68.3,0.723
720,60,0,0.15,0.3,60,0,1,0,1,1,0,257,73.5,1.039,167,76.0,1.147,166,72.9,1.107
720,60,0,0.15,0.3,60,0,1,0,-1,0,0,368,70.1,0.823,257,69.6,0.803,245,71.0,0.891
720,60,0,0.15,0.3,60,0,1,0,-1,1,0,212,69.3,0.861,147,72.1,0.96,151,72.2,0.964
720,60,0,0.15,0.3,60,0,1,1,0,0,0,411,73.7,1.002,290,74.1,1.037,268,73.5,1.037
720,60,0,0.15,0.3,60,0,1,1,0,0,1,211,70.6,0.891,152,77.6,1.466,138,76.8,1.496
720,60,0,0.15,0.3,60,0,1,1,0,0,-1,200,77.0,1.123,137,70.1,0.773,128,70.3,0.778
720,60,0,0.15,0.3,60,0,1,1,0,1,0,248,73.4,1.047,171,76.0,1.17,169,74.0,1.165
720,60,0,0.15,0.3,60,0,1,1,1,0,0,375,73.3,0.983,264,74.2,1.046,248,73.0,1.012
720,60,0,0.15,0.3,60,0,1,1,1,1,0,228,73.2,1.053,158,76.6,1.19,157,73.9,1.169
720,60,0,0.15,0.3,60,0,1,-1,0,0,0,376,69.7,0.802,254,69.7,0.811,242,69.4,0.823
720,60,0,0.15,0.3,60,0,1,-1,0,0,1,200,69.5,0.739,126,67.5,0.762,120,65.8,0.722
720,60,0,0.15,0.3,60,0,1,-1,0,1,0,221,69.7,0.86,143,72.0,0.94,149,71.1,0.923
720,60,0,0.15,0.3,60,0,1,-1,-1,0,0,331,69.5,0.798,231,69.3,0.791,225,70.2,0.861
720,60,0,0.15,0.3,60,0,-1,0,0,0,0,218,72.9,0.902,159,79.2,1.254,164,79.9,1.313
720,60,0,0.15,0.3,60,1,0,0,0,0,0,520,73.3,0.976,350,72.3,0.936,302,71.9,0.908
720,60,0,0.15,0.3,60,1,0,0,0,0,1,322,73.0,0.99,225,72.0,0.956,192,71.4,0.924
720,60,0,0.15,0.3,60,1,0,0,0,1,0,300,73.3,1.052,206,72.8,0.968,186,71.5,0.934
720,60,0,0.15,0.3,60,1,0,0,0,2,0,220,73.2,0.888,144,71.5,0.89,116,72.4,0.866
720,60,0,0.15,0.3,60,1,0,0,0,2,1,207,73.9,0.917,137,72.3,0.937,111,72.1,0.852
720,60,0,0.15,0.3,60,1,0,0,1,0,0,276,75.4,1.164,199,72.9,0.984,165,69.7,0.787
720,60,0,0.15,0.3,60,1,0,0,-1,0,0,244,70.9,0.824,151,71.5,0.881,136,74.3,1.075
720,60,0,0.15,0.3,60,1,0,1,0,0,0,273,76.6,1.23,198,71.7,0.933,163,70.6,0.852
720,60,0,0.15,0.3,60,1,0,1,1,0,0,249,75.9,1.204,176,71.6,0.931,150,69.3,0.8
720,60,0,0.15,0.3,60,1,0,-1,0,0,0,247,69.6,0.784,152,73.0,0.938,139,73.4,0.975
720,60,0,0.15,0.3,60,1,0,-1,-1,0,0,220,69.5,0.778,129,71.3,0.87,124,73.4,1.021
720,60,0,0.15,0.3,60,1,1,0,0,0,0,410,73.4,1.027,283,71.7,0.931,244,70.9,0.896
720,60,0,0.15,0.3,60,1,1,0,0,0,1,262,71.4,0.921,180,70.6,0.927,151,69.5,0.898
720,60,0,0.15,0.3,60,1,1,0,0,1,0,229,73.4,1.167,165,73.3,1.034,150,72.0,1.011
720,60,0,0.15,0.3,60,1,1,0,1,0,0,223,75.3,1.183,155,72.3,0.987,129,69.8,0.821
720,60,0,0.15,0.3,60,1,1,1,0,0,0,219,76.3,1.245,160,71.2,0.952,131,71.8,0.957
720,60,0,0.15,0.3,60,1,1,1,1,0,0,200,75.5,1.209,141,71.6,0.989,119,70.6,0.897
720,60,0,0.15,0.3,60,-1,0,0,0,0,0,447,70.2,0.817,334,75.4,1.04,295,75.9,1.11
720,60,0,0.15,0.3,60,-1,0,0,0,0,-1,281,72.2,0.935,216,73.1,0.914,183,74.9,1.022
720,60,0,0.15,0.3,60,-1,0,0,0,1,0,267,68.9,0.786,185,77.8,1.19,169,76.3,1.188
720,60,0,0.15,0.3,60,-1,0,0,1,0,0,229,69.4,0.765,172,77.9,1.204,154,76.0,1.147
720,60,0,0.15,0.3,60,-1,0,0,-1,0,0,218,71.1,0.881,162,72.8,0.902,141,75.9,1.073
720,60,0,0.15,0.3,60,-1,0,1,0,0,0,222,70.3,0.806,170,78.2,1.215,156,78.2,1.268
720,60,0,0.15,0.3,60,-1,0,1,1,0,0,203,69.0,0.749,159,78.6,1.203,147,77.6,1.221
720,60,0,0.15,0.3,60,-1,0,-1,0,0,0,225,70.2,0.828,164,72.6,0.9,139,73.4,0.968
720,60,0,0.15,0.3,60,-1,1,0,0,0,0,344,69.5,0.774,248,73.4,0.951,214,72.9,0.973
720,60,0,0.15,0.3,60,-1,1,0,0,0,-1,214,72.0,0.914,157,69.4,0.764,132,71.2,0.833
720,60,0,0.15,0.3,60,-1,1,0,0,1,0,208,68.8,0.762,139,77.7,1.222,123,74.8,1.131
720,60,0,0.25,1.0,60,0,0,0,0,0,0,1007,47.8,0.832,704,51.3,1.134,677,50.2,1.111
720,60,0,0.25,1.0,60,0,0,0,0,0,1,509,49.3,0.851,354,53.1,1.205,340,52.1,1.176
720,60,0,0.25,1.0,60,0,0,0,0,0,-1,494,46.0,0.806,348,49.7,1.1,329,48.6,1.08
720,60,0,0.25,1.0,60,0,0,0,0,1,0,603,46.4,0.83,407,51.6,1.136,422,50.7,1.148
720,60,0,0.25,1.0,60,0,0,0,0,1,1,295,47.5,0.881,209,52.6,1.132,220,52.7,1.206
720,60,0,0.25,1.0,60,0,0,0,0,1,-1,308,45.5,0.784,198,50.5,1.139,202,48.5,1.1
720,60,0,0.25,1.0,60,0,0,0,0,2,0,404,49.8,0.835,297,50.8,1.132,255,49.4,1.055
720,60,0,0.25,1.0,60,0,0,0,0,2,1,214,51.9,0.814,145,53.8,1.312,120,50.8,1.127
720,60,0,0.25,1.0,60,0,0,0,1,0,0,526,51.3,0.927,379,54.4,1.285,358,51.1,1.175
720,60,0,0.25,1.0,60,0,0,0,1,0,1,266,52.3,0.987,195,56.4,1.408,183,54.6,1.404
720,60,0,0.25,1.0,60,0,0,0,1,0,-1,259,50.2,0.869,182,52.7,1.239,170,48.8,1.076
720,60,0,0.25,1.0,60,0,0,0,1,1,0,319,50.8,0.933,217,53.9,1.284,223,52.0,1.314
720,60,0,0.25,1.0,60,0,0,0,1,2,0,207,52.2,0.92,162,54.9,1.286,135,49.6,0.991
720,60,0,0.25,1.0,60,0,0,0,-1,0,0,481,43.9,0.749,325,47.7,0.991,318,49.1,1.044
720,60,0,0.25,1.0,60,0,0,0,-1,0,1,243,46.1,0.743,159,49.1,1.011,157,49.0,0.964
720,60,0,0.25,1.0,60,0,0,0,-1,0,-1,235,41.3,0.745,166,46.4,0.974,158,48.1,1.075
720,60,0,0.25,1.0,60,0,0,0,-1,1,0,284,41.5,0.738,190,48.9,0.997,198,49.0,0.994
720,60,0,0.25,1.0,60,0,0,1,0,0,0,517,50.3,0.89,376,53.5,1.228,356,51.4,1.192
720,60,0,0.25,1.0,60,0,0,1,0,0,1,262,50.4,0.888,194,54.1,1.278,180,52.8,1.382
720,60,0,0.25,1.0,60,0,0,1,0,0,-1,255,50.2,0.891,181,53.0,1.213,174,50.6,1.091
720,60,0,0.25,1.0,60,0,0,1,0,1,0,309,49.2,0.848,220,53.6,1.271,224,52.2,1.336
720,60,0,0.25,1.0,60,0,0,1,0,2,0,208,51.9,0.944,156,53.2,1.172,132,50.0,0.988
720,60,0,0.25,1.0,60,0,0,1,1,0,0,470,51.1,0.911,341,54.3,1.232,330,51.5,1.196
720,60,0,0.25,1.0,60,0,0,1,1,0,1,237,51.5,0.935,176,55.7,1.326,170,54.1,1.409
720,60,0,0.25,1.0,60,0,0,1,1,0,-1,233,50.6,0.889,164,53.0,1.184,158,49.4,1.075
720,60,0,0.25,1.0,60,0,0,1,1,1,0,283,50.5,0.912,201,54.2,1.283,209,52.2,1.358
720,60,0,0.25,1.0,60,0,0,-1,0,0,0,488,44.9,0.771,327,48.9,1.058,317,49.2,1.052
720,60,0,0.25,1.0,60,0,0,-1,0,0,1,247,48.2,0.82,160,51.9,1.134,160,51.2,0.994
720,60,0,0.25,1.0,60,0,0,-1,0,0,-1,239,41.4,0.723,167,46.1,0.997,155,46.5,1.068
720,60,0,0.25,1.0,60,0,0,-1,0,1,0,294,43.5,0.814,187,49.2,1.011,198,49.0,0.976
720,60,0,0.25,1.0,60,0,0,-1,-1,0,0,433,43.9,0.745,290,47.9,0.968,292,49.0,1.04
720,60,0,0.25,1.0,60,0,0,-1,-1,0,1,218,46.8,0.764,141,50.4,1.021,147,50.3,0.967
720,60,0,0.25,1.0,60,0,0,-1,-1,0,-1,213,40.8,0.726,149,45.6,0.927,143,46.9,1.066
720,60,0,0.25,1.0,60,0,0,-1,-1,1,0,258,42.2,0.779,171,49.1,0.982,184,48.9,0.993
720,60,0,0.25,1.0,60,0,1,0,0,0,0,789,48.5,0.811,545,50.5,1.08,513,49.3,1.063
720,60,0,0.25,1.0,60,0,1,0,0,0,1,411,49.4,0.807,278,51.1,1.088,258,49.2,1.054
720,60,0,0.25,1.0,60,0,1,0,0,0,-1,375,47.5,0.809,265,50.2,1.104,249,49.8,1.097
720,60,0,0.25,1.0,60,0,1,0,0,1,0,469,47.5,0.837,314,51.6,1.131,318,51.3,1.154
720,60,0,0.25,1.0,60,0,1,0,0,1,1,233,46.4,0.808,159,52.2,1.142,160,51.2,1.19
720,60,0,0.25,1.0,60,0,1,0,0,1,-1,236,48.7,0.865,155,51.0,1.121,158,51.3,1.123
720,60,0,0.25,1.0,60,0,1,0,0,2,0,320,50.0,0.779,231,48.9,1.017,195,46.2,0.936
720,60,0,0.25,1.0,60,0,1,0,1,0,0,421,52.0,0.91,288,54.2,1.232,267,51.3,1.166
720,60,0,0.25,1.0,60,0,1,0,1,0,1,216,51.4,0.909,150,56.7,1.37,137,54.0,1.34
720,60,0,0.25,1.0,60,0,1,0,1,0,-1,204,52.5,0.903,136,52.2,1.184,126,50.0,1.121
720,60,0,0.25,1.0,60,0,1,0,1,1,0,257,50.6,0.881,167,55.1,1.371,166,53.0,1.403
720,60,0,0.25,1.0,60,0,1,0,-1,0,0,368,44.6,0.725,257,46.3,0.944,245,46.9,0.962
720,60,0,0.25,1.0,60,0,1,0,-1,1,0,212,43.9,0.795,147,47.6,0.928,151,49.0,0.943
720,60,0,0.25,1.0,60,0,1,1,0,0,0,411,51.6,0.898,290,53.8,1.236,268,52.2,1.241
720,60,0,0.25,1.0,60,0,1,1,0,0,1,211,50.2,0.849,152,54.6,1.268,138,52.9,1.4
720,60,0,0.25,1.0,60,0,1,1,0,0,-1,200,53.0,0.946,137,53.3,1.244,128,52.3,1.174
720,60,0,0.25,1.0,60,0,1,1,0,1,0,248,49.6,0.819,171,55.0,1.392,169,54.4,1.484
720,60,0,0.25,1.0,60,0,1,1,1,0,0,375,52.0,0.923,264,54.5,1.238,248,52.0,1.215
720,60,0,0.25,1.0,60,0,1,1,1,1,0,228,50.4,0.877,158,55.1,1.366,157,53.5,1.45
720,60,0,0.25,1.0,60,0,1,-1,0,0,0,376,44.9,0.724,254,46.9,0.956,242,46.3,0.921
720,60,0,0.25,1.0,60,0,1,-1,0,0,1,200,48.5,0.771,126,46.8,0.93,120,45.0,0.78
720,60,0,0.25,1.0,60,0,1,-1,0,1,0,221,45.2,0.853,143,47.6,0.914,149,47.7,0.887
720,60,0,0.25,1.0,60,0,1,-1,-1,0,0,331,44.1,0.719,231,46.3,0.919,225,46.2,0.926
720,60,0,0.25,1.0,60,0,-1,0,0,0,0,218,45.0,0.915,159,54.1,1.365,164,53.0,1.302
720,60,0,0.25,1.0,60,1,0,0,0,0,0,520,50.6,0.904,350,51.7,1.105,302,50.7,1.086
720,60,0,0.25,1.0,60,1,0,0,0,0,1,322,53.4,0.998,225,52.9,1.146,192,50.5,1.037
720,60,0,0.25,1.0,60,1,0,0,0,1,0,300,49.3,0.961,206,50.0,1.007,186,49.5,1.047
720,60,0,0.25,1.0,60,1,0,0,0,2,0,220,52.3,0.838,144,54.2,1.269,116,52.6,1.152
720,60,0,0.25,1.0,60,1,0,0,0,2,1,207,52.7,0.854,137,55.5,1.389,111,53.2,1.183
720,60,0,0.25,1.0,60,1,0,0,1,0,0,276,54.3,1.002,199,50.8,1.035,165,47.9,0.961
720,60,0,0.25,1.0,60,1,0,0,-1,0,0,244,46.3,0.821,151,53.0,1.199,136,53.7,1.243
720,60,0,0.25,1.0,60,1,0,1,0,0,0,273,53.5,0.97,198,49.0,0.996,163,46.6,0.915
720,60,0,0.25,1.0,60,1,0,1,1,0,0,249,53.8,0.984,176,50.0,0.995,150,46.7,0.906
720,60,0,0.25,1.0,60,1,0,-1,0,0,0,247,47.4,0.847,152,55.3,1.25,139,55.4,1.308
720,60,0,0.25,1.0,60,1,0,-1,-1,0,0,220,45.9,0.819,129,55.0,1.235,124,54.8,1.271
720,60,0,0.25,1.0,60,1,1,0,0,0,0,410,51.2,0.885,283,50.2,1.005,244,48.4,0.986
720,60,0,0.25,1.0,60,1,1,0,0,0,1,262,53.4,0.94,180,50.6,0.988,151,47.7,0.93
720,60,0,0.25,1.0,60,1,1,0,0,1,0,229,49.3,0.944,165,50.3,1.02,150,49.3,1.092
720,60,0,0.25,1.0,60,1,1,0,1,0,0,223,53.8,0.89,155,50.3,1.028,129,47.3,0.998
720,60,0,0.25,1.0,60,1,1,1,0,0,0,219,53.4,0.886,160,48.8,0.994,131,47.3,1.023
720,60,0,0.25,1.0,60,1,1,1,1,0,0,200,53.0,0.879,141,50.4,1.054,119,47.1,1.015
720,60,0,0.25,1.0,60,-1,0,0,0,0,0,447,44.3,0.753,334,51.8,1.201,295,52.2,1.28
720,60,0,0.25,1.0,60,-1,0,0,0,0,-1,281,45.6,0.822,216,50.0,1.143,183,49.7,1.181
720,60,0,0.25,1.0,60,-1,0,0,0,1,0,267,43.1,0.71,185,54.6,1.329,169,55.0,1.485
720,60,0,0.25,1.0,60,-1,0,0,1,0,0,229,46.7,0.818,172,59.3,1.706,154,55.2,1.503
720,60,0,0.25,1.0,60,-1,0,0,-1,0,0,218,41.7,0.691,162,43.8,0.866,141,48.9,1.099
720,60,0,0.25,1.0,60,-1,0,1,0,0,0,222,46.4,0.811,170,58.8,1.573,156,57.7,1.666
720,60,0,0.25,1.0,60,-1,0,1,1,0,0,203,46.8,0.803,159,59.7,1.609,147,57.1,1.599
720,60,0,0.25,1.0,60,-1,0,-1,0,0,0,225,42.2,0.698,164,44.5,0.947,139,46.0,0.992
720,60,0,0.25,1.0,60,-1,1,0,0,0,0,344,45.1,0.719,248,52.0,1.214,214,52.3,1.251
720,60,0,0.25,1.0,60,-1,1,0,0,0,-1,214,46.7,0.792,157,51.0,1.165,132,50.8,1.183
720,60,0,0.25,1.0,60,-1,1,0,0,1,0,208,45.2,0.728,139,54.7,1.325,123,56.1,1.388
720,60,1,0.25,0.6,60,0,0,0,0,0,0,1007,54.6,1.05,704,52.1,0.871,677,52.6,0.886
720,60,1,0.25,0.6,60,0,0,0,0,0,1,494,57.5,1.136,348,53.7,0.889,329,53.8,0.892
720,60,1,0.25,0.6,60,0,0,0,0,0,-1,509,51.9,0.968,354,50.3,0.838,340,51.2,0.871
720,60,1,0.25,0.6,60,0,0,0,0,1,0,603,55.1,1.019,407,52.6,0.87,422,51.7,0.846
720,60,1,0.25,0.6,60,0,0,0,0,1,1,308,56.5,1.098,198,53.5,0.865,202,53.5,0.857
720,60,1,0.25,0.6,60,0,0,0,0,1,-1,295,53.6,0.942,209,51.7,0.876,220,50.0,0.834
720,60,1,0.25,0.6,60,0,0,0,0,2,0,404,54.0,1.095,297,51.5,0.871,255,54.1,0.95
720,60,1,0.25,0.6,60,0,0,0,0,2,-1,214,49.5,1.005,145,48.3,0.79,120,53.3,0.936
720,60,1,0.25,0.6,60,0,0,0,1,0,0,481,58.2,1.097,325,56.9,1.021,318,55.3,0.965
720,60,1,0.25,0.6,60,0,0,0,1,0,1,235,60.9,1.119,166,56.6,0.978,158,54.4,0.874
720,60,1,0.25,0.6,60,0,0,0,1,0,-1,243,55.6,1.063,159,57.2,1.072,157,57.3,1.134
720,60,1,0.25,0.6,60,0,0,0,1,1,0,284,60.2,1.12,190,55.3,1.01,198,54.5,0.997
720,60,1,0.25,0.6,60,0,0,0,-1,0,0,526,51.3,1.007,379,48.0,0.755,358,50.3,0.821
720,60,1,0.25,0.6,60,0,0,0,-1,0,1,259,54.4,1.152,182,51.1,0.815,170,53.5,0.918
720,60,1,0.25,0.6,60,0,0,0,-1,0,-1,266,48.5,0.881,195,44.6,0.673,183,45.9,0.691
720,60,1,0.25,0.6,60,0,0,0,-1,1,0,319,50.5,0.93,217,50.2,0.759,223,49.3,0.728
720,60,1,0.25,0.6,60,0,0,0,-1,2,0,207,52.7,1.124,162,45.1,0.75,135,51.9,0.983
720,60,1,0.25,0.6,60,0,0,1,0,0,0,488,57.6,1.074,327,55.4,0.964,317,55.5,0.983
720,60,1,0.25,0.6,60,0,0,1,0,0,1,239,61.5,1.202,167,57.5,0.999,155,56.8,0.938
720,60,1,0.25,0.6,60,0,0,1,0,0,-1,247,53.8,0.963,160,53.1,0.927,160,55.0,1.08
720,60,1,0.25,0.6,60,0,0,1,0,1,0,294,58.2,1.012,187,55.1,1.01,198,55.1,1.07
720,60,1,0.25,0.6,60,0,0,1,1,0,0,433,58.7,1.109,290,56.9,1.066,292,55.8,0.991
720,60,1,0.25,0.6,60,0,0,1,1,0,1,213,61.5,1.174,149,57.7,1.067,143,55.9,0.923
720,60,1,0.25,0.6,60,0,0,1,1,0,-1,218,56.0,1.048,141,56.0,1.064,147,56.5,1.125
720,60,1,0.25,0.6,60,0,0,1,1,1,0,258,59.7,1.073,171,55.0,1.046,184,54.9,1.033
720,60,1,0.25,0.6,60,0,0,-1,0,0,0,517,51.8,1.027,376,49.2,0.785,356,49.7,0.793
720,60,1,0.25,0.6,60,0,0,-1,0,0,1,255,53.7,1.08,181,50.3,0.797,174,51.1,0.852
720,60,1,0.25,0.6,60,0,0,-1,0,0,-1,262,50.0,0.974,194,47.9,0.76,180,47.8,0.712
720,60,1,0.25,0.6,60,0,0,-1,0,1,0,309,52.1,1.026,220,50.5,0.757,224,48.7,0.682
720,60,1,0.25,0.6,60,0,0,-1,0,2,0,208,51.4,1.028,156,47.4,0.824,132,51.5,1.008
720,60,1,0.25,0.6,60,0,0,-1,-1,0,0,470,51.7,1.036,341,48.4,0.793,330,49.7,0.804
720,60,1,0.25,0.6,60,0,0,-1,-1,0,1,233,53.6,1.122,164,50.6,0.845,158,52.5,0.903
720,60,1,0.25,0.6,60,0,0,-1,-1,0,-1,237,49.8,0.95,176,46.0,0.724,170,46.5,0.69
720,60,1,0.25,0.6,60,0,0,-1,-1,1,0,283,50.9,0.974,201,49.8,0.76,209,48.8,0.691
720,60,1,0.25,0.6,60,0,1,0,0,0,0,218,60.1,1.116,159,49.1,0.753,164,49.4,0.809
720,60,1,0.25,0.6,60,0,-1,0,0,0,0,789,53.1,1.032,545,53.0,0.906,513,53.6,0.91
720,60,1,0.25,0.6,60,0,-1,0,0,0,1,375,54.9,1.061,265,54.0,0.923,249,53.8,0.924
720,60,1,0.25,0.6,60,0,-1,0,0,0,-1,411,51.3,0.998,278,51.8,0.872,258,53.1,0.887
720,60,1,0.25,0.6,60,0,-1,0,0,1,0,469,52.5,0.959,314,52.5,0.855,318,51.9,0.839
720,60,1,0.25,0.6,60,0,-1,0,0,1,1,236,51.7,0.913,155,53.5,0.919,158,52.5,0.889
720,60,1,0.25,0.6,60,0,-1,0,0,1,-1,233,53.2,1.009,159,51.6,0.789,160,51.2,0.787
720,60,1,0.25,0.6,60,0,-1,0,0,2,0,320,54.1,1.137,231,53.7,0.977,195,56.4,1.028
720,60,1,0.25,0.6,60,0,-1,0,1,0,0,368,57.3,1.113,257,58.8,1.082,245,58.0,1.036
720,60,1,0.25,0.6,60,0,-1,0,1,1,0,212,56.6,0.993,147,57.1,1.09,151,55.6,1.052
720,60,1,0.25,0.6,60,0,-1,0,-1,0,0,421,49.4,0.96,288,47.9,0.765,267,49.8,0.807
720,60,1,0.25,0.6,60,0,-1,0,-1,0,1,204,51.0,1.03,136,52.2,0.874,126,53.2,0.928
720,60,1,0.25,0.6,60,0,-1,0,-1,0,-1,216,48.1,0.904,150,43.3,0.635,137,45.3,0.65
720,60,1,0.25,0.6,60,0,-1,0,-1,1,0,257,49.0,0.927,167,48.5,0.678,166,48.8,0.678
720,60,1,0.25,0.6,60,0,-1,1,0,0,0,376,57.2,1.109,254,58.3,1.093,242,58.7,1.105
720,60,1,0.25,0.6,60,0,-1,1,0,0,-1,200,54.0,1.031,126,58.7,1.101,120,60.0,1.251
720,60,1,0.25,0.6,60,0,-1,1,0,1,0,221,55.2,0.915,143,58.0,1.143,149,57.0,1.169
720,60,1,0.25,0.6,60,0,-1,1,1,0,0,331,58.0,1.126,231,59.3,1.144,225,59.1,1.098
720,60,1,0.25,0.6,60,0,-1,-1,0,0,0,411,49.4,0.963,290,48.3,0.751,268,48.9,0.75
720,60,1,0.25,0.6,60,0,-1,-1,0,0,1,200,50.0,0.961,137,50.4,0.794,128,50.0,0.83
720,60,1,0.25,0.6,60,0,-1,-1,0,0,-1,211,48.8,0.965,152,46.1,0.69,138,47.1,0.648
720,60,1,0.25,0.6,60,0,-1,-1,0,1,0,248,50.0,1.006,171,48.0,0.65,169,47.3,0.619
720,60,1,0.25,0.6,60,0,-1,-1,-1,0,0,375,49.3,0.963,264,47.7,0.762,248,49.2,0.775
720,60,1,0.25,0.6,60,0,-1,-1,-1,1,0,228,49.1,0.953,158,48.1,0.678,157,48.4,0.65
720,60,1,0.25,0.6,60,1,0,0,0,0,0,447,59.5,1.218,334,50.9,0.821,295,49.8,0.791
720,60,1,0.25,0.6,60,1,0,0,0,0,1,281,59.4,1.201,216,51.9,0.843,183,51.9,0.84
720,60,1,0.25,0.6,60,1,0,0,0,1,0,267,59.2,1.215,185,48.6,0.761,169,46.2,0.688
720,60,1,0.25,0.6,60,1,0,0,1,0,0,218,60.1,1.163,162,57.4,1.025,141,53.2,0.846
720,60,1,0.25,0.6,60,1,0,0,-1,0,0,229,59.0,1.272,172,44.8,0.667,154,46.8,0.741
720,60,1,0.25,0.6,60,1,0,1,0,0,0,225,60.4,1.177,164,56.7,0.94,139,56.1,0.939
720,60,1,0.25,0.6,60,1,0,-1,0,0,0,222,58.6,1.258,170,45.3,0.718,156,44.2,0.673
720,60,1,0.25,0.6,60,1,0,-1,-1,0,0,203,58.6,1.314,159,44.7,0.727,147,44.9,0.713
720,60,1,0.25,0.6,60,1,-1,0,0,0,0,344,57.8,1.204,248,51.6,0.829,214,51.4,0.833
720,60,1,0.25,0.6,60,1,-1,0,0,0,1,214,57.9,1.173,157,51.6,0.87,132,52.3,0.895
720,60,1,0.25,0.6,60,1,-1,0,0,1,0,208,55.8,1.112,139,49.6,0.763,123,48.0,0.746
720,60,1,0.25,0.6,60,-1,0,0,0,0,0,520,50.6,0.917,350,52.0,0.881,302,53.0,0.889
720,60,1,0.25,0.6,60,-1,0,0,0,0,-1,322,47.5,0.832,225,49.3,0.833,192,52.6,0.946
720,60,1,0.25,0.6,60,-1,0,0,0,1,0,300,51.7,0.866,206,54.4,0.927,186,53.8,0.879
720,60,1,0.25,0.6,60,-1,0,0,0,2,0,220,49.1,0.988,144,48.6,0.822,116,51.7,0.905
720,60,1,0.25,0.6,60,-1,0,0,0,2,-1,207,48.8,0.966,137,46.7,0.764,111,51.4,0.905
720,60,1,0.25,0.6,60,-1,0,0,1,0,0,244,55.7,0.994,151,55.0,0.966,136,53.7,0.924
720,60,1,0.25,0.6,60,-1,0,0,-1,0,0,276,46.0,0.846,199,49.7,0.814,165,52.7,0.869
720,60,1,0.25,0.6,60,-1,0,1,0,0,0,247,55.1,0.982,152,52.6,0.955,139,52.5,0.897
720,60,1,0.25,0.6,60,-1,0,1,1,0,0,220,57.3,1.023,129,54.3,0.99,124,53.2,0.912
720,60,1,0.25,0.6,60,-1,0,-1,0,0,0,273,46.5,0.855,198,51.5,0.82,163,53.4,0.882
720,60,1,0.25,0.6,60,-1,0,-1,-1,0,0,249,47.0,0.869,176,50.6,0.818,150,53.3,0.879
720,60,1,0.25,0.6,60,-1,-1,0,0,0,0,410,49.3,0.903,283,53.0,0.947,244,53.7,0.915
720,60,1,0.25,0.6,60,-1,-1,0,0,0,-1,262,47.7,0.874,180,50.6,0.911,151,53.0,0.92
720,60,1,0.25,0.6,60,-1,-1,0,0,1,0,229,49.8,0.836,165,53.3,0.891,150,52.7,0.819
720,60,1,0.25,0.6,60,-1,-1,0,-1,0,0,223,45.7,0.9,155,49.0,0.796,129,51.2,0.793
720,60,1,0.25,0.6,60,-1,-1,-1,0,0,0,219,45.7,0.889,160,50.6,0.793,131,51.1,0.76
720,60,1,0.25,0.6,60,-1,-1,-1,-1,0,0,200,46.5,0.917,141,48.9,0.741,119,51.3,0.748
750,-2,0,0.25,0.3,60,0,0,0,0,0,0,1007,67.2,0.967,706,65.3,1.018,680,65.3,1.076
750,-2,0,0.25,0.3,60,0,0,0,0,0,1,511,64.0,0.839,353,63.2,0.999,341,63.9,1.07
750,-2,0,0.25,0.3,60,0,0,0,0,0,-1,492,70.5,1.127,351,67.5,1.05,331,67.1,1.109
750,-2,0,0.25,0.3,60,0,0,0,0,1,0,603,67.3,0.98,408,67.4,1.196,423,67.8,1.319
750,-2,0,0.25,0.3,60,0,0,0,0,1,1,302,62.6,0.805,206,64.6,1.051,215,66.0,1.151
750,-2,0,0.25,0.3,60,0,0,0,0,1,-1,301,72.1,1.21,202,70.3,1.383,208,69.7,1.551
750,-2,0,0.25,0.3,60,0,0,0,0,2,0,404,67.1,0.948,298,62.4,0.842,257,61.1,0.812
750,-2,0,0.25,0.3,60,0,0,0,0,2,1,209,66.0,0.891,147,61.2,0.931,126,60.3,0.947
750,-2,0,0.25,0.3,60,0,0,0,1,0,0,511,68.9,1.009,327,68.5,1.172,302,67.2,1.217
750,-2,0,0.25,0.3,60,0,0,0,1,0,1,259,65.3,0.813,168,69.6,1.438,154,68.2,1.429
750,-2,0,0.25,0.3,60,0,0,0,1,0,-1,250,72.4,1.264,158,67.7,1.011,142,67.6,1.123
750,-2,0,0.25,0.3,60,0,0,0,1,1,0,320,69.1,1.017,187,70.6,1.46,183,69.4,1.641
750,-2,0,0.25,0.3,60,0,0,0,-1,0,0,496,65.5,0.928,379,62.5,0.909,377,63.9,0.985
750,-2,0,0.25,0.3,60,0,0,0,-1,0,1,252,62.7,0.866,185,57.3,0.762,187,60.4,0.87
750,-2,0,0.25,0.3,60,0,0,0,-1,0,-1,242,68.6,1.013,193,67.4,1.086,188,67.0,1.104
750,-2,0,0.25,0.3,60,0,0,0,-1,1,0,283,65.4,0.941,221,64.7,1.035,239,66.9,1.146
750,-2,0,0.25,0.3,60,0,0,0,-1,2,0,213,65.7,0.912,158,59.5,0.766,138,58.7,0.783
750,-2,0,0.25,0.3,60,0,0,1,0,0,0,502,68.3,0.969,329,66.9,1.034,311,66.9,1.155
750,-2,0,0.25,0.3,60,0,0,1,0,0,1,255,64.3,0.755,170,65.9,1.121,157,66.9,1.34
750,-2,0,0.25,0.3,60,0,0,1,0,0,-1,246,72.4,1.269,159,67.9,0.958,151,67.5,1.036
750,-2,0,0.25,0.3,60,0,0,1,0,1,0,310,69.0,1.008,189,69.3,1.323,191,69.1,1.554
750,-2,0,0.25,0.3,60,0,0,1,1,0,0,455,69.0,0.976,291,68.4,1.151,279,68.5,1.289
750,-2,0,0.25,0.3,60,0,0,1,1,0,1,233,64.4,0.761,151,69.5,1.38,145,69.0,1.494
750,-2,0,0.25,0.3,60,0,0,1,1,0,-1,221,73.8,1.281,140,67.1,0.977,131,68.7,1.156
750,-2,0,0.25,0.3,60,0,0,1,1,1,0,284,69.0,0.997,170,70.6,1.464,172,70.3,1.667
750,-2,0,0.25,0.3,60,0,0,-1,0,0,0,503,66.0,0.958,376,64.1,1.021,365,64.1,1.029
750,-2,0,0.25,0.3,60,0,0,-1,0,0,1,256,63.7,0.934,183,60.7,0.908,184,61.4,0.902
750,-2,0,0.25,0.3,60,0,0,-1,0,0,-1,246,68.7,1.007,192,67.2,1.142,180,66.7,1.178
750,-2,0,0.25,0.3,60,0,0,-1,0,1,0,293,65.5,0.951,219,65.8,1.105,232,66.8,1.167
750,-2,0,0.25,0.3,60,0,0,-1,0,2,0,210,66.7,0.968,157,61.8,0.921,133,59.4,0.85
750,-2,0,0.25,0.3,60,0,0,-1,-1,0,0,448,65.8,0.927,341,63.3,0.974,345,64.6,1.046
750,-2,0,0.25,0.3,60,0,0,-1,-1,0,1,230,62.6,0.885,166,59.6,0.842,175,61.7,0.909
750,-2,0,0.25,0.3,60,0,0,-1,-1,0,-1,217,69.6,0.997,174,66.7,1.124,169,67.5,1.209
750,-2,0,0.25,0.3,60,0,0,-1,-1,1,0,257,65.0,0.922,202,65.3,1.083,221,67.4,1.164
750,-2,0,0.25,0.3,60,0,1,0,0,0,0,825,66.9,0.959,559,63.5,0.939,559,64.0,1.017
750,-2,0,0.25,0.3,60,0,1,0,0,0,1,425,62.1,0.795,284,61.6,0.934,286,62.6,1.025
750,-2,0,0.25,0.3,60,0,1,0,0,0,-1,396,72.0,1.188,273,65.6,0.957,267,65.9,1.036
750,-2,0,0.25,0.3,60,0,1,0,0,1,0,496,66.7,0.978,315,65.7,1.088,343,66.8,1.241
750,-2,0,0.25,0.3,60,0,1,0,0,1,1,252,59.9,0.759,163,64.4,1.047,178,65.7,1.165
750,-2,0,0.25,0.3,60,0,1,0,0,1,-1,244,73.8,1.299,152,67.1,1.136,165,67.9,1.337
750,-2,0,0.25,0.3,60,0,1,0,0,2,0,329,67.2,0.932,244,60.7,0.797,216,59.7,0.781
750,-2,0,0.25,0.3,60,0,1,0,1,0,0,434,69.1,1.06,269,66.5,1.105,255,66.3,1.182
750,-2,0,0.25,0.3,60,0,1,0,1,0,1,224,63.8,0.794,143,67.8,1.399,135,66.7,1.426
750,-2,0,0.25,0.3,60,0,1,0,1,0,-1,208,74.5,1.474,125,65.6,0.926,116,67.2,1.065
750,-2,0,0.25,0.3,60,0,1,0,1,1,0,277,68.6,1.038,152,68.4,1.345,158,68.4,1.579
750,-2,0,0.25,0.3,60,0,1,0,-1,0,0,391,64.5,0.868,290,60.7,0.816,303,62.4,0.909
750,-2,0,0.25,0.3,60,0,1,0,-1,0,1,201,60.2,0.795,141,55.3,0.672,151,58.9,0.795
750,-2,0,0.25,0.3,60,0,1,0,-1,1,0,219,64.4,0.909,163,63.2,0.921,184,65.8,1.045
750,-2,0,0.25,0.3,60,0,1,1,0,0,0,425,68.0,0.989,267,64.8,0.961,263,65.8,1.12
750,-2,0,0.25,0.3,60,0,1,1,0,0,1,218,61.9,0.707,143,63.6,1.043,139,65.5,1.334
750,-2,0,0.25,0.3,60,0,1,1,0,0,-1,206,74.3,1.465,124,66.1,0.887,122,67.2,0.979
750,-2,0,0.25,0.3,60,0,1,1,0,1,0,263,67.3,0.971,154,67.5,1.216,166,68.7,1.527
750,-2,0,0.25,0.3,60,0,1,1,1,0,0,391,69.1,1.006,237,66.7,1.093,235,67.7,1.268
750,-2,0,0.25,0.3,60,0,1,1,1,0,1,202,62.9,0.733,127,67.7,1.336,127,67.7,1.513
750,-2,0,0.25,0.3,60,0,1,1,1,1,0,248,68.1,0.993,137,68.6,1.353,149,69.8,1.624
750,-2,0,0.25,0.3,60,0,1,-1,0,0,0,398,65.6,0.922,291,62.5,0.936,293,62.5,0.949
750,-2,0,0.25,0.3,60,0,1,-1,0,0,1,207,62.3,0.901,141,59.6,0.847,147,59.9,0.823
750,-2,0,0.25,0.3,60,0,1,-1,0,1,0,233,66.1,0.986,161,64.0,0.988,177,65.0,1.045
750,-2,0,0.25,0.3,60,0,1,-1,-1,0,0,356,65.2,0.869,260,61.9,0.89,275,63.3,0.97
750,-2,0,0.25,0.3,60,0,1,-1,-1,1,0,204,65.2,0.928,146,63.7,0.963,168,66.1,1.048
750,-2,0,0.25,0.3,60,1,0,0,0,0,0,497,69.8,1.08,333,63.1,0.999,293,64.2,1.079
750,-2,0,0.25,0.3,60,1,0,0,0,0,1,313,67.4,0.982,217,60.4,0.945,189,62.4,1.059
750,-2,0,0.25,0.3,60,1,0,0,0,1,0,294,71.4,1.193,186,66.1,1.151,166,68.7,1.256
750,-2,0,0.25,0.3,60,1,0,0,0,2,0,203,67.5,0.942,147,59.2,0.848,127,58.3,0.891
750,-2,0,0.25,0.3,60,1,0,0,1,0,0,257,71.2,1.225,165,64.2,1.055,133,65.4,1.14
750,-2,0,0.25,0.3,60,1,0,0,-1,0,0,240,68.3,0.965,168,61.9,0.952,159,63.5,1.04
750,-2,0,0.25,0.3,60,1,0,1,0,0,0,255,71.4,1.21,166,62.0,0.889,136,64.7,1.087
750,-2,0,0.25,0.3,60,1,0,1,1,0,0,230,71.3,1.193,149,63.8,0.997,124,66.1,1.186
750,-2,0,0.25,0.3,60,1,0,-1,0,0,0,242,68.2,0.972,167,64.1,1.115,157,63.7,1.072
750,-2,0,0.25,0.3,60,1,0,-1,-1,0,0,215,67.9,0.932,151,63.6,1.066,148,64.2,1.101
750,-2,0,0.25,0.3,60,1,1,0,0,0,0,416,68.5,1.018,272,59.2,0.833,249,61.0,0.923
750,-2,0,0.25,0.3,60,1,1,0,0,0,1,261,65.9,0.938,176,56.8,0.8,159,59.1,0.917
750,-2,0,0.25,0.3,60,1,1,0,0,1,0,245,69.8,1.13,151,62.3,0.943,141,65.2,1.047
750,-2,0,0.25,0.3,60,1,1,0,1,0,0,223,69.5,1.164,140,60.7,0.928,116,62.9,1.021
750,-2,0,0.25,0.3,60,1,1,1,0,0,0,219,68.9,1.109,139,58.3,0.753,120,62.5,0.979
750,-2,0,0.25,0.3,60,1,1,1,1,0,0,201,69.7,1.125,125,60.0,0.86,108,63.9,1.067
750,-2,0,0.25,0.3,60,-1,0,0,0,0,0,470,63.8,0.853,353,67.7,1.05,307,68.1,1.115
750,-2,0,0.25,0.3,60,-1,0,0,0,0,-1,290,67.2,1.008,225,66.7,0.989,188,66.0,0.996
750,-2,0,0.25,0.3,60,-1,0,0,0,1,0,273,61.9,0.783,206,68.4,1.22,190,69.5,1.431
750,-2,0,0.25,0.3,60,-1,0,0,1,0,0,233,65.2,0.818,156,73.7,1.395,132,73.5,1.444
750,-2,0,0.25,0.3,60,-1,0,0,-1,0,0,237,62.4,0.891,197,62.9,0.852,175,64.0,0.926
750,-2,0,0.25,0.3,60,-1,0,1,0,0,0,227,64.3,0.767,157,72.0,1.214,140,72.1,1.291
750,-2,0,0.25,0.3,60,-1,0,1,1,0,0,208,65.4,0.777,138,73.9,1.392,124,74.2,1.517
750,-2,0,0.25,0.3,60,-1,0,-1,0,0,0,243,63.4,0.952,196,64.3,0.936,167,64.7,0.982
750,-2,0,0.25,0.3,60,-1,0,-1,-1,0,0,218,63.3,0.916,178,63.5,0.897,159,64.8,1.002
750,-2,0,0.25,0.3,60,-1,1,0,0,0,0,375,64.5,0.892,275,68.4,1.079,251,68.5,1.146
750,-2,0,0.25,0.3,60,-1,1,0,0,0,-1,227,70.5,1.168,173,66.5,0.972,152,65.8,0.997
750,-2,0,0.25,0.3,60,-1,1,0,0,1,0,221,62.4,0.827,155,69.7,1.278,152,70.4,1.492
750,-2,1,0.15,1.0,60,0,0,0,0,0,0,1007,47.1,0.914,706,47.2,0.825,680,47.6,0.82
750,-2,1,0.15,1.0,60,0,0,0,0,0,1,492,43.3,0.774,351,48.1,0.889,331,49.5,0.895
750,-2,1,0.15,1.0,60,0,0,0,0,0,-1,511,50.7,1.07,353,46.2,0.762,341,45.7,0.738
750,-2,1,0.15,1.0,60,0,0,0,0,1,0,603,45.1,0.836,408,42.9,0.669,423,43.5,0.662
750,-2,1,0.15,1.0,60,0,0,0,0,1,1,301,40.5,0.713,202,43.1,0.72,208,45.2,0.733
750,-2,1,0.15,1.0,60,0,0,0,0,1,-1,302,49.7,0.982,206,42.7,0.622,215,41.9,0.6
750,-2,1,0.15,1.0,60,0,0,0,0,2,0,404,50.0,1.031,298,53.0,1.081,257,54.5,1.128
750,-2,1,0.15,1.0,60,0,0,0,0,2,-1,209,52.2,1.196,147,51.0,1.004,126,52.4,1.033
750,-2,1,0.15,1.0,60,0,0,0,1,0,0,496,52.2,1.074,379,49.9,0.881,377,50.1,0.865
750,-2,1,0.15,1.0,60,0,0,0,1,0,1,242,48.3,0.964,193,51.3,0.988,188,52.7,0.999
750,-2,1,0.15,1.0,60,0,0,0,1,0,-1,252,56.0,1.186,185,48.6,0.795,187,48.1,0.762
750,-2,1,0.15,1.0,60,0,0,0,1,1,0,283,52.3,1.09,221,45.2,0.751,239,45.6,0.761
750,-2,1,0.15,1.0,60,0,0,0,1,2,0,213,52.1,1.057,158,56.3,1.104,138,58.0,1.062
750,-2,1,0.15,1.0,60,0,0,0,-1,0,0,511,42.1,0.772,327,44.0,0.763,302,44.4,0.762
750,-2,1,0.15,1.0,60,0,0,0,-1,0,1,250,38.4,0.622,158,44.3,0.788,142,45.1,0.772
750,-2,1,0.15,1.0,60,0,0,0,-1,0,-1,259,45.6,0.957,168,43.5,0.722,154,42.9,0.708
750,-2,1,0.15,1.0,60,0,0,0,-1,1,0,320,38.8,0.661,187,40.1,0.577,183,40.4,0.541
750,-2,1,0.15,1.0,60,0,0,1,0,0,0,503,52.3,1.053,376,48.9,0.836,365,50.1,0.854
750,-2,1,0.15,1.0,60,0,0,1,0,0,1,246,49.2,1.0,192,51.0,0.95,180,52.8,0.995
750,-2,1,0.15,1.0,60,0,0,1,0,0,-1,256,55.1,1.092,183,47.0,0.745,184,47.8,0.748
750,-2,1,0.15,1.0,60,0,0,1,0,1,0,293,53.2,1.114,219,44.3,0.72,232,46.1,0.767
750,-2,1,0.15,1.0,60,0,0,1,0,2,0,210,51.0,0.982,157,55.4,1.029,133,57.1,1.014
750,-2,1,0.15,1.0,60,0,0,1,1,0,0,448,52.2,1.079,341,49.9,0.856,345,50.4,0.859
750,-2,1,0.15,1.0,60,0,0,1,1,0,1,217,48.8,1.022,174,52.9,1.024,169,53.8,1.024
750,-2,1,0.15,1.0,60,0,0,1,1,0,-1,230,55.2,1.119,166,47.0,0.726,175,47.4,0.738
750,-2,1,0.15,1.0,60,0,0,1,1,1,0,257,53.3,1.134,202,45.5,0.747,221,46.2,0.773
750,-2,1,0.15,1.0,60,0,0,-1,0,0,0,502,42.0,0.795,329,45.0,0.805,311,44.7,0.768
750,-2,1,0.15,1.0,60,0,0,-1,0,0,1,246,37.4,0.602,159,44.7,0.826,151,45.7,0.799
750,-2,1,0.15,1.0,60,0,0,-1,0,0,-1,255,46.3,1.046,170,45.3,0.782,157,43.3,0.726
750,-2,1,0.15,1.0,60,0,0,-1,0,1,0,310,37.4,0.638,189,41.3,0.612,191,40.3,0.552
750,-2,1,0.15,1.0,60,0,0,-1,-1,0,0,455,40.9,0.767,291,44.3,0.768,279,44.1,0.745
750,-2,1,0.15,1.0,60,0,0,-1,-1,0,1,221,36.7,0.603,140,45.7,0.839,131,45.8,0.787
750,-2,1,0.15,1.0,60,0,0,-1,-1,0,-1,233,44.6,0.969,151,43.0,0.698,145,42.1,0.694
750,-2,1,0.15,1.0,60,0,0,-1,-1,1,0,284,37.0,0.63,170,41.2,0.593,172,40.1,0.54
750,-2,1,0.15,1.0,60,0,-1,0,0,0,0,825,46.7,0.895,559,47.6,0.856,559,47.9,0.855
750,-2,1,0.15,1.0,60,0,-1,0,0,0,1,396,42.4,0.761,273,49.5,0.95,267,49.8,0.939
750,-2,1,0.15,1.0,60,0,-1,0,0,0,-1,425,50.6,1.04,284,45.8,0.766,286,46.2,0.775
750,-2,1,0.15,1.0,60,0,-1,0,0,1,0,496,44.4,0.818,315,43.5,0.687,343,44.3,0.703
750,-2,1,0.15,1.0,60,0,-1,0,0,1,1,244,38.9,0.699,152,46.1,0.836,165,46.7,0.813
750,-2,1,0.15,1.0,60,0,-1,0,0,1,-1,252,49.6,0.956,163,41.1,0.563,178,42.1,0.613
750,-2,1,0.15,1.0,60,0,-1,0,0,2,0,329,50.2,1.011,244,52.9,1.11,216,53.7,1.125
750,-2,1,0.15,1.0,60,0,-1,0,1,0,0,391,52.4,1.079,290,50.7,0.945,303,50.5,0.911
750,-2,1,0.15,1.0,60,0,-1,0,1,0,-1,201,56.2,1.169,141,49.6,0.868,151,49.0,0.837
750,-2,1,0.15,1.0,60,0,-1,0,1,1,0,219,50.7,1.014,163,46.0,0.791,184,46.7,0.833
750,-2,1,0.15,1.0,60,0,-1,0,-1,0,0,434,41.5,0.74,269,44.2,0.769,255,44.7,0.788
750,-2,1,0.15,1.0,60,0,-1,0,-1,0,1,208,37.0,0.588,125,46.4,0.858,116,45.7,0.846
750,-2,1,0.15,1.0,60,0,-1,0,-1,0,-1,224,45.5,0.92,143,42.0,0.67,135,43.0,0.709
750,-2,1,0.15,1.0,60,0,-1,0,-1,1,0,277,39.4,0.683,152,40.8,0.583,158,41.1,0.566
750,-2,1,0.15,1.0,60,0,-1,1,0,0,0,398,52.3,1.03,291,49.5,0.871,293,50.9,0.904
750,-2,1,0.15,1.0,60,0,-1,1,0,0,-1,207,55.1,1.046,141,47.5,0.784,147,49.0,0.823
750,-2,1,0.15,1.0,60,0,-1,1,0,1,0,233,51.5,1.004,161,45.3,0.756,177,48.0,0.857
750,-2,1,0.15,1.0,60,0,-1,1,1,0,0,356,52.2,1.075,260,50.4,0.901,275,50.9,0.907
750,-2,1,0.15,1.0,60,0,-1,1,1,1,0,204,51.0,1.022,146,46.6,0.787,168,47.6,0.858
750,-2,1,0.15,1.0,60,0,-1,-1,0,0,0,425,41.6,0.784,267,45.3,0.831,263,44.9,0.799
750,-2,1,0.15,1.0,60,0,-1,-1,0,0,1,206,36.4,0.587,124,46.8,0.92,122,45.9,0.866
750,-2,1,0.15,1.0,60,0,-1,-1,0,0,-1,218,46.3,1.034,143,44.1,0.748,139,43.2,0.725
750,-2,1,0.15,1.0,60,0,-1,-1,0,1,0,263,38.0,0.678,154,41.6,0.618,166,40.4,0.568
750,-2,1,0.15,1.0,60,0,-1,-1,-1,0,0,391,40.4,0.752,237,44.3,0.775,235,44.3,0.775
750,-2,1,0.15,1.0,60,0,-1,-1,-1,0,-1,202,44.6,0.947,127,40.9,0.631,127,41.7,0.689
750,-2,1,0.15,1.0,60,0,-1,-1,-1,1,0,248,37.5,0.667,137,41.6,0.594,149,40.3,0.558
750,-2,1,0.15,1.0,60,1,0,0,0,0,0,470,50.4,1.007,353,48.2,0.857,307,47.6,0.822
750,-2,1,0.15,1.0,60,1,0,0,0,0,1,290,46.6,0.866,225,51.1,0.974,188,53.2,1.016
750,-2,1,0.15,1.0,60,1,0,0,0,1,0,273,51.6,1.084,206,43.7,0.697,190,43.2,0.656
750,-2,1,0.15,1.0,60,1,0,0,1,0,0,237,52.7,1.021,197,53.8,1.063,175,54.3,1.06
750,-2,1,0.15,1.0,60,1,0,0,-1,0,0,233,48.1,0.993,156,41.0,0.663,132,38.6,0.598
750,-2,1,0.15,1.0,60,1,0,1,0,0,0,243,53.1,1.012,196,52.6,0.996,167,53.9,1.056
750,-2,1,0.15,1.0,60,1,0,1,1,0,0,218,52.3,1.021,178,53.9,1.081,159,54.7,1.09
750,-2,1,0.15,1.0,60,1,0,-1,0,0,0,227,47.6,1.002,157,42.7,0.72,140,40.0,0.628
750,-2,1,0.15,1.0,60,1,0,-1,-1,0,0,208,46.6,1.0,138,41.3,0.691,124,38.7,0.603
750,-2,1,0.15,1.0,60,1,-1,0,0,0,0,375,49.9,0.97,275,46.2,0.796,251,46.2,0.802
750,-2,1,0.15,1.0,60,1,-1,0,0,0,1,227,44.5,0.787,173,50.9,0.976,152,52.6,1.011
750,-2,1,0.15,1.0,60,1,-1,0,0,1,0,221,50.2,1.022,155,41.3,0.624,152,41.4,0.623
750,-2,1,0.15,1.0,60,-1,0,0,0,0,0,497,45.3,0.865,333,46.2,0.798,293,46.4,0.784
750,-2,1,0.15,1.0,60,-1,0,0,0,0,-1,313,47.6,0.974,217,47.5,0.801,189,47.1,0.767
750,-2,1,0.15,1.0,60,-1,0,0,0,1,0,294,41.2,0.694,186,42.5,0.661,166,41.6,0.639
750,-2,1,0.15,1.0,60,-1,0,0,0,2,0,203,51.2,1.158,147,51.0,1.005,127,52.8,1.015
750,-2,1,0.15,1.0,60,-1,0,0,1,0,0,240,52.9,1.147,168,45.8,0.739,159,46.5,0.71
750,-2,1,0.15,1.0,60,-1,0,0,-1,0,0,257,38.1,0.635,165,46.7,0.87,133,45.9,0.872
750,-2,1,0.15,1.0,60,-1,0,1,0,0,0,242,53.3,1.126,167,44.9,0.7,157,47.1,0.706
750,-2,1,0.15,1.0,60,-1,0,1,1,0,0,215,54.0,1.171,151,45.0,0.673,148,46.6,0.685
750,-2,1,0.15,1.0,60,-1,0,-1,0,0,0,255,37.6,0.653,166,47.6,0.921,136,45.6,0.889
750,-2,1,0.15,1.0,60,-1,0,-1,-1,0,0,230,37.0,0.623,149,47.0,0.852,124,45.2,0.852
750,-2,1,0.15,1.0,60,-1,-1,0,0,0,0,416,45.2,0.869,272,48.9,0.921,249,48.2,0.875
750,-2,1,0.15,1.0,60,-1,-1,0,0,0,-1,261,47.1,0.92,176,49.4,0.916,159,49.1,0.866
750,-2,1,0.15,1.0,60,-1,-1,0,0,1,0,245,41.2,0.715,151,45.7,0.76,141,44.7,0.74
750,-2,1,0.15,1.0,60,-1,-1,0,-1,0,0,223,39.0,0.641,140,48.6,0.94,116,46.6,0.944
750,-2,1,0.15,1.0,60,-1,-1,-1,0,0,0,219,39.3,0.698,139,49.6,1.026,120,45.8,0.956
750,-2,1,0.15,1.0,60,-1,-1,-1,-1,0,0,201,37.8,0.643,125,48.8,0.918,108,45.4,0.918
750,-1,0,0.15,0.6,60,0,0,0,0,0,0,1007,59.1,0.944,706,59.8,1.04,680,60.0,1.082
750,-1,0,0.15,0.6,60,0,0,0,0,0,1,508,55.7,0.822,350,58.9,1.078,326,60.4,1.158
750,-1,0,0.15,0.6,60,0,0,0,0,0,-1,495,62.6,1.09,354,61.0,1.024,346,60.1,1.054
750,-1,0,0.15,0.6,60,0,0,0,0,1,0,603,60.9,1.03,408,59.3,1.046,423,59.3,1.105
750,-1,0,0.15,0.6,60,0,0,0,0,1,1,299,55.9,0.869,205,58.5,1.131,212,60.4,1.228
750,-1,0,0.15,0.6,60,0,0,0,0,1,-1,304,65.8,1.213,203,60.1,0.971,211,58.3,1.001
750,-1,0,0.15,0.6,60,0,0,0,0,2,0,404,56.4,0.838,298,60.4,1.032,257,61.1,1.047
750,-1,0,0.15,0.6,60,0,0,0,0,2,1,209,55.5,0.765,145,59.3,1.011,114,60.5,1.048
750,-1,0,0.15,0.6,60,0,0,0,1,0,0,739,61.0,1.038,507,60.7,1.048,484,60.3,1.06
750,-1,0,0.15,0.6,60,0,0,0,1,0,1,371,58.5,0.892,256,61.7,1.196,237,61.2,1.181
750,-1,0,0.15,0.6,60,0,0,0,1,0,-1,365,63.6,1.205,249,60.2,0.95,240,60.4,1.01
750,-1,0,0.15,0.6,60,0,0,0,1,1,0,449,62.1,1.115,298,60.1,1.044,304,59.2,1.087
750,-1,0,0.15,0.6,60,0,0,0,1,1,1,223,58.7,0.956,154,61.0,1.252,160,60.6,1.247
750,-1,0,0.15,0.6,60,0,0,0,1,1,-1,226,65.5,1.294,144,59.0,0.878,144,57.6,0.947
750,-1,0,0.15,0.6,60,0,0,0,1,2,0,290,59.3,0.937,209,61.7,1.053,180,62.2,1.019
750,-1,0,0.15,0.6,60,0,0,0,-1,0,0,268,53.7,0.738,199,57.3,1.02,195,59.5,1.153
750,-1,0,0.15,0.6,60,0,0,1,0,0,0,707,61.0,1.034,495,60.0,0.999,481,60.3,1.06
750,-1,0,0.15,0.6,60,0,0,1,0,0,1,356,57.3,0.846,251,59.4,1.055,234,60.7,1.168
750,-1,0,0.15,0.6,60,0,0,1,0,0,-1,350,64.6,1.255,243,60.9,0.961,243,60.5,0.993
750,-1,0,0.15,0.6,60,0,0,1,0,1,0,425,62.6,1.149,290,59.7,1.016,304,59.5,1.083
750,-1,0,0.15,0.6,60,0,0,1,0,1,1,208,58.2,0.907,150,59.3,1.166,158,60.8,1.281
750,-1,0,0.15,0.6,60,0,0,1,0,1,-1,217,66.8,1.442,140,60.0,0.891,146,58.2,0.919
750,-1,0,0.15,0.6,60,0,0,1,0,2,0,282,58.5,0.896,205,60.5,0.976,177,61.6,1.023
750,-1,0,0.15,0.6,60,0,0,1,1,0,0,671,61.4,1.048,464,60.6,1.022,455,60.7,1.074
750,-1,0,0.15,0.6,60,0,0,1,1,0,1,339,58.1,0.875,234,61.5,1.155,223,61.4,1.196
750,-1,0,0.15,0.6,60,0,0,1,1,0,-1,331,64.7,1.245,229,59.8,0.927,228,60.5,1.0
750,-1,0,0.15,0.6,60,0,0,1,1,1,0,406,62.3,1.134,276,59.8,1.025,289,59.5,1.085
750,-1,0,0.15,0.6,60,0,0,1,1,1,1,200,58.5,0.933,142,61.3,1.268,152,61.2,1.287
750,-1,0,0.15,0.6,60,0,0,1,1,1,-1,206,66.0,1.367,134,58.2,0.845,137,57.7,0.918
750,-1,0,0.15,0.6,60,0,0,1,1,2,0,265,60.0,0.939,188,61.7,1.016,166,62.7,1.057
750,-1,0,0.15,0.6,60,0,0,-1,0,0,0,298,54.7,0.767,210,59.5,1.163,195,59.5,1.182
750,-1,0,0.15,0.6,60,0,0,-1,-1,0,0,232,53.9,0.725,168,58.3,1.092,169,59.8,1.194
750,-1,0,0.15,0.6,60,0,1,0,0,0,0,727,59.8,0.986,495,59.2,1.048,483,59.6,1.089
750,-1,0,0.15,0.6,60,0,1,0,0,0,1,375,54.7,0.805,251,57.8,1.082,241,60.2,1.197
750,-1,0,0.15,0.6,60,0,1,0,0,0,-1,349,65.3,1.221,243,60.9,1.03,237,59.5,1.015
750,-1,0,0.15,0.6,60,0,1,0,0,1,0,447,62.0,1.126,290,60.0,1.106,308,60.4,1.16
750,-1,0,0.15,0.6,60,0,1,0,0,1,1,226,54.9,0.878,150,60.0,1.281,159,61.6,1.35
750,-1,0,0.15,0.6,60,0,1,0,0,1,-1,221,69.2,1.452,140,60.0,0.958,149,59.1,0.997
750,-1,0,0.15,0.6,60,0,1,0,0,2,0,280,56.4,0.816,205,58.0,0.976,175,58.3,0.981
750,-1,0,0.15,0.6,60,0,1,0,1,0,0,499,62.3,1.129,327,61.2,1.106,308,60.1,1.074
750,-1,0,0.15,0.6,60,0,1,0,1,0,1,255,57.6,0.873,169,62.7,1.348,159,61.6,1.288
750,-1,0,0.15,0.6,60,0,1,0,1,0,-1,242,66.9,1.462,157,59.9,0.946,145,59.3,0.932
750,-1,0,0.15,0.6,60,0,1,0,1,1,0,317,64.0,1.265,195,62.1,1.175,201,60.2,1.156
750,-1,0,0.15,0.6,60,0,1,0,-1,0,0,228,54.4,0.76,168,55.4,0.942,174,59.2,1.13
750,-1,0,0.15,0.6,60,0,1,1,0,0,0,479,61.6,1.073,318,60.1,1.029,310,60.6,1.092
750,-1,0,0.15,0.6,60,0,1,1,0,0,1,246,55.7,0.783,167,59.3,1.113,161,61.5,1.297
750,-1,0,0.15,0.6,60,0,1,1,0,0,-1,232,67.7,1.497,151,60.9,0.958,147,60.5,0.941
750,-1,0,0.15,0.6,60,0,1,1,0,1,0,296,64.2,1.271,192,61.5,1.123,205,61.5,1.171
750,-1,0,0.15,0.6,60,0,1,1,1,0,0,452,62.4,1.099,293,61.1,1.075,287,61.0,1.105
750,-1,0,0.15,0.6,60,0,1,1,1,0,1,232,56.9,0.816,152,63.2,1.339,150,62.7,1.356
750,-1,0,0.15,0.6,60,0,1,1,1,0,-1,219,68.0,1.496,141,58.9,0.893,135,60.0,0.927
750,-1,0,0.15,0.6,60,0,1,1,1,1,0,284,64.4,1.272,178,61.8,1.148,191,61.3,1.165
750,-1,0,0.15,0.6,60,0,1,-1,0,0,0,247,56.3,0.839,176,58.0,1.103,170,57.6,1.097
750,-1,0,0.15,0.6,60,0,1,-1,-1,0,0,201,55.2,0.757,143,56.6,1.015,151,58.9,1.142
750,-1,0,0.15,0.6,60,0,-1,0,0,0,0,280,57.1,0.85,211,61.1,1.022,197,60.9,1.066
750,-1,0,0.15,0.6,60,0,-1,0,1,0,0,240,58.3,0.892,180,60.0,0.95,176,60.8,1.038
750,-1,0,0.15,0.6,60,0,-1,1,0,0,0,228,59.6,0.962,177,59.9,0.946,171,59.6,1.003
750,-1,0,0.15,0.6,60,0,-1,1,1,0,0,219,59.4,0.961,171,59.6,0.936,168,60.1,1.023
750,-1,0,0.15,0.6,60,1,0,0,0,0,0,508,61.6,1.062,348,57.2,0.982,300,58.7,1.068
750,-1,0,0.15,0.6,60,1,0,0,0,0,1,317,58.4,0.919,222,56.3,1.063,180,60.0,1.242
750,-1,0,0.15,0.6,60,1,0,0,0,1,0,303,65.0,1.326,207,57.0,1.006,188,59.0,1.123
750,-1,0,0.15,0.6,60,1,0,0,0,2,0,205,56.6,0.797,141,57.4,0.95,112,58.0,0.985
750,-1,0,0.15,0.6,60,1,0,0,1,0,0,371,63.9,1.216,259,57.5,0.964,217,58.5,1.013
750,-1,0,0.15,0.6,60,1,0,0,1,0,1,228,61.4,1.035,164,57.9,1.139,129,59.7,1.169
750,-1,0,0.15,0.6,60,1,0,0,1,1,0,225,66.7,1.6,161,55.9,0.924,142,58.5,1.062
750,-1,0,0.15,0.6,60,1,0,1,0,0,0,359,63.8,1.213,254,56.3,0.875,216,58.3,0.989
750,-1,0,0.15,0.6,60,1,0,1,0,0,1,223,60.1,0.965,161,55.3,0.972,127,59.8,1.195
750,-1,0,0.15,0.6,60,1,0,1,0,1,0,213,68.1,1.697,156,55.8,0.894,141,58.9,1.065
750,-1,0,0.15,0.6,60,1,0,1,1,0,0,339,64.0,1.23,240,57.1,0.915,205,58.5,1.012
750,-1,0,0.15,0.6,60,1,0,1,1,0,1,210,61.0,1.006,150,57.3,1.071,120,60.0,1.21
750,-1,0,0.15,0.6,60,1,0,1,1,1,0,202,67.3,1.66,151,55.6,0.908,135,58.5,1.073
750,-1,0,0.15,0.6,60,1,1,0,0,0,0,374,61.2,1.077,247,55.1,0.933,214,57.0,1.017
750,-1,0,0.15,0.6,60,1,1,0,0,0,1,232,57.8,0.917,155,54.2,1.014,127,58.3,1.238
750,-1,0,0.15,0.6,60,1,1,0,0,1,0,226,65.0,1.418,148,56.8,1.044,134,59.0,1.128
750,-1,0,0.15,0.6,60,1,1,0,1,0,0,259,63.3,1.255,171,56.7,0.978,139,57.6,0.969
750,-1,0,0.15,0.6,60,1,1,1,0,0,0,249,62.7,1.193,168,54.8,0.837,142,57.7,0.95
750,-1,0,0.15,0.6,60,1,1,1,1,0,0,235,63.4,1.23,156,56.4,0.922,131,58.0,0.983
750,-1,0,0.15,0.6,60,-1,0,0,0,0,0,459,56.2,0.84,338,63.0,1.134,300,64.0,1.221
750,-1,0,0.15,0.6,60,-1,0,0,0,0,-1,286,58.7,0.929,220,61.8,1.102,197,61.9,1.129
750,-1,0,0.15,0.6,60,-1,0,0,0,1,0,264,56.1,0.803,185,61.6,1.073,168,62.5,1.196
750,-1,0,0.15,0.6,60,-1,0,0,1,0,0,336,57.7,0.885,235,65.1,1.199,209,65.6,1.259
750,-1,0,0.15,0.6,60,-1,0,0,1,0,-1,207,59.4,0.985,150,62.0,1.082,136,62.5,1.081
750,-1,0,0.15,0.6,60,-1,0,1,0,0,0,320,58.1,0.886,230,64.3,1.165,213,64.8,1.246
750,-1,0,0.15,0.6,60,-1,0,1,0,0,-1,200,60.5,1.001,146,62.3,1.101,137,62.8,1.108
750,-1,0,0.15,0.6,60,-1,0,1,1,0,0,306,58.5,0.889,214,65.0,1.181,200,65.5,1.259
750,-1,0,0.15,0.6,60,-1,1,0,0,0,0,322,57.5,0.883,235,64.3,1.214,209,65.1,1.293
750,-1,0,0.15,0.6,60,-1,1,0,1,0,0,216,59.7,0.964,148,67.6,1.358,128,66.4,1.346
750,-1,0,0.15,0.6,60,-1,1,1,0,0,0,209,59.8,0.937,144,66.7,1.31,132,65.9,1.35
750,-1,1,0.15,0.3,60,0,0,0,0,0,0,1007,71.7,0.926,706,71.1,0.844,680,72.1,0.862
750,-1,1,0.15,0.3,60,0,0,0,0,0,1,495,70.7,0.875,354,72.9,0.865,346,73.7,0.892
750,-1,1,0.15,0.3,60,0,0,0,0,0,-1,508,72.6,0.981,350,69.1,0.815,326,69.9,0.808
750,-1,1,0.15,0.3,60,0,0,0,0,1,0,603,69.5,0.834,408,70.8,0.841,423,72.3,0.882
750,-1,1,0.15,0.3,60,0,0,0,0,1,1,304,68.4,0.774,203,72.4,0.861,211,73.9,0.915
750,-1,1,0.15,0.3,60,0,0,0,0,1,-1,299,70.6,0.905,205,69.3,0.822,212,70.8,0.849
750,-1,1,0.15,0.3,60,0,0,0,0,2,0,404,75.0,1.084,298,71.5,0.847,257,71.6,0.831
750,-1,1,0.15,0.3,60,0,0,0,0,2,-1,209,75.6,1.101,145,69.0,0.805,114,68.4,0.742
750,-1,1,0.15,0.3,60,0,0,0,1,0,0,268,78.0,1.206,199,75.4,0.947,195,74.9,0.897
750,-1,1,0.15,0.3,60,0,0,0,-1,0,0,739,69.4,0.847,507,69.4,0.807,484,70.9,0.847
750,-1,1,0.15,0.3,60,0,0,0,-1,0,1,365,68.8,0.786,249,69.5,0.771,240,69.6,0.786
750,-1,1,0.15,0.3,60,0,0,0,-1,0,-1,371,70.1,0.918,256,69.1,0.837,237,71.3,0.88
750,-1,1,0.15,0.3,60,0,0,0,-1,1,0,449,67.3,0.776,298,69.1,0.794,304,70.4,0.817
750,-1,1,0.15,0.3,60,0,0,0,-1,1,1,226,66.4,0.703,144,70.1,0.784,144,69.4,0.748
750,-1,1,0.15,0.3,60,0,0,0,-1,1,-1,223,68.2,0.867,154,68.2,0.805,160,71.2,0.892
750,-1,1,0.15,0.3,60,0,0,0,-1,2,0,290,72.8,0.97,209,69.9,0.827,180,71.7,0.903
750,-1,1,0.15,0.3,60,0,0,1,0,0,0,298,77.5,1.189,210,73.3,0.856,195,75.9,0.948
750,-1,1,0.15,0.3,60,0,0,1,1,0,0,232,78.0,1.189,168,75.6,0.975,169,76.9,0.994
750,-1,1,0.15,0.3,60,0,0,-1,0,0,0,707,69.3,0.842,495,70.1,0.836,481,70.5,0.826
750,-1,1,0.15,0.3,60,0,0,-1,0,0,1,350,67.4,0.731,243,70.4,0.805,243,70.0,0.783
750,-1,1,0.15,0.3,60,0,0,-1,0,0,-1,356,71.1,0.986,251,69.7,0.864,234,70.5,0.855
750,-1,1,0.15,0.3,60,0,0,-1,0,1,0,425,66.8,0.767,290,69.3,0.797,304,70.1,0.789
750,-1,1,0.15,0.3,60,0,0,-1,0,1,1,217,65.0,0.661,140,70.7,0.783,146,70.5,0.771
750,-1,1,0.15,0.3,60,0,0,-1,0,1,-1,208,68.8,0.918,150,68.0,0.812,158,69.6,0.809
750,-1,1,0.15,0.3,60,0,0,-1,0,2,0,282,73.0,0.966,205,71.2,0.899,177,71.2,0.895
750,-1,1,0.15,0.3,60,0,0,-1,-1,0,0,671,68.9,0.823,464,69.8,0.837,455,70.8,0.849
750,-1,1,0.15,0.3,60,0,0,-1,-1,0,1,331,67.7,0.744,229,70.3,0.816,228,69.7,0.79
750,-1,1,0.15,0.3,60,0,0,-1,-1,0,-1,339,69.9,0.917,234,69.2,0.855,223,71.3,0.895
750,-1,1,0.15,0.3,60,0,0,-1,-1,1,0,406,66.7,0.763,276,69.6,0.808,289,70.6,0.81
750,-1,1,0.15,0.3,60,0,0,-1,-1,1,1,206,65.5,0.681,134,71.6,0.815,137,70.8,0.782
750,-1,1,0.15,0.3,60,0,0,-1,-1,1,-1,200,68.0,0.873,142,67.6,0.802,152,70.4,0.839
750,-1,1,0.15,0.3,60,0,0,-1,-1,2,0,265,72.1,0.92,188,70.2,0.884,166,71.1,0.923
750,-1,1,0.15,0.3,60,0,1,0,0,0,0,280,70.0,0.821,211,69.7,0.801,197,68.5,0.734
750,-1,1,0.15,0.3,60,0,1,0,-1,0,0,240,68.3,0.781,180,67.8,0.782,176,67.6,0.743
750,-1,1,0.15,0.3,60,0,1,-1,0,0,0,228,67.5,0.742,177,69.5,0.85,171,69.6,0.811
750,-1,1,0.15,0.3,60,0,1,-1,-1,0,0,219,67.6,0.746,171,69.0,0.842,168,69.0,0.795
750,-1,1,0.15,0.3,60,0,-1,0,0,0,0,727,72.4,0.972,495,71.7,0.863,483,73.5,0.924
750,-1,1,0.15,0.3,60,0,-1,0,0,0,1,349,72.2,0.967,243,73.7,0.855,237,76.4,0.99
750,-1,1,0.15,0.3,60,0,-1,0,0,0,-1,375,72.5,0.976,251,69.7,0.866,241,70.5,0.848
750,-1,1,0.15,0.3,60,0,-1,0,0,1,0,447,70.0,0.87,290,71.4,0.873,308,73.7,0.944
750,-1,1,0.15,0.3,60,0,-1,0,0,1,1,221,69.7,0.835,140,74.3,0.944,149,77.2,1.097
750,-1,1,0.15,0.3,60,0,-1,0,0,1,-1,226,70.4,0.908,150,68.7,0.81,159,70.4,0.821
750,-1,1,0.15,0.3,60,0,-1,0,0,2,0,280,76.1,1.163,205,72.2,0.848,175,73.1,0.889
750,-1,1,0.15,0.3,60,0,-1,0,1,0,0,228,77.6,1.212,168,74.4,0.95,174,74.7,0.932
750,-1,1,0.15,0.3,60,0,-1,0,-1,0,0,499,69.9,0.883,327,70.3,0.822,308,72.7,0.917
750,-1,1,0.15,0.3,60,0,-1,0,-1,0,1,242,70.2,0.856,157,70.7,0.76,145,72.4,0.875
750,-1,1,0.15,0.3,60,0,-1,0,-1,0,-1,255,69.8,0.914,169,69.8,0.885,159,72.3,0.929
750,-1,1,0.15,0.3,60,0,-1,0,-1,1,0,317,67.5,0.814,195,69.7,0.802,201,71.6,0.842
750,-1,1,0.15,0.3,60,0,-1,1,0,0,0,247,76.9,1.158,176,73.9,0.923,170,78.2,1.12
750,-1,1,0.15,0.3,60,0,-1,1,1,0,0,201,77.1,1.16,143,74.8,0.99,151,77.5,1.078
750,-1,1,0.15,0.3,60,0,-1,-1,0,0,0,479,70.1,0.897,318,70.4,0.828,310,71.0,0.834
750,-1,1,0.15,0.3,60,0,-1,-1,0,0,1,232,69.8,0.826,151,70.9,0.782,147,71.4,0.82
750,-1,1,0.15,0.3,60,0,-1,-1,0,0,-1,246,70.3,0.974,167,70.1,0.878,161,70.2,0.835
750,-1,1,0.15,0.3,60,0,-1,-1,0,1,0,296,67.2,0.818,192,69.8,0.792,205,70.2,0.78
750,-1,1,0.15,0.3,60,0,-1,-1,-1,0,0,452,69.5,0.865,293,70.3,0.835,287,71.8,0.882
750,-1,1,0.15,0.3,60,0,-1,-1,-1,0,1,219,69.9,0.836,141,71.6,0.82,135,71.9,0.858
750,-1,1,0.15,0.3,60,0,-1,-1,-1,0,-1,232,69.0,0.891,152,69.1,0.85,150,71.3,0.893
750,-1,1,0.15,0.3,60,0,-1,-1,-1,1,0,284,66.9,0.803,178,70.2,0.809,191,71.2,0.818
750,-1,1,0.15,0.3,60,1,0,0,0,0,0,459,73.9,0.983,338,70.7,0.756,300,71.0,0.725
750,-1,1,0.15,0.3,60,1,0,0,0,0,1,286,71.7,0.9,220,72.3,0.774,197,72.1,0.752
750,-1,1,0.15,0.3,60,1,0,0,0,1,0,264,72.7,0.913,185,68.6,0.691,168,69.6,0.659
750,-1,1,0.15,0.3,60,1,0,0,-1,0,0,336,71.4,0.881,235,66.4,0.637,209,67.5,0.647
750,-1,1,0.15,0.3,60,1,0,0,-1,0,1,207,69.6,0.801,150,67.3,0.654,136,67.6,0.67
750,-1,1,0.15,0.3,60,1,0,-1,0,0,0,320,70.9,0.861,230,66.5,0.66,213,66.7,0.613
750,-1,1,0.15,0.3,60,1,0,-1,0,0,1,200,68.5,0.756,146,67.8,0.674,137,66.4,0.622
750,-1,1,0.15,0.3,60,1,0,-1,-1,0,0,306,70.6,0.842,214,66.4,0.666,200,67.0,0.637
750,-1,1,0.15,0.3,60,1,-1,0,0,0,0,322,75.5,1.104,235,70.2,0.719,209,71.3,0.716
750,-1,1,0.15,0.3,60,1,-1,0,-1,0,0,216,73.1,0.988,148,65.5,0.584,128,68.0,0.644
750,-1,1,0.15,0.3,60,1,-1,-1,0,0,0,209,72.2,0.957,144,63.9,0.577,132,65.2,0.567
750,-1,1,0.15,0.3,60,-1,0,0,0,0,0,508,69.7,0.877,348,71.6,0.956,300,71.7,0.94
750,-1,1,0.15,0.3,60,-1,0,0,0,0,-1,317,70.0,0.894,222,69.8,0.877,180,68.9,0.796
750,-1,1,0.15,0.3,60,-1,0,0,0,1,0,303,66.3,0.766,207,73.4,1.077,188,73.4,1.077
750,-1,1,0.15,0.3,60,-1,0,0,0,2,0,205,74.6,1.073,141,68.8,0.808,112,68.8,0.763
750,-1,1,0.15,0.3,60,-1,0,0,-1,0,0,371,67.4,0.815,259,71.8,1.017,217,71.4,0.973
750,-1,1,0.15,0.3,60,-1,0,0,-1,0,-1,228,67.1,0.832,164,71.3,1.024,129,72.1,1.0
750,-1,1,0.15,0.3,60,-1,0,0,-1,1,0,225,64.0,0.719,161,72.7,1.101,142,71.1,1.005
750,-1,1,0.15,0.3,60,-1,0,-1,0,0,0,359,67.7,0.829,254,73.2,1.068,216,71.8,1.018
750,-1,1,0.15,0.3,60,-1,0,-1,0,0,-1,223,68.6,0.912,161,72.7,1.064,127,70.9,1.003
750,-1,1,0.15,0.3,60,-1,0,-1,0,1,0,213,63.4,0.694,156,73.7,1.131,141,70.9,1.001
750,-1,1,0.15,0.3,60,-1,0,-1,-1,0,0,339,67.3,0.812,240,72.9,1.061,205,72.2,1.048
750,-1,1,0.15,0.3,60,-1,0,-1,-1,0,-1,210,67.1,0.834,150,72.0,1.049,120,72.5,1.103
750,-1,1,0.15,0.3,60,-1,0,-1,-1,1,0,202,63.9,0.719,151,73.5,1.118,135,71.1,1.003
750,-1,1,0.15,0.3,60,-1,-1,0,0,0,0,374,70.1,0.889,247,72.5,1.02,214,74.3,1.127
750,-1,1,0.15,0.3,60,-1,-1,0,0,0,-1,232,68.5,0.805,155,71.0,0.987,127,71.7,0.966
750,-1,1,0.15,0.3,60,-1,-1,0,0,1,0,226,67.3,0.791,148,73.6,1.075,134,76.1,1.273
750,-1,1,0.15,0.3,60,-1,-1,0,-1,0,0,259,67.6,0.819,171,73.1,1.096,139,74.8,1.224
750,-1,1,0.15,0.3,60,-1,-1,-1,0,0,0,249,68.7,0.872,168,75.0,1.155,142,74.6,1.218
750,-1,1,0.15,0.3,60,-1,-1,-1,-1,0,0,235,67.7,0.829,156,74.4,1.123,131,75.6,1.299
750,-1,1,0.25,1.0,60,0,0,0,0,0,0,1007,46.1,0.962,706,47.5,0.882,680,47.1,0.846
750,-1,1,0.25,1.0,60,0,0,0,0,0,1,495,43.8,0.844,354,48.3,0.934,346,48.6,0.924
750,-1,1,0.25,1.0,60,0,0,0,0,0,-1,508,48.0,1.085,350,46.3,0.813,326,45.1,0.746
750,-1,1,0.25,1.0,60,0,0,0,0,1,0,603,43.8,0.889,408,45.6,0.745,423,45.6,0.708
750,-1,1,0.25,1.0,60,0,0,0,0,1,1,304,39.8,0.746,203,45.3,0.741,211,46.9,0.754
750,-1,1,0.25,1.0,60,0,0,0,0,1,-1,299,47.8,1.064,205,45.9,0.749,212,44.3,0.663
750,-1,1,0.25,1.0,60,0,0,0,0,2,0,404,49.5,1.073,298,50.0,1.092,257,49.4,1.099
750,-1,1,0.25,1.0,60,0,0,0,0,2,-1,209,48.3,1.115,145,46.9,0.905,114,46.5,0.899
750,-1,1,0.25,1.0,60,0,0,0,1,0,0,268,49.6,1.125,199,52.3,0.943,195,51.8,0.915
750,-1,1,0.25,1.0,60,0,0,0,-1,0,0,739,44.8,0.907,507,45.6,0.858,484,45.0,0.817
750,-1,1,0.25,1.0,60,0,0,0,-1,0,1,365,41.6,0.731,249,46.2,0.9,240,44.6,0.828
750,-1,1,0.25,1.0,60,0,0,0,-1,0,-1,371,47.7,1.132,256,44.5,0.793,237,44.7,0.773
750,-1,1,0.25,1.0,60,0,0,0,-1,1,0,449,41.6,0.813,298,44.3,0.709,304,44.4,0.658
750,-1,1,0.25,1.0,60,0,0,0,-1,1,1,226,37.6,0.64,144,44.4,0.711,144,44.4,0.65
750,-1,1,0.25,1.0,60,0,0,0,-1,1,-1,223,45.7,1.048,154,44.2,0.707,160,44.4,0.665
750,-1,1,0.25,1.0,60,0,0,0,-1,2,0,290,49.7,1.07,209,47.4,1.09,180,46.1,1.121
750,-1,1,0.25,1.0,60,0,0,1,0,0,0,298,50.0,1.079,210,52.4,0.89,195,52.8,0.896
750,-1,1,0.25,1.0,60,0,0,1,1,0,0,232,50.4,1.173,168,54.2,0.915,169,53.3,0.904
750,-1,1,0.25,1.0,60,0,0,-1,0,0,0,707,44.4,0.914,495,45.3,0.87,481,44.7,0.82
750,-1,1,0.25,1.0,60,0,0,-1,0,0,1,350,40.3,0.723,243,45.3,0.891,243,44.4,0.83
750,-1,1,0.25,1.0,60,0,0,-1,0,0,-1,356,48.3,1.173,251,45.0,0.841,234,44.4,0.789
750,-1,1,0.25,1.0,60,0,0,-1,0,1,0,425,40.5,0.805,290,44.8,0.733,304,44.1,0.647
750,-1,1,0.25,1.0,60,0,0,-1,0,1,1,217,36.4,0.622,140,43.6,0.702,146,44.5,0.671
750,-1,1,0.25,1.0,60,0,0,-1,0,1,-1,208,44.7,1.063,150,46.0,0.765,158,43.7,0.624
750,-1,1,0.25,1.0,60,0,0,-1,0,2,0,282,50.4,1.097,205,45.9,1.08,177,45.8,1.165
750,-1,1,0.25,1.0,60,0,0,-1,-1,0,0,671,44.4,0.917,464,45.5,0.856,455,44.6,0.808
750,-1,1,0.25,1.0,60,0,0,-1,-1,0,1,331,40.5,0.741,229,46.7,0.921,228,44.7,0.836
750,-1,1,0.25,1.0,60,0,0,-1,-1,0,-1,339,48.1,1.154,234,44.0,0.782,223,43.9,0.76
750,-1,1,0.25,1.0,60,0,0,-1,-1,1,0,406,41.1,0.817,276,44.9,0.716,289,44.3,0.641
750,-1,1,0.25,1.0,60,0,0,-1,-1,1,1,206,37.4,0.649,134,45.5,0.735,137,45.3,0.675
750,-1,1,0.25,1.0,60,0,0,-1,-1,1,-1,200,45.0,1.047,142,44.4,0.695,152,43.4,0.608
750,-1,1,0.25,1.0,60,0,0,-1,-1,2,0,265,49.4,1.091,188,46.3,1.082,166,45.2,1.149
750,-1,1,0.25,1.0,60,0,1,0,0,0,0,280,48.2,1.009,211,46.9,0.905,197,48.2,0.949
750,-1,1,0.25,1.0,60,0,1,0,-1,0,0,240,48.3,0.996,180,47.8,1.036,176,47.7,1.023
750,-1,1,0.25,1.0,60,0,1,-1,0,0,0,228,46.5,0.917,177,47.5,1.06,171,48.5,1.077
750,-1,1,0.25,1.0,60,0,1,-1,-1,0,0,219,47.5,0.946,171,48.5,1.099,168,48.8,1.085
750,-1,1,0.25,1.0,60,0,-1,0,0,0,0,727,45.3,0.944,495,47.7,0.872,483,46.6,0.808
750,-1,1,0.25,1.0,60,0,-1,0,0,0,1,349,42.4,0.809,243,49.0,0.997,237,48.9,0.957
750,-1,1,0.25,1.0,60,0,-1,0,0,0,-1,375,47.7,1.083,251,46.2,0.744,241,44.0,0.654
750,-1,1,0.25,1.0,60,0,-1,0,0,1,0,447,43.2,0.881,290,44.8,0.719,308,44.8,0.679
750,-1,1,0.25,1.0,60,0,-1,0,0,1,1,221,38.5,0.703,140,45.7,0.805,149,47.0,0.817
750,-1,1,0.25,1.0,60,0,-1,0,0,1,-1,226,47.8,1.101,150,44.0,0.643,159,42.8,0.565
750,-1,1,0.25,1.0,60,0,-1,0,0,2,0,280,48.6,1.04,205,51.7,1.119,175,49.7,1.056
750,-1,1,0.25,1.0,60,0,-1,0,1,0,0,228,50.0,1.129,168,54.2,1.088,174,51.7,0.979
750,-1,1,0.25,1.0,60,0,-1,0,-1,0,0,499,43.1,0.862,327,44.3,0.771,308,43.5,0.716
750,-1,1,0.25,1.0,60,0,-1,0,-1,0,1,242,38.8,0.654,157,45.9,0.917,145,43.4,0.799
750,-1,1,0.25,1.0,60,0,-1,0,-1,0,-1,255,47.1,1.147,169,42.6,0.623,159,42.8,0.612
750,-1,1,0.25,1.0,60,0,-1,0,-1,1,0,317,40.1,0.784,195,42.1,0.599,201,42.8,0.564
750,-1,1,0.25,1.0,60,0,-1,1,0,0,0,247,49.0,1.009,176,54.0,1.025,170,54.1,1.003
750,-1,1,0.25,1.0,60,0,-1,1,1,0,0,201,49.8,1.134,143,55.2,1.039,151,53.0,0.969
750,-1,1,0.25,1.0,60,0,-1,-1,0,0,0,479,43.4,0.913,318,44.0,0.78,310,42.6,0.704
750,-1,1,0.25,1.0,60,0,-1,-1,0,0,1,232,37.9,0.661,151,45.0,0.91,147,42.9,0.792
750,-1,1,0.25,1.0,60,0,-1,-1,0,0,-1,246,48.4,1.254,167,43.1,0.669,161,41.6,0.612
750,-1,1,0.25,1.0,60,0,-1,-1,0,1,0,296,39.5,0.815,192,42.7,0.631,205,41.5,0.55
750,-1,1,0.25,1.0,60,0,-1,-1,-1,0,0,452,42.9,0.902,293,43.7,0.738,287,42.2,0.678
750,-1,1,0.25,1.0,60,0,-1,-1,-1,0,1,219,37.9,0.676,141,46.8,0.946,135,43.0,0.793
750,-1,1,0.25,1.0,60,0,-1,-1,-1,0,-1,232,47.4,1.213,152,40.8,0.565,150,40.7,0.568
750,-1,1,0.25,1.0,60,0,-1,-1,-1,1,0,284,39.4,0.801,178,42.7,0.601,191,41.9,0.543
750,-1,1,0.25,1.0,60,1,0,0,0,0,0,459,49.9,1.071,338,48.8,0.904,300,48.3,0.89
750,-1,1,0.25,1.0,60,1,0,0,0,0,1,286,47.9,0.934,220,52.3,1.034,197,51.8,1.023
750,-1,1,0.25,1.0,60,1,0,0,0,1,0,264,48.9,1.078,185,46.5,0.708,168,46.4,0.674
750,-1,1,0.25,1.0,60,1,0,0,-1,0,0,336,47.9,1.002,235,45.1,0.812,209,44.5,0.824
750,-1,1,0.25,1.0,60,1,0,0,-1,0,1,207,45.9,0.84,150,48.0,0.94,136,46.3,0.933
750,-1,1,0.25,1.0,60,1,0,-1,0,0,0,320,46.9,0.989,230,44.8,0.838,213,44.1,0.808
750,-1,1,0.25,1.0,60,1,0,-1,0,0,1,200,44.0,0.82,146,47.3,0.921,137,45.3,0.878
750,-1,1,0.25,1.0,60,1,0,-1,-1,0,0,306,46.7,0.999,214,44.9,0.837,200,44.0,0.82
750,-1,1,0.25,1.0,60,1,-1,0,0,0,0,322,48.8,1.059,235,48.1,0.881,209,45.9,0.75
750,-1,1,0.25,1.0,60,1,-1,0,-1,0,0,216,44.9,0.957,148,42.6,0.728,128,40.6,0.622
750,-1,1,0.25,1.0,60,1,-1,-1,0,0,0,209,44.5,0.978,144,42.4,0.751,132,40.2,0.613
750,-1,1,0.25,1.0,60,-1,0,0,0,0,0,508,42.7,0.858,348,45.7,0.825,300,45.0,0.816
750,-1,1,0.25,1.0,60,-1,0,0,0,0,-1,317,44.8,0.935,222,47.3,0.827,180,44.4,0.726
750,-1,1,0.25,1.0,60,-1,0,0,0,1,0,303,39.6,0.738,207,44.9,0.762,188,44.7,0.782
750,-1,1,0.25,1.0,60,-1,0,0,0,2,0,205,47.3,1.049,141,46.8,0.912,112,45.5,0.869
750,-1,1,0.25,1.0,60,-1,0,0,-1,0,0,371,42.0,0.825,259,45.6,0.867,217,43.8,0.827
750,-1,1,0.25,1.0,60,-1,0,0,-1,0,-1,228,45.2,1.014,164,46.3,0.868,129,45.0,0.859
750,-1,1,0.25,1.0,60,-1,0,0,-1,1,0,225,37.3,0.651,161,46.0,0.821,142,43.7,0.744
750,-1,1,0.25,1.0,60,-1,0,-1,0,0,0,359,41.8,0.847,254,45.7,0.892,216,43.5,0.868
750,-1,1,0.25,1.0,60,-1,0,-1,0,0,-1,223,45.7,1.067,161,47.2,0.906,127,44.1,0.878
750,-1,1,0.25,1.0,60,-1,0,-1,0,1,0,213,34.7,0.638,156,46.8,0.842,141,42.6,0.721
750,-1,1,0.25,1.0,60,-1,0,-1,-1,0,0,339,42.2,0.852,240,45.8,0.859,205,43.4,0.836
750,-1,1,0.25,1.0,60,-1,0,-1,-1,0,-1,210,45.7,1.062,150,46.7,0.85,120,44.2,0.856
750,-1,1,0.25,1.0,60,-1,0,-1,-1,1,0,202,36.1,0.665,151,47.0,0.815,135,43.0,0.705
750,-1,1,0.25,1.0,60,-1,-1,0,0,0,0,374,42.8,0.862,247,46.6,0.802,214,45.8,0.837
750,-1,1,0.25,1.0,60,-1,-1,0,0,0,-1,232,44.0,0.892,155,47.7,0.773,127,44.9,0.689
750,-1,1,0.25,1.0,60,-1,-1,0,0,1,0,226,40.3,0.754,148,45.3,0.738,134,46.3,0.838
750,-1,1,0.25,1.0,60,-1,-1,0,-1,0,0,259,42.5,0.823,171,45.0,0.746,139,43.2,0.785
750,-1,1,0.25,1.0,60,-1,-1,-1,0,0,0,249,42.6,0.886,168,45.2,0.777,142,42.3,0.817
750,-1,1,0.25,1.0,60,-1,-1,-1,-1,0,0,235,42.1,0.863,156,44.9,0.709,131,42.0,0.766
750,30,0,0.25,0.6,60,0,0,0,0,0,0,1007,51.3,0.885,706,52.3,0.958,678,51.5,0.941
750,30,0,0.25,0.6,60,0,0,0,0,0,1,532,48.5,0.787,347,53.9,1.046,328,54.0,1.043
750,30,0,0.25,0.6,60,0,0,0,0,0,-1,471,54.4,1.002,357,50.4,0.864,342,48.8,0.826
750,30,0,0.25,0.6,60,0,0,0,0,1,0,603,50.1,0.802,408,53.2,1.016,421,52.7,0.973
750,30,0,0.25,0.6,60,0,0,0,0,1,1,310,45.8,0.698,203,53.7,1.056,211,55.0,1.062
750,30,0,0.25,0.6,60,0,0,0,0,1,-1,293,54.6,0.926,205,52.7,0.974,210,50.5,0.883
750,30,0,0.25,0.6,60,0,0,0,0,2,0,404,53.2,1.018,298,51.0,0.887,257,49.4,0.895
750,30,0,0.25,0.6,60,0,0,0,0,2,1,222,52.3,0.926,144,54.2,1.033,117,52.1,1.01
750,30,0,0.25,0.6,60,0,0,0,1,0,0,513,54.4,0.938,374,55.9,1.044,340,54.7,1.037
750,30,0,0.25,0.6,60,0,0,0,1,0,1,270,48.5,0.716,189,56.1,1.105,169,55.0,1.114
750,30,0,0.25,0.6,60,0,0,0,1,0,-1,240,60.8,1.236,185,55.7,0.988,168,54.8,0.97
750,30,0,0.25,0.6,60,0,0,0,1,1,0,320,55.0,0.941,216,56.5,1.203,213,55.9,1.243
750,30,0,0.25,0.6,60,0,0,0,-1,0,0,494,48.2,0.835,332,48.2,0.87,337,48.4,0.858
750,30,0,0.25,0.6,60,0,0,0,-1,0,1,262,48.5,0.861,158,51.3,0.987,159,52.8,0.978
750,30,0,0.25,0.6,60,0,0,0,-1,0,-1,231,47.6,0.8,172,44.8,0.739,173,43.4,0.709
750,30,0,0.25,0.6,60,0,0,0,-1,1,0,283,44.5,0.679,192,49.5,0.856,207,49.8,0.784
750,30,0,0.25,0.6,60,0,0,0,-1,2,0,211,53.1,1.111,140,46.4,0.892,130,46.2,0.994
750,30,0,0.25,0.6,60,0,0,1,0,0,0,517,54.5,0.941,361,55.4,1.01,342,55.0,1.031
750,30,0,0.25,0.6,60,0,0,1,0,0,1,273,48.7,0.723,183,53.0,0.993,168,52.4,1.01
750,30,0,0.25,0.6,60,0,0,1,0,0,-1,243,60.9,1.219,178,57.9,1.026,173,57.8,1.051
750,30,0,0.25,0.6,60,0,0,1,0,1,0,320,55.9,0.97,214,56.1,1.158,217,56.7,1.249
750,30,0,0.25,0.6,60,0,0,1,1,0,0,463,54.9,0.934,331,55.6,1.003,314,55.1,1.053
750,30,0,0.25,0.6,60,0,0,1,1,0,1,246,48.4,0.709,167,55.7,1.075,155,54.2,1.111
750,30,0,0.25,0.6,60,0,0,1,1,0,-1,216,62.0,1.227,164,55.5,0.938,158,56.3,1.001
750,30,0,0.25,0.6,60,0,0,1,1,1,0,289,55.7,0.947,197,56.3,1.177,200,56.0,1.253
750,30,0,0.25,0.6,60,0,0,-1,0,0,0,488,48.0,0.835,344,48.8,0.901,332,47.6,0.847
750,30,0,0.25,0.6,60,0,0,-1,0,0,1,259,48.3,0.857,164,54.9,1.103,160,55.6,1.075
750,30,0,0.25,0.6,60,0,0,-1,0,0,-1,228,47.4,0.805,179,43.0,0.721,169,39.6,0.64
750,30,0,0.25,0.6,60,0,0,-1,0,1,0,283,43.5,0.654,194,50.0,0.892,204,48.5,0.77
750,30,0,0.25,0.6,60,0,0,-1,0,2,0,205,54.1,1.176,150,47.3,0.912,128,46.1,0.985
750,30,0,0.25,0.6,60,0,0,-1,-1,0,0,440,47.7,0.817,301,47.5,0.844,308,47.4,0.844
750,30,0,0.25,0.6,60,0,0,-1,-1,0,1,235,48.1,0.861,142,54.2,1.071,146,54.8,1.069
750,30,0,0.25,0.6,60,0,0,-1,-1,0,-1,204,47.1,0.761,158,41.1,0.648,159,40.3,0.649
750,30,0,0.25,0.6,60,0,0,-1,-1,1,0,252,42.9,0.634,175,49.1,0.847,191,48.2,0.758
750,30,0,0.25,0.6,60,0,1,0,0,0,0,657,53.1,0.91,472,52.1,0.943,446,52.2,0.962
750,30,0,0.25,0.6,60,0,1,0,0,0,1,353,48.4,0.738,238,54.2,1.073,224,55.4,1.145
750,30,0,0.25,0.6,60,0,1,0,0,0,-1,303,58.4,1.149,233,49.8,0.822,217,48.8,0.788
750,30,0,0.25,0.6,60,0,1,0,0,1,0,380,53.4,0.854,272,54.0,1.049,280,54.3,1.032
750,30,0,0.25,0.6,60,0,1,0,0,2,0,277,52.7,0.992,200,49.5,0.82,166,48.8,0.862
750,30,0,0.25,0.6,60,0,1,0,1,0,0,351,53.3,0.91,249,54.6,1.004,218,55.5,1.088
750,30,0,0.25,0.6,60,0,1,0,1,1,0,219,56.6,1.015,145,53.1,1.038,142,54.2,1.203
750,30,0,0.25,0.6,60,0,1,0,-1,0,0,306,52.9,0.91,223,49.3,0.881,227,49.3,0.862
750,30,0,0.25,0.6,60,0,1,1,0,0,0,349,54.2,0.916,240,55.0,0.995,223,55.2,1.046
750,30,0,0.25,0.6,60,0,1,1,0,1,0,210,58.1,1.057,145,54.5,1.057,148,55.4,1.178
750,30,0,0.25,0.6,60,0,1,1,1,0,0,312,54.2,0.894,220,55.0,0.995,202,55.9,1.1
750,30,0,0.25,0.6,60,0,1,-1,0,0,0,307,51.8,0.9,232,49.1,0.894,221,48.9,0.874
750,30,0,0.25,0.6,60,0,1,-1,-1,0,0,269,52.8,0.887,203,48.8,0.871,206,49.0,0.872
750,30,0,0.25,0.6,60,0,-1,0,0,0,0,350,48.0,0.841,234,52.6,0.99,232,50.0,0.897
750,30,0,0.25,0.6,60,0,-1,0,0,1,0,223,44.4,0.716,136,51.5,0.945,141,49.6,0.852
750,30,0,0.25,0.6,60,1,0,0,0,0,0,509,53.8,0.935,338,52.4,0.979,286,51.7,0.966
750,30,0,0.25,0.6,60,1,0,0,0,0,1,330,52.1,0.936,216,52.3,0.959,177,51.4,0.97
750,30,0,0.25,0.6,60,1,0,0,0,1,0,289,54.3,0.905,198,52.0,0.969,168,52.4,0.939
750,30,0,0.25,0.6,60,1,0,0,0,2,0,220,53.2,0.976,140,52.9,0.993,118,50.8,1.005
750,30,0,0.25,0.6,60,1,0,0,0,2,1,211,52.6,0.947,135,54.1,1.027,111,51.4,0.988
750,30,0,0.25,0.6,60,1,0,0,1,0,0,262,55.7,0.973,188,58.0,1.148,144,56.9,1.095
750,30,0,0.25,0.6,60,1,0,0,-1,0,0,247,51.8,0.899,150,45.3,0.817,141,46.8,0.865
750,30,0,0.25,0.6,60,1,0,1,0,0,0,268,55.2,0.924,181,53.6,0.959,146,54.1,0.951
750,30,0,0.25,0.6,60,1,0,1,1,0,0,240,55.0,0.912,166,56.0,1.069,132,56.1,1.081
750,30,0,0.25,0.6,60,1,0,-1,0,0,0,241,52.3,0.945,157,51.0,0.999,140,49.3,0.981
750,30,0,0.25,0.6,60,1,0,-1,-1,0,0,219,51.1,0.885,135,47.4,0.905,128,47.7,0.958
750,30,0,0.25,0.6,60,1,1,0,0,0,0,345,55.9,0.902,231,54.5,1.12,193,54.9,1.144
750,30,0,0.25,0.6,60,1,1,0,0,0,1,225,53.3,0.895,149,53.7,1.095,119,53.8,1.227
750,30,0,0.25,0.6,60,-1,0,0,0,0,0,458,47.4,0.806,348,51.7,0.931,312,51.0,0.934
750,30,0,0.25,0.6,60,-1,0,0,0,0,-1,273,50.9,0.999,226,48.2,0.759,200,45.5,0.716
750,30,0,0.25,0.6,60,-1,0,0,0,1,0,278,43.9,0.657,194,54.6,1.114,186,53.2,1.097
750,30,0,0.25,0.6,60,-1,0,0,1,0,0,226,51.3,0.854,174,53.4,0.98,150,54.0,1.01
750,30,0,0.25,0.6,60,-1,0,0,-1,0,0,232,43.5,0.759,174,50.0,0.884,162,48.1,0.866
750,30,0,0.25,0.6,60,-1,0,1,0,0,0,228,53.1,0.911,167,56.9,1.07,157,56.7,1.118
750,30,0,0.25,0.6,60,-1,0,1,1,0,0,204,53.4,0.894,154,54.5,0.948,144,55.6,1.056
750,30,0,0.25,0.6,60,-1,0,-1,0,0,0,230,41.7,0.703,181,47.0,0.814,155,45.2,0.769
750,30,0,0.25,0.6,60,-1,0,-1,-1,0,0,208,42.8,0.724,161,47.2,0.767,149,46.3,0.797
750,30,0,0.25,0.6,60,-1,1,0,0,0,0,292,47.9,0.867,229,49.8,0.83,201,50.7,0.881
750,30,1,0.25,0.3,60,0,0,0,0,0,0,1007,65.6,0.973,706,65.0,0.956,678,65.2,0.959
750,30,1,0.25,0.3,60,0,0,0,0,0,1,471,65.6,0.957,357,66.4,1.028,342,67.3,1.051
750,30,1,0.25,0.3,60,0,0,0,0,0,-1,532,65.8,0.997,347,63.7,0.897,328,63.1,0.884
750,30,1,0.25,0.3,60,0,0,0,0,1,0,603,64.7,0.966,408,63.7,0.955,421,63.2,0.925
750,30,1,0.25,0.3,60,0,0,0,0,1,1,293,62.8,0.871,205,63.9,1.004,210,66.2,1.097
750,30,1,0.25,0.3,60,0,0,0,0,1,-1,310,66.5,1.071,203,63.5,0.908,211,60.2,0.788
750,30,1,0.25,0.3,60,0,0,0,0,2,0,404,67.1,0.984,298,66.8,0.957,257,68.5,1.017
750,30,1,0.25,0.3,60,0,0,0,0,2,-1,222,64.9,0.912,144,63.9,0.88,117,68.4,1.095
750,30,1,0.25,0.3,60,0,0,0,1,0,0,494,69.6,1.124,332,69.0,1.101,337,68.2,1.025
750,30,1,0.25,0.3,60,0,0,0,1,0,1,231,73.2,1.375,172,72.7,1.348,173,72.8,1.262
750,30,1,0.25,0.3,60,0,0,0,1,0,-1,262,66.4,0.952,158,65.2,0.92,159,64.2,0.866
750,30,1,0.25,0.3,60,0,0,0,1,1,0,283,70.3,1.142,192,67.2,1.108,207,66.2,1.038
750,30,1,0.25,0.3,60,0,0,0,1,2,0,211,68.7,1.1,140,71.4,1.09,130,71.5,1.004
750,30,1,0.25,0.3,60,0,0,0,-1,0,0,513,61.8,0.851,374,61.5,0.846,340,62.1,0.895
750,30,1,0.25,0.3,60,0,0,0,-1,0,1,240,58.3,0.707,185,60.5,0.818,168,61.3,0.867
750,30,1,0.25,0.3,60,0,0,0,-1,0,-1,270,65.2,1.047,189,62.4,0.877,169,62.1,0.901
750,30,1,0.25,0.3,60,0,0,0,-1,1,0,320,59.7,0.828,216,60.6,0.837,213,60.1,0.819
750,30,1,0.25,0.3,60,0,0,1,0,0,0,488,70.1,1.139,344,67.4,0.951,332,68.4,1.02
750,30,1,0.25,0.3,60,0,0,1,0,0,1,228,74.1,1.401,179,70.9,1.103,169,74.0,1.331
750,30,1,0.25,0.3,60,0,0,1,0,0,-1,259,66.4,0.962,164,63.4,0.809,160,62.5,0.801
750,30,1,0.25,0.3,60,0,0,1,0,1,0,283,71.4,1.178,194,66.0,1.001,204,66.2,1.069
750,30,1,0.25,0.3,60,0,0,1,0,2,0,205,68.3,1.088,150,69.3,0.891,128,71.9,0.95
750,30,1,0.25,0.3,60,0,0,1,1,0,0,440,69.8,1.109,301,69.4,1.105,308,69.2,1.06
750,30,1,0.25,0.3,60,0,0,1,1,0,1,204,74.0,1.416,158,74.1,1.388,159,74.8,1.361
750,30,1,0.25,0.3,60,0,0,1,1,0,-1,235,66.0,0.915,142,64.1,0.872,146,63.0,0.835
750,30,1,0.25,0.3,60,0,0,1,1,1,0,252,71.8,1.191,175,68.0,1.141,191,67.5,1.097
750,30,1,0.25,0.3,60,0,0,-1,0,0,0,517,61.5,0.843,361,62.9,0.975,342,62.3,0.911
750,30,1,0.25,0.3,60,0,0,-1,0,0,1,243,57.6,0.703,178,61.8,0.957,173,60.7,0.843
750,30,1,0.25,0.3,60,0,0,-1,0,0,-1,273,65.2,1.035,183,63.9,0.993,168,63.7,0.98
750,30,1,0.25,0.3,60,0,0,-1,0,1,0,320,58.8,0.807,214,61.7,0.913,217,60.4,0.805
750,30,1,0.25,0.3,60,0,0,-1,-1,0,0,463,60.7,0.808,331,62.5,0.952,314,62.1,0.913
750,30,1,0.25,0.3,60,0,0,-1,-1,0,1,216,56.5,0.668,164,62.2,0.954,158,61.4,0.869
750,30,1,0.25,0.3,60,0,0,-1,-1,0,-1,246,64.6,1.0,167,62.9,0.95,155,62.6,0.952
750,30,1,0.25,0.3,60,0,0,-1,-1,1,0,289,58.8,0.808,197,61.9,0.923,200,61.0,0.828
750,30,1,0.25,0.3,60,0,1,0,0,0,0,350,68.0,1.065,234,63.2,0.954,232,64.2,1.023
750,30,1,0.25,0.3,60,0,1,0,0,1,0,223,67.7,1.232,136,63.2,0.991,141,64.5,1.095
750,30,1,0.25,0.3,60,0,-1,0,0,0,0,657,64.4,0.929,472,65.9,0.956,446,65.7,0.93
750,30,1,0.25,0.3,60,0,-1,0,0,0,1,303,65.7,0.957,233,70.4,1.157,217,70.0,1.112
750,30,1,0.25,0.3,60,0,-1,0,0,0,-1,353,63.5,0.909,238,61.3,0.786,224,61.2,0.766
750,30,1,0.25,0.3,60,0,-1,0,0,1,0,380,62.9,0.851,272,64.0,0.939,280,62.5,0.86
750,30,1,0.25,0.3,60,0,-1,0,0,2,0,277,66.4,1.047,200,68.5,0.981,166,71.1,1.067
750,30,1,0.25,0.3,60,0,-1,0,1,0,0,306,67.3,0.994,223,68.6,1.003,227,67.8,0.946
750,30,1,0.25,0.3,60,0,-1,0,-1,0,0,351,61.8,0.874,249,63.5,0.916,218,63.3,0.909
750,30,1,0.25,0.3,60,0,-1,0,-1,1,0,219,58.9,0.775,145,64.8,0.979,142,62.7,0.859
750,30,1,0.25,0.3,60,0,-1,1,0,0,0,307,68.4,1.012,232,68.5,0.937,221,68.3,0.946
750,30,1,0.25,0.3,60,0,-1,1,1,0,0,269,67.7,0.98,203,69.5,1.004,206,68.4,0.943
750,30,1,0.25,0.3,60,0,-1,-1,0,0,0,349,61.0,0.865,240,63.3,0.976,223,63.2,0.91
750,30,1,0.25,0.3,60,0,-1,-1,0,1,0,210,56.7,0.726,145,64.1,1.008,148,62.2,0.837
750,30,1,0.25,0.3,60,0,-1,-1,-1,0,0,312,60.6,0.84,220,63.6,0.976,202,62.9,0.897
750,30,1,0.25,0.3,60,1,0,0,0,0,0,458,69.9,1.168,348,66.4,0.947,312,65.4,0.874
750,30,1,0.25,0.3,60,1,0,0,0,0,1,273,69.2,1.089,226,67.7,1.033,200,70.0,1.099
750,30,1,0.25,0.3,60,1,0,0,0,1,0,278,68.7,1.189,194,63.9,0.888,186,63.4,0.805
750,30,1,0.25,0.3,60,1,0,0,1,0,0,232,75.9,1.689,174,67.2,1.036,162,66.7,0.933
750,30,1,0.25,0.3,60,1,0,0,-1,0,0,226,63.7,0.852,174,65.5,0.872,150,64.0,0.815
750,30,1,0.25,0.3,60,1,0,1,0,0,0,230,78.3,1.985,181,68.0,0.954,155,69.0,1.045
750,30,1,0.25,0.3,60,1,0,1,1,0,0,208,76.9,1.839,161,68.3,1.088,149,67.8,0.999
750,30,1,0.25,0.3,60,1,0,-1,0,0,0,228,61.4,0.77,167,64.7,0.939,157,61.8,0.743
750,30,1,0.25,0.3,60,1,0,-1,-1,0,0,204,60.8,0.752,154,65.6,0.977,144,62.5,0.776
750,30,1,0.25,0.3,60,1,-1,0,0,0,0,292,70.2,1.083,229,69.0,1.005,201,66.2,0.849
750,30,1,0.25,0.3,60,-1,0,0,0,0,0,509,63.1,0.868,338,64.2,0.983,286,65.0,0.986
750,30,1,0.25,0.3,60,-1,0,0,0,0,-1,330,63.3,0.871,216,63.0,0.928,177,64.4,0.953
750,30,1,0.25,0.3,60,-1,0,0,0,1,0,289,62.6,0.854,198,63.6,1.013,168,61.9,0.913
750,30,1,0.25,0.3,60,-1,0,0,0,2,0,220,63.6,0.886,140,65.0,0.944,118,69.5,1.097
750,30,1,0.25,0.3,60,-1,0,0,0,2,-1,211,64.5,0.9,135,63.7,0.89,111,69.4,1.134
750,30,1,0.25,0.3,60,-1,0,0,1,0,0,247,64.8,0.845,150,72.0,1.229,141,71.6,1.123
750,30,1,0.25,0.3,60,-1,0,0,-1,0,0,262,61.5,0.892,188,58.0,0.822,144,58.3,0.857
750,30,1,0.25,0.3,60,-1,0,1,0,0,0,241,63.9,0.792,157,66.9,0.938,140,68.6,0.921
750,30,1,0.25,0.3,60,-1,0,1,1,0,0,219,64.4,0.793,135,71.1,1.13,128,71.1,1.065
750,30,1,0.25,0.3,60,-1,0,-1,0,0,0,268,62.3,0.951,181,61.9,1.03,146,61.6,1.067
750,30,1,0.25,0.3,60,-1,0,-1,-1,0,0,240,61.7,0.902,166,60.2,0.948,132,59.8,0.996
750,30,1,0.25,0.3,60,-1,-1,0,0,0,0,345,60.6,0.841,231,62.8,0.885,193,63.7,0.892
750,30,1,0.25,0.3,60,-1,-1,0,0,0,-1,225,59.1,0.787,149,59.7,0.77,119,62.2,0.803
750,60,0,0.15,1.0,60,0,0,0,0,0,0,1007,48.5,0.928,706,49.6,0.941,678,49.0,0.923
750,60,0,0.15,1.0,60,0,0,0,0,0,1,525,44.8,0.799,345,50.7,1.014,327,51.1,1.014
750,60,0,0.15,1.0,60,0,0,0,0,0,-1,478,52.3,1.082,359,48.2,0.869,343,46.9,0.852
750,60,0,0.15,1.0,60,0,0,0,0,1,0,603,49.3,0.941,408,50.2,0.955,423,49.9,0.95
750,60,0,0.15,1.0,60,0,0,0,0,1,1,312,44.9,0.822,200,51.0,1.039,210,51.9,1.057
750,60,0,0.15,1.0,60,0,0,0,0,1,-1,291,54.0,1.09,208,49.5,0.885,213,47.9,0.86
750,60,0,0.15,1.0,60,0,0,0,0,2,0,404,47.3,0.91,298,48.7,0.923,255,47.5,0.883
750,60,0,0.15,1.0,60,0,0,0,0,2,1,213,44.6,0.767,145,50.3,0.98,117,49.6,0.943
750,60,0,0.15,1.0,60,0,0,0,1,0,0,544,52.6,1.082,366,52.5,1.003,344,51.2,0.963
750,60,0,0.15,1.0,60,0,0,0,1,0,1,282,47.5,0.842,184,53.8,1.071,169,53.3,1.069
750,60,0,0.15,1.0,60,0,0,0,1,0,-1,259,57.9,1.394,182,51.1,0.948,171,49.7,0.91
750,60,0,0.15,1.0,60,0,0,0,1,1,0,344,54.4,1.194,207,52.7,1.047,214,51.4,1.06
750,60,0,0.15,1.0,60,0,0,0,1,2,0,200,49.5,0.937,159,52.2,0.95,130,50.8,0.832
750,60,0,0.15,1.0,60,0,0,0,-1,0,0,463,43.6,0.787,340,46.5,0.878,333,46.8,0.887
750,60,0,0.15,1.0,60,0,0,0,-1,0,1,243,41.6,0.757,161,47.2,0.956,158,48.7,0.96
750,60,0,0.15,1.0,60,0,0,0,-1,0,-1,219,45.7,0.817,177,45.2,0.786,171,44.4,0.801
750,60,0,0.15,1.0,60,0,0,0,-1,1,0,259,42.5,0.719,201,47.8,0.868,208,48.6,0.854
750,60,0,0.15,1.0,60,0,0,0,-1,2,0,204,45.1,0.884,139,44.6,0.892,125,44.0,0.939
750,60,0,0.15,1.0,60,0,0,1,0,0,0,536,52.6,1.062,357,51.3,0.952,337,51.3,0.959
750,60,0,0.15,1.0,60,0,0,1,0,0,1,279,47.3,0.811,180,50.6,0.932,164,51.8,0.995
750,60,0,0.15,1.0,60,0,0,1,0,0,-1,256,58.2,1.384,177,52.0,0.97,172,51.2,0.942
750,60,0,0.15,1.0,60,0,0,1,0,1,0,328,55.5,1.234,215,51.6,1.006,216,52.3,1.071
750,60,0,0.15,1.0,60,0,0,1,0,2,0,208,48.1,0.864,142,50.7,0.878,121,49.6,0.8
750,60,0,0.15,1.0,60,0,0,1,1,0,0,488,53.3,1.082,325,52.0,0.956,313,51.8,0.977
750,60,0,0.15,1.0,60,0,0,1,1,0,1,254,48.0,0.838,162,53.7,1.03,153,53.6,1.067
750,60,0,0.15,1.0,60,0,0,1,1,0,-1,233,58.8,1.387,163,50.3,0.9,159,50.3,0.92
750,60,0,0.15,1.0,60,0,0,1,1,1,0,305,55.7,1.227,193,51.8,1.005,200,52.0,1.065
750,60,0,0.15,1.0,60,0,0,-1,0,0,0,469,43.7,0.805,348,47.7,0.922,337,46.6,0.89
750,60,0,0.15,1.0,60,0,0,-1,0,0,1,246,41.9,0.787,165,50.9,1.102,163,50.3,1.032
750,60,0,0.15,1.0,60,0,0,-1,0,0,-1,222,45.5,0.82,182,44.5,0.774,171,42.7,0.762
750,60,0,0.15,1.0,60,0,0,-1,0,1,0,275,41.8,0.704,193,48.7,0.901,207,47.3,0.835
750,60,0,0.15,1.0,60,0,0,-1,-1,0,0,415,43.4,0.776,307,46.6,0.866,309,46.6,0.886
750,60,0,0.15,1.0,60,0,0,-1,-1,0,1,218,41.7,0.777,143,50.3,1.064,147,50.3,1.026
750,60,0,0.15,1.0,60,0,0,-1,-1,1,0,236,41.5,0.676,179,47.5,0.852,193,47.7,0.83
750,60,0,0.15,1.0,60,0,1,0,0,0,0,764,49.7,0.956,546,50.0,0.963,513,49.7,0.958
750,60,0,0.15,1.0,60,0,1,0,0,0,1,403,46.4,0.832,274,50.0,1.008,258,50.4,1.018
750,60,0,0.15,1.0,60,0,1,0,0,0,-1,360,53.3,1.109,271,49.8,0.915,251,49.0,0.903
750,60,0,0.15,1.0,60,0,1,0,0,1,0,470,51.1,0.998,311,51.8,1.046,322,51.6,1.034
750,60,0,0.15,1.0,60,0,1,0,0,1,1,244,46.7,0.831,158,50.6,1.092,165,52.1,1.13
750,60,0,0.15,1.0,60,0,1,0,0,1,-1,226,55.8,1.213,153,52.9,1.003,157,51.0,0.945
750,60,0,0.15,1.0,60,0,1,0,0,2,0,294,47.6,0.899,235,47.7,0.869,191,46.6,0.852
750,60,0,0.15,1.0,60,0,1,0,1,0,0,420,53.6,1.088,282,51.8,0.968,254,50.4,0.922
750,60,0,0.15,1.0,60,0,1,0,1,0,1,232,49.1,0.861,148,52.7,1.037,137,51.1,1.006
750,60,0,0.15,1.0,60,0,1,0,1,1,0,276,56.5,1.264,160,52.5,1.076,163,50.9,1.07
750,60,0,0.15,1.0,60,0,1,0,-1,0,0,344,45.1,0.835,264,48.1,0.958,258,49.2,1.002
750,60,0,0.15,1.0,60,0,1,1,0,0,0,412,52.9,1.041,275,51.3,0.939,255,51.0,0.935
750,60,0,0.15,1.0,60,0,1,1,0,0,1,228,48.2,0.798,147,50.3,0.945,136,50.7,0.987
750,60,0,0.15,1.0,60,0,1,1,0,1,0,259,56.8,1.284,165,52.1,1.025,168,52.4,1.082
750,60,0,0.15,1.0,60,0,1,1,1,0,0,374,54.0,1.066,249,51.8,0.944,233,51.1,0.935
750,60,0,0.15,1.0,60,0,1,1,1,0,1,208,49.5,0.849,131,53.4,1.048,126,52.4,1.055
750,60,0,0.15,1.0,60,0,1,1,1,1,0,242,57.9,1.306,149,51.7,1.026,152,52.0,1.076
750,60,0,0.15,1.0,60,0,1,-1,0,0,0,351,45.9,0.871,271,48.7,0.988,257,48.2,0.982
750,60,0,0.15,1.0,60,0,1,-1,0,1,0,211,44.1,0.757,146,51.4,1.07,154,50.6,0.981
750,60,0,0.15,1.0,60,0,1,-1,-1,0,0,306,45.4,0.833,238,48.3,0.966,237,48.9,1.001
750,60,0,0.15,1.0,60,0,-1,0,0,0,0,243,44.4,0.846,160,48.1,0.866,165,46.7,0.821
750,60,0,0.15,1.0,60,1,0,0,0,0,0,499,50.5,0.987,354,50.6,0.973,309,50.2,0.966
750,60,0,0.15,1.0,60,1,0,0,0,0,1,320,48.4,0.922,222,51.4,1.013,187,50.3,0.972
750,60,0,0.15,1.0,60,1,0,0,0,1,0,282,54.3,1.166,210,51.0,0.982,191,51.3,0.99
750,60,0,0.15,1.0,60,1,0,0,0,2,0,217,45.6,0.801,144,50.0,0.96,118,48.3,0.929
750,60,0,0.15,1.0,60,1,0,0,0,2,1,205,45.4,0.792,137,51.8,1.029,111,49.5,0.941
750,60,0,0.15,1.0,60,1,0,0,1,0,0,272,52.6,1.037,194,53.1,0.994,161,52.8,1.017
750,60,0,0.15,1.0,60,1,0,0,-1,0,0,227,48.0,0.939,160,47.5,0.95,147,47.6,0.925
750,60,0,0.15,1.0,60,1,0,1,0,0,0,273,51.6,0.989,189,50.3,0.875,158,51.3,0.922
750,60,0,0.15,1.0,60,1,0,1,1,0,0,247,52.2,1.011,171,52.0,0.941,146,52.7,1.007
750,60,0,0.15,1.0,60,1,0,-1,0,0,0,226,49.1,0.985,165,50.9,1.088,151,49.0,1.01
750,60,0,0.15,1.0,60,1,0,-1,-1,0,0,201,48.3,0.955,142,49.3,1.038,136,48.5,1.0
750,60,0,0.15,1.0,60,1,1,0,0,0,0,388,52.6,1.084,275,50.2,0.948,235,48.9,0.881
750,60,0,0.15,1.0,60,1,1,0,0,0,1,249,51.4,1.05,175,49.1,0.925,143,47.6,0.875
750,60,0,0.15,1.0,60,1,1,0,0,1,0,226,56.2,1.248,160,51.9,1.018,142,51.4,0.947
750,60,0,0.15,1.0,60,1,1,0,1,0,0,218,54.6,1.178,154,51.3,0.904,118,50.0,0.82
750,60,0,0.15,1.0,60,1,1,1,0,0,0,217,53.0,1.078,150,49.3,0.824,120,50.0,0.788
750,60,0,0.15,1.0,60,-1,0,0,0,0,0,468,45.5,0.848,332,49.4,0.938,289,49.1,0.953
750,60,0,0.15,1.0,60,-1,0,0,0,0,-1,283,49.8,1.021,220,47.7,0.849,188,44.1,0.768
750,60,0,0.15,1.0,60,-1,0,0,0,1,0,285,43.5,0.739,182,51.6,1.01,165,50.9,1.032
750,60,0,0.15,1.0,60,-1,0,0,1,0,0,246,51.6,1.081,164,53.0,1.072,144,53.5,1.056
750,60,0,0.15,1.0,60,-1,0,0,-1,0,0,222,38.7,0.65,168,45.8,0.812,145,44.8,0.856
750,60,0,0.15,1.0,60,-1,0,1,0,0,0,243,53.5,1.107,159,53.5,1.085,146,54.8,1.127
750,60,0,0.15,1.0,60,-1,0,1,1,0,0,222,54.1,1.115,147,53.1,1.016,136,54.4,1.09
750,60,0,0.15,1.0,60,-1,0,-1,0,0,0,225,36.9,0.631,173,45.7,0.81,143,43.4,0.789
750,60,0,0.15,1.0,60,-1,0,-1,-1,0,0,201,37.8,0.616,156,44.9,0.738,135,43.7,0.803
750,60,0,0.15,1.0,60,-1,1,0,0,0,0,345,45.2,0.803,257,50.6,1.01,219,52.5,1.123
750,60,0,0.15,1.0,60,-1,1,0,0,0,-1,208,50.5,1.021,167,48.5,0.882,136,46.3,0.861
750,60,0,0.15,1.0,60,-1,1,0,0,1,0,214,43.9,0.748,140,53.6,1.178,128,55.5,1.324
750,60,1,0.15,0.6,60,0,0,0,0,0,0,1007,58.2,0.953,706,57.6,0.95,678,59.1,1.004
750,60,1,0.15,0.6,60,0,0,0,0,0,1,478,56.5,0.885,359,57.4,0.956,343,59.8,1.014
750,60,1,0.15,0.6,60,0,0,0,0,0,-1,525,59.8,1.024,345,58.3,0.96,327,58.4,0.994
750,60,1,0.15,0.6,60,0,0,0,0,1,0,603,57.5,0.943,408,56.1,0.919,423,56.7,0.934
750,60,1,0.15,0.6,60,0,0,0,0,1,1,291,55.3,0.863,208,55.3,0.94,213,58.7,1.035
750,60,1,0.15,0.6,60,0,0,0,0,1,-1,312,59.6,1.026,200,57.0,0.896,210,54.8,0.839
750,60,1,0.15,0.6,60,0,0,0,0,2,0,404,59.2,0.966,298,59.7,0.994,255,63.1,1.133
750,60,1,0.15,0.6,60,0,0,0,0,2,-1,213,60.1,1.021,145,60.0,1.063,117,65.0,1.374
750,60,1,0.15,0.6,60,0,0,0,1,0,0,463,62.6,1.077,340,59.7,1.027,333,61.3,1.071
750,60,1,0.15,0.6,60,0,0,0,1,0,1,219,62.6,1.07,177,61.0,1.108,171,64.3,1.184
750,60,1,0.15,0.6,60,0,0,0,1,0,-1,243,62.6,1.076,161,59.0,0.985,158,58.9,0.996
750,60,1,0.15,0.6,60,0,0,0,1,1,0,259,65.3,1.215,201,57.7,1.003,208,58.7,1.067
750,60,1,0.15,0.6,60,0,0,0,1,2,0,204,59.3,0.927,139,62.6,1.062,125,65.6,1.076
750,60,1,0.15,0.6,60,0,0,0,-1,0,0,544,54.4,0.853,366,55.7,0.882,344,57.0,0.941
750,60,1,0.15,0.6,60,0,0,0,-1,0,1,259,51.4,0.754,182,53.8,0.835,171,55.0,0.864
750,60,1,0.15,0.6,60,0,0,0,-1,0,-1,282,57.4,0.976,184,57.6,0.938,169,58.0,0.992
750,60,1,0.15,0.6,60,0,0,0,-1,1,0,344,51.7,0.766,207,54.6,0.843,214,54.7,0.816
750,60,1,0.15,0.6,60,0,0,0,-1,2,0,200,59.0,1.008,159,57.2,0.935,130,60.8,1.194
750,60,1,0.15,0.6,60,0,0,1,0,0,0,469,63.3,1.111,348,60.1,0.998,337,61.4,1.081
750,60,1,0.15,0.6,60,0,0,1,0,0,1,222,63.5,1.135,182,62.6,1.118,171,65.5,1.245
750,60,1,0.15,0.6,60,0,0,1,0,0,-1,246,63.0,1.084,165,57.6,0.899,163,57.7,0.951
750,60,1,0.15,0.6,60,0,0,1,0,1,0,275,65.8,1.253,193,58.0,0.991,207,58.9,1.091
750,60,1,0.15,0.6,60,0,0,1,1,0,0,415,63.1,1.107,307,60.6,1.06,309,61.5,1.084
750,60,1,0.15,0.6,60,0,0,1,1,0,-1,218,62.4,1.066,143,57.3,0.933,147,57.8,0.97
750,60,1,0.15,0.6,60,0,0,1,1,1,0,236,66.5,1.301,179,59.2,1.057,193,59.6,1.109
750,60,1,0.15,0.6,60,0,0,-1,0,0,0,536,53.7,0.83,357,55.5,0.911,337,56.7,0.928
750,60,1,0.15,0.6,60,0,0,-1,0,0,1,256,50.4,0.722,177,52.0,0.82,172,54.1,0.836
750,60,1,0.15,0.6,60,0,0,-1,0,0,-1,279,57.0,0.969,180,58.9,1.028,164,59.1,1.042
750,60,1,0.15,0.6,60,0,0,-1,0,1,0,328,50.6,0.737,215,54.4,0.858,216,54.6,0.806
750,60,1,0.15,0.6,60,0,0,-1,0,2,0,208,58.7,0.986,142,57.0,1.002,121,60.3,1.198
750,60,1,0.15,0.6,60,0,0,-1,-1,0,0,488,53.3,0.828,325,55.7,0.92,313,56.2,0.918
750,60,1,0.15,0.6,60,0,0,-1,-1,0,1,233,50.2,0.733,163,54.0,0.872,159,54.1,0.834
750,60,1,0.15,0.6,60,0,0,-1,-1,0,-1,254,56.3,0.949,162,57.4,0.98,153,58.2,1.017
750,60,1,0.15,0.6,60,0,0,-1,-1,1,0,305,50.5,0.745,193,55.4,0.885,200,55.0,0.816
750,60,1,0.15,0.6,60,0,1,0,0,0,0,243,61.7,1.051,160,55.6,0.968,165,58.8,1.064
750,60,1,0.15,0.6,60,0,-1,0,0,0,0,764,57.1,0.923,546,58.2,0.945,513,59.3,0.987
750,60,1,0.15,0.6,60,0,-1,0,0,0,1,360,56.7,0.897,271,58.7,0.973,251,59.8,1.016
750,60,1,0.15,0.6,60,0,-1,0,0,0,-1,403,57.6,0.952,274,58.0,0.925,258,58.5,0.956
750,60,1,0.15,0.6,60,0,-1,0,0,1,0,470,55.5,0.876,311,55.9,0.886,322,55.6,0.891
750,60,1,0.15,0.6,60,0,-1,0,0,1,1,226,55.3,0.831,153,54.9,0.904,157,57.3,1.003
750,60,1,0.15,0.6,60,0,-1,0,0,1,-1,244,55.7,0.922,158,57.0,0.869,165,53.9,0.794
750,60,1,0.15,0.6,60,0,-1,0,0,2,0,294,59.5,1.0,235,61.3,1.029,191,65.4,1.173
750,60,1,0.15,0.6,60,0,-1,0,1,0,0,344,60.8,0.974,264,59.1,0.955,258,58.9,0.932
750,60,1,0.15,0.6,60,0,-1,0,-1,0,0,420,54.0,0.88,282,57.4,0.935,254,59.4,1.042
750,60,1,0.15,0.6,60,0,-1,0,-1,0,-1,232,55.6,0.962,148,58.1,0.946,137,60.6,1.05
750,60,1,0.15,0.6,60,0,-1,0,-1,1,0,276,49.6,0.733,160,56.2,0.862,163,55.8,0.846
750,60,1,0.15,0.6,60,0,-1,1,0,0,0,351,61.0,0.995,271,59.8,0.942,257,59.9,0.975
750,60,1,0.15,0.6,60,0,-1,1,0,1,0,211,63.0,1.094,146,56.2,0.896,154,55.8,0.964
750,60,1,0.15,0.6,60,0,-1,1,1,0,0,306,60.5,0.98,238,59.7,0.966,237,59.1,0.938
750,60,1,0.15,0.6,60,0,-1,-1,0,0,0,412,53.9,0.867,275,56.7,0.947,255,58.4,0.992
750,60,1,0.15,0.6,60,0,-1,-1,0,0,-1,228,55.7,0.981,147,58.5,0.987,136,60.3,1.025
750,60,1,0.15,0.6,60,0,-1,-1,0,1,0,259,49.4,0.727,165,55.8,0.877,168,55.4,0.828
750,60,1,0.15,0.6,60,0,-1,-1,-1,0,0,374,52.9,0.86,249,57.0,0.957,233,58.4,0.999
750,60,1,0.15,0.6,60,0,-1,-1,-1,0,-1,208,54.3,0.935,131,57.3,0.948,126,59.5,1.006
750,60,1,0.15,0.6,60,0,-1,-1,-1,1,0,242,48.3,0.715,149,57.0,0.91,152,55.9,0.843
750,60,1,0.15,0.6,60,1,0,0,0,0,0,468,61.8,1.08,332,57.2,0.917,289,57.1,0.889
750,60,1,0.15,0.6,60,1,0,0,0,0,1,283,58.0,0.92,220,57.7,0.952,188,61.7,1.053
750,60,1,0.15,0.6,60,1,0,0,0,1,0,285,63.5,1.202,182,54.4,0.863,165,54.5,0.832
750,60,1,0.15,0.6,60,1,0,0,1,0,0,222,68.0,1.389,168,60.7,1.114,145,60.7,1.009
750,60,1,0.15,0.6,60,1,0,0,-1,0,0,246,56.1,0.869,164,53.7,0.762,144,53.5,0.787
750,60,1,0.15,0.6,60,1,0,1,0,0,0,225,70.2,1.506,173,62.4,1.13,143,63.6,1.155
750,60,1,0.15,0.6,60,1,0,1,1,0,0,201,69.2,1.479,156,62.2,1.212,135,61.5,1.074
750,60,1,0.15,0.6,60,1,0,-1,0,0,0,243,53.9,0.816,159,51.6,0.745,146,50.7,0.706
750,60,1,0.15,0.6,60,1,0,-1,-1,0,0,222,53.6,0.815,147,52.4,0.778,136,50.7,0.727
750,60,1,0.15,0.6,60,1,-1,0,0,0,0,345,61.2,1.079,257,58.0,0.902,219,55.7,0.81
750,60,1,0.15,0.6,60,1,-1,0,0,0,1,208,58.2,0.948,167,59.9,0.982,136,61.8,1.0
750,60,1,0.15,0.6,60,1,-1,0,0,1,0,214,61.7,1.099,140,53.6,0.79,128,50.8,0.693
750,60,1,0.15,0.6,60,-1,0,0,0,0,0,499,55.3,0.858,354,57.6,0.968,309,60.2,1.067
750,60,1,0.15,0.6,60,-1,0,0,0,0,-1,320,55.0,0.844,222,58.1,0.975,187,61.0,1.114
750,60,1,0.15,0.6,60,-1,0,0,0,1,0,282,52.1,0.758,210,56.2,0.909,191,57.1,0.935
750,60,1,0.15,0.6,60,-1,0,0,0,2,0,217,59.4,1.008,144,59.7,1.066,118,65.3,1.332
750,60,1,0.15,0.6,60,-1,0,0,0,2,-1,205,59.5,0.995,137,58.4,1.016,111,64.9,1.378
750,60,1,0.15,0.6,60,-1,0,0,1,0,0,227,57.7,0.857,160,58.8,0.948,147,61.9,1.077
750,60,1,0.15,0.6,60,-1,0,0,-1,0,0,272,53.3,0.859,194,56.7,0.986,161,58.4,1.049
750,60,1,0.15,0.6,60,-1,0,1,0,0,0,226,57.1,0.849,165,57.0,0.862,151,59.6,0.968
750,60,1,0.15,0.6,60,-1,0,1,1,0,0,201,57.7,0.861,142,58.5,0.917,136,61.0,1.025
750,60,1,0.15,0.6,60,-1,0,-1,0,0,0,273,53.8,0.867,189,58.2,1.089,158,60.8,1.186
750,60,1,0.15,0.6,60,-1,0,-1,-1,0,0,247,53.4,0.871,171,57.9,1.068,146,59.6,1.124
750,60,1,0.15,0.6,60,-1,-1,0,0,0,0,388,54.4,0.823,275,58.2,0.974,235,62.1,1.166
750,60,1,0.15,0.6,60,-1,-1,0,0,0,-1,249,53.0,0.784,175,58.9,0.985,143,62.9,1.165
750,60,1,0.15,0.6,60,-1,-1,0,0,1,0,226,50.9,0.731,160,56.9,0.928,142,58.5,1.031
750,60,1,0.15,0.6,60,-1,-1,0,-1,0,0,218,52.3,0.827,154,59.1,1.093,118,62.7,1.39
750,60,1,0.15,0.6,60,-1,-1,-1,0,0,0,217,53.5,0.854,150,60.0,1.189,120,63.3,1.453
780,-2,0,0.15,0.3,60,0,0,0,0,0,0,982,72.3,0.861,684,71.9,0.97,660,72.9,1.042
780,-2,0,0.15,0.3,60,0,0,0,0,0,1,486,71.2,0.83,344,73.0,1.087,328,73.2,1.115
780,-2,0,0.15,0.3,60,0,0,0,0,0,-1,492,73.4,0.892,338,70.7,0.869,325,72.3,0.975
780,-2,0,0.15,0.3,60,0,0,0,0,1,0,583,72.0,0.862,395,71.4,0.879,410,73.4,1.012
780,-2,0,0.15,0.3,60,0,0,0,0,1,1,280,70.4,0.866,193,72.0,1.007,201,73.6,1.115
780,-2,0,0.15,0.3,60,0,0,0,0,1,-1,303,73.6,0.858,202,70.8,0.781,209,73.2,0.927
780,-2,0,0.15,0.3,60,0,0,0,0,2,0,399,72.7,0.86,289,72.7,1.107,250,72.0,1.09
780,-2,0,0.15,0.3,60,0,0,0,0,2,1,206,72.3,0.786,151,74.2,1.2,127,72.4,1.113
780,-2,0,0.15,0.3,60,0,0,0,1,0,0,507,71.0,0.831,328,75.3,1.156,304,76.3,1.188
780,-2,0,0.15,0.3,60,0,0,0,1,0,1,250,68.4,0.757,170,71.2,0.927,154,72.1,1.023
780,-2,0,0.15,0.3,60,0,0,0,1,0,-1,255,73.3,0.894,157,79.6,1.435,145,80.7,1.407
780,-2,0,0.15,0.3,60,0,0,0,1,1,0,318,70.8,0.814,185,75.7,1.126,177,78.5,1.451
780,-2,0,0.15,0.3,60,0,0,0,-1,0,0,475,73.7,0.894,356,68.8,0.83,355,70.1,0.947
780,-2,0,0.15,0.3,60,0,0,0,-1,0,1,236,74.2,0.913,174,74.7,1.277,174,74.1,1.204
780,-2,0,0.15,0.3,60,0,0,0,-1,0,-1,237,73.4,0.889,181,63.0,0.577,179,65.9,0.77
780,-2,0,0.15,0.3,60,0,0,0,-1,1,0,265,73.6,0.926,210,67.6,0.727,232,69.8,0.809
780,-2,0,0.15,0.3,60,0,0,0,-1,2,0,210,73.8,0.859,146,70.5,1.023,123,70.7,1.273
780,-2,0,0.15,0.3,60,0,0,1,0,0,0,494,69.6,0.772,326,73.3,1.04,306,75.2,1.155
780,-2,0,0.15,0.3,60,0,0,1,0,0,1,243,67.1,0.692,169,71.0,0.984,153,71.9,1.048
780,-2,0,0.15,0.3,60,0,0,1,0,0,-1,250,72.0,0.85,157,75.8,1.099,151,78.1,1.245
780,-2,0,0.15,0.3,60,0,0,1,0,1,0,309,70.6,0.802,187,72.7,0.99,188,75.5,1.246
780,-2,0,0.15,0.3,60,0,0,1,1,0,0,451,70.5,0.79,292,74.7,1.075,278,76.3,1.211
780,-2,0,0.15,0.3,60,0,0,1,1,0,1,225,68.0,0.716,153,71.2,0.946,142,71.8,1.019
780,-2,0,0.15,0.3,60,0,0,1,1,0,-1,225,72.9,0.862,139,78.4,1.226,134,80.6,1.425
780,-2,0,0.15,0.3,60,0,0,1,1,1,0,283,70.7,0.789,169,74.0,1.028,168,78.0,1.433
780,-2,0,0.15,0.3,60,0,0,-1,0,0,0,486,74.9,0.961,357,70.6,0.911,351,70.9,0.968
780,-2,0,0.15,0.3,60,0,0,-1,0,0,1,243,75.3,1.006,175,74.9,1.191,175,74.3,1.174
780,-2,0,0.15,0.3,60,0,0,-1,0,0,-1,242,74.8,0.939,181,66.3,0.723,174,67.2,0.81
780,-2,0,0.15,0.3,60,0,0,-1,0,1,0,274,73.7,0.939,208,70.2,0.797,222,71.6,0.864
780,-2,0,0.15,0.3,60,0,0,-1,0,2,0,212,76.4,0.987,149,71.1,1.092,129,69.8,1.168
780,-2,0,0.15,0.3,60,0,0,-1,-1,0,0,431,74.9,0.929,322,69.6,0.835,328,70.4,0.96
780,-2,0,0.15,0.3,60,0,0,-1,-1,0,1,218,75.7,0.974,158,75.3,1.258,163,74.2,1.183
780,-2,0,0.15,0.3,60,0,0,-1,-1,0,-1,212,74.5,0.908,163,63.8,0.586,163,66.3,0.796
780,-2,0,0.15,0.3,60,0,0,-1,-1,1,0,239,74.1,0.921,192,68.2,0.728,213,70.9,0.842
780,-2,0,0.15,0.3,60,0,1,0,0,0,0,800,72.5,0.878,549,72.5,0.976,546,73.3,1.025
780,-2,0,0.15,0.3,60,0,1,0,0,0,1,402,70.6,0.847,282,74.1,1.191,282,74.1,1.155
780,-2,0,0.15,0.3,60,0,1,0,0,0,-1,395,74.4,0.913,266,70.7,0.807,261,72.0,0.898
780,-2,0,0.15,0.3,60,0,1,0,0,1,0,485,71.8,0.856,314,71.0,0.86,340,72.9,0.95
780,-2,0,0.15,0.3,60,0,1,0,0,1,1,237,68.8,0.828,156,73.1,1.093,173,74.0,1.083
780,-2,0,0.15,0.3,60,0,1,0,0,1,-1,248,74.6,0.881,158,69.0,0.698,167,71.9,0.835
780,-2,0,0.15,0.3,60,0,1,0,0,2,0,315,73.7,0.915,235,74.5,1.163,206,73.8,1.165
780,-2,0,0.15,0.3,60,0,1,0,1,0,0,430,71.6,0.868,276,77.2,1.213,263,77.9,1.309
780,-2,0,0.15,0.3,60,0,1,0,1,0,1,216,68.5,0.793,153,74.5,1.146,142,73.9,1.158
780,-2,0,0.15,0.3,60,0,1,0,1,0,-1,213,74.6,0.938,123,80.5,1.296,119,82.4,1.489
780,-2,0,0.15,0.3,60,0,1,0,1,1,0,277,70.4,0.807,155,76.8,1.216,157,79.0,1.518
780,-2,0,0.15,0.3,60,0,1,0,-1,0,0,370,73.5,0.89,273,67.8,0.802,282,69.1,0.847
780,-2,0,0.15,0.3,60,0,1,0,-1,1,0,208,73.6,0.927,159,65.4,0.654,182,68.1,0.696
780,-2,0,0.15,0.3,60,0,1,1,0,0,0,421,70.5,0.814,273,76.2,1.212,267,76.8,1.259
780,-2,0,0.15,0.3,60,0,1,1,0,0,1,208,67.3,0.724,148,75.0,1.281,139,74.1,1.213
780,-2,0,0.15,0.3,60,0,1,1,0,0,-1,213,73.7,0.905,125,77.6,1.146,127,79.5,1.297
780,-2,0,0.15,0.3,60,0,1,1,0,1,0,268,71.3,0.829,158,74.7,1.098,168,76.8,1.338
780,-2,0,0.15,0.3,60,0,1,1,1,0,0,386,71.2,0.835,248,77.0,1.223,244,77.9,1.322
780,-2,0,0.15,0.3,60,0,1,1,1,1,0,248,71.0,0.811,143,75.5,1.128,151,78.8,1.522
780,-2,0,0.15,0.3,60,0,1,-1,0,0,0,377,74.5,0.951,276,68.8,0.81,278,69.8,0.86
780,-2,0,0.15,0.3,60,0,1,-1,0,1,0,217,72.4,0.892,156,67.3,0.697,172,69.2,0.722
780,-2,0,0.15,0.3,60,0,1,-1,-1,0,0,334,74.6,0.922,248,67.7,0.779,260,69.2,0.846
780,-2,0,0.15,0.3,60,1,0,0,0,0,0,497,74.4,0.954,330,71.8,0.968,293,72.7,0.986
780,-2,0,0.15,0.3,60,1,0,0,0,0,1,306,72.9,0.873,214,73.8,1.163,184,73.9,1.108
780,-2,0,0.15,0.3,60,1,0,0,0,1,0,291,75.3,1.047,186,69.4,0.801,171,73.1,0.917
780,-2,0,0.15,0.3,60,1,0,0,0,2,0,206,73.3,0.838,144,75.0,1.267,122,72.1,1.098
780,-2,0,0.15,0.3,60,1,0,0,1,0,0,259,75.3,1.064,168,76.2,1.144,137,78.1,1.253
780,-2,0,0.15,0.3,60,1,0,0,-1,0,0,238,73.5,0.858,162,67.3,0.829,155,68.4,0.837
780,-2,0,0.15,0.3,60,1,0,1,0,0,0,256,73.4,0.938,167,74.9,1.167,136,75.7,1.166
780,-2,0,0.15,0.3,60,1,0,1,1,0,0,233,74.7,0.998,151,75.5,1.129,125,77.6,1.232
780,-2,0,0.15,0.3,60,1,0,-1,0,0,0,241,75.5,0.97,163,68.7,0.825,157,70.1,0.872
780,-2,0,0.15,0.3,60,1,0,-1,-1,0,0,215,74.9,0.903,146,67.1,0.785,145,69.0,0.84
780,-2,0,0.15,0.3,60,1,1,0,0,0,0,414,74.2,0.965,273,72.2,1.019,250,72.4,0.977
780,-2,0,0.15,0.3,60,1,1,0,0,0,1,252,72.6,0.899,180,75.6,1.345,161,75.2,1.2
780,-2,0,0.15,0.3,60,1,1,0,0,1,0,249,73.9,0.971,153,68.6,0.807,146,71.2,0.838
780,-2,0,0.15,0.3,60,1,1,0,1,0,0,225,75.6,1.097,144,79.2,1.351,121,80.2,1.405
780,-2,0,0.15,0.3,60,1,1,1,0,0,0,224,74.1,0.981,143,78.3,1.441,120,78.3,1.336
780,-2,0,0.15,0.3,60,1,1,1,1,0,0,205,75.6,1.069,130,79.2,1.402,111,80.2,1.415
780,-2,0,0.15,0.3,60,-1,0,0,0,0,0,445,69.0,0.745,335,71.6,0.953,290,73.1,1.103
780,-2,0,0.15,0.3,60,-1,0,0,0,0,-1,281,70.1,0.757,214,71.0,0.917,181,72.4,1.011
780,-2,0,0.15,0.3,60,-1,0,0,0,1,0,256,66.8,0.653,194,72.7,0.931,174,74.1,1.113
780,-2,0,0.15,0.3,60,-1,0,0,1,0,0,227,65.2,0.634,153,74.5,1.179,130,75.4,1.201
780,-2,0,0.15,0.3,60,-1,0,0,-1,0,0,218,72.9,0.894,182,69.2,0.792,160,71.2,1.034
780,-2,0,0.15,0.3,60,-1,0,1,0,0,0,220,64.1,0.616,152,71.7,0.94,135,76.3,1.246
780,-2,0,0.15,0.3,60,-1,0,1,1,0,0,202,64.4,0.603,136,74.3,1.054,122,76.2,1.287
780,-2,0,0.15,0.3,60,-1,0,-1,0,0,0,225,73.8,0.917,183,71.6,0.965,155,70.3,0.999
780,-2,0,0.15,0.3,60,-1,0,-1,-1,0,0,200,74.0,0.908,166,71.1,0.855,147,70.7,1.045
780,-2,0,0.15,0.3,60,-1,1,0,0,0,0,354,69.8,0.773,261,72.4,0.925,232,73.3,1.031
780,-2,0,0.15,0.3,60,-1,1,0,0,0,-1,218,72.0,0.798,167,72.5,0.865,143,72.7,0.918
780,-2,0,0.15,0.3,60,-1,1,0,0,1,0,207,67.6,0.697,149,72.5,0.89,138,73.2,0.991
780,-2,0,0.25,1.0,60,0,0,0,0,0,0,982,53.6,1.007,684,51.2,1.006,660,51.4,1.018
780,-2,0,0.25,1.0,60,0,0,0,0,0,1,486,53.9,1.006,344,53.5,1.11,328,52.1,1.066
780,-2,0,0.25,1.0,60,0,0,0,0,0,-1,492,53.3,1.014,338,48.8,0.929,325,50.5,0.986
780,-2,0,0.25,1.0,60,0,0,0,0,1,0,583,54.4,1.035,395,51.6,1.06,410,53.4,1.137
780,-2,0,0.25,1.0,60,0,0,0,0,1,1,280,52.5,0.931,193,52.8,1.222,201,52.7,1.212
780,-2,0,0.25,1.0,60,0,0,0,0,1,-1,303,56.1,1.128,202,50.5,0.946,209,54.1,1.08
780,-2,0,0.25,1.0,60,0,0,0,0,2,0,399,52.4,0.969,289,50.5,0.934,250,48.0,0.848
780,-2,0,0.25,1.0,60,0,0,0,0,2,1,206,55.8,1.103,151,54.3,0.989,127,51.2,0.886
780,-2,0,0.25,1.0,60,0,0,0,1,0,0,507,53.5,0.907,328,57.3,1.285,304,57.2,1.206
780,-2,0,0.25,1.0,60,0,0,0,1,0,1,250,51.6,0.811,170,55.9,1.173,154,55.2,1.154
780,-2,0,0.25,1.0,60,0,0,0,1,0,-1,255,55.3,0.991,157,59.2,1.454,145,60.0,1.331
780,-2,0,0.25,1.0,60,0,0,0,1,1,0,318,56.6,1.031,185,61.6,1.711,177,63.8,1.898
780,-2,0,0.25,1.0,60,0,0,0,-1,0,0,475,53.7,1.115,356,45.5,0.802,355,46.5,0.884
780,-2,0,0.25,1.0,60,0,0,0,-1,0,1,236,56.4,1.221,174,51.1,1.049,174,49.4,0.985
780,-2,0,0.25,1.0,60,0,0,0,-1,0,-1,237,51.1,1.039,181,39.8,0.638,179,43.0,0.799
780,-2,0,0.25,1.0,60,0,0,0,-1,1,0,265,51.7,1.041,210,42.9,0.734,232,45.7,0.801
780,-2,0,0.25,1.0,60,0,0,0,-1,2,0,210,56.2,1.199,146,49.3,0.931,123,48.0,1.081
780,-2,0,0.25,1.0,60,0,0,1,0,0,0,494,52.4,0.895,326,54.0,1.04,306,54.6,1.11
780,-2,0,0.25,1.0,60,0,0,1,0,0,1,243,50.2,0.715,169,54.4,1.068,153,52.9,1.069
780,-2,0,0.25,1.0,60,0,0,1,0,0,-1,250,54.8,1.071,157,53.5,1.011,151,56.3,1.159
780,-2,0,0.25,1.0,60,0,0,1,0,1,0,309,56.0,1.036,187,56.7,1.325,188,59.0,1.622
780,-2,0,0.25,1.0,60,0,0,1,1,0,0,451,53.0,0.875,292,57.5,1.212,278,57.2,1.209
780,-2,0,0.25,1.0,60,0,0,1,1,0,1,225,51.1,0.725,153,57.5,1.188,142,54.9,1.108
780,-2,0,0.25,1.0,60,0,0,1,1,0,-1,225,55.1,1.018,139,57.6,1.238,134,59.7,1.337
780,-2,0,0.25,1.0,60,0,0,1,1,1,0,283,56.9,1.039,169,60.9,1.611,168,63.1,1.875
780,-2,0,0.25,1.0,60,0,0,-1,0,0,0,486,54.5,1.126,357,48.7,0.988,351,48.7,0.961
780,-2,0,0.25,1.0,60,0,0,-1,0,0,1,243,57.6,1.355,175,52.6,1.154,175,51.4,1.064
780,-2,0,0.25,1.0,60,0,0,-1,0,0,-1,242,51.7,0.954,181,44.8,0.87,174,45.4,0.872
780,-2,0,0.25,1.0,60,0,0,-1,0,1,0,274,52.6,1.035,208,47.1,0.881,222,48.6,0.859
780,-2,0,0.25,1.0,60,0,0,-1,0,2,0,212,57.1,1.235,149,51.0,1.176,129,48.8,1.18
780,-2,0,0.25,1.0,60,0,0,-1,-1,0,0,431,54.3,1.115,322,47.8,0.894,328,47.9,0.931
780,-2,0,0.25,1.0,60,0,0,-1,-1,0,1,218,57.8,1.298,158,53.8,1.166,163,50.9,1.015
780,-2,0,0.25,1.0,60,0,0,-1,-1,0,-1,212,50.9,0.979,163,41.7,0.718,163,44.2,0.854
780,-2,0,0.25,1.0,60,0,0,-1,-1,1,0,239,52.3,1.046,192,45.3,0.806,213,47.4,0.832
780,-2,0,0.25,1.0,60,0,1,0,0,0,0,800,54.6,1.055,549,51.5,1.02,546,51.8,1.026
780,-2,0,0.25,1.0,60,0,1,0,0,0,1,402,54.7,1.041,282,54.3,1.183,282,53.9,1.182
780,-2,0,0.25,1.0,60,0,1,0,0,0,-1,395,54.4,1.072,266,48.5,0.888,261,49.0,0.887
780,-2,0,0.25,1.0,60,0,1,0,0,1,0,485,55.3,1.092,314,51.3,1.028,340,53.5,1.113
780,-2,0,0.25,1.0,60,0,1,0,0,1,1,237,52.7,0.917,156,53.8,1.25,173,54.9,1.303
780,-2,0,0.25,1.0,60,0,1,0,0,1,-1,248,57.7,1.26,158,48.7,0.88,167,52.1,0.97
780,-2,0,0.25,1.0,60,0,1,0,0,2,0,315,53.7,1.003,235,51.9,1.009,206,49.0,0.889
780,-2,0,0.25,1.0,60,0,1,0,1,0,0,430,55.3,0.95,276,58.7,1.385,263,58.6,1.313
780,-2,0,0.25,1.0,60,0,1,0,1,0,1,216,51.9,0.781,153,56.9,1.329,142,56.3,1.297
780,-2,0,0.25,1.0,60,0,1,0,1,0,-1,213,58.7,1.101,123,61.0,1.455,119,60.5,1.32
780,-2,0,0.25,1.0,60,0,1,0,1,1,0,277,57.4,1.051,155,61.9,1.786,157,64.3,2.008
780,-2,0,0.25,1.0,60,0,1,0,-1,0,0,370,53.8,1.177,273,44.3,0.764,282,45.7,0.829
780,-2,0,0.25,1.0,60,0,1,0,-1,1,0,208,52.4,1.15,159,40.9,0.653,182,44.5,0.72
780,-2,0,0.25,1.0,60,0,1,1,0,0,0,421,54.6,0.954,273,55.3,1.128,267,55.4,1.186
780,-2,0,0.25,1.0,60,0,1,1,0,0,1,208,51.0,0.7,148,56.1,1.215,139,54.7,1.23
780,-2,0,0.25,1.0,60,0,1,1,0,0,-1,213,58.2,1.206,125,54.4,1.039,127,55.9,1.132
780,-2,0,0.25,1.0,60,0,1,1,0,1,0,268,57.8,1.076,158,57.6,1.388,168,60.1,1.743
780,-2,0,0.25,1.0,60,0,1,1,1,0,0,386,55.2,0.931,248,58.9,1.339,244,57.8,1.283
780,-2,0,0.25,1.0,60,0,1,1,1,1,0,248,58.5,1.067,143,61.5,1.716,151,63.6,1.996
780,-2,0,0.25,1.0,60,0,1,-1,0,0,0,377,54.4,1.17,276,47.8,0.93,278,48.2,0.899
780,-2,0,0.25,1.0,60,0,1,-1,0,1,0,217,52.1,1.115,156,44.9,0.779,172,47.1,0.755
780,-2,0,0.25,1.0,60,0,1,-1,-1,0,0,334,54.2,1.174,248,46.8,0.858,260,46.9,0.86
780,-2,0,0.25,1.0,60,1,0,0,0,0,0,497,56.7,1.149,330,55.5,1.127,293,56.3,1.2
780,-2,0,0.25,1.0,60,1,0,0,0,0,1,306,56.5,1.103,214,57.9,1.232,184,56.5,1.222
780,-2,0,0.25,1.0,60,1,0,0,0,1,0,291,57.4,1.124,186,54.8,1.178,171,59.1,1.421
780,-2,0,0.25,1.0,60,1,0,0,0,2,0,206,55.8,1.183,144,56.2,1.062,122,52.5,0.947
780,-2,0,0.25,1.0,60,1,0,0,1,0,0,259,56.8,1.031,168,60.7,1.507,137,62.8,1.562
780,-2,0,0.25,1.0,60,1,0,0,-1,0,0,238,56.7,1.267,162,50.0,0.858,155,51.0,0.964
780,-2,0,0.25,1.0,60,1,0,1,0,0,0,256,54.3,0.948,167,57.5,1.221,136,59.6,1.329
780,-2,0,0.25,1.0,60,1,0,1,1,0,0,233,55.4,0.942,151,60.9,1.49,125,62.4,1.476
780,-2,0,0.25,1.0,60,1,0,-1,0,0,0,241,59.3,1.368,163,53.4,1.045,157,53.5,1.102
780,-2,0,0.25,1.0,60,1,0,-1,-1,0,0,215,58.1,1.295,146,52.7,0.987,145,52.4,1.022
780,-2,0,0.25,1.0,60,1,1,0,0,0,0,414,58.2,1.243,273,55.7,1.158,250,56.8,1.204
780,-2,0,0.25,1.0,60,1,1,0,0,0,1,252,58.3,1.195,180,58.9,1.4,161,57.8,1.389
780,-2,0,0.25,1.0,60,1,1,0,0,1,0,249,58.6,1.175,153,54.9,1.11,146,58.9,1.283
780,-2,0,0.25,1.0,60,1,1,0,1,0,0,225,58.2,1.115,144,62.5,1.739,121,64.5,1.802
780,-2,0,0.25,1.0,60,1,1,1,0,0,0,224,56.7,1.066,143,59.4,1.397,120,61.7,1.547
780,-2,0,0.25,1.0,60,1,1,1,1,0,0,205,57.6,1.057,130,63.1,1.782,111,64.0,1.7
780,-2,0,0.25,1.0,60,-1,0,0,0,0,0,445,49.9,0.872,335,46.9,0.893,290,47.2,0.963
780,-2,0,0.25,1.0,60,-1,0,0,0,0,-1,281,50.2,0.872,214,46.7,0.821,181,47.5,0.879
780,-2,0,0.25,1.0,60,-1,0,0,0,1,0,256,50.8,0.933,194,48.5,0.924,174,50.6,1.134
780,-2,0,0.25,1.0,60,-1,0,0,1,0,0,227,48.9,0.774,153,54.2,1.137,130,53.8,1.164
780,-2,0,0.25,1.0,60,-1,0,0,-1,0,0,218,50.9,0.99,182,40.7,0.715,160,41.9,0.822
780,-2,0,0.25,1.0,60,-1,0,1,0,0,0,220,50.0,0.837,152,51.3,0.902,135,53.3,1.129
780,-2,0,0.25,1.0,60,-1,0,1,1,0,0,202,49.5,0.788,136,54.4,1.014,122,54.9,1.215
780,-2,0,0.25,1.0,60,-1,0,-1,0,0,0,225,49.8,0.912,183,43.2,0.885,155,41.9,0.833
780,-2,0,0.25,1.0,60,-1,0,-1,-1,0,0,200,50.5,0.945,166,42.2,0.775,147,42.2,0.85
780,-2,0,0.25,1.0,60,-1,1,0,0,0,0,354,50.6,0.885,261,47.1,0.885,232,46.6,0.95
780,-2,0,0.25,1.0,60,-1,1,0,0,0,-1,218,51.8,0.917,167,47.3,0.813,143,45.5,0.796
780,-2,0,0.25,1.0,60,-1,1,0,0,1,0,207,51.7,1.004,149,47.7,0.926,138,50.0,1.185
780,-2,1,0.25,0.6,60,0,0,0,0,0,0,982,48.7,0.862,684,51.3,0.929,660,50.6,0.912
780,-2,1,0.25,0.6,60,0,0,0,0,0,1,492,49.0,0.868,338,53.6,1.032,325,52.6,0.968
780,-2,1,0.25,0.6,60,0,0,0,0,0,-1,486,48.4,0.851,344,49.1,0.826,328,48.8,0.843
780,-2,1,0.25,0.6,60,0,0,0,0,1,0,583,47.2,0.826,395,50.9,0.861,410,48.8,0.788
780,-2,1,0.25,0.6,60,0,0,0,0,1,1,303,46.5,0.804,202,51.5,0.925,209,48.8,0.806
780,-2,1,0.25,0.6,60,0,0,0,0,1,-1,280,47.9,0.855,193,50.3,0.792,201,48.8,0.768
780,-2,1,0.25,0.6,60,0,0,0,0,2,0,399,50.9,0.912,289,51.9,1.034,250,53.6,1.164
780,-2,1,0.25,0.6,60,0,0,0,0,2,-1,206,49.0,0.846,151,47.7,0.871,127,48.8,0.973
780,-2,1,0.25,0.6,60,0,0,0,1,0,0,475,50.3,0.839,356,57.0,1.158,355,55.5,1.071
780,-2,1,0.25,0.6,60,0,0,0,1,0,1,237,53.6,0.945,181,62.4,1.383,179,59.8,1.116
780,-2,1,0.25,0.6,60,0,0,0,1,0,-1,236,47.0,0.732,174,51.7,0.955,174,51.7,1.043
780,-2,1,0.25,0.6,60,0,0,0,1,1,0,265,51.3,0.923,210,59.0,1.195,232,56.5,1.101
780,-2,1,0.25,0.6,60,0,0,0,1,2,0,210,49.0,0.755,146,54.1,1.102,123,53.7,1.015
780,-2,1,0.25,0.6,60,0,0,0,-1,0,0,507,47.1,0.886,328,45.1,0.73,304,44.7,0.75
780,-2,1,0.25,0.6,60,0,0,0,-1,0,1,255,44.7,0.799,157,43.3,0.735,145,43.4,0.792
780,-2,1,0.25,0.6,60,0,0,0,-1,0,-1,250,49.6,1.01,170,46.5,0.712,154,45.5,0.669
780,-2,1,0.25,0.6,60,0,0,0,-1,1,0,318,43.7,0.751,185,41.6,0.571,177,38.4,0.488
780,-2,1,0.25,0.6,60,0,0,1,0,0,0,486,48.6,0.805,357,53.8,0.977,351,53.3,1.012
780,-2,1,0.25,0.6,60,0,0,1,0,0,1,242,52.1,0.988,181,57.5,1.06,174,58.0,1.064
780,-2,1,0.25,0.6,60,0,0,1,0,0,-1,243,44.9,0.645,175,50.3,0.893,175,49.1,0.976
780,-2,1,0.25,0.6,60,0,0,1,0,1,0,274,49.3,0.898,208,54.8,1.013,222,53.6,1.042
780,-2,1,0.25,0.6,60,0,0,1,0,2,0,212,47.6,0.71,149,52.3,0.928,129,52.7,0.962
780,-2,1,0.25,0.6,60,0,0,1,1,0,0,431,49.7,0.83,322,54.7,1.064,328,54.3,1.043
780,-2,1,0.25,0.6,60,0,0,1,1,0,1,212,53.3,0.986,163,60.1,1.243,163,58.9,1.076
780,-2,1,0.25,0.6,60,0,0,1,1,0,-1,218,45.9,0.686,158,49.4,0.893,163,50.3,1.03
780,-2,1,0.25,0.6,60,0,0,1,1,1,0,239,50.6,0.921,192,56.8,1.113,213,54.9,1.08
780,-2,1,0.25,0.6,60,0,0,-1,0,0,0,494,49.0,0.929,326,48.5,0.868,306,47.4,0.79
780,-2,1,0.25,0.6,60,0,0,-1,0,0,1,250,46.0,0.771,157,49.0,0.997,151,46.4,0.856
780,-2,1,0.25,0.6,60,0,0,-1,0,0,-1,243,51.9,1.176,169,47.9,0.759,153,48.4,0.716
780,-2,1,0.25,0.6,60,0,0,-1,0,1,0,309,45.3,0.768,187,46.5,0.709,188,43.1,0.554
780,-2,1,0.25,0.6,60,0,0,-1,-1,0,0,451,48.1,0.928,292,44.9,0.763,278,45.0,0.743
780,-2,1,0.25,0.6,60,0,0,-1,-1,0,1,225,44.9,0.783,139,44.6,0.848,134,43.3,0.786
780,-2,1,0.25,0.6,60,0,0,-1,-1,0,-1,225,51.1,1.147,153,45.1,0.69,142,46.5,0.689
780,-2,1,0.25,0.6,60,0,0,-1,-1,1,0,283,44.2,0.754,169,42.6,0.612,168,39.3,0.495
780,-2,1,0.25,0.6,60,0,-1,0,0,0,0,800,47.9,0.834,549,50.8,0.875,546,50.2,0.878
780,-2,1,0.25,0.6,60,0,-1,0,0,0,1,395,47.6,0.827,266,54.5,1.033,261,54.4,1.044
780,-2,1,0.25,0.6,60,0,-1,0,0,0,-1,402,48.3,0.841,282,47.5,0.737,282,46.8,0.745
780,-2,1,0.25,0.6,60,0,-1,0,0,1,0,485,46.4,0.803,314,51.3,0.844,340,49.1,0.791
780,-2,1,0.25,0.6,60,0,-1,0,0,1,1,248,44.8,0.747,158,54.4,0.991,167,51.5,0.906
780,-2,1,0.25,0.6,60,0,-1,0,0,1,-1,237,48.1,0.879,156,48.1,0.699,173,46.8,0.684
780,-2,1,0.25,0.6,60,0,-1,0,0,2,0,315,50.2,0.881,235,50.2,0.92,206,51.9,1.049
780,-2,1,0.25,0.6,60,0,-1,0,1,0,0,370,50.8,0.834,273,58.6,1.171,282,56.7,1.111
780,-2,1,0.25,0.6,60,0,-1,0,1,1,0,208,51.0,0.892,159,61.0,1.277,182,58.2,1.188
780,-2,1,0.25,0.6,60,0,-1,0,-1,0,0,430,45.3,0.833,276,43.1,0.648,263,43.0,0.669
780,-2,1,0.25,0.6,60,0,-1,0,-1,0,1,213,41.3,0.71,123,42.3,0.7,119,42.9,0.764
780,-2,1,0.25,0.6,60,0,-1,0,-1,0,-1,216,49.5,1.031,153,43.8,0.605,142,43.7,0.6
780,-2,1,0.25,0.6,60,0,-1,0,-1,1,0,277,43.0,0.738,155,41.3,0.523,157,38.2,0.468
780,-2,1,0.25,0.6,60,0,-1,1,0,0,0,377,49.1,0.81,276,55.4,1.003,278,54.3,1.053
780,-2,1,0.25,0.6,60,0,-1,1,0,1,0,217,49.8,0.881,156,57.1,1.096,172,55.8,1.151
780,-2,1,0.25,0.6,60,0,-1,1,1,0,0,334,50.3,0.834,248,56.5,1.08,260,55.8,1.099
780,-2,1,0.25,0.6,60,0,-1,-1,0,0,0,421,47.0,0.862,273,46.2,0.753,267,46.1,0.716
780,-2,1,0.25,0.6,60,0,-1,-1,0,0,1,213,42.3,0.679,125,48.0,0.912,127,46.5,0.833
780,-2,1,0.25,0.6,60,0,-1,-1,0,0,-1,208,51.9,1.186,148,44.6,0.63,139,46.0,0.625
780,-2,1,0.25,0.6,60,0,-1,-1,0,1,0,268,43.7,0.745,158,45.6,0.637,168,42.3,0.519
780,-2,1,0.25,0.6,60,0,-1,-1,-1,0,0,386,46.1,0.864,248,42.7,0.661,244,43.9,0.68
780,-2,1,0.25,0.6,60,0,-1,-1,-1,1,0,248,42.7,0.735,143,42.0,0.548,151,39.1,0.473
780,-2,1,0.25,0.6,60,1,0,0,0,0,0,445,51.2,0.956,335,54.6,1.064,290,53.4,0.985
780,-2,1,0.25,0.6,60,1,0,0,0,0,1,281,51.6,0.989,214,55.6,1.226,181,54.7,1.202
780,-2,1,0.25,0.6,60,1,0,0,0,1,0,256,49.6,0.892,194,52.1,0.929,174,48.3,0.729
780,-2,1,0.25,0.6,60,1,0,0,1,0,0,218,52.3,0.918,182,61.0,1.346,160,59.4,1.231
780,-2,1,0.25,0.6,60,1,0,0,-1,0,0,227,50.2,0.994,153,47.1,0.817,130,46.2,0.752
780,-2,1,0.25,0.6,60,1,0,1,0,0,0,225,52.0,0.969,183,58.5,1.151,155,60.0,1.288
780,-2,1,0.25,0.6,60,1,0,1,1,0,0,200,52.5,0.959,166,59.0,1.258,147,59.2,1.237
780,-2,1,0.25,0.6,60,1,0,-1,0,0,0,220,50.5,0.945,152,50.0,0.967,135,45.9,0.726
780,-2,1,0.25,0.6,60,1,0,-1,-1,0,0,202,50.5,0.986,136,46.3,0.865,122,44.3,0.694
780,-2,1,0.25,0.6,60,1,-1,0,0,0,0,354,50.8,0.948,261,54.4,1.016,232,54.7,0.972
780,-2,1,0.25,0.6,60,1,-1,0,0,0,1,218,50.0,0.943,167,55.7,1.181,143,57.3,1.271
780,-2,1,0.25,0.6,60,1,-1,0,0,1,0,207,49.3,0.868,149,53.0,0.907,138,50.0,0.716
780,-2,1,0.25,0.6,60,-1,0,0,0,0,0,497,47.1,0.793,330,48.2,0.829,293,47.1,0.792
780,-2,1,0.25,0.6,60,-1,0,0,0,0,-1,306,47.4,0.824,214,46.3,0.785,184,45.7,0.809
780,-2,1,0.25,0.6,60,-1,0,0,0,1,0,291,46.0,0.793,186,50.0,0.841,171,47.4,0.752
780,-2,1,0.25,0.6,60,-1,0,0,0,2,0,206,48.5,0.792,144,45.8,0.814,122,46.7,0.854
780,-2,1,0.25,0.6,60,-1,0,0,1,0,0,238,48.7,0.768,162,53.7,1.054,155,51.6,0.95
780,-2,1,0.25,0.6,60,-1,0,0,-1,0,0,259,45.6,0.822,168,42.9,0.646,137,41.6,0.631
780,-2,1,0.25,0.6,60,-1,0,1,0,0,0,241,45.6,0.69,163,50.3,0.885,157,48.4,0.839
780,-2,1,0.25,0.6,60,-1,0,1,1,0,0,215,47.4,0.738,146,51.4,0.948,145,50.3,0.916
780,-2,1,0.25,0.6,60,-1,0,-1,0,0,0,256,48.4,0.928,167,46.1,0.774,136,45.6,0.737
780,-2,1,0.25,0.6,60,-1,0,-1,-1,0,0,233,47.2,0.905,151,43.0,0.666,125,43.2,0.684
780,-2,1,0.25,0.6,60,-1,-1,0,0,0,0,414,45.9,0.749,273,47.6,0.773,250,46.0,0.761
780,-2,1,0.25,0.6,60,-1,-1,0,0,0,-1,252,46.4,0.782,180,44.4,0.67,161,43.5,0.689
780,-2,1,0.25,0.6,60,-1,-1,0,0,1,0,249,44.6,0.762,153,49.7,0.821,146,47.3,0.781
780,-2,1,0.25,0.6,60,-1,-1,0,-1,0,0,225,43.6,0.742,144,40.3,0.554,121,38.8,0.56
780,-2,1,0.25,0.6,60,-1,-1,-1,0,0,0,224,46.0,0.813,143,43.4,0.662,120,42.5,0.645
780,-2,1,0.25,0.6,60,-1,-1,-1,-1,0,0,205,44.4,0.783,130,40.0,0.55,111,40.5,0.61
780,-1,0,0.25,0.3,60,0,0,0,0,0,0,982,64.7,0.844,684,65.5,0.942,661,66.7,0.992
780,-1,0,0.25,0.3,60,0,0,0,0,0,1,484,62.0,0.772,342,67.8,1.082,322,68.9,1.138
780,-1,0,0.25,0.3,60,0,0,0,0,0,-1,494,67.4,0.919,340,62.9,0.824,332,64.5,0.876
780,-1,0,0.25,0.3,60,0,0,0,0,1,0,583,64.3,0.837,395,67.1,0.999,411,69.1,1.105
780,-1,0,0.25,0.3,60,0,0,0,0,1,1,279,59.9,0.744,194,69.6,1.242,205,71.2,1.391
780,-1,0,0.25,0.3,60,0,0,0,0,1,-1,304,68.4,0.925,201,64.7,0.836,206,67.0,0.914
780,-1,0,0.25,0.3,60,0,0,0,0,2,0,399,65.2,0.852,289,63.3,0.871,250,62.8,0.841
780,-1,0,0.25,0.3,60,0,0,0,0,2,1,205,64.9,0.809,148,65.5,0.919,117,65.0,0.844
780,-1,0,0.25,0.3,60,0,0,0,1,0,0,716,63.8,0.824,485,68.9,1.13,467,69.8,1.156
780,-1,0,0.25,0.3,60,0,0,0,1,0,1,353,59.8,0.696,247,67.6,1.034,231,68.8,1.113
780,-1,0,0.25,0.3,60,0,0,0,1,0,-1,360,67.8,0.957,236,69.9,1.221,229,70.7,1.192
780,-1,0,0.25,0.3,60,0,0,0,1,1,0,429,63.9,0.807,280,71.4,1.365,282,72.7,1.537
780,-1,0,0.25,0.3,60,0,0,0,1,1,1,207,58.0,0.663,142,68.3,1.158,148,70.3,1.433
780,-1,0,0.25,0.3,60,0,0,0,1,1,-1,222,69.4,0.961,138,74.6,1.616,134,75.4,1.655
780,-1,0,0.25,0.3,60,0,0,0,1,2,0,287,63.8,0.849,205,65.4,0.907,185,65.4,0.808
780,-1,0,0.25,0.3,60,0,0,0,-1,0,0,266,66.9,0.898,199,57.3,0.628,193,59.6,0.717
780,-1,0,0.25,0.3,60,0,0,1,0,0,0,686,63.3,0.794,475,66.3,0.996,463,67.8,1.088
780,-1,0,0.25,0.3,60,0,0,1,0,0,1,338,59.2,0.676,242,65.7,0.957,227,67.0,1.059
780,-1,0,0.25,0.3,60,0,0,1,0,0,-1,347,67.1,0.918,232,66.8,1.03,232,68.5,1.107
780,-1,0,0.25,0.3,60,0,0,1,0,1,0,408,64.0,0.807,276,68.1,1.166,289,69.9,1.37
780,-1,0,0.25,0.3,60,0,0,1,0,1,-1,215,68.8,0.95,136,69.9,1.287,140,70.7,1.317
780,-1,0,0.25,0.3,60,0,0,1,0,2,0,278,62.2,0.776,199,63.8,0.811,174,64.4,0.782
780,-1,0,0.25,0.3,60,0,0,1,1,0,0,651,63.6,0.794,445,67.9,1.064,438,69.2,1.14
780,-1,0,0.25,0.3,60,0,0,1,1,0,1,323,59.8,0.682,227,67.4,1.029,218,67.9,1.074
780,-1,0,0.25,0.3,60,0,0,1,1,0,-1,327,67.3,0.91,217,68.2,1.092,216,70.4,1.197
780,-1,0,0.25,0.3,60,0,0,1,1,1,0,388,63.9,0.789,261,70.1,1.281,271,72.0,1.508
780,-1,0,0.25,0.3,60,0,0,1,1,1,-1,201,68.7,0.922,128,72.7,1.485,128,74.2,1.583
780,-1,0,0.25,0.3,60,0,0,1,1,2,0,263,63.1,0.801,184,64.7,0.836,167,64.7,0.781
780,-1,0,0.25,0.3,60,0,0,-1,0,0,0,294,68.0,0.973,208,63.5,0.835,195,64.1,0.812
780,-1,0,0.25,0.3,60,0,0,-1,-1,0,0,231,68.4,0.916,169,59.8,0.678,169,61.5,0.75
780,-1,0,0.25,0.3,60,0,1,0,0,0,0,717,65.8,0.911,510,66.1,0.952,491,67.0,0.968
780,-1,0,0.25,0.3,60,0,1,0,0,0,1,360,62.5,0.854,262,68.3,1.162,251,67.3,1.085
780,-1,0,0.25,0.3,60,0,1,0,0,0,-1,355,69.3,0.974,248,63.7,0.789,237,66.2,0.854
780,-1,0,0.25,0.3,60,0,1,0,0,1,0,444,64.9,0.895,303,66.3,0.95,319,67.7,1.008
780,-1,0,0.25,0.3,60,0,1,0,0,1,1,216,60.2,0.787,151,69.5,1.264,164,68.3,1.232
780,-1,0,0.25,0.3,60,0,1,0,0,1,-1,228,69.3,0.998,152,63.2,0.751,155,67.1,0.841
780,-1,0,0.25,0.3,60,0,1,0,0,2,0,273,67.4,0.937,207,65.7,0.955,172,65.7,0.9
780,-1,0,0.25,0.3,60,0,1,0,1,0,0,493,65.1,0.873,335,70.7,1.26,317,71.9,1.303
780,-1,0,0.25,0.3,60,0,1,0,1,0,1,250,59.6,0.715,181,67.4,1.099,169,66.9,1.081
780,-1,0,0.25,0.3,60,0,1,0,1,0,-1,242,70.7,1.039,154,74.7,1.487,145,77.2,1.59
780,-1,0,0.25,0.3,60,0,1,0,1,1,0,312,65.1,0.861,197,72.1,1.488,199,72.9,1.606
780,-1,0,0.25,0.3,60,0,1,0,-1,0,0,224,67.4,0.999,175,57.1,0.608,173,58.4,0.615
780,-1,0,0.25,0.3,60,0,1,1,0,0,0,476,64.3,0.832,328,68.0,1.127,318,69.2,1.2
780,-1,0,0.25,0.3,60,0,1,1,0,0,1,237,59.1,0.685,176,65.9,1.032,166,64.5,1.018
780,-1,0,0.25,0.3,60,0,1,1,0,0,-1,239,69.5,0.99,152,70.4,1.249,150,74.0,1.418
780,-1,0,0.25,0.3,60,0,1,1,0,1,0,297,66.0,0.895,197,68.5,1.225,208,69.7,1.4
780,-1,0,0.25,0.3,60,0,1,1,1,0,0,445,64.9,0.841,306,70.3,1.267,296,71.3,1.301
780,-1,0,0.25,0.3,60,0,1,1,1,0,1,225,60.0,0.702,165,67.9,1.153,158,65.8,1.044
780,-1,0,0.25,0.3,60,0,1,1,1,0,-1,220,70.0,0.991,141,73.0,1.412,136,77.2,1.666
780,-1,0,0.25,0.3,60,0,1,1,1,1,0,280,66.1,0.878,184,71.2,1.425,192,72.4,1.602
780,-1,0,0.25,0.3,60,0,1,-1,0,0,0,240,68.8,1.094,182,62.6,0.733,172,62.8,0.685
780,-1,0,0.25,0.3,60,0,-1,0,0,0,0,265,61.5,0.698,174,63.8,0.916,170,65.9,1.058
780,-1,0,0.25,0.3,60,0,-1,0,1,0,0,223,61.0,0.734,150,64.7,0.929,150,65.3,0.934
780,-1,0,0.25,0.3,60,0,-1,1,0,0,0,210,61.0,0.719,147,62.6,0.787,145,64.8,0.908
780,-1,0,0.25,0.3,60,0,-1,1,1,0,0,206,60.7,0.707,139,62.6,0.778,142,64.8,0.907
780,-1,0,0.25,0.3,60,1,0,0,0,0,0,495,66.9,0.947,337,66.8,1.003,290,69.0,1.097
780,-1,0,0.25,0.3,60,1,0,0,0,0,1,303,64.0,0.858,217,68.7,1.132,176,69.9,1.221
780,-1,0,0.25,0.3,60,1,0,0,0,1,0,288,67.7,1.009,196,66.8,1.015,178,70.8,1.2
780,-1,0,0.25,0.3,60,1,0,0,0,2,0,207,65.7,0.869,141,66.7,0.987,112,66.1,0.96
780,-1,0,0.25,0.3,60,1,0,0,1,0,0,358,66.5,0.932,247,72.1,1.395,208,74.0,1.471
780,-1,0,0.25,0.3,60,1,0,0,1,0,1,216,63.0,0.802,160,70.0,1.185,127,71.7,1.182
780,-1,0,0.25,0.3,60,1,0,0,1,1,0,211,68.7,1.035,148,74.3,1.801,129,78.3,2.329
780,-1,0,0.25,0.3,60,1,0,1,0,0,0,347,65.1,0.885,242,69.8,1.274,205,71.7,1.347
780,-1,0,0.25,0.3,60,1,0,1,0,0,1,211,61.1,0.757,157,68.2,1.103,123,69.9,1.129
780,-1,0,0.25,0.3,60,1,0,1,0,1,0,201,68.2,1.012,145,71.7,1.566,130,76.2,2.119
780,-1,0,0.25,0.3,60,1,0,1,1,0,0,327,65.4,0.881,229,71.6,1.416,196,73.5,1.446
780,-1,0,0.25,0.3,60,1,1,0,0,0,0,371,67.7,1.062,258,66.3,1.024,223,67.7,1.028
780,-1,0,0.25,0.3,60,1,1,0,0,0,1,224,65.2,1.005,164,69.5,1.314,137,69.3,1.282
780,-1,0,0.25,0.3,60,1,1,0,0,1,0,226,68.1,1.057,153,64.7,0.941,140,67.1,0.999
780,-1,0,0.25,0.3,60,1,1,0,1,0,0,257,67.7,1.046,177,72.9,1.633,148,74.3,1.639
780,-1,0,0.25,0.3,60,1,1,1,0,0,0,249,66.3,0.973,174,70.7,1.489,147,71.4,1.451
780,-1,0,0.25,0.3,60,1,1,1,1,0,0,233,67.0,0.987,163,73.0,1.766,138,73.9,1.633
780,-1,0,0.25,0.3,60,-1,0,0,0,0,0,447,62.4,0.753,328,64.6,0.897,294,64.6,0.94
780,-1,0,0.25,0.3,60,-1,0,0,0,0,-1,284,64.8,0.82,211,62.1,0.784,189,61.4,0.792
780,-1,0,0.25,0.3,60,-1,0,0,0,1,0,259,60.6,0.691,184,68.5,1.024,168,68.5,1.135
780,-1,0,0.25,0.3,60,-1,0,0,1,0,0,328,61.0,0.722,225,66.2,0.951,204,65.7,0.953
780,-1,0,0.25,0.3,60,-1,0,0,1,0,-1,204,65.2,0.846,144,66.0,0.954,133,65.4,0.855
780,-1,0,0.25,0.3,60,-1,0,1,0,0,0,313,61.3,0.713,220,63.6,0.805,207,64.7,0.935
780,-1,0,0.25,0.3,60,-1,0,1,1,0,0,300,61.3,0.706,205,64.9,0.84,194,65.5,0.964
780,-1,0,0.25,0.3,60,-1,1,0,0,0,0,313,63.9,0.789,239,66.5,0.9,208,66.3,0.977
780,-1,0,0.25,0.3,60,-1,1,0,1,0,0,212,61.8,0.719,151,69.5,1.013,130,70.0,1.171
780,-1,0,0.25,0.3,60,-1,1,1,0,0,0,206,62.1,0.716,146,66.4,0.887,134,67.9,1.121
780,-1,1,0.15,1.0,60,0,0,0,0,0,0,982,48.1,0.944,684,47.8,0.928,661,46.1,0.904
780,-1,1,0.15,1.0,60,0,0,0,0,0,1,494,48.2,0.942,340,50.9,1.084,332,47.9,0.987
780,-1,1,0.15,1.0,60,0,0,0,0,0,-1,484,47.7,0.941,342,44.4,0.78,322,43.8,0.786
780,-1,1,0.15,1.0,60,0,0,0,0,1,0,583,46.5,0.876,395,44.6,0.795,411,43.3,0.766
780,-1,1,0.15,1.0,60,0,0,0,0,1,1,304,46.1,0.866,201,46.8,0.92,206,44.2,0.856
780,-1,1,0.15,1.0,60,0,0,0,0,1,-1,279,47.0,0.887,194,42.3,0.669,205,42.4,0.675
780,-1,1,0.15,1.0,60,0,0,0,0,2,0,399,50.4,1.045,289,52.2,1.154,250,50.8,1.185
780,-1,1,0.15,1.0,60,0,0,0,0,2,-1,205,48.8,1.01,148,47.3,0.943,117,46.2,1.019
780,-1,1,0.15,1.0,60,0,0,0,1,0,0,266,50.0,0.986,199,56.3,1.379,193,51.8,1.183
780,-1,1,0.15,1.0,60,0,0,0,-1,0,0,716,47.3,0.928,485,44.3,0.794,467,43.7,0.808
780,-1,1,0.15,1.0,60,0,0,0,-1,0,1,360,45.3,0.842,236,44.5,0.82,229,42.8,0.825
780,-1,1,0.15,1.0,60,0,0,0,-1,0,-1,353,49.3,1.035,247,43.7,0.758,231,43.7,0.748
780,-1,1,0.15,1.0,60,0,0,0,-1,1,0,429,44.8,0.813,280,41.1,0.673,282,40.4,0.653
780,-1,1,0.15,1.0,60,0,0,0,-1,1,1,222,42.8,0.745,138,38.4,0.625,134,37.3,0.64
780,-1,1,0.15,1.0,60,0,0,0,-1,1,-1,207,46.9,0.902,142,43.7,0.726,148,43.2,0.665
780,-1,1,0.15,1.0,60,0,0,0,-1,2,0,287,51.2,1.121,205,48.8,0.993,185,48.6,1.104
780,-1,1,0.15,1.0,60,0,0,1,0,0,0,294,46.6,0.854,208,49.5,1.043,195,47.7,1.088
780,-1,1,0.15,1.0,60,0,0,1,1,0,0,231,48.9,0.961,169,53.3,1.3,169,50.3,1.19
780,-1,1,0.15,1.0,60,0,0,-1,0,0,0,686,48.7,0.987,475,46.9,0.876,463,45.4,0.825
780,-1,1,0.15,1.0,60,0,0,-1,0,0,1,347,45.8,0.864,232,48.3,0.933,232,44.4,0.853
780,-1,1,0.15,1.0,60,0,0,-1,0,0,-1,338,51.5,1.139,242,45.5,0.821,227,45.8,0.776
780,-1,1,0.15,1.0,60,0,0,-1,0,1,0,408,45.8,0.842,276,44.9,0.773,289,43.6,0.702
780,-1,1,0.15,1.0,60,0,0,-1,0,1,1,215,43.7,0.766,136,44.1,0.744,140,42.1,0.736
780,-1,1,0.15,1.0,60,0,0,-1,0,2,0,278,52.9,1.23,199,49.7,1.045,174,48.3,1.073
780,-1,1,0.15,1.0,60,0,0,-1,-1,0,0,651,48.2,0.978,445,45.2,0.834,438,44.3,0.811
780,-1,1,0.15,1.0,60,0,0,-1,-1,0,1,327,45.6,0.865,217,46.5,0.894,216,43.1,0.83
780,-1,1,0.15,1.0,60,0,0,-1,-1,0,-1,323,50.8,1.114,227,43.6,0.776,218,45.0,0.771
780,-1,1,0.15,1.0,60,0,0,-1,-1,1,0,388,45.4,0.832,261,42.9,0.735,271,41.7,0.67
780,-1,1,0.15,1.0,60,0,0,-1,-1,1,1,201,43.3,0.755,128,41.4,0.694,128,39.1,0.675
780,-1,1,0.15,1.0,60,0,0,-1,-1,2,0,263,52.5,1.227,184,48.4,1.001,167,48.5,1.096
780,-1,1,0.15,1.0,60,0,1,0,0,0,0,265,51.7,1.019,174,48.9,0.998,170,45.9,0.929
780,-1,1,0.15,1.0,60,0,1,0,-1,0,0,223,52.9,1.001,150,48.7,0.98,150,46.7,0.939
780,-1,1,0.15,1.0,60,0,1,-1,0,0,0,210,53.3,1.016,147,51.7,1.117,145,46.9,0.926
780,-1,1,0.15,1.0,60,0,1,-1,-1,0,0,206,53.4,1.023,139,50.4,1.074,142,46.5,0.91
780,-1,1,0.15,1.0,60,0,-1,0,0,0,0,717,46.7,0.916,510,47.5,0.903,491,46.2,0.895
780,-1,1,0.15,1.0,60,0,-1,0,0,0,1,355,45.6,0.916,248,51.6,1.158,237,48.5,1.062
780,-1,1,0.15,1.0,60,0,-1,0,0,0,-1,360,47.8,0.914,262,43.5,0.695,251,44.2,0.745
780,-1,1,0.15,1.0,60,0,-1,0,0,1,0,444,45.3,0.867,303,46.2,0.825,319,44.8,0.812
780,-1,1,0.15,1.0,60,0,-1,0,0,1,1,228,43.9,0.843,152,50.0,1.033,155,45.8,0.965
780,-1,1,0.15,1.0,60,0,-1,0,0,1,-1,216,46.8,0.897,151,42.4,0.629,164,43.9,0.675
780,-1,1,0.15,1.0,60,0,-1,0,0,2,0,273,49.1,0.998,207,49.3,1.037,172,48.8,1.075
780,-1,1,0.15,1.0,60,0,-1,0,1,0,0,224,50.9,0.963,175,57.1,1.429,173,53.2,1.226
780,-1,1,0.15,1.0,60,0,-1,0,-1,0,0,493,44.8,0.894,335,42.4,0.715,317,42.3,0.747
780,-1,1,0.15,1.0,60,0,-1,0,-1,0,1,242,40.5,0.784,154,42.9,0.798,145,40.0,0.792
780,-1,1,0.15,1.0,60,0,-1,0,-1,0,-1,250,49.2,1.051,181,42.0,0.647,169,44.4,0.705
780,-1,1,0.15,1.0,60,0,-1,0,-1,1,0,312,41.7,0.773,197,41.6,0.65,199,41.2,0.665
780,-1,1,0.15,1.0,60,0,-1,1,0,0,0,240,47.1,0.818,182,52.2,1.177,172,49.4,1.147
780,-1,1,0.15,1.0,60,0,-1,-1,0,0,0,476,46.6,0.973,328,44.8,0.776,318,44.7,0.779
780,-1,1,0.15,1.0,60,0,-1,-1,0,0,1,239,41.4,0.816,152,47.4,0.913,150,42.7,0.836
780,-1,1,0.15,1.0,60,0,-1,-1,0,0,-1,237,51.9,1.203,176,42.6,0.667,166,46.4,0.723
780,-1,1,0.15,1.0,60,0,-1,-1,0,1,0,297,42.1,0.788,197,45.2,0.736,208,44.2,0.71
780,-1,1,0.15,1.0,60,0,-1,-1,-1,0,0,445,45.8,0.956,306,42.8,0.733,296,43.2,0.764
780,-1,1,0.15,1.0,60,0,-1,-1,-1,0,1,220,40.9,0.822,141,45.4,0.884,136,40.4,0.807
780,-1,1,0.15,1.0,60,0,-1,-1,-1,0,-1,225,50.7,1.143,165,40.6,0.614,158,45.6,0.72
780,-1,1,0.15,1.0,60,0,-1,-1,-1,1,0,280,41.4,0.775,184,42.9,0.692,192,42.2,0.676
780,-1,1,0.15,1.0,60,1,0,0,0,0,0,447,50.3,1.032,328,49.4,0.984,294,47.6,0.902
780,-1,1,0.15,1.0,60,1,0,0,0,0,1,284,50.7,1.071,211,53.6,1.261,189,51.9,1.146
780,-1,1,0.15,1.0,60,1,0,0,0,1,0,259,49.0,0.972,184,42.9,0.736,168,41.7,0.646
780,-1,1,0.15,1.0,60,1,0,0,-1,0,0,328,49.1,0.988,225,46.7,0.873,204,46.6,0.841
780,-1,1,0.15,1.0,60,1,0,0,-1,0,1,204,48.0,0.993,144,48.6,1.006,133,48.1,0.997
780,-1,1,0.15,1.0,60,1,0,-1,0,0,0,313,49.5,1.011,220,49.5,0.994,207,46.4,0.818
780,-1,1,0.15,1.0,60,1,0,-1,-1,0,0,300,49.7,1.025,205,47.8,0.951,194,45.9,0.816
780,-1,1,0.15,1.0,60,1,-1,0,0,0,0,313,49.2,1.042,239,49.0,0.993,208,47.6,0.868
780,-1,1,0.15,1.0,60,1,-1,0,-1,0,0,212,47.2,1.026,151,45.0,0.843,130,44.6,0.75
780,-1,1,0.15,1.0,60,1,-1,-1,0,0,0,206,48.1,1.06,146,47.3,0.908,134,44.8,0.726
780,-1,1,0.15,1.0,60,-1,0,0,0,0,0,495,46.3,0.874,337,45.7,0.868,290,44.1,0.854
780,-1,1,0.15,1.0,60,-1,0,0,0,0,-1,303,46.9,0.928,217,44.7,0.828,176,45.5,0.877
780,-1,1,0.15,1.0,60,-1,0,0,0,1,0,288,44.8,0.805,196,45.4,0.857,178,44.4,0.849
780,-1,1,0.15,1.0,60,-1,0,0,0,2,0,207,48.3,0.972,141,46.1,0.884,112,43.8,0.864
780,-1,1,0.15,1.0,60,-1,0,0,-1,0,0,358,46.4,0.899,247,41.3,0.704,208,39.4,0.688
780,-1,1,0.15,1.0,60,-1,0,0,-1,0,-1,216,49.1,1.098,160,42.5,0.75,127,43.3,0.781
780,-1,1,0.15,1.0,60,-1,0,0,-1,1,0,211,43.1,0.74,148,40.5,0.678,129,38.0,0.642
780,-1,1,0.15,1.0,60,-1,0,-1,0,0,0,347,48.4,0.975,242,43.4,0.757,205,42.0,0.744
780,-1,1,0.15,1.0,60,-1,0,-1,0,0,-1,211,51.7,1.227,157,43.9,0.797,123,45.5,0.832
780,-1,1,0.15,1.0,60,-1,0,-1,0,1,0,201,44.3,0.757,145,42.8,0.731,130,40.0,0.675
780,-1,1,0.15,1.0,60,-1,0,-1,-1,0,0,327,47.7,0.957,229,41.9,0.717,196,40.8,0.723
780,-1,1,0.15,1.0,60,-1,-1,0,0,0,0,371,45.0,0.824,258,45.7,0.817,223,44.8,0.869
780,-1,1,0.15,1.0,60,-1,-1,0,0,0,-1,224,46.0,0.845,164,42.7,0.689,137,44.5,0.772
780,-1,1,0.15,1.0,60,-1,-1,0,0,1,0,226,42.5,0.775,153,47.7,0.893,140,47.1,0.965
780,-1,1,0.15,1.0,60,-1,-1,0,-1,0,0,257,44.0,0.825,177,39.5,0.596,148,38.5,0.634
780,-1,1,0.15,1.0,60,-1,-1,-1,0,0,0,249,46.2,0.918,174,41.4,0.641,147,41.5,0.701
780,-1,1,0.15,1.0,60,-1,-1,-1,-1,0,0,233,45.1,0.882,163,39.3,0.582,138,39.9,0.67
780,30,0,0.15,0.6,60,0,0,0,0,0,0,981,59.3,0.994,684,58.9,1.015,658,58.2,1.013
780,30,0,0.15,0.6,60,0,0,0,0,0,1,483,57.3,0.972,345,60.6,1.11,332,59.6,1.089
780,30,0,0.15,0.6,60,0,0,0,0,0,-1,494,61.1,1.01,337,57.0,0.923,319,56.7,0.94
780,30,0,0.15,0.6,60,0,0,0,0,1,0,582,58.4,0.969,395,58.2,0.952,409,57.2,0.935
780,30,0,0.15,0.6,60,0,0,0,0,1,1,287,53.7,0.868,197,59.4,1.016,208,58.2,1.003
780,30,0,0.15,0.6,60,0,0,0,0,1,-1,295,63.1,1.075,198,57.1,0.893,201,56.2,0.869
780,30,0,0.15,0.6,60,0,0,0,0,2,0,399,60.7,1.03,289,59.9,1.112,249,59.8,1.157
780,30,0,0.15,0.6,60,0,0,0,1,0,0,532,59.2,0.992,354,64.4,1.312,338,63.0,1.256
780,30,0,0.15,0.6,60,0,0,0,1,0,1,262,54.6,0.851,184,60.9,1.106,175,58.9,1.005
780,30,0,0.15,0.6,60,0,0,0,1,0,-1,269,63.6,1.131,170,68.2,1.575,162,67.9,1.667
780,30,0,0.15,0.6,60,0,0,0,1,1,0,322,61.2,1.072,195,65.6,1.361,202,63.4,1.314
780,30,0,0.15,0.6,60,0,0,0,1,2,0,210,56.2,0.884,159,62.9,1.254,136,62.5,1.176
780,30,0,0.15,0.6,60,0,0,0,-1,0,0,449,59.5,0.996,330,53.0,0.788,319,53.0,0.813
780,30,0,0.15,0.6,60,0,0,0,-1,0,1,221,60.6,1.126,161,60.2,1.113,156,60.3,1.18
780,30,0,0.15,0.6,60,0,0,0,-1,0,-1,225,58.2,0.892,167,45.5,0.55,157,45.2,0.541
780,30,0,0.15,0.6,60,0,0,0,-1,1,0,260,55.0,0.861,200,51.0,0.691,206,51.0,0.678
780,30,0,0.15,0.6,60,0,0,1,0,0,0,524,57.8,0.919,345,60.3,1.134,332,59.9,1.183
780,30,0,0.15,0.6,60,0,0,1,0,0,1,257,54.9,0.887,179,58.7,0.999,170,57.1,0.974
780,30,0,0.15,0.6,60,0,0,1,0,0,-1,266,60.5,0.942,166,62.0,1.296,162,63.0,1.453
780,30,0,0.15,0.6,60,0,0,1,0,1,0,315,60.3,1.018,191,60.2,1.127,204,59.3,1.208
780,30,0,0.15,0.6,60,0,0,1,0,2,0,209,54.1,0.79,154,60.4,1.143,128,60.9,1.144
780,30,0,0.15,0.6,60,0,0,1,1,0,0,479,58.2,0.93,315,62.9,1.255,310,61.9,1.259
780,30,0,0.15,0.6,60,0,0,1,1,0,1,237,54.4,0.843,168,60.7,1.079,164,57.9,0.98
780,30,0,0.15,0.6,60,0,0,1,1,0,-1,241,61.8,1.009,147,65.3,1.485,146,66.4,1.687
780,30,0,0.15,0.6,60,0,0,1,1,1,0,288,60.8,1.045,176,63.6,1.29,189,61.9,1.31
780,30,0,0.15,0.6,60,0,0,-1,0,0,0,455,61.1,1.088,338,57.4,0.909,323,56.7,0.88
780,30,0,0.15,0.6,60,0,0,-1,0,0,1,226,60.2,1.075,166,62.7,1.232,162,62.3,1.216
780,30,0,0.15,0.6,60,0,0,-1,0,0,-1,228,61.8,1.094,171,52.0,0.672,157,50.3,0.616
780,30,0,0.15,0.6,60,0,0,-1,0,1,0,267,56.2,0.914,204,56.4,0.819,205,55.1,0.735
780,30,0,0.15,0.6,60,0,0,-1,-1,0,0,402,60.2,1.022,299,54.8,0.833,295,54.6,0.841
780,30,0,0.15,0.6,60,0,0,-1,-1,0,1,201,60.7,1.087,150,62.7,1.214,150,61.3,1.193
780,30,0,0.15,0.6,60,0,0,-1,-1,0,-1,200,59.5,0.956,148,46.6,0.561,141,46.8,0.564
780,30,0,0.15,0.6,60,0,0,-1,-1,1,0,233,54.9,0.87,185,53.5,0.748,191,52.9,0.705
780,30,0,0.15,0.6,60,0,1,0,0,0,0,648,59.4,0.991,479,59.7,1.068,446,58.7,1.036
780,30,0,0.15,0.6,60,0,1,0,0,0,1,325,60.6,1.164,247,61.1,1.165,234,59.0,1.057
780,30,0,0.15,0.6,60,0,1,0,0,0,-1,321,57.9,0.857,230,57.8,0.968,209,57.9,0.991
780,30,0,0.15,0.6,60,0,1,0,0,1,0,372,58.3,0.961,284,58.1,0.966,285,56.8,0.916
780,30,0,0.15,0.6,60,0,1,0,0,2,0,276,60.9,1.032,195,62.1,1.251,161,62.1,1.301
780,30,0,0.15,0.6,60,0,1,0,1,0,0,367,58.3,0.99,254,65.4,1.432,231,63.6,1.322
780,30,0,0.15,0.6,60,0,1,0,1,1,0,223,60.1,1.075,145,64.1,1.361,143,61.5,1.241
780,30,0,0.15,0.6,60,0,1,0,-1,0,0,281,60.9,0.993,225,53.3,0.794,215,53.5,0.816
780,30,0,0.15,0.6,60,0,1,1,0,0,0,361,57.3,0.941,247,60.3,1.172,231,60.2,1.213
780,30,0,0.15,0.6,60,0,1,1,0,1,0,215,59.1,1.009,145,57.2,1.03,149,57.0,1.096
780,30,0,0.15,0.6,60,0,1,1,1,0,0,331,57.7,0.944,223,64.1,1.374,211,62.6,1.299
780,30,0,0.15,0.6,60,0,1,-1,0,0,0,286,61.9,1.049,231,58.9,0.967,214,57.0,0.883
780,30,0,0.15,0.6,60,0,1,-1,-1,0,0,250,61.6,0.997,200,56.5,0.879,194,55.2,0.837
780,30,0,0.15,0.6,60,0,-1,0,0,0,0,333,59.2,0.999,205,57.1,0.909,212,57.1,0.968
780,30,0,0.15,0.6,60,0,-1,0,0,1,0,210,58.6,0.984,111,58.6,0.917,124,58.1,0.978
780,30,0,0.15,0.6,60,1,0,0,0,0,0,515,62.3,1.147,338,58.9,1.042,303,58.4,1.032
780,30,0,0.15,0.6,60,1,0,0,0,0,1,313,60.4,1.06,220,59.5,1.067,192,59.4,1.057
780,30,0,0.15,0.6,60,1,0,0,0,0,-1,202,65.3,1.291,118,57.6,0.997,111,56.8,0.989
780,30,0,0.15,0.6,60,1,0,0,0,1,0,311,62.1,1.121,194,55.7,0.86,182,55.5,0.852
780,30,0,0.15,0.6,60,1,0,0,0,2,0,204,62.7,1.19,144,63.2,1.376,121,62.8,1.392
780,30,0,0.15,0.6,60,1,0,0,1,0,0,281,61.2,1.068,184,62.0,1.319,159,61.6,1.265
780,30,0,0.15,0.6,60,1,0,0,-1,0,0,234,63.7,1.241,154,55.2,0.812,144,54.9,0.836
780,30,0,0.15,0.6,60,1,0,1,0,0,0,281,59.1,0.985,180,59.4,1.193,154,59.1,1.202
780,30,0,0.15,0.6,60,1,0,1,1,0,0,254,59.4,0.988,167,61.1,1.304,146,60.3,1.244
780,30,0,0.15,0.6,60,1,0,-1,0,0,0,234,66.2,1.364,158,58.2,0.905,149,57.7,0.895
780,30,0,0.15,0.6,60,1,0,-1,-1,0,0,207,64.7,1.282,141,56.7,0.858,136,55.9,0.85
780,30,0,0.15,0.6,60,1,1,0,0,0,0,351,64.1,1.255,243,58.4,1.095,216,60.2,1.164
780,30,0,0.15,0.6,60,1,1,0,0,0,1,224,65.2,1.372,154,61.0,1.222,136,61.8,1.247
780,30,0,0.15,0.6,60,1,1,0,0,1,0,206,61.2,1.094,143,53.1,0.846,134,56.0,0.91
780,30,0,0.15,0.6,60,-1,0,0,0,0,0,426,55.9,0.849,327,57.8,0.941,278,58.3,1.021
780,30,0,0.15,0.6,60,-1,0,0,0,0,-1,273,57.9,0.844,208,54.8,0.807,172,57.0,0.902
780,30,0,0.15,0.6,60,-1,0,0,0,1,0,235,54.0,0.808,186,59.7,0.989,162,59.3,1.045
780,30,0,0.15,0.6,60,-1,0,0,1,0,0,230,56.1,0.892,161,66.5,1.265,141,65.2,1.35
780,30,0,0.15,0.6,60,-1,0,1,0,0,0,226,55.8,0.839,157,61.1,1.048,142,62.7,1.261
780,30,0,0.15,0.6,60,-1,0,1,1,0,0,209,56.0,0.848,141,64.5,1.174,131,64.9,1.371
780,30,0,0.15,0.6,60,-1,0,-1,0,0,0,200,56.0,0.86,170,54.7,0.855,136,53.7,0.825
780,30,0,0.15,0.6,60,-1,1,0,0,0,0,273,53.1,0.742,223,60.5,1.011,187,57.8,0.97
780,30,1,0.15,0.3,60,0,0,0,0,0,0,981,72.7,0.879,684,71.8,0.968,658,72.2,1.004
780,30,1,0.15,0.3,60,0,0,0,0,0,1,494,71.5,0.793,337,74.5,1.166,319,74.9,1.164
780,30,1,0.15,0.3,60,0,0,0,0,0,-1,483,74.1,0.994,345,69.0,0.809,332,69.0,0.852
780,30,1,0.15,0.3,60,0,0,0,0,1,0,582,73.5,0.914,395,71.4,0.916,409,72.1,0.973
780,30,1,0.15,0.3,60,0,0,0,0,1,1,295,73.2,0.914,198,73.7,1.138,201,74.6,1.202
780,30,1,0.15,0.3,60,0,0,0,0,1,-1,287,73.9,0.913,197,69.0,0.739,208,69.7,0.798
780,30,1,0.15,0.3,60,0,0,0,0,2,0,399,71.4,0.835,289,72.3,1.042,249,72.3,1.056
780,30,1,0.15,0.3,60,0,0,0,1,0,0,449,71.7,0.815,330,73.6,1.026,319,73.7,0.988
780,30,1,0.15,0.3,60,0,0,0,1,0,1,225,69.8,0.725,167,77.8,1.241,157,78.3,1.201
780,30,1,0.15,0.3,60,0,0,0,1,0,-1,221,73.8,0.918,161,68.9,0.841,156,67.9,0.769
780,30,1,0.15,0.3,60,0,0,0,1,1,0,260,72.3,0.86,200,75.0,1.031,206,77.2,1.19
780,30,1,0.15,0.3,60,0,0,0,-1,0,0,532,73.5,0.942,354,70.1,0.913,338,71.0,1.029
780,30,1,0.15,0.3,60,0,0,0,-1,0,1,269,72.9,0.857,170,71.2,1.094,162,71.6,1.126
780,30,1,0.15,0.3,60,0,0,0,-1,0,-1,262,74.4,1.07,184,69.0,0.779,175,70.3,0.945
780,30,1,0.15,0.3,60,0,0,0,-1,1,0,322,74.5,0.961,195,67.7,0.808,202,67.3,0.809
780,30,1,0.15,0.3,60,0,0,0,-1,2,0,210,71.9,0.914,159,73.0,1.066,136,76.5,1.494
780,30,1,0.15,0.3,60,0,0,1,0,0,0,455,71.2,0.802,338,71.3,0.881,323,73.1,0.976
780,30,1,0.15,0.3,60,0,0,1,0,0,1,228,68.9,0.691,171,74.9,1.112,157,77.7,1.17
780,30,1,0.15,0.3,60,0,0,1,0,0,-1,226,73.5,0.943,166,67.5,0.692,162,67.9,0.791
780,30,1,0.15,0.3,60,0,0,1,0,1,0,267,73.0,0.901,204,71.1,0.879,205,75.1,1.111
780,30,1,0.15,0.3,60,0,0,1,1,0,0,402,72.1,0.835,299,72.6,0.927,295,73.2,0.96
780,30,1,0.15,0.3,60,0,0,1,1,0,1,200,70.0,0.738,148,77.0,1.219,141,78.0,1.167
780,30,1,0.15,0.3,60,0,0,1,1,0,-1,201,74.1,0.947,150,68.0,0.708,150,68.0,0.769
780,30,1,0.15,0.3,60,0,0,1,1,1,0,233,73.0,0.876,185,73.5,0.95,191,76.4,1.14
780,30,1,0.15,0.3,60,0,0,-1,0,0,0,524,74.0,0.955,345,72.2,1.061,332,71.1,1.018
780,30,1,0.15,0.3,60,0,0,-1,0,0,1,266,73.7,0.899,166,74.1,1.231,162,72.2,1.157
780,30,1,0.15,0.3,60,0,0,-1,0,0,-1,257,74.7,1.044,179,70.4,0.937,170,70.0,0.911
780,30,1,0.15,0.3,60,0,0,-1,0,1,0,315,74.0,0.925,191,71.7,0.961,204,69.1,0.854
780,30,1,0.15,0.3,60,0,0,-1,0,2,0,209,74.2,1.004,154,72.7,1.189,128,74.2,1.344
780,30,1,0.15,0.3,60,0,0,-1,-1,0,0,479,74.5,0.995,315,71.1,0.967,310,70.6,1.001
780,30,1,0.15,0.3,60,0,0,-1,-1,0,1,241,74.3,0.936,147,72.8,1.206,146,71.2,1.119
780,30,1,0.15,0.3,60,0,0,-1,-1,0,-1,237,75.1,1.089,168,69.6,0.806,164,70.1,0.916
780,30,1,0.15,0.3,60,0,0,-1,-1,1,0,288,74.7,0.945,176,69.9,0.872,189,67.7,0.802
780,30,1,0.15,0.3,60,0,1,0,0,0,0,333,73.0,0.855,205,71.2,0.881,212,71.7,0.932
780,30,1,0.15,0.3,60,0,1,0,0,1,0,210,74.3,0.896,111,70.3,0.807,124,70.2,0.886
780,30,1,0.15,0.3,60,0,-1,0,0,0,0,648,72.5,0.893,479,72.0,1.012,446,72.4,1.044
780,30,1,0.15,0.3,60,0,-1,0,0,0,1,321,72.9,0.861,230,74.8,1.175,209,75.1,1.17
780,30,1,0.15,0.3,60,0,-1,0,0,0,-1,325,72.3,0.927,247,69.2,0.874,234,69.7,0.928
780,30,1,0.15,0.3,60,0,-1,0,0,1,0,372,73.1,0.924,284,71.8,0.968,285,73.0,1.018
780,30,1,0.15,0.3,60,0,-1,0,0,2,0,276,71.7,0.855,195,72.3,1.078,161,71.4,1.088
780,30,1,0.15,0.3,60,0,-1,0,1,0,0,281,70.8,0.785,225,74.2,1.174,215,73.5,1.033
780,30,1,0.15,0.3,60,0,-1,0,-1,0,0,367,73.8,0.995,254,70.1,0.879,231,71.4,1.054
780,30,1,0.15,0.3,60,0,-1,0,-1,1,0,223,74.4,1.008,145,69.7,0.893,143,69.2,0.909
780,30,1,0.15,0.3,60,0,-1,1,0,0,0,286,70.3,0.799,231,71.0,0.912,214,73.4,1.046
780,30,1,0.15,0.3,60,0,-1,1,1,0,0,250,71.2,0.815,200,73.0,1.016,194,73.2,1.016
780,30,1,0.15,0.3,60,0,-1,-1,0,0,0,361,74.5,0.98,247,72.9,1.114,231,71.4,1.034
780,30,1,0.15,0.3,60,0,-1,-1,0,1,0,215,74.9,0.991,145,74.5,1.145,149,71.1,0.965
780,30,1,0.15,0.3,60,0,-1,-1,-1,0,0,331,74.9,1.034,223,71.7,0.97,211,71.1,1.026
780,30,1,0.15,0.3,60,1,0,0,0,0,0,426,74.6,0.872,327,72.5,0.959,278,71.6,0.867
780,30,1,0.15,0.3,60,1,0,0,0,0,1,273,71.8,0.763,208,76.4,1.333,172,75.6,1.191
780,30,1,0.15,0.3,60,1,0,0,0,1,0,235,77.9,1.037,186,69.4,0.793,162,69.1,0.762
780,30,1,0.15,0.3,60,1,0,0,-1,0,0,230,74.8,0.852,161,70.2,0.949,141,69.5,0.837
780,30,1,0.15,0.3,60,1,0,1,0,0,0,200,75.5,0.943,170,72.9,0.88,136,73.5,0.893
780,30,1,0.15,0.3,60,1,0,-1,0,0,0,226,73.9,0.819,157,72.0,1.057,142,69.7,0.843
780,30,1,0.15,0.3,60,1,0,-1,-1,0,0,209,75.1,0.877,141,70.9,1.045,131,69.5,0.839
780,30,1,0.15,0.3,60,1,-1,0,0,0,0,273,76.2,0.938,223,71.7,0.954,187,72.7,0.891
780,30,1,0.15,0.3,60,-1,0,0,0,0,0,515,71.1,0.872,338,71.6,0.997,303,71.3,1.06
780,30,1,0.15,0.3,60,-1,0,0,0,0,1,202,70.8,0.817,118,73.7,1.08,111,74.8,1.212
780,30,1,0.15,0.3,60,-1,0,0,0,0,-1,313,71.2,0.913,220,70.5,0.955,192,69.3,0.983
780,30,1,0.15,0.3,60,-1,0,0,0,1,0,311,70.1,0.806,194,74.2,1.112,182,73.6,1.134
780,30,1,0.15,0.3,60,-1,0,0,0,2,0,204,72.5,0.99,144,68.1,0.879,121,67.8,0.971
780,30,1,0.15,0.3,60,-1,0,0,1,0,0,234,69.7,0.738,154,74.0,1.169,144,72.2,1.008
780,30,1,0.15,0.3,60,-1,0,0,-1,0,0,281,72.2,1.032,184,69.6,0.861,159,70.4,1.109
780,30,1,0.15,0.3,60,-1,0,1,0,0,0,234,67.5,0.69,158,70.9,0.931,149,73.2,1.065
780,30,1,0.15,0.3,60,-1,0,1,1,0,0,207,69.1,0.718,141,73.0,0.994,136,72.1,0.996
780,30,1,0.15,0.3,60,-1,0,-1,0,0,0,281,74.0,1.104,180,72.2,1.061,154,69.5,1.056
780,30,1,0.15,0.3,60,-1,0,-1,-1,0,0,254,74.0,1.126,167,71.3,0.905,146,69.2,1.046
780,30,1,0.15,0.3,60,-1,-1,0,0,0,0,351,69.8,0.838,243,72.4,1.061,216,71.3,1.122
780,30,1,0.15,0.3,60,-1,-1,0,0,0,-1,224,68.8,0.814,154,70.1,0.991,136,69.1,1.059
780,30,1,0.15,0.3,60,-1,-1,0,0,1,0,206,69.4,0.815,143,75.5,1.219,134,74.6,1.231
780,30,1,0.25,1.0,60,0,0,0,0,0,0,981,47.8,0.848,684,47.7,0.901,658,47.9,0.892
780,30,1,0.25,1.0,60,0,0,0,0,0,1,494,48.2,0.854,337,49.9,0.983,319,49.2,0.936
780,30,1,0.25,1.0,60,0,0,0,0,0,-1,483,47.6,0.848,345,45.8,0.836,332,46.7,0.864
780,30,1,0.25,1.0,60,0,0,0,0,1,0,582,49.0,0.87,395,48.9,0.937,409,48.4,0.903
780,30,1,0.25,1.0,60,0,0,0,0,1,1,295,47.5,0.791,198,50.0,1.042,201,48.3,0.946
780,30,1,0.25,1.0,60,0,0,0,0,1,-1,287,50.5,0.963,197,47.7,0.836,208,48.6,0.863
780,30,1,0.25,1.0,60,0,0,0,0,2,0,399,46.1,0.82,289,46.0,0.854,249,47.0,0.874
780,30,1,0.25,1.0,60,0,0,0,1,0,0,449,48.1,0.764,330,53.3,1.138,319,53.3,1.038
780,30,1,0.25,1.0,60,0,0,0,1,0,1,225,50.7,0.804,167,58.1,1.31,157,57.3,1.169
780,30,1,0.25,1.0,60,0,0,0,1,0,-1,221,45.7,0.723,161,49.1,1.003,156,50.0,0.954
780,30,1,0.25,1.0,60,0,0,0,1,1,0,260,52.3,0.873,200,57.5,1.369,206,56.8,1.314
780,30,1,0.25,1.0,60,0,0,0,-1,0,0,532,47.6,0.935,354,42.4,0.718,338,42.9,0.774
780,30,1,0.25,1.0,60,0,0,0,-1,0,1,269,46.1,0.899,170,41.8,0.725,162,41.4,0.73
780,30,1,0.25,1.0,60,0,0,0,-1,0,-1,262,49.2,0.997,184,42.9,0.712,175,44.0,0.803
780,30,1,0.25,1.0,60,0,0,0,-1,1,0,322,46.3,0.868,195,40.0,0.617,202,40.1,0.608
780,30,1,0.25,1.0,60,0,0,0,-1,2,0,210,49.5,1.04,159,45.3,0.861,136,47.1,1.09
780,30,1,0.25,1.0,60,0,0,1,0,0,0,455,46.6,0.749,338,50.0,0.927,323,50.2,0.954
780,30,1,0.25,1.0,60,0,0,1,0,0,1,228,48.7,0.762,171,54.4,1.086,157,53.5,1.038
780,30,1,0.25,1.0,60,0,0,1,0,0,-1,226,44.7,0.74,166,45.8,0.774,162,47.5,0.89
780,30,1,0.25,1.0,60,0,0,1,0,1,0,267,50.6,0.874,204,52.9,1.119,205,53.2,1.201
780,30,1,0.25,1.0,60,0,0,1,1,0,0,402,47.8,0.761,299,52.2,1.051,295,52.2,0.997
780,30,1,0.25,1.0,60,0,0,1,1,0,1,200,50.5,0.789,148,58.1,1.269,141,56.0,1.079
780,30,1,0.25,1.0,60,0,0,1,1,0,-1,201,45.3,0.739,150,46.7,0.855,150,49.3,0.941
780,30,1,0.25,1.0,60,0,0,1,1,1,0,233,52.8,0.897,185,56.2,1.267,191,56.0,1.276
780,30,1,0.25,1.0,60,0,0,-1,0,0,0,524,48.9,0.946,345,45.5,0.886,332,45.5,0.837
780,30,1,0.25,1.0,60,0,0,-1,0,0,1,266,47.7,0.936,166,45.2,0.875,162,45.1,0.832
780,30,1,0.25,1.0,60,0,0,-1,0,0,-1,257,50.2,0.976,179,45.8,0.896,170,45.9,0.842
780,30,1,0.25,1.0,60,0,0,-1,0,1,0,315,47.6,0.867,191,44.5,0.765,204,43.6,0.668
780,30,1,0.25,1.0,60,0,0,-1,0,2,0,209,50.7,1.07,154,46.8,1.066,128,48.4,1.191
780,30,1,0.25,1.0,60,0,0,-1,-1,0,0,479,48.6,0.967,315,43.5,0.785,310,43.9,0.785
780,30,1,0.25,1.0,60,0,0,-1,-1,0,1,241,47.3,0.94,147,43.5,0.803,146,42.5,0.731
780,30,1,0.25,1.0,60,0,0,-1,-1,0,-1,237,50.2,1.022,168,43.5,0.771,164,45.1,0.83
780,30,1,0.25,1.0,60,0,0,-1,-1,1,0,288,47.6,0.887,176,42.0,0.666,189,41.8,0.617
780,30,1,0.25,1.0,60,0,1,0,0,0,0,333,54.4,0.954,205,50.2,0.957,212,50.9,0.935
780,30,1,0.25,1.0,60,0,1,0,0,1,0,210,56.2,1.035,111,50.5,0.951,124,52.4,1.001
780,30,1,0.25,1.0,60,0,-1,0,0,0,0,648,44.4,0.794,479,46.6,0.878,446,46.4,0.872
780,30,1,0.25,1.0,60,0,-1,0,0,0,1,321,47.0,0.913,230,49.1,0.946,209,47.4,0.878
780,30,1,0.25,1.0,60,0,-1,0,0,0,-1,325,42.2,0.678,247,44.5,0.828,234,46.2,0.887
780,30,1,0.25,1.0,60,0,-1,0,0,1,0,372,44.9,0.783,284,48.2,0.931,285,46.7,0.865
780,30,1,0.25,1.0,60,0,-1,0,0,2,0,276,43.8,0.809,195,44.1,0.799,161,46.0,0.884
780,30,1,0.25,1.0,60,0,-1,0,1,0,0,281,43.4,0.673,225,53.3,1.203,215,51.6,1.031
780,30,1,0.25,1.0,60,0,-1,0,-1,0,0,367,45.2,0.918,254,40.6,0.643,231,41.6,0.737
780,30,1,0.25,1.0,60,0,-1,0,-1,1,0,223,42.6,0.774,145,40.7,0.653,143,40.6,0.671
780,30,1,0.25,1.0,60,0,-1,1,0,0,0,286,42.7,0.726,231,48.1,0.898,214,48.1,0.923
780,30,1,0.25,1.0,60,0,-1,1,1,0,0,250,43.2,0.701,200,50.5,1.035,194,50.5,0.985
780,30,1,0.25,1.0,60,0,-1,-1,0,0,0,361,46.0,0.856,247,45.3,0.872,231,45.0,0.837
780,30,1,0.25,1.0,60,0,-1,-1,0,1,0,215,43.7,0.729,145,46.2,0.852,149,44.3,0.763
780,30,1,0.25,1.0,60,0,-1,-1,-1,0,0,331,45.9,0.908,223,41.7,0.705,211,43.1,0.77
780,30,1,0.25,1.0,60,1,0,0,0,0,0,426,50.9,0.985,327,52.6,1.06,278,52.2,0.995
780,30,1,0.25,1.0,60,1,0,0,0,0,1,273,50.2,0.98,208,53.4,1.175,172,51.7,1.111
780,30,1,0.25,1.0,60,1,0,0,0,1,0,235,51.9,0.964,186,53.2,1.131,162,51.9,1.009
780,30,1,0.25,1.0,60,1,0,0,-1,0,0,230,50.9,1.079,161,43.5,0.794,141,43.3,0.793
780,30,1,0.25,1.0,60,1,0,1,0,0,0,200,50.5,0.914,170,58.8,1.152,136,60.3,1.19
780,30,1,0.25,1.0,60,1,0,-1,0,0,0,226,51.3,1.047,157,45.9,0.971,142,44.4,0.843
780,30,1,0.25,1.0,60,1,0,-1,-1,0,0,209,51.7,1.082,141,44.0,0.891,131,42.7,0.778
780,30,1,0.25,1.0,60,1,-1,0,0,0,0,273,49.1,0.992,223,52.0,1.101,187,52.9,1.08
780,30,1,0.25,1.0,60,-1,0,0,0,0,0,515,45.4,0.748,338,44.1,0.832,303,43.2,0.804
780,30,1,0.25,1.0,60,-1,0,0,0,0,1,202,46.0,0.726,118,46.6,0.909,111,45.0,0.807
780,30,1,0.25,1.0,60,-1,0,0,0,0,-1,313,45.0,0.763,220,42.7,0.788,192,42.2,0.803
780,30,1,0.25,1.0,60,-1,0,0,0,1,0,311,46.9,0.81,194,45.9,0.867,182,44.0,0.818
780,30,1,0.25,1.0,60,-1,0,0,0,2,0,204,43.1,0.658,144,41.7,0.787,121,42.1,0.785
780,30,1,0.25,1.0,60,-1,0,0,1,0,0,234,45.3,0.665,154,46.8,1.031,144,45.8,0.938
780,30,1,0.25,1.0,60,-1,0,0,-1,0,0,281,45.6,0.842,184,41.8,0.681,159,40.9,0.698
780,30,1,0.25,1.0,60,-1,0,1,0,0,0,234,43.2,0.636,158,43.0,0.826,149,43.0,0.847
780,30,1,0.25,1.0,60,-1,0,1,1,0,0,207,44.4,0.662,141,44.7,0.897,136,44.9,0.902
780,30,1,0.25,1.0,60,-1,0,-1,0,0,0,281,47.3,0.878,180,45.0,0.837,154,43.5,0.762
780,30,1,0.25,1.0,60,-1,0,-1,-1,0,0,254,46.9,0.899,167,43.1,0.719,146,42.5,0.726
780,30,1,0.25,1.0,60,-1,-1,0,0,0,0,351,41.0,0.656,243,42.4,0.754,216,40.7,0.696
780,30,1,0.25,1.0,60,-1,-1,0,0,0,-1,224,39.3,0.601,154,39.6,0.678,136,40.4,0.714
780,30,1,0.25,1.0,60,-1,-1,0,0,1,0,206,44.2,0.754,143,44.8,0.789,134,40.3,0.633
780,60,0,0.25,0.6,60,0,0,0,0,0,0,982,53.2,0.949,683,57.8,1.154,658,56.5,1.126
780,60,0,0.25,0.6,60,0,0,0,0,0,1,509,53.2,0.95,357,60.8,1.36,343,58.6,1.236
780,60,0,0.25,0.6,60,0,0,0,0,0,-1,469,52.7,0.935,324,54.3,0.97,308,53.9,0.989
780,60,0,0.25,0.6,60,0,0,0,0,1,0,583,52.1,0.904,394,56.3,1.092,408,56.4,1.103
780,60,0,0.25,0.6,60,0,0,0,0,1,1,294,50.7,0.855,201,59.2,1.372,213,57.7,1.262
780,60,0,0.25,0.6,60,0,0,0,0,1,-1,289,53.6,0.954,193,53.4,0.884,195,54.9,0.96
780,60,0,0.25,0.6,60,0,0,0,0,2,0,399,54.6,1.014,289,59.9,1.25,250,56.8,1.165
780,60,0,0.25,0.6,60,0,0,0,0,2,1,215,56.7,1.093,156,62.8,1.345,130,60.0,1.195
780,60,0,0.25,0.6,60,0,0,0,1,0,0,512,53.5,0.942,357,62.2,1.344,330,60.3,1.236
780,60,0,0.25,0.6,60,0,0,0,1,0,1,264,51.5,0.847,192,65.1,1.477,177,62.1,1.203
780,60,0,0.25,0.6,60,0,0,0,1,0,-1,246,55.3,1.023,165,58.8,1.212,153,58.2,1.278
780,60,0,0.25,0.6,60,0,0,0,1,1,0,310,55.2,0.995,202,63.9,1.464,205,62.9,1.467
780,60,0,0.25,0.6,60,0,0,0,1,2,0,202,51.0,0.867,155,60.0,1.2,125,56.0,0.936
780,60,0,0.25,0.6,60,0,0,0,-1,0,0,470,52.8,0.955,326,53.1,0.988,327,52.9,1.033
780,60,0,0.25,0.6,60,0,0,0,-1,0,1,245,55.1,1.058,165,55.8,1.241,166,54.8,1.275
780,60,0,0.25,0.6,60,0,0,0,-1,0,-1,223,49.8,0.851,159,49.7,0.783,154,50.0,0.795
780,60,0,0.25,0.6,60,0,0,0,-1,1,0,273,48.7,0.814,192,48.4,0.823,202,50.0,0.844
780,60,0,0.25,0.6,60,0,0,1,0,0,0,499,52.3,0.895,345,58.6,1.133,326,58.0,1.161
780,60,0,0.25,0.6,60,0,0,1,0,0,1,257,51.0,0.855,185,62.2,1.219,171,60.8,1.192
780,60,0,0.25,0.6,60,0,0,1,0,0,-1,241,53.5,0.923,160,54.4,1.044,155,54.8,1.126
780,60,0,0.25,0.6,60,0,0,1,0,1,0,297,54.5,0.999,201,58.7,1.166,209,58.9,1.306
780,60,0,0.25,0.6,60,0,0,1,0,2,0,202,49.0,0.767,144,58.3,1.086,117,56.4,0.936
780,60,0,0.25,0.6,60,0,0,1,1,0,0,456,53.3,0.901,317,61.2,1.234,303,59.7,1.206
780,60,0,0.25,0.6,60,0,0,1,1,0,1,236,51.7,0.836,173,65.3,1.382,163,62.0,1.177
780,60,0,0.25,0.6,60,0,0,1,1,0,-1,219,54.8,0.956,144,56.2,1.084,140,57.1,1.244
780,60,0,0.25,0.6,60,0,0,1,1,1,0,273,55.7,1.006,185,62.2,1.345,193,61.1,1.415
780,60,0,0.25,0.6,60,0,0,-1,0,0,0,481,53.8,0.999,337,57.0,1.168,329,55.0,1.075
780,60,0,0.25,0.6,60,0,0,-1,0,0,1,252,55.6,1.044,172,59.3,1.537,172,56.4,1.286
780,60,0,0.25,0.6,60,0,0,-1,0,0,-1,228,51.8,0.947,164,54.3,0.906,153,52.9,0.877
780,60,0,0.25,0.6,60,0,0,-1,0,1,0,286,49.7,0.819,193,53.9,1.021,199,53.8,0.925
780,60,0,0.25,0.6,60,0,0,-1,-1,0,0,426,53.8,0.968,297,55.2,1.052,302,54.0,1.04
780,60,0,0.25,0.6,60,0,0,-1,-1,0,1,224,56.2,1.055,153,58.8,1.432,158,55.7,1.261
780,60,0,0.25,0.6,60,0,0,-1,-1,0,-1,201,50.7,0.874,143,51.0,0.784,140,51.4,0.832
780,60,0,0.25,0.6,60,0,0,-1,-1,1,0,249,49.4,0.807,176,51.1,0.914,187,51.3,0.873
780,60,0,0.25,0.6,60,0,1,0,0,0,0,729,55.0,0.985,506,57.3,1.136,466,56.9,1.107
780,60,0,0.25,0.6,60,0,1,0,0,0,1,378,57.9,1.165,267,59.2,1.382,250,57.2,1.215
780,60,0,0.25,0.6,60,0,1,0,0,0,-1,348,51.4,0.835,237,54.9,0.929,212,55.7,0.959
780,60,0,0.25,0.6,60,0,1,0,0,1,0,423,54.6,0.968,299,55.2,1.032,294,56.8,1.076
780,60,0,0.25,0.6,60,0,1,0,0,1,1,213,56.3,1.133,153,55.6,1.22,157,55.4,1.16
780,60,0,0.25,0.6,60,0,1,0,0,1,-1,210,52.9,0.844,146,54.8,0.89,137,58.4,0.993
780,60,0,0.25,0.6,60,0,1,0,0,2,0,306,55.6,1.007,207,60.4,1.327,172,57.0,1.165
780,60,0,0.25,0.6,60,0,1,0,1,0,0,397,53.9,0.916,269,59.9,1.279,237,59.1,1.144
780,60,0,0.25,0.6,60,0,1,0,1,0,1,200,53.0,0.891,142,60.6,1.402,131,57.3,1.058
780,60,0,0.25,0.6,60,0,1,0,1,1,0,242,56.2,1.041,156,60.3,1.222,149,60.4,1.24
780,60,0,0.25,0.6,60,0,1,0,-1,0,0,332,56.3,1.067,237,54.4,1.003,228,54.8,1.078
780,60,0,0.25,0.6,60,0,1,1,0,0,0,388,53.6,0.918,261,55.6,1.029,238,56.3,1.049
780,60,0,0.25,0.6,60,0,1,1,0,1,0,231,56.7,1.107,158,55.1,0.965,157,56.1,1.075
780,60,0,0.25,0.6,60,0,1,1,1,0,0,356,53.9,0.885,239,58.6,1.171,220,58.2,1.097
780,60,0,0.25,0.6,60,0,1,1,1,1,0,214,57.5,1.08,143,58.7,1.126,143,58.7,1.181
780,60,0,0.25,0.6,60,0,1,-1,0,0,0,339,56.3,1.057,244,59.0,1.248,226,57.1,1.141
780,60,0,0.25,0.6,60,0,1,-1,-1,0,0,299,56.9,1.039,214,57.5,1.133,209,56.0,1.093
780,60,0,0.25,0.6,60,0,-1,0,0,0,0,253,47.8,0.855,177,59.3,1.208,192,55.7,1.176
780,60,0,0.25,0.6,60,1,0,0,0,0,0,520,55.6,1.048,345,59.7,1.189,298,58.7,1.162
780,60,0,0.25,0.6,60,1,0,0,0,0,1,328,56.4,1.041,229,62.0,1.409,192,59.9,1.358
780,60,0,0.25,0.6,60,1,0,0,0,1,0,301,54.8,0.979,193,56.0,1.025,171,56.7,1.052
780,60,0,0.25,0.6,60,1,0,0,0,2,0,219,56.6,1.153,152,64.5,1.454,127,61.4,1.33
780,60,0,0.25,0.6,60,1,0,0,0,2,1,207,56.5,1.092,147,63.9,1.445,121,61.2,1.326
780,60,0,0.25,0.6,60,1,0,0,1,0,0,271,55.0,1.03,189,66.1,1.713,151,64.9,1.629
780,60,0,0.25,0.6,60,1,0,0,-1,0,0,249,56.2,1.065,156,51.9,0.817,146,52.7,0.854
780,60,0,0.25,0.6,60,1,0,1,0,0,0,269,53.2,0.975,183,61.7,1.358,147,62.6,1.504
780,60,0,0.25,0.6,60,1,0,1,1,0,0,244,54.1,0.973,171,64.9,1.577,138,64.5,1.584
780,60,0,0.25,0.6,60,1,0,-1,0,0,0,251,58.2,1.12,162,57.4,1.038,151,55.0,0.926
780,60,0,0.25,0.6,60,1,0,-1,-1,0,0,224,57.6,1.071,144,54.9,0.912,138,53.6,0.863
780,60,0,0.25,0.6,60,1,1,0,0,0,0,393,57.8,1.101,260,58.5,1.235,222,58.6,1.219
780,60,0,0.25,0.6,60,1,1,0,0,0,1,254,60.6,1.244,170,61.2,1.618,143,59.4,1.544
780,60,0,0.25,0.6,60,1,1,0,0,1,0,226,55.8,0.981,150,53.3,0.962,132,57.6,1.158
780,60,0,0.25,0.6,60,1,1,0,1,0,0,208,56.7,1.066,141,63.8,1.846,112,65.2,1.777
780,60,0,0.25,0.6,60,1,1,1,0,0,0,209,55.5,1.055,135,59.3,1.377,109,62.4,1.542
780,60,0,0.25,0.6,60,-1,0,0,0,0,0,422,50.0,0.833,319,55.2,1.084,283,53.4,1.12
780,60,0,0.25,0.6,60,-1,0,0,0,0,-1,259,51.4,0.834,198,52.5,0.939,170,51.2,1.006
780,60,0,0.25,0.6,60,-1,0,0,0,1,0,246,49.2,0.816,186,56.5,1.122,172,55.2,1.213
780,60,0,0.25,0.6,60,-1,0,0,1,0,0,216,50.9,0.822,158,57.6,1.051,138,55.8,1.077
780,60,0,0.25,0.6,60,-1,0,0,-1,0,0,206,49.0,0.844,161,52.8,1.118,145,51.0,1.165
780,60,0,0.25,0.6,60,-1,0,1,0,0,0,210,51.0,0.805,153,55.6,0.948,141,55.3,1.061
780,60,0,0.25,0.6,60,-1,0,-1,0,0,0,212,49.1,0.862,166,54.8,1.24,142,51.4,1.189
780,60,0,0.25,0.6,60,-1,1,0,0,0,0,310,51.6,0.857,232,55.6,1.024,196,53.6,1.036
780,60,1,0.25,0.3,60,0,0,0,0,0,0,982,64.0,0.864,683,62.7,0.879,658,61.9,0.872
780,60,1,0.25,0.3,60,0,0,0,0,0,1,469,63.3,0.77,324,66.4,1.009,308,64.6,0.962
780,60,1,0.25,0.3,60,0,0,0,0,0,-1,509,64.8,0.987,357,59.1,0.766,343,59.2,0.791
780,60,1,0.25,0.3,60,0,0,0,0,1,0,583,61.9,0.811,394,62.9,0.866,408,61.8,0.844
780,60,1,0.25,0.3,60,0,0,0,0,1,1,289,60.2,0.712,193,65.8,1.068,195,64.6,1.039
780,60,1,0.25,0.3,60,0,0,0,0,1,-1,294,63.6,0.929,201,60.2,0.711,213,59.2,0.7
780,60,1,0.25,0.3,60,0,0,0,0,2,0,399,66.9,0.943,289,62.3,0.895,250,62.0,0.917
780,60,1,0.25,0.3,60,0,0,0,0,2,-1,215,66.5,1.07,156,57.7,0.842,130,59.2,0.961
780,60,1,0.25,0.3,60,0,0,0,1,0,0,470,64.5,0.811,326,65.6,1.071,327,65.1,0.982
780,60,1,0.25,0.3,60,0,0,0,1,0,1,223,63.7,0.758,159,68.6,1.151,154,68.2,1.063
780,60,1,0.25,0.3,60,0,0,0,1,0,-1,245,65.3,0.862,165,62.4,0.978,166,62.0,0.892
780,60,1,0.25,0.3,60,0,0,0,1,1,0,273,63.0,0.771,192,67.2,1.18,202,67.8,1.236
780,60,1,0.25,0.3,60,0,0,0,-1,0,0,512,63.5,0.921,357,59.9,0.735,330,58.5,0.776
780,60,1,0.25,0.3,60,0,0,0,-1,0,1,246,63.0,0.781,165,64.2,0.889,153,60.8,0.861
780,60,1,0.25,0.3,60,0,0,0,-1,0,-1,264,64.4,1.145,192,56.2,0.622,177,56.5,0.713
780,60,1,0.25,0.3,60,0,0,0,-1,1,0,310,61.0,0.851,202,58.9,0.663,205,55.6,0.601
780,60,1,0.25,0.3,60,0,0,0,-1,2,0,202,67.3,1.035,155,61.3,0.845,125,63.2,1.21
780,60,1,0.25,0.3,60,0,0,1,0,0,0,481,63.2,0.788,337,63.5,0.915,329,63.5,0.941
780,60,1,0.25,0.3,60,0,0,1,0,0,1,228,63.2,0.774,164,66.5,1.01,153,65.4,0.933
780,60,1,0.25,0.3,60,0,0,1,0,0,-1,252,63.1,0.797,172,60.5,0.818,172,61.6,0.934
780,60,1,0.25,0.3,60,0,0,1,0,1,0,286,61.9,0.768,193,64.2,1.047,199,64.8,1.158
780,60,1,0.25,0.3,60,0,0,1,1,0,0,426,63.6,0.779,297,64.0,0.992,302,64.2,0.959
780,60,1,0.25,0.3,60,0,0,1,1,0,1,201,63.2,0.762,143,67.1,1.131,140,66.4,0.98
780,60,1,0.25,0.3,60,0,0,1,1,0,-1,224,63.8,0.789,153,60.8,0.862,158,62.0,0.924
780,60,1,0.25,0.3,60,0,0,1,1,1,0,249,62.2,0.739,176,65.3,1.125,187,66.8,1.233
780,60,1,0.25,0.3,60,0,0,-1,0,0,0,499,64.9,0.956,345,61.7,0.841,326,60.1,0.809
780,60,1,0.25,0.3,60,0,0,-1,0,0,1,241,63.5,0.766,160,66.2,1.008,155,63.9,0.993
780,60,1,0.25,0.3,60,0,0,-1,0,0,-1,257,66.5,1.266,185,57.8,0.724,171,56.7,0.683
780,60,1,0.25,0.3,60,0,0,-1,0,1,0,297,62.0,0.857,201,61.7,0.73,209,58.9,0.648
780,60,1,0.25,0.3,60,0,0,-1,0,2,0,202,69.3,1.115,144,61.8,1.022,117,62.4,1.233
780,60,1,0.25,0.3,60,0,0,-1,-1,0,0,456,64.0,0.932,317,59.9,0.768,303,58.7,0.779
780,60,1,0.25,0.3,60,0,0,-1,-1,0,1,219,63.0,0.771,144,64.6,0.974,140,61.4,0.9
780,60,1,0.25,0.3,60,0,0,-1,-1,0,-1,236,65.3,1.183,173,56.1,0.63,163,56.4,0.695
780,60,1,0.25,0.3,60,0,0,-1,-1,1,0,273,61.2,0.83,185,59.5,0.676,193,57.0,0.615
780,60,1,0.25,0.3,60,0,1,0,0,0,0,253,67.6,0.93,177,63.3,0.865,192,62.5,0.856
780,60,1,0.25,0.3,60,0,-1,0,0,0,0,729,62.7,0.842,506,62.5,0.884,466,61.6,0.879
780,60,1,0.25,0.3,60,0,-1,0,0,0,1,348,64.9,0.857,237,66.7,1.035,212,65.6,1.022
780,60,1,0.25,0.3,60,0,-1,0,0,0,-1,378,60.8,0.831,267,58.4,0.757,250,58.4,0.778
780,60,1,0.25,0.3,60,0,-1,0,0,1,0,423,59.8,0.766,299,63.5,0.867,294,62.2,0.835
780,60,1,0.25,0.3,60,0,-1,0,0,1,1,210,61.4,0.803,146,65.8,0.997,137,65.0,0.993
780,60,1,0.25,0.3,60,0,-1,0,0,1,-1,213,58.2,0.73,153,61.4,0.753,157,59.9,0.717
780,60,1,0.25,0.3,60,0,-1,0,0,2,0,306,66.7,0.951,207,60.9,0.907,172,60.5,0.955
780,60,1,0.25,0.3,60,0,-1,0,1,0,0,332,63.0,0.777,237,64.6,1.017,228,64.0,0.912
780,60,1,0.25,0.3,60,0,-1,0,-1,0,0,397,62.5,0.908,269,60.6,0.775,237,59.1,0.842
780,60,1,0.25,0.3,60,0,-1,0,-1,0,-1,200,61.5,1.006,142,57.7,0.652,131,58.8,0.786
780,60,1,0.25,0.3,60,0,-1,0,-1,1,0,242,58.7,0.764,156,60.9,0.755,149,57.0,0.654
780,60,1,0.25,0.3,60,0,-1,1,0,0,0,339,62.2,0.802,244,62.7,0.867,226,62.4,0.872
780,60,1,0.25,0.3,60,0,-1,1,1,0,0,299,62.2,0.757,214,62.1,0.882,209,62.7,0.874
780,60,1,0.25,0.3,60,0,-1,-1,0,0,0,388,63.4,0.887,261,62.1,0.895,238,60.9,0.889
780,60,1,0.25,0.3,60,0,-1,-1,0,1,0,231,59.3,0.742,158,63.3,0.811,157,60.5,0.72
780,60,1,0.25,0.3,60,0,-1,-1,-1,0,0,356,62.6,0.877,239,59.8,0.775,220,59.1,0.842
780,60,1,0.25,0.3,60,0,-1,-1,-1,1,0,214,58.4,0.716,143,60.8,0.742,143,58.0,0.671
780,60,1,0.25,0.3,60,1,0,0,0,0,0,422,68.5,0.979,319,66.5,0.97,283,64.0,0.86
780,60,1,0.25,0.3,60,1,0,0,0,0,1,259,67.2,0.912,198,70.2,1.21,170,67.6,1.105
780,60,1,0.25,0.3,60,1,0,0,0,1,0,246,67.5,1.012,186,65.1,0.96,172,63.4,0.837
780,60,1,0.25,0.3,60,1,0,0,1,0,0,206,68.0,0.913,161,69.6,1.218,145,68.3,1.014
780,60,1,0.25,0.3,60,1,0,0,-1,0,0,216,69.0,1.048,158,63.3,0.787,138,59.4,0.732
780,60,1,0.25,0.3,60,1,0,1,0,0,0,212,68.9,1.002,166,68.7,1.07,142,67.6,0.982
780,60,1,0.25,0.3,60,1,0,-1,0,0,0,210,68.1,0.957,153,64.1,0.876,141,60.3,0.76
780,60,1,0.25,0.3,60,1,-1,0,0,0,0,310,68.1,0.961,232,66.4,1.011,196,65.8,0.958
780,60,1,0.25,0.3,60,-1,0,0,0,0,0,520,60.8,0.781,345,60.0,0.837,298,59.7,0.849
780,60,1,0.25,0.3,60,-1,0,0,0,0,-1,328,62.5,0.933,229,58.5,0.8,192,59.4,0.858
780,60,1,0.25,0.3,60,-1,0,0,0,1,0,301,57.5,0.663,193,62.2,0.854,171,60.2,0.812
780,60,1,0.25,0.3,60,-1,0,0,0,2,0,219,65.3,0.98,152,57.2,0.818,127,59.1,0.898
780,60,1,0.25,0.3,60,-1,0,0,0,2,-1,207,67.1,1.109,147,56.5,0.803,121,58.7,0.92
780,60,1,0.25,0.3,60,-1,0,0,1,0,0,249,61.8,0.728,156,62.8,1.034,146,61.6,0.927
780,60,1,0.25,0.3,60,-1,0,0,-1,0,0,271,59.8,0.844,189,57.7,0.7,151,57.6,0.778
780,60,1,0.25,0.3,60,-1,0,1,0,0,0,251,59.0,0.65,162,59.9,0.841,151,61.6,0.922
780,60,1,0.25,0.3,60,-1,0,1,1,0,0,224,59.8,0.653,144,60.4,0.861,138,60.9,0.906
780,60,1,0.25,0.3,60,-1,0,-1,0,0,0,269,62.5,0.955,183,60.1,0.834,147,57.8,0.784
780,60,1,0.25,0.3,60,-1,0,-1,-1,0,0,244,60.7,0.871,171,57.9,0.702,138,56.5,0.754
780,60,1,0.25,0.3,60,-1,-1,0,0,0,0,393,58.8,0.744,260,59.2,0.801,222,58.1,0.787
780,60,1,0.25,0.3,60,-1,-1,0,0,0,-1,254,58.3,0.774,170,56.5,0.758,143,55.9,0.777
780,60,1,0.25,0.3,60,-1,-1,0,0,1,0,226,56.2,0.66,150,62.7,0.847,132,59.1,0.73
780,60,1,0.25,0.3,60,-1,-1,0,-1,0,0,208,57.2,0.782,141,56.7,0.644,112,55.4,0.708
780,60,1,0.25,0.3,60,-1,-1,-1,0,0,0,209,60.3,0.873,135,59.3,0.807,109,56.0,0.742
810,-2,0,0.15,1.0,60,0,0,0,0,0,0,979,54.0,1.164,680,49.7,0.96,654,49.2,0.955
810,-2,0,0.15,1.0,60,0,0,0,0,0,1,494,53.4,1.14,334,51.2,0.905,317,50.2,0.871
810,-2,0,0.15,1.0,60,0,0,0,0,0,-1,481,54.7,1.196,344,48.5,1.033,330,48.5,1.056
810,-2,0,0.15,1.0,60,0,0,0,0,1,0,584,57.0,1.32,395,49.6,0.949,409,50.1,0.969
810,-2,0,0.15,1.0,60,0,0,0,0,1,1,291,54.6,1.235,193,52.3,1.0,201,51.7,0.974
810,-2,0,0.15,1.0,60,0,0,0,0,1,-1,293,59.4,1.401,202,47.0,0.903,208,48.6,0.965
810,-2,0,0.15,1.0,60,0,0,0,0,2,0,395,49.6,0.975,285,49.8,0.975,245,47.8,0.933
810,-2,0,0.15,1.0,60,0,0,0,0,2,1,203,51.7,1.023,141,49.6,0.786,116,47.4,0.717
810,-2,0,0.15,1.0,60,0,0,0,1,0,0,498,57.6,1.242,332,51.2,1.067,315,47.3,0.946
810,-2,0,0.15,1.0,60,0,0,0,1,0,1,249,57.0,1.209,168,55.4,1.113,155,51.0,0.995
810,-2,0,0.15,1.0,60,0,0,0,1,0,-1,246,58.5,1.298,163,47.2,1.042,155,43.9,0.92
810,-2,0,0.15,1.0,60,0,0,0,1,1,0,313,61.7,1.478,191,52.9,1.16,193,49.7,1.028
810,-2,0,0.15,1.0,60,0,0,0,-1,0,0,481,50.3,1.093,348,48.3,0.872,338,50.9,0.96
810,-2,0,0.15,1.0,60,0,0,0,-1,0,1,245,49.8,1.078,166,47.0,0.746,162,49.4,0.768
810,-2,0,0.15,1.0,60,0,0,0,-1,0,-1,235,50.6,1.106,181,49.7,1.026,174,52.3,1.176
810,-2,0,0.15,1.0,60,0,0,0,-1,1,0,271,51.7,1.165,204,46.6,0.801,215,50.2,0.915
810,-2,0,0.15,1.0,60,0,0,0,-1,2,0,210,48.6,1.013,144,50.7,0.989,123,52.0,1.042
810,-2,0,0.15,1.0,60,0,0,1,0,0,0,482,57.9,1.282,331,51.1,1.026,318,48.7,0.986
810,-2,0,0.15,1.0,60,0,0,1,0,0,1,241,58.1,1.259,168,55.4,1.137,155,52.9,1.098
810,-2,0,0.15,1.0,60,0,0,1,0,0,-1,239,58.2,1.334,163,46.6,0.928,161,44.7,0.907
810,-2,0,0.15,1.0,60,0,0,1,0,1,0,301,61.8,1.534,192,52.6,1.047,201,51.2,1.074
810,-2,0,0.15,1.0,60,0,0,1,1,0,0,441,58.0,1.272,296,51.4,1.088,290,47.6,0.983
810,-2,0,0.15,1.0,60,0,0,1,1,0,1,221,58.4,1.246,151,55.6,1.19,144,52.1,1.105
810,-2,0,0.15,1.0,60,0,0,1,1,0,-1,218,58.3,1.331,145,46.9,0.997,144,43.1,0.894
810,-2,0,0.15,1.0,60,0,0,1,1,1,0,277,62.8,1.593,174,52.9,1.11,183,49.7,1.045
810,-2,0,0.15,1.0,60,0,0,-1,0,0,0,495,50.1,1.059,348,48.6,0.911,333,49.8,0.931
810,-2,0,0.15,1.0,60,0,0,-1,0,0,1,253,49.0,1.04,166,47.0,0.734,162,47.5,0.704
810,-2,0,0.15,1.0,60,0,0,-1,0,0,-1,242,51.2,1.077,181,50.3,1.137,169,52.1,1.215
810,-2,0,0.15,1.0,60,0,0,-1,0,1,0,283,51.9,1.123,203,46.8,0.872,208,49.0,0.879
810,-2,0,0.15,1.0,60,0,0,-1,0,2,0,212,47.6,0.987,145,51.0,0.971,125,51.2,1.018
810,-2,0,0.15,1.0,60,0,0,-1,-1,0,0,439,49.7,1.066,313,48.2,0.903,311,50.2,0.96
810,-2,0,0.15,1.0,60,0,0,-1,-1,0,1,225,49.3,1.05,149,46.3,0.741,151,48.3,0.756
810,-2,0,0.15,1.0,60,0,0,-1,-1,0,-1,214,50.0,1.081,163,50.3,1.104,158,51.9,1.201
810,-2,0,0.15,1.0,60,0,0,-1,-1,1,0,247,51.8,1.173,186,46.2,0.822,198,49.0,0.888
810,-2,0,0.15,1.0,60,0,1,0,0,0,0,798,55.3,1.226,540,49.1,0.917,540,48.1,0.896
810,-2,0,0.15,1.0,60,0,1,0,0,0,1,408,55.4,1.263,276,50.4,0.874,267,49.1,0.828
810,-2,0,0.15,1.0,60,0,1,0,0,0,-1,387,55.0,1.199,263,47.9,0.971,269,47.2,0.968
810,-2,0,0.15,1.0,60,0,1,0,0,1,0,478,59.0,1.463,311,48.9,0.917,346,49.7,0.965
810,-2,0,0.15,1.0,60,0,1,0,0,1,1,240,57.5,1.461,158,51.3,0.981,171,51.5,1.005
810,-2,0,0.15,1.0,60,0,1,0,0,1,-1,238,60.5,1.464,153,46.4,0.856,175,48.0,0.929
810,-2,0,0.15,1.0,60,0,1,0,0,2,0,320,49.7,0.951,229,49.3,0.917,194,45.4,0.788
810,-2,0,0.15,1.0,60,0,1,0,1,0,0,420,60.0,1.423,272,51.8,1.09,267,47.2,0.92
810,-2,0,0.15,1.0,60,0,1,0,1,0,1,212,59.4,1.411,141,56.0,1.155,135,51.1,0.976
810,-2,0,0.15,1.0,60,0,1,0,1,0,-1,206,60.7,1.453,131,47.3,1.028,130,43.1,0.863
810,-2,0,0.15,1.0,60,0,1,0,1,1,0,265,64.5,1.777,158,54.4,1.242,170,51.2,1.09
810,-2,0,0.15,1.0,60,0,1,0,-1,0,0,378,50.0,1.055,268,46.3,0.783,272,48.9,0.871
810,-2,0,0.15,1.0,60,0,1,0,-1,1,0,213,52.1,1.177,153,43.1,0.698,175,48.0,0.855
810,-2,0,0.15,1.0,60,0,1,1,0,0,0,405,60.0,1.437,269,52.0,1.003,272,48.9,0.961
810,-2,0,0.15,1.0,60,0,1,1,0,0,1,203,60.1,1.416,140,56.4,1.121,133,53.4,1.102
810,-2,0,0.15,1.0,60,0,1,1,0,0,-1,201,60.2,1.481,129,47.3,0.896,138,44.2,0.842
810,-2,0,0.15,1.0,60,0,1,1,0,1,0,255,64.7,1.818,158,55.1,1.118,179,52.5,1.122
810,-2,0,0.15,1.0,60,0,1,1,1,0,0,372,60.5,1.455,243,51.9,1.056,247,47.4,0.946
810,-2,0,0.15,1.0,60,0,1,1,1,1,0,236,65.7,1.902,144,54.9,1.179,162,51.2,1.102
810,-2,0,0.15,1.0,60,0,1,-1,0,0,0,391,50.1,1.042,271,46.1,0.846,267,47.6,0.841
810,-2,0,0.15,1.0,60,0,1,-1,0,0,1,205,50.7,1.133,136,44.1,0.698,134,44.8,0.634
810,-2,0,0.15,1.0,60,0,1,-1,0,1,0,223,52.5,1.146,153,42.5,0.766,167,46.7,0.827
810,-2,0,0.15,1.0,60,0,1,-1,-1,0,0,344,49.4,1.032,242,45.5,0.8,248,47.6,0.857
810,-2,0,0.15,1.0,60,1,0,0,0,0,0,492,55.5,1.244,314,49.4,0.856,274,50.7,0.89
810,-2,0,0.15,1.0,60,1,0,0,0,0,1,307,54.1,1.194,201,53.2,0.905,170,52.4,0.874
810,-2,0,0.15,1.0,60,1,0,0,0,1,0,291,57.4,1.393,180,48.3,0.882,164,51.8,0.984
810,-2,0,0.15,1.0,60,1,0,0,0,2,0,201,52.7,1.058,134,50.7,0.824,110,49.1,0.769
810,-2,0,0.15,1.0,60,1,0,0,1,0,0,253,60.5,1.386,163,52.1,1.009,132,50.0,0.913
810,-2,0,0.15,1.0,60,1,0,0,-1,0,0,239,50.2,1.129,151,46.4,0.726,141,51.1,0.86
810,-2,0,0.15,1.0,60,1,0,1,0,0,0,247,59.5,1.375,162,51.9,1.037,132,50.8,0.97
810,-2,0,0.15,1.0,60,1,0,1,1,0,0,224,60.3,1.379,146,52.1,1.076,121,48.8,0.922
810,-2,0,0.15,1.0,60,1,0,-1,0,0,0,245,51.4,1.135,152,46.7,0.704,142,50.7,0.826
810,-2,0,0.15,1.0,60,1,0,-1,-1,0,0,216,50.0,1.107,135,45.9,0.721,131,49.6,0.827
810,-2,0,0.15,1.0,60,1,1,0,0,0,0,410,56.3,1.303,260,49.6,0.843,236,49.6,0.821
810,-2,0,0.15,1.0,60,1,1,0,0,0,1,259,54.4,1.206,170,53.5,0.892,145,51.7,0.793
810,-2,0,0.15,1.0,60,1,1,0,0,1,0,241,58.9,1.526,148,49.3,0.903,146,51.4,0.977
810,-2,0,0.15,1.0,60,1,1,0,1,0,0,217,61.3,1.476,137,51.8,1.018,116,48.3,0.836
810,-2,0,0.15,1.0,60,1,1,1,0,0,0,211,60.7,1.485,135,52.6,1.001,116,50.0,0.914
810,-2,0,0.15,1.0,60,-1,0,0,0,0,0,447,53.0,1.1,347,50.1,1.061,304,48.7,1.066
810,-2,0,0.15,1.0,60,-1,0,0,0,0,-1,276,52.9,1.121,222,50.0,1.104,189,48.7,1.14
810,-2,0,0.15,1.0,60,-1,0,0,0,1,0,257,58.0,1.271,200,50.0,0.976,181,49.2,0.998
810,-2,0,0.15,1.0,60,-1,0,0,1,0,0,223,54.3,1.117,161,51.6,1.177,141,48.2,1.182
810,-2,0,0.15,1.0,60,-1,0,0,-1,0,0,224,51.8,1.082,186,48.9,0.972,163,49.1,0.976
810,-2,0,0.15,1.0,60,-1,0,1,0,0,0,214,56.1,1.206,161,50.9,1.046,147,49.0,1.161
810,-2,0,0.15,1.0,60,-1,0,-1,0,0,0,233,50.2,1.008,186,49.5,1.074,157,48.4,0.985
810,-2,0,0.15,1.0,60,-1,0,-1,-1,0,0,209,50.7,1.041,169,49.7,1.049,149,49.0,1.01
810,-2,0,0.15,1.0,60,-1,1,0,0,0,0,356,54.2,1.153,265,48.3,0.977,243,46.9,0.978
810,-2,0,0.15,1.0,60,-1,1,0,0,0,-1,220,51.8,1.046,165,49.1,1.013,148,47.3,1.0
810,-2,0,0.15,1.0,60,-1,1,0,0,1,0,208,60.1,1.415,150,47.3,0.886,147,48.3,0.978
810,-2,1,0.15,0.6,60,0,0,0,0,0,0,979,53.0,0.778,680,56.2,0.908,654,57.3,0.951
810,-2,1,0.15,0.6,60,0,0,0,0,0,1,481,52.0,0.751,344,57.8,0.915,330,58.5,0.921
810,-2,1,0.15,0.6,60,0,0,0,0,0,-1,494,53.8,0.8,334,54.2,0.89,317,55.8,0.967
810,-2,1,0.15,0.6,60,0,0,0,0,1,0,584,50.7,0.712,395,56.2,0.927,409,56.2,0.941
810,-2,1,0.15,0.6,60,0,0,0,0,1,1,293,47.4,0.657,202,59.4,1.063,208,58.2,0.998
810,-2,1,0.15,0.6,60,0,0,0,0,1,-1,291,54.0,0.779,193,52.8,0.806,201,54.2,0.883
810,-2,1,0.15,0.6,60,0,0,0,0,2,0,395,56.5,0.883,285,56.1,0.882,245,59.2,0.969
810,-2,1,0.15,0.6,60,0,0,0,0,2,-1,203,53.7,0.831,141,56.0,1.025,116,58.6,1.131
810,-2,1,0.15,0.6,60,0,0,0,1,0,0,481,57.6,0.864,348,57.2,0.94,338,57.1,0.946
810,-2,1,0.15,0.6,60,0,0,0,1,0,1,235,57.0,0.851,181,56.9,0.879,174,55.7,0.812
810,-2,1,0.15,0.6,60,0,0,0,1,0,-1,245,58.0,0.873,166,57.2,1.0,162,58.6,1.135
810,-2,1,0.15,0.6,60,0,0,0,1,1,0,271,59.4,0.964,204,57.4,0.976,215,56.7,0.963
810,-2,1,0.15,0.6,60,0,0,0,1,2,0,210,55.2,0.756,144,56.9,0.891,123,57.7,0.92
810,-2,1,0.15,0.6,60,0,0,0,-1,0,0,498,48.6,0.698,332,55.1,0.875,315,57.5,0.953
810,-2,1,0.15,0.6,60,0,0,0,-1,0,1,246,47.2,0.661,163,58.9,0.958,155,61.3,1.062
810,-2,1,0.15,0.6,60,0,0,0,-1,0,-1,249,49.8,0.732,168,51.2,0.788,155,52.9,0.82
810,-2,1,0.15,0.6,60,0,0,0,-1,1,0,313,43.1,0.54,191,55.0,0.876,193,55.4,0.911
810,-2,1,0.15,0.6,60,0,0,1,0,0,0,495,57.2,0.859,348,56.3,0.881,333,56.5,0.923
810,-2,1,0.15,0.6,60,0,0,1,0,0,1,242,55.4,0.824,181,54.7,0.768,169,53.3,0.732
810,-2,1,0.15,0.6,60,0,0,1,0,0,-1,253,58.9,0.898,166,57.8,1.01,162,59.9,1.199
810,-2,1,0.15,0.6,60,0,0,1,0,1,0,283,58.7,0.971,203,57.6,0.908,208,56.7,0.96
810,-2,1,0.15,0.6,60,0,0,1,0,2,0,212,55.2,0.737,145,54.5,0.845,125,56.0,0.869
810,-2,1,0.15,0.6,60,0,0,1,1,0,0,439,57.9,0.869,313,56.2,0.884,311,56.6,0.915
810,-2,1,0.15,0.6,60,0,0,1,1,0,1,214,57.0,0.838,163,54.6,0.778,158,53.8,0.742
810,-2,1,0.15,0.6,60,0,0,1,1,0,-1,225,58.7,0.902,149,57.7,1.004,151,59.6,1.163
810,-2,1,0.15,0.6,60,0,0,1,1,1,0,247,59.5,0.977,186,57.0,0.928,198,57.1,0.956
810,-2,1,0.15,0.6,60,0,0,-1,0,0,0,482,48.8,0.701,331,55.9,0.933,318,57.9,0.968
810,-2,1,0.15,0.6,60,0,0,-1,0,0,1,239,48.5,0.683,163,61.3,1.119,161,64.0,1.191
810,-2,1,0.15,0.6,60,0,0,-1,0,0,-1,241,48.5,0.707,168,50.6,0.779,155,51.6,0.771
810,-2,1,0.15,0.6,60,0,0,-1,0,1,0,301,43.2,0.532,192,54.7,0.95,201,55.7,0.922
810,-2,1,0.15,0.6,60,0,0,-1,-1,0,0,441,48.3,0.691,296,54.7,0.871,290,57.2,0.93
810,-2,1,0.15,0.6,60,0,0,-1,-1,0,1,218,47.7,0.658,145,59.3,0.999,144,62.5,1.105
810,-2,1,0.15,0.6,60,0,0,-1,-1,0,-1,221,48.4,0.716,151,50.3,0.76,144,52.1,0.773
810,-2,1,0.15,0.6,60,0,0,-1,-1,1,0,277,41.9,0.506,174,54.0,0.895,183,55.7,0.905
810,-2,1,0.15,0.6,60,0,-1,0,0,0,0,798,51.6,0.739,540,56.1,0.945,540,57.6,0.989
810,-2,1,0.15,0.6,60,0,-1,0,0,0,1,387,51.9,0.761,263,58.9,0.994,269,59.9,1.009
810,-2,1,0.15,0.6,60,0,-1,0,0,0,-1,408,51.2,0.71,276,53.3,0.893,267,55.4,0.972
810,-2,1,0.15,0.6,60,0,-1,0,0,1,0,478,48.5,0.647,311,56.9,0.994,346,56.4,0.956
810,-2,1,0.15,0.6,60,0,-1,0,0,1,1,238,46.2,0.632,153,61.4,1.238,175,59.4,1.091
810,-2,1,0.15,0.6,60,0,-1,0,0,1,-1,240,50.8,0.663,158,52.5,0.805,171,53.2,0.831
810,-2,1,0.15,0.6,60,0,-1,0,0,2,0,320,56.2,0.9,229,55.0,0.883,194,59.8,1.051
810,-2,1,0.15,0.6,60,0,-1,0,1,0,0,378,57.9,0.879,268,59.0,1.038,272,58.8,1.049
810,-2,1,0.15,0.6,60,0,-1,0,1,1,0,213,59.6,0.952,153,60.8,1.154,175,58.9,1.07
810,-2,1,0.15,0.6,60,0,-1,0,-1,0,0,420,46.0,0.626,272,53.3,0.857,267,56.2,0.926
810,-2,1,0.15,0.6,60,0,-1,0,-1,0,1,206,45.1,0.609,131,58.8,0.994,130,61.5,1.108
810,-2,1,0.15,0.6,60,0,-1,0,-1,0,-1,212,46.7,0.642,141,48.2,0.742,135,51.1,0.782
810,-2,1,0.15,0.6,60,0,-1,0,-1,1,0,265,39.6,0.459,158,53.2,0.856,170,53.5,0.847
810,-2,1,0.15,0.6,60,0,-1,1,0,0,0,391,57.0,0.852,271,57.6,0.933,267,58.1,1.01
810,-2,1,0.15,0.6,60,0,-1,1,0,0,-1,205,56.6,0.783,136,58.1,1.016,134,61.2,1.302
810,-2,1,0.15,0.6,60,0,-1,1,0,1,0,223,58.3,0.932,153,61.4,1.056,167,58.7,1.054
810,-2,1,0.15,0.6,60,0,-1,1,1,0,0,344,58.1,0.876,242,58.3,0.983,248,58.5,1.017
810,-2,1,0.15,0.6,60,0,-1,-1,0,0,0,405,46.4,0.643,269,54.6,0.958,272,57.0,0.967
810,-2,1,0.15,0.6,60,0,-1,-1,0,0,1,201,46.8,0.638,129,61.2,1.192,138,64.5,1.281
810,-2,1,0.15,0.6,60,0,-1,-1,0,0,-1,203,45.8,0.641,140,48.6,0.78,133,49.6,0.727
810,-2,1,0.15,0.6,60,0,-1,-1,0,1,0,255,40.0,0.467,158,52.5,0.935,179,54.2,0.874
810,-2,1,0.15,0.6,60,0,-1,-1,-1,0,0,372,45.7,0.623,243,53.5,0.897,247,56.3,0.925
810,-2,1,0.15,0.6,60,0,-1,-1,-1,1,0,236,38.6,0.436,144,52.1,0.894,162,53.7,0.843
810,-2,1,0.15,0.6,60,1,0,0,0,0,0,447,53.5,0.768,347,57.3,0.865,304,58.6,0.88
810,-2,1,0.15,0.6,60,1,0,0,0,0,1,276,52.5,0.75,222,58.6,0.866,189,59.8,0.852
810,-2,1,0.15,0.6,60,1,0,0,0,1,0,257,49.8,0.676,200,58.0,0.919,181,56.9,0.87
810,-2,1,0.15,0.6,60,1,0,0,1,0,0,224,55.4,0.813,186,57.0,0.865,163,58.9,0.964
810,-2,1,0.15,0.6,60,1,0,0,-1,0,0,223,51.6,0.726,161,57.8,0.866,141,58.2,0.793
810,-2,1,0.15,0.6,60,1,0,1,0,0,0,233,55.8,0.82,186,55.9,0.777,157,58.0,0.901
810,-2,1,0.15,0.6,60,1,0,1,1,0,0,209,56.0,0.825,169,55.0,0.774,149,57.0,0.88
810,-2,1,0.15,0.6,60,1,0,-1,0,0,0,214,50.9,0.717,161,59.0,0.987,147,59.2,0.857
810,-2,1,0.15,0.6,60,1,-1,0,0,0,0,356,52.5,0.729,265,58.5,0.917,243,60.1,0.953
810,-2,1,0.15,0.6,60,1,-1,0,0,0,1,220,53.6,0.788,165,60.0,0.938,148,61.5,0.963
810,-2,1,0.15,0.6,60,1,-1,0,0,1,0,208,47.6,0.594,150,60.7,1.036,147,59.2,0.962
810,-2,1,0.15,0.6,60,-1,0,0,0,0,0,492,52.6,0.787,314,54.8,0.964,274,55.1,0.974
810,-2,1,0.15,0.6,60,-1,0,0,0,0,-1,307,53.1,0.8,201,52.2,0.861,170,54.1,0.927
810,-2,1,0.15,0.6,60,-1,0,0,0,1,0,291,51.5,0.75,180,55.0,0.979,164,54.9,0.963
810,-2,1,0.15,0.6,60,-1,0,0,0,2,0,201,54.2,0.847,134,54.5,0.945,110,55.5,0.991
810,-2,1,0.15,0.6,60,-1,0,0,1,0,0,239,58.6,0.896,151,58.3,1.094,141,56.0,0.97
810,-2,1,0.15,0.6,60,-1,0,0,-1,0,0,253,47.0,0.686,163,51.5,0.853,132,53.8,0.969
810,-2,1,0.15,0.6,60,-1,0,1,0,0,0,245,57.6,0.878,152,57.9,1.107,142,55.6,0.974
810,-2,1,0.15,0.6,60,-1,0,1,1,0,0,216,58.8,0.901,135,58.5,1.101,131,57.3,1.016
810,-2,1,0.15,0.6,60,-1,0,-1,0,0,0,247,47.8,0.701,162,51.9,0.847,132,54.5,0.973
810,-2,1,0.15,0.6,60,-1,0,-1,-1,0,0,224,46.9,0.684,146,51.4,0.827,121,55.4,1.014
810,-2,1,0.15,0.6,60,-1,-1,0,0,0,0,410,51.2,0.751,260,53.8,0.99,236,55.5,1.036
810,-2,1,0.15,0.6,60,-1,-1,0,0,0,-1,259,51.4,0.753,170,50.6,0.855,145,53.1,0.962
810,-2,1,0.15,0.6,60,-1,-1,0,0,1,0,241,49.8,0.7,148,54.1,1.002,146,54.1,0.942
810,-2,1,0.15,0.6,60,-1,-1,0,-1,0,0,217,45.6,0.641,137,51.1,0.883,116,54.3,1.011
810,-2,1,0.15,0.6,60,-1,-1,-1,0,0,0,211,46.4,0.664,135,51.1,0.903,116,54.3,1.003
810,-1,0,0.15,0.3,60,0,0,0,0,0,0,979,76.3,1.093,680,70.7,0.84,654,71.4,0.879
810,-1,0,0.15,0.3,60,0,0,0,0,0,1,482,76.3,1.126,345,72.2,0.869,319,71.2,0.864
810,-1,0,0.15,0.3,60,0,0,0,0,0,-1,493,76.5,1.079,333,69.1,0.804,328,71.6,0.898
810,-1,0,0.15,0.3,60,0,0,0,0,1,0,584,78.1,1.265,395,72.9,0.924,410,73.7,0.992
810,-1,0,0.15,0.3,60,0,0,0,0,1,1,278,77.0,1.25,198,75.3,1.061,205,74.1,1.075
810,-1,0,0.15,0.3,60,0,0,0,0,1,-1,306,79.1,1.279,197,70.6,0.812,205,73.2,0.919
810,-1,0,0.15,0.3,60,0,0,0,0,2,0,395,73.7,0.901,285,67.7,0.746,244,67.6,0.736
810,-1,0,0.15,0.3,60,0,0,0,0,2,1,204,75.5,0.988,147,68.0,0.693,114,65.8,0.628
810,-1,0,0.15,0.3,60,0,0,0,1,0,0,691,77.0,1.118,478,71.8,0.94,457,70.9,0.931
810,-1,0,0.15,0.3,60,0,0,0,1,0,1,339,76.4,1.111,246,74.0,1.004,226,71.2,0.926
810,-1,0,0.15,0.3,60,0,0,0,1,0,-1,348,77.9,1.147,230,69.1,0.868,224,70.5,0.943
810,-1,0,0.15,0.3,60,0,0,0,1,1,0,418,79.2,1.366,280,73.9,1.06,285,73.7,1.101
810,-1,0,0.15,0.3,60,0,0,0,1,1,1,200,77.0,1.295,144,77.8,1.319,150,75.3,1.235
810,-1,0,0.15,0.3,60,0,0,0,1,1,-1,218,81.2,1.431,136,69.9,0.861,135,71.9,0.975
810,-1,0,0.15,0.3,60,0,0,0,1,2,0,273,73.6,0.856,198,68.7,0.813,172,66.3,0.734
810,-1,0,0.15,0.3,60,0,0,0,-1,0,0,288,74.7,1.034,202,68.3,0.658,196,72.4,0.77
810,-1,0,0.15,0.3,60,0,0,1,0,0,0,660,77.3,1.14,467,70.9,0.897,451,70.7,0.908
810,-1,0,0.15,0.3,60,0,0,1,0,0,1,324,76.2,1.08,241,72.6,0.939,221,70.6,0.89
810,-1,0,0.15,0.3,60,0,0,1,0,0,-1,334,78.7,1.234,225,68.9,0.85,226,71.2,0.952
810,-1,0,0.15,0.3,60,0,0,1,0,1,0,400,79.5,1.406,277,72.6,0.962,288,72.9,1.034
810,-1,0,0.15,0.3,60,0,0,1,0,1,-1,212,81.6,1.53,134,68.7,0.816,139,71.2,0.926
810,-1,0,0.15,0.3,60,0,0,1,0,2,0,260,73.8,0.862,190,68.4,0.819,163,66.9,0.743
810,-1,0,0.15,0.3,60,0,0,1,1,0,0,626,77.3,1.138,437,71.6,0.935,427,70.7,0.918
810,-1,0,0.15,0.3,60,0,0,1,1,0,1,309,77.0,1.127,226,73.9,1.008,212,70.8,0.904
810,-1,0,0.15,0.3,60,0,0,1,1,0,-1,315,78.1,1.182,210,69.0,0.861,211,71.1,0.96
810,-1,0,0.15,0.3,60,0,0,1,1,1,0,379,79.9,1.447,261,73.6,1.027,272,73.2,1.066
810,-1,0,0.15,0.3,60,0,0,1,1,2,0,247,73.3,0.832,176,68.8,0.827,155,66.5,0.734
810,-1,0,0.15,0.3,60,0,0,-1,0,0,0,317,74.1,0.988,212,70.3,0.729,200,72.5,0.8
810,-1,0,0.15,0.3,60,0,0,-1,-1,0,0,254,74.4,1.012,172,69.8,0.684,173,72.8,0.777
810,-1,0,0.15,0.3,60,0,1,0,0,0,0,729,77.5,1.211,508,70.1,0.815,495,69.9,0.802
810,-1,0,0.15,0.3,60,0,1,0,0,0,1,368,77.4,1.181,266,72.2,0.892,247,70.0,0.804
810,-1,0,0.15,0.3,60,0,1,0,0,0,-1,359,77.7,1.255,242,67.8,0.742,246,69.5,0.791
810,-1,0,0.15,0.3,60,0,1,0,0,1,0,441,79.1,1.373,298,71.1,0.832,320,71.6,0.877
810,-1,0,0.15,0.3,60,0,1,0,0,1,1,215,79.1,1.355,154,72.7,0.921,160,71.2,0.913
810,-1,0,0.15,0.3,60,0,1,0,0,1,-1,226,79.2,1.388,144,69.4,0.752,160,71.9,0.844
810,-1,0,0.15,0.3,60,0,1,0,0,2,0,288,75.0,1.021,210,68.6,0.792,175,66.9,0.693
810,-1,0,0.15,0.3,60,0,1,0,1,0,0,482,78.0,1.245,329,71.1,0.962,316,68.7,0.851
810,-1,0,0.15,0.3,60,0,1,0,1,0,1,245,76.7,1.12,178,74.7,1.152,164,70.1,0.892
810,-1,0,0.15,0.3,60,0,1,0,1,0,-1,235,79.6,1.407,151,66.9,0.801,150,66.7,0.797
810,-1,0,0.15,0.3,60,0,1,0,1,1,0,299,80.3,1.514,196,71.9,0.975,203,70.9,0.967
810,-1,0,0.15,0.3,60,0,1,0,-1,0,0,247,76.5,1.145,179,68.2,0.621,178,71.9,0.721
810,-1,0,0.15,0.3,60,0,1,1,0,0,0,460,78.3,1.263,321,69.8,0.872,316,68.4,0.825
810,-1,0,0.15,0.3,60,0,1,1,0,0,1,231,76.6,1.091,175,73.1,1.001,160,69.4,0.856
810,-1,0,0.15,0.3,60,0,1,1,0,0,-1,228,80.3,1.494,146,65.8,0.751,155,67.1,0.789
810,-1,0,0.15,0.3,60,0,1,1,0,1,0,286,80.8,1.551,194,70.6,0.885,209,69.9,0.896
810,-1,0,0.15,0.3,60,0,1,1,1,0,0,432,78.2,1.259,298,70.5,0.915,294,68.0,0.827
810,-1,0,0.15,0.3,60,0,1,1,1,0,1,220,77.3,1.132,163,74.8,1.109,152,69.7,0.877
810,-1,0,0.15,0.3,60,0,1,1,1,0,-1,211,79.6,1.437,135,65.2,0.749,141,66.0,0.772
810,-1,0,0.15,0.3,60,0,1,1,1,1,0,269,81.0,1.585,182,71.4,0.941,194,70.1,0.926
810,-1,0,0.15,0.3,60,0,1,-1,0,0,0,268,76.1,1.114,187,70.6,0.729,178,72.5,0.757
810,-1,0,0.15,0.3,60,0,1,-1,-1,0,0,219,76.3,1.121,156,69.2,0.638,157,72.0,0.716
810,-1,0,0.15,0.3,60,0,-1,0,0,0,0,250,72.8,0.833,172,72.7,0.918,159,76.1,1.189
810,-1,0,0.15,0.3,60,0,-1,0,1,0,0,209,74.6,0.887,149,73.2,0.897,141,75.9,1.143
810,-1,0,0.15,0.3,60,0,-1,1,0,0,0,200,75.0,0.91,146,73.3,0.951,135,76.3,1.143
810,-1,0,0.15,0.3,60,1,0,0,0,0,0,489,76.5,1.155,336,72.0,0.871,285,73.3,0.897
810,-1,0,0.15,0.3,60,1,0,0,0,0,1,300,75.0,1.05,218,71.1,0.81,174,70.1,0.73
810,-1,0,0.15,0.3,60,1,0,0,0,1,0,289,77.2,1.31,194,74.2,1.003,175,76.6,1.093
810,-1,0,0.15,0.3,60,1,0,0,0,2,0,200,75.5,0.978,142,69.0,0.74,110,68.2,0.695
810,-1,0,0.15,0.3,60,1,0,0,1,0,0,344,77.0,1.183,245,73.1,0.999,203,72.9,0.986
810,-1,0,0.15,0.3,60,1,0,0,1,0,1,206,75.7,1.065,158,72.2,0.899,122,69.7,0.765
810,-1,0,0.15,0.3,60,1,0,0,1,1,0,207,78.3,1.474,148,75.0,1.178,130,76.2,1.253
810,-1,0,0.15,0.3,60,1,0,1,0,0,0,331,77.3,1.204,239,71.5,0.959,200,72.0,0.944
810,-1,0,0.15,0.3,60,1,0,1,0,0,1,200,75.5,1.03,153,70.6,0.867,118,67.8,0.704
810,-1,0,0.15,0.3,60,1,0,1,1,0,0,312,77.2,1.192,226,72.1,0.984,191,71.7,0.942
810,-1,0,0.15,0.3,60,1,1,0,0,0,0,374,76.7,1.205,256,72.3,0.885,220,71.8,0.793
810,-1,0,0.15,0.3,60,1,1,0,0,0,1,235,76.2,1.14,168,72.6,0.903,134,70.1,0.7
810,-1,0,0.15,0.3,60,1,1,0,0,1,0,221,77.8,1.407,149,71.8,0.856,138,72.5,0.837
810,-1,0,0.15,0.3,60,1,1,0,1,0,0,248,76.6,1.204,174,74.1,1.152,145,71.0,0.883
810,-1,0,0.15,0.3,60,1,1,1,0,0,0,236,76.7,1.199,169,72.2,1.012,144,70.1,0.845
810,-1,0,0.15,0.3,60,1,1,1,1,0,0,221,76.5,1.18,159,73.0,1.059,135,69.6,0.837
810,-1,0,0.15,0.3,60,-1,0,0,0,0,0,450,76.4,1.057,325,69.5,0.814,292,69.9,0.868
810,-1,0,0.15,0.3,60,-1,0,0,0,0,-1,283,74.6,0.938,205,65.4,0.681,184,66.8,0.716
810,-1,0,0.15,0.3,60,-1,0,0,0,1,0,259,79.5,1.256,186,72.0,0.879,170,71.2,0.909
810,-1,0,0.15,0.3,60,-1,0,0,1,0,0,317,77.0,1.068,221,71.0,0.912,201,70.1,0.919
810,-1,0,0.15,0.3,60,-1,0,1,0,0,0,301,77.7,1.129,216,70.8,0.864,204,71.1,0.937
810,-1,0,0.15,0.3,60,-1,0,1,1,0,0,289,77.5,1.114,201,72.1,0.931,191,71.7,0.978
810,-1,0,0.15,0.3,60,-1,1,0,0,0,0,323,78.3,1.218,239,68.2,0.762,215,67.9,0.793
810,-1,0,0.15,0.3,60,-1,1,0,0,0,-1,203,77.3,1.197,146,64.4,0.654,132,65.2,0.669
810,-1,0,0.15,0.3,60,-1,1,0,1,0,0,210,79.0,1.265,149,69.1,0.857,134,67.2,0.829
810,-1,0,0.15,0.3,60,-1,1,1,0,0,0,202,79.7,1.345,145,68.3,0.789,138,67.4,0.819
810,-1,0,0.25,1.0,60,0,0,0,0,0,0,979,51.7,0.99,680,52.6,1.089,654,52.9,1.124
810,-1,0,0.25,1.0,60,0,0,0,0,0,1,482,51.9,0.949,345,51.9,0.941,319,52.0,0.923
810,-1,0,0.25,1.0,60,0,0,0,0,0,-1,493,51.7,1.036,333,53.2,1.257,328,53.7,1.355
810,-1,0,0.25,1.0,60,0,0,0,0,1,0,584,55.1,1.062,395,53.7,1.179,410,53.9,1.158
810,-1,0,0.25,1.0,60,0,0,0,0,1,1,278,52.2,0.902,198,53.5,1.201,205,53.2,1.053
810,-1,0,0.25,1.0,60,0,0,0,0,1,-1,306,57.8,1.205,197,53.8,1.158,205,54.6,1.269
810,-1,0,0.25,1.0,60,0,0,0,0,2,0,395,46.6,0.901,285,51.2,0.976,244,51.2,1.071
810,-1,0,0.25,1.0,60,0,0,0,0,2,1,204,51.5,1.01,147,49.7,0.681,114,50.0,0.736
810,-1,0,0.25,1.0,60,0,0,0,1,0,0,691,53.8,1.006,478,52.7,1.155,457,51.4,1.101
810,-1,0,0.25,1.0,60,0,0,0,1,0,1,339,54.0,1.008,246,51.6,0.93,226,50.0,0.881
810,-1,0,0.25,1.0,60,0,0,0,1,0,-1,348,54.0,1.016,230,53.5,1.453,224,52.7,1.386
810,-1,0,0.25,1.0,60,0,0,0,1,1,0,418,57.4,1.082,280,53.6,1.295,285,52.6,1.172
810,-1,0,0.25,1.0,60,0,0,0,1,1,1,200,53.5,0.88,144,54.2,1.301,150,52.0,1.057
810,-1,0,0.25,1.0,60,0,0,0,1,1,-1,218,61.0,1.283,136,52.9,1.289,135,53.3,1.316
810,-1,0,0.25,1.0,60,0,0,0,1,2,0,273,48.4,0.905,198,51.5,0.998,172,49.4,0.999
810,-1,0,0.25,1.0,60,0,0,0,-1,0,0,288,46.5,0.955,202,52.5,0.957,196,56.6,1.177
810,-1,0,0.25,1.0,60,0,0,1,0,0,0,660,54.5,1.069,467,52.5,1.093,451,51.4,1.093
810,-1,0,0.25,1.0,60,0,0,1,0,0,1,324,55.6,1.07,241,51.5,0.945,221,50.7,0.942
810,-1,0,0.25,1.0,60,0,0,1,0,0,-1,334,53.9,1.083,225,53.3,1.277,226,52.2,1.282
810,-1,0,0.25,1.0,60,0,0,1,0,1,0,400,57.8,1.147,277,54.2,1.241,288,53.1,1.177
810,-1,0,0.25,1.0,60,0,0,1,0,1,-1,212,59.4,1.342,134,53.0,1.19,139,53.2,1.226
810,-1,0,0.25,1.0,60,0,0,1,0,2,0,260,49.6,0.964,190,50.0,0.924,163,48.5,0.966
810,-1,0,0.25,1.0,60,0,0,1,1,0,0,626,54.5,1.04,437,52.4,1.127,427,51.1,1.119
810,-1,0,0.25,1.0,60,0,0,1,1,0,1,309,55.3,1.042,226,51.3,0.945,212,50.0,0.937
810,-1,0,0.25,1.0,60,0,0,1,1,0,-1,315,54.0,1.054,210,53.3,1.36,211,52.1,1.354
810,-1,0,0.25,1.0,60,0,0,1,1,1,0,379,58.0,1.14,261,54.0,1.282,272,52.6,1.2
810,-1,0,0.25,1.0,60,0,0,1,1,2,0,247,49.0,0.911,176,50.0,0.949,155,48.4,0.996
810,-1,0,0.25,1.0,60,0,0,-1,0,0,0,317,45.7,0.834,212,52.8,1.074,200,56.0,1.175
810,-1,0,0.25,1.0,60,0,0,-1,-1,0,0,254,45.3,0.873,172,52.3,1.007,173,56.1,1.243
810,-1,0,0.25,1.0,60,0,1,0,0,0,0,729,54.2,1.163,508,51.4,1.009,495,51.3,1.024
810,-1,0,0.25,1.0,60,0,1,0,0,0,1,368,54.3,1.147,266,51.1,0.931,247,51.0,0.9
810,-1,0,0.25,1.0,60,0,1,0,0,0,-1,359,54.0,1.185,242,51.7,1.099,246,51.6,1.158
810,-1,0,0.25,1.0,60,0,1,0,0,1,0,441,58.5,1.344,298,52.3,1.078,320,53.4,1.138
810,-1,0,0.25,1.0,60,0,1,0,0,1,1,215,55.8,1.234,154,51.9,1.125,160,53.1,1.098
810,-1,0,0.25,1.0,60,0,1,0,0,1,-1,226,61.1,1.438,144,52.8,1.031,160,53.8,1.179
810,-1,0,0.25,1.0,60,0,1,0,0,2,0,288,47.6,0.944,210,50.0,0.92,175,47.4,0.843
810,-1,0,0.25,1.0,60,0,1,0,1,0,0,482,57.5,1.235,329,51.4,1.114,316,49.1,0.995
810,-1,0,0.25,1.0,60,0,1,0,1,0,1,245,57.1,1.293,178,51.1,0.945,164,48.8,0.872
810,-1,0,0.25,1.0,60,0,1,0,1,0,-1,235,57.9,1.201,151,51.7,1.35,150,49.3,1.149
810,-1,0,0.25,1.0,60,0,1,0,1,1,0,299,62.2,1.466,196,52.6,1.274,203,52.2,1.206
810,-1,0,0.25,1.0,60,0,1,0,-1,0,0,247,47.8,1.039,179,51.4,0.861,178,55.6,1.075
810,-1,0,0.25,1.0,60,0,1,1,0,0,0,460,57.8,1.298,321,50.8,0.99,316,49.1,0.962
810,-1,0,0.25,1.0,60,0,1,1,0,0,1,231,58.4,1.345,175,50.9,0.934,160,49.4,0.926
810,-1,0,0.25,1.0,60,0,1,1,0,0,-1,228,57.5,1.28,146,50.7,1.063,155,48.4,0.997
810,-1,0,0.25,1.0,60,0,1,1,0,1,0,286,62.6,1.533,194,53.6,1.193,209,52.6,1.163
810,-1,0,0.25,1.0,60,0,1,1,1,0,0,432,58.1,1.275,298,50.7,1.031,294,48.3,0.99
810,-1,0,0.25,1.0,60,0,1,1,1,0,1,220,58.6,1.342,163,50.9,0.946,152,48.7,0.933
810,-1,0,0.25,1.0,60,0,1,1,1,0,-1,211,57.8,1.243,135,50.4,1.143,141,47.5,1.049
810,-1,0,0.25,1.0,60,0,1,1,1,1,0,269,63.2,1.538,182,53.3,1.241,194,52.1,1.206
810,-1,0,0.25,1.0,60,0,1,-1,0,0,0,268,47.8,0.948,187,52.4,1.038,178,55.6,1.128
810,-1,0,0.25,1.0,60,0,1,-1,-1,0,0,219,47.0,0.968,156,51.3,0.904,157,54.8,1.133
810,-1,0,0.25,1.0,60,0,-1,0,0,0,0,250,44.4,0.67,172,56.4,1.33,159,57.9,1.481
810,-1,0,0.25,1.0,60,0,-1,0,1,0,0,209,45.5,0.682,149,55.7,1.236,141,56.7,1.355
810,-1,0,0.25,1.0,60,0,-1,1,0,0,0,200,47.0,0.731,146,56.2,1.322,135,57.0,1.431
810,-1,0,0.25,1.0,60,1,0,0,0,0,0,489,55.0,1.15,336,52.7,0.935,285,54.0,1.018
810,-1,0,0.25,1.0,60,1,0,0,0,0,1,300,52.7,1.072,218,52.8,0.817,174,51.7,0.802
810,-1,0,0.25,1.0,60,1,0,0,0,1,0,289,56.7,1.237,194,54.1,1.169,175,56.0,1.203
810,-1,0,0.25,1.0,60,1,0,0,0,2,0,200,52.5,1.045,142,50.7,0.7,110,50.9,0.774
810,-1,0,0.25,1.0,60,1,0,0,1,0,0,344,57.8,1.271,245,52.2,0.987,203,53.7,1.108
810,-1,0,0.25,1.0,60,1,0,0,1,0,1,206,55.8,1.268,158,51.3,0.761,122,49.2,0.772
810,-1,0,0.25,1.0,60,1,0,0,1,1,0,207,59.4,1.35,148,54.1,1.388,130,56.9,1.468
810,-1,0,0.25,1.0,60,1,0,1,0,0,0,331,57.4,1.306,239,52.7,1.054,200,54.0,1.168
810,-1,0,0.25,1.0,60,1,0,1,0,0,1,200,56.5,1.302,153,51.6,0.863,118,50.0,0.854
810,-1,0,0.25,1.0,60,1,0,1,1,0,0,312,57.7,1.273,226,52.2,1.035,191,53.4,1.169
810,-1,0,0.25,1.0,60,1,1,0,0,0,0,374,57.2,1.364,256,50.4,0.881,220,50.9,0.868
810,-1,0,0.25,1.0,60,1,1,0,0,0,1,235,54.0,1.186,168,51.8,0.816,134,50.7,0.71
810,-1,0,0.25,1.0,60,1,1,0,0,1,0,221,60.6,1.658,149,50.3,1.029,138,52.9,1.039
810,-1,0,0.25,1.0,60,1,1,0,1,0,0,248,60.5,1.571,174,49.4,0.958,145,49.7,0.956
810,-1,0,0.25,1.0,60,1,1,1,0,0,0,236,60.2,1.644,169,49.7,0.975,144,50.0,0.995
810,-1,0,0.25,1.0,60,1,1,1,1,0,0,221,60.6,1.607,159,49.1,0.951,135,48.9,0.985
810,-1,0,0.25,1.0,60,-1,0,0,0,0,0,450,48.2,0.877,325,52.0,1.243,292,51.7,1.274
810,-1,0,0.25,1.0,60,-1,0,0,0,0,-1,283,47.0,0.921,205,51.7,1.202,184,50.5,1.215
810,-1,0,0.25,1.0,60,-1,0,0,0,1,0,259,53.7,0.94,186,52.2,1.165,170,51.2,1.142
810,-1,0,0.25,1.0,60,-1,0,0,1,0,0,317,49.2,0.832,221,53.4,1.398,201,50.2,1.248
810,-1,0,0.25,1.0,60,-1,0,1,0,0,0,301,50.8,0.905,216,52.3,1.175,204,49.5,1.153
810,-1,0,0.25,1.0,60,-1,0,1,1,0,0,289,50.5,0.883,201,53.2,1.298,191,49.7,1.232
810,-1,0,0.25,1.0,60,-1,1,0,0,0,0,323,50.8,1.016,239,51.9,1.12,215,51.6,1.191
810,-1,0,0.25,1.0,60,-1,1,0,0,0,-1,203,48.3,0.966,146,52.1,1.05,132,50.0,1.027
810,-1,0,0.25,1.0,60,-1,1,0,1,0,0,210,53.3,1.013,149,54.4,1.339,134,50.0,1.155
810,-1,0,0.25,1.0,60,-1,1,1,0,0,0,202,54.5,1.061,145,52.4,1.042,138,47.8,0.983
810,-1,1,0.25,0.6,60,0,0,0,0,0,0,979,48.3,0.835,680,49.9,0.854,654,49.8,0.844
810,-1,1,0.25,0.6,60,0,0,0,0,0,1,493,47.9,0.78,333,51.1,0.778,328,50.3,0.734
810,-1,1,0.25,0.6,60,0,0,0,0,0,-1,482,48.5,0.895,345,48.7,0.932,319,49.2,0.965
810,-1,1,0.25,0.6,60,0,0,0,0,1,0,584,45.2,0.764,395,47.8,0.771,410,48.3,0.792
810,-1,1,0.25,0.6,60,0,0,0,0,1,1,306,42.5,0.682,197,50.3,0.803,205,49.8,0.768
810,-1,1,0.25,0.6,60,0,0,0,0,1,-1,278,48.2,0.885,198,45.5,0.739,205,46.8,0.818
810,-1,1,0.25,0.6,60,0,0,0,0,2,0,395,52.9,0.943,285,52.6,0.986,244,52.5,0.938
810,-1,1,0.25,0.6,60,0,0,0,0,2,-1,204,49.0,0.908,147,53.1,1.277,114,53.5,1.279
810,-1,1,0.25,0.6,60,0,0,0,1,0,0,288,54.5,0.886,202,53.0,1.001,196,48.0,0.842
810,-1,1,0.25,0.6,60,0,0,0,-1,0,0,691,45.7,0.815,478,48.5,0.795,457,50.5,0.845
810,-1,1,0.25,0.6,60,0,0,0,-1,0,1,348,44.8,0.759,230,49.1,0.697,224,50.4,0.717
810,-1,1,0.25,0.6,60,0,0,0,-1,0,-1,339,46.3,0.869,246,48.0,0.895,226,50.4,0.972
810,-1,1,0.25,0.6,60,0,0,0,-1,1,0,418,42.8,0.747,280,46.4,0.699,285,48.8,0.786
810,-1,1,0.25,0.6,60,0,0,0,-1,1,1,218,39.0,0.627,136,49.3,0.746,135,50.4,0.779
810,-1,1,0.25,0.6,60,0,0,0,-1,1,-1,200,47.0,0.921,144,43.8,0.655,150,47.3,0.791
810,-1,1,0.25,0.6,60,0,0,0,-1,2,0,273,50.2,0.923,198,51.5,0.945,172,53.5,0.948
810,-1,1,0.25,0.6,60,0,0,1,0,0,0,317,54.6,0.967,212,51.9,0.917,200,48.5,0.854
810,-1,1,0.25,0.6,60,0,0,1,1,0,0,254,55.1,0.934,172,53.5,0.964,173,49.1,0.828
810,-1,1,0.25,0.6,60,0,0,-1,0,0,0,660,45.3,0.784,467,48.8,0.819,451,50.3,0.838
810,-1,1,0.25,0.6,60,0,0,-1,0,0,1,334,44.6,0.719,225,49.8,0.756,226,50.9,0.752
810,-1,1,0.25,0.6,60,0,0,-1,0,0,-1,324,45.7,0.85,241,48.1,0.887,221,49.8,0.918
810,-1,1,0.25,0.6,60,0,0,-1,0,1,0,400,42.5,0.715,277,46.2,0.737,288,48.6,0.78
810,-1,1,0.25,0.6,60,0,0,-1,0,1,1,212,40.1,0.608,134,50.0,0.807,139,51.1,0.821
810,-1,1,0.25,0.6,60,0,0,-1,0,2,0,260,49.6,0.896,190,52.6,0.95,163,53.4,0.944
810,-1,1,0.25,0.6,60,0,0,-1,-1,0,0,626,45.0,0.794,437,48.7,0.795,427,50.8,0.83
810,-1,1,0.25,0.6,60,0,0,-1,-1,0,1,315,44.4,0.729,210,49.5,0.719,211,51.2,0.728
810,-1,1,0.25,0.6,60,0,0,-1,-1,0,-1,309,45.3,0.857,226,48.2,0.883,212,50.5,0.93
810,-1,1,0.25,0.6,60,0,0,-1,-1,1,0,379,42.0,0.709,261,46.0,0.711,272,49.3,0.778
810,-1,1,0.25,0.6,60,0,0,-1,-1,2,0,247,49.8,0.932,176,52.8,0.933,155,53.5,0.924
810,-1,1,0.25,0.6,60,0,1,0,0,0,0,250,57.2,1.155,172,47.1,0.697,159,45.9,0.646
810,-1,1,0.25,0.6,60,0,1,0,-1,0,0,209,56.0,1.135,149,47.7,0.746,141,47.5,0.711
810,-1,1,0.25,0.6,60,0,1,-1,0,0,0,200,55.0,1.077,146,47.3,0.699,135,46.7,0.67
810,-1,1,0.25,0.6,60,0,-1,0,0,0,0,729,45.3,0.736,508,50.8,0.924,495,51.1,0.927
810,-1,1,0.25,0.6,60,0,-1,0,0,0,1,359,45.1,0.702,242,52.9,0.915,246,52.8,0.883
810,-1,1,0.25,0.6,60,0,-1,0,0,0,-1,368,45.4,0.772,266,48.9,0.933,247,49.4,0.978
810,-1,1,0.25,0.6,60,0,-1,0,0,1,0,441,41.5,0.625,298,49.7,0.86,320,49.4,0.832
810,-1,1,0.25,0.6,60,0,-1,0,0,1,1,226,38.9,0.591,144,52.1,0.915,160,51.9,0.867
810,-1,1,0.25,0.6,60,0,-1,0,0,1,-1,215,44.2,0.67,154,47.4,0.81,160,46.9,0.796
810,-1,1,0.25,0.6,60,0,-1,0,0,2,0,288,51.0,0.93,210,52.4,1.024,175,54.3,1.135
810,-1,1,0.25,0.6,60,0,-1,0,1,0,0,247,53.0,0.831,179,54.2,1.12,178,49.4,0.935
810,-1,1,0.25,0.6,60,0,-1,0,-1,0,0,482,41.3,0.691,329,48.9,0.822,316,51.9,0.921
810,-1,1,0.25,0.6,60,0,-1,0,-1,0,1,235,40.0,0.638,151,51.0,0.795,150,54.0,0.896
810,-1,1,0.25,0.6,60,0,-1,0,-1,0,-1,245,42.4,0.744,178,47.2,0.848,164,50.0,0.948
810,-1,1,0.25,0.6,60,0,-1,0,-1,1,0,299,37.5,0.577,196,48.0,0.744,203,49.8,0.809
810,-1,1,0.25,0.6,60,0,-1,1,0,0,0,268,52.6,0.875,187,52.9,0.978,178,49.4,0.915
810,-1,1,0.25,0.6,60,0,-1,1,1,0,0,219,53.4,0.864,156,55.1,1.095,157,51.0,0.924
810,-1,1,0.25,0.6,60,0,-1,-1,0,0,0,460,41.1,0.673,321,49.5,0.89,316,51.9,0.935
810,-1,1,0.25,0.6,60,0,-1,-1,0,0,1,228,39.9,0.609,146,52.1,0.918,155,54.8,0.981
810,-1,1,0.25,0.6,60,0,-1,-1,0,0,-1,231,42.0,0.741,175,47.4,0.866,160,49.4,0.896
810,-1,1,0.25,0.6,60,0,-1,-1,0,1,0,286,36.7,0.552,194,46.9,0.784,209,49.8,0.824
810,-1,1,0.25,0.6,60,0,-1,-1,-1,0,0,432,40.5,0.674,298,49.7,0.863,294,52.7,0.926
810,-1,1,0.25,0.6,60,0,-1,-1,-1,0,1,211,39.3,0.61,135,52.6,0.882,141,56.0,0.963
810,-1,1,0.25,0.6,60,0,-1,-1,-1,0,-1,220,41.4,0.738,163,47.2,0.846,152,50.0,0.897
810,-1,1,0.25,0.6,60,0,-1,-1,-1,1,0,269,36.1,0.544,182,47.3,0.761,194,50.5,0.814
810,-1,1,0.25,0.6,60,1,0,0,0,0,0,450,50.9,0.906,325,50.5,0.774,292,50.7,0.762
810,-1,1,0.25,0.6,60,1,0,0,0,0,1,283,52.3,0.862,205,52.7,0.838,184,53.3,0.826
810,-1,1,0.25,0.6,60,1,0,0,0,1,0,259,46.3,0.853,186,48.9,0.783,170,50.6,0.815
810,-1,1,0.25,0.6,60,1,0,0,-1,0,0,317,49.5,0.922,221,47.5,0.689,201,50.2,0.72
810,-1,1,0.25,0.6,60,1,0,-1,0,0,0,301,47.8,0.851,216,48.6,0.771,204,50.5,0.76
810,-1,1,0.25,0.6,60,1,0,-1,-1,0,0,289,48.1,0.869,201,47.8,0.712,191,50.3,0.718
810,-1,1,0.25,0.6,60,1,-1,0,0,0,0,323,48.0,0.798,239,51.5,0.885,215,51.2,0.83
810,-1,1,0.25,0.6,60,1,-1,0,0,0,1,203,50.2,0.829,146,52.7,0.974,132,53.8,0.979
810,-1,1,0.25,0.6,60,1,-1,0,-1,0,0,210,44.3,0.75,149,47.0,0.738,134,50.0,0.76
810,-1,1,0.25,0.6,60,1,-1,-1,0,0,0,202,43.1,0.719,145,49.0,0.86,138,51.4,0.857
810,-1,1,0.25,0.6,60,-1,0,0,0,0,0,489,45.6,0.756,336,49.7,0.955,285,48.8,0.9
810,-1,1,0.25,0.6,60,-1,0,0,0,0,-1,300,48.3,0.833,218,48.6,1.069,174,50.0,1.137
810,-1,1,0.25,0.6,60,-1,0,0,0,1,0,289,43.6,0.668,194,47.9,0.785,175,46.3,0.741
810,-1,1,0.25,0.6,60,-1,0,0,0,2,0,200,48.5,0.887,142,52.1,1.251,110,52.7,1.235
810,-1,1,0.25,0.6,60,-1,0,0,-1,0,0,344,42.4,0.709,245,49.0,0.887,203,48.8,0.837
810,-1,1,0.25,0.6,60,-1,0,0,-1,0,-1,206,44.7,0.762,158,49.4,1.099,122,51.6,1.15
810,-1,1,0.25,0.6,60,-1,0,0,-1,1,0,207,41.1,0.637,148,46.6,0.677,130,45.4,0.645
810,-1,1,0.25,0.6,60,-1,0,-1,0,0,0,331,43.2,0.712,239,49.0,0.85,200,48.5,0.805
810,-1,1,0.25,0.6,60,-1,0,-1,0,0,-1,200,45.0,0.782,153,49.0,0.983,118,50.8,1.057
810,-1,1,0.25,0.6,60,-1,0,-1,-1,0,0,312,42.6,0.716,226,49.1,0.855,191,49.2,0.819
810,-1,1,0.25,0.6,60,-1,-1,0,0,0,0,374,42.8,0.675,256,50.8,0.997,220,51.4,1.053
810,-1,1,0.25,0.6,60,-1,-1,0,0,0,-1,235,46.0,0.791,168,47.6,1.007,134,49.3,1.215
810,-1,1,0.25,0.6,60,-1,-1,0,0,1,0,221,39.4,0.527,149,51.0,0.902,138,50.0,0.885
810,-1,1,0.25,0.6,60,-1,-1,0,-1,0,0,248,39.1,0.634,174,50.0,0.897,145,51.7,0.977
810,-1,1,0.25,0.6,60,-1,-1,-1,0,0,0,236,39.8,0.631,169,49.7,0.896,144,51.4,0.945
810,-1,1,0.25,0.6,60,-1,-1,-1,-1,0,0,221,38.9,0.629,159,50.3,0.912,135,52.6,0.98
810,30,0,0.25,0.3,60,0,0,0,0,0,0,979,66.1,1.029,680,60.6,0.737,654,61.5,0.764
810,30,0,0.25,0.3,60,0,0,0,0,0,1,502,66.7,1.022,355,59.4,0.642,340,60.0,0.654
810,30,0,0.25,0.3,60,0,0,0,0,0,-1,473,65.3,1.04,323,61.9,0.867,307,63.2,0.905
810,30,0,0.25,0.3,60,0,0,0,0,1,0,584,66.1,1.013,395,61.5,0.77,410,62.2,0.81
810,30,0,0.25,0.3,60,0,0,0,0,1,1,284,65.1,0.932,205,60.5,0.684,213,60.1,0.687
810,30,0,0.25,0.3,60,0,0,0,0,1,-1,300,67.0,1.099,190,62.6,0.884,197,64.5,0.986
810,30,0,0.25,0.3,60,0,0,0,0,2,0,395,66.1,1.055,285,59.3,0.696,244,60.2,0.696
810,30,0,0.25,0.3,60,0,0,0,0,2,1,218,68.8,1.161,150,58.0,0.591,127,59.8,0.605
810,30,0,0.25,0.3,60,0,0,0,1,0,0,471,68.8,1.196,382,62.0,0.846,368,61.4,0.819
810,30,0,0.25,0.3,60,0,0,0,1,0,1,240,70.4,1.313,204,62.3,0.747,193,61.1,0.73
810,30,0,0.25,0.3,60,0,0,0,1,0,-1,229,67.2,1.11,178,61.8,0.984,171,62.0,0.927
810,30,0,0.25,0.3,60,0,0,0,1,1,0,284,70.8,1.352,229,61.6,0.837,234,62.0,0.847
810,30,0,0.25,0.3,60,0,0,0,-1,0,0,508,63.6,0.901,298,58.7,0.624,285,61.4,0.698
810,30,0,0.25,0.3,60,0,0,0,-1,0,1,262,63.4,0.834,151,55.6,0.532,146,58.2,0.566
810,30,0,0.25,0.3,60,0,0,0,-1,0,-1,244,63.5,0.976,145,62.1,0.744,136,64.7,0.879
810,30,0,0.25,0.3,60,0,0,0,-1,1,0,300,61.7,0.791,166,61.4,0.69,175,62.3,0.758
810,30,0,0.25,0.3,60,0,0,0,-1,2,0,208,66.3,1.1,132,55.3,0.55,110,60.0,0.622
810,30,0,0.25,0.3,60,0,0,1,0,0,0,457,69.4,1.267,372,62.1,0.832,356,61.5,0.825
810,30,0,0.25,0.3,60,0,0,1,0,0,1,233,70.0,1.279,199,61.3,0.727,185,61.1,0.75
810,30,0,0.25,0.3,60,0,0,1,0,0,-1,223,69.1,1.285,173,63.0,0.977,169,62.1,0.917
810,30,0,0.25,0.3,60,0,0,1,0,1,0,274,71.2,1.452,220,62.7,0.838,228,62.3,0.854
810,30,0,0.25,0.3,60,0,0,1,1,0,0,415,69.4,1.233,342,62.3,0.836,336,62.2,0.848
810,30,0,0.25,0.3,60,0,0,1,1,0,1,209,71.3,1.329,186,62.4,0.734,174,62.1,0.768
810,30,0,0.25,0.3,60,0,0,1,1,0,-1,205,67.8,1.179,156,62.2,0.987,160,62.5,0.946
810,30,0,0.25,0.3,60,0,0,1,1,1,0,249,71.5,1.455,207,62.3,0.829,217,63.1,0.885
810,30,0,0.25,0.3,60,0,0,-1,0,0,0,520,63.1,0.862,307,58.6,0.637,295,61.4,0.69
810,30,0,0.25,0.3,60,0,0,-1,0,0,1,269,63.9,0.856,156,57.1,0.556,155,58.7,0.562
810,30,0,0.25,0.3,60,0,0,-1,0,0,-1,250,62.0,0.864,150,60.7,0.753,138,64.5,0.891
810,30,0,0.25,0.3,60,0,0,-1,0,1,0,310,61.6,0.766,175,60.0,0.692,182,62.1,0.757
810,30,0,0.25,0.3,60,0,0,-1,0,2,0,210,65.2,1.041,132,56.8,0.574,113,60.2,0.605
810,30,0,0.25,0.3,60,0,0,-1,-1,0,0,465,63.0,0.855,267,58.4,0.603,264,62.1,0.708
810,30,0,0.25,0.3,60,0,0,-1,-1,0,1,238,63.9,0.823,138,56.5,0.526,135,59.3,0.571
810,30,0,0.25,0.3,60,0,0,-1,-1,0,-1,226,61.9,0.887,128,60.9,0.721,127,65.4,0.911
810,30,0,0.25,0.3,60,0,0,-1,-1,1,0,275,61.1,0.754,153,60.8,0.668,164,63.4,0.787
810,30,0,0.25,0.3,60,0,1,0,0,0,0,659,69.5,1.254,456,59.6,0.683,425,60.0,0.706
810,30,0,0.25,0.3,60,0,1,0,0,0,1,342,69.6,1.177,244,59.0,0.602,221,58.8,0.618
810,30,0,0.25,0.3,60,0,1,0,0,0,-1,313,69.3,1.349,210,60.5,0.786,199,61.3,0.806
810,30,0,0.25,0.3,60,0,1,0,0,1,0,397,70.3,1.245,255,59.6,0.681,256,61.3,0.783
810,30,0,0.25,0.3,60,0,1,0,0,1,-1,201,71.1,1.439,119,60.5,0.784,124,64.5,0.994
810,30,0,0.25,0.3,60,0,1,0,0,2,0,262,68.3,1.268,201,59.7,0.684,169,58.0,0.613
810,30,0,0.25,0.3,60,0,1,0,1,0,0,337,70.3,1.406,255,61.6,0.838,237,59.5,0.764
810,30,0,0.25,0.3,60,0,1,0,1,1,0,210,72.4,1.529,149,61.7,0.814,146,61.6,0.859
810,30,0,0.25,0.3,60,0,1,0,-1,0,0,322,68.6,1.121,201,57.2,0.542,188,60.6,0.644
810,30,0,0.25,0.3,60,0,1,1,0,0,0,323,71.8,1.511,247,61.5,0.807,233,60.5,0.807
810,30,0,0.25,0.3,60,0,1,1,0,1,0,201,74.1,1.678,144,62.5,0.794,147,61.9,0.869
810,30,0,0.25,0.3,60,0,1,1,1,0,0,298,71.1,1.455,229,61.6,0.816,220,60.5,0.815
810,30,0,0.25,0.3,60,0,1,-1,0,0,0,334,67.1,1.049,208,57.2,0.564,190,59.5,0.603
810,30,0,0.25,0.3,60,0,1,-1,-1,0,0,296,67.6,1.053,182,56.6,0.52,174,60.3,0.634
810,30,0,0.25,0.3,60,0,-1,0,0,0,0,320,59.1,0.719,224,62.5,0.869,229,64.2,0.893
810,30,0,0.25,0.3,60,1,0,0,0,0,0,506,67.2,1.081,355,61.4,0.747,316,63.6,0.774
810,30,0,0.25,0.3,60,1,0,0,0,0,1,319,68.3,1.135,234,60.7,0.663,204,62.3,0.657
810,30,0,0.25,0.3,60,1,0,0,0,1,0,286,65.7,1.024,205,63.4,0.885,187,65.2,0.887
810,30,0,0.25,0.3,60,1,0,0,0,2,0,220,69.1,1.161,150,58.7,0.612,129,61.2,0.652
810,30,0,0.25,0.3,60,1,0,0,0,2,1,209,68.9,1.165,143,57.3,0.574,122,59.0,0.586
810,30,0,0.25,0.3,60,1,0,0,1,0,0,248,66.9,1.19,208,61.5,0.78,181,63.0,0.776
810,30,0,0.25,0.3,60,1,0,0,-1,0,0,258,67.4,0.995,147,61.2,0.704,135,64.4,0.771
810,30,0,0.25,0.3,60,1,0,1,0,0,0,245,67.8,1.297,202,60.9,0.75,173,63.0,0.791
810,30,0,0.25,0.3,60,1,0,1,1,0,0,221,67.4,1.244,188,61.2,0.755,166,63.3,0.806
810,30,0,0.25,0.3,60,1,0,-1,0,0,0,261,66.7,0.931,153,62.1,0.742,143,64.3,0.754
810,30,0,0.25,0.3,60,1,0,-1,-1,0,0,234,67.1,0.941,133,61.7,0.705,128,64.8,0.789
810,30,0,0.25,0.3,60,1,1,0,0,0,0,352,70.7,1.363,239,60.7,0.691,208,60.6,0.693
810,30,0,0.25,0.3,60,1,1,0,0,0,1,221,70.6,1.333,162,60.5,0.621,136,59.6,0.585
810,30,0,0.25,0.3,60,1,1,0,0,1,0,203,70.9,1.337,134,61.2,0.782,120,60.8,0.763
810,30,0,0.25,0.3,60,-1,0,0,0,0,0,433,65.4,0.99,306,59.5,0.711,261,59.8,0.712
810,30,0,0.25,0.3,60,-1,0,0,0,0,-1,264,65.2,1.065,189,59.8,0.756,154,60.4,0.751
810,30,0,0.25,0.3,60,-1,0,0,0,1,0,262,67.6,1.02,175,58.9,0.645,158,60.1,0.705
810,30,0,0.25,0.3,60,-1,0,0,1,0,0,204,70.6,1.219,165,63.6,0.974,147,61.9,0.927
810,30,0,0.25,0.3,60,-1,0,0,-1,0,0,229,60.7,0.818,141,54.6,0.509,113,56.6,0.524
810,30,0,0.25,0.3,60,-1,0,-1,0,0,0,235,60.4,0.791,146,54.1,0.512,115,57.4,0.538
810,30,0,0.25,0.3,60,-1,0,-1,-1,0,0,212,60.4,0.786,127,54.3,0.486,103,58.3,0.536
810,30,0,0.25,0.3,60,-1,1,0,0,0,0,284,68.3,1.171,203,58.1,0.648,172,59.3,0.68
810,30,1,0.15,1.0,60,0,0,0,0,0,0,979,47.5,0.839,680,50.6,1.07,654,50.8,1.08
810,30,1,0.15,1.0,60,0,0,0,0,0,1,473,47.8,0.829,323,51.7,1.006,307,51.8,0.994
810,30,1,0.15,1.0,60,0,0,0,0,0,-1,502,47.4,0.85,355,49.6,1.129,340,50.0,1.167
810,30,1,0.15,1.0,60,0,0,0,0,1,0,584,46.4,0.808,395,50.1,1.008,410,51.0,0.983
810,30,1,0.15,1.0,60,0,0,0,0,1,1,300,44.7,0.767,190,52.1,1.049,197,52.8,0.983
810,30,1,0.15,1.0,60,0,0,0,0,1,-1,284,48.2,0.856,205,48.3,0.974,213,49.3,0.984
810,30,1,0.15,1.0,60,0,0,0,0,2,0,395,49.1,0.885,285,51.2,1.163,244,50.4,1.261
810,30,1,0.15,1.0,60,0,0,0,0,2,-1,218,46.3,0.843,150,51.3,1.401,127,51.2,1.576
810,30,1,0.15,1.0,60,0,0,0,1,0,0,508,51.4,0.893,298,53.0,1.209,285,49.5,1.086
810,30,1,0.15,1.0,60,0,0,0,1,0,1,244,51.2,0.831,145,53.8,1.059,136,50.0,0.91
810,30,1,0.15,1.0,60,0,0,0,1,0,-1,262,51.9,0.968,151,52.3,1.364,146,49.3,1.297
810,30,1,0.15,1.0,60,0,0,0,1,1,0,300,52.0,0.935,166,54.2,1.249,175,50.9,1.034
810,30,1,0.15,1.0,60,0,0,0,1,2,0,208,50.5,0.837,132,51.5,1.162,110,47.3,1.163
810,30,1,0.15,1.0,60,0,0,0,-1,0,0,471,43.3,0.784,382,48.7,0.971,368,51.6,1.071
810,30,1,0.15,1.0,60,0,0,0,-1,0,1,229,44.1,0.827,178,50.0,0.965,171,53.2,1.07
810,30,1,0.15,1.0,60,0,0,0,-1,0,-1,240,42.5,0.737,204,47.5,0.976,193,50.3,1.069
810,30,1,0.15,1.0,60,0,0,0,-1,1,0,284,40.5,0.688,229,47.2,0.863,234,50.9,0.941
810,30,1,0.15,1.0,60,0,0,1,0,0,0,520,51.3,0.92,307,52.4,1.136,295,50.5,1.11
810,30,1,0.15,1.0,60,0,0,1,0,0,1,250,51.2,0.883,150,53.3,0.989,138,50.0,0.887
810,30,1,0.15,1.0,60,0,0,1,0,0,-1,269,51.7,0.966,156,51.3,1.264,155,51.0,1.346
810,30,1,0.15,1.0,60,0,0,1,0,1,0,310,51.6,0.963,175,53.7,1.111,182,52.2,1.08
810,30,1,0.15,1.0,60,0,0,1,0,2,0,210,51.0,0.862,132,50.8,1.168,113,47.8,1.155
810,30,1,0.15,1.0,60,0,0,1,1,0,0,465,51.2,0.89,267,52.8,1.186,264,49.6,1.071
810,30,1,0.15,1.0,60,0,0,1,1,0,1,226,51.3,0.84,128,53.1,1.018,127,49.6,0.878
810,30,1,0.15,1.0,60,0,0,1,1,0,-1,238,51.3,0.952,138,52.2,1.326,135,49.6,1.288
810,30,1,0.15,1.0,60,0,0,1,1,1,0,275,51.6,0.925,153,53.6,1.172,164,50.6,0.994
810,30,1,0.15,1.0,60,0,0,-1,0,0,0,457,43.3,0.757,372,49.2,1.025,356,51.1,1.069
810,30,1,0.15,1.0,60,0,0,-1,0,0,1,223,43.9,0.771,173,50.3,1.02,169,53.3,1.097
810,30,1,0.15,1.0,60,0,0,-1,0,0,-1,233,42.5,0.733,199,48.2,1.029,185,49.2,1.031
810,30,1,0.15,1.0,60,0,0,-1,0,1,0,274,40.5,0.658,220,47.3,0.935,228,50.0,0.913
810,30,1,0.15,1.0,60,0,0,-1,-1,0,0,415,42.2,0.74,342,48.5,0.986,336,51.2,1.047
810,30,1,0.15,1.0,60,0,0,-1,-1,0,1,205,43.4,0.776,156,49.4,0.984,160,53.1,1.071
810,30,1,0.15,1.0,60,0,0,-1,-1,0,-1,209,40.7,0.693,186,47.8,0.988,174,49.4,1.011
810,30,1,0.15,1.0,60,0,0,-1,-1,1,0,249,39.0,0.624,207,46.4,0.876,217,49.8,0.883
810,30,1,0.15,1.0,60,0,1,0,0,0,0,320,55.0,1.092,224,50.9,1.012,229,49.8,0.98
810,30,1,0.15,1.0,60,0,-1,0,0,0,0,659,43.9,0.736,456,50.4,1.099,425,51.3,1.136
810,30,1,0.15,1.0,60,0,-1,0,0,0,1,313,45.7,0.748,210,53.3,1.067,199,53.8,1.088
810,30,1,0.15,1.0,60,0,-1,0,0,0,-1,342,42.4,0.724,244,48.0,1.128,221,49.3,1.199
810,30,1,0.15,1.0,60,0,-1,0,0,1,0,397,41.3,0.644,255,50.2,1.056,256,50.4,0.984
810,30,1,0.15,1.0,60,0,-1,0,0,1,1,201,41.3,0.629,119,53.8,1.094,124,53.2,0.971
810,30,1,0.15,1.0,60,0,-1,0,0,2,0,262,47.7,0.896,201,50.7,1.151,169,52.7,1.407
810,30,1,0.15,1.0,60,0,-1,0,1,0,0,322,47.5,0.78,201,53.7,1.236,188,50.5,1.16
810,30,1,0.15,1.0,60,0,-1,0,-1,0,0,337,40.4,0.693,255,47.8,0.991,237,51.9,1.116
810,30,1,0.15,1.0,60,0,-1,0,-1,1,0,210,36.2,0.564,149,45.6,0.893,146,49.3,0.937
810,30,1,0.15,1.0,60,0,-1,1,0,0,0,334,47.3,0.783,208,53.4,1.205,190,51.6,1.194
810,30,1,0.15,1.0,60,0,-1,1,1,0,0,296,47.3,0.769,182,54.4,1.278,174,51.7,1.182
810,30,1,0.15,1.0,60,0,-1,-1,0,0,0,323,40.6,0.693,247,48.2,1.02,233,51.1,1.099
810,30,1,0.15,1.0,60,0,-1,-1,0,1,0,201,36.3,0.57,144,45.1,0.957,147,49.0,0.937
810,30,1,0.15,1.0,60,0,-1,-1,-1,0,0,298,39.6,0.674,229,48.0,1.019,220,51.8,1.099
810,30,1,0.15,1.0,60,1,0,0,0,0,0,433,49.0,0.897,306,51.0,0.978,261,52.1,1.04
810,30,1,0.15,1.0,60,1,0,0,0,0,1,264,48.9,0.885,189,51.9,0.983,154,52.6,1.042
810,30,1,0.15,1.0,60,1,0,0,0,1,0,262,45.8,0.856,175,50.9,0.991,158,53.2,1.027
810,30,1,0.15,1.0,60,1,0,0,1,0,0,229,52.8,0.936,141,58.2,1.348,113,55.8,1.354
810,30,1,0.15,1.0,60,1,0,0,-1,0,0,204,44.6,0.858,165,44.8,0.744,147,49.0,0.832
810,30,1,0.15,1.0,60,1,0,1,0,0,0,235,53.2,0.993,146,58.2,1.322,115,55.7,1.283
810,30,1,0.15,1.0,60,1,0,1,1,0,0,212,52.4,0.929,127,58.3,1.374,103,54.4,1.253
810,30,1,0.15,1.0,60,1,-1,0,0,0,0,284,46.1,0.829,203,51.7,1.068,172,50.6,1.077
810,30,1,0.15,1.0,60,-1,0,0,0,0,0,506,46.4,0.804,355,51.0,1.214,316,50.6,1.233
810,30,1,0.15,1.0,60,-1,0,0,0,0,-1,319,46.4,0.824,234,48.7,1.187,204,49.5,1.298
810,30,1,0.15,1.0,60,-1,0,0,0,1,0,286,46.9,0.782,205,50.7,1.107,187,50.3,1.049
810,30,1,0.15,1.0,60,-1,0,0,0,2,0,220,45.9,0.831,150,51.3,1.371,129,51.2,1.553
810,30,1,0.15,1.0,60,-1,0,0,0,2,-1,209,46.4,0.852,143,51.7,1.467,122,51.6,1.656
810,30,1,0.15,1.0,60,-1,0,0,1,0,0,258,49.6,0.861,147,50.3,1.206,135,48.1,1.153
810,30,1,0.15,1.0,60,-1,0,0,-1,0,0,248,43.1,0.743,208,51.4,1.22,181,52.5,1.299
810,30,1,0.15,1.0,60,-1,0,1,0,0,0,261,49.0,0.865,153,48.4,1.056,143,49.0,1.194
810,30,1,0.15,1.0,60,-1,0,1,1,0,0,234,49.1,0.852,133,48.9,1.099,128,48.4,1.169
810,30,1,0.15,1.0,60,-1,0,-1,0,0,0,245,43.7,0.739,202,53.0,1.352,173,52.0,1.268
810,30,1,0.15,1.0,60,-1,0,-1,-1,0,0,221,42.5,0.717,188,52.1,1.275,166,52.4,1.288
810,30,1,0.15,1.0,60,-1,-1,0,0,0,0,352,42.3,0.676,239,50.2,1.185,208,52.9,1.325
810,30,1,0.15,1.0,60,-1,-1,0,0,0,-1,221,42.5,0.738,162,46.3,1.135,136,49.3,1.349
810,30,1,0.15,1.0,60,-1,-1,0,0,1,0,203,41.4,0.601,134,50.7,1.098,120,52.5,1.105
810,60,0,0.15,0.6,60,0,0,0,0,0,0,979,61.5,1.132,680,53.8,0.797,654,54.1,0.816
810,60,0,0.15,0.6,60,0,0,0,0,0,1,468,61.1,1.141,358,54.5,0.766,337,54.0,0.75
810,60,0,0.15,0.6,60,0,0,0,0,0,-1,507,61.7,1.123,320,53.1,0.836,310,54.5,0.901
810,60,0,0.15,0.6,60,0,0,0,0,1,0,584,63.4,1.196,395,53.2,0.79,409,53.3,0.805
810,60,0,0.15,0.6,60,0,0,0,0,1,1,272,62.1,1.187,206,53.9,0.779,212,52.4,0.742
810,60,0,0.15,0.6,60,0,0,0,0,1,-1,312,64.4,1.203,189,52.4,0.801,197,54.3,0.883
810,60,0,0.15,0.6,60,0,0,0,0,2,0,395,58.7,1.047,285,54.7,0.807,245,55.5,0.834
810,60,0,0.15,0.6,60,0,0,0,1,0,0,495,64.4,1.279,365,54.8,0.878,348,53.4,0.842
810,60,0,0.15,0.6,60,0,0,0,1,0,1,235,64.7,1.318,197,54.8,0.84,182,52.2,0.765
810,60,0,0.15,0.6,60,0,0,0,1,0,-1,258,64.3,1.256,168,54.8,0.923,163,55.2,0.948
810,60,0,0.15,0.6,60,0,0,0,1,1,0,310,68.1,1.48,210,55.2,0.887,215,54.0,0.839
810,60,0,0.15,0.6,60,0,0,0,-1,0,0,484,58.5,1.004,315,52.7,0.715,305,54.8,0.785
810,60,0,0.15,0.6,60,0,0,0,-1,0,1,233,57.5,0.994,161,54.0,0.693,154,55.8,0.729
810,60,0,0.15,0.6,60,0,0,0,-1,0,-1,249,59.0,1.005,152,51.3,0.746,147,53.7,0.853
810,60,0,0.15,0.6,60,0,0,0,-1,1,0,274,58.0,0.951,185,50.8,0.697,193,52.3,0.765
810,60,0,0.15,0.6,60,0,0,0,-1,2,0,210,59.0,1.075,130,55.4,0.742,112,58.9,0.82
810,60,0,0.15,0.6,60,0,0,1,0,0,0,497,64.4,1.314,355,54.9,0.879,340,53.8,0.871
810,60,0,0.15,0.6,60,0,0,1,0,0,1,236,63.1,1.239,192,54.2,0.806,176,53.4,0.83
810,60,0,0.15,0.6,60,0,0,1,0,0,-1,260,65.8,1.405,163,55.8,0.97,163,54.6,0.94
810,60,0,0.15,0.6,60,0,0,1,0,1,0,312,67.9,1.513,203,56.2,0.889,211,54.5,0.881
810,60,0,0.15,0.6,60,0,0,1,1,0,0,447,64.4,1.294,325,54.8,0.874,318,53.8,0.863
810,60,0,0.15,0.6,60,0,0,1,1,0,1,212,64.6,1.293,181,54.7,0.827,167,53.3,0.827
810,60,0,0.15,0.6,60,0,0,1,1,0,-1,234,64.5,1.317,144,54.9,0.933,150,54.7,0.929
810,60,0,0.15,0.6,60,0,0,1,1,1,0,281,67.6,1.476,189,55.0,0.844,199,54.3,0.853
810,60,0,0.15,0.6,60,0,0,-1,0,0,0,480,58.3,0.97,324,52.5,0.714,311,54.3,0.751
810,60,0,0.15,0.6,60,0,0,-1,0,0,1,232,59.1,1.05,166,54.8,0.726,161,54.7,0.677
810,60,0,0.15,0.6,60,0,0,-1,0,0,-1,247,57.5,0.898,157,50.3,0.713,147,54.4,0.861
810,60,0,0.15,0.6,60,0,0,-1,0,1,0,272,58.1,0.917,192,50.0,0.699,198,52.0,0.733
810,60,0,0.15,0.6,60,0,0,-1,0,2,0,208,58.7,1.039,132,56.1,0.736,113,58.4,0.783
810,60,0,0.15,0.6,60,0,0,-1,-1,0,0,433,57.7,0.959,284,52.1,0.69,282,54.6,0.767
810,60,0,0.15,0.6,60,0,0,-1,-1,0,1,209,58.4,1.011,150,54.7,0.703,145,55.9,0.72
810,60,0,0.15,0.6,60,0,0,-1,-1,0,-1,223,57.0,0.908,133,49.6,0.687,134,53.7,0.835
810,60,0,0.15,0.6,60,0,0,-1,-1,1,0,243,56.4,0.871,171,49.1,0.645,181,51.9,0.732
810,60,0,0.15,0.6,60,0,1,0,0,0,0,705,64.1,1.268,505,53.7,0.771,469,53.1,0.776
810,60,0,0.15,0.6,60,0,1,0,0,0,1,348,63.2,1.291,270,54.1,0.737,242,53.3,0.723
810,60,0,0.15,0.6,60,0,1,0,0,0,-1,353,64.9,1.248,233,53.2,0.813,223,52.9,0.834
810,60,0,0.15,0.6,60,0,1,0,0,1,0,419,67.1,1.443,290,52.1,0.731,288,53.1,0.795
810,60,0,0.15,0.6,60,0,1,0,0,1,1,201,65.7,1.42,154,52.6,0.692,148,52.0,0.714
810,60,0,0.15,0.6,60,0,1,0,0,1,-1,218,68.3,1.463,136,51.5,0.776,140,54.3,0.889
810,60,0,0.15,0.6,60,0,1,0,0,2,0,286,59.8,1.064,215,55.8,0.826,181,53.0,0.749
810,60,0,0.15,0.6,60,0,1,0,1,0,0,372,65.6,1.373,271,54.2,0.851,249,51.8,0.79
810,60,0,0.15,0.6,60,0,1,0,1,1,0,234,68.8,1.582,157,54.8,0.84,153,54.2,0.846
810,60,0,0.15,0.6,60,0,1,0,-1,0,0,333,62.5,1.164,234,53.0,0.695,220,54.5,0.762
810,60,0,0.15,0.6,60,0,1,1,0,0,0,366,66.7,1.494,263,54.8,0.856,247,53.0,0.85
810,60,0,0.15,0.6,60,0,1,1,0,1,0,231,70.1,1.762,153,55.6,0.83,155,54.8,0.889
810,60,0,0.15,0.6,60,0,1,1,1,0,0,334,66.2,1.44,240,54.2,0.84,230,52.2,0.818
810,60,0,0.15,0.6,60,0,1,1,1,1,0,210,69.0,1.654,141,54.6,0.789,144,54.2,0.85
810,60,0,0.15,0.6,60,0,1,-1,0,0,0,337,61.1,1.058,241,52.3,0.689,220,53.2,0.701
810,60,0,0.15,0.6,60,0,1,-1,-1,0,0,300,61.3,1.087,210,51.9,0.659,202,53.5,0.719
810,60,0,0.15,0.6,60,0,-1,0,0,0,0,274,54.7,0.853,175,54.3,0.874,185,56.8,0.923
810,60,0,0.15,0.6,60,1,0,0,0,0,0,499,61.9,1.139,344,54.1,0.769,302,56.0,0.808
810,60,0,0.15,0.6,60,1,0,0,0,0,1,299,61.5,1.143,230,56.1,0.763,196,57.1,0.746
810,60,0,0.15,0.6,60,1,0,0,0,0,-1,200,62.5,1.134,114,50.0,0.782,106,53.8,0.946
810,60,0,0.15,0.6,60,1,0,0,0,1,0,297,63.0,1.172,192,52.6,0.749,178,54.5,0.795
810,60,0,0.15,0.6,60,1,0,0,0,2,0,202,60.4,1.091,152,55.9,0.794,124,58.1,0.826
810,60,0,0.15,0.6,60,1,0,0,1,0,0,255,62.0,1.148,194,51.5,0.749,166,53.6,0.776
810,60,0,0.15,0.6,60,1,0,0,-1,0,0,244,61.9,1.13,150,57.3,0.795,136,58.8,0.847
810,60,0,0.15,0.6,60,1,0,1,0,0,0,260,61.2,1.142,188,51.6,0.724,161,54.0,0.786
810,60,0,0.15,0.6,60,1,0,1,1,0,0,231,61.5,1.127,176,51.1,0.727,153,53.6,0.786
810,60,0,0.15,0.6,60,1,0,-1,0,0,0,239,62.8,1.136,156,57.1,0.826,141,58.2,0.833
810,60,0,0.15,0.6,60,1,0,-1,-1,0,0,215,62.3,1.114,138,57.2,0.806,128,58.6,0.851
810,60,0,0.15,0.6,60,1,1,0,0,0,0,367,63.8,1.283,257,54.1,0.768,222,55.0,0.779
810,60,0,0.15,0.6,60,1,1,0,0,0,1,225,62.2,1.242,174,56.9,0.792,143,57.3,0.74
810,60,0,0.15,0.6,60,1,1,0,0,1,0,215,66.5,1.417,144,52.1,0.725,131,54.2,0.787
810,60,0,0.15,0.6,60,-1,0,0,0,0,0,440,60.9,1.112,317,53.0,0.805,275,52.4,0.812
810,60,0,0.15,0.6,60,-1,0,0,0,0,-1,284,60.9,1.1,193,52.8,0.798,163,54.0,0.841
810,60,0,0.15,0.6,60,-1,0,0,0,1,0,251,64.1,1.207,188,52.7,0.785,166,52.4,0.808
810,60,0,0.15,0.6,60,-1,0,0,1,0,0,218,66.5,1.411,162,59.3,1.074,145,55.2,0.98
810,60,0,0.15,0.6,60,-1,0,0,-1,0,0,222,55.4,0.882,155,46.5,0.599,129,48.8,0.656
810,60,0,0.15,0.6,60,-1,0,1,0,0,0,220,67.7,1.543,157,59.2,1.125,147,55.1,1.037
810,60,0,0.15,0.6,60,-1,0,1,1,0,0,200,67.5,1.52,141,60.3,1.134,135,56.3,1.045
810,60,0,0.15,0.6,60,-1,0,-1,0,0,0,220,54.1,0.809,160,46.9,0.589,128,49.2,0.617
810,60,0,0.15,0.6,60,-1,0,-1,-1,0,0,202,54.0,0.822,139,46.0,0.563,117,49.6,0.635
810,60,0,0.15,0.6,60,-1,1,0,0,0,0,306,64.4,1.235,232,52.6,0.752,201,51.2,0.77
810,60,1,0.15,0.3,60,0,0,0,0,0,0,979,71.3,0.84,680,71.8,0.912,654,72.0,0.922
810,60,1,0.15,0.3,60,0,0,0,0,0,1,507,71.2,0.828,320,72.8,0.945,310,72.9,0.957
810,60,1,0.15,0.3,60,0,0,0,0,0,-1,468,71.6,0.859,358,70.7,0.877,337,70.9,0.876
810,60,1,0.15,0.3,60,0,0,0,0,1,0,584,70.9,0.87,395,70.4,0.839,409,70.7,0.852
810,60,1,0.15,0.3,60,0,0,0,0,1,1,312,68.9,0.803,189,70.9,0.903,197,72.6,0.969
810,60,1,0.15,0.3,60,0,0,0,0,1,-1,272,73.2,0.955,206,69.9,0.787,212,68.9,0.761
810,60,1,0.15,0.3,60,0,0,0,0,2,0,395,71.9,0.801,285,73.7,1.027,245,74.3,1.055
810,60,1,0.15,0.3,60,0,0,0,1,0,0,484,74.8,0.884,315,73.3,0.971,305,70.8,0.888
810,60,1,0.15,0.3,60,0,0,0,1,0,1,249,75.1,0.9,152,74.3,0.998,147,71.4,0.876
810,60,1,0.15,0.3,60,0,0,0,1,0,-1,233,74.7,0.877,161,72.0,0.928,154,70.1,0.895
810,60,1,0.15,0.3,60,0,0,0,1,1,0,274,78.1,1.122,185,73.0,1.012,193,71.0,0.923
810,60,1,0.15,0.3,60,0,0,0,1,2,0,210,70.5,0.681,130,73.8,0.919,112,70.5,0.837
810,60,1,0.15,0.3,60,0,0,0,-1,0,0,495,67.9,0.799,365,70.4,0.866,348,73.0,0.951
810,60,1,0.15,0.3,60,0,0,0,-1,0,1,258,67.4,0.765,168,71.4,0.899,163,74.2,1.044
810,60,1,0.15,0.3,60,0,0,0,-1,0,-1,235,68.5,0.842,197,69.5,0.839,182,71.4,0.857
810,60,1,0.15,0.3,60,0,0,0,-1,1,0,310,64.5,0.708,210,68.1,0.721,215,70.2,0.793
810,60,1,0.15,0.3,60,0,0,1,0,0,0,480,74.4,0.881,324,71.0,0.863,311,69.8,0.832
810,60,1,0.15,0.3,60,0,0,1,0,0,1,247,75.3,0.928,157,71.3,0.889,147,68.0,0.743
810,60,1,0.15,0.3,60,0,0,1,0,0,-1,232,73.7,0.85,166,70.5,0.832,161,71.4,0.934
810,60,1,0.15,0.3,60,0,0,1,0,1,0,272,77.2,1.123,192,70.8,0.817,198,69.7,0.848
810,60,1,0.15,0.3,60,0,0,1,0,2,0,208,70.7,0.678,132,71.2,0.931,113,69.9,0.808
810,60,1,0.15,0.3,60,0,0,1,1,0,0,433,75.5,0.916,284,73.2,0.968,282,70.6,0.857
810,60,1,0.15,0.3,60,0,0,1,1,0,1,223,76.2,0.934,133,73.7,1.019,134,69.4,0.79
810,60,1,0.15,0.3,60,0,0,1,1,0,-1,209,75.1,0.913,150,72.7,0.917,145,71.7,0.936
810,60,1,0.15,0.3,60,0,0,1,1,1,0,243,79.8,1.272,171,73.1,0.987,181,70.7,0.89
810,60,1,0.15,0.3,60,0,0,-1,0,0,0,497,68.4,0.804,355,72.4,0.958,340,73.8,1.003
810,60,1,0.15,0.3,60,0,0,-1,0,0,1,260,67.3,0.748,163,74.2,1.004,163,77.3,1.246
810,60,1,0.15,0.3,60,0,0,-1,0,0,-1,236,69.5,0.87,192,70.8,0.921,176,70.5,0.828
810,60,1,0.15,0.3,60,0,0,-1,0,1,0,312,65.4,0.713,203,70.0,0.86,211,71.6,0.854
810,60,1,0.15,0.3,60,0,0,-1,-1,0,0,447,68.5,0.824,325,72.3,0.959,318,73.9,0.982
810,60,1,0.15,0.3,60,0,0,-1,-1,0,1,234,67.5,0.756,144,73.6,1.024,150,76.0,1.143
810,60,1,0.15,0.3,60,0,0,-1,-1,0,-1,212,69.3,0.907,181,71.3,0.911,167,71.9,0.856
810,60,1,0.15,0.3,60,0,0,-1,-1,1,0,281,65.5,0.739,189,69.8,0.833,199,71.4,0.825
810,60,1,0.15,0.3,60,0,1,0,0,0,0,274,76.6,1.076,175,74.9,0.953,185,73.0,0.868
810,60,1,0.15,0.3,60,0,-1,0,0,0,0,705,69.2,0.768,505,70.7,0.899,469,71.6,0.945
810,60,1,0.15,0.3,60,0,-1,0,0,0,1,353,69.4,0.803,233,72.5,0.909,223,73.5,0.994
810,60,1,0.15,0.3,60,0,-1,0,0,0,-1,348,69.3,0.739,270,68.9,0.88,242,69.8,0.897
810,60,1,0.15,0.3,60,0,-1,0,0,1,0,419,67.5,0.747,290,71.0,0.916,288,70.5,0.884
810,60,1,0.15,0.3,60,0,-1,0,0,1,1,218,65.6,0.709,136,72.8,0.993,140,73.6,1.01
810,60,1,0.15,0.3,60,0,-1,0,0,1,-1,201,69.7,0.791,154,69.5,0.855,148,67.6,0.782
810,60,1,0.15,0.3,60,0,-1,0,0,2,0,286,71.7,0.799,215,70.2,0.878,181,73.5,1.048
810,60,1,0.15,0.3,60,0,-1,0,1,0,0,333,74.2,0.862,234,73.5,0.994,220,71.8,0.968
810,60,1,0.15,0.3,60,0,-1,0,-1,0,0,372,64.8,0.694,271,68.3,0.824,249,71.5,0.925
810,60,1,0.15,0.3,60,0,-1,0,-1,1,0,234,59.8,0.585,157,68.2,0.792,153,69.3,0.816
810,60,1,0.15,0.3,60,0,-1,1,0,0,0,337,73.9,0.87,241,71.0,0.879,220,70.5,0.897
810,60,1,0.15,0.3,60,0,-1,1,1,0,0,300,75.3,0.922,210,73.8,1.014,202,71.8,0.936
810,60,1,0.15,0.3,60,0,-1,-1,0,0,0,366,65.0,0.691,263,70.3,0.913,247,72.5,0.98
810,60,1,0.15,0.3,60,0,-1,-1,0,1,0,231,60.2,0.579,153,69.3,0.939,155,70.3,0.867
810,60,1,0.15,0.3,60,0,-1,-1,-1,0,0,334,65.3,0.716,240,70.4,0.928,230,72.6,0.958
810,60,1,0.15,0.3,60,0,-1,-1,-1,1,0,210,60.0,0.595,141,69.5,0.923,144,70.1,0.835
810,60,1,0.15,0.3,60,1,0,0,0,0,0,440,73.6,0.896,317,73.5,0.954,275,73.1,0.918
810,60,1,0.15,0.3,60,1,0,0,0,0,1,284,71.8,0.821,193,74.6,1.012,163,74.2,0.996
810,60,1,0.15,0.3,60,1,0,0,0,1,0,251,72.9,0.936,188,72.3,0.908,166,72.3,0.876
810,60,1,0.15,0.3,60,1,0,0,1,0,0,222,77.0,0.956,155,75.5,1.105,129,74.4,1.119
810,60,1,0.15,0.3,60,1,0,0,-1,0,0,218,70.2,0.844,162,71.6,0.842,145,71.7,0.782
810,60,1,0.15,0.3,60,1,0,1,0,0,0,220,77.7,0.999,160,73.1,1.002,128,73.4,1.044
810,60,1,0.15,0.3,60,1,0,1,1,0,0,202,78.2,1.019,139,74.8,1.14,117,72.6,1.014
810,60,1,0.15,0.3,60,1,0,-1,0,0,0,220,69.5,0.812,157,73.9,0.909,147,72.8,0.828
810,60,1,0.15,0.3,60,1,0,-1,-1,0,0,200,70.0,0.845,141,73.0,0.915,135,71.1,0.756
810,60,1,0.15,0.3,60,1,-1,0,0,0,0,306,72.2,0.853,232,72.8,0.938,201,73.1,0.972
810,60,1,0.15,0.3,60,-1,0,0,0,0,0,499,70.5,0.833,344,70.3,0.896,302,71.9,0.957
810,60,1,0.15,0.3,60,-1,0,0,0,0,1,200,72.5,0.894,114,71.9,0.978,106,72.6,1.012
810,60,1,0.15,0.3,60,-1,0,0,0,0,-1,299,69.2,0.795,230,69.6,0.86,196,71.4,0.929
810,60,1,0.15,0.3,60,-1,0,0,0,1,0,297,71.0,0.883,192,69.3,0.827,178,69.7,0.826
810,60,1,0.15,0.3,60,-1,0,0,0,2,0,202,69.8,0.765,152,71.7,0.996,124,75.0,1.195
810,60,1,0.15,0.3,60,-1,0,0,1,0,0,244,73.0,0.843,150,71.3,0.877,136,69.9,0.831
810,60,1,0.15,0.3,60,-1,0,0,-1,0,0,255,68.2,0.822,194,69.6,0.912,166,73.5,1.083
810,60,1,0.15,0.3,60,-1,0,1,0,0,0,239,72.0,0.816,156,69.9,0.797,141,70.2,0.791
810,60,1,0.15,0.3,60,-1,0,1,1,0,0,215,73.0,0.845,138,72.5,0.879,128,71.9,0.876
810,60,1,0.15,0.3,60,-1,0,-1,0,0,0,260,69.2,0.85,188,70.7,0.996,161,73.3,1.154
810,60,1,0.15,0.3,60,-1,0,-1,-1,0,0,231,68.8,0.853,176,71.6,1.007,153,75.2,1.235
810,60,1,0.15,0.3,60,-1,-1,0,0,0,0,367,68.7,0.751,257,68.5,0.865,222,71.6,0.972
810,60,1,0.15,0.3,60,-1,-1,0,0,0,-1,225,67.1,0.694,174,66.7,0.81,143,69.9,0.907
810,60,1,0.15,0.3,60,-1,-1,0,0,1,0,215,67.9,0.787,144,68.8,0.847,131,69.5,0.839
810,60,1,0.25,1.0,60,0,0,0,0,0,0,979,46.7,0.781,680,50.6,0.994,654,50.3,0.989
810,60,1,0.25,1.0,60,0,0,0,0,0,1,507,46.7,0.76,320,50.3,0.856,310,49.4,0.809
810,60,1,0.25,1.0,60,0,0,0,0,0,-1,468,46.8,0.805,358,50.6,1.129,337,50.7,1.19
810,60,1,0.25,1.0,60,0,0,0,0,1,0,584,45.5,0.743,395,49.1,0.931,409,49.6,0.931
810,60,1,0.25,1.0,60,0,0,0,0,1,1,312,42.6,0.652,189,49.7,0.935,197,49.2,0.833
810,60,1,0.25,1.0,60,0,0,0,0,1,-1,272,48.9,0.859,206,48.5,0.927,212,50.0,1.021
810,60,1,0.25,1.0,60,0,0,0,0,2,0,395,48.4,0.836,285,52.6,1.089,245,51.4,1.093
810,60,1,0.25,1.0,60,0,0,0,1,0,0,484,51.4,0.823,315,53.3,1.155,305,50.5,1.023
810,60,1,0.25,1.0,60,0,0,0,1,0,1,249,51.4,0.726,152,55.9,1.023,147,51.0,0.804
810,60,1,0.25,1.0,60,0,0,0,1,0,-1,233,51.9,0.945,161,50.3,1.285,154,49.4,1.303
810,60,1,0.25,1.0,60,0,0,0,1,1,0,274,51.8,0.81,185,51.9,1.146,193,50.3,1.012
810,60,1,0.25,1.0,60,0,0,0,1,2,0,210,51.0,0.839,130,55.4,1.169,112,50.9,1.042
810,60,1,0.25,1.0,60,0,0,0,-1,0,0,495,42.0,0.739,365,48.2,0.867,348,50.3,0.96
810,60,1,0.25,1.0,60,0,0,0,-1,0,1,258,42.2,0.796,168,45.2,0.719,163,47.9,0.814
810,60,1,0.25,1.0,60,0,0,0,-1,0,-1,235,41.7,0.666,197,50.8,1.012,182,52.2,1.107
810,60,1,0.25,1.0,60,0,0,0,-1,1,0,310,40.0,0.683,210,46.7,0.763,215,49.3,0.864
810,60,1,0.25,1.0,60,0,0,1,0,0,0,480,52.1,0.89,324,52.5,1.057,311,50.2,1.014
810,60,1,0.25,1.0,60,0,0,1,0,0,1,247,53.4,0.861,157,54.8,0.941,147,51.0,0.79
810,60,1,0.25,1.0,60,0,0,1,0,0,-1,232,50.9,0.928,166,50.0,1.178,161,49.1,1.296
810,60,1,0.25,1.0,60,0,0,1,0,1,0,272,51.8,0.872,192,52.6,1.07,198,50.5,1.019
810,60,1,0.25,1.0,60,0,0,1,0,2,0,208,52.4,0.912,132,52.3,1.038,113,49.6,1.006
810,60,1,0.25,1.0,60,0,0,1,1,0,0,433,52.4,0.886,284,53.2,1.131,282,50.4,0.992
810,60,1,0.25,1.0,60,0,0,1,1,0,1,223,53.4,0.81,133,56.4,1.023,134,51.5,0.783
810,60,1,0.25,1.0,60,0,0,1,1,0,-1,209,51.7,0.979,150,50.0,1.233,145,49.0,1.264
810,60,1,0.25,1.0,60,0,0,1,1,1,0,243,52.7,0.9,171,52.6,1.14,181,50.8,1.014
810,60,1,0.25,1.0,60,0,0,-1,0,0,0,497,41.6,0.682,355,48.7,0.932,340,50.3,0.966
810,60,1,0.25,1.0,60,0,0,-1,0,0,1,260,40.4,0.672,163,46.0,0.774,163,47.9,0.829
810,60,1,0.25,1.0,60,0,0,-1,0,0,-1,236,42.8,0.682,192,51.0,1.086,176,52.3,1.099
810,60,1,0.25,1.0,60,0,0,-1,0,1,0,312,40.1,0.639,203,45.8,0.807,211,48.8,0.852
810,60,1,0.25,1.0,60,0,0,-1,-1,0,0,447,41.4,0.723,325,48.3,0.9,318,50.3,0.939
810,60,1,0.25,1.0,60,0,0,-1,-1,0,1,234,41.0,0.744,144,45.1,0.745,150,48.0,0.808
810,60,1,0.25,1.0,60,0,0,-1,-1,0,-1,212,41.5,0.684,181,50.8,1.039,167,52.1,1.063
810,60,1,0.25,1.0,60,0,0,-1,-1,1,0,281,39.5,0.688,189,46.0,0.782,199,49.2,0.847
810,60,1,0.25,1.0,60,0,1,0,0,0,0,274,54.7,1.05,175,52.0,0.946,185,50.8,0.904
810,60,1,0.25,1.0,60,0,-1,0,0,0,0,705,43.5,0.696,505,50.1,1.011,469,50.1,1.025
810,60,1,0.25,1.0,60,0,-1,0,0,0,1,353,43.1,0.688,233,49.4,0.829,223,49.8,0.837
810,60,1,0.25,1.0,60,0,-1,0,0,0,-1,348,44.3,0.703,270,50.4,1.2,242,50.0,1.245
810,60,1,0.25,1.0,60,0,-1,0,0,1,0,419,41.1,0.606,290,48.6,0.959,288,47.9,0.891
810,60,1,0.25,1.0,60,0,-1,0,0,1,1,218,38.5,0.535,136,48.5,0.906,140,47.1,0.745
810,60,1,0.25,1.0,60,0,-1,0,0,1,-1,201,43.8,0.698,154,48.7,1.007,148,48.6,1.04
810,60,1,0.25,1.0,60,0,-1,0,0,2,0,286,47.2,0.84,215,52.1,1.085,181,53.6,1.28
810,60,1,0.25,1.0,60,0,-1,0,1,0,0,333,47.4,0.696,234,53.4,1.169,220,50.0,1.054
810,60,1,0.25,1.0,60,0,-1,0,-1,0,0,372,40.1,0.696,271,47.2,0.876,249,50.2,0.997
810,60,1,0.25,1.0,60,0,-1,0,-1,1,0,234,37.6,0.631,157,44.6,0.765,153,46.4,0.773
810,60,1,0.25,1.0,60,0,-1,1,0,0,0,337,49.6,0.822,241,52.7,1.043,220,50.5,1.053
810,60,1,0.25,1.0,60,0,-1,1,1,0,0,300,49.0,0.776,210,53.8,1.156,202,51.0,1.04
810,60,1,0.25,1.0,60,0,-1,-1,0,0,0,366,38.3,0.591,263,47.5,0.973,247,49.4,0.991
810,60,1,0.25,1.0,60,0,-1,-1,0,1,0,231,35.5,0.523,153,43.1,0.817,155,45.8,0.771
810,60,1,0.25,1.0,60,0,-1,-1,-1,0,0,334,38.6,0.647,240,47.5,0.948,230,50.4,0.979
810,60,1,0.25,1.0,60,0,-1,-1,-1,1,0,210,35.7,0.59,141,43.3,0.788,144,46.5,0.759
810,60,1,0.25,1.0,60,1,0,0,0,0,0,440,50.2,0.902,317,51.4,0.893,275,51.3,0.923
810,60,1,0.25,1.0,60,1,0,0,0,0,1,284,49.3,0.837,193,52.3,0.893,163,52.1,0.952
810,60,1,0.25,1.0,60,1,0,0,0,1,0,251,47.0,0.853,188,51.1,0.975,166,51.8,0.983
810,60,1,0.25,1.0,60,1,0,0,1,0,0,222,55.0,0.971,155,58.7,1.157,129,55.0,1.11
810,60,1,0.25,1.0,60,1,0,0,-1,0,0,218,45.4,0.839,162,44.4,0.681,145,48.3,0.775
810,60,1,0.25,1.0,60,1,0,1,0,0,0,220,56.8,1.096,160,58.1,1.089,128,54.7,1.102
810,60,1,0.25,1.0,60,1,0,1,1,0,0,202,55.9,1.042,139,59.0,1.162,117,54.7,1.084
810,60,1,0.25,1.0,60,1,0,-1,0,0,0,220,43.6,0.746,157,44.6,0.711,147,48.3,0.776
810,60,1,0.25,1.0,60,1,0,-1,-1,0,0,200,43.5,0.779,141,43.3,0.679,135,47.4,0.743
810,60,1,0.25,1.0,60,1,-1,0,0,0,0,306,45.4,0.774,232,51.7,0.91,201,51.7,0.965
810,60,1,0.25,1.0,60,-1,0,0,0,0,0,499,43.5,0.69,344,50.3,1.154,302,49.3,1.151
810,60,1,0.25,1.0,60,-1,0,0,0,0,1,200,43.0,0.666,114,50.9,0.955,106,47.2,0.778
810,60,1,0.25,1.0,60,-1,0,0,0,0,-1,299,43.8,0.707,230,50.0,1.263,196,50.5,1.406
810,60,1,0.25,1.0,60,-1,0,0,0,1,0,297,43.8,0.67,192,48.4,0.959,178,47.2,0.917
810,60,1,0.25,1.0,60,-1,0,0,0,2,0,202,43.1,0.72,152,52.6,1.46,124,52.4,1.595
810,60,1,0.25,1.0,60,-1,0,0,1,0,0,244,47.5,0.727,150,49.3,1.267,136,47.8,1.213
810,60,1,0.25,1.0,60,-1,0,0,-1,0,0,255,39.6,0.648,194,51.0,1.071,166,50.6,1.103
810,60,1,0.25,1.0,60,-1,0,1,0,0,0,239,46.4,0.747,156,48.1,1.135,141,47.5,1.161
810,60,1,0.25,1.0,60,-1,0,1,1,0,0,215,47.9,0.777,138,48.6,1.202,128,47.7,1.166
810,60,1,0.25,1.0,60,-1,0,-1,0,0,0,260,40.8,0.629,188,52.1,1.171,161,50.9,1.142
810,60,1,0.25,1.0,60,-1,0,-1,-1,0,0,231,40.3,0.67,176,51.7,1.115,153,51.0,1.1
810,60,1,0.25,1.0,60,-1,-1,0,0,0,0,367,42.0,0.631,257,49.0,1.176,222,48.6,1.187
810,60,1,0.25,1.0,60,-1,-1,0,0,0,-1,225,43.6,0.695,174,48.3,1.325,143,48.3,1.488
810,60,1,0.25,1.0,60,-1,-1,0,0,1,0,215,40.0,0.569,144,46.5,0.953,131,45.0,0.874
840,-2,0,0.25,0.6,60,0,0,0,0,0,0,979,54.9,0.988,680,53.5,1.077,655,52.8,1.049
840,-2,0,0.25,0.6,60,0,0,0,0,0,1,501,54.7,0.939,331,53.5,0.987,315,52.4,0.937
840,-2,0,0.25,0.6,60,0,0,0,0,0,-1,474,55.1,1.038,347,53.6,1.162,333,53.2,1.158
840,-2,0,0.25,0.6,60,0,0,0,0,1,0,584,54.6,1.007,395,55.2,1.203,410,53.7,1.108
840,-2,0,0.25,0.6,60,0,0,0,0,1,1,287,51.9,0.981,190,55.3,1.21,198,53.5,1.129
840,-2,0,0.25,0.6,60,0,0,0,0,1,-1,297,57.2,1.03,205,55.1,1.196,212,53.8,1.089
840,-2,0,0.25,0.6,60,0,0,0,0,2,0,395,55.2,0.963,285,51.2,0.945,245,51.4,0.97
840,-2,0,0.25,0.6,60,0,0,0,0,2,1,214,58.4,0.892,141,51.1,0.778,117,50.4,0.713
840,-2,0,0.25,0.6,60,0,0,0,1,0,0,496,54.4,0.961,337,56.7,1.187,310,54.8,1.115
840,-2,0,0.25,0.6,60,0,0,0,1,0,1,252,52.4,0.836,169,57.4,1.114,152,54.6,0.94
840,-2,0,0.25,0.6,60,0,0,0,1,0,-1,242,57.0,1.11,167,55.7,1.244,154,54.5,1.278
840,-2,0,0.25,0.6,60,0,0,0,1,1,0,319,53.3,0.9,192,58.9,1.376,188,55.9,1.194
840,-2,0,0.25,0.6,60,0,0,0,-1,0,0,483,55.3,1.013,343,50.4,0.984,344,50.9,0.992
840,-2,0,0.25,0.6,60,0,0,0,-1,0,1,249,57.0,1.038,162,49.4,0.877,163,50.3,0.935
840,-2,0,0.25,0.6,60,0,0,0,-1,0,-1,232,53.0,0.975,180,51.7,1.092,178,51.7,1.062
840,-2,0,0.25,0.6,60,0,0,0,-1,1,0,265,56.2,1.133,203,51.7,1.08,221,51.6,1.041
840,-2,0,0.25,0.6,60,0,0,0,-1,2,0,218,54.1,0.891,140,48.6,0.864,123,49.6,0.917
840,-2,0,0.25,0.6,60,0,0,1,0,0,0,484,56.2,1.038,332,55.7,1.146,313,54.3,1.11
840,-2,0,0.25,0.6,60,0,0,1,0,0,1,246,56.1,1.006,167,56.3,1.128,151,56.3,1.09
840,-2,0,0.25,0.6,60,0,0,1,0,0,-1,237,56.5,1.073,165,55.2,1.164,160,51.9,1.102
840,-2,0,0.25,0.6,60,0,0,1,0,1,0,307,54.1,0.94,189,59.3,1.413,195,55.4,1.205
840,-2,0,0.25,0.6,60,0,0,1,1,0,0,441,54.6,0.951,299,56.5,1.195,285,55.4,1.161
840,-2,0,0.25,0.6,60,0,0,1,1,0,1,224,52.7,0.841,151,56.3,1.106,140,55.7,1.045
840,-2,0,0.25,0.6,60,0,0,1,1,0,-1,216,56.9,1.077,148,56.8,1.286,143,54.5,1.253
840,-2,0,0.25,0.6,60,0,0,1,1,1,0,283,53.4,0.904,173,59.0,1.357,177,56.5,1.214
840,-2,0,0.25,0.6,60,0,0,-1,0,0,0,493,53.5,0.942,347,51.3,1.014,339,51.6,1.009
840,-2,0,0.25,0.6,60,0,0,-1,0,0,1,255,53.3,0.884,164,50.6,0.881,164,48.8,0.827
840,-2,0,0.25,0.6,60,0,0,-1,0,0,-1,237,53.6,1.005,182,52.2,1.16,173,54.3,1.211
840,-2,0,0.25,0.6,60,0,0,-1,0,1,0,277,55.2,1.08,206,51.5,1.059,215,52.1,1.036
840,-2,0,0.25,0.6,60,0,0,-1,0,2,0,216,51.4,0.796,141,51.1,0.959,124,50.8,0.969
840,-2,0,0.25,0.6,60,0,0,-1,-1,0,0,439,53.5,0.93,310,50.6,1.006,316,51.9,1.041
840,-2,0,0.25,0.6,60,0,0,-1,-1,0,1,227,53.7,0.894,146,48.6,0.842,152,49.3,0.895
840,-2,0,0.25,0.6,60,0,0,-1,-1,0,-1,211,53.1,0.968,163,52.8,1.184,162,54.3,1.188
840,-2,0,0.25,0.6,60,0,0,-1,-1,1,0,241,55.6,1.113,187,50.8,1.025,204,52.5,1.043
840,-2,0,0.25,0.6,60,0,1,0,0,0,0,794,54.9,1.005,538,52.2,1.011,537,52.3,0.993
840,-2,0,0.25,0.6,60,0,1,0,0,0,1,399,55.6,0.996,269,52.4,0.937,261,52.1,0.915
840,-2,0,0.25,0.6,60,0,1,0,0,0,-1,393,54.2,1.01,268,52.2,1.086,271,52.8,1.084
840,-2,0,0.25,0.6,60,0,1,0,0,1,0,478,54.8,1.053,310,54.5,1.144,336,53.6,1.04
840,-2,0,0.25,0.6,60,0,1,0,0,1,1,231,52.8,1.098,153,54.2,1.123,164,53.0,1.039
840,-2,0,0.25,0.6,60,0,1,0,0,1,-1,247,56.7,1.017,157,54.8,1.163,172,54.1,1.041
840,-2,0,0.25,0.6,60,0,1,0,0,2,0,316,55.1,0.942,228,49.1,0.871,201,50.2,0.926
840,-2,0,0.25,0.6,60,0,1,0,1,0,0,410,55.1,1.009,279,55.2,1.116,262,55.0,1.121
840,-2,0,0.25,0.6,60,0,1,0,1,0,1,201,54.2,0.947,144,56.9,1.138,135,56.3,1.081
840,-2,0,0.25,0.6,60,0,1,0,1,0,-1,208,56.2,1.069,135,53.3,1.096,125,53.6,1.173
840,-2,0,0.25,0.6,60,0,1,0,1,1,0,265,54.0,0.971,163,59.5,1.402,164,57.9,1.267
840,-2,0,0.25,0.6,60,0,1,0,-1,0,0,384,54.7,1.003,259,49.0,0.914,274,49.6,0.887
840,-2,0,0.25,0.6,60,0,1,0,-1,1,0,213,55.9,1.145,147,49.0,0.942,171,49.1,0.865
840,-2,0,0.25,0.6,60,0,1,1,0,0,0,396,56.6,1.044,273,55.3,1.152,264,55.3,1.185
840,-2,0,0.25,0.6,60,0,1,1,0,0,-1,202,55.9,1.016,130,53.8,1.069,131,51.9,1.073
840,-2,0,0.25,0.6,60,0,1,1,0,1,0,253,54.5,0.972,160,60.0,1.43,170,57.6,1.316
840,-2,0,0.25,0.6,60,0,1,1,1,0,0,363,55.4,0.977,248,56.0,1.19,242,56.2,1.211
840,-2,0,0.25,0.6,60,0,1,1,1,1,0,235,54.0,0.954,147,60.5,1.424,156,59.0,1.308
840,-2,0,0.25,0.6,60,0,1,-1,0,0,0,396,53.3,0.967,265,49.1,0.898,271,49.8,0.87
840,-2,0,0.25,0.6,60,0,1,-1,0,0,1,205,54.1,0.933,126,47.6,0.725,129,45.7,0.666
840,-2,0,0.25,0.6,60,0,1,-1,0,1,0,225,55.1,1.142,150,48.7,0.928,166,49.4,0.835
840,-2,0,0.25,0.6,60,0,1,-1,-1,0,0,350,53.1,0.936,234,49.1,0.921,252,50.4,0.906
840,-2,0,0.25,0.6,60,1,0,0,0,0,0,501,57.3,1.015,319,52.7,0.987,278,52.9,0.962
840,-2,0,0.25,0.6,60,1,0,0,0,0,1,315,56.5,0.956,202,51.5,0.874,169,52.1,0.82
840,-2,0,0.25,0.6,60,1,0,0,0,1,0,287,56.1,1.092,183,54.6,1.223,168,54.8,1.222
840,-2,0,0.25,0.6,60,1,0,0,0,2,0,214,58.9,0.933,136,50.0,0.773,110,50.0,0.702
840,-2,0,0.25,0.6,60,1,0,0,0,2,1,204,59.3,0.923,131,51.1,0.782,106,50.0,0.661
840,-2,0,0.25,0.6,60,1,0,0,1,0,0,257,57.6,1.065,169,57.4,1.187,133,59.4,1.21
840,-2,0,0.25,0.6,60,1,0,0,-1,0,0,244,57.0,0.976,150,47.3,0.834,144,46.5,0.792
840,-2,0,0.25,0.6,60,1,0,1,0,0,0,253,58.5,1.107,166,57.8,1.215,133,60.2,1.384
840,-2,0,0.25,0.6,60,1,0,1,1,0,0,229,56.3,0.965,151,58.3,1.216,122,61.5,1.403
840,-2,0,0.25,0.6,60,1,0,-1,0,0,0,248,56.0,0.943,153,47.1,0.824,145,46.2,0.732
840,-2,0,0.25,0.6,60,1,0,-1,-1,0,0,220,54.5,0.86,135,46.7,0.805,134,47.0,0.786
840,-2,0,0.25,0.6,60,1,1,0,0,0,0,413,57.4,1.018,268,51.1,0.894,240,52.1,0.905
840,-2,0,0.25,0.6,60,1,1,0,0,0,1,258,56.6,0.954,171,50.3,0.813,145,51.7,0.835
840,-2,0,0.25,0.6,60,1,1,0,0,1,0,242,56.2,1.113,154,53.2,1.072,148,53.4,1.028
840,-2,0,0.25,0.6,60,1,1,0,1,0,0,219,57.1,1.039,145,55.2,1.137,115,59.1,1.285
840,-2,0,0.25,0.6,60,1,1,1,0,0,0,212,58.0,1.084,144,56.9,1.276,116,60.3,1.611
840,-2,0,0.25,0.6,60,1,1,-1,0,0,0,201,56.7,0.965,124,44.4,0.655,124,44.4,0.611
840,-2,0,0.25,0.6,60,-1,0,0,0,0,0,438,52.5,0.973,342,53.8,1.132,300,53.7,1.181
840,-2,0,0.25,0.6,60,-1,0,0,0,0,-1,268,53.4,1.013,221,52.0,1.075,190,52.6,1.136
840,-2,0,0.25,0.6,60,-1,0,0,0,1,0,261,53.6,0.962,197,54.8,1.143,177,54.2,1.087
840,-2,0,0.25,0.6,60,-1,0,0,1,0,0,218,50.9,0.879,162,55.6,1.192,138,52.9,1.16
840,-2,0,0.25,0.6,60,-1,0,0,-1,0,0,220,54.1,1.073,180,52.2,1.077,162,54.3,1.199
840,-2,0,0.25,0.6,60,-1,0,1,0,0,0,211,53.6,0.987,160,53.1,1.08,144,50.0,0.974
840,-2,0,0.25,0.6,60,-1,0,-1,0,0,0,227,51.5,0.959,182,54.4,1.18,156,57.1,1.416
840,-2,0,0.25,0.6,60,-1,0,-1,-1,0,0,204,52.9,1.029,164,53.7,1.196,148,56.1,1.348
840,-2,0,0.25,0.6,60,-1,1,0,0,0,0,347,52.2,1.006,257,53.3,1.122,234,53.4,1.142
840,-2,0,0.25,0.6,60,-1,1,0,0,0,-1,219,51.6,0.967,163,50.9,1.038,148,52.7,1.146
840,-2,0,0.25,0.6,60,-1,1,0,0,1,0,204,53.4,1.037,145,55.2,1.184,135,54.8,1.102
840,-2,1,0.25,0.3,60,0,0,0,0,0,0,979,64.4,0.973,680,62.1,0.889,655,62.7,0.948
840,-2,1,0.25,0.3,60,0,0,0,0,0,1,474,65.0,0.935,347,64.6,0.918,333,65.5,0.993
840,-2,1,0.25,0.3,60,0,0,0,0,0,-1,501,63.9,1.022,331,59.5,0.868,315,60.0,0.919
840,-2,1,0.25,0.3,60,0,0,0,0,1,0,584,63.2,0.97,395,60.0,0.819,410,62.4,0.93
840,-2,1,0.25,0.3,60,0,0,0,0,1,1,297,62.3,0.91,205,63.4,0.919,212,67.0,1.094
840,-2,1,0.25,0.3,60,0,0,0,0,1,-1,287,64.1,1.044,190,56.3,0.718,198,57.6,0.779
840,-2,1,0.25,0.3,60,0,0,0,0,2,0,395,66.1,0.977,285,64.9,1.004,245,63.3,0.978
840,-2,1,0.25,0.3,60,0,0,0,0,2,-1,214,63.6,0.996,141,63.8,1.141,117,64.1,1.227
840,-2,1,0.25,0.3,60,0,0,0,1,0,0,483,65.4,0.943,343,64.7,0.991,344,64.5,1.006
840,-2,1,0.25,0.3,60,0,0,0,1,0,1,232,67.2,0.956,180,66.1,0.953,178,66.9,1.07
840,-2,1,0.25,0.3,60,0,0,0,1,0,-1,249,64.3,0.946,162,63.0,1.028,163,61.3,0.911
840,-2,1,0.25,0.3,60,0,0,0,1,1,0,265,63.4,0.884,203,63.1,0.892,221,63.8,0.93
840,-2,1,0.25,0.3,60,0,0,0,1,2,0,218,67.9,1.016,140,67.1,1.174,123,65.9,1.166
840,-2,1,0.25,0.3,60,0,0,0,-1,0,0,496,63.3,1.006,337,59.3,0.793,310,60.6,0.882
840,-2,1,0.25,0.3,60,0,0,0,-1,0,1,242,62.8,0.916,167,62.9,0.879,154,63.6,0.902
840,-2,1,0.25,0.3,60,0,0,0,-1,0,-1,252,63.5,1.122,169,56.2,0.736,152,58.6,0.928
840,-2,1,0.25,0.3,60,0,0,0,-1,1,0,319,63.0,1.056,192,56.8,0.742,188,60.6,0.926
840,-2,1,0.25,0.3,60,0,0,1,0,0,0,493,67.1,1.033,347,64.3,0.957,339,64.6,0.984
840,-2,1,0.25,0.3,60,0,0,1,0,0,1,237,67.5,0.993,182,64.8,0.945,173,64.7,0.959
840,-2,1,0.25,0.3,60,0,0,1,0,0,-1,255,67.1,1.08,164,63.4,0.96,164,64.0,0.995
840,-2,1,0.25,0.3,60,0,0,1,0,1,0,277,65.0,0.936,206,63.6,0.891,215,64.2,0.925
840,-2,1,0.25,0.3,60,0,0,1,0,2,0,216,69.9,1.163,141,65.2,1.069,124,65.3,1.098
840,-2,1,0.25,0.3,60,0,0,1,1,0,0,439,66.5,1.005,310,64.2,0.956,316,64.2,0.977
840,-2,1,0.25,0.3,60,0,0,1,1,0,1,211,67.8,1.01,163,64.4,0.908,162,64.8,0.989
840,-2,1,0.25,0.3,60,0,0,1,1,0,-1,227,65.6,1.006,146,63.7,1.006,152,63.2,0.946
840,-2,1,0.25,0.3,60,0,0,1,1,1,0,241,63.9,0.9,187,63.6,0.914,204,63.7,0.919
840,-2,1,0.25,0.3,60,0,0,-1,0,0,0,484,61.6,0.92,332,59.9,0.832,313,60.7,0.912
840,-2,1,0.25,0.3,60,0,0,-1,0,0,1,237,62.4,0.884,165,64.2,0.888,160,66.2,1.034
840,-2,1,0.25,0.3,60,0,0,-1,0,0,-1,246,60.6,0.962,167,55.7,0.774,151,55.6,0.835
840,-2,1,0.25,0.3,60,0,0,-1,0,1,0,307,61.6,1.002,189,56.1,0.74,195,60.5,0.937
840,-2,1,0.25,0.3,60,0,0,-1,-1,0,0,441,62.1,0.974,299,58.9,0.786,285,60.0,0.879
840,-2,1,0.25,0.3,60,0,0,-1,-1,0,1,216,62.5,0.923,148,62.2,0.834,143,63.6,0.932
840,-2,1,0.25,0.3,60,0,0,-1,-1,0,-1,224,61.6,1.038,151,55.6,0.736,140,57.1,0.869
840,-2,1,0.25,0.3,60,0,0,-1,-1,1,0,283,61.8,1.034,173,56.1,0.749,177,59.9,0.919
840,-2,1,0.25,0.3,60,0,-1,0,0,0,0,794,63.7,1.001,538,63.0,0.968,537,63.7,1.036
840,-2,1,0.25,0.3,60,0,-1,0,0,0,1,393,65.1,0.982,268,66.0,0.999,271,67.2,1.077
840,-2,1,0.25,0.3,60,0,-1,0,0,0,-1,399,62.4,1.03,269,59.9,0.929,261,59.8,0.968
840,-2,1,0.25,0.3,60,0,-1,0,0,1,0,478,61.7,0.952,310,61.3,0.85,336,63.1,0.971
840,-2,1,0.25,0.3,60,0,-1,0,0,1,1,247,62.3,0.949,157,65.6,0.953,172,68.0,1.119
840,-2,1,0.25,0.3,60,0,-1,0,0,1,-1,231,61.0,0.954,153,56.9,0.752,164,57.9,0.834
840,-2,1,0.25,0.3,60,0,-1,0,0,2,0,316,66.8,1.074,228,65.4,1.173,201,64.7,1.162
840,-2,1,0.25,0.3,60,0,-1,0,1,0,0,384,65.6,1.015,259,66.4,1.032,274,66.1,1.093
840,-2,1,0.25,0.3,60,0,-1,0,1,1,0,213,62.4,0.897,147,66.7,0.955,171,66.7,1.087
840,-2,1,0.25,0.3,60,0,-1,0,-1,0,0,410,62.0,0.987,279,59.9,0.909,262,61.1,0.973
840,-2,1,0.25,0.3,60,0,-1,0,-1,0,1,208,62.0,0.931,135,63.7,1.042,125,66.4,1.08
840,-2,1,0.25,0.3,60,0,-1,0,-1,0,-1,201,61.7,1.063,144,56.2,0.798,135,56.3,0.872
840,-2,1,0.25,0.3,60,0,-1,0,-1,1,0,265,61.1,1.004,163,56.4,0.763,164,59.1,0.863
840,-2,1,0.25,0.3,60,0,-1,1,0,0,0,396,66.7,1.039,265,66.4,1.027,271,66.1,1.073
840,-2,1,0.25,0.3,60,0,-1,1,0,0,-1,205,64.9,1.036,126,65.1,1.068,129,65.9,1.168
840,-2,1,0.25,0.3,60,0,-1,1,0,1,0,225,64.0,0.914,150,66.7,0.949,166,66.3,1.051
840,-2,1,0.25,0.3,60,0,-1,1,1,0,0,350,66.3,1.033,234,66.2,1.006,252,65.9,1.063
840,-2,1,0.25,0.3,60,0,-1,-1,0,0,0,396,60.9,0.971,273,59.7,0.909,264,61.0,0.981
840,-2,1,0.25,0.3,60,0,-1,-1,0,0,1,202,61.9,0.931,130,64.6,1.021,131,68.7,1.206
840,-2,1,0.25,0.3,60,0,-1,-1,0,1,0,253,59.7,0.987,160,56.2,0.765,170,60.0,0.9
840,-2,1,0.25,0.3,60,0,-1,-1,-1,0,0,363,60.9,0.976,248,58.9,0.875,242,60.3,0.949
840,-2,1,0.25,0.3,60,0,-1,-1,-1,1,0,235,60.0,1.003,147,55.8,0.766,156,59.0,0.867
840,-2,1,0.25,0.3,60,1,0,0,0,0,0,438,67.1,1.031,342,63.5,0.858,300,62.3,0.864
840,-2,1,0.25,0.3,60,1,0,0,0,0,1,268,66.4,1.003,221,66.5,0.958,190,65.3,0.979
840,-2,1,0.25,0.3,60,1,0,0,0,1,0,261,65.5,1.044,197,60.9,0.804,177,62.1,0.867
840,-2,1,0.25,0.3,60,1,0,0,1,0,0,220,66.8,0.959,180,63.9,0.899,162,62.3,0.87
840,-2,1,0.25,0.3,60,1,0,0,-1,0,0,218,67.4,1.11,162,63.0,0.814,138,62.3,0.856
840,-2,1,0.25,0.3,60,1,0,1,0,0,0,227,70.0,1.087,182,63.2,0.874,156,60.3,0.782
840,-2,1,0.25,0.3,60,1,0,1,1,0,0,204,67.6,0.979,164,62.8,0.865,148,60.8,0.814
840,-2,1,0.25,0.3,60,1,0,-1,0,0,0,211,64.0,0.98,160,63.7,0.839,144,64.6,0.971
840,-2,1,0.25,0.3,60,1,-1,0,0,0,0,347,66.0,1.016,257,64.6,0.918,234,64.5,0.936
840,-2,1,0.25,0.3,60,1,-1,0,0,0,1,219,66.7,1.04,163,67.5,1.025,148,67.6,1.042
840,-2,1,0.25,0.3,60,1,-1,0,0,1,0,204,63.2,0.972,145,62.8,0.819,135,63.7,0.886
840,-2,1,0.25,0.3,60,-1,0,0,0,0,0,501,62.3,0.94,319,61.4,0.963,278,62.9,0.995
840,-2,1,0.25,0.3,60,-1,0,0,0,0,-1,315,61.9,1.014,202,60.9,1.008,169,62.1,1.097
840,-2,1,0.25,0.3,60,-1,0,0,0,1,0,287,61.3,0.922,183,60.1,0.874,168,61.9,0.892
840,-2,1,0.25,0.3,60,-1,0,0,0,2,0,214,63.6,0.961,136,63.2,1.103,110,64.5,1.181
840,-2,1,0.25,0.3,60,-1,0,0,0,2,-1,204,63.2,0.964,131,62.6,1.094,106,65.1,1.336
840,-2,1,0.25,0.3,60,-1,0,0,1,0,0,244,63.5,0.908,150,66.7,1.173,144,67.4,1.132
840,-2,1,0.25,0.3,60,-1,0,0,-1,0,0,257,61.1,0.978,169,56.8,0.801,133,57.9,0.854
840,-2,1,0.25,0.3,60,-1,0,1,0,0,0,248,64.1,0.966,153,66.0,1.091,145,69.0,1.174
840,-2,1,0.25,0.3,60,-1,0,1,1,0,0,220,65.0,1.005,135,65.9,1.098,134,67.9,1.128
840,-2,1,0.25,0.3,60,-1,0,-1,0,0,0,253,60.5,0.912,166,57.2,0.847,133,56.4,0.818
840,-2,1,0.25,0.3,60,-1,0,-1,-1,0,0,229,61.6,1.024,151,55.6,0.773,122,55.7,0.793
840,-2,1,0.25,0.3,60,-1,-1,0,0,0,0,413,62.5,1.021,268,61.6,1.008,240,62.5,1.044
840,-2,1,0.25,0.3,60,-1,-1,0,0,0,-1,258,62.0,1.108,171,59.6,1.023,145,60.7,1.106
840,-2,1,0.25,0.3,60,-1,-1,0,0,1,0,242,61.2,0.971,154,60.4,0.875,148,62.2,0.943
840,-2,1,0.25,0.3,60,-1,-1,0,-1,0,0,219,61.6,1.07,145,57.2,0.861,115,57.4,0.866
840,-2,1,0.25,0.3,60,-1,-1,1,0,0,0,201,63.2,0.962,124,66.9,1.169,124,68.5,1.285
840,-2,1,0.25,0.3,60,-1,-1,-1,0,0,0,212,61.8,1.089,144,56.9,0.875,116,56.0,0.812
840,-1,0,0.15,1.0,60,0,0,0,0,0,0,979,49.2,0.926,680,50.4,0.985,655,49.0,0.904
840,-1,0,0.15,1.0,60,0,0,0,0,0,1,492,49.6,0.891,345,50.4,0.916,317,48.6,0.808
840,-1,0,0.15,1.0,60,0,0,0,0,0,-1,483,49.3,0.968,333,50.2,1.04,331,48.9,0.97
840,-1,0,0.15,1.0,60,0,0,0,0,1,0,584,50.3,0.99,395,51.1,1.04,410,49.3,0.897
840,-1,0,0.15,1.0,60,0,0,0,0,1,1,279,47.7,0.883,198,51.5,1.034,204,50.0,0.89
840,-1,0,0.15,1.0,60,0,0,0,0,1,-1,305,52.8,1.096,197,50.8,1.046,206,48.5,0.905
840,-1,0,0.15,1.0,60,0,0,0,0,2,0,395,47.6,0.843,285,49.5,0.922,245,48.6,0.913
840,-1,0,0.15,1.0,60,0,0,0,0,2,1,213,52.1,0.902,147,49.0,0.792,113,46.0,0.688
840,-1,0,0.15,1.0,60,0,0,0,1,0,0,681,49.3,0.908,480,52.1,1.026,453,49.4,0.906
840,-1,0,0.15,1.0,60,0,0,0,1,0,1,339,49.6,0.869,247,51.8,0.932,223,48.9,0.78
840,-1,0,0.15,1.0,60,0,0,0,1,0,-1,338,49.7,0.958,231,51.9,1.104,223,49.3,0.998
840,-1,0,0.15,1.0,60,0,0,0,1,1,0,415,48.9,0.903,280,53.2,1.077,278,49.6,0.881
840,-1,0,0.15,1.0,60,0,0,0,1,1,-1,216,51.9,1.054,136,52.9,1.106,132,47.7,0.898
840,-1,0,0.15,1.0,60,0,0,0,1,2,0,266,50.0,0.916,200,50.5,0.971,175,49.1,0.943
840,-1,0,0.15,1.0,60,0,0,0,-1,0,0,298,49.0,0.964,200,46.5,0.892,201,47.8,0.889
840,-1,0,0.15,1.0,60,0,0,1,0,0,0,648,50.3,0.947,467,51.0,0.957,447,49.2,0.899
840,-1,0,0.15,1.0,60,0,0,1,0,0,1,323,51.1,0.922,241,50.6,0.862,218,50.0,0.832
840,-1,0,0.15,1.0,60,0,0,1,0,0,-1,323,49.8,0.976,225,51.1,1.047,225,48.0,0.944
840,-1,0,0.15,1.0,60,0,0,1,0,1,0,397,49.1,0.911,277,52.7,1.048,283,49.8,0.902
840,-1,0,0.15,1.0,60,0,0,1,0,1,-1,210,50.5,0.99,134,52.2,1.071,137,47.4,0.9
840,-1,0,0.15,1.0,60,0,0,1,0,2,0,251,52.2,1.003,190,48.4,0.854,164,48.2,0.893
840,-1,0,0.15,1.0,60,0,0,1,1,0,0,615,49.9,0.925,438,51.6,0.993,423,49.4,0.899
840,-1,0,0.15,1.0,60,0,0,1,1,0,1,308,50.0,0.881,227,50.7,0.881,209,49.3,0.811
840,-1,0,0.15,1.0,60,0,0,1,1,0,-1,305,50.2,0.974,210,52.4,1.102,210,49.0,0.967
840,-1,0,0.15,1.0,60,0,0,1,1,1,0,376,48.9,0.902,261,53.3,1.058,266,50.0,0.881
840,-1,0,0.15,1.0,60,0,0,1,1,2,0,239,51.5,0.96,177,49.2,0.917,157,48.4,0.927
840,-1,0,0.15,1.0,60,0,0,-1,0,0,0,329,47.4,0.892,212,49.1,1.033,205,48.3,0.888
840,-1,0,0.15,1.0,60,0,0,-1,-1,0,0,265,47.9,0.917,171,47.4,0.968,178,48.3,0.898
840,-1,0,0.15,1.0,60,0,1,0,0,0,0,727,49.9,0.945,509,49.3,0.935,492,48.4,0.875
840,-1,0,0.15,1.0,60,0,1,0,0,0,1,361,50.7,0.935,262,50.4,0.91,241,50.2,0.852
840,-1,0,0.15,1.0,60,0,1,0,0,0,-1,364,49.5,0.957,247,48.2,0.961,249,46.6,0.9
840,-1,0,0.15,1.0,60,0,1,0,0,1,0,442,50.9,1.037,306,51.0,1.054,318,49.4,0.907
840,-1,0,0.15,1.0,60,0,1,0,0,1,1,209,48.3,0.958,155,51.0,1.003,158,50.6,0.887
840,-1,0,0.15,1.0,60,0,1,0,0,1,-1,233,53.2,1.111,151,51.0,1.107,160,48.1,0.927
840,-1,0,0.15,1.0,60,0,1,0,0,2,0,285,48.4,0.827,203,46.8,0.801,174,46.6,0.825
840,-1,0,0.15,1.0,60,0,1,0,1,0,0,469,49.7,0.909,336,51.8,1.022,311,49.5,0.925
840,-1,0,0.15,1.0,60,0,1,0,1,0,1,230,50.0,0.904,178,52.8,0.985,159,52.2,0.905
840,-1,0,0.15,1.0,60,0,1,0,1,0,-1,237,49.8,0.918,158,50.6,1.062,150,46.7,0.952
840,-1,0,0.15,1.0,60,0,1,0,1,1,0,295,48.8,0.916,205,54.6,1.204,200,51.5,0.984
840,-1,0,0.15,1.0,60,0,1,0,-1,0,0,258,50.4,1.006,173,44.5,0.792,180,46.1,0.788
840,-1,0,0.15,1.0,60,0,1,1,0,0,0,445,50.3,0.925,326,50.9,0.968,309,49.5,0.94
840,-1,0,0.15,1.0,60,0,1,1,0,0,1,217,51.2,0.929,173,52.0,0.949,152,53.3,0.982
840,-1,0,0.15,1.0,60,0,1,1,0,0,-1,227,49.8,0.925,153,49.7,0.989,156,45.5,0.902
840,-1,0,0.15,1.0,60,0,1,1,0,1,0,280,49.3,0.918,202,54.0,1.169,205,51.2,1.007
840,-1,0,0.15,1.0,60,0,1,1,1,0,0,419,50.1,0.915,303,51.8,1.016,289,49.8,0.94
840,-1,0,0.15,1.0,60,0,1,1,1,0,1,206,50.5,0.917,163,52.1,0.982,146,52.7,0.965
840,-1,0,0.15,1.0,60,0,1,1,1,0,-1,212,50.0,0.917,140,51.4,1.054,142,46.5,0.916
840,-1,0,0.15,1.0,60,0,1,1,1,1,0,263,49.0,0.913,189,55.0,1.202,191,51.8,0.988
840,-1,0,0.15,1.0,60,0,1,-1,0,0,0,281,49.5,0.977,183,46.4,0.882,182,46.7,0.784
840,-1,0,0.15,1.0,60,0,1,-1,-1,0,0,232,50.0,0.999,150,45.3,0.841,161,46.6,0.783
840,-1,0,0.15,1.0,60,0,-1,0,0,0,0,252,47.2,0.876,171,53.8,1.123,163,50.9,0.982
840,-1,0,0.15,1.0,60,0,-1,0,1,0,0,212,48.6,0.906,144,52.8,1.036,142,49.3,0.872
840,-1,0,0.15,1.0,60,0,-1,1,0,0,0,203,50.2,0.992,141,51.1,0.935,138,48.6,0.827
840,-1,0,0.15,1.0,60,1,0,0,0,0,0,497,51.5,0.993,336,49.4,0.879,282,48.2,0.817
840,-1,0,0.15,1.0,60,1,0,0,0,0,1,309,50.8,0.938,218,50.0,0.879,171,49.7,0.835
840,-1,0,0.15,1.0,60,1,0,0,0,1,0,290,50.7,1.059,194,50.5,0.977,172,50.0,0.927
840,-1,0,0.15,1.0,60,1,0,0,0,2,0,207,52.7,0.915,142,47.9,0.78,110,45.5,0.692
840,-1,0,0.15,1.0,60,1,0,0,0,2,1,200,53.0,0.932,137,48.9,0.802,104,46.2,0.693
840,-1,0,0.15,1.0,60,1,0,0,1,0,0,345,51.9,1.009,246,51.6,0.966,199,49.7,0.883
840,-1,0,0.15,1.0,60,1,0,0,1,0,1,207,51.7,1.024,157,51.6,0.928,118,50.8,0.875
840,-1,0,0.15,1.0,60,1,0,0,1,1,0,208,49.5,0.991,148,54.1,1.149,124,53.2,1.081
840,-1,0,0.15,1.0,60,1,0,1,0,0,0,331,51.4,0.982,239,50.6,0.896,196,50.5,0.924
840,-1,0,0.15,1.0,60,1,0,1,1,0,0,313,50.8,0.953,226,51.8,0.957,187,50.8,0.93
840,-1,0,0.15,1.0,60,1,1,0,0,0,0,378,52.1,0.996,262,50.0,0.909,220,49.5,0.856
840,-1,0,0.15,1.0,60,1,1,0,0,0,1,234,51.3,0.937,166,50.6,0.88,129,51.9,0.883
840,-1,0,0.15,1.0,60,1,1,0,0,1,0,226,50.9,1.076,157,50.3,0.987,140,50.0,0.918
840,-1,0,0.15,1.0,60,1,1,0,1,0,0,248,51.6,0.981,180,53.3,1.092,144,52.8,1.069
840,-1,0,0.15,1.0,60,1,1,1,0,0,0,234,50.9,0.939,175,53.1,1.067,142,53.5,1.154
840,-1,0,0.15,1.0,60,1,1,1,1,0,0,220,50.5,0.923,164,54.3,1.153,134,53.7,1.158
840,-1,0,0.15,1.0,60,-1,0,0,0,0,0,442,46.6,0.854,325,51.1,1.066,296,50.7,1.03
840,-1,0,0.15,1.0,60,-1,0,0,0,0,-1,274,47.1,0.904,205,50.7,1.077,188,52.1,1.134
840,-1,0,0.15,1.0,60,-1,0,0,0,1,0,258,49.2,0.907,186,51.6,1.073,173,50.9,0.976
840,-1,0,0.15,1.0,60,-1,0,0,1,0,0,310,46.5,0.819,222,52.7,1.089,200,51.5,1.015
840,-1,0,0.15,1.0,60,-1,0,1,0,0,0,293,48.8,0.907,216,51.4,1.01,203,49.8,0.94
840,-1,0,0.15,1.0,60,-1,0,1,1,0,0,281,48.4,0.889,202,52.0,1.049,190,50.5,0.968
840,-1,0,0.15,1.0,60,-1,1,0,0,0,0,316,47.2,0.888,234,48.3,0.948,210,48.1,0.953
840,-1,0,0.15,1.0,60,-1,1,0,0,0,-1,201,46.8,0.887,142,46.5,0.89,130,47.7,0.972
840,-1,1,0.15,0.6,60,0,0,0,0,0,0,979,57.5,1.004,680,53.2,0.88,655,53.9,0.947
840,-1,1,0.15,0.6,60,0,0,0,0,0,1,483,57.8,0.98,333,55.3,0.923,331,55.9,0.979
840,-1,1,0.15,0.6,60,0,0,0,0,0,-1,492,56.9,1.024,345,51.6,0.852,317,52.4,0.951
840,-1,1,0.15,0.6,60,0,0,0,0,1,0,584,55.5,0.902,395,51.1,0.862,410,53.2,0.974
840,-1,1,0.15,0.6,60,0,0,0,0,1,1,305,53.8,0.853,197,54.3,0.983,206,56.8,1.116
840,-1,1,0.15,0.6,60,0,0,0,0,1,-1,279,57.3,0.963,198,48.0,0.748,204,49.5,0.844
840,-1,1,0.15,0.6,60,0,0,0,0,2,0,395,60.5,1.174,285,56.1,0.904,245,55.1,0.905
840,-1,1,0.15,0.6,60,0,0,0,0,2,-1,213,56.3,1.107,147,56.5,1.015,113,57.5,1.175
840,-1,1,0.15,0.6,60,0,0,0,1,0,0,298,58.4,0.996,200,56.5,0.942,201,55.7,0.961
840,-1,1,0.15,0.6,60,0,0,0,-1,0,0,681,57.1,1.008,480,51.9,0.855,453,53.2,0.945
840,-1,1,0.15,0.6,60,0,0,0,-1,0,1,338,57.4,0.967,231,52.8,0.86,223,54.3,0.937
840,-1,1,0.15,0.6,60,0,0,0,-1,0,-1,339,56.3,1.045,247,51.4,0.872,223,52.9,1.012
840,-1,1,0.15,0.6,60,0,0,0,-1,1,0,415,56.9,0.977,280,49.6,0.84,278,52.5,0.99
840,-1,1,0.15,0.6,60,0,0,0,-1,1,1,216,54.6,0.867,136,51.5,0.926,132,55.3,1.109
840,-1,1,0.15,0.6,60,0,0,0,-1,2,0,266,57.5,1.057,200,55.0,0.874,175,54.3,0.883
840,-1,1,0.15,0.6,60,0,0,1,0,0,0,329,61.1,1.152,212,55.7,0.884,205,57.1,0.994
840,-1,1,0.15,0.6,60,0,0,1,1,0,0,265,60.4,1.129,171,56.1,0.912,178,56.2,0.974
840,-1,1,0.15,0.6,60,0,0,-1,0,0,0,648,55.6,0.934,467,52.2,0.884,447,52.6,0.939
840,-1,1,0.15,0.6,60,0,0,-1,0,0,1,323,56.7,0.932,225,53.3,0.886,225,54.7,0.963
840,-1,1,0.15,0.6,60,0,0,-1,0,0,-1,323,54.2,0.931,241,51.5,0.893,218,50.9,0.942
840,-1,1,0.15,0.6,60,0,0,-1,0,1,0,397,55.4,0.921,277,49.5,0.84,283,51.6,0.947
840,-1,1,0.15,0.6,60,0,0,-1,0,1,1,210,55.2,0.895,134,51.5,0.909,137,54.7,1.069
840,-1,1,0.15,0.6,60,0,0,-1,0,2,0,251,55.8,0.954,190,56.3,0.95,164,54.3,0.927
840,-1,1,0.15,0.6,60,0,0,-1,-1,0,0,615,56.3,0.983,438,51.8,0.868,423,52.7,0.948
840,-1,1,0.15,0.6,60,0,0,-1,-1,0,1,305,56.7,0.959,210,51.9,0.853,210,53.8,0.948
840,-1,1,0.15,0.6,60,0,0,-1,-1,0,-1,308,55.5,1.007,227,52.0,0.899,209,52.2,0.98
840,-1,1,0.15,0.6,60,0,0,-1,-1,1,0,376,56.4,0.986,261,49.4,0.854,266,51.9,0.984
840,-1,1,0.15,0.6,60,0,0,-1,-1,2,0,239,56.1,0.979,177,55.4,0.889,157,54.1,0.895
840,-1,1,0.15,0.6,60,0,1,0,0,0,0,252,59.9,1.048,171,50.9,0.751,163,52.1,0.853
840,-1,1,0.15,0.6,60,0,1,0,-1,0,0,212,59.4,1.053,144,50.0,0.761,142,52.1,0.89
840,-1,1,0.15,0.6,60,0,1,-1,0,0,0,203,56.7,0.918,141,51.1,0.796,138,52.2,0.928
840,-1,1,0.15,0.6,60,0,-1,0,0,0,0,727,56.7,0.989,509,54.0,0.931,492,54.5,0.983
840,-1,1,0.15,0.6,60,0,-1,0,0,0,1,364,57.4,0.983,247,57.5,1.022,249,58.6,1.065
840,-1,1,0.15,0.6,60,0,-1,0,0,0,-1,361,55.7,0.992,262,50.8,0.843,241,50.2,0.894
840,-1,1,0.15,0.6,60,0,-1,0,0,1,0,442,54.3,0.862,306,51.6,0.892,318,53.1,0.979
840,-1,1,0.15,0.6,60,0,-1,0,0,1,1,233,52.8,0.849,151,55.6,1.014,160,58.1,1.136
840,-1,1,0.15,0.6,60,0,-1,0,0,1,-1,209,56.0,0.879,155,47.7,0.776,158,48.1,0.833
840,-1,1,0.15,0.6,60,0,-1,0,0,2,0,285,60.4,1.216,203,57.6,0.992,174,56.9,0.992
840,-1,1,0.15,0.6,60,0,-1,0,1,0,0,258,57.8,0.991,173,56.6,0.991,180,56.1,1.012
840,-1,1,0.15,0.6,60,0,-1,0,-1,0,0,469,56.1,0.988,336,52.7,0.901,311,53.7,0.973
840,-1,1,0.15,0.6,60,0,-1,0,-1,0,1,237,57.0,0.966,158,55.7,0.968,150,58.0,1.052
840,-1,1,0.15,0.6,60,0,-1,0,-1,0,-1,230,54.8,1.009,178,50.0,0.837,159,49.7,0.891
840,-1,1,0.15,0.6,60,0,-1,0,-1,1,0,295,55.9,0.941,205,49.8,0.848,200,51.5,0.943
840,-1,1,0.15,0.6,60,0,-1,1,0,0,0,281,59.1,1.069,183,56.3,0.938,182,57.1,1.044
840,-1,1,0.15,0.6,60,0,-1,1,1,0,0,232,59.1,1.085,150,56.7,0.981,161,56.5,1.035
840,-1,1,0.15,0.6,60,0,-1,-1,0,0,0,445,55.1,0.941,326,52.8,0.926,309,52.8,0.945
840,-1,1,0.15,0.6,60,0,-1,-1,0,0,1,227,56.4,0.935,153,56.2,1.012,156,58.3,1.078
840,-1,1,0.15,0.6,60,0,-1,-1,0,0,-1,217,53.5,0.943,173,49.7,0.845,152,47.4,0.813
840,-1,1,0.15,0.6,60,0,-1,-1,0,1,0,280,54.3,0.884,202,50.0,0.856,205,51.2,0.913
840,-1,1,0.15,0.6,60,0,-1,-1,-1,0,0,419,55.6,0.987,303,52.5,0.916,289,52.9,0.959
840,-1,1,0.15,0.6,60,0,-1,-1,-1,0,1,212,56.6,0.973,140,55.0,0.984,142,57.7,1.076
840,-1,1,0.15,0.6,60,0,-1,-1,-1,0,-1,206,54.4,0.999,163,50.3,0.852,146,48.6,0.847
840,-1,1,0.15,0.6,60,0,-1,-1,-1,1,0,263,55.5,0.963,189,49.7,0.868,191,51.3,0.946
840,-1,1,0.15,0.6,60,1,0,0,0,0,0,442,60.4,1.075,325,52.3,0.815,296,51.4,0.817
840,-1,1,0.15,0.6,60,1,0,0,0,0,1,274,59.9,1.065,205,56.1,0.853,188,53.2,0.793
840,-1,1,0.15,0.6,60,1,0,0,0,1,0,258,57.0,0.961,186,50.0,0.813,173,49.7,0.842
840,-1,1,0.15,0.6,60,1,0,0,-1,0,0,310,61.0,1.141,222,51.4,0.799,200,51.0,0.827
840,-1,1,0.15,0.6,60,1,0,-1,0,0,0,293,57.7,0.979,216,51.9,0.848,203,51.2,0.862
840,-1,1,0.15,0.6,60,1,0,-1,-1,0,0,281,59.1,1.071,202,51.5,0.827,190,51.1,0.848
840,-1,1,0.15,0.6,60,1,-1,0,0,0,0,316,59.5,1.021,234,53.8,0.908,210,53.3,0.876
840,-1,1,0.15,0.6,60,1,-1,0,0,0,1,201,59.7,1.075,142,59.2,1.015,130,57.7,0.931
840,-1,1,0.15,0.6,60,-1,0,0,0,0,0,497,55.3,0.964,336,55.4,1.003,282,56.7,1.113
840,-1,1,0.15,0.6,60,-1,0,0,0,0,-1,309,55.3,1.019,218,54.6,0.901,171,54.4,0.965
840,-1,1,0.15,0.6,60,-1,0,0,0,1,0,290,55.2,0.884,194,53.6,0.971,172,55.8,1.083
840,-1,1,0.15,0.6,60,-1,0,0,0,2,0,207,55.6,1.082,142,57.7,1.048,110,58.2,1.16
840,-1,1,0.15,0.6,60,-1,0,0,0,2,-1,200,55.5,1.089,137,56.9,1.018,104,57.7,1.18
840,-1,1,0.15,0.6,60,-1,0,0,-1,0,0,345,54.2,0.915,246,52.8,0.934,199,54.3,1.042
840,-1,1,0.15,0.6,60,-1,0,0,-1,0,-1,207,53.1,0.924,157,53.5,0.901,118,53.4,0.974
840,-1,1,0.15,0.6,60,-1,0,0,-1,1,0,208,55.8,0.9,148,49.3,0.83,124,51.6,0.939
840,-1,1,0.15,0.6,60,-1,0,-1,0,0,0,331,54.4,0.919,239,53.1,0.949,196,53.1,0.994
840,-1,1,0.15,0.6,60,-1,0,-1,-1,0,0,313,54.6,0.936,226,52.2,0.912,187,52.9,0.995
840,-1,1,0.15,0.6,60,-1,-1,0,0,0,0,378,54.8,0.986,262,55.0,0.986,220,55.5,1.071
840,-1,1,0.15,0.6,60,-1,-1,0,0,0,-1,234,54.7,1.055,166,53.0,0.867,129,51.9,0.909
840,-1,1,0.15,0.6,60,-1,-1,0,0,1,0,226,54.9,0.889,157,54.8,1.012,140,55.7,1.085
840,-1,1,0.15,0.6,60,-1,-1,0,-1,0,0,248,53.6,0.933,180,52.2,0.915,144,52.1,0.959
840,-1,1,0.15,0.6,60,-1,-1,-1,0,0,0,234,54.3,0.971,175,52.0,0.908,142,50.7,0.886
840,-1,1,0.15,0.6,60,-1,-1,-1,-1,0,0,220,54.1,0.964,164,51.2,0.881,134,50.7,0.9
840,30,0,0.15,0.3,60,0,0,0,0,0,0,978,69.9,0.818,679,67.9,0.809,653,68.8,0.846
840,30,0,0.15,0.3,60,0,0,0,0,0,1,476,69.5,0.851,350,67.4,0.764,326,68.7,0.818
840,30,0,0.15,0.3,60,0,0,0,0,0,-1,498,70.3,0.786,327,68.5,0.864,320,69.1,0.902
840,30,0,0.15,0.3,60,0,0,0,0,1,0,584,68.7,0.786,395,70.1,0.948,409,70.4,0.935
840,30,0,0.15,0.3,60,0,0,0,0,1,1,275,65.8,0.747,201,71.6,1.023,208,71.6,0.991
840,30,0,0.15,0.3,60,0,0,0,0,1,-1,309,71.2,0.823,194,68.6,0.88,201,69.2,0.883
840,30,0,0.15,0.3,60,0,0,0,0,2,0,394,71.8,0.866,284,64.8,0.659,244,66.0,0.725
840,30,0,0.15,0.3,60,0,0,0,0,2,1,201,74.6,1.021,149,61.7,0.532,118,63.6,0.596
840,30,0,0.15,0.3,60,0,0,0,1,0,0,515,69.7,0.788,366,68.6,0.831,342,69.3,0.848
840,30,0,0.15,0.3,60,0,0,0,1,0,1,249,70.7,0.913,193,67.4,0.788,174,67.8,0.835
840,30,0,0.15,0.3,60,0,0,0,1,0,-1,264,68.9,0.697,172,69.8,0.869,166,70.5,0.852
840,30,0,0.15,0.3,60,0,0,0,1,1,0,319,67.7,0.737,207,70.0,0.958,213,69.0,0.863
840,30,0,0.15,0.3,60,0,0,0,-1,0,0,463,70.2,0.851,313,67.1,0.783,310,68.1,0.84
840,30,0,0.15,0.3,60,0,0,0,-1,0,1,227,68.3,0.793,157,67.5,0.736,151,69.5,0.793
840,30,0,0.15,0.3,60,0,0,0,-1,0,-1,234,71.8,0.905,155,67.1,0.858,154,67.5,0.962
840,30,0,0.15,0.3,60,0,0,0,-1,1,0,265,69.8,0.85,188,70.2,0.938,195,71.8,1.017
840,30,0,0.15,0.3,60,0,0,1,0,0,0,506,70.6,0.84,360,67.5,0.796,342,69.3,0.86
840,30,0,0.15,0.3,60,0,0,1,0,0,1,245,71.0,0.924,190,65.8,0.761,171,67.8,0.874
840,30,0,0.15,0.3,60,0,0,1,0,0,-1,261,70.1,0.773,169,69.2,0.826,169,70.4,0.839
840,30,0,0.15,0.3,60,0,0,1,0,1,0,315,68.6,0.782,210,69.5,0.943,217,70.0,0.908
840,30,0,0.15,0.3,60,0,0,1,1,0,0,461,70.1,0.815,328,68.6,0.843,317,69.4,0.864
840,30,0,0.15,0.3,60,0,0,1,1,0,1,225,70.7,0.919,173,66.5,0.802,159,67.3,0.865
840,30,0,0.15,0.3,60,0,0,1,1,0,-1,236,69.5,0.734,154,70.8,0.88,156,71.2,0.856
840,30,0,0.15,0.3,60,0,0,1,1,1,0,287,68.3,0.78,191,70.7,0.996,201,70.1,0.916
840,30,0,0.15,0.3,60,0,0,-1,0,0,0,470,69.4,0.798,318,68.6,0.833,308,68.5,0.852
840,30,0,0.15,0.3,60,0,0,-1,0,0,1,231,68.0,0.787,160,69.4,0.767,155,69.7,0.763
840,30,0,0.15,0.3,60,0,0,-1,0,0,-1,237,70.5,0.801,158,67.7,0.913,151,67.5,0.984
840,30,0,0.15,0.3,60,0,0,-1,0,1,0,269,68.8,0.792,185,70.8,0.954,192,70.8,0.968
840,30,0,0.15,0.3,60,0,0,-1,0,2,0,201,70.1,0.807,133,65.4,0.696,116,64.7,0.705
840,30,0,0.15,0.3,60,0,0,-1,-1,0,0,418,69.6,0.826,280,68.6,0.849,282,68.4,0.868
840,30,0,0.15,0.3,60,0,0,-1,-1,0,1,207,67.6,0.778,140,68.6,0.779,139,69.1,0.779
840,30,0,0.15,0.3,60,0,0,-1,-1,0,-1,209,71.3,0.868,140,68.6,0.933,141,68.1,0.998
840,30,0,0.15,0.3,60,0,0,-1,-1,1,0,237,69.6,0.855,169,71.6,0.996,179,72.1,1.038
840,30,0,0.15,0.3,60,0,1,0,0,0,0,636,69.8,0.816,420,67.6,0.783,392,67.6,0.796
840,30,0,0.15,0.3,60,0,1,0,0,0,1,308,69.8,0.876,220,67.3,0.726,194,66.5,0.715
840,30,0,0.15,0.3,60,0,1,0,0,0,-1,326,69.6,0.759,199,68.3,0.866,193,69.4,0.946
840,30,0,0.15,0.3,60,0,1,0,0,1,0,376,70.5,0.89,245,71.4,1.003,248,70.6,0.936
840,30,0,0.15,0.3,60,0,1,0,0,1,-1,202,73.3,0.948,119,70.6,0.97,123,71.5,1.022
840,30,0,0.15,0.3,60,0,1,0,0,2,0,260,68.8,0.726,175,62.3,0.572,144,62.5,0.623
840,30,0,0.15,0.3,60,0,1,0,1,0,0,341,66.6,0.705,235,68.1,0.821,206,68.4,0.814
840,30,0,0.15,0.3,60,0,1,0,1,1,0,214,67.8,0.792,138,68.8,0.923,133,66.9,0.768
840,30,0,0.15,0.3,60,0,1,0,-1,0,0,295,73.6,0.966,185,67.0,0.737,186,66.7,0.778
840,30,0,0.15,0.3,60,0,1,1,0,0,0,329,66.9,0.712,228,67.5,0.801,206,68.4,0.836
840,30,0,0.15,0.3,60,0,1,1,0,1,0,206,68.0,0.798,138,69.6,0.949,137,69.3,0.863
840,30,0,0.15,0.3,60,0,1,1,1,0,0,303,66.0,0.687,208,68.8,0.864,189,68.8,0.842
840,30,0,0.15,0.3,60,0,1,-1,0,0,0,306,72.9,0.942,191,68.1,0.779,184,67.4,0.794
840,30,0,0.15,0.3,60,0,1,-1,-1,0,0,269,73.2,0.958,164,68.9,0.819,167,67.7,0.822
840,30,0,0.15,0.3,60,0,-1,0,0,0,0,342,70.2,0.821,259,68.3,0.849,261,70.5,0.922
840,30,0,0.15,0.3,60,0,-1,0,0,1,0,208,65.4,0.633,150,68.0,0.873,161,70.2,0.934
840,30,0,0.15,0.3,60,1,0,0,0,0,0,490,71.4,0.911,346,64.5,0.708,303,65.7,0.745
840,30,0,0.15,0.3,60,1,0,0,0,0,1,296,69.9,0.912,225,64.4,0.666,184,66.3,0.719
840,30,0,0.15,0.3,60,1,0,0,0,1,0,289,68.9,0.834,196,66.8,0.873,185,67.6,0.869
840,30,0,0.15,0.3,60,1,0,0,0,2,0,201,75.1,1.031,150,61.3,0.544,118,62.7,0.591
840,30,0,0.15,0.3,60,1,0,0,1,0,0,262,70.6,0.917,195,68.2,0.866,163,69.9,0.894
840,30,0,0.15,0.3,60,1,0,0,-1,0,0,228,72.4,0.904,151,59.6,0.563,140,60.7,0.614
840,30,0,0.15,0.3,60,1,0,1,0,0,0,260,71.2,0.943,193,67.4,0.823,162,69.1,0.895
840,30,0,0.15,0.3,60,1,0,1,1,0,0,239,69.9,0.889,177,68.9,0.906,152,69.7,0.905
840,30,0,0.15,0.3,60,1,0,-1,0,0,0,230,71.7,0.879,153,60.8,0.599,141,61.7,0.618
840,30,0,0.15,0.3,60,1,0,-1,-1,0,0,207,71.0,0.847,135,60.7,0.604,130,60.8,0.61
840,30,0,0.15,0.3,60,1,1,0,0,0,0,333,72.1,0.974,224,63.8,0.667,187,65.2,0.714
840,30,0,0.15,0.3,60,1,1,0,0,0,1,204,69.1,0.896,147,64.6,0.633,111,65.8,0.663
840,30,0,0.15,0.3,60,-1,0,0,0,0,0,448,67.9,0.722,314,72.0,0.965,273,74.4,1.109
840,30,0,0.15,0.3,60,-1,0,0,0,0,-1,286,67.8,0.71,197,70.6,0.899,173,72.8,1.046
840,30,0,0.15,0.3,60,-1,0,0,0,1,0,259,67.6,0.722,184,73.9,1.078,159,78.0,1.299
840,30,0,0.15,0.3,60,-1,0,0,1,0,0,234,67.9,0.667,161,69.6,0.831,142,73.2,0.988
840,30,0,0.15,0.3,60,-1,0,0,-1,0,0,214,67.8,0.789,153,74.5,1.173,130,75.4,1.271
840,30,0,0.15,0.3,60,-1,0,1,0,0,0,229,68.6,0.719,160,68.1,0.796,148,73.0,0.954
840,30,0,0.15,0.3,60,-1,0,1,1,0,0,208,69.2,0.726,144,68.8,0.813,134,72.4,0.942
840,30,0,0.15,0.3,60,-1,0,-1,0,0,0,219,67.1,0.724,154,76.0,1.226,125,76.0,1.37
840,30,0,0.15,0.3,60,-1,1,0,0,0,0,277,66.4,0.666,185,73.0,0.998,156,73.7,1.078
840,30,0,0.25,1.0,60,0,0,0,0,0,0,978,48.8,0.958,679,44.8,0.803,653,44.7,0.812
840,30,0,0.25,1.0,60,0,0,0,0,0,1,476,48.7,0.9,350,46.3,0.762,326,46.0,0.771
840,30,0,0.25,1.0,60,0,0,0,0,0,-1,498,48.8,1.018,327,43.1,0.859,320,43.1,0.885
840,30,0,0.25,1.0,60,0,0,0,0,1,0,584,48.5,0.944,395,44.3,0.841,409,44.3,0.838
840,30,0,0.25,1.0,60,0,0,0,0,1,1,275,44.7,0.902,201,46.3,0.87,208,46.2,0.868
840,30,0,0.25,1.0,60,0,0,0,0,1,-1,309,51.8,0.984,194,42.3,0.811,201,42.3,0.807
840,30,0,0.25,1.0,60,0,0,0,0,2,0,394,49.2,0.976,284,45.4,0.756,244,45.5,0.774
840,30,0,0.25,1.0,60,0,0,0,0,2,1,201,54.2,0.898,149,46.3,0.637,118,45.8,0.631
840,30,0,0.25,1.0,60,0,0,0,1,0,0,515,48.7,0.912,366,46.2,0.882,342,45.0,0.833
840,30,0,0.25,1.0,60,0,0,0,1,0,1,249,49.0,0.871,193,47.7,0.853,174,45.4,0.78
840,30,0,0.25,1.0,60,0,0,0,1,0,-1,264,48.9,0.958,172,44.2,0.915,166,44.0,0.894
840,30,0,0.25,1.0,60,0,0,0,1,1,0,319,48.3,0.845,207,45.9,0.899,213,44.1,0.823
840,30,0,0.25,1.0,60,0,0,0,-1,0,0,463,48.8,1.002,313,43.1,0.716,310,44.5,0.792
840,30,0,0.25,1.0,60,0,0,0,-1,0,1,227,48.5,0.927,157,44.6,0.655,151,47.0,0.763
840,30,0,0.25,1.0,60,0,0,0,-1,0,-1,234,48.7,1.081,155,41.9,0.8,154,42.2,0.877
840,30,0,0.25,1.0,60,0,0,0,-1,1,0,265,48.7,1.056,188,42.6,0.78,195,44.6,0.857
840,30,0,0.25,1.0,60,0,0,1,0,0,0,506,50.2,0.988,360,45.3,0.832,342,44.4,0.823
840,30,0,0.25,1.0,60,0,0,1,0,0,1,245,50.2,0.963,190,46.3,0.764,171,45.0,0.746
840,30,0,0.25,1.0,60,0,0,1,0,0,-1,261,50.2,1.012,169,43.8,0.909,169,43.2,0.907
840,30,0,0.25,1.0,60,0,0,1,0,1,0,315,48.9,0.882,210,46.2,0.88,217,43.8,0.823
840,30,0,0.25,1.0,60,0,0,1,1,0,0,461,48.8,0.907,328,46.0,0.849,317,44.8,0.833
840,30,0,0.25,1.0,60,0,0,1,1,0,1,225,48.4,0.851,173,46.8,0.791,159,44.7,0.759
840,30,0,0.25,1.0,60,0,0,1,1,0,-1,236,49.2,0.96,154,44.8,0.919,156,44.2,0.915
840,30,0,0.25,1.0,60,0,0,1,1,1,0,287,48.1,0.815,191,47.1,0.918,201,44.8,0.849
840,30,0,0.25,1.0,60,0,0,-1,0,0,0,470,47.4,0.934,318,44.3,0.783,308,45.1,0.819
840,30,0,0.25,1.0,60,0,0,-1,0,0,1,231,47.2,0.848,160,46.2,0.759,155,47.1,0.799
840,30,0,0.25,1.0,60,0,0,-1,0,0,-1,237,47.3,1.024,158,42.4,0.808,151,43.0,0.862
840,30,0,0.25,1.0,60,0,0,-1,0,1,0,269,48.0,1.011,185,42.2,0.8,192,44.8,0.855
840,30,0,0.25,1.0,60,0,0,-1,0,2,0,201,46.8,0.843,133,47.4,0.76,116,45.7,0.768
840,30,0,0.25,1.0,60,0,0,-1,-1,0,0,418,47.1,0.927,280,43.9,0.732,282,45.0,0.819
840,30,0,0.25,1.0,60,0,0,-1,-1,0,1,207,46.4,0.828,140,45.0,0.675,139,46.8,0.78
840,30,0,0.25,1.0,60,0,0,-1,-1,0,-1,209,47.4,1.033,140,42.9,0.796,141,43.3,0.882
840,30,0,0.25,1.0,60,0,0,-1,-1,1,0,237,47.7,0.996,169,43.2,0.808,179,45.8,0.889
840,30,0,0.25,1.0,60,0,1,0,0,0,0,636,50.2,0.983,420,44.8,0.798,392,45.2,0.788
840,30,0,0.25,1.0,60,0,1,0,0,0,1,308,50.3,0.899,220,48.6,0.772,194,47.9,0.748
840,30,0,0.25,1.0,60,0,1,0,0,0,-1,326,50.0,1.065,199,40.7,0.841,193,42.5,0.879
840,30,0,0.25,1.0,60,0,1,0,0,1,0,376,49.7,0.98,245,46.1,0.904,248,46.0,0.849
840,30,0,0.25,1.0,60,0,1,0,0,1,-1,202,53.5,1.093,119,42.0,0.777,123,42.3,0.759
840,30,0,0.25,1.0,60,0,1,0,0,2,0,260,50.8,0.987,175,42.9,0.671,144,43.8,0.699
840,30,0,0.25,1.0,60,0,1,0,1,0,0,341,47.8,0.866,235,47.2,0.865,206,46.1,0.798
840,30,0,0.25,1.0,60,0,1,0,1,1,0,214,48.6,0.899,138,47.1,0.867,133,44.4,0.709
840,30,0,0.25,1.0,60,0,1,0,-1,0,0,295,52.9,1.1,185,41.6,0.724,186,44.1,0.778
840,30,0,0.25,1.0,60,0,1,1,0,0,0,329,49.8,0.967,228,46.5,0.846,206,45.1,0.771
840,30,0,0.25,1.0,60,0,1,1,0,1,0,206,49.0,0.898,138,47.8,0.859,137,44.5,0.718
840,30,0,0.25,1.0,60,0,1,1,1,0,0,303,47.9,0.862,208,47.6,0.859,189,46.0,0.798
840,30,0,0.25,1.0,60,0,1,-1,0,0,0,306,50.7,0.999,191,42.9,0.766,184,45.7,0.836
840,30,0,0.25,1.0,60,0,1,-1,-1,0,0,269,50.9,1.008,164,42.7,0.739,167,45.5,0.841
840,30,0,0.25,1.0,60,0,-1,0,0,0,0,342,46.2,0.909,259,44.8,0.812,261,44.1,0.849
840,30,0,0.25,1.0,60,0,-1,0,0,1,0,208,46.2,0.883,150,41.3,0.742,161,41.6,0.822
840,30,0,0.25,1.0,60,1,0,0,0,0,0,490,52.0,0.992,346,45.1,0.752,303,44.6,0.772
840,30,0,0.25,1.0,60,1,0,0,0,0,1,296,51.0,0.918,225,47.1,0.736,184,47.3,0.778
840,30,0,0.25,1.0,60,1,0,0,0,1,0,289,50.2,1.022,196,44.4,0.842,185,44.3,0.903
840,30,0,0.25,1.0,60,1,0,0,0,2,0,201,54.7,0.954,150,46.0,0.653,118,44.9,0.617
840,30,0,0.25,1.0,60,1,0,0,1,0,0,262,50.4,0.924,195,48.7,0.977,163,46.6,0.932
840,30,0,0.25,1.0,60,1,0,0,-1,0,0,228,53.9,1.052,151,40.4,0.538,140,42.1,0.618
840,30,0,0.25,1.0,60,1,0,1,0,0,0,260,51.2,0.961,193,47.2,0.914,162,45.1,0.885
840,30,0,0.25,1.0,60,1,0,1,1,0,0,239,48.5,0.804,177,48.6,0.962,152,46.1,0.923
840,30,0,0.25,1.0,60,1,0,-1,0,0,0,230,53.0,1.019,153,42.5,0.596,141,44.0,0.664
840,30,0,0.25,1.0,60,1,0,-1,-1,0,0,207,51.2,0.917,135,41.5,0.55,130,43.1,0.637
840,30,0,0.25,1.0,60,1,1,0,0,0,0,333,52.6,0.959,224,47.3,0.725,187,44.9,0.686
840,30,0,0.25,1.0,60,1,1,0,0,0,1,204,51.5,0.859,147,49.0,0.655,111,46.8,0.655
840,30,0,0.25,1.0,60,-1,0,0,0,0,0,448,44.4,0.911,314,44.6,0.889,273,44.7,0.927
840,30,0,0.25,1.0,60,-1,0,0,0,0,-1,286,45.1,0.961,197,44.2,0.906,173,45.1,1.005
840,30,0,0.25,1.0,60,-1,0,0,0,1,0,259,45.2,0.844,184,44.6,0.869,159,44.7,0.876
840,30,0,0.25,1.0,60,-1,0,0,1,0,0,234,45.7,0.877,161,43.5,0.831,142,44.4,0.83
840,30,0,0.25,1.0,60,-1,0,0,-1,0,0,214,43.0,0.948,153,45.8,0.966,130,45.4,1.048
840,30,0,0.25,1.0,60,-1,0,1,0,0,0,229,48.0,0.988,160,43.1,0.776,148,43.9,0.817
840,30,0,0.25,1.0,60,-1,0,1,1,0,0,208,47.6,0.975,144,43.1,0.763,134,43.3,0.793
840,30,0,0.25,1.0,60,-1,0,-1,0,0,0,219,40.6,0.838,154,46.1,1.025,125,45.6,1.08
840,30,0,0.25,1.0,60,-1,1,0,0,0,0,277,46.2,0.995,185,42.2,0.943,156,45.5,1.065
840,30,1,0.25,0.6,60,0,0,0,0,0,0,978,53.6,0.978,679,55.7,1.142,653,55.1,1.135
840,30,1,0.25,0.6,60,0,0,0,0,0,1,498,54.2,0.937,327,56.6,1.149,320,56.6,1.115
840,30,1,0.25,0.6,60,0,0,0,0,0,-1,476,52.9,1.023,350,54.9,1.127,326,54.0,1.13
840,30,1,0.25,0.6,60,0,0,0,0,1,0,584,53.3,0.985,395,54.2,1.04,409,54.5,1.077
840,30,1,0.25,0.6,60,0,0,0,0,1,1,309,51.5,0.948,194,55.2,1.091,201,55.7,1.122
840,30,1,0.25,0.6,60,0,0,0,0,1,-1,275,55.3,1.029,201,53.2,0.992,208,53.4,1.034
840,30,1,0.25,0.6,60,0,0,0,0,2,0,394,54.1,0.967,284,57.7,1.29,244,56.1,1.231
840,30,1,0.25,0.6,60,0,0,0,0,2,-1,201,49.8,1.014,149,57.0,1.328,118,55.1,1.312
840,30,1,0.25,0.6,60,0,0,0,1,0,0,463,55.3,0.938,313,58.1,1.29,310,56.1,1.174
840,30,1,0.25,0.6,60,0,0,0,1,0,1,234,54.7,0.853,155,59.4,1.195,154,59.1,1.127
840,30,1,0.25,0.6,60,0,0,0,1,0,-1,227,56.4,1.039,157,56.7,1.379,151,53.0,1.171
840,30,1,0.25,0.6,60,0,0,0,1,1,0,265,54.0,0.862,188,58.0,1.227,195,55.4,1.103
840,30,1,0.25,0.6,60,0,0,0,-1,0,0,515,52.0,1.02,366,53.6,1.033,342,54.1,1.094
840,30,1,0.25,0.6,60,0,0,0,-1,0,1,264,53.8,1.024,172,54.1,1.11,166,54.2,1.104
840,30,1,0.25,0.6,60,0,0,0,-1,0,-1,249,49.8,1.004,193,53.4,0.97,174,54.6,1.087
840,30,1,0.25,0.6,60,0,0,0,-1,1,0,319,52.7,1.117,207,50.7,0.899,213,53.5,1.045
840,30,1,0.25,0.6,60,0,0,1,0,0,0,470,56.0,0.978,318,56.6,1.179,308,55.5,1.166
840,30,1,0.25,0.6,60,0,0,1,0,0,1,237,55.7,0.899,158,58.2,1.215,151,58.3,1.16
840,30,1,0.25,0.6,60,0,0,1,0,0,-1,231,56.7,1.072,160,55.0,1.144,155,52.9,1.155
840,30,1,0.25,0.6,60,0,0,1,0,1,0,269,54.3,0.881,185,57.3,1.185,192,55.2,1.149
840,30,1,0.25,0.6,60,0,0,1,0,2,0,201,58.2,1.118,133,55.6,1.171,116,56.0,1.191
840,30,1,0.25,0.6,60,0,0,1,1,0,0,418,56.5,0.983,280,56.8,1.203,282,55.7,1.174
840,30,1,0.25,0.6,60,0,0,1,1,0,1,209,55.5,0.884,140,57.1,1.098,141,58.2,1.154
840,30,1,0.25,0.6,60,0,0,1,1,0,-1,207,58.0,1.103,140,56.4,1.327,139,53.2,1.176
840,30,1,0.25,0.6,60,0,0,1,1,1,0,237,54.0,0.881,169,56.8,1.189,179,54.2,1.092
840,30,1,0.25,0.6,60,0,0,-1,0,0,0,506,51.2,0.973,360,54.7,1.102,342,54.7,1.09
840,30,1,0.25,0.6,60,0,0,-1,0,0,1,261,52.9,0.973,169,55.0,1.092,169,55.0,1.075
840,30,1,0.25,0.6,60,0,0,-1,0,0,-1,245,49.4,0.972,190,54.7,1.112,171,55.0,1.107
840,30,1,0.25,0.6,60,0,0,-1,0,1,0,315,52.4,1.093,210,51.4,0.923,217,53.9,1.015
840,30,1,0.25,0.6,60,0,0,-1,-1,0,0,461,51.8,1.025,328,53.4,1.032,317,54.3,1.101
840,30,1,0.25,0.6,60,0,0,-1,-1,0,1,236,53.4,1.022,154,52.6,1.003,156,53.8,1.095
840,30,1,0.25,0.6,60,0,0,-1,-1,0,-1,225,50.2,1.029,173,54.3,1.062,159,55.3,1.108
840,30,1,0.25,0.6,60,0,0,-1,-1,1,0,287,52.3,1.15,191,49.7,0.877,201,52.7,0.999
840,30,1,0.25,0.6,60,0,1,0,0,0,0,342,57.0,1.049,259,54.8,1.13,261,54.4,1.122
840,30,1,0.25,0.6,60,0,1,0,0,1,0,208,57.7,1.138,150,56.0,1.233,161,54.7,1.15
840,30,1,0.25,0.6,60,0,-1,0,0,0,0,636,51.7,0.942,420,56.2,1.15,392,55.6,1.144
840,30,1,0.25,0.6,60,0,-1,0,0,0,1,326,53.4,0.883,199,59.8,1.169,193,59.1,1.078
840,30,1,0.25,0.6,60,0,-1,0,0,0,-1,308,50.0,1.018,220,52.7,1.118,194,52.1,1.167
840,30,1,0.25,0.6,60,0,-1,0,0,1,0,376,50.8,0.908,245,53.1,0.936,248,54.4,1.029
840,30,1,0.25,0.6,60,0,-1,0,0,1,1,202,49.5,0.799,119,57.1,1.048,123,58.5,1.098
840,30,1,0.25,0.6,60,0,-1,0,0,2,0,260,53.1,0.989,175,60.6,1.534,144,57.6,1.36
840,30,1,0.25,0.6,60,0,-1,0,1,0,0,295,51.2,0.84,185,60.5,1.374,186,57.5,1.214
840,30,1,0.25,0.6,60,0,-1,0,-1,0,0,341,52.2,1.066,235,52.8,0.996,206,53.9,1.079
840,30,1,0.25,0.6,60,0,-1,0,-1,1,0,214,51.4,1.043,138,51.4,0.893,133,55.6,1.164
840,30,1,0.25,0.6,60,0,-1,1,0,0,0,306,52.6,0.886,191,58.1,1.216,184,56.0,1.145
840,30,1,0.25,0.6,60,0,-1,1,1,0,0,269,52.4,0.873,164,58.5,1.238,167,56.3,1.171
840,30,1,0.25,0.6,60,0,-1,-1,0,0,0,329,50.8,1.005,228,54.4,1.079,206,54.9,1.106
840,30,1,0.25,0.6,60,0,-1,-1,0,1,0,206,50.5,1.029,138,52.2,0.929,137,55.5,1.124
840,30,1,0.25,0.6,60,0,-1,-1,-1,0,0,303,51.8,1.071,208,52.4,0.976,189,54.0,1.096
840,30,1,0.25,0.6,60,1,0,0,0,0,0,448,57.4,1.057,314,56.4,1.141,273,56.4,1.088
840,30,1,0.25,0.6,60,1,0,0,0,0,1,286,57.3,1.02,197,57.9,1.216,173,57.2,1.095
840,30,1,0.25,0.6,60,1,0,0,0,1,0,259,56.0,1.139,184,54.9,1.066,159,55.3,1.07
840,30,1,0.25,0.6,60,1,0,0,1,0,0,214,59.8,1.048,153,56.2,1.076,130,56.9,1.012
840,30,1,0.25,0.6,60,1,0,0,-1,0,0,234,55.1,1.067,161,56.5,1.198,142,55.6,1.15
840,30,1,0.25,0.6,60,1,0,1,0,0,0,219,61.6,1.167,154,56.5,1.043,125,56.8,1.036
840,30,1,0.25,0.6,60,1,0,-1,0,0,0,229,53.3,0.965,160,56.2,1.242,148,56.1,1.132
840,30,1,0.25,0.6,60,1,0,-1,-1,0,0,208,53.8,0.994,144,55.6,1.206,134,56.7,1.212
840,30,1,0.25,0.6,60,1,-1,0,0,0,0,277,55.6,0.993,185,58.9,1.161,156,57.1,1.0
840,30,1,0.25,0.6,60,-1,0,0,0,0,0,490,50.8,0.931,346,55.5,1.124,303,54.5,1.08
840,30,1,0.25,0.6,60,-1,0,0,0,0,-1,296,51.4,1.009,225,55.1,1.135,184,53.3,1.07
840,30,1,0.25,0.6,60,-1,0,0,0,1,0,289,51.9,0.905,196,54.1,1.001,185,53.5,0.92
840,30,1,0.25,0.6,60,-1,0,0,0,2,0,201,49.3,0.969,150,57.3,1.299,118,55.9,1.365
840,30,1,0.25,0.6,60,-1,0,0,1,0,0,228,51.8,0.871,151,60.9,1.571,140,57.1,1.34
840,30,1,0.25,0.6,60,-1,0,0,-1,0,0,262,50.0,1.004,195,51.3,0.863,163,52.1,0.894
840,30,1,0.25,0.6,60,-1,0,1,0,0,0,230,51.3,0.851,153,57.5,1.34,141,55.3,1.245
840,30,1,0.25,0.6,60,-1,0,1,1,0,0,207,53.1,0.921,135,59.3,1.454,130,56.2,1.316
840,30,1,0.25,0.6,60,-1,0,-1,0,0,0,260,50.4,1.028,193,53.9,0.972,162,53.7,0.946
840,30,1,0.25,0.6,60,-1,0,-1,-1,0,0,239,51.5,1.121,177,52.0,0.881,152,52.6,0.917
840,30,1,0.25,0.6,60,-1,-1,0,0,0,0,333,49.2,0.921,224,54.0,1.111,187,54.5,1.148
840,30,1,0.25,0.6,60,-1,-1,0,0,0,-1,204,49.0,1.041,147,53.1,1.218,111,52.3,1.205
840,60,0,0.25,0.3,60,0,0,0,0,0,0,979,65.6,0.985,680,62.6,0.906,655,62.0,0.906
840,60,0,0.25,0.3,60,0,0,0,0,0,1,500,65.0,0.929,345,61.2,0.803,325,60.9,0.818
840,60,0,0.25,0.3,60,0,0,0,0,0,-1,475,66.3,1.05,333,64.3,1.042,323,63.5,1.059
840,60,0,0.25,0.3,60,0,0,0,0,1,0,584,66.1,1.032,395,62.5,0.925,410,62.2,0.959
840,60,0,0.25,0.3,60,0,0,0,0,1,1,278,61.9,0.875,190,62.1,0.877,196,62.2,0.915
840,60,0,0.25,0.3,60,0,0,0,0,1,-1,306,69.9,1.214,205,62.9,0.974,214,62.1,1.005
840,60,0,0.25,0.3,60,0,0,0,0,2,0,395,64.8,0.924,285,62.8,0.881,245,61.6,0.832
840,60,0,0.25,0.3,60,0,0,0,0,2,1,222,68.9,1.002,155,60.0,0.726,129,58.9,0.698
840,60,0,0.25,0.3,60,0,0,0,1,0,0,487,65.3,0.952,374,65.5,1.036,359,64.1,1.002
840,60,0,0.25,0.3,60,0,0,0,1,0,1,247,65.2,0.932,195,64.6,0.981,182,64.8,1.02
840,60,0,0.25,0.3,60,0,0,0,1,0,-1,238,66.0,0.978,179,66.5,1.096,175,63.4,0.99
840,60,0,0.25,0.3,60,0,0,0,1,1,0,302,65.6,0.961,224,66.1,1.069,233,63.9,0.988
840,60,0,0.25,0.3,60,0,0,0,-1,0,0,492,65.9,1.019,306,59.2,0.769,295,59.3,0.801
840,60,0,0.25,0.3,60,0,0,0,-1,0,1,253,64.8,0.927,150,56.7,0.627,142,55.6,0.625
840,60,0,0.25,0.3,60,0,0,0,-1,0,-1,237,66.7,1.134,154,61.7,0.978,148,63.5,1.154
840,60,0,0.25,0.3,60,0,0,0,-1,1,0,282,66.7,1.114,171,57.9,0.765,176,59.7,0.914
840,60,0,0.25,0.3,60,0,0,0,-1,2,0,210,64.8,0.913,135,60.7,0.774,119,58.8,0.686
840,60,0,0.25,0.3,60,0,0,1,0,0,0,471,67.7,1.088,354,64.4,1.021,344,64.0,1.035
840,60,0,0.25,0.3,60,0,0,1,0,0,1,239,68.6,1.13,185,63.2,1.0,172,65.1,1.088
840,60,0,0.25,0.3,60,0,0,1,0,0,-1,231,67.1,1.054,169,65.7,1.042,171,62.6,0.986
840,60,0,0.25,0.3,60,0,0,1,0,1,0,296,67.2,1.047,213,66.2,1.094,225,64.0,1.03
840,60,0,0.25,0.3,60,0,0,1,1,0,0,430,66.3,1.002,329,65.0,1.058,326,64.4,1.044
840,60,0,0.25,0.3,60,0,0,1,1,0,1,220,66.8,1.021,175,63.4,1.01,163,65.0,1.083
840,60,0,0.25,0.3,60,0,0,1,1,0,-1,209,66.0,0.989,154,66.9,1.112,162,63.6,1.008
840,60,0,0.25,0.3,60,0,0,1,1,1,0,269,65.8,0.961,201,66.2,1.085,215,64.2,1.008
840,60,0,0.25,0.3,60,0,0,-1,0,0,0,506,63.6,0.902,325,60.9,0.813,308,60.4,0.816
840,60,0,0.25,0.3,60,0,0,-1,0,0,1,261,61.7,0.794,160,58.8,0.647,153,56.2,0.617
840,60,0,0.25,0.3,60,0,0,-1,0,0,-1,244,65.6,1.047,164,62.8,1.041,152,64.5,1.153
840,60,0,0.25,0.3,60,0,0,-1,0,1,0,288,64.9,1.016,182,58.2,0.762,185,60.0,0.875
840,60,0,0.25,0.3,60,0,0,-1,0,2,0,218,61.9,0.78,143,64.3,0.874,123,61.0,0.751
840,60,0,0.25,0.3,60,0,0,-1,-1,0,0,450,64.2,0.938,280,59.6,0.797,275,60.0,0.827
840,60,0,0.25,0.3,60,0,0,-1,-1,0,1,234,62.8,0.841,140,56.4,0.622,133,54.9,0.605
840,60,0,0.25,0.3,60,0,0,-1,-1,0,-1,215,65.6,1.071,139,62.6,1.05,139,64.7,1.197
840,60,0,0.25,0.3,60,0,0,-1,-1,1,0,255,65.1,1.024,159,57.2,0.739,166,59.6,0.882
840,60,0,0.25,0.3,60,0,1,0,0,0,0,743,66.2,1.007,473,61.9,0.856,449,61.9,0.871
840,60,0,0.25,0.3,60,0,1,0,0,0,1,372,65.9,0.986,243,60.9,0.765,221,61.5,0.81
840,60,0,0.25,0.3,60,0,1,0,0,0,-1,367,66.8,1.03,228,63.2,0.981,221,62.9,1.008
840,60,0,0.25,0.3,60,0,1,0,0,1,0,439,67.0,1.075,268,63.1,0.972,274,63.1,0.987
840,60,0,0.25,0.3,60,0,1,0,0,1,1,207,62.8,0.967,132,63.6,0.971,132,64.4,1.014
840,60,0,0.25,0.3,60,0,1,0,0,1,-1,232,70.7,1.186,136,62.5,0.973,142,62.0,0.963
840,60,0,0.25,0.3,60,0,1,0,0,2,0,304,65.1,0.923,205,60.5,0.741,175,60.0,0.738
840,60,0,0.25,0.3,60,0,1,0,1,0,0,380,65.0,0.962,265,63.8,0.975,243,62.6,0.959
840,60,0,0.25,0.3,60,0,1,0,1,1,0,237,65.4,0.995,158,64.6,1.059,156,62.2,0.914
840,60,0,0.25,0.3,60,0,1,0,-1,0,0,363,67.5,1.055,208,59.6,0.73,206,61.2,0.784
840,60,0,0.25,0.3,60,0,1,0,-1,1,0,202,68.8,1.172,110,60.9,0.862,118,64.4,1.107
840,60,0,0.25,0.3,60,0,1,1,0,0,0,364,66.5,1.049,251,64.1,1.034,235,64.3,1.076
840,60,0,0.25,0.3,60,0,1,1,0,1,0,228,65.8,1.027,151,66.2,1.149,154,64.3,1.033
840,60,0,0.25,0.3,60,0,1,1,1,0,0,335,65.4,0.981,232,64.2,1.061,220,64.1,1.06
840,60,0,0.25,0.3,60,0,1,1,1,1,0,210,64.8,0.961,142,65.5,1.117,146,63.7,0.971
840,60,0,0.25,0.3,60,0,1,-1,0,0,0,377,66.0,0.968,221,59.7,0.722,211,60.2,0.746
840,60,0,0.25,0.3,60,0,1,-1,0,1,0,211,68.2,1.13,117,59.0,0.79,120,61.7,0.928
840,60,0,0.25,0.3,60,0,1,-1,-1,0,0,333,66.4,0.987,188,59.6,0.746,189,61.4,0.796
840,60,0,0.25,0.3,60,0,-1,0,0,0,0,236,63.6,0.921,207,64.3,1.025,206,62.1,0.984
840,60,0,0.25,0.3,60,1,0,0,0,0,0,508,68.5,1.112,369,61.0,0.832,320,59.7,0.808
840,60,0,0.25,0.3,60,1,0,0,0,0,1,318,67.0,1.04,236,61.9,0.826,198,61.6,0.822
840,60,0,0.25,0.3,60,1,0,0,0,1,0,286,68.5,1.219,212,61.3,0.89,192,60.4,0.879
840,60,0,0.25,0.3,60,1,0,0,0,2,0,222,68.5,0.995,157,60.5,0.767,128,58.6,0.722
840,60,0,0.25,0.3,60,1,0,0,0,2,1,212,68.9,0.978,149,60.4,0.735,122,59.0,0.726
840,60,0,0.25,0.3,60,1,0,0,1,0,0,256,68.0,1.131,212,64.2,1.042,180,63.9,1.028
840,60,0,0.25,0.3,60,1,0,0,-1,0,0,252,69.0,1.096,157,56.7,0.636,140,54.3,0.607
840,60,0,0.25,0.3,60,1,0,1,0,0,0,251,69.3,1.175,202,63.4,1.019,171,63.7,1.072
840,60,0,0.25,0.3,60,1,0,1,1,0,0,229,67.7,1.076,190,64.2,1.054,162,64.2,1.091
840,60,0,0.25,0.3,60,1,0,-1,0,0,0,257,67.7,1.061,167,58.1,0.672,149,55.0,0.61
840,60,0,0.25,0.3,60,1,0,-1,-1,0,0,230,67.4,1.009,145,57.2,0.641,131,54.2,0.603
840,60,0,0.25,0.3,60,1,1,0,0,0,0,391,69.6,1.143,259,59.1,0.754,221,59.3,0.783
840,60,0,0.25,0.3,60,1,1,0,0,0,1,241,68.0,1.07,167,60.5,0.738,137,62.0,0.799
840,60,0,0.25,0.3,60,1,1,0,0,1,0,223,70.4,1.291,147,59.9,0.882,133,60.9,0.942
840,60,0,0.25,0.3,60,1,1,0,1,0,0,204,68.1,1.156,153,61.4,0.978,121,62.8,1.07
840,60,0,0.25,0.3,60,-1,0,0,0,0,0,431,62.2,0.865,292,65.4,1.036,258,65.5,1.052
840,60,0,0.25,0.3,60,-1,0,0,0,0,-1,265,63.0,0.943,187,67.9,1.211,161,67.7,1.249
840,60,0,0.25,0.3,60,-1,0,0,0,1,0,262,63.4,0.882,168,64.3,0.983,153,64.7,1.025
840,60,0,0.25,0.3,60,-1,0,0,1,0,0,210,61.9,0.788,155,68.4,1.092,142,67.6,1.076
840,60,0,0.25,0.3,60,-1,0,0,-1,0,0,221,62.4,0.952,137,62.0,0.968,115,62.6,1.013
840,60,0,0.25,0.3,60,-1,0,1,0,0,0,202,65.3,0.984,146,66.4,1.059,140,65.7,1.025
840,60,0,0.25,0.3,60,-1,0,-1,0,0,0,229,59.4,0.768,146,64.4,1.011,118,65.3,1.087
840,60,0,0.25,0.3,60,-1,0,-1,-1,0,0,204,60.8,0.879,125,62.4,1.027,108,63.0,1.003
840,60,0,0.25,0.3,60,-1,1,0,0,0,0,318,61.9,0.87,198,66.7,1.046,173,67.1,1.08
840,60,1,0.15,1.0,60,0,0,0,0,0,0,979,47.7,0.892,680,48.7,0.965,655,49.2,0.994
840,60,1,0.15,1.0,60,0,0,0,0,0,1,475,48.4,0.874,333,48.3,0.894,323,49.2,0.902
840,60,1,0.15,1.0,60,0,0,0,0,0,-1,500,47.0,0.913,345,48.7,1.023,325,48.6,1.058
840,60,1,0.15,1.0,60,0,0,0,0,1,0,584,46.9,0.858,395,47.1,0.889,410,48.3,0.926
840,60,1,0.15,1.0,60,0,0,0,0,1,1,306,45.1,0.803,205,47.3,0.887,214,49.1,0.922
840,60,1,0.15,1.0,60,0,0,0,0,1,-1,278,48.9,0.924,190,46.8,0.89,196,47.4,0.929
840,60,1,0.15,1.0,60,0,0,0,0,2,0,395,48.9,0.941,285,50.9,1.065,245,50.6,1.103
840,60,1,0.15,1.0,60,0,0,0,0,2,-1,222,44.6,0.9,155,51.0,1.198,129,50.4,1.282
840,60,1,0.15,1.0,60,0,0,0,1,0,0,492,48.4,0.879,306,52.0,1.056,295,50.2,0.988
840,60,1,0.15,1.0,60,0,0,0,1,0,1,237,48.5,0.812,154,51.3,0.895,148,48.0,0.741
840,60,1,0.15,1.0,60,0,0,0,1,0,-1,253,48.6,0.958,150,52.0,1.206,142,51.4,1.237
840,60,1,0.15,1.0,60,0,0,0,1,1,0,282,45.7,0.78,171,51.5,0.973,176,48.9,0.875
840,60,1,0.15,1.0,60,0,0,0,1,2,0,210,51.9,1.02,135,52.6,1.155,119,52.1,1.146
840,60,1,0.15,1.0,60,0,0,0,-1,0,0,487,47.0,0.906,374,46.0,0.895,359,48.2,0.994
840,60,1,0.15,1.0,60,0,0,0,-1,0,1,238,48.3,0.944,179,45.8,0.893,175,50.3,1.064
840,60,1,0.15,1.0,60,0,0,0,-1,0,-1,247,45.3,0.862,195,46.2,0.897,182,46.2,0.924
840,60,1,0.15,1.0,60,0,0,0,-1,1,0,302,48.0,0.945,224,43.8,0.828,233,47.6,0.958
840,60,1,0.15,1.0,60,0,0,1,0,0,0,506,49.4,0.937,325,49.8,0.948,308,49.7,0.974
840,60,1,0.15,1.0,60,0,0,1,0,0,1,244,48.4,0.812,164,49.4,0.787,152,48.0,0.734
840,60,1,0.15,1.0,60,0,0,1,0,0,-1,261,50.6,1.078,160,50.0,1.118,153,51.0,1.246
840,60,1,0.15,1.0,60,0,0,1,0,1,0,288,46.2,0.802,182,50.0,0.932,185,49.2,0.909
840,60,1,0.15,1.0,60,0,0,1,0,2,0,218,53.7,1.132,143,49.7,0.966,123,50.4,1.059
840,60,1,0.15,1.0,60,0,0,1,1,0,0,450,49.1,0.909,280,51.1,1.001,275,49.8,0.972
840,60,1,0.15,1.0,60,0,0,1,1,0,1,215,47.9,0.789,139,49.6,0.805,139,47.5,0.738
840,60,1,0.15,1.0,60,0,0,1,1,0,-1,234,50.4,1.04,140,52.1,1.211,133,51.9,1.257
840,60,1,0.15,1.0,60,0,0,1,1,1,0,255,45.9,0.793,159,51.6,0.997,166,48.8,0.9
840,60,1,0.15,1.0,60,0,0,-1,0,0,0,471,45.9,0.846,354,47.5,0.972,344,48.3,0.99
840,60,1,0.15,1.0,60,0,0,-1,0,0,1,231,48.5,0.945,169,47.3,1.005,171,50.3,1.079
840,60,1,0.15,1.0,60,0,0,-1,0,0,-1,239,43.1,0.748,185,47.6,0.94,172,46.5,0.904
840,60,1,0.15,1.0,60,0,0,-1,0,1,0,296,47.6,0.917,213,44.6,0.853,225,47.6,0.939
840,60,1,0.15,1.0,60,0,0,-1,-1,0,0,430,46.3,0.87,329,46.5,0.93,326,48.2,0.997
840,60,1,0.15,1.0,60,0,0,-1,-1,0,1,209,47.8,0.933,154,45.5,0.93,162,50.0,1.094
840,60,1,0.15,1.0,60,0,0,-1,-1,0,-1,220,44.5,0.803,175,47.4,0.931,163,46.6,0.902
840,60,1,0.15,1.0,60,0,0,-1,-1,1,0,269,48.0,0.952,201,44.3,0.862,215,47.4,0.963
840,60,1,0.15,1.0,60,0,1,0,0,0,0,236,49.2,0.876,207,45.9,0.861,206,48.5,0.932
840,60,1,0.15,1.0,60,0,-1,0,0,0,0,743,47.2,0.897,473,49.9,1.019,449,49.4,1.026
840,60,1,0.15,1.0,60,0,-1,0,0,0,1,367,48.5,0.873,228,49.1,0.911,221,50.2,0.933
840,60,1,0.15,1.0,60,0,-1,0,0,0,-1,372,46.0,0.927,243,50.2,1.112,221,48.0,1.073
840,60,1,0.15,1.0,60,0,-1,0,0,1,0,439,46.2,0.826,268,47.0,0.874,274,47.8,0.934
840,60,1,0.15,1.0,60,0,-1,0,0,1,1,232,45.3,0.785,136,49.3,0.936,142,51.4,1.048
840,60,1,0.15,1.0,60,0,-1,0,0,1,-1,207,47.3,0.878,132,44.7,0.813,132,43.9,0.83
840,60,1,0.15,1.0,60,0,-1,0,0,2,0,304,48.7,1.0,205,53.7,1.214,175,52.0,1.17
840,60,1,0.15,1.0,60,0,-1,0,1,0,0,363,49.0,0.905,208,52.4,1.101,206,49.0,0.976
840,60,1,0.15,1.0,60,0,-1,0,1,1,0,202,46.0,0.758,110,49.1,0.875,118,44.9,0.749
840,60,1,0.15,1.0,60,0,-1,0,-1,0,0,380,45.5,0.888,265,47.9,0.956,243,49.8,1.073
840,60,1,0.15,1.0,60,0,-1,0,-1,1,0,237,46.4,0.9,158,45.6,0.873,156,50.0,1.095
840,60,1,0.15,1.0,60,0,-1,1,0,0,0,377,48.8,0.92,221,52.0,1.047,211,50.2,1.03
840,60,1,0.15,1.0,60,0,-1,1,0,1,0,211,45.5,0.737,117,49.6,0.893,120,47.5,0.857
840,60,1,0.15,1.0,60,0,-1,1,1,0,0,333,49.2,0.917,188,52.1,1.059,189,49.2,0.986
840,60,1,0.15,1.0,60,0,-1,-1,0,0,0,364,45.6,0.876,251,47.8,0.982,235,48.1,0.988
840,60,1,0.15,1.0,60,0,-1,-1,0,1,0,228,46.9,0.925,151,45.0,0.859,154,48.1,0.996
840,60,1,0.15,1.0,60,0,-1,-1,-1,0,0,335,45.4,0.88,232,47.4,0.952,220,48.6,1.031
840,60,1,0.15,1.0,60,0,-1,-1,-1,1,0,210,46.7,0.934,142,45.1,0.878,146,48.6,1.064
840,60,1,0.15,1.0,60,1,0,0,0,0,0,431,50.8,0.968,292,47.3,0.875,258,48.1,0.886
840,60,1,0.15,1.0,60,1,0,0,0,0,1,265,50.2,0.931,187,46.5,0.795,161,47.2,0.788
840,60,1,0.15,1.0,60,1,0,0,0,1,0,262,48.1,0.934,168,46.4,0.875,153,47.7,0.902
840,60,1,0.15,1.0,60,1,0,0,1,0,0,221,51.1,0.941,137,51.8,0.927,115,48.7,0.801
840,60,1,0.15,1.0,60,1,0,0,-1,0,0,210,50.5,0.997,155,43.2,0.835,142,47.2,0.948
840,60,1,0.15,1.0,60,1,0,1,0,0,0,229,54.6,1.104,146,49.3,0.781,118,47.5,0.75
840,60,1,0.15,1.0,60,1,0,1,1,0,0,204,52.5,0.993,125,51.2,0.856,108,49.1,0.808
840,60,1,0.15,1.0,60,1,0,-1,0,0,0,202,46.5,0.84,146,45.2,0.974,140,48.6,1.016
840,60,1,0.15,1.0,60,1,-1,0,0,0,0,318,50.9,0.972,198,46.5,0.891,173,48.0,0.902
840,60,1,0.15,1.0,60,-1,0,0,0,0,0,508,45.5,0.84,369,50.1,1.059,320,50.3,1.078
840,60,1,0.15,1.0,60,-1,0,0,0,0,-1,318,45.3,0.875,236,48.7,0.989,198,49.0,1.038
840,60,1,0.15,1.0,60,-1,0,0,0,1,0,286,46.5,0.804,212,49.1,0.95,192,50.0,0.937
840,60,1,0.15,1.0,60,-1,0,0,0,2,0,222,44.1,0.886,157,51.6,1.203,128,50.8,1.297
840,60,1,0.15,1.0,60,-1,0,0,0,2,-1,212,44.3,0.91,149,51.0,1.207,122,50.0,1.268
840,60,1,0.15,1.0,60,-1,0,0,1,0,0,252,46.4,0.848,157,53.5,1.233,140,53.6,1.277
840,60,1,0.15,1.0,60,-1,0,0,-1,0,0,256,44.5,0.831,212,47.6,0.933,180,47.8,0.935
840,60,1,0.15,1.0,60,-1,0,1,0,0,0,257,45.1,0.822,167,51.5,1.155,149,53.0,1.267
840,60,1,0.15,1.0,60,-1,0,1,1,0,0,230,47.0,0.867,145,52.4,1.189,131,53.4,1.293
840,60,1,0.15,1.0,60,-1,0,-1,0,0,0,251,45.8,0.862,202,49.0,0.978,171,48.0,0.924
840,60,1,0.15,1.0,60,-1,0,-1,-1,0,0,229,46.3,0.888,190,47.9,0.933,162,47.5,0.918
840,60,1,0.15,1.0,60,-1,-1,0,0,0,0,391,44.5,0.844,259,52.9,1.147,221,50.7,1.088
840,60,1,0.15,1.0,60,-1,-1,0,0,0,-1,241,44.4,0.917,167,52.7,1.167,137,49.6,1.108
840,60,1,0.15,1.0,60,-1,-1,0,0,1,0,223,44.8,0.743,147,50.3,0.916,133,48.9,0.853
840,60,1,0.15,1.0,60,-1,-1,0,-1,0,0,204,43.1,0.823,153,49.7,0.96,121,47.1,0.883
870,-2,0,0.15,0.6,60,0,0,0,0,0,0,979,60.7,1.074,679,57.6,1.035,654,58.3,1.103
870,-2,0,0.15,0.6,60,0,0,0,0,0,1,497,58.4,0.9,330,56.7,1.001,313,58.1,1.081
870,-2,0,0.15,0.6,60,0,0,0,0,0,-1,478,63.2,1.294,347,58.2,1.057,334,58.4,1.104
870,-2,0,0.15,0.6,60,0,0,0,0,1,0,584,59.6,1.014,394,58.4,1.096,410,58.5,1.102
870,-2,0,0.15,0.6,60,0,0,0,0,1,1,288,56.6,0.859,190,58.4,1.066,199,60.3,1.164
870,-2,0,0.15,0.6,60,0,0,0,0,1,-1,296,62.5,1.189,204,58.3,1.125,211,56.9,1.048
870,-2,0,0.15,0.6,60,0,0,0,0,2,0,395,62.3,1.168,285,56.5,0.963,244,57.8,1.105
870,-2,0,0.15,0.6,60,0,0,0,0,2,1,209,60.8,0.959,140,54.3,0.925,114,54.4,0.958
870,-2,0,0.15,0.6,60,0,0,0,1,0,0,490,61.4,1.105,335,59.4,1.138,313,60.4,1.269
870,-2,0,0.15,0.6,60,0,0,0,1,0,1,247,56.3,0.801,168,58.3,1.12,152,61.2,1.321
870,-2,0,0.15,0.6,60,0,0,0,1,0,-1,241,66.8,1.549,166,60.2,1.142,156,60.3,1.206
870,-2,0,0.15,0.6,60,0,0,0,1,1,0,308,59.1,1.022,193,60.6,1.235,193,61.7,1.362
870,-2,0,0.15,0.6,60,0,0,0,-1,0,0,489,59.9,1.045,344,55.8,0.947,340,56.2,0.974
870,-2,0,0.15,0.6,60,0,0,0,-1,0,1,250,60.4,1.002,162,54.9,0.902,161,55.3,0.912
870,-2,0,0.15,0.6,60,0,0,0,-1,0,-1,237,59.5,1.09,181,56.4,0.98,177,56.5,1.014
870,-2,0,0.15,0.6,60,0,0,0,-1,1,0,276,60.1,1.005,201,56.2,0.99,216,55.6,0.92
870,-2,0,0.15,0.6,60,0,0,0,-1,2,0,213,59.6,1.097,143,55.2,0.891,124,57.3,1.069
870,-2,0,0.15,0.6,60,0,0,1,0,0,0,480,61.7,1.101,324,59.0,1.106,313,60.1,1.207
870,-2,0,0.15,0.6,60,0,0,1,0,0,1,242,57.4,0.837,163,56.4,1.026,150,60.0,1.25
870,-2,0,0.15,0.6,60,0,0,1,0,0,-1,237,65.8,1.455,161,61.5,1.182,161,60.2,1.157
870,-2,0,0.15,0.6,60,0,0,1,0,1,0,302,59.3,1.021,190,61.1,1.281,200,62.5,1.333
870,-2,0,0.15,0.6,60,0,0,1,1,0,0,436,61.5,1.112,294,58.8,1.116,286,60.1,1.229
870,-2,0,0.15,0.6,60,0,0,1,1,0,1,221,55.7,0.781,149,56.4,1.022,140,60.0,1.244
870,-2,0,0.15,0.6,60,0,0,1,1,0,-1,214,67.3,1.615,145,61.4,1.206,144,60.4,1.199
870,-2,0,0.15,0.6,60,0,0,1,1,1,0,275,58.9,1.027,174,59.8,1.21,182,61.5,1.31
870,-2,0,0.15,0.6,60,0,0,-1,0,0,0,497,59.8,1.05,354,56.2,0.973,338,56.8,1.019
870,-2,0,0.15,0.6,60,0,0,-1,0,0,1,255,59.2,0.962,167,56.9,0.98,163,56.4,0.963
870,-2,0,0.15,0.6,60,0,0,-1,0,0,-1,241,60.6,1.156,186,55.4,0.956,173,56.6,1.056
870,-2,0,0.15,0.6,60,0,0,-1,0,1,0,282,59.9,1.007,204,55.9,0.961,210,54.8,0.932
870,-2,0,0.15,0.6,60,0,0,-1,0,2,0,215,59.5,1.109,150,56.7,0.989,128,60.2,1.169
870,-2,0,0.15,0.6,60,0,0,-1,-1,0,0,444,59.5,1.045,314,55.4,0.942,314,56.1,0.978
870,-2,0,0.15,0.6,60,0,0,-1,-1,0,1,229,59.0,0.957,148,54.7,0.889,151,55.0,0.895
870,-2,0,0.15,0.6,60,0,0,-1,-1,0,-1,214,60.3,1.157,165,55.8,0.982,161,56.5,1.042
870,-2,0,0.15,0.6,60,0,0,-1,-1,1,0,249,59.8,1.009,185,54.6,0.926,199,54.3,0.887
870,-2,0,0.15,0.6,60,0,1,0,0,0,0,812,59.9,1.028,538,55.9,0.987,541,56.7,1.037
870,-2,0,0.15,0.6,60,0,1,0,0,0,1,410,58.0,0.889,262,56.1,1.007,257,57.6,1.073
870,-2,0,0.15,0.6,60,0,1,0,0,0,-1,399,61.9,1.195,275,55.6,0.962,279,56.3,1.0
870,-2,0,0.15,0.6,60,0,1,0,0,1,0,486,59.5,0.993,316,56.6,1.021,342,57.3,1.039
870,-2,0,0.15,0.6,60,0,1,0,0,1,1,236,56.8,0.853,152,57.2,1.002,162,59.9,1.131
870,-2,0,0.15,0.6,60,0,1,0,0,1,-1,250,62.0,1.143,164,56.1,1.038,180,55.0,0.965
870,-2,0,0.15,0.6,60,0,1,0,0,2,0,326,60.4,1.082,222,55.0,0.944,199,55.8,1.033
870,-2,0,0.15,0.6,60,0,1,0,1,0,0,426,60.3,1.058,279,58.8,1.176,270,58.9,1.232
870,-2,0,0.15,0.6,60,0,1,0,1,0,1,214,55.6,0.802,141,60.3,1.408,132,61.4,1.481
870,-2,0,0.15,0.6,60,0,1,0,1,0,-1,211,65.4,1.41,138,57.2,1.011,135,57.8,1.069
870,-2,0,0.15,0.6,60,0,1,0,1,1,0,266,57.9,0.956,167,59.3,1.231,170,60.0,1.296
870,-2,0,0.15,0.6,60,0,1,0,-1,0,0,386,59.3,0.997,259,52.9,0.827,270,54.4,0.881
870,-2,0,0.15,0.6,60,0,1,0,-1,1,0,220,61.4,1.037,149,53.7,0.85,171,54.4,0.844
870,-2,0,0.15,0.6,60,0,1,1,0,0,0,416,60.1,1.041,265,58.5,1.161,269,59.1,1.196
870,-2,0,0.15,0.6,60,0,1,1,0,0,1,210,56.2,0.829,135,57.8,1.256,131,60.3,1.415
870,-2,0,0.15,0.6,60,0,1,1,0,0,-1,206,64.1,1.307,130,59.2,1.088,137,58.4,1.05
870,-2,0,0.15,0.6,60,0,1,1,0,1,0,260,57.7,0.952,163,60.1,1.304,176,61.4,1.301
870,-2,0,0.15,0.6,60,0,1,1,1,0,0,380,60.3,1.069,244,59.0,1.209,248,59.3,1.221
870,-2,0,0.15,0.6,60,0,1,1,1,1,0,240,57.9,0.98,151,58.9,1.231,162,60.5,1.263
870,-2,0,0.15,0.6,60,0,1,-1,0,0,0,394,59.6,1.016,273,53.5,0.855,270,54.8,0.915
870,-2,0,0.15,0.6,60,0,1,-1,0,0,1,200,60.0,0.955,127,54.3,0.837,126,54.8,0.85
870,-2,0,0.15,0.6,60,0,1,-1,0,1,0,226,61.5,1.041,153,52.9,0.814,166,53.0,0.838
870,-2,0,0.15,0.6,60,0,1,-1,-1,0,0,349,59.3,1.016,238,52.9,0.835,250,54.4,0.882
870,-2,0,0.15,0.6,60,0,1,-1,-1,1,0,200,62.0,1.083,137,51.8,0.782,158,53.2,0.803
870,-2,0,0.15,0.6,60,1,0,0,0,0,0,506,59.1,0.962,318,57.9,1.116,276,56.5,1.092
870,-2,0,0.15,0.6,60,1,0,0,0,0,1,314,57.6,0.886,201,57.2,1.106,168,57.1,1.14
870,-2,0,0.15,0.6,60,1,0,0,0,1,0,293,57.7,0.948,187,58.8,1.219,169,56.8,1.151
870,-2,0,0.15,0.6,60,1,0,0,0,2,0,213,61.0,0.982,131,56.5,0.997,107,56.1,1.012
870,-2,0,0.15,0.6,60,1,0,0,0,2,1,201,60.7,0.959,128,55.5,0.962,103,54.4,0.937
870,-2,0,0.15,0.6,60,1,0,0,1,0,0,258,59.3,0.968,168,60.7,1.348,134,59.0,1.314
870,-2,0,0.15,0.6,60,1,0,0,-1,0,0,248,58.9,0.957,150,54.7,0.918,141,53.9,0.917
870,-2,0,0.15,0.6,60,1,0,1,0,0,0,254,59.1,0.946,162,59.3,1.198,133,56.4,1.185
870,-2,0,0.15,0.6,60,1,0,1,1,0,0,230,58.3,0.927,149,59.7,1.22,123,56.9,1.219
870,-2,0,0.15,0.6,60,1,0,-1,0,0,0,252,59.1,0.978,156,56.4,1.043,143,56.6,1.018
870,-2,0,0.15,0.6,60,1,0,-1,-1,0,0,224,58.0,0.941,137,54.7,0.913,132,54.5,0.936
870,-2,0,0.15,0.6,60,1,1,0,0,0,0,431,58.9,0.952,263,56.7,1.114,241,56.0,1.079
870,-2,0,0.15,0.6,60,1,1,0,0,0,1,264,57.6,0.893,165,57.0,1.198,146,57.5,1.217
870,-2,0,0.15,0.6,60,1,1,0,0,1,0,251,57.8,0.937,157,57.3,1.165,150,56.7,1.139
870,-2,0,0.15,0.6,60,1,1,0,1,0,0,232,59.1,0.982,143,62.2,1.651,118,59.3,1.4
870,-2,0,0.15,0.6,60,1,1,1,0,0,0,226,58.8,0.965,138,60.9,1.439,120,57.5,1.291
870,-2,0,0.15,0.6,60,1,1,1,1,0,0,206,58.3,0.956,127,62.2,1.562,110,58.2,1.345
870,-2,0,0.15,0.6,60,1,1,-1,0,0,0,205,59.0,0.938,125,52.0,0.875,121,54.5,0.926
870,-2,0,0.15,0.6,60,-1,0,0,0,0,0,433,62.4,1.228,342,57.3,0.972,301,59.1,1.101
870,-2,0,0.15,0.6,60,-1,0,0,0,0,-1,269,64.3,1.494,221,58.4,1.046,190,60.0,1.185
870,-2,0,0.15,0.6,60,-1,0,0,0,1,0,255,61.2,1.092,192,58.3,1.025,176,58.5,1.071
870,-2,0,0.15,0.6,60,-1,0,0,1,0,0,214,63.1,1.256,161,58.4,0.987,141,59.6,1.108
870,-2,0,0.15,0.6,60,-1,0,0,-1,0,0,219,61.6,1.202,181,56.4,0.958,160,58.8,1.094
870,-2,0,0.15,0.6,60,-1,0,1,0,0,0,207,63.8,1.279,156,59.0,1.035,146,60.3,1.103
870,-2,0,0.15,0.6,60,-1,0,-1,0,0,0,226,61.1,1.183,186,55.9,0.923,155,58.1,1.098
870,-2,0,0.15,0.6,60,-1,0,-1,-1,0,0,203,62.1,1.251,166,55.4,0.953,146,58.2,1.099
870,-2,0,0.15,0.6,60,-1,1,0,0,0,0,348,60.6,1.121,262,55.0,0.883,238,56.7,0.982
870,-2,0,0.15,0.6,60,-1,1,0,0,0,-1,219,62.1,1.34,168,56.0,0.973,153,57.5,1.071
870,-2,0,0.15,0.6,60,-1,1,0,0,1,0,205,60.5,1.041,148,56.1,0.909,139,56.1,0.957
870,-2,1,0.15,0.3,60,0,0,0,0,0,0,979,69.3,0.735,679,70.1,0.883,654,70.8,0.908
870,-2,1,0.15,0.3,60,0,0,0,0,0,1,478,67.6,0.637,347,73.2,1.0,334,74.6,1.068
870,-2,1,0.15,0.3,60,0,0,0,0,0,-1,497,70.8,0.842,330,67.0,0.783,313,67.1,0.79
870,-2,1,0.15,0.3,60,0,0,0,0,1,0,584,69.5,0.732,394,70.1,0.925,410,70.2,0.943
870,-2,1,0.15,0.3,60,0,0,0,0,1,1,296,65.9,0.615,204,74.5,1.076,211,77.3,1.27
870,-2,1,0.15,0.3,60,0,0,0,0,1,-1,288,73.3,0.887,190,65.3,0.788,199,62.8,0.7
870,-2,1,0.15,0.3,60,0,0,0,0,2,0,395,68.9,0.738,285,70.2,0.83,244,71.7,0.853
870,-2,1,0.15,0.3,60,0,0,0,0,2,-1,209,67.5,0.786,140,69.3,0.777,114,74.6,0.984
870,-2,1,0.15,0.3,60,0,0,0,1,0,0,489,68.9,0.707,344,73.5,1.071,340,73.5,1.092
870,-2,1,0.15,0.3,60,0,0,0,1,0,1,237,67.5,0.632,181,76.8,1.263,177,77.4,1.336
870,-2,1,0.15,0.3,60,0,0,0,1,0,-1,250,70.0,0.78,162,69.8,0.891,161,69.6,0.891
870,-2,1,0.15,0.3,60,0,0,0,1,1,0,276,70.3,0.751,201,71.6,0.971,216,72.2,1.057
870,-2,1,0.15,0.3,60,0,0,0,1,2,0,213,67.1,0.658,143,76.2,1.262,124,75.8,1.158
870,-2,1,0.15,0.3,60,0,0,0,-1,0,0,490,69.6,0.765,335,66.6,0.727,313,67.7,0.744
870,-2,1,0.15,0.3,60,0,0,0,-1,0,1,241,67.6,0.643,166,69.3,0.784,156,71.2,0.83
870,-2,1,0.15,0.3,60,0,0,0,-1,0,-1,247,71.7,0.918,168,64.3,0.69,152,64.5,0.697
870,-2,1,0.15,0.3,60,0,0,0,-1,1,0,308,68.8,0.716,193,68.4,0.874,193,67.9,0.823
870,-2,1,0.15,0.3,60,0,0,1,0,0,0,497,70.2,0.724,354,73.4,1.055,338,73.1,1.034
870,-2,1,0.15,0.3,60,0,0,1,0,0,1,241,68.5,0.643,186,76.9,1.231,173,76.9,1.286
870,-2,1,0.15,0.3,60,0,0,1,0,0,-1,255,71.8,0.809,167,69.5,0.892,163,69.3,0.842
870,-2,1,0.15,0.3,60,0,0,1,0,1,0,282,71.3,0.737,204,72.5,1.052,210,72.4,1.036
870,-2,1,0.15,0.3,60,0,0,1,0,2,0,215,68.8,0.708,150,74.7,1.061,128,74.2,1.031
870,-2,1,0.15,0.3,60,0,0,1,1,0,0,444,68.7,0.687,314,74.2,1.112,314,73.6,1.081
870,-2,1,0.15,0.3,60,0,0,1,1,0,1,214,65.9,0.582,165,77.0,1.248,161,77.0,1.283
870,-2,1,0.15,0.3,60,0,0,1,1,0,-1,229,71.2,0.803,148,70.9,0.971,151,70.2,0.915
870,-2,1,0.15,0.3,60,0,0,1,1,1,0,249,69.9,0.703,185,73.5,1.063,199,73.4,1.087
870,-2,1,0.15,0.3,60,0,0,-1,0,0,0,480,68.1,0.742,324,66.7,0.735,313,68.4,0.793
870,-2,1,0.15,0.3,60,0,0,-1,0,0,1,237,66.7,0.632,161,68.9,0.792,161,72.0,0.878
870,-2,1,0.15,0.3,60,0,0,-1,0,0,-1,242,69.8,0.879,163,64.4,0.681,150,64.7,0.734
870,-2,1,0.15,0.3,60,0,0,-1,0,1,0,302,67.9,0.728,190,67.4,0.798,200,68.0,0.849
870,-2,1,0.15,0.3,60,0,0,-1,-1,0,0,436,67.9,0.725,294,66.7,0.739,286,67.8,0.765
870,-2,1,0.15,0.3,60,0,0,-1,-1,0,1,214,65.0,0.581,145,68.3,0.754,144,70.8,0.81
870,-2,1,0.15,0.3,60,0,0,-1,-1,0,-1,221,71.0,0.923,149,65.1,0.723,140,65.0,0.747
870,-2,1,0.15,0.3,60,0,0,-1,-1,1,0,275,67.3,0.684,174,69.0,0.868,182,68.7,0.856
870,-2,1,0.15,0.3,60,0,-1,0,0,0,0,812,69.7,0.757,538,71.0,0.949,541,72.6,1.022
870,-2,1,0.15,0.3,60,0,-1,0,0,0,1,399,68.2,0.659,275,74.9,1.134,279,76.7,1.228
870,-2,1,0.15,0.3,60,0,-1,0,0,0,-1,410,71.0,0.866,262,66.8,0.785,257,68.1,0.839
870,-2,1,0.15,0.3,60,0,-1,0,0,1,0,486,69.5,0.743,316,70.9,1.016,342,72.5,1.093
870,-2,1,0.15,0.3,60,0,-1,0,0,1,1,250,66.0,0.615,164,75.0,1.149,180,78.9,1.425
870,-2,1,0.15,0.3,60,0,-1,0,0,1,-1,236,73.3,0.92,152,66.4,0.889,162,65.4,0.825
870,-2,1,0.15,0.3,60,0,-1,0,0,2,0,326,69.9,0.779,222,71.2,0.866,199,72.9,0.915
870,-2,1,0.15,0.3,60,0,-1,0,1,0,0,386,69.9,0.74,259,76.8,1.327,270,77.0,1.381
870,-2,1,0.15,0.3,60,0,-1,0,1,1,0,220,70.0,0.73,149,74.5,1.239,171,76.0,1.405
870,-2,1,0.15,0.3,60,0,-1,0,-1,0,0,426,69.5,0.774,279,65.6,0.707,270,68.1,0.768
870,-2,1,0.15,0.3,60,0,-1,0,-1,0,1,211,66.8,0.648,138,70.3,0.862,135,72.6,0.905
870,-2,1,0.15,0.3,60,0,-1,0,-1,0,-1,214,72.0,0.933,141,61.0,0.585,132,62.9,0.641
870,-2,1,0.15,0.3,60,0,-1,0,-1,1,0,266,69.2,0.756,167,67.7,0.842,170,68.8,0.855
870,-2,1,0.15,0.3,60,0,-1,1,0,0,0,394,70.8,0.743,273,76.6,1.28,270,76.7,1.294
870,-2,1,0.15,0.3,60,0,-1,1,0,0,-1,200,71.0,0.806,127,71.7,1.01,126,73.0,1.022
870,-2,1,0.15,0.3,60,0,-1,1,0,1,0,226,70.4,0.696,153,75.8,1.383,166,76.5,1.401
870,-2,1,0.15,0.3,60,0,-1,1,1,0,0,349,69.3,0.71,238,77.3,1.365,250,77.2,1.382
870,-2,1,0.15,0.3,60,0,-1,1,1,1,0,200,69.0,0.671,137,76.6,1.387,158,77.2,1.476
870,-2,1,0.15,0.3,60,0,-1,-1,0,0,0,416,68.5,0.766,265,65.3,0.703,269,68.4,0.805
870,-2,1,0.15,0.3,60,0,-1,-1,0,0,1,206,66.0,0.638,130,68.5,0.804,137,73.0,0.924
870,-2,1,0.15,0.3,60,0,-1,-1,0,0,-1,210,71.0,0.93,135,62.2,0.615,131,63.4,0.691
870,-2,1,0.15,0.3,60,0,-1,-1,0,1,0,260,68.8,0.788,163,66.3,0.758,176,68.8,0.866
870,-2,1,0.15,0.3,60,0,-1,-1,-1,0,0,380,67.9,0.74,244,64.8,0.687,248,67.7,0.776
870,-2,1,0.15,0.3,60,0,-1,-1,-1,1,0,240,67.9,0.738,151,67.5,0.805,162,69.1,0.871
870,-2,1,0.15,0.3,60,1,0,0,0,0,0,433,69.1,0.692,342,72.2,0.947,301,71.8,0.952
870,-2,1,0.15,0.3,60,1,0,0,0,0,1,269,67.3,0.61,221,73.8,0.975,190,74.2,0.993
870,-2,1,0.15,0.3,60,1,0,0,0,1,0,255,67.1,0.661,192,72.4,0.991,176,72.7,1.07
870,-2,1,0.15,0.3,60,1,0,0,1,0,0,219,69.9,0.727,181,74.0,1.018,160,74.4,1.049
870,-2,1,0.15,0.3,60,1,0,0,-1,0,0,214,68.2,0.658,161,70.2,0.873,141,68.8,0.851
870,-2,1,0.15,0.3,60,1,0,1,0,0,0,226,71.7,0.76,186,73.7,1.012,155,72.9,0.992
870,-2,1,0.15,0.3,60,1,0,1,1,0,0,203,70.0,0.704,166,74.1,1.026,146,73.3,0.999
870,-2,1,0.15,0.3,60,1,0,-1,0,0,0,207,66.2,0.63,156,70.5,0.873,146,70.5,0.909
870,-2,1,0.15,0.3,60,1,-1,0,0,0,0,348,69.5,0.721,262,75.6,1.164,238,76.1,1.222
870,-2,1,0.15,0.3,60,1,-1,0,0,0,1,219,68.5,0.638,168,78.0,1.239,153,77.8,1.226
870,-2,1,0.15,0.3,60,1,-1,0,0,1,0,205,66.8,0.668,148,75.7,1.227,139,77.7,1.516
870,-2,1,0.15,0.3,60,-1,0,0,0,0,0,506,69.4,0.771,318,67.9,0.818,276,71.0,0.936
870,-2,1,0.15,0.3,60,-1,0,0,0,0,-1,314,69.7,0.826,201,65.7,0.721,168,68.5,0.819
870,-2,1,0.15,0.3,60,-1,0,0,0,1,0,293,71.7,0.809,187,67.9,0.855,169,69.8,0.942
870,-2,1,0.15,0.3,60,-1,0,0,0,2,0,213,66.2,0.724,131,67.9,0.767,107,72.9,0.926
870,-2,1,0.15,0.3,60,-1,0,0,0,2,-1,201,66.2,0.742,128,68.8,0.796,103,74.8,1.055
870,-2,1,0.15,0.3,60,-1,0,0,1,0,0,248,67.3,0.669,150,73.3,1.129,141,73.0,1.132
870,-2,1,0.15,0.3,60,-1,0,0,-1,0,0,258,71.3,0.904,168,63.1,0.618,134,68.7,0.763
870,-2,1,0.15,0.3,60,-1,0,1,0,0,0,252,68.7,0.683,156,73.1,1.067,143,73.4,1.088
870,-2,1,0.15,0.3,60,-1,0,1,1,0,0,224,67.4,0.664,137,74.5,1.189,132,73.5,1.129
870,-2,1,0.15,0.3,60,-1,0,-1,0,0,0,254,70.1,0.885,162,63.0,0.63,133,68.4,0.791
870,-2,1,0.15,0.3,60,-1,0,-1,-1,0,0,230,70.4,0.908,149,63.1,0.628,123,68.3,0.768
870,-2,1,0.15,0.3,60,-1,-1,0,0,0,0,431,69.8,0.794,263,66.5,0.775,241,69.7,0.909
870,-2,1,0.15,0.3,60,-1,-1,0,0,0,-1,264,70.5,0.849,165,64.8,0.681,146,66.4,0.746
870,-2,1,0.15,0.3,60,-1,-1,0,0,1,0,251,72.1,0.838,157,66.9,0.868,150,69.3,0.959
870,-2,1,0.15,0.3,60,-1,-1,0,-1,0,0,232,71.6,0.894,143,60.1,0.521,118,66.1,0.667
870,-2,1,0.15,0.3,60,-1,-1,1,0,0,0,205,68.8,0.705,125,73.6,1.162,121,73.6,1.181
870,-2,1,0.15,0.3,60,-1,-1,-1,0,0,0,226,70.8,0.897,138,60.1,0.536,120,65.8,0.693
870,-2,1,0.15,0.3,60,-1,-1,-1,-1,0,0,206,70.4,0.886,127,59.8,0.523,110,65.5,0.665
870,-2,1,0.25,1.0,60,0,0,0,0,0,0,979,43.6,0.74,679,48.5,0.932,654,49.1,0.931
870,-2,1,0.25,1.0,60,0,0,0,0,0,1,478,42.5,0.621,347,51.0,0.952,334,52.1,0.972
870,-2,1,0.25,1.0,60,0,0,0,0,0,-1,497,44.5,0.878,330,45.8,0.921,313,45.4,0.902
870,-2,1,0.25,1.0,60,0,0,0,0,1,0,584,43.5,0.682,394,49.0,0.845,410,48.3,0.868
870,-2,1,0.25,1.0,60,0,0,0,0,1,1,296,42.6,0.585,204,51.0,0.831,211,52.6,0.971
870,-2,1,0.25,1.0,60,0,0,0,0,1,-1,288,44.4,0.809,190,46.8,0.859,199,43.7,0.773
870,-2,1,0.25,1.0,60,0,0,0,0,2,0,395,43.8,0.831,285,47.7,1.064,244,50.4,1.04
870,-2,1,0.25,1.0,60,0,0,0,0,2,-1,209,44.5,0.97,140,44.3,1.018,114,48.2,1.189
870,-2,1,0.25,1.0,60,0,0,0,1,0,0,489,45.4,0.788,344,51.5,1.052,340,52.4,1.064
870,-2,1,0.25,1.0,60,0,0,0,1,0,1,237,46.4,0.777,181,53.0,1.032,177,54.8,1.099
870,-2,1,0.25,1.0,60,0,0,0,1,0,-1,250,44.0,0.795,162,49.4,1.073,161,49.7,1.046
870,-2,1,0.25,1.0,60,0,0,0,1,1,0,276,44.6,0.777,201,50.2,0.931,216,52.3,1.078
870,-2,1,0.25,1.0,60,0,0,0,1,2,0,213,46.5,0.801,143,53.1,1.28,124,52.4,1.041
870,-2,1,0.25,1.0,60,0,0,0,-1,0,0,490,41.8,0.69,335,45.4,0.824,313,45.7,0.807
870,-2,1,0.25,1.0,60,0,0,0,-1,0,1,241,38.6,0.485,166,48.8,0.879,156,49.4,0.849
870,-2,1,0.25,1.0,60,0,0,0,-1,0,-1,247,44.9,0.988,168,42.3,0.785,152,40.8,0.773
870,-2,1,0.25,1.0,60,0,0,0,-1,1,0,308,42.5,0.595,193,47.7,0.755,193,44.0,0.681
870,-2,1,0.25,1.0,60,0,0,1,0,0,0,497,46.7,0.86,354,52.5,1.07,338,53.0,1.051
870,-2,1,0.25,1.0,60,0,0,1,0,0,1,241,46.9,0.8,186,54.8,1.073,173,56.1,1.103
870,-2,1,0.25,1.0,60,0,0,1,0,0,-1,255,46.3,0.92,167,49.7,1.065,163,49.7,1.019
870,-2,1,0.25,1.0,60,0,0,1,0,1,0,282,44.3,0.785,204,52.0,0.975,210,53.8,1.087
870,-2,1,0.25,1.0,60,0,0,1,0,2,0,215,49.8,0.969,150,53.3,1.212,128,51.6,1.0
870,-2,1,0.25,1.0,60,0,0,1,1,0,0,444,45.9,0.819,314,52.9,1.081,314,53.5,1.063
870,-2,1,0.25,1.0,60,0,0,1,1,0,1,214,45.3,0.748,165,53.9,1.013,161,55.9,1.066
870,-2,1,0.25,1.0,60,0,0,1,1,0,-1,229,46.3,0.888,148,51.4,1.158,151,51.0,1.082
870,-2,1,0.25,1.0,60,0,0,1,1,1,0,249,44.2,0.768,185,52.4,1.016,199,54.3,1.121
870,-2,1,0.25,1.0,60,0,0,-1,0,0,0,480,40.2,0.621,324,44.1,0.808,313,44.7,0.821
870,-2,1,0.25,1.0,60,0,0,-1,0,0,1,237,38.0,0.467,161,46.6,0.836,161,47.8,0.85
870,-2,1,0.25,1.0,60,0,0,-1,0,0,-1,242,42.6,0.829,163,41.7,0.777,150,40.7,0.781
870,-2,1,0.25,1.0,60,0,0,-1,0,1,0,302,42.7,0.588,190,45.8,0.721,200,42.5,0.681
870,-2,1,0.25,1.0,60,0,0,-1,-1,0,0,436,40.4,0.632,294,44.9,0.81,286,45.5,0.805
870,-2,1,0.25,1.0,60,0,0,-1,-1,0,1,214,36.0,0.416,145,46.9,0.801,144,48.6,0.802
870,-2,1,0.25,1.0,60,0,0,-1,-1,0,-1,221,44.8,0.953,149,43.0,0.819,140,41.4,0.801
870,-2,1,0.25,1.0,60,0,0,-1,-1,1,0,275,42.2,0.561,174,47.7,0.776,182,44.0,0.685
870,-2,1,0.25,1.0,60,0,-1,0,0,0,0,812,44.5,0.804,538,50.4,1.02,541,50.6,1.032
870,-2,1,0.25,1.0,60,0,-1,0,0,0,1,399,43.9,0.696,275,53.5,1.084,279,54.5,1.138
870,-2,1,0.25,1.0,60,0,-1,0,0,0,-1,410,44.6,0.927,262,46.9,0.95,257,45.9,0.93
870,-2,1,0.25,1.0,60,0,-1,0,0,1,0,486,43.4,0.727,316,50.3,0.946,342,49.7,0.994
870,-2,1,0.25,1.0,60,0,-1,0,0,1,1,250,43.2,0.66,164,51.8,0.908,180,53.9,1.079
870,-2,1,0.25,1.0,60,0,-1,0,0,1,-1,236,43.6,0.813,152,48.7,0.988,162,45.1,0.909
870,-2,1,0.25,1.0,60,0,-1,0,0,2,0,326,46.0,0.932,222,50.5,1.127,199,52.3,1.096
870,-2,1,0.25,1.0,60,0,-1,0,1,0,0,386,46.4,0.875,259,55.2,1.27,270,55.9,1.297
870,-2,1,0.25,1.0,60,0,-1,0,1,1,0,220,43.6,0.822,149,53.0,1.174,171,55.0,1.354
870,-2,1,0.25,1.0,60,0,-1,0,-1,0,0,426,42.7,0.736,279,45.9,0.828,270,45.6,0.817
870,-2,1,0.25,1.0,60,0,-1,0,-1,0,1,211,39.3,0.529,138,50.0,1.004,135,50.4,1.001
870,-2,1,0.25,1.0,60,0,-1,0,-1,0,-1,214,45.8,1.04,141,41.8,0.666,132,39.4,0.649
870,-2,1,0.25,1.0,60,0,-1,0,-1,1,0,266,43.2,0.641,167,47.9,0.763,170,44.7,0.731
870,-2,1,0.25,1.0,60,0,-1,1,0,0,0,394,47.7,0.96,273,56.0,1.252,270,56.3,1.283
870,-2,1,0.25,1.0,60,0,-1,1,0,0,-1,200,45.5,0.973,127,52.0,1.238,126,52.4,1.265
870,-2,1,0.25,1.0,60,0,-1,1,0,1,0,226,43.4,0.821,153,54.9,1.253,166,56.6,1.433
870,-2,1,0.25,1.0,60,0,-1,1,1,0,0,349,46.7,0.9,238,56.7,1.306,250,57.2,1.32
870,-2,1,0.25,1.0,60,0,-1,1,1,1,0,200,42.5,0.783,137,55.5,1.309,158,57.0,1.463
870,-2,1,0.25,1.0,60,0,-1,-1,0,0,0,416,41.1,0.663,265,44.5,0.814,269,44.6,0.815
870,-2,1,0.25,1.0,60,0,-1,-1,0,0,1,206,38.3,0.505,130,46.9,0.912,137,48.9,0.962
870,-2,1,0.25,1.0,60,0,-1,-1,0,0,-1,210,43.8,0.879,135,42.2,0.719,131,39.7,0.671
870,-2,1,0.25,1.0,60,0,-1,-1,0,1,0,260,43.5,0.641,163,46.0,0.715,176,43.2,0.697
870,-2,1,0.25,1.0,60,0,-1,-1,-1,0,0,380,41.1,0.662,244,45.1,0.806,248,45.2,0.804
870,-2,1,0.25,1.0,60,0,-1,-1,-1,1,0,240,42.5,0.593,151,47.7,0.768,162,44.4,0.719
870,-2,1,0.25,1.0,60,1,0,0,0,0,0,433,42.3,0.639,342,49.7,1.035,301,49.8,1.005
870,-2,1,0.25,1.0,60,1,0,0,0,0,1,269,43.1,0.602,221,51.6,1.071,190,52.6,1.037
870,-2,1,0.25,1.0,60,1,0,0,0,1,0,255,41.6,0.585,192,48.4,0.932,176,49.4,1.006
870,-2,1,0.25,1.0,60,1,0,0,1,0,0,219,43.8,0.678,181,53.6,1.116,160,52.5,1.026
870,-2,1,0.25,1.0,60,1,0,0,-1,0,0,214,40.7,0.598,161,45.3,0.954,141,46.8,0.983
870,-2,1,0.25,1.0,60,1,0,1,0,0,0,226,45.6,0.764,186,53.8,1.089,155,53.5,1.012
870,-2,1,0.25,1.0,60,1,0,1,1,0,0,203,43.8,0.682,166,54.8,1.088,146,54.1,1.001
870,-2,1,0.25,1.0,60,1,0,-1,0,0,0,207,38.6,0.52,156,44.9,0.973,146,45.9,0.998
870,-2,1,0.25,1.0,60,1,-1,0,0,0,0,348,44.0,0.705,262,52.3,1.166,238,53.8,1.253
870,-2,1,0.25,1.0,60,1,-1,0,0,0,1,219,45.7,0.689,168,54.8,1.195,153,56.2,1.25
870,-2,1,0.25,1.0,60,1,-1,0,0,1,0,205,42.0,0.631,148,49.3,1.017,139,52.5,1.266
870,-2,1,0.25,1.0,60,-1,0,0,0,0,0,506,44.3,0.827,318,47.5,0.834,276,50.0,0.905
870,-2,1,0.25,1.0,60,-1,0,0,0,0,-1,314,45.9,0.981,201,46.3,0.905,168,48.2,0.973
870,-2,1,0.25,1.0,60,-1,0,0,0,1,0,293,44.7,0.762,187,50.3,0.751,169,51.5,0.815
870,-2,1,0.25,1.0,60,-1,0,0,0,2,0,213,43.7,0.924,131,43.5,0.969,107,47.7,1.056
870,-2,1,0.25,1.0,60,-1,0,0,0,2,-1,201,44.8,0.969,128,44.5,1.001,103,49.5,1.187
870,-2,1,0.25,1.0,60,-1,0,0,1,0,0,248,46.0,0.895,150,49.3,0.991,141,51.8,1.044
870,-2,1,0.25,1.0,60,-1,0,0,-1,0,0,258,42.6,0.755,168,45.8,0.714,134,48.5,0.789
870,-2,1,0.25,1.0,60,-1,0,1,0,0,0,252,48.0,0.958,156,51.3,1.041,143,51.7,1.032
870,-2,1,0.25,1.0,60,-1,0,1,1,0,0,224,47.8,0.955,137,51.1,1.084,132,52.3,1.051
870,-2,1,0.25,1.0,60,-1,0,-1,0,0,0,254,40.6,0.698,162,43.8,0.668,133,48.1,0.783
870,-2,1,0.25,1.0,60,-1,0,-1,-1,0,0,230,41.7,0.731,149,45.0,0.702,123,48.8,0.781
870,-2,1,0.25,1.0,60,-1,-1,0,0,0,0,431,44.5,0.891,263,48.7,0.863,241,49.4,0.871
870,-2,1,0.25,1.0,60,-1,-1,0,0,0,-1,264,45.8,1.039,165,47.3,0.855,146,46.6,0.837
870,-2,1,0.25,1.0,60,-1,-1,0,0,1,0,251,44.6,0.809,157,51.6,0.863,150,51.3,0.842
870,-2,1,0.25,1.0,60,-1,-1,0,-1,0,0,232,43.5,0.806,143,43.4,0.588,118,44.9,0.636
870,-2,1,0.25,1.0,60,-1,-1,1,0,0,0,205,48.3,1.068,125,56.0,1.259,121,53.7,1.143
870,-2,1,0.25,1.0,60,-1,-1,-1,0,0,0,226,41.2,0.737,138,42.0,0.597,120,45.0,0.641
870,-2,1,0.25,1.0,60,-1,-1,-1,-1,0,0,206,42.2,0.764,127,42.5,0.598,110,45.5,0.634
870,-1,0,0.25,0.6,60,0,0,0,0,0,0,979,56.7,1.119,679,52.9,0.959,654,52.4,0.956
870,-1,0,0.25,0.6,60,0,0,0,0,0,1,483,55.1,0.958,334,55.1,0.993,312,55.1,1.004
870,-1,0,0.25,0.6,60,0,0,0,0,0,-1,492,58.3,1.301,343,50.4,0.921,335,50.1,0.911
870,-1,0,0.25,0.6,60,0,0,0,0,1,0,584,57.2,1.177,394,53.3,0.981,410,53.4,1.019
870,-1,0,0.25,0.6,60,0,0,0,0,1,1,280,55.0,0.986,199,55.3,0.984,205,57.1,1.125
870,-1,0,0.25,0.6,60,0,0,0,0,1,-1,304,59.2,1.38,195,51.3,0.979,205,49.8,0.926
870,-1,0,0.25,0.6,60,0,0,0,0,2,0,395,55.9,1.043,285,52.3,0.93,244,50.8,0.867
870,-1,0,0.25,0.6,60,0,0,0,0,2,1,203,55.2,0.923,135,54.8,1.007,107,51.4,0.814
870,-1,0,0.25,0.6,60,0,0,0,1,0,0,687,56.6,1.111,474,53.8,1.052,450,53.6,1.057
870,-1,0,0.25,0.6,60,0,0,0,1,0,1,338,53.6,0.875,239,56.1,1.145,219,56.2,1.126
870,-1,0,0.25,0.6,60,0,0,0,1,0,-1,346,59.5,1.39,233,51.1,0.961,224,51.3,0.99
870,-1,0,0.25,0.6,60,0,0,0,1,1,0,412,57.0,1.22,278,54.3,1.092,279,55.6,1.2
870,-1,0,0.25,0.6,60,0,0,0,1,1,-1,214,59.3,1.483,134,52.2,1.066,132,51.5,1.069
870,-1,0,0.25,0.6,60,0,0,0,1,2,0,275,56.0,0.971,196,53.1,1.005,171,50.3,0.885
870,-1,0,0.25,0.6,60,0,0,0,-1,0,0,292,56.8,1.138,205,50.7,0.78,203,49.8,0.767
870,-1,0,0.25,0.6,60,0,0,1,0,0,0,658,57.6,1.174,455,54.9,1.083,442,54.8,1.071
870,-1,0,0.25,0.6,60,0,0,1,0,0,1,324,55.6,0.987,230,57.4,1.153,213,57.3,1.129
870,-1,0,0.25,0.6,60,0,0,1,0,0,-1,333,59.5,1.378,224,52.2,1.023,225,52.4,1.023
870,-1,0,0.25,0.6,60,0,0,1,0,1,0,394,56.6,1.236,275,55.6,1.133,284,57.0,1.228
870,-1,0,0.25,0.6,60,0,0,1,0,1,-1,208,57.7,1.446,132,54.5,1.155,137,54.0,1.164
870,-1,0,0.25,0.6,60,0,0,1,0,2,0,264,59.1,1.091,180,53.9,1.018,158,50.6,0.864
870,-1,0,0.25,0.6,60,0,0,1,1,0,0,623,57.6,1.167,429,54.3,1.07,419,54.2,1.064
870,-1,0,0.25,0.6,60,0,0,1,1,0,1,307,54.1,0.914,217,56.2,1.112,204,56.4,1.104
870,-1,0,0.25,0.6,60,0,0,1,1,0,-1,315,61.0,1.461,211,52.1,1.032,211,52.1,1.029
870,-1,0,0.25,0.6,60,0,0,1,1,1,0,373,57.1,1.271,259,54.4,1.069,267,56.2,1.2
870,-1,0,0.25,0.6,60,0,0,1,1,2,0,250,58.4,1.035,170,54.1,1.072,152,50.7,0.887
870,-1,0,0.25,0.6,60,0,0,-1,0,0,0,319,54.9,1.023,223,48.4,0.747,209,47.8,0.756
870,-1,0,0.25,0.6,60,0,0,-1,-1,0,0,257,56.8,1.117,179,48.6,0.72,181,48.1,0.735
870,-1,0,0.25,0.6,60,0,1,0,0,0,0,747,56.2,1.098,507,50.7,0.885,501,50.5,0.869
870,-1,0,0.25,0.6,60,0,1,0,0,0,1,371,54.7,0.95,249,52.6,0.927,237,54.0,0.97
870,-1,0,0.25,0.6,60,0,1,0,0,0,-1,374,58.0,1.264,258,48.8,0.85,261,47.9,0.8
870,-1,0,0.25,0.6,60,0,1,0,0,1,0,448,57.6,1.156,299,51.8,0.896,320,51.6,0.895
870,-1,0,0.25,0.6,60,0,1,0,0,1,1,213,54.5,0.92,148,52.7,0.83,154,55.2,0.97
870,-1,0,0.25,0.6,60,0,1,0,0,1,-1,235,60.4,1.404,151,51.0,0.964,166,48.2,0.833
870,-1,0,0.25,0.6,60,0,1,0,0,2,0,299,54.2,1.021,208,49.0,0.87,181,48.6,0.828
870,-1,0,0.25,0.6,60,0,1,0,1,0,0,492,56.7,1.143,333,52.0,1.055,318,52.2,1.043
870,-1,0,0.25,0.6,60,0,1,0,1,0,1,245,52.7,0.858,167,54.5,1.28,152,56.6,1.289
870,-1,0,0.25,0.6,60,0,1,0,1,0,-1,246,61.0,1.495,166,49.4,0.897,163,49.1,0.883
870,-1,0,0.25,0.6,60,0,1,0,1,1,0,299,57.9,1.26,201,54.2,1.115,202,55.0,1.141
870,-1,0,0.25,0.6,60,0,1,0,-1,0,0,255,55.3,1.023,174,48.3,0.641,182,47.3,0.636
870,-1,0,0.25,0.6,60,0,1,1,0,0,0,473,58.1,1.244,315,54.0,1.11,313,54.3,1.082
870,-1,0,0.25,0.6,60,0,1,1,0,0,1,236,55.1,1.015,158,55.7,1.198,148,58.1,1.272
870,-1,0,0.25,0.6,60,0,1,1,0,0,-1,237,61.2,1.504,157,52.2,1.039,164,51.2,0.957
870,-1,0,0.25,0.6,60,0,1,1,0,1,0,287,58.2,1.335,197,55.8,1.175,207,57.0,1.209
870,-1,0,0.25,0.6,60,0,1,1,1,0,0,443,58.2,1.248,296,53.0,1.099,294,53.4,1.064
870,-1,0,0.25,0.6,60,0,1,1,1,0,1,222,53.6,0.934,148,54.7,1.2,140,57.1,1.253
870,-1,0,0.25,0.6,60,0,1,1,1,0,-1,221,62.9,1.641,148,51.4,1.021,153,50.3,0.936
870,-1,0,0.25,0.6,60,0,1,1,1,1,0,270,58.9,1.406,185,54.6,1.101,193,56.0,1.155
870,-1,0,0.25,0.6,60,0,1,-1,0,0,0,273,53.1,0.906,192,45.3,0.625,186,44.6,0.619
870,-1,0,0.25,0.6,60,0,1,-1,-1,0,0,225,55.1,1.001,155,45.8,0.589,164,45.1,0.593
870,-1,0,0.25,0.6,60,0,-1,0,0,0,0,232,58.2,1.185,172,59.3,1.191,153,58.8,1.271
870,-1,0,0.25,0.6,60,1,0,0,0,0,0,492,55.5,1.023,321,54.8,1.062,275,52.0,0.959
870,-1,0,0.25,0.6,60,1,0,0,0,0,1,301,53.8,0.891,205,55.6,1.064,165,53.3,0.947
870,-1,0,0.25,0.6,60,1,0,0,0,1,0,291,55.3,1.055,191,53.9,1.058,173,50.9,0.995
870,-1,0,0.25,0.6,60,1,0,0,0,2,0,201,55.7,0.978,130,56.2,1.066,102,53.9,0.908
870,-1,0,0.25,0.6,60,1,0,0,1,0,0,345,54.5,0.993,236,55.5,1.201,194,52.1,1.044
870,-1,0,0.25,0.6,60,1,0,0,1,0,1,207,51.2,0.769,148,57.4,1.266,113,54.0,1.021
870,-1,0,0.25,0.6,60,1,0,0,1,1,0,206,55.8,1.168,146,54.1,1.146,125,51.2,1.085
870,-1,0,0.25,0.6,60,1,0,1,0,0,0,333,56.2,1.098,226,58.0,1.257,190,53.2,1.067
870,-1,0,0.25,0.6,60,1,0,1,0,0,1,202,55.4,0.972,140,59.3,1.269,108,54.6,1.019
870,-1,0,0.25,0.6,60,1,0,1,1,0,0,312,55.4,1.046,214,57.0,1.221,181,52.5,1.055
870,-1,0,0.25,0.6,60,1,1,0,0,0,0,393,55.7,1.051,250,54.8,1.12,222,52.7,0.976
870,-1,0,0.25,0.6,60,1,1,0,0,0,1,244,53.3,0.932,159,54.1,1.157,132,54.5,1.074
870,-1,0,0.25,0.6,60,1,1,0,0,1,0,232,55.6,1.044,151,55.0,1.057,142,51.4,0.928
870,-1,0,0.25,0.6,60,1,1,0,1,0,0,266,54.9,1.056,176,56.8,1.521,146,53.4,1.184
870,-1,0,0.25,0.6,60,1,1,1,0,0,0,254,57.1,1.202,168,59.5,1.538,146,54.8,1.213
870,-1,0,0.25,0.6,60,1,1,1,1,0,0,237,56.5,1.154,158,58.9,1.542,137,54.0,1.198
870,-1,0,0.25,0.6,60,-1,0,0,0,0,0,447,57.9,1.239,339,51.0,0.877,302,52.3,0.92
870,-1,0,0.25,0.6,60,-1,0,0,0,0,-1,282,58.2,1.327,217,49.3,0.873,193,49.7,0.879
870,-1,0,0.25,0.6,60,-1,0,0,0,1,0,257,59.1,1.342,188,53.2,0.929,172,53.5,0.957
870,-1,0,0.25,0.6,60,-1,0,0,1,0,0,315,58.4,1.252,226,52.2,0.932,202,53.5,0.97
870,-1,0,0.25,0.6,60,-1,0,1,0,0,0,300,59.3,1.264,217,52.1,0.944,204,54.4,0.987
870,-1,0,0.25,0.6,60,-1,0,1,1,0,0,289,59.9,1.311,205,51.7,0.951,192,53.6,0.983
870,-1,0,0.25,0.6,60,-1,1,0,0,0,0,324,56.8,1.162,246,46.3,0.732,221,47.5,0.747
870,-1,0,0.25,0.6,60,-1,1,0,0,0,-1,212,56.6,1.267,158,44.9,0.771,143,45.5,0.77
870,-1,0,0.25,0.6,60,-1,1,0,1,0,0,206,58.7,1.274,152,46.1,0.763,136,48.5,0.799
870,-1,0,0.25,0.6,60,-1,1,1,0,0,0,200,59.5,1.308,141,46.8,0.805,136,50.7,0.844
870,-1,1,0.25,0.3,60,0,0,0,0,0,0,979,63.2,0.798,679,62.0,0.931,654,62.5,0.949
870,-1,1,0.25,0.3,60,0,0,0,0,0,1,492,62.6,0.69,343,65.3,1.023,335,66.3,1.052
870,-1,1,0.25,0.3,60,0,0,0,0,0,-1,483,63.8,0.932,334,58.7,0.849,312,58.0,0.838
870,-1,1,0.25,0.3,60,0,0,0,0,1,0,584,61.5,0.693,394,61.7,0.937,410,62.0,0.954
870,-1,1,0.25,0.3,60,0,0,0,0,1,1,304,59.5,0.602,195,66.7,1.111,205,69.3,1.28
870,-1,1,0.25,0.3,60,0,0,0,0,1,-1,280,63.6,0.818,199,56.8,0.787,205,54.6,0.712
870,-1,1,0.25,0.3,60,0,0,0,0,2,0,395,65.8,0.993,285,62.5,0.923,244,63.5,0.942
870,-1,1,0.25,0.3,60,0,0,0,0,2,-1,203,64.0,1.134,135,61.5,0.957,107,64.5,1.2
870,-1,1,0.25,0.3,60,0,0,0,1,0,0,292,63.4,0.732,205,67.8,1.335,203,66.5,1.241
870,-1,1,0.25,0.3,60,0,0,0,-1,0,0,687,63.2,0.831,474,59.5,0.805,450,60.7,0.844
870,-1,1,0.25,0.3,60,0,0,0,-1,0,1,346,61.3,0.667,233,62.2,0.836,224,63.4,0.891
870,-1,1,0.25,0.3,60,0,0,0,-1,0,-1,338,65.1,1.067,239,56.9,0.783,219,57.1,0.785
870,-1,1,0.25,0.3,60,0,0,0,-1,1,0,412,61.2,0.71,278,60.4,0.873,279,60.2,0.857
870,-1,1,0.25,0.3,60,0,0,0,-1,1,1,214,59.3,0.607,134,63.4,0.886,132,65.9,1.038
870,-1,1,0.25,0.3,60,0,0,0,-1,2,0,275,66.2,1.069,196,58.2,0.723,171,61.4,0.823
870,-1,1,0.25,0.3,60,0,0,1,0,0,0,319,65.2,0.801,223,67.7,1.238,209,67.5,1.188
870,-1,1,0.25,0.3,60,0,0,1,1,0,0,257,63.8,0.759,179,70.4,1.523,181,69.1,1.334
870,-1,1,0.25,0.3,60,0,0,-1,0,0,0,658,62.2,0.792,455,59.3,0.823,442,60.2,0.863
870,-1,1,0.25,0.3,60,0,0,-1,0,0,1,333,61.3,0.66,224,62.5,0.874,225,63.6,0.912
870,-1,1,0.25,0.3,60,0,0,-1,0,0,-1,324,63.3,0.977,230,56.1,0.762,213,55.9,0.784
870,-1,1,0.25,0.3,60,0,0,-1,0,1,0,394,60.4,0.701,275,60.0,0.857,284,59.2,0.851
870,-1,1,0.25,0.3,60,0,0,-1,0,1,1,208,59.6,0.614,132,62.9,0.9,137,65.0,1.028
870,-1,1,0.25,0.3,60,0,0,-1,0,2,0,264,64.8,0.956,180,58.3,0.775,158,62.0,0.885
870,-1,1,0.25,0.3,60,0,0,-1,-1,0,0,623,62.3,0.81,429,59.9,0.84,419,60.9,0.872
870,-1,1,0.25,0.3,60,0,0,-1,-1,0,1,315,60.3,0.644,211,62.6,0.858,211,64.0,0.904
870,-1,1,0.25,0.3,60,0,0,-1,-1,0,-1,307,64.5,1.063,217,57.1,0.813,204,56.9,0.811
870,-1,1,0.25,0.3,60,0,0,-1,-1,1,0,373,60.6,0.71,259,61.4,0.906,267,60.3,0.874
870,-1,1,0.25,0.3,60,0,0,-1,-1,2,0,250,64.8,0.995,170,57.6,0.753,152,61.8,0.869
870,-1,1,0.25,0.3,60,0,1,0,0,0,0,232,64.7,0.746,172,57.0,0.716,153,58.8,0.742
870,-1,1,0.25,0.3,60,0,-1,0,0,0,0,747,62.8,0.817,507,63.7,1.03,501,63.7,1.036
870,-1,1,0.25,0.3,60,0,-1,0,0,0,1,374,62.0,0.708,258,67.8,1.174,261,69.0,1.217
870,-1,1,0.25,0.3,60,0,-1,0,0,0,-1,371,63.3,0.947,249,59.4,0.889,237,57.4,0.844
870,-1,1,0.25,0.3,60,0,-1,0,0,1,0,448,60.7,0.705,299,63.2,1.055,320,63.1,1.059
870,-1,1,0.25,0.3,60,0,-1,0,0,1,1,235,57.4,0.583,151,68.2,1.247,166,70.5,1.412
870,-1,1,0.25,0.3,60,0,-1,0,0,1,-1,213,64.3,0.883,148,58.1,0.881,154,55.2,0.773
870,-1,1,0.25,0.3,60,0,-1,0,0,2,0,299,65.9,1.033,208,64.4,0.998,181,64.6,0.995
870,-1,1,0.25,0.3,60,0,-1,0,1,0,0,255,64.7,0.806,174,72.4,1.875,182,70.3,1.632
870,-1,1,0.25,0.3,60,0,-1,0,-1,0,0,492,61.8,0.823,333,59.2,0.786,318,59.7,0.815
870,-1,1,0.25,0.3,60,0,-1,0,-1,0,1,246,58.9,0.646,166,63.9,0.93,163,65.0,1.001
870,-1,1,0.25,0.3,60,0,-1,0,-1,0,-1,245,64.5,1.074,167,54.5,0.652,152,53.3,0.632
870,-1,1,0.25,0.3,60,0,-1,0,-1,1,0,299,59.5,0.713,201,60.2,0.872,202,59.4,0.834
870,-1,1,0.25,0.3,60,0,-1,1,0,0,0,273,66.3,0.89,192,72.4,1.641,186,71.5,1.57
870,-1,1,0.25,0.3,60,0,-1,1,1,0,0,225,64.9,0.834,155,75.5,2.265,164,73.2,1.83
870,-1,1,0.25,0.3,60,0,-1,-1,0,0,0,473,60.7,0.774,315,58.4,0.794,313,58.8,0.819
870,-1,1,0.25,0.3,60,0,-1,-1,0,0,1,237,58.6,0.629,157,62.4,0.934,164,64.6,1.003
870,-1,1,0.25,0.3,60,0,-1,-1,0,0,-1,236,62.7,0.971,158,54.4,0.659,148,52.0,0.631
870,-1,1,0.25,0.3,60,0,-1,-1,0,1,0,287,58.2,0.68,197,59.4,0.829,207,58.0,0.806
870,-1,1,0.25,0.3,60,0,-1,-1,-1,0,0,443,60.5,0.785,296,59.1,0.81,294,59.5,0.829
870,-1,1,0.25,0.3,60,0,-1,-1,-1,0,1,221,57.5,0.609,148,63.5,0.943,153,65.4,1.003
870,-1,1,0.25,0.3,60,0,-1,-1,-1,0,-1,222,63.5,1.045,148,54.7,0.679,140,52.9,0.653
870,-1,1,0.25,0.3,60,0,-1,-1,-1,1,0,270,58.1,0.686,185,61.1,0.891,193,59.1,0.828
870,-1,1,0.25,0.3,60,1,0,0,0,0,0,447,63.3,0.717,339,62.8,0.993,302,61.6,0.966
870,-1,1,0.25,0.3,60,1,0,0,0,0,1,282,63.5,0.699,217,65.4,1.05,193,64.2,0.986
870,-1,1,0.25,0.3,60,1,0,0,0,1,0,257,60.3,0.617,188,61.7,1.022,172,61.6,1.091
870,-1,1,0.25,0.3,60,1,0,0,-1,0,0,315,62.2,0.704,226,60.6,0.903,202,60.4,0.927
870,-1,1,0.25,0.3,60,1,0,-1,0,0,0,300,61.3,0.685,217,61.8,0.949,204,60.3,0.93
870,-1,1,0.25,0.3,60,1,0,-1,-1,0,0,289,60.9,0.667,205,62.4,0.976,192,61.5,0.96
870,-1,1,0.25,0.3,60,1,-1,0,0,0,0,324,63.9,0.778,246,67.1,1.19,221,66.5,1.17
870,-1,1,0.25,0.3,60,1,-1,0,0,0,1,212,64.2,0.76,158,70.3,1.247,143,69.2,1.152
870,-1,1,0.25,0.3,60,1,-1,0,-1,0,0,206,61.2,0.724,152,63.8,1.001,136,64.0,1.039
870,-1,1,0.25,0.3,60,1,-1,-1,0,0,0,200,60.5,0.698,141,64.5,1.062,136,63.2,1.011
870,-1,1,0.25,0.3,60,-1,0,0,0,0,0,492,63.6,0.892,321,61.1,0.894,275,64.0,0.973
870,-1,1,0.25,0.3,60,-1,0,0,0,0,-1,301,64.1,1.077,205,59.0,0.848,165,61.2,0.94
870,-1,1,0.25,0.3,60,-1,0,0,0,1,0,291,63.2,0.781,191,61.8,0.892,173,64.7,0.948
870,-1,1,0.25,0.3,60,-1,0,0,0,2,0,201,64.2,1.103,130,60.0,0.896,102,62.7,1.022
870,-1,1,0.25,0.3,60,-1,0,0,-1,0,0,345,64.6,0.98,236,58.1,0.728,194,62.9,0.857
870,-1,1,0.25,0.3,60,-1,0,0,-1,0,-1,207,66.7,1.342,148,54.7,0.696,113,59.3,0.849
870,-1,1,0.25,0.3,60,-1,0,0,-1,1,0,206,62.1,0.758,146,61.0,0.804,125,65.6,0.921
870,-1,1,0.25,0.3,60,-1,0,-1,0,0,0,333,63.7,0.93,226,56.6,0.719,190,62.1,0.874
870,-1,1,0.25,0.3,60,-1,0,-1,0,0,-1,202,64.4,1.125,140,53.6,0.684,108,58.3,0.864
870,-1,1,0.25,0.3,60,-1,0,-1,-1,0,0,312,64.4,1.001,214,57.0,0.725,181,62.4,0.865
870,-1,1,0.25,0.3,60,-1,-1,0,0,0,0,393,62.6,0.876,250,60.4,0.891,222,61.7,0.962
870,-1,1,0.25,0.3,60,-1,-1,0,0,0,-1,244,63.5,1.048,159,58.5,0.793,132,57.6,0.816
870,-1,1,0.25,0.3,60,-1,-1,0,0,1,0,232,63.4,0.811,151,60.9,0.939,142,63.4,0.991
870,-1,1,0.25,0.3,60,-1,-1,0,-1,0,0,266,63.2,0.933,176,55.1,0.63,146,58.9,0.761
870,-1,1,0.25,0.3,60,-1,-1,-1,0,0,0,254,61.8,0.873,168,53.6,0.625,146,58.2,0.785
870,-1,1,0.25,0.3,60,-1,-1,-1,-1,0,0,237,62.0,0.928,158,53.8,0.628,137,58.4,0.77
870,30,0,0.15,1.0,60,0,0,0,0,0,0,979,49.1,0.961,679,45.7,0.785,655,45.5,0.776
870,30,0,0.15,1.0,60,0,0,0,0,0,1,498,47.4,0.8,334,47.3,0.813,312,48.1,0.809
870,30,0,0.15,1.0,60,0,0,0,0,0,-1,477,51.2,1.16,343,43.7,0.75,336,43.2,0.733
870,30,0,0.15,1.0,60,0,0,0,0,1,0,584,50.2,0.958,394,44.4,0.726,410,44.4,0.71
870,30,0,0.15,1.0,60,0,0,0,0,1,1,288,47.9,0.796,188,47.3,0.766,191,48.7,0.808
870,30,0,0.15,1.0,60,0,0,0,0,1,-1,296,52.4,1.151,206,41.7,0.689,219,40.6,0.628
870,30,0,0.15,1.0,60,0,0,0,0,2,0,395,47.6,0.965,285,47.4,0.87,245,47.3,0.887
870,30,0,0.15,1.0,60,0,0,0,0,2,1,210,46.7,0.805,146,47.3,0.876,121,47.1,0.809
870,30,0,0.15,1.0,60,0,0,0,1,0,0,505,50.1,0.974,358,48.3,0.893,342,48.0,0.891
870,30,0,0.15,1.0,60,0,0,0,1,0,1,256,48.4,0.8,181,49.7,0.979,165,50.3,0.975
870,30,0,0.15,1.0,60,0,0,0,1,0,-1,249,51.8,1.183,175,46.3,0.799,170,45.9,0.794
870,30,0,0.15,1.0,60,0,0,0,1,1,0,302,50.0,0.992,205,47.3,0.827,211,48.3,0.889
870,30,0,0.15,1.0,60,0,0,0,1,2,0,203,50.2,0.948,153,49.7,0.982,131,47.3,0.894
870,30,0,0.15,1.0,60,0,0,0,-1,0,0,474,48.1,0.948,321,42.7,0.682,312,42.6,0.667
870,30,0,0.15,1.0,60,0,0,0,-1,0,1,242,46.3,0.799,153,44.4,0.664,147,45.6,0.666
870,30,0,0.15,1.0,60,0,0,0,-1,0,-1,228,50.4,1.136,168,41.1,0.699,165,40.0,0.668
870,30,0,0.15,1.0,60,0,0,0,-1,1,0,282,50.4,0.923,189,41.3,0.631,198,39.9,0.565
870,30,0,0.15,1.0,60,0,0,1,0,0,0,516,51.0,0.997,361,48.8,0.9,350,48.6,0.896
870,30,0,0.15,1.0,60,0,0,1,0,0,1,261,51.3,0.899,183,50.3,1.006,167,52.1,1.028
870,30,0,0.15,1.0,60,0,0,1,0,0,-1,255,50.6,1.106,177,46.9,0.806,179,45.3,0.78
870,30,0,0.15,1.0,60,0,0,1,0,1,0,306,50.0,0.993,216,49.1,0.899,220,50.0,0.929
870,30,0,0.15,1.0,60,0,0,1,0,2,0,210,52.4,1.004,145,48.3,0.902,130,46.2,0.849
870,30,0,0.15,1.0,60,0,0,1,1,0,0,462,51.7,1.032,324,48.8,0.917,319,48.9,0.906
870,30,0,0.15,1.0,60,0,0,1,1,0,1,235,50.2,0.857,163,49.7,1.001,153,51.6,1.007
870,30,0,0.15,1.0,60,0,0,1,1,0,-1,227,53.3,1.248,160,47.5,0.84,162,46.3,0.808
870,30,0,0.15,1.0,60,0,0,1,1,1,0,274,50.7,1.016,193,48.7,0.893,201,49.8,0.919
870,30,0,0.15,1.0,60,0,0,-1,0,0,0,461,47.1,0.921,317,42.0,0.672,302,42.1,0.657
870,30,0,0.15,1.0,60,0,0,-1,0,0,1,237,43.0,0.705,151,43.7,0.652,145,43.4,0.633
870,30,0,0.15,1.0,60,0,0,-1,0,0,-1,222,51.8,1.223,166,40.4,0.693,157,40.8,0.683
870,30,0,0.15,1.0,60,0,0,-1,0,1,0,278,50.4,0.922,178,38.8,0.568,190,37.9,0.533
870,30,0,0.15,1.0,60,0,0,-1,-1,0,0,418,48.6,0.974,284,41.9,0.673,282,42.6,0.661
870,30,0,0.15,1.0,60,0,0,-1,-1,0,1,216,44.4,0.749,133,42.9,0.629,133,44.4,0.632
870,30,0,0.15,1.0,60,0,0,-1,-1,0,-1,200,53.5,1.305,151,41.1,0.721,149,40.9,0.691
870,30,0,0.15,1.0,60,0,0,-1,-1,1,0,250,51.2,0.937,166,39.8,0.601,180,38.9,0.538
870,30,0,0.15,1.0,60,0,1,0,0,0,0,641,50.2,0.993,451,45.2,0.79,421,45.1,0.76
870,30,0,0.15,1.0,60,0,1,0,0,0,1,325,49.8,0.868,221,46.2,0.847,197,46.7,0.801
870,30,0,0.15,1.0,60,0,1,0,0,0,-1,313,51.1,1.139,230,44.3,0.741,221,44.3,0.73
870,30,0,0.15,1.0,60,0,1,0,0,1,0,376,51.9,1.001,270,44.8,0.745,268,44.4,0.691
870,30,0,0.15,1.0,60,0,1,0,0,2,0,265,47.9,0.982,181,45.9,0.857,153,46.4,0.88
870,30,0,0.15,1.0,60,0,1,0,1,0,0,348,49.7,0.96,247,47.0,0.861,224,47.3,0.856
870,30,0,0.15,1.0,60,0,1,0,1,1,0,208,51.0,1.023,150,48.7,0.875,142,49.3,0.906
870,30,0,0.15,1.0,60,0,1,0,-1,0,0,293,50.9,1.03,204,43.1,0.716,196,42.3,0.666
870,30,0,0.15,1.0,60,0,1,1,0,0,0,349,51.3,0.995,240,48.8,0.951,227,48.9,0.894
870,30,0,0.15,1.0,60,0,1,1,0,1,0,207,51.2,1.019,153,51.0,1.021,149,50.3,0.933
870,30,0,0.15,1.0,60,0,1,1,1,0,0,314,51.9,1.046,222,48.2,0.931,208,48.6,0.876
870,30,0,0.15,1.0,60,0,1,-1,0,0,0,291,49.1,0.992,211,41.2,0.652,192,41.1,0.641
870,30,0,0.15,1.0,60,0,1,-1,-1,0,0,257,51.8,1.097,186,41.9,0.682,178,41.6,0.641
870,30,0,0.15,1.0,60,0,-1,0,0,0,0,338,47.0,0.901,228,46.5,0.777,234,46.2,0.805
870,30,0,0.15,1.0,60,0,-1,0,0,1,0,208,47.1,0.882,124,43.5,0.685,142,44.4,0.747
870,30,0,0.15,1.0,60,1,0,0,0,0,0,489,47.6,0.848,341,46.6,0.819,301,45.5,0.779
870,30,0,0.15,1.0,60,1,0,0,0,0,1,305,47.2,0.775,217,48.8,0.925,183,49.7,0.898
870,30,0,0.15,1.0,60,1,0,0,0,1,0,279,48.0,0.854,196,44.9,0.746,182,44.5,0.753
870,30,0,0.15,1.0,60,1,0,0,0,2,0,210,47.1,0.84,145,49.0,0.914,119,47.1,0.813
870,30,0,0.15,1.0,60,1,0,0,0,2,1,200,48.0,0.838,139,48.9,0.909,114,47.4,0.789
870,30,0,0.15,1.0,60,1,0,0,1,0,0,255,48.6,0.854,190,48.9,0.936,164,47.6,0.876
870,30,0,0.15,1.0,60,1,0,0,-1,0,0,234,46.6,0.842,151,43.7,0.697,136,42.6,0.664
870,30,0,0.15,1.0,60,1,0,1,0,0,0,260,51.2,0.925,191,49.2,0.935,165,47.9,0.891
870,30,0,0.15,1.0,60,1,0,1,1,0,0,227,50.2,0.896,173,49.7,0.959,153,48.4,0.905
870,30,0,0.15,1.0,60,1,0,-1,0,0,0,229,43.7,0.774,150,43.3,0.7,136,42.6,0.667
870,30,0,0.15,1.0,60,1,0,-1,-1,0,0,201,44.8,0.801,133,43.6,0.692,125,43.2,0.675
870,30,0,0.15,1.0,60,1,1,0,0,0,0,342,49.1,0.878,231,48.1,0.946,203,44.8,0.815
870,30,0,0.15,1.0,60,1,1,0,0,0,1,212,49.1,0.845,144,48.6,1.089,121,48.8,0.996
870,30,0,0.15,1.0,60,-1,0,0,0,0,0,450,51.6,1.108,319,44.2,0.727,277,45.5,0.753
870,30,0,0.15,1.0,60,-1,0,0,0,0,-1,278,53.2,1.309,205,44.4,0.794,176,46.0,0.828
870,30,0,0.15,1.0,60,-1,0,0,0,1,0,269,53.5,1.101,183,43.7,0.675,163,44.8,0.671
870,30,0,0.15,1.0,60,-1,0,0,1,0,0,228,51.8,1.106,160,47.5,0.835,146,46.6,0.793
870,30,0,0.15,1.0,60,-1,0,0,-1,0,0,222,51.4,1.111,159,40.9,0.63,131,44.3,0.714
870,30,0,0.15,1.0,60,-1,0,1,0,0,0,230,51.7,1.083,162,48.1,0.845,153,47.1,0.811
870,30,0,0.15,1.0,60,-1,0,1,1,0,0,214,53.3,1.168,145,47.6,0.864,139,46.8,0.797
870,30,0,0.15,1.0,60,-1,0,-1,0,0,0,220,51.4,1.136,157,40.1,0.627,124,43.5,0.69
870,30,0,0.15,1.0,60,-1,0,-1,-1,0,0,206,52.9,1.209,142,39.4,0.626,117,43.6,0.691
870,30,0,0.15,1.0,60,-1,1,0,0,0,0,276,52.2,1.149,207,41.5,0.648,176,45.5,0.702
870,30,1,0.15,0.6,60,0,0,0,0,0,0,979,57.7,0.91,679,60.4,1.139,655,60.8,1.183
870,30,1,0.15,0.6,60,0,0,0,0,0,1,477,55.8,0.766,343,63.8,1.28,336,64.0,1.339
870,30,1,0.15,0.6,60,0,0,0,0,0,-1,498,59.4,1.081,334,56.9,1.014,312,57.1,1.046
870,30,1,0.15,0.6,60,0,0,0,0,1,0,584,57.0,0.892,394,62.7,1.271,410,62.4,1.306
870,30,1,0.15,0.6,60,0,0,0,0,1,1,296,55.1,0.788,206,66.5,1.451,219,67.6,1.609
870,30,1,0.15,0.6,60,0,0,0,0,1,-1,288,59.0,1.013,188,58.5,1.095,191,56.5,1.033
870,30,1,0.15,0.6,60,0,0,0,0,2,0,395,58.7,0.939,285,57.2,0.991,245,58.0,1.019
870,30,1,0.15,0.6,60,0,0,0,0,2,-1,210,60.0,1.187,146,54.8,0.925,121,57.9,1.066
870,30,1,0.15,0.6,60,0,0,0,1,0,0,474,58.2,0.911,321,64.2,1.368,312,64.7,1.466
870,30,1,0.15,0.6,60,0,0,0,1,0,1,228,55.3,0.748,168,67.3,1.533,165,68.5,1.703
870,30,1,0.15,0.6,60,0,0,0,1,0,-1,242,60.7,1.098,153,60.8,1.216,147,60.5,1.247
870,30,1,0.15,0.6,60,0,0,0,1,1,0,282,57.8,0.95,189,65.6,1.46,198,66.2,1.588
870,30,1,0.15,0.6,60,0,0,0,-1,0,0,505,57.2,0.91,358,57.0,0.967,342,57.3,0.975
870,30,1,0.15,0.6,60,0,0,0,-1,0,1,249,56.2,0.782,175,60.6,1.089,170,60.0,1.081
870,30,1,0.15,0.6,60,0,0,0,-1,0,-1,256,58.2,1.065,181,53.6,0.86,165,53.9,0.884
870,30,1,0.15,0.6,60,0,0,0,-1,1,0,302,56.3,0.841,205,60.0,1.115,211,59.2,1.087
870,30,1,0.15,0.6,60,0,0,0,-1,2,0,203,58.6,1.028,153,52.9,0.815,131,54.2,0.839
870,30,1,0.15,0.6,60,0,0,1,0,0,0,461,59.4,0.949,317,64.4,1.35,302,65.2,1.445
870,30,1,0.15,0.6,60,0,0,1,0,0,1,222,55.0,0.734,166,66.9,1.454,157,66.9,1.555
870,30,1,0.15,0.6,60,0,0,1,0,0,-1,237,63.3,1.213,151,61.6,1.251,145,63.4,1.341
870,30,1,0.15,0.6,60,0,0,1,0,1,0,278,57.9,0.939,178,66.9,1.54,190,68.4,1.669
870,30,1,0.15,0.6,60,0,0,1,1,0,0,418,57.9,0.91,284,64.8,1.39,282,64.9,1.45
870,30,1,0.15,0.6,60,0,0,1,1,0,1,200,53.0,0.691,151,66.9,1.465,149,67.1,1.568
870,30,1,0.15,0.6,60,0,0,1,1,0,-1,216,62.0,1.177,133,62.4,1.314,133,62.4,1.334
870,30,1,0.15,0.6,60,0,0,1,1,1,0,250,57.6,0.965,166,66.3,1.491,180,67.2,1.627
870,30,1,0.15,0.6,60,0,0,-1,0,0,0,516,56.2,0.879,361,57.1,0.986,350,56.9,0.996
870,30,1,0.15,0.6,60,0,0,-1,0,0,1,255,56.5,0.796,177,61.0,1.142,179,61.5,1.18
870,30,1,0.15,0.6,60,0,0,-1,0,0,-1,261,55.9,0.973,183,53.0,0.833,167,51.5,0.824
870,30,1,0.15,0.6,60,0,0,-1,0,1,0,306,56.2,0.85,216,59.3,1.077,220,57.3,1.047
870,30,1,0.15,0.6,60,0,0,-1,0,2,0,210,56.2,0.924,145,53.8,0.875,130,56.2,0.926
870,30,1,0.15,0.6,60,0,0,-1,-1,0,0,462,55.6,0.872,324,56.8,0.966,319,56.4,0.962
870,30,1,0.15,0.6,60,0,0,-1,-1,0,1,227,54.6,0.746,160,60.0,1.066,162,59.9,1.076
870,30,1,0.15,0.6,60,0,0,-1,-1,0,-1,235,56.6,1.023,163,53.4,0.856,153,52.3,0.852
870,30,1,0.15,0.6,60,0,0,-1,-1,1,0,274,55.8,0.852,193,59.1,1.061,201,57.7,1.043
870,30,1,0.15,0.6,60,0,1,0,0,0,0,338,57.1,0.901,228,58.8,1.18,234,59.4,1.198
870,30,1,0.15,0.6,60,0,1,0,0,1,0,208,58.2,0.922,124,62.1,1.37,142,61.3,1.359
870,30,1,0.15,0.6,60,0,-1,0,0,0,0,641,58.0,0.915,451,61.2,1.12,421,61.5,1.175
870,30,1,0.15,0.6,60,0,-1,0,0,0,1,313,56.5,0.774,230,64.8,1.326,221,64.7,1.358
870,30,1,0.15,0.6,60,0,-1,0,0,0,-1,325,59.1,1.08,221,57.5,0.926,197,57.4,0.977
870,30,1,0.15,0.6,60,0,-1,0,0,1,0,376,56.4,0.877,270,63.0,1.23,268,63.1,1.279
870,30,1,0.15,0.6,60,0,-1,0,0,2,0,265,60.4,0.975,181,58.6,0.983,153,58.8,1.027
870,30,1,0.15,0.6,60,0,-1,0,1,0,0,293,58.4,0.888,204,65.7,1.354,196,67.3,1.508
870,30,1,0.15,0.6,60,0,-1,0,-1,0,0,348,57.8,0.941,247,57.5,0.95,224,56.7,0.942
870,30,1,0.15,0.6,60,0,-1,0,-1,1,0,208,54.8,0.804,150,58.7,1.02,142,57.7,0.978
870,30,1,0.15,0.6,60,0,-1,1,0,0,0,291,60.5,0.946,211,66.8,1.418,192,67.7,1.48
870,30,1,0.15,0.6,60,0,-1,1,1,0,0,257,58.0,0.873,186,66.7,1.397,178,67.4,1.489
870,30,1,0.15,0.6,60,0,-1,-1,0,0,0,349,55.9,0.888,240,56.2,0.899,227,55.9,0.948
870,30,1,0.15,0.6,60,0,-1,-1,0,1,0,207,54.6,0.819,153,57.5,0.95,149,57.0,0.977
870,30,1,0.15,0.6,60,0,-1,-1,-1,0,0,314,55.4,0.876,222,56.3,0.896,208,55.3,0.913
870,30,1,0.15,0.6,60,1,0,0,0,0,0,450,54.4,0.752,319,62.4,1.237,277,60.6,1.219
870,30,1,0.15,0.6,60,1,0,0,0,0,1,278,52.5,0.669,205,63.4,1.224,176,60.8,1.206
870,30,1,0.15,0.6,60,1,0,0,0,1,0,269,52.8,0.749,183,63.4,1.321,163,62.0,1.365
870,30,1,0.15,0.6,60,1,0,0,1,0,0,222,54.1,0.741,159,67.3,1.529,131,64.1,1.434
870,30,1,0.15,0.6,60,1,0,0,-1,0,0,228,54.8,0.762,160,57.5,1.014,146,57.5,1.05
870,30,1,0.15,0.6,60,1,0,1,0,0,0,220,54.5,0.749,157,66.2,1.425,124,62.9,1.346
870,30,1,0.15,0.6,60,1,0,1,1,0,0,206,52.9,0.707,142,67.6,1.49,117,63.2,1.368
870,30,1,0.15,0.6,60,1,0,-1,0,0,0,230,54.3,0.755,162,58.6,1.077,153,58.8,1.121
870,30,1,0.15,0.6,60,1,0,-1,-1,0,0,214,53.3,0.724,145,57.9,1.017,139,57.6,1.056
870,30,1,0.15,0.6,60,1,-1,0,0,0,0,276,54.7,0.735,207,66.2,1.408,176,63.1,1.331
870,30,1,0.15,0.6,60,-1,0,0,0,0,0,489,60.1,1.082,341,58.9,1.09,301,61.1,1.215
870,30,1,0.15,0.6,60,-1,0,0,0,0,-1,305,60.0,1.19,217,55.3,0.924,183,55.7,0.995
870,30,1,0.15,0.6,60,-1,0,0,0,1,0,279,60.2,1.034,196,62.8,1.304,182,63.7,1.396
870,30,1,0.15,0.6,60,-1,0,0,0,2,0,210,60.0,1.153,145,53.8,0.883,119,57.1,1.01
870,30,1,0.15,0.6,60,-1,0,0,0,2,-1,200,59.0,1.156,139,54.0,0.897,114,57.0,1.049
870,30,1,0.15,0.6,60,-1,0,0,1,0,0,234,60.3,1.045,151,62.3,1.329,136,66.2,1.61
870,30,1,0.15,0.6,60,-1,0,0,-1,0,0,255,60.0,1.121,190,56.3,0.926,164,57.3,0.978
870,30,1,0.15,0.6,60,-1,0,1,0,0,0,229,62.9,1.141,150,63.3,1.351,136,67.6,1.62
870,30,1,0.15,0.6,60,-1,0,1,1,0,0,201,61.7,1.129,133,63.2,1.398,125,67.2,1.623
870,30,1,0.15,0.6,60,-1,0,-1,0,0,0,260,57.7,1.029,191,55.5,0.911,165,55.8,0.948
870,30,1,0.15,0.6,60,-1,0,-1,-1,0,0,227,58.6,1.106,173,55.5,0.914,153,56.2,0.942
870,30,1,0.15,0.6,60,-1,-1,0,0,0,0,342,60.8,1.114,231,57.6,0.936,203,60.6,1.099
870,30,1,0.15,0.6,60,-1,-1,0,0,0,-1,212,60.8,1.212,144,54.2,0.742,121,54.5,0.834
870,60,0,0.15,0.3,60,0,0,0,0,0,0,979,71.4,0.868,679,71.1,1.04,652,71.3,1.046
870,60,0,0.15,0.3,60,0,0,0,0,0,1,508,68.5,0.723,343,71.4,1.061,323,71.8,1.058
870,60,0,0.15,0.3,60,0,0,0,0,0,-1,467,74.7,1.071,334,71.0,1.03,322,71.4,1.073
870,60,0,0.15,0.3,60,0,0,0,0,1,0,584,69.3,0.766,394,69.8,0.965,409,68.9,0.95
870,60,0,0.15,0.3,60,0,0,0,0,1,1,295,63.7,0.615,197,71.6,0.994,201,71.6,1.052
870,60,0,0.15,0.3,60,0,0,0,0,1,-1,289,75.1,0.981,197,68.0,0.936,208,66.3,0.862
870,60,0,0.15,0.3,60,0,0,0,0,2,0,395,74.4,1.049,285,73.0,1.163,243,75.3,1.244
870,60,0,0.15,0.3,60,0,0,0,0,2,1,213,75.1,0.916,146,71.2,1.178,122,72.1,1.067
870,60,0,0.15,0.3,60,0,0,0,1,0,0,514,71.0,0.857,362,72.7,1.144,330,73.6,1.257
870,60,0,0.15,0.3,60,0,0,0,1,0,1,265,67.9,0.738,188,74.5,1.281,166,75.9,1.452
870,60,0,0.15,0.3,60,0,0,0,1,0,-1,248,74.2,1.002,173,70.5,1.02,160,71.9,1.114
870,60,0,0.15,0.3,60,0,0,0,1,1,0,311,68.8,0.763,208,71.2,0.99,205,72.2,1.144
870,60,0,0.15,0.3,60,0,0,0,1,2,0,203,74.4,1.033,154,74.7,1.44,125,76.0,1.494
870,60,0,0.15,0.3,60,0,0,0,-1,0,0,465,71.8,0.881,317,69.4,0.936,321,68.8,0.879
870,60,0,0.15,0.3,60,0,0,0,-1,0,1,243,69.1,0.707,155,67.7,0.865,157,67.5,0.793
870,60,0,0.15,0.3,60,0,0,0,-1,0,-1,219,75.3,1.156,161,71.4,1.042,161,70.8,1.029
870,60,0,0.15,0.3,60,0,0,0,-1,1,0,273,70.0,0.77,186,68.3,0.938,203,65.5,0.793
870,60,0,0.15,0.3,60,0,0,1,0,0,0,528,72.0,0.902,352,73.0,1.181,331,72.8,1.181
870,60,0,0.15,0.3,60,0,0,1,0,0,1,272,68.8,0.766,183,74.3,1.332,164,74.4,1.377
870,60,0,0.15,0.3,60,0,0,1,0,0,-1,256,75.4,1.08,168,71.4,1.047,164,71.3,1.038
870,60,0,0.15,0.3,60,0,0,1,0,1,0,313,69.6,0.795,211,71.6,1.037,211,72.0,1.08
870,60,0,0.15,0.3,60,0,0,1,0,2,0,215,75.3,1.093,141,75.2,1.477,120,74.2,1.406
870,60,0,0.15,0.3,60,0,0,1,1,0,0,472,71.2,0.871,322,73.6,1.215,305,75.1,1.334
870,60,0,0.15,0.3,60,0,0,1,1,0,1,246,67.5,0.725,168,75.0,1.357,153,76.5,1.508
870,60,0,0.15,0.3,60,0,0,1,1,0,-1,226,75.2,1.073,153,71.9,1.081,149,73.8,1.203
870,60,0,0.15,0.3,60,0,0,1,1,1,0,282,68.8,0.775,192,71.9,1.039,194,73.7,1.182
870,60,0,0.15,0.3,60,0,0,-1,0,0,0,449,70.6,0.828,326,69.3,0.927,318,70.1,0.938
870,60,0,0.15,0.3,60,0,0,-1,0,0,1,236,68.2,0.679,160,68.1,0.848,159,69.2,0.83
870,60,0,0.15,0.3,60,0,0,-1,0,0,-1,211,73.9,1.062,166,70.5,1.013,158,71.5,1.112
870,60,0,0.15,0.3,60,0,0,-1,0,1,0,271,69.0,0.736,183,67.8,0.89,198,65.7,0.83
870,60,0,0.15,0.3,60,0,0,-1,-1,0,0,408,70.8,0.843,286,69.9,0.958,294,71.1,0.971
870,60,0,0.15,0.3,60,0,0,-1,-1,0,1,217,67.7,0.662,140,67.9,0.853,146,69.2,0.828
870,60,0,0.15,0.3,60,0,0,-1,-1,1,0,242,69.0,0.746,167,68.3,0.931,187,66.8,0.845
870,60,0,0.15,0.3,60,0,1,0,0,0,0,718,71.7,0.906,485,71.5,1.053,439,71.1,1.048
870,60,0,0.15,0.3,60,0,1,0,0,0,1,368,69.3,0.778,242,70.2,0.967,212,69.8,0.946
870,60,0,0.15,0.3,60,0,1,0,0,0,-1,346,74.6,1.065,242,73.1,1.168,223,73.1,1.213
870,60,0,0.15,0.3,60,0,1,0,0,1,0,435,69.4,0.793,291,70.4,0.937,283,68.6,0.896
870,60,0,0.15,0.3,60,0,1,0,0,1,1,214,65.0,0.679,143,71.3,0.928,134,69.4,0.901
870,60,0,0.15,0.3,60,0,1,0,0,1,-1,221,73.8,0.929,148,69.6,0.945,149,67.8,0.892
870,60,0,0.15,0.3,60,0,1,0,0,2,0,283,75.3,1.116,194,73.2,1.279,156,75.6,1.43
870,60,0,0.15,0.3,60,0,1,0,1,0,0,391,71.4,0.894,266,71.1,1.029,228,71.5,1.091
870,60,0,0.15,0.3,60,0,1,0,1,0,1,202,68.3,0.796,136,72.8,1.111,111,73.9,1.223
870,60,0,0.15,0.3,60,0,1,0,1,1,0,242,69.0,0.789,162,71.0,0.899,147,70.1,0.944
870,60,0,0.15,0.3,60,0,1,0,-1,0,0,327,72.2,0.92,219,72.1,1.082,210,70.5,1.003
870,60,0,0.15,0.3,60,0,1,1,0,0,0,393,72.3,0.941,252,71.4,1.094,227,71.8,1.127
870,60,0,0.15,0.3,60,0,1,1,0,0,1,207,69.1,0.813,129,72.1,1.141,111,73.0,1.215
870,60,0,0.15,0.3,60,0,1,1,0,1,0,240,69.6,0.813,161,70.8,0.925,152,70.4,0.941
870,60,0,0.15,0.3,60,0,1,1,1,0,0,355,71.8,0.923,233,72.5,1.112,207,73.4,1.183
870,60,0,0.15,0.3,60,0,1,1,1,1,0,218,69.3,0.811,148,71.6,0.927,138,71.7,0.977
870,60,0,0.15,0.3,60,0,1,-1,0,0,0,323,70.9,0.86,232,72.0,1.035,210,71.0,0.999
870,60,0,0.15,0.3,60,0,1,-1,-1,0,0,288,71.5,0.892,199,73.9,1.13,190,72.6,1.072
870,60,0,0.15,0.3,60,0,-1,0,0,0,0,261,70.5,0.77,194,70.1,1.01,213,71.8,1.042
870,60,0,0.15,0.3,60,1,0,0,0,0,0,511,72.4,0.866,342,71.9,1.103,304,72.0,1.092
870,60,0,0.15,0.3,60,1,0,0,0,0,1,322,71.4,0.849,222,71.6,1.104,190,73.2,1.09
870,60,0,0.15,0.3,60,1,0,0,0,1,0,298,69.1,0.783,195,72.3,1.079,183,71.6,1.122
870,60,0,0.15,0.3,60,1,0,0,0,2,0,213,77.0,1.003,147,71.4,1.138,121,72.7,1.049
870,60,0,0.15,0.3,60,1,0,0,0,2,1,203,76.4,0.967,140,71.4,1.2,116,72.4,1.071
870,60,0,0.15,0.3,60,1,0,0,1,0,0,270,71.1,0.854,193,71.5,1.08,161,73.3,1.168
870,60,0,0.15,0.3,60,1,0,0,-1,0,0,241,73.9,0.879,149,72.5,1.132,142,70.4,1.012
870,60,0,0.15,0.3,60,1,0,1,0,0,0,278,72.3,0.918,187,72.2,1.141,159,70.4,1.061
870,60,0,0.15,0.3,60,1,0,1,1,0,0,248,71.0,0.851,172,72.7,1.13,148,73.0,1.176
870,60,0,0.15,0.3,60,1,0,-1,0,0,0,233,72.5,0.813,155,71.6,1.06,145,73.8,1.125
870,60,0,0.15,0.3,60,1,0,-1,-1,0,0,211,72.5,0.806,134,73.1,1.118,132,73.5,1.13
870,60,0,0.15,0.3,60,1,1,0,0,0,0,388,72.2,0.899,248,71.8,1.136,214,71.5,1.15
870,60,0,0.15,0.3,60,1,1,0,0,0,1,236,71.6,0.936,160,71.2,1.152,130,73.1,1.211
870,60,0,0.15,0.3,60,1,1,0,0,1,0,230,69.1,0.827,148,73.0,1.143,136,71.3,1.169
870,60,0,0.15,0.3,60,1,1,0,1,0,0,208,71.2,0.915,145,71.0,1.126,116,72.4,1.19
870,60,0,0.15,0.3,60,1,1,1,0,0,0,210,72.4,0.98,136,71.3,1.176,116,69.8,1.11
870,60,0,0.15,0.3,60,-1,0,0,0,0,0,428,70.6,0.878,318,70.4,0.993,272,73.2,1.173
870,60,0,0.15,0.3,60,-1,0,0,0,0,-1,261,75.1,1.248,200,70.5,1.01,168,75.6,1.36
870,60,0,0.15,0.3,60,-1,0,0,0,1,0,250,69.6,0.749,184,67.4,0.871,162,69.1,0.963
870,60,0,0.15,0.3,60,-1,0,0,1,0,0,221,70.1,0.83,162,73.5,1.177,139,74.8,1.381
870,60,0,0.15,0.3,60,-1,0,0,-1,0,0,207,71.0,0.932,156,67.3,0.837,133,71.4,0.994
870,60,0,0.15,0.3,60,-1,0,1,0,0,0,226,71.2,0.871,157,73.9,1.203,143,75.5,1.401
870,60,0,0.15,0.3,60,-1,0,1,1,0,0,204,71.1,0.879,144,74.3,1.278,131,76.3,1.481
870,60,0,0.15,0.3,60,-1,0,-1,0,0,0,202,69.8,0.885,161,67.1,0.831,129,70.5,0.967
870,60,0,0.15,0.3,60,-1,1,0,0,0,0,300,71.3,0.911,223,71.7,1.009,182,73.1,1.106
870,60,0,0.25,1.0,60,0,0,0,0,0,0,979,51.0,1.017,679,46.8,0.887,652,46.6,0.89
870,60,0,0.25,1.0,60,0,0,0,0,0,1,508,49.8,0.86,343,49.0,0.898,323,49.8,0.93
870,60,0,0.25,1.0,60,0,0,0,0,0,-1,467,52.7,1.218,334,44.6,0.886,322,43.5,0.87
870,60,0,0.25,1.0,60,0,0,0,0,1,0,584,50.9,0.962,394,44.9,0.759,409,44.3,0.754
870,60,0,0.25,1.0,60,0,0,0,0,1,1,295,49.8,0.803,197,47.2,0.746,201,49.3,0.852
870,60,0,0.25,1.0,60,0,0,0,0,1,-1,289,51.9,1.156,197,42.6,0.771,208,39.4,0.671
870,60,0,0.25,1.0,60,0,0,0,0,2,0,395,51.1,1.103,285,49.5,1.095,243,50.6,1.157
870,60,0,0.25,1.0,60,0,0,0,0,2,1,213,49.8,0.949,146,51.4,1.212,122,50.8,1.086
870,60,0,0.25,1.0,60,0,0,0,1,0,0,514,51.9,1.067,362,48.9,1.0,330,49.1,1.02
870,60,0,0.25,1.0,60,0,0,0,1,0,1,265,48.3,0.738,188,50.5,1.106,166,51.8,1.158
870,60,0,0.25,1.0,60,0,0,0,1,0,-1,248,56.0,1.535,173,46.8,0.913,160,46.9,0.929
870,60,0,0.25,1.0,60,0,0,0,1,1,0,311,51.8,1.082,208,46.2,0.84,205,48.3,0.945
870,60,0,0.25,1.0,60,0,0,0,1,2,0,203,52.2,1.043,154,52.6,1.273,125,50.4,1.156
870,60,0,0.25,1.0,60,0,0,0,-1,0,0,465,49.9,0.973,317,44.5,0.775,321,44.2,0.78
870,60,0,0.25,1.0,60,0,0,0,-1,0,1,243,51.4,0.982,155,47.1,0.711,157,47.8,0.748
870,60,0,0.25,1.0,60,0,0,0,-1,0,-1,219,48.9,0.97,161,42.2,0.857,161,40.4,0.818
870,60,0,0.25,1.0,60,0,0,0,-1,1,0,273,49.8,0.856,186,43.5,0.674,203,40.4,0.6
870,60,0,0.25,1.0,60,0,0,1,0,0,0,528,53.2,1.171,352,50.3,1.022,331,50.2,1.001
870,60,0,0.25,1.0,60,0,0,1,0,0,1,272,50.7,0.878,183,52.5,1.116,164,53.7,1.156
870,60,0,0.25,1.0,60,0,0,1,0,0,-1,256,55.9,1.562,168,47.6,0.946,164,47.0,0.903
870,60,0,0.25,1.0,60,0,0,1,0,1,0,313,51.1,1.087,211,47.9,0.88,211,49.8,0.939
870,60,0,0.25,1.0,60,0,0,1,0,2,0,215,56.3,1.304,141,53.9,1.282,120,50.8,1.114
870,60,0,0.25,1.0,60,0,0,1,1,0,0,472,53.4,1.154,322,50.0,1.053,305,51.1,1.084
870,60,0,0.25,1.0,60,0,0,1,1,0,1,246,48.8,0.766,168,51.2,1.102,153,53.6,1.195
870,60,0,0.25,1.0,60,0,0,1,1,0,-1,226,58.4,1.738,153,48.4,1.009,149,49.0,1.016
870,60,0,0.25,1.0,60,0,0,1,1,1,0,282,52.5,1.143,192,46.9,0.875,194,50.5,0.988
870,60,0,0.25,1.0,60,0,0,-1,0,0,0,449,48.6,0.89,326,43.3,0.776,318,43.1,0.799
870,60,0,0.25,1.0,60,0,0,-1,0,0,1,236,48.7,0.845,160,45.0,0.722,159,45.9,0.755
870,60,0,0.25,1.0,60,0,0,-1,0,0,-1,211,48.8,0.946,166,41.6,0.827,158,39.9,0.837
870,60,0,0.25,1.0,60,0,0,-1,0,1,0,271,50.6,0.853,183,41.5,0.642,198,38.4,0.597
870,60,0,0.25,1.0,60,0,0,-1,-1,0,0,408,49.8,0.94,286,43.7,0.788,294,44.6,0.834
870,60,0,0.25,1.0,60,0,0,-1,-1,0,1,217,49.3,0.882,140,45.0,0.675,146,47.3,0.752
870,60,0,0.25,1.0,60,0,0,-1,-1,1,0,242,51.2,0.875,167,41.9,0.656,187,40.1,0.611
870,60,0,0.25,1.0,60,0,1,0,0,0,0,718,51.7,1.006,485,45.4,0.828,439,44.9,0.806
870,60,0,0.25,1.0,60,0,1,0,0,0,1,368,51.4,0.895,242,46.3,0.803,212,46.7,0.786
870,60,0,0.25,1.0,60,0,1,0,0,0,-1,346,52.6,1.138,242,44.6,0.864,223,43.5,0.835
870,60,0,0.25,1.0,60,0,1,0,0,1,0,435,52.9,1.033,291,45.0,0.757,283,43.8,0.706
870,60,0,0.25,1.0,60,0,1,0,0,1,1,214,52.3,0.902,143,46.2,0.749,134,47.0,0.793
870,60,0,0.25,1.0,60,0,1,0,0,1,-1,221,53.4,1.171,148,43.9,0.764,149,40.9,0.635
870,60,0,0.25,1.0,60,0,1,0,0,2,0,283,49.8,0.967,194,45.9,0.944,156,46.8,1.001
870,60,0,0.25,1.0,60,0,1,0,1,0,0,391,52.4,1.072,266,46.2,0.882,228,46.5,0.853
870,60,0,0.25,1.0,60,0,1,0,1,0,1,202,48.5,0.749,136,47.1,1.028,111,48.6,1.001
870,60,0,0.25,1.0,60,0,1,0,1,1,0,242,54.1,1.214,162,45.7,0.812,147,46.3,0.818
870,60,0,0.25,1.0,60,0,1,0,-1,0,0,327,50.8,0.945,219,44.3,0.77,210,43.3,0.763
870,60,0,0.25,1.0,60,0,1,1,0,0,0,393,54.2,1.186,252,48.0,0.953,227,48.9,0.908
870,60,0,0.25,1.0,60,0,1,1,0,0,1,207,51.2,0.898,129,48.1,1.015,111,51.4,1.041
870,60,0,0.25,1.0,60,0,1,1,0,1,0,240,53.8,1.21,161,47.2,0.847,152,48.7,0.846
870,60,0,0.25,1.0,60,0,1,1,1,0,0,355,54.4,1.189,233,47.2,0.936,207,48.8,0.92
870,60,0,0.25,1.0,60,0,1,1,1,1,0,218,55.5,1.331,148,45.9,0.824,138,48.6,0.85
870,60,0,0.25,1.0,60,0,1,-1,0,0,0,323,48.9,0.855,232,42.7,0.732,210,41.0,0.73
870,60,0,0.25,1.0,60,0,1,-1,-1,0,0,288,50.7,0.922,199,43.2,0.755,190,42.6,0.777
870,60,0,0.25,1.0,60,0,-1,0,0,0,0,261,49.0,1.053,194,50.5,1.046,213,50.2,1.089
870,60,0,0.25,1.0,60,1,0,0,0,0,0,511,50.1,0.919,342,48.2,0.989,304,47.4,0.995
870,60,0,0.25,1.0,60,1,0,0,0,0,1,322,49.7,0.85,222,49.5,1.089,190,50.0,1.089
870,60,0,0.25,1.0,60,1,0,0,0,1,0,298,49.7,0.866,195,45.1,0.83,183,44.8,0.89
870,60,0,0.25,1.0,60,1,0,0,0,2,0,213,50.7,1.0,147,52.4,1.271,121,51.2,1.175
870,60,0,0.25,1.0,60,1,0,0,0,2,1,203,51.2,0.989,140,52.9,1.283,116,51.7,1.112
870,60,0,0.25,1.0,60,1,0,0,1,0,0,270,49.3,0.896,193,50.3,1.087,161,48.4,1.046
870,60,0,0.25,1.0,60,1,0,0,-1,0,0,241,51.0,0.939,149,45.6,0.876,142,46.5,0.94
870,60,0,0.25,1.0,60,1,0,1,0,0,0,278,51.4,1.029,187,51.9,1.092,159,49.1,1.021
870,60,0,0.25,1.0,60,1,0,1,1,0,0,248,50.4,0.943,172,51.7,1.098,148,50.0,1.075
870,60,0,0.25,1.0,60,1,0,-1,0,0,0,233,48.5,0.825,155,43.9,0.882,145,45.5,0.967
870,60,0,0.25,1.0,60,1,0,-1,-1,0,0,211,49.8,0.858,134,44.8,0.865,132,47.0,0.99
870,60,0,0.25,1.0,60,1,1,0,0,0,0,388,50.5,0.929,248,47.2,0.982,214,44.9,0.911
870,60,0,0.25,1.0,60,1,1,0,0,0,1,236,49.6,0.845,160,46.9,1.027,130,46.9,0.978
870,60,0,0.25,1.0,60,1,1,0,0,1,0,230,50.9,0.927,148,45.9,0.928,136,43.4,0.947
870,60,0,0.25,1.0,60,1,1,0,1,0,0,208,49.5,0.936,145,49.7,1.171,116,46.6,0.974
870,60,0,0.25,1.0,60,1,1,1,0,0,0,210,52.4,1.072,136,51.5,1.2,116,47.4,0.98
870,60,0,0.25,1.0,60,-1,0,0,0,0,0,428,52.3,1.142,318,45.6,0.823,272,48.2,0.914
870,60,0,0.25,1.0,60,-1,0,0,0,0,-1,261,53.6,1.367,200,44.5,0.926,168,46.4,1.024
870,60,0,0.25,1.0,60,-1,0,0,0,1,0,250,52.0,1.07,184,45.1,0.7,162,46.3,0.736
870,60,0,0.25,1.0,60,-1,0,0,1,0,0,221,55.2,1.316,162,47.5,0.94,139,49.6,1.001
870,60,0,0.25,1.0,60,-1,0,0,-1,0,0,207,49.3,0.998,156,43.6,0.716,133,46.6,0.837
870,60,0,0.25,1.0,60,-1,0,1,0,0,0,226,56.2,1.383,157,48.4,0.962,143,51.0,1.0
870,60,0,0.25,1.0,60,-1,0,1,1,0,0,204,57.4,1.476,144,47.9,1.02,131,51.1,1.069
870,60,0,0.25,1.0,60,-1,0,-1,0,0,0,202,48.0,0.945,161,42.9,0.711,129,45.0,0.828
870,60,0,0.25,1.0,60,-1,1,0,0,0,0,300,53.3,1.104,223,43.5,0.737,182,45.6,0.788
870,60,1,0.25,0.6,60,0,0,0,0,0,0,979,51.8,0.892,679,53.3,0.964,652,52.6,0.948
870,60,1,0.25,0.6,60,0,0,0,0,0,1,467,50.1,0.736,334,56.3,0.987,322,55.0,0.981
870,60,1,0.25,0.6,60,0,0,0,0,0,-1,508,53.0,1.067,343,50.4,0.932,323,49.8,0.89
870,60,1,0.25,0.6,60,0,0,0,0,1,0,584,52.7,0.924,394,55.8,1.097,409,54.5,1.072
870,60,1,0.25,0.6,60,0,0,0,0,1,1,289,50.5,0.782,197,58.9,1.171,208,59.1,1.277
870,60,1,0.25,0.6,60,0,0,0,0,1,-1,295,54.9,1.083,197,52.8,1.028,201,49.8,0.894
870,60,1,0.25,0.6,60,0,0,0,0,2,0,395,50.4,0.849,285,49.8,0.815,243,49.4,0.787
870,60,1,0.25,0.6,60,0,0,0,0,2,-1,213,50.2,1.043,146,47.3,0.808,122,50.0,0.884
870,60,1,0.25,0.6,60,0,0,0,1,0,0,465,54.2,0.894,317,56.5,1.133,321,55.8,1.11
870,60,1,0.25,0.6,60,0,0,0,1,0,1,219,54.3,0.843,161,59.6,1.058,161,58.4,1.048
870,60,1,0.25,0.6,60,0,0,0,1,0,-1,243,53.5,0.937,155,52.9,1.199,157,52.9,1.143
870,60,1,0.25,0.6,60,0,0,0,1,1,0,273,54.6,0.968,186,57.5,1.285,203,58.6,1.402
870,60,1,0.25,0.6,60,0,0,0,-1,0,0,514,49.6,0.89,362,50.6,0.835,330,49.7,0.805
870,60,1,0.25,0.6,60,0,0,0,-1,0,1,248,46.4,0.645,173,53.2,0.928,160,51.9,0.915
870,60,1,0.25,0.6,60,0,0,0,-1,0,-1,265,52.5,1.234,188,48.4,0.744,166,47.0,0.69
870,60,1,0.25,0.6,60,0,0,0,-1,1,0,311,51.1,0.883,208,54.3,0.958,205,50.7,0.82
870,60,1,0.25,0.6,60,0,0,0,-1,2,0,203,47.3,0.902,154,45.5,0.694,125,48.0,0.782
870,60,1,0.25,0.6,60,0,0,1,0,0,0,449,54.8,0.918,326,57.1,1.13,318,56.0,1.093
870,60,1,0.25,0.6,60,0,0,1,0,0,1,211,54.5,0.852,166,60.2,1.064,158,58.2,1.027
870,60,1,0.25,0.6,60,0,0,1,0,0,-1,236,54.7,0.979,160,53.8,1.204,159,53.5,1.139
870,60,1,0.25,0.6,60,0,0,1,0,1,0,271,54.2,0.976,183,59.6,1.36,198,60.1,1.415
870,60,1,0.25,0.6,60,0,0,1,1,0,0,408,53.9,0.873,286,57.0,1.132,294,55.1,1.058
870,60,1,0.25,0.6,60,0,0,1,1,0,-1,217,54.8,0.953,140,54.3,1.274,146,52.7,1.145
870,60,1,0.25,0.6,60,0,0,1,1,1,0,242,53.7,0.95,167,59.3,1.322,187,58.8,1.384
870,60,1,0.25,0.6,60,0,0,-1,0,0,0,528,49.1,0.865,352,49.7,0.819,331,49.2,0.817
870,60,1,0.25,0.6,60,0,0,-1,0,0,1,256,46.5,0.645,168,52.4,0.92,164,51.8,0.939
870,60,1,0.25,0.6,60,0,0,-1,0,0,-1,272,51.5,1.164,183,47.5,0.719,164,46.3,0.684
870,60,1,0.25,0.6,60,0,0,-1,0,1,0,313,51.4,0.876,211,52.6,0.908,211,49.3,0.825
870,60,1,0.25,0.6,60,0,0,-1,0,2,0,215,45.6,0.849,141,45.4,0.707,120,49.2,0.803
870,60,1,0.25,0.6,60,0,0,-1,-1,0,0,472,48.3,0.842,322,49.7,0.801,305,48.2,0.764
870,60,1,0.25,0.6,60,0,0,-1,-1,0,1,226,43.8,0.582,153,51.6,0.872,149,50.3,0.852
870,60,1,0.25,0.6,60,0,0,-1,-1,0,-1,246,52.4,1.219,168,48.2,0.731,153,45.8,0.665
870,60,1,0.25,0.6,60,0,0,-1,-1,1,0,282,50.4,0.851,192,53.6,0.905,194,49.0,0.784
870,60,1,0.25,0.6,60,0,1,0,0,0,0,261,54.0,0.921,194,49.0,0.834,213,48.8,0.797
870,60,1,0.25,0.6,60,0,-1,0,0,0,0,718,51.0,0.883,485,55.1,1.027,439,54.4,1.036
870,60,1,0.25,0.6,60,0,-1,0,0,0,1,346,50.3,0.779,242,56.6,0.998,223,55.6,0.994
870,60,1,0.25,0.6,60,0,-1,0,0,0,-1,368,51.1,0.992,242,53.3,1.048,212,52.4,1.054
870,60,1,0.25,0.6,60,0,-1,0,0,1,0,435,50.6,0.863,291,56.4,1.136,283,55.5,1.171
870,60,1,0.25,0.6,60,0,-1,0,0,1,1,221,48.9,0.77,148,58.1,1.166,149,58.4,1.306
870,60,1,0.25,0.6,60,0,-1,0,0,1,-1,214,52.3,0.97,143,54.5,1.106,134,52.2,1.034
870,60,1,0.25,0.6,60,0,-1,0,0,2,0,283,51.6,0.913,194,53.1,0.889,156,52.6,0.856
870,60,1,0.25,0.6,60,0,-1,0,1,0,0,327,53.5,0.883,219,58.0,1.114,210,57.6,1.106
870,60,1,0.25,0.6,60,0,-1,0,-1,0,0,391,48.8,0.882,266,52.6,0.956,228,51.8,0.968
870,60,1,0.25,0.6,60,0,-1,0,-1,0,-1,202,52.5,1.222,136,50.7,0.843,111,48.6,0.839
870,60,1,0.25,0.6,60,0,-1,0,-1,1,0,242,48.8,0.828,162,55.6,1.077,147,53.7,1.028
870,60,1,0.25,0.6,60,0,-1,1,0,0,0,323,54.5,0.925,232,58.6,1.173,210,58.6,1.159
870,60,1,0.25,0.6,60,0,-1,1,1,0,0,288,53.1,0.855,199,58.8,1.155,190,57.9,1.104
870,60,1,0.25,0.6,60,0,-1,-1,0,0,0,393,47.8,0.842,252,51.6,0.887,227,50.2,0.912
870,60,1,0.25,0.6,60,0,-1,-1,0,0,-1,207,51.2,1.102,129,51.2,0.838,111,47.7,0.806
870,60,1,0.25,0.6,60,0,-1,-1,0,1,0,240,48.8,0.826,161,54.0,0.996,152,51.3,0.982
870,60,1,0.25,0.6,60,0,-1,-1,-1,0,0,355,47.0,0.812,233,51.9,0.912,207,50.2,0.907
870,60,1,0.25,0.6,60,0,-1,-1,-1,1,0,218,47.2,0.77,148,55.4,1.042,138,52.2,0.992
870,60,1,0.25,0.6,60,1,0,0,0,0,0,428,49.8,0.771,318,54.1,0.995,272,50.4,0.874
870,60,1,0.25,0.6,60,1,0,0,0,0,1,261,47.5,0.637,200,55.5,0.929,168,51.8,0.829
870,60,1,0.25,0.6,60,1,0,0,0,1,0,250,49.6,0.809,184,54.9,1.159,162,51.2,1.052
870,60,1,0.25,0.6,60,1,0,0,1,0,0,207,53.6,0.839,156,57.7,1.196,133,53.4,0.985
870,60,1,0.25,0.6,60,1,0,0,-1,0,0,221,46.2,0.71,162,50.6,0.832,139,47.5,0.771
870,60,1,0.25,0.6,60,1,0,1,0,0,0,202,54.5,0.862,161,58.4,1.199,129,54.3,1.012
870,60,1,0.25,0.6,60,1,0,-1,0,0,0,226,45.6,0.695,157,49.7,0.814,143,46.9,0.761
870,60,1,0.25,0.6,60,1,0,-1,-1,0,0,204,44.1,0.65,144,50.0,0.787,131,46.6,0.736
870,60,1,0.25,0.6,60,1,-1,0,0,0,0,300,49.7,0.803,223,57.0,1.164,182,53.8,1.074
870,60,1,0.25,0.6,60,-1,0,0,0,0,0,511,53.0,1.019,342,52.6,0.932,304,52.6,0.913
870,60,1,0.25,0.6,60,-1,0,0,0,0,-1,322,52.5,1.093,222,50.0,0.838,190,50.0,0.818
870,60,1,0.25,0.6,60,-1,0,0,0,1,0,298,55.4,1.051,195,56.9,1.06,183,55.2,0.967
870,60,1,0.25,0.6,60,-1,0,0,0,2,0,213,49.8,0.976,147,46.9,0.789,121,48.8,0.843
870,60,1,0.25,0.6,60,-1,0,0,0,2,-1,203,49.3,0.998,140,46.4,0.784,116,49.1,0.879
870,60,1,0.25,0.6,60,-1,0,0,1,0,0,241,53.5,0.94,149,55.7,1.075,142,54.2,0.983
870,60,1,0.25,0.6,60,-1,0,0,-1,0,0,270,52.6,1.111,193,50.3,0.834,161,51.6,0.856
870,60,1,0.25,0.6,60,-1,0,1,0,0,0,233,54.9,0.972,155,56.1,1.057,145,53.8,0.963
870,60,1,0.25,0.6,60,-1,0,1,1,0,0,211,54.0,0.934,134,56.0,1.078,132,53.0,0.936
870,60,1,0.25,0.6,60,-1,0,-1,0,0,0,278,51.4,1.068,187,49.7,0.836,159,51.6,0.867
870,60,1,0.25,0.6,60,-1,0,-1,-1,0,0,248,51.6,1.079,172,49.4,0.822,148,50.7,0.824
870,60,1,0.25,0.6,60,-1,-1,0,0,0,0,388,51.8,0.969,248,53.6,0.889,214,53.7,0.93
870,60,1,0.25,0.6,60,-1,-1,0,0,0,-1,236,51.3,1.029,160,52.5,0.827,130,51.5,0.848
870,60,1,0.25,0.6,60,-1,-1,0,0,1,0,230,53.5,0.975,148,56.1,0.927,136,55.9,0.891
870,60,1,0.25,0.6,60,-1,-1,0,-1,0,0,208,51.4,1.032,145,49.7,0.758,116,51.7,0.879
870,60,1,0.25,0.6,60,-1,-1,-1,0,0,0,210,49.5,0.968,136,49.3,0.736,116,51.7,0.871
900,-2,0,0.25,0.3,60,0,0,0,0,0,0,979,71.8,1.251,680,65.9,1.05,655,65.2,1.034
900,-2,0,0.25,0.3,60,0,0,0,0,0,1,494,67.4,1.013,332,66.6,1.147,314,67.2,1.208
900,-2,0,0.25,0.3,60,0,0,0,0,0,-1,481,76.7,1.605,346,65.0,0.963,334,63.8,0.925
900,-2,0,0.25,0.3,60,0,0,0,0,1,0,584,74.3,1.517,395,65.6,1.035,410,66.1,1.104
900,-2,0,0.25,0.3,60,0,0,0,0,1,1,284,72.9,1.413,191,67.0,1.127,195,69.7,1.363
900,-2,0,0.25,0.3,60,0,0,0,0,1,-1,300,75.7,1.624,204,64.2,0.96,215,62.8,0.928
900,-2,0,0.25,0.3,60,0,0,0,0,2,0,395,68.1,0.977,285,66.3,1.071,245,63.7,0.934
900,-2,0,0.25,0.3,60,0,0,0,0,2,1,210,60.0,0.697,141,66.0,1.175,119,63.0,1.0
900,-2,0,0.25,0.3,60,0,0,0,1,0,0,507,72.8,1.337,336,66.7,1.127,314,65.6,1.076
900,-2,0,0.25,0.3,60,0,0,0,1,0,1,254,69.3,1.113,169,71.6,1.506,153,71.9,1.612
900,-2,0,0.25,0.3,60,0,0,0,1,0,-1,251,76.5,1.607,166,61.4,0.883,156,60.9,0.826
900,-2,0,0.25,0.3,60,0,0,0,1,1,0,322,74.2,1.696,195,63.6,0.981,193,65.8,1.12
900,-2,0,0.25,0.3,60,0,0,0,-1,0,0,472,70.8,1.169,344,65.1,0.983,340,64.7,0.996
900,-2,0,0.25,0.3,60,0,0,0,-1,0,1,240,65.4,0.925,163,61.3,0.908,161,62.7,0.954
900,-2,0,0.25,0.3,60,0,0,0,-1,0,-1,230,77.0,1.603,180,68.3,1.048,177,66.1,1.018
900,-2,0,0.25,0.3,60,0,0,0,-1,1,0,262,74.4,1.337,200,67.5,1.087,216,66.2,1.085
900,-2,0,0.25,0.3,60,0,0,0,-1,2,0,210,66.2,1.003,144,61.8,0.854,124,62.1,0.871
900,-2,0,0.25,0.3,60,0,0,1,0,0,0,501,73.7,1.446,325,65.8,1.05,310,64.8,1.032
900,-2,0,0.25,0.3,60,0,0,1,0,0,1,251,68.9,1.126,164,70.1,1.467,149,69.8,1.498
900,-2,0,0.25,0.3,60,0,0,1,0,0,-1,249,78.3,1.894,161,61.5,0.813,159,61.0,0.823
900,-2,0,0.25,0.3,60,0,0,1,0,1,0,316,75.6,1.841,194,64.9,1.047,202,65.8,1.123
900,-2,0,0.25,0.3,60,0,0,1,1,0,0,455,73.8,1.426,295,66.1,1.094,285,64.9,1.049
900,-2,0,0.25,0.3,60,0,0,1,1,0,1,228,69.3,1.126,149,71.1,1.502,139,71.2,1.568
900,-2,0,0.25,0.3,60,0,0,1,1,0,-1,226,78.3,1.826,146,61.0,0.854,144,59.7,0.815
900,-2,0,0.25,0.3,60,0,0,1,1,1,0,289,75.8,1.859,177,64.4,1.024,183,65.6,1.114
900,-2,0,0.25,0.3,60,0,0,-1,0,0,0,476,70.2,1.088,354,65.8,1.045,342,65.8,1.039
900,-2,0,0.25,0.3,60,0,0,-1,0,0,1,243,65.8,0.914,168,63.1,0.951,165,64.8,1.026
900,-2,0,0.25,0.3,60,0,0,-1,0,0,-1,232,75.0,1.36,185,68.1,1.137,175,66.3,1.035
900,-2,0,0.25,0.3,60,0,0,-1,0,1,0,268,72.8,1.234,201,66.2,1.024,208,66.3,1.086
900,-2,0,0.25,0.3,60,0,0,-1,0,2,0,208,66.8,0.942,153,65.4,1.075,134,64.9,0.975
900,-2,0,0.25,0.3,60,0,0,-1,-1,0,0,425,70.8,1.132,314,65.3,1.013,316,64.9,1.011
900,-2,0,0.25,0.3,60,0,0,-1,-1,0,1,217,65.4,0.906,148,61.5,0.891,151,63.6,0.968
900,-2,0,0.25,0.3,60,0,0,-1,-1,0,-1,207,76.8,1.52,165,68.5,1.134,163,65.6,1.035
900,-2,0,0.25,0.3,60,0,0,-1,-1,1,0,235,74.5,1.304,183,67.2,1.069,198,66.2,1.079
900,-2,0,0.25,0.3,60,0,1,0,0,0,0,818,72.6,1.369,550,64.7,0.964,548,63.9,0.953
900,-2,0,0.25,0.3,60,0,1,0,0,0,1,401,67.6,1.077,276,65.9,1.062,271,65.7,1.086
900,-2,0,0.25,0.3,60,0,1,0,0,0,-1,414,78.0,1.797,273,63.4,0.876,271,62.7,0.872
900,-2,0,0.25,0.3,60,0,1,0,0,1,0,493,75.3,1.702,322,64.9,0.971,343,65.6,1.05
900,-2,0,0.25,0.3,60,0,1,0,0,1,1,231,72.3,1.41,158,66.5,1.056,169,68.6,1.245
900,-2,0,0.25,0.3,60,0,1,0,0,1,-1,262,77.9,2.037,164,63.4,0.899,174,62.6,0.899
900,-2,0,0.25,0.3,60,0,1,0,0,2,0,325,68.6,1.033,228,64.5,0.953,205,61.0,0.823
900,-2,0,0.25,0.3,60,0,1,0,1,0,0,436,73.4,1.457,285,64.9,1.051,274,64.2,1.026
900,-2,0,0.25,0.3,60,0,1,0,1,0,1,209,69.9,1.213,149,70.5,1.396,135,71.1,1.537
900,-2,0,0.25,0.3,60,0,1,0,1,0,-1,226,77.0,1.725,136,58.8,0.814,135,59.3,0.791
900,-2,0,0.25,0.3,60,0,1,0,1,1,0,279,74.9,1.916,171,61.4,0.886,173,64.7,1.049
900,-2,0,0.25,0.3,60,0,1,0,-1,0,0,382,71.7,1.28,265,64.5,0.883,273,63.4,0.887
900,-2,0,0.25,0.3,60,0,1,0,-1,1,0,214,75.7,1.478,151,68.9,1.074,169,66.3,1.044
900,-2,0,0.25,0.3,60,0,1,1,0,0,0,435,73.6,1.52,272,64.7,1.017,270,64.1,1.029
900,-2,0,0.25,0.3,60,0,1,1,0,0,1,212,68.4,1.176,142,69.0,1.365,133,69.2,1.455
900,-2,0,0.25,0.3,60,0,1,1,0,0,-1,223,78.5,1.973,130,60.0,0.793,135,60.0,0.828
900,-2,0,0.25,0.3,60,0,1,1,0,1,0,276,75.7,2.006,169,63.9,1.013,179,65.4,1.107
900,-2,0,0.25,0.3,60,0,1,1,1,0,0,395,73.9,1.52,250,64.8,1.048,249,63.9,1.02
900,-2,0,0.25,0.3,60,0,1,1,1,0,-1,204,78.4,1.917,119,58.8,0.802,124,58.1,0.783
900,-2,0,0.25,0.3,60,0,1,1,1,1,0,255,76.1,2.081,155,62.6,0.942,164,64.6,1.046
900,-2,0,0.25,0.3,60,0,1,-1,0,0,0,381,71.9,1.227,278,64.7,0.917,276,64.1,0.897
900,-2,0,0.25,0.3,60,0,1,-1,0,1,0,217,74.7,1.402,153,66.0,0.931,164,65.9,0.993
900,-2,0,0.25,0.3,60,0,1,-1,-1,0,0,341,72.1,1.259,243,64.6,0.896,253,63.2,0.874
900,-2,0,0.25,0.3,60,1,0,0,0,0,0,504,68.1,1.096,324,63.3,1.052,279,62.7,1.01
900,-2,0,0.25,0.3,60,1,0,0,0,0,1,312,65.1,0.931,206,64.1,1.094,171,64.3,1.062
900,-2,0,0.25,0.3,60,1,0,0,0,1,0,290,72.8,1.535,188,61.2,0.975,167,62.3,1.0
900,-2,0,0.25,0.3,60,1,0,0,0,2,0,214,61.7,0.755,136,66.2,1.175,112,63.4,1.027
900,-2,0,0.25,0.3,60,1,0,0,0,2,1,202,60.4,0.71,131,65.6,1.164,108,63.0,1.0
900,-2,0,0.25,0.3,60,1,0,0,1,0,0,266,69.5,1.186,171,66.1,1.114,136,64.7,1.017
900,-2,0,0.25,0.3,60,1,0,0,-1,0,0,238,66.4,1.012,153,60.1,0.989,142,60.6,0.997
900,-2,0,0.25,0.3,60,1,0,1,0,0,0,264,69.3,1.213,165,66.7,1.18,132,65.2,1.089
900,-2,0,0.25,0.3,60,1,0,1,1,0,0,239,69.5,1.17,152,65.8,1.106,122,64.8,1.038
900,-2,0,0.25,0.3,60,1,0,-1,0,0,0,240,66.7,0.989,159,59.7,0.941,147,60.5,0.947
900,-2,0,0.25,0.3,60,1,0,-1,-1,0,0,213,66.2,0.958,140,58.6,0.913,133,60.2,0.958
900,-2,0,0.25,0.3,60,1,1,0,0,0,0,432,70.4,1.299,274,62.4,0.922,245,61.2,0.875
900,-2,0,0.25,0.3,60,1,1,0,0,0,1,263,66.9,1.06,175,64.0,0.994,151,62.9,0.946
900,-2,0,0.25,0.3,60,1,1,0,0,1,0,256,75.4,1.825,161,60.2,0.828,149,61.1,0.852
900,-2,0,0.25,0.3,60,1,1,0,1,0,0,235,70.6,1.334,152,65.8,1.04,123,63.4,0.93
900,-2,0,0.25,0.3,60,1,1,1,0,0,0,233,70.0,1.322,146,66.4,1.102,122,64.8,1.045
900,-2,0,0.25,0.3,60,1,1,1,1,0,0,210,70.0,1.284,135,65.9,1.045,112,64.3,0.988
900,-2,0,0.25,0.3,60,-1,0,0,0,0,0,435,77.0,1.5,337,68.0,1.028,299,68.6,1.068
900,-2,0,0.25,0.3,60,-1,0,0,0,0,-1,271,80.4,1.786,217,66.8,0.957,188,67.6,0.971
900,-2,0,0.25,0.3,60,-1,0,0,0,1,0,258,77.1,1.572,192,69.3,1.073,178,70.2,1.174
900,-2,0,0.25,0.3,60,-1,0,0,1,0,0,224,76.8,1.532,159,67.3,1.144,140,67.1,1.115
900,-2,0,0.25,0.3,60,-1,0,0,-1,0,0,211,77.3,1.464,178,68.5,0.941,159,69.8,1.032
900,-2,0,0.25,0.3,60,-1,0,1,0,0,0,219,78.5,1.787,154,64.9,0.916,142,65.5,1.0
900,-2,0,0.25,0.3,60,-1,0,1,1,0,0,202,79.2,1.839,139,66.2,1.06,131,65.6,1.069
900,-2,0,0.25,0.3,60,-1,0,-1,0,0,0,216,75.5,1.267,183,70.5,1.131,157,71.3,1.132
900,-2,0,0.25,0.3,60,-1,1,0,0,0,0,355,76.6,1.502,261,67.0,1.0,241,68.0,1.05
900,-2,0,0.25,0.3,60,-1,1,0,0,0,-1,230,80.9,1.817,165,66.1,0.933,146,67.1,0.952
900,-2,0,0.25,0.3,60,-1,1,0,0,1,0,209,76.6,1.656,149,69.8,1.154,142,71.1,1.246
900,-2,1,0.15,1.0,60,0,0,0,0,0,0,979,43.6,0.713,680,49.0,0.877,655,49.2,0.876
900,-2,1,0.15,1.0,60,0,0,0,0,0,1,481,40.3,0.631,346,48.3,0.868,334,49.4,0.891
900,-2,1,0.15,1.0,60,0,0,0,0,0,-1,494,46.6,0.8,332,50.0,0.902,314,48.7,0.859
900,-2,1,0.15,1.0,60,0,0,0,0,1,0,584,42.0,0.638,395,48.4,0.858,410,48.3,0.841
900,-2,1,0.15,1.0,60,0,0,0,0,1,1,300,41.7,0.627,204,49.5,0.855,215,51.6,0.922
900,-2,1,0.15,1.0,60,0,0,0,0,1,-1,284,42.3,0.65,191,47.1,0.861,195,44.6,0.756
900,-2,1,0.15,1.0,60,0,0,0,0,2,0,395,46.1,0.831,285,49.8,0.904,245,50.6,0.935
900,-2,1,0.15,1.0,60,0,0,0,0,2,-1,210,52.4,1.05,141,53.9,0.961,119,55.5,1.064
900,-2,1,0.15,1.0,60,0,0,0,1,0,0,472,44.9,0.762,344,49.4,0.914,340,48.5,0.857
900,-2,1,0.15,1.0,60,0,0,0,1,0,1,230,41.3,0.731,180,46.7,0.845,177,46.9,0.782
900,-2,1,0.15,1.0,60,0,0,0,1,0,-1,240,47.9,0.781,163,52.8,1.013,161,50.9,0.977
900,-2,1,0.15,1.0,60,0,0,0,1,1,0,262,42.4,0.688,200,46.5,0.818,216,48.1,0.855
900,-2,1,0.15,1.0,60,0,0,0,1,2,0,210,48.1,0.862,144,53.5,1.069,124,49.2,0.86
900,-2,1,0.15,1.0,60,0,0,0,-1,0,0,507,42.4,0.666,336,48.5,0.841,314,50.0,0.901
900,-2,1,0.15,1.0,60,0,0,0,-1,0,1,251,39.4,0.546,166,50.0,0.891,156,52.6,1.032
900,-2,1,0.15,1.0,60,0,0,0,-1,0,-1,254,45.3,0.821,169,47.3,0.799,153,46.4,0.747
900,-2,1,0.15,1.0,60,0,0,0,-1,1,0,322,41.6,0.596,195,50.3,0.902,193,48.7,0.833
900,-2,1,0.15,1.0,60,0,0,1,0,0,0,476,45.0,0.776,354,48.6,0.857,342,48.2,0.851
900,-2,1,0.15,1.0,60,0,0,1,0,0,1,232,42.2,0.748,185,44.9,0.733,175,46.3,0.763
900,-2,1,0.15,1.0,60,0,0,1,0,0,-1,243,47.3,0.795,168,53.0,1.028,165,50.9,0.978
900,-2,1,0.15,1.0,60,0,0,1,0,1,0,268,42.9,0.707,201,47.3,0.824,208,48.6,0.838
900,-2,1,0.15,1.0,60,0,0,1,0,2,0,208,47.6,0.87,153,50.3,0.904,134,47.8,0.869
900,-2,1,0.15,1.0,60,0,0,1,1,0,0,425,44.7,0.769,314,49.4,0.902,316,48.7,0.853
900,-2,1,0.15,1.0,60,0,0,1,1,0,1,207,41.1,0.727,165,46.1,0.785,163,47.2,0.774
900,-2,1,0.15,1.0,60,0,0,1,1,0,-1,217,47.9,0.8,148,53.4,1.069,151,51.0,0.978
900,-2,1,0.15,1.0,60,0,0,1,1,1,0,235,42.6,0.709,183,47.0,0.828,198,49.0,0.871
900,-2,1,0.15,1.0,60,0,0,-1,0,0,0,501,42.1,0.653,325,49.5,0.907,310,50.0,0.906
900,-2,1,0.15,1.0,60,0,0,-1,0,0,1,249,38.6,0.532,161,52.2,1.036,159,52.8,1.041
900,-2,1,0.15,1.0,60,0,0,-1,0,0,-1,251,45.8,0.806,164,47.0,0.771,149,46.3,0.73
900,-2,1,0.15,1.0,60,0,0,-1,0,1,0,316,41.1,0.581,194,49.5,0.897,202,48.0,0.843
900,-2,1,0.15,1.0,60,0,0,-1,-1,0,0,455,41.8,0.649,295,49.5,0.894,285,50.5,0.911
900,-2,1,0.15,1.0,60,0,0,-1,-1,0,1,226,38.1,0.511,146,52.1,0.979,144,54.2,1.065
900,-2,1,0.15,1.0,60,0,0,-1,-1,0,-1,228,45.6,0.829,149,47.0,0.8,139,46.0,0.722
900,-2,1,0.15,1.0,60,0,0,-1,-1,1,0,289,41.2,0.587,177,50.3,0.915,183,49.2,0.866
900,-2,1,0.15,1.0,60,0,-1,0,0,0,0,818,43.3,0.711,550,50.7,0.937,548,51.1,0.949
900,-2,1,0.15,1.0,60,0,-1,0,0,0,1,414,39.9,0.612,273,50.2,0.913,271,50.6,0.93
900,-2,1,0.15,1.0,60,0,-1,0,0,0,-1,401,46.4,0.824,276,51.4,0.974,271,51.3,0.963
900,-2,1,0.15,1.0,60,0,-1,0,0,1,0,493,41.2,0.622,322,49.4,0.891,343,49.6,0.888
900,-2,1,0.15,1.0,60,0,-1,0,0,1,1,262,40.1,0.566,164,49.4,0.827,174,51.1,0.887
900,-2,1,0.15,1.0,60,0,-1,0,0,1,-1,231,42.4,0.689,158,49.4,0.967,169,47.9,0.889
900,-2,1,0.15,1.0,60,0,-1,0,0,2,0,325,46.5,0.861,228,52.6,1.004,205,53.7,1.056
900,-2,1,0.15,1.0,60,0,-1,0,1,0,0,382,45.0,0.77,265,51.3,0.971,273,51.6,0.987
900,-2,1,0.15,1.0,60,0,-1,0,1,1,0,214,42.1,0.688,151,46.4,0.786,169,49.7,0.923
900,-2,1,0.15,1.0,60,0,-1,0,-1,0,0,436,41.7,0.658,285,50.2,0.907,274,50.7,0.918
900,-2,1,0.15,1.0,60,0,-1,0,-1,0,1,226,39.8,0.547,136,52.2,0.964,135,52.6,1.026
900,-2,1,0.15,1.0,60,0,-1,0,-1,0,-1,209,43.5,0.81,149,48.3,0.849,135,47.4,0.765
900,-2,1,0.15,1.0,60,0,-1,0,-1,1,0,279,40.5,0.57,171,52.0,0.993,173,49.7,0.865
900,-2,1,0.15,1.0,60,0,-1,1,0,0,0,381,44.1,0.773,278,51.1,0.932,276,51.4,0.983
900,-2,1,0.15,1.0,60,0,-1,1,0,1,0,217,41.5,0.7,153,48.4,0.832,164,50.6,0.922
900,-2,1,0.15,1.0,60,0,-1,1,1,0,0,341,44.3,0.767,243,51.4,0.958,253,52.2,1.001
900,-2,1,0.15,1.0,60,0,-1,-1,0,0,0,435,42.3,0.656,272,50.4,0.943,270,50.4,0.908
900,-2,1,0.15,1.0,60,0,-1,-1,0,0,1,223,39.5,0.541,130,53.1,1.057,135,52.6,1.016
900,-2,1,0.15,1.0,60,0,-1,-1,0,0,-1,212,45.3,0.806,142,47.9,0.826,133,47.4,0.76
900,-2,1,0.15,1.0,60,0,-1,-1,0,1,0,276,40.9,0.563,169,50.3,0.949,179,48.6,0.858
900,-2,1,0.15,1.0,60,0,-1,-1,-1,0,0,395,41.5,0.643,250,50.4,0.928,249,51.0,0.923
900,-2,1,0.15,1.0,60,0,-1,-1,-1,0,1,204,38.7,0.515,119,53.8,1.037,124,54.0,1.056
900,-2,1,0.15,1.0,60,0,-1,-1,-1,1,0,255,40.4,0.556,155,51.6,0.986,164,50.0,0.9
900,-2,1,0.15,1.0,60,1,0,0,0,0,0,435,38.2,0.58,337,46.9,0.838,299,46.5,0.806
900,-2,1,0.15,1.0,60,1,0,0,0,0,1,271,36.2,0.526,217,46.5,0.845,188,45.7,0.805
900,-2,1,0.15,1.0,60,1,0,0,0,1,0,258,38.0,0.533,192,47.4,0.811,178,46.6,0.758
900,-2,1,0.15,1.0,60,1,0,0,1,0,0,211,36.0,0.605,178,48.9,0.964,159,45.3,0.76
900,-2,1,0.15,1.0,60,1,0,0,-1,0,0,224,40.2,0.556,159,44.7,0.72,140,47.9,0.861
900,-2,1,0.15,1.0,60,1,0,1,0,0,0,216,38.0,0.657,183,45.9,0.783,157,44.6,0.738
900,-2,1,0.15,1.0,60,1,0,-1,0,0,0,219,38.4,0.51,154,48.1,0.907,142,48.6,0.884
900,-2,1,0.15,1.0,60,1,0,-1,-1,0,0,202,38.1,0.503,139,46.8,0.84,131,48.9,0.885
900,-2,1,0.15,1.0,60,1,-1,0,0,0,0,355,38.9,0.609,261,49.0,0.913,241,47.7,0.875
900,-2,1,0.15,1.0,60,1,-1,0,0,0,1,230,37.0,0.544,165,47.9,0.893,146,45.9,0.852
900,-2,1,0.15,1.0,60,1,-1,0,0,1,0,209,38.3,0.543,149,47.7,0.82,142,45.8,0.758
900,-2,1,0.15,1.0,60,-1,0,0,0,0,0,504,47.6,0.836,324,51.5,0.944,279,52.3,0.989
900,-2,1,0.15,1.0,60,-1,0,0,0,0,-1,312,49.0,0.873,206,51.9,0.979,171,52.0,1.041
900,-2,1,0.15,1.0,60,-1,0,0,0,1,0,290,44.5,0.713,188,50.0,0.934,167,51.5,0.996
900,-2,1,0.15,1.0,60,-1,0,0,0,2,0,214,51.9,1.024,136,53.7,0.959,112,53.6,0.979
900,-2,1,0.15,1.0,60,-1,0,0,0,2,-1,202,52.0,1.046,131,54.2,0.969,108,54.6,1.037
900,-2,1,0.15,1.0,60,-1,0,0,1,0,0,238,51.3,0.893,153,52.3,0.947,142,51.4,0.923
900,-2,1,0.15,1.0,60,-1,0,0,-1,0,0,266,44.4,0.779,171,50.9,0.942,136,53.7,1.072
900,-2,1,0.15,1.0,60,-1,0,1,0,0,0,240,50.0,0.876,159,53.5,1.034,147,52.4,1.011
900,-2,1,0.15,1.0,60,-1,0,1,1,0,0,213,51.2,0.9,140,53.6,1.005,133,51.9,0.939
900,-2,1,0.15,1.0,60,-1,0,-1,0,0,0,264,45.5,0.798,165,49.7,0.862,132,52.3,0.965
900,-2,1,0.15,1.0,60,-1,0,-1,-1,0,0,239,44.8,0.793,152,50.7,0.906,122,53.3,0.999
900,-2,1,0.15,1.0,60,-1,-1,0,0,0,0,432,45.8,0.786,274,52.2,0.962,245,53.5,1.034
900,-2,1,0.15,1.0,60,-1,-1,0,0,0,-1,263,47.9,0.856,175,52.0,1.013,151,53.0,1.109
900,-2,1,0.15,1.0,60,-1,-1,0,0,1,0,256,42.2,0.656,161,50.9,0.964,149,53.0,1.086
900,-2,1,0.15,1.0,60,-1,-1,0,-1,0,0,235,43.0,0.754,152,50.0,0.923,123,52.8,1.033
900,-2,1,0.15,1.0,60,-1,-1,-1,0,0,0,233,44.6,0.786,146,48.6,0.847,122,50.8,0.914
900,-2,1,0.15,1.0,60,-1,-1,-1,-1,0,0,210,43.8,0.78,135,48.9,0.858,112,51.8,0.947
900,-1,0,0.15,0.6,60,0,0,0,0,0,0,979,63.4,1.234,680,59.1,1.064,655,58.2,1.017
900,-1,0,0.15,0.6,60,0,0,0,0,0,1,488,59.8,1.056,344,59.6,1.155,314,58.3,1.111
900,-1,0,0.15,0.6,60,0,0,0,0,0,-1,487,67.1,1.446,334,58.7,0.991,334,59.0,0.974
900,-1,0,0.15,0.6,60,0,0,0,0,1,0,584,66.3,1.461,395,59.0,1.039,410,59.0,1.038
900,-1,0,0.15,0.6,60,0,0,0,0,1,1,282,65.2,1.323,195,60.5,1.135,203,60.6,1.203
900,-1,0,0.15,0.6,60,0,0,0,0,1,-1,302,67.2,1.603,200,57.5,0.962,207,57.5,0.916
900,-1,0,0.15,0.6,60,0,0,0,0,2,0,395,59.2,0.982,285,59.3,1.099,245,56.7,0.983
900,-1,0,0.15,0.6,60,0,0,0,0,2,1,206,52.4,0.788,149,58.4,1.181,111,54.1,0.97
900,-1,0,0.15,0.6,60,0,0,0,1,0,0,678,63.7,1.262,469,59.9,1.076,438,58.7,1.001
900,-1,0,0.15,0.6,60,0,0,0,1,0,1,336,60.4,1.032,241,63.5,1.319,214,62.1,1.273
900,-1,0,0.15,0.6,60,0,0,0,1,0,-1,339,67.0,1.529,226,56.2,0.9,217,56.7,0.854
900,-1,0,0.15,0.6,60,0,0,0,1,1,0,418,64.6,1.374,273,57.9,0.983,269,59.1,1.036
900,-1,0,0.15,0.6,60,0,0,0,1,1,1,202,63.9,1.227,139,62.6,1.19,141,64.5,1.416
900,-1,0,0.15,0.6,60,0,0,0,1,1,-1,216,65.3,1.529,134,53.0,0.829,128,53.1,0.782
900,-1,0,0.15,0.6,60,0,0,0,1,2,0,260,62.3,1.109,196,62.8,1.217,169,58.0,0.949
900,-1,0,0.15,0.6,60,0,0,0,-1,0,0,301,62.8,1.177,211,57.3,1.04,216,56.9,1.044
900,-1,0,0.15,0.6,60,0,0,1,0,0,0,655,63.7,1.262,450,59.1,1.019,428,57.9,0.969
900,-1,0,0.15,0.6,60,0,0,1,0,0,1,325,60.3,1.047,232,62.9,1.296,207,60.9,1.209
900,-1,0,0.15,0.6,60,0,0,1,0,0,-1,329,66.9,1.513,217,55.3,0.836,217,56.2,0.847
900,-1,0,0.15,0.6,60,0,0,1,0,1,0,402,64.9,1.403,270,58.5,1.009,276,59.4,1.043
900,-1,0,0.15,0.6,60,0,0,1,0,1,-1,211,65.4,1.527,132,53.8,0.855,134,54.5,0.823
900,-1,0,0.15,0.6,60,0,0,1,0,2,0,253,61.7,1.08,180,60.0,1.034,152,55.3,0.855
900,-1,0,0.15,0.6,60,0,0,1,1,0,0,617,64.2,1.283,424,59.2,1.018,406,58.1,0.97
900,-1,0,0.15,0.6,60,0,0,1,1,0,1,306,60.5,1.032,219,63.0,1.271,199,61.8,1.229
900,-1,0,0.15,0.6,60,0,0,1,1,0,-1,310,67.7,1.586,204,55.4,0.848,203,55.7,0.835
900,-1,0,0.15,0.6,60,0,0,1,1,1,0,380,65.3,1.419,254,58.3,0.985,258,59.3,1.027
900,-1,0,0.15,0.6,60,0,0,1,1,2,0,237,62.4,1.103,170,60.6,1.068,148,56.1,0.883
900,-1,0,0.15,0.6,60,0,0,-1,0,0,0,322,63.0,1.175,229,59.0,1.149,224,58.9,1.123
900,-1,0,0.15,0.6,60,0,0,-1,-1,0,0,263,63.9,1.208,185,57.3,1.041,195,57.4,1.061
900,-1,0,0.15,0.6,60,0,1,0,0,0,0,751,65.0,1.359,517,56.7,0.986,514,56.2,0.959
900,-1,0,0.15,0.6,60,0,1,0,0,0,1,365,62.7,1.206,266,56.0,0.998,255,55.3,0.994
900,-1,0,0.15,0.6,60,0,1,0,0,0,-1,384,67.4,1.537,251,57.4,0.975,255,58.0,0.955
900,-1,0,0.15,0.6,60,0,1,0,0,1,0,453,68.2,1.692,308,57.8,1.038,331,58.3,1.038
900,-1,0,0.15,0.6,60,0,1,0,0,1,1,210,67.6,1.531,153,58.2,1.061,167,58.1,1.11
900,-1,0,0.15,0.6,60,0,1,0,0,1,-1,243,68.7,1.852,155,57.4,1.017,164,58.5,0.976
900,-1,0,0.15,0.6,60,0,1,0,0,2,0,298,60.1,1.006,209,55.0,0.919,183,52.5,0.839
900,-1,0,0.15,0.6,60,0,1,0,1,0,0,488,66.2,1.445,335,56.7,0.983,319,55.5,0.913
900,-1,0,0.15,0.6,60,0,1,0,1,0,1,231,64.9,1.243,177,59.3,1.144,161,58.4,1.142
900,-1,0,0.15,0.6,60,0,1,0,1,0,-1,256,67.6,1.657,158,53.8,0.853,154,53.9,0.782
900,-1,0,0.15,0.6,60,0,1,0,1,1,0,307,66.4,1.592,203,56.2,0.968,205,58.0,1.044
900,-1,0,0.15,0.6,60,0,1,0,-1,0,0,263,62.7,1.219,182,56.6,0.992,194,57.2,1.033
900,-1,0,0.15,0.6,60,0,1,1,0,0,0,479,65.6,1.431,318,55.7,0.927,312,55.1,0.905
900,-1,0,0.15,0.6,60,0,1,1,0,0,1,230,63.9,1.248,167,58.1,1.095,156,57.1,1.09
900,-1,0,0.15,0.6,60,0,1,1,0,0,-1,249,67.1,1.625,151,53.0,0.799,154,53.9,0.798
900,-1,0,0.15,0.6,60,0,1,1,0,1,0,299,66.2,1.617,200,57.5,1.033,210,59.0,1.083
900,-1,0,0.15,0.6,60,0,1,1,1,0,0,445,66.5,1.481,297,55.9,0.933,293,54.9,0.89
900,-1,0,0.15,0.6,60,0,1,1,1,0,1,212,64.6,1.25,157,58.6,1.099,148,58.1,1.111
900,-1,0,0.15,0.6,60,0,1,1,1,0,-1,233,68.2,1.733,140,52.9,0.804,143,52.4,0.759
900,-1,0,0.15,0.6,60,0,1,1,1,1,0,281,66.9,1.66,186,57.0,0.994,195,58.5,1.038
900,-1,0,0.15,0.6,60,0,1,-1,0,0,0,271,64.2,1.242,199,58.3,1.09,200,58.5,1.064
900,-1,0,0.15,0.6,60,0,1,-1,-1,0,0,229,64.2,1.266,161,57.1,1.013,176,57.4,1.024
900,-1,0,0.15,0.6,60,0,-1,0,0,0,0,228,58.3,0.921,163,66.9,1.339,141,65.2,1.248
900,-1,0,0.15,0.6,60,1,0,0,0,0,0,488,59.8,1.122,331,57.4,1.049,275,55.3,0.911
900,-1,0,0.15,0.6,60,1,0,0,0,0,1,303,57.1,0.958,216,58.8,1.129,167,55.1,0.941
900,-1,0,0.15,0.6,60,1,0,0,0,1,0,282,64.9,1.457,189,56.6,0.948,171,55.6,0.854
900,-1,0,0.15,0.6,60,1,0,0,0,2,0,206,52.9,0.801,142,58.5,1.209,104,54.8,1.021
900,-1,0,0.15,0.6,60,1,0,0,1,0,0,338,60.4,1.105,239,59.0,1.065,189,55.6,0.863
900,-1,0,0.15,0.6,60,1,0,0,1,0,1,203,58.6,0.919,153,64.1,1.331,112,58.9,1.016
900,-1,0,0.15,0.6,60,1,0,0,1,1,0,204,64.2,1.417,143,55.2,0.857,120,54.2,0.756
900,-1,0,0.15,0.6,60,1,0,1,0,0,0,329,59.3,1.07,229,59.0,1.071,183,55.7,0.883
900,-1,0,0.15,0.6,60,1,0,1,0,0,1,201,57.7,0.914,145,63.4,1.305,105,57.1,0.969
900,-1,0,0.15,0.6,60,1,0,1,1,0,0,308,59.7,1.074,217,58.5,1.023,175,55.4,0.85
900,-1,0,0.15,0.6,60,1,1,0,0,0,0,391,62.7,1.274,261,56.3,1.0,227,54.6,0.877
900,-1,0,0.15,0.6,60,1,1,0,0,0,1,241,61.4,1.146,168,56.0,0.963,138,53.6,0.855
900,-1,0,0.15,0.6,60,1,1,0,0,1,0,232,67.2,1.659,154,57.1,0.998,145,55.9,0.864
900,-1,0,0.15,0.6,60,1,1,0,1,0,0,259,63.3,1.227,181,57.5,1.022,147,53.7,0.805
900,-1,0,0.15,0.6,60,1,1,1,0,0,0,253,61.7,1.165,171,57.3,1.024,144,54.9,0.866
900,-1,0,0.15,0.6,60,1,1,1,1,0,0,233,62.2,1.167,161,57.1,0.985,136,54.4,0.823
900,-1,0,0.15,0.6,60,-1,0,0,0,0,0,451,68.1,1.395,330,61.5,1.114,303,62.4,1.148
900,-1,0,0.15,0.6,60,-1,0,0,0,0,-1,280,70.0,1.497,207,61.4,1.051,192,62.5,1.082
900,-1,0,0.15,0.6,60,-1,0,0,0,1,0,266,69.2,1.549,191,61.8,1.174,174,62.6,1.196
900,-1,0,0.15,0.6,60,-1,0,0,1,0,0,312,67.9,1.467,220,62.3,1.15,197,62.9,1.111
900,-1,0,0.15,0.6,60,-1,0,1,0,0,0,300,69.0,1.54,211,60.7,1.023,197,61.4,1.054
900,-1,0,0.15,0.6,60,-1,0,1,1,0,0,286,69.9,1.602,199,61.3,1.066,186,61.8,1.075
900,-1,0,0.15,0.6,60,-1,1,0,0,0,0,330,69.4,1.53,241,57.7,0.998,227,59.9,1.088
900,-1,0,0.15,0.6,60,-1,1,0,0,0,-1,217,71.0,1.641,148,58.1,0.947,137,60.6,1.008
900,-1,0,0.15,0.6,60,-1,1,0,1,0,0,209,71.3,1.811,147,57.1,0.986,135,59.3,1.012
900,-1,0,0.15,0.6,60,-1,1,1,0,0,0,208,71.6,1.9,139,54.7,0.857,135,57.0,0.954
900,-1,1,0.15,0.3,60,0,0,0,0,0,0,979,70.1,0.783,680,71.2,0.863,655,72.1,0.914
900,-1,1,0.15,0.3,60,0,0,0,0,0,1,487,66.9,0.664,334,72.2,0.855,334,72.8,0.894
900,-1,1,0.15,0.3,60,0,0,0,0,0,-1,488,73.4,0.944,344,70.3,0.879,314,71.0,0.922
900,-1,1,0.15,0.3,60,0,0,0,0,1,0,584,69.7,0.749,395,70.9,0.898,410,70.5,0.88
900,-1,1,0.15,0.3,60,0,0,0,0,1,1,302,69.2,0.714,200,74.0,0.93,207,73.9,0.933
900,-1,1,0.15,0.3,60,0,0,0,0,1,-1,282,70.2,0.791,195,67.7,0.867,203,67.0,0.828
900,-1,1,0.15,0.3,60,0,0,0,0,2,0,395,70.6,0.835,285,71.6,0.818,245,74.7,0.974
900,-1,1,0.15,0.3,60,0,0,0,0,2,-1,206,77.7,1.234,149,73.8,0.895,111,78.4,1.127
900,-1,1,0.15,0.3,60,0,0,0,1,0,0,301,71.4,0.799,211,68.7,0.717,216,68.5,0.756
900,-1,1,0.15,0.3,60,0,0,0,-1,0,0,678,69.5,0.776,469,72.3,0.947,438,73.7,1.01
900,-1,1,0.15,0.3,60,0,0,0,-1,0,1,339,65.5,0.621,226,76.1,1.066,217,78.3,1.157
900,-1,1,0.15,0.3,60,0,0,0,-1,0,-1,336,73.8,1.02,241,68.9,0.859,214,68.7,0.866
900,-1,1,0.15,0.3,60,0,0,0,-1,1,0,418,70.1,0.782,273,73.3,1.067,269,72.5,0.998
900,-1,1,0.15,0.3,60,0,0,0,-1,1,1,216,68.5,0.693,134,80.6,1.368,128,82.0,1.394
900,-1,1,0.15,0.3,60,0,0,0,-1,1,-1,202,71.8,0.901,139,66.2,0.858,141,63.8,0.76
900,-1,1,0.15,0.3,60,0,0,0,-1,2,0,260,68.5,0.765,196,70.9,0.812,169,75.7,1.029
900,-1,1,0.15,0.3,60,0,0,1,0,0,0,322,72.4,0.849,229,67.2,0.667,224,69.2,0.751
900,-1,1,0.15,0.3,60,0,0,1,1,0,0,263,70.3,0.782,185,68.6,0.727,195,68.7,0.762
900,-1,1,0.15,0.3,60,0,0,-1,0,0,0,655,69.0,0.753,450,73.3,1.012,428,73.6,1.025
900,-1,1,0.15,0.3,60,0,0,-1,0,0,1,329,65.3,0.62,217,78.3,1.194,217,77.9,1.143
900,-1,1,0.15,0.3,60,0,0,-1,0,0,-1,325,72.9,0.954,232,68.5,0.866,207,68.6,0.891
900,-1,1,0.15,0.3,60,0,0,-1,0,1,0,402,69.4,0.75,270,73.7,1.11,276,72.5,1.022
900,-1,1,0.15,0.3,60,0,0,-1,0,1,1,211,68.7,0.69,132,81.1,1.343,134,80.6,1.309
900,-1,1,0.15,0.3,60,0,0,-1,0,2,0,253,68.4,0.758,180,72.8,0.888,152,75.7,1.029
900,-1,1,0.15,0.3,60,0,0,-1,-1,0,0,617,68.4,0.743,424,73.6,1.043,406,73.9,1.043
900,-1,1,0.15,0.3,60,0,0,-1,-1,0,1,310,64.5,0.605,204,78.4,1.197,203,78.8,1.189
900,-1,1,0.15,0.3,60,0,0,-1,-1,0,-1,306,72.5,0.957,219,68.9,0.913,199,68.3,0.889
900,-1,1,0.15,0.3,60,0,0,-1,-1,1,0,380,68.9,0.748,254,74.4,1.179,258,73.3,1.071
900,-1,1,0.15,0.3,60,0,0,-1,-1,2,0,237,67.5,0.736,170,72.4,0.88,148,75.0,0.999
900,-1,1,0.15,0.3,60,0,1,0,0,0,0,228,71.5,0.827,163,65.6,0.67,141,68.1,0.704
900,-1,1,0.15,0.3,60,0,-1,0,0,0,0,751,69.6,0.77,517,72.9,0.946,514,73.2,0.993
900,-1,1,0.15,0.3,60,0,-1,0,0,0,1,384,68.0,0.705,251,72.1,0.833,255,72.2,0.89
900,-1,1,0.15,0.3,60,0,-1,0,0,0,-1,365,71.2,0.845,266,73.7,1.077,255,73.7,1.089
900,-1,1,0.15,0.3,60,0,-1,0,0,1,0,453,68.7,0.727,308,71.1,0.914,331,70.7,0.893
900,-1,1,0.15,0.3,60,0,-1,0,0,1,1,243,69.5,0.758,155,72.3,0.821,164,72.0,0.848
900,-1,1,0.15,0.3,60,0,-1,0,0,1,-1,210,67.6,0.691,153,69.9,1.022,167,69.5,0.94
900,-1,1,0.15,0.3,60,0,-1,0,0,2,0,298,71.1,0.842,209,75.6,0.994,183,77.6,1.202
900,-1,1,0.15,0.3,60,0,-1,0,1,0,0,263,70.7,0.757,182,69.8,0.763,194,69.1,0.785
900,-1,1,0.15,0.3,60,0,-1,0,-1,0,0,488,69.1,0.777,335,74.6,1.078,319,75.5,1.161
900,-1,1,0.15,0.3,60,0,-1,0,-1,0,1,256,66.8,0.68,158,77.2,1.131,154,78.6,1.246
900,-1,1,0.15,0.3,60,0,-1,0,-1,0,-1,231,71.4,0.914,177,72.3,1.033,161,72.0,1.048
900,-1,1,0.15,0.3,60,0,-1,0,-1,1,0,307,69.7,0.791,203,73.9,1.111,205,73.2,1.024
900,-1,1,0.15,0.3,60,0,-1,1,0,0,0,271,72.0,0.811,199,67.8,0.694,200,69.5,0.77
900,-1,1,0.15,0.3,60,0,-1,1,1,0,0,229,69.9,0.745,161,68.9,0.736,176,69.3,0.795
900,-1,1,0.15,0.3,60,0,-1,-1,0,0,0,479,68.3,0.746,318,76.1,1.186,312,75.3,1.182
900,-1,1,0.15,0.3,60,0,-1,-1,0,0,1,249,65.9,0.655,151,79.5,1.248,154,78.6,1.26
900,-1,1,0.15,0.3,60,0,-1,-1,0,0,-1,230,70.9,0.872,167,73.1,1.131,156,71.8,1.089
900,-1,1,0.15,0.3,60,0,-1,-1,0,1,0,299,68.6,0.744,200,74.5,1.163,210,73.3,1.069
900,-1,1,0.15,0.3,60,0,-1,-1,-1,0,0,445,67.6,0.739,297,76.1,1.197,293,75.8,1.22
900,-1,1,0.15,0.3,60,0,-1,-1,-1,0,1,233,65.2,0.646,140,80.0,1.279,143,79.7,1.333
900,-1,1,0.15,0.3,60,0,-1,-1,-1,0,-1,212,70.3,0.872,157,72.6,1.126,148,71.6,1.098
900,-1,1,0.15,0.3,60,0,-1,-1,-1,1,0,281,68.3,0.752,186,75.3,1.239,195,74.4,1.137
900,-1,1,0.15,0.3,60,1,0,0,0,0,0,451,67.0,0.698,330,68.8,0.79,303,71.3,0.93
900,-1,1,0.15,0.3,60,1,0,0,0,0,1,280,65.0,0.645,207,70.0,0.78,192,72.4,0.895
900,-1,1,0.15,0.3,60,1,0,0,0,1,0,266,69.5,0.773,191,68.1,0.811,174,71.3,0.984
900,-1,1,0.15,0.3,60,1,0,0,-1,0,0,312,67.3,0.702,220,70.0,0.838,197,73.1,1.014
900,-1,1,0.15,0.3,60,1,0,-1,0,0,0,300,66.7,0.691,211,72.5,0.988,197,72.6,0.988
900,-1,1,0.15,0.3,60,1,0,-1,-1,0,0,286,66.1,0.676,199,72.4,0.994,186,73.1,1.023
900,-1,1,0.15,0.3,60,1,-1,0,0,0,0,330,65.5,0.655,241,71.8,0.91,227,72.2,1.008
900,-1,1,0.15,0.3,60,1,-1,0,0,0,1,217,65.0,0.647,148,71.6,0.834,137,72.3,0.941
900,-1,1,0.15,0.3,60,1,-1,0,-1,0,0,209,65.6,0.652,147,74.1,1.001,135,74.1,1.106
900,-1,1,0.15,0.3,60,1,-1,-1,0,0,0,208,64.9,0.643,139,77.0,1.217,135,74.1,1.101
900,-1,1,0.15,0.3,60,-1,0,0,0,0,0,488,73.2,0.868,331,73.1,0.931,275,75.6,1.062
900,-1,1,0.15,0.3,60,-1,0,0,0,0,-1,303,75.2,1.04,216,72.2,0.921,167,76.6,1.171
900,-1,1,0.15,0.3,60,-1,0,0,0,1,0,282,69.9,0.702,189,73.0,0.974,171,74.9,1.09
900,-1,1,0.15,0.3,60,-1,0,0,0,2,0,206,77.7,1.21,142,73.2,0.879,104,76.9,1.019
900,-1,1,0.15,0.3,60,-1,0,0,-1,0,0,338,72.8,0.88,239,73.6,1.035,189,77.8,1.251
900,-1,1,0.15,0.3,60,-1,0,0,-1,0,-1,203,75.9,1.166,153,69.9,0.892,112,75.9,1.294
900,-1,1,0.15,0.3,60,-1,0,0,-1,1,0,204,69.6,0.7,143,74.8,1.188,120,78.3,1.394
900,-1,1,0.15,0.3,60,-1,0,-1,0,0,0,329,71.7,0.817,229,73.4,0.995,183,77.0,1.223
900,-1,1,0.15,0.3,60,-1,0,-1,0,0,-1,201,75.1,1.075,145,69.0,0.84,105,75.2,1.26
900,-1,1,0.15,0.3,60,-1,0,-1,-1,0,0,308,71.4,0.825,217,73.7,1.038,175,77.1,1.23
900,-1,1,0.15,0.3,60,-1,-1,0,0,0,0,391,72.6,0.858,261,73.6,0.965,227,76.2,1.157
900,-1,1,0.15,0.3,60,-1,-1,0,0,0,-1,241,73.4,0.941,168,74.4,1.092,138,78.3,1.434
900,-1,1,0.15,0.3,60,-1,-1,0,0,1,0,232,70.3,0.727,154,71.4,0.904,145,74.5,1.115
900,-1,1,0.15,0.3,60,-1,-1,0,-1,0,0,259,72.2,0.901,181,74.0,1.09,147,79.6,1.557
900,-1,1,0.15,0.3,60,-1,-1,-1,0,0,0,253,71.1,0.834,171,74.9,1.121,144,78.5,1.493
900,-1,1,0.15,0.3,60,-1,-1,-1,-1,0,0,233,70.8,0.85,161,74.5,1.122,136,78.7,1.521
900,-1,1,0.25,1.0,60,0,0,0,0,0,0,979,46.3,0.769,680,48.5,0.872,655,48.5,0.861
900,-1,1,0.25,1.0,60,0,0,0,0,0,1,487,42.9,0.656,334,49.7,0.879,334,50.3,0.878
900,-1,1,0.25,1.0,60,0,0,0,0,0,-1,488,49.6,0.905,344,47.4,0.868,314,45.9,0.811
900,-1,1,0.25,1.0,60,0,0,0,0,1,0,584,44.2,0.611,395,49.4,0.888,410,48.5,0.849
900,-1,1,0.25,1.0,60,0,0,0,0,1,1,302,44.0,0.584,200,51.5,0.881,207,53.1,0.935
900,-1,1,0.25,1.0,60,0,0,0,0,1,-1,282,44.3,0.643,195,47.2,0.897,203,43.8,0.755
900,-1,1,0.25,1.0,60,0,0,0,0,2,0,395,49.4,1.036,285,47.4,0.849,245,48.6,0.88
900,-1,1,0.25,1.0,60,0,0,0,0,2,-1,206,56.8,1.394,149,47.7,0.829,111,49.5,0.918
900,-1,1,0.25,1.0,60,0,0,0,1,0,0,301,46.5,0.777,211,49.8,0.801,216,49.1,0.795
900,-1,1,0.25,1.0,60,0,0,0,-1,0,0,678,46.2,0.765,469,48.0,0.908,438,48.4,0.903
900,-1,1,0.25,1.0,60,0,0,0,-1,0,1,339,44.0,0.667,226,50.9,0.934,217,52.1,0.952
900,-1,1,0.25,1.0,60,0,0,0,-1,0,-1,336,48.5,0.89,241,45.2,0.888,214,43.5,0.81
900,-1,1,0.25,1.0,60,0,0,0,-1,1,0,418,45.2,0.633,273,49.5,0.983,269,47.6,0.861
900,-1,1,0.25,1.0,60,0,0,0,-1,1,1,216,45.8,0.631,134,53.7,1.02,128,55.5,1.02
900,-1,1,0.25,1.0,60,0,0,0,-1,1,-1,202,44.6,0.635,139,45.3,0.944,141,40.4,0.716
900,-1,1,0.25,1.0,60,0,0,0,-1,2,0,260,47.7,0.993,196,45.9,0.812,169,49.7,0.972
900,-1,1,0.25,1.0,60,0,0,1,0,0,0,322,47.8,0.865,229,50.2,0.835,224,48.2,0.784
900,-1,1,0.25,1.0,60,0,0,1,1,0,0,263,46.4,0.803,185,49.2,0.768,195,48.7,0.768
900,-1,1,0.25,1.0,60,0,0,-1,0,0,0,655,45.5,0.724,450,47.8,0.901,428,48.6,0.912
900,-1,1,0.25,1.0,60,0,0,-1,0,0,1,329,42.9,0.607,217,51.6,0.998,217,53.0,0.969
900,-1,1,0.25,1.0,60,0,0,-1,0,0,-1,325,48.3,0.87,232,44.0,0.798,207,43.0,0.797
900,-1,1,0.25,1.0,60,0,0,-1,0,1,0,402,44.0,0.6,270,48.1,0.911,276,47.5,0.87
900,-1,1,0.25,1.0,60,0,0,-1,0,1,1,211,44.5,0.588,132,53.0,0.993,134,55.2,0.989
900,-1,1,0.25,1.0,60,0,0,-1,0,2,0,253,47.8,0.935,180,47.2,0.885,152,50.7,0.99
900,-1,1,0.25,1.0,60,0,0,-1,-1,0,0,617,45.4,0.732,424,47.4,0.888,406,48.5,0.906
900,-1,1,0.25,1.0,60,0,0,-1,-1,0,1,310,42.6,0.613,204,51.0,0.939,203,53.2,0.959
900,-1,1,0.25,1.0,60,0,0,-1,-1,0,-1,306,48.4,0.883,219,43.8,0.827,199,42.7,0.794
900,-1,1,0.25,1.0,60,0,0,-1,-1,1,0,380,44.2,0.603,254,48.4,0.927,258,47.7,0.88
900,-1,1,0.25,1.0,60,0,0,-1,-1,2,0,237,47.3,0.948,170,45.9,0.832,148,50.0,0.952
900,-1,1,0.25,1.0,60,0,1,0,0,0,0,228,53.1,0.963,163,43.6,0.666,141,41.1,0.57
900,-1,1,0.25,1.0,60,0,-1,0,0,0,0,751,44.2,0.709,517,50.1,0.957,514,50.6,0.967
900,-1,1,0.25,1.0,60,0,-1,0,0,0,1,384,42.4,0.643,251,51.0,0.954,255,51.8,0.964
900,-1,1,0.25,1.0,60,0,-1,0,0,0,-1,365,45.8,0.783,266,49.2,0.961,255,48.6,0.939
900,-1,1,0.25,1.0,60,0,-1,0,0,1,0,453,40.4,0.508,308,51.0,0.979,331,50.5,0.928
900,-1,1,0.25,1.0,60,0,-1,0,0,1,1,243,42.0,0.519,155,52.9,0.951,164,53.7,0.966
900,-1,1,0.25,1.0,60,0,-1,0,0,1,-1,210,38.6,0.497,153,49.0,1.01,167,47.3,0.887
900,-1,1,0.25,1.0,60,0,-1,0,0,2,0,298,50.0,1.101,209,48.8,0.926,183,50.8,1.041
900,-1,1,0.25,1.0,60,0,-1,0,1,0,0,263,47.1,0.77,182,50.0,0.86,194,49.5,0.847
900,-1,1,0.25,1.0,60,0,-1,0,-1,0,0,488,42.6,0.676,335,50.1,1.02,319,51.4,1.067
900,-1,1,0.25,1.0,60,0,-1,0,-1,0,1,256,43.0,0.649,158,53.2,1.064,154,54.5,1.113
900,-1,1,0.25,1.0,60,0,-1,0,-1,0,-1,231,42.0,0.708,177,47.5,0.977,161,47.2,0.968
900,-1,1,0.25,1.0,60,0,-1,0,-1,1,0,307,40.4,0.502,203,51.7,1.078,205,50.2,0.939
900,-1,1,0.25,1.0,60,0,-1,1,0,0,0,271,46.9,0.841,199,50.3,0.855,200,49.0,0.842
900,-1,1,0.25,1.0,60,0,-1,1,1,0,0,229,46.7,0.792,161,49.1,0.807,176,49.4,0.834
900,-1,1,0.25,1.0,60,0,-1,-1,0,0,0,479,42.6,0.639,318,50.0,1.037,312,51.3,1.065
900,-1,1,0.25,1.0,60,0,-1,-1,0,0,1,249,42.2,0.583,151,53.6,1.153,154,55.2,1.115
900,-1,1,0.25,1.0,60,0,-1,-1,0,0,-1,230,43.0,0.706,167,46.7,0.928,156,46.8,0.97
900,-1,1,0.25,1.0,60,0,-1,-1,0,1,0,299,40.1,0.484,200,50.0,1.004,210,49.5,0.931
900,-1,1,0.25,1.0,60,0,-1,-1,-1,0,0,445,42.0,0.639,297,49.5,1.008,293,51.5,1.075
900,-1,1,0.25,1.0,60,0,-1,-1,-1,0,1,233,41.6,0.586,140,53.6,1.096,143,55.9,1.129
900,-1,1,0.25,1.0,60,0,-1,-1,-1,0,-1,212,42.5,0.704,157,45.9,0.925,148,46.6,0.974
900,-1,1,0.25,1.0,60,0,-1,-1,-1,1,0,281,39.9,0.474,186,50.5,1.031,195,50.3,0.965
900,-1,1,0.25,1.0,60,1,0,0,0,0,0,451,43.2,0.678,330,47.3,0.858,303,47.5,0.854
900,-1,1,0.25,1.0,60,1,0,0,0,0,1,280,42.9,0.718,207,47.3,0.908,192,47.4,0.873
900,-1,1,0.25,1.0,60,1,0,0,0,1,0,266,43.6,0.574,191,47.6,0.87,174,48.9,0.927
900,-1,1,0.25,1.0,60,1,0,0,-1,0,0,312,44.9,0.704,220,46.8,0.832,197,46.7,0.845
900,-1,1,0.25,1.0,60,1,0,-1,0,0,0,300,43.0,0.627,211,46.4,0.853,197,47.7,0.898
900,-1,1,0.25,1.0,60,1,0,-1,-1,0,0,286,42.7,0.63,199,45.7,0.802,186,47.3,0.866
900,-1,1,0.25,1.0,60,1,-1,0,0,0,0,330,41.2,0.628,241,50.2,0.952,227,50.2,0.977
900,-1,1,0.25,1.0,60,1,-1,0,0,0,1,217,43.3,0.719,148,48.6,0.948,137,48.2,0.935
900,-1,1,0.25,1.0,60,1,-1,0,-1,0,0,209,40.7,0.604,147,51.7,0.966,135,51.1,1.041
900,-1,1,0.25,1.0,60,1,-1,-1,0,0,0,208,39.4,0.521,139,51.8,1.071,135,52.6,1.122
900,-1,1,0.25,1.0,60,-1,0,0,0,0,0,488,48.8,0.857,331,48.3,0.847,275,49.8,0.9
900,-1,1,0.25,1.0,60,-1,0,0,0,0,-1,303,53.1,1.155,216,46.8,0.904,167,47.9,1.016
900,-1,1,0.25,1.0,60,-1,0,0,0,1,0,282,44.0,0.624,189,49.2,0.843,171,50.9,0.888
900,-1,1,0.25,1.0,60,-1,0,0,0,2,0,206,55.3,1.292,142,47.2,0.854,104,48.1,0.92
900,-1,1,0.25,1.0,60,-1,0,0,-1,0,0,338,47.3,0.823,239,47.3,0.92,189,50.8,1.04
900,-1,1,0.25,1.0,60,-1,0,0,-1,0,-1,203,50.7,1.141,153,44.4,0.954,112,48.2,1.241
900,-1,1,0.25,1.0,60,-1,0,0,-1,1,0,204,43.1,0.57,143,49.0,0.943,120,51.7,0.983
900,-1,1,0.25,1.0,60,-1,0,-1,0,0,0,329,48.0,0.814,229,47.2,0.883,183,49.7,0.953
900,-1,1,0.25,1.0,60,-1,0,-1,0,0,-1,201,51.7,1.119,145,44.1,0.917,105,47.6,1.166
900,-1,1,0.25,1.0,60,-1,0,-1,-1,0,0,308,47.7,0.824,217,47.0,0.901,175,50.3,0.981
900,-1,1,0.25,1.0,60,-1,-1,0,0,0,0,391,46.0,0.778,261,48.7,0.919,227,50.2,1.012
900,-1,1,0.25,1.0,60,-1,-1,0,0,0,-1,241,49.8,1.024,168,46.4,0.927,138,47.1,1.067
900,-1,1,0.25,1.0,60,-1,-1,0,0,1,0,232,40.5,0.545,154,49.4,0.966,145,51.7,1.042
900,-1,1,0.25,1.0,60,-1,-1,0,-1,0,0,259,44.0,0.736,181,47.0,0.986,147,51.0,1.196
900,-1,1,0.25,1.0,60,-1,-1,-1,0,0,0,253,45.1,0.742,171,46.8,0.945,144,49.3,1.068
900,-1,1,0.25,1.0,60,-1,-1,-1,-1,0,0,233,44.6,0.748,161,46.0,0.946,136,50.0,1.119
900,30,0,0.25,0.6,60,0,0,0,0,0,0,979,55.4,1.102,680,51.3,0.871,654,52.0,0.919
900,30,0,0.25,0.6,60,0,0,0,0,0,1,497,52.3,0.953,361,52.6,0.905,343,53.9,0.989
900,30,0,0.25,0.6,60,0,0,0,0,0,-1,478,58.4,1.259,317,49.8,0.841,304,50.0,0.866
900,30,0,0.25,0.6,60,0,0,0,0,1,0,584,58.2,1.199,395,54.2,0.951,410,54.9,1.053
900,30,0,0.25,0.6,60,0,0,0,0,1,1,282,58.2,1.127,202,56.9,0.968,213,59.2,1.185
900,30,0,0.25,0.6,60,0,0,0,0,1,-1,302,58.3,1.272,193,51.3,0.935,197,50.3,0.938
900,30,0,0.25,0.6,60,0,0,0,0,2,0,395,51.1,0.978,285,47.4,0.771,244,47.1,0.741
900,30,0,0.25,0.6,60,0,0,0,0,2,1,215,44.7,0.76,159,47.2,0.83,130,45.4,0.75
900,30,0,0.25,0.6,60,0,0,0,1,0,0,488,56.1,1.183,350,51.4,0.871,337,52.5,0.933
900,30,0,0.25,0.6,60,0,0,0,1,0,1,246,53.7,1.022,191,53.9,0.964,180,55.6,1.074
900,30,0,0.25,0.6,60,0,0,0,1,0,-1,240,58.3,1.333,159,48.4,0.783,154,50.0,0.836
900,30,0,0.25,0.6,60,0,0,0,1,1,0,298,57.7,1.286,206,53.4,0.879,207,57.0,1.092
900,30,0,0.25,0.6,60,0,0,0,-1,0,0,491,54.6,1.029,330,51.2,0.871,316,51.3,0.898
900,30,0,0.25,0.6,60,0,0,0,-1,0,1,251,51.0,0.895,170,51.2,0.841,163,52.1,0.896
900,30,0,0.25,0.6,60,0,0,0,-1,0,-1,238,58.4,1.19,158,51.3,0.914,149,49.7,0.891
900,30,0,0.25,0.6,60,0,0,0,-1,1,0,286,58.7,1.119,189,55.0,1.048,202,52.5,1.001
900,30,0,0.25,0.6,60,0,0,0,-1,2,0,205,48.8,0.921,141,46.1,0.688,114,49.1,0.759
900,30,0,0.25,0.6,60,0,0,1,0,0,0,501,56.5,1.216,348,52.0,0.893,329,52.3,0.951
900,30,0,0.25,0.6,60,0,0,1,0,0,1,252,52.8,0.993,190,55.8,1.043,173,56.1,1.121
900,30,0,0.25,0.6,60,0,0,1,0,0,-1,247,59.9,1.458,158,47.5,0.762,154,48.7,0.838
900,30,0,0.25,0.6,60,0,0,1,0,1,0,304,58.2,1.282,205,55.1,0.93,210,57.1,1.097
900,30,0,0.25,0.6,60,0,0,1,1,0,0,446,55.4,1.15,314,52.2,0.895,307,52.4,0.935
900,30,0,0.25,0.6,60,0,0,1,1,0,1,221,51.6,0.931,168,55.4,1.003,162,56.8,1.105
900,30,0,0.25,0.6,60,0,0,1,1,0,-1,223,58.7,1.367,146,48.6,0.801,143,48.3,0.821
900,30,0,0.25,0.6,60,0,0,1,1,1,0,271,56.5,1.214,188,53.7,0.867,194,57.7,1.086
900,30,0,0.25,0.6,60,0,0,-1,0,0,0,476,54.2,0.995,331,50.8,0.857,322,51.9,0.895
900,30,0,0.25,0.6,60,0,0,-1,0,0,1,245,51.8,0.914,171,49.1,0.773,170,51.8,0.868
900,30,0,0.25,0.6,60,0,0,-1,0,0,-1,231,56.7,1.082,159,52.2,0.943,150,51.3,0.899
900,30,0,0.25,0.6,60,0,0,-1,0,1,0,280,58.2,1.115,190,53.2,0.977,200,52.5,1.004
900,30,0,0.25,0.6,60,0,0,-1,-1,0,0,434,53.2,0.954,295,51.5,0.883,293,51.5,0.892
900,30,0,0.25,0.6,60,0,0,-1,-1,0,1,220,49.5,0.827,148,50.0,0.78,152,52.6,0.873
900,30,0,0.25,0.6,60,0,0,-1,-1,0,-1,214,57.0,1.094,146,52.7,0.983,139,49.6,0.885
900,30,0,0.25,0.6,60,0,0,-1,-1,1,0,253,56.9,1.036,172,53.5,0.971,187,52.9,0.992
900,30,0,0.25,0.6,60,0,1,0,0,0,0,653,57.9,1.209,416,50.5,0.821,391,50.6,0.857
900,30,0,0.25,0.6,60,0,1,0,0,0,1,321,55.1,1.06,223,53.8,0.952,207,55.1,1.039
900,30,0,0.25,0.6,60,0,1,0,0,0,-1,331,60.7,1.367,191,46.6,0.71,178,46.1,0.729
900,30,0,0.25,0.6,60,0,1,0,0,1,0,389,62.2,1.519,235,52.8,0.865,237,53.6,1.006
900,30,0,0.25,0.6,60,0,1,0,0,1,-1,211,61.1,1.521,115,46.1,0.737,112,45.5,0.78
900,30,0,0.25,0.6,60,0,1,0,0,2,0,264,51.5,0.898,181,47.5,0.767,154,46.1,0.686
900,30,0,0.25,0.6,60,0,1,0,1,0,0,344,56.1,1.196,225,49.3,0.787,207,51.2,0.858
900,30,0,0.25,0.6,60,0,1,0,1,1,0,215,59.5,1.559,133,51.9,0.78,127,56.7,0.996
900,30,0,0.25,0.6,60,0,1,0,-1,0,0,309,59.9,1.222,191,51.8,0.864,183,49.7,0.849
900,30,0,0.25,0.6,60,0,1,1,0,0,0,353,56.7,1.262,216,50.0,0.82,201,50.7,0.893
900,30,0,0.25,0.6,60,0,1,1,0,1,0,218,60.6,1.616,131,52.7,0.786,130,56.2,0.986
900,30,0,0.25,0.6,60,0,1,1,1,0,0,316,55.7,1.202,198,50.5,0.82,187,50.8,0.861
900,30,0,0.25,0.6,60,0,1,-1,0,0,0,299,59.5,1.156,199,51.3,0.838,188,51.1,0.84
900,30,0,0.25,0.6,60,0,1,-1,-1,0,0,271,59.4,1.158,172,52.9,0.888,169,50.3,0.839
900,30,0,0.25,0.6,60,0,-1,0,0,0,0,326,50.3,0.915,264,52.7,0.962,263,54.0,1.025
900,30,0,0.25,0.6,60,1,0,0,0,0,0,501,52.7,0.982,362,50.8,0.902,311,51.4,0.935
900,30,0,0.25,0.6,60,1,0,0,0,0,1,311,49.5,0.844,237,52.3,0.954,198,53.5,0.977
900,30,0,0.25,0.6,60,1,0,0,0,1,0,282,57.8,1.136,204,53.4,0.983,183,55.2,1.092
900,30,0,0.25,0.6,60,1,0,0,0,2,0,219,46.1,0.811,158,47.5,0.809,128,46.1,0.763
900,30,0,0.25,0.6,60,1,0,0,0,2,1,207,44.4,0.753,151,47.0,0.836,122,45.9,0.762
900,30,0,0.25,0.6,60,1,0,0,1,0,0,253,52.2,0.95,196,52.0,0.938,159,52.8,0.924
900,30,0,0.25,0.6,60,1,0,0,-1,0,0,248,53.2,1.011,166,49.4,0.857,151,49.7,0.938
900,30,0,0.25,0.6,60,1,0,1,0,0,0,262,53.1,1.03,194,54.6,1.022,153,53.6,1.003
900,30,0,0.25,0.6,60,1,0,1,1,0,0,231,50.6,0.908,177,53.7,0.986,146,53.4,0.973
900,30,0,0.25,0.6,60,1,0,-1,0,0,0,239,52.3,0.933,168,46.4,0.772,158,49.4,0.868
900,30,0,0.25,0.6,60,1,0,-1,-1,0,0,217,50.7,0.891,149,47.7,0.802,145,49.7,0.916
900,30,0,0.25,0.6,60,1,1,0,0,0,0,350,54.6,1.039,227,48.9,0.815,187,50.8,0.88
900,30,0,0.25,0.6,60,1,1,0,0,0,1,209,51.2,0.878,150,53.3,0.975,122,55.7,0.969
900,30,0,0.25,0.6,60,1,1,0,0,1,0,201,61.2,1.394,127,50.4,0.808,108,52.8,0.934
900,30,0,0.25,0.6,60,-1,0,0,0,0,0,438,59.1,1.245,299,52.5,0.864,266,55.3,0.959
900,30,0,0.25,0.6,60,-1,0,0,0,0,-1,272,59.6,1.301,186,52.2,0.897,160,56.2,1.002
900,30,0,0.25,0.6,60,-1,0,0,0,1,0,266,60.5,1.3,176,55.7,0.96,162,59.3,1.144
900,30,0,0.25,0.6,60,-1,0,0,1,0,0,214,61.2,1.466,146,52.7,0.866,131,53.4,0.923
900,30,0,0.25,0.6,60,-1,0,0,-1,0,0,224,57.1,1.062,153,52.3,0.861,135,57.0,0.997
900,30,0,0.25,0.6,60,-1,0,1,0,0,0,220,60.9,1.465,145,50.3,0.807,131,52.7,0.93
900,30,0,0.25,0.6,60,-1,0,-1,0,0,0,218,57.3,1.056,154,54.5,0.925,135,57.8,0.991
900,30,0,0.25,0.6,60,-1,0,-1,-1,0,0,202,56.9,1.024,138,54.3,0.93,123,56.9,0.972
900,30,0,0.25,0.6,60,-1,1,0,0,0,0,276,63.8,1.467,176,53.4,0.853,151,54.3,0.871
900,30,1,0.25,0.3,60,0,0,0,0,0,0,979,64.2,0.811,680,66.8,1.013,654,66.5,0.997
900,30,1,0.25,0.3,60,0,0,0,0,0,1,478,62.6,0.732,317,66.6,0.973,304,66.8,0.962
900,30,1,0.25,0.3,60,0,0,0,0,0,-1,497,66.2,0.916,361,66.8,1.042,343,66.2,1.029
900,30,1,0.25,0.3,60,0,0,0,0,1,0,584,64.0,0.823,395,64.3,0.917,410,64.9,0.942
900,30,1,0.25,0.3,60,0,0,0,0,1,1,302,65.2,0.867,193,65.3,0.939,197,67.0,1.006
900,30,1,0.25,0.3,60,0,0,0,0,1,-1,282,62.8,0.779,202,63.4,0.897,213,62.9,0.885
900,30,1,0.25,0.3,60,0,0,0,0,2,0,395,64.6,0.793,285,70.2,1.167,244,69.3,1.099
900,30,1,0.25,0.3,60,0,0,0,0,2,-1,215,70.7,1.16,159,71.1,1.28,130,71.5,1.342
900,30,1,0.25,0.3,60,0,0,0,1,0,0,491,65.2,0.843,330,68.2,1.035,316,66.1,0.941
900,30,1,0.25,0.3,60,0,0,0,1,0,1,238,62.6,0.741,158,67.1,0.947,149,65.8,0.892
900,30,1,0.25,0.3,60,0,0,0,1,0,-1,251,67.7,0.957,170,68.8,1.106,163,66.9,1.006
900,30,1,0.25,0.3,60,0,0,0,1,1,0,286,65.4,0.886,189,62.4,0.829,202,63.4,0.866
900,30,1,0.25,0.3,60,0,0,0,1,2,0,205,64.9,0.79,141,75.9,1.439,114,71.1,1.091
900,30,1,0.25,0.3,60,0,0,0,-1,0,0,488,63.3,0.779,350,65.4,0.992,337,66.8,1.051
900,30,1,0.25,0.3,60,0,0,0,-1,0,1,240,62.5,0.722,159,66.0,0.999,154,67.5,1.029
900,30,1,0.25,0.3,60,0,0,0,-1,0,-1,246,64.6,0.875,191,64.9,0.985,180,65.6,1.05
900,30,1,0.25,0.3,60,0,0,0,-1,1,0,298,62.8,0.768,206,66.0,1.012,207,66.2,1.017
900,30,1,0.25,0.3,60,0,0,1,0,0,0,476,66.6,0.925,331,68.0,0.974,322,65.8,0.88
900,30,1,0.25,0.3,60,0,0,1,0,0,1,231,64.5,0.823,159,64.8,0.831,150,64.0,0.806
900,30,1,0.25,0.3,60,0,0,1,0,0,-1,245,68.6,1.045,171,70.8,1.124,170,67.6,0.967
900,30,1,0.25,0.3,60,0,0,1,0,1,0,280,67.5,1.025,190,63.7,0.857,200,63.5,0.833
900,30,1,0.25,0.3,60,0,0,1,1,0,0,434,66.8,0.93,295,67.8,0.988,293,66.2,0.929
900,30,1,0.25,0.3,60,0,0,1,1,0,1,214,64.5,0.826,146,65.1,0.84,139,64.7,0.846
900,30,1,0.25,0.3,60,0,0,1,1,0,-1,220,69.1,1.055,148,70.3,1.159,152,67.8,1.034
900,30,1,0.25,0.3,60,0,0,1,1,1,0,253,68.4,1.058,172,63.4,0.854,187,63.6,0.868
900,30,1,0.25,0.3,60,0,0,-1,0,0,0,501,62.1,0.717,348,65.5,1.047,329,67.2,1.133
900,30,1,0.25,0.3,60,0,0,-1,0,0,1,247,60.7,0.657,158,68.4,1.14,154,69.5,1.148
900,30,1,0.25,0.3,60,0,0,-1,0,0,-1,252,63.9,0.811,190,63.2,0.97,173,64.7,1.099
900,30,1,0.25,0.3,60,0,0,-1,0,1,0,304,60.9,0.683,205,64.9,0.98,210,66.2,1.063
900,30,1,0.25,0.3,60,0,0,-1,-1,0,0,446,63.2,0.772,314,65.0,1.009,307,67.1,1.129
900,30,1,0.25,0.3,60,0,0,-1,-1,0,1,223,62.3,0.718,146,66.4,1.026,143,68.5,1.101
900,30,1,0.25,0.3,60,0,0,-1,-1,0,-1,221,64.7,0.868,168,63.7,0.992,162,65.4,1.135
900,30,1,0.25,0.3,60,0,0,-1,-1,1,0,271,63.1,0.768,188,66.0,1.027,194,66.5,1.077
900,30,1,0.25,0.3,60,0,1,0,0,0,0,326,70.2,1.129,264,64.4,0.951,263,62.4,0.879
900,30,1,0.25,0.3,60,0,-1,0,0,0,0,653,61.3,0.701,416,68.3,1.054,391,69.3,1.085
900,30,1,0.25,0.3,60,0,-1,0,0,0,1,331,60.4,0.644,191,71.2,1.127,178,73.0,1.192
900,30,1,0.25,0.3,60,0,-1,0,0,0,-1,321,62.0,0.768,223,65.5,0.977,207,65.7,0.986
900,30,1,0.25,0.3,60,0,-1,0,0,1,0,389,59.6,0.64,235,66.8,0.972,237,67.5,0.991
900,30,1,0.25,0.3,60,0,-1,0,0,1,1,211,62.6,0.731,115,72.2,1.162,112,74.1,1.245
900,30,1,0.25,0.3,60,0,-1,0,0,2,0,264,63.6,0.802,181,70.2,1.173,154,72.1,1.252
900,30,1,0.25,0.3,60,0,-1,0,1,0,0,309,60.5,0.667,191,71.7,1.071,183,70.5,1.028
900,30,1,0.25,0.3,60,0,-1,0,-1,0,0,344,61.9,0.734,225,65.3,1.039,207,68.1,1.137
900,30,1,0.25,0.3,60,0,-1,0,-1,1,0,215,59.5,0.651,133,65.4,1.018,127,66.9,1.057
900,30,1,0.25,0.3,60,0,-1,1,0,0,0,299,61.2,0.71,199,70.4,0.975,188,69.1,0.916
900,30,1,0.25,0.3,60,0,-1,1,1,0,0,271,61.3,0.712,172,70.9,0.997,169,70.4,1.004
900,30,1,0.25,0.3,60,0,-1,-1,0,0,0,353,61.2,0.691,216,66.2,1.132,201,69.2,1.284
900,30,1,0.25,0.3,60,0,-1,-1,0,1,0,218,58.7,0.607,131,66.4,1.104,130,68.5,1.21
900,30,1,0.25,0.3,60,0,-1,-1,-1,0,0,316,62.0,0.738,198,65.2,1.072,187,69.0,1.277
900,30,1,0.25,0.3,60,1,0,0,0,0,0,438,61.2,0.723,299,64.5,0.908,266,63.9,0.882
900,30,1,0.25,0.3,60,1,0,0,0,0,1,272,60.3,0.686,186,64.0,0.839,160,61.3,0.72
900,30,1,0.25,0.3,60,1,0,0,0,1,0,266,62.4,0.805,176,62.5,0.854,162,61.7,0.85
900,30,1,0.25,0.3,60,1,0,0,1,0,0,224,59.8,0.723,153,64.7,0.87,135,62.2,0.781
900,30,1,0.25,0.3,60,1,0,0,-1,0,0,214,62.6,0.722,146,64.4,0.951,131,65.6,1.002
900,30,1,0.25,0.3,60,1,0,1,0,0,0,218,61.5,0.811,154,65.6,0.878,135,63.0,0.771
900,30,1,0.25,0.3,60,1,0,1,1,0,0,202,60.9,0.776,138,64.5,0.843,123,62.6,0.771
900,30,1,0.25,0.3,60,1,0,-1,0,0,0,220,60.9,0.65,145,63.4,0.943,131,64.9,1.019
900,30,1,0.25,0.3,60,1,-1,0,0,0,0,276,56.2,0.565,176,65.9,0.949,151,68.2,1.038
900,30,1,0.25,0.3,60,-1,0,0,0,0,0,501,66.7,0.9,362,68.0,1.091,311,68.5,1.128
900,30,1,0.25,0.3,60,-1,0,0,0,0,-1,311,68.2,1.012,237,67.1,1.028,198,67.2,1.062
900,30,1,0.25,0.3,60,-1,0,0,0,1,0,282,64.5,0.809,204,65.2,0.961,183,66.7,1.013
900,30,1,0.25,0.3,60,-1,0,0,0,2,0,219,69.4,1.04,158,71.5,1.295,128,71.1,1.327
900,30,1,0.25,0.3,60,-1,0,0,0,2,-1,207,70.0,1.111,151,71.5,1.269,122,71.3,1.291
900,30,1,0.25,0.3,60,-1,0,0,1,0,0,248,69.0,0.956,166,71.7,1.281,151,68.9,1.066
900,30,1,0.25,0.3,60,-1,0,0,-1,0,0,253,64.4,0.845,196,64.8,0.957,159,67.9,1.182
900,30,1,0.25,0.3,60,-1,0,1,0,0,0,239,70.3,1.048,168,70.2,1.091,158,68.4,1.005
900,30,1,0.25,0.3,60,-1,0,1,1,0,0,217,71.4,1.118,149,71.1,1.198,145,69.0,1.08
900,30,1,0.25,0.3,60,-1,0,-1,0,0,0,262,63.4,0.785,194,66.0,1.091,153,68.6,1.278
900,30,1,0.25,0.3,60,-1,0,-1,-1,0,0,231,64.9,0.879,177,65.0,1.016,146,68.5,1.297
900,30,1,0.25,0.3,60,-1,-1,0,0,0,0,350,64.3,0.838,227,69.2,1.124,187,70.6,1.228
900,30,1,0.25,0.3,60,-1,-1,0,0,0,-1,209,65.1,0.986,150,66.0,0.997,122,67.2,1.116
900,30,1,0.25,0.3,60,-1,-1,0,0,1,0,201,60.7,0.66,127,67.7,1.035,108,71.3,1.227
900,60,0,0.15,1.0,60,0,0,0,0,0,0,979,50.4,1.012,680,48.8,0.901,653,48.9,0.92
900,60,0,0.15,1.0,60,0,0,0,0,0,1,491,47.5,0.896,352,48.0,0.883,338,48.8,0.929
900,60,0,0.15,1.0,60,0,0,0,0,0,-1,484,53.5,1.146,326,49.4,0.904,308,49.0,0.912
900,60,0,0.15,1.0,60,0,0,0,0,1,0,584,52.9,1.172,395,50.1,0.934,408,49.8,0.952
900,60,0,0.15,1.0,60,0,0,0,0,1,1,271,53.1,1.152,203,51.2,0.936,212,52.4,1.04
900,60,0,0.15,1.0,60,0,0,0,0,1,-1,313,52.7,1.189,192,49.0,0.932,196,46.9,0.875
900,60,0,0.15,1.0,60,0,0,0,0,2,0,395,46.6,0.823,285,47.0,0.857,245,47.3,0.872
900,60,0,0.15,1.0,60,0,0,0,0,2,1,220,40.5,0.646,149,43.6,0.819,126,42.9,0.785
900,60,0,0.15,1.0,60,0,0,0,1,0,0,506,51.2,1.098,362,49.2,0.921,351,48.4,0.898
900,60,0,0.15,1.0,60,0,0,0,1,0,1,253,47.4,0.875,192,52.1,1.05,184,51.1,0.997
900,60,0,0.15,1.0,60,0,0,0,1,0,-1,253,54.9,1.348,169,45.6,0.795,162,46.3,0.824
900,60,0,0.15,1.0,60,0,0,0,1,1,0,301,53.2,1.284,217,48.4,0.87,221,49.8,0.961
900,60,0,0.15,1.0,60,0,0,0,1,2,0,205,48.3,0.882,145,50.3,0.998,130,46.2,0.809
900,60,0,0.15,1.0,60,0,0,0,-1,0,0,473,49.5,0.933,318,48.4,0.878,301,49.2,0.941
900,60,0,0.15,1.0,60,0,0,0,-1,0,1,238,47.5,0.917,160,43.1,0.732,154,46.1,0.859
900,60,0,0.15,1.0,60,0,0,0,-1,0,-1,231,51.9,0.971,157,53.5,1.046,145,51.7,1.01
900,60,0,0.15,1.0,60,0,0,0,-1,1,0,283,52.7,1.071,178,52.2,1.014,186,49.5,0.935
900,60,0,0.15,1.0,60,0,0,1,0,0,0,519,51.3,1.111,363,48.5,0.863,348,48.3,0.886
900,60,0,0.15,1.0,60,0,0,1,0,0,1,259,47.1,0.893,193,51.3,0.976,180,51.7,1.004
900,60,0,0.15,1.0,60,0,0,1,0,0,-1,260,55.4,1.357,170,45.3,0.764,165,45.5,0.814
900,60,0,0.15,1.0,60,0,0,1,0,1,0,307,53.4,1.303,222,49.1,0.872,222,50.5,0.951
900,60,0,0.15,1.0,60,0,0,1,0,2,0,212,48.1,0.888,141,47.5,0.849,126,44.4,0.789
900,60,0,0.15,1.0,60,0,0,1,1,0,0,464,51.3,1.115,327,49.2,0.922,323,48.3,0.881
900,60,0,0.15,1.0,60,0,0,1,1,0,1,229,46.7,0.864,173,52.6,1.05,169,52.1,1.011
900,60,0,0.15,1.0,60,0,0,1,1,0,-1,235,55.7,1.402,154,45.5,0.81,151,45.0,0.799
900,60,0,0.15,1.0,60,0,0,1,1,1,0,274,53.6,1.326,202,48.0,0.862,207,49.8,0.934
900,60,0,0.15,1.0,60,0,0,-1,0,0,0,458,49.3,0.917,316,49.1,0.935,302,49.3,0.948
900,60,0,0.15,1.0,60,0,0,-1,0,0,1,232,47.8,0.899,159,44.0,0.795,158,45.6,0.86
900,60,0,0.15,1.0,60,0,0,-1,0,0,-1,224,51.3,0.954,156,53.8,1.097,143,53.1,1.043
900,60,0,0.15,1.0,60,0,0,-1,0,1,0,277,52.3,1.047,173,51.4,1.012,186,48.9,0.954
900,60,0,0.15,1.0,60,0,0,-1,-1,0,0,416,49.3,0.917,282,49.3,0.946,276,49.3,0.94
900,60,0,0.15,1.0,60,0,0,-1,-1,0,1,208,47.1,0.89,140,43.6,0.767,143,46.2,0.858
900,60,0,0.15,1.0,60,0,0,-1,-1,0,-1,206,51.9,0.965,141,54.6,1.163,132,52.3,1.02
900,60,0,0.15,1.0,60,0,0,-1,-1,1,0,250,52.8,1.06,158,51.3,1.016,172,48.8,0.924
900,60,0,0.15,1.0,60,0,1,0,0,0,0,711,52.5,1.112,474,47.3,0.874,435,46.9,0.877
900,60,0,0.15,1.0,60,0,1,0,0,0,1,346,50.9,1.083,248,47.2,0.875,228,47.4,0.925
900,60,0,0.15,1.0,60,0,1,0,0,0,-1,362,54.4,1.157,225,47.1,0.864,203,46.8,0.84
900,60,0,0.15,1.0,60,0,1,0,0,1,0,422,55.7,1.351,278,49.3,0.933,267,48.7,0.943
900,60,0,0.15,1.0,60,0,1,0,0,1,-1,233,54.9,1.276,136,47.1,0.912,127,44.9,0.807
900,60,0,0.15,1.0,60,0,1,0,0,2,0,289,47.8,0.85,196,44.4,0.798,168,44.0,0.787
900,60,0,0.15,1.0,60,0,1,0,1,0,0,382,52.6,1.199,260,46.9,0.865,237,46.0,0.812
900,60,0,0.15,1.0,60,0,1,0,1,1,0,233,54.5,1.463,160,48.8,0.905,150,48.7,0.9
900,60,0,0.15,1.0,60,0,1,0,-1,0,0,329,52.3,1.029,214,47.7,0.884,197,47.7,0.949
900,60,0,0.15,1.0,60,0,1,1,0,0,0,391,52.2,1.165,253,47.4,0.887,234,46.6,0.85
900,60,0,0.15,1.0,60,0,1,1,0,0,-1,200,54.0,1.274,116,43.1,0.76,109,42.2,0.716
900,60,0,0.15,1.0,60,0,1,1,0,1,0,236,53.8,1.386,161,50.3,0.953,152,50.0,0.932
900,60,0,0.15,1.0,60,0,1,1,1,0,0,349,52.4,1.202,233,47.6,0.909,218,45.9,0.809
900,60,0,0.15,1.0,60,0,1,1,1,1,0,211,54.5,1.474,149,49.0,0.924,142,48.6,0.868
900,60,0,0.15,1.0,60,0,1,-1,0,0,0,319,53.0,1.057,221,47.1,0.86,200,47.5,0.909
900,60,0,0.15,1.0,60,0,1,-1,-1,0,0,286,52.8,1.048,194,47.9,0.91,182,47.3,0.914
900,60,0,0.15,1.0,60,0,-1,0,0,0,0,268,44.8,0.782,206,52.4,0.969,218,52.8,1.017
900,60,0,0.15,1.0,60,1,0,0,0,0,0,510,46.5,0.875,360,46.9,0.86,311,47.9,0.891
900,60,0,0.15,1.0,60,1,0,0,0,0,1,312,43.6,0.747,234,48.7,1.002,200,49.5,1.0
900,60,0,0.15,1.0,60,1,0,0,0,1,0,288,50.7,1.068,209,49.3,0.892,186,50.5,0.942
900,60,0,0.15,1.0,60,1,0,0,0,2,0,222,41.0,0.666,151,43.7,0.82,125,44.0,0.827
900,60,0,0.15,1.0,60,1,0,0,0,2,1,211,40.3,0.65,143,44.1,0.862,119,43.7,0.825
900,60,0,0.15,1.0,60,1,0,0,1,0,0,266,45.5,0.819,200,49.0,0.921,171,49.1,0.861
900,60,0,0.15,1.0,60,1,0,0,-1,0,0,244,47.5,0.931,160,44.4,0.791,139,46.0,0.918
900,60,0,0.15,1.0,60,1,0,1,0,0,0,275,45.5,0.829,200,48.5,0.844,166,49.4,0.894
900,60,0,0.15,1.0,60,1,0,1,1,0,0,241,44.4,0.794,179,49.2,0.923,156,49.4,0.874
900,60,0,0.15,1.0,60,1,0,-1,0,0,0,235,47.7,0.927,160,45.0,0.878,145,46.2,0.888
900,60,0,0.15,1.0,60,1,0,-1,-1,0,0,210,46.7,0.909,139,44.6,0.874,130,46.2,0.907
900,60,0,0.15,1.0,60,1,1,0,0,0,0,383,48.3,0.948,255,43.9,0.821,211,44.5,0.837
900,60,0,0.15,1.0,60,1,1,0,0,0,1,226,46.5,0.884,167,46.7,0.94,140,47.1,0.93
900,60,0,0.15,1.0,60,1,1,0,0,1,0,221,51.1,1.11,150,46.7,0.863,125,47.2,0.868
900,60,0,0.15,1.0,60,1,1,0,1,0,0,201,47.8,0.892,150,46.7,0.871,121,46.3,0.798
900,60,0,0.15,1.0,60,1,1,1,0,0,0,208,46.6,0.841,144,47.2,0.886,118,47.5,0.88
900,60,0,0.15,1.0,60,-1,0,0,0,0,0,429,56.2,1.256,301,51.8,0.991,265,54.3,1.105
900,60,0,0.15,1.0,60,-1,0,0,0,0,-1,271,56.1,1.236,189,54.5,1.184,158,57.6,1.358
900,60,0,0.15,1.0,60,-1,0,0,0,1,0,260,57.3,1.429,171,53.2,1.086,157,56.7,1.253
900,60,0,0.15,1.0,60,-1,0,0,1,0,0,218,58.7,1.565,152,52.0,1.035,141,51.1,0.989
900,60,0,0.15,1.0,60,-1,0,0,-1,0,0,211,53.6,1.004,149,51.7,0.949,124,58.1,1.243
900,60,0,0.15,1.0,60,-1,0,1,0,0,0,224,58.9,1.612,153,51.0,0.997,142,51.4,1.012
900,60,0,0.15,1.0,60,-1,0,1,1,0,0,205,59.5,1.64,140,52.1,1.044,132,50.8,0.966
900,60,0,0.15,1.0,60,-1,0,-1,0,0,0,205,53.2,0.964,148,52.7,0.985,123,57.7,1.22
900,60,0,0.15,1.0,60,-1,1,0,0,0,0,300,59.7,1.424,206,52.4,0.98,175,54.3,1.046
900,60,1,0.15,0.6,60,0,0,0,0,0,0,979,57.2,0.878,680,56.5,0.903,653,56.7,0.917
900,60,1,0.15,0.6,60,0,0,0,0,0,1,484,53.1,0.715,326,55.8,0.855,308,55.5,0.862
900,60,1,0.15,0.6,60,0,0,0,0,0,-1,491,61.1,1.08,352,57.4,0.966,338,57.7,0.978
900,60,1,0.15,0.6,60,0,0,0,0,1,0,584,55.1,0.785,395,56.5,0.895,408,57.1,0.925
900,60,1,0.15,0.6,60,0,0,0,0,1,1,313,53.7,0.72,192,56.8,0.855,196,57.7,0.907
900,60,1,0.15,0.6,60,0,0,0,0,1,-1,271,56.8,0.868,203,56.2,0.935,212,56.6,0.942
900,60,1,0.15,0.6,60,0,0,0,0,2,0,395,60.3,1.036,285,56.5,0.913,245,55.9,0.905
900,60,1,0.15,0.6,60,0,0,0,0,2,-1,220,66.4,1.461,149,59.1,1.009,126,59.5,1.035
900,60,1,0.15,0.6,60,0,0,0,1,0,0,473,60.5,0.971,318,58.5,0.958,301,57.5,0.918
900,60,1,0.15,0.6,60,0,0,0,1,0,1,231,56.7,0.808,157,54.1,0.793,145,53.8,0.798
900,60,1,0.15,0.6,60,0,0,0,1,0,-1,238,63.9,1.144,160,63.1,1.163,154,61.7,1.078
900,60,1,0.15,0.6,60,0,0,0,1,1,0,283,58.0,0.841,178,55.6,0.838,186,58.1,0.934
900,60,1,0.15,0.6,60,0,0,0,-1,0,0,506,54.2,0.796,362,54.7,0.854,351,55.8,0.913
900,60,1,0.15,0.6,60,0,0,0,-1,0,1,253,49.8,0.639,169,57.4,0.915,162,56.8,0.918
900,60,1,0.15,0.6,60,0,0,0,-1,0,-1,253,58.5,1.017,192,52.6,0.812,184,54.3,0.895
900,60,1,0.15,0.6,60,0,0,0,-1,1,0,301,52.5,0.734,217,57.1,0.95,221,56.1,0.911
900,60,1,0.15,0.6,60,0,0,0,-1,2,0,205,56.6,0.896,145,51.0,0.733,130,55.4,0.915
900,60,1,0.15,0.6,60,0,0,1,0,0,0,458,60.7,0.992,316,57.0,0.867,302,56.3,0.874
900,60,1,0.15,0.6,60,0,0,1,0,0,1,224,57.6,0.835,156,52.6,0.727,143,50.3,0.716
900,60,1,0.15,0.6,60,0,0,1,0,0,-1,232,63.4,1.167,159,61.6,1.035,158,62.0,1.057
900,60,1,0.15,0.6,60,0,0,1,0,1,0,277,58.5,0.88,173,56.1,0.829,186,57.5,0.905
900,60,1,0.15,0.6,60,0,0,1,1,0,0,416,61.3,1.02,282,57.8,0.894,276,56.9,0.895
900,60,1,0.15,0.6,60,0,0,1,1,0,1,206,57.3,0.836,141,53.2,0.73,132,51.5,0.732
900,60,1,0.15,0.6,60,0,0,1,1,0,-1,208,64.9,1.234,140,62.9,1.101,143,62.2,1.096
900,60,1,0.15,0.6,60,0,0,1,1,1,0,250,58.8,0.89,158,57.0,0.84,172,58.7,0.946
900,60,1,0.15,0.6,60,0,0,-1,0,0,0,519,54.1,0.784,363,56.2,0.945,348,57.2,0.97
900,60,1,0.15,0.6,60,0,0,-1,0,0,1,260,49.2,0.625,170,58.8,0.987,165,60.0,1.011
900,60,1,0.15,0.6,60,0,0,-1,0,0,-1,259,59.1,1.005,193,53.9,0.905,180,53.9,0.905
900,60,1,0.15,0.6,60,0,0,-1,0,1,0,307,52.1,0.709,222,56.8,0.956,222,56.8,0.943
900,60,1,0.15,0.6,60,0,0,-1,0,2,0,212,57.1,0.912,141,55.3,0.929,126,57.9,1.016
900,60,1,0.15,0.6,60,0,0,-1,-1,0,0,464,54.1,0.801,327,55.4,0.885,323,56.3,0.943
900,60,1,0.15,0.6,60,0,0,-1,-1,0,1,235,48.9,0.627,154,58.4,0.939,151,58.3,0.947
900,60,1,0.15,0.6,60,0,0,-1,-1,0,-1,229,59.4,1.06,173,52.6,0.836,169,53.8,0.911
900,60,1,0.15,0.6,60,0,0,-1,-1,1,0,274,52.2,0.731,202,57.9,0.971,207,57.0,0.949
900,60,1,0.15,0.6,60,0,1,0,0,0,0,268,62.7,1.119,206,51.5,0.827,218,51.4,0.82
900,60,1,0.15,0.6,60,0,-1,0,0,0,0,711,55.1,0.807,474,58.6,0.936,435,59.3,0.969
900,60,1,0.15,0.6,60,0,-1,0,0,0,1,362,52.5,0.72,225,58.2,0.887,203,58.6,0.943
900,60,1,0.15,0.6,60,0,-1,0,0,0,-1,346,57.5,0.901,248,59.3,0.997,228,59.6,0.988
900,60,1,0.15,0.6,60,0,-1,0,0,1,0,422,52.4,0.703,278,57.6,0.884,267,58.4,0.914
900,60,1,0.15,0.6,60,0,-1,0,0,1,1,233,52.4,0.712,136,58.8,0.858,127,60.6,0.979
900,60,1,0.15,0.6,60,0,-1,0,0,2,0,289,59.2,0.989,196,60.2,1.015,168,60.7,1.059
900,60,1,0.15,0.6,60,0,-1,0,1,0,0,329,57.4,0.847,214,60.3,0.967,197,59.9,0.943
900,60,1,0.15,0.6,60,0,-1,0,-1,0,0,382,53.1,0.771,260,57.3,0.91,237,58.6,0.987
900,60,1,0.15,0.6,60,0,-1,0,-1,1,0,233,51.1,0.687,160,57.5,0.91,150,57.3,0.909
900,60,1,0.15,0.6,60,0,-1,1,0,0,0,319,57.1,0.838,221,60.2,0.95,200,59.5,0.921
900,60,1,0.15,0.6,60,0,-1,1,1,0,0,286,57.7,0.865,194,60.3,0.951,182,59.9,0.941
900,60,1,0.15,0.6,60,0,-1,-1,0,0,0,391,53.5,0.777,253,57.3,0.923,234,59.0,1.012
900,60,1,0.15,0.6,60,0,-1,-1,0,0,1,200,50.0,0.673,116,60.3,0.988,109,63.3,1.195
900,60,1,0.15,0.6,60,0,-1,-1,0,1,0,236,52.1,0.714,161,55.9,0.87,152,57.2,0.926
900,60,1,0.15,0.6,60,0,-1,-1,-1,0,0,349,53.3,0.786,233,57.1,0.906,218,58.7,1.01
900,60,1,0.15,0.6,60,0,-1,-1,-1,1,0,211,51.7,0.712,149,57.0,0.901,142,57.7,0.961
900,60,1,0.15,0.6,60,1,0,0,0,0,0,429,52.4,0.723,301,53.5,0.802,265,51.7,0.781
900,60,1,0.15,0.6,60,1,0,0,0,0,1,271,50.9,0.681,189,50.8,0.657,158,46.2,0.573
900,60,1,0.15,0.6,60,1,0,0,0,1,0,260,52.7,0.73,171,53.2,0.779,157,51.0,0.748
900,60,1,0.15,0.6,60,1,0,0,1,0,0,211,54.5,0.815,149,55.7,0.879,124,49.2,0.706
900,60,1,0.15,0.6,60,1,0,0,-1,0,0,218,50.5,0.646,152,51.3,0.729,141,53.9,0.858
900,60,1,0.15,0.6,60,1,0,1,0,0,0,205,56.1,0.88,148,53.4,0.797,123,48.8,0.703
900,60,1,0.15,0.6,60,1,0,-1,0,0,0,224,49.1,0.607,153,53.6,0.807,142,54.2,0.859
900,60,1,0.15,0.6,60,1,0,-1,-1,0,0,205,49.3,0.623,140,52.9,0.76,132,54.5,0.864
900,60,1,0.15,0.6,60,1,-1,0,0,0,0,300,49.3,0.65,206,53.9,0.818,175,52.6,0.817
900,60,1,0.15,0.6,60,-1,0,0,0,0,0,510,60.6,1.007,360,58.6,0.982,311,58.2,0.97
900,60,1,0.15,0.6,60,-1,0,0,0,0,-1,312,64.1,1.275,234,56.8,0.882,200,56.0,0.868
900,60,1,0.15,0.6,60,-1,0,0,0,1,0,288,56.2,0.787,209,57.9,0.955,186,57.5,0.949
900,60,1,0.15,0.6,60,-1,0,0,0,2,0,222,66.2,1.438,151,59.6,1.018,125,59.2,0.999
900,60,1,0.15,0.6,60,-1,0,0,0,2,-1,211,66.4,1.456,143,58.7,0.968,119,58.8,0.994
900,60,1,0.15,0.6,60,-1,0,0,1,0,0,244,64.3,1.075,160,62.5,1.091,139,61.9,0.997
900,60,1,0.15,0.6,60,-1,0,0,-1,0,0,266,57.1,0.941,200,55.5,0.898,171,55.0,0.941
900,60,1,0.15,0.6,60,-1,0,1,0,0,0,235,63.4,1.061,160,61.3,0.965,145,60.0,0.949
900,60,1,0.15,0.6,60,-1,0,1,1,0,0,210,65.7,1.149,139,61.9,1.004,130,60.8,0.976
900,60,1,0.15,0.6,60,-1,0,-1,0,0,0,275,58.2,0.96,200,56.5,0.996,166,56.6,0.99
900,60,1,0.15,0.6,60,-1,0,-1,-1,0,0,241,58.5,1.003,179,55.3,0.92,156,55.1,0.964
900,60,1,0.15,0.6,60,-1,-1,0,0,0,0,383,58.5,0.931,255,62.0,1.033,211,62.6,1.074
900,60,1,0.15,0.6,60,-1,-1,0,0,0,-1,226,60.2,1.06,167,60.5,0.993,140,60.0,0.997
900,60,1,0.15,0.6,60,-1,-1,0,0,1,0,221,54.8,0.746,150,60.0,0.954,125,61.6,1.049
900,60,1,0.15,0.6,60,-1,-1,0,-1,0,0,201,55.2,0.916,150,58.7,0.968,121,59.5,1.092
900,60,1,0.15,0.6,60,-1,-1,-1,0,0,0,208,56.7,0.958,144,58.3,0.982,118,60.2,1.102
930,-2,0,0.15,0.3,60,0,0,0,0,0,0,979,69.5,0.918,680,62.1,0.712,655,62.3,0.729
930,-2,0,0.15,0.3,60,0,0,0,0,0,1,480,67.9,0.856,340,63.8,0.761,322,64.3,0.795
930,-2,0,0.15,0.3,60,0,0,0,0,0,-1,495,70.9,0.983,338,60.1,0.661,326,59.8,0.656
930,-2,0,0.15,0.3,60,0,0,0,0,1,0,584,71.1,0.988,395,60.0,0.635,410,61.7,0.703
930,-2,0,0.15,0.3,60,0,0,0,0,1,1,285,71.6,1.064,195,64.1,0.72,204,65.7,0.849
930,-2,0,0.15,0.3,60,0,0,0,0,1,-1,299,70.6,0.924,200,56.0,0.562,206,57.8,0.591
930,-2,0,0.15,0.3,60,0,0,0,0,2,0,395,67.1,0.829,285,64.9,0.837,245,63.3,0.772
930,-2,0,0.15,0.3,60,0,0,0,1,0,0,503,66.4,0.79,344,64.2,0.769,314,62.7,0.717
930,-2,0,0.15,0.3,60,0,0,0,1,0,1,245,64.5,0.724,177,65.5,0.812,157,65.0,0.785
930,-2,0,0.15,0.3,60,0,0,0,1,0,-1,256,68.0,0.845,166,62.7,0.722,152,59.9,0.631
930,-2,0,0.15,0.3,60,0,0,0,1,1,0,319,67.4,0.823,199,59.8,0.57,194,59.8,0.603
930,-2,0,0.15,0.3,60,0,0,0,-1,0,0,476,72.7,1.083,336,59.8,0.657,340,61.8,0.738
930,-2,0,0.15,0.3,60,0,0,0,-1,0,1,235,71.5,1.02,163,62.0,0.71,165,63.6,0.805
930,-2,0,0.15,0.3,60,0,0,0,-1,0,-1,239,74.1,1.173,172,57.6,0.606,173,59.5,0.676
930,-2,0,0.15,0.3,60,0,0,0,-1,1,0,265,75.5,1.267,196,60.2,0.708,215,63.3,0.813
930,-2,0,0.15,0.3,60,0,0,0,-1,2,0,211,69.2,0.916,140,59.3,0.591,125,59.2,0.635
930,-2,0,0.15,0.3,60,0,0,1,0,0,0,497,67.4,0.841,327,63.0,0.715,310,61.3,0.673
930,-2,0,0.15,0.3,60,0,0,1,0,0,1,242,65.7,0.77,169,63.3,0.778,153,62.1,0.735
930,-2,0,0.15,0.3,60,0,0,1,0,0,-1,254,68.9,0.909,158,62.7,0.659,155,60.6,0.617
930,-2,0,0.15,0.3,60,0,0,1,0,1,0,313,69.0,0.884,194,59.3,0.576,199,59.3,0.572
930,-2,0,0.15,0.3,60,0,0,1,1,0,0,451,67.4,0.825,300,64.3,0.77,285,61.8,0.693
930,-2,0,0.15,0.3,60,0,0,1,1,0,1,219,66.2,0.778,155,64.5,0.825,143,63.6,0.76
930,-2,0,0.15,0.3,60,0,0,1,1,0,-1,231,68.4,0.865,145,64.1,0.721,140,60.0,0.631
930,-2,0,0.15,0.3,60,0,0,1,1,1,0,286,68.5,0.847,179,60.9,0.616,182,59.3,0.578
930,-2,0,0.15,0.3,60,0,0,-1,0,0,0,480,71.5,1.002,352,61.1,0.705,342,62.9,0.774
930,-2,0,0.15,0.3,60,0,0,-1,0,0,1,238,70.2,0.957,171,64.3,0.745,169,66.3,0.854
930,-2,0,0.15,0.3,60,0,0,-1,0,0,-1,241,73.0,1.072,180,57.8,0.664,171,59.1,0.696
930,-2,0,0.15,0.3,60,0,0,-1,0,1,0,271,73.4,1.139,201,60.7,0.697,211,64.0,0.869
930,-2,0,0.15,0.3,60,0,0,-1,0,2,0,209,68.9,0.868,151,61.6,0.716,131,61.1,0.654
930,-2,0,0.15,0.3,60,0,0,-1,-1,0,0,429,73.2,1.089,309,60.8,0.701,316,62.3,0.767
930,-2,0,0.15,0.3,60,0,0,-1,-1,0,1,212,72.6,1.072,149,63.1,0.745,155,65.2,0.835
930,-2,0,0.15,0.3,60,0,0,-1,-1,0,-1,216,74.1,1.135,159,58.5,0.655,159,59.1,0.699
930,-2,0,0.15,0.3,60,0,0,-1,-1,1,0,238,75.6,1.247,181,61.9,0.772,199,63.8,0.849
930,-2,0,0.15,0.3,60,0,1,0,0,0,0,813,70.7,1.005,546,60.3,0.628,547,60.7,0.654
930,-2,0,0.15,0.3,60,0,1,0,0,0,1,400,69.5,0.956,279,62.7,0.698,270,62.6,0.709
930,-2,0,0.15,0.3,60,0,1,0,0,0,-1,411,71.8,1.047,265,57.4,0.559,271,58.3,0.592
930,-2,0,0.15,0.3,60,0,1,0,0,1,0,497,73.0,1.123,319,59.2,0.571,346,61.3,0.652
930,-2,0,0.15,0.3,60,0,1,0,0,1,1,240,75.0,1.332,163,64.4,0.69,176,64.8,0.771
930,-2,0,0.15,0.3,60,0,1,0,0,1,-1,257,71.2,0.973,156,53.8,0.47,170,57.6,0.556
930,-2,0,0.15,0.3,60,0,1,0,0,2,0,316,67.1,0.855,227,61.7,0.718,201,59.7,0.656
930,-2,0,0.15,0.3,60,0,1,0,1,0,0,431,68.2,0.886,283,63.3,0.713,269,62.1,0.693
930,-2,0,0.15,0.3,60,0,1,0,1,0,1,206,67.5,0.857,149,63.1,0.708,135,62.2,0.709
930,-2,0,0.15,0.3,60,0,1,0,1,0,-1,224,68.8,0.905,133,63.2,0.71,130,61.5,0.659
930,-2,0,0.15,0.3,60,0,1,0,1,1,0,276,69.6,0.936,170,59.4,0.543,174,60.9,0.622
930,-2,0,0.15,0.3,60,0,1,0,-1,0,0,382,73.6,1.166,263,57.0,0.549,277,59.2,0.615
930,-2,0,0.15,0.3,60,0,1,0,-1,1,0,221,77.4,1.454,149,59.1,0.605,171,61.4,0.681
930,-2,0,0.15,0.3,60,0,1,1,0,0,0,430,67.4,0.868,269,61.7,0.675,264,60.6,0.654
930,-2,0,0.15,0.3,60,0,1,1,0,0,1,205,67.3,0.852,142,61.3,0.7,132,59.8,0.683
930,-2,0,0.15,0.3,60,0,1,1,0,0,-1,225,67.6,0.882,127,62.2,0.65,131,61.8,0.635
930,-2,0,0.15,0.3,60,0,1,1,0,1,0,272,69.1,0.921,166,59.6,0.56,177,60.5,0.592
930,-2,0,0.15,0.3,60,0,1,1,1,0,0,391,68.0,0.872,247,63.6,0.738,243,61.3,0.676
930,-2,0,0.15,0.3,60,0,1,1,1,0,-1,207,67.6,0.857,117,65.0,0.739,119,62.2,0.667
930,-2,0,0.15,0.3,60,0,1,1,1,1,0,251,69.3,0.908,152,61.2,0.594,163,60.7,0.599
930,-2,0,0.15,0.3,60,0,1,-1,0,0,0,381,74.3,1.195,276,58.7,0.583,280,60.4,0.641
930,-2,0,0.15,0.3,60,0,1,-1,0,1,0,225,77.8,1.485,153,58.8,0.583,169,62.1,0.726
930,-2,0,0.15,0.3,60,0,1,-1,-1,0,0,342,74.9,1.217,241,58.5,0.588,257,59.9,0.634
930,-2,0,0.15,0.3,60,0,1,-1,-1,1,0,200,78.5,1.504,135,60.7,0.653,158,62.0,0.702
930,-2,0,0.15,0.3,60,1,0,0,0,0,0,488,68.6,0.843,331,63.7,0.824,282,64.5,0.809
930,-2,0,0.15,0.3,60,1,0,0,0,0,1,296,66.9,0.79,213,66.7,0.904,176,68.2,0.951
930,-2,0,0.15,0.3,60,1,0,0,0,1,0,291,71.5,0.952,193,63.7,0.812,171,66.1,0.853
930,-2,0,0.15,0.3,60,1,0,0,1,0,0,256,66.4,0.757,178,66.9,0.814,137,64.2,0.61
930,-2,0,0.15,0.3,60,1,0,0,-1,0,0,232,71.1,0.942,153,60.1,0.835,144,64.6,1.098
930,-2,0,0.15,0.3,60,1,0,1,0,0,0,254,66.9,0.756,169,62.7,0.675,134,61.9,0.597
930,-2,0,0.15,0.3,60,1,0,1,1,0,0,229,66.4,0.737,156,64.7,0.712,124,62.9,0.587
930,-2,0,0.15,0.3,60,1,0,-1,0,0,0,234,70.5,0.949,162,64.8,1.028,148,66.9,1.102
930,-2,0,0.15,0.3,60,1,0,-1,-1,0,0,207,71.0,0.942,140,62.1,0.908,135,65.9,1.125
930,-2,0,0.15,0.3,60,1,1,0,0,0,0,424,68.9,0.859,280,61.4,0.717,246,63.0,0.73
930,-2,0,0.15,0.3,60,1,1,0,0,0,1,254,67.3,0.807,182,64.3,0.814,151,66.2,0.871
930,-2,0,0.15,0.3,60,1,1,0,0,1,0,257,72.8,1.017,167,62.3,0.706,155,65.2,0.767
930,-2,0,0.15,0.3,60,1,1,0,1,0,0,226,67.7,0.805,150,64.0,0.702,119,62.2,0.556
930,-2,0,0.15,0.3,60,1,1,1,0,0,0,224,67.4,0.787,144,59.7,0.584,119,60.5,0.563
930,-2,0,0.15,0.3,60,1,1,1,1,0,0,202,67.3,0.784,132,62.1,0.622,109,61.5,0.55
930,-2,0,0.15,0.3,60,1,1,-1,0,0,0,200,70.5,0.947,136,63.2,0.901,127,65.4,0.961
930,-2,0,0.15,0.3,60,-1,0,0,0,0,0,451,70.5,1.003,330,60.6,0.633,296,60.5,0.647
930,-2,0,0.15,0.3,60,-1,0,0,0,0,-1,287,71.1,1.029,210,61.4,0.664,183,62.3,0.717
930,-2,0,0.15,0.3,60,-1,0,0,0,1,0,257,71.2,1.033,187,56.1,0.512,174,58.0,0.576
930,-2,0,0.15,0.3,60,-1,0,0,1,0,0,230,66.5,0.81,159,62.9,0.769,138,61.6,0.786
930,-2,0,0.15,0.3,60,-1,0,0,-1,0,0,221,74.7,1.304,171,58.5,0.526,158,59.5,0.55
930,-2,0,0.15,0.3,60,-1,0,1,0,0,0,225,68.9,0.966,151,64.9,0.815,141,61.7,0.756
930,-2,0,0.15,0.3,60,-1,0,1,1,0,0,208,69.2,0.929,139,65.5,0.891,129,62.0,0.813
930,-2,0,0.15,0.3,60,-1,0,-1,0,0,0,226,72.1,1.044,179,57.0,0.518,155,59.4,0.564
930,-2,0,0.15,0.3,60,-1,0,-1,-1,0,0,204,75.5,1.277,159,58.5,0.549,146,59.6,0.57
930,-2,0,0.15,0.3,60,-1,1,0,0,0,0,361,73.1,1.214,252,59.5,0.57,238,58.8,0.578
930,-2,0,0.15,0.3,60,-1,1,0,0,0,-1,230,73.0,1.168,159,59.1,0.581,146,61.0,0.655
930,-2,0,0.15,0.3,60,-1,1,0,0,1,0,214,74.3,1.305,141,56.7,0.481,137,58.4,0.545
930,-2,0,0.25,1.0,60,0,0,0,0,0,0,979,49.4,1.002,680,45.7,0.845,655,44.4,0.829
930,-2,0,0.25,1.0,60,0,0,0,0,0,1,480,50.2,0.927,340,47.4,0.92,322,45.7,0.926
930,-2,0,0.25,1.0,60,0,0,0,0,0,-1,495,48.5,1.073,338,44.1,0.769,326,43.3,0.752
930,-2,0,0.25,1.0,60,0,0,0,0,1,0,584,50.5,1.029,395,43.5,0.786,410,43.9,0.791
930,-2,0,0.25,1.0,60,0,0,0,0,1,1,285,51.6,0.949,195,46.7,0.885,204,46.6,0.919
930,-2,0,0.25,1.0,60,0,0,0,0,1,-1,299,49.5,1.111,200,40.5,0.698,206,41.3,0.685
930,-2,0,0.25,1.0,60,0,0,0,0,2,0,395,47.8,0.965,285,48.8,0.932,245,45.3,0.893
930,-2,0,0.25,1.0,60,0,0,0,1,0,0,503,46.9,0.894,344,48.5,0.867,314,45.9,0.832
930,-2,0,0.25,1.0,60,0,0,0,1,0,1,245,50.2,0.966,177,49.7,0.874,157,47.8,0.977
930,-2,0,0.25,1.0,60,0,0,0,1,0,-1,256,43.4,0.816,166,47.6,0.864,152,44.7,0.751
930,-2,0,0.25,1.0,60,0,0,0,1,1,0,319,48.6,0.933,199,44.7,0.639,194,45.4,0.705
930,-2,0,0.25,1.0,60,0,0,0,-1,0,0,476,52.1,1.121,336,42.9,0.823,340,42.9,0.819
930,-2,0,0.25,1.0,60,0,0,0,-1,0,1,235,50.2,0.891,163,44.8,0.969,165,43.6,0.881
930,-2,0,0.25,1.0,60,0,0,0,-1,0,-1,239,54.0,1.415,172,40.7,0.686,173,41.6,0.738
930,-2,0,0.25,1.0,60,0,0,0,-1,1,0,265,52.8,1.147,196,42.3,0.952,215,42.3,0.859
930,-2,0,0.25,1.0,60,0,0,0,-1,2,0,211,51.2,1.09,140,43.6,0.664,125,44.0,0.759
930,-2,0,0.25,1.0,60,0,0,1,0,0,0,497,47.3,0.945,327,48.0,0.835,310,44.5,0.809
930,-2,0,0.25,1.0,60,0,0,1,0,0,1,242,50.0,0.979,169,48.5,0.882,153,44.4,0.881
930,-2,0,0.25,1.0,60,0,0,1,0,0,-1,254,44.5,0.9,158,47.5,0.791,155,45.2,0.781
930,-2,0,0.25,1.0,60,0,0,1,0,1,0,313,49.8,1.018,194,44.8,0.705,199,44.7,0.718
930,-2,0,0.25,1.0,60,0,0,1,1,0,0,451,46.8,0.899,300,49.0,0.856,285,44.6,0.802
930,-2,0,0.25,1.0,60,0,0,1,1,0,1,219,50.2,0.971,155,49.0,0.864,143,44.8,0.886
930,-2,0,0.25,1.0,60,0,0,1,1,0,-1,231,43.3,0.824,145,49.0,0.847,140,45.0,0.764
930,-2,0,0.25,1.0,60,0,0,1,1,1,0,286,48.6,0.914,179,45.8,0.688,182,44.5,0.672
930,-2,0,0.25,1.0,60,0,0,-1,0,0,0,480,51.5,1.058,352,43.8,0.854,342,44.4,0.851
930,-2,0,0.25,1.0,60,0,0,-1,0,0,1,238,50.4,0.878,171,46.2,0.952,169,46.7,0.966
930,-2,0,0.25,1.0,60,0,0,-1,0,0,-1,241,52.7,1.279,180,41.1,0.753,171,41.5,0.728
930,-2,0,0.25,1.0,60,0,0,-1,0,1,0,271,51.3,1.042,201,42.3,0.862,211,43.1,0.862
930,-2,0,0.25,1.0,60,0,0,-1,0,2,0,209,51.7,1.078,151,45.7,0.844,131,46.6,0.837
930,-2,0,0.25,1.0,60,0,0,-1,-1,0,0,429,52.0,1.088,309,43.4,0.84,316,43.0,0.822
930,-2,0,0.25,1.0,60,0,0,-1,-1,0,1,212,50.5,0.873,149,45.0,0.96,155,43.9,0.885
930,-2,0,0.25,1.0,60,0,0,-1,-1,0,-1,216,53.7,1.36,159,41.5,0.723,159,41.5,0.736
930,-2,0,0.25,1.0,60,0,0,-1,-1,1,0,238,51.7,1.033,181,43.1,0.951,199,42.2,0.837
930,-2,0,0.25,1.0,60,0,1,0,0,0,0,813,50.3,1.014,546,44.9,0.746,547,43.7,0.749
930,-2,0,0.25,1.0,60,0,1,0,0,0,1,400,50.2,0.878,279,47.0,0.81,270,45.6,0.834
930,-2,0,0.25,1.0,60,0,1,0,0,0,-1,411,50.1,1.152,265,42.6,0.68,271,41.7,0.667
930,-2,0,0.25,1.0,60,0,1,0,0,1,0,497,52.7,1.131,319,43.3,0.722,346,43.6,0.74
930,-2,0,0.25,1.0,60,0,1,0,0,1,1,240,53.3,0.987,163,46.0,0.808,176,46.0,0.847
930,-2,0,0.25,1.0,60,0,1,0,0,1,-1,257,52.1,1.28,156,40.4,0.641,170,41.2,0.649
930,-2,0,0.25,1.0,60,0,1,0,0,2,0,316,46.5,0.858,227,47.1,0.782,201,43.8,0.764
930,-2,0,0.25,1.0,60,0,1,0,1,0,0,431,48.5,0.911,283,48.4,0.776,269,46.1,0.796
930,-2,0,0.25,1.0,60,0,1,0,1,0,1,206,51.5,0.943,149,49.0,0.705,135,47.4,0.884
930,-2,0,0.25,1.0,60,0,1,0,1,0,-1,224,45.5,0.881,133,48.1,0.859,130,45.4,0.733
930,-2,0,0.25,1.0,60,0,1,0,1,1,0,276,50.7,0.99,170,44.7,0.635,174,46.6,0.726
930,-2,0,0.25,1.0,60,0,1,0,-1,0,0,382,52.4,1.129,263,41.1,0.718,277,41.2,0.702
930,-2,0,0.25,1.0,60,0,1,0,-1,1,0,221,55.2,1.311,149,41.6,0.826,171,40.4,0.739
930,-2,0,0.25,1.0,60,0,1,1,0,0,0,430,47.2,0.926,269,48.3,0.806,264,45.1,0.792
930,-2,0,0.25,1.0,60,0,1,1,0,0,1,205,50.2,0.955,142,48.6,0.792,132,44.7,0.844
930,-2,0,0.25,1.0,60,0,1,1,0,0,-1,225,44.4,0.903,127,48.0,0.82,131,45.8,0.75
930,-2,0,0.25,1.0,60,0,1,1,0,1,0,272,50.4,1.052,166,45.8,0.729,177,45.8,0.735
930,-2,0,0.25,1.0,60,0,1,1,1,0,0,391,47.3,0.886,247,49.8,0.83,243,45.3,0.787
930,-2,0,0.25,1.0,60,0,1,1,1,0,-1,207,44.0,0.826,117,50.4,0.896,119,46.2,0.754
930,-2,0,0.25,1.0,60,0,1,1,1,1,0,251,49.8,0.954,152,46.7,0.698,163,46.0,0.696
930,-2,0,0.25,1.0,60,0,1,-1,0,0,0,381,53.5,1.111,276,41.7,0.703,280,42.5,0.72
930,-2,0,0.25,1.0,60,0,1,-1,0,1,0,225,55.6,1.228,153,40.5,0.715,169,41.4,0.746
930,-2,0,0.25,1.0,60,0,1,-1,-1,0,0,342,52.9,1.105,241,41.9,0.731,257,41.2,0.702
930,-2,0,0.25,1.0,60,0,1,-1,-1,1,0,200,55.0,1.208,135,42.2,0.799,158,40.5,0.717
930,-2,0,0.25,1.0,60,1,0,0,0,0,0,488,50.0,0.941,331,46.2,0.84,282,44.0,0.815
930,-2,0,0.25,1.0,60,1,0,0,0,0,1,296,49.7,0.876,213,49.8,0.999,176,47.2,1.028
930,-2,0,0.25,1.0,60,1,0,0,0,1,0,291,50.2,0.932,193,43.5,0.753,171,42.7,0.724
930,-2,0,0.25,1.0,60,1,0,0,1,0,0,256,49.2,0.852,178,48.9,0.804,137,44.5,0.689
930,-2,0,0.25,1.0,60,1,0,0,-1,0,0,232,50.9,1.023,153,43.1,0.882,144,43.1,0.942
930,-2,0,0.25,1.0,60,1,0,1,0,0,0,254,48.0,0.852,169,45.0,0.676,134,41.8,0.682
930,-2,0,0.25,1.0,60,1,0,1,1,0,0,229,48.0,0.816,156,46.8,0.684,124,41.9,0.64
930,-2,0,0.25,1.0,60,1,0,-1,0,0,0,234,52.1,1.028,162,47.5,1.027,148,45.9,0.956
930,-2,0,0.25,1.0,60,1,0,-1,-1,0,0,207,51.2,1.01,140,45.0,0.91,135,43.7,0.928
930,-2,0,0.25,1.0,60,1,1,0,0,0,0,424,50.5,0.938,280,45.0,0.742,246,43.1,0.726
930,-2,0,0.25,1.0,60,1,1,0,0,0,1,254,49.2,0.818,182,47.8,0.837,151,46.4,0.926
930,-2,0,0.25,1.0,60,1,1,0,0,1,0,257,52.5,1.041,167,42.5,0.701,155,41.3,0.65
930,-2,0,0.25,1.0,60,1,1,0,1,0,0,226,51.8,0.883,150,48.7,0.696,119,43.7,0.604
930,-2,0,0.25,1.0,60,1,1,1,0,0,0,224,49.6,0.859,144,45.1,0.628,119,42.0,0.648
930,-2,0,0.25,1.0,60,1,1,1,1,0,0,202,50.0,0.822,132,47.7,0.656,109,42.2,0.6
930,-2,0,0.25,1.0,60,1,1,-1,0,0,0,200,51.5,1.015,136,44.9,0.864,127,44.1,0.806
930,-2,0,0.25,1.0,60,-1,0,0,0,0,0,451,48.1,1.048,330,45.8,0.828,296,44.3,0.802
930,-2,0,0.25,1.0,60,-1,0,0,0,0,-1,287,47.0,1.091,210,46.7,0.85,183,45.9,0.9
930,-2,0,0.25,1.0,60,-1,0,0,0,1,0,257,50.2,1.114,187,43.9,0.783,174,43.1,0.769
930,-2,0,0.25,1.0,60,-1,0,0,1,0,0,230,43.9,0.904,159,49.7,0.969,138,45.7,0.952
930,-2,0,0.25,1.0,60,-1,0,0,-1,0,0,221,52.5,1.236,171,42.1,0.714,158,43.0,0.707
930,-2,0,0.25,1.0,60,-1,0,1,0,0,0,225,46.2,1.029,151,52.3,1.05,141,45.4,0.908
930,-2,0,0.25,1.0,60,-1,0,1,1,0,0,208,45.7,0.971,139,52.5,1.11,129,45.7,0.966
930,-2,0,0.25,1.0,60,-1,0,-1,0,0,0,226,50.0,1.068,179,40.2,0.698,155,43.2,0.73
930,-2,0,0.25,1.0,60,-1,0,-1,-1,0,0,204,52.5,1.181,159,41.5,0.727,146,43.2,0.724
930,-2,0,0.25,1.0,60,-1,1,0,0,0,0,361,49.6,1.089,252,45.6,0.759,238,44.1,0.751
930,-2,0,0.25,1.0,60,-1,1,0,0,0,-1,230,49.1,1.179,159,45.3,0.748,146,45.2,0.822
930,-2,0,0.25,1.0,60,-1,1,0,0,1,0,214,52.8,1.233,141,45.4,0.771,137,45.3,0.804
930,-2,1,0.25,0.6,60,0,0,0,0,0,0,979,50.5,0.852,680,54.3,1.013,655,54.7,1.025
930,-2,1,0.25,0.6,60,0,0,0,0,0,1,495,50.9,0.752,338,56.2,1.155,326,57.1,1.181
930,-2,1,0.25,0.6,60,0,0,0,0,0,-1,480,50.2,0.978,340,52.4,0.895,322,52.2,0.881
930,-2,1,0.25,0.6,60,0,0,0,0,1,0,584,49.1,0.816,395,56.5,1.115,410,55.1,1.08
930,-2,1,0.25,0.6,60,0,0,0,0,1,1,299,49.2,0.732,200,59.5,1.321,206,59.2,1.303
930,-2,1,0.25,0.6,60,0,0,0,0,1,-1,285,49.1,0.917,195,53.3,0.937,204,51.0,0.887
930,-2,1,0.25,0.6,60,0,0,0,0,2,0,395,52.4,0.904,285,51.2,0.886,245,53.9,0.944
930,-2,1,0.25,0.6,60,0,0,0,1,0,0,476,48.5,0.766,336,58.9,1.097,340,57.9,1.067
930,-2,1,0.25,0.6,60,0,0,0,1,0,1,239,46.0,0.588,172,61.6,1.39,173,60.7,1.265
930,-2,1,0.25,0.6,60,0,0,0,1,0,-1,235,51.1,1.002,163,56.4,0.884,165,55.8,0.922
930,-2,1,0.25,0.6,60,0,0,0,1,1,0,265,48.3,0.712,196,59.2,0.996,215,58.1,1.041
930,-2,1,0.25,0.6,60,0,0,0,1,2,0,211,48.8,0.834,140,58.6,1.275,125,57.6,1.11
930,-2,1,0.25,0.6,60,0,0,0,-1,0,0,503,52.3,0.949,344,49.7,0.935,314,51.3,0.99
930,-2,1,0.25,0.6,60,0,0,0,-1,0,1,256,55.5,0.965,166,50.6,0.96,152,53.3,1.113
930,-2,1,0.25,0.6,60,0,0,0,-1,0,-1,245,49.4,0.955,177,48.6,0.905,157,48.4,0.839
930,-2,1,0.25,0.6,60,0,0,0,-1,1,0,319,49.8,0.919,199,53.8,1.265,194,52.1,1.148
930,-2,1,0.25,0.6,60,0,0,1,0,0,0,480,49.4,0.819,352,58.0,1.034,342,56.4,1.015
930,-2,1,0.25,0.6,60,0,0,1,0,0,1,241,47.3,0.639,180,61.1,1.232,171,60.8,1.249
930,-2,1,0.25,0.6,60,0,0,1,0,0,-1,238,51.3,1.054,171,55.0,0.884,169,52.7,0.851
930,-2,1,0.25,0.6,60,0,0,1,0,1,0,271,49.4,0.802,201,59.2,1.062,211,57.3,1.014
930,-2,1,0.25,0.6,60,0,0,1,0,2,0,209,49.3,0.838,151,56.3,0.997,131,55.0,1.015
930,-2,1,0.25,0.6,60,0,0,1,1,0,0,429,49.0,0.789,309,58.6,1.065,316,57.9,1.059
930,-2,1,0.25,0.6,60,0,0,1,1,0,1,216,46.3,0.606,159,61.0,1.304,159,61.0,1.26
930,-2,1,0.25,0.6,60,0,0,1,1,0,-1,212,51.4,1.03,149,56.4,0.885,155,55.5,0.921
930,-2,1,0.25,0.6,60,0,0,1,1,1,0,238,49.2,0.784,181,58.6,0.968,199,58.3,1.052
930,-2,1,0.25,0.6,60,0,0,-1,0,0,0,497,51.7,0.89,327,50.2,0.986,310,52.6,1.03
930,-2,1,0.25,0.6,60,0,0,-1,0,0,1,254,54.3,0.886,158,50.6,1.069,155,52.9,1.108
930,-2,1,0.25,0.6,60,0,0,-1,0,0,-1,242,49.2,0.909,169,49.7,0.908,153,51.6,0.918
930,-2,1,0.25,0.6,60,0,0,-1,0,1,0,313,48.9,0.828,194,53.6,1.181,199,52.8,1.158
930,-2,1,0.25,0.6,60,0,0,-1,-1,0,0,451,52.3,0.932,300,49.0,0.944,285,52.3,1.03
930,-2,1,0.25,0.6,60,0,0,-1,-1,0,1,231,55.4,0.958,145,49.0,0.977,140,52.9,1.113
930,-2,1,0.25,0.6,60,0,0,-1,-1,0,-1,219,49.3,0.922,155,49.0,0.911,143,51.0,0.916
930,-2,1,0.25,0.6,60,0,0,-1,-1,1,0,286,49.7,0.915,179,52.5,1.163,182,52.7,1.209
930,-2,1,0.25,0.6,60,0,-1,0,0,0,0,813,49.3,0.823,546,55.5,1.16,547,55.6,1.143
930,-2,1,0.25,0.6,60,0,-1,0,0,0,1,411,49.4,0.7,265,58.1,1.332,271,58.7,1.343
930,-2,1,0.25,0.6,60,0,-1,0,0,0,-1,400,49.5,0.986,279,53.0,1.02,270,52.6,0.978
930,-2,1,0.25,0.6,60,0,-1,0,0,1,0,497,46.9,0.736,319,57.1,1.239,346,55.5,1.167
930,-2,1,0.25,0.6,60,0,-1,0,0,1,1,257,46.7,0.643,156,60.3,1.483,170,59.4,1.394
930,-2,1,0.25,0.6,60,0,-1,0,0,1,-1,240,47.1,0.855,163,54.0,1.041,176,51.7,0.974
930,-2,1,0.25,0.6,60,0,-1,0,0,2,0,316,53.2,0.977,227,53.3,1.053,201,55.7,1.103
930,-2,1,0.25,0.6,60,0,-1,0,1,0,0,382,48.7,0.766,263,61.2,1.275,277,59.9,1.246
930,-2,1,0.25,0.6,60,0,-1,0,1,1,0,221,46.6,0.648,149,60.4,1.187,171,60.2,1.229
930,-2,1,0.25,0.6,60,0,-1,0,-1,0,0,431,49.9,0.884,283,50.2,1.054,269,51.3,1.053
930,-2,1,0.25,0.6,60,0,-1,0,-1,0,1,224,53.1,0.889,133,50.4,0.993,130,52.3,1.166
930,-2,1,0.25,0.6,60,0,-1,0,-1,0,-1,206,46.6,0.883,149,49.7,1.116,135,49.6,0.927
930,-2,1,0.25,0.6,60,0,-1,0,-1,1,0,276,47.1,0.824,170,54.1,1.293,174,51.1,1.127
930,-2,1,0.25,0.6,60,0,-1,1,0,0,0,381,47.8,0.764,276,60.5,1.264,280,58.6,1.196
930,-2,1,0.25,0.6,60,0,-1,1,0,1,0,225,45.8,0.673,153,61.4,1.308,169,59.2,1.182
930,-2,1,0.25,0.6,60,0,-1,1,1,0,0,342,48.5,0.781,241,60.6,1.234,257,59.9,1.238
930,-2,1,0.25,0.6,60,0,-1,1,1,1,0,200,46.5,0.697,135,60.0,1.18,158,60.1,1.24
930,-2,1,0.25,0.6,60,0,-1,-1,0,0,0,430,50.9,0.886,269,50.2,1.044,264,52.3,1.077
930,-2,1,0.25,0.6,60,0,-1,-1,0,0,1,225,54.2,0.882,127,50.4,1.07,131,51.9,1.186
930,-2,1,0.25,0.6,60,0,-1,-1,0,0,-1,205,47.3,0.891,142,50.0,1.018,132,52.3,0.963
930,-2,1,0.25,0.6,60,0,-1,-1,0,1,0,272,47.8,0.795,166,53.0,1.17,177,52.0,1.152
930,-2,1,0.25,0.6,60,0,-1,-1,-1,0,0,391,50.9,0.919,247,48.6,0.987,243,51.9,1.071
930,-2,1,0.25,0.6,60,0,-1,-1,-1,0,1,207,54.6,0.953,117,47.9,0.956,119,51.3,1.158
930,-2,1,0.25,0.6,60,0,-1,-1,-1,1,0,251,47.8,0.867,152,52.0,1.162,163,51.5,1.181
930,-2,1,0.25,0.6,60,1,0,0,0,0,0,451,53.0,0.814,330,55.2,1.045,296,55.4,1.116
930,-2,1,0.25,0.6,60,1,0,0,0,0,1,287,53.7,0.755,210,54.3,1.051,183,54.6,1.033
930,-2,1,0.25,0.6,60,1,0,0,0,1,0,257,51.0,0.78,187,57.8,1.117,174,56.9,1.162
930,-2,1,0.25,0.6,60,1,0,0,1,0,0,221,48.9,0.675,171,60.2,1.278,158,58.9,1.284
930,-2,1,0.25,0.6,60,1,0,0,-1,0,0,230,57.0,0.964,159,49.7,0.842,138,51.4,0.932
930,-2,1,0.25,0.6,60,1,0,1,0,0,0,226,51.8,0.818,179,62.0,1.271,155,58.7,1.239
930,-2,1,0.25,0.6,60,1,0,1,1,0,0,204,49.0,0.708,159,61.0,1.26,146,58.9,1.26
930,-2,1,0.25,0.6,60,1,0,-1,0,0,0,225,54.2,0.81,151,47.0,0.802,141,51.8,0.982
930,-2,1,0.25,0.6,60,1,0,-1,-1,0,0,208,54.8,0.86,139,46.8,0.756,129,51.2,0.93
930,-2,1,0.25,0.6,60,1,-1,0,0,0,0,361,51.2,0.759,252,56.0,1.161,238,56.3,1.205
930,-2,1,0.25,0.6,60,1,-1,0,0,0,1,230,51.7,0.698,159,56.0,1.219,146,55.5,1.14
930,-2,1,0.25,0.6,60,1,-1,0,0,1,0,214,48.1,0.694,141,56.7,1.17,137,55.5,1.137
930,-2,1,0.25,0.6,60,-1,0,0,0,0,0,488,48.8,0.907,331,52.9,0.998,282,54.6,1.008
930,-2,1,0.25,0.6,60,-1,0,0,0,0,-1,296,49.7,1.037,213,49.3,0.827,176,50.6,0.784
930,-2,1,0.25,0.6,60,-1,0,0,0,1,0,291,48.1,0.867,193,54.9,1.151,171,55.6,1.157
930,-2,1,0.25,0.6,60,-1,0,0,1,0,0,232,49.1,0.853,153,58.2,0.99,144,57.6,0.897
930,-2,1,0.25,0.6,60,-1,0,0,-1,0,0,256,48.4,0.973,178,48.3,1.006,137,51.8,1.16
930,-2,1,0.25,0.6,60,-1,0,1,0,0,0,234,48.3,0.845,162,53.7,0.851,148,54.7,0.879
930,-2,1,0.25,0.6,60,-1,0,1,1,0,0,207,49.8,0.881,140,56.4,0.945,135,57.0,0.911
930,-2,1,0.25,0.6,60,-1,0,-1,0,0,0,254,49.2,0.978,169,52.1,1.186,134,54.5,1.175
930,-2,1,0.25,0.6,60,-1,0,-1,-1,0,0,229,49.8,1.036,156,50.0,1.149,124,54.0,1.248
930,-2,1,0.25,0.6,60,-1,-1,0,0,0,0,424,47.9,0.895,280,54.3,1.134,246,55.3,1.132
930,-2,1,0.25,0.6,60,-1,-1,0,0,0,-1,254,49.6,1.081,182,51.1,0.982,151,51.0,0.865
930,-2,1,0.25,0.6,60,-1,-1,0,0,1,0,257,45.5,0.772,167,56.3,1.25,155,56.8,1.296
930,-2,1,0.25,0.6,60,-1,-1,0,-1,0,0,226,45.1,0.889,150,48.7,1.165,119,52.1,1.324
930,-2,1,0.25,0.6,60,-1,-1,1,0,0,0,200,49.5,0.875,136,56.6,1.01,127,56.7,1.039
930,-2,1,0.25,0.6,60,-1,-1,-1,0,0,0,224,46.4,0.917,144,52.1,1.284,119,53.8,1.24
930,-2,1,0.25,0.6,60,-1,-1,-1,-1,0,0,202,46.5,0.964,132,49.2,1.204,109,53.2,1.335
930,-1,0,0.25,0.3,60,0,0,0,0,0,0,979,60.3,0.92,680,55.7,0.75,655,55.0,0.744
930,-1,0,0.25,0.3,60,0,0,0,0,0,1,493,61.3,0.914,343,57.4,0.803,317,57.1,0.829
930,-1,0,0.25,0.3,60,0,0,0,0,0,-1,482,59.1,0.917,335,54.0,0.708,331,53.5,0.7
930,-1,0,0.25,0.3,60,0,0,0,0,1,0,584,63.0,1.035,395,53.2,0.695,410,53.7,0.724
930,-1,0,0.25,0.3,60,0,0,0,0,1,1,287,64.8,1.083,199,56.8,0.784,208,57.2,0.851
930,-1,0,0.25,0.3,60,0,0,0,0,1,-1,297,61.3,0.991,196,49.5,0.619,202,50.0,0.619
930,-1,0,0.25,0.3,60,0,0,0,0,2,0,395,56.2,0.781,285,59.3,0.834,245,57.1,0.778
930,-1,0,0.25,0.3,60,0,0,0,0,2,1,206,56.3,0.727,144,58.3,0.833,109,56.9,0.79
930,-1,0,0.25,0.3,60,0,0,0,1,0,0,662,58.5,0.842,478,58.2,0.828,447,57.3,0.843
930,-1,0,0.25,0.3,60,0,0,0,1,0,1,330,60.9,0.909,245,59.6,0.888,220,60.0,1.0
930,-1,0,0.25,0.3,60,0,0,0,1,0,-1,328,55.8,0.775,231,56.7,0.781,220,55.5,0.765
930,-1,0,0.25,0.3,60,0,0,0,1,1,0,399,60.9,0.945,279,54.5,0.684,278,55.4,0.76
930,-1,0,0.25,0.3,60,0,0,0,1,1,-1,204,58.8,0.841,135,51.1,0.589,130,50.0,0.572
930,-1,0,0.25,0.3,60,0,0,0,1,2,0,263,54.8,0.712,199,63.3,1.106,169,60.4,1.004
930,-1,0,0.25,0.3,60,0,0,0,-1,0,0,317,64.0,1.109,202,50.0,0.595,207,49.8,0.57
930,-1,0,0.25,0.3,60,0,0,1,0,0,0,645,59.1,0.875,455,58.0,0.841,435,56.1,0.811
930,-1,0,0.25,0.3,60,0,0,1,0,0,1,322,60.6,0.887,234,59.4,0.937,212,57.5,0.917
930,-1,0,0.25,0.3,60,0,0,1,0,0,-1,321,57.3,0.855,220,56.8,0.774,219,55.7,0.779
930,-1,0,0.25,0.3,60,0,0,1,0,1,0,387,61.8,0.974,274,54.7,0.726,281,55.2,0.756
930,-1,0,0.25,0.3,60,0,0,1,0,1,-1,201,60.2,0.924,132,50.0,0.586,134,50.7,0.613
930,-1,0,0.25,0.3,60,0,0,1,0,2,0,258,55.0,0.751,181,63.0,1.068,154,57.8,0.922
930,-1,0,0.25,0.3,60,0,0,1,1,0,0,604,59.1,0.863,431,59.2,0.873,414,56.8,0.829
930,-1,0,0.25,0.3,60,0,0,1,1,0,1,303,61.4,0.912,221,60.2,0.962,203,58.6,0.948
930,-1,0,0.25,0.3,60,0,0,1,1,0,-1,299,56.5,0.81,209,58.4,0.814,207,56.0,0.792
930,-1,0,0.25,0.3,60,0,0,1,1,1,0,363,61.4,0.951,259,56.0,0.74,265,55.5,0.751
930,-1,0,0.25,0.3,60,0,0,1,1,2,0,241,55.6,0.748,172,64.0,1.149,149,59.1,0.996
930,-1,0,0.25,0.3,60,0,0,-1,0,0,0,332,62.7,1.012,224,50.9,0.596,217,52.5,0.624
930,-1,0,0.25,0.3,60,0,0,-1,-1,0,0,276,64.9,1.112,178,51.7,0.622,187,50.8,0.584
930,-1,0,0.25,0.3,60,0,1,0,0,0,0,756,60.3,0.921,506,53.6,0.7,498,53.6,0.7
930,-1,0,0.25,0.3,60,0,1,0,0,0,1,378,60.6,0.893,261,54.4,0.699,244,55.3,0.748
930,-1,0,0.25,0.3,60,0,1,0,0,0,-1,376,59.8,0.939,244,52.5,0.695,250,52.0,0.654
930,-1,0,0.25,0.3,60,0,1,0,0,1,0,461,63.3,1.09,299,51.8,0.666,324,53.4,0.713
930,-1,0,0.25,0.3,60,0,1,0,0,1,1,223,65.5,1.14,155,54.2,0.692,167,56.3,0.804
930,-1,0,0.25,0.3,60,0,1,0,0,1,-1,238,61.3,1.047,144,49.3,0.639,157,50.3,0.631
930,-1,0,0.25,0.3,60,0,1,0,0,2,0,295,55.6,0.724,207,56.0,0.751,174,54.0,0.679
930,-1,0,0.25,0.3,60,0,1,0,1,0,0,482,58.9,0.848,330,56.4,0.802,311,56.6,0.834
930,-1,0,0.25,0.3,60,0,1,0,1,0,1,234,61.1,0.914,176,56.2,0.753,155,58.1,0.902
930,-1,0,0.25,0.3,60,0,1,0,1,0,-1,246,56.5,0.784,153,56.2,0.846,152,55.3,0.767
930,-1,0,0.25,0.3,60,0,1,0,1,1,0,298,61.1,0.975,200,53.0,0.646,205,56.1,0.768
930,-1,0,0.25,0.3,60,0,1,0,-1,0,0,274,62.8,1.065,176,48.3,0.539,186,48.4,0.521
930,-1,0,0.25,0.3,60,0,1,1,0,0,0,476,58.0,0.846,313,56.2,0.846,302,55.3,0.811
930,-1,0,0.25,0.3,60,0,1,1,0,0,1,229,59.8,0.875,166,56.6,0.841,149,55.7,0.85
930,-1,0,0.25,0.3,60,0,1,1,0,0,-1,246,56.1,0.816,147,55.8,0.851,152,55.3,0.783
930,-1,0,0.25,0.3,60,0,1,1,0,1,0,291,60.5,0.969,196,54.1,0.716,207,56.0,0.774
930,-1,0,0.25,0.3,60,0,1,1,1,0,0,440,58.4,0.838,292,57.9,0.894,283,56.2,0.833
930,-1,0,0.25,0.3,60,0,1,1,1,0,1,211,61.1,0.917,155,57.4,0.856,141,56.7,0.866
930,-1,0,0.25,0.3,60,0,1,1,1,0,-1,228,55.7,0.773,137,58.4,0.935,141,56.0,0.81
930,-1,0,0.25,0.3,60,0,1,1,1,1,0,271,60.5,0.951,182,55.5,0.724,193,56.5,0.762
930,-1,0,0.25,0.3,60,0,1,-1,0,0,0,279,64.2,1.06,192,49.0,0.516,193,50.8,0.553
930,-1,0,0.25,0.3,60,0,1,-1,-1,0,0,238,64.3,1.084,155,50.3,0.567,168,49.4,0.529
930,-1,0,0.25,0.3,60,0,-1,0,0,0,0,223,60.1,0.916,174,62.1,0.929,157,59.2,0.914
930,-1,0,0.25,0.3,60,1,0,0,0,0,0,487,60.0,0.85,328,56.1,0.813,267,55.1,0.801
930,-1,0,0.25,0.3,60,1,0,0,0,0,1,303,60.1,0.817,213,59.2,0.892,163,57.1,0.889
930,-1,0,0.25,0.3,60,1,0,0,0,1,0,281,62.3,0.932,191,53.9,0.793,165,53.3,0.779
930,-1,0,0.25,0.3,60,1,0,0,0,2,0,206,56.8,0.748,137,59.1,0.843,102,57.8,0.839
930,-1,0,0.25,0.3,60,1,0,0,1,0,0,330,58.5,0.789,241,58.1,0.843,187,56.1,0.772
930,-1,0,0.25,0.3,60,1,0,1,0,0,0,324,58.3,0.793,229,55.9,0.781,181,53.6,0.75
930,-1,0,0.25,0.3,60,1,0,1,1,0,0,302,58.3,0.794,217,57.6,0.805,172,54.7,0.751
930,-1,0,0.25,0.3,60,1,1,0,0,0,0,396,60.1,0.883,258,53.9,0.75,216,53.7,0.734
930,-1,0,0.25,0.3,60,1,1,0,0,0,1,244,59.8,0.816,167,55.7,0.774,128,56.2,0.848
930,-1,0,0.25,0.3,60,1,1,0,0,1,0,235,64.3,1.064,155,52.3,0.743,142,52.8,0.729
930,-1,0,0.25,0.3,60,1,1,0,1,0,0,253,59.3,0.823,180,56.1,0.788,139,54.7,0.696
930,-1,0,0.25,0.3,60,1,1,1,0,0,0,248,58.1,0.805,171,53.8,0.738,137,52.6,0.708
930,-1,0,0.25,0.3,60,1,1,1,1,0,0,228,58.3,0.816,160,56.2,0.777,128,53.9,0.708
930,-1,0,0.25,0.3,60,-1,0,0,0,0,0,452,61.3,0.989,333,56.8,0.74,311,55.9,0.735
930,-1,0,0.25,0.3,60,-1,0,0,0,0,-1,280,59.6,0.934,210,57.1,0.751,196,56.1,0.767
930,-1,0,0.25,0.3,60,-1,0,0,0,1,0,267,65.5,1.168,189,54.0,0.661,180,53.3,0.662
930,-1,0,0.25,0.3,60,-1,0,0,1,0,0,305,59.3,0.898,225,60.0,0.898,203,59.1,0.985
930,-1,0,0.25,0.3,60,-1,0,1,0,0,0,296,61.1,0.982,214,62.1,1.009,203,59.1,0.958
930,-1,0,0.25,0.3,60,-1,0,1,1,0,0,280,61.4,0.956,204,62.7,1.069,193,59.6,1.018
930,-1,0,0.25,0.3,60,-1,1,0,0,0,0,334,61.1,0.963,233,54.5,0.69,223,54.3,0.677
930,-1,0,0.25,0.3,60,-1,1,0,0,0,-1,213,60.6,0.924,144,54.9,0.721,136,55.1,0.734
930,-1,0,0.25,0.3,60,-1,1,0,0,1,0,202,63.9,1.154,131,53.4,0.65,130,53.8,0.686
930,-1,0,0.25,0.3,60,-1,1,0,1,0,0,211,59.2,0.878,142,58.5,0.912,132,58.3,1.018
930,-1,0,0.25,0.3,60,-1,1,1,0,0,0,212,59.4,0.915,134,61.2,1.136,131,58.0,0.985
930,-1,1,0.15,1.0,60,0,0,0,0,0,0,979,48.5,0.855,680,51.2,1.018,655,52.5,1.063
930,-1,1,0.15,1.0,60,0,0,0,0,0,1,482,49.2,0.789,335,53.1,1.136,331,54.7,1.176
930,-1,1,0.15,1.0,60,0,0,0,0,0,-1,493,48.1,0.94,343,49.0,0.889,317,49.5,0.904
930,-1,1,0.15,1.0,60,0,0,0,0,1,0,584,45.2,0.745,395,53.7,1.094,410,54.1,1.125
930,-1,1,0.15,1.0,60,0,0,0,0,1,1,297,45.8,0.708,196,57.1,1.295,202,58.4,1.363
930,-1,1,0.15,1.0,60,0,0,0,0,1,-1,287,44.6,0.786,199,50.3,0.907,208,50.0,0.911
930,-1,1,0.15,1.0,60,0,0,0,0,2,0,395,53.4,1.045,285,47.7,0.919,245,49.8,0.969
930,-1,1,0.15,1.0,60,0,0,0,0,2,-1,206,52.9,1.212,144,47.2,0.863,109,48.6,0.892
930,-1,1,0.15,1.0,60,0,0,0,1,0,0,317,44.8,0.709,202,59.9,1.292,207,59.9,1.33
930,-1,1,0.15,1.0,60,0,0,0,-1,0,0,662,50.3,0.942,478,47.5,0.913,447,49.2,0.955
930,-1,1,0.15,1.0,60,0,0,0,-1,0,1,328,54.0,0.99,231,48.5,1.001,220,50.9,1.064
930,-1,1,0.15,1.0,60,0,0,0,-1,0,-1,330,47.0,0.914,245,46.1,0.811,220,46.4,0.794
930,-1,1,0.15,1.0,60,0,0,0,-1,1,0,399,46.9,0.825,279,50.9,1.095,278,51.1,1.067
930,-1,1,0.15,1.0,60,0,0,0,-1,1,1,204,50.5,0.92,135,53.3,1.328,130,56.2,1.408
930,-1,1,0.15,1.0,60,0,0,0,-1,2,0,263,55.5,1.161,199,42.7,0.7,169,46.2,0.798
930,-1,1,0.15,1.0,60,0,0,1,0,0,0,332,46.1,0.792,224,58.0,1.228,217,57.1,1.217
930,-1,1,0.15,1.0,60,0,0,1,1,0,0,276,44.9,0.734,178,59.0,1.241,187,59.4,1.302
930,-1,1,0.15,1.0,60,0,0,-1,0,0,0,645,49.8,0.892,455,47.7,0.917,435,50.1,0.984
930,-1,1,0.15,1.0,60,0,0,-1,0,0,1,321,53.0,0.924,220,48.2,1.026,219,50.7,1.073
930,-1,1,0.15,1.0,60,0,0,-1,0,0,-1,322,46.9,0.876,234,47.0,0.795,212,48.6,0.84
930,-1,1,0.15,1.0,60,0,0,-1,0,1,0,387,46.0,0.776,274,50.7,1.038,281,51.6,1.09
930,-1,1,0.15,1.0,60,0,0,-1,0,1,1,201,49.3,0.863,132,54.5,1.334,134,56.0,1.38
930,-1,1,0.15,1.0,60,0,0,-1,0,2,0,258,55.4,1.101,181,43.1,0.751,154,47.4,0.817
930,-1,1,0.15,1.0,60,0,0,-1,-1,0,0,604,50.2,0.923,431,46.6,0.882,414,49.5,0.965
930,-1,1,0.15,1.0,60,0,0,-1,-1,0,1,299,53.8,0.975,209,46.9,0.968,207,50.2,1.047
930,-1,1,0.15,1.0,60,0,0,-1,-1,0,-1,303,46.9,0.891,221,46.2,0.779,203,47.8,0.828
930,-1,1,0.15,1.0,60,0,0,-1,-1,1,0,363,46.6,0.814,259,49.8,1.014,265,51.3,1.094
930,-1,1,0.15,1.0,60,0,0,-1,-1,2,0,241,55.6,1.124,172,41.9,0.707,149,46.3,0.772
930,-1,1,0.15,1.0,60,0,1,0,0,0,0,223,52.0,0.974,174,43.7,0.665,157,46.5,0.739
930,-1,1,0.15,1.0,60,0,-1,0,0,0,0,756,47.5,0.824,506,53.8,1.172,498,54.4,1.187
930,-1,1,0.15,1.0,60,0,-1,0,0,0,1,376,47.6,0.743,244,54.9,1.229,250,56.8,1.311
930,-1,1,0.15,1.0,60,0,-1,0,0,0,-1,378,47.6,0.929,261,52.5,1.107,244,51.6,1.041
930,-1,1,0.15,1.0,60,0,-1,0,0,1,0,461,43.4,0.687,299,55.5,1.239,324,54.9,1.212
930,-1,1,0.15,1.0,60,0,-1,0,0,1,1,238,42.4,0.617,144,57.6,1.366,157,58.0,1.393
930,-1,1,0.15,1.0,60,0,-1,0,0,1,-1,223,44.4,0.769,155,53.5,1.119,167,52.1,1.042
930,-1,1,0.15,1.0,60,0,-1,0,0,2,0,295,53.9,1.09,207,51.2,1.079,174,53.4,1.145
930,-1,1,0.15,1.0,60,0,-1,0,1,0,0,274,46.0,0.715,176,62.5,1.543,186,62.4,1.563
930,-1,1,0.15,1.0,60,0,-1,0,-1,0,0,482,48.3,0.902,330,49.1,1.005,311,49.8,1.009
930,-1,1,0.15,1.0,60,0,-1,0,-1,0,1,246,52.4,0.968,153,48.4,0.984,152,50.7,1.095
930,-1,1,0.15,1.0,60,0,-1,0,-1,0,-1,234,44.4,0.853,176,49.4,1.021,155,48.4,0.9
930,-1,1,0.15,1.0,60,0,-1,0,-1,1,0,298,44.3,0.762,200,52.0,1.22,205,50.2,1.106
930,-1,1,0.15,1.0,60,0,-1,1,0,0,0,279,44.8,0.72,192,60.9,1.538,193,59.6,1.434
930,-1,1,0.15,1.0,60,0,-1,1,1,0,0,238,45.4,0.728,155,61.3,1.482,168,61.9,1.535
930,-1,1,0.15,1.0,60,0,-1,-1,0,0,0,476,49.2,0.898,313,49.2,0.976,302,51.0,1.042
930,-1,1,0.15,1.0,60,0,-1,-1,0,0,1,246,53.3,0.968,147,48.3,0.997,152,50.7,1.122
930,-1,1,0.15,1.0,60,0,-1,-1,0,0,-1,229,45.0,0.839,166,50.0,0.954,149,51.0,0.945
930,-1,1,0.15,1.0,60,0,-1,-1,0,1,0,291,44.7,0.747,196,51.0,1.117,207,50.7,1.136
930,-1,1,0.15,1.0,60,0,-1,-1,-1,0,0,440,49.1,0.929,292,47.6,0.921,283,50.2,1.012
930,-1,1,0.15,1.0,60,0,-1,-1,-1,0,1,228,53.5,1.017,137,46.0,0.91,141,49.6,1.067
930,-1,1,0.15,1.0,60,0,-1,-1,-1,0,-1,211,44.5,0.853,155,49.0,0.934,141,50.4,0.945
930,-1,1,0.15,1.0,60,0,-1,-1,-1,1,0,271,44.6,0.785,182,50.0,1.099,193,50.3,1.138
930,-1,1,0.15,1.0,60,1,0,0,0,0,0,452,50.4,0.848,333,51.7,1.032,311,53.1,1.095
930,-1,1,0.15,1.0,60,1,0,0,0,0,1,280,52.5,0.869,210,51.0,1.044,196,52.6,1.04
930,-1,1,0.15,1.0,60,1,0,0,0,1,0,267,46.1,0.735,189,54.5,1.085,180,56.1,1.195
930,-1,1,0.15,1.0,60,1,0,0,-1,0,0,305,52.5,0.951,225,47.6,0.864,203,49.3,0.877
930,-1,1,0.15,1.0,60,1,0,-1,0,0,0,296,50.7,0.838,214,45.3,0.8,203,49.3,0.916
930,-1,1,0.15,1.0,60,1,0,-1,-1,0,0,280,50.7,0.871,204,45.1,0.764,193,48.7,0.86
930,-1,1,0.15,1.0,60,1,-1,0,0,0,0,334,50.6,0.845,233,54.5,1.172,223,56.1,1.255
930,-1,1,0.15,1.0,60,1,-1,0,0,0,1,213,52.1,0.855,144,53.5,1.155,136,55.1,1.162
930,-1,1,0.15,1.0,60,1,-1,0,0,1,0,202,46.0,0.716,131,56.5,1.217,130,56.9,1.265
930,-1,1,0.15,1.0,60,1,-1,0,-1,0,0,211,53.1,0.968,142,49.3,0.891,132,50.8,0.894
930,-1,1,0.15,1.0,60,1,-1,-1,0,0,0,212,52.8,0.918,134,46.3,0.769,131,51.1,0.964
930,-1,1,0.15,1.0,60,-1,0,0,0,0,0,487,46.8,0.886,328,49.1,0.929,267,51.3,1.006
930,-1,1,0.15,1.0,60,-1,0,0,0,0,-1,303,48.5,1.06,213,45.5,0.786,163,47.2,0.8
930,-1,1,0.15,1.0,60,-1,0,0,0,1,0,281,43.8,0.765,191,51.3,1.01,165,53.9,1.14
930,-1,1,0.15,1.0,60,-1,0,0,0,2,0,206,51.0,1.08,137,46.0,0.815,102,47.1,0.809
930,-1,1,0.15,1.0,60,-1,0,0,-1,0,0,330,48.2,0.966,241,45.6,0.88,187,48.7,1.047
930,-1,1,0.15,1.0,60,-1,0,-1,0,0,0,324,48.5,0.954,229,48.5,0.962,181,50.8,1.051
930,-1,1,0.15,1.0,60,-1,0,-1,-1,0,0,302,49.0,0.993,217,46.5,0.927,172,50.0,1.074
930,-1,1,0.15,1.0,60,-1,-1,0,0,0,0,396,44.7,0.814,258,51.6,1.084,216,52.3,1.128
930,-1,1,0.15,1.0,60,-1,-1,0,0,0,-1,244,47.5,1.021,167,49.1,0.981,128,47.7,0.86
930,-1,1,0.15,1.0,60,-1,-1,0,0,1,0,235,40.0,0.65,155,52.9,1.138,142,54.2,1.265
930,-1,1,0.15,1.0,60,-1,-1,0,-1,0,0,253,44.3,0.853,180,47.2,1.012,139,48.9,1.182
930,-1,1,0.15,1.0,60,-1,-1,-1,0,0,0,248,45.2,0.86,171,50.3,1.091,137,51.1,1.146
930,-1,1,0.15,1.0,60,-1,-1,-1,-1,0,0,228,45.2,0.888,160,47.5,1.022,128,50.0,1.185
930,30,0,0.15,0.6,60,0,0,0,0,0,0,979,53.5,0.878,680,50.4,0.739,654,49.5,0.721
930,30,0,0.15,0.6,60,0,0,0,0,0,1,484,54.5,0.833,332,53.0,0.833,312,51.9,0.81
930,30,0,0.15,0.6,60,0,0,0,0,0,-1,491,52.5,0.923,346,48.3,0.666,335,47.8,0.652
930,30,0,0.15,0.6,60,0,0,0,0,1,0,584,53.6,0.853,395,50.6,0.778,410,50.0,0.781
930,30,0,0.15,0.6,60,0,0,0,0,1,1,303,55.4,0.864,190,55.3,0.965,195,53.3,0.964
930,30,0,0.15,0.6,60,0,0,0,0,1,-1,281,51.6,0.84,205,46.3,0.639,215,47.0,0.651
930,30,0,0.15,0.6,60,0,0,0,0,2,0,395,53.4,0.917,285,50.2,0.687,244,48.8,0.632
930,30,0,0.15,0.6,60,0,0,0,0,2,-1,210,53.8,1.047,141,51.1,0.709,120,49.2,0.653
930,30,0,0.15,0.6,60,0,0,0,1,0,0,522,50.2,0.754,341,54.0,0.824,327,52.0,0.802
930,30,0,0.15,0.6,60,0,0,0,1,0,1,256,50.8,0.706,171,52.6,0.835,159,51.6,0.86
930,30,0,0.15,0.6,60,0,0,0,1,0,-1,263,49.4,0.794,168,56.0,0.834,164,53.7,0.784
930,30,0,0.15,0.6,60,0,0,0,1,1,0,315,51.1,0.757,204,52.0,0.734,216,50.9,0.783
930,30,0,0.15,0.6,60,0,0,0,1,2,0,207,48.8,0.75,137,56.9,0.988,111,54.1,0.842
930,30,0,0.15,0.6,60,0,0,0,-1,0,0,457,57.3,1.049,339,46.9,0.666,326,47.2,0.654
930,30,0,0.15,0.6,60,0,0,0,-1,0,1,228,58.8,1.005,161,53.4,0.831,152,52.6,0.773
930,30,0,0.15,0.6,60,0,0,0,-1,0,-1,228,56.1,1.107,178,41.0,0.533,171,42.1,0.544
930,30,0,0.15,0.6,60,0,0,0,-1,1,0,269,56.5,0.99,191,49.2,0.827,193,49.2,0.787
930,30,0,0.15,0.6,60,0,0,1,0,0,0,528,51.3,0.795,346,53.2,0.807,329,50.8,0.751
930,30,0,0.15,0.6,60,0,0,1,0,0,1,259,53.7,0.831,174,52.9,0.869,158,50.6,0.829
930,30,0,0.15,0.6,60,0,0,1,0,0,-1,267,48.7,0.749,171,53.8,0.767,169,51.5,0.706
930,30,0,0.15,0.6,60,0,0,1,0,1,0,323,52.3,0.795,209,52.2,0.781,214,50.0,0.733
930,30,0,0.15,0.6,60,0,0,1,0,2,0,205,49.8,0.796,137,54.7,0.85,115,52.2,0.788
930,30,0,0.15,0.6,60,0,0,1,1,0,0,476,50.6,0.76,308,53.9,0.824,302,51.3,0.762
930,30,0,0.15,0.6,60,0,0,1,1,0,1,230,52.2,0.756,155,52.3,0.846,147,50.3,0.81
930,30,0,0.15,0.6,60,0,0,1,1,0,-1,244,48.8,0.75,152,55.9,0.821,153,52.9,0.741
930,30,0,0.15,0.6,60,0,0,1,1,1,0,289,51.6,0.76,189,52.9,0.779,201,50.2,0.745
930,30,0,0.15,0.6,60,0,0,-1,0,0,0,449,56.3,0.997,333,47.7,0.681,322,48.8,0.7
930,30,0,0.15,0.6,60,0,0,-1,0,0,1,225,55.6,0.836,158,53.2,0.801,154,53.2,0.793
930,30,0,0.15,0.6,60,0,0,-1,0,0,-1,224,57.1,1.213,175,42.9,0.577,166,44.0,0.599
930,30,0,0.15,0.6,60,0,0,-1,0,1,0,261,55.2,0.935,186,48.9,0.776,196,50.0,0.838
930,30,0,0.15,0.6,60,0,0,-1,-1,0,0,404,57.4,1.034,301,46.8,0.664,298,47.7,0.657
930,30,0,0.15,0.6,60,0,0,-1,-1,0,-1,205,57.1,1.158,159,41.5,0.548,155,42.6,0.557
930,30,0,0.15,0.6,60,0,0,-1,-1,1,0,235,56.2,0.962,171,49.7,0.831,180,49.4,0.806
930,30,0,0.15,0.6,60,0,1,0,0,0,0,678,54.6,0.927,435,48.0,0.673,408,47.1,0.665
930,30,0,0.15,0.6,60,0,1,0,0,0,1,335,55.8,0.918,220,51.4,0.822,196,50.0,0.811
930,30,0,0.15,0.6,60,0,1,0,0,0,-1,342,53.2,0.929,214,44.9,0.554,207,44.4,0.553
930,30,0,0.15,0.6,60,0,1,0,0,1,0,415,56.6,1.007,258,48.4,0.698,259,47.9,0.715
930,30,0,0.15,0.6,60,0,1,0,0,1,1,208,60.1,1.126,130,53.8,0.965,128,52.3,0.983
930,30,0,0.15,0.6,60,0,1,0,0,1,-1,207,53.1,0.899,128,43.0,0.507,131,43.5,0.539
930,30,0,0.15,0.6,60,0,1,0,0,2,0,263,51.3,0.818,177,47.5,0.636,149,45.6,0.586
930,30,0,0.15,0.6,60,0,1,0,1,0,0,373,50.4,0.776,226,50.9,0.738,207,48.3,0.732
930,30,0,0.15,0.6,60,0,1,0,1,1,0,233,52.4,0.843,142,50.0,0.68,142,47.9,0.736
930,30,0,0.15,0.6,60,0,1,0,-1,0,0,305,59.7,1.147,209,45.0,0.61,201,45.8,0.604
930,30,0,0.15,0.6,60,0,1,1,0,0,0,379,50.7,0.808,223,48.4,0.676,205,45.9,0.642
930,30,0,0.15,0.6,60,0,1,1,0,1,0,236,52.5,0.859,143,48.3,0.678,141,44.7,0.632
930,30,0,0.15,0.6,60,0,1,1,1,0,0,345,49.9,0.762,201,50.7,0.751,189,47.1,0.683
930,30,0,0.15,0.6,60,0,1,1,1,1,0,216,51.9,0.811,130,50.8,0.726,132,46.2,0.675
930,30,0,0.15,0.6,60,0,1,-1,0,0,0,299,59.5,1.107,211,47.9,0.672,201,48.8,0.698
930,30,0,0.15,0.6,60,0,1,-1,-1,0,0,271,59.8,1.116,187,47.1,0.674,185,47.0,0.64
930,30,0,0.15,0.6,60,0,-1,0,0,0,0,301,51.2,0.77,245,54.7,0.883,246,53.7,0.831
930,30,0,0.15,0.6,60,1,0,0,0,0,0,445,53.3,0.813,338,50.9,0.769,292,50.7,0.75
930,30,0,0.15,0.6,60,1,0,0,0,0,1,277,54.2,0.825,212,51.9,0.759,174,51.1,0.729
930,30,0,0.15,0.6,60,1,0,0,0,1,0,262,52.7,0.796,198,51.5,0.829,178,51.7,0.849
930,30,0,0.15,0.6,60,1,0,0,1,0,0,242,52.1,0.771,179,58.7,1.004,146,56.2,0.884
930,30,0,0.15,0.6,60,1,0,0,-1,0,0,203,54.7,0.861,159,42.1,0.575,146,45.2,0.632
930,30,0,0.15,0.6,60,1,0,1,0,0,0,245,53.5,0.837,181,55.2,0.877,146,53.4,0.797
930,30,0,0.15,0.6,60,1,0,1,1,0,0,221,51.6,0.766,163,57.1,0.917,137,54.7,0.812
930,30,0,0.15,0.6,60,1,0,-1,0,0,0,200,53.0,0.785,157,45.9,0.664,146,47.9,0.705
930,30,0,0.15,0.6,60,1,1,0,0,0,0,338,53.6,0.836,228,48.7,0.715,184,47.8,0.696
930,30,0,0.15,0.6,60,1,1,0,0,0,1,206,54.4,0.833,144,50.7,0.791,109,49.5,0.802
930,30,0,0.15,0.6,60,1,1,0,0,1,0,204,55.4,0.919,139,48.9,0.745,117,48.7,0.743
930,30,0,0.15,0.6,60,-1,0,0,0,0,0,494,54.3,0.953,323,50.5,0.731,285,48.8,0.672
930,30,0,0.15,0.6,60,-1,0,0,0,0,-1,306,53.3,1.034,211,47.9,0.61,184,46.7,0.595
930,30,0,0.15,0.6,60,-1,0,0,0,1,0,286,55.2,0.928,182,50.0,0.757,167,48.5,0.697
930,30,0,0.15,0.6,60,-1,0,0,0,2,0,208,52.9,0.991,141,51.1,0.699,118,49.2,0.64
930,30,0,0.15,0.6,60,-1,0,0,1,0,0,259,49.0,0.738,153,50.3,0.709,135,48.9,0.705
930,30,0,0.15,0.6,60,-1,0,0,-1,0,0,235,60.0,1.325,170,50.6,0.75,149,49.0,0.654
930,30,0,0.15,0.6,60,-1,0,1,0,0,0,259,50.2,0.776,156,51.9,0.779,142,48.6,0.704
930,30,0,0.15,0.6,60,-1,0,1,1,0,0,236,50.4,0.757,138,51.4,0.771,126,48.4,0.692
930,30,0,0.15,0.6,60,-1,0,-1,0,0,0,235,58.7,1.234,167,49.1,0.693,143,49.0,0.644
930,30,0,0.15,0.6,60,-1,0,-1,-1,0,0,212,61.3,1.352,152,50.0,0.74,133,48.9,0.638
930,30,0,0.15,0.6,60,-1,1,0,0,0,0,318,56.3,1.05,193,48.2,0.657,166,46.4,0.593
930,30,0,0.15,0.6,60,-1,1,0,0,0,-1,201,54.2,1.011,122,45.1,0.534,106,46.2,0.571
930,30,1,0.15,0.3,60,0,0,0,0,0,0,979,71.8,0.928,680,69.9,1.063,654,70.8,1.102
930,30,1,0.15,0.3,60,0,0,0,0,0,1,491,73.1,0.971,346,71.1,1.085,335,73.1,1.172
930,30,1,0.15,0.3,60,0,0,0,0,0,-1,484,70.7,0.899,332,68.4,1.033,312,67.9,1.019
930,30,1,0.15,0.3,60,0,0,0,0,1,0,584,71.9,0.963,395,67.6,0.93,410,69.5,1.019
930,30,1,0.15,0.3,60,0,0,0,0,1,1,281,74.7,1.096,205,70.2,0.998,215,73.0,1.158
930,30,1,0.15,0.3,60,0,0,0,0,1,-1,303,69.3,0.861,190,64.7,0.863,195,65.6,0.895
930,30,1,0.15,0.3,60,0,0,0,0,2,0,395,71.6,0.88,285,73.0,1.294,244,73.0,1.256
930,30,1,0.15,0.3,60,0,0,0,0,2,1,210,71.0,0.836,141,72.3,1.233,120,73.3,1.196
930,30,1,0.15,0.3,60,0,0,0,1,0,0,457,70.0,0.833,339,71.1,1.154,326,71.5,1.129
930,30,1,0.15,0.3,60,0,0,0,1,0,1,228,71.5,0.848,178,76.4,1.405,171,76.0,1.279
930,30,1,0.15,0.3,60,0,0,0,1,0,-1,228,68.4,0.814,161,65.2,0.95,152,66.4,0.989
930,30,1,0.15,0.3,60,0,0,0,1,1,0,269,70.3,0.875,191,66.0,0.825,193,68.9,0.955
930,30,1,0.15,0.3,60,0,0,0,-1,0,0,522,73.4,1.024,341,68.6,0.981,327,70.0,1.073
930,30,1,0.15,0.3,60,0,0,0,-1,0,1,263,74.5,1.096,168,65.5,0.847,164,70.1,1.069
930,30,1,0.15,0.3,60,0,0,0,-1,0,-1,256,72.7,0.987,171,71.3,1.122,159,69.2,1.043
930,30,1,0.15,0.3,60,0,0,0,-1,1,0,315,73.3,1.047,204,69.1,1.045,216,69.9,1.076
930,30,1,0.15,0.3,60,0,0,0,-1,2,0,207,73.4,0.989,137,67.9,0.896,111,70.3,1.068
930,30,1,0.15,0.3,60,0,0,1,0,0,0,449,70.6,0.87,333,70.3,1.072,322,69.6,1.036
930,30,1,0.15,0.3,60,0,0,1,0,0,1,224,69.6,0.759,175,73.1,1.161,166,73.5,1.178
930,30,1,0.15,0.3,60,0,0,1,0,0,-1,225,71.6,1.003,158,67.1,0.989,154,65.6,0.921
930,30,1,0.15,0.3,60,0,0,1,0,1,0,261,71.3,0.898,186,65.6,0.836,196,67.3,0.878
930,30,1,0.15,0.3,60,0,0,1,1,0,0,404,70.5,0.86,301,70.8,1.125,298,71.1,1.124
930,30,1,0.15,0.3,60,0,0,1,1,0,1,205,70.7,0.799,159,74.8,1.29,155,75.5,1.272
930,30,1,0.15,0.3,60,0,0,1,1,1,0,235,71.1,0.892,171,65.5,0.827,180,68.9,0.934
930,30,1,0.15,0.3,60,0,0,-1,0,0,0,528,72.7,0.975,346,69.4,1.049,329,71.7,1.156
930,30,1,0.15,0.3,60,0,0,-1,0,0,1,267,76.0,1.215,171,69.0,1.015,169,72.8,1.165
930,30,1,0.15,0.3,60,0,0,-1,0,0,-1,259,69.9,0.821,174,69.5,1.077,158,70.3,1.128
930,30,1,0.15,0.3,60,0,0,-1,0,1,0,323,72.4,1.02,209,69.4,1.026,214,71.5,1.171
930,30,1,0.15,0.3,60,0,0,-1,0,2,0,205,73.2,0.913,137,69.3,1.087,115,72.2,1.128
930,30,1,0.15,0.3,60,0,0,-1,-1,0,0,476,73.5,1.027,308,68.8,1.013,302,71.5,1.159
930,30,1,0.15,0.3,60,0,0,-1,-1,0,1,244,75.8,1.188,152,66.4,0.905,153,71.9,1.148
930,30,1,0.15,0.3,60,0,0,-1,-1,0,-1,230,71.7,0.923,155,71.0,1.128,147,70.7,1.152
930,30,1,0.15,0.3,60,0,0,-1,-1,1,0,289,73.4,1.056,189,69.3,1.053,201,71.6,1.162
930,30,1,0.15,0.3,60,0,1,0,0,0,0,301,73.1,1.12,245,65.7,0.834,246,66.3,0.831
930,30,1,0.15,0.3,60,0,-1,0,0,0,0,678,71.2,0.861,435,72.2,1.229,408,73.5,1.329
930,30,1,0.15,0.3,60,0,-1,0,0,0,1,342,72.2,0.896,214,73.8,1.273,207,77.3,1.526
930,30,1,0.15,0.3,60,0,-1,0,0,0,-1,335,70.4,0.839,220,70.5,1.18,196,69.4,1.15
930,30,1,0.15,0.3,60,0,-1,0,0,1,0,415,69.9,0.826,258,70.9,1.145,259,71.8,1.174
930,30,1,0.15,0.3,60,0,-1,0,0,1,1,207,71.0,0.87,128,73.4,1.285,131,77.1,1.5
930,30,1,0.15,0.3,60,0,-1,0,0,1,-1,208,68.8,0.785,130,68.5,1.03,128,66.4,0.939
930,30,1,0.15,0.3,60,0,-1,0,0,2,0,263,73.4,0.919,177,74.0,1.366,149,76.5,1.675
930,30,1,0.15,0.3,60,0,-1,0,1,0,0,305,69.8,0.743,209,74.6,1.363,201,74.1,1.375
930,30,1,0.15,0.3,60,0,-1,0,-1,0,0,373,72.4,0.979,226,69.9,1.12,207,72.9,1.288
930,30,1,0.15,0.3,60,0,-1,0,-1,1,0,233,70.8,0.932,142,69.7,1.174,142,71.8,1.215
930,30,1,0.15,0.3,60,0,-1,1,0,0,0,299,69.2,0.741,211,73.0,1.197,201,71.1,1.153
930,30,1,0.15,0.3,60,0,-1,1,1,0,0,271,69.7,0.749,187,73.8,1.288,185,73.0,1.285
930,30,1,0.15,0.3,60,0,-1,-1,0,0,0,379,72.8,0.971,223,71.3,1.253,205,75.6,1.514
930,30,1,0.15,0.3,60,0,-1,-1,0,1,0,236,71.6,0.976,143,71.3,1.229,141,75.2,1.463
930,30,1,0.15,0.3,60,0,-1,-1,-1,0,0,345,73.0,1.011,201,70.1,1.179,189,74.6,1.427
930,30,1,0.15,0.3,60,0,-1,-1,-1,1,0,216,71.3,0.962,130,70.0,1.196,132,74.2,1.392
930,30,1,0.15,0.3,60,1,0,0,0,0,0,494,72.9,0.944,323,70.3,1.092,285,72.6,1.171
930,30,1,0.15,0.3,60,1,0,0,0,0,1,306,73.5,0.921,211,73.5,1.244,184,75.0,1.237
930,30,1,0.15,0.3,60,1,0,0,0,1,0,286,73.1,0.951,182,68.1,1.006,167,70.7,1.107
930,30,1,0.15,0.3,60,1,0,0,0,2,0,208,72.6,0.935,141,73.0,1.215,118,75.4,1.267
930,30,1,0.15,0.3,60,1,0,0,1,0,0,235,70.6,0.827,170,68.8,1.004,149,70.5,0.969
930,30,1,0.15,0.3,60,1,0,0,-1,0,0,259,74.9,1.062,153,71.9,1.2,135,74.8,1.482
930,30,1,0.15,0.3,60,1,0,1,0,0,0,235,70.6,0.819,167,68.9,0.954,143,69.2,0.962
930,30,1,0.15,0.3,60,1,0,1,1,0,0,212,70.3,0.804,152,68.4,0.959,133,69.9,0.982
930,30,1,0.15,0.3,60,1,0,-1,0,0,0,259,74.9,1.072,156,71.8,1.274,142,76.1,1.456
930,30,1,0.15,0.3,60,1,0,-1,-1,0,0,236,75.0,1.071,138,71.7,1.246,126,76.2,1.573
930,30,1,0.15,0.3,60,1,-1,0,0,0,0,318,73.9,0.936,193,72.0,1.155,166,74.7,1.285
930,30,1,0.15,0.3,60,1,-1,0,0,0,1,201,74.1,0.928,122,75.4,1.33,106,76.4,1.355
930,30,1,0.15,0.3,60,-1,0,0,0,0,0,445,71.5,0.934,338,69.2,1.037,292,69.5,1.083
930,30,1,0.15,0.3,60,-1,0,0,0,0,-1,277,70.8,0.872,212,70.8,1.166,174,69.0,1.109
930,30,1,0.15,0.3,60,-1,0,0,0,1,0,262,71.8,1.002,198,66.7,0.875,178,69.1,1.014
930,30,1,0.15,0.3,60,-1,0,0,1,0,0,203,70.4,0.852,159,74.2,1.388,146,71.9,1.295
930,30,1,0.15,0.3,60,-1,0,0,-1,0,0,242,72.3,1.019,179,64.8,0.809,146,67.1,0.919
930,30,1,0.15,0.3,60,-1,0,1,0,0,0,200,72.5,0.994,157,72.0,1.223,146,69.9,1.146
930,30,1,0.15,0.3,60,-1,0,-1,0,0,0,245,70.6,0.887,181,66.9,0.898,146,69.2,1.024
930,30,1,0.15,0.3,60,-1,0,-1,-1,0,0,221,72.4,1.005,163,65.6,0.846,137,68.6,0.998
930,30,1,0.15,0.3,60,-1,-1,0,0,0,0,338,69.2,0.812,228,71.5,1.241,184,73.4,1.486
930,30,1,0.15,0.3,60,-1,-1,0,0,0,-1,206,68.9,0.786,144,72.2,1.351,109,70.6,1.375
930,30,1,0.15,0.3,60,-1,-1,0,0,1,0,204,68.1,0.804,139,70.5,1.11,117,73.5,1.386
930,30,1,0.25,1.0,60,0,0,0,0,0,0,979,50.2,0.967,680,53.2,1.13,654,52.9,1.129
930,30,1,0.25,1.0,60,0,0,0,0,0,1,491,50.7,0.904,346,54.9,1.225,335,54.6,1.249
930,30,1,0.25,1.0,60,0,0,0,0,0,-1,484,49.6,1.046,332,51.2,1.026,312,50.6,1.021
930,30,1,0.25,1.0,60,0,0,0,0,1,0,584,49.5,0.943,395,53.2,1.094,410,53.2,1.085
930,30,1,0.25,1.0,60,0,0,0,0,1,1,281,49.8,0.871,205,56.6,1.22,215,57.2,1.244
930,30,1,0.25,1.0,60,0,0,0,0,1,-1,303,49.2,1.018,190,49.5,0.973,195,48.7,0.931
930,30,1,0.25,1.0,60,0,0,0,0,2,0,395,51.1,1.002,285,53.3,1.181,244,52.5,1.201
930,30,1,0.25,1.0,60,0,0,0,0,2,1,210,51.9,0.95,141,52.5,1.233,120,50.0,1.257
930,30,1,0.25,1.0,60,0,0,0,1,0,0,457,47.7,0.863,339,56.6,1.161,326,55.5,1.144
930,30,1,0.25,1.0,60,0,0,0,1,0,1,228,47.4,0.763,178,61.8,1.472,171,60.2,1.438
930,30,1,0.25,1.0,60,0,0,0,1,0,-1,228,47.8,0.969,161,50.9,0.907,152,50.7,0.936
930,30,1,0.25,1.0,60,0,0,0,1,1,0,269,48.0,0.852,191,55.0,0.903,193,56.0,0.996
930,30,1,0.25,1.0,60,0,0,0,-1,0,0,522,52.3,1.07,341,49.9,1.099,327,50.2,1.103
930,30,1,0.25,1.0,60,0,0,0,-1,0,1,263,53.6,1.049,168,47.6,1.016,164,48.8,1.071
930,30,1,0.25,1.0,60,0,0,0,-1,0,-1,256,51.2,1.123,171,51.5,1.161,159,50.3,1.089
930,30,1,0.25,1.0,60,0,0,0,-1,1,0,315,50.8,1.026,204,51.5,1.309,216,50.5,1.156
930,30,1,0.25,1.0,60,0,0,0,-1,2,0,207,54.6,1.143,137,47.4,0.845,111,49.5,1.007
930,30,1,0.25,1.0,60,0,0,1,0,0,0,449,48.1,0.91,333,56.2,1.133,322,54.0,1.113
930,30,1,0.25,1.0,60,0,0,1,0,0,1,224,46.0,0.738,175,60.0,1.361,166,58.4,1.354
930,30,1,0.25,1.0,60,0,0,1,0,0,-1,225,50.2,1.117,158,51.9,0.935,154,50.0,0.955
930,30,1,0.25,1.0,60,0,0,1,0,1,0,261,49.4,0.937,186,55.4,1.011,196,55.1,1.005
930,30,1,0.25,1.0,60,0,0,1,1,0,0,404,48.5,0.945,301,56.8,1.189,298,55.0,1.178
930,30,1,0.25,1.0,60,0,0,1,1,0,1,205,47.3,0.801,159,61.0,1.471,155,59.4,1.437
930,30,1,0.25,1.0,60,0,0,1,1,1,0,235,49.8,0.99,171,55.0,0.95,180,56.1,1.04
930,30,1,0.25,1.0,60,0,0,-1,0,0,0,528,51.7,1.014,346,50.3,1.124,329,51.4,1.137
930,30,1,0.25,1.0,60,0,0,-1,0,0,1,267,54.7,1.069,171,49.7,1.094,169,50.9,1.149
930,30,1,0.25,1.0,60,0,0,-1,0,0,-1,259,49.0,0.989,174,50.6,1.131,158,51.3,1.092
930,30,1,0.25,1.0,60,0,0,-1,0,1,0,323,49.5,0.949,209,51.2,1.181,214,51.4,1.163
930,30,1,0.25,1.0,60,0,0,-1,0,2,0,205,55.1,1.123,137,48.9,1.042,115,51.3,1.088
930,30,1,0.25,1.0,60,0,0,-1,-1,0,0,476,52.9,1.12,308,49.7,1.148,302,50.7,1.172
930,30,1,0.25,1.0,60,0,0,-1,-1,0,1,244,55.3,1.148,152,47.4,1.059,153,49.0,1.123
930,30,1,0.25,1.0,60,0,0,-1,-1,0,-1,230,50.9,1.129,155,51.6,1.219,147,51.7,1.189
930,30,1,0.25,1.0,60,0,0,-1,-1,1,0,289,51.2,1.081,189,50.8,1.269,201,51.2,1.222
930,30,1,0.25,1.0,60,0,1,0,0,0,0,301,54.2,1.107,245,49.8,0.834,246,48.8,0.836
930,30,1,0.25,1.0,60,0,-1,0,0,0,0,678,48.4,0.919,435,55.2,1.339,408,55.4,1.346
930,30,1,0.25,1.0,60,0,-1,0,0,0,1,342,49.1,0.847,214,57.0,1.535,207,57.0,1.562
930,30,1,0.25,1.0,60,0,-1,0,0,0,-1,335,47.8,1.011,220,53.2,1.159,196,53.6,1.185
930,30,1,0.25,1.0,60,0,-1,0,0,1,0,415,45.5,0.808,258,55.4,1.282,259,55.2,1.278
930,30,1,0.25,1.0,60,0,-1,0,0,1,1,207,45.9,0.756,128,59.4,1.629,131,60.3,1.59
930,30,1,0.25,1.0,60,0,-1,0,0,1,-1,208,45.2,0.866,130,51.5,1.015,128,50.0,1.01
930,30,1,0.25,1.0,60,0,-1,0,0,2,0,263,52.9,1.111,177,54.8,1.431,149,55.7,1.47
930,30,1,0.25,1.0,60,0,-1,0,1,0,0,305,46.2,0.801,209,57.9,1.311,201,56.7,1.339
930,30,1,0.25,1.0,60,0,-1,0,-1,0,0,373,50.1,1.041,226,52.7,1.369,207,54.1,1.353
930,30,1,0.25,1.0,60,0,-1,0,-1,1,0,233,47.2,0.916,142,53.5,1.638,142,54.2,1.459
930,30,1,0.25,1.0,60,0,-1,1,0,0,0,299,46.8,0.856,211,55.9,1.23,201,54.2,1.196
930,30,1,0.25,1.0,60,0,-1,1,1,0,0,271,47.2,0.879,187,56.1,1.24,185,55.7,1.303
930,30,1,0.25,1.0,60,0,-1,-1,0,0,0,379,49.6,0.975,223,54.3,1.476,205,56.1,1.529
930,30,1,0.25,1.0,60,0,-1,-1,0,1,0,236,46.2,0.839,143,55.2,1.543,141,57.4,1.668
930,30,1,0.25,1.0,60,0,-1,-1,-1,0,0,345,50.7,1.081,201,52.2,1.405,189,55.0,1.496
930,30,1,0.25,1.0,60,0,-1,-1,-1,1,0,216,47.7,0.959,130,53.1,1.616,132,56.1,1.678
930,30,1,0.25,1.0,60,1,0,0,0,0,0,494,51.8,0.924,323,53.6,1.141,285,52.3,1.167
930,30,1,0.25,1.0,60,1,0,0,0,0,1,306,52.6,0.827,211,55.9,1.312,184,54.3,1.303
930,30,1,0.25,1.0,60,1,0,0,0,1,0,286,50.7,0.87,182,53.3,1.08,167,52.7,1.077
930,30,1,0.25,1.0,60,1,0,0,0,2,0,208,53.4,1.008,141,53.9,1.221,118,51.7,1.294
930,30,1,0.25,1.0,60,1,0,0,1,0,0,235,47.2,0.732,170,52.9,1.034,149,51.7,1.076
930,30,1,0.25,1.0,60,1,0,0,-1,0,0,259,56.0,1.112,153,54.2,1.276,135,52.6,1.274
930,30,1,0.25,1.0,60,1,0,1,0,0,0,235,47.2,0.785,167,54.5,1.124,143,51.7,1.156
930,30,1,0.25,1.0,60,1,0,1,1,0,0,212,46.7,0.782,152,53.3,1.044,133,51.1,1.124
930,30,1,0.25,1.0,60,1,0,-1,0,0,0,259,56.0,1.052,156,52.6,1.164,142,52.8,1.181
930,30,1,0.25,1.0,60,1,0,-1,-1,0,0,236,56.4,1.144,138,52.9,1.196,126,52.4,1.27
930,30,1,0.25,1.0,60,1,-1,0,0,0,0,318,50.6,0.87,193,53.9,1.203,166,53.0,1.249
930,30,1,0.25,1.0,60,1,-1,0,0,0,1,201,52.2,0.802,122,56.6,1.502,106,52.8,1.313
930,30,1,0.25,1.0,60,-1,0,0,0,0,0,445,48.8,1.031,338,52.4,1.091,292,52.7,1.128
930,30,1,0.25,1.0,60,-1,0,0,0,0,-1,277,49.5,1.026,212,51.9,1.099,174,52.3,1.165
930,30,1,0.25,1.0,60,-1,0,0,0,1,0,262,48.9,1.036,198,52.5,1.085,178,52.8,1.12
930,30,1,0.25,1.0,60,-1,0,0,1,0,0,203,49.3,1.011,159,61.0,1.353,146,58.2,1.249
930,30,1,0.25,1.0,60,-1,0,0,-1,0,0,242,48.3,1.053,179,44.7,0.894,146,47.3,1.025
930,30,1,0.25,1.0,60,-1,0,1,0,0,0,200,50.0,1.086,157,58.0,1.152,146,55.5,1.117
930,30,1,0.25,1.0,60,-1,0,-1,0,0,0,245,47.8,0.984,181,47.5,1.037,146,50.0,1.138
930,30,1,0.25,1.0,60,-1,0,-1,-1,0,0,221,49.3,1.116,163,46.0,1.038,137,48.9,1.156
930,30,1,0.25,1.0,60,-1,-1,0,0,0,0,338,46.7,0.98,228,55.3,1.403,184,57.1,1.532
930,30,1,0.25,1.0,60,-1,-1,0,0,0,-1,206,48.1,1.019,144,54.2,1.335,109,56.0,1.409
930,30,1,0.25,1.0,60,-1,-1,0,0,1,0,204,44.6,0.853,139,56.1,1.35,117,56.4,1.53
930,60,0,0.25,0.6,60,0,0,0,0,0,0,979,49.8,0.972,680,49.6,0.85,654,49.2,0.878
930,60,0,0.25,0.6,60,0,0,0,0,0,1,475,50.7,0.89,353,51.0,0.912,342,50.3,0.938
930,60,0,0.25,0.6,60,0,0,0,0,0,-1,500,49.0,1.047,325,48.3,0.803,305,48.2,0.815
930,60,0,0.25,0.6,60,0,0,0,0,1,0,584,52.2,1.107,395,51.4,0.944,410,51.5,0.954
930,60,0,0.25,0.6,60,0,0,0,0,1,1,285,53.3,1.048,198,53.5,1.014,219,53.4,1.064
930,60,0,0.25,0.6,60,0,0,0,0,1,-1,299,51.2,1.167,197,49.2,0.881,191,49.2,0.853
930,60,0,0.25,0.6,60,0,0,0,0,2,0,395,46.3,0.81,285,47.0,0.736,244,45.5,0.768
930,60,0,0.25,0.6,60,0,0,0,0,2,-1,201,45.8,0.903,128,46.9,0.702,114,46.5,0.758
930,60,0,0.25,0.6,60,0,0,0,1,0,0,507,47.5,0.87,356,52.8,0.908,341,51.6,0.939
930,60,0,0.25,0.6,60,0,0,0,1,0,1,244,48.4,0.8,189,54.5,1.012,182,52.2,0.988
930,60,0,0.25,0.6,60,0,0,0,1,0,-1,260,46.5,0.92,165,51.5,0.835,156,51.9,0.921
930,60,0,0.25,0.6,60,0,0,0,1,1,0,305,51.1,1.042,202,52.5,0.814,217,53.0,0.905
930,60,0,0.25,0.6,60,0,0,0,1,2,0,202,42.1,0.661,154,53.2,1.052,124,49.2,1.002
930,60,0,0.25,0.6,60,0,0,0,-1,0,0,472,52.3,1.087,324,46.0,0.791,312,46.5,0.811
930,60,0,0.25,0.6,60,0,0,0,-1,0,1,231,53.2,0.989,164,47.0,0.812,160,48.1,0.882
930,60,0,0.25,0.6,60,0,0,0,-1,0,-1,240,51.7,1.198,160,45.0,0.771,148,43.9,0.709
930,60,0,0.25,0.6,60,0,0,0,-1,1,0,279,53.4,1.182,193,50.3,1.108,192,49.5,1.006
930,60,0,0.25,0.6,60,0,0,1,0,0,0,523,48.0,0.919,361,52.4,0.92,345,50.4,0.916
930,60,0,0.25,0.6,60,0,0,1,0,0,1,252,50.0,0.911,192,54.2,1.02,181,51.4,0.986
930,60,0,0.25,0.6,60,0,0,1,0,0,-1,269,45.7,0.906,168,50.6,0.847,162,50.0,0.877
930,60,0,0.25,0.6,60,0,0,1,0,1,0,307,51.8,1.104,211,52.6,0.91,226,52.2,0.899
930,60,0,0.25,0.6,60,0,0,1,0,2,0,216,42.6,0.712,150,52.0,0.935,119,47.1,0.951
930,60,0,0.25,0.6,60,0,0,1,1,0,0,466,47.2,0.86,323,53.3,0.923,317,50.8,0.911
930,60,0,0.25,0.6,60,0,0,1,1,0,1,218,48.6,0.819,171,54.4,1.015,167,50.9,0.948
930,60,0,0.25,0.6,60,0,0,1,1,0,-1,246,45.5,0.875,151,52.3,0.861,148,51.4,0.904
930,60,0,0.25,0.6,60,0,0,1,1,1,0,276,50.7,1.026,189,53.4,0.849,207,52.7,0.881
930,60,0,0.25,0.6,60,0,0,-1,0,0,0,454,52.2,1.039,318,46.5,0.785,306,48.0,0.837
930,60,0,0.25,0.6,60,0,0,-1,0,0,1,223,51.6,0.867,161,47.2,0.81,161,49.1,0.888
930,60,0,0.25,0.6,60,0,0,-1,0,0,-1,231,52.8,1.233,157,45.9,0.761,143,46.2,0.754
930,60,0,0.25,0.6,60,0,0,-1,0,1,0,277,52.7,1.111,184,50.0,0.984,184,50.5,1.028
930,60,0,0.25,0.6,60,0,0,-1,-1,0,0,414,52.2,1.04,286,46.2,0.781,283,46.6,0.8
930,60,0,0.25,0.6,60,0,0,-1,-1,0,-1,217,52.1,1.185,143,46.2,0.778,135,45.2,0.731
930,60,0,0.25,0.6,60,0,0,-1,-1,1,0,248,52.4,1.1,171,50.9,1.048,174,50.0,1.001
930,60,0,0.25,0.6,60,0,1,0,0,0,0,719,50.8,0.967,448,46.9,0.745,426,46.5,0.77
930,60,0,0.25,0.6,60,0,1,0,0,0,1,351,52.4,0.904,237,48.5,0.79,221,46.6,0.778
930,60,0,0.25,0.6,60,0,1,0,0,0,-1,367,49.0,1.02,210,45.2,0.707,201,46.3,0.744
930,60,0,0.25,0.6,60,0,1,0,0,1,0,437,54.2,1.172,264,48.1,0.817,271,48.7,0.842
930,60,0,0.25,0.6,60,0,1,0,0,1,1,210,56.7,1.13,137,50.4,0.961,146,48.6,0.927
930,60,0,0.25,0.6,60,0,1,0,0,1,-1,227,52.0,1.212,127,45.7,0.693,125,48.8,0.763
930,60,0,0.25,0.6,60,0,1,0,0,2,0,282,45.4,0.736,184,45.1,0.653,155,42.6,0.661
930,60,0,0.25,0.6,60,0,1,0,1,0,0,386,48.4,0.875,240,50.4,0.825,222,48.6,0.868
930,60,0,0.25,0.6,60,0,1,0,1,0,-1,204,45.1,0.843,113,50.4,0.851,103,51.5,0.916
930,60,0,0.25,0.6,60,0,1,0,1,1,0,239,52.3,1.087,144,50.7,0.772,148,52.0,0.888
930,60,0,0.25,0.6,60,0,1,0,-1,0,0,333,53.5,1.071,208,42.8,0.665,203,43.8,0.672
930,60,0,0.25,0.6,60,0,1,1,0,0,0,397,48.1,0.909,237,49.8,0.832,222,46.4,0.818
930,60,0,0.25,0.6,60,0,1,1,0,0,-1,207,43.5,0.814,110,49.1,0.837,108,49.1,0.851
930,60,0,0.25,0.6,60,0,1,1,0,1,0,239,52.3,1.126,147,49.7,0.802,153,49.0,0.8
930,60,0,0.25,0.6,60,0,1,1,1,0,0,355,47.6,0.848,215,51.6,0.886,205,47.3,0.836
930,60,0,0.25,0.6,60,0,1,1,1,1,0,217,51.6,1.048,133,51.9,0.803,140,50.7,0.818
930,60,0,0.25,0.6,60,0,1,-1,0,0,0,322,54.0,1.038,210,43.8,0.671,203,46.8,0.727
930,60,0,0.25,0.6,60,0,1,-1,-1,0,0,291,53.6,1.017,186,44.1,0.696,187,44.9,0.687
930,60,0,0.25,0.6,60,0,-1,0,0,0,0,260,47.3,0.987,232,54.7,1.122,228,54.4,1.161
930,60,0,0.25,0.6,60,1,0,0,0,0,0,466,51.5,0.924,346,51.4,0.948,294,50.7,0.963
930,60,0,0.25,0.6,60,1,0,0,0,0,1,286,51.0,0.823,225,51.1,0.96,188,50.0,0.953
930,60,0,0.25,0.6,60,1,0,0,0,1,0,272,53.7,1.056,192,53.6,1.087,171,54.4,1.108
930,60,0,0.25,0.6,60,1,0,0,1,0,0,244,50.4,0.884,190,58.4,1.155,153,56.9,1.102
930,60,0,0.25,0.6,60,1,0,0,-1,0,0,222,52.7,0.961,156,42.9,0.748,140,43.6,0.805
930,60,0,0.25,0.6,60,1,0,1,0,0,0,255,51.0,0.946,192,56.8,1.088,153,54.2,1.066
930,60,0,0.25,0.6,60,1,0,1,1,0,0,224,49.6,0.857,174,58.0,1.1,142,54.9,1.04
930,60,0,0.25,0.6,60,1,0,-1,0,0,0,211,52.1,0.9,154,44.8,0.803,141,46.8,0.857
930,60,0,0.25,0.6,60,1,1,0,0,0,0,367,51.5,0.941,239,47.7,0.768,195,47.7,0.781
930,60,0,0.25,0.6,60,1,1,0,0,0,1,219,51.6,0.826,154,48.1,0.784,121,47.1,0.789
930,60,0,0.25,0.6,60,1,1,0,0,1,0,218,54.1,1.124,139,49.6,0.963,119,50.4,0.925
930,60,0,0.25,0.6,60,1,1,1,0,0,0,206,51.9,0.968,136,51.5,0.811,103,49.5,0.828
930,60,0,0.25,0.6,60,-1,0,0,0,0,0,473,49.0,1.029,315,49.2,0.811,283,49.1,0.85
930,60,0,0.25,0.6,60,-1,0,0,0,0,-1,297,47.8,1.044,198,47.0,0.767,170,47.6,0.824
930,60,0,0.25,0.6,60,-1,0,0,0,1,0,276,52.5,1.206,188,51.1,0.897,174,51.1,0.938
930,60,0,0.25,0.6,60,-1,0,0,1,0,0,240,45.4,0.856,156,48.7,0.798,141,46.8,0.835
930,60,0,0.25,0.6,60,-1,0,0,-1,0,0,233,52.8,1.266,159,49.7,0.824,142,51.4,0.864
930,60,0,0.25,0.6,60,-1,0,1,0,0,0,248,46.0,0.913,159,49.1,0.847,147,46.9,0.843
930,60,0,0.25,0.6,60,-1,0,1,1,0,0,224,46.0,0.881,141,49.6,0.864,133,46.6,0.846
930,60,0,0.25,0.6,60,-1,0,-1,0,0,0,225,52.4,1.185,156,49.4,0.781,136,51.5,0.857
930,60,0,0.25,0.6,60,-1,0,-1,-1,0,0,209,53.6,1.26,141,50.4,0.838,128,51.6,0.869
930,60,0,0.25,0.6,60,-1,1,0,0,0,0,326,50.6,1.001,196,48.0,0.78,174,46.6,0.782
930,60,0,0.25,0.6,60,-1,1,0,0,0,-1,205,48.3,0.983,119,45.4,0.718,103,47.6,0.852
930,60,1,0.25,0.3,60,0,0,0,0,0,0,979,62.2,0.875,680,59.6,0.902,654,60.2,0.912
930,60,1,0.25,0.3,60,0,0,0,0,0,1,500,62.4,0.857,325,61.5,0.949,305,63.0,0.991
930,60,1,0.25,0.3,60,0,0,0,0,0,-1,475,62.1,0.906,353,57.5,0.85,342,57.9,0.857
930,60,1,0.25,0.3,60,0,0,0,0,1,0,584,61.0,0.812,395,57.5,0.835,410,58.0,0.857
930,60,1,0.25,0.3,60,0,0,0,0,1,1,299,59.2,0.746,197,61.4,0.964,191,62.3,0.997
930,60,1,0.25,0.3,60,0,0,0,0,1,-1,285,62.8,0.891,198,53.5,0.718,219,54.3,0.745
930,60,1,0.25,0.3,60,0,0,0,0,2,0,395,64.1,0.977,285,62.5,1.004,244,63.9,1.007
930,60,1,0.25,0.3,60,0,0,0,0,2,1,201,67.2,1.059,128,61.7,0.926,114,64.0,0.98
930,60,1,0.25,0.3,60,0,0,0,1,0,0,472,59.7,0.751,324,61.4,0.908,312,62.2,0.935
930,60,1,0.25,0.3,60,0,0,0,1,0,1,240,59.2,0.699,160,64.4,0.974,148,66.9,1.107
930,60,1,0.25,0.3,60,0,0,0,1,0,-1,231,60.2,0.804,164,58.5,0.847,160,58.8,0.849
930,60,1,0.25,0.3,60,0,0,0,1,1,0,279,60.2,0.731,193,57.5,0.724,192,59.9,0.837
930,60,1,0.25,0.3,60,0,0,0,-1,0,0,507,64.5,1.027,356,57.9,0.897,341,58.7,0.901
930,60,1,0.25,0.3,60,0,0,0,-1,0,1,260,65.4,1.063,165,58.8,0.924,156,59.6,0.909
930,60,1,0.25,0.3,60,0,0,0,-1,0,-1,244,63.9,1.028,189,56.6,0.853,182,57.1,0.865
930,60,1,0.25,0.3,60,0,0,0,-1,1,0,305,61.6,0.904,202,57.4,0.982,217,56.7,0.892
930,60,1,0.25,0.3,60,0,0,0,-1,2,0,202,68.8,1.253,154,58.4,0.808,124,62.1,0.915
930,60,1,0.25,0.3,60,0,0,1,0,0,0,454,61.5,0.803,318,61.3,0.856,306,60.8,0.871
930,60,1,0.25,0.3,60,0,0,1,0,0,1,231,58.9,0.666,157,62.4,0.887,143,63.6,0.97
930,60,1,0.25,0.3,60,0,0,1,0,0,-1,223,64.1,0.984,161,60.2,0.827,161,59.0,0.842
930,60,1,0.25,0.3,60,0,0,1,0,1,0,277,62.5,0.795,184,58.7,0.775,184,59.2,0.817
930,60,1,0.25,0.3,60,0,0,1,1,0,0,414,61.1,0.778,286,61.5,0.912,283,61.8,0.932
930,60,1,0.25,0.3,60,0,0,1,1,0,1,217,59.0,0.666,143,62.9,0.951,135,65.2,1.047
930,60,1,0.25,0.3,60,0,0,1,1,1,0,248,62.1,0.767,171,57.9,0.751,174,59.8,0.853
930,60,1,0.25,0.3,60,0,0,-1,0,0,0,523,62.7,0.943,361,57.9,0.946,345,59.7,0.948
930,60,1,0.25,0.3,60,0,0,-1,0,0,1,269,65.4,1.092,168,60.7,1.015,162,62.3,1.01
930,60,1,0.25,0.3,60,0,0,-1,0,0,-1,252,60.3,0.841,192,55.2,0.874,181,56.9,0.873
930,60,1,0.25,0.3,60,0,0,-1,0,1,0,307,59.6,0.829,211,56.4,0.901,226,57.1,0.896
930,60,1,0.25,0.3,60,0,0,-1,0,2,0,216,67.1,1.138,150,60.0,1.012,119,64.7,1.048
930,60,1,0.25,0.3,60,0,0,-1,-1,0,0,466,64.4,1.015,323,57.6,0.955,317,59.3,0.959
930,60,1,0.25,0.3,60,0,0,-1,-1,0,1,246,65.9,1.091,151,58.9,0.997,148,60.8,0.975
930,60,1,0.25,0.3,60,0,0,-1,-1,0,-1,218,63.3,0.979,171,56.1,0.905,167,57.5,0.923
930,60,1,0.25,0.3,60,0,0,-1,-1,1,0,276,61.2,0.885,189,56.6,0.968,207,57.0,0.934
930,60,1,0.25,0.3,60,0,1,0,0,0,0,260,65.8,1.077,232,53.0,0.674,228,53.9,0.717
930,60,1,0.25,0.3,60,0,-1,0,0,0,0,719,60.9,0.813,448,62.9,1.058,426,63.6,1.038
930,60,1,0.25,0.3,60,0,-1,0,0,0,1,367,61.6,0.778,210,66.2,1.163,201,66.7,1.158
930,60,1,0.25,0.3,60,0,-1,0,0,0,-1,351,60.4,0.862,237,59.9,0.957,221,61.1,0.968
930,60,1,0.25,0.3,60,0,-1,0,0,1,0,437,58.6,0.708,264,61.4,0.985,271,60.9,0.962
930,60,1,0.25,0.3,60,0,-1,0,0,1,1,227,56.8,0.631,127,66.9,1.345,125,64.0,1.135
930,60,1,0.25,0.3,60,0,-1,0,0,1,-1,210,60.5,0.804,137,56.2,0.736,146,58.2,0.825
930,60,1,0.25,0.3,60,0,-1,0,0,2,0,282,64.5,1.011,184,65.2,1.177,155,68.4,1.183
930,60,1,0.25,0.3,60,0,-1,0,1,0,0,333,60.7,0.741,208,65.9,1.015,203,66.5,1.035
930,60,1,0.25,0.3,60,0,-1,0,-1,0,0,386,61.1,0.89,240,60.4,1.1,222,61.3,1.06
930,60,1,0.25,0.3,60,0,-1,0,-1,0,1,204,63.2,0.945,113,60.2,0.96,103,60.2,1.011
930,60,1,0.25,0.3,60,0,-1,0,-1,1,0,239,57.3,0.743,144,59.0,1.102,148,56.8,0.942
930,60,1,0.25,0.3,60,0,-1,1,0,0,0,322,61.2,0.746,210,65.7,0.958,203,63.5,0.918
930,60,1,0.25,0.3,60,0,-1,1,1,0,0,291,61.9,0.75,186,65.1,0.963,187,64.7,0.966
930,60,1,0.25,0.3,60,0,-1,-1,0,0,0,397,60.7,0.877,237,60.3,1.163,222,63.5,1.17
930,60,1,0.25,0.3,60,0,-1,-1,0,0,1,207,64.7,1.043,110,62.7,1.194,108,63.9,1.21
930,60,1,0.25,0.3,60,0,-1,-1,0,1,0,239,56.9,0.742,147,59.2,1.103,153,59.5,1.07
930,60,1,0.25,0.3,60,0,-1,-1,-1,0,0,355,61.7,0.908,215,59.1,1.12,205,62.0,1.123
930,60,1,0.25,0.3,60,0,-1,-1,-1,1,0,217,57.6,0.756,133,57.9,1.103,140,57.9,1.045
930,60,1,0.25,0.3,60,1,0,0,0,0,0,473,65.5,0.952,315,59.7,0.842,283,61.1,0.921
930,60,1,0.25,0.3,60,1,0,0,0,0,1,297,65.3,0.937,198,62.6,0.912,170,63.5,0.988
930,60,1,0.25,0.3,60,1,0,0,0,1,0,276,63.0,0.839,188,58.0,0.789,174,58.6,0.857
930,60,1,0.25,0.3,60,1,0,0,1,0,0,233,60.5,0.762,159,57.9,0.762,142,59.2,0.797
930,60,1,0.25,0.3,60,1,0,0,-1,0,0,240,70.4,1.189,156,61.5,0.94,141,63.1,1.095
930,60,1,0.25,0.3,60,1,0,1,0,0,0,225,62.2,0.819,156,57.1,0.701,136,57.4,0.759
930,60,1,0.25,0.3,60,1,0,1,1,0,0,209,60.8,0.771,141,56.7,0.702,128,57.8,0.777
930,60,1,0.25,0.3,60,1,0,-1,0,0,0,248,68.5,1.088,159,62.3,1.043,147,64.6,1.135
930,60,1,0.25,0.3,60,1,0,-1,-1,0,0,224,69.6,1.15,141,61.7,0.984,133,63.9,1.155
930,60,1,0.25,0.3,60,1,-1,0,0,0,0,326,65.3,0.901,196,62.2,0.893,174,66.1,1.048
930,60,1,0.25,0.3,60,1,-1,0,0,0,1,205,65.4,0.875,119,66.4,1.045,103,67.0,1.047
930,60,1,0.25,0.3,60,-1,0,0,0,0,0,466,58.6,0.793,346,58.4,0.931,294,59.2,0.912
930,60,1,0.25,0.3,60,-1,0,0,0,0,-1,286,59.1,0.849,225,58.2,0.908,188,58.0,0.9
930,60,1,0.25,0.3,60,-1,0,0,0,1,0,272,58.1,0.751,192,55.7,0.857,171,56.1,0.822
930,60,1,0.25,0.3,60,-1,0,0,1,0,0,222,59.0,0.73,156,64.7,1.099,140,65.0,1.127
930,60,1,0.25,0.3,60,-1,0,0,-1,0,0,244,58.2,0.873,190,53.2,0.81,153,54.2,0.779
930,60,1,0.25,0.3,60,-1,0,1,0,0,0,211,61.1,0.8,154,64.9,1.045,141,63.8,1.046
930,60,1,0.25,0.3,60,-1,0,-1,0,0,0,255,56.5,0.787,192,53.1,0.843,153,54.9,0.806
930,60,1,0.25,0.3,60,-1,0,-1,-1,0,0,224,58.5,0.863,174,52.9,0.892,142,54.9,0.834
930,60,1,0.25,0.3,60,-1,-1,0,0,0,0,367,56.7,0.731,239,62.3,1.185,195,62.1,1.112
930,60,1,0.25,0.3,60,-1,-1,0,0,0,-1,219,57.1,0.804,154,61.0,1.114,121,59.5,1.012
930,60,1,0.25,0.3,60,-1,-1,0,0,1,0,218,55.0,0.634,139,59.7,1.003,119,59.7,1.011
930,60,1,0.25,0.3,60,-1,-1,-1,0,0,0,206,53.4,0.708,136,58.1,1.262,103,58.3,1.069
