tf,lv,win,K,em,R,bias,mx,is_n,is_wr,is_pf,is_R,cfd24_n,cfd24_wr,cfd24_pf,fut_n,fut_wr,fut_pf,fut_R
1,all,nyam,10,0,1.0,0,0.1,351,44.4,0.751,-0.149,262,51.9,1.037,240,50.0,0.936,-0.008
1,all,nyam,10,0,1.0,0,0.25,819,47.0,0.926,-0.088,574,52.6,1.089,533,52.3,1.081,0.035
1,all,nyam,10,0,1.0,1,0.1,137,45.3,0.797,-0.13,109,54.1,1.078,94,47.9,0.896,-0.044
1,all,nyam,10,0,1.0,1,0.25,360,47.5,0.958,-0.077,276,51.8,0.981,237,48.5,0.889,-0.038
1,all,nyam,10,0,1.0,-1,0.1,214,43.9,0.717,-0.162,153,50.3,1.004,146,51.4,0.969,0.016
1,all,nyam,10,0,1.0,-1,0.25,460,46.5,0.896,-0.099,299,53.5,1.215,296,55.4,1.285,0.093
1,all,nyam,10,0,1.5,0,0.1,351,33.9,0.735,-0.196,262,39.3,0.922,240,40.4,0.918,-0.013
1,all,nyam,10,0,1.5,0,0.25,813,38.0,0.967,-0.081,572,42.0,1.101,531,42.6,1.09,0.044
1,all,nyam,10,0,1.5,1,0.1,137,32.8,0.721,-0.217,109,44.0,1.087,94,38.3,0.852,-0.06
1,all,nyam,10,0,1.5,1,0.25,360,36.9,0.953,-0.11,276,40.9,0.984,237,38.4,0.895,-0.058
1,all,nyam,10,0,1.5,-1,0.1,214,34.6,0.746,-0.182,153,35.9,0.801,146,41.8,0.974,0.017
1,all,nyam,10,0,1.5,-1,0.25,458,38.4,0.964,-0.069,299,42.8,1.224,296,45.9,1.281,0.124
1,all,nyam,10,0,2.0,0,0.1,351,28.5,0.756,-0.191,261,34.1,0.943,240,33.3,0.873,-0.04
1,all,nyam,10,0,2.0,0,0.25,809,32.9,1.01,-0.054,567,35.8,1.079,527,35.9,1.032,0.027
1,all,nyam,10,0,2.0,1,0.1,137,27.7,0.781,-0.207,109,40.4,1.229,94,33.0,0.899,-0.059
1,all,nyam,10,0,2.0,1,0.25,360,32.2,1.01,-0.078,276,36.6,0.998,237,33.3,0.884,-0.056
1,all,nyam,10,0,2.0,-1,0.1,214,29.0,0.736,-0.181,153,29.4,0.733,146,33.6,0.853,-0.028
1,all,nyam,10,0,2.0,-1,0.25,458,33.0,0.99,-0.049,299,35.1,1.155,295,37.6,1.154,0.079
1,all,nyam,10,0,3.0,0,0.1,351,20.2,0.695,-0.242,261,27.6,0.952,239,28.5,1.033,0.063
1,all,nyam,10,0,3.0,0,0.25,797,25.8,1.037,-0.044,554,30.1,1.074,516,30.4,1.062,0.079
1,all,nyam,10,0,3.0,1,0.1,137,15.3,0.538,-0.437,109,31.2,1.121,94,26.6,0.942,-0.01
1,all,nyam,10,0,3.0,1,0.25,360,24.4,1.009,-0.121,276,28.6,0.843,237,26.6,0.776,-0.094
1,all,nyam,10,0,3.0,-1,0.1,214,23.4,0.826,-0.117,153,24.8,0.811,145,29.7,1.108,0.11
1,all,nyam,10,0,3.0,-1,0.25,457,26.7,1.046,0.007,299,30.4,1.256,294,33.3,1.306,0.2
1,all,nyam,10,1,1.0,0,0.1,87,51.7,0.927,-0.006,59,59.3,1.592,45,64.4,1.561,0.273
1,all,nyam,10,1,1.0,0,0.25,155,57.4,1.322,0.117,108,53.7,1.133,81,54.3,0.93,0.071
1,all,nyam,10,1,1.0,1,0.1,27,40.7,0.674,-0.222,22,63.6,1.935,16,,,
1,all,nyam,10,1,1.0,1,0.25,66,57.6,1.398,0.125,45,57.8,1.473,32,56.2,1.123,0.113
1,all,nyam,10,1,1.0,-1,0.1,60,56.7,1.088,0.091,37,56.8,1.373,29,65.5,1.597,0.29
1,all,nyam,10,1,1.0,-1,0.25,89,57.3,1.261,0.111,63,50.8,0.907,49,53.1,0.826,0.043
1,all,nyam,10,1,1.5,0,0.1,87,42.5,1.016,0.021,59,50.8,1.729,45,55.6,1.611,0.355
1,all,nyam,10,1,1.5,0,0.25,155,46.5,1.271,0.122,108,45.4,1.202,81,44.4,0.895,0.096
1,all,nyam,10,1,1.5,1,0.1,27,25.9,0.59,-0.392,22,63.6,2.735,16,,,
1,all,nyam,10,1,1.5,1,0.25,66,42.4,1.183,0.017,45,55.6,1.854,32,53.1,1.451,0.307
1,all,nyam,10,1,1.5,-1,0.1,60,50.0,1.309,0.207,37,43.2,1.24,29,51.7,1.334,0.254
1,all,nyam,10,1,1.5,-1,0.25,89,49.4,1.352,0.2,63,38.1,0.807,49,38.8,0.633,-0.043
1,all,nyam,10,1,2.0,0,0.1,87,35.6,0.946,0.026,59,44.1,1.743,45,46.7,1.499,0.338
1,all,nyam,10,1,2.0,0,0.25,155,39.4,1.251,0.135,107,40.2,1.278,81,37.0,0.893,0.08
1,all,nyam,10,1,2.0,1,0.1,27,18.5,0.362,-0.485,22,59.1,2.963,16,,,
1,all,nyam,10,1,2.0,1,0.25,66,33.3,0.989,-0.033,45,51.1,2.052,32,46.9,1.607,0.385
1,all,nyam,10,1,2.0,-1,0.1,60,43.3,1.37,0.256,37,35.1,1.179,29,41.4,1.133,0.159
1,all,nyam,10,1,2.0,-1,0.25,89,43.8,1.514,0.259,63,31.7,0.764,49,30.6,0.558,-0.12
1,all,nyam,10,1,3.0,0,0.1,87,26.4,1.046,0.012,59,35.6,1.826,45,40.0,1.709,0.515
1,all,nyam,10,1,3.0,0,0.25,155,31.6,1.37,0.174,107,33.6,1.368,81,33.3,1.012,0.205
1,all,nyam,10,1,3.0,1,0.1,27,18.5,0.546,-0.3,22,45.5,2.719,16,,,
1,all,nyam,10,1,3.0,1,0.25,66,28.8,1.118,0.074,45,42.2,2.229,32,40.6,1.727,0.468
1,all,nyam,10,1,3.0,-1,0.1,60,30.0,1.357,0.152,37,29.7,1.34,29,37.9,1.343,0.4
1,all,nyam,10,1,3.0,-1,0.25,89,33.7,1.61,0.248,63,27.0,0.784,49,28.6,0.664,0.034
1,all,nyam,10,2,1.0,0,0.1,422,51.2,0.952,-0.006,285,56.5,1.121,264,54.5,1.027,0.072
1,all,nyam,10,2,1.0,0,0.25,690,50.0,0.956,-0.027,484,54.8,1.06,453,54.7,1.099,0.079
1,all,nyam,10,2,1.0,1,0.1,169,49.7,0.932,-0.041,124,56.5,1.056,108,50.9,0.927,-0.001
1,all,nyam,10,2,1.0,1,0.25,307,49.5,0.985,-0.041,237,54.9,1.11,206,53.9,1.173,0.062
1,all,nyam,10,2,1.0,-1,0.1,253,52.2,0.968,0.017,163,55.8,1.147,156,57.1,1.115,0.122
1,all,nyam,10,2,1.0,-1,0.25,387,50.6,0.937,-0.012,251,54.2,1.009,250,55.6,1.049,0.095
1,all,nyam,10,2,1.5,0,0.1,422,39.6,0.893,-0.053,285,45.6,1.086,264,44.3,1.016,0.077
1,all,nyam,10,2,1.5,0,0.25,689,39.3,0.972,-0.053,483,45.1,1.125,453,45.5,1.17,0.111
1,all,nyam,10,2,1.5,1,0.1,169,37.9,0.807,-0.098,124,46.0,1.069,108,41.7,0.916,0.013
1,all,nyam,10,2,1.5,1,0.25,307,38.1,0.951,-0.082,237,46.0,1.209,206,44.7,1.221,0.097
1,all,nyam,10,2,1.5,-1,0.1,253,40.7,0.966,-0.023,163,44.8,1.075,156,46.2,1.103,0.121
1,all,nyam,10,2,1.5,-1,0.25,387,40.6,0.993,-0.023,251,43.8,1.037,250,46.0,1.122,0.118
1,all,nyam,10,2,2.0,0,0.1,422,31.8,0.86,-0.095,285,38.6,1.136,264,38.6,1.084,0.123
1,all,nyam,10,2,2.0,0,0.25,687,32.9,0.974,-0.061,482,37.6,1.102,452,37.8,1.088,0.094
1,all,nyam,10,2,2.0,1,0.1,169,29.6,0.734,-0.159,124,41.1,1.226,108,37.0,1.047,0.077
1,all,nyam,10,2,2.0,1,0.25,307,30.9,0.936,-0.113,237,38.8,1.167,206,38.3,1.236,0.113
1,all,nyam,10,2,2.0,-1,0.1,253,33.2,0.969,-0.053,163,36.2,1.042,156,39.7,1.114,0.155
1,all,nyam,10,2,2.0,-1,0.25,387,34.1,0.995,-0.03,251,35.9,1.024,250,37.2,0.958,0.073
1,all,nyam,10,2,3.0,0,0.1,422,24.6,0.886,-0.07,285,30.2,1.171,264,31.1,1.139,0.193
1,all,nyam,10,2,3.0,0,0.25,684,26.8,1.059,-0.005,479,29.4,1.068,451,31.0,1.118,0.142
1,all,nyam,10,2,3.0,1,0.1,169,22.5,0.751,-0.155,124,30.6,1.221,108,28.7,1.045,0.086
1,all,nyam,10,2,3.0,1,0.25,307,24.8,0.967,-0.081,237,30.0,1.023,206,30.6,1.138,0.093
1,all,nyam,10,2,3.0,-1,0.1,253,26.1,1.002,-0.014,163,29.4,1.109,156,32.7,1.216,0.267
1,all,nyam,10,2,3.0,-1,0.25,387,28.2,1.131,0.05,251,28.3,1.071,250,31.2,1.072,0.175
1,all,nyam,10,3,1.0,0,0.1,482,47.3,0.821,-0.09,298,49.3,0.941,257,52.5,1.079,0.035
1,all,nyam,10,3,1.0,0,0.25,788,47.5,0.879,-0.081,526,48.5,0.904,498,50.4,0.946,-0.007
1,all,nyam,10,3,1.0,1,0.1,213,46.5,0.803,-0.101,122,50.0,0.962,103,55.3,1.174,0.092
1,all,nyam,10,3,1.0,1,0.25,371,48.2,0.909,-0.062,266,47.4,0.853,233,48.9,0.851,-0.036
1,all,nyam,10,3,1.0,-1,0.1,269,48.0,0.838,-0.081,179,48.0,0.889,155,50.3,0.996,-0.01
1,all,nyam,10,3,1.0,-1,0.25,425,47.5,0.879,-0.083,266,49.2,0.973,270,51.5,1.045,0.015
1,all,nyam,10,3,1.5,0,0.1,482,38.2,0.851,-0.089,297,40.4,0.96,257,43.2,1.138,0.055
1,all,nyam,10,3,1.5,0,0.25,788,39.0,0.938,-0.061,525,38.9,0.873,498,41.0,0.957,0.001
1,all,nyam,10,3,1.5,1,0.1,213,38.0,0.821,-0.09,122,44.3,1.088,103,44.7,1.192,0.095
1,all,nyam,10,3,1.5,1,0.25,371,40.7,1.003,-0.015,266,38.3,0.787,233,39.5,0.852,-0.042
1,all,nyam,10,3,1.5,-1,0.1,269,38.3,0.879,-0.087,179,37.4,0.85,155,41.9,1.083,0.022
1,all,nyam,10,3,1.5,-1,0.25,425,38.1,0.91,-0.084,266,39.1,0.98,270,41.9,1.055,0.028
1,all,nyam,10,3,2.0,0,0.1,482,32.2,0.885,-0.08,297,33.3,0.945,257,37.7,1.19,0.092
1,all,nyam,10,3,2.0,0,0.25,787,33.0,0.978,-0.045,525,32.8,0.903,497,35.6,0.983,0.029
1,all,nyam,10,3,2.0,1,0.1,213,31.9,0.845,-0.084,122,37.7,1.089,103,39.8,1.283,0.167
1,all,nyam,10,3,2.0,1,0.25,371,34.5,1.046,0.001,266,33.8,0.86,233,34.8,0.887,0.005
1,all,nyam,10,3,2.0,-1,0.1,269,32.3,0.923,-0.077,179,30.2,0.829,155,36.1,1.108,0.034
1,all,nyam,10,3,2.0,-1,0.25,424,32.3,0.944,-0.069,266,31.6,0.961,270,35.9,1.072,0.037
1,all,nyam,10,3,3.0,0,0.1,479,24.2,0.885,-0.082,297,25.3,0.922,257,29.2,1.152,0.119
1,all,nyam,10,3,3.0,0,0.25,782,25.4,1.003,-0.031,521,24.8,0.84,492,27.4,0.921,0.028
1,all,nyam,10,3,3.0,1,0.1,213,24.4,0.852,-0.066,122,29.5,1.074,103,27.2,0.987,0.063
1,all,nyam,10,3,3.0,1,0.25,371,27.5,1.103,0.054,266,27.1,0.845,233,25.3,0.776,-0.064
1,all,nyam,10,3,3.0,-1,0.1,268,23.9,0.906,-0.101,179,22.3,0.807,155,30.3,1.276,0.149
1,all,nyam,10,3,3.0,-1,0.25,423,24.1,0.942,-0.087,266,22.2,0.814,270,28.5,1.032,0.072
1,all,nyam,20,0,1.0,0,0.1,376,44.7,0.755,-0.145,289,51.6,1.052,260,50.0,0.953,-0.009
1,all,nyam,20,0,1.0,0,0.25,921,46.7,0.909,-0.094,630,52.2,1.069,587,52.3,1.058,0.033
1,all,nyam,20,0,1.0,1,0.1,146,44.5,0.782,-0.145,119,52.9,1.059,101,48.5,0.934,-0.033
1,all,nyam,20,0,1.0,1,0.25,404,45.5,0.879,-0.115,301,51.2,0.96,263,48.3,0.864,-0.043
1,all,nyam,20,0,1.0,-1,0.1,230,44.8,0.735,-0.145,170,50.6,1.046,159,50.9,0.968,0.005
1,all,nyam,20,0,1.0,-1,0.25,518,47.5,0.935,-0.079,330,53.3,1.195,325,55.4,1.275,0.09
1,all,nyam,20,0,1.5,0,0.1,376,34.6,0.752,-0.179,289,39.8,0.972,260,41.2,0.968,0.005
1,all,nyam,20,0,1.5,0,0.25,915,37.9,0.963,-0.081,628,41.9,1.078,585,42.7,1.073,0.046
1,all,nyam,20,0,1.5,1,0.1,146,32.2,0.706,-0.233,119,43.7,1.103,101,39.6,0.922,-0.027
1,all,nyam,20,0,1.5,1,0.25,404,35.6,0.899,-0.141,301,40.9,0.971,263,38.8,0.887,-0.051
1,all,nyam,20,0,1.5,-1,0.1,230,36.1,0.789,-0.144,170,37.1,0.874,159,42.1,1.006,0.025
1,all,nyam,20,0,1.5,-1,0.25,516,39.3,1.01,-0.044,330,42.7,1.191,325,45.8,1.264,0.118
1,all,nyam,20,0,2.0,0,0.1,376,29.3,0.775,-0.168,288,34.4,0.981,260,33.5,0.898,-0.036
1,all,nyam,20,0,2.0,0,0.25,910,32.9,1.005,-0.053,622,35.9,1.065,580,35.7,1.007,0.018
1,all,nyam,20,0,2.0,1,0.1,146,27.4,0.774,-0.217,119,40.3,1.266,101,33.7,0.924,-0.037
1,all,nyam,20,0,2.0,1,0.25,404,31.4,0.975,-0.102,301,36.5,0.997,263,33.5,0.87,-0.055
1,all,nyam,20,0,2.0,-1,0.1,230,30.4,0.777,-0.137,170,30.0,0.774,159,33.3,0.878,-0.035
1,all,nyam,20,0,2.0,-1,0.25,516,33.5,1.015,-0.028,330,35.2,1.126,324,37.0,1.123,0.058
1,all,nyam,20,0,3.0,0,0.1,376,20.7,0.694,-0.221,287,26.8,0.949,259,29.0,1.087,0.086
1,all,nyam,20,0,3.0,0,0.25,897,25.6,1.014,-0.049,606,29.9,1.053,566,30.6,1.054,0.079
1,all,nyam,20,0,3.0,1,0.1,146,15.1,0.523,-0.447,119,30.3,1.108,101,27.7,1.0,0.038
1,all,nyam,20,0,3.0,1,0.25,404,23.8,0.948,-0.147,301,28.6,0.848,263,27.4,0.801,-0.069
1,all,nyam,20,0,3.0,-1,0.1,230,24.3,0.836,-0.077,170,24.1,0.81,158,29.7,1.156,0.116
1,all,nyam,20,0,3.0,-1,0.25,515,27.0,1.072,0.021,330,29.7,1.198,323,32.5,1.257,0.165
1,all,nyam,20,1,1.0,0,0.1,104,50.0,0.896,-0.041,65,61.5,1.672,53,67.9,1.739,0.341
1,all,nyam,20,1,1.0,0,0.25,206,53.4,1.098,0.038,134,56.7,1.253,111,56.8,1.11,0.114
1,all,nyam,20,1,1.0,1,0.1,34,38.2,0.637,-0.273,24,66.7,2.091,19,,,
1,all,nyam,20,1,1.0,1,0.25,94,48.9,0.879,-0.047,61,62.3,1.721,51,56.9,1.242,0.111
1,all,nyam,20,1,1.0,-1,0.1,70,55.7,1.073,0.072,41,58.5,1.428,34,70.6,2.042,0.391
1,all,nyam,20,1,1.0,-1,0.25,112,57.1,1.377,0.109,73,52.1,0.918,60,56.7,0.996,0.115
1,all,nyam,20,1,1.5,0,0.1,104,41.3,0.991,-0.009,65,52.3,1.776,53,58.5,1.798,0.415
1,all,nyam,20,1,1.5,0,0.25,206,43.2,1.101,0.044,134,47.0,1.293,111,45.9,1.009,0.117
1,all,nyam,20,1,1.5,1,0.1,34,26.5,0.619,-0.378,24,66.7,2.973,19,,,
1,all,nyam,20,1,1.5,1,0.25,94,36.2,0.816,-0.134,61,57.4,1.99,51,49.0,1.165,0.187
1,all,nyam,20,1,1.5,-1,0.1,70,48.6,1.252,0.171,41,43.9,1.248,34,55.9,1.672,0.337
1,all,nyam,20,1,1.5,-1,0.25,112,49.1,1.472,0.193,73,38.4,0.813,60,43.3,0.871,0.057
1,all,nyam,20,1,2.0,0,0.1,104,34.6,0.923,-0.005,65,46.2,1.821,53,49.1,1.613,0.391
1,all,nyam,20,1,2.0,0,0.25,205,36.6,1.088,0.056,133,40.6,1.2,111,38.7,0.938,0.11
1,all,nyam,20,1,2.0,1,0.1,34,17.6,0.36,-0.512,24,62.5,3.253,19,,,
1,all,nyam,20,1,2.0,1,0.25,94,28.7,0.748,-0.169,61,49.2,1.638,51,43.1,1.069,0.246
1,all,nyam,20,1,2.0,-1,0.1,70,42.9,1.357,0.241,41,36.6,1.213,34,44.1,1.304,0.212
1,all,nyam,20,1,2.0,-1,0.25,112,43.8,1.554,0.262,73,32.9,0.808,60,35.0,0.817,-0.006
1,all,nyam,20,1,3.0,0,0.1,104,25.0,0.958,-0.046,65,35.4,1.712,53,37.7,1.498,0.39
1,all,nyam,20,1,3.0,0,0.25,205,29.8,1.203,0.09,133,33.8,1.266,111,33.3,1.025,0.161
1,all,nyam,20,1,3.0,1,0.1,34,17.6,0.542,-0.335,24,45.8,2.632,19,,,
1,all,nyam,20,1,3.0,1,0.25,94,25.5,0.826,-0.094,61,41.0,1.746,51,37.3,1.141,0.27
1,all,nyam,20,1,3.0,-1,0.1,70,28.6,1.225,0.095,41,29.3,1.232,34,35.3,1.161,0.24
1,all,nyam,20,1,3.0,-1,0.25,112,33.9,1.687,0.27,73,27.4,0.837,60,30.0,0.918,0.069
1,all,nyam,20,2,1.0,0,0.1,454,51.1,0.943,-0.001,308,56.5,1.144,283,54.4,1.04,0.068
1,all,nyam,20,2,1.0,0,0.25,793,49.7,0.941,-0.029,534,54.5,1.063,503,54.1,1.066,0.064
1,all,nyam,20,2,1.0,1,0.1,183,49.7,0.926,-0.022,133,57.1,1.111,115,51.3,0.948,0.006
1,all,nyam,20,2,1.0,1,0.25,356,48.0,0.892,-0.059,262,54.6,1.096,231,52.8,1.094,0.041
1,all,nyam,20,2,1.0,-1,0.1,271,52.0,0.956,0.013,177,55.4,1.143,168,56.5,1.12,0.111
1,all,nyam,20,2,1.0,-1,0.25,441,51.2,0.998,0.0,276,54.0,1.027,275,55.3,1.052,0.086
1,all,nyam,20,2,1.5,0,0.1,454,39.4,0.888,-0.05,308,46.1,1.12,283,44.9,1.058,0.09
1,all,nyam,20,2,1.5,0,0.25,792,39.3,0.973,-0.05,533,45.2,1.097,503,45.5,1.158,0.11
1,all,nyam,20,2,1.5,1,0.1,183,37.2,0.785,-0.099,133,46.6,1.111,115,42.6,0.961,0.036
1,all,nyam,20,2,1.5,1,0.25,356,36.8,0.876,-0.105,262,45.8,1.144,231,44.6,1.202,0.094
1,all,nyam,20,2,1.5,-1,0.1,271,41.0,0.976,-0.016,177,45.2,1.104,168,46.4,1.14,0.128
1,all,nyam,20,2,1.5,-1,0.25,441,41.5,1.076,0.001,276,44.2,1.042,275,46.2,1.114,0.119
1,all,nyam,20,2,2.0,0,0.1,454,32.2,0.877,-0.077,308,39.3,1.171,283,38.9,1.111,0.13
1,all,nyam,20,2,2.0,0,0.25,790,32.9,0.968,-0.057,531,37.7,1.052,501,37.7,1.049,0.088
1,all,nyam,20,2,2.0,1,0.1,183,29.5,0.728,-0.148,133,42.1,1.288,115,37.4,1.078,0.088
1,all,nyam,20,2,2.0,1,0.25,356,30.3,0.88,-0.124,262,38.5,1.087,231,37.7,1.136,0.091
1,all,nyam,20,2,2.0,-1,0.1,271,33.9,1.004,-0.03,177,36.7,1.059,168,39.9,1.137,0.159
1,all,nyam,20,2,2.0,-1,0.25,441,34.7,1.044,-0.012,276,36.2,1.002,275,37.5,0.96,0.076
1,all,nyam,20,2,3.0,0,0.1,454,24.9,0.897,-0.056,308,29.9,1.148,283,30.4,1.107,0.167
1,all,nyam,20,2,3.0,0,0.25,787,26.7,1.02,-0.014,527,29.4,1.012,499,30.5,1.026,0.105
1,all,nyam,20,2,3.0,1,0.1,183,22.4,0.738,-0.15,133,28.6,1.12,115,27.8,0.994,0.053
1,all,nyam,20,2,3.0,1,0.25,356,24.2,0.867,-0.109,262,28.6,0.92,231,29.4,0.988,0.038
1,all,nyam,20,2,3.0,-1,0.1,271,26.6,1.031,0.007,177,30.5,1.153,168,32.1,1.2,0.244
1,all,nyam,20,2,3.0,-1,0.25,441,28.6,1.164,0.058,276,29.3,1.072,275,30.9,1.033,0.147
1,all,nyam,20,3,1.0,0,0.1,519,48.0,0.844,-0.077,324,47.5,0.882,279,52.0,1.056,0.023
1,all,nyam,20,3,1.0,0,0.25,863,48.4,0.921,-0.061,572,47.9,0.899,548,50.5,0.965,-0.005
1,all,nyam,20,3,1.0,1,0.1,224,46.0,0.781,-0.111,131,49.6,0.965,109,56.0,1.219,0.104
1,all,nyam,20,3,1.0,1,0.25,398,48.0,0.895,-0.067,287,48.1,0.895,252,49.6,0.877,-0.023
1,all,nyam,20,3,1.0,-1,0.1,295,49.5,0.905,-0.051,196,45.4,0.796,171,49.1,0.937,-0.036
1,all,nyam,20,3,1.0,-1,0.25,473,49.5,0.975,-0.044,291,47.4,0.909,301,51.2,1.054,0.007
1,all,nyam,20,3,1.5,0,0.1,519,38.7,0.874,-0.075,323,38.7,0.907,279,42.3,1.103,0.032
1,all,nyam,20,3,1.5,0,0.25,863,39.6,0.972,-0.044,571,38.7,0.889,548,40.9,0.964,-0.005
1,all,nyam,20,3,1.5,1,0.1,224,37.1,0.784,-0.115,131,44.3,1.111,109,45.0,1.226,0.102
1,all,nyam,20,3,1.5,1,0.25,398,39.9,0.971,-0.034,287,39.7,0.853,252,40.1,0.868,-0.032
1,all,nyam,20,3,1.5,-1,0.1,295,40.0,0.962,-0.045,196,34.7,0.761,171,40.4,1.007,-0.019
1,all,nyam,20,3,1.5,-1,0.25,473,40.0,1.003,-0.037,291,37.5,0.93,301,41.2,1.048,0.01
1,all,nyam,20,3,2.0,0,0.1,519,32.6,0.902,-0.068,323,32.2,0.912,279,37.3,1.173,0.078
1,all,nyam,20,3,2.0,0,0.25,861,33.8,1.024,-0.021,571,32.9,0.926,547,35.6,0.994,0.025
1,all,nyam,20,3,2.0,1,0.1,224,30.8,0.802,-0.118,131,38.2,1.134,109,40.4,1.336,0.184
1,all,nyam,20,3,2.0,1,0.25,398,33.7,1.015,-0.021,287,35.2,0.924,252,34.9,0.892,0.004
1,all,nyam,20,3,2.0,-1,0.1,295,33.9,0.999,-0.03,196,28.1,0.755,171,35.1,1.051,0.004
1,all,nyam,20,3,2.0,-1,0.25,472,34.3,1.058,-0.008,291,30.6,0.933,301,35.9,1.088,0.032
1,all,nyam,20,3,3.0,0,0.1,516,24.4,0.909,-0.074,322,23.9,0.866,278,29.1,1.168,0.118
1,all,nyam,20,3,3.0,0,0.25,852,25.9,1.053,-0.011,565,24.8,0.859,539,28.0,0.956,0.036
1,all,nyam,20,3,3.0,1,0.1,224,23.7,0.815,-0.098,131,29.0,1.073,109,28.4,1.079,0.113
1,all,nyam,20,3,3.0,1,0.25,398,26.9,1.064,0.025,287,27.5,0.877,252,26.2,0.809,-0.048
1,all,nyam,20,3,3.0,-1,0.1,294,24.8,0.989,-0.063,196,20.4,0.716,171,29.2,1.217,0.108
1,all,nyam,20,3,3.0,-1,0.25,471,25.3,1.053,-0.036,291,21.6,0.813,301,28.6,1.055,0.064
1,all,nyam,40,0,1.0,0,0.1,392,44.9,0.767,-0.141,298,52.0,1.065,268,49.6,0.937,-0.018
1,all,nyam,40,0,1.0,0,0.25,951,46.7,0.902,-0.094,654,52.1,1.045,610,51.5,1.004,0.017
1,all,nyam,40,0,1.0,1,0.1,150,44.7,0.786,-0.142,126,54.0,1.083,106,48.1,0.923,-0.042
1,all,nyam,40,0,1.0,1,0.25,417,45.6,0.869,-0.115,317,50.8,0.929,273,47.3,0.828,-0.06
1,all,nyam,40,0,1.0,-1,0.1,242,45.0,0.753,-0.14,172,50.6,1.051,162,50.6,0.948,-0.002
1,all,nyam,40,0,1.0,-1,0.25,535,47.5,0.932,-0.08,338,53.6,1.183,338,54.7,1.194,0.077
1,all,nyam,40,0,1.5,0,0.1,392,34.7,0.755,-0.176,298,40.3,0.992,268,40.7,0.954,-0.008
1,all,nyam,40,0,1.5,0,0.25,945,37.9,0.956,-0.082,652,41.6,1.047,608,41.8,1.018,0.024
1,all,nyam,40,0,1.5,1,0.1,150,32.7,0.719,-0.222,126,44.4,1.132,106,39.6,0.928,-0.027
1,all,nyam,40,0,1.5,1,0.25,417,36.0,0.9,-0.133,317,40.4,0.939,273,38.1,0.858,-0.065
1,all,nyam,40,0,1.5,-1,0.1,242,36.0,0.782,-0.148,172,37.2,0.885,162,41.4,0.977,0.006
1,all,nyam,40,0,1.5,-1,0.25,533,39.0,0.996,-0.052,338,42.6,1.163,338,44.7,1.176,0.088
1,all,nyam,40,0,2.0,0,0.1,392,29.3,0.776,-0.166,297,34.0,0.965,268,32.8,0.869,-0.054
1,all,nyam,40,0,2.0,0,0.25,940,32.9,0.994,-0.056,645,35.2,1.028,602,34.7,0.956,-0.008
1,all,nyam,40,0,2.0,1,0.1,150,27.3,0.769,-0.219,126,38.9,1.19,106,33.0,0.885,-0.055
1,all,nyam,40,0,2.0,1,0.25,417,31.7,0.96,-0.103,317,35.3,0.948,273,32.6,0.834,-0.076
1,all,nyam,40,0,2.0,-1,0.1,242,30.6,0.78,-0.133,172,30.2,0.79,162,32.7,0.856,-0.054
1,all,nyam,40,0,2.0,-1,0.25,533,33.4,1.009,-0.032,338,35.2,1.109,337,36.2,1.06,0.034
1,all,nyam,40,0,3.0,0,0.1,392,20.9,0.703,-0.214,296,26.4,0.921,267,28.5,1.055,0.067
1,all,nyam,40,0,3.0,0,0.25,926,25.7,1.0,-0.052,628,29.1,1.013,587,29.6,1.0,0.048
1,all,nyam,40,0,3.0,1,0.1,150,15.3,0.531,-0.437,126,29.4,1.056,106,27.4,0.967,0.026
1,all,nyam,40,0,3.0,1,0.25,417,24.2,0.942,-0.14,317,27.8,0.816,273,26.7,0.773,-0.086
1,all,nyam,40,0,3.0,-1,0.1,242,24.4,0.843,-0.076,172,23.8,0.795,161,29.2,1.128,0.095
1,all,nyam,40,0,3.0,-1,0.25,532,26.7,1.046,0.011,338,29.3,1.158,336,31.5,1.178,0.131
1,all,nyam,40,1,1.0,0,0.1,106,50.9,0.936,-0.021,69,60.9,1.59,59,66.1,1.537,0.303
1,all,nyam,40,1,1.0,0,0.25,217,52.5,1.036,0.021,149,56.4,1.196,126,56.3,1.079,0.106
1,all,nyam,40,1,1.0,1,0.1,34,38.2,0.637,-0.273,27,63.0,1.707,20,60.0,1.17,0.189
1,all,nyam,40,1,1.0,1,0.25,97,48.5,0.87,-0.056,72,61.1,1.597,56,57.1,1.274,0.118
1,all,nyam,40,1,1.0,-1,0.1,72,56.9,1.141,0.097,42,59.5,1.503,39,69.2,1.823,0.361
1,all,nyam,40,1,1.0,-1,0.25,120,55.8,1.219,0.084,77,51.9,0.877,70,55.7,0.928,0.095
1,all,nyam,40,1,1.5,0,0.1,106,42.5,1.043,0.019,69,52.2,1.73,59,55.9,1.638,0.352
1,all,nyam,40,1,1.5,0,0.25,217,42.9,1.069,0.036,149,47.0,1.254,126,44.4,0.987,0.08
1,all,nyam,40,1,1.5,1,0.1,34,26.5,0.619,-0.378,27,63.0,2.433,20,60.0,1.721,0.476
1,all,nyam,40,1,1.5,1,0.25,97,36.1,0.821,-0.135,72,55.6,1.826,56,48.2,1.188,0.17
1,all,nyam,40,1,1.5,-1,0.1,72,50.0,1.341,0.207,42,45.2,1.334,39,53.8,1.589,0.287
1,all,nyam,40,1,1.5,-1,0.25,120,48.3,1.356,0.174,77,39.0,0.806,70,41.4,0.824,0.009
1,all,nyam,40,1,2.0,0,0.1,106,34.9,0.928,0.004,69,46.4,1.804,59,47.5,1.531,0.347
1,all,nyam,40,1,2.0,0,0.25,216,36.1,1.059,0.043,148,39.9,1.145,126,38.1,0.968,0.094
1,all,nyam,40,1,2.0,1,0.1,34,17.6,0.36,-0.512,27,59.3,2.727,20,55.0,1.912,0.626
1,all,nyam,40,1,2.0,1,0.25,97,28.9,0.764,-0.164,72,47.2,1.542,56,42.9,1.143,0.241
1,all,nyam,40,1,2.0,-1,0.1,72,43.1,1.351,0.248,42,38.1,1.314,39,43.6,1.329,0.204
1,all,nyam,40,1,2.0,-1,0.25,120,42.5,1.417,0.227,77,32.5,0.76,70,34.3,0.819,-0.024
1,all,nyam,40,1,3.0,0,0.1,106,25.5,0.973,-0.026,69,34.8,1.664,59,35.6,1.379,0.312
1,all,nyam,40,1,3.0,0,0.25,216,29.6,1.171,0.077,148,32.4,1.104,126,31.7,0.947,0.09
1,all,nyam,40,1,3.0,1,0.1,34,17.6,0.542,-0.335,27,40.7,2.126,20,40.0,1.88,0.574
1,all,nyam,40,1,3.0,1,0.25,97,25.8,0.812,-0.107,72,37.5,1.392,56,35.7,0.993,0.175
1,all,nyam,40,1,3.0,-1,0.1,72,29.2,1.241,0.119,42,31.0,1.365,39,33.3,1.114,0.177
1,all,nyam,40,1,3.0,-1,0.25,120,33.3,1.585,0.25,77,27.3,0.803,70,28.6,0.907,0.022
1,all,nyam,40,2,1.0,0,0.1,466,51.5,0.962,0.008,318,56.3,1.146,292,53.4,0.988,0.048
1,all,nyam,40,2,1.0,0,0.25,817,49.7,0.93,-0.028,557,54.0,1.044,525,53.3,1.032,0.051
1,all,nyam,40,2,1.0,1,0.1,186,50.5,0.947,-0.006,141,56.7,1.11,121,50.4,0.902,-0.012
1,all,nyam,40,2,1.0,1,0.25,366,48.1,0.874,-0.059,279,53.8,1.071,243,51.9,1.065,0.026
1,all,nyam,40,2,1.0,-1,0.1,280,52.1,0.973,0.017,179,55.3,1.148,171,55.6,1.066,0.091
1,all,nyam,40,2,1.0,-1,0.25,455,51.2,0.994,0.0,282,53.9,1.012,285,54.7,1.012,0.075
1,all,nyam,40,2,1.5,0,0.1,466,39.7,0.897,-0.043,318,46.2,1.135,292,44.2,1.019,0.073
1,all,nyam,40,2,1.5,0,0.25,815,39.4,0.967,-0.047,556,44.8,1.076,525,44.8,1.119,0.093
1,all,nyam,40,2,1.5,1,0.1,186,37.6,0.801,-0.088,141,46.8,1.131,121,42.1,0.934,0.025
1,all,nyam,40,2,1.5,1,0.25,366,36.9,0.866,-0.103,279,45.2,1.126,243,44.0,1.19,0.084
1,all,nyam,40,2,1.5,-1,0.1,280,41.1,0.977,-0.014,179,45.3,1.115,171,45.6,1.094,0.107
1,all,nyam,40,2,1.5,-1,0.25,455,41.5,1.071,0.002,282,44.0,1.017,285,45.3,1.052,0.097
1,all,nyam,40,2,2.0,0,0.1,466,32.4,0.885,-0.071,318,38.4,1.126,292,38.0,1.053,0.104
1,all,nyam,40,2,2.0,0,0.25,813,33.0,0.957,-0.057,553,36.7,1.003,521,36.7,0.995,0.059
1,all,nyam,40,2,2.0,1,0.1,186,30.1,0.749,-0.13,141,40.4,1.206,121,36.4,1.002,0.057
1,all,nyam,40,2,2.0,1,0.25,366,30.6,0.866,-0.121,279,36.9,1.019,243,36.6,1.082,0.065
1,all,nyam,40,2,2.0,-1,0.1,280,33.9,1.0,-0.032,179,36.3,1.04,171,39.2,1.096,0.138
1,all,nyam,40,2,2.0,-1,0.25,455,34.5,1.036,-0.017,282,35.8,0.971,285,36.5,0.909,0.048
1,all,nyam,40,2,3.0,0,0.1,466,24.9,0.897,-0.057,318,29.2,1.111,292,29.8,1.058,0.143
1,all,nyam,40,2,3.0,0,0.25,809,26.6,0.997,-0.02,548,28.3,0.952,518,29.5,0.963,0.068
1,all,nyam,40,2,3.0,1,0.1,186,22.6,0.744,-0.143,141,27.7,1.064,121,27.3,0.937,0.032
1,all,nyam,40,2,3.0,1,0.25,366,24.3,0.852,-0.109,279,27.2,0.855,243,28.8,0.931,0.01
1,all,nyam,40,2,3.0,-1,0.1,280,26.4,1.024,-0.0,179,30.2,1.134,171,31.6,1.162,0.222
1,all,nyam,40,2,3.0,-1,0.25,455,28.1,1.124,0.042,282,28.7,1.028,285,29.8,0.967,0.106
1,all,nyam,40,3,1.0,0,0.1,528,47.5,0.835,-0.086,331,48.6,0.935,289,52.6,1.106,0.035
1,all,nyam,40,3,1.0,0,0.25,879,48.1,0.912,-0.068,583,48.9,0.941,565,51.3,1.011,0.011
1,all,nyam,40,3,1.0,1,0.1,228,46.1,0.793,-0.11,135,51.1,1.04,113,57.5,1.308,0.135
1,all,nyam,40,3,1.0,1,0.25,403,47.9,0.895,-0.069,293,49.1,0.944,260,50.8,0.934,0.0
1,all,nyam,40,3,1.0,-1,0.1,300,48.7,0.875,-0.067,199,46.2,0.832,177,49.2,0.964,-0.036
1,all,nyam,40,3,1.0,-1,0.25,484,49.0,0.957,-0.054,296,48.3,0.942,310,51.6,1.086,0.016
1,all,nyam,40,3,1.5,0,0.1,528,38.1,0.85,-0.091,330,39.7,0.939,289,42.6,1.119,0.035
1,all,nyam,40,3,1.5,0,0.25,879,39.2,0.958,-0.053,582,39.3,0.911,565,41.2,0.99,0.003
1,all,nyam,40,3,1.5,1,0.1,228,36.4,0.764,-0.131,135,45.9,1.189,113,46.9,1.321,0.142
1,all,nyam,40,3,1.5,1,0.25,403,39.5,0.953,-0.046,293,40.6,0.89,260,41.2,0.919,-0.008
1,all,nyam,40,3,1.5,-1,0.1,300,39.3,0.935,-0.061,199,35.2,0.766,177,39.5,0.975,-0.039
1,all,nyam,40,3,1.5,-1,0.25,484,39.7,0.992,-0.044,296,37.8,0.935,310,41.0,1.05,0.004
1,all,nyam,40,3,2.0,0,0.1,528,32.0,0.88,-0.085,330,33.0,0.946,289,37.7,1.2,0.087
1,all,nyam,40,3,2.0,0,0.25,876,33.6,1.014,-0.028,582,33.3,0.945,564,36.0,1.019,0.031
1,all,nyam,40,3,2.0,1,0.1,228,30.3,0.783,-0.134,135,40.0,1.226,113,42.5,1.45,0.234
1,all,nyam,40,3,2.0,1,0.25,403,33.3,0.998,-0.034,293,36.2,0.971,260,36.2,0.958,0.036
1,all,nyam,40,3,2.0,-1,0.1,300,33.3,0.973,-0.047,199,28.1,0.755,177,34.5,1.025,-0.014
1,all,nyam,40,3,2.0,-1,0.25,483,34.2,1.051,-0.013,296,30.4,0.921,310,35.5,1.07,0.016
1,all,nyam,40,3,3.0,0,0.1,525,24.0,0.889,-0.091,329,24.9,0.917,288,29.9,1.216,0.139
1,all,nyam,40,3,3.0,0,0.25,867,25.8,1.048,-0.015,576,25.3,0.891,556,28.4,0.979,0.046
1,all,nyam,40,3,3.0,1,0.1,228,23.2,0.797,-0.115,135,31.1,1.19,113,31.0,1.216,0.193
1,all,nyam,40,3,3.0,1,0.25,403,26.6,1.048,0.012,293,28.7,0.942,260,27.3,0.866,-0.01
1,all,nyam,40,3,3.0,-1,0.1,299,24.4,0.966,-0.079,199,20.6,0.723,177,28.8,1.195,0.092
1,all,nyam,40,3,3.0,-1,0.25,482,25.3,1.056,-0.034,296,21.6,0.807,310,28.4,1.044,0.051
1,all,ny_open,10,0,1.0,0,0.1,251,40.6,0.638,-0.224,184,55.4,1.086,170,52.4,0.958,0.038
1,all,ny_open,10,0,1.0,0,0.25,653,46.6,0.933,-0.096,450,54.7,1.142,420,54.5,1.167,0.08
1,all,ny_open,10,0,1.0,1,0.1,98,40.8,0.676,-0.219,80,61.3,1.285,67,52.2,1.006,0.025
1,all,ny_open,10,0,1.0,1,0.25,275,46.2,0.941,-0.103,219,53.9,1.021,191,51.3,0.99,0.011
1,all,ny_open,10,0,1.0,-1,0.1,153,40.5,0.609,-0.228,104,51.0,0.932,103,52.4,0.919,0.047
1,all,ny_open,10,0,1.0,-1,0.25,378,46.8,0.927,-0.091,232,55.6,1.283,229,57.2,1.352,0.137
1,all,ny_open,10,0,1.5,0,0.1,251,31.1,0.652,-0.266,184,43.5,0.997,170,42.4,0.934,0.034
1,all,ny_open,10,0,1.5,0,0.25,650,38.0,1.003,-0.077,449,44.3,1.17,419,44.2,1.155,0.084
1,all,ny_open,10,0,1.5,1,0.1,98,30.6,0.661,-0.272,80,48.8,1.212,67,41.8,0.912,0.018
1,all,ny_open,10,0,1.5,1,0.25,275,37.1,1.011,-0.101,219,42.0,1.031,191,40.3,0.962,-0.014
1,all,ny_open,10,0,1.5,-1,0.1,153,31.4,0.645,-0.263,104,39.4,0.827,103,42.7,0.953,0.044
1,all,ny_open,10,0,1.5,-1,0.25,377,38.5,0.983,-0.065,232,46.1,1.314,229,47.2,1.343,0.161
1,all,ny_open,10,0,2.0,0,0.1,251,25.9,0.682,-0.269,183,37.7,1.012,170,34.7,0.895,-0.001
1,all,ny_open,10,0,2.0,0,0.25,648,32.4,1.023,-0.064,444,37.6,1.136,415,37.3,1.102,0.073
1,all,ny_open,10,0,2.0,1,0.1,98,25.5,0.707,-0.273,80,45.0,1.363,67,35.8,0.957,0.019
1,all,ny_open,10,0,2.0,1,0.25,275,31.6,1.035,-0.086,219,37.0,1.022,191,34.6,0.936,-0.016
1,all,ny_open,10,0,2.0,-1,0.1,153,26.1,0.663,-0.267,104,31.7,0.733,103,34.0,0.847,-0.014
1,all,ny_open,10,0,2.0,-1,0.25,377,32.9,1.009,-0.05,232,37.9,1.245,228,39.0,1.236,0.128
1,all,ny_open,10,0,3.0,0,0.1,251,17.5,0.609,-0.352,183,32.2,1.118,170,30.0,1.047,0.119
1,all,ny_open,10,0,3.0,0,0.25,642,24.9,1.028,-0.073,437,32.0,1.145,410,31.5,1.107,0.128
1,all,ny_open,10,0,3.0,1,0.1,98,14.3,0.51,-0.483,80,35.0,1.206,67,28.4,0.929,0.043
1,all,ny_open,10,0,3.0,1,0.25,275,23.6,1.016,-0.139,219,28.3,0.826,191,26.7,0.779,-0.079
1,all,ny_open,10,0,3.0,-1,0.1,153,19.6,0.692,-0.268,104,29.8,1.02,103,31.1,1.149,0.169
1,all,ny_open,10,0,3.0,-1,0.25,376,25.8,1.037,-0.026,232,34.1,1.435,228,34.6,1.391,0.264
1,all,ny_open,10,1,1.0,0,0.1,64,51.6,0.926,-0.008,42,64.3,1.572,35,68.6,1.68,0.365
1,all,ny_open,10,1,1.0,0,0.25,119,57.1,1.288,0.113,86,54.7,1.054,66,54.5,0.839,0.08
1,all,ny_open,10,1,1.0,1,0.1,18,,,,18,,,14,,,
1,all,ny_open,10,1,1.0,1,0.25,48,54.2,1.206,0.058,39,59.0,1.522,28,60.7,1.361,0.203
1,all,ny_open,10,1,1.0,-1,0.1,46,58.7,1.283,0.133,24,62.5,1.283,21,66.7,1.303,0.326
1,all,ny_open,10,1,1.0,-1,0.25,71,59.2,1.355,0.15,47,51.1,0.744,38,50.0,0.611,-0.011
1,all,ny_open,10,1,1.5,0,0.1,64,46.9,1.199,0.132,42,59.5,1.961,35,60.0,1.774,0.471
1,all,ny_open,10,1,1.5,0,0.25,119,48.7,1.315,0.18,86,50.0,1.277,66,47.0,0.922,0.151
1,all,ny_open,10,1,1.5,1,0.1,18,,,,18,,,14,,,
1,all,ny_open,10,1,1.5,1,0.25,48,41.7,1.118,-0.005,39,56.4,1.872,28,57.1,1.703,0.408
1,all,ny_open,10,1,1.5,-1,0.1,46,56.5,1.765,0.372,24,54.2,1.46,21,52.4,1.125,0.276
1,all,ny_open,10,1,1.5,-1,0.25,71,53.5,1.494,0.305,47,44.7,0.883,38,39.5,0.595,-0.038
1,all,ny_open,10,1,2.0,0,0.1,64,39.1,1.16,0.131,42,52.4,2.036,35,51.4,1.757,0.513
1,all,ny_open,10,1,2.0,0,0.25,119,41.2,1.307,0.188,85,44.7,1.365,66,39.4,0.937,0.158
1,all,ny_open,10,1,2.0,1,0.1,18,,,,18,,,14,,,
1,all,ny_open,10,1,2.0,1,0.25,48,33.3,0.976,-0.032,39,53.8,2.179,28,50.0,1.816,0.479
1,all,ny_open,10,1,2.0,-1,0.1,46,47.8,1.739,0.393,24,41.7,1.198,21,42.9,1.095,0.251
1,all,ny_open,10,1,2.0,-1,0.25,71,46.5,1.622,0.337,47,36.2,0.785,38,31.6,0.558,-0.079
1,all,ny_open,10,1,3.0,0,0.1,64,31.2,1.344,0.207,42,40.5,1.951,35,42.9,1.921,0.683
1,all,ny_open,10,1,3.0,0,0.25,119,34.5,1.448,0.284,85,36.5,1.416,66,34.8,1.047,0.279
1,all,ny_open,10,1,3.0,1,0.1,18,,,,18,,,14,,,
1,all,ny_open,10,1,3.0,1,0.25,48,29.2,1.11,0.1,39,43.6,2.353,28,42.9,1.93,0.567
1,all,ny_open,10,1,3.0,-1,0.1,46,37.0,1.852,0.433,24,33.3,1.192,21,38.1,1.251,0.489
1,all,ny_open,10,1,3.0,-1,0.25,71,38.0,1.753,0.408,47,29.8,0.741,38,28.9,0.647,0.066
1,all,ny_open,10,2,1.0,0,0.1,315,48.9,0.894,-0.056,204,61.3,1.276,192,56.8,1.068,0.118
1,all,ny_open,10,2,1.0,0,0.25,546,49.3,0.963,-0.044,381,57.0,1.116,358,56.4,1.169,0.113
1,all,ny_open,10,2,1.0,1,0.1,125,46.4,0.842,-0.106,94,61.7,1.282,83,54.2,1.039,0.055
1,all,ny_open,10,2,1.0,1,0.25,235,48.5,0.989,-0.06,191,56.0,1.151,168,56.5,1.323,0.111
1,all,ny_open,10,2,1.0,-1,0.1,190,50.5,0.937,-0.023,112,59.8,1.217,109,58.7,1.096,0.165
1,all,ny_open,10,2,1.0,-1,0.25,314,50.0,0.947,-0.028,194,57.2,1.076,193,56.5,1.06,0.118
1,all,ny_open,10,2,1.5,0,0.1,315,38.1,0.853,-0.094,204,52.0,1.31,192,48.4,1.136,0.18
1,all,ny_open,10,2,1.5,0,0.25,546,39.4,1.0,-0.054,380,47.9,1.196,358,47.8,1.257,0.171
1,all,ny_open,10,2,1.5,1,0.1,125,34.4,0.736,-0.184,94,53.2,1.398,83,47.0,1.132,0.14
1,all,ny_open,10,2,1.5,1,0.25,235,37.4,0.989,-0.098,191,47.6,1.26,168,47.6,1.37,0.169
1,all,ny_open,10,2,1.5,-1,0.1,190,40.5,0.955,-0.034,112,50.0,1.188,109,49.5,1.14,0.21
1,all,ny_open,10,2,1.5,-1,0.25,314,40.8,1.005,-0.022,194,47.4,1.123,193,47.7,1.156,0.168
1,all,ny_open,10,2,2.0,0,0.1,315,30.8,0.833,-0.128,204,44.6,1.384,192,42.7,1.247,0.246
1,all,ny_open,10,2,2.0,0,0.25,545,33.0,1.007,-0.061,379,40.1,1.183,357,39.8,1.17,0.161
1,all,ny_open,10,2,2.0,1,0.1,125,25.6,0.614,-0.278,94,48.9,1.632,83,42.2,1.301,0.229
1,all,ny_open,10,2,2.0,1,0.25,235,30.2,0.971,-0.135,191,40.8,1.246,168,40.5,1.368,0.186
1,all,ny_open,10,2,2.0,-1,0.1,190,34.2,1.034,-0.029,112,40.2,1.142,109,43.1,1.199,0.259
1,all,ny_open,10,2,2.0,-1,0.25,314,35.0,1.026,-0.007,194,38.7,1.1,193,38.9,0.996,0.13
1,all,ny_open,10,2,3.0,0,0.1,315,23.8,0.878,-0.106,204,35.8,1.437,192,34.9,1.309,0.343
1,all,ny_open,10,2,3.0,0,0.25,545,26.8,1.092,-0.006,378,31.7,1.136,357,32.8,1.184,0.216
1,all,ny_open,10,2,3.0,1,0.1,125,21.6,0.753,-0.191,94,37.2,1.589,83,33.7,1.29,0.28
1,all,ny_open,10,2,3.0,1,0.25,235,25.1,1.025,-0.071,191,30.9,1.044,168,32.1,1.219,0.163
1,all,ny_open,10,2,3.0,-1,0.1,190,25.3,0.982,-0.051,112,33.9,1.265,109,35.8,1.327,0.391
1,all,ny_open,10,2,3.0,-1,0.25,314,28.0,1.142,0.042,194,31.4,1.177,193,32.6,1.111,0.236
1,all,ny_open,10,3,1.0,0,0.1,353,47.0,0.819,-0.093,217,53.0,1.081,180,55.0,1.247,0.092
1,all,ny_open,10,3,1.0,0,0.25,619,47.2,0.873,-0.084,411,49.1,0.896,388,50.3,0.933,-0.006
1,all,ny_open,10,3,1.0,1,0.1,150,47.3,0.803,-0.081,92,50.0,1.004,76,57.9,1.376,0.148
1,all,ny_open,10,3,1.0,1,0.25,286,49.0,0.919,-0.045,220,46.4,0.838,192,48.4,0.848,-0.044
1,all,ny_open,10,3,1.0,-1,0.1,203,46.8,0.834,-0.101,128,53.9,1.082,105,52.4,1.124,0.041
1,all,ny_open,10,3,1.0,-1,0.25,341,46.6,0.868,-0.098,197,51.8,0.986,201,51.7,1.028,0.025
1,all,ny_open,10,3,1.5,0,0.1,353,38.5,0.854,-0.078,217,42.4,1.033,180,44.4,1.231,0.091
1,all,ny_open,10,3,1.5,0,0.25,619,39.1,0.935,-0.056,411,39.2,0.88,388,41.0,0.972,0.01
1,all,ny_open,10,3,1.5,1,0.1,150,38.7,0.8,-0.075,92,43.5,1.104,76,46.1,1.296,0.133
1,all,ny_open,10,3,1.5,1,0.25,286,40.9,0.987,-0.009,220,37.3,0.799,192,38.5,0.852,-0.053
1,all,ny_open,10,3,1.5,-1,0.1,203,38.4,0.904,-0.081,128,40.6,0.934,105,42.9,1.156,0.05
1,all,ny_open,10,3,1.5,-1,0.25,341,38.4,0.927,-0.073,197,40.6,0.985,201,42.8,1.095,0.056
1,all,ny_open,10,3,2.0,0,0.1,353,32.6,0.885,-0.067,217,35.5,1.014,180,38.3,1.237,0.107
1,all,ny_open,10,3,2.0,0,0.25,618,33.0,0.959,-0.044,411,33.3,0.909,387,35.1,0.981,0.029
1,all,ny_open,10,3,2.0,1,0.1,150,32.7,0.821,-0.062,92,35.9,1.037,76,39.5,1.302,0.158
1,all,ny_open,10,3,2.0,1,0.25,286,34.3,1.006,-0.005,220,32.3,0.856,192,33.3,0.868,-0.02
1,all,ny_open,10,3,2.0,-1,0.1,203,32.5,0.943,-0.07,128,34.4,0.955,105,37.1,1.164,0.059
1,all,ny_open,10,3,2.0,-1,0.25,340,32.6,0.954,-0.056,197,34.0,0.981,201,36.3,1.096,0.058
1,all,ny_open,10,3,3.0,0,0.1,352,23.6,0.841,-0.108,217,27.6,0.999,180,28.9,1.116,0.102
1,all,ny_open,10,3,3.0,0,0.25,615,25.2,0.987,-0.041,407,26.0,0.876,384,26.8,0.911,0.021
1,all,ny_open,10,3,3.0,1,0.1,150,23.3,0.748,-0.11,92,28.3,1.029,76,25.0,0.886,-0.022
1,all,ny_open,10,3,3.0,1,0.25,286,26.6,1.03,0.019,220,25.9,0.841,192,23.4,0.728,-0.118
1,all,ny_open,10,3,3.0,-1,0.1,203,23.6,0.92,-0.111,128,26.6,0.939,105,31.4,1.31,0.181
1,all,ny_open,10,3,3.0,-1,0.25,340,24.7,0.989,-0.064,197,25.4,0.881,201,29.4,1.078,0.116
1,all,ny_open,20,0,1.0,0,0.1,267,40.8,0.642,-0.221,201,54.2,1.087,182,51.6,0.948,0.023
1,all,ny_open,20,0,1.0,0,0.25,718,46.2,0.903,-0.102,490,53.7,1.11,456,53.7,1.105,0.064
1,all,ny_open,20,0,1.0,1,0.1,103,40.8,0.681,-0.219,86,60.5,1.319,71,52.1,1.02,0.022
1,all,ny_open,20,0,1.0,1,0.25,302,44.7,0.861,-0.132,237,53.6,1.018,208,50.5,0.928,-0.005
1,all,ny_open,20,0,1.0,-1,0.1,164,40.9,0.613,-0.222,115,49.6,0.915,111,51.4,0.893,0.023
1,all,ny_open,20,0,1.0,-1,0.25,416,47.4,0.94,-0.08,254,53.9,1.213,249,56.2,1.297,0.116
1,all,ny_open,20,0,1.5,0,0.1,267,31.5,0.66,-0.257,201,42.8,1.02,182,42.3,0.951,0.032
1,all,ny_open,20,0,1.5,0,0.25,715,37.9,0.983,-0.078,489,43.6,1.133,455,43.5,1.099,0.067
1,all,ny_open,20,0,1.5,1,0.1,103,30.1,0.653,-0.285,86,48.8,1.283,71,42.3,0.95,0.03
1,all,ny_open,20,0,1.5,1,0.25,302,35.8,0.929,-0.133,237,42.2,1.032,208,39.9,0.91,-0.027
1,all,ny_open,20,0,1.5,-1,0.1,164,32.3,0.666,-0.239,115,38.3,0.822,111,42.3,0.951,0.034
1,all,ny_open,20,0,1.5,-1,0.25,415,39.3,1.018,-0.043,254,44.5,1.234,249,46.2,1.29,0.136
1,all,ny_open,20,0,2.0,0,0.1,267,26.2,0.683,-0.26,200,37.5,1.06,182,34.6,0.922,-0.003
1,all,ny_open,20,0,2.0,0,0.25,713,32.4,1.009,-0.063,484,37.4,1.124,451,36.8,1.062,0.057
1,all,ny_open,20,0,2.0,1,0.1,103,25.2,0.705,-0.281,86,45.3,1.462,71,36.6,1.013,0.044
1,all,ny_open,20,0,2.0,1,0.25,302,30.8,0.966,-0.113,237,37.6,1.047,208,34.6,0.909,-0.017
1,all,ny_open,20,0,2.0,-1,0.1,164,26.8,0.667,-0.246,115,31.3,0.755,111,33.3,0.852,-0.034
1,all,ny_open,20,0,2.0,-1,0.25,415,33.5,1.042,-0.028,254,37.0,1.194,248,37.9,1.191,0.096
1,all,ny_open,20,0,3.0,0,0.1,267,18.0,0.61,-0.334,200,30.5,1.087,182,30.2,1.1,0.131
1,all,ny_open,20,0,3.0,0,0.25,707,25.0,1.022,-0.068,476,31.5,1.124,445,31.2,1.084,0.117
1,all,ny_open,20,0,3.0,1,0.1,103,13.6,0.481,-0.51,86,33.7,1.208,71,29.6,1.021,0.096
1,all,ny_open,20,0,3.0,1,0.25,302,22.8,0.932,-0.174,237,28.7,0.85,208,27.4,0.792,-0.058
1,all,ny_open,20,0,3.0,-1,0.1,164,20.7,0.716,-0.223,115,27.8,0.967,111,30.6,1.165,0.154
1,all,ny_open,20,0,3.0,-1,0.25,414,26.6,1.098,0.008,254,32.7,1.356,248,33.5,1.333,0.221
1,all,ny_open,20,1,1.0,0,0.1,75,49.3,0.877,-0.053,45,64.4,1.532,38,68.4,1.596,0.361
1,all,ny_open,20,1,1.0,0,0.25,156,52.6,1.047,0.022,103,55.3,1.114,85,55.3,0.981,0.087
1,all,ny_open,20,1,1.0,1,0.1,22,31.8,0.41,-0.4,19,,,15,,,
1,all,ny_open,20,1,1.0,1,0.25,69,44.9,0.741,-0.126,49,61.2,1.708,41,61.0,1.51,0.192
1,all,ny_open,20,1,1.0,-1,0.1,53,56.6,1.208,0.091,26,61.5,1.21,23,69.6,1.514,0.383
1,all,ny_open,20,1,1.0,-1,0.25,87,58.6,1.464,0.14,54,50.0,0.722,44,50.0,0.625,-0.012
1,all,ny_open,20,1,1.5,0,0.1,75,44.0,1.097,0.059,45,60.0,1.934,38,60.5,1.749,0.485
1,all,ny_open,20,1,1.5,0,0.25,156,44.9,1.138,0.086,103,51.5,1.399,85,47.1,0.976,0.144
1,all,ny_open,20,1,1.5,1,0.1,22,22.7,0.452,-0.47,19,,,15,,,
1,all,ny_open,20,1,1.5,1,0.25,69,34.8,0.756,-0.17,49,59.2,2.173,41,53.7,1.402,0.299
1,all,ny_open,20,1,1.5,-1,0.1,53,52.8,1.553,0.279,26,53.8,1.415,23,56.5,1.372,0.381
1,all,ny_open,20,1,1.5,-1,0.25,87,52.9,1.657,0.289,54,44.4,0.886,44,40.9,0.652,-0.001
1,all,ny_open,20,1,2.0,0,0.1,75,37.3,1.108,0.078,45,53.3,2.04,38,52.6,1.785,0.55
1,all,ny_open,20,1,2.0,0,0.25,156,38.5,1.143,0.111,102,45.1,1.311,85,40.0,0.9,0.161
1,all,ny_open,20,1,2.0,1,0.1,22,18.2,0.389,-0.493,19,,,15,,,
1,all,ny_open,20,1,2.0,1,0.25,69,29.0,0.741,-0.16,49,53.1,1.858,41,46.3,1.189,0.335
1,all,ny_open,20,1,2.0,-1,0.1,53,45.3,1.595,0.316,26,42.3,1.215,23,47.8,1.385,0.402
1,all,ny_open,20,1,2.0,-1,0.25,87,46.0,1.66,0.326,54,37.0,0.842,44,34.1,0.654,-0.002
1,all,ny_open,20,1,3.0,0,0.1,75,28.0,1.156,0.076,45,40.0,1.843,38,39.5,1.618,0.548
1,all,ny_open,20,1,3.0,0,0.25,156,32.1,1.25,0.171,102,37.3,1.356,85,34.1,0.95,0.202
1,all,ny_open,20,1,3.0,1,0.1,22,18.2,0.587,-0.312,19,,,15,,,
1,all,ny_open,20,1,3.0,1,0.25,69,26.1,0.798,-0.083,49,44.9,2.001,41,41.5,1.305,0.41
1,all,ny_open,20,1,3.0,-1,0.1,53,32.1,1.475,0.237,26,30.8,1.042,23,34.8,1.1,0.357
1,all,ny_open,20,1,3.0,-1,0.25,87,36.8,1.784,0.373,54,29.6,0.817,44,27.3,0.656,0.009
1,all,ny_open,20,2,1.0,0,0.1,335,48.7,0.876,-0.061,218,59.6,1.224,205,56.1,1.054,0.103
1,all,ny_open,20,2,1.0,0,0.25,612,49.0,0.936,-0.049,415,55.7,1.096,393,55.2,1.112,0.089
1,all,ny_open,20,2,1.0,1,0.1,132,47.0,0.861,-0.095,99,60.6,1.273,87,52.9,0.99,0.028
1,all,ny_open,20,2,1.0,1,0.25,266,47.4,0.89,-0.082,208,55.3,1.144,185,55.1,1.217,0.084
1,all,ny_open,20,2,1.0,-1,0.1,203,49.8,0.888,-0.039,121,57.9,1.136,118,58.5,1.112,0.158
1,all,ny_open,20,2,1.0,-1,0.25,349,50.4,0.985,-0.02,211,55.5,1.043,211,55.5,1.033,0.097
1,all,ny_open,20,2,1.5,0,0.1,335,37.6,0.835,-0.106,218,50.9,1.284,205,48.3,1.143,0.176
1,all,ny_open,20,2,1.5,0,0.25,612,39.2,0.981,-0.057,414,46.9,1.135,393,47.1,1.209,0.153
1,all,ny_open,20,2,1.5,1,0.1,132,34.1,0.737,-0.192,99,52.5,1.408,87,46.0,1.09,0.114
1,all,ny_open,20,2,1.5,1,0.25,266,36.1,0.881,-0.13,208,47.1,1.192,185,47.0,1.324,0.153
1,all,ny_open,20,2,1.5,-1,0.1,203,39.9,0.916,-0.05,121,48.8,1.141,118,50.0,1.19,0.221
1,all,ny_open,20,2,1.5,-1,0.25,349,41.5,1.073,-0.002,211,46.0,1.069,211,46.9,1.103,0.149
1,all,ny_open,20,2,2.0,0,0.1,335,30.7,0.831,-0.129,218,43.6,1.343,205,42.4,1.238,0.238
1,all,ny_open,20,2,2.0,0,0.25,611,32.7,0.964,-0.07,413,39.2,1.11,392,39.0,1.092,0.138
1,all,ny_open,20,2,2.0,1,0.1,132,25.8,0.63,-0.273,99,48.5,1.654,87,41.4,1.259,0.206
1,all,ny_open,20,2,2.0,1,0.25,266,29.3,0.868,-0.163,208,40.4,1.174,185,39.5,1.218,0.152
1,all,ny_open,20,2,2.0,-1,0.1,203,34.0,1.006,-0.035,121,38.8,1.068,118,43.2,1.221,0.262
1,all,ny_open,20,2,2.0,-1,0.25,349,35.2,1.046,-0.001,211,37.4,1.029,211,38.4,0.969,0.117
1,all,ny_open,20,2,3.0,0,0.1,335,23.6,0.864,-0.115,218,34.4,1.35,205,34.1,1.272,0.314
1,all,ny_open,20,2,3.0,0,0.25,611,26.7,1.041,-0.022,412,31.1,1.064,392,31.9,1.074,0.171
1,all,ny_open,20,2,3.0,1,0.1,132,21.2,0.752,-0.207,99,35.4,1.485,87,33.3,1.263,0.266
1,all,ny_open,20,2,3.0,1,0.25,266,24.1,0.885,-0.127,208,30.3,0.969,185,31.4,1.058,0.122
1,all,ny_open,20,2,3.0,-1,0.1,203,25.1,0.954,-0.055,121,33.1,1.2,118,34.7,1.28,0.35
1,all,ny_open,20,2,3.0,-1,0.25,349,28.7,1.185,0.058,211,30.8,1.119,211,31.8,1.053,0.19
1,all,ny_open,20,3,1.0,0,0.1,373,47.7,0.849,-0.079,233,51.1,1.021,193,53.9,1.209,0.068
1,all,ny_open,20,3,1.0,0,0.25,668,48.5,0.936,-0.058,440,48.9,0.903,416,50.2,0.936,-0.007
1,all,ny_open,20,3,1.0,1,0.1,155,47.7,0.811,-0.073,97,49.5,1.007,77,58.4,1.417,0.159
1,all,ny_open,20,3,1.0,1,0.25,301,49.5,0.935,-0.034,231,47.2,0.88,198,49.0,0.862,-0.033
1,all,ny_open,20,3,1.0,-1,0.1,218,47.7,0.883,-0.083,139,51.1,0.98,117,50.4,1.05,-0.001
1,all,ny_open,20,3,1.0,-1,0.25,375,48.5,0.97,-0.06,215,50.2,0.941,223,51.1,1.013,0.011
1,all,ny_open,20,3,1.5,0,0.1,373,38.6,0.871,-0.077,233,40.8,0.995,193,43.5,1.208,0.067
1,all,ny_open,20,3,1.5,0,0.25,668,40.0,0.99,-0.034,440,39.3,0.91,416,41.1,0.988,0.012
1,all,ny_open,20,3,1.5,1,0.1,155,38.1,0.78,-0.09,97,43.3,1.124,77,46.8,1.345,0.15
1,all,ny_open,20,3,1.5,1,0.25,301,41.2,1.005,-0.002,231,38.5,0.861,198,39.4,0.878,-0.032
1,all,ny_open,20,3,1.5,-1,0.1,218,39.0,0.954,-0.067,139,38.1,0.864,117,41.0,1.092,0.003
1,all,ny_open,20,3,1.5,-1,0.25,375,39.7,1.013,-0.04,215,39.5,0.965,223,42.2,1.089,0.039
1,all,ny_open,20,3,2.0,0,0.1,373,32.2,0.882,-0.079,233,34.3,0.993,193,37.8,1.235,0.092
1,all,ny_open,20,3,2.0,0,0.25,667,33.7,1.022,-0.021,440,33.6,0.94,415,35.2,0.99,0.028
1,all,ny_open,20,3,2.0,1,0.1,155,31.6,0.788,-0.094,97,36.1,1.076,77,40.3,1.36,0.182
1,all,ny_open,20,3,2.0,1,0.25,301,34.2,1.022,-0.003,231,33.3,0.904,198,33.3,0.866,-0.02
1,all,ny_open,20,3,2.0,-1,0.1,218,32.6,0.967,-0.068,139,32.4,0.896,117,35.9,1.127,0.024
1,all,ny_open,20,3,2.0,-1,0.25,374,34.0,1.056,-0.017,215,33.5,0.985,223,36.3,1.109,0.055
1,all,ny_open,20,3,3.0,0,0.1,372,23.1,0.847,-0.126,232,26.3,0.954,193,28.5,1.137,0.088
1,all,ny_open,20,3,3.0,0,0.25,662,25.7,1.053,-0.021,435,26.0,0.888,412,26.9,0.923,0.016
1,all,ny_open,20,3,3.0,1,0.1,155,22.6,0.721,-0.14,97,27.8,1.04,77,26.0,0.955,0.017
1,all,ny_open,20,3,3.0,1,0.25,301,26.6,1.035,0.014,231,26.0,0.841,198,23.7,0.728,-0.119
1,all,ny_open,20,3,3.0,-1,0.1,218,23.4,0.954,-0.12,139,24.5,0.848,117,29.9,1.272,0.124
1,all,ny_open,20,3,3.0,-1,0.25,374,25.4,1.1,-0.031,215,25.1,0.905,223,29.1,1.092,0.103
1,all,ny_open,40,0,1.0,0,0.1,273,41.0,0.648,-0.217,205,54.6,1.115,186,51.1,0.944,0.011
1,all,ny_open,40,0,1.0,0,0.25,730,46.2,0.895,-0.104,499,53.7,1.105,465,53.1,1.074,0.051
1,all,ny_open,40,0,1.0,1,0.1,105,41.0,0.688,-0.216,89,60.7,1.351,74,51.4,1.018,0.006
1,all,ny_open,40,0,1.0,1,0.25,307,44.6,0.851,-0.134,242,53.3,1.008,212,50.0,0.918,-0.015
1,all,ny_open,40,0,1.0,-1,0.1,168,41.1,0.618,-0.218,116,50.0,0.937,112,50.9,0.885,0.013
1,all,ny_open,40,0,1.0,-1,0.25,423,47.3,0.933,-0.082,258,54.3,1.215,254,55.5,1.237,0.101
1,all,ny_open,40,0,1.5,0,0.1,273,31.9,0.671,-0.247,205,43.4,1.059,186,41.9,0.954,0.023
1,all,ny_open,40,0,1.5,0,0.25,727,37.8,0.973,-0.08,498,43.4,1.118,464,42.9,1.07,0.051
1,all,ny_open,40,0,1.5,1,0.1,105,30.5,0.665,-0.276,89,49.4,1.333,74,41.9,0.966,0.021
1,all,ny_open,40,0,1.5,1,0.25,307,35.8,0.923,-0.132,242,42.1,1.028,212,39.6,0.906,-0.034
1,all,ny_open,40,0,1.5,-1,0.1,168,32.7,0.675,-0.229,116,38.8,0.85,112,42.0,0.944,0.024
1,all,ny_open,40,0,1.5,-1,0.25,422,39.1,1.005,-0.047,258,44.2,1.207,254,45.3,1.229,0.113
1,all,ny_open,40,0,2.0,0,0.1,273,26.7,0.698,-0.244,204,37.3,1.052,186,33.9,0.895,-0.026
1,all,ny_open,40,0,2.0,0,0.25,725,32.4,1.001,-0.062,493,36.9,1.1,460,36.1,1.029,0.035
1,all,ny_open,40,0,2.0,1,0.1,105,25.7,0.721,-0.267,89,43.8,1.378,74,35.1,0.956,0.001
1,all,ny_open,40,0,2.0,1,0.25,307,30.9,0.963,-0.109,242,36.8,1.021,212,34.0,0.89,-0.036
1,all,ny_open,40,0,2.0,-1,0.1,168,27.4,0.681,-0.23,116,31.9,0.788,112,33.0,0.846,-0.043
1,all,ny_open,40,0,2.0,-1,0.25,422,33.4,1.031,-0.03,258,36.8,1.173,253,37.2,1.142,0.073
1,all,ny_open,40,0,3.0,0,0.1,273,18.3,0.623,-0.32,204,29.9,1.053,186,29.6,1.07,0.106
1,all,ny_open,40,0,3.0,0,0.25,719,25.0,1.017,-0.067,485,30.9,1.095,454,30.6,1.053,0.095
1,all,ny_open,40,0,3.0,1,0.1,105,14.3,0.505,-0.482,89,32.6,1.15,74,28.4,0.969,0.05
1,all,ny_open,40,0,3.0,1,0.25,307,23.1,0.938,-0.162,242,28.1,0.832,212,26.9,0.778,-0.077
1,all,ny_open,40,0,3.0,-1,0.1,168,20.8,0.72,-0.22,116,27.6,0.952,112,30.4,1.158,0.143
1,all,ny_open,40,0,3.0,-1,0.25,421,26.4,1.085,0.001,258,32.2,1.319,253,32.8,1.282,0.196
1,all,ny_open,40,1,1.0,0,0.1,75,49.3,0.877,-0.053,47,63.8,1.442,41,65.9,1.368,0.306
1,all,ny_open,40,1,1.0,0,0.25,159,51.6,1.002,0.003,109,55.0,1.104,90,54.4,0.951,0.069
1,all,ny_open,40,1,1.0,1,0.1,22,31.8,0.41,-0.4,21,66.7,1.725,16,,,
1,all,ny_open,40,1,1.0,1,0.25,69,44.9,0.741,-0.126,53,60.4,1.673,43,60.5,1.531,0.183
1,all,ny_open,40,1,1.0,-1,0.1,53,56.6,1.208,0.091,26,61.5,1.21,25,68.0,1.359,0.347
1,all,ny_open,40,1,1.0,-1,0.25,90,56.7,1.322,0.101,56,50.0,0.715,47,48.9,0.574,-0.035
1,all,ny_open,40,1,1.5,0,0.1,75,44.0,1.097,0.059,47,59.6,1.837,41,56.1,1.51,0.371
1,all,ny_open,40,1,1.5,0,0.25,159,44.0,1.096,0.065,109,51.4,1.402,90,45.6,0.963,0.105
1,all,ny_open,40,1,1.5,1,0.1,22,22.7,0.452,-0.47,21,66.7,2.428,16,,,
1,all,ny_open,40,1,1.5,1,0.25,69,34.8,0.756,-0.17,53,58.5,2.155,43,53.5,1.463,0.296
1,all,ny_open,40,1,1.5,-1,0.1,53,52.8,1.553,0.279,26,53.8,1.415,25,52.0,1.232,0.263
1,all,ny_open,40,1,1.5,-1,0.25,90,51.1,1.518,0.245,56,44.6,0.887,47,38.3,0.598,-0.069
1,all,ny_open,40,1,2.0,0,0.1,75,37.3,1.108,0.078,47,53.2,1.962,41,48.8,1.569,0.431
1,all,ny_open,40,1,2.0,0,0.25,159,37.7,1.104,0.09,108,44.4,1.292,90,38.9,0.908,0.127
1,all,ny_open,40,1,2.0,1,0.1,22,18.2,0.389,-0.493,21,66.7,3.238,16,,,
1,all,ny_open,40,1,2.0,1,0.25,69,29.0,0.741,-0.16,53,52.8,1.905,43,46.5,1.28,0.342
1,all,ny_open,40,1,2.0,-1,0.1,53,45.3,1.595,0.316,26,42.3,1.215,25,44.0,1.259,0.282
1,all,ny_open,40,1,2.0,-1,0.25,90,44.4,1.537,0.281,56,35.7,0.782,47,31.9,0.604,-0.07
1,all,ny_open,40,1,3.0,0,0.1,75,28.0,1.156,0.076,47,38.3,1.698,41,36.6,1.456,0.43
1,all,ny_open,40,1,3.0,0,0.25,159,31.4,1.211,0.149,108,35.2,1.228,90,32.2,0.872,0.133
1,all,ny_open,40,1,3.0,1,0.1,22,18.2,0.587,-0.312,21,47.6,2.659,16,,,
1,all,ny_open,40,1,3.0,1,0.25,69,26.1,0.798,-0.083,53,41.5,1.75,43,39.5,1.184,0.344
1,all,ny_open,40,1,3.0,-1,0.1,53,32.1,1.475,0.237,26,30.8,1.042,25,32.0,1.018,0.241
1,all,ny_open,40,1,3.0,-1,0.25,90,35.6,1.667,0.326,56,28.6,0.763,47,25.5,0.609,-0.06
1,all,ny_open,40,2,1.0,0,0.1,340,48.8,0.881,-0.058,222,59.9,1.254,210,55.2,1.033,0.085
1,all,ny_open,40,2,1.0,0,0.25,622,48.9,0.92,-0.052,424,55.7,1.098,402,54.7,1.101,0.079
1,all,ny_open,40,2,1.0,1,0.1,134,47.8,0.875,-0.079,102,60.8,1.308,90,52.2,0.99,0.015
1,all,ny_open,40,2,1.0,1,0.25,270,47.4,0.872,-0.082,214,55.1,1.149,190,54.7,1.221,0.076
1,all,ny_open,40,2,1.0,-1,0.1,206,49.5,0.884,-0.045,122,58.2,1.159,120,57.5,1.071,0.138
1,all,ny_open,40,2,1.0,-1,0.25,355,50.1,0.972,-0.026,214,55.6,1.043,215,54.9,1.008,0.085
1,all,ny_open,40,2,1.5,0,0.1,340,37.6,0.838,-0.105,222,51.4,1.325,210,47.6,1.129,0.159
1,all,ny_open,40,2,1.5,0,0.25,622,39.1,0.967,-0.061,423,46.8,1.135,402,46.8,1.206,0.146
1,all,ny_open,40,2,1.5,1,0.1,134,34.3,0.744,-0.186,102,52.9,1.46,90,45.6,1.102,0.104
1,all,ny_open,40,2,1.5,1,0.25,270,35.9,0.864,-0.135,214,47.2,1.212,190,46.8,1.341,0.148
1,all,ny_open,40,2,1.5,-1,0.1,206,39.8,0.915,-0.053,122,49.2,1.17,120,49.2,1.153,0.2
1,all,ny_open,40,2,1.5,-1,0.25,355,41.4,1.063,-0.005,214,45.8,1.049,215,46.5,1.083,0.139
1,all,ny_open,40,2,2.0,0,0.1,340,30.9,0.836,-0.125,222,42.8,1.298,210,41.4,1.19,0.207
1,all,ny_open,40,2,2.0,0,0.25,621,32.5,0.947,-0.076,422,38.4,1.065,401,38.2,1.052,0.111
1,all,ny_open,40,2,2.0,1,0.1,134,26.1,0.64,-0.263,102,47.1,1.565,90,40.0,1.195,0.164
1,all,ny_open,40,2,2.0,1,0.25,270,29.3,0.854,-0.165,214,39.3,1.116,190,38.4,1.164,0.121
1,all,ny_open,40,2,2.0,-1,0.1,206,34.0,1.007,-0.036,122,38.5,1.05,120,42.5,1.186,0.24
1,all,ny_open,40,2,2.0,-1,0.25,355,34.9,1.028,-0.01,214,36.9,0.998,215,37.7,0.941,0.095
1,all,ny_open,40,2,3.0,0,0.1,340,23.5,0.865,-0.117,222,33.8,1.31,210,33.3,1.229,0.282
1,all,ny_open,40,2,3.0,0,0.25,621,26.4,1.023,-0.031,421,30.4,1.025,401,31.2,1.038,0.144
1,all,ny_open,40,2,3.0,1,0.1,134,21.6,0.767,-0.19,102,34.3,1.42,90,32.2,1.207,0.222
1,all,ny_open,40,2,3.0,1,0.25,270,24.1,0.874,-0.126,214,29.4,0.928,190,30.5,1.016,0.092
1,all,ny_open,40,2,3.0,-1,0.1,206,24.8,0.943,-0.071,122,32.8,1.181,120,34.2,1.248,0.326
1,all,ny_open,40,2,3.0,-1,0.25,355,28.2,1.16,0.04,214,30.4,1.088,215,31.2,1.025,0.168
1,all,ny_open,40,3,1.0,0,0.1,375,47.7,0.852,-0.079,237,51.9,1.066,197,54.3,1.247,0.076
1,all,ny_open,40,3,1.0,0,0.25,676,48.5,0.935,-0.057,446,49.6,0.935,423,50.8,0.972,0.004
1,all,ny_open,40,3,1.0,1,0.1,156,48.1,0.826,-0.066,100,51.0,1.098,80,60.0,1.532,0.19
1,all,ny_open,40,3,1.0,1,0.25,303,49.5,0.934,-0.034,235,48.1,0.925,203,50.2,0.927,-0.008
1,all,ny_open,40,3,1.0,-1,0.1,219,47.5,0.875,-0.088,140,51.4,0.987,118,50.0,1.039,-0.01
1,all,ny_open,40,3,1.0,-1,0.25,381,48.6,0.97,-0.059,217,50.7,0.954,225,51.1,1.017,0.01
1,all,ny_open,40,3,1.5,0,0.1,375,38.4,0.861,-0.082,237,41.8,1.038,197,44.2,1.25,0.078
1,all,ny_open,40,3,1.5,0,0.25,676,39.9,0.987,-0.034,446,40.1,0.946,423,41.8,1.033,0.028
1,all,ny_open,40,3,1.5,1,0.1,156,37.8,0.77,-0.096,100,45.0,1.214,80,48.8,1.462,0.188
1,all,ny_open,40,3,1.5,1,0.25,303,40.9,0.992,-0.009,235,39.6,0.91,203,40.9,0.956,0.001
1,all,ny_open,40,3,1.5,-1,0.1,219,38.8,0.946,-0.072,140,38.6,0.874,118,40.7,1.082,-0.006
1,all,ny_open,40,3,1.5,-1,0.25,381,39.9,1.018,-0.036,217,40.1,0.982,225,42.2,1.097,0.041
1,all,ny_open,40,3,2.0,0,0.1,375,32.0,0.874,-0.084,237,35.0,1.034,197,38.6,1.286,0.108
1,all,ny_open,40,3,2.0,0,0.25,675,33.8,1.022,-0.02,446,34.1,0.969,422,35.8,1.034,0.043
1,all,ny_open,40,3,2.0,1,0.1,156,31.4,0.779,-0.1,100,38.0,1.179,80,42.5,1.495,0.231
1,all,ny_open,40,3,2.0,1,0.25,303,34.0,1.01,-0.01,235,34.5,0.964,203,35.0,0.959,0.023
1,all,ny_open,40,3,2.0,-1,0.1,219,32.4,0.96,-0.073,140,32.1,0.89,118,35.6,1.117,0.015
1,all,ny_open,40,3,2.0,-1,0.25,380,34.2,1.066,-0.009,217,33.2,0.974,225,36.0,1.099,0.046
1,all,ny_open,40,3,3.0,0,0.1,374,23.0,0.84,-0.131,236,27.1,1.008,197,29.4,1.203,0.113
1,all,ny_open,40,3,3.0,0,0.25,670,25.8,1.058,-0.015,441,26.5,0.93,419,27.4,0.958,0.031
1,all,ny_open,40,3,3.0,1,0.1,156,22.4,0.714,-0.146,100,30.0,1.173,80,28.7,1.111,0.098
1,all,ny_open,40,3,3.0,1,0.25,303,26.4,1.023,0.007,235,27.2,0.922,203,25.1,0.804,-0.075
1,all,ny_open,40,3,3.0,-1,0.1,219,23.3,0.948,-0.124,140,24.3,0.844,118,29.7,1.262,0.114
1,all,ny_open,40,3,3.0,-1,0.25,380,25.8,1.119,-0.015,217,24.9,0.896,225,28.9,1.083,0.093
1,all,ny_mid,10,0,1.0,0,0.1,172,49.4,0.88,-0.052,128,46.1,0.908,115,44.3,0.804,-0.118
1,all,ny_mid,10,0,1.0,0,0.25,294,51.0,1.006,-0.012,218,48.2,0.951,208,47.1,0.875,-0.071
1,all,ny_mid,10,0,1.0,1,0.1,63,46.0,0.812,-0.119,49,42.9,0.819,44,40.9,0.701,-0.165
1,all,ny_mid,10,0,1.0,1,0.25,138,50.7,1.055,-0.014,105,49.5,1.0,90,46.7,0.839,-0.066
1,all,ny_mid,10,0,1.0,-1,0.1,109,51.4,0.926,-0.013,79,48.1,0.978,71,46.5,0.889,-0.089
1,all,ny_mid,10,0,1.0,-1,0.25,156,51.3,0.955,-0.01,113,46.9,0.897,118,47.5,0.907,-0.075
1,all,ny_mid,10,0,1.5,0,0.1,172,38.4,0.859,-0.085,128,35.2,0.875,115,37.4,0.881,-0.084
1,all,ny_mid,10,0,1.5,0,0.25,294,40.5,0.991,-0.029,218,36.2,0.833,208,38.5,0.868,-0.061
1,all,ny_mid,10,0,1.5,1,0.1,63,34.9,0.757,-0.169,49,40.8,1.098,44,36.4,0.869,-0.098
1,all,ny_mid,10,0,1.5,1,0.25,138,39.1,0.96,-0.065,105,38.1,0.819,90,35.6,0.774,-0.119
1,all,ny_mid,10,0,1.5,-1,0.1,109,40.4,0.929,-0.037,79,31.6,0.74,71,38.0,0.89,-0.076
1,all,ny_mid,10,0,1.5,-1,0.25,156,41.7,1.025,0.002,113,34.5,0.848,118,40.7,0.954,-0.016
1,all,ny_mid,10,0,2.0,0,0.1,172,34.3,0.924,-0.016,128,28.9,0.814,115,32.2,0.855,-0.084
1,all,ny_mid,10,0,2.0,0,0.25,294,36.7,1.113,0.05,218,31.2,0.85,208,32.7,0.834,-0.078
1,all,ny_mid,10,0,2.0,1,0.1,63,31.7,0.902,-0.09,49,36.7,1.187,44,34.1,0.962,-0.05
1,all,ny_mid,10,0,2.0,1,0.25,138,35.5,1.075,-0.0,105,36.2,0.952,90,33.3,0.839,-0.069
1,all,ny_mid,10,0,2.0,-1,0.1,109,35.8,0.938,0.026,79,24.1,0.608,71,31.0,0.784,-0.105
1,all,ny_mid,10,0,2.0,-1,0.25,156,37.8,1.156,0.094,113,26.5,0.744,118,32.2,0.83,-0.085
1,all,ny_mid,10,0,3.0,0,0.1,172,27.3,0.982,0.03,128,19.5,0.635,115,24.3,0.867,-0.104
1,all,ny_mid,10,0,3.0,0,0.25,291,31.6,1.304,0.15,218,24.3,0.808,207,26.1,0.818,-0.111
1,all,ny_mid,10,0,3.0,1,0.1,63,22.2,0.746,-0.201,49,24.5,0.948,44,22.7,0.883,-0.188
1,all,ny_mid,10,0,3.0,1,0.25,138,29.7,1.182,0.028,105,27.6,0.9,90,23.3,0.72,-0.24
1,all,ny_mid,10,0,3.0,-1,0.1,109,30.3,1.146,0.163,79,16.5,0.44,71,25.4,0.856,-0.052
1,all,ny_mid,10,0,3.0,-1,0.25,156,32.7,1.394,0.236,113,21.2,0.708,118,28.0,0.889,-0.02
1,all,ny_mid,10,1,1.0,0,0.1,36,47.2,0.716,-0.095,29,51.7,1.332,24,58.3,1.53,0.141
1,all,ny_mid,10,1,1.0,0,0.25,57,54.4,1.199,0.055,41,53.7,1.258,35,60.0,1.508,0.178
1,all,ny_mid,10,1,1.0,1,0.1,13,,,,11,,,10,,,
1,all,ny_mid,10,1,1.0,1,0.25,26,57.7,1.609,0.124,17,,,16,,,
1,all,ny_mid,10,1,1.0,-1,0.1,23,52.2,0.707,0.003,18,,,14,,,
1,all,ny_mid,10,1,1.0,-1,0.25,31,51.6,0.936,-0.003,24,50.0,1.204,19,,,
1,all,ny_mid,10,1,1.5,0,0.1,36,33.3,0.646,-0.21,29,41.4,1.348,24,50.0,1.397,0.212
1,all,ny_mid,10,1,1.5,0,0.25,57,42.1,1.223,0.017,41,41.5,1.099,35,48.6,1.212,0.208
1,all,ny_mid,10,1,1.5,1,0.1,13,,,,11,,,10,,,
1,all,ny_mid,10,1,1.5,1,0.25,26,42.3,1.346,0.025,17,,,16,,,
1,all,ny_mid,10,1,1.5,-1,0.1,23,39.1,0.704,-0.065,18,,,14,,,
1,all,ny_mid,10,1,1.5,-1,0.25,31,41.9,1.124,0.011,24,29.2,0.603,19,,,
1,all,ny_mid,10,1,2.0,0,0.1,36,30.6,0.644,-0.127,29,37.9,1.475,24,45.8,1.47,0.286
1,all,ny_mid,10,1,2.0,0,0.25,57,38.6,1.355,0.122,41,36.6,1.089,35,40.0,1.043,0.158
1,all,ny_mid,10,1,2.0,1,0.1,13,,,,11,,,10,,,
1,all,ny_mid,10,1,2.0,1,0.25,26,34.6,1.198,0.005,17,,,16,,,
1,all,ny_mid,10,1,2.0,-1,0.1,23,39.1,0.944,0.13,18,,,14,,,
1,all,ny_mid,10,1,2.0,-1,0.25,31,41.9,1.504,0.221,24,29.2,0.807,19,,,
1,all,ny_mid,10,1,3.0,0,0.1,36,19.4,0.536,-0.268,29,31.0,1.751,24,41.7,1.847,0.536
1,all,ny_mid,10,1,3.0,0,0.25,57,28.1,1.313,0.041,41,29.3,1.201,35,37.1,1.325,0.38
1,all,ny_mid,10,1,3.0,1,0.1,13,,,,11,,,10,,,
1,all,ny_mid,10,1,3.0,1,0.25,26,26.9,1.048,-0.054,17,,,16,,,
1,all,ny_mid,10,1,3.0,-1,0.1,23,21.7,0.621,-0.177,18,,,14,,,
1,all,ny_mid,10,1,3.0,-1,0.25,31,29.0,1.56,0.121,24,25.0,1.127,19,,,
1,all,ny_mid,10,2,1.0,0,0.1,182,58.8,1.226,0.147,128,50.8,0.921,124,54.8,1.096,0.086
1,all,ny_mid,10,2,1.0,0,0.25,256,55.9,1.084,0.091,184,53.3,1.049,183,56.3,1.216,0.114
1,all,ny_mid,10,2,1.0,1,0.1,72,62.5,1.496,0.218,48,52.1,0.811,47,48.9,0.886,-0.029
1,all,ny_mid,10,2,1.0,1,0.25,119,56.3,1.09,0.098,86,58.1,1.207,82,56.1,1.263,0.112
1,all,ny_mid,10,2,1.0,-1,0.1,110,56.4,1.053,0.101,80,50.0,1.007,77,58.4,1.272,0.156
1,all,ny_mid,10,2,1.0,-1,0.25,137,55.5,1.077,0.084,98,49.0,0.893,101,56.4,1.171,0.115
1,all,ny_mid,10,2,1.5,0,0.1,182,46.2,1.141,0.115,128,35.9,0.758,124,38.7,0.879,-0.058
1,all,ny_mid,10,2,1.5,0,0.25,256,44.9,1.126,0.089,184,40.2,0.963,183,42.6,1.119,0.04
1,all,ny_mid,10,2,1.5,1,0.1,72,50.0,1.249,0.206,48,33.3,0.533,47,34.0,0.688,-0.17
1,all,ny_mid,10,2,1.5,1,0.25,119,45.4,1.053,0.099,86,44.2,1.096,82,42.7,1.15,0.055
1,all,ny_mid,10,2,1.5,-1,0.1,110,43.6,1.063,0.055,80,37.5,0.946,77,41.6,1.031,0.01
1,all,ny_mid,10,2,1.5,-1,0.25,137,44.5,1.208,0.08,98,36.7,0.831,101,42.6,1.088,0.027
1,all,ny_mid,10,2,2.0,0,0.1,182,36.3,1.049,0.043,128,29.7,0.772,124,33.9,0.901,-0.018
1,all,ny_mid,10,2,2.0,0,0.25,256,35.9,1.062,0.038,184,33.2,0.935,183,34.4,0.938,-0.013
1,all,ny_mid,10,2,2.0,1,0.1,72,43.1,1.348,0.245,48,29.2,0.607,47,29.8,0.731,-0.139
1,all,ny_mid,10,2,2.0,1,0.25,119,37.8,1.001,0.092,86,36.0,0.979,82,34.1,0.984,-0.019
1,all,ny_mid,10,2,2.0,-1,0.1,110,31.8,0.854,-0.088,80,30.0,0.899,77,36.4,1.029,0.055
1,all,ny_mid,10,2,2.0,-1,0.25,137,34.3,1.128,-0.009,98,30.6,0.888,101,34.7,0.894,-0.008
1,all,ny_mid,10,2,3.0,0,0.1,182,29.7,1.118,0.122,128,21.1,0.792,124,27.4,1.006,0.033
1,all,ny_mid,10,2,3.0,0,0.25,254,31.1,1.246,0.157,184,25.5,1.011,182,29.1,1.077,0.055
1,all,ny_mid,10,2,3.0,1,0.1,72,30.6,1.115,0.138,48,18.8,0.643,47,23.4,0.799,-0.159
1,all,ny_mid,10,2,3.0,1,0.25,119,29.4,1.022,0.077,86,27.9,1.039,82,28.0,1.056,-0.024
1,all,ny_mid,10,2,3.0,-1,0.1,110,29.1,1.12,0.111,80,22.5,0.901,77,29.9,1.158,0.15
1,all,ny_mid,10,2,3.0,-1,0.25,137,32.1,1.47,0.209,98,23.5,0.983,101,29.7,1.066,0.108
1,all,ny_mid,10,3,1.0,0,0.1,211,50.7,0.903,-0.03,130,43.1,0.658,116,45.7,0.734,-0.119
1,all,ny_mid,10,3,1.0,0,0.25,299,49.8,0.942,-0.041,202,48.0,0.922,192,49.0,0.915,-0.046
1,all,ny_mid,10,3,1.0,1,0.1,96,45.8,0.857,-0.121,50,50.0,0.824,38,44.7,0.657,-0.135
1,all,ny_mid,10,3,1.0,1,0.25,142,45.1,0.835,-0.132,94,54.3,1.046,79,49.4,0.815,-0.035
1,all,ny_mid,10,3,1.0,-1,0.1,115,54.8,0.95,0.047,80,38.8,0.561,78,46.2,0.779,-0.111
1,all,ny_mid,10,3,1.0,-1,0.25,157,54.1,1.056,0.041,108,42.6,0.816,113,48.7,1.001,-0.054
1,all,ny_mid,10,3,1.5,0,0.1,211,42.2,0.97,0.009,130,35.4,0.734,116,37.9,0.849,-0.085
1,all,ny_mid,10,3,1.5,0,0.25,299,42.1,1.058,0.014,202,38.1,0.861,192,39.1,0.874,-0.064
1,all,ny_mid,10,3,1.5,1,0.1,96,38.5,0.944,-0.076,50,42.0,0.891,38,34.2,0.717,-0.176
1,all,ny_mid,10,3,1.5,1,0.25,142,39.4,1.011,-0.049,94,42.6,0.842,79,38.0,0.719,-0.106
1,all,ny_mid,10,3,1.5,-1,0.1,115,45.2,0.995,0.079,80,31.2,0.638,78,39.7,0.928,-0.041
1,all,ny_mid,10,3,1.5,-1,0.25,157,44.6,1.106,0.071,108,34.3,0.88,113,39.8,1.011,-0.034
1,all,ny_mid,10,3,2.0,0,0.1,211,36.0,0.991,0.034,130,29.2,0.768,116,33.6,0.981,-0.026
1,all,ny_mid,10,3,2.0,0,0.25,299,36.5,1.144,0.053,202,32.7,0.946,192,35.4,1.006,0.001
1,all,ny_mid,10,3,2.0,1,0.1,96,33.3,1.005,-0.04,50,38.0,1.052,38,34.2,0.96,-0.005
1,all,ny_mid,10,3,2.0,1,0.25,142,33.8,1.08,-0.021,94,39.4,0.983,79,36.7,0.902,0.027
1,all,ny_mid,10,3,2.0,-1,0.1,115,38.3,0.977,0.095,80,23.8,0.605,78,33.3,0.994,-0.036
1,all,ny_mid,10,3,2.0,-1,0.25,157,38.9,1.207,0.121,108,26.9,0.912,113,34.5,1.094,-0.017
1,all,ny_mid,10,3,3.0,0,0.1,211,27.5,1.045,0.051,130,20.0,0.699,116,25.0,0.977,-0.035
1,all,ny_mid,10,3,3.0,0,0.25,299,27.8,1.133,0.057,202,23.3,0.899,191,26.7,1.008,-0.016
1,all,ny_mid,10,3,3.0,1,0.1,96,28.1,1.206,0.084,50,28.0,0.981,38,23.7,0.852,-0.085
1,all,ny_mid,10,3,3.0,1,0.25,142,28.9,1.25,0.088,94,30.9,1.038,79,26.6,0.851,-0.039
1,all,ny_mid,10,3,3.0,-1,0.1,115,27.0,0.903,0.023,80,15.0,0.531,78,25.6,1.049,-0.011
1,all,ny_mid,10,3,3.0,-1,0.25,157,26.8,1.029,0.029,108,16.7,0.776,113,26.5,1.119,-0.009
1,all,ny_mid,20,0,1.0,0,0.1,187,49.7,0.906,-0.047,139,46.0,0.913,125,45.6,0.859,-0.095
1,all,ny_mid,20,0,1.0,0,0.25,355,50.1,1.009,-0.029,238,49.2,1.001,230,48.7,0.936,-0.043
1,all,ny_mid,20,0,1.0,1,0.1,68,45.6,0.785,-0.128,54,40.7,0.741,48,43.8,0.785,-0.112
1,all,ny_mid,20,0,1.0,1,0.25,167,47.9,0.95,-0.069,115,48.7,0.965,102,49.0,0.931,-0.021
1,all,ny_mid,20,0,1.0,-1,0.1,119,52.1,0.99,-0.001,85,49.4,1.061,77,46.8,0.92,-0.085
1,all,ny_mid,20,0,1.0,-1,0.25,188,52.1,1.077,0.007,123,49.6,1.044,128,48.4,0.94,-0.061
1,all,ny_mid,20,0,1.5,0,0.1,187,39.6,0.92,-0.056,139,36.0,0.914,125,39.2,0.969,-0.04
1,all,ny_mid,20,0,1.5,0,0.25,355,40.6,1.046,-0.025,237,37.6,0.864,230,40.0,0.926,-0.027
1,all,ny_mid,20,0,1.5,1,0.1,68,35.3,0.757,-0.159,54,38.9,1.0,48,39.6,0.997,-0.018
1,all,ny_mid,20,0,1.5,1,0.25,167,38.3,0.963,-0.081,115,37.4,0.79,102,38.2,0.882,-0.053
1,all,ny_mid,20,0,1.5,-1,0.1,119,42.0,1.034,0.002,85,34.1,0.856,77,39.0,0.948,-0.053
1,all,ny_mid,20,0,1.5,-1,0.25,188,42.6,1.144,0.025,123,37.4,0.931,128,41.4,0.969,-0.007
1,all,ny_mid,20,0,2.0,0,0.1,187,35.3,0.973,0.013,139,28.8,0.799,125,32.0,0.85,-0.088
1,all,ny_mid,20,0,2.0,0,0.25,353,36.0,1.101,0.029,237,31.6,0.849,230,33.0,0.853,-0.075
1,all,ny_mid,20,0,2.0,1,0.1,68,32.4,0.908,-0.071,54,35.2,1.094,48,35.4,0.958,-0.006
1,all,ny_mid,20,0,2.0,1,0.25,167,34.7,1.056,-0.022,115,34.8,0.897,102,34.3,0.881,-0.041
1,all,ny_mid,20,0,2.0,-1,0.1,119,37.0,1.014,0.061,85,24.7,0.628,77,29.9,0.778,-0.139
1,all,ny_mid,20,0,2.0,-1,0.25,188,37.2,1.158,0.079,123,28.5,0.777,128,32.0,0.827,-0.102
1,all,ny_mid,20,0,3.0,0,0.1,187,27.8,0.994,0.049,139,19.4,0.635,125,24.8,0.891,-0.083
1,all,ny_mid,20,0,3.0,0,0.25,349,30.4,1.218,0.106,237,24.5,0.79,229,26.6,0.838,-0.103
1,all,ny_mid,20,0,3.0,1,0.1,68,23.5,0.791,-0.145,54,24.1,0.912,48,25.0,0.924,-0.091
1,all,ny_mid,20,0,3.0,1,0.25,167,29.3,1.125,0.025,115,27.0,0.85,102,25.5,0.791,-0.169
1,all,ny_mid,20,0,3.0,-1,0.1,119,30.3,1.13,0.16,85,16.5,0.46,77,24.7,0.868,-0.077
1,all,ny_mid,20,0,3.0,-1,0.25,188,30.9,1.286,0.163,123,22.0,0.706,128,27.3,0.866,-0.058
1,all,ny_mid,20,1,1.0,0,0.1,43,48.8,0.796,-0.063,33,54.5,1.506,31,61.3,1.756,0.198
1,all,ny_mid,20,1,1.0,0,0.25,82,48.8,0.919,-0.054,54,61.1,1.673,50,62.0,1.66,0.205
1,all,ny_mid,20,1,1.0,1,0.1,17,,,,12,,,12,,,
1,all,ny_mid,20,1,1.0,1,0.25,42,47.6,0.883,-0.075,25,68.0,1.821,24,66.7,1.458,0.296
1,all,ny_mid,20,1,1.0,-1,0.1,26,53.8,0.771,0.037,21,52.4,1.567,19,,,
1,all,ny_mid,20,1,1.0,-1,0.25,40,50.0,0.961,-0.033,29,55.2,1.527,26,57.7,1.883,0.12
1,all,ny_mid,20,1,1.5,0,0.1,43,37.2,0.791,-0.112,33,42.4,1.426,31,51.6,1.595,0.229
1,all,ny_mid,20,1,1.5,0,0.25,82,39.0,1.006,-0.057,54,44.4,1.231,50,50.0,1.381,0.2
1,all,ny_mid,20,1,1.5,1,0.1,17,,,,12,,,12,,,
1,all,ny_mid,20,1,1.5,1,0.25,42,35.7,0.833,-0.137,25,60.0,1.853,24,62.5,1.687,0.493
1,all,ny_mid,20,1,1.5,-1,0.1,26,42.3,0.808,0.015,21,33.3,1.064,19,,,
1,all,ny_mid,20,1,1.5,-1,0.25,40,42.5,1.233,0.028,29,31.0,0.726,26,38.5,1.121,-0.071
1,all,ny_mid,20,1,2.0,0,0.1,43,32.6,0.726,-0.066,33,39.4,1.571,31,45.2,1.476,0.237
1,all,ny_mid,20,1,2.0,0,0.25,82,35.4,1.134,0.028,54,38.9,1.162,50,42.0,1.264,0.165
1,all,ny_mid,20,1,2.0,1,0.1,17,,,,12,,,12,,,
1,all,ny_mid,20,1,2.0,1,0.25,42,28.6,0.785,-0.173,25,48.0,1.36,24,54.2,1.531,0.534
1,all,ny_mid,20,1,2.0,-1,0.1,26,42.3,1.084,0.226,21,33.3,1.388,19,,,
1,all,ny_mid,20,1,2.0,-1,0.25,40,42.5,1.649,0.24,29,31.0,0.954,26,30.8,1.02,-0.176
1,all,ny_mid,20,1,3.0,0,0.1,43,23.3,0.698,-0.114,33,30.3,1.63,31,38.7,1.659,0.365
1,all,ny_mid,20,1,3.0,0,0.25,82,28.0,1.244,0.035,54,31.5,1.247,50,38.0,1.543,0.316
1,all,ny_mid,20,1,3.0,1,0.1,17,,,,12,,,12,,,
1,all,ny_mid,20,1,3.0,1,0.25,42,23.8,0.77,-0.179,25,36.0,1.18,24,45.8,1.604,0.6
1,all,ny_mid,20,1,3.0,-1,0.1,26,26.9,0.832,0.031,21,28.6,1.845,19,,,
1,all,ny_mid,20,1,3.0,-1,0.25,40,32.5,1.907,0.26,29,27.6,1.328,26,30.8,1.481,0.054
1,all,ny_mid,20,2,1.0,0,0.1,199,58.3,1.214,0.154,139,52.5,1.037,133,55.6,1.173,0.1
1,all,ny_mid,20,2,1.0,0,0.25,316,54.1,1.053,0.067,204,54.9,1.145,202,56.4,1.217,0.113
1,all,ny_mid,20,2,1.0,1,0.1,80,60.0,1.342,0.212,54,55.6,0.991,52,53.8,1.11,0.068
1,all,ny_mid,20,2,1.0,1,0.25,150,52.0,0.927,0.037,97,58.8,1.205,93,57.0,1.26,0.129
1,all,ny_mid,20,2,1.0,-1,0.1,119,57.1,1.124,0.115,85,50.6,1.071,81,56.8,1.224,0.12
1,all,ny_mid,20,2,1.0,-1,0.25,166,56.0,1.209,0.095,107,51.4,1.08,109,56.0,1.173,0.099
1,all,ny_mid,20,2,1.5,0,0.1,199,46.7,1.179,0.144,139,38.1,0.863,133,40.6,0.986,-0.012
1,all,ny_mid,20,2,1.5,0,0.25,316,44.3,1.146,0.085,204,42.6,1.082,202,44.1,1.176,0.07
1,all,ny_mid,20,2,1.5,1,0.1,80,48.8,1.177,0.213,54,37.0,0.673,52,40.4,0.951,-0.012
1,all,ny_mid,20,2,1.5,1,0.25,150,43.3,1.011,0.07,97,45.4,1.123,93,45.2,1.234,0.116
1,all,ny_mid,20,2,1.5,-1,0.1,119,45.4,1.18,0.098,85,38.8,1.024,81,40.7,1.013,-0.011
1,all,ny_mid,20,2,1.5,-1,0.25,166,45.2,1.309,0.098,107,40.2,1.036,109,43.1,1.116,0.031
1,all,ny_mid,20,2,2.0,0,0.1,199,37.2,1.113,0.084,139,31.7,0.845,133,34.6,0.945,0.003
1,all,ny_mid,20,2,2.0,0,0.25,315,35.6,1.096,0.035,203,35.0,0.973,202,35.1,0.971,0.003
1,all,ny_mid,20,2,2.0,1,0.1,80,42.5,1.288,0.26,54,31.5,0.667,52,32.7,0.848,-0.051
1,all,ny_mid,20,2,2.0,1,0.25,150,36.7,0.985,0.072,97,36.1,0.928,93,35.5,1.047,0.024
1,all,ny_mid,20,2,2.0,-1,0.1,119,33.6,0.991,-0.035,85,31.8,0.99,81,35.8,1.02,0.037
1,all,ny_mid,20,2,2.0,-1,0.25,166,34.9,1.239,0.014,107,33.6,0.994,109,34.9,0.893,-0.015
1,all,ny_mid,20,2,3.0,0,0.1,199,30.7,1.2,0.171,139,21.6,0.812,133,26.3,0.944,-0.01
1,all,ny_mid,20,2,3.0,0,0.25,313,30.4,1.184,0.127,203,26.6,1.014,201,28.9,1.037,0.024
1,all,ny_mid,20,2,3.0,1,0.1,80,31.2,1.112,0.19,54,16.7,0.559,52,23.1,0.744,-0.166
1,all,ny_mid,20,2,3.0,1,0.25,150,29.3,0.945,0.07,97,25.8,0.902,93,28.0,1.002,-0.046
1,all,ny_mid,20,2,3.0,-1,0.1,119,30.3,1.27,0.158,85,24.7,1.021,81,28.4,1.104,0.091
1,all,ny_mid,20,2,3.0,-1,0.25,166,31.3,1.465,0.181,107,27.1,1.115,109,29.4,1.045,0.074
1,all,ny_mid,20,3,1.0,0,0.1,232,50.0,0.872,-0.044,140,42.1,0.636,126,46.0,0.746,-0.112
1,all,ny_mid,20,3,1.0,0,0.25,338,49.4,0.93,-0.049,223,47.5,0.921,217,49.8,0.987,-0.029
1,all,ny_mid,20,3,1.0,1,0.1,106,44.3,0.789,-0.151,55,49.1,0.782,44,47.7,0.746,-0.074
1,all,ny_mid,20,3,1.0,1,0.25,164,43.9,0.792,-0.155,107,53.3,1.023,95,50.5,0.875,-0.011
1,all,ny_mid,20,3,1.0,-1,0.1,126,54.8,0.96,0.046,85,37.6,0.545,82,45.1,0.746,-0.132
1,all,ny_mid,20,3,1.0,-1,0.25,174,54.6,1.096,0.051,116,42.2,0.822,122,49.2,1.1,-0.044
1,all,ny_mid,20,3,1.5,0,0.1,232,42.2,0.965,0.01,140,34.3,0.698,126,37.3,0.824,-0.101
1,all,ny_mid,20,3,1.5,0,0.25,338,41.7,1.033,0.004,223,38.1,0.881,217,39.2,0.893,-0.067
1,all,ny_mid,20,3,1.5,1,0.1,106,37.7,0.894,-0.096,55,41.8,0.872,44,34.1,0.716,-0.178
1,all,ny_mid,20,3,1.5,1,0.25,164,37.8,0.927,-0.089,107,43.0,0.882,95,37.9,0.733,-0.116
1,all,ny_mid,20,3,1.5,-1,0.1,126,46.0,1.037,0.1,85,29.4,0.59,82,39.0,0.896,-0.06
1,all,ny_mid,20,3,1.5,-1,0.25,174,45.4,1.152,0.092,116,33.6,0.879,122,40.2,1.059,-0.029
1,all,ny_mid,20,3,2.0,0,0.1,232,36.2,0.984,0.034,140,28.6,0.742,126,33.3,0.962,-0.034
1,all,ny_mid,20,3,2.0,0,0.25,338,36.1,1.085,0.04,223,32.7,0.958,217,35.5,1.018,-0.005
1,all,ny_mid,20,3,2.0,1,0.1,106,32.1,0.92,-0.089,55,38.2,1.041,44,34.1,0.958,-0.008
1,all,ny_mid,20,3,2.0,1,0.25,164,31.7,0.911,-0.091,107,39.3,0.987,95,35.8,0.869,-0.011
1,all,ny_mid,20,3,2.0,-1,0.1,126,39.7,1.047,0.138,85,22.4,0.563,82,32.9,0.965,-0.048
1,all,ny_mid,20,3,2.0,-1,0.25,174,40.2,1.286,0.163,116,26.7,0.928,122,35.2,1.165,-0.0
1,all,ny_mid,20,3,3.0,0,0.1,232,27.6,1.031,0.043,140,19.3,0.664,126,25.4,0.986,-0.019
1,all,ny_mid,20,3,3.0,0,0.25,338,27.5,1.087,0.041,223,23.8,0.946,215,27.9,1.073,0.013
1,all,ny_mid,20,3,3.0,1,0.1,106,27.4,1.109,0.028,55,27.3,0.927,44,25.0,0.922,-0.032
1,all,ny_mid,20,3,3.0,1,0.25,164,27.4,1.079,0.019,107,30.8,1.065,95,27.4,0.901,-0.024
1,all,ny_mid,20,3,3.0,-1,0.1,126,27.8,0.96,0.056,85,14.1,0.498,82,25.6,1.027,-0.013
1,all,ny_mid,20,3,3.0,-1,0.25,174,27.6,1.095,0.063,116,17.2,0.829,122,27.9,1.207,0.026
1,all,ny_mid,40,0,1.0,0,0.1,195,49.2,0.902,-0.059,145,47.6,0.929,129,46.5,0.862,-0.078
1,all,ny_mid,40,0,1.0,0,0.25,372,50.0,1.004,-0.032,253,49.8,0.972,245,48.2,0.876,-0.05
1,all,ny_mid,40,0,1.0,1,0.1,69,46.4,0.811,-0.112,57,43.9,0.786,49,44.9,0.805,-0.09
1,all,ny_mid,40,0,1.0,1,0.25,176,48.9,0.97,-0.05,124,49.2,0.937,107,47.7,0.871,-0.04
1,all,ny_mid,40,0,1.0,-1,0.1,126,50.8,0.961,-0.029,88,50.0,1.047,80,47.5,0.907,-0.07
1,all,ny_mid,40,0,1.0,-1,0.25,196,51.0,1.043,-0.016,129,50.4,1.015,138,48.6,0.879,-0.058
1,all,ny_mid,40,0,1.5,0,0.1,195,39.5,0.929,-0.059,145,36.6,0.91,129,38.8,0.944,-0.052
1,all,ny_mid,40,0,1.5,0,0.25,372,40.6,1.039,-0.025,252,37.7,0.837,245,38.8,0.858,-0.054
1,all,ny_mid,40,0,1.5,1,0.1,69,36.2,0.789,-0.135,57,40.4,1.03,49,40.8,1.025,0.012
1,all,ny_mid,40,0,1.5,1,0.25,176,39.2,0.972,-0.058,124,37.1,0.757,107,37.4,0.838,-0.066
1,all,ny_mid,40,0,1.5,-1,0.1,126,41.3,1.021,-0.018,88,34.1,0.832,80,37.5,0.888,-0.09
1,all,ny_mid,40,0,1.5,-1,0.25,196,41.8,1.119,0.006,129,38.0,0.915,138,39.9,0.876,-0.045
1,all,ny_mid,40,0,2.0,0,0.1,195,34.9,0.967,-0.001,145,28.3,0.78,129,31.8,0.836,-0.094
1,all,ny_mid,40,0,2.0,0,0.25,370,35.9,1.072,0.019,252,31.3,0.825,245,32.2,0.803,-0.092
1,all,ny_mid,40,0,2.0,1,0.1,69,31.9,0.889,-0.085,57,35.1,1.086,49,36.7,0.992,0.034
1,all,ny_mid,40,0,2.0,1,0.25,176,35.2,1.019,-0.026,124,33.9,0.853,107,33.6,0.842,-0.05
1,all,ny_mid,40,0,2.0,-1,0.1,126,36.5,1.016,0.045,88,23.9,0.603,80,28.7,0.736,-0.173
1,all,ny_mid,40,0,2.0,-1,0.25,196,36.7,1.14,0.063,129,28.7,0.775,138,31.2,0.77,-0.125
1,all,ny_mid,40,0,3.0,0,0.1,195,27.2,0.978,0.024,145,19.3,0.627,129,24.8,0.883,-0.081
1,all,ny_mid,40,0,3.0,0,0.25,366,30.3,1.187,0.092,252,24.2,0.765,244,25.8,0.782,-0.123
1,all,ny_mid,40,0,3.0,1,0.1,69,23.2,0.776,-0.158,57,24.6,0.921,49,26.5,0.969,-0.029
1,all,ny_mid,40,0,3.0,1,0.25,176,30.1,1.097,0.03,124,26.6,0.825,107,25.2,0.765,-0.163
1,all,ny_mid,40,0,3.0,-1,0.1,126,29.4,1.108,0.123,88,15.9,0.443,80,23.8,0.824,-0.114
1,all,ny_mid,40,0,3.0,-1,0.25,196,30.1,1.257,0.133,129,21.7,0.682,138,26.1,0.785,-0.099
1,all,ny_mid,40,1,1.0,0,0.1,45,51.1,0.845,-0.017,34,55.9,1.599,34,61.8,1.766,0.208
1,all,ny_mid,40,1,1.0,0,0.25,89,49.4,0.929,-0.041,62,61.3,1.555,60,61.7,1.601,0.201
1,all,ny_mid,40,1,1.0,1,0.1,17,,,,12,,,12,,,
1,all,ny_mid,40,1,1.0,1,0.25,46,47.8,0.914,-0.07,31,67.7,1.786,27,66.7,1.621,0.298
1,all,ny_mid,40,1,1.0,-1,0.1,28,57.1,0.854,0.102,22,54.5,1.735,22,59.1,2.073,0.143
1,all,ny_mid,40,1,1.0,-1,0.25,43,51.2,0.948,-0.01,31,54.8,1.32,33,57.6,1.585,0.122
1,all,ny_mid,40,1,1.5,0,0.1,45,40.0,0.854,-0.042,34,44.1,1.538,34,52.9,1.684,0.265
1,all,ny_mid,40,1,1.5,0,0.25,89,40.4,1.045,-0.021,62,45.2,1.186,60,48.3,1.305,0.164
1,all,ny_mid,40,1,1.5,1,0.1,17,,,,12,,,12,,,
1,all,ny_mid,40,1,1.5,1,0.25,46,37.0,0.911,-0.105,31,58.1,1.703,27,59.3,1.647,0.418
1,all,ny_mid,40,1,1.5,-1,0.1,28,46.4,0.917,0.118,22,36.4,1.237,22,45.5,1.502,0.061
1,all,ny_mid,40,1,1.5,-1,0.25,43,44.2,1.226,0.07,31,32.3,0.706,33,39.4,1.07,-0.044
1,all,ny_mid,40,1,2.0,0,0.1,45,35.6,0.801,0.024,34,41.2,1.712,34,47.1,1.623,0.302
1,all,ny_mid,40,1,2.0,0,0.25,89,36.0,1.118,0.046,62,38.7,1.095,60,41.7,1.302,0.168
1,all,ny_mid,40,1,2.0,1,0.1,17,,,,12,,,12,,,
1,all,ny_mid,40,1,2.0,1,0.25,46,28.3,0.785,-0.182,31,45.2,1.233,27,51.9,1.578,0.473
1,all,ny_mid,40,1,2.0,-1,0.1,28,46.4,1.23,0.35,22,36.4,1.62,22,36.4,1.138,-0.064
1,all,ny_mid,40,1,2.0,-1,0.25,43,44.2,1.64,0.29,31,32.3,0.93,33,33.3,1.097,-0.082
1,all,ny_mid,40,1,3.0,0,0.1,45,26.7,0.8,0.022,34,32.4,1.816,34,38.2,1.637,0.36
1,all,ny_mid,40,1,3.0,0,0.25,89,29.2,1.197,0.058,62,32.3,1.099,60,36.7,1.42,0.241
1,all,ny_mid,40,1,3.0,1,0.1,17,,,,12,,,12,,,
1,all,ny_mid,40,1,3.0,1,0.25,46,23.9,0.71,-0.221,31,35.5,0.943,27,44.4,1.427,0.461
1,all,ny_mid,40,1,3.0,-1,0.1,28,32.1,1.013,0.24,22,31.8,2.179,22,31.8,1.254,0.027
1,all,ny_mid,40,1,3.0,-1,0.25,43,34.9,1.921,0.356,31,29.0,1.306,33,30.3,1.414,0.061
1,all,ny_mid,40,2,1.0,0,0.1,207,58.5,1.244,0.155,145,53.1,1.033,138,55.1,1.081,0.088
1,all,ny_mid,40,2,1.0,0,0.25,331,54.1,1.05,0.065,218,54.6,1.1,216,55.6,1.137,0.099
1,all,ny_mid,40,2,1.0,1,0.1,82,61.0,1.392,0.231,57,56.1,1.011,54,53.7,1.026,0.065
1,all,ny_mid,40,2,1.0,1,0.25,158,52.5,0.94,0.046,106,57.5,1.166,99,55.6,1.197,0.109
1,all,ny_mid,40,2,1.0,-1,0.1,125,56.8,1.143,0.105,88,51.1,1.049,84,56.0,1.125,0.103
1,all,ny_mid,40,2,1.0,-1,0.25,173,55.5,1.191,0.082,112,51.8,1.027,117,55.6,1.078,0.091
1,all,ny_mid,40,2,1.5,0,0.1,207,47.3,1.223,0.157,145,39.3,0.874,138,40.6,0.933,-0.012
1,all,ny_mid,40,2,1.5,0,0.25,331,44.4,1.134,0.086,218,42.7,1.046,216,43.1,1.087,0.05
1,all,ny_mid,40,2,1.5,1,0.1,82,50.0,1.234,0.244,57,38.6,0.702,54,40.7,0.902,-0.003
1,all,ny_mid,40,2,1.5,1,0.25,158,43.7,1.0,0.078,106,44.3,1.078,99,44.4,1.205,0.108
1,all,ny_mid,40,2,1.5,-1,0.1,125,45.6,1.215,0.101,88,39.8,1.016,84,40.5,0.957,-0.018
1,all,ny_mid,40,2,1.5,-1,0.25,173,45.1,1.301,0.093,112,41.1,1.009,117,41.9,0.975,0.002
1,all,ny_mid,40,2,2.0,0,0.1,207,37.7,1.151,0.097,145,31.7,0.836,138,34.8,0.904,0.009
1,all,ny_mid,40,2,2.0,0,0.25,330,35.8,1.077,0.035,217,34.6,0.952,216,34.7,0.929,-0.004
1,all,ny_mid,40,2,2.0,1,0.1,82,43.9,1.359,0.302,57,31.6,0.67,54,33.3,0.817,-0.032
1,all,ny_mid,40,2,2.0,1,0.25,158,37.3,0.963,0.081,106,34.9,0.911,99,35.4,1.052,0.031
1,all,ny_mid,40,2,2.0,-1,0.1,125,33.6,1.012,-0.038,88,31.8,0.97,84,35.7,0.973,0.035
1,all,ny_mid,40,2,2.0,-1,0.25,173,34.7,1.227,0.004,112,33.9,0.972,117,34.2,0.812,-0.033
1,all,ny_mid,40,2,3.0,0,0.1,207,30.4,1.204,0.161,145,21.4,0.797,138,26.1,0.9,-0.018
1,all,ny_mid,40,2,3.0,0,0.25,328,30.2,1.154,0.113,217,25.3,0.934,215,27.9,0.937,-0.017
1,all,ny_mid,40,2,3.0,1,0.1,82,31.7,1.132,0.208,57,17.5,0.571,54,24.1,0.731,-0.124
1,all,ny_mid,40,2,3.0,1,0.25,158,29.7,0.922,0.072,106,24.5,0.835,99,28.3,0.956,-0.045
1,all,ny_mid,40,2,3.0,-1,0.1,125,29.6,1.26,0.129,88,23.9,0.98,84,27.4,1.033,0.05
1,all,ny_mid,40,2,3.0,-1,0.25,173,30.6,1.435,0.153,112,25.9,1.025,117,27.4,0.898,-0.001
1,all,ny_mid,40,3,1.0,0,0.1,235,49.8,0.873,-0.048,143,43.4,0.682,131,47.3,0.806,-0.086
1,all,ny_mid,40,3,1.0,0,0.25,343,49.3,0.934,-0.052,228,48.7,0.972,225,50.7,1.025,-0.011
1,all,ny_mid,40,3,1.0,1,0.1,108,44.4,0.803,-0.149,56,50.0,0.799,45,48.9,0.77,-0.051
1,all,ny_mid,40,3,1.0,1,0.25,167,44.3,0.822,-0.147,109,54.1,1.062,98,51.0,0.889,-0.001
1,all,ny_mid,40,3,1.0,-1,0.1,127,54.3,0.946,0.038,87,39.1,0.61,86,46.5,0.827,-0.104
1,all,ny_mid,40,3,1.0,-1,0.25,176,54.0,1.067,0.038,119,43.7,0.885,127,50.4,1.164,-0.019
1,all,ny_mid,40,3,1.5,0,0.1,235,41.7,0.945,-0.003,143,35.0,0.707,131,37.4,0.818,-0.099
1,all,ny_mid,40,3,1.5,0,0.25,343,41.4,1.03,-0.004,228,38.2,0.863,225,38.7,0.861,-0.079
1,all,ny_mid,40,3,1.5,1,0.1,108,37.0,0.87,-0.113,56,42.9,0.895,45,35.6,0.746,-0.142
1,all,ny_mid,40,3,1.5,1,0.25,167,37.7,0.943,-0.091,109,43.1,0.868,98,37.8,0.708,-0.118
1,all,ny_mid,40,3,1.5,-1,0.1,127,45.7,1.024,0.091,87,29.9,0.594,86,38.4,0.862,-0.076
1,all,ny_mid,40,3,1.5,-1,0.25,176,44.9,1.127,0.079,119,33.6,0.858,127,39.4,1.016,-0.048
1,all,ny_mid,40,3,2.0,0,0.1,235,35.7,0.966,0.02,143,29.4,0.757,131,33.6,0.96,-0.027
1,all,ny_mid,40,3,2.0,0,0.25,343,35.9,1.085,0.033,228,32.9,0.943,225,35.1,0.985,-0.014
1,all,ny_mid,40,3,2.0,1,0.1,108,31.5,0.897,-0.107,56,39.3,1.071,45,35.6,0.998,0.036
1,all,ny_mid,40,3,2.0,1,0.25,167,31.7,0.934,-0.09,109,39.4,0.974,98,35.7,0.843,-0.011
1,all,ny_mid,40,3,2.0,-1,0.1,127,39.4,1.036,0.129,87,23.0,0.577,86,32.6,0.939,-0.059
1,all,ny_mid,40,3,2.0,-1,0.25,176,39.8,1.259,0.149,119,26.9,0.912,127,34.6,1.125,-0.017
1,all,ny_mid,40,3,3.0,0,0.1,235,27.2,1.014,0.029,143,20.3,0.693,131,26.0,1.002,0.003
1,all,ny_mid,40,3,3.0,0,0.25,343,27.4,1.085,0.034,228,24.1,0.94,223,27.8,1.048,0.012
1,all,ny_mid,40,3,3.0,1,0.1,108,26.9,1.083,0.008,56,28.6,0.965,45,26.7,0.975,0.035
1,all,ny_mid,40,3,3.0,1,0.25,167,27.5,1.094,0.016,109,31.2,1.056,98,27.6,0.881,-0.014
1,all,ny_mid,40,3,3.0,-1,0.1,127,27.6,0.95,0.047,87,14.9,0.528,86,25.6,1.018,-0.014
1,all,ny_mid,40,3,3.0,-1,0.25,176,27.3,1.076,0.05,119,17.6,0.828,127,27.6,1.178,0.016
1,all,pm,10,0,1.0,0,0.1,63,50.8,1.138,-0.037,30,43.3,0.848,24,45.8,1.007,-0.118
1,all,pm,10,0,1.0,0,0.25,83,51.8,1.271,-0.009,49,38.8,0.666,43,32.6,0.482,-0.355
1,all,pm,10,0,1.0,1,0.1,24,50.0,1.332,-0.045,11,,,9,,,
1,all,pm,10,0,1.0,1,0.25,35,51.4,1.433,-0.008,27,29.6,0.557,23,30.4,0.499,-0.412
1,all,pm,10,0,1.0,-1,0.1,39,51.3,1.009,-0.031,19,,,15,,,
1,all,pm,10,0,1.0,-1,0.25,48,52.1,1.132,-0.009,22,50.0,0.951,20,35.0,0.45,-0.288
1,all,pm,10,0,1.5,0,0.1,63,38.1,0.994,-0.102,30,33.3,0.549,24,29.2,0.444,-0.281
1,all,pm,10,0,1.5,0,0.25,83,39.8,1.146,-0.052,49,28.6,0.516,43,20.9,0.296,-0.469
1,all,pm,10,0,1.5,1,0.1,24,33.3,0.982,-0.214,11,,,9,,,
1,all,pm,10,0,1.5,1,0.25,35,40.0,1.502,-0.039,27,22.2,0.486,23,17.4,0.346,-0.561
1,all,pm,10,0,1.5,-1,0.1,39,41.0,1.004,-0.033,19,,,15,,,
1,all,pm,10,0,1.5,-1,0.25,48,39.6,0.873,-0.063,22,36.4,0.581,20,25.0,0.21,-0.364
1,all,pm,10,0,2.0,0,0.1,63,30.2,0.888,-0.194,30,30.0,0.673,24,29.2,0.595,-0.135
1,all,pm,10,0,2.0,0,0.25,83,30.1,0.862,-0.188,49,26.5,0.661,43,20.9,0.357,-0.394
1,all,pm,10,0,2.0,1,0.1,24,25.0,0.742,-0.36,11,,,9,,,
1,all,pm,10,0,2.0,1,0.25,35,28.6,0.898,-0.251,27,18.5,0.608,23,17.4,0.4,-0.528
1,all,pm,10,0,2.0,-1,0.1,39,33.3,1.008,-0.092,19,,,15,,,
1,all,pm,10,0,2.0,-1,0.25,48,31.2,0.831,-0.141,22,36.4,0.779,20,25.0,0.282,-0.239
1,all,pm,10,0,3.0,0,0.1,63,27.0,0.918,-0.169,30,30.0,1.014,24,29.2,0.883,0.141
1,all,pm,10,0,3.0,0,0.25,83,27.7,1.038,-0.109,49,26.5,0.886,43,20.9,0.52,-0.216
1,all,pm,10,0,3.0,1,0.1,24,20.8,0.687,-0.368,11,,,9,,,
1,all,pm,10,0,3.0,1,0.25,35,25.7,1.068,-0.172,27,18.5,0.754,23,17.4,0.583,-0.398
1,all,pm,10,0,3.0,-1,0.1,39,30.8,1.118,-0.046,19,,,15,,,
1,all,pm,10,0,3.0,-1,0.25,48,29.2,1.011,-0.063,22,36.4,1.175,20,25.0,0.411,-0.007
1,all,pm,10,1,1.0,0,0.1,14,,,,9,,,8,,,
1,all,pm,10,1,1.0,0,0.25,18,,,,13,,,12,,,
1,all,pm,10,1,1.0,1,0.1,8,,,,5,,,4,,,
1,all,pm,10,1,1.0,1,0.25,11,,,,9,,,7,,,
1,all,pm,10,1,1.0,-1,0.1,6,,,,4,,,4,,,
1,all,pm,10,1,1.0,-1,0.25,7,,,,4,,,5,,,
1,all,pm,10,1,1.5,0,0.1,14,,,,9,,,8,,,
1,all,pm,10,1,1.5,0,0.25,18,,,,13,,,12,,,
1,all,pm,10,1,1.5,1,0.1,8,,,,5,,,4,,,
1,all,pm,10,1,1.5,1,0.25,11,,,,9,,,7,,,
1,all,pm,10,1,1.5,-1,0.1,6,,,,4,,,4,,,
1,all,pm,10,1,1.5,-1,0.25,7,,,,4,,,5,,,
1,all,pm,10,1,2.0,0,0.1,14,,,,9,,,8,,,
1,all,pm,10,1,2.0,0,0.25,18,,,,13,,,12,,,
1,all,pm,10,1,2.0,1,0.1,8,,,,5,,,4,,,
1,all,pm,10,1,2.0,1,0.25,11,,,,9,,,7,,,
1,all,pm,10,1,2.0,-1,0.1,6,,,,4,,,4,,,
1,all,pm,10,1,2.0,-1,0.25,7,,,,4,,,5,,,
1,all,pm,10,1,3.0,0,0.1,14,,,,9,,,8,,,
1,all,pm,10,1,3.0,0,0.25,18,,,,13,,,12,,,
1,all,pm,10,1,3.0,1,0.1,8,,,,5,,,4,,,
1,all,pm,10,1,3.0,1,0.25,11,,,,9,,,7,,,
1,all,pm,10,1,3.0,-1,0.1,6,,,,4,,,4,,,
1,all,pm,10,1,3.0,-1,0.25,7,,,,4,,,5,,,
1,all,pm,10,2,1.0,0,0.1,59,54.2,1.107,0.022,32,56.2,1.367,30,66.7,1.876,0.299
1,all,pm,10,2,1.0,0,0.25,70,54.3,1.218,0.029,45,48.9,0.695,42,52.4,0.663,-0.004
1,all,pm,10,2,1.0,1,0.1,22,59.1,1.432,0.137,14,,,14,,,
1,all,pm,10,2,1.0,1,0.25,28,57.1,1.346,0.104,26,38.5,0.52,23,47.8,0.638,-0.064
1,all,pm,10,2,1.0,-1,0.1,37,51.4,0.911,-0.047,18,,,16,,,
1,all,pm,10,2,1.0,-1,0.25,42,52.4,1.106,-0.021,19,,,19,,,
1,all,pm,10,2,1.5,0,0.1,59,44.1,1.043,0.036,32,37.5,0.903,30,43.3,1.074,0.043
1,all,pm,10,2,1.5,0,0.25,70,45.7,1.323,0.084,45,35.6,0.627,42,35.7,0.552,-0.175
1,all,pm,10,2,1.5,1,0.1,22,45.5,1.184,0.09,14,,,14,,,
1,all,pm,10,2,1.5,1,0.25,28,46.4,1.401,0.12,26,30.8,0.623,23,34.8,0.71,-0.155
1,all,pm,10,2,1.5,-1,0.1,37,43.2,0.944,0.005,18,,,16,,,
1,all,pm,10,2,1.5,-1,0.25,42,45.2,1.251,0.06,19,,,19,,,
1,all,pm,10,2,2.0,0,0.1,59,35.6,0.912,-0.023,32,34.4,0.866,30,40.0,1.057,0.181
1,all,pm,10,2,2.0,0,0.25,70,35.7,0.984,-0.009,45,33.3,0.613,42,33.3,0.58,-0.065
1,all,pm,10,2,2.0,1,0.1,22,31.8,0.729,-0.158,14,,,14,,,
1,all,pm,10,2,2.0,1,0.25,28,32.1,0.859,-0.128,26,26.9,0.592,23,30.4,0.698,-0.084
1,all,pm,10,2,2.0,-1,0.1,37,37.8,1.064,0.057,18,,,16,,,
1,all,pm,10,2,2.0,-1,0.25,42,38.1,1.112,0.071,19,,,19,,,
1,all,pm,10,2,3.0,0,0.1,59,23.7,0.743,-0.257,32,25.0,0.834,30,26.7,0.759,-0.012
1,all,pm,10,2,3.0,0,0.25,70,24.3,0.88,-0.206,45,26.7,0.654,42,23.8,0.511,-0.179
1,all,pm,10,2,3.0,1,0.1,22,22.7,0.767,-0.251,14,,,14,,,
1,all,pm,10,2,3.0,1,0.25,28,25.0,1.066,-0.13,26,19.2,0.589,23,17.4,0.559,-0.378
1,all,pm,10,2,3.0,-1,0.1,37,24.3,0.724,-0.26,18,,,16,,,
1,all,pm,10,2,3.0,-1,0.25,42,23.8,0.713,-0.257,19,,,19,,,
1,all,pm,10,3,1.0,0,0.1,64,57.8,1.382,0.101,35,45.7,0.772,27,51.9,0.901,0.003
1,all,pm,10,3,1.0,0,0.25,83,57.8,1.518,0.112,49,49.0,1.1,45,46.7,0.764,-0.107
1,all,pm,10,3,1.0,1,0.1,27,55.6,1.281,0.065,17,,,14,,,
1,all,pm,10,3,1.0,1,0.25,39,53.8,1.315,0.057,27,55.6,1.822,25,48.0,0.881,-0.063
1,all,pm,10,3,1.0,-1,0.1,37,59.5,1.479,0.127,18,,,13,,,
1,all,pm,10,3,1.0,-1,0.25,44,61.4,1.825,0.161,22,40.9,0.427,20,45.0,0.622,-0.162
1,all,pm,10,3,1.5,0,0.1,64,46.9,1.358,0.114,35,40.0,0.823,27,40.7,0.934,-0.017
1,all,pm,10,3,1.5,0,0.25,83,45.8,1.253,0.092,49,38.8,0.899,45,33.3,0.593,-0.219
1,all,pm,10,3,1.5,1,0.1,27,40.7,1.026,-0.03,17,,,14,,,
1,all,pm,10,3,1.5,1,0.25,39,41.0,1.307,0.004,27,40.7,1.409,25,28.0,0.632,-0.325
1,all,pm,10,3,1.5,-1,0.1,37,51.4,1.732,0.219,18,,,13,,,
1,all,pm,10,3,1.5,-1,0.25,44,50.0,1.189,0.17,22,36.4,0.325,20,40.0,0.538,-0.087
1,all,pm,10,3,2.0,0,0.1,64,39.1,1.23,0.113,35,31.4,0.851,27,37.0,1.052,0.038
1,all,pm,10,3,2.0,0,0.25,83,39.8,1.247,0.108,49,32.7,1.062,45,31.1,0.651,-0.185
1,all,pm,10,3,2.0,1,0.1,27,33.3,1.0,-0.05,17,,,14,,,
1,all,pm,10,3,2.0,1,0.25,39,35.9,1.335,-0.0,27,37.0,1.787,25,28.0,0.735,-0.243
1,all,pm,10,3,2.0,-1,0.1,37,43.2,1.464,0.232,18,,,13,,,
1,all,pm,10,3,2.0,-1,0.25,44,43.2,1.149,0.203,22,27.3,0.25,20,35.0,0.538,-0.112
1,all,pm,10,3,3.0,0,0.1,64,28.1,1.04,-0.031,35,28.6,1.041,27,33.3,1.267,0.259
1,all,pm,10,3,3.0,0,0.25,83,27.7,0.791,-0.104,49,26.5,0.774,45,26.7,0.697,-0.082
1,all,pm,10,3,3.0,1,0.1,27,33.3,1.348,0.211,17,,,14,,,
1,all,pm,10,3,3.0,1,0.25,39,30.8,0.995,0.073,27,25.9,1.056,25,20.0,0.635,-0.259
1,all,pm,10,3,3.0,-1,0.1,37,24.3,0.805,-0.208,18,,,13,,,
1,all,pm,10,3,3.0,-1,0.25,44,25.0,0.581,-0.262,22,27.3,0.367,20,35.0,0.783,0.138
1,all,pm,20,0,1.0,0,0.1,68,52.9,1.23,0.008,34,44.1,0.845,28,46.4,0.989,-0.107
1,all,pm,20,0,1.0,0,0.25,93,52.7,1.204,0.011,58,39.7,0.645,51,33.3,0.49,-0.328
1,all,pm,20,0,1.0,1,0.1,27,55.6,1.627,0.069,12,,,9,,,
1,all,pm,20,0,1.0,1,0.25,40,55.0,1.549,0.066,31,32.3,0.559,25,32.0,0.526,-0.38
1,all,pm,20,0,1.0,-1,0.1,41,51.2,0.983,-0.033,22,50.0,0.975,19,,,
1,all,pm,20,0,1.0,-1,0.25,53,50.9,0.955,-0.03,27,48.1,0.855,26,34.6,0.428,-0.277
1,all,pm,20,0,1.5,0,0.1,68,39.7,1.053,-0.061,34,35.3,0.601,28,32.1,0.476,-0.239
1,all,pm,20,0,1.5,0,0.25,93,40.9,1.137,-0.023,58,31.0,0.562,51,23.5,0.353,-0.41
1,all,pm,20,0,1.5,1,0.1,27,37.0,1.128,-0.121,12,,,9,,,
1,all,pm,20,0,1.5,1,0.25,40,42.5,1.591,0.025,31,25.8,0.539,25,20.0,0.428,-0.497
1,all,pm,20,0,1.5,-1,0.1,41,41.5,0.994,-0.022,22,40.9,0.657,19,,,
1,all,pm,20,0,1.5,-1,0.25,53,39.6,0.817,-0.06,27,37.0,0.612,26,26.9,0.235,-0.326
1,all,pm,20,0,2.0,0,0.1,68,32.4,0.979,-0.124,34,32.4,0.726,28,32.1,0.624,-0.096
1,all,pm,20,0,2.0,0,0.25,93,32.3,0.916,-0.125,58,27.6,0.578,51,21.6,0.318,-0.385
1,all,pm,20,0,2.0,1,0.1,27,29.6,0.941,-0.213,12,,,9,,,
1,all,pm,20,0,2.0,1,0.25,40,32.5,1.04,-0.143,31,19.4,0.486,25,16.0,0.327,-0.567
1,all,pm,20,0,2.0,-1,0.1,41,34.1,1.01,-0.066,22,40.9,0.844,19,,,
1,all,pm,20,0,2.0,-1,0.25,53,32.1,0.818,-0.112,27,37.0,0.791,26,26.9,0.303,-0.211
1,all,pm,20,0,3.0,0,0.1,68,27.9,0.918,-0.144,34,32.4,1.057,28,28.6,0.827,0.033
1,all,pm,20,0,3.0,0,0.25,93,29.0,1.048,-0.075,58,27.6,0.764,51,19.6,0.432,-0.295
1,all,pm,20,0,3.0,1,0.1,27,22.2,0.681,-0.365,12,,,9,,,
1,all,pm,20,0,3.0,1,0.25,40,27.5,1.066,-0.171,31,19.4,0.601,25,16.0,0.476,-0.447
1,all,pm,20,0,3.0,-1,0.1,41,31.7,1.138,0.002,22,40.9,1.206,19,,,
1,all,pm,20,0,3.0,-1,0.25,53,30.2,1.033,-0.003,27,37.0,1.142,26,23.1,0.36,-0.149
1,all,pm,20,1,1.0,0,0.1,15,,,,11,,,11,,,
1,all,pm,20,1,1.0,0,0.25,22,45.5,0.716,-0.131,18,,,18,,,
1,all,pm,20,1,1.0,1,0.1,8,,,,6,,,4,,,
1,all,pm,20,1,1.0,1,0.25,13,,,,13,,,10,,,
1,all,pm,20,1,1.0,-1,0.1,7,,,,5,,,7,,,
1,all,pm,20,1,1.0,-1,0.25,9,,,,5,,,8,,,
1,all,pm,20,1,1.5,0,0.1,15,,,,11,,,11,,,
1,all,pm,20,1,1.5,0,0.25,22,36.4,0.548,-0.188,18,,,18,,,
1,all,pm,20,1,1.5,1,0.1,8,,,,6,,,4,,,
1,all,pm,20,1,1.5,1,0.25,13,,,,13,,,10,,,
1,all,pm,20,1,1.5,-1,0.1,7,,,,5,,,7,,,
1,all,pm,20,1,1.5,-1,0.25,9,,,,5,,,8,,,
1,all,pm,20,1,2.0,0,0.1,15,,,,11,,,11,,,
1,all,pm,20,1,2.0,0,0.25,22,31.8,0.584,-0.166,18,,,18,,,
1,all,pm,20,1,2.0,1,0.1,8,,,,6,,,4,,,
1,all,pm,20,1,2.0,1,0.25,13,,,,13,,,10,,,
1,all,pm,20,1,2.0,-1,0.1,7,,,,5,,,7,,,
1,all,pm,20,1,2.0,-1,0.25,9,,,,5,,,8,,,
1,all,pm,20,1,3.0,0,0.1,15,,,,11,,,11,,,
1,all,pm,20,1,3.0,0,0.25,22,22.7,0.453,-0.41,18,,,18,,,
1,all,pm,20,1,3.0,1,0.1,8,,,,6,,,4,,,
1,all,pm,20,1,3.0,1,0.25,13,,,,13,,,10,,,
1,all,pm,20,1,3.0,-1,0.1,7,,,,5,,,7,,,
1,all,pm,20,1,3.0,-1,0.25,9,,,,5,,,8,,,
1,all,pm,20,2,1.0,0,0.1,62,53.2,1.051,0.002,36,55.6,1.3,34,64.7,1.706,0.289
1,all,pm,20,2,1.0,0,0.25,76,52.6,1.039,-0.003,51,47.1,0.621,48,50.0,0.597,-0.009
1,all,pm,20,2,1.0,1,0.1,23,60.9,1.503,0.173,15,,,14,,,
1,all,pm,20,2,1.0,1,0.25,31,58.1,1.363,0.124,28,35.7,0.425,24,45.8,0.542,-0.103
1,all,pm,20,2,1.0,-1,0.1,39,48.7,0.808,-0.099,21,61.9,1.356,20,60.0,0.946,0.208
1,all,pm,20,2,1.0,-1,0.25,45,48.9,0.803,-0.089,23,60.9,1.464,24,54.2,0.721,0.086
1,all,pm,20,2,1.5,0,0.1,62,43.5,1.012,0.024,36,38.9,0.931,34,44.1,1.071,0.078
1,all,pm,20,2,1.5,0,0.25,76,44.7,1.183,0.062,51,35.3,0.59,48,35.4,0.522,-0.148
1,all,pm,20,2,1.5,1,0.1,23,47.8,1.262,0.149,15,,,14,,,
1,all,pm,20,2,1.5,1,0.25,31,48.4,1.49,0.171,28,28.6,0.516,24,33.3,0.613,-0.191
1,all,pm,20,2,1.5,-1,0.1,39,41.0,0.853,-0.05,21,42.9,0.672,20,40.0,0.429,-0.021
1,all,pm,20,2,1.5,-1,0.25,45,42.2,0.944,-0.014,23,43.5,0.796,24,37.5,0.36,-0.105
1,all,pm,20,2,2.0,0,0.1,62,33.9,0.848,-0.074,36,36.1,0.918,34,41.2,1.039,0.19
1,all,pm,20,2,2.0,0,0.25,76,34.2,0.883,-0.06,51,33.3,0.591,48,33.3,0.54,-0.058
1,all,pm,20,2,2.0,1,0.1,23,30.4,0.697,-0.198,15,,,14,,,
1,all,pm,20,2,2.0,1,0.25,31,32.3,0.894,-0.142,28,25.0,0.493,24,29.2,0.606,-0.122
1,all,pm,20,2,2.0,-1,0.1,39,35.9,0.968,-0.0,21,42.9,0.882,20,40.0,0.5,0.112
1,all,pm,20,2,2.0,-1,0.25,45,35.6,0.873,-0.004,23,43.5,0.869,24,37.5,0.418,0.006
1,all,pm,20,2,3.0,0,0.1,62,22.6,0.697,-0.296,36,27.8,0.899,34,29.4,0.777,0.046
1,all,pm,20,2,3.0,0,0.25,76,23.7,0.804,-0.242,51,27.5,0.635,48,25.0,0.486,-0.139
1,all,pm,20,2,3.0,1,0.1,23,21.7,0.736,-0.288,15,,,14,,,
1,all,pm,20,2,3.0,1,0.25,31,25.8,1.077,-0.144,28,17.9,0.496,24,16.7,0.492,-0.404
1,all,pm,20,2,3.0,-1,0.1,39,23.1,0.667,-0.301,21,38.1,1.052,20,35.0,0.565,0.256
1,all,pm,20,2,3.0,-1,0.25,45,22.2,0.581,-0.309,23,39.1,1.037,24,33.3,0.475,0.126
1,all,pm,20,3,1.0,0,0.1,68,57.4,1.372,0.092,39,48.7,0.905,33,54.5,1.064,0.057
1,all,pm,20,3,1.0,0,0.25,89,58.4,1.603,0.124,55,52.7,1.26,51,49.0,0.84,-0.059
1,all,pm,20,3,1.0,1,0.1,28,57.1,1.379,0.097,19,,,14,,,
1,all,pm,20,3,1.0,1,0.25,41,56.1,1.473,0.102,31,58.1,1.942,25,48.0,0.881,-0.063
1,all,pm,20,3,1.0,-1,0.1,40,57.5,1.366,0.088,20,50.0,0.737,19,,,
1,all,pm,20,3,1.0,-1,0.25,48,60.4,1.778,0.143,24,45.8,0.579,26,50.0,0.796,-0.055
1,all,pm,20,3,1.5,0,0.1,68,47.1,1.388,0.119,39,43.6,0.988,33,45.5,1.144,0.086
1,all,pm,20,3,1.5,0,0.25,89,47.2,1.38,0.128,55,43.6,1.054,51,37.3,0.689,-0.129
1,all,pm,20,3,1.5,1,0.1,28,42.9,1.133,0.024,19,,,14,,,
1,all,pm,20,3,1.5,1,0.25,41,43.9,1.498,0.076,31,45.2,1.532,25,28.0,0.632,-0.325
1,all,pm,20,3,1.5,-1,0.1,40,50.0,1.642,0.186,20,50.0,1.051,19,,,
1,all,pm,20,3,1.5,-1,0.25,48,50.0,1.25,0.173,24,41.7,0.489,26,46.2,0.759,0.06
1,all,pm,20,3,2.0,0,0.1,68,38.2,1.193,0.088,39,35.9,0.963,33,42.4,1.173,0.096
1,all,pm,20,3,2.0,0,0.25,89,40.4,1.268,0.109,55,38.2,1.179,51,35.3,0.713,-0.121
1,all,pm,20,3,2.0,1,0.1,28,32.1,0.937,-0.086,19,,,14,,,
1,all,pm,20,3,2.0,1,0.25,41,36.6,1.287,-0.025,31,41.9,1.898,25,28.0,0.735,-0.243
1,all,pm,20,3,2.0,-1,0.1,40,42.5,1.445,0.21,20,40.0,0.695,19,,,
1,all,pm,20,3,2.0,-1,0.25,48,43.8,1.248,0.224,24,33.3,0.334,26,42.3,0.686,-0.004
1,all,pm,20,3,3.0,0,0.1,68,27.9,1.048,-0.033,39,30.8,1.023,33,39.4,1.357,0.267
1,all,pm,20,3,3.0,0,0.25,89,29.2,0.861,-0.066,55,30.9,0.829,51,31.4,0.751,-0.037
1,all,pm,20,3,3.0,1,0.1,28,32.1,1.263,0.167,19,,,14,,,
1,all,pm,20,3,3.0,1,0.25,41,31.7,0.964,0.045,31,29.0,1.073,25,20.0,0.635,-0.259
1,all,pm,20,3,3.0,-1,0.1,40,25.0,0.885,-0.172,20,40.0,0.939,19,,,
1,all,pm,20,3,3.0,-1,0.25,48,27.1,0.756,-0.161,24,33.3,0.451,26,42.3,0.901,0.176
1,all,pm,40,0,1.0,0,0.1,68,52.9,1.23,0.008,34,44.1,0.845,29,44.8,0.93,-0.139
1,all,pm,40,0,1.0,0,0.25,100,53.0,1.187,0.029,58,39.7,0.645,53,32.1,0.478,-0.337
1,all,pm,40,0,1.0,1,0.1,27,55.6,1.627,0.069,12,,,10,,,
1,all,pm,40,0,1.0,1,0.25,42,54.8,1.418,0.062,31,32.3,0.559,26,30.8,0.51,-0.405
1,all,pm,40,0,1.0,-1,0.1,41,51.2,0.983,-0.033,22,50.0,0.975,19,,,
1,all,pm,40,0,1.0,-1,0.25,58,51.7,1.022,0.006,27,48.1,0.855,27,33.3,0.423,-0.272
1,all,pm,40,0,1.5,0,0.1,68,39.7,1.053,-0.061,34,35.3,0.601,29,31.0,0.456,-0.266
1,all,pm,40,0,1.5,0,0.25,100,42.0,1.155,0.009,58,31.0,0.562,53,22.6,0.346,-0.416
1,all,pm,40,0,1.5,1,0.1,27,37.0,1.128,-0.121,12,,,10,,,
1,all,pm,40,0,1.5,1,0.25,42,42.9,1.5,0.035,31,25.8,0.539,26,19.2,0.417,-0.517
1,all,pm,40,0,1.5,-1,0.1,41,41.5,0.994,-0.022,22,40.9,0.657,19,,,
1,all,pm,40,0,1.5,-1,0.25,58,41.4,0.913,-0.01,27,37.0,0.612,27,25.9,0.233,-0.319
1,all,pm,40,0,2.0,0,0.1,68,32.4,0.979,-0.124,34,32.4,0.726,29,31.0,0.597,-0.129
1,all,pm,40,0,2.0,0,0.25,100,34.0,0.944,-0.087,58,27.6,0.578,53,20.8,0.312,-0.393
1,all,pm,40,0,2.0,1,0.1,27,29.6,0.941,-0.213,12,,,10,,,
1,all,pm,40,0,2.0,1,0.25,42,33.3,1.026,-0.113,31,19.4,0.486,26,15.4,0.319,-0.585
1,all,pm,40,0,2.0,-1,0.1,41,34.1,1.01,-0.066,22,40.9,0.844,19,,,
1,all,pm,40,0,2.0,-1,0.25,58,34.5,0.881,-0.067,27,37.0,0.791,27,25.9,0.299,-0.208
1,all,pm,40,0,3.0,0,0.1,68,27.9,0.918,-0.144,34,32.4,1.057,29,27.6,0.791,-0.004
1,all,pm,40,0,3.0,0,0.25,100,31.0,1.06,-0.043,58,27.6,0.764,53,18.9,0.424,-0.306
1,all,pm,40,0,3.0,1,0.1,27,22.2,0.681,-0.365,12,,,10,,,
1,all,pm,40,0,3.0,1,0.25,42,28.6,1.042,-0.146,31,19.4,0.601,26,15.4,0.464,-0.47
1,all,pm,40,0,3.0,-1,0.1,41,31.7,1.138,0.002,22,40.9,1.206,19,,,
1,all,pm,40,0,3.0,-1,0.25,58,32.8,1.074,0.032,27,37.0,1.142,27,22.2,0.356,-0.149
1,all,pm,40,1,1.0,0,0.1,16,,,,11,,,13,,,
1,all,pm,40,1,1.0,0,0.25,25,48.0,0.778,-0.078,18,,,20,55.0,0.4,-0.018
1,all,pm,40,1,1.0,1,0.1,8,,,,6,,,5,,,
1,all,pm,40,1,1.0,1,0.25,14,,,,13,,,11,,,
1,all,pm,40,1,1.0,-1,0.1,8,,,,5,,,8,,,
1,all,pm,40,1,1.0,-1,0.25,11,,,,5,,,9,,,
1,all,pm,40,1,1.5,0,0.1,16,,,,11,,,13,,,
1,all,pm,40,1,1.5,0,0.25,25,40.0,0.674,-0.088,18,,,20,45.0,0.388,-0.074
1,all,pm,40,1,1.5,1,0.1,8,,,,6,,,5,,,
1,all,pm,40,1,1.5,1,0.25,14,,,,13,,,11,,,
1,all,pm,40,1,1.5,-1,0.1,8,,,,5,,,8,,,
1,all,pm,40,1,1.5,-1,0.25,11,,,,5,,,9,,,
1,all,pm,40,1,2.0,0,0.1,16,,,,11,,,13,,,
1,all,pm,40,1,2.0,0,0.25,25,36.0,0.71,-0.081,18,,,20,45.0,0.376,-0.013
1,all,pm,40,1,2.0,1,0.1,8,,,,6,,,5,,,
1,all,pm,40,1,2.0,1,0.25,14,,,,13,,,11,,,
1,all,pm,40,1,2.0,-1,0.1,8,,,,5,,,8,,,
1,all,pm,40,1,2.0,-1,0.25,11,,,,5,,,9,,,
1,all,pm,40,1,3.0,0,0.1,16,,,,11,,,13,,,
1,all,pm,40,1,3.0,0,0.25,25,28.0,0.544,-0.317,18,,,20,45.0,0.493,0.192
1,all,pm,40,1,3.0,1,0.1,8,,,,6,,,5,,,
1,all,pm,40,1,3.0,1,0.25,14,,,,13,,,11,,,
1,all,pm,40,1,3.0,-1,0.1,8,,,,5,,,8,,,
1,all,pm,40,1,3.0,-1,0.25,11,,,,5,,,9,,,
1,all,pm,40,2,1.0,0,0.1,63,54.0,1.114,0.017,36,55.6,1.3,35,62.9,1.584,0.251
1,all,pm,40,2,1.0,0,0.25,81,53.1,0.967,-0.003,51,47.1,0.621,50,50.0,0.592,-0.024
1,all,pm,40,2,1.0,1,0.1,23,60.9,1.503,0.173,15,,,15,,,
1,all,pm,40,2,1.0,1,0.25,32,56.2,1.158,0.088,28,35.7,0.425,25,44.0,0.524,-0.141
1,all,pm,40,2,1.0,-1,0.1,40,50.0,0.904,-0.072,21,61.9,1.356,20,60.0,0.946,0.208
1,all,pm,40,2,1.0,-1,0.25,49,51.0,0.828,-0.062,23,60.9,1.464,25,56.0,0.751,0.093
1,all,pm,40,2,1.5,0,0.1,63,44.4,1.088,0.047,36,38.9,0.931,35,42.9,1.022,0.046
1,all,pm,40,2,1.5,0,0.25,81,45.7,1.138,0.069,51,35.3,0.59,50,36.0,0.519,-0.157
1,all,pm,40,2,1.5,1,0.1,23,47.8,1.262,0.149,15,,,15,,,
1,all,pm,40,2,1.5,1,0.25,32,46.9,1.298,0.133,28,28.6,0.516,25,32.0,0.594,-0.225
1,all,pm,40,2,1.5,-1,0.1,40,42.5,0.978,-0.012,21,42.9,0.672,20,40.0,0.429,-0.021
1,all,pm,40,2,1.5,-1,0.25,49,44.9,1.014,0.028,23,43.5,0.796,25,40.0,0.381,-0.09
1,all,pm,40,2,2.0,0,0.1,63,34.9,0.936,-0.041,36,36.1,0.918,35,40.0,0.994,0.155
1,all,pm,40,2,2.0,0,0.25,81,35.8,0.868,-0.046,51,33.3,0.591,50,34.0,0.536,-0.071
1,all,pm,40,2,2.0,1,0.1,23,30.4,0.697,-0.198,15,,,15,,,
1,all,pm,40,2,2.0,1,0.25,32,31.2,0.804,-0.169,28,25.0,0.493,25,28.0,0.588,-0.159
1,all,pm,40,2,2.0,-1,0.1,40,37.5,1.124,0.049,21,42.9,0.882,20,40.0,0.5,0.112
1,all,pm,40,2,2.0,-1,0.25,49,38.8,0.924,0.034,23,43.5,0.869,25,40.0,0.439,0.016
1,all,pm,40,2,3.0,0,0.1,63,23.8,0.814,-0.244,36,27.8,0.899,35,28.6,0.748,0.015
1,all,pm,40,2,3.0,0,0.25,81,25.9,0.822,-0.204,51,27.5,0.635,50,26.0,0.484,-0.149
1,all,pm,40,2,3.0,1,0.1,23,21.7,0.736,-0.288,15,,,15,,,
1,all,pm,40,2,3.0,1,0.25,32,25.0,0.974,-0.171,28,17.9,0.496,25,16.0,0.479,-0.43
1,all,pm,40,2,3.0,-1,0.1,40,25.0,0.871,-0.219,21,38.1,1.052,20,35.0,0.565,0.256
1,all,pm,40,2,3.0,-1,0.25,49,26.5,0.698,-0.226,23,39.1,1.037,25,36.0,0.496,0.132
1,all,pm,40,3,1.0,0,0.1,71,57.7,1.401,0.101,40,50.0,0.982,33,54.5,1.064,0.057
1,all,pm,40,3,1.0,0,0.25,92,58.7,1.615,0.13,56,53.6,1.305,52,48.1,0.828,-0.066
1,all,pm,40,3,1.0,1,0.1,29,58.6,1.496,0.128,19,,,14,,,
1,all,pm,40,3,1.0,1,0.25,42,57.1,1.53,0.123,31,58.1,1.942,26,46.2,0.856,-0.078
1,all,pm,40,3,1.0,-1,0.1,42,57.1,1.329,0.082,21,52.4,0.904,19,,,
1,all,pm,40,3,1.0,-1,0.25,50,60.0,1.721,0.136,25,48.0,0.671,26,50.0,0.796,-0.055
1,all,pm,40,3,1.5,0,0.1,71,47.9,1.45,0.141,40,45.0,1.089,33,45.5,1.144,0.086
1,all,pm,40,3,1.5,0,0.25,92,47.8,1.415,0.145,56,44.6,1.107,52,36.5,0.68,-0.135
1,all,pm,40,3,1.5,1,0.1,29,44.8,1.262,0.074,19,,,14,,,
1,all,pm,40,3,1.5,1,0.25,42,45.2,1.566,0.109,31,45.2,1.532,26,26.9,0.619,-0.33
1,all,pm,40,3,1.5,-1,0.1,42,50.0,1.623,0.188,21,52.4,1.3,19,,,
1,all,pm,40,3,1.5,-1,0.25,50,50.0,1.256,0.175,25,44.0,0.605,26,46.2,0.759,0.06
1,all,pm,40,3,2.0,0,0.1,71,38.0,1.173,0.083,40,37.5,1.091,33,42.4,1.173,0.096
1,all,pm,40,3,2.0,0,0.25,92,40.2,1.252,0.105,56,39.3,1.248,52,34.6,0.704,-0.127
1,all,pm,40,3,2.0,1,0.1,29,31.0,0.872,-0.118,19,,,14,,,
1,all,pm,40,3,2.0,1,0.25,42,35.7,1.234,-0.049,31,41.9,1.898,26,26.9,0.719,-0.251
1,all,pm,40,3,2.0,-1,0.1,42,42.9,1.471,0.222,21,42.9,1.008,19,,,
1,all,pm,40,3,2.0,-1,0.25,50,44.0,1.272,0.234,25,36.0,0.484,26,42.3,0.686,-0.004
1,all,pm,40,3,3.0,0,0.1,71,28.2,1.063,-0.019,40,32.5,1.145,33,39.4,1.357,0.267
1,all,pm,40,3,3.0,0,0.25,92,29.3,0.876,-0.054,56,32.1,0.887,52,30.8,0.743,-0.045
1,all,pm,40,3,3.0,1,0.1,29,31.0,1.175,0.125,19,,,14,,,
1,all,pm,40,3,3.0,1,0.25,42,31.0,0.93,0.019,31,29.0,1.073,26,19.2,0.622,-0.266
1,all,pm,40,3,3.0,-1,0.1,42,26.2,0.977,-0.118,21,42.9,1.249,19,,,
1,all,pm,40,3,3.0,-1,0.25,50,28.0,0.822,-0.116,25,36.0,0.6,26,42.3,0.901,0.176
1,pd_on,nyam,10,0,1.0,0,0.1,351,44.4,0.751,-0.149,262,51.9,1.037,240,50.0,0.936,-0.008
1,pd_on,nyam,10,0,1.0,0,0.25,819,47.0,0.926,-0.088,574,52.6,1.089,533,52.3,1.081,0.035
1,pd_on,nyam,10,0,1.0,1,0.1,137,45.3,0.797,-0.13,109,54.1,1.078,94,47.9,0.896,-0.044
1,pd_on,nyam,10,0,1.0,1,0.25,360,47.5,0.958,-0.077,276,51.8,0.981,237,48.5,0.889,-0.038
1,pd_on,nyam,10,0,1.0,-1,0.1,214,43.9,0.717,-0.162,153,50.3,1.004,146,51.4,0.969,0.016
1,pd_on,nyam,10,0,1.0,-1,0.25,460,46.5,0.896,-0.099,299,53.5,1.215,296,55.4,1.285,0.093
1,pd_on,nyam,10,0,1.5,0,0.1,351,33.9,0.735,-0.196,262,39.3,0.922,240,40.4,0.918,-0.013
1,pd_on,nyam,10,0,1.5,0,0.25,813,38.0,0.967,-0.081,572,42.0,1.101,531,42.6,1.09,0.044
1,pd_on,nyam,10,0,1.5,1,0.1,137,32.8,0.721,-0.217,109,44.0,1.087,94,38.3,0.852,-0.06
1,pd_on,nyam,10,0,1.5,1,0.25,360,36.9,0.953,-0.11,276,40.9,0.984,237,38.4,0.895,-0.058
1,pd_on,nyam,10,0,1.5,-1,0.1,214,34.6,0.746,-0.182,153,35.9,0.801,146,41.8,0.974,0.017
1,pd_on,nyam,10,0,1.5,-1,0.25,458,38.4,0.964,-0.069,299,42.8,1.224,296,45.9,1.281,0.124
1,pd_on,nyam,10,0,2.0,0,0.1,351,28.5,0.756,-0.191,261,34.1,0.943,240,33.3,0.873,-0.04
1,pd_on,nyam,10,0,2.0,0,0.25,809,32.9,1.01,-0.054,567,35.8,1.079,527,35.9,1.032,0.027
1,pd_on,nyam,10,0,2.0,1,0.1,137,27.7,0.781,-0.207,109,40.4,1.229,94,33.0,0.899,-0.059
1,pd_on,nyam,10,0,2.0,1,0.25,360,32.2,1.01,-0.078,276,36.6,0.998,237,33.3,0.884,-0.056
1,pd_on,nyam,10,0,2.0,-1,0.1,214,29.0,0.736,-0.181,153,29.4,0.733,146,33.6,0.853,-0.028
1,pd_on,nyam,10,0,2.0,-1,0.25,458,33.0,0.99,-0.049,299,35.1,1.155,295,37.6,1.154,0.079
1,pd_on,nyam,10,0,3.0,0,0.1,351,20.2,0.695,-0.242,261,27.6,0.952,239,28.5,1.033,0.063
1,pd_on,nyam,10,0,3.0,0,0.25,797,25.8,1.037,-0.044,554,30.1,1.074,516,30.4,1.062,0.079
1,pd_on,nyam,10,0,3.0,1,0.1,137,15.3,0.538,-0.437,109,31.2,1.121,94,26.6,0.942,-0.01
1,pd_on,nyam,10,0,3.0,1,0.25,360,24.4,1.009,-0.121,276,28.6,0.843,237,26.6,0.776,-0.094
1,pd_on,nyam,10,0,3.0,-1,0.1,214,23.4,0.826,-0.117,153,24.8,0.811,145,29.7,1.108,0.11
1,pd_on,nyam,10,0,3.0,-1,0.25,457,26.7,1.046,0.007,299,30.4,1.256,294,33.3,1.306,0.2
1,pd_on,nyam,10,1,1.0,0,0.1,87,51.7,0.927,-0.006,59,59.3,1.592,45,64.4,1.561,0.273
1,pd_on,nyam,10,1,1.0,0,0.25,155,57.4,1.322,0.117,108,53.7,1.133,81,54.3,0.93,0.071
1,pd_on,nyam,10,1,1.0,1,0.1,27,40.7,0.674,-0.222,22,63.6,1.935,16,,,
1,pd_on,nyam,10,1,1.0,1,0.25,66,57.6,1.398,0.125,45,57.8,1.473,32,56.2,1.123,0.113
1,pd_on,nyam,10,1,1.0,-1,0.1,60,56.7,1.088,0.091,37,56.8,1.373,29,65.5,1.597,0.29
1,pd_on,nyam,10,1,1.0,-1,0.25,89,57.3,1.261,0.111,63,50.8,0.907,49,53.1,0.826,0.043
1,pd_on,nyam,10,1,1.5,0,0.1,87,42.5,1.016,0.021,59,50.8,1.729,45,55.6,1.611,0.355
1,pd_on,nyam,10,1,1.5,0,0.25,155,46.5,1.271,0.122,108,45.4,1.202,81,44.4,0.895,0.096
1,pd_on,nyam,10,1,1.5,1,0.1,27,25.9,0.59,-0.392,22,63.6,2.735,16,,,
1,pd_on,nyam,10,1,1.5,1,0.25,66,42.4,1.183,0.017,45,55.6,1.854,32,53.1,1.451,0.307
1,pd_on,nyam,10,1,1.5,-1,0.1,60,50.0,1.309,0.207,37,43.2,1.24,29,51.7,1.334,0.254
1,pd_on,nyam,10,1,1.5,-1,0.25,89,49.4,1.352,0.2,63,38.1,0.807,49,38.8,0.633,-0.043
1,pd_on,nyam,10,1,2.0,0,0.1,87,35.6,0.946,0.026,59,44.1,1.743,45,46.7,1.499,0.338
1,pd_on,nyam,10,1,2.0,0,0.25,155,39.4,1.251,0.135,107,40.2,1.278,81,37.0,0.893,0.08
1,pd_on,nyam,10,1,2.0,1,0.1,27,18.5,0.362,-0.485,22,59.1,2.963,16,,,
1,pd_on,nyam,10,1,2.0,1,0.25,66,33.3,0.989,-0.033,45,51.1,2.052,32,46.9,1.607,0.385
1,pd_on,nyam,10,1,2.0,-1,0.1,60,43.3,1.37,0.256,37,35.1,1.179,29,41.4,1.133,0.159
1,pd_on,nyam,10,1,2.0,-1,0.25,89,43.8,1.514,0.259,63,31.7,0.764,49,30.6,0.558,-0.12
1,pd_on,nyam,10,1,3.0,0,0.1,87,26.4,1.046,0.012,59,35.6,1.826,45,40.0,1.709,0.515
1,pd_on,nyam,10,1,3.0,0,0.25,155,31.6,1.37,0.174,107,33.6,1.368,81,33.3,1.012,0.205
1,pd_on,nyam,10,1,3.0,1,0.1,27,18.5,0.546,-0.3,22,45.5,2.719,16,,,
1,pd_on,nyam,10,1,3.0,1,0.25,66,28.8,1.118,0.074,45,42.2,2.229,32,40.6,1.727,0.468
1,pd_on,nyam,10,1,3.0,-1,0.1,60,30.0,1.357,0.152,37,29.7,1.34,29,37.9,1.343,0.4
1,pd_on,nyam,10,1,3.0,-1,0.25,89,33.7,1.61,0.248,63,27.0,0.784,49,28.6,0.664,0.034
1,pd_on,nyam,10,2,1.0,0,0.1,422,51.2,0.952,-0.006,285,56.5,1.121,264,54.5,1.027,0.072
1,pd_on,nyam,10,2,1.0,0,0.25,690,50.0,0.956,-0.027,484,54.8,1.06,453,54.7,1.099,0.079
1,pd_on,nyam,10,2,1.0,1,0.1,169,49.7,0.932,-0.041,124,56.5,1.056,108,50.9,0.927,-0.001
1,pd_on,nyam,10,2,1.0,1,0.25,307,49.5,0.985,-0.041,237,54.9,1.11,206,53.9,1.173,0.062
1,pd_on,nyam,10,2,1.0,-1,0.1,253,52.2,0.968,0.017,163,55.8,1.147,156,57.1,1.115,0.122
1,pd_on,nyam,10,2,1.0,-1,0.25,387,50.6,0.937,-0.012,251,54.2,1.009,250,55.6,1.049,0.095
1,pd_on,nyam,10,2,1.5,0,0.1,422,39.6,0.893,-0.053,285,45.6,1.086,264,44.3,1.016,0.077
1,pd_on,nyam,10,2,1.5,0,0.25,689,39.3,0.972,-0.053,483,45.1,1.125,453,45.5,1.17,0.111
1,pd_on,nyam,10,2,1.5,1,0.1,169,37.9,0.807,-0.098,124,46.0,1.069,108,41.7,0.916,0.013
1,pd_on,nyam,10,2,1.5,1,0.25,307,38.1,0.951,-0.082,237,46.0,1.209,206,44.7,1.221,0.097
1,pd_on,nyam,10,2,1.5,-1,0.1,253,40.7,0.966,-0.023,163,44.8,1.075,156,46.2,1.103,0.121
1,pd_on,nyam,10,2,1.5,-1,0.25,387,40.6,0.993,-0.023,251,43.8,1.037,250,46.0,1.122,0.118
1,pd_on,nyam,10,2,2.0,0,0.1,422,31.8,0.86,-0.095,285,38.6,1.136,264,38.6,1.084,0.123
1,pd_on,nyam,10,2,2.0,0,0.25,687,32.9,0.974,-0.061,482,37.6,1.102,452,37.8,1.088,0.094
1,pd_on,nyam,10,2,2.0,1,0.1,169,29.6,0.734,-0.159,124,41.1,1.226,108,37.0,1.047,0.077
1,pd_on,nyam,10,2,2.0,1,0.25,307,30.9,0.936,-0.113,237,38.8,1.167,206,38.3,1.236,0.113
1,pd_on,nyam,10,2,2.0,-1,0.1,253,33.2,0.969,-0.053,163,36.2,1.042,156,39.7,1.114,0.155
1,pd_on,nyam,10,2,2.0,-1,0.25,387,34.1,0.995,-0.03,251,35.9,1.024,250,37.2,0.958,0.073
1,pd_on,nyam,10,2,3.0,0,0.1,422,24.6,0.886,-0.07,285,30.2,1.171,264,31.1,1.139,0.193
1,pd_on,nyam,10,2,3.0,0,0.25,684,26.8,1.059,-0.005,479,29.4,1.068,451,31.0,1.118,0.142
1,pd_on,nyam,10,2,3.0,1,0.1,169,22.5,0.751,-0.155,124,30.6,1.221,108,28.7,1.045,0.086
1,pd_on,nyam,10,2,3.0,1,0.25,307,24.8,0.967,-0.081,237,30.0,1.023,206,30.6,1.138,0.093
1,pd_on,nyam,10,2,3.0,-1,0.1,253,26.1,1.002,-0.014,163,29.4,1.109,156,32.7,1.216,0.267
1,pd_on,nyam,10,2,3.0,-1,0.25,387,28.2,1.131,0.05,251,28.3,1.071,250,31.2,1.072,0.175
1,pd_on,nyam,10,3,1.0,0,0.1,482,47.3,0.821,-0.09,298,49.3,0.941,257,52.5,1.079,0.035
1,pd_on,nyam,10,3,1.0,0,0.25,788,47.5,0.879,-0.081,526,48.5,0.904,498,50.4,0.946,-0.007
1,pd_on,nyam,10,3,1.0,1,0.1,213,46.5,0.803,-0.101,122,50.0,0.962,103,55.3,1.174,0.092
1,pd_on,nyam,10,3,1.0,1,0.25,371,48.2,0.909,-0.062,266,47.4,0.853,233,48.9,0.851,-0.036
1,pd_on,nyam,10,3,1.0,-1,0.1,269,48.0,0.838,-0.081,179,48.0,0.889,155,50.3,0.996,-0.01
1,pd_on,nyam,10,3,1.0,-1,0.25,425,47.5,0.879,-0.083,266,49.2,0.973,270,51.5,1.045,0.015
1,pd_on,nyam,10,3,1.5,0,0.1,482,38.2,0.851,-0.089,297,40.4,0.96,257,43.2,1.138,0.055
1,pd_on,nyam,10,3,1.5,0,0.25,788,39.0,0.938,-0.061,525,38.9,0.873,498,41.0,0.957,0.001
1,pd_on,nyam,10,3,1.5,1,0.1,213,38.0,0.821,-0.09,122,44.3,1.088,103,44.7,1.192,0.095
1,pd_on,nyam,10,3,1.5,1,0.25,371,40.7,1.003,-0.015,266,38.3,0.787,233,39.5,0.852,-0.042
1,pd_on,nyam,10,3,1.5,-1,0.1,269,38.3,0.879,-0.087,179,37.4,0.85,155,41.9,1.083,0.022
1,pd_on,nyam,10,3,1.5,-1,0.25,425,38.1,0.91,-0.084,266,39.1,0.98,270,41.9,1.055,0.028
1,pd_on,nyam,10,3,2.0,0,0.1,482,32.2,0.885,-0.08,297,33.3,0.945,257,37.7,1.19,0.092
1,pd_on,nyam,10,3,2.0,0,0.25,787,33.0,0.978,-0.045,525,32.8,0.903,497,35.6,0.983,0.029
1,pd_on,nyam,10,3,2.0,1,0.1,213,31.9,0.845,-0.084,122,37.7,1.089,103,39.8,1.283,0.167
1,pd_on,nyam,10,3,2.0,1,0.25,371,34.5,1.046,0.001,266,33.8,0.86,233,34.8,0.887,0.005
1,pd_on,nyam,10,3,2.0,-1,0.1,269,32.3,0.923,-0.077,179,30.2,0.829,155,36.1,1.108,0.034
1,pd_on,nyam,10,3,2.0,-1,0.25,424,32.3,0.944,-0.069,266,31.6,0.961,270,35.9,1.072,0.037
1,pd_on,nyam,10,3,3.0,0,0.1,479,24.2,0.885,-0.082,297,25.3,0.922,257,29.2,1.152,0.119
1,pd_on,nyam,10,3,3.0,0,0.25,782,25.4,1.003,-0.031,521,24.8,0.84,492,27.4,0.921,0.028
1,pd_on,nyam,10,3,3.0,1,0.1,213,24.4,0.852,-0.066,122,29.5,1.074,103,27.2,0.987,0.063
1,pd_on,nyam,10,3,3.0,1,0.25,371,27.5,1.103,0.054,266,27.1,0.845,233,25.3,0.776,-0.064
1,pd_on,nyam,10,3,3.0,-1,0.1,268,23.9,0.906,-0.101,179,22.3,0.807,155,30.3,1.276,0.149
1,pd_on,nyam,10,3,3.0,-1,0.25,423,24.1,0.942,-0.087,266,22.2,0.814,270,28.5,1.032,0.072
1,pd_on,nyam,20,0,1.0,0,0.1,376,44.7,0.755,-0.145,289,51.6,1.052,260,50.0,0.953,-0.009
1,pd_on,nyam,20,0,1.0,0,0.25,921,46.7,0.909,-0.094,630,52.2,1.069,587,52.3,1.058,0.033
1,pd_on,nyam,20,0,1.0,1,0.1,146,44.5,0.782,-0.145,119,52.9,1.059,101,48.5,0.934,-0.033
1,pd_on,nyam,20,0,1.0,1,0.25,404,45.5,0.879,-0.115,301,51.2,0.96,263,48.3,0.864,-0.043
1,pd_on,nyam,20,0,1.0,-1,0.1,230,44.8,0.735,-0.145,170,50.6,1.046,159,50.9,0.968,0.005
1,pd_on,nyam,20,0,1.0,-1,0.25,518,47.5,0.935,-0.079,330,53.3,1.195,325,55.4,1.275,0.09
1,pd_on,nyam,20,0,1.5,0,0.1,376,34.6,0.752,-0.179,289,39.8,0.972,260,41.2,0.968,0.005
1,pd_on,nyam,20,0,1.5,0,0.25,915,37.9,0.963,-0.081,628,41.9,1.078,585,42.7,1.073,0.046
1,pd_on,nyam,20,0,1.5,1,0.1,146,32.2,0.706,-0.233,119,43.7,1.103,101,39.6,0.922,-0.027
1,pd_on,nyam,20,0,1.5,1,0.25,404,35.6,0.899,-0.141,301,40.9,0.971,263,38.8,0.887,-0.051
1,pd_on,nyam,20,0,1.5,-1,0.1,230,36.1,0.789,-0.144,170,37.1,0.874,159,42.1,1.006,0.025
1,pd_on,nyam,20,0,1.5,-1,0.25,516,39.3,1.01,-0.044,330,42.7,1.191,325,45.8,1.264,0.118
1,pd_on,nyam,20,0,2.0,0,0.1,376,29.3,0.775,-0.168,288,34.4,0.981,260,33.5,0.898,-0.036
1,pd_on,nyam,20,0,2.0,0,0.25,910,32.9,1.005,-0.053,622,35.9,1.065,580,35.7,1.007,0.018
1,pd_on,nyam,20,0,2.0,1,0.1,146,27.4,0.774,-0.217,119,40.3,1.266,101,33.7,0.924,-0.037
1,pd_on,nyam,20,0,2.0,1,0.25,404,31.4,0.975,-0.102,301,36.5,0.997,263,33.5,0.87,-0.055
1,pd_on,nyam,20,0,2.0,-1,0.1,230,30.4,0.777,-0.137,170,30.0,0.774,159,33.3,0.878,-0.035
1,pd_on,nyam,20,0,2.0,-1,0.25,516,33.5,1.015,-0.028,330,35.2,1.126,324,37.0,1.123,0.058
1,pd_on,nyam,20,0,3.0,0,0.1,376,20.7,0.694,-0.221,287,26.8,0.949,259,29.0,1.087,0.086
1,pd_on,nyam,20,0,3.0,0,0.25,897,25.6,1.014,-0.049,606,29.9,1.053,566,30.6,1.054,0.079
1,pd_on,nyam,20,0,3.0,1,0.1,146,15.1,0.523,-0.447,119,30.3,1.108,101,27.7,1.0,0.038
1,pd_on,nyam,20,0,3.0,1,0.25,404,23.8,0.948,-0.147,301,28.6,0.848,263,27.4,0.801,-0.069
1,pd_on,nyam,20,0,3.0,-1,0.1,230,24.3,0.836,-0.077,170,24.1,0.81,158,29.7,1.156,0.116
1,pd_on,nyam,20,0,3.0,-1,0.25,515,27.0,1.072,0.021,330,29.7,1.198,323,32.5,1.257,0.165
1,pd_on,nyam,20,1,1.0,0,0.1,104,50.0,0.896,-0.041,65,61.5,1.672,53,67.9,1.739,0.341
1,pd_on,nyam,20,1,1.0,0,0.25,206,53.4,1.098,0.038,134,56.7,1.253,111,56.8,1.11,0.114
1,pd_on,nyam,20,1,1.0,1,0.1,34,38.2,0.637,-0.273,24,66.7,2.091,19,,,
1,pd_on,nyam,20,1,1.0,1,0.25,94,48.9,0.879,-0.047,61,62.3,1.721,51,56.9,1.242,0.111
1,pd_on,nyam,20,1,1.0,-1,0.1,70,55.7,1.073,0.072,41,58.5,1.428,34,70.6,2.042,0.391
1,pd_on,nyam,20,1,1.0,-1,0.25,112,57.1,1.377,0.109,73,52.1,0.918,60,56.7,0.996,0.115
1,pd_on,nyam,20,1,1.5,0,0.1,104,41.3,0.991,-0.009,65,52.3,1.776,53,58.5,1.798,0.415
1,pd_on,nyam,20,1,1.5,0,0.25,206,43.2,1.101,0.044,134,47.0,1.293,111,45.9,1.009,0.117
1,pd_on,nyam,20,1,1.5,1,0.1,34,26.5,0.619,-0.378,24,66.7,2.973,19,,,
1,pd_on,nyam,20,1,1.5,1,0.25,94,36.2,0.816,-0.134,61,57.4,1.99,51,49.0,1.165,0.187
1,pd_on,nyam,20,1,1.5,-1,0.1,70,48.6,1.252,0.171,41,43.9,1.248,34,55.9,1.672,0.337
1,pd_on,nyam,20,1,1.5,-1,0.25,112,49.1,1.472,0.193,73,38.4,0.813,60,43.3,0.871,0.057
1,pd_on,nyam,20,1,2.0,0,0.1,104,34.6,0.923,-0.005,65,46.2,1.821,53,49.1,1.613,0.391
1,pd_on,nyam,20,1,2.0,0,0.25,205,36.6,1.088,0.056,133,40.6,1.2,111,38.7,0.938,0.11
1,pd_on,nyam,20,1,2.0,1,0.1,34,17.6,0.36,-0.512,24,62.5,3.253,19,,,
1,pd_on,nyam,20,1,2.0,1,0.25,94,28.7,0.748,-0.169,61,49.2,1.638,51,43.1,1.069,0.246
1,pd_on,nyam,20,1,2.0,-1,0.1,70,42.9,1.357,0.241,41,36.6,1.213,34,44.1,1.304,0.212
1,pd_on,nyam,20,1,2.0,-1,0.25,112,43.8,1.554,0.262,73,32.9,0.808,60,35.0,0.817,-0.006
1,pd_on,nyam,20,1,3.0,0,0.1,104,25.0,0.958,-0.046,65,35.4,1.712,53,37.7,1.498,0.39
1,pd_on,nyam,20,1,3.0,0,0.25,205,29.8,1.203,0.09,133,33.8,1.266,111,33.3,1.025,0.161
1,pd_on,nyam,20,1,3.0,1,0.1,34,17.6,0.542,-0.335,24,45.8,2.632,19,,,
1,pd_on,nyam,20,1,3.0,1,0.25,94,25.5,0.826,-0.094,61,41.0,1.746,51,37.3,1.141,0.27
1,pd_on,nyam,20,1,3.0,-1,0.1,70,28.6,1.225,0.095,41,29.3,1.232,34,35.3,1.161,0.24
1,pd_on,nyam,20,1,3.0,-1,0.25,112,33.9,1.687,0.27,73,27.4,0.837,60,30.0,0.918,0.069
1,pd_on,nyam,20,2,1.0,0,0.1,454,51.1,0.943,-0.001,308,56.5,1.144,283,54.4,1.04,0.068
1,pd_on,nyam,20,2,1.0,0,0.25,793,49.7,0.941,-0.029,534,54.5,1.063,503,54.1,1.066,0.064
1,pd_on,nyam,20,2,1.0,1,0.1,183,49.7,0.926,-0.022,133,57.1,1.111,115,51.3,0.948,0.006
1,pd_on,nyam,20,2,1.0,1,0.25,356,48.0,0.892,-0.059,262,54.6,1.096,231,52.8,1.094,0.041
1,pd_on,nyam,20,2,1.0,-1,0.1,271,52.0,0.956,0.013,177,55.4,1.143,168,56.5,1.12,0.111
1,pd_on,nyam,20,2,1.0,-1,0.25,441,51.2,0.998,0.0,276,54.0,1.027,275,55.3,1.052,0.086
1,pd_on,nyam,20,2,1.5,0,0.1,454,39.4,0.888,-0.05,308,46.1,1.12,283,44.9,1.058,0.09
1,pd_on,nyam,20,2,1.5,0,0.25,792,39.3,0.973,-0.05,533,45.2,1.097,503,45.5,1.158,0.11
1,pd_on,nyam,20,2,1.5,1,0.1,183,37.2,0.785,-0.099,133,46.6,1.111,115,42.6,0.961,0.036
1,pd_on,nyam,20,2,1.5,1,0.25,356,36.8,0.876,-0.105,262,45.8,1.144,231,44.6,1.202,0.094
1,pd_on,nyam,20,2,1.5,-1,0.1,271,41.0,0.976,-0.016,177,45.2,1.104,168,46.4,1.14,0.128
1,pd_on,nyam,20,2,1.5,-1,0.25,441,41.5,1.076,0.001,276,44.2,1.042,275,46.2,1.114,0.119
1,pd_on,nyam,20,2,2.0,0,0.1,454,32.2,0.877,-0.077,308,39.3,1.171,283,38.9,1.111,0.13
1,pd_on,nyam,20,2,2.0,0,0.25,790,32.9,0.968,-0.057,531,37.7,1.052,501,37.7,1.049,0.088
1,pd_on,nyam,20,2,2.0,1,0.1,183,29.5,0.728,-0.148,133,42.1,1.288,115,37.4,1.078,0.088
1,pd_on,nyam,20,2,2.0,1,0.25,356,30.3,0.88,-0.124,262,38.5,1.087,231,37.7,1.136,0.091
1,pd_on,nyam,20,2,2.0,-1,0.1,271,33.9,1.004,-0.03,177,36.7,1.059,168,39.9,1.137,0.159
1,pd_on,nyam,20,2,2.0,-1,0.25,441,34.7,1.044,-0.012,276,36.2,1.002,275,37.5,0.96,0.076
1,pd_on,nyam,20,2,3.0,0,0.1,454,24.9,0.897,-0.056,308,29.9,1.148,283,30.4,1.107,0.167
1,pd_on,nyam,20,2,3.0,0,0.25,787,26.7,1.02,-0.014,527,29.4,1.012,499,30.5,1.026,0.105
1,pd_on,nyam,20,2,3.0,1,0.1,183,22.4,0.738,-0.15,133,28.6,1.12,115,27.8,0.994,0.053
1,pd_on,nyam,20,2,3.0,1,0.25,356,24.2,0.867,-0.109,262,28.6,0.92,231,29.4,0.988,0.038
1,pd_on,nyam,20,2,3.0,-1,0.1,271,26.6,1.031,0.007,177,30.5,1.153,168,32.1,1.2,0.244
1,pd_on,nyam,20,2,3.0,-1,0.25,441,28.6,1.164,0.058,276,29.3,1.072,275,30.9,1.033,0.147
1,pd_on,nyam,20,3,1.0,0,0.1,519,48.0,0.844,-0.077,324,47.5,0.882,279,52.0,1.056,0.023
1,pd_on,nyam,20,3,1.0,0,0.25,863,48.4,0.921,-0.061,572,47.9,0.899,548,50.5,0.965,-0.005
1,pd_on,nyam,20,3,1.0,1,0.1,224,46.0,0.781,-0.111,131,49.6,0.965,109,56.0,1.219,0.104
1,pd_on,nyam,20,3,1.0,1,0.25,398,48.0,0.895,-0.067,287,48.1,0.895,252,49.6,0.877,-0.023
1,pd_on,nyam,20,3,1.0,-1,0.1,295,49.5,0.905,-0.051,196,45.4,0.796,171,49.1,0.937,-0.036
1,pd_on,nyam,20,3,1.0,-1,0.25,473,49.5,0.975,-0.044,291,47.4,0.909,301,51.2,1.054,0.007
1,pd_on,nyam,20,3,1.5,0,0.1,519,38.7,0.874,-0.075,323,38.7,0.907,279,42.3,1.103,0.032
1,pd_on,nyam,20,3,1.5,0,0.25,863,39.6,0.972,-0.044,571,38.7,0.889,548,40.9,0.964,-0.005
1,pd_on,nyam,20,3,1.5,1,0.1,224,37.1,0.784,-0.115,131,44.3,1.111,109,45.0,1.226,0.102
1,pd_on,nyam,20,3,1.5,1,0.25,398,39.9,0.971,-0.034,287,39.7,0.853,252,40.1,0.868,-0.032
1,pd_on,nyam,20,3,1.5,-1,0.1,295,40.0,0.962,-0.045,196,34.7,0.761,171,40.4,1.007,-0.019
1,pd_on,nyam,20,3,1.5,-1,0.25,473,40.0,1.003,-0.037,291,37.5,0.93,301,41.2,1.048,0.01
1,pd_on,nyam,20,3,2.0,0,0.1,519,32.6,0.902,-0.068,323,32.2,0.912,279,37.3,1.173,0.078
1,pd_on,nyam,20,3,2.0,0,0.25,861,33.8,1.024,-0.021,571,32.9,0.926,547,35.6,0.994,0.025
1,pd_on,nyam,20,3,2.0,1,0.1,224,30.8,0.802,-0.118,131,38.2,1.134,109,40.4,1.336,0.184
1,pd_on,nyam,20,3,2.0,1,0.25,398,33.7,1.015,-0.021,287,35.2,0.924,252,34.9,0.892,0.004
1,pd_on,nyam,20,3,2.0,-1,0.1,295,33.9,0.999,-0.03,196,28.1,0.755,171,35.1,1.051,0.004
1,pd_on,nyam,20,3,2.0,-1,0.25,472,34.3,1.058,-0.008,291,30.6,0.933,301,35.9,1.088,0.032
1,pd_on,nyam,20,3,3.0,0,0.1,516,24.4,0.909,-0.074,322,23.9,0.866,278,29.1,1.168,0.118
1,pd_on,nyam,20,3,3.0,0,0.25,852,25.9,1.053,-0.011,565,24.8,0.859,539,28.0,0.956,0.036
1,pd_on,nyam,20,3,3.0,1,0.1,224,23.7,0.815,-0.098,131,29.0,1.073,109,28.4,1.079,0.113
1,pd_on,nyam,20,3,3.0,1,0.25,398,26.9,1.064,0.025,287,27.5,0.877,252,26.2,0.809,-0.048
1,pd_on,nyam,20,3,3.0,-1,0.1,294,24.8,0.989,-0.063,196,20.4,0.716,171,29.2,1.217,0.108
1,pd_on,nyam,20,3,3.0,-1,0.25,471,25.3,1.053,-0.036,291,21.6,0.813,301,28.6,1.055,0.064
1,pd_on,nyam,40,0,1.0,0,0.1,392,44.9,0.767,-0.141,298,52.0,1.065,268,49.6,0.937,-0.018
1,pd_on,nyam,40,0,1.0,0,0.25,951,46.7,0.902,-0.094,654,52.1,1.045,610,51.5,1.004,0.017
1,pd_on,nyam,40,0,1.0,1,0.1,150,44.7,0.786,-0.142,126,54.0,1.083,106,48.1,0.923,-0.042
1,pd_on,nyam,40,0,1.0,1,0.25,417,45.6,0.869,-0.115,317,50.8,0.929,273,47.3,0.828,-0.06
1,pd_on,nyam,40,0,1.0,-1,0.1,242,45.0,0.753,-0.14,172,50.6,1.051,162,50.6,0.948,-0.002
1,pd_on,nyam,40,0,1.0,-1,0.25,535,47.5,0.932,-0.08,338,53.6,1.183,338,54.7,1.194,0.077
1,pd_on,nyam,40,0,1.5,0,0.1,392,34.7,0.755,-0.176,298,40.3,0.992,268,40.7,0.954,-0.008
1,pd_on,nyam,40,0,1.5,0,0.25,945,37.9,0.956,-0.082,652,41.6,1.047,608,41.8,1.018,0.024
1,pd_on,nyam,40,0,1.5,1,0.1,150,32.7,0.719,-0.222,126,44.4,1.132,106,39.6,0.928,-0.027
1,pd_on,nyam,40,0,1.5,1,0.25,417,36.0,0.9,-0.133,317,40.4,0.939,273,38.1,0.858,-0.065
1,pd_on,nyam,40,0,1.5,-1,0.1,242,36.0,0.782,-0.148,172,37.2,0.885,162,41.4,0.977,0.006
1,pd_on,nyam,40,0,1.5,-1,0.25,533,39.0,0.996,-0.052,338,42.6,1.163,338,44.7,1.176,0.088
1,pd_on,nyam,40,0,2.0,0,0.1,392,29.3,0.776,-0.166,297,34.0,0.965,268,32.8,0.869,-0.054
1,pd_on,nyam,40,0,2.0,0,0.25,940,32.9,0.994,-0.056,645,35.2,1.028,602,34.7,0.956,-0.008
1,pd_on,nyam,40,0,2.0,1,0.1,150,27.3,0.769,-0.219,126,38.9,1.19,106,33.0,0.885,-0.055
1,pd_on,nyam,40,0,2.0,1,0.25,417,31.7,0.96,-0.103,317,35.3,0.948,273,32.6,0.834,-0.076
1,pd_on,nyam,40,0,2.0,-1,0.1,242,30.6,0.78,-0.133,172,30.2,0.79,162,32.7,0.856,-0.054
1,pd_on,nyam,40,0,2.0,-1,0.25,533,33.4,1.009,-0.032,338,35.2,1.109,337,36.2,1.06,0.034
1,pd_on,nyam,40,0,3.0,0,0.1,392,20.9,0.703,-0.214,296,26.4,0.921,267,28.5,1.055,0.067
1,pd_on,nyam,40,0,3.0,0,0.25,926,25.7,1.0,-0.052,628,29.1,1.013,587,29.6,1.0,0.048
1,pd_on,nyam,40,0,3.0,1,0.1,150,15.3,0.531,-0.437,126,29.4,1.056,106,27.4,0.967,0.026
1,pd_on,nyam,40,0,3.0,1,0.25,417,24.2,0.942,-0.14,317,27.8,0.816,273,26.7,0.773,-0.086
1,pd_on,nyam,40,0,3.0,-1,0.1,242,24.4,0.843,-0.076,172,23.8,0.795,161,29.2,1.128,0.095
1,pd_on,nyam,40,0,3.0,-1,0.25,532,26.7,1.046,0.011,338,29.3,1.158,336,31.5,1.178,0.131
1,pd_on,nyam,40,1,1.0,0,0.1,106,50.9,0.936,-0.021,69,60.9,1.59,59,66.1,1.537,0.303
1,pd_on,nyam,40,1,1.0,0,0.25,217,52.5,1.036,0.021,149,56.4,1.196,126,56.3,1.079,0.106
1,pd_on,nyam,40,1,1.0,1,0.1,34,38.2,0.637,-0.273,27,63.0,1.707,20,60.0,1.17,0.189
1,pd_on,nyam,40,1,1.0,1,0.25,97,48.5,0.87,-0.056,72,61.1,1.597,56,57.1,1.274,0.118
1,pd_on,nyam,40,1,1.0,-1,0.1,72,56.9,1.141,0.097,42,59.5,1.503,39,69.2,1.823,0.361
1,pd_on,nyam,40,1,1.0,-1,0.25,120,55.8,1.219,0.084,77,51.9,0.877,70,55.7,0.928,0.095
1,pd_on,nyam,40,1,1.5,0,0.1,106,42.5,1.043,0.019,69,52.2,1.73,59,55.9,1.638,0.352
1,pd_on,nyam,40,1,1.5,0,0.25,217,42.9,1.069,0.036,149,47.0,1.254,126,44.4,0.987,0.08
1,pd_on,nyam,40,1,1.5,1,0.1,34,26.5,0.619,-0.378,27,63.0,2.433,20,60.0,1.721,0.476
1,pd_on,nyam,40,1,1.5,1,0.25,97,36.1,0.821,-0.135,72,55.6,1.826,56,48.2,1.188,0.17
1,pd_on,nyam,40,1,1.5,-1,0.1,72,50.0,1.341,0.207,42,45.2,1.334,39,53.8,1.589,0.287
1,pd_on,nyam,40,1,1.5,-1,0.25,120,48.3,1.356,0.174,77,39.0,0.806,70,41.4,0.824,0.009
1,pd_on,nyam,40,1,2.0,0,0.1,106,34.9,0.928,0.004,69,46.4,1.804,59,47.5,1.531,0.347
1,pd_on,nyam,40,1,2.0,0,0.25,216,36.1,1.059,0.043,148,39.9,1.145,126,38.1,0.968,0.094
1,pd_on,nyam,40,1,2.0,1,0.1,34,17.6,0.36,-0.512,27,59.3,2.727,20,55.0,1.912,0.626
1,pd_on,nyam,40,1,2.0,1,0.25,97,28.9,0.764,-0.164,72,47.2,1.542,56,42.9,1.143,0.241
1,pd_on,nyam,40,1,2.0,-1,0.1,72,43.1,1.351,0.248,42,38.1,1.314,39,43.6,1.329,0.204
1,pd_on,nyam,40,1,2.0,-1,0.25,120,42.5,1.417,0.227,77,32.5,0.76,70,34.3,0.819,-0.024
1,pd_on,nyam,40,1,3.0,0,0.1,106,25.5,0.973,-0.026,69,34.8,1.664,59,35.6,1.379,0.312
1,pd_on,nyam,40,1,3.0,0,0.25,216,29.6,1.171,0.077,148,32.4,1.104,126,31.7,0.947,0.09
1,pd_on,nyam,40,1,3.0,1,0.1,34,17.6,0.542,-0.335,27,40.7,2.126,20,40.0,1.88,0.574
1,pd_on,nyam,40,1,3.0,1,0.25,97,25.8,0.812,-0.107,72,37.5,1.392,56,35.7,0.993,0.175
1,pd_on,nyam,40,1,3.0,-1,0.1,72,29.2,1.241,0.119,42,31.0,1.365,39,33.3,1.114,0.177
1,pd_on,nyam,40,1,3.0,-1,0.25,120,33.3,1.585,0.25,77,27.3,0.803,70,28.6,0.907,0.022
1,pd_on,nyam,40,2,1.0,0,0.1,466,51.5,0.962,0.008,318,56.3,1.146,292,53.4,0.988,0.048
1,pd_on,nyam,40,2,1.0,0,0.25,817,49.7,0.93,-0.028,557,54.0,1.044,525,53.3,1.032,0.051
1,pd_on,nyam,40,2,1.0,1,0.1,186,50.5,0.947,-0.006,141,56.7,1.11,121,50.4,0.902,-0.012
1,pd_on,nyam,40,2,1.0,1,0.25,366,48.1,0.874,-0.059,279,53.8,1.071,243,51.9,1.065,0.026
1,pd_on,nyam,40,2,1.0,-1,0.1,280,52.1,0.973,0.017,179,55.3,1.148,171,55.6,1.066,0.091
1,pd_on,nyam,40,2,1.0,-1,0.25,455,51.2,0.994,0.0,282,53.9,1.012,285,54.7,1.012,0.075
1,pd_on,nyam,40,2,1.5,0,0.1,466,39.7,0.897,-0.043,318,46.2,1.135,292,44.2,1.019,0.073
1,pd_on,nyam,40,2,1.5,0,0.25,815,39.4,0.967,-0.047,556,44.8,1.076,525,44.8,1.119,0.093
1,pd_on,nyam,40,2,1.5,1,0.1,186,37.6,0.801,-0.088,141,46.8,1.131,121,42.1,0.934,0.025
1,pd_on,nyam,40,2,1.5,1,0.25,366,36.9,0.866,-0.103,279,45.2,1.126,243,44.0,1.19,0.084
1,pd_on,nyam,40,2,1.5,-1,0.1,280,41.1,0.977,-0.014,179,45.3,1.115,171,45.6,1.094,0.107
1,pd_on,nyam,40,2,1.5,-1,0.25,455,41.5,1.071,0.002,282,44.0,1.017,285,45.3,1.052,0.097
1,pd_on,nyam,40,2,2.0,0,0.1,466,32.4,0.885,-0.071,318,38.4,1.126,292,38.0,1.053,0.104
1,pd_on,nyam,40,2,2.0,0,0.25,813,33.0,0.957,-0.057,553,36.7,1.003,521,36.7,0.995,0.059
1,pd_on,nyam,40,2,2.0,1,0.1,186,30.1,0.749,-0.13,141,40.4,1.206,121,36.4,1.002,0.057
1,pd_on,nyam,40,2,2.0,1,0.25,366,30.6,0.866,-0.121,279,36.9,1.019,243,36.6,1.082,0.065
1,pd_on,nyam,40,2,2.0,-1,0.1,280,33.9,1.0,-0.032,179,36.3,1.04,171,39.2,1.096,0.138
1,pd_on,nyam,40,2,2.0,-1,0.25,455,34.5,1.036,-0.017,282,35.8,0.971,285,36.5,0.909,0.048
1,pd_on,nyam,40,2,3.0,0,0.1,466,24.9,0.897,-0.057,318,29.2,1.111,292,29.8,1.058,0.143
1,pd_on,nyam,40,2,3.0,0,0.25,809,26.6,0.997,-0.02,548,28.3,0.952,518,29.5,0.963,0.068
1,pd_on,nyam,40,2,3.0,1,0.1,186,22.6,0.744,-0.143,141,27.7,1.064,121,27.3,0.937,0.032
1,pd_on,nyam,40,2,3.0,1,0.25,366,24.3,0.852,-0.109,279,27.2,0.855,243,28.8,0.931,0.01
1,pd_on,nyam,40,2,3.0,-1,0.1,280,26.4,1.024,-0.0,179,30.2,1.134,171,31.6,1.162,0.222
1,pd_on,nyam,40,2,3.0,-1,0.25,455,28.1,1.124,0.042,282,28.7,1.028,285,29.8,0.967,0.106
1,pd_on,nyam,40,3,1.0,0,0.1,528,47.5,0.835,-0.086,331,48.6,0.935,289,52.6,1.106,0.035
1,pd_on,nyam,40,3,1.0,0,0.25,879,48.1,0.912,-0.068,583,48.9,0.941,565,51.3,1.011,0.011
1,pd_on,nyam,40,3,1.0,1,0.1,228,46.1,0.793,-0.11,135,51.1,1.04,113,57.5,1.308,0.135
1,pd_on,nyam,40,3,1.0,1,0.25,403,47.9,0.895,-0.069,293,49.1,0.944,260,50.8,0.934,0.0
1,pd_on,nyam,40,3,1.0,-1,0.1,300,48.7,0.875,-0.067,199,46.2,0.832,177,49.2,0.964,-0.036
1,pd_on,nyam,40,3,1.0,-1,0.25,484,49.0,0.957,-0.054,296,48.3,0.942,310,51.6,1.086,0.016
1,pd_on,nyam,40,3,1.5,0,0.1,528,38.1,0.85,-0.091,330,39.7,0.939,289,42.6,1.119,0.035
1,pd_on,nyam,40,3,1.5,0,0.25,879,39.2,0.958,-0.053,582,39.3,0.911,565,41.2,0.99,0.003
1,pd_on,nyam,40,3,1.5,1,0.1,228,36.4,0.764,-0.131,135,45.9,1.189,113,46.9,1.321,0.142
1,pd_on,nyam,40,3,1.5,1,0.25,403,39.5,0.953,-0.046,293,40.6,0.89,260,41.2,0.919,-0.008
1,pd_on,nyam,40,3,1.5,-1,0.1,300,39.3,0.935,-0.061,199,35.2,0.766,177,39.5,0.975,-0.039
1,pd_on,nyam,40,3,1.5,-1,0.25,484,39.7,0.992,-0.044,296,37.8,0.935,310,41.0,1.05,0.004
1,pd_on,nyam,40,3,2.0,0,0.1,528,32.0,0.88,-0.085,330,33.0,0.946,289,37.7,1.2,0.087
1,pd_on,nyam,40,3,2.0,0,0.25,876,33.6,1.014,-0.028,582,33.3,0.945,564,36.0,1.019,0.031
1,pd_on,nyam,40,3,2.0,1,0.1,228,30.3,0.783,-0.134,135,40.0,1.226,113,42.5,1.45,0.234
1,pd_on,nyam,40,3,2.0,1,0.25,403,33.3,0.998,-0.034,293,36.2,0.971,260,36.2,0.958,0.036
1,pd_on,nyam,40,3,2.0,-1,0.1,300,33.3,0.973,-0.047,199,28.1,0.755,177,34.5,1.025,-0.014
1,pd_on,nyam,40,3,2.0,-1,0.25,483,34.2,1.051,-0.013,296,30.4,0.921,310,35.5,1.07,0.016
1,pd_on,nyam,40,3,3.0,0,0.1,525,24.0,0.889,-0.091,329,24.9,0.917,288,29.9,1.216,0.139
1,pd_on,nyam,40,3,3.0,0,0.25,867,25.8,1.048,-0.015,576,25.3,0.891,556,28.4,0.979,0.046
1,pd_on,nyam,40,3,3.0,1,0.1,228,23.2,0.797,-0.115,135,31.1,1.19,113,31.0,1.216,0.193
1,pd_on,nyam,40,3,3.0,1,0.25,403,26.6,1.048,0.012,293,28.7,0.942,260,27.3,0.866,-0.01
1,pd_on,nyam,40,3,3.0,-1,0.1,299,24.4,0.966,-0.079,199,20.6,0.723,177,28.8,1.195,0.092
1,pd_on,nyam,40,3,3.0,-1,0.25,482,25.3,1.056,-0.034,296,21.6,0.807,310,28.4,1.044,0.051
1,pd_on,ny_open,10,0,1.0,0,0.1,251,40.6,0.638,-0.224,184,55.4,1.086,170,52.4,0.958,0.038
1,pd_on,ny_open,10,0,1.0,0,0.25,653,46.6,0.933,-0.096,450,54.7,1.142,420,54.5,1.167,0.08
1,pd_on,ny_open,10,0,1.0,1,0.1,98,40.8,0.676,-0.219,80,61.3,1.285,67,52.2,1.006,0.025
1,pd_on,ny_open,10,0,1.0,1,0.25,275,46.2,0.941,-0.103,219,53.9,1.021,191,51.3,0.99,0.011
1,pd_on,ny_open,10,0,1.0,-1,0.1,153,40.5,0.609,-0.228,104,51.0,0.932,103,52.4,0.919,0.047
1,pd_on,ny_open,10,0,1.0,-1,0.25,378,46.8,0.927,-0.091,232,55.6,1.283,229,57.2,1.352,0.137
1,pd_on,ny_open,10,0,1.5,0,0.1,251,31.1,0.652,-0.266,184,43.5,0.997,170,42.4,0.934,0.034
1,pd_on,ny_open,10,0,1.5,0,0.25,650,38.0,1.003,-0.077,449,44.3,1.17,419,44.2,1.155,0.084
1,pd_on,ny_open,10,0,1.5,1,0.1,98,30.6,0.661,-0.272,80,48.8,1.212,67,41.8,0.912,0.018
1,pd_on,ny_open,10,0,1.5,1,0.25,275,37.1,1.011,-0.101,219,42.0,1.031,191,40.3,0.962,-0.014
1,pd_on,ny_open,10,0,1.5,-1,0.1,153,31.4,0.645,-0.263,104,39.4,0.827,103,42.7,0.953,0.044
1,pd_on,ny_open,10,0,1.5,-1,0.25,377,38.5,0.983,-0.065,232,46.1,1.314,229,47.2,1.343,0.161
1,pd_on,ny_open,10,0,2.0,0,0.1,251,25.9,0.682,-0.269,183,37.7,1.012,170,34.7,0.895,-0.001
1,pd_on,ny_open,10,0,2.0,0,0.25,648,32.4,1.023,-0.064,444,37.6,1.136,415,37.3,1.102,0.073
1,pd_on,ny_open,10,0,2.0,1,0.1,98,25.5,0.707,-0.273,80,45.0,1.363,67,35.8,0.957,0.019
1,pd_on,ny_open,10,0,2.0,1,0.25,275,31.6,1.035,-0.086,219,37.0,1.022,191,34.6,0.936,-0.016
1,pd_on,ny_open,10,0,2.0,-1,0.1,153,26.1,0.663,-0.267,104,31.7,0.733,103,34.0,0.847,-0.014
1,pd_on,ny_open,10,0,2.0,-1,0.25,377,32.9,1.009,-0.05,232,37.9,1.245,228,39.0,1.236,0.128
1,pd_on,ny_open,10,0,3.0,0,0.1,251,17.5,0.609,-0.352,183,32.2,1.118,170,30.0,1.047,0.119
1,pd_on,ny_open,10,0,3.0,0,0.25,642,24.9,1.028,-0.073,437,32.0,1.145,410,31.5,1.107,0.128
1,pd_on,ny_open,10,0,3.0,1,0.1,98,14.3,0.51,-0.483,80,35.0,1.206,67,28.4,0.929,0.043
1,pd_on,ny_open,10,0,3.0,1,0.25,275,23.6,1.016,-0.139,219,28.3,0.826,191,26.7,0.779,-0.079
1,pd_on,ny_open,10,0,3.0,-1,0.1,153,19.6,0.692,-0.268,104,29.8,1.02,103,31.1,1.149,0.169
1,pd_on,ny_open,10,0,3.0,-1,0.25,376,25.8,1.037,-0.026,232,34.1,1.435,228,34.6,1.391,0.264
1,pd_on,ny_open,10,1,1.0,0,0.1,64,51.6,0.926,-0.008,42,64.3,1.572,35,68.6,1.68,0.365
1,pd_on,ny_open,10,1,1.0,0,0.25,119,57.1,1.288,0.113,86,54.7,1.054,66,54.5,0.839,0.08
1,pd_on,ny_open,10,1,1.0,1,0.1,18,,,,18,,,14,,,
1,pd_on,ny_open,10,1,1.0,1,0.25,48,54.2,1.206,0.058,39,59.0,1.522,28,60.7,1.361,0.203
1,pd_on,ny_open,10,1,1.0,-1,0.1,46,58.7,1.283,0.133,24,62.5,1.283,21,66.7,1.303,0.326
1,pd_on,ny_open,10,1,1.0,-1,0.25,71,59.2,1.355,0.15,47,51.1,0.744,38,50.0,0.611,-0.011
1,pd_on,ny_open,10,1,1.5,0,0.1,64,46.9,1.199,0.132,42,59.5,1.961,35,60.0,1.774,0.471
1,pd_on,ny_open,10,1,1.5,0,0.25,119,48.7,1.315,0.18,86,50.0,1.277,66,47.0,0.922,0.151
1,pd_on,ny_open,10,1,1.5,1,0.1,18,,,,18,,,14,,,
1,pd_on,ny_open,10,1,1.5,1,0.25,48,41.7,1.118,-0.005,39,56.4,1.872,28,57.1,1.703,0.408
1,pd_on,ny_open,10,1,1.5,-1,0.1,46,56.5,1.765,0.372,24,54.2,1.46,21,52.4,1.125,0.276
1,pd_on,ny_open,10,1,1.5,-1,0.25,71,53.5,1.494,0.305,47,44.7,0.883,38,39.5,0.595,-0.038
1,pd_on,ny_open,10,1,2.0,0,0.1,64,39.1,1.16,0.131,42,52.4,2.036,35,51.4,1.757,0.513
1,pd_on,ny_open,10,1,2.0,0,0.25,119,41.2,1.307,0.188,85,44.7,1.365,66,39.4,0.937,0.158
1,pd_on,ny_open,10,1,2.0,1,0.1,18,,,,18,,,14,,,
1,pd_on,ny_open,10,1,2.0,1,0.25,48,33.3,0.976,-0.032,39,53.8,2.179,28,50.0,1.816,0.479
1,pd_on,ny_open,10,1,2.0,-1,0.1,46,47.8,1.739,0.393,24,41.7,1.198,21,42.9,1.095,0.251
1,pd_on,ny_open,10,1,2.0,-1,0.25,71,46.5,1.622,0.337,47,36.2,0.785,38,31.6,0.558,-0.079
1,pd_on,ny_open,10,1,3.0,0,0.1,64,31.2,1.344,0.207,42,40.5,1.951,35,42.9,1.921,0.683
1,pd_on,ny_open,10,1,3.0,0,0.25,119,34.5,1.448,0.284,85,36.5,1.416,66,34.8,1.047,0.279
1,pd_on,ny_open,10,1,3.0,1,0.1,18,,,,18,,,14,,,
1,pd_on,ny_open,10,1,3.0,1,0.25,48,29.2,1.11,0.1,39,43.6,2.353,28,42.9,1.93,0.567
1,pd_on,ny_open,10,1,3.0,-1,0.1,46,37.0,1.852,0.433,24,33.3,1.192,21,38.1,1.251,0.489
1,pd_on,ny_open,10,1,3.0,-1,0.25,71,38.0,1.753,0.408,47,29.8,0.741,38,28.9,0.647,0.066
1,pd_on,ny_open,10,2,1.0,0,0.1,315,48.9,0.894,-0.056,204,61.3,1.276,192,56.8,1.068,0.118
1,pd_on,ny_open,10,2,1.0,0,0.25,546,49.3,0.963,-0.044,381,57.0,1.116,358,56.4,1.169,0.113
1,pd_on,ny_open,10,2,1.0,1,0.1,125,46.4,0.842,-0.106,94,61.7,1.282,83,54.2,1.039,0.055
1,pd_on,ny_open,10,2,1.0,1,0.25,235,48.5,0.989,-0.06,191,56.0,1.151,168,56.5,1.323,0.111
1,pd_on,ny_open,10,2,1.0,-1,0.1,190,50.5,0.937,-0.023,112,59.8,1.217,109,58.7,1.096,0.165
1,pd_on,ny_open,10,2,1.0,-1,0.25,314,50.0,0.947,-0.028,194,57.2,1.076,193,56.5,1.06,0.118
1,pd_on,ny_open,10,2,1.5,0,0.1,315,38.1,0.853,-0.094,204,52.0,1.31,192,48.4,1.136,0.18
1,pd_on,ny_open,10,2,1.5,0,0.25,546,39.4,1.0,-0.054,380,47.9,1.196,358,47.8,1.257,0.171
1,pd_on,ny_open,10,2,1.5,1,0.1,125,34.4,0.736,-0.184,94,53.2,1.398,83,47.0,1.132,0.14
1,pd_on,ny_open,10,2,1.5,1,0.25,235,37.4,0.989,-0.098,191,47.6,1.26,168,47.6,1.37,0.169
1,pd_on,ny_open,10,2,1.5,-1,0.1,190,40.5,0.955,-0.034,112,50.0,1.188,109,49.5,1.14,0.21
1,pd_on,ny_open,10,2,1.5,-1,0.25,314,40.8,1.005,-0.022,194,47.4,1.123,193,47.7,1.156,0.168
1,pd_on,ny_open,10,2,2.0,0,0.1,315,30.8,0.833,-0.128,204,44.6,1.384,192,42.7,1.247,0.246
1,pd_on,ny_open,10,2,2.0,0,0.25,545,33.0,1.007,-0.061,379,40.1,1.183,357,39.8,1.17,0.161
1,pd_on,ny_open,10,2,2.0,1,0.1,125,25.6,0.614,-0.278,94,48.9,1.632,83,42.2,1.301,0.229
1,pd_on,ny_open,10,2,2.0,1,0.25,235,30.2,0.971,-0.135,191,40.8,1.246,168,40.5,1.368,0.186
1,pd_on,ny_open,10,2,2.0,-1,0.1,190,34.2,1.034,-0.029,112,40.2,1.142,109,43.1,1.199,0.259
1,pd_on,ny_open,10,2,2.0,-1,0.25,314,35.0,1.026,-0.007,194,38.7,1.1,193,38.9,0.996,0.13
1,pd_on,ny_open,10,2,3.0,0,0.1,315,23.8,0.878,-0.106,204,35.8,1.437,192,34.9,1.309,0.343
1,pd_on,ny_open,10,2,3.0,0,0.25,545,26.8,1.092,-0.006,378,31.7,1.136,357,32.8,1.184,0.216
1,pd_on,ny_open,10,2,3.0,1,0.1,125,21.6,0.753,-0.191,94,37.2,1.589,83,33.7,1.29,0.28
1,pd_on,ny_open,10,2,3.0,1,0.25,235,25.1,1.025,-0.071,191,30.9,1.044,168,32.1,1.219,0.163
1,pd_on,ny_open,10,2,3.0,-1,0.1,190,25.3,0.982,-0.051,112,33.9,1.265,109,35.8,1.327,0.391
1,pd_on,ny_open,10,2,3.0,-1,0.25,314,28.0,1.142,0.042,194,31.4,1.177,193,32.6,1.111,0.236
1,pd_on,ny_open,10,3,1.0,0,0.1,353,47.0,0.819,-0.093,217,53.0,1.081,180,55.0,1.247,0.092
1,pd_on,ny_open,10,3,1.0,0,0.25,619,47.2,0.873,-0.084,411,49.1,0.896,388,50.3,0.933,-0.006
1,pd_on,ny_open,10,3,1.0,1,0.1,150,47.3,0.803,-0.081,92,50.0,1.004,76,57.9,1.376,0.148
1,pd_on,ny_open,10,3,1.0,1,0.25,286,49.0,0.919,-0.045,220,46.4,0.838,192,48.4,0.848,-0.044
1,pd_on,ny_open,10,3,1.0,-1,0.1,203,46.8,0.834,-0.101,128,53.9,1.082,105,52.4,1.124,0.041
1,pd_on,ny_open,10,3,1.0,-1,0.25,341,46.6,0.868,-0.098,197,51.8,0.986,201,51.7,1.028,0.025
1,pd_on,ny_open,10,3,1.5,0,0.1,353,38.5,0.854,-0.078,217,42.4,1.033,180,44.4,1.231,0.091
1,pd_on,ny_open,10,3,1.5,0,0.25,619,39.1,0.935,-0.056,411,39.2,0.88,388,41.0,0.972,0.01
1,pd_on,ny_open,10,3,1.5,1,0.1,150,38.7,0.8,-0.075,92,43.5,1.104,76,46.1,1.296,0.133
1,pd_on,ny_open,10,3,1.5,1,0.25,286,40.9,0.987,-0.009,220,37.3,0.799,192,38.5,0.852,-0.053
1,pd_on,ny_open,10,3,1.5,-1,0.1,203,38.4,0.904,-0.081,128,40.6,0.934,105,42.9,1.156,0.05
1,pd_on,ny_open,10,3,1.5,-1,0.25,341,38.4,0.927,-0.073,197,40.6,0.985,201,42.8,1.095,0.056
1,pd_on,ny_open,10,3,2.0,0,0.1,353,32.6,0.885,-0.067,217,35.5,1.014,180,38.3,1.237,0.107
1,pd_on,ny_open,10,3,2.0,0,0.25,618,33.0,0.959,-0.044,411,33.3,0.909,387,35.1,0.981,0.029
1,pd_on,ny_open,10,3,2.0,1,0.1,150,32.7,0.821,-0.062,92,35.9,1.037,76,39.5,1.302,0.158
1,pd_on,ny_open,10,3,2.0,1,0.25,286,34.3,1.006,-0.005,220,32.3,0.856,192,33.3,0.868,-0.02
1,pd_on,ny_open,10,3,2.0,-1,0.1,203,32.5,0.943,-0.07,128,34.4,0.955,105,37.1,1.164,0.059
1,pd_on,ny_open,10,3,2.0,-1,0.25,340,32.6,0.954,-0.056,197,34.0,0.981,201,36.3,1.096,0.058
1,pd_on,ny_open,10,3,3.0,0,0.1,352,23.6,0.841,-0.108,217,27.6,0.999,180,28.9,1.116,0.102
1,pd_on,ny_open,10,3,3.0,0,0.25,615,25.2,0.987,-0.041,407,26.0,0.876,384,26.8,0.911,0.021
1,pd_on,ny_open,10,3,3.0,1,0.1,150,23.3,0.748,-0.11,92,28.3,1.029,76,25.0,0.886,-0.022
1,pd_on,ny_open,10,3,3.0,1,0.25,286,26.6,1.03,0.019,220,25.9,0.841,192,23.4,0.728,-0.118
1,pd_on,ny_open,10,3,3.0,-1,0.1,203,23.6,0.92,-0.111,128,26.6,0.939,105,31.4,1.31,0.181
1,pd_on,ny_open,10,3,3.0,-1,0.25,340,24.7,0.989,-0.064,197,25.4,0.881,201,29.4,1.078,0.116
1,pd_on,ny_open,20,0,1.0,0,0.1,267,40.8,0.642,-0.221,201,54.2,1.087,182,51.6,0.948,0.023
1,pd_on,ny_open,20,0,1.0,0,0.25,718,46.2,0.903,-0.102,490,53.7,1.11,456,53.7,1.105,0.064
1,pd_on,ny_open,20,0,1.0,1,0.1,103,40.8,0.681,-0.219,86,60.5,1.319,71,52.1,1.02,0.022
1,pd_on,ny_open,20,0,1.0,1,0.25,302,44.7,0.861,-0.132,237,53.6,1.018,208,50.5,0.928,-0.005
1,pd_on,ny_open,20,0,1.0,-1,0.1,164,40.9,0.613,-0.222,115,49.6,0.915,111,51.4,0.893,0.023
1,pd_on,ny_open,20,0,1.0,-1,0.25,416,47.4,0.94,-0.08,254,53.9,1.213,249,56.2,1.297,0.116
1,pd_on,ny_open,20,0,1.5,0,0.1,267,31.5,0.66,-0.257,201,42.8,1.02,182,42.3,0.951,0.032
1,pd_on,ny_open,20,0,1.5,0,0.25,715,37.9,0.983,-0.078,489,43.6,1.133,455,43.5,1.099,0.067
1,pd_on,ny_open,20,0,1.5,1,0.1,103,30.1,0.653,-0.285,86,48.8,1.283,71,42.3,0.95,0.03
1,pd_on,ny_open,20,0,1.5,1,0.25,302,35.8,0.929,-0.133,237,42.2,1.032,208,39.9,0.91,-0.027
1,pd_on,ny_open,20,0,1.5,-1,0.1,164,32.3,0.666,-0.239,115,38.3,0.822,111,42.3,0.951,0.034
1,pd_on,ny_open,20,0,1.5,-1,0.25,415,39.3,1.018,-0.043,254,44.5,1.234,249,46.2,1.29,0.136
1,pd_on,ny_open,20,0,2.0,0,0.1,267,26.2,0.683,-0.26,200,37.5,1.06,182,34.6,0.922,-0.003
1,pd_on,ny_open,20,0,2.0,0,0.25,713,32.4,1.009,-0.063,484,37.4,1.124,451,36.8,1.062,0.057
1,pd_on,ny_open,20,0,2.0,1,0.1,103,25.2,0.705,-0.281,86,45.3,1.462,71,36.6,1.013,0.044
1,pd_on,ny_open,20,0,2.0,1,0.25,302,30.8,0.966,-0.113,237,37.6,1.047,208,34.6,0.909,-0.017
1,pd_on,ny_open,20,0,2.0,-1,0.1,164,26.8,0.667,-0.246,115,31.3,0.755,111,33.3,0.852,-0.034
1,pd_on,ny_open,20,0,2.0,-1,0.25,415,33.5,1.042,-0.028,254,37.0,1.194,248,37.9,1.191,0.096
1,pd_on,ny_open,20,0,3.0,0,0.1,267,18.0,0.61,-0.334,200,30.5,1.087,182,30.2,1.1,0.131
1,pd_on,ny_open,20,0,3.0,0,0.25,707,25.0,1.022,-0.068,476,31.5,1.124,445,31.2,1.084,0.117
1,pd_on,ny_open,20,0,3.0,1,0.1,103,13.6,0.481,-0.51,86,33.7,1.208,71,29.6,1.021,0.096
1,pd_on,ny_open,20,0,3.0,1,0.25,302,22.8,0.932,-0.174,237,28.7,0.85,208,27.4,0.792,-0.058
1,pd_on,ny_open,20,0,3.0,-1,0.1,164,20.7,0.716,-0.223,115,27.8,0.967,111,30.6,1.165,0.154
1,pd_on,ny_open,20,0,3.0,-1,0.25,414,26.6,1.098,0.008,254,32.7,1.356,248,33.5,1.333,0.221
1,pd_on,ny_open,20,1,1.0,0,0.1,75,49.3,0.877,-0.053,45,64.4,1.532,38,68.4,1.596,0.361
1,pd_on,ny_open,20,1,1.0,0,0.25,156,52.6,1.047,0.022,103,55.3,1.114,85,55.3,0.981,0.087
1,pd_on,ny_open,20,1,1.0,1,0.1,22,31.8,0.41,-0.4,19,,,15,,,
1,pd_on,ny_open,20,1,1.0,1,0.25,69,44.9,0.741,-0.126,49,61.2,1.708,41,61.0,1.51,0.192
1,pd_on,ny_open,20,1,1.0,-1,0.1,53,56.6,1.208,0.091,26,61.5,1.21,23,69.6,1.514,0.383
1,pd_on,ny_open,20,1,1.0,-1,0.25,87,58.6,1.464,0.14,54,50.0,0.722,44,50.0,0.625,-0.012
1,pd_on,ny_open,20,1,1.5,0,0.1,75,44.0,1.097,0.059,45,60.0,1.934,38,60.5,1.749,0.485
1,pd_on,ny_open,20,1,1.5,0,0.25,156,44.9,1.138,0.086,103,51.5,1.399,85,47.1,0.976,0.144
1,pd_on,ny_open,20,1,1.5,1,0.1,22,22.7,0.452,-0.47,19,,,15,,,
1,pd_on,ny_open,20,1,1.5,1,0.25,69,34.8,0.756,-0.17,49,59.2,2.173,41,53.7,1.402,0.299
1,pd_on,ny_open,20,1,1.5,-1,0.1,53,52.8,1.553,0.279,26,53.8,1.415,23,56.5,1.372,0.381
1,pd_on,ny_open,20,1,1.5,-1,0.25,87,52.9,1.657,0.289,54,44.4,0.886,44,40.9,0.652,-0.001
1,pd_on,ny_open,20,1,2.0,0,0.1,75,37.3,1.108,0.078,45,53.3,2.04,38,52.6,1.785,0.55
1,pd_on,ny_open,20,1,2.0,0,0.25,156,38.5,1.143,0.111,102,45.1,1.311,85,40.0,0.9,0.161
1,pd_on,ny_open,20,1,2.0,1,0.1,22,18.2,0.389,-0.493,19,,,15,,,
1,pd_on,ny_open,20,1,2.0,1,0.25,69,29.0,0.741,-0.16,49,53.1,1.858,41,46.3,1.189,0.335
1,pd_on,ny_open,20,1,2.0,-1,0.1,53,45.3,1.595,0.316,26,42.3,1.215,23,47.8,1.385,0.402
1,pd_on,ny_open,20,1,2.0,-1,0.25,87,46.0,1.66,0.326,54,37.0,0.842,44,34.1,0.654,-0.002
1,pd_on,ny_open,20,1,3.0,0,0.1,75,28.0,1.156,0.076,45,40.0,1.843,38,39.5,1.618,0.548
1,pd_on,ny_open,20,1,3.0,0,0.25,156,32.1,1.25,0.171,102,37.3,1.356,85,34.1,0.95,0.202
1,pd_on,ny_open,20,1,3.0,1,0.1,22,18.2,0.587,-0.312,19,,,15,,,
1,pd_on,ny_open,20,1,3.0,1,0.25,69,26.1,0.798,-0.083,49,44.9,2.001,41,41.5,1.305,0.41
1,pd_on,ny_open,20,1,3.0,-1,0.1,53,32.1,1.475,0.237,26,30.8,1.042,23,34.8,1.1,0.357
1,pd_on,ny_open,20,1,3.0,-1,0.25,87,36.8,1.784,0.373,54,29.6,0.817,44,27.3,0.656,0.009
1,pd_on,ny_open,20,2,1.0,0,0.1,335,48.7,0.876,-0.061,218,59.6,1.224,205,56.1,1.054,0.103
1,pd_on,ny_open,20,2,1.0,0,0.25,612,49.0,0.936,-0.049,415,55.7,1.096,393,55.2,1.112,0.089
1,pd_on,ny_open,20,2,1.0,1,0.1,132,47.0,0.861,-0.095,99,60.6,1.273,87,52.9,0.99,0.028
1,pd_on,ny_open,20,2,1.0,1,0.25,266,47.4,0.89,-0.082,208,55.3,1.144,185,55.1,1.217,0.084
1,pd_on,ny_open,20,2,1.0,-1,0.1,203,49.8,0.888,-0.039,121,57.9,1.136,118,58.5,1.112,0.158
1,pd_on,ny_open,20,2,1.0,-1,0.25,349,50.4,0.985,-0.02,211,55.5,1.043,211,55.5,1.033,0.097
1,pd_on,ny_open,20,2,1.5,0,0.1,335,37.6,0.835,-0.106,218,50.9,1.284,205,48.3,1.143,0.176
1,pd_on,ny_open,20,2,1.5,0,0.25,612,39.2,0.981,-0.057,414,46.9,1.135,393,47.1,1.209,0.153
1,pd_on,ny_open,20,2,1.5,1,0.1,132,34.1,0.737,-0.192,99,52.5,1.408,87,46.0,1.09,0.114
1,pd_on,ny_open,20,2,1.5,1,0.25,266,36.1,0.881,-0.13,208,47.1,1.192,185,47.0,1.324,0.153
1,pd_on,ny_open,20,2,1.5,-1,0.1,203,39.9,0.916,-0.05,121,48.8,1.141,118,50.0,1.19,0.221
1,pd_on,ny_open,20,2,1.5,-1,0.25,349,41.5,1.073,-0.002,211,46.0,1.069,211,46.9,1.103,0.149
1,pd_on,ny_open,20,2,2.0,0,0.1,335,30.7,0.831,-0.129,218,43.6,1.343,205,42.4,1.238,0.238
1,pd_on,ny_open,20,2,2.0,0,0.25,611,32.7,0.964,-0.07,413,39.2,1.11,392,39.0,1.092,0.138
1,pd_on,ny_open,20,2,2.0,1,0.1,132,25.8,0.63,-0.273,99,48.5,1.654,87,41.4,1.259,0.206
1,pd_on,ny_open,20,2,2.0,1,0.25,266,29.3,0.868,-0.163,208,40.4,1.174,185,39.5,1.218,0.152
1,pd_on,ny_open,20,2,2.0,-1,0.1,203,34.0,1.006,-0.035,121,38.8,1.068,118,43.2,1.221,0.262
1,pd_on,ny_open,20,2,2.0,-1,0.25,349,35.2,1.046,-0.001,211,37.4,1.029,211,38.4,0.969,0.117
1,pd_on,ny_open,20,2,3.0,0,0.1,335,23.6,0.864,-0.115,218,34.4,1.35,205,34.1,1.272,0.314
1,pd_on,ny_open,20,2,3.0,0,0.25,611,26.7,1.041,-0.022,412,31.1,1.064,392,31.9,1.074,0.171
1,pd_on,ny_open,20,2,3.0,1,0.1,132,21.2,0.752,-0.207,99,35.4,1.485,87,33.3,1.263,0.266
1,pd_on,ny_open,20,2,3.0,1,0.25,266,24.1,0.885,-0.127,208,30.3,0.969,185,31.4,1.058,0.122
1,pd_on,ny_open,20,2,3.0,-1,0.1,203,25.1,0.954,-0.055,121,33.1,1.2,118,34.7,1.28,0.35
1,pd_on,ny_open,20,2,3.0,-1,0.25,349,28.7,1.185,0.058,211,30.8,1.119,211,31.8,1.053,0.19
1,pd_on,ny_open,20,3,1.0,0,0.1,373,47.7,0.849,-0.079,233,51.1,1.021,193,53.9,1.209,0.068
1,pd_on,ny_open,20,3,1.0,0,0.25,668,48.5,0.936,-0.058,440,48.9,0.903,416,50.2,0.936,-0.007
1,pd_on,ny_open,20,3,1.0,1,0.1,155,47.7,0.811,-0.073,97,49.5,1.007,77,58.4,1.417,0.159
1,pd_on,ny_open,20,3,1.0,1,0.25,301,49.5,0.935,-0.034,231,47.2,0.88,198,49.0,0.862,-0.033
1,pd_on,ny_open,20,3,1.0,-1,0.1,218,47.7,0.883,-0.083,139,51.1,0.98,117,50.4,1.05,-0.001
1,pd_on,ny_open,20,3,1.0,-1,0.25,375,48.5,0.97,-0.06,215,50.2,0.941,223,51.1,1.013,0.011
1,pd_on,ny_open,20,3,1.5,0,0.1,373,38.6,0.871,-0.077,233,40.8,0.995,193,43.5,1.208,0.067
1,pd_on,ny_open,20,3,1.5,0,0.25,668,40.0,0.99,-0.034,440,39.3,0.91,416,41.1,0.988,0.012
1,pd_on,ny_open,20,3,1.5,1,0.1,155,38.1,0.78,-0.09,97,43.3,1.124,77,46.8,1.345,0.15
1,pd_on,ny_open,20,3,1.5,1,0.25,301,41.2,1.005,-0.002,231,38.5,0.861,198,39.4,0.878,-0.032
1,pd_on,ny_open,20,3,1.5,-1,0.1,218,39.0,0.954,-0.067,139,38.1,0.864,117,41.0,1.092,0.003
1,pd_on,ny_open,20,3,1.5,-1,0.25,375,39.7,1.013,-0.04,215,39.5,0.965,223,42.2,1.089,0.039
1,pd_on,ny_open,20,3,2.0,0,0.1,373,32.2,0.882,-0.079,233,34.3,0.993,193,37.8,1.235,0.092
1,pd_on,ny_open,20,3,2.0,0,0.25,667,33.7,1.022,-0.021,440,33.6,0.94,415,35.2,0.99,0.028
1,pd_on,ny_open,20,3,2.0,1,0.1,155,31.6,0.788,-0.094,97,36.1,1.076,77,40.3,1.36,0.182
1,pd_on,ny_open,20,3,2.0,1,0.25,301,34.2,1.022,-0.003,231,33.3,0.904,198,33.3,0.866,-0.02
1,pd_on,ny_open,20,3,2.0,-1,0.1,218,32.6,0.967,-0.068,139,32.4,0.896,117,35.9,1.127,0.024
1,pd_on,ny_open,20,3,2.0,-1,0.25,374,34.0,1.056,-0.017,215,33.5,0.985,223,36.3,1.109,0.055
1,pd_on,ny_open,20,3,3.0,0,0.1,372,23.1,0.847,-0.126,232,26.3,0.954,193,28.5,1.137,0.088
1,pd_on,ny_open,20,3,3.0,0,0.25,662,25.7,1.053,-0.021,435,26.0,0.888,412,26.9,0.923,0.016
1,pd_on,ny_open,20,3,3.0,1,0.1,155,22.6,0.721,-0.14,97,27.8,1.04,77,26.0,0.955,0.017
1,pd_on,ny_open,20,3,3.0,1,0.25,301,26.6,1.035,0.014,231,26.0,0.841,198,23.7,0.728,-0.119
1,pd_on,ny_open,20,3,3.0,-1,0.1,218,23.4,0.954,-0.12,139,24.5,0.848,117,29.9,1.272,0.124
1,pd_on,ny_open,20,3,3.0,-1,0.25,374,25.4,1.1,-0.031,215,25.1,0.905,223,29.1,1.092,0.103
1,pd_on,ny_open,40,0,1.0,0,0.1,273,41.0,0.648,-0.217,205,54.6,1.115,186,51.1,0.944,0.011
1,pd_on,ny_open,40,0,1.0,0,0.25,730,46.2,0.895,-0.104,499,53.7,1.105,465,53.1,1.074,0.051
1,pd_on,ny_open,40,0,1.0,1,0.1,105,41.0,0.688,-0.216,89,60.7,1.351,74,51.4,1.018,0.006
1,pd_on,ny_open,40,0,1.0,1,0.25,307,44.6,0.851,-0.134,242,53.3,1.008,212,50.0,0.918,-0.015
1,pd_on,ny_open,40,0,1.0,-1,0.1,168,41.1,0.618,-0.218,116,50.0,0.937,112,50.9,0.885,0.013
1,pd_on,ny_open,40,0,1.0,-1,0.25,423,47.3,0.933,-0.082,258,54.3,1.215,254,55.5,1.237,0.101
1,pd_on,ny_open,40,0,1.5,0,0.1,273,31.9,0.671,-0.247,205,43.4,1.059,186,41.9,0.954,0.023
1,pd_on,ny_open,40,0,1.5,0,0.25,727,37.8,0.973,-0.08,498,43.4,1.118,464,42.9,1.07,0.051
1,pd_on,ny_open,40,0,1.5,1,0.1,105,30.5,0.665,-0.276,89,49.4,1.333,74,41.9,0.966,0.021
1,pd_on,ny_open,40,0,1.5,1,0.25,307,35.8,0.923,-0.132,242,42.1,1.028,212,39.6,0.906,-0.034
1,pd_on,ny_open,40,0,1.5,-1,0.1,168,32.7,0.675,-0.229,116,38.8,0.85,112,42.0,0.944,0.024
1,pd_on,ny_open,40,0,1.5,-1,0.25,422,39.1,1.005,-0.047,258,44.2,1.207,254,45.3,1.229,0.113
1,pd_on,ny_open,40,0,2.0,0,0.1,273,26.7,0.698,-0.244,204,37.3,1.052,186,33.9,0.895,-0.026
1,pd_on,ny_open,40,0,2.0,0,0.25,725,32.4,1.001,-0.062,493,36.9,1.1,460,36.1,1.029,0.035
1,pd_on,ny_open,40,0,2.0,1,0.1,105,25.7,0.721,-0.267,89,43.8,1.378,74,35.1,0.956,0.001
1,pd_on,ny_open,40,0,2.0,1,0.25,307,30.9,0.963,-0.109,242,36.8,1.021,212,34.0,0.89,-0.036
1,pd_on,ny_open,40,0,2.0,-1,0.1,168,27.4,0.681,-0.23,116,31.9,0.788,112,33.0,0.846,-0.043
1,pd_on,ny_open,40,0,2.0,-1,0.25,422,33.4,1.031,-0.03,258,36.8,1.173,253,37.2,1.142,0.073
1,pd_on,ny_open,40,0,3.0,0,0.1,273,18.3,0.623,-0.32,204,29.9,1.053,186,29.6,1.07,0.106
1,pd_on,ny_open,40,0,3.0,0,0.25,719,25.0,1.017,-0.067,485,30.9,1.095,454,30.6,1.053,0.095
1,pd_on,ny_open,40,0,3.0,1,0.1,105,14.3,0.505,-0.482,89,32.6,1.15,74,28.4,0.969,0.05
1,pd_on,ny_open,40,0,3.0,1,0.25,307,23.1,0.938,-0.162,242,28.1,0.832,212,26.9,0.778,-0.077
1,pd_on,ny_open,40,0,3.0,-1,0.1,168,20.8,0.72,-0.22,116,27.6,0.952,112,30.4,1.158,0.143
1,pd_on,ny_open,40,0,3.0,-1,0.25,421,26.4,1.085,0.001,258,32.2,1.319,253,32.8,1.282,0.196
1,pd_on,ny_open,40,1,1.0,0,0.1,75,49.3,0.877,-0.053,47,63.8,1.442,41,65.9,1.368,0.306
1,pd_on,ny_open,40,1,1.0,0,0.25,159,51.6,1.002,0.003,109,55.0,1.104,90,54.4,0.951,0.069
1,pd_on,ny_open,40,1,1.0,1,0.1,22,31.8,0.41,-0.4,21,66.7,1.725,16,,,
1,pd_on,ny_open,40,1,1.0,1,0.25,69,44.9,0.741,-0.126,53,60.4,1.673,43,60.5,1.531,0.183
1,pd_on,ny_open,40,1,1.0,-1,0.1,53,56.6,1.208,0.091,26,61.5,1.21,25,68.0,1.359,0.347
1,pd_on,ny_open,40,1,1.0,-1,0.25,90,56.7,1.322,0.101,56,50.0,0.715,47,48.9,0.574,-0.035
1,pd_on,ny_open,40,1,1.5,0,0.1,75,44.0,1.097,0.059,47,59.6,1.837,41,56.1,1.51,0.371
1,pd_on,ny_open,40,1,1.5,0,0.25,159,44.0,1.096,0.065,109,51.4,1.402,90,45.6,0.963,0.105
1,pd_on,ny_open,40,1,1.5,1,0.1,22,22.7,0.452,-0.47,21,66.7,2.428,16,,,
1,pd_on,ny_open,40,1,1.5,1,0.25,69,34.8,0.756,-0.17,53,58.5,2.155,43,53.5,1.463,0.296
1,pd_on,ny_open,40,1,1.5,-1,0.1,53,52.8,1.553,0.279,26,53.8,1.415,25,52.0,1.232,0.263
1,pd_on,ny_open,40,1,1.5,-1,0.25,90,51.1,1.518,0.245,56,44.6,0.887,47,38.3,0.598,-0.069
1,pd_on,ny_open,40,1,2.0,0,0.1,75,37.3,1.108,0.078,47,53.2,1.962,41,48.8,1.569,0.431
1,pd_on,ny_open,40,1,2.0,0,0.25,159,37.7,1.104,0.09,108,44.4,1.292,90,38.9,0.908,0.127
1,pd_on,ny_open,40,1,2.0,1,0.1,22,18.2,0.389,-0.493,21,66.7,3.238,16,,,
1,pd_on,ny_open,40,1,2.0,1,0.25,69,29.0,0.741,-0.16,53,52.8,1.905,43,46.5,1.28,0.342
1,pd_on,ny_open,40,1,2.0,-1,0.1,53,45.3,1.595,0.316,26,42.3,1.215,25,44.0,1.259,0.282
1,pd_on,ny_open,40,1,2.0,-1,0.25,90,44.4,1.537,0.281,56,35.7,0.782,47,31.9,0.604,-0.07
1,pd_on,ny_open,40,1,3.0,0,0.1,75,28.0,1.156,0.076,47,38.3,1.698,41,36.6,1.456,0.43
1,pd_on,ny_open,40,1,3.0,0,0.25,159,31.4,1.211,0.149,108,35.2,1.228,90,32.2,0.872,0.133
1,pd_on,ny_open,40,1,3.0,1,0.1,22,18.2,0.587,-0.312,21,47.6,2.659,16,,,
1,pd_on,ny_open,40,1,3.0,1,0.25,69,26.1,0.798,-0.083,53,41.5,1.75,43,39.5,1.184,0.344
1,pd_on,ny_open,40,1,3.0,-1,0.1,53,32.1,1.475,0.237,26,30.8,1.042,25,32.0,1.018,0.241
1,pd_on,ny_open,40,1,3.0,-1,0.25,90,35.6,1.667,0.326,56,28.6,0.763,47,25.5,0.609,-0.06
1,pd_on,ny_open,40,2,1.0,0,0.1,340,48.8,0.881,-0.058,222,59.9,1.254,210,55.2,1.033,0.085
1,pd_on,ny_open,40,2,1.0,0,0.25,622,48.9,0.92,-0.052,424,55.7,1.098,402,54.7,1.101,0.079
1,pd_on,ny_open,40,2,1.0,1,0.1,134,47.8,0.875,-0.079,102,60.8,1.308,90,52.2,0.99,0.015
1,pd_on,ny_open,40,2,1.0,1,0.25,270,47.4,0.872,-0.082,214,55.1,1.149,190,54.7,1.221,0.076
1,pd_on,ny_open,40,2,1.0,-1,0.1,206,49.5,0.884,-0.045,122,58.2,1.159,120,57.5,1.071,0.138
1,pd_on,ny_open,40,2,1.0,-1,0.25,355,50.1,0.972,-0.026,214,55.6,1.043,215,54.9,1.008,0.085
1,pd_on,ny_open,40,2,1.5,0,0.1,340,37.6,0.838,-0.105,222,51.4,1.325,210,47.6,1.129,0.159
1,pd_on,ny_open,40,2,1.5,0,0.25,622,39.1,0.967,-0.061,423,46.8,1.135,402,46.8,1.206,0.146
1,pd_on,ny_open,40,2,1.5,1,0.1,134,34.3,0.744,-0.186,102,52.9,1.46,90,45.6,1.102,0.104
1,pd_on,ny_open,40,2,1.5,1,0.25,270,35.9,0.864,-0.135,214,47.2,1.212,190,46.8,1.341,0.148
1,pd_on,ny_open,40,2,1.5,-1,0.1,206,39.8,0.915,-0.053,122,49.2,1.17,120,49.2,1.153,0.2
1,pd_on,ny_open,40,2,1.5,-1,0.25,355,41.4,1.063,-0.005,214,45.8,1.049,215,46.5,1.083,0.139
1,pd_on,ny_open,40,2,2.0,0,0.1,340,30.9,0.836,-0.125,222,42.8,1.298,210,41.4,1.19,0.207
1,pd_on,ny_open,40,2,2.0,0,0.25,621,32.5,0.947,-0.076,422,38.4,1.065,401,38.2,1.052,0.111
1,pd_on,ny_open,40,2,2.0,1,0.1,134,26.1,0.64,-0.263,102,47.1,1.565,90,40.0,1.195,0.164
1,pd_on,ny_open,40,2,2.0,1,0.25,270,29.3,0.854,-0.165,214,39.3,1.116,190,38.4,1.164,0.121
1,pd_on,ny_open,40,2,2.0,-1,0.1,206,34.0,1.007,-0.036,122,38.5,1.05,120,42.5,1.186,0.24
1,pd_on,ny_open,40,2,2.0,-1,0.25,355,34.9,1.028,-0.01,214,36.9,0.998,215,37.7,0.941,0.095
1,pd_on,ny_open,40,2,3.0,0,0.1,340,23.5,0.865,-0.117,222,33.8,1.31,210,33.3,1.229,0.282
1,pd_on,ny_open,40,2,3.0,0,0.25,621,26.4,1.023,-0.031,421,30.4,1.025,401,31.2,1.038,0.144
1,pd_on,ny_open,40,2,3.0,1,0.1,134,21.6,0.767,-0.19,102,34.3,1.42,90,32.2,1.207,0.222
1,pd_on,ny_open,40,2,3.0,1,0.25,270,24.1,0.874,-0.126,214,29.4,0.928,190,30.5,1.016,0.092
1,pd_on,ny_open,40,2,3.0,-1,0.1,206,24.8,0.943,-0.071,122,32.8,1.181,120,34.2,1.248,0.326
1,pd_on,ny_open,40,2,3.0,-1,0.25,355,28.2,1.16,0.04,214,30.4,1.088,215,31.2,1.025,0.168
1,pd_on,ny_open,40,3,1.0,0,0.1,375,47.7,0.852,-0.079,237,51.9,1.066,197,54.3,1.247,0.076
1,pd_on,ny_open,40,3,1.0,0,0.25,676,48.5,0.935,-0.057,446,49.6,0.935,423,50.8,0.972,0.004
1,pd_on,ny_open,40,3,1.0,1,0.1,156,48.1,0.826,-0.066,100,51.0,1.098,80,60.0,1.532,0.19
1,pd_on,ny_open,40,3,1.0,1,0.25,303,49.5,0.934,-0.034,235,48.1,0.925,203,50.2,0.927,-0.008
1,pd_on,ny_open,40,3,1.0,-1,0.1,219,47.5,0.875,-0.088,140,51.4,0.987,118,50.0,1.039,-0.01
1,pd_on,ny_open,40,3,1.0,-1,0.25,381,48.6,0.97,-0.059,217,50.7,0.954,225,51.1,1.017,0.01
1,pd_on,ny_open,40,3,1.5,0,0.1,375,38.4,0.861,-0.082,237,41.8,1.038,197,44.2,1.25,0.078
1,pd_on,ny_open,40,3,1.5,0,0.25,676,39.9,0.987,-0.034,446,40.1,0.946,423,41.8,1.033,0.028
1,pd_on,ny_open,40,3,1.5,1,0.1,156,37.8,0.77,-0.096,100,45.0,1.214,80,48.8,1.462,0.188
1,pd_on,ny_open,40,3,1.5,1,0.25,303,40.9,0.992,-0.009,235,39.6,0.91,203,40.9,0.956,0.001
1,pd_on,ny_open,40,3,1.5,-1,0.1,219,38.8,0.946,-0.072,140,38.6,0.874,118,40.7,1.082,-0.006
1,pd_on,ny_open,40,3,1.5,-1,0.25,381,39.9,1.018,-0.036,217,40.1,0.982,225,42.2,1.097,0.041
1,pd_on,ny_open,40,3,2.0,0,0.1,375,32.0,0.874,-0.084,237,35.0,1.034,197,38.6,1.286,0.108
1,pd_on,ny_open,40,3,2.0,0,0.25,675,33.8,1.022,-0.02,446,34.1,0.969,422,35.8,1.034,0.043
1,pd_on,ny_open,40,3,2.0,1,0.1,156,31.4,0.779,-0.1,100,38.0,1.179,80,42.5,1.495,0.231
1,pd_on,ny_open,40,3,2.0,1,0.25,303,34.0,1.01,-0.01,235,34.5,0.964,203,35.0,0.959,0.023
1,pd_on,ny_open,40,3,2.0,-1,0.1,219,32.4,0.96,-0.073,140,32.1,0.89,118,35.6,1.117,0.015
1,pd_on,ny_open,40,3,2.0,-1,0.25,380,34.2,1.066,-0.009,217,33.2,0.974,225,36.0,1.099,0.046
1,pd_on,ny_open,40,3,3.0,0,0.1,374,23.0,0.84,-0.131,236,27.1,1.008,197,29.4,1.203,0.113
1,pd_on,ny_open,40,3,3.0,0,0.25,670,25.8,1.058,-0.015,441,26.5,0.93,419,27.4,0.958,0.031
1,pd_on,ny_open,40,3,3.0,1,0.1,156,22.4,0.714,-0.146,100,30.0,1.173,80,28.7,1.111,0.098
1,pd_on,ny_open,40,3,3.0,1,0.25,303,26.4,1.023,0.007,235,27.2,0.922,203,25.1,0.804,-0.075
1,pd_on,ny_open,40,3,3.0,-1,0.1,219,23.3,0.948,-0.124,140,24.3,0.844,118,29.7,1.262,0.114
1,pd_on,ny_open,40,3,3.0,-1,0.25,380,25.8,1.119,-0.015,217,24.9,0.896,225,28.9,1.083,0.093
1,pd_on,ny_mid,10,0,1.0,0,0.1,172,49.4,0.88,-0.052,128,46.1,0.908,115,44.3,0.804,-0.118
1,pd_on,ny_mid,10,0,1.0,0,0.25,294,51.0,1.006,-0.012,218,48.2,0.951,208,47.1,0.875,-0.071
1,pd_on,ny_mid,10,0,1.0,1,0.1,63,46.0,0.812,-0.119,49,42.9,0.819,44,40.9,0.701,-0.165
1,pd_on,ny_mid,10,0,1.0,1,0.25,138,50.7,1.055,-0.014,105,49.5,1.0,90,46.7,0.839,-0.066
1,pd_on,ny_mid,10,0,1.0,-1,0.1,109,51.4,0.926,-0.013,79,48.1,0.978,71,46.5,0.889,-0.089
1,pd_on,ny_mid,10,0,1.0,-1,0.25,156,51.3,0.955,-0.01,113,46.9,0.897,118,47.5,0.907,-0.075
1,pd_on,ny_mid,10,0,1.5,0,0.1,172,38.4,0.859,-0.085,128,35.2,0.875,115,37.4,0.881,-0.084
1,pd_on,ny_mid,10,0,1.5,0,0.25,294,40.5,0.991,-0.029,218,36.2,0.833,208,38.5,0.868,-0.061
1,pd_on,ny_mid,10,0,1.5,1,0.1,63,34.9,0.757,-0.169,49,40.8,1.098,44,36.4,0.869,-0.098
1,pd_on,ny_mid,10,0,1.5,1,0.25,138,39.1,0.96,-0.065,105,38.1,0.819,90,35.6,0.774,-0.119
1,pd_on,ny_mid,10,0,1.5,-1,0.1,109,40.4,0.929,-0.037,79,31.6,0.74,71,38.0,0.89,-0.076
1,pd_on,ny_mid,10,0,1.5,-1,0.25,156,41.7,1.025,0.002,113,34.5,0.848,118,40.7,0.954,-0.016
1,pd_on,ny_mid,10,0,2.0,0,0.1,172,34.3,0.924,-0.016,128,28.9,0.814,115,32.2,0.855,-0.084
1,pd_on,ny_mid,10,0,2.0,0,0.25,294,36.7,1.113,0.05,218,31.2,0.85,208,32.7,0.834,-0.078
1,pd_on,ny_mid,10,0,2.0,1,0.1,63,31.7,0.902,-0.09,49,36.7,1.187,44,34.1,0.962,-0.05
1,pd_on,ny_mid,10,0,2.0,1,0.25,138,35.5,1.075,-0.0,105,36.2,0.952,90,33.3,0.839,-0.069
1,pd_on,ny_mid,10,0,2.0,-1,0.1,109,35.8,0.938,0.026,79,24.1,0.608,71,31.0,0.784,-0.105
1,pd_on,ny_mid,10,0,2.0,-1,0.25,156,37.8,1.156,0.094,113,26.5,0.744,118,32.2,0.83,-0.085
1,pd_on,ny_mid,10,0,3.0,0,0.1,172,27.3,0.982,0.03,128,19.5,0.635,115,24.3,0.867,-0.104
1,pd_on,ny_mid,10,0,3.0,0,0.25,291,31.6,1.304,0.15,218,24.3,0.808,207,26.1,0.818,-0.111
1,pd_on,ny_mid,10,0,3.0,1,0.1,63,22.2,0.746,-0.201,49,24.5,0.948,44,22.7,0.883,-0.188
1,pd_on,ny_mid,10,0,3.0,1,0.25,138,29.7,1.182,0.028,105,27.6,0.9,90,23.3,0.72,-0.24
1,pd_on,ny_mid,10,0,3.0,-1,0.1,109,30.3,1.146,0.163,79,16.5,0.44,71,25.4,0.856,-0.052
1,pd_on,ny_mid,10,0,3.0,-1,0.25,156,32.7,1.394,0.236,113,21.2,0.708,118,28.0,0.889,-0.02
1,pd_on,ny_mid,10,1,1.0,0,0.1,36,47.2,0.716,-0.095,29,51.7,1.332,24,58.3,1.53,0.141
1,pd_on,ny_mid,10,1,1.0,0,0.25,57,54.4,1.199,0.055,41,53.7,1.258,35,60.0,1.508,0.178
1,pd_on,ny_mid,10,1,1.0,1,0.1,13,,,,11,,,10,,,
1,pd_on,ny_mid,10,1,1.0,1,0.25,26,57.7,1.609,0.124,17,,,16,,,
1,pd_on,ny_mid,10,1,1.0,-1,0.1,23,52.2,0.707,0.003,18,,,14,,,
1,pd_on,ny_mid,10,1,1.0,-1,0.25,31,51.6,0.936,-0.003,24,50.0,1.204,19,,,
1,pd_on,ny_mid,10,1,1.5,0,0.1,36,33.3,0.646,-0.21,29,41.4,1.348,24,50.0,1.397,0.212
1,pd_on,ny_mid,10,1,1.5,0,0.25,57,42.1,1.223,0.017,41,41.5,1.099,35,48.6,1.212,0.208
1,pd_on,ny_mid,10,1,1.5,1,0.1,13,,,,11,,,10,,,
1,pd_on,ny_mid,10,1,1.5,1,0.25,26,42.3,1.346,0.025,17,,,16,,,
1,pd_on,ny_mid,10,1,1.5,-1,0.1,23,39.1,0.704,-0.065,18,,,14,,,
1,pd_on,ny_mid,10,1,1.5,-1,0.25,31,41.9,1.124,0.011,24,29.2,0.603,19,,,
1,pd_on,ny_mid,10,1,2.0,0,0.1,36,30.6,0.644,-0.127,29,37.9,1.475,24,45.8,1.47,0.286
1,pd_on,ny_mid,10,1,2.0,0,0.25,57,38.6,1.355,0.122,41,36.6,1.089,35,40.0,1.043,0.158
1,pd_on,ny_mid,10,1,2.0,1,0.1,13,,,,11,,,10,,,
1,pd_on,ny_mid,10,1,2.0,1,0.25,26,34.6,1.198,0.005,17,,,16,,,
1,pd_on,ny_mid,10,1,2.0,-1,0.1,23,39.1,0.944,0.13,18,,,14,,,
1,pd_on,ny_mid,10,1,2.0,-1,0.25,31,41.9,1.504,0.221,24,29.2,0.807,19,,,
1,pd_on,ny_mid,10,1,3.0,0,0.1,36,19.4,0.536,-0.268,29,31.0,1.751,24,41.7,1.847,0.536
1,pd_on,ny_mid,10,1,3.0,0,0.25,57,28.1,1.313,0.041,41,29.3,1.201,35,37.1,1.325,0.38
1,pd_on,ny_mid,10,1,3.0,1,0.1,13,,,,11,,,10,,,
1,pd_on,ny_mid,10,1,3.0,1,0.25,26,26.9,1.048,-0.054,17,,,16,,,
1,pd_on,ny_mid,10,1,3.0,-1,0.1,23,21.7,0.621,-0.177,18,,,14,,,
1,pd_on,ny_mid,10,1,3.0,-1,0.25,31,29.0,1.56,0.121,24,25.0,1.127,19,,,
1,pd_on,ny_mid,10,2,1.0,0,0.1,182,58.8,1.226,0.147,128,50.8,0.921,124,54.8,1.096,0.086
1,pd_on,ny_mid,10,2,1.0,0,0.25,256,55.9,1.084,0.091,184,53.3,1.049,183,56.3,1.216,0.114
1,pd_on,ny_mid,10,2,1.0,1,0.1,72,62.5,1.496,0.218,48,52.1,0.811,47,48.9,0.886,-0.029
1,pd_on,ny_mid,10,2,1.0,1,0.25,119,56.3,1.09,0.098,86,58.1,1.207,82,56.1,1.263,0.112
1,pd_on,ny_mid,10,2,1.0,-1,0.1,110,56.4,1.053,0.101,80,50.0,1.007,77,58.4,1.272,0.156
1,pd_on,ny_mid,10,2,1.0,-1,0.25,137,55.5,1.077,0.084,98,49.0,0.893,101,56.4,1.171,0.115
1,pd_on,ny_mid,10,2,1.5,0,0.1,182,46.2,1.141,0.115,128,35.9,0.758,124,38.7,0.879,-0.058
1,pd_on,ny_mid,10,2,1.5,0,0.25,256,44.9,1.126,0.089,184,40.2,0.963,183,42.6,1.119,0.04
1,pd_on,ny_mid,10,2,1.5,1,0.1,72,50.0,1.249,0.206,48,33.3,0.533,47,34.0,0.688,-0.17
1,pd_on,ny_mid,10,2,1.5,1,0.25,119,45.4,1.053,0.099,86,44.2,1.096,82,42.7,1.15,0.055
1,pd_on,ny_mid,10,2,1.5,-1,0.1,110,43.6,1.063,0.055,80,37.5,0.946,77,41.6,1.031,0.01
1,pd_on,ny_mid,10,2,1.5,-1,0.25,137,44.5,1.208,0.08,98,36.7,0.831,101,42.6,1.088,0.027
1,pd_on,ny_mid,10,2,2.0,0,0.1,182,36.3,1.049,0.043,128,29.7,0.772,124,33.9,0.901,-0.018
1,pd_on,ny_mid,10,2,2.0,0,0.25,256,35.9,1.062,0.038,184,33.2,0.935,183,34.4,0.938,-0.013
1,pd_on,ny_mid,10,2,2.0,1,0.1,72,43.1,1.348,0.245,48,29.2,0.607,47,29.8,0.731,-0.139
1,pd_on,ny_mid,10,2,2.0,1,0.25,119,37.8,1.001,0.092,86,36.0,0.979,82,34.1,0.984,-0.019
1,pd_on,ny_mid,10,2,2.0,-1,0.1,110,31.8,0.854,-0.088,80,30.0,0.899,77,36.4,1.029,0.055
1,pd_on,ny_mid,10,2,2.0,-1,0.25,137,34.3,1.128,-0.009,98,30.6,0.888,101,34.7,0.894,-0.008
1,pd_on,ny_mid,10,2,3.0,0,0.1,182,29.7,1.118,0.122,128,21.1,0.792,124,27.4,1.006,0.033
1,pd_on,ny_mid,10,2,3.0,0,0.25,254,31.1,1.246,0.157,184,25.5,1.011,182,29.1,1.077,0.055
1,pd_on,ny_mid,10,2,3.0,1,0.1,72,30.6,1.115,0.138,48,18.8,0.643,47,23.4,0.799,-0.159
1,pd_on,ny_mid,10,2,3.0,1,0.25,119,29.4,1.022,0.077,86,27.9,1.039,82,28.0,1.056,-0.024
1,pd_on,ny_mid,10,2,3.0,-1,0.1,110,29.1,1.12,0.111,80,22.5,0.901,77,29.9,1.158,0.15
1,pd_on,ny_mid,10,2,3.0,-1,0.25,137,32.1,1.47,0.209,98,23.5,0.983,101,29.7,1.066,0.108
1,pd_on,ny_mid,10,3,1.0,0,0.1,211,50.7,0.903,-0.03,130,43.1,0.658,116,45.7,0.734,-0.119
1,pd_on,ny_mid,10,3,1.0,0,0.25,299,49.8,0.942,-0.041,202,48.0,0.922,192,49.0,0.915,-0.046
1,pd_on,ny_mid,10,3,1.0,1,0.1,96,45.8,0.857,-0.121,50,50.0,0.824,38,44.7,0.657,-0.135
1,pd_on,ny_mid,10,3,1.0,1,0.25,142,45.1,0.835,-0.132,94,54.3,1.046,79,49.4,0.815,-0.035
1,pd_on,ny_mid,10,3,1.0,-1,0.1,115,54.8,0.95,0.047,80,38.8,0.561,78,46.2,0.779,-0.111
1,pd_on,ny_mid,10,3,1.0,-1,0.25,157,54.1,1.056,0.041,108,42.6,0.816,113,48.7,1.001,-0.054
1,pd_on,ny_mid,10,3,1.5,0,0.1,211,42.2,0.97,0.009,130,35.4,0.734,116,37.9,0.849,-0.085
1,pd_on,ny_mid,10,3,1.5,0,0.25,299,42.1,1.058,0.014,202,38.1,0.861,192,39.1,0.874,-0.064
1,pd_on,ny_mid,10,3,1.5,1,0.1,96,38.5,0.944,-0.076,50,42.0,0.891,38,34.2,0.717,-0.176
1,pd_on,ny_mid,10,3,1.5,1,0.25,142,39.4,1.011,-0.049,94,42.6,0.842,79,38.0,0.719,-0.106
1,pd_on,ny_mid,10,3,1.5,-1,0.1,115,45.2,0.995,0.079,80,31.2,0.638,78,39.7,0.928,-0.041
1,pd_on,ny_mid,10,3,1.5,-1,0.25,157,44.6,1.106,0.071,108,34.3,0.88,113,39.8,1.011,-0.034
1,pd_on,ny_mid,10,3,2.0,0,0.1,211,36.0,0.991,0.034,130,29.2,0.768,116,33.6,0.981,-0.026
1,pd_on,ny_mid,10,3,2.0,0,0.25,299,36.5,1.144,0.053,202,32.7,0.946,192,35.4,1.006,0.001
1,pd_on,ny_mid,10,3,2.0,1,0.1,96,33.3,1.005,-0.04,50,38.0,1.052,38,34.2,0.96,-0.005
1,pd_on,ny_mid,10,3,2.0,1,0.25,142,33.8,1.08,-0.021,94,39.4,0.983,79,36.7,0.902,0.027
1,pd_on,ny_mid,10,3,2.0,-1,0.1,115,38.3,0.977,0.095,80,23.8,0.605,78,33.3,0.994,-0.036
1,pd_on,ny_mid,10,3,2.0,-1,0.25,157,38.9,1.207,0.121,108,26.9,0.912,113,34.5,1.094,-0.017
1,pd_on,ny_mid,10,3,3.0,0,0.1,211,27.5,1.045,0.051,130,20.0,0.699,116,25.0,0.977,-0.035
1,pd_on,ny_mid,10,3,3.0,0,0.25,299,27.8,1.133,0.057,202,23.3,0.899,191,26.7,1.008,-0.016
1,pd_on,ny_mid,10,3,3.0,1,0.1,96,28.1,1.206,0.084,50,28.0,0.981,38,23.7,0.852,-0.085
1,pd_on,ny_mid,10,3,3.0,1,0.25,142,28.9,1.25,0.088,94,30.9,1.038,79,26.6,0.851,-0.039
1,pd_on,ny_mid,10,3,3.0,-1,0.1,115,27.0,0.903,0.023,80,15.0,0.531,78,25.6,1.049,-0.011
1,pd_on,ny_mid,10,3,3.0,-1,0.25,157,26.8,1.029,0.029,108,16.7,0.776,113,26.5,1.119,-0.009
1,pd_on,ny_mid,20,0,1.0,0,0.1,187,49.7,0.906,-0.047,139,46.0,0.913,125,45.6,0.859,-0.095
1,pd_on,ny_mid,20,0,1.0,0,0.25,355,50.1,1.009,-0.029,238,49.2,1.001,230,48.7,0.936,-0.043
1,pd_on,ny_mid,20,0,1.0,1,0.1,68,45.6,0.785,-0.128,54,40.7,0.741,48,43.8,0.785,-0.112
1,pd_on,ny_mid,20,0,1.0,1,0.25,167,47.9,0.95,-0.069,115,48.7,0.965,102,49.0,0.931,-0.021
1,pd_on,ny_mid,20,0,1.0,-1,0.1,119,52.1,0.99,-0.001,85,49.4,1.061,77,46.8,0.92,-0.085
1,pd_on,ny_mid,20,0,1.0,-1,0.25,188,52.1,1.077,0.007,123,49.6,1.044,128,48.4,0.94,-0.061
1,pd_on,ny_mid,20,0,1.5,0,0.1,187,39.6,0.92,-0.056,139,36.0,0.914,125,39.2,0.969,-0.04
1,pd_on,ny_mid,20,0,1.5,0,0.25,355,40.6,1.046,-0.025,237,37.6,0.864,230,40.0,0.926,-0.027
1,pd_on,ny_mid,20,0,1.5,1,0.1,68,35.3,0.757,-0.159,54,38.9,1.0,48,39.6,0.997,-0.018
1,pd_on,ny_mid,20,0,1.5,1,0.25,167,38.3,0.963,-0.081,115,37.4,0.79,102,38.2,0.882,-0.053
1,pd_on,ny_mid,20,0,1.5,-1,0.1,119,42.0,1.034,0.002,85,34.1,0.856,77,39.0,0.948,-0.053
1,pd_on,ny_mid,20,0,1.5,-1,0.25,188,42.6,1.144,0.025,123,37.4,0.931,128,41.4,0.969,-0.007
1,pd_on,ny_mid,20,0,2.0,0,0.1,187,35.3,0.973,0.013,139,28.8,0.799,125,32.0,0.85,-0.088
1,pd_on,ny_mid,20,0,2.0,0,0.25,353,36.0,1.101,0.029,237,31.6,0.849,230,33.0,0.853,-0.075
1,pd_on,ny_mid,20,0,2.0,1,0.1,68,32.4,0.908,-0.071,54,35.2,1.094,48,35.4,0.958,-0.006
1,pd_on,ny_mid,20,0,2.0,1,0.25,167,34.7,1.056,-0.022,115,34.8,0.897,102,34.3,0.881,-0.041
1,pd_on,ny_mid,20,0,2.0,-1,0.1,119,37.0,1.014,0.061,85,24.7,0.628,77,29.9,0.778,-0.139
1,pd_on,ny_mid,20,0,2.0,-1,0.25,188,37.2,1.158,0.079,123,28.5,0.777,128,32.0,0.827,-0.102
1,pd_on,ny_mid,20,0,3.0,0,0.1,187,27.8,0.994,0.049,139,19.4,0.635,125,24.8,0.891,-0.083
1,pd_on,ny_mid,20,0,3.0,0,0.25,349,30.4,1.218,0.106,237,24.5,0.79,229,26.6,0.838,-0.103
1,pd_on,ny_mid,20,0,3.0,1,0.1,68,23.5,0.791,-0.145,54,24.1,0.912,48,25.0,0.924,-0.091
1,pd_on,ny_mid,20,0,3.0,1,0.25,167,29.3,1.125,0.025,115,27.0,0.85,102,25.5,0.791,-0.169
1,pd_on,ny_mid,20,0,3.0,-1,0.1,119,30.3,1.13,0.16,85,16.5,0.46,77,24.7,0.868,-0.077
1,pd_on,ny_mid,20,0,3.0,-1,0.25,188,30.9,1.286,0.163,123,22.0,0.706,128,27.3,0.866,-0.058
1,pd_on,ny_mid,20,1,1.0,0,0.1,43,48.8,0.796,-0.063,33,54.5,1.506,31,61.3,1.756,0.198
1,pd_on,ny_mid,20,1,1.0,0,0.25,82,48.8,0.919,-0.054,54,61.1,1.673,50,62.0,1.66,0.205
1,pd_on,ny_mid,20,1,1.0,1,0.1,17,,,,12,,,12,,,
1,pd_on,ny_mid,20,1,1.0,1,0.25,42,47.6,0.883,-0.075,25,68.0,1.821,24,66.7,1.458,0.296
1,pd_on,ny_mid,20,1,1.0,-1,0.1,26,53.8,0.771,0.037,21,52.4,1.567,19,,,
1,pd_on,ny_mid,20,1,1.0,-1,0.25,40,50.0,0.961,-0.033,29,55.2,1.527,26,57.7,1.883,0.12
1,pd_on,ny_mid,20,1,1.5,0,0.1,43,37.2,0.791,-0.112,33,42.4,1.426,31,51.6,1.595,0.229
1,pd_on,ny_mid,20,1,1.5,0,0.25,82,39.0,1.006,-0.057,54,44.4,1.231,50,50.0,1.381,0.2
1,pd_on,ny_mid,20,1,1.5,1,0.1,17,,,,12,,,12,,,
1,pd_on,ny_mid,20,1,1.5,1,0.25,42,35.7,0.833,-0.137,25,60.0,1.853,24,62.5,1.687,0.493
1,pd_on,ny_mid,20,1,1.5,-1,0.1,26,42.3,0.808,0.015,21,33.3,1.064,19,,,
1,pd_on,ny_mid,20,1,1.5,-1,0.25,40,42.5,1.233,0.028,29,31.0,0.726,26,38.5,1.121,-0.071
1,pd_on,ny_mid,20,1,2.0,0,0.1,43,32.6,0.726,-0.066,33,39.4,1.571,31,45.2,1.476,0.237
1,pd_on,ny_mid,20,1,2.0,0,0.25,82,35.4,1.134,0.028,54,38.9,1.162,50,42.0,1.264,0.165
1,pd_on,ny_mid,20,1,2.0,1,0.1,17,,,,12,,,12,,,
1,pd_on,ny_mid,20,1,2.0,1,0.25,42,28.6,0.785,-0.173,25,48.0,1.36,24,54.2,1.531,0.534
1,pd_on,ny_mid,20,1,2.0,-1,0.1,26,42.3,1.084,0.226,21,33.3,1.388,19,,,
1,pd_on,ny_mid,20,1,2.0,-1,0.25,40,42.5,1.649,0.24,29,31.0,0.954,26,30.8,1.02,-0.176
1,pd_on,ny_mid,20,1,3.0,0,0.1,43,23.3,0.698,-0.114,33,30.3,1.63,31,38.7,1.659,0.365
1,pd_on,ny_mid,20,1,3.0,0,0.25,82,28.0,1.244,0.035,54,31.5,1.247,50,38.0,1.543,0.316
1,pd_on,ny_mid,20,1,3.0,1,0.1,17,,,,12,,,12,,,
1,pd_on,ny_mid,20,1,3.0,1,0.25,42,23.8,0.77,-0.179,25,36.0,1.18,24,45.8,1.604,0.6
1,pd_on,ny_mid,20,1,3.0,-1,0.1,26,26.9,0.832,0.031,21,28.6,1.845,19,,,
1,pd_on,ny_mid,20,1,3.0,-1,0.25,40,32.5,1.907,0.26,29,27.6,1.328,26,30.8,1.481,0.054
1,pd_on,ny_mid,20,2,1.0,0,0.1,199,58.3,1.214,0.154,139,52.5,1.037,133,55.6,1.173,0.1
1,pd_on,ny_mid,20,2,1.0,0,0.25,316,54.1,1.053,0.067,204,54.9,1.145,202,56.4,1.217,0.113
1,pd_on,ny_mid,20,2,1.0,1,0.1,80,60.0,1.342,0.212,54,55.6,0.991,52,53.8,1.11,0.068
1,pd_on,ny_mid,20,2,1.0,1,0.25,150,52.0,0.927,0.037,97,58.8,1.205,93,57.0,1.26,0.129
1,pd_on,ny_mid,20,2,1.0,-1,0.1,119,57.1,1.124,0.115,85,50.6,1.071,81,56.8,1.224,0.12
1,pd_on,ny_mid,20,2,1.0,-1,0.25,166,56.0,1.209,0.095,107,51.4,1.08,109,56.0,1.173,0.099
1,pd_on,ny_mid,20,2,1.5,0,0.1,199,46.7,1.179,0.144,139,38.1,0.863,133,40.6,0.986,-0.012
1,pd_on,ny_mid,20,2,1.5,0,0.25,316,44.3,1.146,0.085,204,42.6,1.082,202,44.1,1.176,0.07
1,pd_on,ny_mid,20,2,1.5,1,0.1,80,48.8,1.177,0.213,54,37.0,0.673,52,40.4,0.951,-0.012
1,pd_on,ny_mid,20,2,1.5,1,0.25,150,43.3,1.011,0.07,97,45.4,1.123,93,45.2,1.234,0.116
1,pd_on,ny_mid,20,2,1.5,-1,0.1,119,45.4,1.18,0.098,85,38.8,1.024,81,40.7,1.013,-0.011
1,pd_on,ny_mid,20,2,1.5,-1,0.25,166,45.2,1.309,0.098,107,40.2,1.036,109,43.1,1.116,0.031
1,pd_on,ny_mid,20,2,2.0,0,0.1,199,37.2,1.113,0.084,139,31.7,0.845,133,34.6,0.945,0.003
1,pd_on,ny_mid,20,2,2.0,0,0.25,315,35.6,1.096,0.035,203,35.0,0.973,202,35.1,0.971,0.003
1,pd_on,ny_mid,20,2,2.0,1,0.1,80,42.5,1.288,0.26,54,31.5,0.667,52,32.7,0.848,-0.051
1,pd_on,ny_mid,20,2,2.0,1,0.25,150,36.7,0.985,0.072,97,36.1,0.928,93,35.5,1.047,0.024
1,pd_on,ny_mid,20,2,2.0,-1,0.1,119,33.6,0.991,-0.035,85,31.8,0.99,81,35.8,1.02,0.037
1,pd_on,ny_mid,20,2,2.0,-1,0.25,166,34.9,1.239,0.014,107,33.6,0.994,109,34.9,0.893,-0.015
1,pd_on,ny_mid,20,2,3.0,0,0.1,199,30.7,1.2,0.171,139,21.6,0.812,133,26.3,0.944,-0.01
1,pd_on,ny_mid,20,2,3.0,0,0.25,313,30.4,1.184,0.127,203,26.6,1.014,201,28.9,1.037,0.024
1,pd_on,ny_mid,20,2,3.0,1,0.1,80,31.2,1.112,0.19,54,16.7,0.559,52,23.1,0.744,-0.166
1,pd_on,ny_mid,20,2,3.0,1,0.25,150,29.3,0.945,0.07,97,25.8,0.902,93,28.0,1.002,-0.046
1,pd_on,ny_mid,20,2,3.0,-1,0.1,119,30.3,1.27,0.158,85,24.7,1.021,81,28.4,1.104,0.091
1,pd_on,ny_mid,20,2,3.0,-1,0.25,166,31.3,1.465,0.181,107,27.1,1.115,109,29.4,1.045,0.074
1,pd_on,ny_mid,20,3,1.0,0,0.1,232,50.0,0.872,-0.044,140,42.1,0.636,126,46.0,0.746,-0.112
1,pd_on,ny_mid,20,3,1.0,0,0.25,338,49.4,0.93,-0.049,223,47.5,0.921,217,49.8,0.987,-0.029
1,pd_on,ny_mid,20,3,1.0,1,0.1,106,44.3,0.789,-0.151,55,49.1,0.782,44,47.7,0.746,-0.074
1,pd_on,ny_mid,20,3,1.0,1,0.25,164,43.9,0.792,-0.155,107,53.3,1.023,95,50.5,0.875,-0.011
1,pd_on,ny_mid,20,3,1.0,-1,0.1,126,54.8,0.96,0.046,85,37.6,0.545,82,45.1,0.746,-0.132
1,pd_on,ny_mid,20,3,1.0,-1,0.25,174,54.6,1.096,0.051,116,42.2,0.822,122,49.2,1.1,-0.044
1,pd_on,ny_mid,20,3,1.5,0,0.1,232,42.2,0.965,0.01,140,34.3,0.698,126,37.3,0.824,-0.101
1,pd_on,ny_mid,20,3,1.5,0,0.25,338,41.7,1.033,0.004,223,38.1,0.881,217,39.2,0.893,-0.067
1,pd_on,ny_mid,20,3,1.5,1,0.1,106,37.7,0.894,-0.096,55,41.8,0.872,44,34.1,0.716,-0.178
1,pd_on,ny_mid,20,3,1.5,1,0.25,164,37.8,0.927,-0.089,107,43.0,0.882,95,37.9,0.733,-0.116
1,pd_on,ny_mid,20,3,1.5,-1,0.1,126,46.0,1.037,0.1,85,29.4,0.59,82,39.0,0.896,-0.06
1,pd_on,ny_mid,20,3,1.5,-1,0.25,174,45.4,1.152,0.092,116,33.6,0.879,122,40.2,1.059,-0.029
1,pd_on,ny_mid,20,3,2.0,0,0.1,232,36.2,0.984,0.034,140,28.6,0.742,126,33.3,0.962,-0.034
1,pd_on,ny_mid,20,3,2.0,0,0.25,338,36.1,1.085,0.04,223,32.7,0.958,217,35.5,1.018,-0.005
1,pd_on,ny_mid,20,3,2.0,1,0.1,106,32.1,0.92,-0.089,55,38.2,1.041,44,34.1,0.958,-0.008
1,pd_on,ny_mid,20,3,2.0,1,0.25,164,31.7,0.911,-0.091,107,39.3,0.987,95,35.8,0.869,-0.011
1,pd_on,ny_mid,20,3,2.0,-1,0.1,126,39.7,1.047,0.138,85,22.4,0.563,82,32.9,0.965,-0.048
1,pd_on,ny_mid,20,3,2.0,-1,0.25,174,40.2,1.286,0.163,116,26.7,0.928,122,35.2,1.165,-0.0
1,pd_on,ny_mid,20,3,3.0,0,0.1,232,27.6,1.031,0.043,140,19.3,0.664,126,25.4,0.986,-0.019
1,pd_on,ny_mid,20,3,3.0,0,0.25,338,27.5,1.087,0.041,223,23.8,0.946,215,27.9,1.073,0.013
1,pd_on,ny_mid,20,3,3.0,1,0.1,106,27.4,1.109,0.028,55,27.3,0.927,44,25.0,0.922,-0.032
1,pd_on,ny_mid,20,3,3.0,1,0.25,164,27.4,1.079,0.019,107,30.8,1.065,95,27.4,0.901,-0.024
1,pd_on,ny_mid,20,3,3.0,-1,0.1,126,27.8,0.96,0.056,85,14.1,0.498,82,25.6,1.027,-0.013
1,pd_on,ny_mid,20,3,3.0,-1,0.25,174,27.6,1.095,0.063,116,17.2,0.829,122,27.9,1.207,0.026
1,pd_on,ny_mid,40,0,1.0,0,0.1,195,49.2,0.902,-0.059,145,47.6,0.929,129,46.5,0.862,-0.078
1,pd_on,ny_mid,40,0,1.0,0,0.25,372,50.0,1.004,-0.032,253,49.8,0.972,245,48.2,0.876,-0.05
1,pd_on,ny_mid,40,0,1.0,1,0.1,69,46.4,0.811,-0.112,57,43.9,0.786,49,44.9,0.805,-0.09
1,pd_on,ny_mid,40,0,1.0,1,0.25,176,48.9,0.97,-0.05,124,49.2,0.937,107,47.7,0.871,-0.04
1,pd_on,ny_mid,40,0,1.0,-1,0.1,126,50.8,0.961,-0.029,88,50.0,1.047,80,47.5,0.907,-0.07
1,pd_on,ny_mid,40,0,1.0,-1,0.25,196,51.0,1.043,-0.016,129,50.4,1.015,138,48.6,0.879,-0.058
1,pd_on,ny_mid,40,0,1.5,0,0.1,195,39.5,0.929,-0.059,145,36.6,0.91,129,38.8,0.944,-0.052
1,pd_on,ny_mid,40,0,1.5,0,0.25,372,40.6,1.039,-0.025,252,37.7,0.837,245,38.8,0.858,-0.054
1,pd_on,ny_mid,40,0,1.5,1,0.1,69,36.2,0.789,-0.135,57,40.4,1.03,49,40.8,1.025,0.012
1,pd_on,ny_mid,40,0,1.5,1,0.25,176,39.2,0.972,-0.058,124,37.1,0.757,107,37.4,0.838,-0.066
1,pd_on,ny_mid,40,0,1.5,-1,0.1,126,41.3,1.021,-0.018,88,34.1,0.832,80,37.5,0.888,-0.09
1,pd_on,ny_mid,40,0,1.5,-1,0.25,196,41.8,1.119,0.006,129,38.0,0.915,138,39.9,0.876,-0.045
1,pd_on,ny_mid,40,0,2.0,0,0.1,195,34.9,0.967,-0.001,145,28.3,0.78,129,31.8,0.836,-0.094
1,pd_on,ny_mid,40,0,2.0,0,0.25,370,35.9,1.072,0.019,252,31.3,0.825,245,32.2,0.803,-0.092
1,pd_on,ny_mid,40,0,2.0,1,0.1,69,31.9,0.889,-0.085,57,35.1,1.086,49,36.7,0.992,0.034
1,pd_on,ny_mid,40,0,2.0,1,0.25,176,35.2,1.019,-0.026,124,33.9,0.853,107,33.6,0.842,-0.05
1,pd_on,ny_mid,40,0,2.0,-1,0.1,126,36.5,1.016,0.045,88,23.9,0.603,80,28.7,0.736,-0.173
1,pd_on,ny_mid,40,0,2.0,-1,0.25,196,36.7,1.14,0.063,129,28.7,0.775,138,31.2,0.77,-0.125
1,pd_on,ny_mid,40,0,3.0,0,0.1,195,27.2,0.978,0.024,145,19.3,0.627,129,24.8,0.883,-0.081
1,pd_on,ny_mid,40,0,3.0,0,0.25,366,30.3,1.187,0.092,252,24.2,0.765,244,25.8,0.782,-0.123
1,pd_on,ny_mid,40,0,3.0,1,0.1,69,23.2,0.776,-0.158,57,24.6,0.921,49,26.5,0.969,-0.029
1,pd_on,ny_mid,40,0,3.0,1,0.25,176,30.1,1.097,0.03,124,26.6,0.825,107,25.2,0.765,-0.163
1,pd_on,ny_mid,40,0,3.0,-1,0.1,126,29.4,1.108,0.123,88,15.9,0.443,80,23.8,0.824,-0.114
1,pd_on,ny_mid,40,0,3.0,-1,0.25,196,30.1,1.257,0.133,129,21.7,0.682,138,26.1,0.785,-0.099
1,pd_on,ny_mid,40,1,1.0,0,0.1,45,51.1,0.845,-0.017,34,55.9,1.599,34,61.8,1.766,0.208
1,pd_on,ny_mid,40,1,1.0,0,0.25,89,49.4,0.929,-0.041,62,61.3,1.555,60,61.7,1.601,0.201
1,pd_on,ny_mid,40,1,1.0,1,0.1,17,,,,12,,,12,,,
1,pd_on,ny_mid,40,1,1.0,1,0.25,46,47.8,0.914,-0.07,31,67.7,1.786,27,66.7,1.621,0.298
1,pd_on,ny_mid,40,1,1.0,-1,0.1,28,57.1,0.854,0.102,22,54.5,1.735,22,59.1,2.073,0.143
1,pd_on,ny_mid,40,1,1.0,-1,0.25,43,51.2,0.948,-0.01,31,54.8,1.32,33,57.6,1.585,0.122
1,pd_on,ny_mid,40,1,1.5,0,0.1,45,40.0,0.854,-0.042,34,44.1,1.538,34,52.9,1.684,0.265
1,pd_on,ny_mid,40,1,1.5,0,0.25,89,40.4,1.045,-0.021,62,45.2,1.186,60,48.3,1.305,0.164
1,pd_on,ny_mid,40,1,1.5,1,0.1,17,,,,12,,,12,,,
1,pd_on,ny_mid,40,1,1.5,1,0.25,46,37.0,0.911,-0.105,31,58.1,1.703,27,59.3,1.647,0.418
1,pd_on,ny_mid,40,1,1.5,-1,0.1,28,46.4,0.917,0.118,22,36.4,1.237,22,45.5,1.502,0.061
1,pd_on,ny_mid,40,1,1.5,-1,0.25,43,44.2,1.226,0.07,31,32.3,0.706,33,39.4,1.07,-0.044
1,pd_on,ny_mid,40,1,2.0,0,0.1,45,35.6,0.801,0.024,34,41.2,1.712,34,47.1,1.623,0.302
1,pd_on,ny_mid,40,1,2.0,0,0.25,89,36.0,1.118,0.046,62,38.7,1.095,60,41.7,1.302,0.168
1,pd_on,ny_mid,40,1,2.0,1,0.1,17,,,,12,,,12,,,
1,pd_on,ny_mid,40,1,2.0,1,0.25,46,28.3,0.785,-0.182,31,45.2,1.233,27,51.9,1.578,0.473
1,pd_on,ny_mid,40,1,2.0,-1,0.1,28,46.4,1.23,0.35,22,36.4,1.62,22,36.4,1.138,-0.064
1,pd_on,ny_mid,40,1,2.0,-1,0.25,43,44.2,1.64,0.29,31,32.3,0.93,33,33.3,1.097,-0.082
1,pd_on,ny_mid,40,1,3.0,0,0.1,45,26.7,0.8,0.022,34,32.4,1.816,34,38.2,1.637,0.36
1,pd_on,ny_mid,40,1,3.0,0,0.25,89,29.2,1.197,0.058,62,32.3,1.099,60,36.7,1.42,0.241
1,pd_on,ny_mid,40,1,3.0,1,0.1,17,,,,12,,,12,,,
1,pd_on,ny_mid,40,1,3.0,1,0.25,46,23.9,0.71,-0.221,31,35.5,0.943,27,44.4,1.427,0.461
1,pd_on,ny_mid,40,1,3.0,-1,0.1,28,32.1,1.013,0.24,22,31.8,2.179,22,31.8,1.254,0.027
1,pd_on,ny_mid,40,1,3.0,-1,0.25,43,34.9,1.921,0.356,31,29.0,1.306,33,30.3,1.414,0.061
1,pd_on,ny_mid,40,2,1.0,0,0.1,207,58.5,1.244,0.155,145,53.1,1.033,138,55.1,1.081,0.088
1,pd_on,ny_mid,40,2,1.0,0,0.25,331,54.1,1.05,0.065,218,54.6,1.1,216,55.6,1.137,0.099
1,pd_on,ny_mid,40,2,1.0,1,0.1,82,61.0,1.392,0.231,57,56.1,1.011,54,53.7,1.026,0.065
1,pd_on,ny_mid,40,2,1.0,1,0.25,158,52.5,0.94,0.046,106,57.5,1.166,99,55.6,1.197,0.109
1,pd_on,ny_mid,40,2,1.0,-1,0.1,125,56.8,1.143,0.105,88,51.1,1.049,84,56.0,1.125,0.103
1,pd_on,ny_mid,40,2,1.0,-1,0.25,173,55.5,1.191,0.082,112,51.8,1.027,117,55.6,1.078,0.091
1,pd_on,ny_mid,40,2,1.5,0,0.1,207,47.3,1.223,0.157,145,39.3,0.874,138,40.6,0.933,-0.012
1,pd_on,ny_mid,40,2,1.5,0,0.25,331,44.4,1.134,0.086,218,42.7,1.046,216,43.1,1.087,0.05
1,pd_on,ny_mid,40,2,1.5,1,0.1,82,50.0,1.234,0.244,57,38.6,0.702,54,40.7,0.902,-0.003
1,pd_on,ny_mid,40,2,1.5,1,0.25,158,43.7,1.0,0.078,106,44.3,1.078,99,44.4,1.205,0.108
1,pd_on,ny_mid,40,2,1.5,-1,0.1,125,45.6,1.215,0.101,88,39.8,1.016,84,40.5,0.957,-0.018
1,pd_on,ny_mid,40,2,1.5,-1,0.25,173,45.1,1.301,0.093,112,41.1,1.009,117,41.9,0.975,0.002
1,pd_on,ny_mid,40,2,2.0,0,0.1,207,37.7,1.151,0.097,145,31.7,0.836,138,34.8,0.904,0.009
1,pd_on,ny_mid,40,2,2.0,0,0.25,330,35.8,1.077,0.035,217,34.6,0.952,216,34.7,0.929,-0.004
1,pd_on,ny_mid,40,2,2.0,1,0.1,82,43.9,1.359,0.302,57,31.6,0.67,54,33.3,0.817,-0.032
1,pd_on,ny_mid,40,2,2.0,1,0.25,158,37.3,0.963,0.081,106,34.9,0.911,99,35.4,1.052,0.031
1,pd_on,ny_mid,40,2,2.0,-1,0.1,125,33.6,1.012,-0.038,88,31.8,0.97,84,35.7,0.973,0.035
1,pd_on,ny_mid,40,2,2.0,-1,0.25,173,34.7,1.227,0.004,112,33.9,0.972,117,34.2,0.812,-0.033
1,pd_on,ny_mid,40,2,3.0,0,0.1,207,30.4,1.204,0.161,145,21.4,0.797,138,26.1,0.9,-0.018
1,pd_on,ny_mid,40,2,3.0,0,0.25,328,30.2,1.154,0.113,217,25.3,0.934,215,27.9,0.937,-0.017
1,pd_on,ny_mid,40,2,3.0,1,0.1,82,31.7,1.132,0.208,57,17.5,0.571,54,24.1,0.731,-0.124
1,pd_on,ny_mid,40,2,3.0,1,0.25,158,29.7,0.922,0.072,106,24.5,0.835,99,28.3,0.956,-0.045
1,pd_on,ny_mid,40,2,3.0,-1,0.1,125,29.6,1.26,0.129,88,23.9,0.98,84,27.4,1.033,0.05
1,pd_on,ny_mid,40,2,3.0,-1,0.25,173,30.6,1.435,0.153,112,25.9,1.025,117,27.4,0.898,-0.001
1,pd_on,ny_mid,40,3,1.0,0,0.1,235,49.8,0.873,-0.048,143,43.4,0.682,131,47.3,0.806,-0.086
1,pd_on,ny_mid,40,3,1.0,0,0.25,343,49.3,0.934,-0.052,228,48.7,0.972,225,50.7,1.025,-0.011
1,pd_on,ny_mid,40,3,1.0,1,0.1,108,44.4,0.803,-0.149,56,50.0,0.799,45,48.9,0.77,-0.051
1,pd_on,ny_mid,40,3,1.0,1,0.25,167,44.3,0.822,-0.147,109,54.1,1.062,98,51.0,0.889,-0.001
1,pd_on,ny_mid,40,3,1.0,-1,0.1,127,54.3,0.946,0.038,87,39.1,0.61,86,46.5,0.827,-0.104
1,pd_on,ny_mid,40,3,1.0,-1,0.25,176,54.0,1.067,0.038,119,43.7,0.885,127,50.4,1.164,-0.019
1,pd_on,ny_mid,40,3,1.5,0,0.1,235,41.7,0.945,-0.003,143,35.0,0.707,131,37.4,0.818,-0.099
1,pd_on,ny_mid,40,3,1.5,0,0.25,343,41.4,1.03,-0.004,228,38.2,0.863,225,38.7,0.861,-0.079
1,pd_on,ny_mid,40,3,1.5,1,0.1,108,37.0,0.87,-0.113,56,42.9,0.895,45,35.6,0.746,-0.142
1,pd_on,ny_mid,40,3,1.5,1,0.25,167,37.7,0.943,-0.091,109,43.1,0.868,98,37.8,0.708,-0.118
1,pd_on,ny_mid,40,3,1.5,-1,0.1,127,45.7,1.024,0.091,87,29.9,0.594,86,38.4,0.862,-0.076
1,pd_on,ny_mid,40,3,1.5,-1,0.25,176,44.9,1.127,0.079,119,33.6,0.858,127,39.4,1.016,-0.048
1,pd_on,ny_mid,40,3,2.0,0,0.1,235,35.7,0.966,0.02,143,29.4,0.757,131,33.6,0.96,-0.027
1,pd_on,ny_mid,40,3,2.0,0,0.25,343,35.9,1.085,0.033,228,32.9,0.943,225,35.1,0.985,-0.014
1,pd_on,ny_mid,40,3,2.0,1,0.1,108,31.5,0.897,-0.107,56,39.3,1.071,45,35.6,0.998,0.036
1,pd_on,ny_mid,40,3,2.0,1,0.25,167,31.7,0.934,-0.09,109,39.4,0.974,98,35.7,0.843,-0.011
1,pd_on,ny_mid,40,3,2.0,-1,0.1,127,39.4,1.036,0.129,87,23.0,0.577,86,32.6,0.939,-0.059
1,pd_on,ny_mid,40,3,2.0,-1,0.25,176,39.8,1.259,0.149,119,26.9,0.912,127,34.6,1.125,-0.017
1,pd_on,ny_mid,40,3,3.0,0,0.1,235,27.2,1.014,0.029,143,20.3,0.693,131,26.0,1.002,0.003
1,pd_on,ny_mid,40,3,3.0,0,0.25,343,27.4,1.085,0.034,228,24.1,0.94,223,27.8,1.048,0.012
1,pd_on,ny_mid,40,3,3.0,1,0.1,108,26.9,1.083,0.008,56,28.6,0.965,45,26.7,0.975,0.035
1,pd_on,ny_mid,40,3,3.0,1,0.25,167,27.5,1.094,0.016,109,31.2,1.056,98,27.6,0.881,-0.014
1,pd_on,ny_mid,40,3,3.0,-1,0.1,127,27.6,0.95,0.047,87,14.9,0.528,86,25.6,1.018,-0.014
1,pd_on,ny_mid,40,3,3.0,-1,0.25,176,27.3,1.076,0.05,119,17.6,0.828,127,27.6,1.178,0.016
1,pd_on,pm,10,0,1.0,0,0.1,63,50.8,1.138,-0.037,30,43.3,0.848,24,45.8,1.007,-0.118
1,pd_on,pm,10,0,1.0,0,0.25,83,51.8,1.271,-0.009,49,38.8,0.666,43,32.6,0.482,-0.355
1,pd_on,pm,10,0,1.0,1,0.1,24,50.0,1.332,-0.045,11,,,9,,,
1,pd_on,pm,10,0,1.0,1,0.25,35,51.4,1.433,-0.008,27,29.6,0.557,23,30.4,0.499,-0.412
1,pd_on,pm,10,0,1.0,-1,0.1,39,51.3,1.009,-0.031,19,,,15,,,
1,pd_on,pm,10,0,1.0,-1,0.25,48,52.1,1.132,-0.009,22,50.0,0.951,20,35.0,0.45,-0.288
1,pd_on,pm,10,0,1.5,0,0.1,63,38.1,0.994,-0.102,30,33.3,0.549,24,29.2,0.444,-0.281
1,pd_on,pm,10,0,1.5,0,0.25,83,39.8,1.146,-0.052,49,28.6,0.516,43,20.9,0.296,-0.469
1,pd_on,pm,10,0,1.5,1,0.1,24,33.3,0.982,-0.214,11,,,9,,,
1,pd_on,pm,10,0,1.5,1,0.25,35,40.0,1.502,-0.039,27,22.2,0.486,23,17.4,0.346,-0.561
1,pd_on,pm,10,0,1.5,-1,0.1,39,41.0,1.004,-0.033,19,,,15,,,
1,pd_on,pm,10,0,1.5,-1,0.25,48,39.6,0.873,-0.063,22,36.4,0.581,20,25.0,0.21,-0.364
1,pd_on,pm,10,0,2.0,0,0.1,63,30.2,0.888,-0.194,30,30.0,0.673,24,29.2,0.595,-0.135
1,pd_on,pm,10,0,2.0,0,0.25,83,30.1,0.862,-0.188,49,26.5,0.661,43,20.9,0.357,-0.394
1,pd_on,pm,10,0,2.0,1,0.1,24,25.0,0.742,-0.36,11,,,9,,,
1,pd_on,pm,10,0,2.0,1,0.25,35,28.6,0.898,-0.251,27,18.5,0.608,23,17.4,0.4,-0.528
1,pd_on,pm,10,0,2.0,-1,0.1,39,33.3,1.008,-0.092,19,,,15,,,
1,pd_on,pm,10,0,2.0,-1,0.25,48,31.2,0.831,-0.141,22,36.4,0.779,20,25.0,0.282,-0.239
1,pd_on,pm,10,0,3.0,0,0.1,63,27.0,0.918,-0.169,30,30.0,1.014,24,29.2,0.883,0.141
1,pd_on,pm,10,0,3.0,0,0.25,83,27.7,1.038,-0.109,49,26.5,0.886,43,20.9,0.52,-0.216
1,pd_on,pm,10,0,3.0,1,0.1,24,20.8,0.687,-0.368,11,,,9,,,
1,pd_on,pm,10,0,3.0,1,0.25,35,25.7,1.068,-0.172,27,18.5,0.754,23,17.4,0.583,-0.398
1,pd_on,pm,10,0,3.0,-1,0.1,39,30.8,1.118,-0.046,19,,,15,,,
1,pd_on,pm,10,0,3.0,-1,0.25,48,29.2,1.011,-0.063,22,36.4,1.175,20,25.0,0.411,-0.007
1,pd_on,pm,10,1,1.0,0,0.1,14,,,,9,,,8,,,
1,pd_on,pm,10,1,1.0,0,0.25,18,,,,13,,,12,,,
1,pd_on,pm,10,1,1.0,1,0.1,8,,,,5,,,4,,,
1,pd_on,pm,10,1,1.0,1,0.25,11,,,,9,,,7,,,
1,pd_on,pm,10,1,1.0,-1,0.1,6,,,,4,,,4,,,
1,pd_on,pm,10,1,1.0,-1,0.25,7,,,,4,,,5,,,
1,pd_on,pm,10,1,1.5,0,0.1,14,,,,9,,,8,,,
1,pd_on,pm,10,1,1.5,0,0.25,18,,,,13,,,12,,,
1,pd_on,pm,10,1,1.5,1,0.1,8,,,,5,,,4,,,
1,pd_on,pm,10,1,1.5,1,0.25,11,,,,9,,,7,,,
1,pd_on,pm,10,1,1.5,-1,0.1,6,,,,4,,,4,,,
1,pd_on,pm,10,1,1.5,-1,0.25,7,,,,4,,,5,,,
1,pd_on,pm,10,1,2.0,0,0.1,14,,,,9,,,8,,,
1,pd_on,pm,10,1,2.0,0,0.25,18,,,,13,,,12,,,
1,pd_on,pm,10,1,2.0,1,0.1,8,,,,5,,,4,,,
1,pd_on,pm,10,1,2.0,1,0.25,11,,,,9,,,7,,,
1,pd_on,pm,10,1,2.0,-1,0.1,6,,,,4,,,4,,,
1,pd_on,pm,10,1,2.0,-1,0.25,7,,,,4,,,5,,,
1,pd_on,pm,10,1,3.0,0,0.1,14,,,,9,,,8,,,
1,pd_on,pm,10,1,3.0,0,0.25,18,,,,13,,,12,,,
1,pd_on,pm,10,1,3.0,1,0.1,8,,,,5,,,4,,,
1,pd_on,pm,10,1,3.0,1,0.25,11,,,,9,,,7,,,
1,pd_on,pm,10,1,3.0,-1,0.1,6,,,,4,,,4,,,
1,pd_on,pm,10,1,3.0,-1,0.25,7,,,,4,,,5,,,
1,pd_on,pm,10,2,1.0,0,0.1,59,54.2,1.107,0.022,32,56.2,1.367,30,66.7,1.876,0.299
1,pd_on,pm,10,2,1.0,0,0.25,70,54.3,1.218,0.029,45,48.9,0.695,42,52.4,0.663,-0.004
1,pd_on,pm,10,2,1.0,1,0.1,22,59.1,1.432,0.137,14,,,14,,,
1,pd_on,pm,10,2,1.0,1,0.25,28,57.1,1.346,0.104,26,38.5,0.52,23,47.8,0.638,-0.064
1,pd_on,pm,10,2,1.0,-1,0.1,37,51.4,0.911,-0.047,18,,,16,,,
1,pd_on,pm,10,2,1.0,-1,0.25,42,52.4,1.106,-0.021,19,,,19,,,
1,pd_on,pm,10,2,1.5,0,0.1,59,44.1,1.043,0.036,32,37.5,0.903,30,43.3,1.074,0.043
1,pd_on,pm,10,2,1.5,0,0.25,70,45.7,1.323,0.084,45,35.6,0.627,42,35.7,0.552,-0.175
1,pd_on,pm,10,2,1.5,1,0.1,22,45.5,1.184,0.09,14,,,14,,,
1,pd_on,pm,10,2,1.5,1,0.25,28,46.4,1.401,0.12,26,30.8,0.623,23,34.8,0.71,-0.155
1,pd_on,pm,10,2,1.5,-1,0.1,37,43.2,0.944,0.005,18,,,16,,,
1,pd_on,pm,10,2,1.5,-1,0.25,42,45.2,1.251,0.06,19,,,19,,,
1,pd_on,pm,10,2,2.0,0,0.1,59,35.6,0.912,-0.023,32,34.4,0.866,30,40.0,1.057,0.181
1,pd_on,pm,10,2,2.0,0,0.25,70,35.7,0.984,-0.009,45,33.3,0.613,42,33.3,0.58,-0.065
1,pd_on,pm,10,2,2.0,1,0.1,22,31.8,0.729,-0.158,14,,,14,,,
1,pd_on,pm,10,2,2.0,1,0.25,28,32.1,0.859,-0.128,26,26.9,0.592,23,30.4,0.698,-0.084
1,pd_on,pm,10,2,2.0,-1,0.1,37,37.8,1.064,0.057,18,,,16,,,
1,pd_on,pm,10,2,2.0,-1,0.25,42,38.1,1.112,0.071,19,,,19,,,
1,pd_on,pm,10,2,3.0,0,0.1,59,23.7,0.743,-0.257,32,25.0,0.834,30,26.7,0.759,-0.012
1,pd_on,pm,10,2,3.0,0,0.25,70,24.3,0.88,-0.206,45,26.7,0.654,42,23.8,0.511,-0.179
1,pd_on,pm,10,2,3.0,1,0.1,22,22.7,0.767,-0.251,14,,,14,,,
1,pd_on,pm,10,2,3.0,1,0.25,28,25.0,1.066,-0.13,26,19.2,0.589,23,17.4,0.559,-0.378
1,pd_on,pm,10,2,3.0,-1,0.1,37,24.3,0.724,-0.26,18,,,16,,,
1,pd_on,pm,10,2,3.0,-1,0.25,42,23.8,0.713,-0.257,19,,,19,,,
1,pd_on,pm,10,3,1.0,0,0.1,64,57.8,1.382,0.101,35,45.7,0.772,27,51.9,0.901,0.003
1,pd_on,pm,10,3,1.0,0,0.25,83,57.8,1.518,0.112,49,49.0,1.1,45,46.7,0.764,-0.107
1,pd_on,pm,10,3,1.0,1,0.1,27,55.6,1.281,0.065,17,,,14,,,
1,pd_on,pm,10,3,1.0,1,0.25,39,53.8,1.315,0.057,27,55.6,1.822,25,48.0,0.881,-0.063
1,pd_on,pm,10,3,1.0,-1,0.1,37,59.5,1.479,0.127,18,,,13,,,
1,pd_on,pm,10,3,1.0,-1,0.25,44,61.4,1.825,0.161,22,40.9,0.427,20,45.0,0.622,-0.162
1,pd_on,pm,10,3,1.5,0,0.1,64,46.9,1.358,0.114,35,40.0,0.823,27,40.7,0.934,-0.017
1,pd_on,pm,10,3,1.5,0,0.25,83,45.8,1.253,0.092,49,38.8,0.899,45,33.3,0.593,-0.219
1,pd_on,pm,10,3,1.5,1,0.1,27,40.7,1.026,-0.03,17,,,14,,,
1,pd_on,pm,10,3,1.5,1,0.25,39,41.0,1.307,0.004,27,40.7,1.409,25,28.0,0.632,-0.325
1,pd_on,pm,10,3,1.5,-1,0.1,37,51.4,1.732,0.219,18,,,13,,,
1,pd_on,pm,10,3,1.5,-1,0.25,44,50.0,1.189,0.17,22,36.4,0.325,20,40.0,0.538,-0.087
1,pd_on,pm,10,3,2.0,0,0.1,64,39.1,1.23,0.113,35,31.4,0.851,27,37.0,1.052,0.038
1,pd_on,pm,10,3,2.0,0,0.25,83,39.8,1.247,0.108,49,32.7,1.062,45,31.1,0.651,-0.185
1,pd_on,pm,10,3,2.0,1,0.1,27,33.3,1.0,-0.05,17,,,14,,,
1,pd_on,pm,10,3,2.0,1,0.25,39,35.9,1.335,-0.0,27,37.0,1.787,25,28.0,0.735,-0.243
1,pd_on,pm,10,3,2.0,-1,0.1,37,43.2,1.464,0.232,18,,,13,,,
1,pd_on,pm,10,3,2.0,-1,0.25,44,43.2,1.149,0.203,22,27.3,0.25,20,35.0,0.538,-0.112
1,pd_on,pm,10,3,3.0,0,0.1,64,28.1,1.04,-0.031,35,28.6,1.041,27,33.3,1.267,0.259
1,pd_on,pm,10,3,3.0,0,0.25,83,27.7,0.791,-0.104,49,26.5,0.774,45,26.7,0.697,-0.082
1,pd_on,pm,10,3,3.0,1,0.1,27,33.3,1.348,0.211,17,,,14,,,
1,pd_on,pm,10,3,3.0,1,0.25,39,30.8,0.995,0.073,27,25.9,1.056,25,20.0,0.635,-0.259
1,pd_on,pm,10,3,3.0,-1,0.1,37,24.3,0.805,-0.208,18,,,13,,,
1,pd_on,pm,10,3,3.0,-1,0.25,44,25.0,0.581,-0.262,22,27.3,0.367,20,35.0,0.783,0.138
1,pd_on,pm,20,0,1.0,0,0.1,68,52.9,1.23,0.008,34,44.1,0.845,28,46.4,0.989,-0.107
1,pd_on,pm,20,0,1.0,0,0.25,93,52.7,1.204,0.011,58,39.7,0.645,51,33.3,0.49,-0.328
1,pd_on,pm,20,0,1.0,1,0.1,27,55.6,1.627,0.069,12,,,9,,,
1,pd_on,pm,20,0,1.0,1,0.25,40,55.0,1.549,0.066,31,32.3,0.559,25,32.0,0.526,-0.38
1,pd_on,pm,20,0,1.0,-1,0.1,41,51.2,0.983,-0.033,22,50.0,0.975,19,,,
1,pd_on,pm,20,0,1.0,-1,0.25,53,50.9,0.955,-0.03,27,48.1,0.855,26,34.6,0.428,-0.277
1,pd_on,pm,20,0,1.5,0,0.1,68,39.7,1.053,-0.061,34,35.3,0.601,28,32.1,0.476,-0.239
1,pd_on,pm,20,0,1.5,0,0.25,93,40.9,1.137,-0.023,58,31.0,0.562,51,23.5,0.353,-0.41
1,pd_on,pm,20,0,1.5,1,0.1,27,37.0,1.128,-0.121,12,,,9,,,
1,pd_on,pm,20,0,1.5,1,0.25,40,42.5,1.591,0.025,31,25.8,0.539,25,20.0,0.428,-0.497
1,pd_on,pm,20,0,1.5,-1,0.1,41,41.5,0.994,-0.022,22,40.9,0.657,19,,,
1,pd_on,pm,20,0,1.5,-1,0.25,53,39.6,0.817,-0.06,27,37.0,0.612,26,26.9,0.235,-0.326
1,pd_on,pm,20,0,2.0,0,0.1,68,32.4,0.979,-0.124,34,32.4,0.726,28,32.1,0.624,-0.096
1,pd_on,pm,20,0,2.0,0,0.25,93,32.3,0.916,-0.125,58,27.6,0.578,51,21.6,0.318,-0.385
1,pd_on,pm,20,0,2.0,1,0.1,27,29.6,0.941,-0.213,12,,,9,,,
1,pd_on,pm,20,0,2.0,1,0.25,40,32.5,1.04,-0.143,31,19.4,0.486,25,16.0,0.327,-0.567
1,pd_on,pm,20,0,2.0,-1,0.1,41,34.1,1.01,-0.066,22,40.9,0.844,19,,,
1,pd_on,pm,20,0,2.0,-1,0.25,53,32.1,0.818,-0.112,27,37.0,0.791,26,26.9,0.303,-0.211
1,pd_on,pm,20,0,3.0,0,0.1,68,27.9,0.918,-0.144,34,32.4,1.057,28,28.6,0.827,0.033
1,pd_on,pm,20,0,3.0,0,0.25,93,29.0,1.048,-0.075,58,27.6,0.764,51,19.6,0.432,-0.295
1,pd_on,pm,20,0,3.0,1,0.1,27,22.2,0.681,-0.365,12,,,9,,,
1,pd_on,pm,20,0,3.0,1,0.25,40,27.5,1.066,-0.171,31,19.4,0.601,25,16.0,0.476,-0.447
1,pd_on,pm,20,0,3.0,-1,0.1,41,31.7,1.138,0.002,22,40.9,1.206,19,,,
1,pd_on,pm,20,0,3.0,-1,0.25,53,30.2,1.033,-0.003,27,37.0,1.142,26,23.1,0.36,-0.149
1,pd_on,pm,20,1,1.0,0,0.1,15,,,,11,,,11,,,
1,pd_on,pm,20,1,1.0,0,0.25,22,45.5,0.716,-0.131,18,,,18,,,
1,pd_on,pm,20,1,1.0,1,0.1,8,,,,6,,,4,,,
1,pd_on,pm,20,1,1.0,1,0.25,13,,,,13,,,10,,,
1,pd_on,pm,20,1,1.0,-1,0.1,7,,,,5,,,7,,,
1,pd_on,pm,20,1,1.0,-1,0.25,9,,,,5,,,8,,,
1,pd_on,pm,20,1,1.5,0,0.1,15,,,,11,,,11,,,
1,pd_on,pm,20,1,1.5,0,0.25,22,36.4,0.548,-0.188,18,,,18,,,
1,pd_on,pm,20,1,1.5,1,0.1,8,,,,6,,,4,,,
1,pd_on,pm,20,1,1.5,1,0.25,13,,,,13,,,10,,,
1,pd_on,pm,20,1,1.5,-1,0.1,7,,,,5,,,7,,,
1,pd_on,pm,20,1,1.5,-1,0.25,9,,,,5,,,8,,,
1,pd_on,pm,20,1,2.0,0,0.1,15,,,,11,,,11,,,
1,pd_on,pm,20,1,2.0,0,0.25,22,31.8,0.584,-0.166,18,,,18,,,
1,pd_on,pm,20,1,2.0,1,0.1,8,,,,6,,,4,,,
1,pd_on,pm,20,1,2.0,1,0.25,13,,,,13,,,10,,,
1,pd_on,pm,20,1,2.0,-1,0.1,7,,,,5,,,7,,,
1,pd_on,pm,20,1,2.0,-1,0.25,9,,,,5,,,8,,,
1,pd_on,pm,20,1,3.0,0,0.1,15,,,,11,,,11,,,
1,pd_on,pm,20,1,3.0,0,0.25,22,22.7,0.453,-0.41,18,,,18,,,
1,pd_on,pm,20,1,3.0,1,0.1,8,,,,6,,,4,,,
1,pd_on,pm,20,1,3.0,1,0.25,13,,,,13,,,10,,,
1,pd_on,pm,20,1,3.0,-1,0.1,7,,,,5,,,7,,,
1,pd_on,pm,20,1,3.0,-1,0.25,9,,,,5,,,8,,,
1,pd_on,pm,20,2,1.0,0,0.1,62,53.2,1.051,0.002,36,55.6,1.3,34,64.7,1.706,0.289
1,pd_on,pm,20,2,1.0,0,0.25,76,52.6,1.039,-0.003,51,47.1,0.621,48,50.0,0.597,-0.009
1,pd_on,pm,20,2,1.0,1,0.1,23,60.9,1.503,0.173,15,,,14,,,
1,pd_on,pm,20,2,1.0,1,0.25,31,58.1,1.363,0.124,28,35.7,0.425,24,45.8,0.542,-0.103
1,pd_on,pm,20,2,1.0,-1,0.1,39,48.7,0.808,-0.099,21,61.9,1.356,20,60.0,0.946,0.208
1,pd_on,pm,20,2,1.0,-1,0.25,45,48.9,0.803,-0.089,23,60.9,1.464,24,54.2,0.721,0.086
1,pd_on,pm,20,2,1.5,0,0.1,62,43.5,1.012,0.024,36,38.9,0.931,34,44.1,1.071,0.078
1,pd_on,pm,20,2,1.5,0,0.25,76,44.7,1.183,0.062,51,35.3,0.59,48,35.4,0.522,-0.148
1,pd_on,pm,20,2,1.5,1,0.1,23,47.8,1.262,0.149,15,,,14,,,
1,pd_on,pm,20,2,1.5,1,0.25,31,48.4,1.49,0.171,28,28.6,0.516,24,33.3,0.613,-0.191
1,pd_on,pm,20,2,1.5,-1,0.1,39,41.0,0.853,-0.05,21,42.9,0.672,20,40.0,0.429,-0.021
1,pd_on,pm,20,2,1.5,-1,0.25,45,42.2,0.944,-0.014,23,43.5,0.796,24,37.5,0.36,-0.105
1,pd_on,pm,20,2,2.0,0,0.1,62,33.9,0.848,-0.074,36,36.1,0.918,34,41.2,1.039,0.19
1,pd_on,pm,20,2,2.0,0,0.25,76,34.2,0.883,-0.06,51,33.3,0.591,48,33.3,0.54,-0.058
1,pd_on,pm,20,2,2.0,1,0.1,23,30.4,0.697,-0.198,15,,,14,,,
1,pd_on,pm,20,2,2.0,1,0.25,31,32.3,0.894,-0.142,28,25.0,0.493,24,29.2,0.606,-0.122
1,pd_on,pm,20,2,2.0,-1,0.1,39,35.9,0.968,-0.0,21,42.9,0.882,20,40.0,0.5,0.112
1,pd_on,pm,20,2,2.0,-1,0.25,45,35.6,0.873,-0.004,23,43.5,0.869,24,37.5,0.418,0.006
1,pd_on,pm,20,2,3.0,0,0.1,62,22.6,0.697,-0.296,36,27.8,0.899,34,29.4,0.777,0.046
1,pd_on,pm,20,2,3.0,0,0.25,76,23.7,0.804,-0.242,51,27.5,0.635,48,25.0,0.486,-0.139
1,pd_on,pm,20,2,3.0,1,0.1,23,21.7,0.736,-0.288,15,,,14,,,
1,pd_on,pm,20,2,3.0,1,0.25,31,25.8,1.077,-0.144,28,17.9,0.496,24,16.7,0.492,-0.404
1,pd_on,pm,20,2,3.0,-1,0.1,39,23.1,0.667,-0.301,21,38.1,1.052,20,35.0,0.565,0.256
1,pd_on,pm,20,2,3.0,-1,0.25,45,22.2,0.581,-0.309,23,39.1,1.037,24,33.3,0.475,0.126
1,pd_on,pm,20,3,1.0,0,0.1,68,57.4,1.372,0.092,39,48.7,0.905,33,54.5,1.064,0.057
1,pd_on,pm,20,3,1.0,0,0.25,89,58.4,1.603,0.124,55,52.7,1.26,51,49.0,0.84,-0.059
1,pd_on,pm,20,3,1.0,1,0.1,28,57.1,1.379,0.097,19,,,14,,,
1,pd_on,pm,20,3,1.0,1,0.25,41,56.1,1.473,0.102,31,58.1,1.942,25,48.0,0.881,-0.063
1,pd_on,pm,20,3,1.0,-1,0.1,40,57.5,1.366,0.088,20,50.0,0.737,19,,,
1,pd_on,pm,20,3,1.0,-1,0.25,48,60.4,1.778,0.143,24,45.8,0.579,26,50.0,0.796,-0.055
1,pd_on,pm,20,3,1.5,0,0.1,68,47.1,1.388,0.119,39,43.6,0.988,33,45.5,1.144,0.086
1,pd_on,pm,20,3,1.5,0,0.25,89,47.2,1.38,0.128,55,43.6,1.054,51,37.3,0.689,-0.129
1,pd_on,pm,20,3,1.5,1,0.1,28,42.9,1.133,0.024,19,,,14,,,
1,pd_on,pm,20,3,1.5,1,0.25,41,43.9,1.498,0.076,31,45.2,1.532,25,28.0,0.632,-0.325
1,pd_on,pm,20,3,1.5,-1,0.1,40,50.0,1.642,0.186,20,50.0,1.051,19,,,
1,pd_on,pm,20,3,1.5,-1,0.25,48,50.0,1.25,0.173,24,41.7,0.489,26,46.2,0.759,0.06
1,pd_on,pm,20,3,2.0,0,0.1,68,38.2,1.193,0.088,39,35.9,0.963,33,42.4,1.173,0.096
1,pd_on,pm,20,3,2.0,0,0.25,89,40.4,1.268,0.109,55,38.2,1.179,51,35.3,0.713,-0.121
1,pd_on,pm,20,3,2.0,1,0.1,28,32.1,0.937,-0.086,19,,,14,,,
1,pd_on,pm,20,3,2.0,1,0.25,41,36.6,1.287,-0.025,31,41.9,1.898,25,28.0,0.735,-0.243
1,pd_on,pm,20,3,2.0,-1,0.1,40,42.5,1.445,0.21,20,40.0,0.695,19,,,
1,pd_on,pm,20,3,2.0,-1,0.25,48,43.8,1.248,0.224,24,33.3,0.334,26,42.3,0.686,-0.004
1,pd_on,pm,20,3,3.0,0,0.1,68,27.9,1.048,-0.033,39,30.8,1.023,33,39.4,1.357,0.267
1,pd_on,pm,20,3,3.0,0,0.25,89,29.2,0.861,-0.066,55,30.9,0.829,51,31.4,0.751,-0.037
1,pd_on,pm,20,3,3.0,1,0.1,28,32.1,1.263,0.167,19,,,14,,,
1,pd_on,pm,20,3,3.0,1,0.25,41,31.7,0.964,0.045,31,29.0,1.073,25,20.0,0.635,-0.259
1,pd_on,pm,20,3,3.0,-1,0.1,40,25.0,0.885,-0.172,20,40.0,0.939,19,,,
1,pd_on,pm,20,3,3.0,-1,0.25,48,27.1,0.756,-0.161,24,33.3,0.451,26,42.3,0.901,0.176
1,pd_on,pm,40,0,1.0,0,0.1,68,52.9,1.23,0.008,34,44.1,0.845,29,44.8,0.93,-0.139
1,pd_on,pm,40,0,1.0,0,0.25,100,53.0,1.187,0.029,58,39.7,0.645,53,32.1,0.478,-0.337
1,pd_on,pm,40,0,1.0,1,0.1,27,55.6,1.627,0.069,12,,,10,,,
1,pd_on,pm,40,0,1.0,1,0.25,42,54.8,1.418,0.062,31,32.3,0.559,26,30.8,0.51,-0.405
1,pd_on,pm,40,0,1.0,-1,0.1,41,51.2,0.983,-0.033,22,50.0,0.975,19,,,
1,pd_on,pm,40,0,1.0,-1,0.25,58,51.7,1.022,0.006,27,48.1,0.855,27,33.3,0.423,-0.272
1,pd_on,pm,40,0,1.5,0,0.1,68,39.7,1.053,-0.061,34,35.3,0.601,29,31.0,0.456,-0.266
1,pd_on,pm,40,0,1.5,0,0.25,100,42.0,1.155,0.009,58,31.0,0.562,53,22.6,0.346,-0.416
1,pd_on,pm,40,0,1.5,1,0.1,27,37.0,1.128,-0.121,12,,,10,,,
1,pd_on,pm,40,0,1.5,1,0.25,42,42.9,1.5,0.035,31,25.8,0.539,26,19.2,0.417,-0.517
1,pd_on,pm,40,0,1.5,-1,0.1,41,41.5,0.994,-0.022,22,40.9,0.657,19,,,
1,pd_on,pm,40,0,1.5,-1,0.25,58,41.4,0.913,-0.01,27,37.0,0.612,27,25.9,0.233,-0.319
1,pd_on,pm,40,0,2.0,0,0.1,68,32.4,0.979,-0.124,34,32.4,0.726,29,31.0,0.597,-0.129
1,pd_on,pm,40,0,2.0,0,0.25,100,34.0,0.944,-0.087,58,27.6,0.578,53,20.8,0.312,-0.393
1,pd_on,pm,40,0,2.0,1,0.1,27,29.6,0.941,-0.213,12,,,10,,,
1,pd_on,pm,40,0,2.0,1,0.25,42,33.3,1.026,-0.113,31,19.4,0.486,26,15.4,0.319,-0.585
1,pd_on,pm,40,0,2.0,-1,0.1,41,34.1,1.01,-0.066,22,40.9,0.844,19,,,
1,pd_on,pm,40,0,2.0,-1,0.25,58,34.5,0.881,-0.067,27,37.0,0.791,27,25.9,0.299,-0.208
1,pd_on,pm,40,0,3.0,0,0.1,68,27.9,0.918,-0.144,34,32.4,1.057,29,27.6,0.791,-0.004
1,pd_on,pm,40,0,3.0,0,0.25,100,31.0,1.06,-0.043,58,27.6,0.764,53,18.9,0.424,-0.306
1,pd_on,pm,40,0,3.0,1,0.1,27,22.2,0.681,-0.365,12,,,10,,,
1,pd_on,pm,40,0,3.0,1,0.25,42,28.6,1.042,-0.146,31,19.4,0.601,26,15.4,0.464,-0.47
1,pd_on,pm,40,0,3.0,-1,0.1,41,31.7,1.138,0.002,22,40.9,1.206,19,,,
1,pd_on,pm,40,0,3.0,-1,0.25,58,32.8,1.074,0.032,27,37.0,1.142,27,22.2,0.356,-0.149
1,pd_on,pm,40,1,1.0,0,0.1,16,,,,11,,,13,,,
1,pd_on,pm,40,1,1.0,0,0.25,25,48.0,0.778,-0.078,18,,,20,55.0,0.4,-0.018
1,pd_on,pm,40,1,1.0,1,0.1,8,,,,6,,,5,,,
1,pd_on,pm,40,1,1.0,1,0.25,14,,,,13,,,11,,,
1,pd_on,pm,40,1,1.0,-1,0.1,8,,,,5,,,8,,,
1,pd_on,pm,40,1,1.0,-1,0.25,11,,,,5,,,9,,,
1,pd_on,pm,40,1,1.5,0,0.1,16,,,,11,,,13,,,
1,pd_on,pm,40,1,1.5,0,0.25,25,40.0,0.674,-0.088,18,,,20,45.0,0.388,-0.074
1,pd_on,pm,40,1,1.5,1,0.1,8,,,,6,,,5,,,
1,pd_on,pm,40,1,1.5,1,0.25,14,,,,13,,,11,,,
1,pd_on,pm,40,1,1.5,-1,0.1,8,,,,5,,,8,,,
1,pd_on,pm,40,1,1.5,-1,0.25,11,,,,5,,,9,,,
1,pd_on,pm,40,1,2.0,0,0.1,16,,,,11,,,13,,,
1,pd_on,pm,40,1,2.0,0,0.25,25,36.0,0.71,-0.081,18,,,20,45.0,0.376,-0.013
1,pd_on,pm,40,1,2.0,1,0.1,8,,,,6,,,5,,,
1,pd_on,pm,40,1,2.0,1,0.25,14,,,,13,,,11,,,
1,pd_on,pm,40,1,2.0,-1,0.1,8,,,,5,,,8,,,
1,pd_on,pm,40,1,2.0,-1,0.25,11,,,,5,,,9,,,
1,pd_on,pm,40,1,3.0,0,0.1,16,,,,11,,,13,,,
1,pd_on,pm,40,1,3.0,0,0.25,25,28.0,0.544,-0.317,18,,,20,45.0,0.493,0.192
1,pd_on,pm,40,1,3.0,1,0.1,8,,,,6,,,5,,,
1,pd_on,pm,40,1,3.0,1,0.25,14,,,,13,,,11,,,
1,pd_on,pm,40,1,3.0,-1,0.1,8,,,,5,,,8,,,
1,pd_on,pm,40,1,3.0,-1,0.25,11,,,,5,,,9,,,
1,pd_on,pm,40,2,1.0,0,0.1,63,54.0,1.114,0.017,36,55.6,1.3,35,62.9,1.584,0.251
1,pd_on,pm,40,2,1.0,0,0.25,81,53.1,0.967,-0.003,51,47.1,0.621,50,50.0,0.592,-0.024
1,pd_on,pm,40,2,1.0,1,0.1,23,60.9,1.503,0.173,15,,,15,,,
1,pd_on,pm,40,2,1.0,1,0.25,32,56.2,1.158,0.088,28,35.7,0.425,25,44.0,0.524,-0.141
1,pd_on,pm,40,2,1.0,-1,0.1,40,50.0,0.904,-0.072,21,61.9,1.356,20,60.0,0.946,0.208
1,pd_on,pm,40,2,1.0,-1,0.25,49,51.0,0.828,-0.062,23,60.9,1.464,25,56.0,0.751,0.093
1,pd_on,pm,40,2,1.5,0,0.1,63,44.4,1.088,0.047,36,38.9,0.931,35,42.9,1.022,0.046
1,pd_on,pm,40,2,1.5,0,0.25,81,45.7,1.138,0.069,51,35.3,0.59,50,36.0,0.519,-0.157
1,pd_on,pm,40,2,1.5,1,0.1,23,47.8,1.262,0.149,15,,,15,,,
1,pd_on,pm,40,2,1.5,1,0.25,32,46.9,1.298,0.133,28,28.6,0.516,25,32.0,0.594,-0.225
1,pd_on,pm,40,2,1.5,-1,0.1,40,42.5,0.978,-0.012,21,42.9,0.672,20,40.0,0.429,-0.021
1,pd_on,pm,40,2,1.5,-1,0.25,49,44.9,1.014,0.028,23,43.5,0.796,25,40.0,0.381,-0.09
1,pd_on,pm,40,2,2.0,0,0.1,63,34.9,0.936,-0.041,36,36.1,0.918,35,40.0,0.994,0.155
1,pd_on,pm,40,2,2.0,0,0.25,81,35.8,0.868,-0.046,51,33.3,0.591,50,34.0,0.536,-0.071
1,pd_on,pm,40,2,2.0,1,0.1,23,30.4,0.697,-0.198,15,,,15,,,
1,pd_on,pm,40,2,2.0,1,0.25,32,31.2,0.804,-0.169,28,25.0,0.493,25,28.0,0.588,-0.159
1,pd_on,pm,40,2,2.0,-1,0.1,40,37.5,1.124,0.049,21,42.9,0.882,20,40.0,0.5,0.112
1,pd_on,pm,40,2,2.0,-1,0.25,49,38.8,0.924,0.034,23,43.5,0.869,25,40.0,0.439,0.016
1,pd_on,pm,40,2,3.0,0,0.1,63,23.8,0.814,-0.244,36,27.8,0.899,35,28.6,0.748,0.015
1,pd_on,pm,40,2,3.0,0,0.25,81,25.9,0.822,-0.204,51,27.5,0.635,50,26.0,0.484,-0.149
1,pd_on,pm,40,2,3.0,1,0.1,23,21.7,0.736,-0.288,15,,,15,,,
1,pd_on,pm,40,2,3.0,1,0.25,32,25.0,0.974,-0.171,28,17.9,0.496,25,16.0,0.479,-0.43
1,pd_on,pm,40,2,3.0,-1,0.1,40,25.0,0.871,-0.219,21,38.1,1.052,20,35.0,0.565,0.256
1,pd_on,pm,40,2,3.0,-1,0.25,49,26.5,0.698,-0.226,23,39.1,1.037,25,36.0,0.496,0.132
1,pd_on,pm,40,3,1.0,0,0.1,71,57.7,1.401,0.101,40,50.0,0.982,33,54.5,1.064,0.057
1,pd_on,pm,40,3,1.0,0,0.25,92,58.7,1.615,0.13,56,53.6,1.305,52,48.1,0.828,-0.066
1,pd_on,pm,40,3,1.0,1,0.1,29,58.6,1.496,0.128,19,,,14,,,
1,pd_on,pm,40,3,1.0,1,0.25,42,57.1,1.53,0.123,31,58.1,1.942,26,46.2,0.856,-0.078
1,pd_on,pm,40,3,1.0,-1,0.1,42,57.1,1.329,0.082,21,52.4,0.904,19,,,
1,pd_on,pm,40,3,1.0,-1,0.25,50,60.0,1.721,0.136,25,48.0,0.671,26,50.0,0.796,-0.055
1,pd_on,pm,40,3,1.5,0,0.1,71,47.9,1.45,0.141,40,45.0,1.089,33,45.5,1.144,0.086
1,pd_on,pm,40,3,1.5,0,0.25,92,47.8,1.415,0.145,56,44.6,1.107,52,36.5,0.68,-0.135
1,pd_on,pm,40,3,1.5,1,0.1,29,44.8,1.262,0.074,19,,,14,,,
1,pd_on,pm,40,3,1.5,1,0.25,42,45.2,1.566,0.109,31,45.2,1.532,26,26.9,0.619,-0.33
1,pd_on,pm,40,3,1.5,-1,0.1,42,50.0,1.623,0.188,21,52.4,1.3,19,,,
1,pd_on,pm,40,3,1.5,-1,0.25,50,50.0,1.256,0.175,25,44.0,0.605,26,46.2,0.759,0.06
1,pd_on,pm,40,3,2.0,0,0.1,71,38.0,1.173,0.083,40,37.5,1.091,33,42.4,1.173,0.096
1,pd_on,pm,40,3,2.0,0,0.25,92,40.2,1.252,0.105,56,39.3,1.248,52,34.6,0.704,-0.127
1,pd_on,pm,40,3,2.0,1,0.1,29,31.0,0.872,-0.118,19,,,14,,,
1,pd_on,pm,40,3,2.0,1,0.25,42,35.7,1.234,-0.049,31,41.9,1.898,26,26.9,0.719,-0.251
1,pd_on,pm,40,3,2.0,-1,0.1,42,42.9,1.471,0.222,21,42.9,1.008,19,,,
1,pd_on,pm,40,3,2.0,-1,0.25,50,44.0,1.272,0.234,25,36.0,0.484,26,42.3,0.686,-0.004
1,pd_on,pm,40,3,3.0,0,0.1,71,28.2,1.063,-0.019,40,32.5,1.145,33,39.4,1.357,0.267
1,pd_on,pm,40,3,3.0,0,0.25,92,29.3,0.876,-0.054,56,32.1,0.887,52,30.8,0.743,-0.045
1,pd_on,pm,40,3,3.0,1,0.1,29,31.0,1.175,0.125,19,,,14,,,
1,pd_on,pm,40,3,3.0,1,0.25,42,31.0,0.93,0.019,31,29.0,1.073,26,19.2,0.622,-0.266
1,pd_on,pm,40,3,3.0,-1,0.1,42,26.2,0.977,-0.118,21,42.9,1.249,19,,,
1,pd_on,pm,40,3,3.0,-1,0.25,50,28.0,0.822,-0.116,25,36.0,0.6,26,42.3,0.901,0.176
1,pd,nyam,10,0,1.0,0,0.1,63,52.4,0.941,0.008,47,53.2,1.187,45,46.7,0.797,-0.071
1,pd,nyam,10,0,1.0,0,0.25,141,51.1,1.081,-0.009,105,54.3,1.16,96,51.0,1.071,0.011
1,pd,nyam,10,0,1.0,1,0.1,25,48.0,0.807,-0.076,23,52.2,1.242,19,,,
1,pd,nyam,10,0,1.0,1,0.25,64,53.1,1.329,0.037,58,55.2,1.249,46,50.0,0.89,-0.018
1,pd,nyam,10,0,1.0,-1,0.1,38,55.3,1.061,0.063,24,54.2,1.12,26,46.2,0.746,-0.066
1,pd,nyam,10,0,1.0,-1,0.25,77,49.4,0.889,-0.046,47,53.2,1.056,50,52.0,1.294,0.038
1,pd,nyam,10,0,1.5,0,0.1,63,41.3,0.984,-0.01,47,42.6,1.221,45,44.4,1.078,0.096
1,pd,nyam,10,0,1.5,0,0.25,141,39.7,1.062,-0.032,105,43.8,1.182,96,43.8,1.151,0.076
1,pd,nyam,10,0,1.5,1,0.1,25,36.0,0.814,-0.138,23,43.5,1.376,19,,,
1,pd,nyam,10,0,1.5,1,0.25,64,39.1,1.145,-0.051,58,44.8,1.241,46,39.1,0.85,-0.046
1,pd,nyam,10,0,1.5,-1,0.1,38,44.7,1.134,0.074,24,41.7,1.044,26,46.2,1.108,0.145
1,pd,nyam,10,0,1.5,-1,0.25,77,40.3,0.987,-0.017,47,42.6,1.109,50,48.0,1.549,0.188
1,pd,nyam,10,0,2.0,0,0.1,63,34.9,0.991,0.005,47,38.3,1.324,45,37.8,1.023,0.106
1,pd,nyam,10,0,2.0,0,0.25,141,34.8,1.148,0.012,105,39.0,1.138,96,38.5,1.119,0.091
1,pd,nyam,10,0,2.0,1,0.1,25,28.0,0.836,-0.199,23,39.1,1.589,19,,,
1,pd,nyam,10,0,2.0,1,0.25,64,34.4,1.273,-0.007,58,41.4,1.265,46,37.0,0.93,0.018
1,pd,nyam,10,0,2.0,-1,0.1,38,39.5,1.125,0.139,24,37.5,1.034,26,38.5,0.901,0.125
1,pd,nyam,10,0,2.0,-1,0.25,77,35.1,1.036,0.028,47,36.2,0.99,50,40.0,1.336,0.157
1,pd,nyam,10,0,3.0,0,0.1,63,28.6,1.027,0.099,47,25.5,1.146,45,28.9,1.142,0.12
1,pd,nyam,10,0,3.0,0,0.25,140,27.1,1.106,0.036,105,27.6,0.871,96,28.1,0.851,-0.03
1,pd,nyam,10,0,3.0,1,0.1,25,20.0,0.838,-0.24,23,26.1,1.362,19,,,
1,pd,nyam,10,0,3.0,1,0.25,64,26.6,1.314,0.017,58,31.0,1.234,46,28.3,0.915,-0.057
1,pd,nyam,10,0,3.0,-1,0.1,38,34.2,1.188,0.323,24,25.0,0.897,26,30.8,1.099,0.189
1,pd,nyam,10,0,3.0,-1,0.25,77,28.6,1.0,0.09,47,23.4,0.478,50,28.0,0.788,-0.005
1,pd,nyam,10,1,1.0,0,0.1,13,,,,12,,,9,,,
1,pd,nyam,10,1,1.0,0,0.25,28,60.7,1.355,0.185,17,,,13,,,
1,pd,nyam,10,1,1.0,1,0.1,2,,,,5,,,4,,,
1,pd,nyam,10,1,1.0,1,0.25,9,,,,9,,,7,,,
1,pd,nyam,10,1,1.0,-1,0.1,11,,,,7,,,5,,,
1,pd,nyam,10,1,1.0,-1,0.25,19,,,,8,,,6,,,
1,pd,nyam,10,1,1.5,0,0.1,13,,,,12,,,9,,,
1,pd,nyam,10,1,1.5,0,0.25,28,57.1,1.854,0.398,17,,,13,,,
1,pd,nyam,10,1,1.5,1,0.1,2,,,,5,,,4,,,
1,pd,nyam,10,1,1.5,1,0.25,9,,,,9,,,7,,,
1,pd,nyam,10,1,1.5,-1,0.1,11,,,,7,,,5,,,
1,pd,nyam,10,1,1.5,-1,0.25,19,,,,8,,,6,,,
1,pd,nyam,10,1,2.0,0,0.1,13,,,,12,,,9,,,
1,pd,nyam,10,1,2.0,0,0.25,28,50.0,2.029,0.469,17,,,13,,,
1,pd,nyam,10,1,2.0,1,0.1,2,,,,5,,,4,,,
1,pd,nyam,10,1,2.0,1,0.25,9,,,,9,,,7,,,
1,pd,nyam,10,1,2.0,-1,0.1,11,,,,7,,,5,,,
1,pd,nyam,10,1,2.0,-1,0.25,19,,,,8,,,6,,,
1,pd,nyam,10,1,3.0,0,0.1,13,,,,12,,,9,,,
1,pd,nyam,10,1,3.0,0,0.25,28,39.3,1.748,0.394,17,,,13,,,
1,pd,nyam,10,1,3.0,1,0.1,2,,,,5,,,4,,,
1,pd,nyam,10,1,3.0,1,0.25,9,,,,9,,,7,,,
1,pd,nyam,10,1,3.0,-1,0.1,11,,,,7,,,5,,,
1,pd,nyam,10,1,3.0,-1,0.25,19,,,,8,,,6,,,
1,pd,nyam,10,2,1.0,0,0.1,76,51.3,0.861,-0.016,49,61.2,1.533,47,53.2,1.14,0.063
1,pd,nyam,10,2,1.0,0,0.25,116,50.0,0.943,-0.035,89,59.6,1.207,79,54.4,1.017,0.083
1,pd,nyam,10,2,1.0,1,0.1,33,57.6,1.273,0.12,26,53.8,1.283,20,50.0,1.198,-0.026
1,pd,nyam,10,2,1.0,1,0.25,54,55.6,1.397,0.083,52,55.8,1.17,40,52.5,1.015,0.03
1,pd,nyam,10,2,1.0,-1,0.1,43,46.5,0.603,-0.12,23,69.6,1.963,27,55.6,1.094,0.129
1,pd,nyam,10,2,1.0,-1,0.25,63,46.0,0.664,-0.12,37,64.9,1.268,39,56.4,1.019,0.136
1,pd,nyam,10,2,1.5,0,0.1,76,43.4,0.943,0.039,49,46.9,1.242,47,40.4,0.986,-0.004
1,pd,nyam,10,2,1.5,0,0.25,116,43.1,1.121,0.039,89,49.4,1.235,79,43.0,0.93,0.062
1,pd,nyam,10,2,1.5,1,0.1,33,51.5,1.319,0.249,26,38.5,0.934,20,35.0,0.839,-0.156
1,pd,nyam,10,2,1.5,1,0.25,54,50.0,1.606,0.218,52,48.1,1.37,40,42.5,1.023,0.04
1,pd,nyam,10,2,1.5,-1,0.1,43,37.2,0.688,-0.123,23,56.5,1.798,27,44.4,1.121,0.109
1,pd,nyam,10,2,1.5,-1,0.25,63,38.1,0.81,-0.091,37,51.4,1.047,39,43.6,0.829,0.083
1,pd,nyam,10,2,2.0,0,0.1,76,31.6,0.751,-0.101,49,40.8,1.414,47,40.4,1.313,0.188
1,pd,nyam,10,2,2.0,0,0.25,116,33.6,0.999,-0.053,89,40.4,1.116,79,39.2,0.955,0.135
1,pd,nyam,10,2,2.0,1,0.1,33,36.4,0.937,0.05,26,30.8,1.023,20,35.0,1.122,0.019
1,pd,nyam,10,2,2.0,1,0.25,54,37.0,1.287,0.066,52,38.5,1.231,40,37.5,0.998,0.061
1,pd,nyam,10,2,2.0,-1,0.1,43,27.9,0.606,-0.218,23,52.2,2.132,27,44.4,1.487,0.313
1,pd,nyam,10,2,2.0,-1,0.25,63,31.7,0.8,-0.123,37,43.2,0.955,39,41.0,0.908,0.211
1,pd,nyam,10,2,3.0,0,0.1,76,25.0,0.771,-0.05,49,28.6,1.146,47,25.5,0.899,-0.018
1,pd,nyam,10,2,3.0,0,0.25,116,28.4,1.115,0.031,89,30.3,1.051,79,27.8,0.823,0.0
1,pd,nyam,10,2,3.0,1,0.1,33,24.2,0.788,-0.073,26,23.1,1.177,20,25.0,1.243,-0.032
1,pd,nyam,10,2,3.0,1,0.25,54,29.6,1.425,0.098,52,34.6,1.509,40,32.5,1.143,0.111
1,pd,nyam,10,2,3.0,-1,0.1,43,25.6,0.756,-0.032,23,34.8,1.104,27,25.9,0.657,-0.007
1,pd,nyam,10,2,3.0,-1,0.25,63,28.6,0.906,0.021,37,24.3,0.528,39,23.1,0.527,-0.113
1,pd,nyam,10,3,1.0,0,0.1,96,47.9,0.77,-0.083,53,49.1,0.899,41,56.1,1.088,0.095
1,pd,nyam,10,3,1.0,0,0.25,150,48.7,0.881,-0.061,97,52.6,1.031,82,53.7,0.927,0.053
1,pd,nyam,10,3,1.0,1,0.1,40,35.0,0.595,-0.339,27,48.1,0.712,18,,,
1,pd,nyam,10,3,1.0,1,0.25,71,42.3,0.865,-0.187,55,52.7,1.012,44,52.3,0.952,0.026
1,pd,nyam,10,3,1.0,-1,0.1,56,57.1,0.947,0.099,26,50.0,1.184,23,56.5,1.068,0.104
1,pd,nyam,10,3,1.0,-1,0.25,80,55.0,0.941,0.063,42,52.4,1.059,38,55.3,0.895,0.084
1,pd,nyam,10,3,1.5,0,0.1,96,38.5,0.792,-0.081,53,43.4,1.054,41,48.8,1.359,0.192
1,pd,nyam,10,3,1.5,0,0.25,150,40.0,0.935,-0.037,97,45.4,1.062,82,46.3,1.005,0.123
1,pd,nyam,10,3,1.5,1,0.1,40,25.0,0.512,-0.415,27,48.1,1.076,18,,,
1,pd,nyam,10,3,1.5,1,0.25,71,36.6,1.04,-0.117,55,45.5,0.941,44,45.5,0.892,0.091
1,pd,nyam,10,3,1.5,-1,0.1,56,48.2,1.092,0.157,26,38.5,1.029,23,43.5,1.152,0.058
1,pd,nyam,10,3,1.5,-1,0.25,80,43.8,0.891,0.053,42,45.2,1.253,38,47.4,1.156,0.161
1,pd,nyam,10,3,2.0,0,0.1,96,33.3,0.886,-0.046,53,39.6,1.269,41,43.9,1.586,0.289
1,pd,nyam,10,3,2.0,0,0.25,150,36.0,1.11,0.042,97,40.2,1.147,82,40.2,0.997,0.142
1,pd,nyam,10,3,2.0,1,0.1,40,22.5,0.616,-0.365,27,44.4,1.334,18,,,
1,pd,nyam,10,3,2.0,1,0.25,71,33.8,1.258,-0.019,55,41.8,1.04,44,40.9,0.886,0.17
1,pd,nyam,10,3,2.0,-1,0.1,56,41.1,1.156,0.183,26,34.6,1.195,23,34.8,1.203,0.013
1,pd,nyam,10,3,2.0,-1,0.25,80,38.8,1.043,0.121,42,38.1,1.316,38,39.5,1.149,0.109
1,pd,nyam,10,3,3.0,0,0.1,96,25.0,0.92,-0.046,53,30.2,1.355,41,34.1,1.566,0.336
1,pd,nyam,10,3,3.0,0,0.25,150,26.0,1.004,-0.015,97,29.9,1.099,82,29.3,0.876,0.086
1,pd,nyam,10,3,3.0,1,0.1,40,20.0,0.8,-0.24,27,37.0,1.501,18,,,
1,pd,nyam,10,3,3.0,1,0.25,71,29.6,1.451,0.114,55,34.5,1.184,44,29.5,0.854,0.112
1,pd,nyam,10,3,3.0,-1,0.1,56,28.6,1.026,0.093,26,23.1,1.194,23,30.4,1.456,0.187
1,pd,nyam,10,3,3.0,-1,0.25,80,23.8,0.726,-0.093,42,23.8,0.984,38,28.9,0.904,0.055
1,pd,nyam,20,0,1.0,0,0.1,70,52.9,0.961,0.017,52,51.9,1.106,50,46.0,0.776,-0.086
1,pd,nyam,20,0,1.0,0,0.25,167,50.3,1.026,-0.023,117,53.0,1.045,108,50.0,0.963,-0.017
1,pd,nyam,20,0,1.0,1,0.1,26,46.2,0.779,-0.114,25,48.0,1.056,21,42.9,0.716,-0.168
1,pd,nyam,20,0,1.0,1,0.25,73,47.9,1.012,-0.067,65,52.3,1.053,53,47.2,0.755,-0.075
1,pd,nyam,20,0,1.0,-1,0.1,44,56.8,1.104,0.095,27,55.6,1.169,29,48.3,0.834,-0.028
1,pd,nyam,20,0,1.0,-1,0.25,94,52.1,1.039,0.011,52,53.8,1.034,55,52.7,1.266,0.039
1,pd,nyam,20,0,1.5,0,0.1,70,42.9,1.046,0.03,52,42.3,1.183,50,44.0,1.061,0.083
1,pd,nyam,20,0,1.5,0,0.25,167,40.7,1.095,-0.007,117,43.6,1.106,108,43.5,1.072,0.059
1,pd,nyam,20,0,1.5,1,0.1,26,34.6,0.791,-0.174,25,40.0,1.196,21,38.1,0.887,-0.073
1,pd,nyam,20,0,1.5,1,0.25,73,35.6,0.95,-0.137,65,43.1,1.104,53,37.7,0.768,-0.079
1,pd,nyam,20,0,1.5,-1,0.1,44,47.7,1.25,0.15,27,44.4,1.168,29,48.3,1.242,0.196
1,pd,nyam,20,0,1.5,-1,0.25,94,44.7,1.243,0.093,52,44.2,1.109,55,49.1,1.532,0.193
1,pd,nyam,20,0,2.0,0,0.1,70,37.1,1.091,0.072,52,38.5,1.311,50,38.0,1.044,0.113
1,pd,nyam,20,0,2.0,0,0.25,167,35.3,1.124,0.03,117,38.5,1.066,108,38.0,1.041,0.063
1,pd,nyam,20,0,2.0,1,0.1,26,26.9,0.814,-0.233,25,36.0,1.395,21,33.3,1.002,-0.026
1,pd,nyam,20,0,2.0,1,0.25,73,31.5,1.081,-0.092,65,38.5,1.102,53,34.0,0.806,-0.062
1,pd,nyam,20,0,2.0,-1,0.1,44,43.2,1.308,0.252,27,40.7,1.216,29,41.4,1.083,0.213
1,pd,nyam,20,0,2.0,-1,0.25,94,38.3,1.165,0.124,52,38.5,1.017,55,41.8,1.356,0.183
1,pd,nyam,20,0,3.0,0,0.1,70,30.0,1.066,0.156,52,26.9,1.206,50,30.0,1.206,0.165
1,pd,nyam,20,0,3.0,0,0.25,166,27.1,1.053,0.037,117,28.2,0.838,108,28.7,0.849,-0.017
1,pd,nyam,20,0,3.0,1,0.1,26,19.2,0.818,-0.273,25,24.0,1.224,21,23.8,1.04,-0.074
1,pd,nyam,20,0,3.0,1,0.25,73,23.3,1.057,-0.099,65,29.2,1.062,53,26.4,0.834,-0.108
1,pd,nyam,20,0,3.0,-1,0.1,44,36.4,1.25,0.41,27,29.6,1.185,29,34.5,1.37,0.339
1,pd,nyam,20,0,3.0,-1,0.25,94,30.9,1.114,0.174,52,26.9,0.561,55,30.9,0.866,0.072
1,pd,nyam,20,1,1.0,0,0.1,13,,,,14,,,11,,,
1,pd,nyam,20,1,1.0,0,0.25,39,51.3,0.846,-0.001,25,56.0,1.192,19,,,
1,pd,nyam,20,1,1.0,1,0.1,2,,,,6,,,5,,,
1,pd,nyam,20,1,1.0,1,0.25,15,,,,16,,,12,,,
1,pd,nyam,20,1,1.0,-1,0.1,11,,,,8,,,6,,,
1,pd,nyam,20,1,1.0,-1,0.25,24,54.2,0.952,0.053,9,,,7,,,
1,pd,nyam,20,1,1.5,0,0.1,13,,,,14,,,11,,,
1,pd,nyam,20,1,1.5,0,0.25,39,46.2,1.05,0.126,25,48.0,1.205,19,,,
1,pd,nyam,20,1,1.5,1,0.1,2,,,,6,,,5,,,
1,pd,nyam,20,1,1.5,1,0.25,15,,,,16,,,12,,,
1,pd,nyam,20,1,1.5,-1,0.1,11,,,,8,,,6,,,
1,pd,nyam,20,1,1.5,-1,0.25,24,50.0,1.134,0.22,9,,,7,,,
1,pd,nyam,20,1,2.0,0,0.1,13,,,,14,,,11,,,
1,pd,nyam,20,1,2.0,0,0.25,39,41.0,1.231,0.202,25,40.0,1.039,19,,,
1,pd,nyam,20,1,2.0,1,0.1,2,,,,6,,,5,,,
1,pd,nyam,20,1,2.0,1,0.25,15,,,,16,,,12,,,
1,pd,nyam,20,1,2.0,-1,0.1,11,,,,8,,,6,,,
1,pd,nyam,20,1,2.0,-1,0.25,24,41.7,1.197,0.218,9,,,7,,,
1,pd,nyam,20,1,3.0,0,0.1,13,,,,14,,,11,,,
1,pd,nyam,20,1,3.0,0,0.25,39,33.3,1.226,0.197,25,32.0,0.931,19,,,
1,pd,nyam,20,1,3.0,1,0.1,2,,,,6,,,5,,,
1,pd,nyam,20,1,3.0,1,0.25,15,,,,16,,,12,,,
1,pd,nyam,20,1,3.0,-1,0.1,11,,,,8,,,6,,,
1,pd,nyam,20,1,3.0,-1,0.25,24,37.5,1.378,0.346,9,,,7,,,
1,pd,nyam,20,2,1.0,0,0.1,85,49.4,0.801,-0.056,55,61.8,1.547,51,54.9,1.208,0.095
1,pd,nyam,20,2,1.0,0,0.25,140,47.9,0.88,-0.078,102,58.8,1.113,88,53.4,0.886,0.055
1,pd,nyam,20,2,1.0,1,0.1,36,52.8,1.123,0.02,29,55.2,1.313,23,52.2,1.268,0.018
1,pd,nyam,20,2,1.0,1,0.25,64,50.0,1.066,-0.029,61,54.1,0.995,47,48.9,0.769,-0.041
1,pd,nyam,20,2,1.0,-1,0.1,49,46.9,0.601,-0.111,26,69.2,1.909,28,57.1,1.157,0.159
1,pd,nyam,20,2,1.0,-1,0.25,77,46.8,0.749,-0.105,41,65.9,1.36,41,58.5,1.079,0.164
1,pd,nyam,20,2,1.5,0,0.1,85,42.4,0.902,0.011,55,49.1,1.324,51,43.1,1.091,0.063
1,pd,nyam,20,2,1.5,0,0.25,140,41.4,1.034,-0.002,102,50.0,1.182,88,43.2,0.851,0.053
1,pd,nyam,20,2,1.5,1,0.1,36,47.2,1.188,0.138,29,41.4,1.027,23,39.1,0.978,-0.052
1,pd,nyam,20,2,1.5,1,0.25,64,43.8,1.144,0.061,61,47.5,1.221,47,40.4,0.826,-0.011
1,pd,nyam,20,2,1.5,-1,0.1,49,38.8,0.711,-0.083,26,57.7,1.817,28,46.4,1.201,0.158
1,pd,nyam,20,2,1.5,-1,0.25,77,40.3,0.963,-0.035,41,53.7,1.113,41,46.3,0.886,0.126
1,pd,nyam,20,2,2.0,0,0.1,85,31.8,0.751,-0.097,55,43.6,1.52,51,41.2,1.361,0.21
1,pd,nyam,20,2,2.0,0,0.25,140,33.6,1.007,-0.05,102,41.2,1.053,88,38.6,0.867,0.102
1,pd,nyam,20,2,2.0,1,0.1,36,33.3,0.863,-0.044,29,34.5,1.152,23,34.8,1.135,0.013
1,pd,nyam,20,2,2.0,1,0.25,64,32.8,1.008,-0.059,61,37.7,1.068,47,34.0,0.795,-0.036
1,pd,nyam,20,2,2.0,-1,0.1,49,30.6,0.665,-0.136,26,53.8,2.146,28,46.4,1.594,0.372
1,pd,nyam,20,2,2.0,-1,0.25,77,35.1,1.04,-0.016,41,46.3,1.028,41,43.9,0.973,0.26
1,pd,nyam,20,2,3.0,0,0.1,85,25.9,0.801,-0.016,55,29.1,1.121,51,25.5,0.893,-0.019
1,pd,nyam,20,2,3.0,0,0.25,140,27.9,1.03,0.02,102,30.4,0.945,88,27.3,0.738,-0.042
1,pd,nyam,20,2,3.0,1,0.1,36,22.2,0.734,-0.157,29,20.7,1.026,23,21.7,1.041,-0.163
1,pd,nyam,20,2,3.0,1,0.25,64,25.0,1.036,-0.064,61,31.1,1.167,47,27.7,0.853,-0.057
1,pd,nyam,20,2,3.0,-1,0.1,49,28.6,0.857,0.089,26,38.5,1.253,28,28.6,0.768,0.099
1,pd,nyam,20,2,3.0,-1,0.25,77,31.2,1.072,0.128,41,29.3,0.617,41,26.8,0.596,-0.024
1,pd,nyam,20,3,1.0,0,0.1,104,51.0,0.849,-0.022,55,49.1,0.909,44,54.5,1.041,0.062
1,pd,nyam,20,3,1.0,0,0.25,163,50.9,0.958,-0.016,102,51.0,0.953,92,52.2,0.916,0.023
1,pd,nyam,20,3,1.0,1,0.1,43,37.2,0.627,-0.294,28,50.0,0.777,18,,,
1,pd,nyam,20,3,1.0,1,0.25,77,44.2,0.926,-0.148,58,51.7,0.959,48,50.0,0.876,-0.019
1,pd,nyam,20,3,1.0,-1,0.1,61,60.7,1.086,0.17,27,48.1,1.095,26,53.8,0.991,0.047
1,pd,nyam,20,3,1.0,-1,0.25,87,57.5,1.034,0.113,44,50.0,0.945,44,54.5,0.965,0.068
1,pd,nyam,20,3,1.5,0,0.1,104,40.4,0.844,-0.035,55,43.6,1.076,44,47.7,1.309,0.164
1,pd,nyam,20,3,1.5,0,0.25,163,41.1,0.984,-0.009,102,44.1,0.999,92,43.5,0.862,0.049
1,pd,nyam,20,3,1.5,1,0.1,43,25.6,0.512,-0.4,28,50.0,1.175,18,,,
1,pd,nyam,20,3,1.5,1,0.25,77,36.4,1.032,-0.123,58,44.8,0.912,48,41.7,0.746,-0.001
1,pd,nyam,20,3,1.5,-1,0.1,61,50.8,1.217,0.223,27,37.0,0.969,26,42.3,1.091,0.026
1,pd,nyam,20,3,1.5,-1,0.25,87,46.0,0.988,0.109,44,43.2,1.132,44,45.5,1.022,0.103
1,pd,nyam,20,3,2.0,0,0.1,104,35.6,0.96,0.022,55,40.0,1.301,44,43.2,1.536,0.265
1,pd,nyam,20,3,2.0,0,0.25,163,37.4,1.181,0.085,102,39.2,1.087,92,38.0,0.868,0.071
1,pd,nyam,20,3,2.0,1,0.1,43,23.3,0.621,-0.342,28,46.4,1.462,18,,,
1,pd,nyam,20,3,2.0,1,0.25,77,33.8,1.26,-0.02,58,41.4,1.017,48,37.5,0.752,0.072
1,pd,nyam,20,3,2.0,-1,0.1,61,44.3,1.315,0.279,27,33.3,1.129,26,34.6,1.155,0.006
1,pd,nyam,20,3,2.0,-1,0.25,87,41.4,1.171,0.2,44,36.4,1.196,44,38.6,1.03,0.07
1,pd,nyam,20,3,3.0,0,0.1,104,26.0,0.945,-0.012,55,29.1,1.284,44,34.1,1.537,0.333
1,pd,nyam,20,3,3.0,0,0.25,163,27.0,1.081,0.023,102,28.4,1.017,92,28.3,0.781,0.031
1,pd,nyam,20,3,3.0,1,0.1,43,20.9,0.805,-0.214,28,35.7,1.416,18,,,
1,pd,nyam,20,3,3.0,1,0.25,77,29.9,1.484,0.123,58,32.8,1.095,48,27.1,0.735,0.018
1,pd,nyam,20,3,3.0,-1,0.1,61,29.5,1.067,0.13,27,22.2,1.136,26,30.8,1.415,0.198
1,pd,nyam,20,3,3.0,-1,0.25,87,25.3,0.821,-0.031,44,22.7,0.911,44,29.5,0.84,0.046
1,pd,nyam,40,0,1.0,0,0.1,74,52.7,0.943,0.014,53,52.8,1.174,51,47.1,0.833,-0.065
1,pd,nyam,40,0,1.0,0,0.25,175,50.3,0.992,-0.023,123,52.8,1.009,112,50.0,0.93,-0.017
1,pd,nyam,40,0,1.0,1,0.1,27,44.4,0.716,-0.148,26,50.0,1.177,22,45.5,0.832,-0.115
1,pd,nyam,40,0,1.0,1,0.25,77,48.1,0.998,-0.065,69,50.7,0.935,56,46.4,0.699,-0.089
1,pd,nyam,40,0,1.0,-1,0.1,47,57.4,1.128,0.107,27,55.6,1.169,29,48.3,0.834,-0.028
1,pd,nyam,40,0,1.0,-1,0.25,98,52.0,0.987,0.009,54,55.6,1.126,56,53.6,1.309,0.056
1,pd,nyam,40,0,1.5,0,0.1,74,43.2,1.044,0.039,53,43.4,1.269,51,45.1,1.144,0.111
1,pd,nyam,40,0,1.5,0,0.25,175,41.1,1.076,0.003,123,43.1,1.047,112,43.8,1.051,0.066
1,pd,nyam,40,0,1.5,1,0.1,27,33.3,0.735,-0.206,26,42.3,1.355,22,40.9,1.05,-0.002
1,pd,nyam,40,0,1.5,1,0.25,77,36.4,0.96,-0.118,69,42.0,1.008,56,37.5,0.731,-0.085
1,pd,nyam,40,0,1.5,-1,0.1,47,48.9,1.299,0.18,27,44.4,1.168,29,48.3,1.242,0.196
1,pd,nyam,40,0,1.5,-1,0.25,98,44.9,1.192,0.098,54,44.4,1.106,56,50.0,1.589,0.216
1,pd,nyam,40,0,2.0,0,0.1,74,37.8,1.104,0.093,53,37.7,1.243,51,37.3,0.994,0.091
1,pd,nyam,40,0,2.0,0,0.25,175,36.0,1.1,0.039,123,37.4,0.989,112,37.5,0.993,0.051
1,pd,nyam,40,0,2.0,1,0.1,27,25.9,0.762,-0.263,26,34.6,1.265,22,31.8,0.907,-0.071
1,pd,nyam,40,0,2.0,1,0.25,77,32.5,1.064,-0.086,69,36.2,0.959,56,32.1,0.712,-0.113
1,pd,nyam,40,0,2.0,-1,0.1,47,44.7,1.38,0.297,27,40.7,1.216,29,41.4,1.083,0.213
1,pd,nyam,40,0,2.0,-1,0.25,98,38.8,1.134,0.138,54,38.9,1.032,56,42.9,1.422,0.215
1,pd,nyam,40,0,3.0,0,0.1,74,31.1,1.108,0.2,53,26.4,1.153,51,29.4,1.153,0.142
1,pd,nyam,40,0,3.0,0,0.25,174,28.2,1.049,0.064,123,26.8,0.76,112,27.7,0.787,-0.052
1,pd,nyam,40,0,3.0,1,0.1,27,18.5,0.77,-0.301,26,23.1,1.128,22,22.7,0.951,-0.117
1,pd,nyam,40,0,3.0,1,0.25,77,24.7,1.055,-0.08,69,27.5,0.935,56,25.0,0.743,-0.157
1,pd,nyam,40,0,3.0,-1,0.1,47,38.3,1.366,0.488,27,29.6,1.185,29,34.5,1.37,0.339
1,pd,nyam,40,0,3.0,-1,0.25,98,31.6,1.105,0.206,54,25.9,0.529,56,30.4,0.843,0.052
1,pd,nyam,40,1,1.0,0,0.1,14,,,,16,,,12,,,
1,pd,nyam,40,1,1.0,0,0.25,42,50.0,0.711,-0.026,30,53.3,0.986,21,61.9,0.911,0.216
1,pd,nyam,40,1,1.0,1,0.1,2,,,,7,,,5,,,
1,pd,nyam,40,1,1.0,1,0.25,15,,,,19,,,13,,,
1,pd,nyam,40,1,1.0,-1,0.1,12,,,,9,,,7,,,
1,pd,nyam,40,1,1.0,-1,0.25,27,51.9,0.7,0.008,11,,,8,,,
1,pd,nyam,40,1,1.5,0,0.1,14,,,,16,,,12,,,
1,pd,nyam,40,1,1.5,0,0.25,42,45.2,0.9,0.104,30,46.7,1.08,21,52.4,0.817,0.246
1,pd,nyam,40,1,1.5,1,0.1,2,,,,7,,,5,,,
1,pd,nyam,40,1,1.5,1,0.25,15,,,,19,,,13,,,
1,pd,nyam,40,1,1.5,-1,0.1,12,,,,9,,,7,,,
1,pd,nyam,40,1,1.5,-1,0.25,27,48.1,0.866,0.175,11,,,8,,,
1,pd,nyam,40,1,2.0,0,0.1,14,,,,16,,,12,,,
1,pd,nyam,40,1,2.0,0,0.25,42,40.5,1.067,0.187,30,36.7,0.842,21,47.6,0.938,0.341
1,pd,nyam,40,1,2.0,1,0.1,2,,,,7,,,5,,,
1,pd,nyam,40,1,2.0,1,0.25,15,,,,19,,,13,,,
1,pd,nyam,40,1,2.0,-1,0.1,12,,,,9,,,7,,,
1,pd,nyam,40,1,2.0,-1,0.25,27,40.7,0.947,0.192,11,,,8,,,
1,pd,nyam,40,1,3.0,0,0.1,14,,,,16,,,12,,,
1,pd,nyam,40,1,3.0,0,0.25,42,33.3,1.092,0.205,30,30.0,0.814,21,42.9,1.179,0.559
1,pd,nyam,40,1,3.0,1,0.1,2,,,,7,,,5,,,
1,pd,nyam,40,1,3.0,1,0.25,15,,,,19,,,13,,,
1,pd,nyam,40,1,3.0,-1,0.1,12,,,,9,,,7,,,
1,pd,nyam,40,1,3.0,-1,0.25,27,37.0,1.117,0.343,11,,,8,,,
1,pd,nyam,40,2,1.0,0,0.1,86,50.0,0.823,-0.044,57,61.4,1.563,53,54.7,1.151,0.091
1,pd,nyam,40,2,1.0,0,0.25,144,47.9,0.851,-0.076,108,58.3,1.076,92,53.3,0.856,0.052
1,pd,nyam,40,2,1.0,1,0.1,36,52.8,1.123,0.02,31,54.8,1.354,25,52.0,1.146,0.015
1,pd,nyam,40,2,1.0,1,0.25,66,50.0,1.042,-0.028,65,52.3,0.894,50,48.0,0.708,-0.059
1,pd,nyam,40,2,1.0,-1,0.1,50,48.0,0.637,-0.09,26,69.2,1.909,28,57.1,1.157,0.159
1,pd,nyam,40,2,1.0,-1,0.25,79,46.8,0.717,-0.102,43,67.4,1.513,42,59.5,1.133,0.184
1,pd,nyam,40,2,1.5,0,0.1,86,43.0,0.932,0.028,57,49.1,1.371,53,43.4,1.078,0.07
1,pd,nyam,40,2,1.5,0,0.25,144,41.7,1.009,0.005,108,49.1,1.11,92,43.5,0.844,0.061
1,pd,nyam,40,2,1.5,1,0.1,36,47.2,1.188,0.138,31,41.9,1.115,25,40.0,0.971,-0.029
1,pd,nyam,40,2,1.5,1,0.25,66,43.9,1.131,0.066,65,46.2,1.114,50,40.0,0.779,-0.021
1,pd,nyam,40,2,1.5,-1,0.1,50,40.0,0.76,-0.052,26,57.7,1.817,28,46.4,1.201,0.158
1,pd,nyam,40,2,1.5,-1,0.25,79,40.5,0.928,-0.028,43,53.5,1.102,42,47.6,0.948,0.158
1,pd,nyam,40,2,2.0,0,0.1,86,32.6,0.784,-0.073,57,42.1,1.401,53,39.6,1.203,0.164
1,pd,nyam,40,2,2.0,0,0.25,144,34.0,0.993,-0.035,108,39.8,0.971,92,38.0,0.83,0.086
1,pd,nyam,40,2,2.0,1,0.1,36,33.3,0.863,-0.044,31,32.3,1.015,25,32.0,0.902,-0.07
1,pd,nyam,40,2,2.0,1,0.25,66,33.3,1.009,-0.043,65,35.4,0.934,50,32.0,0.698,-0.095
1,pd,nyam,40,2,2.0,-1,0.1,50,32.0,0.724,-0.094,26,53.8,2.146,28,46.4,1.594,0.372
1,pd,nyam,40,2,2.0,-1,0.25,79,35.4,1.01,-0.004,43,46.5,1.042,42,45.2,1.051,0.301
1,pd,nyam,40,2,3.0,0,0.1,86,26.7,0.847,0.019,57,28.1,1.052,53,24.5,0.811,-0.057
1,pd,nyam,40,2,3.0,0,0.25,144,28.5,1.032,0.046,108,28.7,0.848,92,26.1,0.679,-0.084
1,pd,nyam,40,2,3.0,1,0.1,36,22.2,0.734,-0.157,31,19.4,0.921,25,20.0,0.853,-0.231
1,pd,nyam,40,2,3.0,1,0.25,66,25.8,1.053,-0.033,65,29.2,1.027,50,26.0,0.753,-0.115
1,pd,nyam,40,2,3.0,-1,0.1,50,30.0,0.943,0.146,26,38.5,1.253,28,28.6,0.768,0.099
1,pd,nyam,40,2,3.0,-1,0.25,79,31.6,1.056,0.149,43,27.9,0.569,42,26.2,0.578,-0.048
1,pd,nyam,40,3,1.0,0,0.1,105,51.4,0.878,-0.012,57,50.9,1.02,48,56.2,1.183,0.097
1,pd,nyam,40,3,1.0,0,0.25,167,50.3,0.924,-0.028,108,53.7,1.122,102,54.9,1.081,0.078
1,pd,nyam,40,3,1.0,1,0.1,44,38.6,0.682,-0.265,28,50.0,0.777,18,,,
1,pd,nyam,40,3,1.0,1,0.25,79,44.3,0.921,-0.145,60,53.3,1.105,51,51.0,0.978,0.001
1,pd,nyam,40,3,1.0,-1,0.1,61,60.7,1.086,0.17,29,51.7,1.362,30,56.7,1.228,0.104
1,pd,nyam,40,3,1.0,-1,0.25,89,56.2,0.969,0.087,48,54.2,1.147,51,58.8,1.214,0.154
1,pd,nyam,40,3,1.5,0,0.1,105,40.0,0.824,-0.044,57,43.9,1.052,48,45.8,1.197,0.116
1,pd,nyam,40,3,1.5,0,0.25,167,40.1,0.93,-0.033,108,44.4,1.04,102,43.1,0.91,0.042
1,pd,nyam,40,3,1.5,1,0.1,44,25.0,0.49,-0.414,28,50.0,1.175,18,,,
1,pd,nyam,40,3,1.5,1,0.25,79,35.4,0.974,-0.146,60,45.0,0.984,51,41.2,0.794,-0.011
1,pd,nyam,40,3,1.5,-1,0.1,61,50.8,1.217,0.223,29,37.9,0.935,30,40.0,0.967,-0.032
1,pd,nyam,40,3,1.5,-1,0.25,89,44.9,0.937,0.084,48,43.8,1.121,51,45.1,1.062,0.095
1,pd,nyam,40,3,2.0,0,0.1,105,35.2,0.938,0.012,57,40.4,1.279,48,41.7,1.42,0.219
1,pd,nyam,40,3,2.0,0,0.25,167,36.5,1.12,0.059,108,38.9,1.107,102,37.3,0.886,0.039
1,pd,nyam,40,3,2.0,1,0.1,44,22.7,0.594,-0.358,28,46.4,1.462,18,,,
1,pd,nyam,40,3,2.0,1,0.25,79,32.9,1.192,-0.045,60,41.7,1.115,51,37.3,0.83,0.067
1,pd,nyam,40,3,2.0,-1,0.1,61,44.3,1.315,0.279,29,34.5,1.106,30,33.3,1.055,-0.033
1,pd,nyam,40,3,2.0,-1,0.25,89,40.4,1.113,0.173,48,35.4,1.094,51,37.3,0.959,0.011
1,pd,nyam,40,3,3.0,0,0.1,105,25.7,0.926,-0.022,57,29.8,1.291,48,33.3,1.467,0.302
1,pd,nyam,40,3,3.0,0,0.25,167,26.3,1.032,-0.002,108,28.7,1.084,102,28.4,0.849,0.023
1,pd,nyam,40,3,3.0,1,0.1,44,20.5,0.771,-0.233,28,35.7,1.416,18,,,
1,pd,nyam,40,3,3.0,1,0.25,79,29.1,1.409,0.094,60,33.3,1.248,51,27.5,0.87,0.036
1,pd,nyam,40,3,3.0,-1,0.1,61,29.5,1.067,0.13,29,24.1,1.166,30,30.0,1.326,0.167
1,pd,nyam,40,3,3.0,-1,0.25,89,24.7,0.788,-0.053,48,22.9,0.878,51,29.4,0.823,0.011
1,pd,ny_open,10,0,1.0,0,0.1,35,37.1,0.61,-0.295,21,52.4,0.956,24,41.7,0.59,-0.145
1,pd,ny_open,10,0,1.0,0,0.25,90,47.8,1.064,-0.071,61,54.1,1.01,58,51.7,1.087,0.035
1,pd,ny_open,10,0,1.0,1,0.1,17,,,,13,,,13,,,
1,pd,ny_open,10,0,1.0,1,0.25,42,50.0,1.316,-0.025,38,57.9,1.218,33,51.5,0.98,0.012
1,pd,ny_open,10,0,1.0,-1,0.1,18,,,,8,,,11,,,
1,pd,ny_open,10,0,1.0,-1,0.25,48,45.8,0.879,-0.111,23,47.8,0.746,25,52.0,1.258,0.065
1,pd,ny_open,10,0,1.5,0,0.1,35,31.4,0.766,-0.253,21,42.9,0.987,24,37.5,0.714,-0.062
1,pd,ny_open,10,0,1.5,0,0.25,90,37.8,1.084,-0.074,61,41.0,0.909,58,39.7,0.948,-0.021
1,pd,ny_open,10,0,1.5,1,0.1,17,,,,13,,,13,,,
1,pd,ny_open,10,0,1.5,1,0.25,42,38.1,1.226,-0.074,38,42.1,1.038,33,36.4,0.787,-0.116
1,pd,ny_open,10,0,1.5,-1,0.1,18,,,,8,,,11,,,
1,pd,ny_open,10,0,1.5,-1,0.25,48,37.5,0.965,-0.074,23,39.1,0.724,25,44.0,1.219,0.105
1,pd,ny_open,10,0,2.0,0,0.1,35,28.6,0.92,-0.182,21,38.1,1.092,24,33.3,0.79,-0.021
1,pd,ny_open,10,0,2.0,0,0.25,90,33.3,1.169,-0.026,61,34.4,0.846,58,34.5,0.967,-0.011
1,pd,ny_open,10,0,2.0,1,0.1,17,,,,13,,,13,,,
1,pd,ny_open,10,0,2.0,1,0.25,42,33.3,1.299,-0.043,38,36.8,1.013,33,33.3,0.884,-0.068
1,pd,ny_open,10,0,2.0,-1,0.1,18,,,,8,,,11,,,
1,pd,ny_open,10,0,2.0,-1,0.25,48,33.3,1.058,-0.012,23,30.4,0.615,25,36.0,1.087,0.064
1,pd,ny_open,10,0,3.0,0,0.1,35,22.9,0.927,-0.126,21,28.6,1.114,24,25.0,0.785,-0.034
1,pd,ny_open,10,0,3.0,0,0.25,89,23.6,1.01,-0.088,61,23.0,0.624,58,20.7,0.515,-0.282
1,pd,ny_open,10,0,3.0,1,0.1,17,,,,13,,,13,,,
1,pd,ny_open,10,0,3.0,1,0.25,42,23.8,1.174,-0.1,38,28.9,1.041,33,24.2,0.788,-0.201
1,pd,ny_open,10,0,3.0,-1,0.1,18,,,,8,,,11,,,
1,pd,ny_open,10,0,3.0,-1,0.25,48,25.0,0.981,-0.012,23,13.0,0.127,25,16.0,0.208,-0.389
1,pd,ny_open,10,1,1.0,0,0.1,10,,,,7,,,7,,,
1,pd,ny_open,10,1,1.0,0,0.25,20,65.0,1.394,0.272,12,,,10,,,
1,pd,ny_open,10,1,1.0,1,0.1,2,,,,4,,,4,,,
1,pd,ny_open,10,1,1.0,1,0.25,6,,,,8,,,6,,,
1,pd,ny_open,10,1,1.0,-1,0.1,8,,,,3,,,3,,,
1,pd,ny_open,10,1,1.0,-1,0.25,14,,,,4,,,4,,,
1,pd,ny_open,10,1,1.5,0,0.1,10,,,,7,,,7,,,
1,pd,ny_open,10,1,1.5,0,0.25,20,60.0,1.847,0.472,12,,,10,,,
1,pd,ny_open,10,1,1.5,1,0.1,2,,,,4,,,4,,,
1,pd,ny_open,10,1,1.5,1,0.25,6,,,,8,,,6,,,
1,pd,ny_open,10,1,1.5,-1,0.1,8,,,,3,,,3,,,
1,pd,ny_open,10,1,1.5,-1,0.25,14,,,,4,,,4,,,
1,pd,ny_open,10,1,2.0,0,0.1,10,,,,7,,,7,,,
1,pd,ny_open,10,1,2.0,0,0.25,20,50.0,1.896,0.47,12,,,10,,,
1,pd,ny_open,10,1,2.0,1,0.1,2,,,,4,,,4,,,
1,pd,ny_open,10,1,2.0,1,0.25,6,,,,8,,,6,,,
1,pd,ny_open,10,1,2.0,-1,0.1,8,,,,3,,,3,,,
1,pd,ny_open,10,1,2.0,-1,0.25,14,,,,4,,,4,,,
1,pd,ny_open,10,1,3.0,0,0.1,10,,,,7,,,7,,,
1,pd,ny_open,10,1,3.0,0,0.25,20,40.0,1.549,0.366,12,,,10,,,
1,pd,ny_open,10,1,3.0,1,0.1,2,,,,4,,,4,,,
1,pd,ny_open,10,1,3.0,1,0.25,6,,,,8,,,6,,,
1,pd,ny_open,10,1,3.0,-1,0.1,8,,,,3,,,3,,,
1,pd,ny_open,10,1,3.0,-1,0.25,14,,,,4,,,4,,,
1,pd,ny_open,10,2,1.0,0,0.1,47,38.3,0.591,-0.269,24,58.3,1.454,27,48.1,1.054,-0.01
1,pd,ny_open,10,2,1.0,0,0.25,72,43.1,0.833,-0.169,55,60.0,1.243,49,55.1,1.16,0.111
1,pd,ny_open,10,2,1.0,1,0.1,24,50.0,0.961,-0.028,15,,,15,,,
1,pd,ny_open,10,2,1.0,1,0.25,35,54.3,1.492,0.06,35,57.1,1.148,29,55.2,1.234,0.084
1,pd,ny_open,10,2,1.0,-1,0.1,23,26.1,0.324,-0.52,9,,,12,,,
1,pd,ny_open,10,2,1.0,-1,0.25,38,34.2,0.512,-0.349,20,65.0,1.423,20,55.0,1.067,0.15
1,pd,ny_open,10,2,1.5,0,0.1,47,36.2,0.824,-0.136,24,45.8,1.252,27,37.0,0.955,-0.069
1,pd,ny_open,10,2,1.5,0,0.25,72,38.9,1.07,-0.061,55,50.9,1.281,49,42.9,0.956,0.068
1,pd,ny_open,10,2,1.5,1,0.1,24,45.8,1.26,0.108,15,,,15,,,
1,pd,ny_open,10,2,1.5,1,0.25,35,48.6,1.796,0.181,35,51.4,1.464,29,44.8,1.213,0.098
1,pd,ny_open,10,2,1.5,-1,0.1,23,26.1,0.491,-0.39,9,,,12,,,
1,pd,ny_open,10,2,1.5,-1,0.25,38,31.6,0.691,-0.244,20,50.0,1.019,20,40.0,0.672,0.024
1,pd,ny_open,10,2,2.0,0,0.1,47,27.7,0.737,-0.211,24,41.7,1.471,27,37.0,1.266,0.098
1,pd,ny_open,10,2,2.0,0,0.25,72,31.9,0.971,-0.112,55,40.0,1.098,49,36.7,0.916,0.088
1,pd,ny_open,10,2,2.0,1,0.1,24,29.2,0.815,-0.165,15,,,15,,,
1,pd,ny_open,10,2,2.0,1,0.25,35,34.3,1.283,-0.023,35,40.0,1.299,29,37.9,1.179,0.115
1,pd,ny_open,10,2,2.0,-1,0.1,23,26.1,0.657,-0.259,9,,,12,,,
1,pd,ny_open,10,2,2.0,-1,0.25,38,31.6,0.789,-0.138,20,40.0,0.809,20,35.0,0.616,0.049
1,pd,ny_open,10,2,3.0,0,0.1,47,21.3,0.767,-0.191,24,33.3,1.413,27,22.2,0.84,-0.148
1,pd,ny_open,10,2,3.0,0,0.25,72,26.4,1.116,-0.043,55,30.9,1.061,49,24.5,0.714,-0.129
1,pd,ny_open,10,2,3.0,1,0.1,24,20.8,0.804,-0.209,15,,,15,,,
1,pd,ny_open,10,2,3.0,1,0.25,35,28.6,1.53,0.061,35,37.1,1.611,29,34.5,1.356,0.218
1,pd,ny_open,10,2,3.0,-1,0.1,23,21.7,0.728,-0.173,9,,,12,,,
1,pd,ny_open,10,2,3.0,-1,0.25,38,26.3,0.88,-0.06,20,20.0,0.406,20,10.0,0.119,-0.633
1,pd,ny_open,10,3,1.0,0,0.1,63,50.8,0.88,-0.02,33,54.5,1.026,22,54.5,1.263,0.065
1,pd,ny_open,10,3,1.0,0,0.25,100,50.0,0.927,-0.03,64,56.2,1.107,52,51.9,0.92,0.019
1,pd,ny_open,10,3,1.0,1,0.1,28,42.9,0.759,-0.177,19,,,12,,,
1,pd,ny_open,10,3,1.0,1,0.25,51,47.1,1.003,-0.087,41,51.2,1.036,33,51.5,0.953,0.012
1,pd,ny_open,10,3,1.0,-1,0.1,35,57.1,1.013,0.106,14,,,10,,,
1,pd,ny_open,10,3,1.0,-1,0.25,50,54.0,0.908,0.048,23,65.2,1.267,19,,,
1,pd,ny_open,10,3,1.5,0,0.1,63,42.9,0.934,0.034,33,48.5,1.153,22,54.5,1.907,0.338
1,pd,ny_open,10,3,1.5,0,0.25,100,42.0,0.981,0.018,64,46.9,1.045,52,46.2,1.0,0.134
1,pd,ny_open,10,3,1.5,1,0.1,28,32.1,0.666,-0.232,19,,,12,,,
1,pd,ny_open,10,3,1.5,1,0.25,51,41.2,1.205,0.0,41,41.5,0.91,33,42.4,0.859,0.042
1,pd,ny_open,10,3,1.5,-1,0.1,35,51.4,1.264,0.246,14,,,10,,,
1,pd,ny_open,10,3,1.5,-1,0.25,50,44.0,0.835,0.066,23,56.5,1.372,19,,,
1,pd,ny_open,10,3,2.0,0,0.1,63,38.1,1.061,0.105,33,45.5,1.398,22,50.0,2.215,0.474
1,pd,ny_open,10,3,2.0,0,0.25,100,38.0,1.156,0.107,64,42.2,1.125,52,40.4,1.02,0.191
1,pd,ny_open,10,3,2.0,1,0.1,28,28.6,0.785,-0.179,19,,,12,,,
1,pd,ny_open,10,3,2.0,1,0.25,51,37.3,1.418,0.088,41,39.0,0.996,33,39.4,0.87,0.163
1,pd,ny_open,10,3,2.0,-1,0.1,35,45.7,1.383,0.331,14,,,10,,,
1,pd,ny_open,10,3,2.0,-1,0.25,50,40.0,0.991,0.165,23,47.8,1.42,19,,,
1,pd,ny_open,10,3,3.0,0,0.1,63,30.2,1.155,0.168,33,36.4,1.599,22,40.9,2.227,0.61
1,pd,ny_open,10,3,3.0,0,0.25,100,29.0,1.117,0.113,64,32.8,1.152,52,30.8,0.966,0.203
1,pd,ny_open,10,3,3.0,1,0.1,28,25.0,0.992,-0.036,19,,,12,,,
1,pd,ny_open,10,3,3.0,1,0.25,51,33.3,1.708,0.277,41,36.6,1.357,33,33.3,1.038,0.303
1,pd,ny_open,10,3,3.0,-1,0.1,35,34.3,1.323,0.331,14,,,10,,,
1,pd,ny_open,10,3,3.0,-1,0.25,50,26.0,0.707,0.004,23,26.1,0.798,19,,,
1,pd,ny_open,20,0,1.0,0,0.1,39,41.0,0.674,-0.218,23,47.8,0.796,26,38.5,0.524,-0.213
1,pd,ny_open,20,0,1.0,0,0.25,106,49.1,1.038,-0.045,67,50.7,0.883,63,47.6,0.888,-0.049
1,pd,ny_open,20,0,1.0,1,0.1,17,,,,14,,,14,,,
1,pd,ny_open,20,0,1.0,1,0.25,48,45.8,1.008,-0.108,42,54.8,1.044,36,47.2,0.775,-0.073
1,pd,ny_open,20,0,1.0,-1,0.1,22,45.5,0.768,-0.132,9,,,12,,,
1,pd,ny_open,20,0,1.0,-1,0.25,58,51.7,1.068,0.007,25,44.0,0.659,27,48.1,1.086,-0.015
1,pd,ny_open,20,0,1.5,0,0.1,39,35.9,0.864,-0.142,23,39.1,0.843,26,34.6,0.639,-0.137
1,pd,ny_open,20,0,1.5,0,0.25,106,40.6,1.131,-0.005,67,38.8,0.832,63,36.5,0.807,-0.1
1,pd,ny_open,20,0,1.5,1,0.1,17,,,,14,,,14,,,
1,pd,ny_open,20,0,1.5,1,0.25,48,35.4,1.021,-0.14,42,40.5,0.951,36,33.3,0.654,-0.191
1,pd,ny_open,20,0,1.5,-1,0.1,22,40.9,0.995,-0.019,9,,,12,,,
1,pd,ny_open,20,0,1.5,-1,0.25,58,44.8,1.245,0.107,25,36.0,0.651,27,40.7,1.081,0.021
1,pd,ny_open,20,0,2.0,0,0.1,39,33.3,1.052,-0.039,23,34.8,0.942,26,30.8,0.711,-0.099
1,pd,ny_open,20,0,2.0,0,0.25,106,35.8,1.209,0.05,67,32.8,0.796,63,31.7,0.832,-0.091
1,pd,ny_open,20,0,2.0,1,0.1,17,,,,14,,,14,,,
1,pd,ny_open,20,0,2.0,1,0.25,48,31.2,1.12,-0.102,42,35.7,0.958,36,30.6,0.738,-0.147
1,pd,ny_open,20,0,2.0,-1,0.1,22,40.9,1.332,0.185,9,,,12,,,
1,pd,ny_open,20,0,2.0,-1,0.25,58,39.7,1.298,0.175,25,28.0,0.559,27,33.3,0.981,-0.016
1,pd,ny_open,20,0,3.0,0,0.1,39,28.2,1.123,0.088,23,26.1,0.977,26,23.1,0.713,-0.111
1,pd,ny_open,20,0,3.0,0,0.25,105,25.7,1.05,0.007,67,22.4,0.582,63,19.0,0.456,-0.341
1,pd,ny_open,20,0,3.0,1,0.1,17,,,,14,,,14,,,
1,pd,ny_open,20,0,3.0,1,0.25,48,20.8,0.933,-0.196,42,28.6,0.947,36,22.2,0.668,-0.269
1,pd,ny_open,20,0,3.0,-1,0.1,22,36.4,1.358,0.412,9,,,12,,,
1,pd,ny_open,20,0,3.0,-1,0.25,58,31.0,1.262,0.226,25,12.0,0.118,27,14.8,0.193,-0.436
1,pd,ny_open,20,1,1.0,0,0.1,10,,,,7,,,7,,,
1,pd,ny_open,20,1,1.0,0,0.25,27,51.9,0.722,0.011,15,,,12,,,
1,pd,ny_open,20,1,1.0,1,0.1,2,,,,4,,,4,,,
1,pd,ny_open,20,1,1.0,1,0.25,11,,,,11,,,8,,,
1,pd,ny_open,20,1,1.0,-1,0.1,8,,,,3,,,3,,,
1,pd,ny_open,20,1,1.0,-1,0.25,16,,,,4,,,4,,,
1,pd,ny_open,20,1,1.5,0,0.1,10,,,,7,,,7,,,
1,pd,ny_open,20,1,1.5,0,0.25,27,48.1,0.998,0.177,15,,,12,,,
1,pd,ny_open,20,1,1.5,1,0.1,2,,,,4,,,4,,,
1,pd,ny_open,20,1,1.5,1,0.25,11,,,,11,,,8,,,
1,pd,ny_open,20,1,1.5,-1,0.1,8,,,,3,,,3,,,
1,pd,ny_open,20,1,1.5,-1,0.25,16,,,,4,,,4,,,
1,pd,ny_open,20,1,2.0,0,0.1,10,,,,7,,,7,,,
1,pd,ny_open,20,1,2.0,0,0.25,27,40.7,1.104,0.194,15,,,12,,,
1,pd,ny_open,20,1,2.0,1,0.1,2,,,,4,,,4,,,
1,pd,ny_open,20,1,2.0,1,0.25,11,,,,11,,,8,,,
1,pd,ny_open,20,1,2.0,-1,0.1,8,,,,3,,,3,,,
1,pd,ny_open,20,1,2.0,-1,0.25,16,,,,4,,,4,,,
1,pd,ny_open,20,1,3.0,0,0.1,10,,,,7,,,7,,,
1,pd,ny_open,20,1,3.0,0,0.25,27,33.3,1.003,0.154,15,,,12,,,
1,pd,ny_open,20,1,3.0,1,0.1,2,,,,4,,,4,,,
1,pd,ny_open,20,1,3.0,1,0.25,11,,,,11,,,8,,,
1,pd,ny_open,20,1,3.0,-1,0.1,8,,,,3,,,3,,,
1,pd,ny_open,20,1,3.0,-1,0.25,16,,,,4,,,4,,,
1,pd,ny_open,20,2,1.0,0,0.1,52,38.5,0.563,-0.268,26,53.8,1.171,28,46.4,0.985,-0.046
1,pd,ny_open,20,2,1.0,0,0.25,86,43.0,0.799,-0.17,60,56.7,1.076,52,51.9,0.967,0.046
1,pd,ny_open,20,2,1.0,1,0.1,25,48.0,0.902,-0.069,16,,,16,,,
1,pd,ny_open,20,2,1.0,1,0.25,42,50.0,1.125,-0.025,39,53.8,0.976,32,50.0,0.909,-0.02
1,pd,ny_open,20,2,1.0,-1,0.1,27,29.6,0.328,-0.452,10,,,12,,,
1,pd,ny_open,20,2,1.0,-1,0.25,45,37.8,0.573,-0.279,21,61.9,1.295,20,55.0,1.067,0.15
1,pd,ny_open,20,2,1.5,0,0.1,52,36.5,0.789,-0.128,26,42.3,1.061,28,35.7,0.905,-0.104
1,pd,ny_open,20,2,1.5,0,0.25,86,38.4,0.957,-0.074,60,48.3,1.154,52,40.4,0.83,0.005
1,pd,ny_open,20,2,1.5,1,0.1,25,44.0,1.187,0.061,16,,,16,,,
1,pd,ny_open,20,2,1.5,1,0.25,42,42.9,1.193,0.041,39,48.7,1.274,32,40.6,0.942,-0.007
1,pd,ny_open,20,2,1.5,-1,0.1,27,29.6,0.498,-0.304,10,,,12,,,
1,pd,ny_open,20,2,1.5,-1,0.25,45,35.6,0.789,-0.146,21,47.6,0.954,20,40.0,0.672,0.024
1,pd,ny_open,20,2,2.0,0,0.1,52,28.8,0.722,-0.177,26,38.5,1.257,28,35.7,1.199,0.057
1,pd,ny_open,20,2,2.0,0,0.25,86,32.6,0.933,-0.087,60,38.3,1.03,52,34.6,0.807,0.024
1,pd,ny_open,20,2,2.0,1,0.1,25,28.0,0.778,-0.201,16,,,16,,,
1,pd,ny_open,20,2,2.0,1,0.25,42,31.0,0.985,-0.118,39,38.5,1.191,32,34.4,0.941,0.008
1,pd,ny_open,20,2,2.0,-1,0.1,27,29.6,0.667,-0.156,10,,,12,,,
1,pd,ny_open,20,2,2.0,-1,0.25,45,35.6,0.932,-0.012,21,38.1,0.765,20,35.0,0.616,0.049
1,pd,ny_open,20,2,3.0,0,0.1,52,23.1,0.769,-0.121,26,30.8,1.235,28,21.4,0.805,-0.18
1,pd,ny_open,20,2,3.0,0,0.25,86,26.7,1.033,-0.007,60,30.0,0.974,52,23.1,0.639,-0.181
1,pd,ny_open,20,2,3.0,1,0.1,25,20.0,0.771,-0.242,16,,,16,,,
1,pd,ny_open,20,2,3.0,1,0.25,42,23.8,1.034,-0.096,39,35.9,1.403,32,31.2,1.088,0.102
1,pd,ny_open,20,2,3.0,-1,0.1,27,25.9,0.767,-0.008,10,,,12,,,
1,pd,ny_open,20,2,3.0,-1,0.25,45,31.1,1.106,0.143,21,19.0,0.388,20,10.0,0.119,-0.633
1,pd,ny_open,20,3,1.0,0,0.1,67,53.7,0.968,0.039,35,54.3,1.036,24,50.0,1.121,-0.028
1,pd,ny_open,20,3,1.0,0,0.25,107,52.3,1.025,0.016,67,55.2,1.053,55,49.1,0.844,-0.039
1,pd,ny_open,20,3,1.0,1,0.1,29,44.8,0.808,-0.137,20,45.0,0.709,12,,,
1,pd,ny_open,20,3,1.0,1,0.25,53,49.1,1.107,-0.047,42,52.4,1.072,33,51.5,0.953,0.012
1,pd,ny_open,20,3,1.0,-1,0.1,38,60.5,1.144,0.174,15,,,12,,,
1,pd,ny_open,20,3,1.0,-1,0.25,55,56.4,1.003,0.095,25,60.0,1.019,22,45.5,0.694,-0.115
1,pd,ny_open,20,3,1.5,0,0.1,67,43.3,0.951,0.044,35,48.6,1.184,24,50.0,1.691,0.222
1,pd,ny_open,20,3,1.5,0,0.25,107,43.0,1.063,0.043,67,46.3,1.015,55,43.6,0.928,0.07
1,pd,ny_open,20,3,1.5,1,0.1,29,31.0,0.639,-0.26,20,45.0,1.071,12,,,
1,pd,ny_open,20,3,1.5,1,0.25,53,41.5,1.279,0.009,42,42.9,0.953,33,42.4,0.859,0.042
1,pd,ny_open,20,3,1.5,-1,0.1,38,52.6,1.338,0.276,15,,,12,,,
1,pd,ny_open,20,3,1.5,-1,0.25,55,45.5,0.926,0.102,25,52.0,1.139,22,45.5,1.047,0.112
1,pd,ny_open,20,3,2.0,0,0.1,67,38.8,1.09,0.125,35,45.7,1.443,24,45.8,1.982,0.347
1,pd,ny_open,20,3,2.0,0,0.25,107,39.3,1.266,0.145,67,41.8,1.102,55,38.2,0.953,0.124
1,pd,ny_open,20,3,2.0,1,0.1,29,27.6,0.754,-0.209,20,45.0,1.432,12,,,
1,pd,ny_open,20,3,2.0,1,0.25,53,37.7,1.516,0.102,42,40.5,1.051,33,39.4,0.87,0.163
1,pd,ny_open,20,3,2.0,-1,0.1,38,47.4,1.484,0.38,15,,,12,,,
1,pd,ny_open,20,3,2.0,-1,0.25,55,41.8,1.114,0.219,25,44.0,1.202,22,36.4,1.096,0.066
1,pd,ny_open,20,3,3.0,0,0.1,67,29.9,1.158,0.155,35,34.3,1.464,24,37.5,2.031,0.471
1,pd,ny_open,20,3,3.0,0,0.25,107,29.9,1.252,0.15,67,31.3,1.081,55,29.1,0.91,0.135
1,pd,ny_open,20,3,3.0,1,0.1,29,24.1,0.954,-0.071,20,40.0,1.746,12,,,
1,pd,ny_open,20,3,3.0,1,0.25,53,34.0,1.853,0.303,42,35.7,1.321,33,33.3,1.038,0.303
1,pd,ny_open,20,3,3.0,-1,0.1,38,34.2,1.366,0.327,15,,,12,,,
1,pd,ny_open,20,3,3.0,-1,0.25,55,27.3,0.844,0.055,25,24.0,0.704,22,22.7,0.722,-0.117
1,pd,ny_open,40,0,1.0,0,0.1,40,42.5,0.696,-0.188,24,50.0,0.915,27,40.7,0.616,-0.169
1,pd,ny_open,40,0,1.0,0,0.25,107,49.5,1.045,-0.036,69,52.2,0.941,64,48.4,0.918,-0.032
1,pd,ny_open,40,0,1.0,1,0.1,17,,,,15,,,15,,,
1,pd,ny_open,40,0,1.0,1,0.25,48,45.8,1.008,-0.108,43,55.8,1.088,37,48.6,0.822,-0.045
1,pd,ny_open,40,0,1.0,-1,0.1,23,47.8,0.814,-0.085,9,,,12,,,
1,pd,ny_open,40,0,1.0,-1,0.25,59,52.5,1.081,0.023,26,46.2,0.736,27,48.1,1.086,-0.015
1,pd,ny_open,40,0,1.5,0,0.1,40,37.5,0.896,-0.102,24,41.7,1.0,27,37.0,0.77,-0.077
1,pd,ny_open,40,0,1.5,0,0.25,107,41.1,1.14,0.009,69,39.1,0.84,64,37.5,0.843,-0.076
1,pd,ny_open,40,0,1.5,1,0.1,17,,,,15,,,15,,,
1,pd,ny_open,40,0,1.5,1,0.25,48,35.4,1.021,-0.14,43,41.9,1.004,37,35.1,0.711,-0.146
1,pd,ny_open,40,0,1.5,-1,0.1,23,43.5,1.059,0.045,9,,,12,,,
1,pd,ny_open,40,0,1.5,-1,0.25,59,45.8,1.263,0.13,26,34.6,0.609,27,40.7,1.081,0.021
1,pd,ny_open,40,0,2.0,0,0.1,40,35.0,1.093,0.01,24,33.3,0.855,27,29.6,0.655,-0.133
1,pd,ny_open,40,0,2.0,0,0.25,107,36.4,1.22,0.067,69,31.9,0.762,64,31.2,0.813,-0.105
1,pd,ny_open,40,0,2.0,1,0.1,17,,,,15,,,15,,,
1,pd,ny_open,40,0,2.0,1,0.25,48,31.2,1.12,-0.102,43,34.9,0.927,37,29.7,0.711,-0.17
1,pd,ny_open,40,0,2.0,-1,0.1,23,43.5,1.419,0.262,9,,,12,,,
1,pd,ny_open,40,0,2.0,-1,0.25,59,40.7,1.32,0.205,26,26.9,0.527,27,33.3,0.981,-0.016
1,pd,ny_open,40,0,3.0,0,0.1,40,30.0,1.179,0.16,24,25.0,0.895,27,22.2,0.662,-0.144
1,pd,ny_open,40,0,3.0,0,0.25,106,26.4,1.064,0.035,69,21.7,0.56,64,18.8,0.447,-0.351
1,pd,ny_open,40,0,3.0,1,0.1,17,,,,15,,,15,,,
1,pd,ny_open,40,0,3.0,1,0.25,48,20.8,0.933,-0.196,43,27.9,0.919,37,21.6,0.646,-0.289
1,pd,ny_open,40,0,3.0,-1,0.1,23,39.1,1.472,0.523,9,,,12,,,
1,pd,ny_open,40,0,3.0,-1,0.25,59,32.2,1.29,0.272,26,11.5,0.112,27,14.8,0.193,-0.436
1,pd,ny_open,40,1,1.0,0,0.1,10,,,,7,,,7,,,
1,pd,ny_open,40,1,1.0,0,0.25,27,51.9,0.722,0.011,16,,,12,,,
1,pd,ny_open,40,1,1.0,1,0.1,2,,,,4,,,4,,,
1,pd,ny_open,40,1,1.0,1,0.25,11,,,,11,,,8,,,
1,pd,ny_open,40,1,1.0,-1,0.1,8,,,,3,,,3,,,
1,pd,ny_open,40,1,1.0,-1,0.25,16,,,,5,,,4,,,
1,pd,ny_open,40,1,1.5,0,0.1,10,,,,7,,,7,,,
1,pd,ny_open,40,1,1.5,0,0.25,27,48.1,0.998,0.177,16,,,12,,,
1,pd,ny_open,40,1,1.5,1,0.1,2,,,,4,,,4,,,
1,pd,ny_open,40,1,1.5,1,0.25,11,,,,11,,,8,,,
1,pd,ny_open,40,1,1.5,-1,0.1,8,,,,3,,,3,,,
1,pd,ny_open,40,1,1.5,-1,0.25,16,,,,5,,,4,,,
1,pd,ny_open,40,1,2.0,0,0.1,10,,,,7,,,7,,,
1,pd,ny_open,40,1,2.0,0,0.25,27,40.7,1.104,0.194,16,,,12,,,
1,pd,ny_open,40,1,2.0,1,0.1,2,,,,4,,,4,,,
1,pd,ny_open,40,1,2.0,1,0.25,11,,,,11,,,8,,,
1,pd,ny_open,40,1,2.0,-1,0.1,8,,,,3,,,3,,,
1,pd,ny_open,40,1,2.0,-1,0.25,16,,,,5,,,4,,,
1,pd,ny_open,40,1,3.0,0,0.1,10,,,,7,,,7,,,
1,pd,ny_open,40,1,3.0,0,0.25,27,33.3,1.003,0.154,16,,,12,,,
1,pd,ny_open,40,1,3.0,1,0.1,2,,,,4,,,4,,,
1,pd,ny_open,40,1,3.0,1,0.25,11,,,,11,,,8,,,
1,pd,ny_open,40,1,3.0,-1,0.1,8,,,,3,,,3,,,
1,pd,ny_open,40,1,3.0,-1,0.25,16,,,,5,,,4,,,
1,pd,ny_open,40,2,1.0,0,0.1,52,38.5,0.563,-0.268,27,55.6,1.302,29,48.3,1.087,-0.011
1,pd,ny_open,40,2,1.0,0,0.25,86,43.0,0.799,-0.17,62,58.1,1.154,53,52.8,1.003,0.063
1,pd,ny_open,40,2,1.0,1,0.1,25,48.0,0.902,-0.069,17,,,17,,,
1,pd,ny_open,40,2,1.0,1,0.25,42,50.0,1.125,-0.025,40,55.0,1.023,33,51.5,0.966,0.011
1,pd,ny_open,40,2,1.0,-1,0.1,27,29.6,0.328,-0.452,10,,,12,,,
1,pd,ny_open,40,2,1.0,-1,0.25,45,37.8,0.573,-0.279,22,63.6,1.439,20,55.0,1.067,0.15
1,pd,ny_open,40,2,1.5,0,0.1,52,36.5,0.789,-0.128,27,44.4,1.216,29,37.9,1.029,-0.049
1,pd,ny_open,40,2,1.5,0,0.25,86,38.4,0.957,-0.074,62,48.4,1.151,53,41.5,0.873,0.033
1,pd,ny_open,40,2,1.5,1,0.1,25,44.0,1.187,0.061,17,,,17,,,
1,pd,ny_open,40,2,1.5,1,0.25,42,42.9,1.193,0.041,40,50.0,1.341,33,42.4,1.015,0.038
1,pd,ny_open,40,2,1.5,-1,0.1,27,29.6,0.498,-0.304,10,,,12,,,
1,pd,ny_open,40,2,1.5,-1,0.25,45,35.6,0.789,-0.146,22,45.5,0.863,20,40.0,0.672,0.024
1,pd,ny_open,40,2,2.0,0,0.1,52,28.8,0.722,-0.177,27,37.0,1.141,29,34.5,1.105,0.02
1,pd,ny_open,40,2,2.0,0,0.25,86,32.6,0.933,-0.087,62,37.1,0.974,53,34.0,0.786,0.004
1,pd,ny_open,40,2,2.0,1,0.1,25,28.0,0.778,-0.201,17,,,17,,,
1,pd,ny_open,40,2,2.0,1,0.25,42,31.0,0.985,-0.118,40,37.5,1.146,33,33.3,0.901,-0.023
1,pd,ny_open,40,2,2.0,-1,0.1,27,29.6,0.667,-0.156,10,,,12,,,
1,pd,ny_open,40,2,2.0,-1,0.25,45,35.6,0.932,-0.012,22,36.4,0.703,20,35.0,0.616,0.049
1,pd,ny_open,40,2,3.0,0,0.1,52,23.1,0.769,-0.121,27,29.6,1.135,29,20.7,0.755,-0.209
1,pd,ny_open,40,2,3.0,0,0.25,86,26.7,1.033,-0.007,62,29.0,0.925,53,22.6,0.624,-0.196
1,pd,ny_open,40,2,3.0,1,0.1,25,20.0,0.771,-0.242,17,,,17,,,
1,pd,ny_open,40,2,3.0,1,0.25,42,23.8,1.034,-0.096,40,35.0,1.351,33,30.3,1.042,0.068
1,pd,ny_open,40,2,3.0,-1,0.1,27,25.9,0.767,-0.008,10,,,12,,,
1,pd,ny_open,40,2,3.0,-1,0.25,45,31.1,1.106,0.143,22,18.2,0.362,20,10.0,0.119,-0.633
1,pd,ny_open,40,3,1.0,0,0.1,68,54.4,1.012,0.053,35,54.3,1.036,24,50.0,1.121,-0.028
1,pd,ny_open,40,3,1.0,0,0.25,110,51.8,0.995,0.006,69,56.5,1.171,57,50.9,0.961,-0.003
1,pd,ny_open,40,3,1.0,1,0.1,30,46.7,0.893,-0.1,20,45.0,0.709,12,,,
1,pd,ny_open,40,3,1.0,1,0.25,55,49.1,1.088,-0.046,43,53.5,1.206,34,52.9,1.099,0.041
1,pd,ny_open,40,3,1.0,-1,0.1,38,60.5,1.144,0.174,15,,,12,,,
1,pd,ny_open,40,3,1.0,-1,0.25,56,55.4,0.956,0.075,26,61.5,1.108,23,47.8,0.77,-0.067
1,pd,ny_open,40,3,1.5,0,0.1,68,42.6,0.917,0.028,35,48.6,1.184,24,50.0,1.691,0.222
1,pd,ny_open,40,3,1.5,0,0.25,110,41.8,0.999,0.014,69,47.8,1.159,57,45.6,1.081,0.12
1,pd,ny_open,40,3,1.5,1,0.1,30,30.0,0.598,-0.285,20,45.0,1.071,12,,,
1,pd,ny_open,40,3,1.5,1,0.25,55,40.0,1.175,-0.029,43,44.2,1.111,34,44.1,1.036,0.085
1,pd,ny_open,40,3,1.5,-1,0.1,38,52.6,1.338,0.276,15,,,12,,,
1,pd,ny_open,40,3,1.5,-1,0.25,56,44.6,0.891,0.082,26,53.8,1.254,23,47.8,1.16,0.172
1,pd,ny_open,40,3,2.0,0,0.1,68,38.2,1.052,0.109,35,45.7,1.443,24,45.8,1.982,0.347
1,pd,ny_open,40,3,2.0,0,0.25,110,38.2,1.193,0.113,69,42.0,1.202,57,38.6,1.061,0.137
1,pd,ny_open,40,3,2.0,1,0.1,30,26.7,0.707,-0.236,20,45.0,1.432,12,,,
1,pd,ny_open,40,3,2.0,1,0.25,55,36.4,1.399,0.062,43,41.9,1.247,34,41.2,1.085,0.217
1,pd,ny_open,40,3,2.0,-1,0.1,38,47.4,1.484,0.38,15,,,12,,,
1,pd,ny_open,40,3,2.0,-1,0.25,56,41.1,1.074,0.197,26,42.3,1.121,23,34.8,1.024,0.019
1,pd,ny_open,40,3,3.0,0,0.1,68,29.4,1.122,0.137,35,34.3,1.464,24,37.5,2.031,0.471
1,pd,ny_open,40,3,3.0,0,0.25,110,29.1,1.189,0.118,69,31.9,1.225,57,29.8,1.065,0.165
1,pd,ny_open,40,3,3.0,1,0.1,30,23.3,0.897,-0.103,20,40.0,1.746,12,,,
1,pd,ny_open,40,3,3.0,1,0.25,55,32.7,1.719,0.255,43,37.2,1.599,34,35.3,1.341,0.383
1,pd,ny_open,40,3,3.0,-1,0.1,38,34.2,1.366,0.327,15,,,12,,,
1,pd,ny_open,40,3,3.0,-1,0.25,56,26.8,0.818,0.035,26,23.1,0.667,23,21.7,0.684,-0.156
1,pd,ny_mid,10,0,1.0,0,0.1,46,54.3,0.91,0.043,35,57.1,1.8,30,56.7,1.266,0.142
1,pd,ny_mid,10,0,1.0,0,0.25,81,50.6,0.955,-0.023,70,55.7,1.461,66,56.1,1.274,0.117
1,pd,ny_mid,10,0,1.0,1,0.1,16,,,,15,,,9,,,
1,pd,ny_mid,10,0,1.0,1,0.25,37,51.4,1.129,-0.004,40,55.0,1.464,31,64.5,1.499,0.274
1,pd,ny_mid,10,0,1.0,-1,0.1,30,56.7,1.017,0.09,20,65.0,2.415,21,47.6,0.858,-0.026
1,pd,ny_mid,10,0,1.0,-1,0.25,44,50.0,0.793,-0.04,30,56.7,1.456,35,48.6,1.073,-0.021
1,pd,ny_mid,10,0,1.5,0,0.1,46,41.3,0.855,-0.013,35,48.6,1.975,30,56.7,1.89,0.408
1,pd,ny_mid,10,0,1.5,0,0.25,81,38.3,0.909,-0.081,70,47.1,1.546,66,50.0,1.396,0.235
1,pd,ny_mid,10,0,1.5,1,0.1,16,,,,15,,,9,,,
1,pd,ny_mid,10,0,1.5,1,0.25,37,35.1,0.889,-0.154,40,47.5,1.462,31,51.6,1.225,0.266
1,pd,ny_mid,10,0,1.5,-1,0.1,30,43.3,0.968,0.037,20,50.0,1.934,21,47.6,1.269,0.189
1,pd,ny_mid,10,0,1.5,-1,0.25,44,40.9,0.931,-0.019,30,46.7,1.696,35,48.6,1.604,0.207
1,pd,ny_mid,10,0,2.0,0,0.1,46,34.8,0.812,-0.004,35,42.9,1.923,30,50.0,1.709,0.474
1,pd,ny_mid,10,0,2.0,0,0.25,81,32.1,0.883,-0.083,70,44.3,1.657,66,45.5,1.336,0.292
1,pd,ny_mid,10,0,2.0,1,0.1,16,,,,15,,,9,,,
1,pd,ny_mid,10,0,2.0,1,0.25,37,29.7,0.881,-0.159,40,47.5,1.773,31,51.6,1.469,0.453
1,pd,ny_mid,10,0,2.0,-1,0.1,30,36.7,0.852,0.053,20,40.0,1.405,21,38.1,0.917,0.117
1,pd,ny_mid,10,0,2.0,-1,0.25,44,34.1,0.885,-0.02,30,40.0,1.477,35,40.0,1.203,0.149
1,pd,ny_mid,10,0,3.0,0,0.1,46,30.4,0.992,0.17,35,28.6,1.51,30,33.3,1.52,0.295
1,pd,ny_mid,10,0,3.0,0,0.25,81,28.4,1.054,0.046,70,32.9,1.335,66,33.3,1.155,0.147
1,pd,ny_mid,10,0,3.0,1,0.1,16,,,,15,,,9,,,
1,pd,ny_mid,10,0,3.0,1,0.25,37,27.0,1.166,0.003,40,32.5,1.411,31,32.3,1.022,0.084
1,pd,ny_mid,10,0,3.0,-1,0.1,30,33.3,1.117,0.286,20,30.0,1.413,21,28.6,1.05,0.1
1,pd,ny_mid,10,0,3.0,-1,0.25,44,29.5,0.936,0.082,30,33.3,1.198,35,34.3,1.316,0.203
1,pd,ny_mid,10,1,1.0,0,0.1,6,,,,8,,,7,,,
1,pd,ny_mid,10,1,1.0,0,0.25,15,,,,11,,,10,,,
1,pd,ny_mid,10,1,1.0,1,0.1,1,,,,3,,,4,,,
1,pd,ny_mid,10,1,1.0,1,0.25,7,,,,6,,,7,,,
1,pd,ny_mid,10,1,1.0,-1,0.1,5,,,,5,,,3,,,
1,pd,ny_mid,10,1,1.0,-1,0.25,8,,,,5,,,3,,,
1,pd,ny_mid,10,1,1.5,0,0.1,6,,,,8,,,7,,,
1,pd,ny_mid,10,1,1.5,0,0.25,15,,,,11,,,10,,,
1,pd,ny_mid,10,1,1.5,1,0.1,1,,,,3,,,4,,,
1,pd,ny_mid,10,1,1.5,1,0.25,7,,,,6,,,7,,,
1,pd,ny_mid,10,1,1.5,-1,0.1,5,,,,5,,,3,,,
1,pd,ny_mid,10,1,1.5,-1,0.25,8,,,,5,,,3,,,
1,pd,ny_mid,10,1,2.0,0,0.1,6,,,,8,,,7,,,
1,pd,ny_mid,10,1,2.0,0,0.25,15,,,,11,,,10,,,
1,pd,ny_mid,10,1,2.0,1,0.1,1,,,,3,,,4,,,
1,pd,ny_mid,10,1,2.0,1,0.25,7,,,,6,,,7,,,
1,pd,ny_mid,10,1,2.0,-1,0.1,5,,,,5,,,3,,,
1,pd,ny_mid,10,1,2.0,-1,0.25,8,,,,5,,,3,,,
1,pd,ny_mid,10,1,3.0,0,0.1,6,,,,8,,,7,,,
1,pd,ny_mid,10,1,3.0,0,0.25,15,,,,11,,,10,,,
1,pd,ny_mid,10,1,3.0,1,0.1,1,,,,3,,,4,,,
1,pd,ny_mid,10,1,3.0,1,0.25,7,,,,6,,,7,,,
1,pd,ny_mid,10,1,3.0,-1,0.1,5,,,,5,,,3,,,
1,pd,ny_mid,10,1,3.0,-1,0.25,8,,,,5,,,3,,,
1,pd,ny_mid,10,2,1.0,0,0.1,48,60.4,1.088,0.158,35,68.6,2.136,33,66.7,1.834,0.347
1,pd,ny_mid,10,2,1.0,0,0.25,71,54.9,0.997,0.057,59,66.1,1.732,56,64.3,1.443,0.288
1,pd,ny_mid,10,2,1.0,1,0.1,17,,,,16,,,12,,,
1,pd,ny_mid,10,2,1.0,1,0.25,33,60.6,1.383,0.181,35,65.7,1.872,29,69.0,1.786,0.363
1,pd,ny_mid,10,2,1.0,-1,0.1,31,51.6,0.675,-0.024,19,,,21,61.9,1.273,0.272
1,pd,ny_mid,10,2,1.0,-1,0.25,38,50.0,0.682,-0.05,24,66.7,1.469,27,59.3,1.068,0.208
1,pd,ny_mid,10,2,1.5,0,0.1,48,43.8,0.826,0.04,35,51.4,1.416,33,48.5,1.177,0.207
1,pd,ny_mid,10,2,1.5,0,0.25,71,43.7,1.074,0.048,59,52.5,1.504,56,51.8,1.349,0.286
1,pd,ny_mid,10,2,1.5,1,0.1,17,,,,16,,,12,,,
1,pd,ny_mid,10,2,1.5,1,0.25,33,51.5,1.453,0.255,35,51.4,1.577,29,58.6,1.607,0.446
1,pd,ny_mid,10,2,1.5,-1,0.1,31,35.5,0.608,-0.174,19,,,21,42.9,0.924,0.079
1,pd,ny_mid,10,2,1.5,-1,0.25,38,36.8,0.743,-0.133,24,54.2,1.356,27,44.4,1.039,0.114
1,pd,ny_mid,10,2,2.0,0,0.1,48,31.2,0.613,-0.119,35,45.7,1.647,33,48.5,1.564,0.434
1,pd,ny_mid,10,2,2.0,0,0.25,71,32.4,0.891,-0.082,59,45.8,1.488,56,44.6,1.154,0.292
1,pd,ny_mid,10,2,2.0,1,0.1,17,,,,16,,,12,,,
1,pd,ny_mid,10,2,2.0,1,0.25,33,39.4,1.134,0.13,35,42.9,1.415,29,48.3,1.272,0.371
1,pd,ny_mid,10,2,2.0,-1,0.1,31,22.6,0.382,-0.386,19,,,21,42.9,1.22,0.269
1,pd,ny_mid,10,2,2.0,-1,0.25,38,26.3,0.657,-0.267,24,50.0,1.65,27,40.7,1.001,0.206
1,pd,ny_mid,10,2,3.0,0,0.1,48,25.0,0.602,-0.057,35,31.4,1.275,33,36.4,1.361,0.415
1,pd,ny_mid,10,2,3.0,0,0.25,71,28.2,0.971,0.014,59,35.6,1.432,56,35.7,1.126,0.31
1,pd,ny_mid,10,2,3.0,1,0.1,17,,,,16,,,12,,,
1,pd,ny_mid,10,2,3.0,1,0.25,33,30.3,1.098,0.092,35,37.1,1.547,29,41.4,1.324,0.462
1,pd,ny_mid,10,2,3.0,-1,0.1,31,22.6,0.577,-0.161,19,,,21,28.6,0.757,0.097
1,pd,ny_mid,10,2,3.0,-1,0.25,38,26.3,0.835,-0.053,24,33.3,1.217,27,29.6,0.881,0.146
1,pd,ny_mid,10,3,1.0,0,0.1,55,47.3,0.73,-0.103,31,48.4,0.849,23,56.5,1.042,0.101
1,pd,ny_mid,10,3,1.0,0,0.25,84,44.0,0.649,-0.16,58,55.2,1.151,50,54.0,0.889,0.06
1,pd,ny_mid,10,3,1.0,1,0.1,22,31.8,0.591,-0.409,14,,,7,,,
1,pd,ny_mid,10,3,1.0,1,0.25,37,32.4,0.529,-0.389,33,63.6,1.51,26,53.8,1.008,0.057
1,pd,ny_mid,10,3,1.0,-1,0.1,33,57.6,0.847,0.1,17,,,16,,,
1,pd,ny_mid,10,3,1.0,-1,0.25,47,53.2,0.76,0.021,25,44.0,0.773,24,54.2,0.764,0.063
1,pd,ny_mid,10,3,1.5,0,0.1,55,40.0,0.856,-0.052,31,41.9,1.061,23,43.5,1.114,0.056
1,pd,ny_mid,10,3,1.5,0,0.25,84,38.1,0.799,-0.09,58,46.6,1.14,50,44.0,0.887,0.056
1,pd,ny_mid,10,3,1.5,1,0.1,22,27.3,0.7,-0.364,14,,,7,,,
1,pd,ny_mid,10,3,1.5,1,0.25,37,29.7,0.708,-0.295,33,54.5,1.27,26,46.2,0.882,0.091
1,pd,ny_mid,10,3,1.5,-1,0.1,33,48.5,0.983,0.156,17,,,16,,,
1,pd,ny_mid,10,3,1.5,-1,0.25,47,44.7,0.877,0.071,25,36.0,0.974,24,41.7,0.893,0.017
1,pd,ny_mid,10,3,2.0,0,0.1,55,34.5,0.904,-0.017,31,32.3,1.018,23,34.8,1.153,0.011
1,pd,ny_mid,10,3,2.0,0,0.25,84,34.5,0.945,-0.008,58,37.9,1.111,50,38.0,0.926,0.046
1,pd,ny_mid,10,3,2.0,1,0.1,22,27.3,0.937,-0.228,14,,,7,,,
1,pd,ny_mid,10,3,2.0,1,0.25,37,29.7,0.948,-0.146,33,45.5,1.231,26,42.3,1.033,0.186
1,pd,ny_mid,10,3,2.0,-1,0.1,33,39.4,0.881,0.124,17,,,16,,,
1,pd,ny_mid,10,3,2.0,-1,0.25,47,38.3,0.942,0.102,25,28.0,0.944,24,33.3,0.807,-0.106
1,pd,ny_mid,10,3,3.0,0,0.1,55,23.6,0.848,-0.11,31,22.6,1.052,23,26.1,1.172,0.01
1,pd,ny_mid,10,3,3.0,0,0.25,84,23.8,0.856,-0.107,58,27.6,1.107,50,26.0,0.762,-0.079
1,pd,ny_mid,10,3,3.0,1,0.1,22,18.2,0.889,-0.32,14,,,7,,,
1,pd,ny_mid,10,3,3.0,1,0.25,37,21.6,0.909,-0.206,33,33.3,1.18,26,23.1,0.646,-0.169
1,pd,ny_mid,10,3,3.0,-1,0.1,33,27.3,0.819,0.03,17,,,16,,,
1,pd,ny_mid,10,3,3.0,-1,0.25,47,25.5,0.815,-0.029,25,20.0,1.002,24,29.2,0.909,0.018
1,pd,ny_mid,20,0,1.0,0,0.1,51,52.9,0.935,0.01,37,56.8,1.745,33,57.6,1.292,0.157
1,pd,ny_mid,20,0,1.0,0,0.25,96,50.0,1.034,-0.037,75,56.0,1.399,73,57.5,1.285,0.136
1,pd,ny_mid,20,0,1.0,1,0.1,16,,,,16,,,10,,,
1,pd,ny_mid,20,0,1.0,1,0.25,41,48.8,1.006,-0.054,43,53.5,1.312,35,62.9,1.382,0.24
1,pd,ny_mid,20,0,1.0,-1,0.1,35,54.3,1.04,0.035,21,66.7,2.655,23,52.2,1.046,0.062
1,pd,ny_mid,20,0,1.0,-1,0.25,55,50.9,1.061,-0.024,32,59.4,1.564,38,52.6,1.182,0.04
1,pd,ny_mid,20,0,1.5,0,0.1,51,41.2,0.93,-0.021,37,48.6,1.957,33,57.6,1.932,0.43
1,pd,ny_mid,20,0,1.5,0,0.25,96,39.6,1.089,-0.049,75,48.0,1.51,73,52.1,1.443,0.27
1,pd,ny_mid,20,0,1.5,1,0.1,16,,,,16,,,10,,,
1,pd,ny_mid,20,0,1.5,1,0.25,41,34.1,0.867,-0.178,43,46.5,1.353,35,51.4,1.22,0.262
1,pd,ny_mid,20,0,1.5,-1,0.1,35,42.9,1.07,0.019,21,52.4,2.176,23,52.2,1.554,0.301
1,pd,ny_mid,20,0,1.5,-1,0.25,55,43.6,1.34,0.047,32,50.0,1.823,38,52.6,1.757,0.276
1,pd,ny_mid,20,0,2.0,0,0.1,51,35.3,0.926,0.007,37,43.2,1.945,33,48.5,1.646,0.429
1,pd,ny_mid,20,0,2.0,0,0.25,96,32.3,0.914,-0.078,75,44.0,1.56,73,45.2,1.319,0.266
1,pd,ny_mid,20,0,2.0,1,0.1,16,,,,16,,,10,,,
1,pd,ny_mid,20,0,2.0,1,0.25,41,26.8,0.708,-0.243,43,44.2,1.528,35,48.6,1.359,0.37
1,pd,ny_mid,20,0,2.0,-1,0.1,35,37.1,1.022,0.061,21,42.9,1.646,23,39.1,1.038,0.147
1,pd,ny_mid,20,0,2.0,-1,0.25,55,36.4,1.134,0.044,32,43.8,1.617,38,42.1,1.273,0.17
1,pd,ny_mid,20,0,3.0,0,0.1,51,29.4,0.987,0.124,37,29.7,1.599,33,33.3,1.545,0.296
1,pd,ny_mid,20,0,3.0,0,0.25,96,27.1,0.998,-0.011,75,33.3,1.293,73,34.2,1.201,0.162
1,pd,ny_mid,20,0,3.0,1,0.1,16,,,,16,,,10,,,
1,pd,ny_mid,20,0,3.0,1,0.25,41,24.4,0.942,-0.097,43,30.2,1.249,35,31.4,1.04,0.072
1,pd,ny_mid,20,0,3.0,-1,0.1,35,31.4,1.088,0.203,21,33.3,1.725,23,30.4,1.236,0.176
1,pd,ny_mid,20,0,3.0,-1,0.25,55,29.1,1.053,0.053,32,37.5,1.382,38,36.8,1.42,0.246
1,pd,ny_mid,20,1,1.0,0,0.1,6,,,,10,,,9,,,
1,pd,ny_mid,20,1,1.0,0,0.25,19,,,,16,,,14,,,
1,pd,ny_mid,20,1,1.0,1,0.1,1,,,,4,,,5,,,
1,pd,ny_mid,20,1,1.0,1,0.25,9,,,,10,,,10,,,
1,pd,ny_mid,20,1,1.0,-1,0.1,5,,,,6,,,4,,,
1,pd,ny_mid,20,1,1.0,-1,0.25,10,,,,6,,,4,,,
1,pd,ny_mid,20,1,1.5,0,0.1,6,,,,10,,,9,,,
1,pd,ny_mid,20,1,1.5,0,0.25,19,,,,16,,,14,,,
1,pd,ny_mid,20,1,1.5,1,0.1,1,,,,4,,,5,,,
1,pd,ny_mid,20,1,1.5,1,0.25,9,,,,10,,,10,,,
1,pd,ny_mid,20,1,1.5,-1,0.1,5,,,,6,,,4,,,
1,pd,ny_mid,20,1,1.5,-1,0.25,10,,,,6,,,4,,,
1,pd,ny_mid,20,1,2.0,0,0.1,6,,,,10,,,9,,,
1,pd,ny_mid,20,1,2.0,0,0.25,19,,,,16,,,14,,,
1,pd,ny_mid,20,1,2.0,1,0.1,1,,,,4,,,5,,,
1,pd,ny_mid,20,1,2.0,1,0.25,9,,,,10,,,10,,,
1,pd,ny_mid,20,1,2.0,-1,0.1,5,,,,6,,,4,,,
1,pd,ny_mid,20,1,2.0,-1,0.25,10,,,,6,,,4,,,
1,pd,ny_mid,20,1,3.0,0,0.1,6,,,,10,,,9,,,
1,pd,ny_mid,20,1,3.0,0,0.25,19,,,,16,,,14,,,
1,pd,ny_mid,20,1,3.0,1,0.1,1,,,,4,,,5,,,
1,pd,ny_mid,20,1,3.0,1,0.25,9,,,,10,,,10,,,
1,pd,ny_mid,20,1,3.0,-1,0.1,5,,,,6,,,4,,,
1,pd,ny_mid,20,1,3.0,-1,0.25,10,,,,6,,,4,,,
1,pd,ny_mid,20,2,1.0,0,0.1,54,57.4,1.022,0.098,38,71.1,2.457,36,69.4,2.067,0.4
1,pd,ny_mid,20,2,1.0,0,0.25,85,52.9,1.048,0.019,66,66.7,1.653,62,64.5,1.321,0.282
1,pd,ny_mid,20,2,1.0,1,0.1,18,,,,18,,,14,,,
1,pd,ny_mid,20,2,1.0,1,0.25,37,56.8,1.2,0.105,40,65.0,1.601,33,66.7,1.428,0.317
1,pd,ny_mid,20,2,1.0,-1,0.1,36,50.0,0.705,-0.055,20,75.0,2.863,22,63.6,1.354,0.304
1,pd,ny_mid,20,2,1.0,-1,0.25,48,50.0,0.921,-0.047,26,69.2,1.779,29,62.1,1.165,0.243
1,pd,ny_mid,20,2,1.5,0,0.1,54,42.6,0.849,0.012,38,55.3,1.666,36,52.8,1.398,0.312
1,pd,ny_mid,20,2,1.5,0,0.25,85,43.5,1.22,0.046,66,54.5,1.496,62,53.2,1.291,0.304
1,pd,ny_mid,20,2,1.5,1,0.1,18,,,,18,,,14,,,
1,pd,ny_mid,20,2,1.5,1,0.25,37,48.6,1.336,0.184,40,52.5,1.482,33,57.6,1.395,0.42
1,pd,ny_mid,20,2,1.5,-1,0.1,36,36.1,0.703,-0.156,20,65.0,2.757,22,45.5,1.011,0.142
1,pd,ny_mid,20,2,1.5,-1,0.25,48,39.6,1.118,-0.06,26,57.7,1.531,29,48.3,1.136,0.172
1,pd,ny_mid,20,2,2.0,0,0.1,54,31.5,0.69,-0.111,38,50.0,1.932,36,50.0,1.687,0.479
1,pd,ny_mid,20,2,2.0,0,0.25,85,32.9,1.019,-0.062,66,47.0,1.374,62,45.2,1.101,0.285
1,pd,ny_mid,20,2,2.0,1,0.1,18,,,,18,,,14,,,
1,pd,ny_mid,20,2,2.0,1,0.25,37,35.1,0.879,0.005,40,42.5,1.215,33,45.5,1.099,0.293
1,pd,ny_mid,20,2,2.0,-1,0.1,36,25.0,0.543,-0.311,20,60.0,3.085,22,45.5,1.336,0.346
1,pd,ny_mid,20,2,2.0,-1,0.25,48,31.2,1.164,-0.114,26,53.8,1.818,29,44.8,1.104,0.275
1,pd,ny_mid,20,2,3.0,0,0.1,54,25.9,0.74,-0.019,38,31.6,1.242,36,33.3,1.209,0.293
1,pd,ny_mid,20,2,3.0,0,0.25,85,28.2,1.025,0.018,66,34.8,1.243,62,33.9,0.99,0.204
1,pd,ny_mid,20,2,3.0,1,0.1,18,,,,18,,,14,,,
1,pd,ny_mid,20,2,3.0,1,0.25,37,27.0,0.87,-0.029,40,32.5,1.201,33,36.4,1.059,0.282
1,pd,ny_mid,20,2,3.0,-1,0.1,36,25.0,0.82,-0.061,20,40.0,1.551,22,27.3,0.722,0.045
1,pd,ny_mid,20,2,3.0,-1,0.25,48,29.2,1.184,0.055,26,38.5,1.346,29,31.0,0.887,0.115
1,pd,ny_mid,20,3,1.0,0,0.1,60,48.3,0.757,-0.082,31,48.4,0.849,24,58.3,1.073,0.137
1,pd,ny_mid,20,3,1.0,0,0.25,92,44.6,0.655,-0.149,61,54.1,1.104,58,55.2,0.995,0.083
1,pd,ny_mid,20,3,1.0,1,0.1,24,33.3,0.592,-0.378,14,,,7,,,
1,pd,ny_mid,20,3,1.0,1,0.25,42,33.3,0.525,-0.37,36,61.1,1.371,31,51.6,0.95,0.013
1,pd,ny_mid,20,3,1.0,-1,0.1,36,58.3,0.902,0.116,17,,,17,,,
1,pd,ny_mid,20,3,1.0,-1,0.25,50,54.0,0.791,0.037,25,44.0,0.773,27,59.3,1.057,0.164
1,pd,ny_mid,20,3,1.5,0,0.1,60,41.7,0.908,-0.01,31,41.9,1.061,24,45.8,1.154,0.114
1,pd,ny_mid,20,3,1.5,0,0.25,92,38.0,0.771,-0.091,61,45.9,1.122,58,43.1,0.808,0.03
1,pd,ny_mid,20,3,1.5,1,0.1,24,29.2,0.717,-0.316,14,,,7,,,
1,pd,ny_mid,20,3,1.5,1,0.25,42,28.6,0.619,-0.323,36,52.8,1.225,31,41.9,0.75,-0.007
1,pd,ny_mid,20,3,1.5,-1,0.1,36,50.0,1.071,0.194,17,,,17,,,
1,pd,ny_mid,20,3,1.5,-1,0.25,50,46.0,0.925,0.104,25,36.0,0.974,27,44.4,0.89,0.073
1,pd,ny_mid,20,3,2.0,0,0.1,60,36.7,0.982,0.048,31,32.3,1.018,24,37.5,1.203,0.092
1,pd,ny_mid,20,3,2.0,0,0.25,92,34.8,0.921,0.001,61,36.1,0.999,58,36.2,0.771,-0.013
1,pd,ny_mid,20,3,2.0,1,0.1,24,29.2,0.96,-0.17,14,,,7,,,
1,pd,ny_mid,20,3,2.0,1,0.25,42,28.6,0.829,-0.18,36,41.7,1.032,31,35.5,0.74,-0.007
1,pd,ny_mid,20,3,2.0,-1,0.1,36,41.7,0.998,0.193,17,,,17,,,
1,pd,ny_mid,20,3,2.0,-1,0.25,50,40.0,1.007,0.153,25,28.0,0.944,27,37.0,0.817,-0.018
1,pd,ny_mid,20,3,3.0,0,0.1,60,25.0,0.865,-0.062,31,22.6,1.052,24,29.2,1.238,0.133
1,pd,ny_mid,20,3,3.0,0,0.25,92,23.9,0.815,-0.106,61,26.2,1.006,58,25.9,0.659,-0.103
1,pd,ny_mid,20,3,3.0,1,0.1,24,20.8,0.938,-0.232,14,,,7,,,
1,pd,ny_mid,20,3,3.0,1,0.25,42,21.4,0.818,-0.22,36,30.6,1.008,31,19.4,0.487,-0.305
1,pd,ny_mid,20,3,3.0,-1,0.1,36,27.8,0.814,0.051,17,,,17,,,
1,pd,ny_mid,20,3,3.0,-1,0.25,50,26.0,0.812,-0.01,25,20.0,1.002,27,33.3,0.927,0.13
1,pd,ny_mid,40,0,1.0,0,0.1,54,51.9,0.923,-0.014,37,56.8,1.745,33,57.6,1.292,0.157
1,pd,ny_mid,40,0,1.0,0,0.25,104,50.0,1.031,-0.038,77,55.8,1.318,75,57.3,1.241,0.132
1,pd,ny_mid,40,0,1.0,1,0.1,16,,,,16,,,10,,,
1,pd,ny_mid,40,0,1.0,1,0.25,45,51.1,1.079,-0.006,44,52.3,1.159,36,61.1,1.237,0.206
1,pd,ny_mid,40,0,1.0,-1,0.1,38,52.6,1.014,-0.002,21,66.7,2.655,23,52.2,1.046,0.062
1,pd,ny_mid,40,0,1.0,-1,0.25,59,49.2,0.986,-0.062,33,60.6,1.659,39,53.8,1.246,0.064
1,pd,ny_mid,40,0,1.5,0,0.1,54,40.7,0.934,-0.035,37,48.6,1.957,33,57.6,1.932,0.43
1,pd,ny_mid,40,0,1.5,0,0.25,104,39.4,1.042,-0.054,77,48.1,1.447,75,52.0,1.411,0.269
1,pd,ny_mid,40,0,1.5,1,0.1,16,,,,16,,,10,,,
1,pd,ny_mid,40,0,1.5,1,0.25,45,35.6,0.857,-0.141,44,45.5,1.221,36,50.0,1.12,0.227
1,pd,ny_mid,40,0,1.5,-1,0.1,38,42.1,1.068,-0.004,21,52.4,2.176,23,52.2,1.554,0.301
1,pd,ny_mid,40,0,1.5,-1,0.25,59,42.4,1.257,0.013,33,51.5,1.947,39,53.8,1.853,0.307
1,pd,ny_mid,40,0,2.0,0,0.1,54,35.2,0.942,0.001,37,43.2,1.945,33,48.5,1.646,0.429
1,pd,ny_mid,40,0,2.0,0,0.25,104,32.7,0.875,-0.084,77,44.2,1.51,75,45.3,1.307,0.272
1,pd,ny_mid,40,0,2.0,1,0.1,16,,,,16,,,10,,,
1,pd,ny_mid,40,0,2.0,1,0.25,45,28.9,0.683,-0.22,44,43.2,1.383,36,47.2,1.252,0.332
1,pd,ny_mid,40,0,2.0,-1,0.1,38,36.8,1.042,0.048,21,42.9,1.646,23,39.1,1.038,0.147
1,pd,ny_mid,40,0,2.0,-1,0.25,59,35.6,1.088,0.019,33,45.5,1.763,39,43.6,1.376,0.217
1,pd,ny_mid,40,0,3.0,0,0.1,54,27.8,0.933,0.056,37,29.7,1.599,33,33.3,1.545,0.296
1,pd,ny_mid,40,0,3.0,0,0.25,104,26.9,0.942,-0.041,77,32.5,1.196,75,33.3,1.131,0.131
1,pd,ny_mid,40,0,3.0,1,0.1,16,,,,16,,,10,,,
1,pd,ny_mid,40,0,3.0,1,0.25,45,26.7,0.915,-0.064,44,29.5,1.149,36,30.6,0.972,0.042
1,pd,ny_mid,40,0,3.0,-1,0.1,38,28.9,1.001,0.1,21,33.3,1.725,23,30.4,1.236,0.176
1,pd,ny_mid,40,0,3.0,-1,0.25,59,27.1,0.968,-0.024,33,36.4,1.293,39,35.9,1.352,0.213
1,pd,ny_mid,40,1,1.0,0,0.1,7,,,,11,,,10,,,
1,pd,ny_mid,40,1,1.0,0,0.25,22,45.5,0.799,-0.12,18,,,15,,,
1,pd,ny_mid,40,1,1.0,1,0.1,1,,,,4,,,5,,,
1,pd,ny_mid,40,1,1.0,1,0.25,10,,,,11,,,10,,,
1,pd,ny_mid,40,1,1.0,-1,0.1,6,,,,7,,,5,,,
1,pd,ny_mid,40,1,1.0,-1,0.25,12,,,,7,,,5,,,
1,pd,ny_mid,40,1,1.5,0,0.1,7,,,,11,,,10,,,
1,pd,ny_mid,40,1,1.5,0,0.25,22,45.5,1.205,0.107,18,,,15,,,
1,pd,ny_mid,40,1,1.5,1,0.1,1,,,,4,,,5,,,
1,pd,ny_mid,40,1,1.5,1,0.25,10,,,,11,,,10,,,
1,pd,ny_mid,40,1,1.5,-1,0.1,6,,,,7,,,5,,,
1,pd,ny_mid,40,1,1.5,-1,0.25,12,,,,7,,,5,,,
1,pd,ny_mid,40,1,2.0,0,0.1,7,,,,11,,,10,,,
1,pd,ny_mid,40,1,2.0,0,0.25,22,40.9,1.26,0.198,18,,,15,,,
1,pd,ny_mid,40,1,2.0,1,0.1,1,,,,4,,,5,,,
1,pd,ny_mid,40,1,2.0,1,0.25,10,,,,11,,,10,,,
1,pd,ny_mid,40,1,2.0,-1,0.1,6,,,,7,,,5,,,
1,pd,ny_mid,40,1,2.0,-1,0.25,12,,,,7,,,5,,,
1,pd,ny_mid,40,1,3.0,0,0.1,7,,,,11,,,10,,,
1,pd,ny_mid,40,1,3.0,0,0.25,22,31.8,1.169,0.18,18,,,15,,,
1,pd,ny_mid,40,1,3.0,1,0.1,1,,,,4,,,5,,,
1,pd,ny_mid,40,1,3.0,1,0.25,10,,,,11,,,10,,,
1,pd,ny_mid,40,1,3.0,-1,0.1,6,,,,7,,,5,,,
1,pd,ny_mid,40,1,3.0,-1,0.25,12,,,,7,,,5,,,
1,pd,ny_mid,40,2,1.0,0,0.1,56,57.1,1.044,0.09,38,71.1,2.457,37,67.6,1.689,0.361
1,pd,ny_mid,40,2,1.0,0,0.25,91,52.7,1.034,0.014,68,66.2,1.559,64,64.1,1.274,0.273
1,pd,ny_mid,40,2,1.0,1,0.1,18,,,,18,,,15,,,
1,pd,ny_mid,40,2,1.0,1,0.25,40,57.5,1.216,0.12,41,63.4,1.427,34,64.7,1.282,0.278
1,pd,ny_mid,40,2,1.0,-1,0.1,38,50.0,0.737,-0.06,20,75.0,2.863,22,63.6,1.354,0.304
1,pd,ny_mid,40,2,1.0,-1,0.25,51,49.0,0.878,-0.069,27,70.4,1.919,30,63.3,1.26,0.268
1,pd,ny_mid,40,2,1.5,0,0.1,56,42.9,0.879,0.015,38,55.3,1.666,37,51.4,1.226,0.276
1,pd,ny_mid,40,2,1.5,0,0.25,91,42.9,1.125,0.028,68,54.4,1.447,64,53.1,1.27,0.302
1,pd,ny_mid,40,2,1.5,1,0.1,18,,,,18,,,15,,,
1,pd,ny_mid,40,2,1.5,1,0.25,40,47.5,1.174,0.157,41,51.2,1.355,34,55.9,1.28,0.378
1,pd,ny_mid,40,2,1.5,-1,0.1,38,36.8,0.749,-0.142,20,65.0,2.757,22,45.5,1.011,0.142
1,pd,ny_mid,40,2,1.5,-1,0.25,51,39.2,1.078,-0.072,27,59.3,1.694,30,50.0,1.253,0.216
1,pd,ny_mid,40,2,2.0,0,0.1,56,32.1,0.727,-0.094,38,50.0,1.932,37,48.6,1.488,0.438
1,pd,ny_mid,40,2,2.0,0,0.25,91,33.0,0.97,-0.062,68,47.1,1.351,64,45.3,1.103,0.291
1,pd,ny_mid,40,2,2.0,1,0.1,18,,,,18,,,15,,,
1,pd,ny_mid,40,2,2.0,1,0.25,40,35.0,0.821,0.003,41,41.5,1.126,34,44.1,1.023,0.255
1,pd,ny_mid,40,2,2.0,-1,0.1,38,26.3,0.599,-0.276,20,60.0,3.085,22,45.5,1.336,0.346
1,pd,ny_mid,40,2,2.0,-1,0.25,51,31.4,1.135,-0.113,27,55.6,2.027,30,46.7,1.242,0.332
1,pd,ny_mid,40,2,3.0,0,0.1,56,25.0,0.721,-0.06,38,31.6,1.242,37,32.4,1.098,0.258
1,pd,ny_mid,40,2,3.0,0,0.25,91,27.5,0.964,-0.009,68,33.8,1.158,64,32.8,0.931,0.166
1,pd,ny_mid,40,2,3.0,1,0.1,18,,,,18,,,15,,,
1,pd,ny_mid,40,2,3.0,1,0.25,40,27.5,0.842,-0.003,41,31.7,1.122,34,35.3,0.993,0.244
1,pd,ny_mid,40,2,3.0,-1,0.1,38,23.7,0.787,-0.119,20,40.0,1.551,22,27.3,0.722,0.045
1,pd,ny_mid,40,2,3.0,-1,0.25,51,27.5,1.097,-0.014,27,37.0,1.244,30,30.0,0.837,0.077
1,pd,ny_mid,40,3,1.0,0,0.1,60,48.3,0.757,-0.082,33,51.5,1.056,28,60.7,1.334,0.185
1,pd,ny_mid,40,3,1.0,0,0.25,93,44.1,0.637,-0.158,65,56.9,1.283,65,56.9,1.102,0.118
1,pd,ny_mid,40,3,1.0,1,0.1,24,33.3,0.592,-0.378,14,,,7,,,
1,pd,ny_mid,40,3,1.0,1,0.25,42,33.3,0.525,-0.37,37,62.2,1.475,33,51.5,0.961,0.012
1,pd,ny_mid,40,3,1.0,-1,0.1,36,58.3,0.902,0.116,19,,,21,66.7,1.677,0.305
1,pd,ny_mid,40,3,1.0,-1,0.25,51,52.9,0.749,0.016,28,50.0,1.045,32,62.5,1.301,0.228
1,pd,ny_mid,40,3,1.5,0,0.1,60,41.7,0.908,-0.01,33,42.4,1.019,28,42.9,1.007,0.039
1,pd,ny_mid,40,3,1.5,0,0.25,93,37.6,0.752,-0.101,65,44.6,1.019,65,40.0,0.713,-0.045
1,pd,ny_mid,40,3,1.5,1,0.1,24,29.2,0.717,-0.316,14,,,7,,,
1,pd,ny_mid,40,3,1.5,1,0.25,42,28.6,0.619,-0.323,37,51.4,1.129,33,39.4,0.662,-0.068
1,pd,ny_mid,40,3,1.5,-1,0.1,36,50.0,1.071,0.194,19,,,21,42.9,1.019,0.04
1,pd,ny_mid,40,3,1.5,-1,0.25,51,45.1,0.88,0.082,28,35.7,0.877,32,40.6,0.779,-0.021
1,pd,ny_mid,40,3,2.0,0,0.1,60,36.7,0.982,0.048,33,33.3,1.01,28,35.7,1.085,0.038
1,pd,ny_mid,40,3,2.0,0,0.25,93,34.4,0.899,-0.01,65,35.4,0.928,65,33.8,0.695,-0.076
1,pd,ny_mid,40,3,2.0,1,0.1,24,29.2,0.96,-0.17,14,,,7,,,
1,pd,ny_mid,40,3,2.0,1,0.25,42,28.6,0.829,-0.18,37,40.5,0.963,33,33.3,0.659,-0.068
1,pd,ny_mid,40,3,2.0,-1,0.1,36,41.7,0.998,0.193,19,,,21,33.3,1.028,-0.033
1,pd,ny_mid,40,3,2.0,-1,0.25,51,39.2,0.961,0.13,28,28.6,0.876,32,34.4,0.743,-0.083
1,pd,ny_mid,40,3,3.0,0,0.1,60,25.0,0.865,-0.062,33,24.2,1.086,28,28.6,1.176,0.109
1,pd,ny_mid,40,3,3.0,0,0.25,93,23.7,0.798,-0.116,65,26.2,0.957,65,24.6,0.617,-0.141
1,pd,ny_mid,40,3,3.0,1,0.1,24,20.8,0.938,-0.232,14,,,7,,,
1,pd,ny_mid,40,3,3.0,1,0.25,42,21.4,0.818,-0.22,37,29.7,0.947,33,18.2,0.44,-0.348
1,pd,ny_mid,40,3,3.0,-1,0.1,36,27.8,0.814,0.051,19,,,21,33.3,1.547,0.301
1,pd,ny_mid,40,3,3.0,-1,0.25,51,25.5,0.781,-0.03,28,21.4,0.972,32,31.2,0.872,0.073
1,pd,pm,10,0,1.0,0,0.1,31,41.9,0.703,-0.215,9,,,8,,,
1,pd,pm,10,0,1.0,0,0.25,37,45.9,1.041,-0.13,14,,,15,,,
1,pd,pm,10,0,1.0,1,0.1,12,,,,4,,,4,,,
1,pd,pm,10,0,1.0,1,0.25,14,,,,9,,,8,,,
1,pd,pm,10,0,1.0,-1,0.1,19,,,,5,,,4,,,
1,pd,pm,10,0,1.0,-1,0.25,23,39.1,0.73,-0.271,5,,,7,,,
1,pd,pm,10,0,1.5,0,0.1,31,29.0,0.619,-0.331,9,,,8,,,
1,pd,pm,10,0,1.5,0,0.25,37,29.7,0.652,-0.308,14,,,15,,,
1,pd,pm,10,0,1.5,1,0.1,12,,,,4,,,4,,,
1,pd,pm,10,0,1.5,1,0.25,14,,,,9,,,8,,,
1,pd,pm,10,0,1.5,-1,0.1,19,,,,5,,,4,,,
1,pd,pm,10,0,1.5,-1,0.25,23,17.4,0.19,-0.622,5,,,7,,,
1,pd,pm,10,0,2.0,0,0.1,31,22.6,0.518,-0.428,9,,,8,,,
1,pd,pm,10,0,2.0,0,0.25,37,21.6,0.431,-0.443,14,,,15,,,
1,pd,pm,10,0,2.0,1,0.1,12,,,,4,,,4,,,
1,pd,pm,10,0,2.0,1,0.25,14,,,,9,,,8,,,
1,pd,pm,10,0,2.0,-1,0.1,19,,,,5,,,4,,,
1,pd,pm,10,0,2.0,-1,0.25,23,13.0,0.21,-0.667,5,,,7,,,
1,pd,pm,10,0,3.0,0,0.1,31,22.6,0.637,-0.346,9,,,8,,,
1,pd,pm,10,0,3.0,0,0.25,37,21.6,0.553,-0.348,14,,,15,,,
1,pd,pm,10,0,3.0,1,0.1,12,,,,4,,,4,,,
1,pd,pm,10,0,3.0,1,0.25,14,,,,9,,,8,,,
1,pd,pm,10,0,3.0,-1,0.1,19,,,,5,,,4,,,
1,pd,pm,10,0,3.0,-1,0.25,23,13.0,0.258,-0.635,5,,,7,,,
1,pd,pm,10,1,1.0,0,0.1,6,,,,3,,,3,,,
1,pd,pm,10,1,1.0,0,0.25,8,,,,5,,,5,,,
1,pd,pm,10,1,1.0,1,0.1,4,,,,2,,,2,,,
1,pd,pm,10,1,1.0,1,0.25,6,,,,4,,,3,,,
1,pd,pm,10,1,1.0,-1,0.1,2,,,,1,,,1,,,
1,pd,pm,10,1,1.0,-1,0.25,2,,,,1,,,2,,,
1,pd,pm,10,1,1.5,0,0.1,6,,,,3,,,3,,,
1,pd,pm,10,1,1.5,0,0.25,8,,,,5,,,5,,,
1,pd,pm,10,1,1.5,1,0.1,4,,,,2,,,2,,,
1,pd,pm,10,1,1.5,1,0.25,6,,,,4,,,3,,,
1,pd,pm,10,1,1.5,-1,0.1,2,,,,1,,,1,,,
1,pd,pm,10,1,1.5,-1,0.25,2,,,,1,,,2,,,
1,pd,pm,10,1,2.0,0,0.1,6,,,,3,,,3,,,
1,pd,pm,10,1,2.0,0,0.25,8,,,,5,,,5,,,
1,pd,pm,10,1,2.0,1,0.1,4,,,,2,,,2,,,
1,pd,pm,10,1,2.0,1,0.25,6,,,,4,,,3,,,
1,pd,pm,10,1,2.0,-1,0.1,2,,,,1,,,1,,,
1,pd,pm,10,1,2.0,-1,0.25,2,,,,1,,,2,,,
1,pd,pm,10,1,3.0,0,0.1,6,,,,3,,,3,,,
1,pd,pm,10,1,3.0,0,0.25,8,,,,5,,,5,,,
1,pd,pm,10,1,3.0,1,0.1,4,,,,2,,,2,,,
1,pd,pm,10,1,3.0,1,0.25,6,,,,4,,,3,,,
1,pd,pm,10,1,3.0,-1,0.1,2,,,,1,,,1,,,
1,pd,pm,10,1,3.0,-1,0.25,2,,,,1,,,2,,,
1,pd,pm,10,2,1.0,0,0.1,31,54.8,0.961,0.032,9,,,9,,,
1,pd,pm,10,2,1.0,0,0.25,34,55.9,1.269,0.056,13,,,15,,,
1,pd,pm,10,2,1.0,1,0.1,10,,,,5,,,5,,,
1,pd,pm,10,2,1.0,1,0.25,11,,,,9,,,9,,,
1,pd,pm,10,2,1.0,-1,0.1,21,47.6,0.664,-0.122,4,,,4,,,
1,pd,pm,10,2,1.0,-1,0.25,23,47.8,0.837,-0.114,4,,,6,,,
1,pd,pm,10,2,1.5,0,0.1,31,45.2,0.958,0.062,9,,,9,,,
1,pd,pm,10,2,1.5,0,0.25,34,47.1,1.365,0.113,13,,,15,,,
1,pd,pm,10,2,1.5,1,0.1,10,,,,5,,,5,,,
1,pd,pm,10,2,1.5,1,0.25,11,,,,9,,,9,,,
1,pd,pm,10,2,1.5,-1,0.1,21,38.1,0.621,-0.125,4,,,4,,,
1,pd,pm,10,2,1.5,-1,0.25,23,39.1,0.864,-0.095,4,,,6,,,
1,pd,pm,10,2,2.0,0,0.1,31,35.5,0.755,-0.05,9,,,9,,,
1,pd,pm,10,2,2.0,0,0.25,34,32.4,0.574,-0.137,13,,,15,,,
1,pd,pm,10,2,2.0,1,0.1,10,,,,5,,,5,,,
1,pd,pm,10,2,2.0,1,0.25,11,,,,9,,,9,,,
1,pd,pm,10,2,2.0,-1,0.1,21,28.6,0.593,-0.222,4,,,4,,,
1,pd,pm,10,2,2.0,-1,0.25,23,26.1,0.478,-0.294,4,,,6,,,
1,pd,pm,10,2,3.0,0,0.1,31,22.6,0.617,-0.318,9,,,9,,,
1,pd,pm,10,2,3.0,0,0.25,34,20.6,0.483,-0.382,13,,,15,,,
1,pd,pm,10,2,3.0,1,0.1,10,,,,5,,,5,,,
1,pd,pm,10,2,3.0,1,0.25,11,,,,9,,,9,,,
1,pd,pm,10,2,3.0,-1,0.1,21,14.3,0.324,-0.617,4,,,4,,,
1,pd,pm,10,2,3.0,-1,0.25,23,13.0,0.268,-0.654,4,,,6,,,
1,pd,pm,10,3,1.0,0,0.1,27,59.3,1.472,0.124,8,,,5,,,
1,pd,pm,10,3,1.0,0,0.25,37,59.5,1.716,0.146,13,,,12,,,
1,pd,pm,10,3,1.0,1,0.1,8,,,,6,,,4,,,
1,pd,pm,10,3,1.0,1,0.25,14,,,,10,,,8,,,
1,pd,pm,10,3,1.0,-1,0.1,19,,,,2,,,1,,,
1,pd,pm,10,3,1.0,-1,0.25,23,60.9,2.162,0.136,3,,,4,,,
1,pd,pm,10,3,1.5,0,0.1,27,48.1,1.223,0.141,8,,,5,,,
1,pd,pm,10,3,1.5,0,0.25,37,43.2,0.883,0.022,13,,,12,,,
1,pd,pm,10,3,1.5,1,0.1,8,,,,6,,,4,,,
1,pd,pm,10,3,1.5,1,0.25,14,,,,10,,,8,,,
1,pd,pm,10,3,1.5,-1,0.1,19,,,,2,,,1,,,
1,pd,pm,10,3,1.5,-1,0.25,23,47.8,0.739,0.091,3,,,4,,,
1,pd,pm,10,3,2.0,0,0.1,27,44.4,1.358,0.27,8,,,5,,,
1,pd,pm,10,3,2.0,0,0.25,37,40.5,1.028,0.126,13,,,12,,,
1,pd,pm,10,3,2.0,1,0.1,8,,,,6,,,4,,,
1,pd,pm,10,3,2.0,1,0.25,14,,,,10,,,8,,,
1,pd,pm,10,3,2.0,-1,0.1,19,,,,2,,,1,,,
1,pd,pm,10,3,2.0,-1,0.25,23,43.5,0.788,0.178,3,,,4,,,
1,pd,pm,10,3,3.0,0,0.1,27,25.9,0.974,-0.038,8,,,5,,,
1,pd,pm,10,3,3.0,0,0.25,37,24.3,0.506,-0.18,13,,,12,,,
1,pd,pm,10,3,3.0,1,0.1,8,,,,6,,,4,,,
1,pd,pm,10,3,3.0,1,0.25,14,,,,10,,,8,,,
1,pd,pm,10,3,3.0,-1,0.1,19,,,,2,,,1,,,
1,pd,pm,10,3,3.0,-1,0.25,23,21.7,0.426,-0.307,3,,,4,,,
1,pd,pm,20,0,1.0,0,0.1,33,45.5,0.801,-0.144,10,,,8,,,
1,pd,pm,20,0,1.0,0,0.25,43,48.8,1.141,-0.069,16,,,15,,,
1,pd,pm,20,0,1.0,1,0.1,13,,,,4,,,4,,,
1,pd,pm,20,0,1.0,1,0.25,17,,,,10,,,8,,,
1,pd,pm,20,0,1.0,-1,0.1,20,40.0,0.534,-0.26,6,,,4,,,
1,pd,pm,20,0,1.0,-1,0.25,26,42.3,0.821,-0.205,6,,,7,,,
1,pd,pm,20,0,1.5,0,0.1,33,33.3,0.741,-0.222,10,,,8,,,
1,pd,pm,20,0,1.5,0,0.25,43,34.9,0.874,-0.176,16,,,15,,,
1,pd,pm,20,0,1.5,1,0.1,13,,,,4,,,4,,,
1,pd,pm,20,0,1.5,1,0.25,17,,,,10,,,8,,,
1,pd,pm,20,0,1.5,-1,0.1,20,25.0,0.359,-0.438,6,,,4,,,
1,pd,pm,20,0,1.5,-1,0.25,26,23.1,0.35,-0.477,6,,,7,,,
1,pd,pm,20,0,2.0,0,0.1,33,27.3,0.669,-0.283,10,,,8,,,
1,pd,pm,20,0,2.0,0,0.25,43,27.9,0.683,-0.263,16,,,15,,,
1,pd,pm,20,0,2.0,1,0.1,13,,,,4,,,4,,,
1,pd,pm,20,0,2.0,1,0.25,17,,,,10,,,8,,,
1,pd,pm,20,0,2.0,-1,0.1,20,20.0,0.402,-0.464,6,,,4,,,
1,pd,pm,20,0,2.0,-1,0.25,26,19.2,0.422,-0.478,6,,,7,,,
1,pd,pm,20,0,3.0,0,0.1,33,27.3,0.762,-0.203,10,,,8,,,
1,pd,pm,20,0,3.0,0,0.25,43,27.9,0.838,-0.156,16,,,15,,,
1,pd,pm,20,0,3.0,1,0.1,13,,,,4,,,4,,,
1,pd,pm,20,0,3.0,1,0.25,17,,,,10,,,8,,,
1,pd,pm,20,0,3.0,-1,0.1,20,20.0,0.514,-0.378,6,,,4,,,
1,pd,pm,20,0,3.0,-1,0.25,26,19.2,0.581,-0.374,6,,,7,,,
1,pd,pm,20,1,1.0,0,0.1,6,,,,3,,,3,,,
1,pd,pm,20,1,1.0,0,0.25,11,,,,6,,,6,,,
1,pd,pm,20,1,1.0,1,0.1,4,,,,2,,,2,,,
1,pd,pm,20,1,1.0,1,0.25,8,,,,5,,,4,,,
1,pd,pm,20,1,1.0,-1,0.1,2,,,,1,,,1,,,
1,pd,pm,20,1,1.0,-1,0.25,3,,,,1,,,2,,,
1,pd,pm,20,1,1.5,0,0.1,6,,,,3,,,3,,,
1,pd,pm,20,1,1.5,0,0.25,11,,,,6,,,6,,,
1,pd,pm,20,1,1.5,1,0.1,4,,,,2,,,2,,,
1,pd,pm,20,1,1.5,1,0.25,8,,,,5,,,4,,,
1,pd,pm,20,1,1.5,-1,0.1,2,,,,1,,,1,,,
1,pd,pm,20,1,1.5,-1,0.25,3,,,,1,,,2,,,
1,pd,pm,20,1,2.0,0,0.1,6,,,,3,,,3,,,
1,pd,pm,20,1,2.0,0,0.25,11,,,,6,,,6,,,
1,pd,pm,20,1,2.0,1,0.1,4,,,,2,,,2,,,
1,pd,pm,20,1,2.0,1,0.25,8,,,,5,,,4,,,
1,pd,pm,20,1,2.0,-1,0.1,2,,,,1,,,1,,,
1,pd,pm,20,1,2.0,-1,0.25,3,,,,1,,,2,,,
1,pd,pm,20,1,3.0,0,0.1,6,,,,3,,,3,,,
1,pd,pm,20,1,3.0,0,0.25,11,,,,6,,,6,,,
1,pd,pm,20,1,3.0,1,0.1,4,,,,2,,,2,,,
1,pd,pm,20,1,3.0,1,0.25,8,,,,5,,,4,,,
1,pd,pm,20,1,3.0,-1,0.1,2,,,,1,,,1,,,
1,pd,pm,20,1,3.0,-1,0.25,3,,,,1,,,2,,,
1,pd,pm,20,2,1.0,0,0.1,32,53.1,0.876,-0.001,10,,,9,,,
1,pd,pm,20,2,1.0,0,0.25,37,54.1,1.166,0.023,14,,,15,,,
1,pd,pm,20,2,1.0,1,0.1,10,,,,5,,,5,,,
1,pd,pm,20,2,1.0,1,0.25,13,,,,9,,,9,,,
1,pd,pm,20,2,1.0,-1,0.1,22,45.5,0.589,-0.163,5,,,4,,,
1,pd,pm,20,2,1.0,-1,0.25,24,45.8,0.749,-0.153,5,,,6,,,
1,pd,pm,20,2,1.5,0,0.1,32,43.8,0.887,0.028,10,,,9,,,
1,pd,pm,20,2,1.5,0,0.25,37,45.9,1.325,0.088,14,,,15,,,
1,pd,pm,20,2,1.5,1,0.1,10,,,,5,,,5,,,
1,pd,pm,20,2,1.5,1,0.25,13,,,,9,,,9,,,
1,pd,pm,20,2,1.5,-1,0.1,22,36.4,0.561,-0.166,5,,,4,,,
1,pd,pm,20,2,1.5,-1,0.25,24,37.5,0.786,-0.135,5,,,6,,,
1,pd,pm,20,2,2.0,0,0.1,32,34.4,0.706,-0.081,10,,,9,,,
1,pd,pm,20,2,2.0,0,0.25,37,32.4,0.624,-0.146,14,,,15,,,
1,pd,pm,20,2,2.0,1,0.1,10,,,,5,,,5,,,
1,pd,pm,20,2,2.0,1,0.25,13,,,,9,,,9,,,
1,pd,pm,20,2,2.0,-1,0.1,22,27.3,0.541,-0.259,5,,,4,,,
1,pd,pm,20,2,2.0,-1,0.25,24,25.0,0.444,-0.325,5,,,6,,,
1,pd,pm,20,2,3.0,0,0.1,32,21.9,0.582,-0.341,10,,,9,,,
1,pd,pm,20,2,3.0,0,0.25,37,21.6,0.539,-0.371,14,,,15,,,
1,pd,pm,20,2,3.0,1,0.1,10,,,,5,,,5,,,
1,pd,pm,20,2,3.0,1,0.25,13,,,,9,,,9,,,
1,pd,pm,20,2,3.0,-1,0.1,22,13.6,0.299,-0.636,5,,,4,,,
1,pd,pm,20,2,3.0,-1,0.25,24,12.5,0.251,-0.67,5,,,6,,,
1,pd,pm,20,3,1.0,0,0.1,30,60.0,1.507,0.142,9,,,7,,,
1,pd,pm,20,3,1.0,0,0.25,41,61.0,1.863,0.178,15,,,14,,,
1,pd,pm,20,3,1.0,1,0.1,9,,,,6,,,4,,,
1,pd,pm,20,3,1.0,1,0.25,16,,,,11,,,8,,,
1,pd,pm,20,3,1.0,-1,0.1,21,57.1,1.193,0.077,3,,,3,,,
1,pd,pm,20,3,1.0,-1,0.25,25,60.0,1.964,0.123,4,,,6,,,
1,pd,pm,20,3,1.5,0,0.1,30,50.0,1.359,0.19,9,,,7,,,
1,pd,pm,20,3,1.5,0,0.25,41,46.3,1.088,0.103,15,,,14,,,
1,pd,pm,20,3,1.5,1,0.1,9,,,,6,,,4,,,
1,pd,pm,20,3,1.5,1,0.25,16,,,,11,,,8,,,
1,pd,pm,20,3,1.5,-1,0.1,21,52.4,1.541,0.243,3,,,3,,,
1,pd,pm,20,3,1.5,-1,0.25,25,48.0,0.786,0.101,4,,,6,,,
1,pd,pm,20,3,2.0,0,0.1,30,43.3,1.29,0.239,9,,,7,,,
1,pd,pm,20,3,2.0,0,0.25,41,41.5,1.021,0.112,15,,,14,,,
1,pd,pm,20,3,2.0,1,0.1,9,,,,6,,,4,,,
1,pd,pm,20,3,2.0,1,0.25,16,,,,11,,,8,,,
1,pd,pm,20,3,2.0,-1,0.1,21,47.6,1.599,0.361,3,,,3,,,
1,pd,pm,20,3,2.0,-1,0.25,25,44.0,0.862,0.201,4,,,6,,,
1,pd,pm,20,3,3.0,0,0.1,30,26.7,1.028,-0.005,9,,,7,,,
1,pd,pm,20,3,3.0,0,0.25,41,26.8,0.56,-0.14,15,,,14,,,
1,pd,pm,20,3,3.0,1,0.1,9,,,,6,,,4,,,
1,pd,pm,20,3,3.0,1,0.25,16,,,,11,,,8,,,
1,pd,pm,20,3,3.0,-1,0.1,21,23.8,0.883,-0.121,3,,,3,,,
1,pd,pm,20,3,3.0,-1,0.25,25,24.0,0.564,-0.205,4,,,6,,,
1,pd,pm,40,0,1.0,0,0.1,33,45.5,0.801,-0.144,10,,,8,,,
1,pd,pm,40,0,1.0,0,0.25,45,48.9,1.111,-0.066,16,,,15,,,
1,pd,pm,40,0,1.0,1,0.1,13,,,,4,,,4,,,
1,pd,pm,40,0,1.0,1,0.25,18,,,,10,,,8,,,
1,pd,pm,40,0,1.0,-1,0.1,20,40.0,0.534,-0.26,6,,,4,,,
1,pd,pm,40,0,1.0,-1,0.25,27,44.4,0.985,-0.161,6,,,7,,,
1,pd,pm,40,0,1.5,0,0.1,33,33.3,0.741,-0.222,10,,,8,,,
1,pd,pm,40,0,1.5,0,0.25,45,35.6,0.91,-0.157,16,,,15,,,
1,pd,pm,40,0,1.5,1,0.1,13,,,,4,,,4,,,
1,pd,pm,40,0,1.5,1,0.25,18,,,,10,,,8,,,
1,pd,pm,40,0,1.5,-1,0.1,20,25.0,0.359,-0.438,6,,,4,,,
1,pd,pm,40,0,1.5,-1,0.25,27,25.9,0.514,-0.404,6,,,7,,,
1,pd,pm,40,0,2.0,0,0.1,33,27.3,0.669,-0.283,10,,,8,,,
1,pd,pm,40,0,2.0,0,0.25,45,28.9,0.708,-0.249,16,,,15,,,
1,pd,pm,40,0,2.0,1,0.1,13,,,,4,,,4,,,
1,pd,pm,40,0,2.0,1,0.25,18,,,,10,,,8,,,
1,pd,pm,40,0,2.0,-1,0.1,20,20.0,0.402,-0.464,6,,,4,,,
1,pd,pm,40,0,2.0,-1,0.25,27,22.2,0.548,-0.418,6,,,7,,,
1,pd,pm,40,0,3.0,0,0.1,33,27.3,0.762,-0.203,10,,,8,,,
1,pd,pm,40,0,3.0,0,0.25,45,28.9,0.851,-0.146,16,,,15,,,
1,pd,pm,40,0,3.0,1,0.1,13,,,,4,,,4,,,
1,pd,pm,40,0,3.0,1,0.25,18,,,,10,,,8,,,
1,pd,pm,40,0,3.0,-1,0.1,20,20.0,0.514,-0.378,6,,,4,,,
1,pd,pm,40,0,3.0,-1,0.25,27,22.2,0.707,-0.317,6,,,7,,,
1,pd,pm,40,1,1.0,0,0.1,6,,,,3,,,3,,,
1,pd,pm,40,1,1.0,0,0.25,12,,,,6,,,6,,,
1,pd,pm,40,1,1.0,1,0.1,4,,,,2,,,2,,,
1,pd,pm,40,1,1.0,1,0.25,9,,,,5,,,4,,,
1,pd,pm,40,1,1.0,-1,0.1,2,,,,1,,,1,,,
1,pd,pm,40,1,1.0,-1,0.25,3,,,,1,,,2,,,
1,pd,pm,40,1,1.5,0,0.1,6,,,,3,,,3,,,
1,pd,pm,40,1,1.5,0,0.25,12,,,,6,,,6,,,
1,pd,pm,40,1,1.5,1,0.1,4,,,,2,,,2,,,
1,pd,pm,40,1,1.5,1,0.25,9,,,,5,,,4,,,
1,pd,pm,40,1,1.5,-1,0.1,2,,,,1,,,1,,,
1,pd,pm,40,1,1.5,-1,0.25,3,,,,1,,,2,,,
1,pd,pm,40,1,2.0,0,0.1,6,,,,3,,,3,,,
1,pd,pm,40,1,2.0,0,0.25,12,,,,6,,,6,,,
1,pd,pm,40,1,2.0,1,0.1,4,,,,2,,,2,,,
1,pd,pm,40,1,2.0,1,0.25,9,,,,5,,,4,,,
1,pd,pm,40,1,2.0,-1,0.1,2,,,,1,,,1,,,
1,pd,pm,40,1,2.0,-1,0.25,3,,,,1,,,2,,,
1,pd,pm,40,1,3.0,0,0.1,6,,,,3,,,3,,,
1,pd,pm,40,1,3.0,0,0.25,12,,,,6,,,6,,,
1,pd,pm,40,1,3.0,1,0.1,4,,,,2,,,2,,,
1,pd,pm,40,1,3.0,1,0.25,9,,,,5,,,4,,,
1,pd,pm,40,1,3.0,-1,0.1,2,,,,1,,,1,,,
1,pd,pm,40,1,3.0,-1,0.25,3,,,,1,,,2,,,
1,pd,pm,40,2,1.0,0,0.1,33,54.5,0.984,0.029,10,,,9,,,
1,pd,pm,40,2,1.0,0,0.25,39,53.8,1.072,0.021,14,,,15,,,
1,pd,pm,40,2,1.0,1,0.1,10,,,,5,,,5,,,
1,pd,pm,40,2,1.0,1,0.25,14,,,,9,,,9,,,
1,pd,pm,40,2,1.0,-1,0.1,23,47.8,0.727,-0.113,5,,,4,,,
1,pd,pm,40,2,1.0,-1,0.25,25,48.0,0.878,-0.108,5,,,6,,,
1,pd,pm,40,2,1.5,0,0.1,33,45.5,1.024,0.072,10,,,9,,,
1,pd,pm,40,2,1.5,0,0.25,39,46.2,1.256,0.096,14,,,15,,,
1,pd,pm,40,2,1.5,1,0.1,10,,,,5,,,5,,,
1,pd,pm,40,2,1.5,1,0.25,14,,,,9,,,9,,,
1,pd,pm,40,2,1.5,-1,0.1,23,39.1,0.738,-0.094,5,,,4,,,
1,pd,pm,40,2,1.5,-1,0.25,25,40.0,0.953,-0.07,5,,,6,,,
1,pd,pm,40,2,2.0,0,0.1,33,36.4,0.866,-0.018,10,,,9,,,
1,pd,pm,40,2,2.0,0,0.25,39,33.3,0.666,-0.114,14,,,15,,,
1,pd,pm,40,2,2.0,1,0.1,10,,,,5,,,5,,,
1,pd,pm,40,2,2.0,1,0.25,14,,,,9,,,9,,,
1,pd,pm,40,2,2.0,-1,0.1,23,30.4,0.758,-0.162,5,,,4,,,
1,pd,pm,40,2,2.0,-1,0.25,25,28.0,0.622,-0.232,5,,,6,,,
1,pd,pm,40,2,3.0,0,0.1,33,24.2,0.796,-0.24,10,,,9,,,
1,pd,pm,40,2,3.0,0,0.25,39,23.1,0.634,-0.302,14,,,15,,,
1,pd,pm,40,2,3.0,1,0.1,10,,,,5,,,5,,,
1,pd,pm,40,2,3.0,1,0.25,14,,,,9,,,9,,,
1,pd,pm,40,2,3.0,-1,0.1,23,17.4,0.585,-0.479,5,,,4,,,
1,pd,pm,40,2,3.0,-1,0.25,25,16.0,0.491,-0.524,5,,,6,,,
1,pd,pm,40,3,1.0,0,0.1,32,59.4,1.458,0.131,9,,,7,,,
1,pd,pm,40,3,1.0,0,0.25,43,60.5,1.812,0.168,15,,,14,,,
1,pd,pm,40,3,1.0,1,0.1,10,,,,6,,,4,,,
1,pd,pm,40,3,1.0,1,0.25,17,,,,11,,,8,,,
1,pd,pm,40,3,1.0,-1,0.1,22,54.5,1.015,0.027,3,,,3,,,
1,pd,pm,40,3,1.0,-1,0.25,26,57.7,1.706,0.078,4,,,6,,,
1,pd,pm,40,3,1.5,0,0.1,32,50.0,1.381,0.192,9,,,7,,,
1,pd,pm,40,3,1.5,0,0.25,43,46.5,1.108,0.108,15,,,14,,,
1,pd,pm,40,3,1.5,1,0.1,10,,,,6,,,4,,,
1,pd,pm,40,3,1.5,1,0.25,17,,,,11,,,8,,,
1,pd,pm,40,3,1.5,-1,0.1,22,50.0,1.328,0.185,3,,,3,,,
1,pd,pm,40,3,1.5,-1,0.25,26,46.2,0.73,0.057,4,,,6,,,
1,pd,pm,40,3,2.0,0,0.1,32,40.6,1.101,0.159,9,,,7,,,
1,pd,pm,40,3,2.0,0,0.25,43,39.5,0.944,0.058,15,,,14,,,
1,pd,pm,40,3,2.0,1,0.1,10,,,,6,,,4,,,
1,pd,pm,40,3,2.0,1,0.25,17,,,,11,,,8,,,
1,pd,pm,40,3,2.0,-1,0.1,22,45.5,1.401,0.298,3,,,3,,,
1,pd,pm,40,3,2.0,-1,0.25,26,42.3,0.804,0.153,4,,,6,,,
1,pd,pm,40,3,3.0,0,0.1,32,25.0,0.903,-0.069,9,,,7,,,
1,pd,pm,40,3,3.0,0,0.25,43,25.6,0.526,-0.182,15,,,14,,,
1,pd,pm,40,3,3.0,1,0.1,10,,,,6,,,4,,,
1,pd,pm,40,3,3.0,1,0.25,17,,,,11,,,8,,,
1,pd,pm,40,3,3.0,-1,0.1,22,22.7,0.803,-0.163,3,,,3,,,
1,pd,pm,40,3,3.0,-1,0.25,26,23.1,0.533,-0.237,4,,,6,,,
1,on,nyam,10,0,1.0,0,0.1,314,43.3,0.733,-0.172,239,51.5,0.988,220,50.0,0.918,-0.005
1,on,nyam,10,0,1.0,0,0.25,755,46.5,0.924,-0.098,522,52.1,1.051,484,52.3,1.064,0.034
1,on,nyam,10,0,1.0,1,0.1,124,45.2,0.797,-0.132,99,52.5,0.977,86,46.5,0.852,-0.069
1,on,nyam,10,0,1.0,1,0.25,327,46.8,0.939,-0.091,246,50.8,0.934,214,48.1,0.892,-0.045
1,on,nyam,10,0,1.0,-1,0.1,190,42.1,0.685,-0.198,140,50.7,0.997,134,52.2,0.975,0.035
1,on,nyam,10,0,1.0,-1,0.25,428,46.3,0.911,-0.104,277,53.4,1.184,270,55.6,1.241,0.097
1,on,nyam,10,0,1.5,0,0.1,314,33.4,0.727,-0.207,239,38.5,0.857,220,39.5,0.864,-0.034
1,on,nyam,10,0,1.5,0,0.25,749,37.9,0.973,-0.083,520,41.3,1.062,482,42.1,1.062,0.034
1,on,nyam,10,0,1.5,1,0.1,124,33.1,0.722,-0.212,99,41.4,0.939,86,36.0,0.774,-0.115
1,on,nyam,10,0,1.5,1,0.25,327,36.7,0.947,-0.116,246,39.4,0.925,214,37.9,0.896,-0.072
1,on,nyam,10,0,1.5,-1,0.1,190,33.7,0.732,-0.205,140,36.4,0.794,134,41.8,0.943,0.018
1,on,nyam,10,0,1.5,-1,0.25,426,38.5,0.981,-0.066,277,43.0,1.203,270,45.6,1.219,0.114
1,on,nyam,10,0,2.0,0,0.1,314,28.3,0.761,-0.196,238,33.2,0.87,220,32.7,0.835,-0.059
1,on,nyam,10,0,2.0,0,0.25,745,33.0,1.024,-0.051,515,35.0,1.042,478,35.4,1.012,0.014
1,on,nyam,10,0,2.0,1,0.1,124,28.2,0.783,-0.192,99,37.4,1.033,86,30.2,0.791,-0.143
1,on,nyam,10,0,2.0,1,0.25,327,32.1,1.006,-0.083,246,34.6,0.917,214,32.2,0.871,-0.085
1,on,nyam,10,0,2.0,-1,0.1,190,28.4,0.744,-0.198,140,30.0,0.74,134,34.3,0.871,-0.004
1,on,nyam,10,0,2.0,-1,0.25,426,33.3,1.022,-0.037,277,35.4,1.165,269,37.5,1.125,0.078
1,on,nyam,10,0,3.0,0,0.1,314,19.7,0.681,-0.262,238,27.3,0.899,219,27.9,0.976,0.035
1,on,nyam,10,0,3.0,0,0.25,733,25.6,1.032,-0.056,503,29.6,1.038,467,30.2,1.055,0.074
1,on,nyam,10,0,3.0,1,0.1,124,15.3,0.512,-0.439,99,29.3,0.952,86,24.4,0.813,-0.102
1,on,nyam,10,0,3.0,1,0.25,327,23.9,0.971,-0.151,246,26.8,0.731,214,25.7,0.74,-0.131
1,on,nyam,10,0,3.0,-1,0.1,190,22.6,0.825,-0.146,140,25.7,0.845,133,30.1,1.116,0.123
1,on,nyam,10,0,3.0,-1,0.25,425,26.8,1.07,0.011,277,31.0,1.301,268,33.6,1.323,0.217
1,on,nyam,10,1,1.0,0,0.1,82,52.4,0.97,0.008,53,62.3,1.746,39,64.1,1.488,0.268
1,on,nyam,10,1,1.0,0,0.25,142,58.5,1.407,0.138,101,55.4,1.184,73,54.8,0.96,0.081
1,on,nyam,10,1,1.0,1,0.1,26,38.5,0.623,-0.268,19,,,13,,,
1,on,nyam,10,1,1.0,1,0.25,60,55.0,1.261,0.073,41,61.0,1.654,27,59.3,1.387,0.171
1,on,nyam,10,1,1.0,-1,0.1,56,58.9,1.222,0.137,34,58.8,1.41,26,65.4,1.482,0.293
1,on,nyam,10,1,1.0,-1,0.25,82,61.0,1.549,0.185,60,51.7,0.908,46,52.2,0.79,0.029
1,on,nyam,10,1,1.5,0,0.1,82,43.9,1.094,0.055,53,52.8,1.837,39,53.8,1.473,0.314
1,on,nyam,10,1,1.5,0,0.25,142,47.2,1.322,0.14,101,46.5,1.24,73,43.8,0.891,0.083
1,on,nyam,10,1,1.5,1,0.1,26,26.9,0.618,-0.367,19,,,13,,,
1,on,nyam,10,1,1.5,1,0.25,60,40.0,1.061,-0.045,41,58.5,2.055,27,55.6,1.741,0.368
1,on,nyam,10,1,1.5,-1,0.1,56,51.8,1.444,0.251,34,44.1,1.236,26,50.0,1.191,0.215
1,on,nyam,10,1,1.5,-1,0.25,82,52.4,1.597,0.275,60,38.3,0.799,46,37.0,0.585,-0.084
1,on,nyam,10,1,2.0,0,0.1,82,36.6,1.003,0.054,53,45.3,1.805,39,46.2,1.429,0.32
1,on,nyam,10,1,2.0,0,0.25,142,39.4,1.266,0.136,100,41.0,1.308,73,37.0,0.9,0.079
1,on,nyam,10,1,2.0,1,0.1,26,19.2,0.377,-0.464,19,,,13,,,
1,on,nyam,10,1,2.0,1,0.25,60,30.0,0.835,-0.134,41,53.7,2.243,27,48.1,1.858,0.423
1,on,nyam,10,1,2.0,-1,0.1,56,44.6,1.488,0.295,34,35.3,1.152,26,42.3,1.121,0.186
1,on,nyam,10,1,2.0,-1,0.25,82,46.3,1.762,0.333,60,31.7,0.749,46,30.4,0.542,-0.123
1,on,nyam,10,1,3.0,0,0.1,82,26.8,1.097,0.027,53,35.8,1.83,39,38.5,1.565,0.448
1,on,nyam,10,1,3.0,0,0.25,142,32.4,1.439,0.2,100,34.0,1.382,73,32.9,0.993,0.177
1,on,nyam,10,1,3.0,1,0.1,26,19.2,0.568,-0.271,19,,,13,,,
1,on,nyam,10,1,3.0,1,0.25,60,28.3,1.055,0.052,41,43.9,2.391,27,40.7,1.899,0.447
1,on,nyam,10,1,3.0,-1,0.1,56,30.4,1.442,0.166,34,29.4,1.284,26,38.5,1.304,0.416
1,on,nyam,10,1,3.0,-1,0.25,82,35.4,1.833,0.309,60,26.7,0.758,46,28.3,0.636,0.019
1,on,nyam,10,2,1.0,0,0.1,384,50.3,0.94,-0.023,261,55.2,1.033,238,53.8,0.948,0.058
1,on,nyam,10,2,1.0,0,0.25,637,49.5,0.956,-0.038,440,53.4,0.995,412,53.9,1.054,0.062
1,on,nyam,10,2,1.0,1,0.1,153,48.4,0.885,-0.069,111,55.9,0.99,97,49.5,0.833,-0.029
1,on,nyam,10,2,1.0,1,0.25,280,48.2,0.941,-0.068,211,53.6,1.047,186,53.2,1.179,0.05
1,on,nyam,10,2,1.0,-1,0.1,231,51.5,0.986,0.007,152,53.9,1.04,141,56.7,1.053,0.118
1,on,nyam,10,2,1.0,-1,0.25,360,50.6,0.977,-0.012,233,52.8,0.944,229,54.6,0.97,0.076
1,on,nyam,10,2,1.5,0,0.1,384,39.1,0.899,-0.064,261,45.6,1.06,238,45.0,0.996,0.093
1,on,nyam,10,2,1.5,0,0.25,636,39.0,0.977,-0.061,439,44.4,1.084,412,45.4,1.16,0.108
1,on,nyam,10,2,1.5,1,0.1,153,36.6,0.784,-0.13,111,46.8,1.1,97,42.3,0.918,0.028
1,on,nyam,10,2,1.5,1,0.25,280,36.8,0.915,-0.115,211,45.0,1.154,186,44.6,1.244,0.096
1,on,nyam,10,2,1.5,-1,0.1,231,40.7,0.999,-0.021,152,44.1,1.004,141,46.8,1.064,0.138
1,on,nyam,10,2,1.5,-1,0.25,360,40.8,1.038,-0.015,233,43.3,1.013,229,45.9,1.087,0.114
1,on,nyam,10,2,2.0,0,0.1,384,31.8,0.886,-0.094,261,38.7,1.102,238,38.7,1.03,0.123
1,on,nyam,10,2,2.0,0,0.25,634,33.0,0.996,-0.059,438,37.2,1.084,411,37.7,1.091,0.093
1,on,nyam,10,2,2.0,1,0.1,153,28.1,0.699,-0.204,111,42.3,1.262,97,37.1,1.029,0.079
1,on,nyam,10,2,2.0,1,0.25,280,30.0,0.916,-0.142,211,38.4,1.141,186,38.7,1.303,0.132
1,on,nyam,10,2,2.0,-1,0.1,231,34.2,1.054,-0.021,152,35.5,0.961,141,39.7,1.032,0.154
1,on,nyam,10,2,2.0,-1,0.25,360,35.0,1.058,-0.002,233,35.6,1.015,229,36.7,0.915,0.056
1,on,nyam,10,2,3.0,0,0.1,384,24.5,0.907,-0.077,261,31.0,1.198,238,32.4,1.177,0.243
1,on,nyam,10,2,3.0,0,0.25,631,26.6,1.075,-0.01,435,29.7,1.064,410,31.7,1.146,0.168
1,on,nyam,10,2,3.0,1,0.1,153,21.6,0.727,-0.193,111,31.5,1.234,97,28.9,1.003,0.089
1,on,nyam,10,2,3.0,1,0.25,280,23.9,0.942,-0.113,211,28.9,0.937,186,30.6,1.16,0.098
1,on,nyam,10,2,3.0,-1,0.1,231,26.4,1.063,0.0,152,30.3,1.146,141,34.8,1.329,0.349
1,on,nyam,10,2,3.0,-1,0.25,360,28.6,1.188,0.066,233,29.6,1.145,229,32.3,1.102,0.216
1,on,nyam,10,3,1.0,0,0.1,446,48.7,0.87,-0.062,274,48.5,0.915,240,52.1,1.083,0.027
1,on,nyam,10,3,1.0,0,0.25,725,48.3,0.903,-0.064,486,47.5,0.878,468,50.2,0.955,-0.01
1,on,nyam,10,3,1.0,1,0.1,197,48.7,0.853,-0.055,111,48.6,0.945,96,56.2,1.231,0.112
1,on,nyam,10,3,1.0,1,0.25,339,49.6,0.936,-0.035,245,45.7,0.822,217,49.3,0.873,-0.028
1,on,nyam,10,3,1.0,-1,0.1,249,48.6,0.887,-0.067,166,47.6,0.855,145,49.0,0.963,-0.037
1,on,nyam,10,3,1.0,-1,0.25,394,48.0,0.905,-0.073,247,49.0,0.956,256,50.8,1.037,0.001
1,on,nyam,10,3,1.5,0,0.1,446,39.0,0.884,-0.067,273,39.6,0.93,240,42.9,1.139,0.049
1,on,nyam,10,3,1.5,0,0.25,725,39.3,0.955,-0.052,485,37.7,0.839,468,40.8,0.963,-0.003
1,on,nyam,10,3,1.5,1,0.1,197,39.6,0.848,-0.051,111,42.3,1.038,96,44.8,1.216,0.099
1,on,nyam,10,3,1.5,1,0.25,339,41.3,1.006,-0.0,245,36.3,0.743,217,39.6,0.87,-0.039
1,on,nyam,10,3,1.5,-1,0.1,249,38.6,0.918,-0.079,166,37.3,0.834,145,41.4,1.066,0.008
1,on,nyam,10,3,1.5,-1,0.25,394,38.3,0.943,-0.078,247,38.9,0.962,256,41.4,1.044,0.017
1,on,nyam,10,3,2.0,0,0.1,446,33.0,0.915,-0.056,273,32.2,0.895,240,37.5,1.181,0.084
1,on,nyam,10,3,2.0,0,0.25,724,33.1,0.982,-0.041,485,31.5,0.857,467,35.5,0.984,0.026
1,on,nyam,10,3,2.0,1,0.1,197,33.0,0.858,-0.052,111,36.0,1.026,96,39.6,1.291,0.161
1,on,nyam,10,3,2.0,1,0.25,339,34.5,1.027,0.002,245,31.8,0.801,217,34.6,0.891,-0.002
1,on,nyam,10,3,2.0,-1,0.1,249,32.9,0.97,-0.058,166,29.5,0.788,145,35.9,1.084,0.025
1,on,nyam,10,3,2.0,-1,0.25,393,32.6,0.972,-0.06,247,31.2,0.934,256,35.9,1.068,0.036
1,on,nyam,10,3,3.0,0,0.1,443,24.8,0.908,-0.057,273,24.5,0.877,240,29.6,1.175,0.134
1,on,nyam,10,3,3.0,0,0.25,719,25.6,1.007,-0.025,481,23.9,0.79,463,27.9,0.932,0.041
1,on,nyam,10,3,3.0,1,0.1,197,24.9,0.839,-0.048,111,27.9,1.003,96,28.1,1.049,0.101
1,on,nyam,10,3,3.0,1,0.25,339,27.1,1.066,0.042,245,25.7,0.788,217,26.3,0.808,-0.034
1,on,nyam,10,3,3.0,-1,0.1,248,24.6,0.963,-0.072,166,22.3,0.782,145,30.3,1.267,0.147
1,on,nyam,10,3,3.0,-1,0.25,392,24.7,0.985,-0.062,247,21.9,0.774,256,28.5,1.019,0.07
1,on,nyam,20,0,1.0,0,0.1,338,43.5,0.733,-0.169,264,51.1,1.01,240,50.0,0.935,-0.008
1,on,nyam,20,0,1.0,0,0.25,855,46.2,0.904,-0.104,576,51.7,1.04,538,52.2,1.042,0.032
1,on,nyam,20,0,1.0,1,0.1,134,44.0,0.772,-0.155,108,51.9,0.983,92,47.8,0.914,-0.044
1,on,nyam,20,0,1.0,1,0.25,374,44.7,0.857,-0.133,269,50.6,0.933,238,47.9,0.863,-0.049
1,on,nyam,20,0,1.0,-1,0.1,204,43.1,0.704,-0.177,156,50.6,1.032,148,51.4,0.951,0.015
1,on,nyam,20,0,1.0,-1,0.25,481,47.4,0.948,-0.08,308,52.9,1.158,301,55.5,1.235,0.092
1,on,nyam,20,0,1.5,0,0.1,338,34.0,0.739,-0.193,264,39.0,0.912,240,40.4,0.917,-0.013
1,on,nyam,20,0,1.5,0,0.25,849,37.8,0.964,-0.084,574,41.3,1.049,536,42.4,1.05,0.036
1,on,nyam,20,0,1.5,1,0.1,134,32.1,0.699,-0.236,108,41.7,0.981,92,38.0,0.865,-0.066
1,on,nyam,20,0,1.5,1,0.25,374,35.3,0.891,-0.15,269,39.8,0.933,238,38.2,0.884,-0.065
1,on,nyam,20,0,1.5,-1,0.1,204,35.3,0.772,-0.164,156,37.2,0.86,148,41.9,0.96,0.02
1,on,nyam,20,0,1.5,-1,0.25,479,39.5,1.021,-0.04,308,42.5,1.166,301,45.5,1.212,0.109
1,on,nyam,20,0,2.0,0,0.1,338,29.0,0.772,-0.176,263,33.5,0.911,240,32.9,0.862,-0.052
1,on,nyam,20,0,2.0,0,0.25,844,33.1,1.024,-0.047,568,35.0,1.033,531,35.2,0.985,0.006
1,on,nyam,20,0,2.0,1,0.1,134,27.6,0.768,-0.211,108,38.0,1.1,92,31.5,0.837,-0.103
1,on,nyam,20,0,2.0,1,0.25,374,31.3,0.97,-0.107,269,35.3,0.95,238,32.8,0.865,-0.073
1,on,nyam,20,0,2.0,-1,0.1,204,29.9,0.775,-0.153,156,30.1,0.767,148,33.8,0.881,-0.021
1,on,nyam,20,0,2.0,-1,0.25,479,34.0,1.056,-0.013,308,34.7,1.11,300,36.7,1.08,0.049
1,on,nyam,20,0,3.0,0,0.1,338,20.4,0.687,-0.235,262,26.3,0.893,239,28.5,1.035,0.063
1,on,nyam,20,0,3.0,0,0.25,831,25.6,1.021,-0.053,554,29.2,1.021,518,30.3,1.042,0.072
1,on,nyam,20,0,3.0,1,0.1,134,14.9,0.494,-0.454,108,28.7,0.965,92,26.1,0.895,-0.031
1,on,nyam,20,0,3.0,1,0.25,374,23.3,0.916,-0.172,269,27.5,0.773,238,26.9,0.777,-0.092
1,on,nyam,20,0,3.0,-1,0.1,204,24.0,0.855,-0.091,156,24.4,0.818,147,29.9,1.149,0.121
1,on,nyam,20,0,3.0,-1,0.25,478,27.4,1.115,0.037,308,29.5,1.209,299,32.4,1.253,0.17
1,on,nyam,20,1,1.0,0,0.1,99,50.5,0.928,-0.03,57,63.2,1.719,46,67.4,1.643,0.333
1,on,nyam,20,1,1.0,0,0.25,191,54.5,1.163,0.059,122,57.4,1.277,101,57.4,1.173,0.127
1,on,nyam,20,1,1.0,1,0.1,33,36.4,0.596,-0.31,20,70.0,2.462,15,,,
1,on,nyam,20,1,1.0,1,0.25,87,47.1,0.827,-0.083,53,64.2,1.914,44,59.1,1.478,0.153
1,on,nyam,20,1,1.0,-1,0.1,66,57.6,1.183,0.11,37,59.5,1.37,31,71.0,1.935,0.403
1,on,nyam,20,1,1.0,-1,0.25,104,60.6,1.664,0.178,69,52.2,0.894,57,56.1,0.964,0.108
1,on,nyam,20,1,1.5,0,0.1,99,42.4,1.052,0.018,57,52.6,1.788,46,56.5,1.633,0.366
1,on,nyam,20,1,1.5,0,0.25,191,44.0,1.146,0.063,122,47.5,1.339,101,45.5,1.029,0.107
1,on,nyam,20,1,1.5,1,0.1,33,27.3,0.644,-0.358,20,70.0,3.489,15,,,
1,on,nyam,20,1,1.5,1,0.25,87,34.5,0.759,-0.177,53,60.4,2.314,44,50.0,1.297,0.209
1,on,nyam,20,1,1.5,-1,0.1,66,50.0,1.357,0.207,37,43.2,1.19,31,54.8,1.538,0.312
1,on,nyam,20,1,1.5,-1,0.25,104,51.9,1.714,0.263,69,37.7,0.79,57,42.1,0.829,0.029
1,on,nyam,20,1,2.0,0,0.1,99,35.4,0.969,0.017,57,45.6,1.789,46,47.8,1.5,0.349
1,on,nyam,20,1,2.0,0,0.25,190,36.8,1.109,0.063,121,41.3,1.265,101,38.6,0.954,0.104
1,on,nyam,20,1,2.0,1,0.1,33,18.2,0.371,-0.495,20,65.0,3.66,15,,,
1,on,nyam,20,1,2.0,1,0.25,87,26.4,0.667,-0.238,53,52.8,1.93,44,43.2,1.134,0.243
1,on,nyam,20,1,2.0,-1,0.1,66,43.9,1.455,0.274,37,35.1,1.142,31,45.2,1.304,0.239
1,on,nyam,20,1,2.0,-1,0.25,104,46.2,1.777,0.333,69,31.9,0.781,57,35.1,0.807,-0.002
1,on,nyam,20,1,3.0,0,0.1,99,25.3,0.994,-0.036,57,35.1,1.723,46,37.0,1.405,0.348
1,on,nyam,20,1,3.0,0,0.25,190,30.5,1.259,0.115,121,34.7,1.342,101,33.7,1.046,0.161
1,on,nyam,20,1,3.0,1,0.1,33,18.2,0.559,-0.314,20,50.0,3.124,15,,,
1,on,nyam,20,1,3.0,1,0.25,87,25.3,0.791,-0.11,53,45.3,2.085,44,38.6,1.232,0.294
1,on,nyam,20,1,3.0,-1,0.1,66,28.8,1.284,0.103,37,27.0,1.137,31,35.5,1.12,0.238
1,on,nyam,20,1,3.0,-1,0.25,104,35.6,1.894,0.331,69,26.1,0.802,57,29.8,0.899,0.059
1,on,nyam,20,2,1.0,0,0.1,416,50.0,0.924,-0.021,281,54.8,1.045,256,53.1,0.939,0.044
1,on,nyam,20,2,1.0,0,0.25,736,49.0,0.932,-0.041,486,53.1,1.007,461,53.1,1.031,0.046
1,on,nyam,20,2,1.0,1,0.1,169,47.9,0.867,-0.058,118,55.9,1.024,102,49.0,0.828,-0.039
1,on,nyam,20,2,1.0,1,0.25,330,46.4,0.838,-0.093,232,53.4,1.061,208,51.9,1.099,0.024
1,on,nyam,20,2,1.0,-1,0.1,247,51.4,0.972,0.004,165,53.3,1.034,154,55.8,1.036,0.098
1,on,nyam,20,2,1.0,-1,0.25,409,51.3,1.038,0.004,258,52.3,0.955,256,54.3,0.984,0.067
1,on,nyam,20,2,1.5,0,0.1,416,38.7,0.885,-0.067,281,45.6,1.075,256,44.9,1.011,0.092
1,on,nyam,20,2,1.5,0,0.25,735,38.9,0.977,-0.058,485,44.3,1.062,461,45.3,1.153,0.105
1,on,nyam,20,2,1.5,1,0.1,169,35.5,0.751,-0.14,118,46.6,1.11,102,42.2,0.924,0.025
1,on,nyam,20,2,1.5,1,0.25,330,35.5,0.847,-0.138,232,44.8,1.105,208,44.2,1.222,0.085
1,on,nyam,20,2,1.5,-1,0.1,247,40.9,1.003,-0.016,165,44.2,1.025,154,46.8,1.083,0.136
1,on,nyam,20,2,1.5,-1,0.25,409,41.8,1.115,0.01,258,43.4,1.016,256,46.1,1.089,0.117
1,on,nyam,20,2,2.0,0,0.1,416,32.0,0.892,-0.082,281,38.8,1.113,256,38.7,1.043,0.124
1,on,nyam,20,2,2.0,0,0.25,733,32.9,0.982,-0.058,483,37.1,1.033,459,37.5,1.043,0.083
1,on,nyam,20,2,2.0,1,0.1,169,27.8,0.686,-0.198,118,42.4,1.284,102,37.3,1.045,0.083
1,on,nyam,20,2,2.0,1,0.25,330,29.4,0.864,-0.153,232,38.4,1.093,208,38.0,1.19,0.107
1,on,nyam,20,2,2.0,-1,0.1,247,34.8,1.079,-0.002,165,35.8,0.969,154,39.6,1.042,0.151
1,on,nyam,20,2,2.0,-1,0.25,409,35.5,1.09,0.011,258,35.3,0.963,256,36.7,0.908,0.053
1,on,nyam,20,2,3.0,0,0.1,416,24.5,0.904,-0.071,281,30.6,1.169,256,31.6,1.14,0.215
1,on,nyam,20,2,3.0,0,0.25,730,26.6,1.038,-0.019,480,29.6,1.015,458,31.0,1.041,0.125
1,on,nyam,20,2,3.0,1,0.1,169,21.3,0.706,-0.194,118,29.7,1.143,102,28.4,0.974,0.073
1,on,nyam,20,2,3.0,1,0.25,330,23.3,0.843,-0.142,232,28.4,0.886,208,29.8,1.011,0.052
1,on,nyam,20,2,3.0,-1,0.1,247,26.7,1.075,0.013,165,30.9,1.169,154,33.8,1.278,0.309
1,on,nyam,20,2,3.0,-1,0.25,409,29.1,1.226,0.077,258,29.8,1.106,256,31.6,1.04,0.172
1,on,nyam,20,3,1.0,0,0.1,481,48.9,0.877,-0.058,298,46.6,0.853,262,51.5,1.058,0.014
1,on,nyam,20,3,1.0,0,0.25,800,49.0,0.941,-0.049,529,47.3,0.887,514,50.4,0.973,-0.007
1,on,nyam,20,3,1.0,1,0.1,208,48.1,0.825,-0.069,119,47.9,0.932,102,56.9,1.278,0.123
1,on,nyam,20,3,1.0,1,0.25,366,49.2,0.92,-0.042,263,46.8,0.875,233,50.2,0.902,-0.01
1,on,nyam,20,3,1.0,-1,0.1,273,49.5,0.928,-0.05,182,45.1,0.769,161,47.8,0.905,-0.061
1,on,nyam,20,3,1.0,-1,0.25,442,49.5,0.992,-0.041,272,47.4,0.906,286,50.3,1.04,-0.009
1,on,nyam,20,3,1.5,0,0.1,481,39.1,0.89,-0.065,297,37.7,0.873,262,42.0,1.101,0.024
1,on,nyam,20,3,1.5,0,0.25,800,39.8,0.983,-0.04,528,37.9,0.87,514,40.9,0.98,-0.003
1,on,nyam,20,3,1.5,1,0.1,208,38.5,0.807,-0.079,119,42.0,1.043,102,45.1,1.252,0.106
1,on,nyam,20,3,1.5,1,0.25,366,40.4,0.972,-0.022,263,38.0,0.818,233,40.8,0.909,-0.015
1,on,nyam,20,3,1.5,-1,0.1,273,39.6,0.972,-0.054,182,34.6,0.746,161,39.8,0.985,-0.034
1,on,nyam,20,3,1.5,-1,0.25,442,39.8,1.025,-0.04,272,37.5,0.93,286,40.6,1.035,-0.003
1,on,nyam,20,3,2.0,0,0.1,481,32.8,0.912,-0.059,297,31.0,0.857,262,37.0,1.164,0.07
1,on,nyam,20,3,2.0,0,0.25,798,33.7,1.024,-0.023,528,32.0,0.897,513,35.7,1.006,0.027
1,on,nyam,20,3,2.0,1,0.1,208,31.7,0.811,-0.09,119,36.1,1.051,102,40.2,1.347,0.179
1,on,nyam,20,3,2.0,1,0.25,366,33.6,0.997,-0.023,263,33.5,0.873,233,35.2,0.917,0.01
1,on,nyam,20,3,2.0,-1,0.1,273,33.7,1.011,-0.035,182,27.5,0.72,161,34.8,1.025,-0.006
1,on,nyam,20,3,2.0,-1,0.25,441,34.2,1.077,-0.01,272,30.5,0.93,286,35.7,1.081,0.029
1,on,nyam,20,3,3.0,0,0.1,478,24.7,0.919,-0.063,296,23.3,0.83,261,29.5,1.192,0.132
1,on,nyam,20,3,3.0,0,0.25,789,26.0,1.057,-0.009,523,24.3,0.832,507,28.4,0.975,0.051
1,on,nyam,20,3,3.0,1,0.1,208,24.0,0.8,-0.084,119,27.7,1.019,102,29.4,1.146,0.153
1,on,nyam,20,3,3.0,1,0.25,366,26.5,1.029,0.012,263,26.6,0.836,233,27.5,0.859,-0.006
1,on,nyam,20,3,3.0,-1,0.1,272,25.0,1.024,-0.055,182,20.3,0.692,161,29.2,1.204,0.104
1,on,nyam,20,3,3.0,-1,0.25,440,25.7,1.095,-0.02,272,21.7,0.803,286,28.3,1.042,0.06
1,on,nyam,40,0,1.0,0,0.1,352,44.0,0.756,-0.158,274,51.5,1.017,249,49.4,0.91,-0.02
1,on,nyam,40,0,1.0,0,0.25,882,46.4,0.902,-0.1,599,51.8,1.029,561,51.5,0.999,0.019
1,on,nyam,40,0,1.0,1,0.1,137,44.5,0.789,-0.145,116,52.6,0.995,98,46.9,0.885,-0.064
1,on,nyam,40,0,1.0,1,0.25,385,44.9,0.855,-0.128,284,50.4,0.923,248,47.2,0.849,-0.061
1,on,nyam,40,0,1.0,-1,0.1,215,43.7,0.731,-0.167,158,50.6,1.037,151,51.0,0.93,0.008
1,on,nyam,40,0,1.0,-1,0.25,497,47.5,0.947,-0.079,316,53.2,1.147,314,54.8,1.153,0.078
1,on,nyam,40,0,1.5,0,0.1,352,34.4,0.75,-0.185,274,39.4,0.929,249,39.8,0.898,-0.03
1,on,nyam,40,0,1.5,0,0.25,876,37.9,0.962,-0.081,597,41.0,1.028,559,41.3,0.998,0.012
1,on,nyam,40,0,1.5,1,0.1,137,32.8,0.723,-0.217,116,42.2,1.002,98,37.8,0.859,-0.074
1,on,nyam,40,0,1.5,1,0.25,385,35.8,0.899,-0.136,284,39.4,0.919,248,37.5,0.863,-0.079
1,on,nyam,40,0,1.5,-1,0.1,215,35.3,0.771,-0.164,158,37.3,0.872,151,41.1,0.93,-0.001
1,on,nyam,40,0,1.5,-1,0.25,495,39.2,1.008,-0.046,316,42.4,1.138,314,44.3,1.124,0.078
1,on,nyam,40,0,2.0,0,0.1,352,29.3,0.78,-0.168,273,33.0,0.893,249,32.1,0.827,-0.076
1,on,nyam,40,0,2.0,0,0.25,871,33.2,1.016,-0.048,590,34.4,1.006,553,34.2,0.937,-0.022
1,on,nyam,40,0,2.0,1,0.1,137,27.7,0.773,-0.207,116,36.2,1.02,98,30.6,0.79,-0.129
1,on,nyam,40,0,2.0,1,0.25,385,31.7,0.961,-0.104,284,34.2,0.916,248,31.9,0.834,-0.096
1,on,nyam,40,0,2.0,-1,0.1,215,30.2,0.785,-0.144,158,30.4,0.784,151,33.1,0.858,-0.041
1,on,nyam,40,0,2.0,-1,0.25,495,33.9,1.05,-0.015,316,34.8,1.092,313,35.8,1.017,0.023
1,on,nyam,40,0,3.0,0,0.1,352,20.7,0.703,-0.222,272,25.7,0.861,248,27.8,0.997,0.039
1,on,nyam,40,0,3.0,0,0.25,857,25.8,1.01,-0.052,574,28.6,0.991,538,29.4,0.991,0.041
1,on,nyam,40,0,3.0,1,0.1,137,15.3,0.509,-0.438,116,27.6,0.909,98,25.5,0.853,-0.052
1,on,nyam,40,0,3.0,1,0.25,385,23.9,0.918,-0.159,284,26.8,0.755,248,26.2,0.755,-0.11
1,on,nyam,40,0,3.0,-1,0.1,215,24.2,0.867,-0.084,158,24.1,0.802,150,29.3,1.119,0.098
1,on,nyam,40,0,3.0,-1,0.25,494,27.1,1.087,0.027,316,29.1,1.167,312,31.4,1.17,0.133
1,on,nyam,40,1,1.0,0,0.1,101,51.5,0.971,-0.011,61,62.3,1.622,53,66.0,1.488,0.305
1,on,nyam,40,1,1.0,0,0.25,201,53.7,1.118,0.045,135,57.8,1.279,116,57.8,1.178,0.135
1,on,nyam,40,1,1.0,1,0.1,33,36.4,0.596,-0.31,23,65.2,1.889,17,,,
1,on,nyam,40,1,1.0,1,0.25,90,46.7,0.82,-0.092,62,64.5,1.982,49,61.2,1.652,0.199
1,on,nyam,40,1,1.0,-1,0.1,68,58.8,1.258,0.135,38,60.5,1.45,36,69.4,1.733,0.37
1,on,nyam,40,1,1.0,-1,0.25,111,59.5,1.514,0.156,73,52.1,0.855,67,55.2,0.902,0.088
1,on,nyam,40,1,1.5,0,0.1,101,43.6,1.109,0.047,61,52.5,1.735,53,54.7,1.539,0.321
1,on,nyam,40,1,1.5,0,0.25,201,43.8,1.132,0.059,135,48.1,1.351,116,44.8,1.04,0.09
1,on,nyam,40,1,1.5,1,0.1,33,27.3,0.644,-0.358,23,65.2,2.686,17,,,
1,on,nyam,40,1,1.5,1,0.25,90,34.4,0.766,-0.177,62,59.7,2.305,49,51.0,1.426,0.237
1,on,nyam,40,1,1.5,-1,0.1,68,51.5,1.455,0.244,38,44.7,1.28,36,52.8,1.475,0.262
1,on,nyam,40,1,1.5,-1,0.25,111,51.4,1.623,0.25,73,38.4,0.785,67,40.3,0.789,-0.018
1,on,nyam,40,1,2.0,0,0.1,101,35.6,0.973,0.026,61,45.9,1.772,53,47.2,1.484,0.335
1,on,nyam,40,1,2.0,0,0.25,200,36.5,1.097,0.054,134,41.0,1.245,116,38.8,1.021,0.113
1,on,nyam,40,1,2.0,1,0.1,33,18.2,0.371,-0.495,23,60.9,2.924,17,,,
1,on,nyam,40,1,2.0,1,0.25,90,26.7,0.685,-0.23,62,51.6,1.931,49,44.9,1.317,0.298
1,on,nyam,40,1,2.0,-1,0.1,68,44.1,1.445,0.28,38,36.8,1.246,36,44.4,1.33,0.227
1,on,nyam,40,1,2.0,-1,0.25,111,45.0,1.661,0.302,73,31.5,0.735,67,34.3,0.811,-0.022
1,on,nyam,40,1,3.0,0,0.1,101,25.7,1.009,-0.016,61,34.4,1.669,53,35.8,1.361,0.315
1,on,nyam,40,1,3.0,0,0.25,200,30.5,1.243,0.106,134,33.6,1.196,116,32.8,1.001,0.118
1,on,nyam,40,1,3.0,1,0.1,33,18.2,0.559,-0.314,23,43.5,2.388,17,,,
1,on,nyam,40,1,3.0,1,0.25,90,25.6,0.777,-0.124,62,41.9,1.726,49,38.8,1.151,0.264
1,on,nyam,40,1,3.0,-1,0.1,68,29.4,1.3,0.129,38,28.9,1.275,36,33.3,1.076,0.17
1,on,nyam,40,1,3.0,-1,0.25,111,35.1,1.823,0.318,73,26.0,0.771,67,28.4,0.891,0.011
1,on,nyam,40,2,1.0,0,0.1,428,50.5,0.945,-0.011,292,54.8,1.053,265,52.5,0.914,0.029
1,on,nyam,40,2,1.0,0,0.25,759,49.1,0.924,-0.039,509,53.0,1.017,484,52.9,1.03,0.043
1,on,nyam,40,2,1.0,1,0.1,172,48.8,0.889,-0.04,127,55.9,1.036,108,49.1,0.834,-0.039
1,on,nyam,40,2,1.0,1,0.25,339,46.6,0.827,-0.088,248,53.2,1.075,220,51.8,1.117,0.026
1,on,nyam,40,2,1.0,-1,0.1,256,51.6,0.991,0.008,167,53.3,1.041,157,54.8,0.983,0.076
1,on,nyam,40,2,1.0,-1,0.25,423,51.3,1.033,0.004,265,52.5,0.961,267,53.9,0.966,0.06
1,on,nyam,40,2,1.5,0,0.1,428,39.0,0.896,-0.059,292,45.9,1.097,265,44.5,0.995,0.082
1,on,nyam,40,2,1.5,0,0.25,757,39.1,0.973,-0.053,508,44.1,1.049,484,44.8,1.126,0.094
1,on,nyam,40,2,1.5,1,0.1,172,36.0,0.769,-0.127,127,47.2,1.143,108,42.6,0.946,0.035
1,on,nyam,40,2,1.5,1,0.25,339,35.7,0.843,-0.133,248,44.8,1.123,220,44.5,1.262,0.097
1,on,nyam,40,2,1.5,-1,0.1,256,41.0,1.004,-0.013,167,44.3,1.038,157,45.9,1.036,0.114
1,on,nyam,40,2,1.5,-1,0.25,423,41.8,1.109,0.011,265,43.0,0.975,267,44.9,1.009,0.089
1,on,nyam,40,2,2.0,0,0.1,428,32.2,0.902,-0.075,292,38.0,1.073,265,37.7,0.994,0.096
1,on,nyam,40,2,2.0,0,0.25,755,33.0,0.972,-0.057,505,36.2,0.989,480,36.2,0.983,0.049
1,on,nyam,40,2,2.0,1,0.1,172,28.5,0.709,-0.179,127,40.9,1.207,108,36.1,0.984,0.048
1,on,nyam,40,2,2.0,1,0.25,339,29.8,0.854,-0.146,248,37.1,1.047,220,36.8,1.141,0.077
1,on,nyam,40,2,2.0,-1,0.1,256,34.8,1.072,-0.005,167,35.3,0.951,157,38.9,1.002,0.128
1,on,nyam,40,2,2.0,-1,0.25,423,35.2,1.079,0.005,265,34.7,0.921,267,35.6,0.845,0.02
1,on,nyam,40,2,3.0,0,0.1,428,24.5,0.904,-0.071,292,29.8,1.124,265,30.9,1.093,0.188
1,on,nyam,40,2,3.0,0,0.25,751,26.5,1.014,-0.025,500,28.4,0.955,477,30.0,0.972,0.083
1,on,nyam,40,2,3.0,1,0.1,172,21.5,0.713,-0.186,127,28.3,1.072,108,27.8,0.93,0.048
1,on,nyam,40,2,3.0,1,0.25,339,23.6,0.832,-0.139,248,27.0,0.833,220,29.1,0.958,0.02
1,on,nyam,40,2,3.0,-1,0.1,256,26.6,1.066,0.006,167,30.5,1.149,157,33.1,1.232,0.283
1,on,nyam,40,2,3.0,-1,0.25,423,28.6,1.18,0.059,265,29.1,1.044,267,30.3,0.956,0.123
1,on,nyam,40,3,1.0,0,0.1,490,48.4,0.867,-0.068,303,47.5,0.889,268,51.9,1.086,0.021
1,on,nyam,40,3,1.0,0,0.25,815,48.7,0.934,-0.055,539,48.2,0.929,527,51.0,1.013,0.006
1,on,nyam,40,3,1.0,1,0.1,212,48.1,0.838,-0.068,123,49.6,1.013,106,58.5,1.375,0.155
1,on,nyam,40,3,1.0,1,0.25,371,49.1,0.919,-0.045,270,48.1,0.937,242,51.7,0.973,0.019
1,on,nyam,40,3,1.0,-1,0.1,278,48.6,0.895,-0.068,183,45.4,0.775,163,47.2,0.892,-0.073
1,on,nyam,40,3,1.0,-1,0.25,452,49.1,0.978,-0.05,275,48.0,0.925,290,50.3,1.048,-0.009
1,on,nyam,40,3,1.5,0,0.1,490,38.4,0.864,-0.083,302,38.7,0.91,268,42.5,1.135,0.034
1,on,nyam,40,3,1.5,0,0.25,815,39.4,0.97,-0.05,538,38.5,0.891,527,41.2,1.002,0.003
1,on,nyam,40,3,1.5,1,0.1,212,37.7,0.784,-0.097,123,43.9,1.127,106,47.2,1.354,0.149
1,on,nyam,40,3,1.5,1,0.25,371,39.9,0.953,-0.035,270,38.9,0.851,242,41.7,0.956,0.006
1,on,nyam,40,3,1.5,-1,0.1,278,38.8,0.942,-0.072,183,35.0,0.753,163,39.3,0.973,-0.046
1,on,nyam,40,3,1.5,-1,0.25,452,39.6,1.018,-0.045,275,37.8,0.937,290,40.3,1.033,-0.009
1,on,nyam,40,3,2.0,0,0.1,490,32.2,0.888,-0.077,302,31.8,0.894,268,37.7,1.206,0.084
1,on,nyam,40,3,2.0,0,0.25,812,33.5,1.015,-0.03,538,32.3,0.914,526,35.9,1.029,0.032
1,on,nyam,40,3,2.0,1,0.1,212,31.1,0.79,-0.108,123,38.2,1.149,106,42.5,1.469,0.233
1,on,nyam,40,3,2.0,1,0.25,371,33.2,0.979,-0.037,270,34.4,0.917,242,36.4,0.981,0.04
1,on,nyam,40,3,2.0,-1,0.1,278,33.1,0.983,-0.053,183,27.3,0.716,163,34.4,1.014,-0.019
1,on,nyam,40,3,2.0,-1,0.25,451,34.1,1.074,-0.013,275,30.2,0.916,290,35.2,1.064,0.014
1,on,nyam,40,3,3.0,0,0.1,487,24.2,0.897,-0.082,301,24.3,0.879,267,30.3,1.249,0.156
1,on,nyam,40,3,3.0,0,0.25,803,25.9,1.054,-0.012,533,24.8,0.861,520,28.7,0.993,0.058
1,on,nyam,40,3,3.0,1,0.1,212,23.6,0.781,-0.102,123,30.1,1.146,106,32.1,1.295,0.236
1,on,nyam,40,3,3.0,1,0.25,371,26.1,1.012,-0.003,270,27.8,0.901,242,28.5,0.913,0.029
1,on,nyam,40,3,3.0,-1,0.1,277,24.5,0.999,-0.073,183,20.2,0.689,163,28.8,1.192,0.09
1,on,nyam,40,3,3.0,-1,0.25,450,25.8,1.102,-0.015,275,21.5,0.793,290,27.9,1.027,0.045
1,on,ny_open,10,0,1.0,0,0.1,237,41.8,0.668,-0.201,178,55.1,1.063,164,53.0,0.993,0.053
1,on,ny_open,10,0,1.0,0,0.25,627,46.9,0.943,-0.089,426,54.7,1.146,397,54.9,1.183,0.088
1,on,ny_open,10,0,1.0,1,0.1,90,42.2,0.7,-0.19,77,59.7,1.196,64,53.1,1.039,0.043
1,on,ny_open,10,0,1.0,1,0.25,257,46.3,0.94,-0.1,205,53.7,1.012,178,51.7,1.011,0.019
1,on,ny_open,10,0,1.0,-1,0.1,147,41.5,0.645,-0.208,101,51.5,0.956,100,53.0,0.957,0.059
1,on,ny_open,10,0,1.0,-1,0.25,370,47.3,0.945,-0.081,222,55.9,1.3,219,57.5,1.357,0.144
1,on,ny_open,10,0,1.5,0,0.1,237,32.1,0.678,-0.242,178,42.7,0.959,164,42.7,0.955,0.042
1,on,ny_open,10,0,1.5,0,0.25,624,38.3,1.009,-0.07,425,44.5,1.188,396,44.7,1.186,0.097
1,on,ny_open,10,0,1.5,1,0.1,90,31.1,0.658,-0.26,77,46.8,1.107,64,42.2,0.923,0.028
1,on,ny_open,10,0,1.5,1,0.25,257,37.0,1.001,-0.104,205,42.0,1.033,178,41.0,0.999,0.003
1,on,ny_open,10,0,1.5,-1,0.1,147,32.7,0.693,-0.231,101,39.6,0.839,100,43.0,0.982,0.051
1,on,ny_open,10,0,1.5,-1,0.25,369,39.0,1.003,-0.051,222,46.4,1.347,219,47.5,1.361,0.169
1,on,ny_open,10,0,2.0,0,0.1,237,26.6,0.7,-0.249,177,36.7,0.961,164,34.8,0.906,-0.0
1,on,ny_open,10,0,2.0,0,0.25,622,32.8,1.036,-0.052,420,37.6,1.149,392,37.8,1.127,0.083
1,on,ny_open,10,0,2.0,1,0.1,90,25.6,0.687,-0.272,77,42.9,1.229,64,35.9,0.959,0.021
1,on,ny_open,10,0,2.0,1,0.25,257,31.5,1.03,-0.09,205,36.6,1.001,178,34.8,0.953,-0.011
1,on,ny_open,10,0,2.0,-1,0.1,147,27.2,0.709,-0.235,101,31.7,0.738,100,34.0,0.864,-0.014
1,on,ny_open,10,0,2.0,-1,0.25,369,33.6,1.036,-0.028,222,38.3,1.292,218,39.4,1.264,0.139
1,on,ny_open,10,0,3.0,0,0.1,237,17.7,0.604,-0.345,177,31.1,1.042,164,29.9,1.05,0.113
1,on,ny_open,10,0,3.0,0,0.25,616,25.0,1.027,-0.071,413,32.0,1.14,387,32.3,1.156,0.155
1,on,ny_open,10,0,3.0,1,0.1,90,13.3,0.444,-0.522,77,32.5,1.035,64,28.1,0.912,0.031
1,on,ny_open,10,0,3.0,1,0.25,257,23.0,0.981,-0.17,205,27.3,0.759,178,27.0,0.78,-0.078
1,on,ny_open,10,0,3.0,-1,0.1,147,20.4,0.736,-0.237,101,29.7,1.026,100,31.0,1.169,0.165
1,on,ny_open,10,0,3.0,-1,0.25,368,26.4,1.063,-0.004,222,34.7,1.497,218,35.8,1.48,0.305
1,on,ny_open,10,1,1.0,0,0.1,62,51.6,0.934,-0.007,39,64.1,1.595,31,67.7,1.638,0.348
1,on,ny_open,10,1,1.0,0,0.25,113,57.5,1.352,0.12,82,54.9,1.08,61,54.1,0.837,0.07
1,on,ny_open,10,1,1.0,1,0.1,17,,,,16,,,11,,,
1,on,ny_open,10,1,1.0,1,0.25,45,51.1,1.09,-0.003,36,61.1,1.693,24,62.5,1.542,0.237
1,on,ny_open,10,1,1.0,-1,0.1,45,60.0,1.368,0.159,23,60.9,1.201,20,65.0,1.23,0.293
1,on,ny_open,10,1,1.0,-1,0.25,68,61.8,1.608,0.202,46,50.0,0.725,37,48.6,0.591,-0.037
1,on,ny_open,10,1,1.5,0,0.1,62,48.4,1.276,0.17,39,59.0,1.965,31,58.1,1.667,0.422
1,on,ny_open,10,1,1.5,0,0.25,113,49.6,1.375,0.199,82,50.0,1.299,61,45.9,0.903,0.124
1,on,ny_open,10,1,1.5,1,0.1,17,,,,16,,,11,,,
1,on,ny_open,10,1,1.5,1,0.25,45,40.0,1.035,-0.049,36,58.3,2.052,24,58.3,1.876,0.438
1,on,ny_open,10,1,1.5,-1,0.1,45,57.8,1.877,0.404,23,52.2,1.353,20,50.0,1.039,0.217
1,on,ny_open,10,1,1.5,-1,0.25,68,55.9,1.721,0.363,46,43.5,0.856,37,37.8,0.568,-0.079
1,on,ny_open,10,1,2.0,0,0.1,62,40.3,1.224,0.168,39,51.3,2.0,31,48.4,1.593,0.42
1,on,ny_open,10,1,2.0,0,0.25,113,41.6,1.343,0.199,81,44.4,1.377,61,37.7,0.898,0.107
1,on,ny_open,10,1,2.0,1,0.1,17,,,,16,,,11,,,
1,on,ny_open,10,1,2.0,1,0.25,45,31.1,0.869,-0.099,36,55.6,2.363,24,50.0,1.93,0.479
1,on,ny_open,10,1,2.0,-1,0.1,45,48.9,1.832,0.424,23,39.1,1.083,20,40.0,0.993,0.165
1,on,ny_open,10,1,2.0,-1,0.25,68,48.5,1.845,0.397,46,34.8,0.754,37,29.7,0.525,-0.134
1,on,ny_open,10,1,3.0,0,0.1,62,32.3,1.412,0.247,39,38.5,1.845,31,38.7,1.665,0.516
1,on,ny_open,10,1,3.0,0,0.25,113,35.4,1.534,0.318,81,35.8,1.409,61,32.8,0.973,0.189
1,on,ny_open,10,1,3.0,1,0.1,17,,,,16,,,11,,,
1,on,ny_open,10,1,3.0,1,0.25,45,28.9,1.087,0.087,36,44.4,2.502,24,41.7,1.946,0.498
1,on,ny_open,10,1,3.0,-1,0.1,45,37.8,1.936,0.466,23,30.4,1.041,20,35.0,1.111,0.365
1,on,ny_open,10,1,3.0,-1,0.25,68,39.7,1.965,0.471,46,28.3,0.697,37,27.0,0.599,-0.012
1,on,ny_open,10,2,1.0,0,0.1,300,49.7,0.932,-0.041,195,60.5,1.21,180,56.7,1.024,0.116
1,on,ny_open,10,2,1.0,0,0.25,524,49.6,0.981,-0.037,358,56.1,1.071,337,56.1,1.139,0.107
1,on,ny_open,10,2,1.0,1,0.1,115,46.1,0.842,-0.113,89,60.7,1.206,76,53.9,0.983,0.05
1,on,ny_open,10,2,1.0,1,0.25,220,47.7,0.964,-0.077,178,55.1,1.114,156,56.4,1.335,0.109
1,on,ny_open,10,2,1.0,-1,0.1,185,51.9,1.005,0.005,108,59.3,1.163,104,58.7,1.061,0.164
1,on,ny_open,10,2,1.0,-1,0.25,307,51.1,1.004,-0.005,184,56.5,1.026,184,56.0,1.006,0.109
1,on,ny_open,10,2,1.5,0,0.1,300,38.7,0.88,-0.08,195,52.3,1.304,180,49.4,1.145,0.205
1,on,ny_open,10,2,1.5,0,0.25,524,39.7,1.019,-0.046,357,47.6,1.177,337,48.1,1.268,0.179
1,on,ny_open,10,2,1.5,1,0.1,115,33.9,0.724,-0.196,89,53.9,1.427,76,48.7,1.172,0.182
1,on,ny_open,10,2,1.5,1,0.25,220,36.8,0.969,-0.113,178,47.2,1.227,156,48.1,1.398,0.181
1,on,ny_open,10,2,1.5,-1,0.1,185,41.6,1.013,-0.007,108,50.0,1.156,104,50.0,1.122,0.222
1,on,ny_open,10,2,1.5,-1,0.25,307,41.7,1.056,0.001,184,47.3,1.117,184,47.8,1.157,0.172
1,on,ny_open,10,2,2.0,0,0.1,300,31.3,0.86,-0.112,195,44.6,1.362,180,43.3,1.236,0.265
1,on,ny_open,10,2,2.0,0,0.25,523,33.5,1.035,-0.048,356,40.2,1.188,336,40.5,1.209,0.182
1,on,ny_open,10,2,2.0,1,0.1,115,25.2,0.601,-0.29,89,49.4,1.652,76,43.4,1.329,0.267
1,on,ny_open,10,2,2.0,1,0.25,220,30.0,0.976,-0.142,178,41.0,1.242,156,41.7,1.444,0.222
1,on,ny_open,10,2,2.0,-1,0.1,185,35.1,1.092,-0.002,108,39.8,1.094,104,43.3,1.159,0.263
1,on,ny_open,10,2,2.0,-1,0.25,307,35.8,1.074,0.016,184,38.6,1.113,184,39.1,1.009,0.138
1,on,ny_open,10,2,3.0,0,0.1,300,24.0,0.891,-0.1,195,35.9,1.439,180,36.1,1.373,0.39
1,on,ny_open,10,2,3.0,0,0.25,523,27.0,1.11,-0.001,355,32.1,1.146,336,33.9,1.246,0.258
1,on,ny_open,10,2,3.0,1,0.1,115,20.9,0.721,-0.222,89,37.1,1.566,76,34.2,1.267,0.296
1,on,ny_open,10,2,3.0,1,0.25,220,24.5,1.008,-0.096,178,30.3,0.983,156,32.7,1.246,0.177
1,on,ny_open,10,2,3.0,-1,0.1,185,25.9,1.03,-0.024,108,34.3,1.289,104,37.5,1.47,0.459
1,on,ny_open,10,2,3.0,-1,0.25,307,28.7,1.19,0.067,184,32.6,1.257,184,34.2,1.196,0.298
1,on,ny_open,10,3,1.0,0,0.1,340,47.6,0.839,-0.08,207,51.7,1.029,177,54.8,1.235,0.088
1,on,ny_open,10,3,1.0,0,0.25,591,47.5,0.882,-0.077,391,47.8,0.856,375,50.1,0.93,-0.009
1,on,ny_open,10,3,1.0,1,0.1,142,48.6,0.827,-0.055,87,49.4,0.99,74,58.1,1.385,0.153
1,on,ny_open,10,3,1.0,1,0.25,268,50.0,0.946,-0.024,209,45.0,0.8,183,48.6,0.856,-0.04
1,on,ny_open,10,3,1.0,-1,0.1,198,47.0,0.85,-0.098,123,52.0,1.0,104,51.9,1.099,0.032
1,on,ny_open,10,3,1.0,-1,0.25,331,46.5,0.864,-0.1,188,50.5,0.946,197,51.3,1.009,0.015
1,on,ny_open,10,3,1.5,0,0.1,340,38.8,0.862,-0.071,207,41.1,0.987,177,44.1,1.209,0.081
1,on,ny_open,10,3,1.5,0,0.25,591,39.3,0.944,-0.052,391,37.9,0.843,375,40.8,0.97,0.005
1,on,ny_open,10,3,1.5,1,0.1,142,39.4,0.805,-0.056,87,42.5,1.068,74,45.9,1.29,0.13
1,on,ny_open,10,3,1.5,1,0.25,268,41.4,0.994,0.003,209,35.9,0.761,183,38.8,0.867,-0.047
1,on,ny_open,10,3,1.5,-1,0.1,198,38.4,0.915,-0.082,123,39.0,0.883,104,42.3,1.124,0.036
1,on,ny_open,10,3,1.5,-1,0.25,331,38.4,0.941,-0.075,188,39.4,0.95,197,42.1,1.067,0.04
1,on,ny_open,10,3,2.0,0,0.1,340,32.6,0.884,-0.065,207,33.8,0.949,177,37.9,1.208,0.092
1,on,ny_open,10,3,2.0,0,0.25,590,32.9,0.957,-0.048,391,32.0,0.864,374,35.0,0.977,0.025
1,on,ny_open,10,3,2.0,1,0.1,142,33.1,0.812,-0.05,87,34.5,0.979,74,39.2,1.286,0.15
1,on,ny_open,10,3,2.0,1,0.25,268,34.3,0.995,-0.003,209,30.6,0.803,183,33.3,0.872,-0.02
1,on,ny_open,10,3,2.0,-1,0.1,198,32.3,0.949,-0.075,123,32.5,0.886,104,36.5,1.126,0.041
1,on,ny_open,10,3,2.0,-1,0.25,330,32.4,0.961,-0.063,188,33.0,0.951,197,36.0,1.078,0.05
1,on,ny_open,10,3,3.0,0,0.1,339,23.3,0.821,-0.12,207,26.6,0.946,177,29.4,1.144,0.121
1,on,ny_open,10,3,3.0,0,0.25,587,24.9,0.97,-0.055,387,25.1,0.829,371,27.2,0.921,0.036
1,on,ny_open,10,3,3.0,1,0.1,142,23.2,0.711,-0.115,87,26.4,0.935,74,25.7,0.916,0.005
1,on,ny_open,10,3,3.0,1,0.25,268,26.1,0.989,-0.0,209,24.4,0.774,183,24.0,0.744,-0.095
1,on,ny_open,10,3,3.0,-1,0.1,198,23.2,0.914,-0.128,123,26.0,0.919,104,31.7,1.334,0.193
1,on,ny_open,10,3,3.0,-1,0.25,330,24.5,0.997,-0.071,188,25.0,0.863,197,29.4,1.072,0.119
1,on,ny_open,20,0,1.0,0,0.1,254,41.7,0.667,-0.203,195,53.8,1.065,177,52.0,0.963,0.03
1,on,ny_open,20,0,1.0,0,0.25,694,46.4,0.907,-0.099,469,53.7,1.115,435,54.0,1.117,0.07
1,on,ny_open,20,0,1.0,1,0.1,96,41.7,0.695,-0.202,83,59.0,1.235,68,52.9,1.052,0.039
1,on,ny_open,20,0,1.0,1,0.25,286,44.4,0.848,-0.138,224,53.6,1.019,195,50.8,0.942,0.001
1,on,ny_open,20,0,1.0,-1,0.1,158,41.8,0.647,-0.203,112,50.0,0.936,109,51.4,0.897,0.024
1,on,ny_open,20,0,1.0,-1,0.25,408,47.8,0.956,-0.071,246,54.1,1.221,241,56.4,1.3,0.12
1,on,ny_open,20,0,1.5,0,0.1,254,32.3,0.682,-0.237,195,42.1,0.985,177,42.4,0.957,0.034
1,on,ny_open,20,0,1.5,0,0.25,691,38.1,0.984,-0.074,468,43.8,1.154,434,44.0,1.126,0.079
1,on,ny_open,20,0,1.5,1,0.1,96,30.2,0.642,-0.283,83,47.0,1.181,68,42.6,0.962,0.04
1,on,ny_open,20,0,1.5,1,0.25,286,35.3,0.909,-0.145,224,42.4,1.045,195,40.5,0.938,-0.012
1,on,ny_open,20,0,1.5,-1,0.1,158,33.5,0.713,-0.208,112,38.4,0.833,109,42.2,0.952,0.031
1,on,ny_open,20,0,1.5,-1,0.25,407,39.8,1.037,-0.029,246,44.7,1.261,241,46.5,1.309,0.144
1,on,ny_open,20,0,2.0,0,0.1,254,26.8,0.697,-0.244,194,36.6,1.012,177,34.5,0.92,-0.008
1,on,ny_open,20,0,2.0,0,0.25,689,32.7,1.016,-0.055,463,37.4,1.132,430,37.0,1.074,0.06
1,on,ny_open,20,0,2.0,1,0.1,96,25.0,0.679,-0.289,83,43.4,1.333,68,36.8,1.018,0.048
1,on,ny_open,20,0,2.0,1,0.25,286,30.4,0.951,-0.125,224,37.5,1.043,195,34.9,0.922,-0.011
1,on,ny_open,20,0,2.0,-1,0.1,158,27.8,0.71,-0.216,112,31.2,0.761,109,33.0,0.848,-0.043
1,on,ny_open,20,0,2.0,-1,0.25,407,34.2,1.067,-0.008,246,37.0,1.211,240,37.9,1.195,0.095
1,on,ny_open,20,0,3.0,0,0.1,254,18.1,0.602,-0.329,194,29.4,1.017,177,29.9,1.091,0.119
1,on,ny_open,20,0,3.0,0,0.25,683,25.0,1.017,-0.069,455,31.4,1.119,424,31.8,1.118,0.136
1,on,ny_open,20,0,3.0,1,0.1,96,12.5,0.413,-0.555,83,31.3,1.048,68,29.4,1.008,0.086
1,on,ny_open,20,0,3.0,1,0.25,286,22.0,0.892,-0.21,224,28.1,0.808,195,27.7,0.794,-0.056
1,on,ny_open,20,0,3.0,-1,0.1,158,21.5,0.758,-0.192,112,27.7,0.971,109,30.3,1.158,0.139
1,on,ny_open,20,0,3.0,-1,0.25,406,27.1,1.123,0.029,246,32.9,1.384,240,34.2,1.39,0.246
1,on,ny_open,20,1,1.0,0,0.1,73,49.3,0.882,-0.054,42,64.3,1.55,34,67.6,1.552,0.345
1,on,ny_open,20,1,1.0,0,0.25,149,53.0,1.094,0.031,99,55.6,1.139,80,55.0,0.987,0.08
1,on,ny_open,20,1,1.0,1,0.1,21,28.6,0.356,-0.466,17,,,12,,,
1,on,ny_open,20,1,1.0,1,0.25,65,43.1,0.704,-0.163,46,63.0,1.87,37,62.2,1.621,0.213
1,on,ny_open,20,1,1.0,-1,0.1,52,57.7,1.275,0.113,25,60.0,1.138,22,68.2,1.44,0.356
1,on,ny_open,20,1,1.0,-1,0.25,84,60.7,1.683,0.181,53,49.1,0.705,43,48.8,0.607,-0.035
1,on,ny_open,20,1,1.5,0,0.1,73,45.2,1.154,0.09,42,59.5,1.936,34,58.8,1.652,0.442
1,on,ny_open,20,1,1.5,0,0.25,149,45.6,1.187,0.104,99,51.5,1.423,80,46.2,0.965,0.123
1,on,ny_open,20,1,1.5,1,0.1,21,23.8,0.477,-0.443,17,,,12,,,
1,on,ny_open,20,1,1.5,1,0.25,65,33.8,0.726,-0.195,46,60.9,2.356,37,54.1,1.449,0.307
1,on,ny_open,20,1,1.5,-1,0.1,52,53.8,1.631,0.305,25,52.0,1.32,22,54.5,1.286,0.331
1,on,ny_open,20,1,1.5,-1,0.25,84,54.8,1.863,0.336,53,43.4,0.864,43,39.5,0.628,-0.036
1,on,ny_open,20,1,2.0,0,0.1,73,38.4,1.159,0.109,42,52.4,2.006,34,50.0,1.64,0.47
1,on,ny_open,20,1,2.0,0,0.25,149,38.9,1.176,0.124,98,44.9,1.319,80,38.8,0.873,0.122
1,on,ny_open,20,1,2.0,1,0.1,21,19.0,0.409,-0.467,17,,,12,,,
1,on,ny_open,20,1,2.0,1,0.25,65,27.7,0.694,-0.199,46,54.3,1.961,37,45.9,1.186,0.32
1,on,ny_open,20,1,2.0,-1,0.1,52,46.2,1.665,0.342,25,40.0,1.11,22,45.5,1.284,0.33
1,on,ny_open,20,1,2.0,-1,0.25,84,47.6,1.838,0.374,53,35.8,0.814,43,32.6,0.625,-0.048
1,on,ny_open,20,1,3.0,0,0.1,73,28.8,1.204,0.107,42,38.1,1.74,34,35.3,1.39,0.38
1,on,ny_open,20,1,3.0,0,0.25,149,32.9,1.315,0.201,98,36.7,1.348,80,32.5,0.897,0.129
1,on,ny_open,20,1,3.0,1,0.1,21,19.0,0.616,-0.277,17,,,12,,,
1,on,ny_open,20,1,3.0,1,0.25,65,26.2,0.794,-0.086,46,45.7,2.083,37,40.5,1.265,0.348
1,on,ny_open,20,1,3.0,-1,0.1,52,32.7,1.528,0.262,25,28.0,0.91,22,31.8,0.977,0.238
1,on,ny_open,20,1,3.0,-1,0.25,84,38.1,1.951,0.423,53,28.3,0.779,43,25.6,0.615,-0.06
1,on,ny_open,20,2,1.0,0,0.1,322,49.1,0.901,-0.053,209,58.9,1.163,194,55.7,0.993,0.095
1,on,ny_open,20,2,1.0,0,0.25,591,49.1,0.94,-0.048,395,54.9,1.059,374,54.8,1.086,0.081
1,on,ny_open,20,2,1.0,1,0.1,124,46.0,0.843,-0.117,94,59.6,1.201,80,52.5,0.935,0.021
1,on,ny_open,20,2,1.0,1,0.25,252,46.0,0.846,-0.11,196,54.6,1.122,173,54.9,1.22,0.08
1,on,ny_open,20,2,1.0,-1,0.1,198,51.0,0.946,-0.014,117,57.3,1.087,114,57.9,1.043,0.147
1,on,ny_open,20,2,1.0,-1,0.25,342,51.5,1.038,0.001,203,54.7,0.996,204,54.9,0.988,0.086
1,on,ny_open,20,2,1.5,0,0.1,322,37.9,0.852,-0.099,209,51.2,1.278,194,49.0,1.134,0.193
1,on,ny_open,20,2,1.5,0,0.25,591,39.4,0.999,-0.052,394,46.7,1.123,374,47.3,1.22,0.16
1,on,ny_open,20,2,1.5,1,0.1,124,33.1,0.713,-0.218,94,53.2,1.437,80,47.5,1.124,0.152
1,on,ny_open,20,2,1.5,1,0.25,252,35.3,0.867,-0.15,196,46.9,1.174,173,47.4,1.344,0.162
1,on,ny_open,20,2,1.5,-1,0.1,198,40.9,0.966,-0.025,117,48.7,1.111,114,50.0,1.142,0.221
1,on,ny_open,20,2,1.5,-1,0.25,342,42.4,1.122,0.019,203,45.8,1.065,204,47.1,1.11,0.153
1,on,ny_open,20,2,2.0,0,0.1,322,31.1,0.849,-0.12,209,43.5,1.321,194,42.8,1.21,0.248
1,on,ny_open,20,2,2.0,0,0.25,590,33.1,0.989,-0.061,393,39.2,1.104,373,39.4,1.108,0.149
1,on,ny_open,20,2,2.0,1,0.1,124,25.0,0.609,-0.297,94,48.9,1.675,80,42.5,1.281,0.239
1,on,ny_open,20,2,2.0,1,0.25,252,29.0,0.872,-0.175,196,40.8,1.183,173,40.5,1.267,0.182
1,on,ny_open,20,2,2.0,-1,0.1,198,34.8,1.058,-0.01,117,38.5,1.024,114,43.0,1.154,0.254
1,on,ny_open,20,2,2.0,-1,0.25,342,36.0,1.089,0.02,203,36.9,1.012,204,38.2,0.96,0.112
1,on,ny_open,20,2,3.0,0,0.1,322,23.6,0.87,-0.115,209,34.4,1.348,194,35.1,1.31,0.349
1,on,ny_open,20,2,3.0,0,0.25,590,26.8,1.058,-0.02,392,31.4,1.067,373,32.7,1.108,0.199
1,on,ny_open,20,2,3.0,1,0.1,124,20.2,0.71,-0.25,94,35.1,1.458,80,33.8,1.239,0.279
1,on,ny_open,20,2,3.0,1,0.25,252,23.4,0.869,-0.156,196,30.1,0.933,173,31.8,1.069,0.133
1,on,ny_open,20,2,3.0,-1,0.1,198,25.8,0.996,-0.03,117,33.3,1.22,114,36.0,1.371,0.398
1,on,ny_open,20,2,3.0,-1,0.25,342,29.2,1.229,0.08,203,31.5,1.161,204,32.8,1.105,0.232
1,on,ny_open,20,3,1.0,0,0.1,360,48.1,0.859,-0.072,221,49.8,0.97,190,53.7,1.197,0.064
1,on,ny_open,20,3,1.0,0,0.25,642,48.8,0.942,-0.052,418,47.6,0.865,403,50.1,0.934,-0.01
1,on,ny_open,20,3,1.0,1,0.1,147,49.0,0.835,-0.048,91,48.4,0.971,75,58.7,1.427,0.164
1,on,ny_open,20,3,1.0,1,0.25,284,50.4,0.956,-0.017,219,45.7,0.838,189,49.2,0.871,-0.029
1,on,ny_open,20,3,1.0,-1,0.1,213,47.4,0.878,-0.089,133,49.6,0.919,116,50.0,1.028,-0.01
1,on,ny_open,20,3,1.0,-1,0.25,366,48.4,0.964,-0.063,205,49.3,0.91,219,50.7,0.995,0.002
1,on,ny_open,20,3,1.5,0,0.1,360,38.6,0.867,-0.077,221,39.4,0.945,190,43.2,1.188,0.058
1,on,ny_open,20,3,1.5,0,0.25,642,40.0,0.997,-0.032,418,38.0,0.873,403,40.9,0.986,0.008
1,on,ny_open,20,3,1.5,1,0.1,147,38.8,0.783,-0.072,91,41.8,1.062,75,46.7,1.34,0.148
1,on,ny_open,20,3,1.5,1,0.25,284,41.5,1.007,0.007,219,37.0,0.817,189,39.7,0.894,-0.025
1,on,ny_open,20,3,1.5,-1,0.1,213,38.5,0.941,-0.079,133,36.8,0.826,116,40.5,1.065,-0.01
1,on,ny_open,20,3,1.5,-1,0.25,366,39.6,1.026,-0.043,205,38.5,0.938,219,41.6,1.064,0.024
1,on,ny_open,20,3,2.0,0,0.1,360,31.9,0.868,-0.086,221,32.6,0.924,190,37.4,1.208,0.078
1,on,ny_open,20,3,2.0,0,0.25,641,33.5,1.019,-0.027,418,32.3,0.895,402,35.1,0.987,0.024
1,on,ny_open,20,3,2.0,1,0.1,147,32.0,0.778,-0.084,91,34.1,0.988,75,40.0,1.345,0.174
1,on,ny_open,20,3,2.0,1,0.25,284,34.2,1.008,-0.005,219,31.5,0.845,189,33.3,0.87,-0.02
1,on,ny_open,20,3,2.0,-1,0.1,213,31.9,0.948,-0.087,133,30.8,0.841,116,35.3,1.093,0.007
1,on,ny_open,20,3,2.0,-1,0.25,365,33.7,1.063,-0.024,205,32.7,0.961,219,36.1,1.094,0.048
1,on,ny_open,20,3,3.0,0,0.1,359,22.6,0.815,-0.149,220,25.5,0.914,190,28.9,1.164,0.105
1,on,ny_open,20,3,3.0,0,0.25,636,25.3,1.037,-0.036,413,25.2,0.848,399,27.3,0.932,0.03
1,on,ny_open,20,3,3.0,1,0.1,147,22.4,0.685,-0.146,91,26.4,0.965,75,26.7,0.987,0.045
1,on,ny_open,20,3,3.0,1,0.25,284,26.1,0.991,-0.008,219,24.7,0.78,189,24.3,0.743,-0.098
1,on,ny_open,20,3,3.0,-1,0.1,213,22.5,0.921,-0.155,133,24.1,0.835,116,30.2,1.292,0.134
1,on,ny_open,20,3,3.0,-1,0.25,365,25.2,1.109,-0.039,205,24.9,0.892,219,29.2,1.088,0.105
1,on,ny_open,40,0,1.0,0,0.1,260,41.9,0.673,-0.199,199,54.3,1.095,181,51.4,0.958,0.017
1,on,ny_open,40,0,1.0,0,0.25,706,46.3,0.898,-0.1,478,53.8,1.11,445,53.5,1.089,0.059
1,on,ny_open,40,0,1.0,1,0.1,98,41.8,0.702,-0.199,86,59.3,1.269,71,52.1,1.049,0.022
1,on,ny_open,40,0,1.0,1,0.25,291,44.3,0.838,-0.14,229,53.3,1.008,200,50.5,0.941,-0.004
1,on,ny_open,40,0,1.0,-1,0.1,162,42.0,0.652,-0.2,113,50.4,0.959,110,50.9,0.89,0.014
1,on,ny_open,40,0,1.0,-1,0.25,415,47.7,0.949,-0.073,250,54.4,1.222,246,55.7,1.238,0.105
1,on,ny_open,40,0,1.5,0,0.1,260,32.7,0.693,-0.227,199,42.7,1.025,181,42.0,0.96,0.024
1,on,ny_open,40,0,1.5,0,0.25,703,38.0,0.974,-0.076,477,43.6,1.138,444,43.2,1.09,0.06
1,on,ny_open,40,0,1.5,1,0.1,98,30.6,0.655,-0.273,86,47.7,1.233,71,42.3,0.978,0.03
1,on,ny_open,40,0,1.5,1,0.25,291,35.4,0.903,-0.143,229,42.4,1.04,200,40.0,0.925,-0.025
1,on,ny_open,40,0,1.5,-1,0.1,162,34.0,0.722,-0.199,113,38.9,0.861,110,41.8,0.945,0.021
1,on,ny_open,40,0,1.5,-1,0.25,414,39.6,1.024,-0.034,250,44.4,1.232,246,45.5,1.245,0.12
1,on,ny_open,40,0,2.0,0,0.1,260,27.3,0.712,-0.228,198,36.4,1.006,181,33.7,0.893,-0.031
1,on,ny_open,40,0,2.0,0,0.25,701,32.7,1.009,-0.054,472,36.9,1.107,440,36.1,1.035,0.036
1,on,ny_open,40,0,2.0,1,0.1,98,25.5,0.697,-0.274,86,41.9,1.257,71,35.2,0.958,0.002
1,on,ny_open,40,0,2.0,1,0.25,291,30.6,0.949,-0.12,229,36.7,1.015,200,34.0,0.895,-0.037
1,on,ny_open,40,0,2.0,-1,0.1,162,28.4,0.724,-0.2,113,31.9,0.794,110,32.7,0.842,-0.052
1,on,ny_open,40,0,2.0,-1,0.25,414,34.1,1.056,-0.01,250,36.8,1.19,245,37.1,1.144,0.073
1,on,ny_open,40,0,3.0,0,0.1,260,18.5,0.617,-0.315,198,28.8,0.985,181,29.3,1.061,0.093
1,on,ny_open,40,0,3.0,0,0.25,695,25.0,1.013,-0.068,464,30.8,1.089,434,31.1,1.08,0.109
1,on,ny_open,40,0,3.0,1,0.1,98,13.3,0.439,-0.524,86,30.2,0.998,71,28.2,0.954,0.039
1,on,ny_open,40,0,3.0,1,0.25,291,22.3,0.898,-0.197,229,27.5,0.79,200,27.0,0.773,-0.08
1,on,ny_open,40,0,3.0,-1,0.1,162,21.6,0.763,-0.189,113,27.4,0.955,110,30.0,1.151,0.128
1,on,ny_open,40,0,3.0,-1,0.25,413,26.9,1.109,0.021,250,32.4,1.345,245,33.5,1.334,0.22
1,on,ny_open,40,1,1.0,0,0.1,73,49.3,0.882,-0.054,44,63.6,1.451,38,65.8,1.37,0.306
1,on,ny_open,40,1,1.0,0,0.25,152,52.0,1.043,0.01,105,55.2,1.126,86,54.7,0.968,0.073
1,on,ny_open,40,1,1.0,1,0.1,21,28.6,0.356,-0.466,19,,,14,,,
1,on,ny_open,40,1,1.0,1,0.25,65,43.1,0.704,-0.163,50,62.0,1.816,40,62.5,1.675,0.223
1,on,ny_open,40,1,1.0,-1,0.1,52,57.7,1.275,0.113,25,60.0,1.138,24,66.7,1.294,0.321
1,on,ny_open,40,1,1.0,-1,0.25,87,58.6,1.498,0.14,55,49.1,0.699,46,47.8,0.557,-0.057
1,on,ny_open,40,1,1.5,0,0.1,73,45.2,1.154,0.09,44,59.1,1.832,38,55.3,1.478,0.35
1,on,ny_open,40,1,1.5,0,0.25,152,44.7,1.139,0.082,105,51.4,1.424,86,45.3,0.968,0.1
1,on,ny_open,40,1,1.5,1,0.1,21,23.8,0.477,-0.443,19,,,14,,,
1,on,ny_open,40,1,1.5,1,0.25,65,33.8,0.726,-0.195,50,60.0,2.321,40,55.0,1.553,0.333
1,on,ny_open,40,1,1.5,-1,0.1,52,53.8,1.631,0.305,25,52.0,1.32,24,50.0,1.155,0.213
1,on,ny_open,40,1,1.5,-1,0.25,87,52.9,1.69,0.289,55,43.6,0.865,46,37.0,0.576,-0.103
1,on,ny_open,40,1,2.0,0,0.1,73,38.4,1.159,0.109,44,52.3,1.926,38,47.4,1.507,0.388
1,on,ny_open,40,1,2.0,0,0.25,152,38.2,1.134,0.102,104,44.2,1.299,86,38.4,0.901,0.111
1,on,ny_open,40,1,2.0,1,0.1,21,19.0,0.409,-0.467,19,,,14,,,
1,on,ny_open,40,1,2.0,1,0.25,65,27.7,0.694,-0.199,50,54.0,2.005,40,47.5,1.328,0.37
1,on,ny_open,40,1,2.0,-1,0.1,52,46.2,1.665,0.342,25,40.0,1.11,24,41.7,1.167,0.211
1,on,ny_open,40,1,2.0,-1,0.25,87,46.0,1.689,0.326,55,34.5,0.756,46,30.4,0.577,-0.114
1,on,ny_open,40,1,3.0,0,0.1,73,28.8,1.204,0.107,44,36.4,1.597,38,34.2,1.339,0.334
1,on,ny_open,40,1,3.0,0,0.25,152,32.2,1.271,0.177,104,34.6,1.218,86,31.4,0.848,0.094
1,on,ny_open,40,1,3.0,1,0.1,21,19.0,0.616,-0.277,19,,,14,,,
1,on,ny_open,40,1,3.0,1,0.25,65,26.2,0.794,-0.086,50,42.0,1.805,40,40.0,1.199,0.346
1,on,ny_open,40,1,3.0,-1,0.1,52,32.7,1.528,0.262,25,28.0,0.91,24,29.2,0.904,0.127
1,on,ny_open,40,1,3.0,-1,0.25,87,36.8,1.812,0.373,55,27.3,0.728,46,23.9,0.571,-0.126
1,on,ny_open,40,2,1.0,0,0.1,327,49.2,0.906,-0.051,213,59.2,1.193,199,54.8,0.974,0.076
1,on,ny_open,40,2,1.0,0,0.25,601,48.9,0.923,-0.051,405,55.1,1.074,385,54.5,1.094,0.076
1,on,ny_open,40,2,1.0,1,0.1,126,46.8,0.858,-0.1,97,59.8,1.237,83,51.8,0.938,0.006
1,on,ny_open,40,2,1.0,1,0.25,256,46.1,0.828,-0.109,202,54.5,1.128,179,54.7,1.236,0.076
1,on,ny_open,40,2,1.0,-1,0.1,201,50.7,0.942,-0.02,118,57.6,1.11,116,56.9,1.005,0.126
1,on,ny_open,40,2,1.0,-1,0.25,348,51.1,1.023,-0.006,207,55.1,1.019,209,54.5,0.988,0.078
1,on,ny_open,40,2,1.5,0,0.1,327,37.9,0.855,-0.099,213,51.6,1.32,199,48.2,1.119,0.174
1,on,ny_open,40,2,1.5,0,0.25,601,39.3,0.984,-0.056,404,46.5,1.112,385,47.0,1.21,0.152
1,on,ny_open,40,2,1.5,1,0.1,126,33.3,0.72,-0.212,97,53.6,1.492,83,47.0,1.136,0.139
1,on,ny_open,40,2,1.5,1,0.25,256,35.2,0.849,-0.154,202,47.0,1.195,179,47.5,1.377,0.164
1,on,ny_open,40,2,1.5,-1,0.1,201,40.8,0.965,-0.028,118,49.2,1.14,116,49.1,1.106,0.199
1,on,ny_open,40,2,1.5,-1,0.25,348,42.2,1.111,0.015,207,45.4,1.025,209,46.4,1.066,0.136
1,on,ny_open,40,2,2.0,0,0.1,327,31.2,0.855,-0.117,213,42.7,1.274,199,41.7,1.161,0.215
1,on,ny_open,40,2,2.0,0,0.25,600,32.8,0.971,-0.067,403,38.2,1.048,384,38.3,1.05,0.115
1,on,ny_open,40,2,2.0,1,0.1,126,25.4,0.62,-0.285,97,47.4,1.579,83,41.0,1.21,0.193
1,on,ny_open,40,2,2.0,1,0.25,256,28.9,0.857,-0.177,202,39.6,1.121,179,39.1,1.196,0.142
1,on,ny_open,40,2,2.0,-1,0.1,201,34.8,1.058,-0.011,118,38.1,1.006,116,42.2,1.121,0.232
1,on,ny_open,40,2,2.0,-1,0.25,348,35.6,1.07,0.011,207,36.2,0.964,209,37.3,0.915,0.085
1,on,ny_open,40,2,3.0,0,0.1,327,23.5,0.871,-0.118,213,33.8,1.307,199,34.2,1.262,0.314
1,on,ny_open,40,2,3.0,0,0.25,600,26.5,1.039,-0.03,402,30.6,1.019,384,31.8,1.055,0.164
1,on,ny_open,40,2,3.0,1,0.1,126,20.6,0.727,-0.231,97,34.0,1.391,83,32.5,1.179,0.232
1,on,ny_open,40,2,3.0,1,0.25,256,23.4,0.858,-0.154,202,29.2,0.89,179,30.7,1.016,0.094
1,on,ny_open,40,2,3.0,-1,0.1,201,25.4,0.984,-0.046,118,33.1,1.2,116,35.3,1.334,0.373
1,on,ny_open,40,2,3.0,-1,0.25,348,28.7,1.203,0.062,207,30.9,1.11,209,32.1,1.056,0.202
1,on,ny_open,40,3,1.0,0,0.1,362,48.1,0.862,-0.072,225,50.7,1.017,194,54.1,1.236,0.073
1,on,ny_open,40,3,1.0,0,0.25,650,48.8,0.941,-0.052,425,48.5,0.903,411,50.9,0.977,0.005
1,on,ny_open,40,3,1.0,1,0.1,148,49.3,0.852,-0.041,94,50.0,1.067,78,60.3,1.546,0.196
1,on,ny_open,40,3,1.0,1,0.25,286,50.3,0.954,-0.017,224,46.9,0.894,195,50.8,0.95,0.003
1,on,ny_open,40,3,1.0,-1,0.1,214,47.2,0.87,-0.093,134,50.0,0.927,117,49.6,1.017,-0.019
1,on,ny_open,40,3,1.0,-1,0.25,372,48.4,0.964,-0.063,207,49.8,0.923,221,50.7,1.0,0.002
1,on,ny_open,40,3,1.5,0,0.1,362,38.4,0.858,-0.082,225,40.4,0.99,194,43.8,1.23,0.069
1,on,ny_open,40,3,1.5,0,0.25,650,40.0,0.993,-0.033,425,38.8,0.905,411,41.6,1.027,0.022
1,on,ny_open,40,3,1.5,1,0.1,148,38.5,0.772,-0.079,94,43.6,1.155,78,48.7,1.459,0.187
1,on,ny_open,40,3,1.5,1,0.25,286,41.3,0.993,-0.0,224,37.9,0.861,195,41.0,0.966,0.004
1,on,ny_open,40,3,1.5,-1,0.1,214,38.3,0.934,-0.084,134,37.3,0.835,117,40.2,1.055,-0.019
1,on,ny_open,40,3,1.5,-1,0.25,372,39.8,1.031,-0.039,207,39.1,0.955,221,41.6,1.072,0.026
1,on,ny_open,40,3,2.0,0,0.1,362,31.8,0.86,-0.091,225,33.3,0.966,194,38.1,1.259,0.094
1,on,ny_open,40,3,2.0,0,0.25,649,33.6,1.018,-0.025,425,32.7,0.922,410,35.6,1.027,0.037
1,on,ny_open,40,3,2.0,1,0.1,148,31.8,0.768,-0.09,94,36.2,1.095,78,42.3,1.482,0.225
1,on,ny_open,40,3,2.0,1,0.25,286,33.9,0.995,-0.012,224,32.6,0.899,195,34.9,0.959,0.019
1,on,ny_open,40,3,2.0,-1,0.1,214,31.8,0.941,-0.092,134,30.6,0.836,117,35.0,1.084,-0.002
1,on,ny_open,40,3,2.0,-1,0.25,371,34.0,1.073,-0.016,207,32.4,0.951,221,35.7,1.083,0.038
1,on,ny_open,40,3,3.0,0,0.1,361,22.4,0.807,-0.154,224,26.3,0.971,194,29.9,1.232,0.131
1,on,ny_open,40,3,3.0,0,0.25,644,25.5,1.042,-0.03,420,25.7,0.887,407,27.8,0.965,0.042
1,on,ny_open,40,3,3.0,1,0.1,148,22.3,0.677,-0.152,94,28.7,1.104,78,29.5,1.148,0.127
1,on,ny_open,40,3,3.0,1,0.25,286,25.9,0.98,-0.015,224,25.9,0.857,195,25.6,0.816,-0.056
1,on,ny_open,40,3,3.0,-1,0.1,214,22.4,0.915,-0.159,134,23.9,0.83,117,29.9,1.282,0.124
1,on,ny_open,40,3,3.0,-1,0.25,371,25.6,1.128,-0.022,207,24.6,0.883,221,29.0,1.078,0.095
1,on,ny_mid,10,0,1.0,0,0.1,136,47.8,0.87,-0.085,104,43.3,0.747,97,41.2,0.672,-0.175
1,on,ny_mid,10,0,1.0,0,0.25,234,50.9,1.032,-0.015,172,44.2,0.731,163,42.9,0.69,-0.152
1,on,ny_mid,10,0,1.0,1,0.1,51,45.1,0.844,-0.139,38,36.8,0.582,36,30.6,0.474,-0.363
1,on,ny_mid,10,0,1.0,1,0.25,112,50.0,1.043,-0.029,75,42.7,0.71,65,36.9,0.595,-0.254
1,on,ny_mid,10,0,1.0,-1,0.1,85,49.4,0.887,-0.052,66,47.0,0.874,61,47.5,0.853,-0.065
1,on,ny_mid,10,0,1.0,-1,0.25,122,51.6,1.02,-0.001,97,45.4,0.752,98,46.9,0.769,-0.085
1,on,ny_mid,10,0,1.5,0,0.1,136,38.2,0.886,-0.089,104,31.7,0.674,97,33.0,0.679,-0.192
1,on,ny_mid,10,0,1.5,0,0.25,234,41.5,1.048,-0.006,172,31.4,0.575,163,33.7,0.643,-0.177
1,on,ny_mid,10,0,1.5,1,0.1,51,35.3,0.814,-0.16,38,34.2,0.736,36,25.0,0.539,-0.378
1,on,ny_mid,10,0,1.5,1,0.25,112,40.2,1.008,-0.042,75,29.3,0.475,65,26.2,0.532,-0.347
1,on,ny_mid,10,0,1.5,-1,0.1,85,40.0,0.934,-0.046,66,30.3,0.636,61,37.7,0.789,-0.082
1,on,ny_mid,10,0,1.5,-1,0.25,122,42.6,1.095,0.027,97,33.0,0.68,98,38.8,0.734,-0.065
1,on,ny_mid,10,0,2.0,0,0.1,136,35.3,1.005,0.014,104,26.0,0.618,97,28.9,0.684,-0.186
1,on,ny_mid,10,0,2.0,0,0.25,234,38.9,1.24,0.111,172,26.2,0.591,163,28.2,0.639,-0.201
1,on,ny_mid,10,0,2.0,1,0.1,51,33.3,1.0,-0.043,38,28.9,0.698,36,22.2,0.528,-0.416
1,on,ny_mid,10,0,2.0,1,0.25,112,37.5,1.173,0.052,75,26.7,0.538,65,23.1,0.542,-0.36
1,on,ny_mid,10,0,2.0,-1,0.1,85,36.5,1.008,0.048,66,24.2,0.572,61,32.8,0.801,-0.05
1,on,ny_mid,10,0,2.0,-1,0.25,122,40.2,1.317,0.166,97,25.8,0.641,98,31.6,0.714,-0.096
1,on,ny_mid,10,0,3.0,0,0.1,136,27.9,1.055,0.05,104,18.3,0.489,97,22.7,0.709,-0.179
1,on,ny_mid,10,0,3.0,0,0.25,232,33.2,1.415,0.196,172,20.9,0.599,162,22.8,0.65,-0.212
1,on,ny_mid,10,0,3.0,1,0.1,51,23.5,0.81,-0.161,38,21.1,0.635,36,16.7,0.551,-0.446
1,on,ny_mid,10,0,3.0,1,0.25,112,31.2,1.249,0.059,75,21.3,0.534,65,16.9,0.493,-0.466
1,on,ny_mid,10,0,3.0,-1,0.1,85,30.6,1.226,0.176,66,16.7,0.402,61,26.2,0.825,-0.022
1,on,ny_mid,10,0,3.0,-1,0.25,122,34.4,1.563,0.301,97,20.6,0.662,98,26.5,0.758,-0.052
1,on,ny_mid,10,1,1.0,0,0.1,31,51.6,0.883,-0.007,23,56.5,1.495,17,,,
1,on,ny_mid,10,1,1.0,0,0.25,46,58.7,1.482,0.141,34,55.9,1.257,26,57.7,1.48,0.135
1,on,ny_mid,10,1,1.0,1,0.1,12,,,,8,,,6,,,
1,on,ny_mid,10,1,1.0,1,0.25,21,57.1,1.495,0.113,13,,,10,,,
1,on,ny_mid,10,1,1.0,-1,0.1,19,,,,15,,,11,,,
1,on,ny_mid,10,1,1.0,-1,0.25,25,60.0,1.472,0.165,21,57.1,1.389,16,,,
1,on,ny_mid,10,1,1.5,0,0.1,31,35.5,0.751,-0.156,23,43.5,1.41,17,,,
1,on,ny_mid,10,1,1.5,0,0.25,46,43.5,1.364,0.051,34,41.2,1.027,26,42.3,1.013,0.063
1,on,ny_mid,10,1,1.5,1,0.1,12,,,,8,,,6,,,
1,on,ny_mid,10,1,1.5,1,0.25,21,38.1,1.093,-0.081,13,,,10,,,
1,on,ny_mid,10,1,1.5,-1,0.1,19,,,,15,,,11,,,
1,on,ny_mid,10,1,1.5,-1,0.25,25,48.0,1.656,0.162,21,33.3,0.666,16,,,
1,on,ny_mid,10,1,2.0,0,0.1,31,32.3,0.728,-0.076,23,39.1,1.49,17,,,
1,on,ny_mid,10,1,2.0,0,0.25,46,39.1,1.445,0.138,34,35.3,0.97,26,34.6,0.848,-0.004
1,on,ny_mid,10,1,2.0,1,0.1,12,,,,8,,,6,,,
1,on,ny_mid,10,1,2.0,1,0.25,21,28.6,0.858,-0.177,13,,,10,,,
1,on,ny_mid,10,1,2.0,-1,0.1,19,,,,15,,,11,,,
1,on,ny_mid,10,1,2.0,-1,0.25,25,48.0,2.216,0.402,21,33.3,0.893,16,,,
1,on,ny_mid,10,1,3.0,0,0.1,31,19.4,0.572,-0.272,23,30.4,1.689,17,,,
1,on,ny_mid,10,1,3.0,0,0.25,46,30.4,1.57,0.124,34,26.5,1.004,26,30.8,1.021,0.119
1,on,ny_mid,10,1,3.0,1,0.1,12,,,,8,,,6,,,
1,on,ny_mid,10,1,3.0,1,0.25,21,28.6,1.041,-0.012,13,,,10,,,
1,on,ny_mid,10,1,3.0,-1,0.1,19,,,,15,,,11,,,
1,on,ny_mid,10,1,3.0,-1,0.25,25,32.0,2.128,0.239,21,28.6,1.243,16,,,
1,on,ny_mid,10,2,1.0,0,0.1,144,57.6,1.252,0.13,104,46.2,0.718,100,52.0,0.903,0.033
1,on,ny_mid,10,2,1.0,0,0.25,204,55.4,1.112,0.086,146,47.9,0.795,144,52.1,1.003,0.033
1,on,ny_mid,10,2,1.0,1,0.1,59,59.3,1.36,0.156,35,45.7,0.532,36,38.9,0.534,-0.226
1,on,ny_mid,10,2,1.0,1,0.25,97,54.6,1.012,0.065,60,50.0,0.777,59,47.5,0.956,-0.058
1,on,ny_mid,10,2,1.0,-1,0.1,85,56.5,1.17,0.112,69,46.4,0.852,64,59.4,1.259,0.179
1,on,ny_mid,10,2,1.0,-1,0.25,107,56.1,1.233,0.104,86,46.5,0.812,85,55.3,1.043,0.096
1,on,ny_mid,10,2,1.5,0,0.1,144,47.2,1.282,0.146,104,32.7,0.629,100,37.0,0.777,-0.099
1,on,ny_mid,10,2,1.5,0,0.25,204,45.6,1.186,0.109,146,34.9,0.705,144,38.2,0.893,-0.071
1,on,ny_mid,10,2,1.5,1,0.1,59,49.2,1.323,0.184,35,28.6,0.383,36,25.0,0.446,-0.395
1,on,ny_mid,10,2,1.5,1,0.25,97,44.3,1.002,0.072,60,35.0,0.652,59,32.2,0.802,-0.204
1,on,ny_mid,10,2,1.5,-1,0.1,85,45.9,1.25,0.12,69,34.8,0.805,64,43.8,1.056,0.068
1,on,ny_mid,10,2,1.5,-1,0.25,107,46.7,1.418,0.142,86,34.9,0.752,85,42.4,0.973,0.021
1,on,ny_mid,10,2,2.0,0,0.1,144,38.2,1.241,0.105,104,26.9,0.615,100,31.0,0.725,-0.105
1,on,ny_mid,10,2,2.0,0,0.25,204,37.7,1.182,0.094,146,28.8,0.705,144,30.6,0.772,-0.123
1,on,ny_mid,10,2,2.0,1,0.1,59,42.4,1.455,0.223,35,25.7,0.426,36,19.4,0.397,-0.451
1,on,ny_mid,10,2,2.0,1,0.25,97,38.1,1.026,0.1,60,28.3,0.6,59,25.4,0.746,-0.261
1,on,ny_mid,10,2,2.0,-1,0.1,85,35.3,1.087,0.023,69,27.5,0.737,64,37.5,0.984,0.09
1,on,ny_mid,10,2,2.0,-1,0.25,107,37.4,1.369,0.089,86,29.1,0.798,85,34.1,0.794,-0.027
1,on,ny_mid,10,2,3.0,0,0.1,144,31.2,1.318,0.184,104,20.2,0.712,100,26.0,0.87,-0.03
1,on,ny_mid,10,2,3.0,0,0.25,202,32.7,1.39,0.216,146,22.6,0.834,143,26.6,0.951,-0.035
1,on,ny_mid,10,2,3.0,1,0.1,59,30.5,1.233,0.128,35,14.3,0.399,36,13.9,0.355,-0.56
1,on,ny_mid,10,2,3.0,1,0.25,97,29.9,1.07,0.095,60,20.0,0.634,59,20.3,0.835,-0.296
1,on,ny_mid,10,2,3.0,-1,0.1,85,31.8,1.39,0.223,69,23.2,0.919,64,32.8,1.275,0.267
1,on,ny_mid,10,2,3.0,-1,0.25,107,34.6,1.74,0.303,86,24.4,1.015,85,30.6,1.015,0.135
1,on,ny_mid,10,3,1.0,0,0.1,170,52.9,1.0,0.017,108,39.8,0.585,101,43.6,0.678,-0.162
1,on,ny_mid,10,3,1.0,0,0.25,239,52.3,1.073,0.01,164,44.5,0.838,161,47.8,0.937,-0.07
1,on,ny_mid,10,3,1.0,1,0.1,79,48.1,0.897,-0.075,40,45.0,0.708,32,46.9,0.715,-0.09
1,on,ny_mid,10,3,1.0,1,0.25,117,46.2,0.842,-0.109,71,47.9,0.833,60,48.3,0.765,-0.056
1,on,ny_mid,10,3,1.0,-1,0.1,91,57.1,1.117,0.097,68,36.8,0.516,69,42.0,0.658,-0.195
1,on,ny_mid,10,3,1.0,-1,0.25,122,58.2,1.386,0.124,93,41.9,0.843,101,47.5,1.071,-0.078
1,on,ny_mid,10,3,1.5,0,0.1,170,42.9,1.011,0.029,108,32.4,0.642,101,36.6,0.804,-0.118
1,on,ny_mid,10,3,1.5,0,0.25,239,43.1,1.137,0.039,164,34.8,0.78,161,37.9,0.891,-0.09
1,on,ny_mid,10,3,1.5,1,0.1,79,39.2,0.929,-0.057,40,35.0,0.689,32,34.4,0.742,-0.171
1,on,ny_mid,10,3,1.5,1,0.25,117,39.3,0.978,-0.051,71,35.2,0.645,60,35.0,0.656,-0.172
1,on,ny_mid,10,3,1.5,-1,0.1,91,46.2,1.1,0.105,68,30.9,0.614,69,37.7,0.839,-0.094
1,on,ny_mid,10,3,1.5,-1,0.25,122,46.7,1.325,0.126,93,34.4,0.907,101,39.6,1.08,-0.041
1,on,ny_mid,10,3,2.0,0,0.1,170,37.1,1.042,0.067,108,27.8,0.704,101,33.7,0.971,-0.025
1,on,ny_mid,10,3,2.0,0,0.25,239,37.2,1.217,0.078,164,29.9,0.855,161,34.8,1.028,-0.015
1,on,ny_mid,10,3,2.0,1,0.1,79,32.9,0.943,-0.052,40,35.0,0.922,32,34.4,0.993,0.001
1,on,ny_mid,10,3,2.0,1,0.25,117,32.5,0.999,-0.06,71,33.8,0.767,60,33.3,0.809,-0.064
1,on,ny_mid,10,3,2.0,-1,0.1,91,40.7,1.149,0.17,68,23.5,0.584,69,33.3,0.959,-0.037
1,on,ny_mid,10,3,2.0,-1,0.25,122,41.8,1.481,0.211,93,26.9,0.935,101,35.6,1.198,0.014
1,on,ny_mid,10,3,3.0,0,0.1,170,29.4,1.141,0.13,108,18.5,0.601,101,24.8,0.943,-0.045
1,on,ny_mid,10,3,3.0,0,0.25,239,29.3,1.24,0.122,164,20.7,0.782,160,26.2,1.02,-0.035
1,on,ny_mid,10,3,3.0,1,0.1,79,29.1,1.2,0.125,40,25.0,0.837,32,25.0,0.954,-0.031
1,on,ny_mid,10,3,3.0,1,0.25,117,29.1,1.239,0.1,71,26.8,0.847,60,25.0,0.794,-0.098
1,on,ny_mid,10,3,3.0,-1,0.1,91,29.7,1.083,0.134,68,14.7,0.468,69,24.6,0.938,-0.052
1,on,ny_mid,10,3,3.0,-1,0.25,122,29.5,1.241,0.143,93,16.1,0.729,101,26.7,1.165,-0.007
1,on,ny_mid,20,0,1.0,0,0.1,148,48.0,0.885,-0.083,114,43.9,0.779,105,42.9,0.742,-0.146
1,on,ny_mid,20,0,1.0,0,0.25,287,49.5,1.008,-0.042,188,45.7,0.812,181,45.3,0.782,-0.11
1,on,ny_mid,20,0,1.0,1,0.1,56,44.6,0.807,-0.148,42,35.7,0.547,39,35.9,0.596,-0.26
1,on,ny_mid,20,0,1.0,1,0.25,140,46.4,0.911,-0.099,82,42.7,0.723,74,41.9,0.756,-0.157
1,on,ny_mid,20,0,1.0,-1,0.1,92,50.0,0.94,-0.044,72,48.6,0.971,66,47.0,0.867,-0.078
1,on,ny_mid,20,0,1.0,-1,0.25,147,52.4,1.132,0.013,106,48.1,0.905,107,47.7,0.804,-0.077
1,on,ny_mid,20,0,1.5,0,0.1,148,39.2,0.929,-0.067,114,33.3,0.742,105,35.2,0.78,-0.137
1,on,ny_mid,20,0,1.5,0,0.25,287,40.8,1.064,-0.021,187,33.2,0.628,181,35.9,0.73,-0.13
1,on,ny_mid,20,0,1.5,1,0.1,56,35.7,0.808,-0.149,42,33.3,0.699,39,30.8,0.713,-0.235
1,on,ny_mid,20,0,1.5,1,0.25,140,38.6,0.975,-0.077,82,29.3,0.479,74,31.1,0.704,-0.226
1,on,ny_mid,20,0,1.5,-1,0.1,92,41.3,1.015,-0.016,72,33.3,0.771,66,37.9,0.83,-0.079
1,on,ny_mid,20,0,1.5,-1,0.25,147,42.9,1.172,0.033,106,35.8,0.77,107,39.3,0.75,-0.064
1,on,ny_mid,20,0,2.0,0,0.1,148,35.8,1.018,0.027,114,26.3,0.628,105,29.5,0.713,-0.165
1,on,ny_mid,20,0,2.0,0,0.25,285,37.5,1.218,0.073,187,27.3,0.623,181,29.8,0.702,-0.164
1,on,ny_mid,20,0,2.0,1,0.1,56,33.9,1.0,-0.025,42,28.6,0.679,39,25.6,0.588,-0.309
1,on,ny_mid,20,0,2.0,1,0.25,140,36.4,1.159,0.023,82,26.8,0.55,74,27.0,0.675,-0.247
1,on,ny_mid,20,0,2.0,-1,0.1,92,37.0,1.03,0.059,72,25.0,0.598,66,31.8,0.807,-0.08
1,on,ny_mid,20,0,2.0,-1,0.25,147,38.8,1.295,0.127,106,27.4,0.678,107,31.8,0.723,-0.107
1,on,ny_mid,20,0,3.0,0,0.1,148,28.4,1.059,0.067,114,18.4,0.51,105,23.8,0.768,-0.13
1,on,ny_mid,20,0,3.0,0,0.25,282,31.9,1.335,0.151,187,21.4,0.608,180,24.4,0.712,-0.172
1,on,ny_mid,20,0,3.0,1,0.1,56,25.0,0.862,-0.096,42,21.4,0.647,39,20.5,0.648,-0.285
1,on,ny_mid,20,0,3.0,1,0.25,140,30.7,1.196,0.057,82,22.0,0.541,74,21.6,0.649,-0.31
1,on,ny_mid,20,0,3.0,-1,0.1,92,30.4,1.198,0.166,72,16.7,0.427,66,25.8,0.856,-0.038
1,on,ny_mid,20,0,3.0,-1,0.25,147,32.7,1.466,0.227,106,20.8,0.659,107,26.2,0.747,-0.084
1,on,ny_mid,20,1,1.0,0,0.1,38,52.6,0.958,0.014,25,56.0,1.473,23,56.5,1.434,0.105
1,on,ny_mid,20,1,1.0,0,0.25,69,52.2,1.074,0.014,42,61.9,1.665,38,60.5,1.762,0.172
1,on,ny_mid,20,1,1.0,1,0.1,16,,,,8,,,7,,,
1,on,ny_mid,20,1,1.0,1,0.25,36,47.2,0.857,-0.083,17,,,15,,,
1,on,ny_mid,20,1,1.0,-1,0.1,22,59.1,0.977,0.142,17,,,16,,,
1,on,ny_mid,20,1,1.0,-1,0.25,33,57.6,1.401,0.119,25,60.0,1.641,23,60.9,1.973,0.189
1,on,ny_mid,20,1,1.5,0,0.1,38,39.5,0.911,-0.055,25,40.0,1.31,23,43.5,1.159,0.019
1,on,ny_mid,20,1,1.5,0,0.25,69,40.6,1.111,-0.018,42,42.9,1.2,38,47.4,1.44,0.129
1,on,ny_mid,20,1,1.5,1,0.1,16,,,,8,,,7,,,
1,on,ny_mid,20,1,1.5,1,0.25,36,33.3,0.743,-0.197,17,,,15,,,
1,on,ny_mid,20,1,1.5,-1,0.1,22,45.5,0.968,0.093,17,,,16,,,
1,on,ny_mid,20,1,1.5,-1,0.25,33,48.5,1.73,0.177,25,32.0,0.738,23,39.1,1.108,-0.048
1,on,ny_mid,20,1,2.0,0,0.1,38,34.2,0.811,-0.016,25,36.0,1.391,23,39.1,1.114,0.031
1,on,ny_mid,20,1,2.0,0,0.25,69,36.2,1.218,0.054,42,38.1,1.212,38,39.5,1.276,0.07
1,on,ny_mid,20,1,2.0,1,0.1,16,,,,8,,,7,,,
1,on,ny_mid,20,1,2.0,1,0.25,36,25.0,0.644,-0.281,17,,,15,,,
1,on,ny_mid,20,1,2.0,-1,0.1,22,45.5,1.298,0.321,17,,,16,,,
1,on,ny_mid,20,1,2.0,-1,0.25,33,48.5,2.313,0.42,25,32.0,0.988,23,34.8,1.13,-0.058
1,on,ny_mid,20,1,3.0,0,0.1,38,23.7,0.754,-0.098,25,28.0,1.587,23,34.8,1.34,0.161
1,on,ny_mid,20,1,3.0,0,0.25,69,30.4,1.45,0.12,42,31.0,1.312,38,36.8,1.606,0.228
1,on,ny_mid,20,1,3.0,1,0.1,16,,,,8,,,7,,,
1,on,ny_mid,20,1,3.0,1,0.25,36,25.0,0.776,-0.148,17,,,15,,,
1,on,ny_mid,20,1,3.0,-1,0.1,22,27.3,0.917,0.044,17,,,16,,,
1,on,ny_mid,20,1,3.0,-1,0.25,33,36.4,2.549,0.414,25,28.0,1.395,23,34.8,1.64,0.202
1,on,ny_mid,20,2,1.0,0,0.1,157,57.3,1.244,0.145,113,47.8,0.822,106,51.9,0.947,0.029
1,on,ny_mid,20,2,1.0,0,0.25,256,53.5,1.06,0.061,160,50.0,0.919,158,52.5,1.059,0.037
1,on,ny_mid,20,2,1.0,1,0.1,67,56.7,1.208,0.156,39,48.7,0.674,39,43.6,0.692,-0.133
1,on,ny_mid,20,2,1.0,1,0.25,127,49.6,0.844,-0.006,66,51.5,0.85,66,50.0,1.08,-0.009
1,on,ny_mid,20,2,1.0,-1,0.1,90,57.8,1.276,0.137,74,47.3,0.926,67,56.7,1.177,0.123
1,on,ny_mid,20,2,1.0,-1,0.25,129,57.4,1.383,0.128,94,48.9,0.981,92,54.3,1.041,0.069
1,on,ny_mid,20,2,1.5,0,0.1,157,47.8,1.311,0.178,113,34.5,0.719,106,37.7,0.846,-0.081
1,on,ny_mid,20,2,1.5,0,0.25,256,44.5,1.168,0.095,160,37.5,0.844,158,39.9,0.993,-0.036
1,on,ny_mid,20,2,1.5,1,0.1,67,47.8,1.224,0.195,39,30.8,0.482,39,30.8,0.65,-0.25
1,on,ny_mid,20,2,1.5,1,0.25,127,41.7,0.946,0.034,66,36.4,0.717,66,36.4,0.991,-0.101
1,on,ny_mid,20,2,1.5,-1,0.1,90,47.8,1.39,0.166,74,36.5,0.894,67,41.8,1.003,0.017
1,on,ny_mid,20,2,1.5,-1,0.25,129,47.3,1.478,0.156,94,38.3,0.961,92,42.4,0.995,0.011
1,on,ny_mid,20,2,2.0,0,0.1,157,38.9,1.285,0.14,113,28.3,0.665,106,31.1,0.746,-0.101
1,on,ny_mid,20,2,2.0,0,0.25,255,36.9,1.188,0.078,159,30.8,0.782,158,31.6,0.841,-0.099
1,on,ny_mid,20,2,2.0,1,0.1,67,41.8,1.367,0.244,39,25.6,0.416,39,23.1,0.503,-0.341
1,on,ny_mid,20,2,2.0,1,0.25,127,37.0,1.035,0.083,66,28.8,0.622,66,28.8,0.912,-0.16
1,on,ny_mid,20,2,2.0,-1,0.1,90,36.7,1.219,0.063,74,29.7,0.841,67,35.8,0.941,0.039
1,on,ny_mid,20,2,2.0,-1,0.25,129,37.2,1.401,0.087,94,31.9,0.903,92,33.7,0.782,-0.055
1,on,ny_mid,20,2,3.0,0,0.1,157,31.8,1.364,0.219,113,21.2,0.758,106,25.5,0.838,-0.05
1,on,ny_mid,20,2,3.0,0,0.25,253,31.6,1.304,0.173,159,24.5,0.905,157,27.4,0.969,-0.032
1,on,ny_mid,20,2,3.0,1,0.1,67,31.3,1.217,0.19,39,12.8,0.351,39,15.4,0.376,-0.493
1,on,ny_mid,20,2,3.0,1,0.25,127,29.9,0.997,0.09,66,19.7,0.612,66,22.7,0.894,-0.238
1,on,ny_mid,20,2,3.0,-1,0.1,90,32.2,1.495,0.24,74,25.7,1.058,67,31.3,1.222,0.208
1,on,ny_mid,20,2,3.0,-1,0.25,129,33.3,1.704,0.257,94,27.7,1.149,92,30.4,1.004,0.105
1,on,ny_mid,20,3,1.0,0,0.1,189,51.3,0.932,-0.015,118,39.0,0.567,110,43.6,0.69,-0.16
1,on,ny_mid,20,3,1.0,0,0.25,274,51.1,1.028,-0.014,183,44.8,0.872,180,48.3,0.998,-0.059
1,on,ny_mid,20,3,1.0,1,0.1,89,46.1,0.81,-0.115,45,44.4,0.676,38,50.0,0.815,-0.027
1,on,ny_mid,20,3,1.0,1,0.25,137,44.5,0.791,-0.141,81,48.1,0.861,72,50.0,0.824,-0.022
1,on,ny_mid,20,3,1.0,-1,0.1,100,56.0,1.077,0.073,73,35.6,0.502,72,40.3,0.62,-0.23
1,on,ny_mid,20,3,1.0,-1,0.25,137,57.7,1.382,0.114,102,42.2,0.883,108,47.2,1.153,-0.084
1,on,ny_mid,20,3,1.5,0,0.1,189,42.3,0.979,0.014,118,31.4,0.611,110,35.5,0.771,-0.148
1,on,ny_mid,20,3,1.5,0,0.25,274,42.3,1.099,0.021,183,35.5,0.834,180,37.8,0.918,-0.095
1,on,ny_mid,20,3,1.5,1,0.1,89,38.2,0.873,-0.083,45,35.6,0.691,38,34.2,0.737,-0.174
1,on,ny_mid,20,3,1.5,1,0.25,137,38.0,0.919,-0.084,81,37.0,0.715,72,36.1,0.703,-0.159
1,on,ny_mid,20,3,1.5,-1,0.1,100,46.0,1.1,0.101,73,28.8,0.561,72,36.1,0.794,-0.133
1,on,ny_mid,20,3,1.5,-1,0.25,137,46.7,1.336,0.126,102,34.3,0.951,108,38.9,1.112,-0.053
1,on,ny_mid,20,3,2.0,0,0.1,189,36.5,1.002,0.044,118,27.1,0.679,110,32.7,0.938,-0.053
1,on,ny_mid,20,3,2.0,0,0.25,274,36.5,1.136,0.052,183,31.1,0.941,180,35.0,1.081,-0.012
1,on,ny_mid,20,3,2.0,1,0.1,89,31.5,0.853,-0.109,45,35.6,0.925,38,34.2,0.986,-0.003
1,on,ny_mid,20,3,2.0,1,0.25,137,30.7,0.852,-0.123,81,35.8,0.868,72,34.7,0.881,-0.041
1,on,ny_mid,20,3,2.0,-1,0.1,100,41.0,1.174,0.18,73,21.9,0.537,72,31.9,0.909,-0.079
1,on,ny_mid,20,3,2.0,-1,0.25,137,42.3,1.526,0.227,102,27.5,1.009,108,35.2,1.255,0.007
1,on,ny_mid,20,3,3.0,0,0.1,189,29.1,1.113,0.103,118,17.8,0.569,110,24.5,0.943,-0.053
1,on,ny_mid,20,3,3.0,0,0.25,274,28.8,1.181,0.095,183,22.4,0.916,178,27.5,1.137,0.006
1,on,ny_mid,20,3,3.0,1,0.1,89,28.1,1.088,0.053,45,24.4,0.792,38,26.3,1.021,0.022
1,on,ny_mid,20,3,3.0,1,0.25,137,27.7,1.073,0.032,81,28.4,0.974,72,27.8,0.958,-0.014
1,on,ny_mid,20,3,3.0,-1,0.1,100,30.0,1.139,0.147,73,13.7,0.434,72,23.6,0.894,-0.094
1,on,ny_mid,20,3,3.0,-1,0.25,137,29.9,1.306,0.159,102,17.6,0.866,108,26.9,1.244,-0.001
1,on,ny_mid,40,0,1.0,0,0.1,153,47.7,0.884,-0.089,121,45.5,0.787,110,43.6,0.733,-0.131
1,on,ny_mid,40,0,1.0,0,0.25,299,49.5,1.005,-0.042,202,46.5,0.8,195,44.6,0.727,-0.119
1,on,ny_mid,40,0,1.0,1,0.1,57,45.6,0.839,-0.129,46,39.1,0.578,41,36.6,0.591,-0.249
1,on,ny_mid,40,0,1.0,1,0.25,147,47.6,0.937,-0.075,91,44.0,0.736,79,40.5,0.714,-0.175
1,on,ny_mid,40,0,1.0,-1,0.1,96,49.0,0.914,-0.065,75,49.3,0.958,69,47.8,0.855,-0.061
1,on,ny_mid,40,0,1.0,-1,0.25,152,51.3,1.091,-0.009,111,48.6,0.865,116,47.4,0.738,-0.081
1,on,ny_mid,40,0,1.5,0,0.1,153,39.2,0.938,-0.066,121,33.9,0.734,110,34.5,0.747,-0.155
1,on,ny_mid,40,0,1.5,0,0.25,299,41.1,1.075,-0.011,201,33.3,0.613,195,34.4,0.666,-0.164
1,on,ny_mid,40,0,1.5,1,0.1,57,36.8,0.849,-0.121,46,34.8,0.714,41,31.7,0.713,-0.213
1,on,ny_mid,40,0,1.5,1,0.25,147,40.1,1.022,-0.037,91,29.7,0.481,79,30.4,0.674,-0.233
1,on,ny_mid,40,0,1.5,-1,0.1,96,40.6,0.999,-0.034,75,33.3,0.747,69,36.2,0.772,-0.121
1,on,ny_mid,40,0,1.5,-1,0.25,152,42.1,1.141,0.014,111,36.0,0.74,116,37.1,0.659,-0.117
1,on,ny_mid,40,0,2.0,0,0.1,153,35.3,1.004,0.012,121,25.6,0.606,110,29.1,0.691,-0.177
1,on,ny_mid,40,0,2.0,0,0.25,297,37.7,1.197,0.066,201,26.9,0.607,195,28.7,0.649,-0.19
1,on,ny_mid,40,0,2.0,1,0.1,57,33.3,0.973,-0.043,46,28.3,0.664,41,26.8,0.601,-0.271
1,on,ny_mid,40,0,2.0,1,0.25,147,37.4,1.146,0.029,91,26.4,0.544,79,26.6,0.652,-0.246
1,on,ny_mid,40,0,2.0,-1,0.1,96,36.5,1.025,0.044,75,24.0,0.571,69,30.4,0.756,-0.121
1,on,ny_mid,40,0,2.0,-1,0.25,152,38.2,1.265,0.108,111,27.0,0.654,116,30.2,0.647,-0.152
1,on,ny_mid,40,0,3.0,0,0.1,153,28.1,1.055,0.057,121,18.2,0.5,110,23.6,0.751,-0.135
1,on,ny_mid,40,0,3.0,0,0.25,294,32.3,1.322,0.151,201,21.4,0.606,194,23.7,0.667,-0.187
1,on,ny_mid,40,0,3.0,1,0.1,57,24.6,0.842,-0.113,46,21.7,0.648,41,22.0,0.676,-0.224
1,on,ny_mid,40,0,3.0,1,0.25,147,32.0,1.195,0.076,91,22.0,0.552,79,21.5,0.635,-0.293
1,on,ny_mid,40,0,3.0,-1,0.1,96,30.2,1.204,0.157,75,16.0,0.41,69,24.6,0.805,-0.082
1,on,ny_mid,40,0,3.0,-1,0.25,152,32.2,1.441,0.211,111,20.7,0.645,116,25.0,0.679,-0.123
1,on,ny_mid,40,1,1.0,0,0.1,39,53.8,0.991,0.038,25,56.0,1.473,25,56.0,1.382,0.095
1,on,ny_mid,40,1,1.0,0,0.25,74,51.4,1.024,-0.002,48,62.5,1.616,47,59.6,1.621,0.158
1,on,ny_mid,40,1,1.0,1,0.1,16,,,,8,,,7,,,
1,on,ny_mid,40,1,1.0,1,0.25,39,46.2,0.833,-0.104,22,68.2,2.027,18,,,
1,on,ny_mid,40,1,1.0,-1,0.1,23,60.9,1.036,0.177,17,,,18,,,
1,on,ny_mid,40,1,1.0,-1,0.25,35,57.1,1.32,0.11,26,57.7,1.31,29,58.6,1.564,0.147
1,on,ny_mid,40,1,1.5,0,0.1,39,41.0,0.951,-0.017,25,40.0,1.31,25,44.0,1.177,0.036
1,on,ny_mid,40,1,1.5,0,0.25,74,40.5,1.088,-0.018,48,43.8,1.178,47,44.7,1.284,0.069
1,on,ny_mid,40,1,1.5,1,0.1,16,,,,8,,,7,,,
1,on,ny_mid,40,1,1.5,1,0.25,39,33.3,0.76,-0.196,22,59.1,2.016,18,,,
1,on,ny_mid,40,1,1.5,-1,0.1,23,47.8,1.042,0.153,17,,,18,,,
1,on,ny_mid,40,1,1.5,-1,0.25,35,48.6,1.647,0.18,26,30.8,0.637,29,37.9,0.994,-0.076
1,on,ny_mid,40,1,2.0,0,0.1,39,35.9,0.858,0.034,25,36.0,1.391,25,40.0,1.168,0.067
1,on,ny_mid,40,1,2.0,0,0.25,74,36.5,1.21,0.062,48,37.5,1.126,47,38.3,1.265,0.054
1,on,ny_mid,40,1,2.0,1,0.1,16,,,,8,,,7,,,
1,on,ny_mid,40,1,2.0,1,0.25,39,25.6,0.692,-0.261,22,45.5,1.445,18,,,
1,on,ny_mid,40,1,2.0,-1,0.1,23,47.8,1.397,0.392,17,,,18,,,
1,on,ny_mid,40,1,2.0,-1,0.25,35,48.6,2.203,0.422,26,30.8,0.853,29,34.5,1.095,-0.05
1,on,ny_mid,40,1,3.0,0,0.1,39,25.6,0.816,-0.019,25,28.0,1.587,25,32.0,1.172,0.066
1,on,ny_mid,40,1,3.0,0,0.25,74,31.1,1.389,0.117,48,31.2,1.096,47,34.0,1.36,0.092
1,on,ny_mid,40,1,3.0,1,0.1,16,,,,8,,,7,,,
1,on,ny_mid,40,1,3.0,1,0.25,39,25.6,0.739,-0.178,22,36.4,0.979,18,,,
1,on,ny_mid,40,1,3.0,-1,0.1,23,30.4,1.035,0.171,17,,,18,,,
1,on,ny_mid,40,1,3.0,-1,0.25,35,37.1,2.465,0.445,26,26.9,1.207,29,31.0,1.395,0.079
1,on,ny_mid,40,2,1.0,0,0.1,163,57.7,1.274,0.15,120,49.2,0.833,111,52.3,0.921,0.035
1,on,ny_mid,40,2,1.0,0,0.25,267,53.6,1.055,0.061,173,50.3,0.906,171,52.0,1.002,0.032
1,on,ny_mid,40,2,1.0,1,0.1,69,58.0,1.264,0.18,43,51.2,0.723,41,46.3,0.743,-0.08
1,on,ny_mid,40,2,1.0,1,0.25,133,50.4,0.861,0.008,75,52.0,0.901,72,50.0,1.086,0.003
1,on,ny_mid,40,2,1.0,-1,0.1,94,57.4,1.282,0.127,77,48.1,0.909,70,55.7,1.065,0.102
1,on,ny_mid,40,2,1.0,-1,0.25,134,56.7,1.345,0.113,98,49.0,0.91,99,53.5,0.936,0.053
1,on,ny_mid,40,2,1.5,0,0.1,163,48.5,1.357,0.194,120,36.7,0.747,111,38.7,0.843,-0.057
1,on,ny_mid,40,2,1.5,0,0.25,267,44.9,1.177,0.104,173,38.2,0.835,171,39.2,0.922,-0.047
1,on,ny_mid,40,2,1.5,1,0.1,69,49.3,1.295,0.232,43,34.9,0.547,41,34.1,0.717,-0.167
1,on,ny_mid,40,2,1.5,1,0.25,133,42.9,0.981,0.061,75,37.3,0.755,72,37.5,1.037,-0.06
1,on,ny_mid,40,2,1.5,-1,0.1,94,47.9,1.412,0.166,77,37.7,0.89,70,41.4,0.936,0.008
1,on,ny_mid,40,2,1.5,-1,0.25,134,47.0,1.452,0.147,98,38.8,0.908,99,40.4,0.832,-0.037
1,on,ny_mid,40,2,2.0,0,0.1,163,39.3,1.319,0.151,120,29.2,0.675,111,31.5,0.729,-0.089
1,on,ny_mid,40,2,2.0,0,0.25,266,37.2,1.181,0.081,172,30.8,0.779,171,31.0,0.796,-0.111
1,on,ny_mid,40,2,2.0,1,0.1,69,43.5,1.455,0.294,43,27.9,0.46,41,24.4,0.517,-0.302
1,on,ny_mid,40,2,2.0,1,0.25,133,38.3,1.048,0.11,75,29.3,0.675,72,29.2,0.952,-0.135
1,on,ny_mid,40,2,2.0,-1,0.1,94,36.2,1.214,0.046,77,29.9,0.825,70,35.7,0.891,0.036
1,on,ny_mid,40,2,2.0,-1,0.25,134,36.6,1.367,0.067,98,31.6,0.851,99,32.3,0.676,-0.093
1,on,ny_mid,40,2,3.0,0,0.1,163,31.9,1.376,0.22,120,20.8,0.737,111,25.2,0.807,-0.059
1,on,ny_mid,40,2,3.0,0,0.25,264,31.8,1.291,0.172,172,23.3,0.838,170,26.5,0.87,-0.073
1,on,ny_mid,40,2,3.0,1,0.1,69,31.9,1.239,0.212,43,14.0,0.366,41,17.1,0.404,-0.422
1,on,ny_mid,40,2,3.0,1,0.25,133,30.8,1.002,0.109,75,18.7,0.572,72,23.6,0.858,-0.221
1,on,ny_mid,40,2,3.0,-1,0.1,94,31.9,1.498,0.226,77,24.7,1.008,70,30.0,1.124,0.154
1,on,ny_mid,40,2,3.0,-1,0.25,134,32.8,1.669,0.237,98,26.5,1.066,99,28.3,0.855,0.025
1,on,ny_mid,40,3,1.0,0,0.1,192,51.0,0.932,-0.021,119,39.5,0.575,111,44.1,0.701,-0.15
1,on,ny_mid,40,3,1.0,0,0.25,278,51.1,1.043,-0.014,185,45.4,0.895,182,48.9,1.022,-0.047
1,on,ny_mid,40,3,1.0,1,0.1,91,46.2,0.827,-0.114,46,45.7,0.696,39,51.3,0.843,-0.002
1,on,ny_mid,40,3,1.0,1,0.25,140,45.0,0.826,-0.132,83,49.4,0.908,74,51.4,0.875,0.005
1,on,ny_mid,40,3,1.0,-1,0.1,101,55.4,1.056,0.062,73,35.6,0.502,72,40.3,0.62,-0.23
1,on,ny_mid,40,3,1.0,-1,0.25,138,57.2,1.364,0.105,102,42.2,0.883,108,47.2,1.153,-0.084
1,on,ny_mid,40,3,1.5,0,0.1,192,41.7,0.955,-0.003,119,31.9,0.621,111,36.0,0.785,-0.133
1,on,ny_mid,40,3,1.5,0,0.25,278,42.1,1.103,0.015,185,35.7,0.826,182,37.9,0.909,-0.092
1,on,ny_mid,40,3,1.5,1,0.1,91,37.4,0.845,-0.104,46,37.0,0.717,39,35.9,0.771,-0.132
1,on,ny_mid,40,3,1.5,1,0.25,140,37.9,0.937,-0.087,83,37.3,0.703,74,36.5,0.693,-0.148
1,on,ny_mid,40,3,1.5,-1,0.1,101,45.5,1.082,0.089,73,28.8,0.561,72,36.1,0.794,-0.133
1,on,ny_mid,40,3,1.5,-1,0.25,138,46.4,1.323,0.117,102,34.3,0.951,108,38.9,1.112,-0.053
1,on,ny_mid,40,3,2.0,0,0.1,192,35.9,0.98,0.027,119,27.7,0.692,111,33.3,0.956,-0.034
1,on,ny_mid,40,3,2.0,0,0.25,278,36.3,1.145,0.047,185,31.4,0.933,182,35.2,1.073,-0.006
1,on,ny_mid,40,3,2.0,1,0.1,91,30.8,0.829,-0.13,46,37.0,0.96,39,35.9,1.032,0.047
1,on,ny_mid,40,3,2.0,1,0.25,140,30.7,0.88,-0.122,83,36.1,0.855,74,35.1,0.87,-0.027
1,on,ny_mid,40,3,2.0,-1,0.1,101,40.6,1.157,0.168,73,21.9,0.537,72,31.9,0.909,-0.079
1,on,ny_mid,40,3,2.0,-1,0.25,138,42.0,1.511,0.218,102,27.5,1.009,108,35.2,1.255,0.007
1,on,ny_mid,40,3,3.0,0,0.1,192,28.6,1.09,0.085,119,18.5,0.586,111,25.2,0.966,-0.026
1,on,ny_mid,40,3,3.0,0,0.25,278,28.8,1.185,0.089,185,22.7,0.913,180,27.8,1.132,0.016
1,on,ny_mid,40,3,3.0,1,0.1,91,27.5,1.058,0.029,46,26.1,0.837,39,28.2,1.084,0.098
1,on,ny_mid,40,3,3.0,1,0.25,140,27.9,1.091,0.028,83,28.9,0.966,74,28.4,0.953,0.013
1,on,ny_mid,40,3,3.0,-1,0.1,101,29.7,1.124,0.135,73,13.7,0.434,72,23.6,0.894,-0.094
1,on,ny_mid,40,3,3.0,-1,0.25,138,29.7,1.296,0.15,102,17.6,0.866,108,26.9,1.244,-0.001
1,on,pm,10,0,1.0,0,0.1,35,57.1,1.742,0.09,25,44.0,0.784,19,,,
1,on,pm,10,0,1.0,0,0.25,51,56.9,1.626,0.096,39,41.0,0.646,32,37.5,0.548,-0.276
1,on,pm,10,0,1.0,1,0.1,15,,,,8,,,6,,,
1,on,pm,10,0,1.0,1,0.25,25,48.0,1.422,-0.078,19,,,16,,,
1,on,pm,10,0,1.0,-1,0.1,20,65.0,2.058,0.246,17,,,13,,,
1,on,pm,10,0,1.0,-1,0.25,26,65.4,1.95,0.262,20,55.0,1.008,16,,,
1,on,pm,10,0,1.5,0,0.1,35,42.9,1.333,0.017,25,32.0,0.421,19,,,
1,on,pm,10,0,1.5,0,0.25,51,45.1,1.542,0.084,39,28.2,0.408,32,21.9,0.251,-0.461
1,on,pm,10,0,1.5,1,0.1,15,,,,8,,,6,,,
1,on,pm,10,0,1.5,1,0.25,25,32.0,1.332,-0.24,19,,,16,,,
1,on,pm,10,0,1.5,-1,0.1,20,60.0,2.548,0.445,17,,,13,,,
1,on,pm,10,0,1.5,-1,0.25,26,57.7,1.87,0.396,20,40.0,0.607,16,,,
1,on,pm,10,0,2.0,0,0.1,35,34.3,1.219,-0.062,25,32.0,0.565,19,,,
1,on,pm,10,0,2.0,0,0.25,51,33.3,1.061,-0.087,39,28.2,0.546,32,21.9,0.336,-0.352
1,on,pm,10,0,2.0,1,0.1,15,,,,8,,,6,,,
1,on,pm,10,0,2.0,1,0.25,25,20.0,0.731,-0.479,19,,,16,,,
1,on,pm,10,0,2.0,-1,0.1,20,50.0,2.25,0.382,17,,,13,,,
1,on,pm,10,0,2.0,-1,0.25,26,46.2,1.569,0.29,20,40.0,0.813,16,,,
1,on,pm,10,0,3.0,0,0.1,35,28.6,1.121,-0.09,25,32.0,0.851,19,,,
1,on,pm,10,0,3.0,0,0.25,51,29.4,1.239,-0.027,39,28.2,0.781,32,21.9,0.499,-0.145
1,on,pm,10,0,3.0,1,0.1,15,,,,8,,,6,,,
1,on,pm,10,0,3.0,1,0.25,25,16.0,0.837,-0.479,19,,,16,,,
1,on,pm,10,0,3.0,-1,0.1,20,45.0,2.347,0.435,17,,,13,,,
1,on,pm,10,0,3.0,-1,0.25,26,42.3,1.882,0.407,20,40.0,1.226,16,,,
1,on,pm,10,1,1.0,0,0.1,9,,,,7,,,6,,,
1,on,pm,10,1,1.0,0,0.25,13,,,,9,,,8,,,
1,on,pm,10,1,1.0,1,0.1,5,,,,3,,,2,,,
1,on,pm,10,1,1.0,1,0.25,8,,,,5,,,4,,,
1,on,pm,10,1,1.0,-1,0.1,4,,,,4,,,4,,,
1,on,pm,10,1,1.0,-1,0.25,5,,,,4,,,4,,,
1,on,pm,10,1,1.5,0,0.1,9,,,,7,,,6,,,
1,on,pm,10,1,1.5,0,0.25,13,,,,9,,,8,,,
1,on,pm,10,1,1.5,1,0.1,5,,,,3,,,2,,,
1,on,pm,10,1,1.5,1,0.25,8,,,,5,,,4,,,
1,on,pm,10,1,1.5,-1,0.1,4,,,,4,,,4,,,
1,on,pm,10,1,1.5,-1,0.25,5,,,,4,,,4,,,
1,on,pm,10,1,2.0,0,0.1,9,,,,7,,,6,,,
1,on,pm,10,1,2.0,0,0.25,13,,,,9,,,8,,,
1,on,pm,10,1,2.0,1,0.1,5,,,,3,,,2,,,
1,on,pm,10,1,2.0,1,0.25,8,,,,5,,,4,,,
1,on,pm,10,1,2.0,-1,0.1,4,,,,4,,,4,,,
1,on,pm,10,1,2.0,-1,0.25,5,,,,4,,,4,,,
1,on,pm,10,1,3.0,0,0.1,9,,,,7,,,6,,,
1,on,pm,10,1,3.0,0,0.25,13,,,,9,,,8,,,
1,on,pm,10,1,3.0,1,0.1,5,,,,3,,,2,,,
1,on,pm,10,1,3.0,1,0.25,8,,,,5,,,4,,,
1,on,pm,10,1,3.0,-1,0.1,4,,,,4,,,4,,,
1,on,pm,10,1,3.0,-1,0.25,5,,,,4,,,4,,,
1,on,pm,10,2,1.0,0,0.1,31,58.1,1.548,0.101,26,61.5,1.44,24,70.8,1.924,0.385
1,on,pm,10,2,1.0,0,0.25,40,57.5,1.465,0.099,35,54.3,0.905,30,60.0,0.953,0.172
1,on,pm,10,2,1.0,1,0.1,14,,,,10,,,10,,,
1,on,pm,10,2,1.0,1,0.25,20,55.0,1.281,0.061,18,,,15,,,
1,on,pm,10,2,1.0,-1,0.1,17,,,,16,,,14,,,
1,on,pm,10,2,1.0,-1,0.25,20,60.0,1.828,0.136,17,,,15,,,
1,on,pm,10,2,1.5,0,0.1,31,45.2,1.254,0.066,26,38.5,0.817,24,45.8,0.932,0.109
1,on,pm,10,2,1.5,0,0.25,40,47.5,1.535,0.134,35,37.1,0.72,30,40.0,0.661,-0.033
1,on,pm,10,2,1.5,1,0.1,14,,,,10,,,10,,,
1,on,pm,10,2,1.5,1,0.25,20,40.0,1.193,-0.041,18,,,15,,,
1,on,pm,10,2,1.5,-1,0.1,17,,,,16,,,14,,,
1,on,pm,10,2,1.5,-1,0.25,20,55.0,2.296,0.31,17,,,15,,,
1,on,pm,10,2,2.0,0,0.1,31,38.7,1.257,0.098,26,34.6,0.712,24,41.7,0.828,0.24
1,on,pm,10,2,2.0,0,0.25,40,40.0,1.359,0.146,35,34.3,0.657,30,36.7,0.641,0.088
1,on,pm,10,2,2.0,1,0.1,14,,,,10,,,10,,,
1,on,pm,10,2,2.0,1,0.25,20,25.0,0.769,-0.293,18,,,15,,,
1,on,pm,10,2,2.0,-1,0.1,17,,,,16,,,14,,,
1,on,pm,10,2,2.0,-1,0.25,20,55.0,3.078,0.585,17,,,15,,,
1,on,pm,10,2,3.0,0,0.1,31,22.6,0.776,-0.274,26,26.9,0.671,24,25.0,0.492,-0.013
1,on,pm,10,2,3.0,0,0.25,40,25.0,1.067,-0.143,35,28.6,0.691,30,23.3,0.504,-0.08
1,on,pm,10,2,3.0,1,0.1,14,,,,10,,,10,,,
1,on,pm,10,2,3.0,1,0.25,20,15.0,0.908,-0.446,18,,,15,,,
1,on,pm,10,2,3.0,-1,0.1,17,,,,16,,,14,,,
1,on,pm,10,2,3.0,-1,0.25,20,35.0,1.37,0.161,17,,,15,,,
1,on,pm,10,3,1.0,0,0.1,40,57.5,1.366,0.096,28,50.0,0.674,23,47.8,0.635,-0.08
1,on,pm,10,3,1.0,0,0.25,52,57.7,1.513,0.108,39,51.3,1.072,35,42.9,0.605,-0.172
1,on,pm,10,3,1.0,1,0.1,20,50.0,1.013,-0.05,11,,,10,,,
1,on,pm,10,3,1.0,1,0.25,28,50.0,1.273,-0.041,19,,,17,,,
1,on,pm,10,3,1.0,-1,0.1,20,65.0,1.891,0.243,17,,,13,,,
1,on,pm,10,3,1.0,-1,0.25,24,66.7,1.998,0.283,20,45.0,0.5,18,,,
1,on,pm,10,3,1.5,0,0.1,40,47.5,1.514,0.131,28,42.9,0.635,23,39.1,0.637,-0.059
1,on,pm,10,3,1.5,0,0.25,52,48.1,1.63,0.154,39,38.5,0.764,35,28.6,0.361,-0.316
1,on,pm,10,3,1.5,1,0.1,20,40.0,1.095,-0.053,11,,,10,,,
1,on,pm,10,3,1.5,1,0.25,28,42.9,1.642,0.029,19,,,17,,,
1,on,pm,10,3,1.5,-1,0.1,20,55.0,2.121,0.315,17,,,13,,,
1,on,pm,10,3,1.5,-1,0.25,24,54.2,1.612,0.301,20,40.0,0.371,18,,,
1,on,pm,10,3,2.0,0,0.1,40,35.0,1.101,-0.008,28,32.1,0.571,23,34.8,0.641,-0.038
1,on,pm,10,3,2.0,0,0.25,52,38.5,1.453,0.076,39,30.8,0.873,35,25.7,0.399,-0.288
1,on,pm,10,3,2.0,1,0.1,20,30.0,0.929,-0.154,11,,,10,,,
1,on,pm,10,3,2.0,1,0.25,28,35.7,1.592,-0.026,19,,,17,,,
1,on,pm,10,3,2.0,-1,0.1,20,40.0,1.3,0.138,17,,,13,,,
1,on,pm,10,3,2.0,-1,0.25,24,41.7,1.272,0.195,20,30.0,0.284,18,,,
1,on,pm,10,3,3.0,0,0.1,40,30.0,1.053,-0.006,28,32.1,0.85,23,34.8,0.954,0.267
1,on,pm,10,3,3.0,0,0.25,52,28.8,0.835,-0.083,39,28.2,0.703,35,25.7,0.596,-0.059
1,on,pm,10,3,3.0,1,0.1,20,30.0,1.194,0.058,11,,,10,,,
1,on,pm,10,3,3.0,1,0.25,28,28.6,0.96,-0.024,19,,,17,,,
1,on,pm,10,3,3.0,-1,0.1,20,30.0,0.914,-0.069,17,,,13,,,
1,on,pm,10,3,3.0,-1,0.25,24,29.2,0.667,-0.152,20,30.0,0.417,18,,,
1,on,pm,20,0,1.0,0,0.1,38,57.9,1.774,0.107,28,42.9,0.723,23,52.2,1.067,0.01
1,on,pm,20,0,1.0,0,0.25,56,55.4,1.323,0.067,47,38.3,0.558,41,36.6,0.512,-0.276
1,on,pm,20,0,1.0,1,0.1,17,,,,9,,,6,,,
1,on,pm,20,0,1.0,1,0.25,27,51.9,1.549,0.001,23,26.1,0.447,19,,,
1,on,pm,20,0,1.0,-1,0.1,21,61.9,1.759,0.184,19,,,17,,,
1,on,pm,20,0,1.0,-1,0.25,29,58.6,1.118,0.128,24,50.0,0.81,22,40.9,0.492,-0.179
1,on,pm,20,0,1.5,0,0.1,38,42.1,1.281,-0.002,28,32.1,0.412,23,34.8,0.403,-0.172
1,on,pm,20,0,1.5,0,0.25,56,42.9,1.272,0.029,47,27.7,0.417,41,24.4,0.314,-0.403
1,on,pm,20,0,1.5,1,0.1,17,,,,9,,,6,,,
1,on,pm,20,0,1.5,1,0.25,27,33.3,1.344,-0.207,23,17.4,0.359,19,,,
1,on,pm,20,0,1.5,-1,0.1,21,57.1,2.219,0.373,19,,,17,,,
1,on,pm,20,0,1.5,-1,0.25,29,51.7,1.198,0.248,24,37.5,0.534,22,31.8,0.263,-0.237
1,on,pm,20,0,2.0,0,0.1,38,34.2,1.209,-0.061,28,32.1,0.552,23,34.8,0.524,-0.02
1,on,pm,20,0,2.0,0,0.25,56,32.1,0.926,-0.118,47,25.5,0.417,41,22.0,0.28,-0.366
1,on,pm,20,0,2.0,1,0.1,17,,,,9,,,6,,,
1,on,pm,20,0,2.0,1,0.25,27,22.2,0.785,-0.41,23,13.0,0.278,19,,,
1,on,pm,20,0,2.0,-1,0.1,21,47.6,2.011,0.314,19,,,17,,,
1,on,pm,20,0,2.0,-1,0.25,29,41.4,1.083,0.153,24,37.5,0.716,22,31.8,0.339,-0.101
1,on,pm,20,0,3.0,0,0.1,38,26.3,0.983,-0.166,28,32.1,0.833,23,30.4,0.663,0.094
1,on,pm,20,0,3.0,0,0.25,56,26.8,1.018,-0.118,47,25.5,0.597,41,19.5,0.38,-0.278
1,on,pm,20,0,3.0,1,0.1,17,,,,9,,,6,,,
1,on,pm,20,0,3.0,1,0.25,27,14.8,0.775,-0.522,23,13.0,0.374,19,,,
1,on,pm,20,0,3.0,-1,0.1,21,42.9,2.11,0.364,19,,,17,,,
1,on,pm,20,0,3.0,-1,0.25,29,37.9,1.31,0.259,24,37.5,1.08,22,27.3,0.402,-0.028
1,on,pm,20,1,1.0,0,0.1,10,,,,9,,,9,,,
1,on,pm,20,1,1.0,0,0.25,14,,,,14,,,14,,,
1,on,pm,20,1,1.0,1,0.1,5,,,,4,,,2,,,
1,on,pm,20,1,1.0,1,0.25,8,,,,9,,,7,,,
1,on,pm,20,1,1.0,-1,0.1,5,,,,5,,,7,,,
1,on,pm,20,1,1.0,-1,0.25,6,,,,5,,,7,,,
1,on,pm,20,1,1.5,0,0.1,10,,,,9,,,9,,,
1,on,pm,20,1,1.5,0,0.25,14,,,,14,,,14,,,
1,on,pm,20,1,1.5,1,0.1,5,,,,4,,,2,,,
1,on,pm,20,1,1.5,1,0.25,8,,,,9,,,7,,,
1,on,pm,20,1,1.5,-1,0.1,5,,,,5,,,7,,,
1,on,pm,20,1,1.5,-1,0.25,6,,,,5,,,7,,,
1,on,pm,20,1,2.0,0,0.1,10,,,,9,,,9,,,
1,on,pm,20,1,2.0,0,0.25,14,,,,14,,,14,,,
1,on,pm,20,1,2.0,1,0.1,5,,,,4,,,2,,,
1,on,pm,20,1,2.0,1,0.25,8,,,,9,,,7,,,
1,on,pm,20,1,2.0,-1,0.1,5,,,,5,,,7,,,
1,on,pm,20,1,2.0,-1,0.25,6,,,,5,,,7,,,
1,on,pm,20,1,3.0,0,0.1,10,,,,9,,,9,,,
1,on,pm,20,1,3.0,0,0.25,14,,,,14,,,14,,,
1,on,pm,20,1,3.0,1,0.1,5,,,,4,,,2,,,
1,on,pm,20,1,3.0,1,0.25,8,,,,9,,,7,,,
1,on,pm,20,1,3.0,-1,0.1,5,,,,5,,,7,,,
1,on,pm,20,1,3.0,-1,0.25,6,,,,5,,,7,,,
1,on,pm,20,2,1.0,0,0.1,34,55.9,1.359,0.057,29,58.6,1.262,28,67.9,1.713,0.361
1,on,pm,20,2,1.0,0,0.25,44,54.5,1.103,0.04,41,48.8,0.663,37,54.1,0.717,0.105
1,on,pm,20,2,1.0,1,0.1,15,,,,11,,,10,,,
1,on,pm,20,2,1.0,1,0.25,21,57.1,1.333,0.103,21,33.3,0.448,17,,,
1,on,pm,20,2,1.0,-1,0.1,19,,,,18,,,18,,,
1,on,pm,20,2,1.0,-1,0.25,23,52.2,0.884,-0.018,20,65.0,1.431,20,55.0,0.803,0.159
1,on,pm,20,2,1.5,0,0.1,34,44.1,1.169,0.041,29,37.9,0.768,28,46.4,0.945,0.142
1,on,pm,20,2,1.5,0,0.25,44,45.5,1.221,0.084,41,34.1,0.569,37,37.8,0.559,-0.047
1,on,pm,20,2,1.5,1,0.1,15,,,,11,,,10,,,
1,on,pm,20,2,1.5,1,0.25,21,42.9,1.256,0.03,21,23.8,0.516,17,,,
1,on,pm,20,2,1.5,-1,0.1,19,,,,18,,,18,,,
1,on,pm,20,2,1.5,-1,0.25,23,47.8,1.18,0.133,20,45.0,0.691,20,40.0,0.4,0.032
1,on,pm,20,2,2.0,0,0.1,34,35.3,1.084,-0.006,29,34.5,0.685,28,42.9,0.832,0.242
1,on,pm,20,2,2.0,0,0.25,44,36.4,1.072,0.037,41,31.7,0.529,37,35.1,0.537,0.042
1,on,pm,20,2,2.0,1,0.1,15,,,,11,,,10,,,
1,on,pm,20,2,2.0,1,0.25,21,23.8,0.742,-0.331,21,19.0,0.441,17,,,
1,on,pm,20,2,2.0,-1,0.1,19,,,,18,,,18,,,
1,on,pm,20,2,2.0,-1,0.25,23,47.8,1.582,0.372,20,45.0,0.738,20,40.0,0.466,0.165
1,on,pm,20,2,3.0,0,0.1,34,20.6,0.688,-0.345,29,27.6,0.668,28,28.6,0.535,0.058
1,on,pm,20,2,3.0,0,0.25,44,22.7,0.873,-0.226,41,26.8,0.572,37,24.3,0.445,-0.07
1,on,pm,20,2,3.0,1,0.1,15,,,,11,,,10,,,
1,on,pm,20,2,3.0,1,0.25,21,14.3,0.878,-0.477,21,14.3,0.425,17,,,
1,on,pm,20,2,3.0,-1,0.1,19,,,,18,,,18,,,
1,on,pm,20,2,3.0,-1,0.25,23,30.4,0.867,0.004,20,40.0,0.921,20,35.0,0.529,0.31
1,on,pm,20,3,1.0,0,0.1,41,56.1,1.32,0.067,32,50.0,0.711,28,50.0,0.715,-0.034
1,on,pm,20,3,1.0,0,0.25,54,57.4,1.535,0.102,44,52.3,1.11,40,45.0,0.646,-0.129
1,on,pm,20,3,1.0,1,0.1,20,50.0,1.013,-0.05,14,,,11,,,
1,on,pm,20,3,1.0,1,0.25,28,50.0,1.273,-0.041,23,56.5,1.614,18,,,
1,on,pm,20,3,1.0,-1,0.1,21,61.9,1.74,0.179,18,,,17,,,
1,on,pm,20,3,1.0,-1,0.25,26,65.4,2.033,0.256,21,47.6,0.585,22,50.0,0.793,-0.032
1,on,pm,20,3,1.5,0,0.1,41,46.3,1.472,0.101,32,43.8,0.725,28,42.9,0.784,0.036
1,on,pm,20,3,1.5,0,0.25,54,48.1,1.668,0.156,44,40.9,0.857,40,32.5,0.44,-0.217
1,on,pm,20,3,1.5,1,0.1,20,40.0,1.095,-0.053,14,,,11,,,
1,on,pm,20,3,1.5,1,0.25,28,42.9,1.642,0.029,23,39.1,1.162,18,,,
1,on,pm,20,3,1.5,-1,0.1,21,52.4,1.98,0.248,18,,,17,,,
1,on,pm,20,3,1.5,-1,0.25,26,53.8,1.705,0.292,21,42.9,0.478,22,45.5,0.752,0.104
1,on,pm,20,3,2.0,0,0.1,41,34.1,1.077,-0.035,32,34.4,0.613,28,39.3,0.704,0.012
1,on,pm,20,3,2.0,0,0.25,54,38.9,1.506,0.09,44,34.1,0.923,40,30.0,0.44,-0.221
1,on,pm,20,3,2.0,1,0.1,20,30.0,0.929,-0.154,14,,,11,,,
1,on,pm,20,3,2.0,1,0.25,28,35.7,1.592,-0.026,23,34.8,1.427,18,,,
1,on,pm,20,3,2.0,-1,0.1,21,38.1,1.241,0.079,18,,,17,,,
1,on,pm,20,3,2.0,-1,0.25,26,42.3,1.397,0.214,21,33.3,0.301,22,40.9,0.669,0.028
1,on,pm,20,3,3.0,0,0.1,41,29.3,1.032,-0.033,32,31.2,0.743,28,39.3,0.964,0.25
1,on,pm,20,3,3.0,0,0.25,54,29.6,0.914,-0.045,44,29.5,0.699,40,30.0,0.62,-0.03
1,on,pm,20,3,3.0,1,0.1,20,30.0,1.194,0.058,14,,,11,,,
1,on,pm,20,3,3.0,1,0.25,28,28.6,0.96,-0.024,23,26.1,0.863,18,,,
1,on,pm,20,3,3.0,-1,0.1,21,28.6,0.879,-0.119,18,,,17,,,
1,on,pm,20,3,3.0,-1,0.25,26,30.8,0.854,-0.068,21,33.3,0.435,22,40.9,0.912,0.24
1,on,pm,40,0,1.0,0,0.1,38,57.9,1.774,0.107,28,42.9,0.723,24,50.0,0.989,-0.033
1,on,pm,40,0,1.0,0,0.25,62,56.5,1.377,0.108,47,38.3,0.558,43,34.9,0.497,-0.29
1,on,pm,40,0,1.0,1,0.1,17,,,,9,,,7,,,
1,on,pm,40,0,1.0,1,0.25,28,53.6,1.631,0.036,23,26.1,0.447,20,30.0,0.506,-0.42
1,on,pm,40,0,1.0,-1,0.1,21,61.9,1.759,0.184,19,,,17,,,
1,on,pm,40,0,1.0,-1,0.25,34,58.8,1.194,0.166,24,50.0,0.81,23,39.1,0.484,-0.177
1,on,pm,40,0,1.5,0,0.1,38,42.1,1.281,-0.002,28,32.1,0.412,24,33.3,0.383,-0.208
1,on,pm,40,0,1.5,0,0.25,62,45.2,1.362,0.092,47,27.7,0.417,43,23.3,0.307,-0.411
1,on,pm,40,0,1.5,1,0.1,17,,,,9,,,7,,,
1,on,pm,40,0,1.5,1,0.25,28,35.7,1.435,-0.147,23,17.4,0.359,20,15.0,0.338,-0.616
1,on,pm,40,0,1.5,-1,0.1,21,57.1,2.219,0.373,19,,,17,,,
1,on,pm,40,0,1.5,-1,0.25,34,52.9,1.299,0.288,24,37.5,0.534,23,30.4,0.26,-0.233
1,on,pm,40,0,2.0,0,0.1,38,34.2,1.209,-0.061,28,32.1,0.552,24,33.3,0.498,-0.062
1,on,pm,40,0,2.0,0,0.25,62,35.5,1.021,-0.042,47,25.5,0.417,43,20.9,0.274,-0.376
1,on,pm,40,0,2.0,1,0.1,17,,,,9,,,7,,,
1,on,pm,40,0,2.0,1,0.25,28,25.0,0.884,-0.324,23,13.0,0.278,20,10.0,0.236,-0.691
1,on,pm,40,0,2.0,-1,0.1,21,47.6,2.011,0.314,19,,,17,,,
1,on,pm,40,0,2.0,-1,0.25,34,44.1,1.147,0.191,24,37.5,0.716,23,30.4,0.335,-0.102
1,on,pm,40,0,3.0,0,0.1,38,26.3,0.983,-0.166,28,32.1,0.833,24,29.2,0.631,0.047
1,on,pm,40,0,3.0,0,0.25,62,30.6,1.094,-0.046,47,25.5,0.597,43,18.6,0.371,-0.292
1,on,pm,40,0,3.0,1,0.1,17,,,,9,,,7,,,
1,on,pm,40,0,3.0,1,0.25,28,17.9,0.853,-0.442,23,13.0,0.374,20,10.0,0.355,-0.591
1,on,pm,40,0,3.0,-1,0.1,21,42.9,2.11,0.364,19,,,17,,,
1,on,pm,40,0,3.0,-1,0.25,34,41.2,1.337,0.281,24,37.5,1.08,23,26.1,0.397,-0.033
1,on,pm,40,1,1.0,0,0.1,11,,,,9,,,11,,,
1,on,pm,40,1,1.0,0,0.25,16,,,,14,,,16,,,
1,on,pm,40,1,1.0,1,0.1,5,,,,4,,,3,,,
1,on,pm,40,1,1.0,1,0.25,8,,,,9,,,8,,,
1,on,pm,40,1,1.0,-1,0.1,6,,,,5,,,8,,,
1,on,pm,40,1,1.0,-1,0.25,8,,,,5,,,8,,,
1,on,pm,40,1,1.5,0,0.1,11,,,,9,,,11,,,
1,on,pm,40,1,1.5,0,0.25,16,,,,14,,,16,,,
1,on,pm,40,1,1.5,1,0.1,5,,,,4,,,3,,,
1,on,pm,40,1,1.5,1,0.25,8,,,,9,,,8,,,
1,on,pm,40,1,1.5,-1,0.1,6,,,,5,,,8,,,
1,on,pm,40,1,1.5,-1,0.25,8,,,,5,,,8,,,
1,on,pm,40,1,2.0,0,0.1,11,,,,9,,,11,,,
1,on,pm,40,1,2.0,0,0.25,16,,,,14,,,16,,,
1,on,pm,40,1,2.0,1,0.1,5,,,,4,,,3,,,
1,on,pm,40,1,2.0,1,0.25,8,,,,9,,,8,,,
1,on,pm,40,1,2.0,-1,0.1,6,,,,5,,,8,,,
1,on,pm,40,1,2.0,-1,0.25,8,,,,5,,,8,,,
1,on,pm,40,1,3.0,0,0.1,11,,,,9,,,11,,,
1,on,pm,40,1,3.0,0,0.25,16,,,,14,,,16,,,
1,on,pm,40,1,3.0,1,0.1,5,,,,4,,,3,,,
1,on,pm,40,1,3.0,1,0.25,8,,,,9,,,8,,,
1,on,pm,40,1,3.0,-1,0.1,6,,,,5,,,8,,,
1,on,pm,40,1,3.0,-1,0.25,8,,,,5,,,8,,,
1,on,pm,40,2,1.0,0,0.1,35,57.1,1.492,0.084,29,58.6,1.262,29,65.5,1.568,0.313
1,on,pm,40,2,1.0,0,0.25,48,56.2,1.083,0.057,41,48.8,0.663,39,53.8,0.705,0.08
1,on,pm,40,2,1.0,1,0.1,15,,,,11,,,11,,,
1,on,pm,40,2,1.0,1,0.25,21,57.1,1.333,0.103,21,33.3,0.448,18,,,
1,on,pm,40,2,1.0,-1,0.1,20,55.0,1.527,0.032,18,,,18,,,
1,on,pm,40,2,1.0,-1,0.25,27,55.6,0.905,0.02,20,65.0,1.431,21,57.1,0.838,0.165
1,on,pm,40,2,1.5,0,0.1,35,45.7,1.318,0.082,29,37.9,0.768,29,44.8,0.896,0.101
1,on,pm,40,2,1.5,0,0.25,48,47.9,1.251,0.118,41,34.1,0.569,39,38.5,0.554,-0.065
1,on,pm,40,2,1.5,1,0.1,15,,,,11,,,11,,,
1,on,pm,40,2,1.5,1,0.25,21,42.9,1.256,0.03,21,23.8,0.516,18,,,
1,on,pm,40,2,1.5,-1,0.1,20,50.0,1.905,0.181,18,,,18,,,
1,on,pm,40,2,1.5,-1,0.25,27,51.9,1.247,0.186,20,45.0,0.691,21,42.9,0.424,0.044
1,on,pm,40,2,2.0,0,0.1,35,37.1,1.255,0.051,29,34.5,0.685,29,41.4,0.791,0.198
1,on,pm,40,2,2.0,0,0.25,48,39.6,1.096,0.072,41,31.7,0.529,39,35.9,0.533,0.02
1,on,pm,40,2,2.0,1,0.1,15,,,,11,,,11,,,
1,on,pm,40,2,2.0,1,0.25,21,23.8,0.742,-0.331,21,19.0,0.441,18,,,
1,on,pm,40,2,2.0,-1,0.1,20,50.0,2.554,0.431,18,,,18,,,
1,on,pm,40,2,2.0,-1,0.25,27,51.9,1.513,0.386,20,45.0,0.738,21,42.9,0.491,0.17
1,on,pm,40,2,3.0,0,0.1,35,22.9,0.901,-0.25,29,27.6,0.668,29,27.6,0.513,0.02
1,on,pm,40,2,3.0,0,0.25,48,27.1,0.95,-0.147,41,26.8,0.572,39,25.6,0.443,-0.086
1,on,pm,40,2,3.0,1,0.1,15,,,,11,,,11,,,
1,on,pm,40,2,3.0,1,0.25,21,14.3,0.878,-0.477,21,14.3,0.425,18,,,
1,on,pm,40,2,3.0,-1,0.1,20,35.0,1.632,0.158,18,,,18,,,
1,on,pm,40,2,3.0,-1,0.25,27,37.0,1.023,0.109,20,40.0,0.921,21,38.1,0.552,0.308
1,on,pm,40,3,1.0,0,0.1,43,58.1,1.479,0.109,33,51.5,0.797,28,50.0,0.715,-0.034
1,on,pm,40,3,1.0,0,0.25,56,58.9,1.629,0.133,45,53.3,1.162,41,43.9,0.635,-0.136
1,on,pm,40,3,1.0,1,0.1,21,52.4,1.162,-0.001,14,,,11,,,
1,on,pm,40,3,1.0,1,0.25,29,51.7,1.35,-0.006,23,56.5,1.614,19,,,
1,on,pm,40,3,1.0,-1,0.1,22,63.6,1.916,0.215,19,,,17,,,
1,on,pm,40,3,1.0,-1,0.25,27,66.7,2.159,0.283,22,50.0,0.692,22,50.0,0.793,-0.032
1,on,pm,40,3,1.5,0,0.1,43,48.8,1.675,0.165,33,45.5,0.836,28,42.9,0.784,0.036
1,on,pm,40,3,1.5,0,0.25,56,50.0,1.785,0.203,45,42.2,0.916,41,31.7,0.434,-0.223
1,on,pm,40,3,1.5,1,0.1,21,42.9,1.285,0.02,14,,,11,,,
1,on,pm,40,3,1.5,1,0.25,29,44.8,1.748,0.079,23,39.1,1.162,19,,,
1,on,pm,40,3,1.5,-1,0.1,22,54.5,2.201,0.303,19,,,17,,,
1,on,pm,40,3,1.5,-1,0.25,27,55.6,1.837,0.336,22,45.5,0.61,22,45.5,0.752,0.104
1,on,pm,40,3,2.0,0,0.1,43,34.9,1.109,-0.012,33,36.4,0.755,28,39.3,0.704,0.012
1,on,pm,40,3,2.0,0,0.25,56,39.3,1.511,0.103,45,35.6,1.0,41,29.3,0.434,-0.227
1,on,pm,40,3,2.0,1,0.1,21,28.6,0.836,-0.196,14,,,11,,,
1,on,pm,40,3,2.0,1,0.25,29,34.5,1.491,-0.06,23,34.8,1.427,19,,,
1,on,pm,40,3,2.0,-1,0.1,22,40.9,1.445,0.165,19,,,17,,,
1,on,pm,40,3,2.0,-1,0.25,27,44.4,1.537,0.279,22,36.4,0.472,22,40.9,0.669,0.028
1,on,pm,40,3,3.0,0,0.1,43,30.2,1.107,0.014,33,33.3,0.876,28,39.3,0.964,0.25
1,on,pm,40,3,3.0,0,0.25,56,30.4,0.96,-0.009,45,31.1,0.763,41,29.3,0.612,-0.04
1,on,pm,40,3,3.0,1,0.1,21,28.6,1.074,0.006,14,,,11,,,
1,on,pm,40,3,3.0,1,0.25,29,27.6,0.912,-0.059,23,26.1,0.863,19,,,
1,on,pm,40,3,3.0,-1,0.1,22,31.8,1.14,0.022,19,,,17,,,
1,on,pm,40,3,3.0,-1,0.25,27,33.3,1.027,0.044,22,36.4,0.604,22,40.9,0.912,0.24
1,on_lon,nyam,10,0,1.0,0,0.1,314,43.3,0.733,-0.172,239,51.5,0.988,220,50.0,0.918,-0.005
1,on_lon,nyam,10,0,1.0,0,0.25,755,46.5,0.924,-0.098,522,52.1,1.051,484,52.3,1.064,0.034
1,on_lon,nyam,10,0,1.0,1,0.1,124,45.2,0.797,-0.132,99,52.5,0.977,86,46.5,0.852,-0.069
1,on_lon,nyam,10,0,1.0,1,0.25,327,46.8,0.939,-0.091,246,50.8,0.934,214,48.1,0.892,-0.045
1,on_lon,nyam,10,0,1.0,-1,0.1,190,42.1,0.685,-0.198,140,50.7,0.997,134,52.2,0.975,0.035
1,on_lon,nyam,10,0,1.0,-1,0.25,428,46.3,0.911,-0.104,277,53.4,1.184,270,55.6,1.241,0.097
1,on_lon,nyam,10,0,1.5,0,0.1,314,33.4,0.727,-0.207,239,38.5,0.857,220,39.5,0.864,-0.034
1,on_lon,nyam,10,0,1.5,0,0.25,749,37.9,0.973,-0.083,520,41.3,1.062,482,42.1,1.062,0.034
1,on_lon,nyam,10,0,1.5,1,0.1,124,33.1,0.722,-0.212,99,41.4,0.939,86,36.0,0.774,-0.115
1,on_lon,nyam,10,0,1.5,1,0.25,327,36.7,0.947,-0.116,246,39.4,0.925,214,37.9,0.896,-0.072
1,on_lon,nyam,10,0,1.5,-1,0.1,190,33.7,0.732,-0.205,140,36.4,0.794,134,41.8,0.943,0.018
1,on_lon,nyam,10,0,1.5,-1,0.25,426,38.5,0.981,-0.066,277,43.0,1.203,270,45.6,1.219,0.114
1,on_lon,nyam,10,0,2.0,0,0.1,314,28.3,0.761,-0.196,238,33.2,0.87,220,32.7,0.835,-0.059
1,on_lon,nyam,10,0,2.0,0,0.25,745,33.0,1.024,-0.051,515,35.0,1.042,478,35.4,1.012,0.014
1,on_lon,nyam,10,0,2.0,1,0.1,124,28.2,0.783,-0.192,99,37.4,1.033,86,30.2,0.791,-0.143
1,on_lon,nyam,10,0,2.0,1,0.25,327,32.1,1.006,-0.083,246,34.6,0.917,214,32.2,0.871,-0.085
1,on_lon,nyam,10,0,2.0,-1,0.1,190,28.4,0.744,-0.198,140,30.0,0.74,134,34.3,0.871,-0.004
1,on_lon,nyam,10,0,2.0,-1,0.25,426,33.3,1.022,-0.037,277,35.4,1.165,269,37.5,1.125,0.078
1,on_lon,nyam,10,0,3.0,0,0.1,314,19.7,0.681,-0.262,238,27.3,0.899,219,27.9,0.976,0.035
1,on_lon,nyam,10,0,3.0,0,0.25,733,25.6,1.032,-0.056,503,29.6,1.038,467,30.2,1.055,0.074
1,on_lon,nyam,10,0,3.0,1,0.1,124,15.3,0.512,-0.439,99,29.3,0.952,86,24.4,0.813,-0.102
1,on_lon,nyam,10,0,3.0,1,0.25,327,23.9,0.971,-0.151,246,26.8,0.731,214,25.7,0.74,-0.131
1,on_lon,nyam,10,0,3.0,-1,0.1,190,22.6,0.825,-0.146,140,25.7,0.845,133,30.1,1.116,0.123
1,on_lon,nyam,10,0,3.0,-1,0.25,425,26.8,1.07,0.011,277,31.0,1.301,268,33.6,1.323,0.217
1,on_lon,nyam,10,1,1.0,0,0.1,82,52.4,0.97,0.008,53,62.3,1.746,39,64.1,1.488,0.268
1,on_lon,nyam,10,1,1.0,0,0.25,142,58.5,1.407,0.138,101,55.4,1.184,73,54.8,0.96,0.081
1,on_lon,nyam,10,1,1.0,1,0.1,26,38.5,0.623,-0.268,19,,,13,,,
1,on_lon,nyam,10,1,1.0,1,0.25,60,55.0,1.261,0.073,41,61.0,1.654,27,59.3,1.387,0.171
1,on_lon,nyam,10,1,1.0,-1,0.1,56,58.9,1.222,0.137,34,58.8,1.41,26,65.4,1.482,0.293
1,on_lon,nyam,10,1,1.0,-1,0.25,82,61.0,1.549,0.185,60,51.7,0.908,46,52.2,0.79,0.029
1,on_lon,nyam,10,1,1.5,0,0.1,82,43.9,1.094,0.055,53,52.8,1.837,39,53.8,1.473,0.314
1,on_lon,nyam,10,1,1.5,0,0.25,142,47.2,1.322,0.14,101,46.5,1.24,73,43.8,0.891,0.083
1,on_lon,nyam,10,1,1.5,1,0.1,26,26.9,0.618,-0.367,19,,,13,,,
1,on_lon,nyam,10,1,1.5,1,0.25,60,40.0,1.061,-0.045,41,58.5,2.055,27,55.6,1.741,0.368
1,on_lon,nyam,10,1,1.5,-1,0.1,56,51.8,1.444,0.251,34,44.1,1.236,26,50.0,1.191,0.215
1,on_lon,nyam,10,1,1.5,-1,0.25,82,52.4,1.597,0.275,60,38.3,0.799,46,37.0,0.585,-0.084
1,on_lon,nyam,10,1,2.0,0,0.1,82,36.6,1.003,0.054,53,45.3,1.805,39,46.2,1.429,0.32
1,on_lon,nyam,10,1,2.0,0,0.25,142,39.4,1.266,0.136,100,41.0,1.308,73,37.0,0.9,0.079
1,on_lon,nyam,10,1,2.0,1,0.1,26,19.2,0.377,-0.464,19,,,13,,,
1,on_lon,nyam,10,1,2.0,1,0.25,60,30.0,0.835,-0.134,41,53.7,2.243,27,48.1,1.858,0.423
1,on_lon,nyam,10,1,2.0,-1,0.1,56,44.6,1.488,0.295,34,35.3,1.152,26,42.3,1.121,0.186
1,on_lon,nyam,10,1,2.0,-1,0.25,82,46.3,1.762,0.333,60,31.7,0.749,46,30.4,0.542,-0.123
1,on_lon,nyam,10,1,3.0,0,0.1,82,26.8,1.097,0.027,53,35.8,1.83,39,38.5,1.565,0.448
1,on_lon,nyam,10,1,3.0,0,0.25,142,32.4,1.439,0.2,100,34.0,1.382,73,32.9,0.993,0.177
1,on_lon,nyam,10,1,3.0,1,0.1,26,19.2,0.568,-0.271,19,,,13,,,
1,on_lon,nyam,10,1,3.0,1,0.25,60,28.3,1.055,0.052,41,43.9,2.391,27,40.7,1.899,0.447
1,on_lon,nyam,10,1,3.0,-1,0.1,56,30.4,1.442,0.166,34,29.4,1.284,26,38.5,1.304,0.416
1,on_lon,nyam,10,1,3.0,-1,0.25,82,35.4,1.833,0.309,60,26.7,0.758,46,28.3,0.636,0.019
1,on_lon,nyam,10,2,1.0,0,0.1,384,50.3,0.94,-0.023,261,55.2,1.033,238,53.8,0.948,0.058
1,on_lon,nyam,10,2,1.0,0,0.25,637,49.5,0.956,-0.038,440,53.4,0.995,412,53.9,1.054,0.062
1,on_lon,nyam,10,2,1.0,1,0.1,153,48.4,0.885,-0.069,111,55.9,0.99,97,49.5,0.833,-0.029
1,on_lon,nyam,10,2,1.0,1,0.25,280,48.2,0.941,-0.068,211,53.6,1.047,186,53.2,1.179,0.05
1,on_lon,nyam,10,2,1.0,-1,0.1,231,51.5,0.986,0.007,152,53.9,1.04,141,56.7,1.053,0.118
1,on_lon,nyam,10,2,1.0,-1,0.25,360,50.6,0.977,-0.012,233,52.8,0.944,229,54.6,0.97,0.076
1,on_lon,nyam,10,2,1.5,0,0.1,384,39.1,0.899,-0.064,261,45.6,1.06,238,45.0,0.996,0.093
1,on_lon,nyam,10,2,1.5,0,0.25,636,39.0,0.977,-0.061,439,44.4,1.084,412,45.4,1.16,0.108
1,on_lon,nyam,10,2,1.5,1,0.1,153,36.6,0.784,-0.13,111,46.8,1.1,97,42.3,0.918,0.028
1,on_lon,nyam,10,2,1.5,1,0.25,280,36.8,0.915,-0.115,211,45.0,1.154,186,44.6,1.244,0.096
1,on_lon,nyam,10,2,1.5,-1,0.1,231,40.7,0.999,-0.021,152,44.1,1.004,141,46.8,1.064,0.138
1,on_lon,nyam,10,2,1.5,-1,0.25,360,40.8,1.038,-0.015,233,43.3,1.013,229,45.9,1.087,0.114
1,on_lon,nyam,10,2,2.0,0,0.1,384,31.8,0.886,-0.094,261,38.7,1.102,238,38.7,1.03,0.123
1,on_lon,nyam,10,2,2.0,0,0.25,634,33.0,0.996,-0.059,438,37.2,1.084,411,37.7,1.091,0.093
1,on_lon,nyam,10,2,2.0,1,0.1,153,28.1,0.699,-0.204,111,42.3,1.262,97,37.1,1.029,0.079
1,on_lon,nyam,10,2,2.0,1,0.25,280,30.0,0.916,-0.142,211,38.4,1.141,186,38.7,1.303,0.132
1,on_lon,nyam,10,2,2.0,-1,0.1,231,34.2,1.054,-0.021,152,35.5,0.961,141,39.7,1.032,0.154
1,on_lon,nyam,10,2,2.0,-1,0.25,360,35.0,1.058,-0.002,233,35.6,1.015,229,36.7,0.915,0.056
1,on_lon,nyam,10,2,3.0,0,0.1,384,24.5,0.907,-0.077,261,31.0,1.198,238,32.4,1.177,0.243
1,on_lon,nyam,10,2,3.0,0,0.25,631,26.6,1.075,-0.01,435,29.7,1.064,410,31.7,1.146,0.168
1,on_lon,nyam,10,2,3.0,1,0.1,153,21.6,0.727,-0.193,111,31.5,1.234,97,28.9,1.003,0.089
1,on_lon,nyam,10,2,3.0,1,0.25,280,23.9,0.942,-0.113,211,28.9,0.937,186,30.6,1.16,0.098
1,on_lon,nyam,10,2,3.0,-1,0.1,231,26.4,1.063,0.0,152,30.3,1.146,141,34.8,1.329,0.349
1,on_lon,nyam,10,2,3.0,-1,0.25,360,28.6,1.188,0.066,233,29.6,1.145,229,32.3,1.102,0.216
1,on_lon,nyam,10,3,1.0,0,0.1,446,48.7,0.87,-0.062,274,48.5,0.915,240,52.1,1.083,0.027
1,on_lon,nyam,10,3,1.0,0,0.25,725,48.3,0.903,-0.064,486,47.5,0.878,468,50.2,0.955,-0.01
1,on_lon,nyam,10,3,1.0,1,0.1,197,48.7,0.853,-0.055,111,48.6,0.945,96,56.2,1.231,0.112
1,on_lon,nyam,10,3,1.0,1,0.25,339,49.6,0.936,-0.035,245,45.7,0.822,217,49.3,0.873,-0.028
1,on_lon,nyam,10,3,1.0,-1,0.1,249,48.6,0.887,-0.067,166,47.6,0.855,145,49.0,0.963,-0.037
1,on_lon,nyam,10,3,1.0,-1,0.25,394,48.0,0.905,-0.073,247,49.0,0.956,256,50.8,1.037,0.001
1,on_lon,nyam,10,3,1.5,0,0.1,446,39.0,0.884,-0.067,273,39.6,0.93,240,42.9,1.139,0.049
1,on_lon,nyam,10,3,1.5,0,0.25,725,39.3,0.955,-0.052,485,37.7,0.839,468,40.8,0.963,-0.003
1,on_lon,nyam,10,3,1.5,1,0.1,197,39.6,0.848,-0.051,111,42.3,1.038,96,44.8,1.216,0.099
1,on_lon,nyam,10,3,1.5,1,0.25,339,41.3,1.006,-0.0,245,36.3,0.743,217,39.6,0.87,-0.039
1,on_lon,nyam,10,3,1.5,-1,0.1,249,38.6,0.918,-0.079,166,37.3,0.834,145,41.4,1.066,0.008
1,on_lon,nyam,10,3,1.5,-1,0.25,394,38.3,0.943,-0.078,247,38.9,0.962,256,41.4,1.044,0.017
1,on_lon,nyam,10,3,2.0,0,0.1,446,33.0,0.915,-0.056,273,32.2,0.895,240,37.5,1.181,0.084
1,on_lon,nyam,10,3,2.0,0,0.25,724,33.1,0.982,-0.041,485,31.5,0.857,467,35.5,0.984,0.026
1,on_lon,nyam,10,3,2.0,1,0.1,197,33.0,0.858,-0.052,111,36.0,1.026,96,39.6,1.291,0.161
1,on_lon,nyam,10,3,2.0,1,0.25,339,34.5,1.027,0.002,245,31.8,0.801,217,34.6,0.891,-0.002
1,on_lon,nyam,10,3,2.0,-1,0.1,249,32.9,0.97,-0.058,166,29.5,0.788,145,35.9,1.084,0.025
1,on_lon,nyam,10,3,2.0,-1,0.25,393,32.6,0.972,-0.06,247,31.2,0.934,256,35.9,1.068,0.036
1,on_lon,nyam,10,3,3.0,0,0.1,443,24.8,0.908,-0.057,273,24.5,0.877,240,29.6,1.175,0.134
1,on_lon,nyam,10,3,3.0,0,0.25,719,25.6,1.007,-0.025,481,23.9,0.79,463,27.9,0.932,0.041
1,on_lon,nyam,10,3,3.0,1,0.1,197,24.9,0.839,-0.048,111,27.9,1.003,96,28.1,1.049,0.101
1,on_lon,nyam,10,3,3.0,1,0.25,339,27.1,1.066,0.042,245,25.7,0.788,217,26.3,0.808,-0.034
1,on_lon,nyam,10,3,3.0,-1,0.1,248,24.6,0.963,-0.072,166,22.3,0.782,145,30.3,1.267,0.147
1,on_lon,nyam,10,3,3.0,-1,0.25,392,24.7,0.985,-0.062,247,21.9,0.774,256,28.5,1.019,0.07
1,on_lon,nyam,20,0,1.0,0,0.1,338,43.5,0.733,-0.169,264,51.1,1.01,240,50.0,0.935,-0.008
1,on_lon,nyam,20,0,1.0,0,0.25,855,46.2,0.904,-0.104,576,51.7,1.04,538,52.2,1.042,0.032
1,on_lon,nyam,20,0,1.0,1,0.1,134,44.0,0.772,-0.155,108,51.9,0.983,92,47.8,0.914,-0.044
1,on_lon,nyam,20,0,1.0,1,0.25,374,44.7,0.857,-0.133,269,50.6,0.933,238,47.9,0.863,-0.049
1,on_lon,nyam,20,0,1.0,-1,0.1,204,43.1,0.704,-0.177,156,50.6,1.032,148,51.4,0.951,0.015
1,on_lon,nyam,20,0,1.0,-1,0.25,481,47.4,0.948,-0.08,308,52.9,1.158,301,55.5,1.235,0.092
1,on_lon,nyam,20,0,1.5,0,0.1,338,34.0,0.739,-0.193,264,39.0,0.912,240,40.4,0.917,-0.013
1,on_lon,nyam,20,0,1.5,0,0.25,849,37.8,0.964,-0.084,574,41.3,1.049,536,42.4,1.05,0.036
1,on_lon,nyam,20,0,1.5,1,0.1,134,32.1,0.699,-0.236,108,41.7,0.981,92,38.0,0.865,-0.066
1,on_lon,nyam,20,0,1.5,1,0.25,374,35.3,0.891,-0.15,269,39.8,0.933,238,38.2,0.884,-0.065
1,on_lon,nyam,20,0,1.5,-1,0.1,204,35.3,0.772,-0.164,156,37.2,0.86,148,41.9,0.96,0.02
1,on_lon,nyam,20,0,1.5,-1,0.25,479,39.5,1.021,-0.04,308,42.5,1.166,301,45.5,1.212,0.109
1,on_lon,nyam,20,0,2.0,0,0.1,338,29.0,0.772,-0.176,263,33.5,0.911,240,32.9,0.862,-0.052
1,on_lon,nyam,20,0,2.0,0,0.25,844,33.1,1.024,-0.047,568,35.0,1.033,531,35.2,0.985,0.006
1,on_lon,nyam,20,0,2.0,1,0.1,134,27.6,0.768,-0.211,108,38.0,1.1,92,31.5,0.837,-0.103
1,on_lon,nyam,20,0,2.0,1,0.25,374,31.3,0.97,-0.107,269,35.3,0.95,238,32.8,0.865,-0.073
1,on_lon,nyam,20,0,2.0,-1,0.1,204,29.9,0.775,-0.153,156,30.1,0.767,148,33.8,0.881,-0.021
1,on_lon,nyam,20,0,2.0,-1,0.25,479,34.0,1.056,-0.013,308,34.7,1.11,300,36.7,1.08,0.049
1,on_lon,nyam,20,0,3.0,0,0.1,338,20.4,0.687,-0.235,262,26.3,0.893,239,28.5,1.035,0.063
1,on_lon,nyam,20,0,3.0,0,0.25,831,25.6,1.021,-0.053,554,29.2,1.021,518,30.3,1.042,0.072
1,on_lon,nyam,20,0,3.0,1,0.1,134,14.9,0.494,-0.454,108,28.7,0.965,92,26.1,0.895,-0.031
1,on_lon,nyam,20,0,3.0,1,0.25,374,23.3,0.916,-0.172,269,27.5,0.773,238,26.9,0.777,-0.092
1,on_lon,nyam,20,0,3.0,-1,0.1,204,24.0,0.855,-0.091,156,24.4,0.818,147,29.9,1.149,0.121
1,on_lon,nyam,20,0,3.0,-1,0.25,478,27.4,1.115,0.037,308,29.5,1.209,299,32.4,1.253,0.17
1,on_lon,nyam,20,1,1.0,0,0.1,99,50.5,0.928,-0.03,57,63.2,1.719,46,67.4,1.643,0.333
1,on_lon,nyam,20,1,1.0,0,0.25,191,54.5,1.163,0.059,122,57.4,1.277,101,57.4,1.173,0.127
1,on_lon,nyam,20,1,1.0,1,0.1,33,36.4,0.596,-0.31,20,70.0,2.462,15,,,
1,on_lon,nyam,20,1,1.0,1,0.25,87,47.1,0.827,-0.083,53,64.2,1.914,44,59.1,1.478,0.153
1,on_lon,nyam,20,1,1.0,-1,0.1,66,57.6,1.183,0.11,37,59.5,1.37,31,71.0,1.935,0.403
1,on_lon,nyam,20,1,1.0,-1,0.25,104,60.6,1.664,0.178,69,52.2,0.894,57,56.1,0.964,0.108
1,on_lon,nyam,20,1,1.5,0,0.1,99,42.4,1.052,0.018,57,52.6,1.788,46,56.5,1.633,0.366
1,on_lon,nyam,20,1,1.5,0,0.25,191,44.0,1.146,0.063,122,47.5,1.339,101,45.5,1.029,0.107
1,on_lon,nyam,20,1,1.5,1,0.1,33,27.3,0.644,-0.358,20,70.0,3.489,15,,,
1,on_lon,nyam,20,1,1.5,1,0.25,87,34.5,0.759,-0.177,53,60.4,2.314,44,50.0,1.297,0.209
1,on_lon,nyam,20,1,1.5,-1,0.1,66,50.0,1.357,0.207,37,43.2,1.19,31,54.8,1.538,0.312
1,on_lon,nyam,20,1,1.5,-1,0.25,104,51.9,1.714,0.263,69,37.7,0.79,57,42.1,0.829,0.029
1,on_lon,nyam,20,1,2.0,0,0.1,99,35.4,0.969,0.017,57,45.6,1.789,46,47.8,1.5,0.349
1,on_lon,nyam,20,1,2.0,0,0.25,190,36.8,1.109,0.063,121,41.3,1.265,101,38.6,0.954,0.104
1,on_lon,nyam,20,1,2.0,1,0.1,33,18.2,0.371,-0.495,20,65.0,3.66,15,,,
1,on_lon,nyam,20,1,2.0,1,0.25,87,26.4,0.667,-0.238,53,52.8,1.93,44,43.2,1.134,0.243
1,on_lon,nyam,20,1,2.0,-1,0.1,66,43.9,1.455,0.274,37,35.1,1.142,31,45.2,1.304,0.239
1,on_lon,nyam,20,1,2.0,-1,0.25,104,46.2,1.777,0.333,69,31.9,0.781,57,35.1,0.807,-0.002
1,on_lon,nyam,20,1,3.0,0,0.1,99,25.3,0.994,-0.036,57,35.1,1.723,46,37.0,1.405,0.348
1,on_lon,nyam,20,1,3.0,0,0.25,190,30.5,1.259,0.115,121,34.7,1.342,101,33.7,1.046,0.161
1,on_lon,nyam,20,1,3.0,1,0.1,33,18.2,0.559,-0.314,20,50.0,3.124,15,,,
1,on_lon,nyam,20,1,3.0,1,0.25,87,25.3,0.791,-0.11,53,45.3,2.085,44,38.6,1.232,0.294
1,on_lon,nyam,20,1,3.0,-1,0.1,66,28.8,1.284,0.103,37,27.0,1.137,31,35.5,1.12,0.238
1,on_lon,nyam,20,1,3.0,-1,0.25,104,35.6,1.894,0.331,69,26.1,0.802,57,29.8,0.899,0.059
1,on_lon,nyam,20,2,1.0,0,0.1,416,50.0,0.924,-0.021,281,54.8,1.045,256,53.1,0.939,0.044
1,on_lon,nyam,20,2,1.0,0,0.25,736,49.0,0.932,-0.041,486,53.1,1.007,461,53.1,1.031,0.046
1,on_lon,nyam,20,2,1.0,1,0.1,169,47.9,0.867,-0.058,118,55.9,1.024,102,49.0,0.828,-0.039
1,on_lon,nyam,20,2,1.0,1,0.25,330,46.4,0.838,-0.093,232,53.4,1.061,208,51.9,1.099,0.024
1,on_lon,nyam,20,2,1.0,-1,0.1,247,51.4,0.972,0.004,165,53.3,1.034,154,55.8,1.036,0.098
1,on_lon,nyam,20,2,1.0,-1,0.25,409,51.3,1.038,0.004,258,52.3,0.955,256,54.3,0.984,0.067
1,on_lon,nyam,20,2,1.5,0,0.1,416,38.7,0.885,-0.067,281,45.6,1.075,256,44.9,1.011,0.092
1,on_lon,nyam,20,2,1.5,0,0.25,735,38.9,0.977,-0.058,485,44.3,1.062,461,45.3,1.153,0.105
1,on_lon,nyam,20,2,1.5,1,0.1,169,35.5,0.751,-0.14,118,46.6,1.11,102,42.2,0.924,0.025
1,on_lon,nyam,20,2,1.5,1,0.25,330,35.5,0.847,-0.138,232,44.8,1.105,208,44.2,1.222,0.085
1,on_lon,nyam,20,2,1.5,-1,0.1,247,40.9,1.003,-0.016,165,44.2,1.025,154,46.8,1.083,0.136
1,on_lon,nyam,20,2,1.5,-1,0.25,409,41.8,1.115,0.01,258,43.4,1.016,256,46.1,1.089,0.117
1,on_lon,nyam,20,2,2.0,0,0.1,416,32.0,0.892,-0.082,281,38.8,1.113,256,38.7,1.043,0.124
1,on_lon,nyam,20,2,2.0,0,0.25,733,32.9,0.982,-0.058,483,37.1,1.033,459,37.5,1.043,0.083
1,on_lon,nyam,20,2,2.0,1,0.1,169,27.8,0.686,-0.198,118,42.4,1.284,102,37.3,1.045,0.083
1,on_lon,nyam,20,2,2.0,1,0.25,330,29.4,0.864,-0.153,232,38.4,1.093,208,38.0,1.19,0.107
1,on_lon,nyam,20,2,2.0,-1,0.1,247,34.8,1.079,-0.002,165,35.8,0.969,154,39.6,1.042,0.151
1,on_lon,nyam,20,2,2.0,-1,0.25,409,35.5,1.09,0.011,258,35.3,0.963,256,36.7,0.908,0.053
1,on_lon,nyam,20,2,3.0,0,0.1,416,24.5,0.904,-0.071,281,30.6,1.169,256,31.6,1.14,0.215
1,on_lon,nyam,20,2,3.0,0,0.25,730,26.6,1.038,-0.019,480,29.6,1.015,458,31.0,1.041,0.125
1,on_lon,nyam,20,2,3.0,1,0.1,169,21.3,0.706,-0.194,118,29.7,1.143,102,28.4,0.974,0.073
1,on_lon,nyam,20,2,3.0,1,0.25,330,23.3,0.843,-0.142,232,28.4,0.886,208,29.8,1.011,0.052
1,on_lon,nyam,20,2,3.0,-1,0.1,247,26.7,1.075,0.013,165,30.9,1.169,154,33.8,1.278,0.309
1,on_lon,nyam,20,2,3.0,-1,0.25,409,29.1,1.226,0.077,258,29.8,1.106,256,31.6,1.04,0.172
1,on_lon,nyam,20,3,1.0,0,0.1,481,48.9,0.877,-0.058,298,46.6,0.853,262,51.5,1.058,0.014
1,on_lon,nyam,20,3,1.0,0,0.25,800,49.0,0.941,-0.049,529,47.3,0.887,514,50.4,0.973,-0.007
1,on_lon,nyam,20,3,1.0,1,0.1,208,48.1,0.825,-0.069,119,47.9,0.932,102,56.9,1.278,0.123
1,on_lon,nyam,20,3,1.0,1,0.25,366,49.2,0.92,-0.042,263,46.8,0.875,233,50.2,0.902,-0.01
1,on_lon,nyam,20,3,1.0,-1,0.1,273,49.5,0.928,-0.05,182,45.1,0.769,161,47.8,0.905,-0.061
1,on_lon,nyam,20,3,1.0,-1,0.25,442,49.5,0.992,-0.041,272,47.4,0.906,286,50.3,1.04,-0.009
1,on_lon,nyam,20,3,1.5,0,0.1,481,39.1,0.89,-0.065,297,37.7,0.873,262,42.0,1.101,0.024
1,on_lon,nyam,20,3,1.5,0,0.25,800,39.8,0.983,-0.04,528,37.9,0.87,514,40.9,0.98,-0.003
1,on_lon,nyam,20,3,1.5,1,0.1,208,38.5,0.807,-0.079,119,42.0,1.043,102,45.1,1.252,0.106
1,on_lon,nyam,20,3,1.5,1,0.25,366,40.4,0.972,-0.022,263,38.0,0.818,233,40.8,0.909,-0.015
1,on_lon,nyam,20,3,1.5,-1,0.1,273,39.6,0.972,-0.054,182,34.6,0.746,161,39.8,0.985,-0.034
1,on_lon,nyam,20,3,1.5,-1,0.25,442,39.8,1.025,-0.04,272,37.5,0.93,286,40.6,1.035,-0.003
1,on_lon,nyam,20,3,2.0,0,0.1,481,32.8,0.912,-0.059,297,31.0,0.857,262,37.0,1.164,0.07
1,on_lon,nyam,20,3,2.0,0,0.25,798,33.7,1.024,-0.023,528,32.0,0.897,513,35.7,1.006,0.027
1,on_lon,nyam,20,3,2.0,1,0.1,208,31.7,0.811,-0.09,119,36.1,1.051,102,40.2,1.347,0.179
1,on_lon,nyam,20,3,2.0,1,0.25,366,33.6,0.997,-0.023,263,33.5,0.873,233,35.2,0.917,0.01
1,on_lon,nyam,20,3,2.0,-1,0.1,273,33.7,1.011,-0.035,182,27.5,0.72,161,34.8,1.025,-0.006
1,on_lon,nyam,20,3,2.0,-1,0.25,441,34.2,1.077,-0.01,272,30.5,0.93,286,35.7,1.081,0.029
1,on_lon,nyam,20,3,3.0,0,0.1,478,24.7,0.919,-0.063,296,23.3,0.83,261,29.5,1.192,0.132
1,on_lon,nyam,20,3,3.0,0,0.25,789,26.0,1.057,-0.009,523,24.3,0.832,507,28.4,0.975,0.051
1,on_lon,nyam,20,3,3.0,1,0.1,208,24.0,0.8,-0.084,119,27.7,1.019,102,29.4,1.146,0.153
1,on_lon,nyam,20,3,3.0,1,0.25,366,26.5,1.029,0.012,263,26.6,0.836,233,27.5,0.859,-0.006
1,on_lon,nyam,20,3,3.0,-1,0.1,272,25.0,1.024,-0.055,182,20.3,0.692,161,29.2,1.204,0.104
1,on_lon,nyam,20,3,3.0,-1,0.25,440,25.7,1.095,-0.02,272,21.7,0.803,286,28.3,1.042,0.06
1,on_lon,nyam,40,0,1.0,0,0.1,352,44.0,0.756,-0.158,274,51.5,1.017,249,49.4,0.91,-0.02
1,on_lon,nyam,40,0,1.0,0,0.25,882,46.4,0.902,-0.1,599,51.8,1.029,561,51.5,0.999,0.019
1,on_lon,nyam,40,0,1.0,1,0.1,137,44.5,0.789,-0.145,116,52.6,0.995,98,46.9,0.885,-0.064
1,on_lon,nyam,40,0,1.0,1,0.25,385,44.9,0.855,-0.128,284,50.4,0.923,248,47.2,0.849,-0.061
1,on_lon,nyam,40,0,1.0,-1,0.1,215,43.7,0.731,-0.167,158,50.6,1.037,151,51.0,0.93,0.008
1,on_lon,nyam,40,0,1.0,-1,0.25,497,47.5,0.947,-0.079,316,53.2,1.147,314,54.8,1.153,0.078
1,on_lon,nyam,40,0,1.5,0,0.1,352,34.4,0.75,-0.185,274,39.4,0.929,249,39.8,0.898,-0.03
1,on_lon,nyam,40,0,1.5,0,0.25,876,37.9,0.962,-0.081,597,41.0,1.028,559,41.3,0.998,0.012
1,on_lon,nyam,40,0,1.5,1,0.1,137,32.8,0.723,-0.217,116,42.2,1.002,98,37.8,0.859,-0.074
1,on_lon,nyam,40,0,1.5,1,0.25,385,35.8,0.899,-0.136,284,39.4,0.919,248,37.5,0.863,-0.079
1,on_lon,nyam,40,0,1.5,-1,0.1,215,35.3,0.771,-0.164,158,37.3,0.872,151,41.1,0.93,-0.001
1,on_lon,nyam,40,0,1.5,-1,0.25,495,39.2,1.008,-0.046,316,42.4,1.138,314,44.3,1.124,0.078
1,on_lon,nyam,40,0,2.0,0,0.1,352,29.3,0.78,-0.168,273,33.0,0.893,249,32.1,0.827,-0.076
1,on_lon,nyam,40,0,2.0,0,0.25,871,33.2,1.016,-0.048,590,34.4,1.006,553,34.2,0.937,-0.022
1,on_lon,nyam,40,0,2.0,1,0.1,137,27.7,0.773,-0.207,116,36.2,1.02,98,30.6,0.79,-0.129
1,on_lon,nyam,40,0,2.0,1,0.25,385,31.7,0.961,-0.104,284,34.2,0.916,248,31.9,0.834,-0.096
1,on_lon,nyam,40,0,2.0,-1,0.1,215,30.2,0.785,-0.144,158,30.4,0.784,151,33.1,0.858,-0.041
1,on_lon,nyam,40,0,2.0,-1,0.25,495,33.9,1.05,-0.015,316,34.8,1.092,313,35.8,1.017,0.023
1,on_lon,nyam,40,0,3.0,0,0.1,352,20.7,0.703,-0.222,272,25.7,0.861,248,27.8,0.997,0.039
1,on_lon,nyam,40,0,3.0,0,0.25,857,25.8,1.01,-0.052,574,28.6,0.991,538,29.4,0.991,0.041
1,on_lon,nyam,40,0,3.0,1,0.1,137,15.3,0.509,-0.438,116,27.6,0.909,98,25.5,0.853,-0.052
1,on_lon,nyam,40,0,3.0,1,0.25,385,23.9,0.918,-0.159,284,26.8,0.755,248,26.2,0.755,-0.11
1,on_lon,nyam,40,0,3.0,-1,0.1,215,24.2,0.867,-0.084,158,24.1,0.802,150,29.3,1.119,0.098
1,on_lon,nyam,40,0,3.0,-1,0.25,494,27.1,1.087,0.027,316,29.1,1.167,312,31.4,1.17,0.133
1,on_lon,nyam,40,1,1.0,0,0.1,101,51.5,0.971,-0.011,61,62.3,1.622,53,66.0,1.488,0.305
1,on_lon,nyam,40,1,1.0,0,0.25,201,53.7,1.118,0.045,135,57.8,1.279,116,57.8,1.178,0.135
1,on_lon,nyam,40,1,1.0,1,0.1,33,36.4,0.596,-0.31,23,65.2,1.889,17,,,
1,on_lon,nyam,40,1,1.0,1,0.25,90,46.7,0.82,-0.092,62,64.5,1.982,49,61.2,1.652,0.199
1,on_lon,nyam,40,1,1.0,-1,0.1,68,58.8,1.258,0.135,38,60.5,1.45,36,69.4,1.733,0.37
1,on_lon,nyam,40,1,1.0,-1,0.25,111,59.5,1.514,0.156,73,52.1,0.855,67,55.2,0.902,0.088
1,on_lon,nyam,40,1,1.5,0,0.1,101,43.6,1.109,0.047,61,52.5,1.735,53,54.7,1.539,0.321
1,on_lon,nyam,40,1,1.5,0,0.25,201,43.8,1.132,0.059,135,48.1,1.351,116,44.8,1.04,0.09
1,on_lon,nyam,40,1,1.5,1,0.1,33,27.3,0.644,-0.358,23,65.2,2.686,17,,,
1,on_lon,nyam,40,1,1.5,1,0.25,90,34.4,0.766,-0.177,62,59.7,2.305,49,51.0,1.426,0.237
1,on_lon,nyam,40,1,1.5,-1,0.1,68,51.5,1.455,0.244,38,44.7,1.28,36,52.8,1.475,0.262
1,on_lon,nyam,40,1,1.5,-1,0.25,111,51.4,1.623,0.25,73,38.4,0.785,67,40.3,0.789,-0.018
1,on_lon,nyam,40,1,2.0,0,0.1,101,35.6,0.973,0.026,61,45.9,1.772,53,47.2,1.484,0.335
1,on_lon,nyam,40,1,2.0,0,0.25,200,36.5,1.097,0.054,134,41.0,1.245,116,38.8,1.021,0.113
1,on_lon,nyam,40,1,2.0,1,0.1,33,18.2,0.371,-0.495,23,60.9,2.924,17,,,
1,on_lon,nyam,40,1,2.0,1,0.25,90,26.7,0.685,-0.23,62,51.6,1.931,49,44.9,1.317,0.298
1,on_lon,nyam,40,1,2.0,-1,0.1,68,44.1,1.445,0.28,38,36.8,1.246,36,44.4,1.33,0.227
1,on_lon,nyam,40,1,2.0,-1,0.25,111,45.0,1.661,0.302,73,31.5,0.735,67,34.3,0.811,-0.022
1,on_lon,nyam,40,1,3.0,0,0.1,101,25.7,1.009,-0.016,61,34.4,1.669,53,35.8,1.361,0.315
1,on_lon,nyam,40,1,3.0,0,0.25,200,30.5,1.243,0.106,134,33.6,1.196,116,32.8,1.001,0.118
1,on_lon,nyam,40,1,3.0,1,0.1,33,18.2,0.559,-0.314,23,43.5,2.388,17,,,
1,on_lon,nyam,40,1,3.0,1,0.25,90,25.6,0.777,-0.124,62,41.9,1.726,49,38.8,1.151,0.264
1,on_lon,nyam,40,1,3.0,-1,0.1,68,29.4,1.3,0.129,38,28.9,1.275,36,33.3,1.076,0.17
1,on_lon,nyam,40,1,3.0,-1,0.25,111,35.1,1.823,0.318,73,26.0,0.771,67,28.4,0.891,0.011
1,on_lon,nyam,40,2,1.0,0,0.1,428,50.5,0.945,-0.011,292,54.8,1.053,265,52.5,0.914,0.029
1,on_lon,nyam,40,2,1.0,0,0.25,759,49.1,0.924,-0.039,509,53.0,1.017,484,52.9,1.03,0.043
1,on_lon,nyam,40,2,1.0,1,0.1,172,48.8,0.889,-0.04,127,55.9,1.036,108,49.1,0.834,-0.039
1,on_lon,nyam,40,2,1.0,1,0.25,339,46.6,0.827,-0.088,248,53.2,1.075,220,51.8,1.117,0.026
1,on_lon,nyam,40,2,1.0,-1,0.1,256,51.6,0.991,0.008,167,53.3,1.041,157,54.8,0.983,0.076
1,on_lon,nyam,40,2,1.0,-1,0.25,423,51.3,1.033,0.004,265,52.5,0.961,267,53.9,0.966,0.06
1,on_lon,nyam,40,2,1.5,0,0.1,428,39.0,0.896,-0.059,292,45.9,1.097,265,44.5,0.995,0.082
1,on_lon,nyam,40,2,1.5,0,0.25,757,39.1,0.973,-0.053,508,44.1,1.049,484,44.8,1.126,0.094
1,on_lon,nyam,40,2,1.5,1,0.1,172,36.0,0.769,-0.127,127,47.2,1.143,108,42.6,0.946,0.035
1,on_lon,nyam,40,2,1.5,1,0.25,339,35.7,0.843,-0.133,248,44.8,1.123,220,44.5,1.262,0.097
1,on_lon,nyam,40,2,1.5,-1,0.1,256,41.0,1.004,-0.013,167,44.3,1.038,157,45.9,1.036,0.114
1,on_lon,nyam,40,2,1.5,-1,0.25,423,41.8,1.109,0.011,265,43.0,0.975,267,44.9,1.009,0.089
1,on_lon,nyam,40,2,2.0,0,0.1,428,32.2,0.902,-0.075,292,38.0,1.073,265,37.7,0.994,0.096
1,on_lon,nyam,40,2,2.0,0,0.25,755,33.0,0.972,-0.057,505,36.2,0.989,480,36.2,0.983,0.049
1,on_lon,nyam,40,2,2.0,1,0.1,172,28.5,0.709,-0.179,127,40.9,1.207,108,36.1,0.984,0.048
1,on_lon,nyam,40,2,2.0,1,0.25,339,29.8,0.854,-0.146,248,37.1,1.047,220,36.8,1.141,0.077
1,on_lon,nyam,40,2,2.0,-1,0.1,256,34.8,1.072,-0.005,167,35.3,0.951,157,38.9,1.002,0.128
1,on_lon,nyam,40,2,2.0,-1,0.25,423,35.2,1.079,0.005,265,34.7,0.921,267,35.6,0.845,0.02
1,on_lon,nyam,40,2,3.0,0,0.1,428,24.5,0.904,-0.071,292,29.8,1.124,265,30.9,1.093,0.188
1,on_lon,nyam,40,2,3.0,0,0.25,751,26.5,1.014,-0.025,500,28.4,0.955,477,30.0,0.972,0.083
1,on_lon,nyam,40,2,3.0,1,0.1,172,21.5,0.713,-0.186,127,28.3,1.072,108,27.8,0.93,0.048
1,on_lon,nyam,40,2,3.0,1,0.25,339,23.6,0.832,-0.139,248,27.0,0.833,220,29.1,0.958,0.02
1,on_lon,nyam,40,2,3.0,-1,0.1,256,26.6,1.066,0.006,167,30.5,1.149,157,33.1,1.232,0.283
1,on_lon,nyam,40,2,3.0,-1,0.25,423,28.6,1.18,0.059,265,29.1,1.044,267,30.3,0.956,0.123
1,on_lon,nyam,40,3,1.0,0,0.1,490,48.4,0.867,-0.068,303,47.5,0.889,268,51.9,1.086,0.021
1,on_lon,nyam,40,3,1.0,0,0.25,815,48.7,0.934,-0.055,539,48.2,0.929,527,51.0,1.013,0.006
1,on_lon,nyam,40,3,1.0,1,0.1,212,48.1,0.838,-0.068,123,49.6,1.013,106,58.5,1.375,0.155
1,on_lon,nyam,40,3,1.0,1,0.25,371,49.1,0.919,-0.045,270,48.1,0.937,242,51.7,0.973,0.019
1,on_lon,nyam,40,3,1.0,-1,0.1,278,48.6,0.895,-0.068,183,45.4,0.775,163,47.2,0.892,-0.073
1,on_lon,nyam,40,3,1.0,-1,0.25,452,49.1,0.978,-0.05,275,48.0,0.925,290,50.3,1.048,-0.009
1,on_lon,nyam,40,3,1.5,0,0.1,490,38.4,0.864,-0.083,302,38.7,0.91,268,42.5,1.135,0.034
1,on_lon,nyam,40,3,1.5,0,0.25,815,39.4,0.97,-0.05,538,38.5,0.891,527,41.2,1.002,0.003
1,on_lon,nyam,40,3,1.5,1,0.1,212,37.7,0.784,-0.097,123,43.9,1.127,106,47.2,1.354,0.149
1,on_lon,nyam,40,3,1.5,1,0.25,371,39.9,0.953,-0.035,270,38.9,0.851,242,41.7,0.956,0.006
1,on_lon,nyam,40,3,1.5,-1,0.1,278,38.8,0.942,-0.072,183,35.0,0.753,163,39.3,0.973,-0.046
1,on_lon,nyam,40,3,1.5,-1,0.25,452,39.6,1.018,-0.045,275,37.8,0.937,290,40.3,1.033,-0.009
1,on_lon,nyam,40,3,2.0,0,0.1,490,32.2,0.888,-0.077,302,31.8,0.894,268,37.7,1.206,0.084
1,on_lon,nyam,40,3,2.0,0,0.25,812,33.5,1.015,-0.03,538,32.3,0.914,526,35.9,1.029,0.032
1,on_lon,nyam,40,3,2.0,1,0.1,212,31.1,0.79,-0.108,123,38.2,1.149,106,42.5,1.469,0.233
1,on_lon,nyam,40,3,2.0,1,0.25,371,33.2,0.979,-0.037,270,34.4,0.917,242,36.4,0.981,0.04
1,on_lon,nyam,40,3,2.0,-1,0.1,278,33.1,0.983,-0.053,183,27.3,0.716,163,34.4,1.014,-0.019
1,on_lon,nyam,40,3,2.0,-1,0.25,451,34.1,1.074,-0.013,275,30.2,0.916,290,35.2,1.064,0.014
1,on_lon,nyam,40,3,3.0,0,0.1,487,24.2,0.897,-0.082,301,24.3,0.879,267,30.3,1.249,0.156
1,on_lon,nyam,40,3,3.0,0,0.25,803,25.9,1.054,-0.012,533,24.8,0.861,520,28.7,0.993,0.058
1,on_lon,nyam,40,3,3.0,1,0.1,212,23.6,0.781,-0.102,123,30.1,1.146,106,32.1,1.295,0.236
1,on_lon,nyam,40,3,3.0,1,0.25,371,26.1,1.012,-0.003,270,27.8,0.901,242,28.5,0.913,0.029
1,on_lon,nyam,40,3,3.0,-1,0.1,277,24.5,0.999,-0.073,183,20.2,0.689,163,28.8,1.192,0.09
1,on_lon,nyam,40,3,3.0,-1,0.25,450,25.8,1.102,-0.015,275,21.5,0.793,290,27.9,1.027,0.045
1,on_lon,ny_open,10,0,1.0,0,0.1,237,41.8,0.668,-0.201,178,55.1,1.063,164,53.0,0.993,0.053
1,on_lon,ny_open,10,0,1.0,0,0.25,627,46.9,0.943,-0.089,426,54.7,1.146,397,54.9,1.183,0.088
1,on_lon,ny_open,10,0,1.0,1,0.1,90,42.2,0.7,-0.19,77,59.7,1.196,64,53.1,1.039,0.043
1,on_lon,ny_open,10,0,1.0,1,0.25,257,46.3,0.94,-0.1,205,53.7,1.012,178,51.7,1.011,0.019
1,on_lon,ny_open,10,0,1.0,-1,0.1,147,41.5,0.645,-0.208,101,51.5,0.956,100,53.0,0.957,0.059
1,on_lon,ny_open,10,0,1.0,-1,0.25,370,47.3,0.945,-0.081,222,55.9,1.3,219,57.5,1.357,0.144
1,on_lon,ny_open,10,0,1.5,0,0.1,237,32.1,0.678,-0.242,178,42.7,0.959,164,42.7,0.955,0.042
1,on_lon,ny_open,10,0,1.5,0,0.25,624,38.3,1.009,-0.07,425,44.5,1.188,396,44.7,1.186,0.097
1,on_lon,ny_open,10,0,1.5,1,0.1,90,31.1,0.658,-0.26,77,46.8,1.107,64,42.2,0.923,0.028
1,on_lon,ny_open,10,0,1.5,1,0.25,257,37.0,1.001,-0.104,205,42.0,1.033,178,41.0,0.999,0.003
1,on_lon,ny_open,10,0,1.5,-1,0.1,147,32.7,0.693,-0.231,101,39.6,0.839,100,43.0,0.982,0.051
1,on_lon,ny_open,10,0,1.5,-1,0.25,369,39.0,1.003,-0.051,222,46.4,1.347,219,47.5,1.361,0.169
1,on_lon,ny_open,10,0,2.0,0,0.1,237,26.6,0.7,-0.249,177,36.7,0.961,164,34.8,0.906,-0.0
1,on_lon,ny_open,10,0,2.0,0,0.25,622,32.8,1.036,-0.052,420,37.6,1.149,392,37.8,1.127,0.083
1,on_lon,ny_open,10,0,2.0,1,0.1,90,25.6,0.687,-0.272,77,42.9,1.229,64,35.9,0.959,0.021
1,on_lon,ny_open,10,0,2.0,1,0.25,257,31.5,1.03,-0.09,205,36.6,1.001,178,34.8,0.953,-0.011
1,on_lon,ny_open,10,0,2.0,-1,0.1,147,27.2,0.709,-0.235,101,31.7,0.738,100,34.0,0.864,-0.014
1,on_lon,ny_open,10,0,2.0,-1,0.25,369,33.6,1.036,-0.028,222,38.3,1.292,218,39.4,1.264,0.139
1,on_lon,ny_open,10,0,3.0,0,0.1,237,17.7,0.604,-0.345,177,31.1,1.042,164,29.9,1.05,0.113
1,on_lon,ny_open,10,0,3.0,0,0.25,616,25.0,1.027,-0.071,413,32.0,1.14,387,32.3,1.156,0.155
1,on_lon,ny_open,10,0,3.0,1,0.1,90,13.3,0.444,-0.522,77,32.5,1.035,64,28.1,0.912,0.031
1,on_lon,ny_open,10,0,3.0,1,0.25,257,23.0,0.981,-0.17,205,27.3,0.759,178,27.0,0.78,-0.078
1,on_lon,ny_open,10,0,3.0,-1,0.1,147,20.4,0.736,-0.237,101,29.7,1.026,100,31.0,1.169,0.165
1,on_lon,ny_open,10,0,3.0,-1,0.25,368,26.4,1.063,-0.004,222,34.7,1.497,218,35.8,1.48,0.305
1,on_lon,ny_open,10,1,1.0,0,0.1,62,51.6,0.934,-0.007,39,64.1,1.595,31,67.7,1.638,0.348
1,on_lon,ny_open,10,1,1.0,0,0.25,113,57.5,1.352,0.12,82,54.9,1.08,61,54.1,0.837,0.07
1,on_lon,ny_open,10,1,1.0,1,0.1,17,,,,16,,,11,,,
1,on_lon,ny_open,10,1,1.0,1,0.25,45,51.1,1.09,-0.003,36,61.1,1.693,24,62.5,1.542,0.237
1,on_lon,ny_open,10,1,1.0,-1,0.1,45,60.0,1.368,0.159,23,60.9,1.201,20,65.0,1.23,0.293
1,on_lon,ny_open,10,1,1.0,-1,0.25,68,61.8,1.608,0.202,46,50.0,0.725,37,48.6,0.591,-0.037
1,on_lon,ny_open,10,1,1.5,0,0.1,62,48.4,1.276,0.17,39,59.0,1.965,31,58.1,1.667,0.422
1,on_lon,ny_open,10,1,1.5,0,0.25,113,49.6,1.375,0.199,82,50.0,1.299,61,45.9,0.903,0.124
1,on_lon,ny_open,10,1,1.5,1,0.1,17,,,,16,,,11,,,
1,on_lon,ny_open,10,1,1.5,1,0.25,45,40.0,1.035,-0.049,36,58.3,2.052,24,58.3,1.876,0.438
1,on_lon,ny_open,10,1,1.5,-1,0.1,45,57.8,1.877,0.404,23,52.2,1.353,20,50.0,1.039,0.217
1,on_lon,ny_open,10,1,1.5,-1,0.25,68,55.9,1.721,0.363,46,43.5,0.856,37,37.8,0.568,-0.079
1,on_lon,ny_open,10,1,2.0,0,0.1,62,40.3,1.224,0.168,39,51.3,2.0,31,48.4,1.593,0.42
1,on_lon,ny_open,10,1,2.0,0,0.25,113,41.6,1.343,0.199,81,44.4,1.377,61,37.7,0.898,0.107
1,on_lon,ny_open,10,1,2.0,1,0.1,17,,,,16,,,11,,,
1,on_lon,ny_open,10,1,2.0,1,0.25,45,31.1,0.869,-0.099,36,55.6,2.363,24,50.0,1.93,0.479
1,on_lon,ny_open,10,1,2.0,-1,0.1,45,48.9,1.832,0.424,23,39.1,1.083,20,40.0,0.993,0.165
1,on_lon,ny_open,10,1,2.0,-1,0.25,68,48.5,1.845,0.397,46,34.8,0.754,37,29.7,0.525,-0.134
1,on_lon,ny_open,10,1,3.0,0,0.1,62,32.3,1.412,0.247,39,38.5,1.845,31,38.7,1.665,0.516
1,on_lon,ny_open,10,1,3.0,0,0.25,113,35.4,1.534,0.318,81,35.8,1.409,61,32.8,0.973,0.189
1,on_lon,ny_open,10,1,3.0,1,0.1,17,,,,16,,,11,,,
1,on_lon,ny_open,10,1,3.0,1,0.25,45,28.9,1.087,0.087,36,44.4,2.502,24,41.7,1.946,0.498
1,on_lon,ny_open,10,1,3.0,-1,0.1,45,37.8,1.936,0.466,23,30.4,1.041,20,35.0,1.111,0.365
1,on_lon,ny_open,10,1,3.0,-1,0.25,68,39.7,1.965,0.471,46,28.3,0.697,37,27.0,0.599,-0.012
1,on_lon,ny_open,10,2,1.0,0,0.1,300,49.7,0.932,-0.041,195,60.5,1.21,180,56.7,1.024,0.116
1,on_lon,ny_open,10,2,1.0,0,0.25,524,49.6,0.981,-0.037,358,56.1,1.071,337,56.1,1.139,0.107
1,on_lon,ny_open,10,2,1.0,1,0.1,115,46.1,0.842,-0.113,89,60.7,1.206,76,53.9,0.983,0.05
1,on_lon,ny_open,10,2,1.0,1,0.25,220,47.7,0.964,-0.077,178,55.1,1.114,156,56.4,1.335,0.109
1,on_lon,ny_open,10,2,1.0,-1,0.1,185,51.9,1.005,0.005,108,59.3,1.163,104,58.7,1.061,0.164
1,on_lon,ny_open,10,2,1.0,-1,0.25,307,51.1,1.004,-0.005,184,56.5,1.026,184,56.0,1.006,0.109
1,on_lon,ny_open,10,2,1.5,0,0.1,300,38.7,0.88,-0.08,195,52.3,1.304,180,49.4,1.145,0.205
1,on_lon,ny_open,10,2,1.5,0,0.25,524,39.7,1.019,-0.046,357,47.6,1.177,337,48.1,1.268,0.179
1,on_lon,ny_open,10,2,1.5,1,0.1,115,33.9,0.724,-0.196,89,53.9,1.427,76,48.7,1.172,0.182
1,on_lon,ny_open,10,2,1.5,1,0.25,220,36.8,0.969,-0.113,178,47.2,1.227,156,48.1,1.398,0.181
1,on_lon,ny_open,10,2,1.5,-1,0.1,185,41.6,1.013,-0.007,108,50.0,1.156,104,50.0,1.122,0.222
1,on_lon,ny_open,10,2,1.5,-1,0.25,307,41.7,1.056,0.001,184,47.3,1.117,184,47.8,1.157,0.172
1,on_lon,ny_open,10,2,2.0,0,0.1,300,31.3,0.86,-0.112,195,44.6,1.362,180,43.3,1.236,0.265
1,on_lon,ny_open,10,2,2.0,0,0.25,523,33.5,1.035,-0.048,356,40.2,1.188,336,40.5,1.209,0.182
1,on_lon,ny_open,10,2,2.0,1,0.1,115,25.2,0.601,-0.29,89,49.4,1.652,76,43.4,1.329,0.267
1,on_lon,ny_open,10,2,2.0,1,0.25,220,30.0,0.976,-0.142,178,41.0,1.242,156,41.7,1.444,0.222
1,on_lon,ny_open,10,2,2.0,-1,0.1,185,35.1,1.092,-0.002,108,39.8,1.094,104,43.3,1.159,0.263
1,on_lon,ny_open,10,2,2.0,-1,0.25,307,35.8,1.074,0.016,184,38.6,1.113,184,39.1,1.009,0.138
1,on_lon,ny_open,10,2,3.0,0,0.1,300,24.0,0.891,-0.1,195,35.9,1.439,180,36.1,1.373,0.39
1,on_lon,ny_open,10,2,3.0,0,0.25,523,27.0,1.11,-0.001,355,32.1,1.146,336,33.9,1.246,0.258
1,on_lon,ny_open,10,2,3.0,1,0.1,115,20.9,0.721,-0.222,89,37.1,1.566,76,34.2,1.267,0.296
1,on_lon,ny_open,10,2,3.0,1,0.25,220,24.5,1.008,-0.096,178,30.3,0.983,156,32.7,1.246,0.177
1,on_lon,ny_open,10,2,3.0,-1,0.1,185,25.9,1.03,-0.024,108,34.3,1.289,104,37.5,1.47,0.459
1,on_lon,ny_open,10,2,3.0,-1,0.25,307,28.7,1.19,0.067,184,32.6,1.257,184,34.2,1.196,0.298
1,on_lon,ny_open,10,3,1.0,0,0.1,340,47.6,0.839,-0.08,207,51.7,1.029,177,54.8,1.235,0.088
1,on_lon,ny_open,10,3,1.0,0,0.25,591,47.5,0.882,-0.077,391,47.8,0.856,375,50.1,0.93,-0.009
1,on_lon,ny_open,10,3,1.0,1,0.1,142,48.6,0.827,-0.055,87,49.4,0.99,74,58.1,1.385,0.153
1,on_lon,ny_open,10,3,1.0,1,0.25,268,50.0,0.946,-0.024,209,45.0,0.8,183,48.6,0.856,-0.04
1,on_lon,ny_open,10,3,1.0,-1,0.1,198,47.0,0.85,-0.098,123,52.0,1.0,104,51.9,1.099,0.032
1,on_lon,ny_open,10,3,1.0,-1,0.25,331,46.5,0.864,-0.1,188,50.5,0.946,197,51.3,1.009,0.015
1,on_lon,ny_open,10,3,1.5,0,0.1,340,38.8,0.862,-0.071,207,41.1,0.987,177,44.1,1.209,0.081
1,on_lon,ny_open,10,3,1.5,0,0.25,591,39.3,0.944,-0.052,391,37.9,0.843,375,40.8,0.97,0.005
1,on_lon,ny_open,10,3,1.5,1,0.1,142,39.4,0.805,-0.056,87,42.5,1.068,74,45.9,1.29,0.13
1,on_lon,ny_open,10,3,1.5,1,0.25,268,41.4,0.994,0.003,209,35.9,0.761,183,38.8,0.867,-0.047
1,on_lon,ny_open,10,3,1.5,-1,0.1,198,38.4,0.915,-0.082,123,39.0,0.883,104,42.3,1.124,0.036
1,on_lon,ny_open,10,3,1.5,-1,0.25,331,38.4,0.941,-0.075,188,39.4,0.95,197,42.1,1.067,0.04
1,on_lon,ny_open,10,3,2.0,0,0.1,340,32.6,0.884,-0.065,207,33.8,0.949,177,37.9,1.208,0.092
1,on_lon,ny_open,10,3,2.0,0,0.25,590,32.9,0.957,-0.048,391,32.0,0.864,374,35.0,0.977,0.025
1,on_lon,ny_open,10,3,2.0,1,0.1,142,33.1,0.812,-0.05,87,34.5,0.979,74,39.2,1.286,0.15
1,on_lon,ny_open,10,3,2.0,1,0.25,268,34.3,0.995,-0.003,209,30.6,0.803,183,33.3,0.872,-0.02
1,on_lon,ny_open,10,3,2.0,-1,0.1,198,32.3,0.949,-0.075,123,32.5,0.886,104,36.5,1.126,0.041
1,on_lon,ny_open,10,3,2.0,-1,0.25,330,32.4,0.961,-0.063,188,33.0,0.951,197,36.0,1.078,0.05
1,on_lon,ny_open,10,3,3.0,0,0.1,339,23.3,0.821,-0.12,207,26.6,0.946,177,29.4,1.144,0.121
1,on_lon,ny_open,10,3,3.0,0,0.25,587,24.9,0.97,-0.055,387,25.1,0.829,371,27.2,0.921,0.036
1,on_lon,ny_open,10,3,3.0,1,0.1,142,23.2,0.711,-0.115,87,26.4,0.935,74,25.7,0.916,0.005
1,on_lon,ny_open,10,3,3.0,1,0.25,268,26.1,0.989,-0.0,209,24.4,0.774,183,24.0,0.744,-0.095
1,on_lon,ny_open,10,3,3.0,-1,0.1,198,23.2,0.914,-0.128,123,26.0,0.919,104,31.7,1.334,0.193
1,on_lon,ny_open,10,3,3.0,-1,0.25,330,24.5,0.997,-0.071,188,25.0,0.863,197,29.4,1.072,0.119
1,on_lon,ny_open,20,0,1.0,0,0.1,254,41.7,0.667,-0.203,195,53.8,1.065,177,52.0,0.963,0.03
1,on_lon,ny_open,20,0,1.0,0,0.25,694,46.4,0.907,-0.099,469,53.7,1.115,435,54.0,1.117,0.07
1,on_lon,ny_open,20,0,1.0,1,0.1,96,41.7,0.695,-0.202,83,59.0,1.235,68,52.9,1.052,0.039
1,on_lon,ny_open,20,0,1.0,1,0.25,286,44.4,0.848,-0.138,224,53.6,1.019,195,50.8,0.942,0.001
1,on_lon,ny_open,20,0,1.0,-1,0.1,158,41.8,0.647,-0.203,112,50.0,0.936,109,51.4,0.897,0.024
1,on_lon,ny_open,20,0,1.0,-1,0.25,408,47.8,0.956,-0.071,246,54.1,1.221,241,56.4,1.3,0.12
1,on_lon,ny_open,20,0,1.5,0,0.1,254,32.3,0.682,-0.237,195,42.1,0.985,177,42.4,0.957,0.034
1,on_lon,ny_open,20,0,1.5,0,0.25,691,38.1,0.984,-0.074,468,43.8,1.154,434,44.0,1.126,0.079
1,on_lon,ny_open,20,0,1.5,1,0.1,96,30.2,0.642,-0.283,83,47.0,1.181,68,42.6,0.962,0.04
1,on_lon,ny_open,20,0,1.5,1,0.25,286,35.3,0.909,-0.145,224,42.4,1.045,195,40.5,0.938,-0.012
1,on_lon,ny_open,20,0,1.5,-1,0.1,158,33.5,0.713,-0.208,112,38.4,0.833,109,42.2,0.952,0.031
1,on_lon,ny_open,20,0,1.5,-1,0.25,407,39.8,1.037,-0.029,246,44.7,1.261,241,46.5,1.309,0.144
1,on_lon,ny_open,20,0,2.0,0,0.1,254,26.8,0.697,-0.244,194,36.6,1.012,177,34.5,0.92,-0.008
1,on_lon,ny_open,20,0,2.0,0,0.25,689,32.7,1.016,-0.055,463,37.4,1.132,430,37.0,1.074,0.06
1,on_lon,ny_open,20,0,2.0,1,0.1,96,25.0,0.679,-0.289,83,43.4,1.333,68,36.8,1.018,0.048
1,on_lon,ny_open,20,0,2.0,1,0.25,286,30.4,0.951,-0.125,224,37.5,1.043,195,34.9,0.922,-0.011
1,on_lon,ny_open,20,0,2.0,-1,0.1,158,27.8,0.71,-0.216,112,31.2,0.761,109,33.0,0.848,-0.043
1,on_lon,ny_open,20,0,2.0,-1,0.25,407,34.2,1.067,-0.008,246,37.0,1.211,240,37.9,1.195,0.095
1,on_lon,ny_open,20,0,3.0,0,0.1,254,18.1,0.602,-0.329,194,29.4,1.017,177,29.9,1.091,0.119
1,on_lon,ny_open,20,0,3.0,0,0.25,683,25.0,1.017,-0.069,455,31.4,1.119,424,31.8,1.118,0.136
1,on_lon,ny_open,20,0,3.0,1,0.1,96,12.5,0.413,-0.555,83,31.3,1.048,68,29.4,1.008,0.086
1,on_lon,ny_open,20,0,3.0,1,0.25,286,22.0,0.892,-0.21,224,28.1,0.808,195,27.7,0.794,-0.056
1,on_lon,ny_open,20,0,3.0,-1,0.1,158,21.5,0.758,-0.192,112,27.7,0.971,109,30.3,1.158,0.139
1,on_lon,ny_open,20,0,3.0,-1,0.25,406,27.1,1.123,0.029,246,32.9,1.384,240,34.2,1.39,0.246
1,on_lon,ny_open,20,1,1.0,0,0.1,73,49.3,0.882,-0.054,42,64.3,1.55,34,67.6,1.552,0.345
1,on_lon,ny_open,20,1,1.0,0,0.25,149,53.0,1.094,0.031,99,55.6,1.139,80,55.0,0.987,0.08
1,on_lon,ny_open,20,1,1.0,1,0.1,21,28.6,0.356,-0.466,17,,,12,,,
1,on_lon,ny_open,20,1,1.0,1,0.25,65,43.1,0.704,-0.163,46,63.0,1.87,37,62.2,1.621,0.213
1,on_lon,ny_open,20,1,1.0,-1,0.1,52,57.7,1.275,0.113,25,60.0,1.138,22,68.2,1.44,0.356
1,on_lon,ny_open,20,1,1.0,-1,0.25,84,60.7,1.683,0.181,53,49.1,0.705,43,48.8,0.607,-0.035
1,on_lon,ny_open,20,1,1.5,0,0.1,73,45.2,1.154,0.09,42,59.5,1.936,34,58.8,1.652,0.442
1,on_lon,ny_open,20,1,1.5,0,0.25,149,45.6,1.187,0.104,99,51.5,1.423,80,46.2,0.965,0.123
1,on_lon,ny_open,20,1,1.5,1,0.1,21,23.8,0.477,-0.443,17,,,12,,,
1,on_lon,ny_open,20,1,1.5,1,0.25,65,33.8,0.726,-0.195,46,60.9,2.356,37,54.1,1.449,0.307
1,on_lon,ny_open,20,1,1.5,-1,0.1,52,53.8,1.631,0.305,25,52.0,1.32,22,54.5,1.286,0.331
1,on_lon,ny_open,20,1,1.5,-1,0.25,84,54.8,1.863,0.336,53,43.4,0.864,43,39.5,0.628,-0.036
1,on_lon,ny_open,20,1,2.0,0,0.1,73,38.4,1.159,0.109,42,52.4,2.006,34,50.0,1.64,0.47
1,on_lon,ny_open,20,1,2.0,0,0.25,149,38.9,1.176,0.124,98,44.9,1.319,80,38.8,0.873,0.122
1,on_lon,ny_open,20,1,2.0,1,0.1,21,19.0,0.409,-0.467,17,,,12,,,
1,on_lon,ny_open,20,1,2.0,1,0.25,65,27.7,0.694,-0.199,46,54.3,1.961,37,45.9,1.186,0.32
1,on_lon,ny_open,20,1,2.0,-1,0.1,52,46.2,1.665,0.342,25,40.0,1.11,22,45.5,1.284,0.33
1,on_lon,ny_open,20,1,2.0,-1,0.25,84,47.6,1.838,0.374,53,35.8,0.814,43,32.6,0.625,-0.048
1,on_lon,ny_open,20,1,3.0,0,0.1,73,28.8,1.204,0.107,42,38.1,1.74,34,35.3,1.39,0.38
1,on_lon,ny_open,20,1,3.0,0,0.25,149,32.9,1.315,0.201,98,36.7,1.348,80,32.5,0.897,0.129
1,on_lon,ny_open,20,1,3.0,1,0.1,21,19.0,0.616,-0.277,17,,,12,,,
1,on_lon,ny_open,20,1,3.0,1,0.25,65,26.2,0.794,-0.086,46,45.7,2.083,37,40.5,1.265,0.348
1,on_lon,ny_open,20,1,3.0,-1,0.1,52,32.7,1.528,0.262,25,28.0,0.91,22,31.8,0.977,0.238
1,on_lon,ny_open,20,1,3.0,-1,0.25,84,38.1,1.951,0.423,53,28.3,0.779,43,25.6,0.615,-0.06
1,on_lon,ny_open,20,2,1.0,0,0.1,322,49.1,0.901,-0.053,209,58.9,1.163,194,55.7,0.993,0.095
1,on_lon,ny_open,20,2,1.0,0,0.25,591,49.1,0.94,-0.048,395,54.9,1.059,374,54.8,1.086,0.081
1,on_lon,ny_open,20,2,1.0,1,0.1,124,46.0,0.843,-0.117,94,59.6,1.201,80,52.5,0.935,0.021
1,on_lon,ny_open,20,2,1.0,1,0.25,252,46.0,0.846,-0.11,196,54.6,1.122,173,54.9,1.22,0.08
1,on_lon,ny_open,20,2,1.0,-1,0.1,198,51.0,0.946,-0.014,117,57.3,1.087,114,57.9,1.043,0.147
1,on_lon,ny_open,20,2,1.0,-1,0.25,342,51.5,1.038,0.001,203,54.7,0.996,204,54.9,0.988,0.086
1,on_lon,ny_open,20,2,1.5,0,0.1,322,37.9,0.852,-0.099,209,51.2,1.278,194,49.0,1.134,0.193
1,on_lon,ny_open,20,2,1.5,0,0.25,591,39.4,0.999,-0.052,394,46.7,1.123,374,47.3,1.22,0.16
1,on_lon,ny_open,20,2,1.5,1,0.1,124,33.1,0.713,-0.218,94,53.2,1.437,80,47.5,1.124,0.152
1,on_lon,ny_open,20,2,1.5,1,0.25,252,35.3,0.867,-0.15,196,46.9,1.174,173,47.4,1.344,0.162
1,on_lon,ny_open,20,2,1.5,-1,0.1,198,40.9,0.966,-0.025,117,48.7,1.111,114,50.0,1.142,0.221
1,on_lon,ny_open,20,2,1.5,-1,0.25,342,42.4,1.122,0.019,203,45.8,1.065,204,47.1,1.11,0.153
1,on_lon,ny_open,20,2,2.0,0,0.1,322,31.1,0.849,-0.12,209,43.5,1.321,194,42.8,1.21,0.248
1,on_lon,ny_open,20,2,2.0,0,0.25,590,33.1,0.989,-0.061,393,39.2,1.104,373,39.4,1.108,0.149
1,on_lon,ny_open,20,2,2.0,1,0.1,124,25.0,0.609,-0.297,94,48.9,1.675,80,42.5,1.281,0.239
1,on_lon,ny_open,20,2,2.0,1,0.25,252,29.0,0.872,-0.175,196,40.8,1.183,173,40.5,1.267,0.182
1,on_lon,ny_open,20,2,2.0,-1,0.1,198,34.8,1.058,-0.01,117,38.5,1.024,114,43.0,1.154,0.254
1,on_lon,ny_open,20,2,2.0,-1,0.25,342,36.0,1.089,0.02,203,36.9,1.012,204,38.2,0.96,0.112
1,on_lon,ny_open,20,2,3.0,0,0.1,322,23.6,0.87,-0.115,209,34.4,1.348,194,35.1,1.31,0.349
1,on_lon,ny_open,20,2,3.0,0,0.25,590,26.8,1.058,-0.02,392,31.4,1.067,373,32.7,1.108,0.199
1,on_lon,ny_open,20,2,3.0,1,0.1,124,20.2,0.71,-0.25,94,35.1,1.458,80,33.8,1.239,0.279
1,on_lon,ny_open,20,2,3.0,1,0.25,252,23.4,0.869,-0.156,196,30.1,0.933,173,31.8,1.069,0.133
1,on_lon,ny_open,20,2,3.0,-1,0.1,198,25.8,0.996,-0.03,117,33.3,1.22,114,36.0,1.371,0.398
1,on_lon,ny_open,20,2,3.0,-1,0.25,342,29.2,1.229,0.08,203,31.5,1.161,204,32.8,1.105,0.232
1,on_lon,ny_open,20,3,1.0,0,0.1,360,48.1,0.859,-0.072,221,49.8,0.97,190,53.7,1.197,0.064
1,on_lon,ny_open,20,3,1.0,0,0.25,642,48.8,0.942,-0.052,418,47.6,0.865,403,50.1,0.934,-0.01
1,on_lon,ny_open,20,3,1.0,1,0.1,147,49.0,0.835,-0.048,91,48.4,0.971,75,58.7,1.427,0.164
1,on_lon,ny_open,20,3,1.0,1,0.25,284,50.4,0.956,-0.017,219,45.7,0.838,189,49.2,0.871,-0.029
1,on_lon,ny_open,20,3,1.0,-1,0.1,213,47.4,0.878,-0.089,133,49.6,0.919,116,50.0,1.028,-0.01
1,on_lon,ny_open,20,3,1.0,-1,0.25,366,48.4,0.964,-0.063,205,49.3,0.91,219,50.7,0.995,0.002
1,on_lon,ny_open,20,3,1.5,0,0.1,360,38.6,0.867,-0.077,221,39.4,0.945,190,43.2,1.188,0.058
1,on_lon,ny_open,20,3,1.5,0,0.25,642,40.0,0.997,-0.032,418,38.0,0.873,403,40.9,0.986,0.008
1,on_lon,ny_open,20,3,1.5,1,0.1,147,38.8,0.783,-0.072,91,41.8,1.062,75,46.7,1.34,0.148
1,on_lon,ny_open,20,3,1.5,1,0.25,284,41.5,1.007,0.007,219,37.0,0.817,189,39.7,0.894,-0.025
1,on_lon,ny_open,20,3,1.5,-1,0.1,213,38.5,0.941,-0.079,133,36.8,0.826,116,40.5,1.065,-0.01
1,on_lon,ny_open,20,3,1.5,-1,0.25,366,39.6,1.026,-0.043,205,38.5,0.938,219,41.6,1.064,0.024
1,on_lon,ny_open,20,3,2.0,0,0.1,360,31.9,0.868,-0.086,221,32.6,0.924,190,37.4,1.208,0.078
1,on_lon,ny_open,20,3,2.0,0,0.25,641,33.5,1.019,-0.027,418,32.3,0.895,402,35.1,0.987,0.024
1,on_lon,ny_open,20,3,2.0,1,0.1,147,32.0,0.778,-0.084,91,34.1,0.988,75,40.0,1.345,0.174
1,on_lon,ny_open,20,3,2.0,1,0.25,284,34.2,1.008,-0.005,219,31.5,0.845,189,33.3,0.87,-0.02
1,on_lon,ny_open,20,3,2.0,-1,0.1,213,31.9,0.948,-0.087,133,30.8,0.841,116,35.3,1.093,0.007
1,on_lon,ny_open,20,3,2.0,-1,0.25,365,33.7,1.063,-0.024,205,32.7,0.961,219,36.1,1.094,0.048
1,on_lon,ny_open,20,3,3.0,0,0.1,359,22.6,0.815,-0.149,220,25.5,0.914,190,28.9,1.164,0.105
1,on_lon,ny_open,20,3,3.0,0,0.25,636,25.3,1.037,-0.036,413,25.2,0.848,399,27.3,0.932,0.03
1,on_lon,ny_open,20,3,3.0,1,0.1,147,22.4,0.685,-0.146,91,26.4,0.965,75,26.7,0.987,0.045
1,on_lon,ny_open,20,3,3.0,1,0.25,284,26.1,0.991,-0.008,219,24.7,0.78,189,24.3,0.743,-0.098
1,on_lon,ny_open,20,3,3.0,-1,0.1,213,22.5,0.921,-0.155,133,24.1,0.835,116,30.2,1.292,0.134
1,on_lon,ny_open,20,3,3.0,-1,0.25,365,25.2,1.109,-0.039,205,24.9,0.892,219,29.2,1.088,0.105
1,on_lon,ny_open,40,0,1.0,0,0.1,260,41.9,0.673,-0.199,199,54.3,1.095,181,51.4,0.958,0.017
1,on_lon,ny_open,40,0,1.0,0,0.25,706,46.3,0.898,-0.1,478,53.8,1.11,445,53.5,1.089,0.059
1,on_lon,ny_open,40,0,1.0,1,0.1,98,41.8,0.702,-0.199,86,59.3,1.269,71,52.1,1.049,0.022
1,on_lon,ny_open,40,0,1.0,1,0.25,291,44.3,0.838,-0.14,229,53.3,1.008,200,50.5,0.941,-0.004
1,on_lon,ny_open,40,0,1.0,-1,0.1,162,42.0,0.652,-0.2,113,50.4,0.959,110,50.9,0.89,0.014
1,on_lon,ny_open,40,0,1.0,-1,0.25,415,47.7,0.949,-0.073,250,54.4,1.222,246,55.7,1.238,0.105
1,on_lon,ny_open,40,0,1.5,0,0.1,260,32.7,0.693,-0.227,199,42.7,1.025,181,42.0,0.96,0.024
1,on_lon,ny_open,40,0,1.5,0,0.25,703,38.0,0.974,-0.076,477,43.6,1.138,444,43.2,1.09,0.06
1,on_lon,ny_open,40,0,1.5,1,0.1,98,30.6,0.655,-0.273,86,47.7,1.233,71,42.3,0.978,0.03
1,on_lon,ny_open,40,0,1.5,1,0.25,291,35.4,0.903,-0.143,229,42.4,1.04,200,40.0,0.925,-0.025
1,on_lon,ny_open,40,0,1.5,-1,0.1,162,34.0,0.722,-0.199,113,38.9,0.861,110,41.8,0.945,0.021
1,on_lon,ny_open,40,0,1.5,-1,0.25,414,39.6,1.024,-0.034,250,44.4,1.232,246,45.5,1.245,0.12
1,on_lon,ny_open,40,0,2.0,0,0.1,260,27.3,0.712,-0.228,198,36.4,1.006,181,33.7,0.893,-0.031
1,on_lon,ny_open,40,0,2.0,0,0.25,701,32.7,1.009,-0.054,472,36.9,1.107,440,36.1,1.035,0.036
1,on_lon,ny_open,40,0,2.0,1,0.1,98,25.5,0.697,-0.274,86,41.9,1.257,71,35.2,0.958,0.002
1,on_lon,ny_open,40,0,2.0,1,0.25,291,30.6,0.949,-0.12,229,36.7,1.015,200,34.0,0.895,-0.037
1,on_lon,ny_open,40,0,2.0,-1,0.1,162,28.4,0.724,-0.2,113,31.9,0.794,110,32.7,0.842,-0.052
1,on_lon,ny_open,40,0,2.0,-1,0.25,414,34.1,1.056,-0.01,250,36.8,1.19,245,37.1,1.144,0.073
1,on_lon,ny_open,40,0,3.0,0,0.1,260,18.5,0.617,-0.315,198,28.8,0.985,181,29.3,1.061,0.093
1,on_lon,ny_open,40,0,3.0,0,0.25,695,25.0,1.013,-0.068,464,30.8,1.089,434,31.1,1.08,0.109
1,on_lon,ny_open,40,0,3.0,1,0.1,98,13.3,0.439,-0.524,86,30.2,0.998,71,28.2,0.954,0.039
1,on_lon,ny_open,40,0,3.0,1,0.25,291,22.3,0.898,-0.197,229,27.5,0.79,200,27.0,0.773,-0.08
1,on_lon,ny_open,40,0,3.0,-1,0.1,162,21.6,0.763,-0.189,113,27.4,0.955,110,30.0,1.151,0.128
1,on_lon,ny_open,40,0,3.0,-1,0.25,413,26.9,1.109,0.021,250,32.4,1.345,245,33.5,1.334,0.22
1,on_lon,ny_open,40,1,1.0,0,0.1,73,49.3,0.882,-0.054,44,63.6,1.451,38,65.8,1.37,0.306
1,on_lon,ny_open,40,1,1.0,0,0.25,152,52.0,1.043,0.01,105,55.2,1.126,86,54.7,0.968,0.073
1,on_lon,ny_open,40,1,1.0,1,0.1,21,28.6,0.356,-0.466,19,,,14,,,
1,on_lon,ny_open,40,1,1.0,1,0.25,65,43.1,0.704,-0.163,50,62.0,1.816,40,62.5,1.675,0.223
1,on_lon,ny_open,40,1,1.0,-1,0.1,52,57.7,1.275,0.113,25,60.0,1.138,24,66.7,1.294,0.321
1,on_lon,ny_open,40,1,1.0,-1,0.25,87,58.6,1.498,0.14,55,49.1,0.699,46,47.8,0.557,-0.057
1,on_lon,ny_open,40,1,1.5,0,0.1,73,45.2,1.154,0.09,44,59.1,1.832,38,55.3,1.478,0.35
1,on_lon,ny_open,40,1,1.5,0,0.25,152,44.7,1.139,0.082,105,51.4,1.424,86,45.3,0.968,0.1
1,on_lon,ny_open,40,1,1.5,1,0.1,21,23.8,0.477,-0.443,19,,,14,,,
1,on_lon,ny_open,40,1,1.5,1,0.25,65,33.8,0.726,-0.195,50,60.0,2.321,40,55.0,1.553,0.333
1,on_lon,ny_open,40,1,1.5,-1,0.1,52,53.8,1.631,0.305,25,52.0,1.32,24,50.0,1.155,0.213
1,on_lon,ny_open,40,1,1.5,-1,0.25,87,52.9,1.69,0.289,55,43.6,0.865,46,37.0,0.576,-0.103
1,on_lon,ny_open,40,1,2.0,0,0.1,73,38.4,1.159,0.109,44,52.3,1.926,38,47.4,1.507,0.388
1,on_lon,ny_open,40,1,2.0,0,0.25,152,38.2,1.134,0.102,104,44.2,1.299,86,38.4,0.901,0.111
1,on_lon,ny_open,40,1,2.0,1,0.1,21,19.0,0.409,-0.467,19,,,14,,,
1,on_lon,ny_open,40,1,2.0,1,0.25,65,27.7,0.694,-0.199,50,54.0,2.005,40,47.5,1.328,0.37
1,on_lon,ny_open,40,1,2.0,-1,0.1,52,46.2,1.665,0.342,25,40.0,1.11,24,41.7,1.167,0.211
1,on_lon,ny_open,40,1,2.0,-1,0.25,87,46.0,1.689,0.326,55,34.5,0.756,46,30.4,0.577,-0.114
1,on_lon,ny_open,40,1,3.0,0,0.1,73,28.8,1.204,0.107,44,36.4,1.597,38,34.2,1.339,0.334
1,on_lon,ny_open,40,1,3.0,0,0.25,152,32.2,1.271,0.177,104,34.6,1.218,86,31.4,0.848,0.094
1,on_lon,ny_open,40,1,3.0,1,0.1,21,19.0,0.616,-0.277,19,,,14,,,
1,on_lon,ny_open,40,1,3.0,1,0.25,65,26.2,0.794,-0.086,50,42.0,1.805,40,40.0,1.199,0.346
1,on_lon,ny_open,40,1,3.0,-1,0.1,52,32.7,1.528,0.262,25,28.0,0.91,24,29.2,0.904,0.127
1,on_lon,ny_open,40,1,3.0,-1,0.25,87,36.8,1.812,0.373,55,27.3,0.728,46,23.9,0.571,-0.126
1,on_lon,ny_open,40,2,1.0,0,0.1,327,49.2,0.906,-0.051,213,59.2,1.193,199,54.8,0.974,0.076
1,on_lon,ny_open,40,2,1.0,0,0.25,601,48.9,0.923,-0.051,405,55.1,1.074,385,54.5,1.094,0.076
1,on_lon,ny_open,40,2,1.0,1,0.1,126,46.8,0.858,-0.1,97,59.8,1.237,83,51.8,0.938,0.006
1,on_lon,ny_open,40,2,1.0,1,0.25,256,46.1,0.828,-0.109,202,54.5,1.128,179,54.7,1.236,0.076
1,on_lon,ny_open,40,2,1.0,-1,0.1,201,50.7,0.942,-0.02,118,57.6,1.11,116,56.9,1.005,0.126
1,on_lon,ny_open,40,2,1.0,-1,0.25,348,51.1,1.023,-0.006,207,55.1,1.019,209,54.5,0.988,0.078
1,on_lon,ny_open,40,2,1.5,0,0.1,327,37.9,0.855,-0.099,213,51.6,1.32,199,48.2,1.119,0.174
1,on_lon,ny_open,40,2,1.5,0,0.25,601,39.3,0.984,-0.056,404,46.5,1.112,385,47.0,1.21,0.152
1,on_lon,ny_open,40,2,1.5,1,0.1,126,33.3,0.72,-0.212,97,53.6,1.492,83,47.0,1.136,0.139
1,on_lon,ny_open,40,2,1.5,1,0.25,256,35.2,0.849,-0.154,202,47.0,1.195,179,47.5,1.377,0.164
1,on_lon,ny_open,40,2,1.5,-1,0.1,201,40.8,0.965,-0.028,118,49.2,1.14,116,49.1,1.106,0.199
1,on_lon,ny_open,40,2,1.5,-1,0.25,348,42.2,1.111,0.015,207,45.4,1.025,209,46.4,1.066,0.136
1,on_lon,ny_open,40,2,2.0,0,0.1,327,31.2,0.855,-0.117,213,42.7,1.274,199,41.7,1.161,0.215
1,on_lon,ny_open,40,2,2.0,0,0.25,600,32.8,0.971,-0.067,403,38.2,1.048,384,38.3,1.05,0.115
1,on_lon,ny_open,40,2,2.0,1,0.1,126,25.4,0.62,-0.285,97,47.4,1.579,83,41.0,1.21,0.193
1,on_lon,ny_open,40,2,2.0,1,0.25,256,28.9,0.857,-0.177,202,39.6,1.121,179,39.1,1.196,0.142
1,on_lon,ny_open,40,2,2.0,-1,0.1,201,34.8,1.058,-0.011,118,38.1,1.006,116,42.2,1.121,0.232
1,on_lon,ny_open,40,2,2.0,-1,0.25,348,35.6,1.07,0.011,207,36.2,0.964,209,37.3,0.915,0.085
1,on_lon,ny_open,40,2,3.0,0,0.1,327,23.5,0.871,-0.118,213,33.8,1.307,199,34.2,1.262,0.314
1,on_lon,ny_open,40,2,3.0,0,0.25,600,26.5,1.039,-0.03,402,30.6,1.019,384,31.8,1.055,0.164
1,on_lon,ny_open,40,2,3.0,1,0.1,126,20.6,0.727,-0.231,97,34.0,1.391,83,32.5,1.179,0.232
1,on_lon,ny_open,40,2,3.0,1,0.25,256,23.4,0.858,-0.154,202,29.2,0.89,179,30.7,1.016,0.094
1,on_lon,ny_open,40,2,3.0,-1,0.1,201,25.4,0.984,-0.046,118,33.1,1.2,116,35.3,1.334,0.373
1,on_lon,ny_open,40,2,3.0,-1,0.25,348,28.7,1.203,0.062,207,30.9,1.11,209,32.1,1.056,0.202
1,on_lon,ny_open,40,3,1.0,0,0.1,362,48.1,0.862,-0.072,225,50.7,1.017,194,54.1,1.236,0.073
1,on_lon,ny_open,40,3,1.0,0,0.25,650,48.8,0.941,-0.052,425,48.5,0.903,411,50.9,0.977,0.005
1,on_lon,ny_open,40,3,1.0,1,0.1,148,49.3,0.852,-0.041,94,50.0,1.067,78,60.3,1.546,0.196
1,on_lon,ny_open,40,3,1.0,1,0.25,286,50.3,0.954,-0.017,224,46.9,0.894,195,50.8,0.95,0.003
1,on_lon,ny_open,40,3,1.0,-1,0.1,214,47.2,0.87,-0.093,134,50.0,0.927,117,49.6,1.017,-0.019
1,on_lon,ny_open,40,3,1.0,-1,0.25,372,48.4,0.964,-0.063,207,49.8,0.923,221,50.7,1.0,0.002
1,on_lon,ny_open,40,3,1.5,0,0.1,362,38.4,0.858,-0.082,225,40.4,0.99,194,43.8,1.23,0.069
1,on_lon,ny_open,40,3,1.5,0,0.25,650,40.0,0.993,-0.033,425,38.8,0.905,411,41.6,1.027,0.022
1,on_lon,ny_open,40,3,1.5,1,0.1,148,38.5,0.772,-0.079,94,43.6,1.155,78,48.7,1.459,0.187
1,on_lon,ny_open,40,3,1.5,1,0.25,286,41.3,0.993,-0.0,224,37.9,0.861,195,41.0,0.966,0.004
1,on_lon,ny_open,40,3,1.5,-1,0.1,214,38.3,0.934,-0.084,134,37.3,0.835,117,40.2,1.055,-0.019
1,on_lon,ny_open,40,3,1.5,-1,0.25,372,39.8,1.031,-0.039,207,39.1,0.955,221,41.6,1.072,0.026
1,on_lon,ny_open,40,3,2.0,0,0.1,362,31.8,0.86,-0.091,225,33.3,0.966,194,38.1,1.259,0.094
1,on_lon,ny_open,40,3,2.0,0,0.25,649,33.6,1.018,-0.025,425,32.7,0.922,410,35.6,1.027,0.037
1,on_lon,ny_open,40,3,2.0,1,0.1,148,31.8,0.768,-0.09,94,36.2,1.095,78,42.3,1.482,0.225
1,on_lon,ny_open,40,3,2.0,1,0.25,286,33.9,0.995,-0.012,224,32.6,0.899,195,34.9,0.959,0.019
1,on_lon,ny_open,40,3,2.0,-1,0.1,214,31.8,0.941,-0.092,134,30.6,0.836,117,35.0,1.084,-0.002
1,on_lon,ny_open,40,3,2.0,-1,0.25,371,34.0,1.073,-0.016,207,32.4,0.951,221,35.7,1.083,0.038
1,on_lon,ny_open,40,3,3.0,0,0.1,361,22.4,0.807,-0.154,224,26.3,0.971,194,29.9,1.232,0.131
1,on_lon,ny_open,40,3,3.0,0,0.25,644,25.5,1.042,-0.03,420,25.7,0.887,407,27.8,0.965,0.042
1,on_lon,ny_open,40,3,3.0,1,0.1,148,22.3,0.677,-0.152,94,28.7,1.104,78,29.5,1.148,0.127
1,on_lon,ny_open,40,3,3.0,1,0.25,286,25.9,0.98,-0.015,224,25.9,0.857,195,25.6,0.816,-0.056
1,on_lon,ny_open,40,3,3.0,-1,0.1,214,22.4,0.915,-0.159,134,23.9,0.83,117,29.9,1.282,0.124
1,on_lon,ny_open,40,3,3.0,-1,0.25,371,25.6,1.128,-0.022,207,24.6,0.883,221,29.0,1.078,0.095
1,on_lon,ny_mid,10,0,1.0,0,0.1,136,47.8,0.87,-0.085,104,43.3,0.747,97,41.2,0.672,-0.175
1,on_lon,ny_mid,10,0,1.0,0,0.25,234,50.9,1.032,-0.015,172,44.2,0.731,163,42.9,0.69,-0.152
1,on_lon,ny_mid,10,0,1.0,1,0.1,51,45.1,0.844,-0.139,38,36.8,0.582,36,30.6,0.474,-0.363
1,on_lon,ny_mid,10,0,1.0,1,0.25,112,50.0,1.043,-0.029,75,42.7,0.71,65,36.9,0.595,-0.254
1,on_lon,ny_mid,10,0,1.0,-1,0.1,85,49.4,0.887,-0.052,66,47.0,0.874,61,47.5,0.853,-0.065
1,on_lon,ny_mid,10,0,1.0,-1,0.25,122,51.6,1.02,-0.001,97,45.4,0.752,98,46.9,0.769,-0.085
1,on_lon,ny_mid,10,0,1.5,0,0.1,136,38.2,0.886,-0.089,104,31.7,0.674,97,33.0,0.679,-0.192
1,on_lon,ny_mid,10,0,1.5,0,0.25,234,41.5,1.048,-0.006,172,31.4,0.575,163,33.7,0.643,-0.177
1,on_lon,ny_mid,10,0,1.5,1,0.1,51,35.3,0.814,-0.16,38,34.2,0.736,36,25.0,0.539,-0.378
1,on_lon,ny_mid,10,0,1.5,1,0.25,112,40.2,1.008,-0.042,75,29.3,0.475,65,26.2,0.532,-0.347
1,on_lon,ny_mid,10,0,1.5,-1,0.1,85,40.0,0.934,-0.046,66,30.3,0.636,61,37.7,0.789,-0.082
1,on_lon,ny_mid,10,0,1.5,-1,0.25,122,42.6,1.095,0.027,97,33.0,0.68,98,38.8,0.734,-0.065
1,on_lon,ny_mid,10,0,2.0,0,0.1,136,35.3,1.005,0.014,104,26.0,0.618,97,28.9,0.684,-0.186
1,on_lon,ny_mid,10,0,2.0,0,0.25,234,38.9,1.24,0.111,172,26.2,0.591,163,28.2,0.639,-0.201
1,on_lon,ny_mid,10,0,2.0,1,0.1,51,33.3,1.0,-0.043,38,28.9,0.698,36,22.2,0.528,-0.416
1,on_lon,ny_mid,10,0,2.0,1,0.25,112,37.5,1.173,0.052,75,26.7,0.538,65,23.1,0.542,-0.36
1,on_lon,ny_mid,10,0,2.0,-1,0.1,85,36.5,1.008,0.048,66,24.2,0.572,61,32.8,0.801,-0.05
1,on_lon,ny_mid,10,0,2.0,-1,0.25,122,40.2,1.317,0.166,97,25.8,0.641,98,31.6,0.714,-0.096
1,on_lon,ny_mid,10,0,3.0,0,0.1,136,27.9,1.055,0.05,104,18.3,0.489,97,22.7,0.709,-0.179
1,on_lon,ny_mid,10,0,3.0,0,0.25,232,33.2,1.415,0.196,172,20.9,0.599,162,22.8,0.65,-0.212
1,on_lon,ny_mid,10,0,3.0,1,0.1,51,23.5,0.81,-0.161,38,21.1,0.635,36,16.7,0.551,-0.446
1,on_lon,ny_mid,10,0,3.0,1,0.25,112,31.2,1.249,0.059,75,21.3,0.534,65,16.9,0.493,-0.466
1,on_lon,ny_mid,10,0,3.0,-1,0.1,85,30.6,1.226,0.176,66,16.7,0.402,61,26.2,0.825,-0.022
1,on_lon,ny_mid,10,0,3.0,-1,0.25,122,34.4,1.563,0.301,97,20.6,0.662,98,26.5,0.758,-0.052
1,on_lon,ny_mid,10,1,1.0,0,0.1,31,51.6,0.883,-0.007,23,56.5,1.495,17,,,
1,on_lon,ny_mid,10,1,1.0,0,0.25,46,58.7,1.482,0.141,34,55.9,1.257,26,57.7,1.48,0.135
1,on_lon,ny_mid,10,1,1.0,1,0.1,12,,,,8,,,6,,,
1,on_lon,ny_mid,10,1,1.0,1,0.25,21,57.1,1.495,0.113,13,,,10,,,
1,on_lon,ny_mid,10,1,1.0,-1,0.1,19,,,,15,,,11,,,
1,on_lon,ny_mid,10,1,1.0,-1,0.25,25,60.0,1.472,0.165,21,57.1,1.389,16,,,
1,on_lon,ny_mid,10,1,1.5,0,0.1,31,35.5,0.751,-0.156,23,43.5,1.41,17,,,
1,on_lon,ny_mid,10,1,1.5,0,0.25,46,43.5,1.364,0.051,34,41.2,1.027,26,42.3,1.013,0.063
1,on_lon,ny_mid,10,1,1.5,1,0.1,12,,,,8,,,6,,,
1,on_lon,ny_mid,10,1,1.5,1,0.25,21,38.1,1.093,-0.081,13,,,10,,,
1,on_lon,ny_mid,10,1,1.5,-1,0.1,19,,,,15,,,11,,,
1,on_lon,ny_mid,10,1,1.5,-1,0.25,25,48.0,1.656,0.162,21,33.3,0.666,16,,,
1,on_lon,ny_mid,10,1,2.0,0,0.1,31,32.3,0.728,-0.076,23,39.1,1.49,17,,,
1,on_lon,ny_mid,10,1,2.0,0,0.25,46,39.1,1.445,0.138,34,35.3,0.97,26,34.6,0.848,-0.004
1,on_lon,ny_mid,10,1,2.0,1,0.1,12,,,,8,,,6,,,
1,on_lon,ny_mid,10,1,2.0,1,0.25,21,28.6,0.858,-0.177,13,,,10,,,
1,on_lon,ny_mid,10,1,2.0,-1,0.1,19,,,,15,,,11,,,
1,on_lon,ny_mid,10,1,2.0,-1,0.25,25,48.0,2.216,0.402,21,33.3,0.893,16,,,
1,on_lon,ny_mid,10,1,3.0,0,0.1,31,19.4,0.572,-0.272,23,30.4,1.689,17,,,
1,on_lon,ny_mid,10,1,3.0,0,0.25,46,30.4,1.57,0.124,34,26.5,1.004,26,30.8,1.021,0.119
1,on_lon,ny_mid,10,1,3.0,1,0.1,12,,,,8,,,6,,,
1,on_lon,ny_mid,10,1,3.0,1,0.25,21,28.6,1.041,-0.012,13,,,10,,,
1,on_lon,ny_mid,10,1,3.0,-1,0.1,19,,,,15,,,11,,,
1,on_lon,ny_mid,10,1,3.0,-1,0.25,25,32.0,2.128,0.239,21,28.6,1.243,16,,,
1,on_lon,ny_mid,10,2,1.0,0,0.1,144,57.6,1.252,0.13,104,46.2,0.718,100,52.0,0.903,0.033
1,on_lon,ny_mid,10,2,1.0,0,0.25,204,55.4,1.112,0.086,146,47.9,0.795,144,52.1,1.003,0.033
1,on_lon,ny_mid,10,2,1.0,1,0.1,59,59.3,1.36,0.156,35,45.7,0.532,36,38.9,0.534,-0.226
1,on_lon,ny_mid,10,2,1.0,1,0.25,97,54.6,1.012,0.065,60,50.0,0.777,59,47.5,0.956,-0.058
1,on_lon,ny_mid,10,2,1.0,-1,0.1,85,56.5,1.17,0.112,69,46.4,0.852,64,59.4,1.259,0.179
1,on_lon,ny_mid,10,2,1.0,-1,0.25,107,56.1,1.233,0.104,86,46.5,0.812,85,55.3,1.043,0.096
1,on_lon,ny_mid,10,2,1.5,0,0.1,144,47.2,1.282,0.146,104,32.7,0.629,100,37.0,0.777,-0.099
1,on_lon,ny_mid,10,2,1.5,0,0.25,204,45.6,1.186,0.109,146,34.9,0.705,144,38.2,0.893,-0.071
1,on_lon,ny_mid,10,2,1.5,1,0.1,59,49.2,1.323,0.184,35,28.6,0.383,36,25.0,0.446,-0.395
1,on_lon,ny_mid,10,2,1.5,1,0.25,97,44.3,1.002,0.072,60,35.0,0.652,59,32.2,0.802,-0.204
1,on_lon,ny_mid,10,2,1.5,-1,0.1,85,45.9,1.25,0.12,69,34.8,0.805,64,43.8,1.056,0.068
1,on_lon,ny_mid,10,2,1.5,-1,0.25,107,46.7,1.418,0.142,86,34.9,0.752,85,42.4,0.973,0.021
1,on_lon,ny_mid,10,2,2.0,0,0.1,144,38.2,1.241,0.105,104,26.9,0.615,100,31.0,0.725,-0.105
1,on_lon,ny_mid,10,2,2.0,0,0.25,204,37.7,1.182,0.094,146,28.8,0.705,144,30.6,0.772,-0.123
1,on_lon,ny_mid,10,2,2.0,1,0.1,59,42.4,1.455,0.223,35,25.7,0.426,36,19.4,0.397,-0.451
1,on_lon,ny_mid,10,2,2.0,1,0.25,97,38.1,1.026,0.1,60,28.3,0.6,59,25.4,0.746,-0.261
1,on_lon,ny_mid,10,2,2.0,-1,0.1,85,35.3,1.087,0.023,69,27.5,0.737,64,37.5,0.984,0.09
1,on_lon,ny_mid,10,2,2.0,-1,0.25,107,37.4,1.369,0.089,86,29.1,0.798,85,34.1,0.794,-0.027
1,on_lon,ny_mid,10,2,3.0,0,0.1,144,31.2,1.318,0.184,104,20.2,0.712,100,26.0,0.87,-0.03
1,on_lon,ny_mid,10,2,3.0,0,0.25,202,32.7,1.39,0.216,146,22.6,0.834,143,26.6,0.951,-0.035
1,on_lon,ny_mid,10,2,3.0,1,0.1,59,30.5,1.233,0.128,35,14.3,0.399,36,13.9,0.355,-0.56
1,on_lon,ny_mid,10,2,3.0,1,0.25,97,29.9,1.07,0.095,60,20.0,0.634,59,20.3,0.835,-0.296
1,on_lon,ny_mid,10,2,3.0,-1,0.1,85,31.8,1.39,0.223,69,23.2,0.919,64,32.8,1.275,0.267
1,on_lon,ny_mid,10,2,3.0,-1,0.25,107,34.6,1.74,0.303,86,24.4,1.015,85,30.6,1.015,0.135
1,on_lon,ny_mid,10,3,1.0,0,0.1,170,52.9,1.0,0.017,108,39.8,0.585,101,43.6,0.678,-0.162
1,on_lon,ny_mid,10,3,1.0,0,0.25,239,52.3,1.073,0.01,164,44.5,0.838,161,47.8,0.937,-0.07
1,on_lon,ny_mid,10,3,1.0,1,0.1,79,48.1,0.897,-0.075,40,45.0,0.708,32,46.9,0.715,-0.09
1,on_lon,ny_mid,10,3,1.0,1,0.25,117,46.2,0.842,-0.109,71,47.9,0.833,60,48.3,0.765,-0.056
1,on_lon,ny_mid,10,3,1.0,-1,0.1,91,57.1,1.117,0.097,68,36.8,0.516,69,42.0,0.658,-0.195
1,on_lon,ny_mid,10,3,1.0,-1,0.25,122,58.2,1.386,0.124,93,41.9,0.843,101,47.5,1.071,-0.078
1,on_lon,ny_mid,10,3,1.5,0,0.1,170,42.9,1.011,0.029,108,32.4,0.642,101,36.6,0.804,-0.118
1,on_lon,ny_mid,10,3,1.5,0,0.25,239,43.1,1.137,0.039,164,34.8,0.78,161,37.9,0.891,-0.09
1,on_lon,ny_mid,10,3,1.5,1,0.1,79,39.2,0.929,-0.057,40,35.0,0.689,32,34.4,0.742,-0.171
1,on_lon,ny_mid,10,3,1.5,1,0.25,117,39.3,0.978,-0.051,71,35.2,0.645,60,35.0,0.656,-0.172
1,on_lon,ny_mid,10,3,1.5,-1,0.1,91,46.2,1.1,0.105,68,30.9,0.614,69,37.7,0.839,-0.094
1,on_lon,ny_mid,10,3,1.5,-1,0.25,122,46.7,1.325,0.126,93,34.4,0.907,101,39.6,1.08,-0.041
1,on_lon,ny_mid,10,3,2.0,0,0.1,170,37.1,1.042,0.067,108,27.8,0.704,101,33.7,0.971,-0.025
1,on_lon,ny_mid,10,3,2.0,0,0.25,239,37.2,1.217,0.078,164,29.9,0.855,161,34.8,1.028,-0.015
1,on_lon,ny_mid,10,3,2.0,1,0.1,79,32.9,0.943,-0.052,40,35.0,0.922,32,34.4,0.993,0.001
1,on_lon,ny_mid,10,3,2.0,1,0.25,117,32.5,0.999,-0.06,71,33.8,0.767,60,33.3,0.809,-0.064
1,on_lon,ny_mid,10,3,2.0,-1,0.1,91,40.7,1.149,0.17,68,23.5,0.584,69,33.3,0.959,-0.037
1,on_lon,ny_mid,10,3,2.0,-1,0.25,122,41.8,1.481,0.211,93,26.9,0.935,101,35.6,1.198,0.014
1,on_lon,ny_mid,10,3,3.0,0,0.1,170,29.4,1.141,0.13,108,18.5,0.601,101,24.8,0.943,-0.045
1,on_lon,ny_mid,10,3,3.0,0,0.25,239,29.3,1.24,0.122,164,20.7,0.782,160,26.2,1.02,-0.035
1,on_lon,ny_mid,10,3,3.0,1,0.1,79,29.1,1.2,0.125,40,25.0,0.837,32,25.0,0.954,-0.031
1,on_lon,ny_mid,10,3,3.0,1,0.25,117,29.1,1.239,0.1,71,26.8,0.847,60,25.0,0.794,-0.098
1,on_lon,ny_mid,10,3,3.0,-1,0.1,91,29.7,1.083,0.134,68,14.7,0.468,69,24.6,0.938,-0.052
1,on_lon,ny_mid,10,3,3.0,-1,0.25,122,29.5,1.241,0.143,93,16.1,0.729,101,26.7,1.165,-0.007
1,on_lon,ny_mid,20,0,1.0,0,0.1,148,48.0,0.885,-0.083,114,43.9,0.779,105,42.9,0.742,-0.146
1,on_lon,ny_mid,20,0,1.0,0,0.25,287,49.5,1.008,-0.042,188,45.7,0.812,181,45.3,0.782,-0.11
1,on_lon,ny_mid,20,0,1.0,1,0.1,56,44.6,0.807,-0.148,42,35.7,0.547,39,35.9,0.596,-0.26
1,on_lon,ny_mid,20,0,1.0,1,0.25,140,46.4,0.911,-0.099,82,42.7,0.723,74,41.9,0.756,-0.157
1,on_lon,ny_mid,20,0,1.0,-1,0.1,92,50.0,0.94,-0.044,72,48.6,0.971,66,47.0,0.867,-0.078
1,on_lon,ny_mid,20,0,1.0,-1,0.25,147,52.4,1.132,0.013,106,48.1,0.905,107,47.7,0.804,-0.077
1,on_lon,ny_mid,20,0,1.5,0,0.1,148,39.2,0.929,-0.067,114,33.3,0.742,105,35.2,0.78,-0.137
1,on_lon,ny_mid,20,0,1.5,0,0.25,287,40.8,1.064,-0.021,187,33.2,0.628,181,35.9,0.73,-0.13
1,on_lon,ny_mid,20,0,1.5,1,0.1,56,35.7,0.808,-0.149,42,33.3,0.699,39,30.8,0.713,-0.235
1,on_lon,ny_mid,20,0,1.5,1,0.25,140,38.6,0.975,-0.077,82,29.3,0.479,74,31.1,0.704,-0.226
1,on_lon,ny_mid,20,0,1.5,-1,0.1,92,41.3,1.015,-0.016,72,33.3,0.771,66,37.9,0.83,-0.079
1,on_lon,ny_mid,20,0,1.5,-1,0.25,147,42.9,1.172,0.033,106,35.8,0.77,107,39.3,0.75,-0.064
1,on_lon,ny_mid,20,0,2.0,0,0.1,148,35.8,1.018,0.027,114,26.3,0.628,105,29.5,0.713,-0.165
1,on_lon,ny_mid,20,0,2.0,0,0.25,285,37.5,1.218,0.073,187,27.3,0.623,181,29.8,0.702,-0.164
1,on_lon,ny_mid,20,0,2.0,1,0.1,56,33.9,1.0,-0.025,42,28.6,0.679,39,25.6,0.588,-0.309
1,on_lon,ny_mid,20,0,2.0,1,0.25,140,36.4,1.159,0.023,82,26.8,0.55,74,27.0,0.675,-0.247
1,on_lon,ny_mid,20,0,2.0,-1,0.1,92,37.0,1.03,0.059,72,25.0,0.598,66,31.8,0.807,-0.08
1,on_lon,ny_mid,20,0,2.0,-1,0.25,147,38.8,1.295,0.127,106,27.4,0.678,107,31.8,0.723,-0.107
1,on_lon,ny_mid,20,0,3.0,0,0.1,148,28.4,1.059,0.067,114,18.4,0.51,105,23.8,0.768,-0.13
1,on_lon,ny_mid,20,0,3.0,0,0.25,282,31.9,1.335,0.151,187,21.4,0.608,180,24.4,0.712,-0.172
1,on_lon,ny_mid,20,0,3.0,1,0.1,56,25.0,0.862,-0.096,42,21.4,0.647,39,20.5,0.648,-0.285
1,on_lon,ny_mid,20,0,3.0,1,0.25,140,30.7,1.196,0.057,82,22.0,0.541,74,21.6,0.649,-0.31
1,on_lon,ny_mid,20,0,3.0,-1,0.1,92,30.4,1.198,0.166,72,16.7,0.427,66,25.8,0.856,-0.038
1,on_lon,ny_mid,20,0,3.0,-1,0.25,147,32.7,1.466,0.227,106,20.8,0.659,107,26.2,0.747,-0.084
1,on_lon,ny_mid,20,1,1.0,0,0.1,38,52.6,0.958,0.014,25,56.0,1.473,23,56.5,1.434,0.105
1,on_lon,ny_mid,20,1,1.0,0,0.25,69,52.2,1.074,0.014,42,61.9,1.665,38,60.5,1.762,0.172
1,on_lon,ny_mid,20,1,1.0,1,0.1,16,,,,8,,,7,,,
1,on_lon,ny_mid,20,1,1.0,1,0.25,36,47.2,0.857,-0.083,17,,,15,,,
1,on_lon,ny_mid,20,1,1.0,-1,0.1,22,59.1,0.977,0.142,17,,,16,,,
1,on_lon,ny_mid,20,1,1.0,-1,0.25,33,57.6,1.401,0.119,25,60.0,1.641,23,60.9,1.973,0.189
1,on_lon,ny_mid,20,1,1.5,0,0.1,38,39.5,0.911,-0.055,25,40.0,1.31,23,43.5,1.159,0.019
1,on_lon,ny_mid,20,1,1.5,0,0.25,69,40.6,1.111,-0.018,42,42.9,1.2,38,47.4,1.44,0.129
1,on_lon,ny_mid,20,1,1.5,1,0.1,16,,,,8,,,7,,,
1,on_lon,ny_mid,20,1,1.5,1,0.25,36,33.3,0.743,-0.197,17,,,15,,,
1,on_lon,ny_mid,20,1,1.5,-1,0.1,22,45.5,0.968,0.093,17,,,16,,,
1,on_lon,ny_mid,20,1,1.5,-1,0.25,33,48.5,1.73,0.177,25,32.0,0.738,23,39.1,1.108,-0.048
1,on_lon,ny_mid,20,1,2.0,0,0.1,38,34.2,0.811,-0.016,25,36.0,1.391,23,39.1,1.114,0.031
1,on_lon,ny_mid,20,1,2.0,0,0.25,69,36.2,1.218,0.054,42,38.1,1.212,38,39.5,1.276,0.07
1,on_lon,ny_mid,20,1,2.0,1,0.1,16,,,,8,,,7,,,
1,on_lon,ny_mid,20,1,2.0,1,0.25,36,25.0,0.644,-0.281,17,,,15,,,
1,on_lon,ny_mid,20,1,2.0,-1,0.1,22,45.5,1.298,0.321,17,,,16,,,
1,on_lon,ny_mid,20,1,2.0,-1,0.25,33,48.5,2.313,0.42,25,32.0,0.988,23,34.8,1.13,-0.058
1,on_lon,ny_mid,20,1,3.0,0,0.1,38,23.7,0.754,-0.098,25,28.0,1.587,23,34.8,1.34,0.161
1,on_lon,ny_mid,20,1,3.0,0,0.25,69,30.4,1.45,0.12,42,31.0,1.312,38,36.8,1.606,0.228
1,on_lon,ny_mid,20,1,3.0,1,0.1,16,,,,8,,,7,,,
1,on_lon,ny_mid,20,1,3.0,1,0.25,36,25.0,0.776,-0.148,17,,,15,,,
1,on_lon,ny_mid,20,1,3.0,-1,0.1,22,27.3,0.917,0.044,17,,,16,,,
1,on_lon,ny_mid,20,1,3.0,-1,0.25,33,36.4,2.549,0.414,25,28.0,1.395,23,34.8,1.64,0.202
1,on_lon,ny_mid,20,2,1.0,0,0.1,157,57.3,1.244,0.145,113,47.8,0.822,106,51.9,0.947,0.029
1,on_lon,ny_mid,20,2,1.0,0,0.25,256,53.5,1.06,0.061,160,50.0,0.919,158,52.5,1.059,0.037
1,on_lon,ny_mid,20,2,1.0,1,0.1,67,56.7,1.208,0.156,39,48.7,0.674,39,43.6,0.692,-0.133
1,on_lon,ny_mid,20,2,1.0,1,0.25,127,49.6,0.844,-0.006,66,51.5,0.85,66,50.0,1.08,-0.009
1,on_lon,ny_mid,20,2,1.0,-1,0.1,90,57.8,1.276,0.137,74,47.3,0.926,67,56.7,1.177,0.123
1,on_lon,ny_mid,20,2,1.0,-1,0.25,129,57.4,1.383,0.128,94,48.9,0.981,92,54.3,1.041,0.069
1,on_lon,ny_mid,20,2,1.5,0,0.1,157,47.8,1.311,0.178,113,34.5,0.719,106,37.7,0.846,-0.081
1,on_lon,ny_mid,20,2,1.5,0,0.25,256,44.5,1.168,0.095,160,37.5,0.844,158,39.9,0.993,-0.036
1,on_lon,ny_mid,20,2,1.5,1,0.1,67,47.8,1.224,0.195,39,30.8,0.482,39,30.8,0.65,-0.25
1,on_lon,ny_mid,20,2,1.5,1,0.25,127,41.7,0.946,0.034,66,36.4,0.717,66,36.4,0.991,-0.101
1,on_lon,ny_mid,20,2,1.5,-1,0.1,90,47.8,1.39,0.166,74,36.5,0.894,67,41.8,1.003,0.017
1,on_lon,ny_mid,20,2,1.5,-1,0.25,129,47.3,1.478,0.156,94,38.3,0.961,92,42.4,0.995,0.011
1,on_lon,ny_mid,20,2,2.0,0,0.1,157,38.9,1.285,0.14,113,28.3,0.665,106,31.1,0.746,-0.101
1,on_lon,ny_mid,20,2,2.0,0,0.25,255,36.9,1.188,0.078,159,30.8,0.782,158,31.6,0.841,-0.099
1,on_lon,ny_mid,20,2,2.0,1,0.1,67,41.8,1.367,0.244,39,25.6,0.416,39,23.1,0.503,-0.341
1,on_lon,ny_mid,20,2,2.0,1,0.25,127,37.0,1.035,0.083,66,28.8,0.622,66,28.8,0.912,-0.16
1,on_lon,ny_mid,20,2,2.0,-1,0.1,90,36.7,1.219,0.063,74,29.7,0.841,67,35.8,0.941,0.039
1,on_lon,ny_mid,20,2,2.0,-1,0.25,129,37.2,1.401,0.087,94,31.9,0.903,92,33.7,0.782,-0.055
1,on_lon,ny_mid,20,2,3.0,0,0.1,157,31.8,1.364,0.219,113,21.2,0.758,106,25.5,0.838,-0.05
1,on_lon,ny_mid,20,2,3.0,0,0.25,253,31.6,1.304,0.173,159,24.5,0.905,157,27.4,0.969,-0.032
1,on_lon,ny_mid,20,2,3.0,1,0.1,67,31.3,1.217,0.19,39,12.8,0.351,39,15.4,0.376,-0.493
1,on_lon,ny_mid,20,2,3.0,1,0.25,127,29.9,0.997,0.09,66,19.7,0.612,66,22.7,0.894,-0.238
1,on_lon,ny_mid,20,2,3.0,-1,0.1,90,32.2,1.495,0.24,74,25.7,1.058,67,31.3,1.222,0.208
1,on_lon,ny_mid,20,2,3.0,-1,0.25,129,33.3,1.704,0.257,94,27.7,1.149,92,30.4,1.004,0.105
1,on_lon,ny_mid,20,3,1.0,0,0.1,189,51.3,0.932,-0.015,118,39.0,0.567,110,43.6,0.69,-0.16
1,on_lon,ny_mid,20,3,1.0,0,0.25,274,51.1,1.028,-0.014,183,44.8,0.872,180,48.3,0.998,-0.059
1,on_lon,ny_mid,20,3,1.0,1,0.1,89,46.1,0.81,-0.115,45,44.4,0.676,38,50.0,0.815,-0.027
1,on_lon,ny_mid,20,3,1.0,1,0.25,137,44.5,0.791,-0.141,81,48.1,0.861,72,50.0,0.824,-0.022
1,on_lon,ny_mid,20,3,1.0,-1,0.1,100,56.0,1.077,0.073,73,35.6,0.502,72,40.3,0.62,-0.23
1,on_lon,ny_mid,20,3,1.0,-1,0.25,137,57.7,1.382,0.114,102,42.2,0.883,108,47.2,1.153,-0.084
1,on_lon,ny_mid,20,3,1.5,0,0.1,189,42.3,0.979,0.014,118,31.4,0.611,110,35.5,0.771,-0.148
1,on_lon,ny_mid,20,3,1.5,0,0.25,274,42.3,1.099,0.021,183,35.5,0.834,180,37.8,0.918,-0.095
1,on_lon,ny_mid,20,3,1.5,1,0.1,89,38.2,0.873,-0.083,45,35.6,0.691,38,34.2,0.737,-0.174
1,on_lon,ny_mid,20,3,1.5,1,0.25,137,38.0,0.919,-0.084,81,37.0,0.715,72,36.1,0.703,-0.159
1,on_lon,ny_mid,20,3,1.5,-1,0.1,100,46.0,1.1,0.101,73,28.8,0.561,72,36.1,0.794,-0.133
1,on_lon,ny_mid,20,3,1.5,-1,0.25,137,46.7,1.336,0.126,102,34.3,0.951,108,38.9,1.112,-0.053
1,on_lon,ny_mid,20,3,2.0,0,0.1,189,36.5,1.002,0.044,118,27.1,0.679,110,32.7,0.938,-0.053
1,on_lon,ny_mid,20,3,2.0,0,0.25,274,36.5,1.136,0.052,183,31.1,0.941,180,35.0,1.081,-0.012
1,on_lon,ny_mid,20,3,2.0,1,0.1,89,31.5,0.853,-0.109,45,35.6,0.925,38,34.2,0.986,-0.003
1,on_lon,ny_mid,20,3,2.0,1,0.25,137,30.7,0.852,-0.123,81,35.8,0.868,72,34.7,0.881,-0.041
1,on_lon,ny_mid,20,3,2.0,-1,0.1,100,41.0,1.174,0.18,73,21.9,0.537,72,31.9,0.909,-0.079
1,on_lon,ny_mid,20,3,2.0,-1,0.25,137,42.3,1.526,0.227,102,27.5,1.009,108,35.2,1.255,0.007
1,on_lon,ny_mid,20,3,3.0,0,0.1,189,29.1,1.113,0.103,118,17.8,0.569,110,24.5,0.943,-0.053
1,on_lon,ny_mid,20,3,3.0,0,0.25,274,28.8,1.181,0.095,183,22.4,0.916,178,27.5,1.137,0.006
1,on_lon,ny_mid,20,3,3.0,1,0.1,89,28.1,1.088,0.053,45,24.4,0.792,38,26.3,1.021,0.022
1,on_lon,ny_mid,20,3,3.0,1,0.25,137,27.7,1.073,0.032,81,28.4,0.974,72,27.8,0.958,-0.014
1,on_lon,ny_mid,20,3,3.0,-1,0.1,100,30.0,1.139,0.147,73,13.7,0.434,72,23.6,0.894,-0.094
1,on_lon,ny_mid,20,3,3.0,-1,0.25,137,29.9,1.306,0.159,102,17.6,0.866,108,26.9,1.244,-0.001
1,on_lon,ny_mid,40,0,1.0,0,0.1,153,47.7,0.884,-0.089,121,45.5,0.787,110,43.6,0.733,-0.131
1,on_lon,ny_mid,40,0,1.0,0,0.25,299,49.5,1.005,-0.042,202,46.5,0.8,195,44.6,0.727,-0.119
1,on_lon,ny_mid,40,0,1.0,1,0.1,57,45.6,0.839,-0.129,46,39.1,0.578,41,36.6,0.591,-0.249
1,on_lon,ny_mid,40,0,1.0,1,0.25,147,47.6,0.937,-0.075,91,44.0,0.736,79,40.5,0.714,-0.175
1,on_lon,ny_mid,40,0,1.0,-1,0.1,96,49.0,0.914,-0.065,75,49.3,0.958,69,47.8,0.855,-0.061
1,on_lon,ny_mid,40,0,1.0,-1,0.25,152,51.3,1.091,-0.009,111,48.6,0.865,116,47.4,0.738,-0.081
1,on_lon,ny_mid,40,0,1.5,0,0.1,153,39.2,0.938,-0.066,121,33.9,0.734,110,34.5,0.747,-0.155
1,on_lon,ny_mid,40,0,1.5,0,0.25,299,41.1,1.075,-0.011,201,33.3,0.613,195,34.4,0.666,-0.164
1,on_lon,ny_mid,40,0,1.5,1,0.1,57,36.8,0.849,-0.121,46,34.8,0.714,41,31.7,0.713,-0.213
1,on_lon,ny_mid,40,0,1.5,1,0.25,147,40.1,1.022,-0.037,91,29.7,0.481,79,30.4,0.674,-0.233
1,on_lon,ny_mid,40,0,1.5,-1,0.1,96,40.6,0.999,-0.034,75,33.3,0.747,69,36.2,0.772,-0.121
1,on_lon,ny_mid,40,0,1.5,-1,0.25,152,42.1,1.141,0.014,111,36.0,0.74,116,37.1,0.659,-0.117
1,on_lon,ny_mid,40,0,2.0,0,0.1,153,35.3,1.004,0.012,121,25.6,0.606,110,29.1,0.691,-0.177
1,on_lon,ny_mid,40,0,2.0,0,0.25,297,37.7,1.197,0.066,201,26.9,0.607,195,28.7,0.649,-0.19
1,on_lon,ny_mid,40,0,2.0,1,0.1,57,33.3,0.973,-0.043,46,28.3,0.664,41,26.8,0.601,-0.271
1,on_lon,ny_mid,40,0,2.0,1,0.25,147,37.4,1.146,0.029,91,26.4,0.544,79,26.6,0.652,-0.246
1,on_lon,ny_mid,40,0,2.0,-1,0.1,96,36.5,1.025,0.044,75,24.0,0.571,69,30.4,0.756,-0.121
1,on_lon,ny_mid,40,0,2.0,-1,0.25,152,38.2,1.265,0.108,111,27.0,0.654,116,30.2,0.647,-0.152
1,on_lon,ny_mid,40,0,3.0,0,0.1,153,28.1,1.055,0.057,121,18.2,0.5,110,23.6,0.751,-0.135
1,on_lon,ny_mid,40,0,3.0,0,0.25,294,32.3,1.322,0.151,201,21.4,0.606,194,23.7,0.667,-0.187
1,on_lon,ny_mid,40,0,3.0,1,0.1,57,24.6,0.842,-0.113,46,21.7,0.648,41,22.0,0.676,-0.224
1,on_lon,ny_mid,40,0,3.0,1,0.25,147,32.0,1.195,0.076,91,22.0,0.552,79,21.5,0.635,-0.293
1,on_lon,ny_mid,40,0,3.0,-1,0.1,96,30.2,1.204,0.157,75,16.0,0.41,69,24.6,0.805,-0.082
1,on_lon,ny_mid,40,0,3.0,-1,0.25,152,32.2,1.441,0.211,111,20.7,0.645,116,25.0,0.679,-0.123
1,on_lon,ny_mid,40,1,1.0,0,0.1,39,53.8,0.991,0.038,25,56.0,1.473,25,56.0,1.382,0.095
1,on_lon,ny_mid,40,1,1.0,0,0.25,74,51.4,1.024,-0.002,48,62.5,1.616,47,59.6,1.621,0.158
1,on_lon,ny_mid,40,1,1.0,1,0.1,16,,,,8,,,7,,,
1,on_lon,ny_mid,40,1,1.0,1,0.25,39,46.2,0.833,-0.104,22,68.2,2.027,18,,,
1,on_lon,ny_mid,40,1,1.0,-1,0.1,23,60.9,1.036,0.177,17,,,18,,,
1,on_lon,ny_mid,40,1,1.0,-1,0.25,35,57.1,1.32,0.11,26,57.7,1.31,29,58.6,1.564,0.147
1,on_lon,ny_mid,40,1,1.5,0,0.1,39,41.0,0.951,-0.017,25,40.0,1.31,25,44.0,1.177,0.036
1,on_lon,ny_mid,40,1,1.5,0,0.25,74,40.5,1.088,-0.018,48,43.8,1.178,47,44.7,1.284,0.069
1,on_lon,ny_mid,40,1,1.5,1,0.1,16,,,,8,,,7,,,
1,on_lon,ny_mid,40,1,1.5,1,0.25,39,33.3,0.76,-0.196,22,59.1,2.016,18,,,
1,on_lon,ny_mid,40,1,1.5,-1,0.1,23,47.8,1.042,0.153,17,,,18,,,
1,on_lon,ny_mid,40,1,1.5,-1,0.25,35,48.6,1.647,0.18,26,30.8,0.637,29,37.9,0.994,-0.076
1,on_lon,ny_mid,40,1,2.0,0,0.1,39,35.9,0.858,0.034,25,36.0,1.391,25,40.0,1.168,0.067
1,on_lon,ny_mid,40,1,2.0,0,0.25,74,36.5,1.21,0.062,48,37.5,1.126,47,38.3,1.265,0.054
1,on_lon,ny_mid,40,1,2.0,1,0.1,16,,,,8,,,7,,,
1,on_lon,ny_mid,40,1,2.0,1,0.25,39,25.6,0.692,-0.261,22,45.5,1.445,18,,,
1,on_lon,ny_mid,40,1,2.0,-1,0.1,23,47.8,1.397,0.392,17,,,18,,,
1,on_lon,ny_mid,40,1,2.0,-1,0.25,35,48.6,2.203,0.422,26,30.8,0.853,29,34.5,1.095,-0.05
1,on_lon,ny_mid,40,1,3.0,0,0.1,39,25.6,0.816,-0.019,25,28.0,1.587,25,32.0,1.172,0.066
1,on_lon,ny_mid,40,1,3.0,0,0.25,74,31.1,1.389,0.117,48,31.2,1.096,47,34.0,1.36,0.092
1,on_lon,ny_mid,40,1,3.0,1,0.1,16,,,,8,,,7,,,
1,on_lon,ny_mid,40,1,3.0,1,0.25,39,25.6,0.739,-0.178,22,36.4,0.979,18,,,
1,on_lon,ny_mid,40,1,3.0,-1,0.1,23,30.4,1.035,0.171,17,,,18,,,
1,on_lon,ny_mid,40,1,3.0,-1,0.25,35,37.1,2.465,0.445,26,26.9,1.207,29,31.0,1.395,0.079
1,on_lon,ny_mid,40,2,1.0,0,0.1,163,57.7,1.274,0.15,120,49.2,0.833,111,52.3,0.921,0.035
1,on_lon,ny_mid,40,2,1.0,0,0.25,267,53.6,1.055,0.061,173,50.3,0.906,171,52.0,1.002,0.032
1,on_lon,ny_mid,40,2,1.0,1,0.1,69,58.0,1.264,0.18,43,51.2,0.723,41,46.3,0.743,-0.08
1,on_lon,ny_mid,40,2,1.0,1,0.25,133,50.4,0.861,0.008,75,52.0,0.901,72,50.0,1.086,0.003
1,on_lon,ny_mid,40,2,1.0,-1,0.1,94,57.4,1.282,0.127,77,48.1,0.909,70,55.7,1.065,0.102
1,on_lon,ny_mid,40,2,1.0,-1,0.25,134,56.7,1.345,0.113,98,49.0,0.91,99,53.5,0.936,0.053
1,on_lon,ny_mid,40,2,1.5,0,0.1,163,48.5,1.357,0.194,120,36.7,0.747,111,38.7,0.843,-0.057
1,on_lon,ny_mid,40,2,1.5,0,0.25,267,44.9,1.177,0.104,173,38.2,0.835,171,39.2,0.922,-0.047
1,on_lon,ny_mid,40,2,1.5,1,0.1,69,49.3,1.295,0.232,43,34.9,0.547,41,34.1,0.717,-0.167
1,on_lon,ny_mid,40,2,1.5,1,0.25,133,42.9,0.981,0.061,75,37.3,0.755,72,37.5,1.037,-0.06
1,on_lon,ny_mid,40,2,1.5,-1,0.1,94,47.9,1.412,0.166,77,37.7,0.89,70,41.4,0.936,0.008
1,on_lon,ny_mid,40,2,1.5,-1,0.25,134,47.0,1.452,0.147,98,38.8,0.908,99,40.4,0.832,-0.037
1,on_lon,ny_mid,40,2,2.0,0,0.1,163,39.3,1.319,0.151,120,29.2,0.675,111,31.5,0.729,-0.089
1,on_lon,ny_mid,40,2,2.0,0,0.25,266,37.2,1.181,0.081,172,30.8,0.779,171,31.0,0.796,-0.111
1,on_lon,ny_mid,40,2,2.0,1,0.1,69,43.5,1.455,0.294,43,27.9,0.46,41,24.4,0.517,-0.302
1,on_lon,ny_mid,40,2,2.0,1,0.25,133,38.3,1.048,0.11,75,29.3,0.675,72,29.2,0.952,-0.135
1,on_lon,ny_mid,40,2,2.0,-1,0.1,94,36.2,1.214,0.046,77,29.9,0.825,70,35.7,0.891,0.036
1,on_lon,ny_mid,40,2,2.0,-1,0.25,134,36.6,1.367,0.067,98,31.6,0.851,99,32.3,0.676,-0.093
1,on_lon,ny_mid,40,2,3.0,0,0.1,163,31.9,1.376,0.22,120,20.8,0.737,111,25.2,0.807,-0.059
1,on_lon,ny_mid,40,2,3.0,0,0.25,264,31.8,1.291,0.172,172,23.3,0.838,170,26.5,0.87,-0.073
1,on_lon,ny_mid,40,2,3.0,1,0.1,69,31.9,1.239,0.212,43,14.0,0.366,41,17.1,0.404,-0.422
1,on_lon,ny_mid,40,2,3.0,1,0.25,133,30.8,1.002,0.109,75,18.7,0.572,72,23.6,0.858,-0.221
1,on_lon,ny_mid,40,2,3.0,-1,0.1,94,31.9,1.498,0.226,77,24.7,1.008,70,30.0,1.124,0.154
1,on_lon,ny_mid,40,2,3.0,-1,0.25,134,32.8,1.669,0.237,98,26.5,1.066,99,28.3,0.855,0.025
1,on_lon,ny_mid,40,3,1.0,0,0.1,192,51.0,0.932,-0.021,119,39.5,0.575,111,44.1,0.701,-0.15
1,on_lon,ny_mid,40,3,1.0,0,0.25,278,51.1,1.043,-0.014,185,45.4,0.895,182,48.9,1.022,-0.047
1,on_lon,ny_mid,40,3,1.0,1,0.1,91,46.2,0.827,-0.114,46,45.7,0.696,39,51.3,0.843,-0.002
1,on_lon,ny_mid,40,3,1.0,1,0.25,140,45.0,0.826,-0.132,83,49.4,0.908,74,51.4,0.875,0.005
1,on_lon,ny_mid,40,3,1.0,-1,0.1,101,55.4,1.056,0.062,73,35.6,0.502,72,40.3,0.62,-0.23
1,on_lon,ny_mid,40,3,1.0,-1,0.25,138,57.2,1.364,0.105,102,42.2,0.883,108,47.2,1.153,-0.084
1,on_lon,ny_mid,40,3,1.5,0,0.1,192,41.7,0.955,-0.003,119,31.9,0.621,111,36.0,0.785,-0.133
1,on_lon,ny_mid,40,3,1.5,0,0.25,278,42.1,1.103,0.015,185,35.7,0.826,182,37.9,0.909,-0.092
1,on_lon,ny_mid,40,3,1.5,1,0.1,91,37.4,0.845,-0.104,46,37.0,0.717,39,35.9,0.771,-0.132
1,on_lon,ny_mid,40,3,1.5,1,0.25,140,37.9,0.937,-0.087,83,37.3,0.703,74,36.5,0.693,-0.148
1,on_lon,ny_mid,40,3,1.5,-1,0.1,101,45.5,1.082,0.089,73,28.8,0.561,72,36.1,0.794,-0.133
1,on_lon,ny_mid,40,3,1.5,-1,0.25,138,46.4,1.323,0.117,102,34.3,0.951,108,38.9,1.112,-0.053
1,on_lon,ny_mid,40,3,2.0,0,0.1,192,35.9,0.98,0.027,119,27.7,0.692,111,33.3,0.956,-0.034
1,on_lon,ny_mid,40,3,2.0,0,0.25,278,36.3,1.145,0.047,185,31.4,0.933,182,35.2,1.073,-0.006
1,on_lon,ny_mid,40,3,2.0,1,0.1,91,30.8,0.829,-0.13,46,37.0,0.96,39,35.9,1.032,0.047
1,on_lon,ny_mid,40,3,2.0,1,0.25,140,30.7,0.88,-0.122,83,36.1,0.855,74,35.1,0.87,-0.027
1,on_lon,ny_mid,40,3,2.0,-1,0.1,101,40.6,1.157,0.168,73,21.9,0.537,72,31.9,0.909,-0.079
1,on_lon,ny_mid,40,3,2.0,-1,0.25,138,42.0,1.511,0.218,102,27.5,1.009,108,35.2,1.255,0.007
1,on_lon,ny_mid,40,3,3.0,0,0.1,192,28.6,1.09,0.085,119,18.5,0.586,111,25.2,0.966,-0.026
1,on_lon,ny_mid,40,3,3.0,0,0.25,278,28.8,1.185,0.089,185,22.7,0.913,180,27.8,1.132,0.016
1,on_lon,ny_mid,40,3,3.0,1,0.1,91,27.5,1.058,0.029,46,26.1,0.837,39,28.2,1.084,0.098
1,on_lon,ny_mid,40,3,3.0,1,0.25,140,27.9,1.091,0.028,83,28.9,0.966,74,28.4,0.953,0.013
1,on_lon,ny_mid,40,3,3.0,-1,0.1,101,29.7,1.124,0.135,73,13.7,0.434,72,23.6,0.894,-0.094
1,on_lon,ny_mid,40,3,3.0,-1,0.25,138,29.7,1.296,0.15,102,17.6,0.866,108,26.9,1.244,-0.001
1,on_lon,pm,10,0,1.0,0,0.1,35,57.1,1.742,0.09,25,44.0,0.784,19,,,
1,on_lon,pm,10,0,1.0,0,0.25,51,56.9,1.626,0.096,39,41.0,0.646,32,37.5,0.548,-0.276
1,on_lon,pm,10,0,1.0,1,0.1,15,,,,8,,,6,,,
1,on_lon,pm,10,0,1.0,1,0.25,25,48.0,1.422,-0.078,19,,,16,,,
1,on_lon,pm,10,0,1.0,-1,0.1,20,65.0,2.058,0.246,17,,,13,,,
1,on_lon,pm,10,0,1.0,-1,0.25,26,65.4,1.95,0.262,20,55.0,1.008,16,,,
1,on_lon,pm,10,0,1.5,0,0.1,35,42.9,1.333,0.017,25,32.0,0.421,19,,,
1,on_lon,pm,10,0,1.5,0,0.25,51,45.1,1.542,0.084,39,28.2,0.408,32,21.9,0.251,-0.461
1,on_lon,pm,10,0,1.5,1,0.1,15,,,,8,,,6,,,
1,on_lon,pm,10,0,1.5,1,0.25,25,32.0,1.332,-0.24,19,,,16,,,
1,on_lon,pm,10,0,1.5,-1,0.1,20,60.0,2.548,0.445,17,,,13,,,
1,on_lon,pm,10,0,1.5,-1,0.25,26,57.7,1.87,0.396,20,40.0,0.607,16,,,
1,on_lon,pm,10,0,2.0,0,0.1,35,34.3,1.219,-0.062,25,32.0,0.565,19,,,
1,on_lon,pm,10,0,2.0,0,0.25,51,33.3,1.061,-0.087,39,28.2,0.546,32,21.9,0.336,-0.352
1,on_lon,pm,10,0,2.0,1,0.1,15,,,,8,,,6,,,
1,on_lon,pm,10,0,2.0,1,0.25,25,20.0,0.731,-0.479,19,,,16,,,
1,on_lon,pm,10,0,2.0,-1,0.1,20,50.0,2.25,0.382,17,,,13,,,
1,on_lon,pm,10,0,2.0,-1,0.25,26,46.2,1.569,0.29,20,40.0,0.813,16,,,
1,on_lon,pm,10,0,3.0,0,0.1,35,28.6,1.121,-0.09,25,32.0,0.851,19,,,
1,on_lon,pm,10,0,3.0,0,0.25,51,29.4,1.239,-0.027,39,28.2,0.781,32,21.9,0.499,-0.145
1,on_lon,pm,10,0,3.0,1,0.1,15,,,,8,,,6,,,
1,on_lon,pm,10,0,3.0,1,0.25,25,16.0,0.837,-0.479,19,,,16,,,
1,on_lon,pm,10,0,3.0,-1,0.1,20,45.0,2.347,0.435,17,,,13,,,
1,on_lon,pm,10,0,3.0,-1,0.25,26,42.3,1.882,0.407,20,40.0,1.226,16,,,
1,on_lon,pm,10,1,1.0,0,0.1,9,,,,7,,,6,,,
1,on_lon,pm,10,1,1.0,0,0.25,13,,,,9,,,8,,,
1,on_lon,pm,10,1,1.0,1,0.1,5,,,,3,,,2,,,
1,on_lon,pm,10,1,1.0,1,0.25,8,,,,5,,,4,,,
1,on_lon,pm,10,1,1.0,-1,0.1,4,,,,4,,,4,,,
1,on_lon,pm,10,1,1.0,-1,0.25,5,,,,4,,,4,,,
1,on_lon,pm,10,1,1.5,0,0.1,9,,,,7,,,6,,,
1,on_lon,pm,10,1,1.5,0,0.25,13,,,,9,,,8,,,
1,on_lon,pm,10,1,1.5,1,0.1,5,,,,3,,,2,,,
1,on_lon,pm,10,1,1.5,1,0.25,8,,,,5,,,4,,,
1,on_lon,pm,10,1,1.5,-1,0.1,4,,,,4,,,4,,,
1,on_lon,pm,10,1,1.5,-1,0.25,5,,,,4,,,4,,,
1,on_lon,pm,10,1,2.0,0,0.1,9,,,,7,,,6,,,
1,on_lon,pm,10,1,2.0,0,0.25,13,,,,9,,,8,,,
1,on_lon,pm,10,1,2.0,1,0.1,5,,,,3,,,2,,,
1,on_lon,pm,10,1,2.0,1,0.25,8,,,,5,,,4,,,
1,on_lon,pm,10,1,2.0,-1,0.1,4,,,,4,,,4,,,
1,on_lon,pm,10,1,2.0,-1,0.25,5,,,,4,,,4,,,
1,on_lon,pm,10,1,3.0,0,0.1,9,,,,7,,,6,,,
1,on_lon,pm,10,1,3.0,0,0.25,13,,,,9,,,8,,,
1,on_lon,pm,10,1,3.0,1,0.1,5,,,,3,,,2,,,
1,on_lon,pm,10,1,3.0,1,0.25,8,,,,5,,,4,,,
1,on_lon,pm,10,1,3.0,-1,0.1,4,,,,4,,,4,,,
1,on_lon,pm,10,1,3.0,-1,0.25,5,,,,4,,,4,,,
1,on_lon,pm,10,2,1.0,0,0.1,31,58.1,1.548,0.101,26,61.5,1.44,24,70.8,1.924,0.385
1,on_lon,pm,10,2,1.0,0,0.25,40,57.5,1.465,0.099,35,54.3,0.905,30,60.0,0.953,0.172
1,on_lon,pm,10,2,1.0,1,0.1,14,,,,10,,,10,,,
1,on_lon,pm,10,2,1.0,1,0.25,20,55.0,1.281,0.061,18,,,15,,,
1,on_lon,pm,10,2,1.0,-1,0.1,17,,,,16,,,14,,,
1,on_lon,pm,10,2,1.0,-1,0.25,20,60.0,1.828,0.136,17,,,15,,,
1,on_lon,pm,10,2,1.5,0,0.1,31,45.2,1.254,0.066,26,38.5,0.817,24,45.8,0.932,0.109
1,on_lon,pm,10,2,1.5,0,0.25,40,47.5,1.535,0.134,35,37.1,0.72,30,40.0,0.661,-0.033
1,on_lon,pm,10,2,1.5,1,0.1,14,,,,10,,,10,,,
1,on_lon,pm,10,2,1.5,1,0.25,20,40.0,1.193,-0.041,18,,,15,,,
1,on_lon,pm,10,2,1.5,-1,0.1,17,,,,16,,,14,,,
1,on_lon,pm,10,2,1.5,-1,0.25,20,55.0,2.296,0.31,17,,,15,,,
1,on_lon,pm,10,2,2.0,0,0.1,31,38.7,1.257,0.098,26,34.6,0.712,24,41.7,0.828,0.24
1,on_lon,pm,10,2,2.0,0,0.25,40,40.0,1.359,0.146,35,34.3,0.657,30,36.7,0.641,0.088
1,on_lon,pm,10,2,2.0,1,0.1,14,,,,10,,,10,,,
1,on_lon,pm,10,2,2.0,1,0.25,20,25.0,0.769,-0.293,18,,,15,,,
1,on_lon,pm,10,2,2.0,-1,0.1,17,,,,16,,,14,,,
1,on_lon,pm,10,2,2.0,-1,0.25,20,55.0,3.078,0.585,17,,,15,,,
1,on_lon,pm,10,2,3.0,0,0.1,31,22.6,0.776,-0.274,26,26.9,0.671,24,25.0,0.492,-0.013
1,on_lon,pm,10,2,3.0,0,0.25,40,25.0,1.067,-0.143,35,28.6,0.691,30,23.3,0.504,-0.08
1,on_lon,pm,10,2,3.0,1,0.1,14,,,,10,,,10,,,
1,on_lon,pm,10,2,3.0,1,0.25,20,15.0,0.908,-0.446,18,,,15,,,
1,on_lon,pm,10,2,3.0,-1,0.1,17,,,,16,,,14,,,
1,on_lon,pm,10,2,3.0,-1,0.25,20,35.0,1.37,0.161,17,,,15,,,
1,on_lon,pm,10,3,1.0,0,0.1,40,57.5,1.366,0.096,28,50.0,0.674,23,47.8,0.635,-0.08
1,on_lon,pm,10,3,1.0,0,0.25,52,57.7,1.513,0.108,39,51.3,1.072,35,42.9,0.605,-0.172
1,on_lon,pm,10,3,1.0,1,0.1,20,50.0,1.013,-0.05,11,,,10,,,
1,on_lon,pm,10,3,1.0,1,0.25,28,50.0,1.273,-0.041,19,,,17,,,
1,on_lon,pm,10,3,1.0,-1,0.1,20,65.0,1.891,0.243,17,,,13,,,
1,on_lon,pm,10,3,1.0,-1,0.25,24,66.7,1.998,0.283,20,45.0,0.5,18,,,
1,on_lon,pm,10,3,1.5,0,0.1,40,47.5,1.514,0.131,28,42.9,0.635,23,39.1,0.637,-0.059
1,on_lon,pm,10,3,1.5,0,0.25,52,48.1,1.63,0.154,39,38.5,0.764,35,28.6,0.361,-0.316
1,on_lon,pm,10,3,1.5,1,0.1,20,40.0,1.095,-0.053,11,,,10,,,
1,on_lon,pm,10,3,1.5,1,0.25,28,42.9,1.642,0.029,19,,,17,,,
1,on_lon,pm,10,3,1.5,-1,0.1,20,55.0,2.121,0.315,17,,,13,,,
1,on_lon,pm,10,3,1.5,-1,0.25,24,54.2,1.612,0.301,20,40.0,0.371,18,,,
1,on_lon,pm,10,3,2.0,0,0.1,40,35.0,1.101,-0.008,28,32.1,0.571,23,34.8,0.641,-0.038
1,on_lon,pm,10,3,2.0,0,0.25,52,38.5,1.453,0.076,39,30.8,0.873,35,25.7,0.399,-0.288
1,on_lon,pm,10,3,2.0,1,0.1,20,30.0,0.929,-0.154,11,,,10,,,
1,on_lon,pm,10,3,2.0,1,0.25,28,35.7,1.592,-0.026,19,,,17,,,
1,on_lon,pm,10,3,2.0,-1,0.1,20,40.0,1.3,0.138,17,,,13,,,
1,on_lon,pm,10,3,2.0,-1,0.25,24,41.7,1.272,0.195,20,30.0,0.284,18,,,
1,on_lon,pm,10,3,3.0,0,0.1,40,30.0,1.053,-0.006,28,32.1,0.85,23,34.8,0.954,0.267
1,on_lon,pm,10,3,3.0,0,0.25,52,28.8,0.835,-0.083,39,28.2,0.703,35,25.7,0.596,-0.059
1,on_lon,pm,10,3,3.0,1,0.1,20,30.0,1.194,0.058,11,,,10,,,
1,on_lon,pm,10,3,3.0,1,0.25,28,28.6,0.96,-0.024,19,,,17,,,
1,on_lon,pm,10,3,3.0,-1,0.1,20,30.0,0.914,-0.069,17,,,13,,,
1,on_lon,pm,10,3,3.0,-1,0.25,24,29.2,0.667,-0.152,20,30.0,0.417,18,,,
1,on_lon,pm,20,0,1.0,0,0.1,38,57.9,1.774,0.107,28,42.9,0.723,23,52.2,1.067,0.01
1,on_lon,pm,20,0,1.0,0,0.25,56,55.4,1.323,0.067,47,38.3,0.558,41,36.6,0.512,-0.276
1,on_lon,pm,20,0,1.0,1,0.1,17,,,,9,,,6,,,
1,on_lon,pm,20,0,1.0,1,0.25,27,51.9,1.549,0.001,23,26.1,0.447,19,,,
1,on_lon,pm,20,0,1.0,-1,0.1,21,61.9,1.759,0.184,19,,,17,,,
1,on_lon,pm,20,0,1.0,-1,0.25,29,58.6,1.118,0.128,24,50.0,0.81,22,40.9,0.492,-0.179
1,on_lon,pm,20,0,1.5,0,0.1,38,42.1,1.281,-0.002,28,32.1,0.412,23,34.8,0.403,-0.172
1,on_lon,pm,20,0,1.5,0,0.25,56,42.9,1.272,0.029,47,27.7,0.417,41,24.4,0.314,-0.403
1,on_lon,pm,20,0,1.5,1,0.1,17,,,,9,,,6,,,
1,on_lon,pm,20,0,1.5,1,0.25,27,33.3,1.344,-0.207,23,17.4,0.359,19,,,
1,on_lon,pm,20,0,1.5,-1,0.1,21,57.1,2.219,0.373,19,,,17,,,
1,on_lon,pm,20,0,1.5,-1,0.25,29,51.7,1.198,0.248,24,37.5,0.534,22,31.8,0.263,-0.237
1,on_lon,pm,20,0,2.0,0,0.1,38,34.2,1.209,-0.061,28,32.1,0.552,23,34.8,0.524,-0.02
1,on_lon,pm,20,0,2.0,0,0.25,56,32.1,0.926,-0.118,47,25.5,0.417,41,22.0,0.28,-0.366
1,on_lon,pm,20,0,2.0,1,0.1,17,,,,9,,,6,,,
1,on_lon,pm,20,0,2.0,1,0.25,27,22.2,0.785,-0.41,23,13.0,0.278,19,,,
1,on_lon,pm,20,0,2.0,-1,0.1,21,47.6,2.011,0.314,19,,,17,,,
1,on_lon,pm,20,0,2.0,-1,0.25,29,41.4,1.083,0.153,24,37.5,0.716,22,31.8,0.339,-0.101
1,on_lon,pm,20,0,3.0,0,0.1,38,26.3,0.983,-0.166,28,32.1,0.833,23,30.4,0.663,0.094
1,on_lon,pm,20,0,3.0,0,0.25,56,26.8,1.018,-0.118,47,25.5,0.597,41,19.5,0.38,-0.278
1,on_lon,pm,20,0,3.0,1,0.1,17,,,,9,,,6,,,
1,on_lon,pm,20,0,3.0,1,0.25,27,14.8,0.775,-0.522,23,13.0,0.374,19,,,
1,on_lon,pm,20,0,3.0,-1,0.1,21,42.9,2.11,0.364,19,,,17,,,
1,on_lon,pm,20,0,3.0,-1,0.25,29,37.9,1.31,0.259,24,37.5,1.08,22,27.3,0.402,-0.028
1,on_lon,pm,20,1,1.0,0,0.1,10,,,,9,,,9,,,
1,on_lon,pm,20,1,1.0,0,0.25,14,,,,14,,,14,,,
1,on_lon,pm,20,1,1.0,1,0.1,5,,,,4,,,2,,,
1,on_lon,pm,20,1,1.0,1,0.25,8,,,,9,,,7,,,
1,on_lon,pm,20,1,1.0,-1,0.1,5,,,,5,,,7,,,
1,on_lon,pm,20,1,1.0,-1,0.25,6,,,,5,,,7,,,
1,on_lon,pm,20,1,1.5,0,0.1,10,,,,9,,,9,,,
1,on_lon,pm,20,1,1.5,0,0.25,14,,,,14,,,14,,,
1,on_lon,pm,20,1,1.5,1,0.1,5,,,,4,,,2,,,
1,on_lon,pm,20,1,1.5,1,0.25,8,,,,9,,,7,,,
1,on_lon,pm,20,1,1.5,-1,0.1,5,,,,5,,,7,,,
1,on_lon,pm,20,1,1.5,-1,0.25,6,,,,5,,,7,,,
1,on_lon,pm,20,1,2.0,0,0.1,10,,,,9,,,9,,,
1,on_lon,pm,20,1,2.0,0,0.25,14,,,,14,,,14,,,
1,on_lon,pm,20,1,2.0,1,0.1,5,,,,4,,,2,,,
1,on_lon,pm,20,1,2.0,1,0.25,8,,,,9,,,7,,,
1,on_lon,pm,20,1,2.0,-1,0.1,5,,,,5,,,7,,,
1,on_lon,pm,20,1,2.0,-1,0.25,6,,,,5,,,7,,,
1,on_lon,pm,20,1,3.0,0,0.1,10,,,,9,,,9,,,
1,on_lon,pm,20,1,3.0,0,0.25,14,,,,14,,,14,,,
1,on_lon,pm,20,1,3.0,1,0.1,5,,,,4,,,2,,,
1,on_lon,pm,20,1,3.0,1,0.25,8,,,,9,,,7,,,
1,on_lon,pm,20,1,3.0,-1,0.1,5,,,,5,,,7,,,
1,on_lon,pm,20,1,3.0,-1,0.25,6,,,,5,,,7,,,
1,on_lon,pm,20,2,1.0,0,0.1,34,55.9,1.359,0.057,29,58.6,1.262,28,67.9,1.713,0.361
1,on_lon,pm,20,2,1.0,0,0.25,44,54.5,1.103,0.04,41,48.8,0.663,37,54.1,0.717,0.105
1,on_lon,pm,20,2,1.0,1,0.1,15,,,,11,,,10,,,
1,on_lon,pm,20,2,1.0,1,0.25,21,57.1,1.333,0.103,21,33.3,0.448,17,,,
1,on_lon,pm,20,2,1.0,-1,0.1,19,,,,18,,,18,,,
1,on_lon,pm,20,2,1.0,-1,0.25,23,52.2,0.884,-0.018,20,65.0,1.431,20,55.0,0.803,0.159
1,on_lon,pm,20,2,1.5,0,0.1,34,44.1,1.169,0.041,29,37.9,0.768,28,46.4,0.945,0.142
1,on_lon,pm,20,2,1.5,0,0.25,44,45.5,1.221,0.084,41,34.1,0.569,37,37.8,0.559,-0.047
1,on_lon,pm,20,2,1.5,1,0.1,15,,,,11,,,10,,,
1,on_lon,pm,20,2,1.5,1,0.25,21,42.9,1.256,0.03,21,23.8,0.516,17,,,
1,on_lon,pm,20,2,1.5,-1,0.1,19,,,,18,,,18,,,
1,on_lon,pm,20,2,1.5,-1,0.25,23,47.8,1.18,0.133,20,45.0,0.691,20,40.0,0.4,0.032
1,on_lon,pm,20,2,2.0,0,0.1,34,35.3,1.084,-0.006,29,34.5,0.685,28,42.9,0.832,0.242
1,on_lon,pm,20,2,2.0,0,0.25,44,36.4,1.072,0.037,41,31.7,0.529,37,35.1,0.537,0.042
1,on_lon,pm,20,2,2.0,1,0.1,15,,,,11,,,10,,,
1,on_lon,pm,20,2,2.0,1,0.25,21,23.8,0.742,-0.331,21,19.0,0.441,17,,,
1,on_lon,pm,20,2,2.0,-1,0.1,19,,,,18,,,18,,,
1,on_lon,pm,20,2,2.0,-1,0.25,23,47.8,1.582,0.372,20,45.0,0.738,20,40.0,0.466,0.165
1,on_lon,pm,20,2,3.0,0,0.1,34,20.6,0.688,-0.345,29,27.6,0.668,28,28.6,0.535,0.058
1,on_lon,pm,20,2,3.0,0,0.25,44,22.7,0.873,-0.226,41,26.8,0.572,37,24.3,0.445,-0.07
1,on_lon,pm,20,2,3.0,1,0.1,15,,,,11,,,10,,,
1,on_lon,pm,20,2,3.0,1,0.25,21,14.3,0.878,-0.477,21,14.3,0.425,17,,,
1,on_lon,pm,20,2,3.0,-1,0.1,19,,,,18,,,18,,,
1,on_lon,pm,20,2,3.0,-1,0.25,23,30.4,0.867,0.004,20,40.0,0.921,20,35.0,0.529,0.31
1,on_lon,pm,20,3,1.0,0,0.1,41,56.1,1.32,0.067,32,50.0,0.711,28,50.0,0.715,-0.034
1,on_lon,pm,20,3,1.0,0,0.25,54,57.4,1.535,0.102,44,52.3,1.11,40,45.0,0.646,-0.129
1,on_lon,pm,20,3,1.0,1,0.1,20,50.0,1.013,-0.05,14,,,11,,,
1,on_lon,pm,20,3,1.0,1,0.25,28,50.0,1.273,-0.041,23,56.5,1.614,18,,,
1,on_lon,pm,20,3,1.0,-1,0.1,21,61.9,1.74,0.179,18,,,17,,,
1,on_lon,pm,20,3,1.0,-1,0.25,26,65.4,2.033,0.256,21,47.6,0.585,22,50.0,0.793,-0.032
1,on_lon,pm,20,3,1.5,0,0.1,41,46.3,1.472,0.101,32,43.8,0.725,28,42.9,0.784,0.036
1,on_lon,pm,20,3,1.5,0,0.25,54,48.1,1.668,0.156,44,40.9,0.857,40,32.5,0.44,-0.217
1,on_lon,pm,20,3,1.5,1,0.1,20,40.0,1.095,-0.053,14,,,11,,,
1,on_lon,pm,20,3,1.5,1,0.25,28,42.9,1.642,0.029,23,39.1,1.162,18,,,
1,on_lon,pm,20,3,1.5,-1,0.1,21,52.4,1.98,0.248,18,,,17,,,
1,on_lon,pm,20,3,1.5,-1,0.25,26,53.8,1.705,0.292,21,42.9,0.478,22,45.5,0.752,0.104
1,on_lon,pm,20,3,2.0,0,0.1,41,34.1,1.077,-0.035,32,34.4,0.613,28,39.3,0.704,0.012
1,on_lon,pm,20,3,2.0,0,0.25,54,38.9,1.506,0.09,44,34.1,0.923,40,30.0,0.44,-0.221
1,on_lon,pm,20,3,2.0,1,0.1,20,30.0,0.929,-0.154,14,,,11,,,
1,on_lon,pm,20,3,2.0,1,0.25,28,35.7,1.592,-0.026,23,34.8,1.427,18,,,
1,on_lon,pm,20,3,2.0,-1,0.1,21,38.1,1.241,0.079,18,,,17,,,
1,on_lon,pm,20,3,2.0,-1,0.25,26,42.3,1.397,0.214,21,33.3,0.301,22,40.9,0.669,0.028
1,on_lon,pm,20,3,3.0,0,0.1,41,29.3,1.032,-0.033,32,31.2,0.743,28,39.3,0.964,0.25
1,on_lon,pm,20,3,3.0,0,0.25,54,29.6,0.914,-0.045,44,29.5,0.699,40,30.0,0.62,-0.03
1,on_lon,pm,20,3,3.0,1,0.1,20,30.0,1.194,0.058,14,,,11,,,
1,on_lon,pm,20,3,3.0,1,0.25,28,28.6,0.96,-0.024,23,26.1,0.863,18,,,
1,on_lon,pm,20,3,3.0,-1,0.1,21,28.6,0.879,-0.119,18,,,17,,,
1,on_lon,pm,20,3,3.0,-1,0.25,26,30.8,0.854,-0.068,21,33.3,0.435,22,40.9,0.912,0.24
1,on_lon,pm,40,0,1.0,0,0.1,38,57.9,1.774,0.107,28,42.9,0.723,24,50.0,0.989,-0.033
1,on_lon,pm,40,0,1.0,0,0.25,62,56.5,1.377,0.108,47,38.3,0.558,43,34.9,0.497,-0.29
1,on_lon,pm,40,0,1.0,1,0.1,17,,,,9,,,7,,,
1,on_lon,pm,40,0,1.0,1,0.25,28,53.6,1.631,0.036,23,26.1,0.447,20,30.0,0.506,-0.42
1,on_lon,pm,40,0,1.0,-1,0.1,21,61.9,1.759,0.184,19,,,17,,,
1,on_lon,pm,40,0,1.0,-1,0.25,34,58.8,1.194,0.166,24,50.0,0.81,23,39.1,0.484,-0.177
1,on_lon,pm,40,0,1.5,0,0.1,38,42.1,1.281,-0.002,28,32.1,0.412,24,33.3,0.383,-0.208
1,on_lon,pm,40,0,1.5,0,0.25,62,45.2,1.362,0.092,47,27.7,0.417,43,23.3,0.307,-0.411
1,on_lon,pm,40,0,1.5,1,0.1,17,,,,9,,,7,,,
1,on_lon,pm,40,0,1.5,1,0.25,28,35.7,1.435,-0.147,23,17.4,0.359,20,15.0,0.338,-0.616
1,on_lon,pm,40,0,1.5,-1,0.1,21,57.1,2.219,0.373,19,,,17,,,
1,on_lon,pm,40,0,1.5,-1,0.25,34,52.9,1.299,0.288,24,37.5,0.534,23,30.4,0.26,-0.233
1,on_lon,pm,40,0,2.0,0,0.1,38,34.2,1.209,-0.061,28,32.1,0.552,24,33.3,0.498,-0.062
1,on_lon,pm,40,0,2.0,0,0.25,62,35.5,1.021,-0.042,47,25.5,0.417,43,20.9,0.274,-0.376
1,on_lon,pm,40,0,2.0,1,0.1,17,,,,9,,,7,,,
1,on_lon,pm,40,0,2.0,1,0.25,28,25.0,0.884,-0.324,23,13.0,0.278,20,10.0,0.236,-0.691
1,on_lon,pm,40,0,2.0,-1,0.1,21,47.6,2.011,0.314,19,,,17,,,
1,on_lon,pm,40,0,2.0,-1,0.25,34,44.1,1.147,0.191,24,37.5,0.716,23,30.4,0.335,-0.102
1,on_lon,pm,40,0,3.0,0,0.1,38,26.3,0.983,-0.166,28,32.1,0.833,24,29.2,0.631,0.047
1,on_lon,pm,40,0,3.0,0,0.25,62,30.6,1.094,-0.046,47,25.5,0.597,43,18.6,0.371,-0.292
1,on_lon,pm,40,0,3.0,1,0.1,17,,,,9,,,7,,,
1,on_lon,pm,40,0,3.0,1,0.25,28,17.9,0.853,-0.442,23,13.0,0.374,20,10.0,0.355,-0.591
1,on_lon,pm,40,0,3.0,-1,0.1,21,42.9,2.11,0.364,19,,,17,,,
1,on_lon,pm,40,0,3.0,-1,0.25,34,41.2,1.337,0.281,24,37.5,1.08,23,26.1,0.397,-0.033
1,on_lon,pm,40,1,1.0,0,0.1,11,,,,9,,,11,,,
1,on_lon,pm,40,1,1.0,0,0.25,16,,,,14,,,16,,,
1,on_lon,pm,40,1,1.0,1,0.1,5,,,,4,,,3,,,
1,on_lon,pm,40,1,1.0,1,0.25,8,,,,9,,,8,,,
1,on_lon,pm,40,1,1.0,-1,0.1,6,,,,5,,,8,,,
1,on_lon,pm,40,1,1.0,-1,0.25,8,,,,5,,,8,,,
1,on_lon,pm,40,1,1.5,0,0.1,11,,,,9,,,11,,,
1,on_lon,pm,40,1,1.5,0,0.25,16,,,,14,,,16,,,
1,on_lon,pm,40,1,1.5,1,0.1,5,,,,4,,,3,,,
1,on_lon,pm,40,1,1.5,1,0.25,8,,,,9,,,8,,,
1,on_lon,pm,40,1,1.5,-1,0.1,6,,,,5,,,8,,,
1,on_lon,pm,40,1,1.5,-1,0.25,8,,,,5,,,8,,,
1,on_lon,pm,40,1,2.0,0,0.1,11,,,,9,,,11,,,
1,on_lon,pm,40,1,2.0,0,0.25,16,,,,14,,,16,,,
1,on_lon,pm,40,1,2.0,1,0.1,5,,,,4,,,3,,,
1,on_lon,pm,40,1,2.0,1,0.25,8,,,,9,,,8,,,
1,on_lon,pm,40,1,2.0,-1,0.1,6,,,,5,,,8,,,
1,on_lon,pm,40,1,2.0,-1,0.25,8,,,,5,,,8,,,
1,on_lon,pm,40,1,3.0,0,0.1,11,,,,9,,,11,,,
1,on_lon,pm,40,1,3.0,0,0.25,16,,,,14,,,16,,,
1,on_lon,pm,40,1,3.0,1,0.1,5,,,,4,,,3,,,
1,on_lon,pm,40,1,3.0,1,0.25,8,,,,9,,,8,,,
1,on_lon,pm,40,1,3.0,-1,0.1,6,,,,5,,,8,,,
1,on_lon,pm,40,1,3.0,-1,0.25,8,,,,5,,,8,,,
1,on_lon,pm,40,2,1.0,0,0.1,35,57.1,1.492,0.084,29,58.6,1.262,29,65.5,1.568,0.313
1,on_lon,pm,40,2,1.0,0,0.25,48,56.2,1.083,0.057,41,48.8,0.663,39,53.8,0.705,0.08
1,on_lon,pm,40,2,1.0,1,0.1,15,,,,11,,,11,,,
1,on_lon,pm,40,2,1.0,1,0.25,21,57.1,1.333,0.103,21,33.3,0.448,18,,,
1,on_lon,pm,40,2,1.0,-1,0.1,20,55.0,1.527,0.032,18,,,18,,,
1,on_lon,pm,40,2,1.0,-1,0.25,27,55.6,0.905,0.02,20,65.0,1.431,21,57.1,0.838,0.165
1,on_lon,pm,40,2,1.5,0,0.1,35,45.7,1.318,0.082,29,37.9,0.768,29,44.8,0.896,0.101
1,on_lon,pm,40,2,1.5,0,0.25,48,47.9,1.251,0.118,41,34.1,0.569,39,38.5,0.554,-0.065
1,on_lon,pm,40,2,1.5,1,0.1,15,,,,11,,,11,,,
1,on_lon,pm,40,2,1.5,1,0.25,21,42.9,1.256,0.03,21,23.8,0.516,18,,,
1,on_lon,pm,40,2,1.5,-1,0.1,20,50.0,1.905,0.181,18,,,18,,,
1,on_lon,pm,40,2,1.5,-1,0.25,27,51.9,1.247,0.186,20,45.0,0.691,21,42.9,0.424,0.044
1,on_lon,pm,40,2,2.0,0,0.1,35,37.1,1.255,0.051,29,34.5,0.685,29,41.4,0.791,0.198
1,on_lon,pm,40,2,2.0,0,0.25,48,39.6,1.096,0.072,41,31.7,0.529,39,35.9,0.533,0.02
1,on_lon,pm,40,2,2.0,1,0.1,15,,,,11,,,11,,,
1,on_lon,pm,40,2,2.0,1,0.25,21,23.8,0.742,-0.331,21,19.0,0.441,18,,,
1,on_lon,pm,40,2,2.0,-1,0.1,20,50.0,2.554,0.431,18,,,18,,,
1,on_lon,pm,40,2,2.0,-1,0.25,27,51.9,1.513,0.386,20,45.0,0.738,21,42.9,0.491,0.17
1,on_lon,pm,40,2,3.0,0,0.1,35,22.9,0.901,-0.25,29,27.6,0.668,29,27.6,0.513,0.02
1,on_lon,pm,40,2,3.0,0,0.25,48,27.1,0.95,-0.147,41,26.8,0.572,39,25.6,0.443,-0.086
1,on_lon,pm,40,2,3.0,1,0.1,15,,,,11,,,11,,,
1,on_lon,pm,40,2,3.0,1,0.25,21,14.3,0.878,-0.477,21,14.3,0.425,18,,,
1,on_lon,pm,40,2,3.0,-1,0.1,20,35.0,1.632,0.158,18,,,18,,,
1,on_lon,pm,40,2,3.0,-1,0.25,27,37.0,1.023,0.109,20,40.0,0.921,21,38.1,0.552,0.308
1,on_lon,pm,40,3,1.0,0,0.1,43,58.1,1.479,0.109,33,51.5,0.797,28,50.0,0.715,-0.034
1,on_lon,pm,40,3,1.0,0,0.25,56,58.9,1.629,0.133,45,53.3,1.162,41,43.9,0.635,-0.136
1,on_lon,pm,40,3,1.0,1,0.1,21,52.4,1.162,-0.001,14,,,11,,,
1,on_lon,pm,40,3,1.0,1,0.25,29,51.7,1.35,-0.006,23,56.5,1.614,19,,,
1,on_lon,pm,40,3,1.0,-1,0.1,22,63.6,1.916,0.215,19,,,17,,,
1,on_lon,pm,40,3,1.0,-1,0.25,27,66.7,2.159,0.283,22,50.0,0.692,22,50.0,0.793,-0.032
1,on_lon,pm,40,3,1.5,0,0.1,43,48.8,1.675,0.165,33,45.5,0.836,28,42.9,0.784,0.036
1,on_lon,pm,40,3,1.5,0,0.25,56,50.0,1.785,0.203,45,42.2,0.916,41,31.7,0.434,-0.223
1,on_lon,pm,40,3,1.5,1,0.1,21,42.9,1.285,0.02,14,,,11,,,
1,on_lon,pm,40,3,1.5,1,0.25,29,44.8,1.748,0.079,23,39.1,1.162,19,,,
1,on_lon,pm,40,3,1.5,-1,0.1,22,54.5,2.201,0.303,19,,,17,,,
1,on_lon,pm,40,3,1.5,-1,0.25,27,55.6,1.837,0.336,22,45.5,0.61,22,45.5,0.752,0.104
1,on_lon,pm,40,3,2.0,0,0.1,43,34.9,1.109,-0.012,33,36.4,0.755,28,39.3,0.704,0.012
1,on_lon,pm,40,3,2.0,0,0.25,56,39.3,1.511,0.103,45,35.6,1.0,41,29.3,0.434,-0.227
1,on_lon,pm,40,3,2.0,1,0.1,21,28.6,0.836,-0.196,14,,,11,,,
1,on_lon,pm,40,3,2.0,1,0.25,29,34.5,1.491,-0.06,23,34.8,1.427,19,,,
1,on_lon,pm,40,3,2.0,-1,0.1,22,40.9,1.445,0.165,19,,,17,,,
1,on_lon,pm,40,3,2.0,-1,0.25,27,44.4,1.537,0.279,22,36.4,0.472,22,40.9,0.669,0.028
1,on_lon,pm,40,3,3.0,0,0.1,43,30.2,1.107,0.014,33,33.3,0.876,28,39.3,0.964,0.25
1,on_lon,pm,40,3,3.0,0,0.25,56,30.4,0.96,-0.009,45,31.1,0.763,41,29.3,0.612,-0.04
1,on_lon,pm,40,3,3.0,1,0.1,21,28.6,1.074,0.006,14,,,11,,,
1,on_lon,pm,40,3,3.0,1,0.25,29,27.6,0.912,-0.059,23,26.1,0.863,19,,,
1,on_lon,pm,40,3,3.0,-1,0.1,22,31.8,1.14,0.022,19,,,17,,,
1,on_lon,pm,40,3,3.0,-1,0.25,27,33.3,1.027,0.044,22,36.4,0.604,22,40.9,0.912,0.24
