t,L,rev,sk,R,H,tf,xag_hd_a_n,xag_hd_a_wr,xag_hd_a_pf,xag_hd_b_n,xag_hd_b_wr,xag_hd_b_pf,xag_hd_c_n,xag_hd_c_wr,xag_hd_c_pf
1110,30,0,0.1,0.3,60,0,486.0,54.1,0.476,156.0,51.3,0.453,286.0,59.8,0.69
1110,30,0,0.1,0.3,100000,1,235.0,60.9,0.517,86.0,62.8,0.503,150.0,70.7,0.8
1110,30,0,0.1,0.5,100000,0,486.0,54.7,0.589,156.0,51.9,0.531,286.0,58.4,0.68
1110,30,0,0.1,1.0,240,1,235.0,37.9,0.607,86.0,38.4,0.607,150.0,42.0,0.687
1110,30,0,0.2,0.3,240,0,486.0,68.7,0.679,156.0,67.9,0.652,286.0,74.5,0.812
1110,30,0,0.2,0.5,60,1,235.0,39.1,0.507,86.0,38.4,0.459,150.0,45.3,0.686
1110,30,0,0.2,1.0,60,0,486.0,35.8,0.565,156.0,36.5,0.485,286.0,42.7,0.676
1110,30,0,0.2,1.0,100000,1,235.0,41.7,0.666,86.0,41.9,0.716,150.0,47.3,0.969
1110,30,1,0.1,0.3,100000,0,486.0,68.9,0.658,156.0,73.7,0.815,286.0,70.3,0.778
1110,30,1,0.1,0.5,240,1,227.0,59.0,0.728,70.0,68.6,1.051,136.0,58.8,0.737
1110,30,1,0.1,1.0,240,0,486.0,41.8,0.665,156.0,51.3,0.945,286.0,46.5,1.009
1110,30,1,0.2,0.3,60,1,227.0,52.0,0.685,70.0,54.3,0.96,136.0,52.2,0.879
1110,30,1,0.2,0.5,60,0,486.0,47.7,0.696,156.0,48.1,0.77,286.0,49.3,1.062
1110,30,1,0.2,0.5,100000,1,227.0,57.3,0.707,70.0,68.6,1.118,136.0,66.9,1.346
1110,30,1,0.2,1.0,100000,0,486.0,46.5,0.871,156.0,53.2,1.138,286.0,48.6,0.993
1110,60,0,0.1,0.3,240,1,,,,,,,,,
1110,60,0,0.1,0.5,240,0,,,,,,,,,
1110,60,0,0.1,1.0,60,1,,,,,,,,,
1110,60,0,0.2,0.3,60,0,,,,,,,,,
1110,60,0,0.2,0.3,100000,1,,,,,,,,,
1110,60,0,0.2,0.5,100000,0,,,,,,,,,
1110,60,0,0.2,1.0,240,1,,,,,,,,,
1110,60,1,0.1,0.3,240,0,,,,,,,,,
1110,60,1,0.1,0.5,60,1,,,,,,,,,
1110,60,1,0.1,1.0,60,0,,,,,,,,,
1110,60,1,0.1,1.0,100000,1,,,,,,,,,
1110,60,1,0.2,0.3,100000,0,,,,,,,,,
1110,60,1,0.2,0.5,240,1,,,,,,,,,
1110,60,1,0.2,1.0,240,0,,,,,,,,,
1110,120,0,0.1,0.3,60,1,,,,,,,,,
1110,120,0,0.1,0.5,60,0,,,,,,,,,
1110,120,0,0.1,0.5,100000,1,,,,,,,,,
1110,120,0,0.1,1.0,100000,0,,,,,,,,,
1110,120,0,0.2,0.3,240,1,,,,,,,,,
1110,120,0,0.2,0.5,240,0,,,,,,,,,
1110,120,0,0.2,1.0,60,1,,,,,,,,,
1110,120,1,0.1,0.3,60,0,,,,,,,,,
1110,120,1,0.1,0.3,100000,1,,,,,,,,,
1110,120,1,0.1,0.5,100000,0,,,,,,,,,
1110,120,1,0.1,1.0,240,1,,,,,,,,,
1110,120,1,0.2,0.3,240,0,,,,,,,,,
1110,120,1,0.2,0.5,60,1,,,,,,,,,
1110,120,1,0.2,1.0,60,0,,,,,,,,,
1110,120,1,0.2,1.0,100000,1,,,,,,,,,
1110,-1,0,0.1,0.3,100000,0,939.0,59.1,0.434,253.0,64.4,0.524,446.0,67.7,0.751
1110,-1,0,0.1,0.5,240,1,421.0,49.9,0.494,134.0,60.4,0.743,258.0,58.5,0.811
1110,-1,0,0.1,1.0,240,0,939.0,40.7,0.612,253.0,39.1,0.601,446.0,43.9,0.863
1110,-1,0,0.2,0.3,60,1,421.0,38.2,0.399,134.0,41.8,0.604,258.0,54.3,0.895
1110,-1,0,0.2,0.5,60,0,939.0,35.9,0.478,253.0,34.4,0.44,446.0,48.2,0.96
1110,-1,0,0.2,0.5,100000,1,421.0,59.1,0.694,134.0,62.7,0.866,258.0,62.8,0.966
1110,-1,0,0.2,1.0,100000,0,939.0,44.1,0.716,253.0,43.1,0.732,446.0,46.9,0.936
1110,-1,1,0.1,0.3,240,1,466.0,68.9,0.688,119.0,69.7,0.757,188.0,68.6,0.7
1110,-1,1,0.1,0.5,240,0,939.0,60.4,0.731,253.0,61.7,0.777,446.0,61.9,0.827
1110,-1,1,0.1,1.0,60,1,466.0,37.1,0.572,119.0,45.4,0.752,188.0,44.1,0.787
1110,-1,1,0.2,0.3,60,0,939.0,47.5,0.678,253.0,50.2,0.714,446.0,58.3,1.056
1110,-1,1,0.2,0.3,100000,1,466.0,70.8,0.765,119.0,76.5,0.981,188.0,76.6,1.172
1110,-1,1,0.2,0.5,100000,0,939.0,62.5,0.84,253.0,68.0,0.999,446.0,69.1,1.088
1110,-1,1,0.2,1.0,240,1,466.0,47.4,0.889,119.0,47.1,0.888,188.0,47.9,0.982
1200,30,0,0.1,0.3,60,0,1008.0,57.9,0.529,253.0,62.5,0.611,443.0,63.0,0.669
1200,30,0,0.1,0.3,100000,1,481.0,60.9,0.547,117.0,62.4,0.534,216.0,63.4,0.544
1200,30,0,0.1,0.5,100000,0,1008.0,52.5,0.573,253.0,54.9,0.608,443.0,57.8,0.716
1200,30,0,0.1,1.0,240,1,481.0,42.8,0.713,117.0,40.2,0.626,216.0,42.6,0.656
1200,30,0,0.2,0.3,240,0,1008.0,66.2,0.632,253.0,69.6,0.734,443.0,74.0,0.876
1200,30,0,0.2,0.5,60,1,481.0,46.4,0.563,117.0,46.2,0.66,216.0,50.0,0.692
1200,30,0,0.2,1.0,60,0,1008.0,41.9,0.605,253.0,40.7,0.71,443.0,42.7,0.796
1200,30,0,0.2,1.0,100000,1,481.0,42.6,0.692,117.0,45.3,0.857,216.0,49.1,0.896
1200,30,1,0.1,0.3,100000,0,1008.0,63.5,0.641,253.0,72.7,0.805,443.0,68.6,1.044
1200,30,1,0.1,0.5,240,1,470.0,59.1,0.753,136.0,62.5,0.784,227.0,61.2,0.922
1200,30,1,0.1,1.0,240,0,1008.0,44.6,0.768,253.0,47.0,0.793,443.0,49.9,1.162
1200,30,1,0.2,0.3,60,1,470.0,59.1,0.778,136.0,61.0,0.76,227.0,68.3,0.956
1200,30,1,0.2,0.5,60,0,1008.0,50.1,0.786,253.0,49.4,0.707,443.0,59.4,1.147
1200,30,1,0.2,0.5,100000,1,470.0,65.1,0.925,136.0,63.2,0.802,227.0,67.0,1.142
1200,30,1,0.2,1.0,100000,0,1008.0,49.5,0.95,253.0,50.6,0.95,443.0,47.4,1.007
1200,60,0,0.1,0.3,240,1,447.0,62.4,0.575,140.0,60.0,0.503,227.0,65.6,0.658
1200,60,0,0.1,0.5,240,0,935.0,52.9,0.599,253.0,53.4,0.592,442.0,59.7,0.897
1200,60,0,0.1,1.0,60,1,447.0,41.6,0.655,140.0,41.4,0.645,227.0,42.7,0.767
1200,60,0,0.2,0.3,60,0,935.0,55.1,0.589,253.0,54.5,0.623,442.0,65.8,0.941
1200,60,0,0.2,0.3,100000,1,447.0,67.6,0.621,140.0,70.0,0.771,227.0,70.9,0.712
1200,60,0,0.2,0.5,100000,0,935.0,58.6,0.694,253.0,60.1,0.769,442.0,63.1,0.901
1200,60,0,0.2,1.0,240,1,447.0,42.7,0.691,140.0,47.9,0.886,227.0,45.4,0.958
1200,60,1,0.1,0.3,240,0,935.0,62.5,0.615,253.0,74.7,0.859,442.0,66.7,0.819
1200,60,1,0.1,0.5,60,1,434.0,55.5,0.743,113.0,58.4,0.75,215.0,59.1,0.715
1200,60,1,0.1,1.0,60,0,935.0,43.4,0.728,253.0,45.1,0.751,442.0,46.8,0.894
1200,60,1,0.1,1.0,100000,1,434.0,45.2,0.792,113.0,50.4,0.891,215.0,45.1,0.824
1200,60,1,0.2,0.3,100000,0,935.0,72.9,0.843,253.0,77.1,0.958,442.0,75.6,0.936
1200,60,1,0.2,0.5,240,1,434.0,62.9,0.934,113.0,63.7,0.887,215.0,67.0,1.089
1200,60,1,0.2,1.0,240,0,935.0,48.0,0.905,253.0,47.0,0.822,442.0,49.3,0.959
1200,120,0,0.1,0.3,60,1,113.0,61.9,0.834,45.0,64.4,0.689,110.0,58.2,0.529
1200,120,0,0.1,0.5,60,0,264.0,58.7,0.968,90.0,54.4,0.673,188.0,50.0,0.637
1200,120,0,0.1,0.5,100000,1,113.0,54.0,0.795,45.0,55.6,0.66,110.0,51.8,0.617
1200,120,0,0.1,1.0,100000,0,264.0,46.6,0.877,90.0,40.0,0.659,188.0,35.6,0.559
1200,120,0,0.2,0.3,240,1,113.0,71.7,0.845,45.0,77.8,1.147,110.0,61.8,0.62
1200,120,0,0.2,0.5,240,0,264.0,61.7,0.819,90.0,55.6,0.679,188.0,55.9,0.757
1200,120,0,0.2,1.0,60,1,113.0,39.8,0.671,45.0,55.6,1.206,110.0,34.5,0.679
1200,120,1,0.1,0.3,60,0,264.0,54.5,0.492,90.0,67.8,0.682,188.0,70.2,0.928
1200,120,1,0.1,0.3,100000,1,138.0,57.2,0.537,45.0,64.4,0.582,78.0,66.7,0.657
1200,120,1,0.1,0.5,100000,0,264.0,50.0,0.56,90.0,61.1,0.746,188.0,67.0,1.138
1200,120,1,0.1,1.0,240,1,138.0,39.1,0.655,45.0,51.1,0.855,78.0,56.4,1.264
1200,120,1,0.2,0.3,240,0,264.0,66.7,0.71,90.0,72.2,0.727,188.0,81.9,1.249
1200,120,1,0.2,0.5,60,1,138.0,52.9,0.642,45.0,57.8,0.888,78.0,73.1,1.753
1200,120,1,0.2,1.0,60,0,264.0,47.7,0.808,90.0,45.6,0.736,188.0,55.9,1.359
1200,120,1,0.2,1.0,100000,1,138.0,43.5,0.833,45.0,60.0,1.338,78.0,57.7,1.15
1200,-1,0,0.1,0.3,100000,0,1017.0,62.5,0.658,256.0,68.0,0.676,446.0,64.1,1.006
1200,-1,0,0.1,0.5,240,1,454.0,58.4,0.744,138.0,52.9,0.556,244.0,56.1,0.806
1200,-1,0,0.1,1.0,240,0,1017.0,43.0,0.726,256.0,41.4,0.654,446.0,41.0,0.849
1200,-1,0,0.2,0.3,60,1,454.0,56.8,0.636,138.0,51.4,0.609,244.0,62.3,0.997
1200,-1,0,0.2,0.5,60,0,1017.0,48.4,0.671,256.0,44.9,0.632,446.0,51.1,0.953
1200,-1,0,0.2,0.5,100000,1,454.0,61.2,0.757,138.0,61.6,0.802,244.0,59.8,0.99
1200,-1,0,0.2,1.0,100000,0,1017.0,43.6,0.727,256.0,45.3,0.822,446.0,43.7,0.899
1200,-1,1,0.1,0.3,240,1,506.0,61.5,0.544,118.0,67.8,0.642,202.0,66.3,0.559
1200,-1,1,0.1,0.5,240,0,1017.0,54.1,0.583,256.0,63.3,0.831,446.0,63.7,0.807
1200,-1,1,0.1,1.0,60,1,506.0,41.7,0.665,118.0,48.3,0.791,202.0,47.0,0.737
1200,-1,1,0.2,0.3,60,0,1017.0,56.6,0.639,256.0,60.2,0.759,446.0,67.7,0.799
1200,-1,1,0.2,0.3,100000,1,506.0,71.7,0.774,118.0,75.4,0.906,202.0,74.8,0.649
1200,-1,1,0.2,0.5,100000,0,1017.0,61.4,0.77,256.0,66.8,0.938,446.0,70.4,1.012
1200,-1,1,0.2,1.0,240,1,506.0,47.0,0.863,118.0,49.2,0.97,202.0,53.5,1.046
1290,30,0,0.1,0.3,60,0,1023.0,61.8,0.511,259.0,62.5,0.535,445.0,69.9,1.129
1290,30,0,0.1,0.3,100000,1,478.0,68.2,0.63,113.0,65.5,0.569,233.0,72.5,1.479
1290,30,0,0.1,0.5,100000,0,1023.0,57.5,0.629,259.0,57.1,0.619,445.0,62.2,1.094
1290,30,0,0.1,1.0,240,1,478.0,49.6,0.894,113.0,46.9,0.792,233.0,49.4,1.404
1290,30,0,0.2,0.3,240,0,1023.0,68.0,0.683,259.0,64.5,0.518,445.0,75.1,1.119
1290,30,0,0.2,0.5,60,1,478.0,48.5,0.717,113.0,46.9,0.558,233.0,57.9,1.401
1290,30,0,0.2,1.0,60,0,1023.0,41.3,0.636,259.0,38.2,0.473,445.0,47.0,1.025
1290,30,0,0.2,1.0,100000,1,478.0,49.2,0.903,113.0,48.7,0.887,233.0,50.6,1.226
1290,30,1,0.1,0.3,100000,0,1023.0,63.2,0.493,259.0,63.7,0.544,445.0,68.3,0.621
1290,30,1,0.1,0.5,240,1,487.0,60.4,0.729,146.0,55.5,0.572,212.0,64.2,0.866
1290,30,1,0.1,1.0,240,0,1023.0,40.8,0.626,259.0,45.9,0.802,445.0,47.2,0.778
1290,30,1,0.2,0.3,60,1,487.0,56.7,0.688,146.0,67.8,0.935,212.0,71.2,1.236
1290,30,1,0.2,0.5,60,0,1023.0,45.8,0.631,259.0,57.9,0.97,445.0,55.5,0.81
1290,30,1,0.2,0.5,100000,1,487.0,61.6,0.783,146.0,74.0,1.267,212.0,64.6,1.268
1290,30,1,0.2,1.0,100000,0,1023.0,43.4,0.746,259.0,52.9,1.05,445.0,46.7,0.94
1290,60,0,0.1,0.3,240,1,467.0,67.9,0.628,127.0,60.6,0.483,227.0,67.8,1.054
1290,60,0,0.1,0.5,240,0,1027.0,56.6,0.603,259.0,53.3,0.57,445.0,59.6,0.935
1290,60,0,0.1,1.0,60,1,467.0,43.3,0.765,127.0,39.4,0.634,227.0,46.7,1.247
1290,60,0,0.2,0.3,60,0,1027.0,54.1,0.579,259.0,52.1,0.485,445.0,64.9,0.993
1290,60,0,0.2,0.3,100000,1,467.0,73.2,0.768,127.0,67.7,0.607,227.0,77.1,1.443
1290,60,0,0.2,0.5,100000,0,1027.0,61.0,0.743,259.0,57.1,0.679,445.0,65.4,1.127
1290,60,0,0.2,1.0,240,1,467.0,46.9,0.872,127.0,47.2,0.807,227.0,54.6,1.67
1290,60,1,0.1,0.3,240,0,1027.0,63.3,0.498,259.0,67.2,0.59,445.0,71.5,0.727
1290,60,1,0.1,0.5,60,1,502.0,59.6,0.734,132.0,59.1,0.658,218.0,68.3,1.214
1290,60,1,0.1,1.0,60,0,1027.0,41.5,0.633,259.0,50.6,0.862,445.0,47.9,0.853
1290,60,1,0.1,1.0,100000,1,502.0,45.8,0.749,132.0,51.5,0.951,218.0,53.2,1.173
1290,60,1,0.2,0.3,100000,0,1027.0,67.4,0.597,259.0,74.5,0.792,445.0,73.5,0.712
1290,60,1,0.2,0.5,240,1,502.0,59.6,0.816,132.0,71.2,1.334,218.0,64.7,1.159
1290,60,1,0.2,1.0,240,0,1027.0,44.0,0.75,259.0,53.3,1.106,445.0,44.3,0.748
1290,120,0,0.1,0.3,60,1,467.0,67.2,0.646,123.0,62.6,0.554,225.0,68.9,0.964
1290,120,0,0.1,0.5,60,0,1023.0,55.6,0.631,257.0,55.3,0.66,447.0,59.5,0.882
1290,120,0,0.1,0.5,100000,1,467.0,62.7,0.774,123.0,57.7,0.683,225.0,61.8,0.989
1290,120,0,0.1,1.0,100000,0,1023.0,45.8,0.772,257.0,44.7,0.788,447.0,44.3,0.873
1290,120,0,0.2,0.3,240,1,467.0,70.0,0.77,123.0,67.5,0.639,225.0,78.7,1.558
1290,120,0,0.2,0.5,240,0,1023.0,56.9,0.721,257.0,58.8,0.745,447.0,64.2,1.064
1290,120,0,0.2,1.0,60,1,467.0,44.8,0.757,123.0,42.3,0.633,225.0,50.2,1.46
1290,120,1,0.1,0.3,60,0,1023.0,60.0,0.456,257.0,63.4,0.514,447.0,70.7,0.816
1290,120,1,0.1,0.3,100000,1,500.0,66.8,0.592,134.0,62.7,0.461,222.0,75.7,1.244
1290,120,1,0.1,0.5,100000,0,1023.0,54.0,0.549,257.0,57.6,0.6,447.0,63.3,0.884
1290,120,1,0.1,1.0,240,1,500.0,45.0,0.723,134.0,47.0,0.785,222.0,52.3,1.24
1290,120,1,0.2,0.3,240,0,1023.0,65.4,0.601,257.0,72.4,0.807,447.0,72.7,0.779
1290,120,1,0.2,0.5,60,1,500.0,48.0,0.711,134.0,60.4,1.016,222.0,56.8,1.154
1290,120,1,0.2,1.0,60,0,1023.0,40.7,0.635,257.0,53.7,1.068,447.0,45.9,0.811
1290,120,1,0.2,1.0,100000,1,500.0,47.0,0.861,134.0,56.7,1.151,222.0,45.5,1.005
1290,-1,0,0.1,0.3,100000,0,1025.0,66.0,0.575,258.0,64.3,0.578,447.0,69.1,0.887
1290,-1,0,0.1,0.5,240,1,451.0,63.4,0.81,128.0,59.4,0.691,233.0,63.9,1.152
1290,-1,0,0.1,1.0,240,0,1025.0,44.8,0.732,258.0,46.9,0.828,447.0,46.5,0.967
1290,-1,0,0.2,0.3,60,1,451.0,59.2,0.74,128.0,59.4,0.547,233.0,70.4,1.528
1290,-1,0,0.2,0.5,60,0,1025.0,47.8,0.68,258.0,48.8,0.617,447.0,56.8,1.04
1290,-1,0,0.2,0.5,100000,1,451.0,63.6,0.829,128.0,64.8,0.895,233.0,67.8,1.435
1290,-1,0,0.2,1.0,100000,0,1025.0,46.3,0.811,258.0,46.9,0.886,447.0,50.1,1.012
1290,-1,1,0.1,0.3,240,1,516.0,66.5,0.583,130.0,60.8,0.439,214.0,73.4,1.009
1290,-1,1,0.1,0.5,240,0,1025.0,53.8,0.539,258.0,55.8,0.586,447.0,61.5,0.82
1290,-1,1,0.1,1.0,60,1,516.0,42.8,0.709,130.0,47.7,0.759,214.0,48.1,1.099
1290,-1,1,0.2,0.3,60,0,1025.0,52.7,0.519,258.0,61.2,0.672,447.0,66.7,0.819
1290,-1,1,0.2,0.3,100000,1,516.0,70.7,0.695,130.0,76.9,0.856,214.0,75.2,1.124
1290,-1,1,0.2,0.5,100000,0,1025.0,58.9,0.686,258.0,62.0,0.742,447.0,64.0,0.858
1290,-1,1,0.2,1.0,240,1,516.0,46.9,0.894,130.0,54.6,1.205,214.0,48.1,1.192
1380,30,0,0.1,0.3,60,0,1020.0,53.4,0.43,256.0,60.9,0.545,445.0,67.4,0.807
1380,30,0,0.1,0.3,100000,1,519.0,61.8,0.453,123.0,65.9,0.536,234.0,68.4,0.811
1380,30,0,0.1,0.5,100000,0,1020.0,53.6,0.524,256.0,55.9,0.59,445.0,62.2,0.916
1380,30,0,0.1,1.0,240,1,519.0,37.6,0.556,123.0,43.1,0.711,234.0,45.7,0.921
1380,30,0,0.2,0.3,240,0,1020.0,66.4,0.6,256.0,62.1,0.511,445.0,76.9,1.072
1380,30,0,0.2,0.5,60,1,519.0,35.8,0.469,123.0,41.5,0.557,234.0,47.9,0.812
1380,30,0,0.2,1.0,60,0,1020.0,34.8,0.448,256.0,35.2,0.552,445.0,44.3,0.733
1380,30,0,0.2,1.0,100000,1,519.0,45.9,0.816,123.0,46.3,0.823,234.0,49.6,0.972
1380,30,1,0.1,0.3,100000,0,1020.0,65.4,0.529,256.0,68.8,0.613,445.0,68.3,0.866
1380,30,1,0.1,0.5,240,1,446.0,53.8,0.545,133.0,63.2,0.8,211.0,60.2,1.046
1380,30,1,0.1,1.0,240,0,1020.0,43.8,0.699,256.0,52.3,1.006,445.0,46.1,0.928
1380,30,1,0.2,0.3,60,1,446.0,44.2,0.541,133.0,54.9,0.716,211.0,57.3,1.007
1380,30,1,0.2,0.5,60,0,1020.0,40.4,0.623,256.0,50.4,0.778,445.0,51.5,1.019
1380,30,1,0.2,0.5,100000,1,446.0,60.8,0.756,133.0,72.9,1.218,211.0,62.6,0.783
1380,30,1,0.2,1.0,100000,0,1020.0,46.7,0.831,256.0,51.2,0.961,445.0,47.0,0.882
1380,60,0,0.1,0.3,240,1,500.0,61.2,0.46,130.0,63.8,0.484,233.0,68.7,0.84
1380,60,0,0.1,0.5,240,0,1014.0,52.5,0.509,252.0,56.0,0.588,447.0,64.2,1.05
1380,60,0,0.1,1.0,60,1,500.0,32.8,0.403,130.0,38.5,0.564,233.0,45.1,0.865
1380,60,0,0.2,0.3,60,0,1014.0,42.1,0.498,252.0,42.1,0.449,447.0,60.6,0.993
1380,60,0,0.2,0.3,100000,1,500.0,63.4,0.503,130.0,71.5,0.742,233.0,79.0,1.175
1380,60,0,0.2,0.5,100000,0,1014.0,58.5,0.671,252.0,56.7,0.65,447.0,68.2,0.979
1380,60,0,0.2,1.0,240,1,500.0,41.8,0.696,130.0,53.8,1.159,233.0,51.5,0.948
1380,60,1,0.1,0.3,240,0,1014.0,66.7,0.542,252.0,72.2,0.723,447.0,67.8,0.796
1380,60,1,0.1,0.5,60,1,457.0,43.3,0.453,122.0,58.2,0.752,214.0,52.8,0.824
1380,60,1,0.1,1.0,60,0,1014.0,38.4,0.553,252.0,49.6,0.888,447.0,43.8,0.884
1380,60,1,0.1,1.0,100000,1,457.0,42.0,0.674,122.0,53.3,1.058,214.0,44.4,0.921
1380,60,1,0.2,0.3,100000,0,1014.0,73.2,0.783,252.0,73.0,0.792,447.0,73.2,0.913
1380,60,1,0.2,0.5,240,1,457.0,62.4,0.848,122.0,68.9,1.118,214.0,58.4,0.735
1380,60,1,0.2,1.0,240,0,1014.0,48.7,0.887,252.0,45.6,0.825,447.0,43.8,0.858
1380,120,0,0.1,0.3,60,1,505.0,50.1,0.389,123.0,58.5,0.465,232.0,64.7,0.796
1380,120,0,0.1,0.5,60,0,1018.0,43.1,0.44,258.0,46.5,0.522,446.0,56.7,0.881
1380,120,0,0.1,0.5,100000,1,505.0,50.5,0.46,123.0,57.7,0.613,232.0,62.9,1.079
1380,120,0,0.1,1.0,100000,0,1018.0,39.6,0.573,258.0,42.2,0.645,446.0,46.9,0.861
1380,120,0,0.2,0.3,240,1,505.0,65.0,0.547,123.0,73.2,0.85,232.0,77.2,1.073
1380,120,0,0.2,0.5,240,0,1018.0,58.4,0.699,258.0,57.4,0.691,446.0,63.7,0.937
1380,120,0,0.2,1.0,60,1,505.0,33.3,0.387,123.0,38.2,0.577,232.0,40.1,0.613
1380,120,1,0.1,0.3,60,0,1018.0,56.8,0.506,258.0,64.0,0.612,446.0,66.6,0.772
1380,120,1,0.1,0.3,100000,1,457.0,64.8,0.526,135.0,69.6,0.646,214.0,67.8,0.861
1380,120,1,0.1,0.5,100000,0,1018.0,58.2,0.659,258.0,60.5,0.742,446.0,61.0,0.915
1380,120,1,0.1,1.0,240,1,457.0,41.8,0.684,135.0,51.9,1.036,214.0,46.3,1.001
1380,120,1,0.2,0.3,240,0,1018.0,69.5,0.711,258.0,69.8,0.717,446.0,74.2,1.012
1380,120,1,0.2,0.5,60,1,457.0,40.5,0.615,135.0,52.6,0.911,214.0,51.4,0.942
1380,120,1,0.2,1.0,60,0,1018.0,39.6,0.609,258.0,49.6,0.855,446.0,48.7,1.032
1380,120,1,0.2,1.0,100000,1,457.0,45.3,0.812,135.0,46.7,0.802,214.0,48.6,0.895
1380,-1,0,0.1,0.3,100000,0,1025.0,62.7,0.471,258.0,65.1,0.529,446.0,71.3,0.952
1380,-1,0,0.1,0.5,240,1,482.0,51.0,0.479,116.0,55.2,0.564,233.0,62.7,1.043
1380,-1,0,0.1,1.0,240,0,1025.0,40.0,0.596,258.0,40.3,0.61,446.0,46.9,0.996
1380,-1,0,0.2,0.3,60,1,482.0,42.1,0.461,116.0,43.1,0.447,233.0,60.1,1.132
1380,-1,0,0.2,0.5,60,0,1025.0,37.1,0.475,258.0,35.7,0.463,446.0,50.2,0.87
1380,-1,0,0.2,0.5,100000,1,482.0,58.3,0.647,116.0,61.2,0.734,233.0,65.7,1.068
1380,-1,0,0.2,1.0,100000,0,1025.0,46.0,0.791,258.0,46.9,0.845,446.0,48.0,0.991
1380,-1,1,0.1,0.3,240,1,486.0,63.4,0.495,142.0,70.4,0.67,213.0,66.2,0.84
1380,-1,1,0.1,0.5,240,0,1025.0,57.1,0.608,258.0,63.6,0.827,446.0,60.5,0.864
1380,-1,1,0.1,1.0,60,1,486.0,36.0,0.498,142.0,50.0,0.905,213.0,44.1,0.871
1380,-1,1,0.2,0.3,60,0,1025.0,45.5,0.623,258.0,55.4,0.72,446.0,57.8,0.882
1380,-1,1,0.2,0.3,100000,1,486.0,69.3,0.698,142.0,75.4,0.913,213.0,72.3,0.954
1380,-1,1,0.2,0.5,100000,0,1025.0,62.6,0.831,258.0,64.7,0.882,446.0,64.1,0.787
1380,-1,1,0.2,1.0,240,1,486.0,45.7,0.832,142.0,52.1,1.06,213.0,46.5,0.859
0,30,0,0.1,0.3,60,0,1003.0,55.6,0.437,252.0,60.7,0.515,446.0,64.3,0.66
0,30,0,0.1,0.3,100000,1,479.0,63.7,0.499,136.0,72.8,0.73,210.0,67.1,0.641
0,30,0,0.1,0.5,100000,0,1003.0,55.5,0.56,252.0,58.3,0.638,446.0,59.0,0.757
0,30,0,0.1,1.0,240,1,479.0,40.3,0.62,136.0,47.8,0.84,210.0,46.2,0.89
0,30,0,0.2,0.3,240,0,1003.0,67.7,0.625,252.0,68.3,0.635,446.0,72.2,0.838
0,30,0,0.2,0.5,60,1,479.0,41.8,0.576,136.0,44.9,0.638,210.0,51.0,1.208
0,30,0,0.2,1.0,60,0,1003.0,38.8,0.635,252.0,41.3,0.541,446.0,47.1,0.944
0,30,0,0.2,1.0,100000,1,479.0,45.3,0.813,136.0,44.1,0.725,210.0,49.5,0.947
0,30,1,0.1,0.3,100000,0,1003.0,63.3,0.496,252.0,62.3,0.495,446.0,70.2,0.778
0,30,1,0.1,0.5,240,1,469.0,55.0,0.575,116.0,60.3,0.744,236.0,62.7,0.878
0,30,1,0.1,1.0,240,0,1003.0,42.6,0.678,252.0,45.2,0.771,446.0,47.5,1.018
0,30,1,0.2,0.3,60,1,469.0,48.2,0.557,116.0,49.1,0.638,236.0,56.4,0.819
0,30,1,0.2,0.5,60,0,1003.0,41.7,0.546,252.0,42.1,0.643,446.0,48.0,0.789
0,30,1,0.2,0.5,100000,1,469.0,59.1,0.71,116.0,65.5,0.941,236.0,66.5,0.981
0,30,1,0.2,1.0,100000,0,1003.0,47.8,0.866,252.0,48.0,0.919,446.0,47.8,0.934
0,60,0,0.1,0.3,240,1,457.0,61.7,0.46,140.0,73.6,0.786,214.0,66.8,0.617
0,60,0,0.1,0.5,240,0,1000.0,54.5,0.538,256.0,59.0,0.663,442.0,58.4,0.7
0,60,0,0.1,1.0,60,1,457.0,38.7,0.551,140.0,46.4,0.827,214.0,44.4,0.871
0,60,0,0.2,0.3,60,0,1000.0,46.8,0.552,256.0,54.3,0.683,442.0,56.8,0.71
0,60,0,0.2,0.3,100000,1,457.0,66.7,0.581,140.0,74.3,0.862,214.0,75.2,0.851
0,60,0,0.2,0.5,100000,0,1000.0,59.4,0.701,256.0,62.1,0.774,442.0,64.7,0.816
0,60,0,0.2,1.0,240,1,457.0,46.2,0.829,140.0,45.7,0.809,214.0,50.5,0.844
0,60,1,0.1,0.3,240,0,1000.0,63.8,0.502,256.0,61.3,0.474,442.0,71.9,0.89
0,60,1,0.1,0.5,60,1,486.0,49.8,0.587,116.0,47.4,0.513,228.0,58.8,0.951
0,60,1,0.1,1.0,60,0,1000.0,39.0,0.57,256.0,37.1,0.526,442.0,45.0,1.017
0,60,1,0.1,1.0,100000,1,486.0,42.6,0.692,116.0,45.7,0.79,228.0,50.4,1.331
0,60,1,0.2,0.3,100000,0,1000.0,69.4,0.654,256.0,70.7,0.685,442.0,74.4,0.999
0,60,1,0.2,0.5,240,1,486.0,58.0,0.73,116.0,60.3,0.786,228.0,66.2,1.108
0,60,1,0.2,1.0,240,0,1000.0,44.6,0.781,256.0,48.4,0.877,442.0,48.4,0.998
0,120,0,0.1,0.3,60,1,483.0,55.7,0.465,134.0,64.2,0.64,217.0,65.0,0.831
0,120,0,0.1,0.5,60,0,1013.0,46.5,0.507,256.0,51.6,0.598,446.0,57.0,0.88
0,120,0,0.1,0.5,100000,1,483.0,54.7,0.549,134.0,64.2,0.866,217.0,63.1,1.051
0,120,0,0.1,1.0,100000,0,1013.0,41.3,0.631,256.0,48.8,0.885,446.0,47.5,0.983
0,120,0,0.2,0.3,240,1,483.0,66.3,0.592,134.0,75.4,0.941,217.0,76.0,1.076
0,120,0,0.2,0.5,240,0,1013.0,58.4,0.701,256.0,64.1,0.893,446.0,66.1,1.1
0,120,0,0.2,1.0,60,1,483.0,39.8,0.606,134.0,46.3,0.9,217.0,47.5,1.477
0,120,1,0.1,0.3,60,0,1013.0,55.8,0.459,256.0,52.7,0.394,446.0,63.5,0.609
0,120,1,0.1,0.3,100000,1,474.0,63.1,0.507,122.0,64.8,0.523,229.0,68.1,0.594
0,120,1,0.1,0.5,100000,0,1013.0,56.5,0.6,256.0,55.1,0.567,446.0,58.1,0.755
0,120,1,0.1,1.0,240,1,474.0,41.6,0.673,122.0,43.4,0.705,229.0,47.6,0.927
0,120,1,0.2,0.3,240,0,1013.0,68.7,0.665,256.0,67.2,0.593,446.0,72.0,0.737
0,120,1,0.2,0.5,60,1,474.0,40.7,0.544,122.0,43.4,0.595,229.0,47.6,0.803
0,120,1,0.2,1.0,60,0,1013.0,37.9,0.557,256.0,37.5,0.476,446.0,42.6,0.727
0,120,1,0.2,1.0,100000,1,474.0,46.6,0.854,122.0,41.0,0.671,229.0,47.2,0.86
0,-1,0,0.1,0.3,100000,0,1019.0,65.1,0.505,257.0,64.6,0.53,445.0,68.3,0.671
0,-1,0,0.1,0.5,240,1,469.0,56.1,0.57,121.0,64.5,0.883,231.0,59.3,0.779
0,-1,0,0.1,1.0,240,0,1019.0,42.1,0.653,257.0,48.6,0.865,445.0,43.8,0.794
0,-1,0,0.2,0.3,60,1,469.0,46.9,0.535,121.0,51.2,0.616,231.0,56.3,0.888
0,-1,0,0.2,0.5,60,0,1019.0,40.2,0.519,257.0,42.8,0.607,445.0,49.4,0.787
0,-1,0,0.2,0.5,100000,1,469.0,59.7,0.722,121.0,66.9,0.957,231.0,67.1,1.113
0,-1,0,0.2,1.0,100000,0,1019.0,45.2,0.779,257.0,49.0,0.927,445.0,47.2,1.08
0,-1,1,0.1,0.3,240,1,493.0,62.5,0.509,136.0,67.6,0.592,214.0,70.6,0.804
0,-1,1,0.1,0.5,240,0,1019.0,54.1,0.552,257.0,56.0,0.584,445.0,60.9,0.905
0,-1,1,0.1,1.0,60,1,493.0,40.0,0.597,136.0,42.6,0.728,214.0,46.3,1.152
0,-1,1,0.2,0.3,60,0,1019.0,48.2,0.573,257.0,50.6,0.604,445.0,56.4,0.838
0,-1,1,0.2,0.3,100000,1,493.0,66.9,0.607,136.0,71.3,0.726,214.0,73.8,0.795
0,-1,1,0.2,0.5,100000,0,1019.0,61.0,0.768,257.0,58.0,0.667,445.0,67.0,0.925
0,-1,1,0.2,1.0,240,1,493.0,47.7,0.924,136.0,46.3,0.798,214.0,51.9,0.832
60,30,0,0.1,0.3,60,0,1006.0,62.7,0.48,258.0,66.7,0.565,446.0,64.8,0.539
60,30,0,0.1,0.3,100000,1,472.0,65.5,0.518,127.0,74.0,0.834,221.0,67.9,0.518
60,30,0,0.1,0.5,100000,0,1006.0,56.6,0.573,258.0,61.2,0.722,446.0,57.2,0.625
60,30,0,0.1,1.0,240,1,472.0,43.0,0.667,127.0,49.6,0.944,221.0,42.5,0.677
60,30,0,0.2,0.3,240,0,1006.0,68.6,0.628,258.0,75.6,0.894,446.0,72.4,0.812
60,30,0,0.2,0.5,60,1,472.0,48.7,0.652,127.0,52.0,0.798,221.0,56.1,0.84
60,30,0,0.2,1.0,60,0,1006.0,42.6,0.641,258.0,44.2,0.784,446.0,45.3,0.954
60,30,0,0.2,1.0,100000,1,472.0,46.0,0.795,127.0,46.5,0.756,221.0,46.6,0.796
60,30,1,0.1,0.3,100000,0,1006.0,61.3,0.458,258.0,64.0,0.496,446.0,69.3,0.753
60,30,1,0.1,0.5,240,1,476.0,53.6,0.535,131.0,61.1,0.791,225.0,66.2,0.85
60,30,1,0.1,1.0,240,0,1006.0,41.6,0.647,258.0,43.4,0.719,446.0,49.8,1.065
60,30,1,0.2,0.3,60,1,476.0,53.4,0.555,131.0,65.6,0.827,225.0,68.4,0.867
60,30,1,0.2,0.5,60,0,1006.0,46.1,0.637,258.0,49.2,0.687,446.0,57.4,1.049
60,30,1,0.2,0.5,100000,1,476.0,61.3,0.756,131.0,62.6,0.792,225.0,65.3,0.836
60,30,1,0.2,1.0,100000,0,1006.0,46.1,0.817,258.0,46.1,0.847,446.0,47.5,0.903
60,60,0,0.1,0.3,240,1,482.0,63.1,0.478,128.0,75.0,0.856,231.0,66.2,0.488
60,60,0,0.1,0.5,240,0,1017.0,54.7,0.538,257.0,61.1,0.715,447.0,54.1,0.589
60,60,0,0.1,1.0,60,1,482.0,41.7,0.627,128.0,48.4,0.926,231.0,42.4,0.693
60,60,0,0.2,0.3,60,0,1017.0,55.8,0.554,257.0,63.8,0.726,447.0,62.0,0.74
60,60,0,0.2,0.3,100000,1,482.0,67.8,0.602,128.0,71.9,0.695,231.0,72.3,0.672
60,60,0,0.2,0.5,100000,0,1017.0,59.2,0.677,257.0,61.5,0.751,447.0,62.4,0.878
60,60,0,0.2,1.0,240,1,482.0,45.9,0.78,128.0,47.7,0.763,231.0,49.4,0.922
60,60,1,0.1,0.3,240,0,1017.0,63.4,0.492,257.0,63.4,0.494,447.0,71.6,0.801
60,60,1,0.1,0.5,60,1,477.0,53.9,0.556,129.0,59.7,0.76,216.0,68.1,1.005
60,60,1,0.1,1.0,60,0,1017.0,41.6,0.646,257.0,41.6,0.666,447.0,51.7,1.11
60,60,1,0.1,1.0,100000,1,477.0,41.1,0.628,129.0,46.5,0.827,216.0,55.1,1.022
60,60,1,0.2,0.3,100000,0,1017.0,70.1,0.684,257.0,73.9,0.831,447.0,77.4,1.006
60,60,1,0.2,0.5,240,1,477.0,61.2,0.765,129.0,64.3,0.874,216.0,66.7,0.833
60,60,1,0.2,1.0,240,0,1017.0,47.4,0.847,257.0,47.9,0.925,447.0,46.3,0.79
60,120,0,0.1,0.3,60,1,473.0,64.5,0.536,150.0,68.7,0.651,225.0,66.7,0.51
60,120,0,0.1,0.5,60,0,1024.0,54.0,0.553,259.0,53.7,0.562,446.0,55.8,0.602
60,120,0,0.1,0.5,100000,1,473.0,56.7,0.582,150.0,59.3,0.728,225.0,60.4,0.604
60,120,0,0.1,1.0,100000,0,1024.0,41.3,0.634,259.0,39.8,0.619,446.0,41.0,0.789
60,120,0,0.2,0.3,240,1,473.0,67.4,0.602,150.0,71.3,0.737,225.0,71.6,0.679
60,120,0,0.2,0.5,240,0,1024.0,57.7,0.653,259.0,59.5,0.694,446.0,59.2,0.845
60,120,0,0.2,1.0,60,1,473.0,40.8,0.632,150.0,44.0,0.627,225.0,44.0,0.625
60,120,1,0.1,0.3,60,0,1024.0,60.1,0.444,259.0,66.0,0.58,446.0,68.8,0.744
60,120,1,0.1,0.3,100000,1,493.0,60.6,0.434,109.0,77.1,0.942,221.0,72.4,0.722
60,120,1,0.1,0.5,100000,0,1024.0,54.2,0.539,259.0,61.8,0.731,446.0,62.8,0.868
60,120,1,0.1,1.0,240,1,493.0,41.8,0.648,109.0,55.0,1.14,221.0,51.6,0.941
60,120,1,0.2,0.3,240,0,1024.0,69.7,0.678,259.0,77.2,1.001,446.0,76.9,1.013
60,120,1,0.2,0.5,60,1,493.0,47.1,0.708,109.0,55.0,1.007,221.0,60.2,0.964
60,120,1,0.2,1.0,60,0,1024.0,43.7,0.76,259.0,45.2,0.897,446.0,51.1,1.144
60,120,1,0.2,1.0,100000,1,493.0,48.9,0.908,109.0,46.8,0.81,221.0,48.4,0.823
60,-1,0,0.1,0.3,100000,0,1021.0,65.5,0.519,259.0,71.0,0.68,446.0,60.3,0.495
60,-1,0,0.1,0.5,240,1,472.0,59.1,0.632,124.0,67.7,1.014,217.0,57.6,0.62
60,-1,0,0.1,1.0,240,0,1021.0,44.2,0.685,259.0,49.4,0.898,446.0,39.9,0.781
60,-1,0,0.2,0.3,60,1,472.0,58.9,0.644,124.0,68.5,1.012,217.0,64.1,0.916
60,-1,0,0.2,0.5,60,0,1021.0,51.0,0.695,259.0,55.2,0.921,446.0,53.4,1.061
60,-1,0,0.2,0.5,100000,1,472.0,62.7,0.752,124.0,66.9,0.928,217.0,65.0,1.025
60,-1,0,0.2,1.0,100000,0,1021.0,45.3,0.759,259.0,49.4,0.977,446.0,47.8,1.068
60,-1,1,0.1,0.3,240,1,492.0,59.8,0.429,135.0,67.4,0.603,229.0,72.9,0.658
60,-1,1,0.1,0.5,240,0,1021.0,52.1,0.507,259.0,52.9,0.52,446.0,67.3,0.923
60,-1,1,0.1,1.0,60,1,492.0,37.0,0.548,135.0,43.0,0.69,229.0,52.0,1.018
60,-1,1,0.2,0.3,60,0,1021.0,52.8,0.534,259.0,56.8,0.579,446.0,68.4,0.831
60,-1,1,0.2,0.3,100000,1,492.0,66.5,0.592,135.0,71.9,0.714,229.0,76.4,0.699
60,-1,1,0.2,0.5,100000,0,1021.0,58.9,0.703,259.0,59.1,0.677,446.0,69.1,0.984
60,-1,1,0.2,1.0,240,1,492.0,47.6,0.875,135.0,47.4,0.74,229.0,47.6,0.646
120,30,0,0.1,0.3,60,0,1019.0,61.7,0.466,258.0,67.8,0.64,444.0,65.3,0.698
120,30,0,0.1,0.3,100000,1,498.0,64.5,0.542,124.0,68.5,0.625,217.0,59.0,0.427
120,30,0,0.1,0.5,100000,0,1019.0,53.6,0.526,258.0,60.5,0.737,444.0,59.0,0.747
120,30,0,0.1,1.0,240,1,498.0,40.2,0.628,124.0,43.5,0.742,217.0,40.1,0.607
120,30,0,0.2,0.3,240,0,1019.0,68.4,0.624,258.0,68.2,0.676,444.0,69.6,0.798
120,30,0,0.2,0.5,60,1,498.0,50.2,0.64,124.0,55.6,0.885,217.0,47.5,0.581
120,30,0,0.2,1.0,60,0,1019.0,42.7,0.631,258.0,46.5,0.862,444.0,43.9,0.86
120,30,0,0.2,1.0,100000,1,498.0,42.0,0.672,124.0,46.8,0.834,217.0,42.4,0.684
120,30,1,0.1,0.3,100000,0,1019.0,66.9,0.627,258.0,63.2,0.463,444.0,70.5,1.042
120,30,1,0.1,0.5,240,1,464.0,61.2,0.776,134.0,58.2,0.585,227.0,56.8,0.729
120,30,1,0.1,1.0,240,0,1019.0,44.4,0.737,258.0,43.8,0.683,444.0,49.5,1.006
120,30,1,0.2,0.3,60,1,464.0,62.9,0.797,134.0,62.7,0.677,227.0,63.9,0.743
120,30,1,0.2,0.5,60,0,1019.0,51.1,0.739,258.0,49.6,0.622,444.0,57.9,0.919
120,30,1,0.2,0.5,100000,1,464.0,64.9,0.928,134.0,63.4,0.762,227.0,64.3,0.916
120,30,1,0.2,1.0,100000,0,1019.0,48.8,0.923,258.0,45.0,0.755,444.0,50.7,1.114
120,60,0,0.1,0.3,240,1,473.0,62.6,0.57,135.0,66.7,0.548,238.0,62.6,0.545
120,60,0,0.1,0.5,240,0,1023.0,51.2,0.506,259.0,58.7,0.656,444.0,60.8,0.86
120,60,0,0.1,1.0,60,1,473.0,39.5,0.635,135.0,43.0,0.706,238.0,45.8,0.752
120,60,0,0.2,0.3,60,0,1023.0,56.6,0.533,259.0,61.0,0.672,444.0,65.8,0.943
120,60,0,0.2,0.3,100000,1,473.0,68.3,0.665,135.0,68.9,0.589,238.0,67.2,0.658
120,60,0,0.2,0.5,100000,0,1023.0,57.7,0.667,259.0,59.1,0.716,444.0,63.7,0.966
120,60,0,0.2,1.0,240,1,473.0,42.9,0.685,135.0,44.4,0.748,238.0,42.9,0.823
120,60,1,0.1,0.3,240,0,1023.0,68.9,0.634,259.0,64.9,0.515,444.0,67.8,0.779
120,60,1,0.1,0.5,60,1,492.0,62.0,0.772,124.0,57.3,0.594,206.0,53.4,0.631
120,60,1,0.1,1.0,60,0,1023.0,45.7,0.762,259.0,45.6,0.732,444.0,45.3,0.755
120,60,1,0.1,1.0,100000,1,492.0,46.5,0.802,124.0,46.0,0.716,206.0,41.3,0.596
120,60,1,0.2,0.3,100000,0,1023.0,74.3,0.829,259.0,73.7,0.79,444.0,71.8,0.823
120,60,1,0.2,0.5,240,1,492.0,63.4,0.847,124.0,62.1,0.794,206.0,60.2,0.717
120,60,1,0.2,1.0,240,0,1023.0,48.5,0.896,259.0,49.0,0.89,444.0,51.1,0.929
120,120,0,0.1,0.3,60,1,471.0,64.8,0.57,134.0,64.9,0.502,227.0,58.1,0.47
120,120,0,0.1,0.5,60,0,1025.0,52.6,0.525,258.0,58.1,0.631,446.0,54.5,0.757
120,120,0,0.1,0.5,100000,1,471.0,54.4,0.563,134.0,59.0,0.618,227.0,48.5,0.457
120,120,0,0.1,1.0,100000,0,1025.0,39.5,0.594,258.0,42.2,0.662,446.0,42.8,0.805
120,120,0,0.2,0.3,240,1,471.0,67.9,0.641,134.0,66.4,0.556,227.0,63.0,0.63
120,120,0,0.2,0.5,240,0,1025.0,58.0,0.683,258.0,56.2,0.661,446.0,61.0,0.98
120,120,0,0.2,1.0,60,1,471.0,41.6,0.613,134.0,47.0,0.764,227.0,46.3,0.896
120,120,1,0.1,0.3,60,0,1025.0,65.4,0.588,258.0,63.6,0.526,446.0,71.1,1.004
120,120,1,0.1,0.3,100000,1,496.0,69.2,0.727,124.0,68.5,0.624,219.0,63.9,0.576
120,120,1,0.1,0.5,100000,0,1025.0,58.7,0.674,258.0,58.5,0.664,446.0,65.5,1.04
120,120,1,0.1,1.0,240,1,496.0,45.0,0.777,124.0,45.2,0.731,219.0,46.6,0.762
120,120,1,0.2,0.3,240,0,1025.0,73.6,0.824,258.0,73.6,0.83,446.0,73.8,0.857
120,120,1,0.2,0.5,60,1,496.0,51.8,0.746,124.0,54.0,0.738,219.0,53.9,0.627
120,120,1,0.2,1.0,60,0,1025.0,45.4,0.813,258.0,47.7,0.809,446.0,47.3,0.768
120,120,1,0.2,1.0,100000,1,496.0,49.0,0.905,124.0,51.6,0.99,219.0,44.7,0.737
120,-1,0,0.1,0.3,100000,0,1028.0,60.5,0.469,259.0,68.0,0.569,446.0,64.6,0.691
120,-1,0,0.1,0.5,240,1,478.0,55.0,0.616,125.0,59.2,0.631,229.0,49.3,0.427
120,-1,0,0.1,1.0,240,0,1028.0,39.7,0.612,259.0,44.0,0.722,446.0,44.8,0.804
120,-1,0,0.2,0.3,60,1,478.0,59.4,0.627,125.0,64.0,0.663,229.0,56.8,0.474
120,-1,0,0.2,0.5,60,0,1028.0,48.1,0.624,259.0,50.6,0.697,446.0,54.5,0.797
120,-1,0,0.2,0.5,100000,1,478.0,59.8,0.741,125.0,57.6,0.623,229.0,58.1,0.721
120,-1,0,0.2,1.0,100000,0,1028.0,44.7,0.784,259.0,44.8,0.811,446.0,50.4,1.044
120,-1,1,0.1,0.3,240,1,492.0,70.7,0.732,134.0,68.7,0.616,217.0,64.5,0.65
120,-1,1,0.1,0.5,240,0,1028.0,59.4,0.662,259.0,57.5,0.631,446.0,64.6,1.095
120,-1,1,0.1,1.0,60,1,492.0,45.5,0.768,134.0,44.8,0.644,217.0,44.7,0.704
120,-1,1,0.2,0.3,60,0,1028.0,63.4,0.714,259.0,61.8,0.694,446.0,66.6,1.059
120,-1,1,0.2,0.3,100000,1,492.0,73.8,0.827,134.0,75.4,0.839,217.0,71.0,0.776
120,-1,1,0.2,0.5,100000,0,1028.0,62.5,0.792,259.0,65.6,0.903,446.0,65.2,0.96
120,-1,1,0.2,1.0,240,1,492.0,47.2,0.856,134.0,50.7,0.856,217.0,44.7,0.758
180,30,0,0.1,0.3,60,0,1020.0,59.8,0.47,254.0,66.1,0.604,447.0,67.1,0.772
180,30,0,0.1,0.3,100000,1,478.0,62.3,0.458,142.0,69.7,0.661,210.0,68.1,0.798
180,30,0,0.1,0.5,100000,0,1020.0,52.5,0.543,254.0,60.2,0.702,447.0,59.5,0.868
180,30,0,0.1,1.0,240,1,478.0,42.1,0.65,142.0,45.1,0.73,210.0,43.8,0.749
180,30,0,0.2,0.3,240,0,1020.0,65.9,0.605,254.0,71.7,0.788,447.0,70.9,0.913
180,30,0,0.2,0.5,60,1,478.0,50.8,0.642,142.0,52.8,0.683,210.0,56.7,0.693
180,30,0,0.2,1.0,60,0,1020.0,40.9,0.64,254.0,43.3,0.64,447.0,50.8,1.019
180,30,0,0.2,1.0,100000,1,478.0,44.6,0.743,142.0,45.8,0.733,210.0,49.5,1.014
180,30,1,0.1,0.3,100000,0,1020.0,67.0,0.585,254.0,63.4,0.522,447.0,68.2,0.818
180,30,1,0.1,0.5,240,1,484.0,59.3,0.626,112.0,59.8,0.694,237.0,58.6,0.759
180,30,1,0.1,1.0,240,0,1020.0,44.8,0.727,254.0,44.5,0.767,447.0,45.9,0.853
180,30,1,0.2,0.3,60,1,484.0,63.6,0.721,112.0,64.3,0.803,237.0,61.2,0.66
180,30,1,0.2,0.5,60,0,1020.0,54.9,0.785,254.0,51.2,0.769,447.0,53.2,0.864
180,30,1,0.2,0.5,100000,1,484.0,64.7,0.876,112.0,64.3,0.835,237.0,57.8,0.883
180,30,1,0.2,1.0,100000,0,1020.0,48.5,0.882,254.0,48.4,0.93,447.0,46.5,0.876
180,60,0,0.1,0.3,240,1,462.0,63.4,0.476,142.0,66.9,0.555,216.0,66.2,0.625
180,60,0,0.1,0.5,240,0,1017.0,52.9,0.536,259.0,56.8,0.583,447.0,59.3,0.778
180,60,0,0.1,1.0,60,1,462.0,41.1,0.618,142.0,41.5,0.582,216.0,41.2,0.669
180,60,0,0.2,0.3,60,0,1017.0,59.4,0.587,259.0,59.8,0.615,447.0,68.5,0.957
180,60,0,0.2,0.3,100000,1,462.0,68.0,0.603,142.0,73.9,0.69,216.0,73.6,0.793
180,60,0,0.2,0.5,100000,0,1017.0,57.4,0.681,259.0,59.5,0.661,447.0,62.9,0.86
180,60,0,0.2,1.0,240,1,462.0,42.6,0.717,142.0,45.1,0.68,216.0,50.9,0.96
180,60,1,0.1,0.3,240,0,1017.0,65.5,0.57,259.0,65.6,0.611,447.0,69.4,0.934
180,60,1,0.1,0.5,60,1,498.0,58.4,0.638,117.0,62.4,0.841,231.0,57.1,0.802
180,60,1,0.1,1.0,60,0,1017.0,44.0,0.718,259.0,47.9,0.86,447.0,46.8,0.885
180,60,1,0.1,1.0,100000,1,498.0,45.8,0.76,117.0,50.4,0.96,231.0,43.7,0.832
180,60,1,0.2,0.3,100000,0,1017.0,72.0,0.755,259.0,72.2,0.818,447.0,70.0,0.914
180,60,1,0.2,0.5,240,1,498.0,64.5,0.899,117.0,63.2,0.928,231.0,56.3,0.8
180,60,1,0.2,1.0,240,0,1017.0,48.8,0.903,259.0,47.9,0.968,447.0,45.6,0.876
180,120,0,0.1,0.3,60,1,481.0,64.2,0.508,137.0,64.2,0.529,218.0,66.5,0.685
180,120,0,0.1,0.5,60,0,1024.0,53.9,0.581,259.0,51.4,0.506,447.0,59.3,0.837
180,120,0,0.1,0.5,100000,1,481.0,56.5,0.567,137.0,55.5,0.538,218.0,56.9,0.702
180,120,0,0.1,1.0,100000,0,1024.0,41.2,0.672,259.0,37.8,0.537,447.0,47.9,0.94
180,120,0,0.2,0.3,240,1,481.0,67.8,0.648,137.0,70.1,0.64,218.0,68.3,0.72
180,120,0,0.2,0.5,240,0,1024.0,56.3,0.688,259.0,54.1,0.597,447.0,61.3,0.912
180,120,0,0.2,1.0,60,1,481.0,41.6,0.665,137.0,44.5,0.593,218.0,48.6,0.739
180,120,1,0.1,0.3,60,0,1024.0,63.7,0.526,259.0,68.7,0.671,447.0,66.9,0.766
180,120,1,0.1,0.3,100000,1,486.0,65.0,0.519,122.0,73.0,0.816,229.0,64.2,0.722
180,120,1,0.1,0.5,100000,0,1024.0,55.7,0.585,259.0,62.2,0.795,447.0,61.7,0.953
180,120,1,0.1,1.0,240,1,486.0,46.9,0.767,122.0,53.3,1.068,229.0,41.9,0.73
180,120,1,0.2,0.3,240,0,1024.0,70.9,0.725,259.0,72.2,0.871,447.0,70.2,0.882
180,120,1,0.2,0.5,60,1,486.0,55.1,0.777,122.0,60.7,1.094,229.0,48.5,0.585
180,120,1,0.2,1.0,60,0,1024.0,46.0,0.766,259.0,50.2,0.954,447.0,43.8,0.831
180,120,1,0.2,1.0,100000,1,486.0,50.8,0.922,122.0,52.5,1.038,229.0,45.4,0.883
180,-1,0,0.1,0.3,100000,0,1024.0,63.2,0.523,257.0,65.4,0.577,446.0,69.5,0.93
180,-1,0,0.1,0.5,240,1,461.0,56.6,0.567,126.0,60.3,0.686,228.0,57.5,0.714
180,-1,0,0.1,1.0,240,0,1024.0,40.8,0.666,257.0,40.5,0.635,446.0,48.9,1.018
180,-1,0,0.2,0.3,60,1,461.0,59.7,0.558,126.0,65.1,0.764,228.0,67.1,0.821
180,-1,0,0.2,0.5,60,0,1024.0,49.2,0.643,257.0,44.7,0.554,446.0,60.5,1.088
180,-1,0,0.2,0.5,100000,1,461.0,58.6,0.684,126.0,61.1,0.713,228.0,62.7,0.969
180,-1,0,0.2,1.0,100000,0,1024.0,43.0,0.751,257.0,44.4,0.797,446.0,51.6,1.091
180,-1,1,0.1,0.3,240,1,505.0,63.6,0.494,131.0,67.9,0.628,218.0,64.7,0.661
180,-1,1,0.1,0.5,240,0,1024.0,56.2,0.595,257.0,58.8,0.658,446.0,60.3,0.87
180,-1,1,0.1,1.0,60,1,505.0,45.7,0.748,131.0,50.4,0.888,218.0,39.0,0.574
180,-1,1,0.2,0.3,60,0,1024.0,64.3,0.714,257.0,64.2,0.82,446.0,63.0,0.791
180,-1,1,0.2,0.3,100000,1,505.0,73.9,0.801,131.0,74.0,0.748,218.0,67.4,0.753
180,-1,1,0.2,0.5,100000,0,1024.0,63.2,0.823,257.0,65.4,0.866,446.0,59.4,0.84
180,-1,1,0.2,1.0,240,1,505.0,49.9,0.941,131.0,49.6,0.856,218.0,44.0,0.851
240,30,0,0.1,0.3,60,0,1015.0,61.5,0.468,257.0,67.3,0.66,447.0,67.1,0.801
240,30,0,0.1,0.3,100000,1,485.0,65.2,0.541,137.0,73.0,0.728,239.0,70.3,1.015
240,30,0,0.1,0.5,100000,0,1015.0,54.8,0.553,257.0,60.7,0.688,447.0,58.6,0.857
240,30,0,0.1,1.0,240,1,485.0,43.5,0.68,137.0,45.3,0.749,239.0,49.4,1.176
240,30,0,0.2,0.3,240,0,1015.0,68.2,0.614,257.0,73.5,0.931,447.0,71.1,0.806
240,30,0,0.2,0.5,60,1,485.0,53.4,0.728,137.0,55.5,0.862,239.0,56.1,1.349
240,30,0,0.2,1.0,60,0,1015.0,42.0,0.624,257.0,44.4,0.668,447.0,49.9,1.187
240,30,0,0.2,1.0,100000,1,485.0,46.8,0.758,137.0,44.5,0.772,239.0,49.8,1.119
240,30,1,0.1,0.3,100000,0,1015.0,62.4,0.477,257.0,68.1,0.619,447.0,70.5,0.788
240,30,1,0.1,0.5,240,1,473.0,59.8,0.688,120.0,59.2,0.662,208.0,62.0,0.83
240,30,1,0.1,1.0,240,0,1015.0,42.9,0.704,257.0,39.3,0.609,447.0,46.3,0.784
240,30,1,0.2,0.3,60,1,473.0,62.2,0.709,120.0,63.3,0.815,208.0,63.5,0.839
240,30,1,0.2,0.5,60,0,1015.0,50.5,0.716,257.0,47.5,0.687,447.0,50.6,0.645
240,30,1,0.2,0.5,100000,1,473.0,64.9,0.894,120.0,65.8,0.863,208.0,63.0,0.895
240,30,1,0.2,1.0,100000,0,1015.0,45.6,0.856,257.0,47.5,0.829,447.0,44.7,0.855
240,60,0,0.1,0.3,240,1,474.0,67.9,0.585,131.0,72.5,0.715,230.0,69.6,0.853
240,60,0,0.1,0.5,240,0,1015.0,57.6,0.605,257.0,60.3,0.698,446.0,57.2,0.687
240,60,0,0.1,1.0,60,1,474.0,46.4,0.738,131.0,46.6,0.728,230.0,49.6,1.019
240,60,0,0.2,0.3,60,0,1015.0,60.0,0.629,257.0,59.5,0.772,446.0,58.1,0.671
240,60,0,0.2,0.3,100000,1,474.0,72.8,0.709,131.0,80.2,1.17,230.0,76.1,0.997
240,60,0,0.2,0.5,100000,0,1015.0,59.5,0.666,257.0,67.3,1.0,446.0,62.3,0.757
240,60,0,0.2,1.0,240,1,474.0,45.1,0.729,131.0,47.3,0.809,230.0,50.9,1.079
240,60,1,0.1,0.3,240,0,1015.0,59.3,0.433,257.0,66.1,0.565,446.0,71.5,0.912
240,60,1,0.1,0.5,60,1,484.0,55.0,0.594,126.0,59.5,0.714,216.0,64.4,1.18
240,60,1,0.1,1.0,60,0,1015.0,40.2,0.61,257.0,40.5,0.566,446.0,46.9,0.942
240,60,1,0.1,1.0,100000,1,484.0,45.2,0.774,126.0,39.7,0.569,216.0,50.5,1.174
240,60,1,0.2,0.3,100000,0,1015.0,70.6,0.731,257.0,77.8,0.954,446.0,72.6,0.88
240,60,1,0.2,0.5,240,1,484.0,62.8,0.863,126.0,58.7,0.846,216.0,62.0,0.914
240,60,1,0.2,1.0,240,0,1015.0,47.7,0.916,257.0,45.5,0.738,446.0,46.0,0.946
240,120,0,0.1,0.3,60,1,485.0,66.0,0.562,139.0,71.2,0.685,216.0,71.3,0.91
240,120,0,0.1,0.5,60,0,1021.0,54.6,0.568,258.0,58.5,0.689,447.0,56.4,0.69
240,120,0,0.1,0.5,100000,1,485.0,59.8,0.657,139.0,64.7,0.796,216.0,60.6,0.794
240,120,0,0.1,1.0,100000,0,1021.0,42.7,0.668,258.0,41.1,0.633,447.0,47.2,0.838
240,120,0,0.2,0.3,240,1,485.0,70.5,0.673,139.0,75.5,0.932,216.0,77.3,1.004
240,120,0,0.2,0.5,240,0,1021.0,59.6,0.716,258.0,61.2,0.873,447.0,62.4,0.809
240,120,0,0.2,1.0,60,1,485.0,44.9,0.78,139.0,47.5,0.688,216.0,49.5,1.246
240,120,1,0.1,0.3,60,0,1021.0,59.5,0.434,258.0,65.5,0.624,447.0,69.4,0.905
240,120,1,0.1,0.3,100000,1,478.0,63.8,0.51,119.0,71.4,0.733,231.0,69.7,1.154
240,120,1,0.1,0.5,100000,0,1021.0,53.9,0.551,258.0,56.6,0.624,447.0,61.3,0.904
240,120,1,0.1,1.0,240,1,478.0,45.0,0.751,119.0,43.7,0.712,231.0,48.5,1.095
240,120,1,0.2,0.3,240,0,1021.0,69.3,0.685,258.0,74.8,1.047,447.0,70.9,0.893
240,120,1,0.2,0.5,60,1,478.0,53.1,0.76,119.0,54.6,0.921,231.0,55.0,0.952
240,120,1,0.2,1.0,60,0,1021.0,44.2,0.683,258.0,45.0,0.762,447.0,45.6,0.876
240,120,1,0.2,1.0,100000,1,478.0,46.9,0.829,119.0,46.2,0.831,231.0,45.0,1.022
240,-1,0,0.1,0.3,100000,0,1020.0,65.4,0.539,257.0,66.5,0.555,447.0,67.1,0.765
240,-1,0,0.1,0.5,240,1,485.0,62.7,0.747,118.0,59.3,0.639,234.0,61.1,0.953
240,-1,0,0.1,1.0,240,0,1020.0,44.5,0.715,257.0,42.4,0.714,447.0,44.7,0.99
240,-1,0,0.2,0.3,60,1,485.0,67.2,0.92,118.0,61.0,0.784,234.0,60.7,0.979
240,-1,0,0.2,0.5,60,0,1020.0,52.7,0.771,257.0,48.6,0.758,447.0,51.7,0.942
240,-1,0,0.2,0.5,100000,1,485.0,66.6,0.901,118.0,69.5,1.101,234.0,65.0,1.04
240,-1,0,0.2,1.0,100000,0,1020.0,47.5,0.879,257.0,50.2,1.008,447.0,51.2,1.182
240,-1,1,0.1,0.3,240,1,477.0,61.6,0.465,139.0,75.5,0.871,213.0,70.9,0.955
240,-1,1,0.1,0.5,240,0,1020.0,51.4,0.501,257.0,60.3,0.697,447.0,61.5,0.768
240,-1,1,0.1,1.0,60,1,477.0,42.8,0.662,139.0,46.0,0.666,213.0,51.6,0.98
240,-1,1,0.2,0.3,60,0,1020.0,56.5,0.547,257.0,61.5,0.801,447.0,59.7,0.663
240,-1,1,0.2,0.3,100000,1,477.0,69.8,0.648,139.0,77.7,0.916,213.0,72.8,0.865
240,-1,1,0.2,0.5,100000,0,1020.0,59.0,0.691,257.0,63.4,0.783,447.0,61.3,0.714
240,-1,1,0.2,1.0,240,1,477.0,44.9,0.746,139.0,42.4,0.604,213.0,47.4,0.915
300,30,0,0.1,0.3,60,0,997.0,59.9,0.445,256.0,64.5,0.548,445.0,69.7,0.928
300,30,0,0.1,0.3,100000,1,459.0,60.3,0.426,131.0,64.9,0.473,233.0,74.7,1.158
300,30,0,0.1,0.5,100000,0,997.0,53.1,0.526,256.0,62.9,0.755,445.0,62.2,1.026
300,30,0,0.1,1.0,240,1,459.0,40.5,0.609,131.0,45.0,0.73,233.0,42.1,0.647
300,30,0,0.2,0.3,240,0,997.0,67.7,0.612,256.0,75.8,0.863,445.0,69.2,0.789
300,30,0,0.2,0.5,60,1,459.0,47.5,0.647,131.0,46.6,0.649,233.0,45.1,0.559
300,30,0,0.2,1.0,60,0,997.0,39.9,0.623,256.0,43.8,0.651,445.0,41.3,0.624
300,30,0,0.2,1.0,100000,1,459.0,47.5,0.843,131.0,40.5,0.593,233.0,40.3,0.75
300,30,1,0.1,0.3,100000,0,997.0,67.8,0.606,256.0,62.1,0.492,445.0,73.3,1.044
300,30,1,0.1,0.5,240,1,483.0,60.5,0.732,125.0,55.2,0.589,212.0,62.7,0.86
300,30,1,0.1,1.0,240,0,997.0,45.7,0.771,256.0,41.0,0.665,445.0,48.3,1.004
300,30,1,0.2,0.3,60,1,483.0,58.4,0.689,125.0,46.4,0.543,212.0,63.2,1.278
300,30,1,0.2,0.5,60,0,997.0,48.0,0.7,256.0,41.8,0.632,445.0,55.3,1.147
300,30,1,0.2,0.5,100000,1,483.0,64.6,0.863,125.0,58.4,0.678,212.0,65.6,1.074
300,30,1,0.2,1.0,100000,0,997.0,46.8,0.842,256.0,49.6,1.015,445.0,53.5,1.176
300,60,0,0.1,0.3,240,1,494.0,61.9,0.463,135.0,62.2,0.443,228.0,72.8,0.943
300,60,0,0.1,0.5,240,0,1011.0,53.9,0.548,257.0,58.0,0.63,444.0,62.4,0.991
300,60,0,0.1,1.0,60,1,494.0,40.3,0.596,135.0,40.7,0.567,228.0,43.0,0.72
300,60,0,0.2,0.3,60,0,1011.0,54.9,0.61,257.0,51.4,0.599,444.0,59.5,0.93
300,60,0,0.2,0.3,100000,1,494.0,71.3,0.712,135.0,69.6,0.607,228.0,72.4,0.823
300,60,0,0.2,0.5,100000,0,1011.0,61.3,0.79,257.0,63.0,0.782,444.0,61.3,0.864
300,60,0,0.2,1.0,240,1,494.0,47.4,0.849,135.0,40.0,0.589,228.0,41.7,0.748
300,60,1,0.1,0.3,240,0,1011.0,67.1,0.572,257.0,65.8,0.567,444.0,72.7,1.034
300,60,1,0.1,0.5,60,1,459.0,55.1,0.654,122.0,56.6,0.696,216.0,62.0,1.008
300,60,1,0.1,1.0,60,0,1011.0,40.5,0.631,257.0,42.4,0.651,444.0,47.7,0.879
300,60,1,0.1,1.0,100000,1,459.0,45.3,0.743,122.0,39.3,0.604,216.0,47.2,0.858
300,60,1,0.2,0.3,100000,0,1011.0,71.2,0.705,257.0,77.4,1.0,444.0,76.4,1.104
300,60,1,0.2,0.5,240,1,459.0,61.9,0.757,122.0,60.7,0.729,216.0,61.1,0.816
300,60,1,0.2,1.0,240,0,1011.0,46.8,0.815,257.0,48.2,0.9,444.0,50.2,1.057
300,120,0,0.1,0.3,60,1,487.0,59.3,0.438,139.0,61.2,0.488,219.0,71.2,0.925
300,120,0,0.1,0.5,60,0,1010.0,51.2,0.52,259.0,52.9,0.604,445.0,62.2,1.133
300,120,0,0.1,0.5,100000,1,487.0,53.4,0.528,139.0,59.7,0.687,219.0,62.1,0.901
300,120,0,0.1,1.0,100000,0,1010.0,41.2,0.634,259.0,44.8,0.781,445.0,45.6,0.767
300,120,0,0.2,0.3,240,1,487.0,71.0,0.696,139.0,71.2,0.692,219.0,71.2,0.769
300,120,0,0.2,0.5,240,0,1010.0,60.2,0.736,259.0,64.5,0.903,445.0,61.1,0.805
300,120,0,0.2,1.0,60,1,487.0,41.3,0.68,139.0,42.4,0.594,219.0,43.8,0.686
300,120,1,0.1,0.3,60,0,1010.0,64.9,0.577,259.0,62.9,0.542,445.0,69.4,0.894
300,120,1,0.1,0.3,100000,1,465.0,67.1,0.585,120.0,63.3,0.465,226.0,73.5,1.022
300,120,1,0.1,0.5,100000,0,1010.0,59.4,0.703,259.0,58.3,0.637,445.0,62.7,1.041
300,120,1,0.1,1.0,240,1,465.0,45.4,0.749,120.0,40.0,0.59,226.0,46.0,0.918
300,120,1,0.2,0.3,240,0,1010.0,71.4,0.742,259.0,74.9,0.846,445.0,74.4,1.101
300,120,1,0.2,0.5,60,1,465.0,47.1,0.621,120.0,42.5,0.62,226.0,51.3,0.902
300,120,1,0.2,1.0,60,0,1010.0,41.9,0.634,259.0,38.6,0.609,445.0,47.2,1.014
300,120,1,0.2,1.0,100000,1,465.0,48.2,0.85,120.0,43.3,0.717,226.0,46.5,1.013
300,-1,0,0.1,0.3,100000,0,1013.0,65.4,0.548,259.0,69.5,0.666,446.0,73.1,1.011
300,-1,0,0.1,0.5,240,1,481.0,55.3,0.605,127.0,63.8,0.817,238.0,62.6,0.853
300,-1,0,0.1,1.0,240,0,1013.0,42.5,0.696,259.0,50.2,0.957,446.0,46.4,0.828
300,-1,0,0.2,0.3,60,1,481.0,55.5,0.629,127.0,55.9,0.753,238.0,60.9,0.885
300,-1,0,0.2,0.5,60,0,1013.0,47.1,0.692,259.0,50.2,0.944,446.0,52.7,0.867
300,-1,0,0.2,0.5,100000,1,481.0,64.0,0.868,127.0,63.8,0.856,238.0,61.3,0.807
300,-1,0,0.2,1.0,100000,0,1013.0,47.1,0.864,259.0,47.5,0.913,446.0,47.8,0.96
300,-1,1,0.1,0.3,240,1,475.0,64.4,0.503,132.0,60.6,0.42,208.0,73.6,1.073
300,-1,1,0.1,0.5,240,0,1013.0,56.9,0.6,259.0,53.7,0.525,446.0,62.6,1.078
300,-1,1,0.1,1.0,60,1,475.0,40.0,0.586,132.0,34.8,0.433,208.0,43.3,0.76
300,-1,1,0.2,0.3,60,0,1013.0,56.9,0.647,259.0,50.6,0.571,446.0,60.8,1.177
300,-1,1,0.2,0.3,100000,1,475.0,70.9,0.678,132.0,71.2,0.637,208.0,73.1,1.036
300,-1,1,0.2,0.5,100000,0,1013.0,59.6,0.694,259.0,60.6,0.703,446.0,64.1,0.944
300,-1,1,0.2,1.0,240,1,475.0,47.2,0.788,132.0,40.9,0.574,208.0,42.3,0.737
360,30,0,0.1,0.3,60,0,963.0,63.4,0.521,256.0,61.7,0.542,444.0,67.3,0.699
360,30,0,0.1,0.3,100000,1,468.0,68.2,0.612,119.0,61.3,0.453,229.0,69.9,0.757
360,30,0,0.1,0.5,100000,0,963.0,56.3,0.591,256.0,55.9,0.604,444.0,58.3,0.842
360,30,0,0.1,1.0,240,1,468.0,44.7,0.727,119.0,39.5,0.646,229.0,44.5,0.904
360,30,0,0.2,0.3,240,0,963.0,69.3,0.656,256.0,70.7,0.688,444.0,75.7,1.229
360,30,0,0.2,0.5,60,1,468.0,51.9,0.709,119.0,38.7,0.538,229.0,50.2,0.999
360,30,0,0.2,1.0,60,0,963.0,40.9,0.607,256.0,39.8,0.65,444.0,46.2,0.982
360,30,0,0.2,1.0,100000,1,468.0,45.9,0.791,119.0,43.7,0.763,229.0,48.9,1.044
360,30,1,0.1,0.3,100000,0,963.0,65.8,0.568,256.0,70.7,0.669,444.0,75.0,0.976
360,30,1,0.1,0.5,240,1,438.0,62.6,0.827,137.0,60.6,0.687,215.0,64.7,0.86
360,30,1,0.1,1.0,240,0,963.0,43.4,0.725,256.0,44.9,0.736,444.0,47.5,0.88
360,30,1,0.2,0.3,60,1,438.0,66.4,1.076,137.0,56.9,0.764,215.0,65.6,0.873
360,30,1,0.2,0.5,60,0,963.0,51.7,0.765,256.0,46.1,0.656,444.0,52.5,0.905
360,30,1,0.2,0.5,100000,1,438.0,68.7,1.048,137.0,62.8,0.818,215.0,60.0,0.804
360,30,1,0.2,1.0,100000,0,963.0,50.3,0.943,256.0,48.0,0.878,444.0,44.6,0.783
360,60,0,0.1,0.3,240,1,470.0,67.0,0.592,130.0,60.0,0.419,214.0,69.2,0.633
360,60,0,0.1,0.5,240,0,969.0,55.6,0.578,257.0,52.5,0.508,444.0,58.8,0.784
360,60,0,0.1,1.0,60,1,470.0,44.9,0.721,130.0,32.3,0.389,214.0,44.4,0.829
360,60,0,0.2,0.3,60,0,969.0,56.8,0.584,257.0,50.6,0.571,444.0,60.4,0.976
360,60,0,0.2,0.3,100000,1,470.0,71.5,0.721,130.0,66.9,0.57,214.0,74.3,1.056
360,60,0,0.2,0.5,100000,0,969.0,59.4,0.709,257.0,58.8,0.7,444.0,63.3,0.971
360,60,0,0.2,1.0,240,1,470.0,48.5,0.863,130.0,42.3,0.703,214.0,45.8,0.862
360,60,1,0.1,0.3,240,0,969.0,66.8,0.582,257.0,73.5,0.797,444.0,75.0,1.0
360,60,1,0.1,0.5,60,1,442.0,60.9,0.786,127.0,60.6,0.828,230.0,63.0,0.975
360,60,1,0.1,1.0,60,0,969.0,43.6,0.669,257.0,44.7,0.739,444.0,45.9,0.886
360,60,1,0.1,1.0,100000,1,442.0,46.4,0.805,127.0,46.5,0.809,230.0,47.4,0.964
360,60,1,0.2,0.3,100000,0,969.0,73.1,0.788,257.0,79.0,1.043,444.0,76.1,1.019
360,60,1,0.2,0.5,240,1,442.0,68.3,1.039,127.0,64.6,0.896,230.0,62.6,0.863
360,60,1,0.2,1.0,240,0,969.0,48.1,0.885,257.0,49.0,0.924,444.0,49.3,0.974
360,120,0,0.1,0.3,60,1,490.0,68.8,0.706,136.0,61.8,0.515,222.0,68.0,0.627
360,120,0,0.1,0.5,60,0,969.0,55.1,0.624,259.0,51.7,0.568,446.0,52.9,0.648
360,120,0,0.1,0.5,100000,1,490.0,61.0,0.76,136.0,52.9,0.533,222.0,56.3,0.656
360,120,0,0.1,1.0,100000,0,969.0,42.2,0.669,259.0,38.6,0.611,446.0,40.6,0.741
360,120,0,0.2,0.3,240,1,490.0,73.3,0.794,136.0,72.1,0.703,222.0,72.1,0.929
360,120,0,0.2,0.5,240,0,969.0,59.5,0.706,259.0,57.9,0.658,446.0,61.0,0.929
360,120,0,0.2,1.0,60,1,490.0,45.1,0.811,136.0,33.8,0.438,222.0,41.0,0.729
360,120,1,0.1,0.3,60,0,969.0,63.3,0.501,259.0,67.6,0.652,446.0,76.2,1.093
360,120,1,0.1,0.3,100000,1,422.0,67.8,0.592,123.0,68.3,0.595,224.0,75.0,0.967
360,120,1,0.1,0.5,100000,0,969.0,56.0,0.591,259.0,64.1,0.792,446.0,66.6,1.095
360,120,1,0.1,1.0,240,1,422.0,44.1,0.732,123.0,48.8,0.864,224.0,50.4,1.041
360,120,1,0.2,0.3,240,0,969.0,72.4,0.764,259.0,78.4,1.025,446.0,77.4,1.158
360,120,1,0.2,0.5,60,1,422.0,56.6,0.897,123.0,45.5,0.67,224.0,54.0,0.973
360,120,1,0.2,1.0,60,0,969.0,46.4,0.746,259.0,44.4,0.842,446.0,48.9,1.014
360,120,1,0.2,1.0,100000,1,422.0,54.0,1.065,123.0,48.0,0.895,224.0,46.4,0.803
360,-1,0,0.1,0.3,100000,0,971.0,68.4,0.628,259.0,64.9,0.528,447.0,66.9,0.623
360,-1,0,0.1,0.5,240,1,463.0,63.7,0.846,125.0,52.0,0.525,228.0,55.3,0.656
360,-1,0,0.1,1.0,240,0,971.0,45.3,0.751,259.0,42.5,0.7,447.0,40.5,0.718
360,-1,0,0.2,0.3,60,1,463.0,64.6,0.867,125.0,51.2,0.641,228.0,55.7,0.677
360,-1,0,0.2,0.5,60,0,971.0,51.5,0.792,259.0,42.9,0.652,447.0,48.5,0.747
360,-1,0,0.2,0.5,100000,1,463.0,68.0,0.999,125.0,57.6,0.672,228.0,59.6,0.839
360,-1,0,0.2,1.0,100000,0,971.0,47.2,0.844,259.0,44.8,0.792,447.0,47.7,1.086
360,-1,1,0.1,0.3,240,1,450.0,66.9,0.579,134.0,72.4,0.746,219.0,76.3,1.017
360,-1,1,0.1,0.5,240,0,971.0,53.1,0.535,259.0,61.0,0.696,447.0,67.1,1.083
360,-1,1,0.1,1.0,60,1,450.0,42.4,0.601,134.0,41.0,0.549,219.0,50.2,1.164
360,-1,1,0.2,0.3,60,0,971.0,57.8,0.607,259.0,59.1,0.773,447.0,66.9,1.251
360,-1,1,0.2,0.3,100000,1,450.0,74.2,0.87,134.0,71.6,0.683,219.0,79.9,1.38
360,-1,1,0.2,0.5,100000,0,971.0,59.9,0.708,259.0,64.1,0.863,447.0,66.7,1.012
360,-1,1,0.2,1.0,240,1,450.0,50.0,0.916,134.0,47.8,0.837,219.0,45.7,0.736
420,30,0,0.1,0.3,60,0,955.0,59.2,0.501,256.0,66.4,0.607,447.0,66.0,0.79
420,30,0,0.1,0.3,100000,1,468.0,60.3,0.48,121.0,62.0,0.473,214.0,63.1,0.812
420,30,0,0.1,0.5,100000,0,955.0,52.9,0.562,256.0,59.0,0.671,447.0,60.2,0.897
420,30,0,0.1,1.0,240,1,468.0,41.2,0.663,121.0,38.8,0.599,214.0,41.6,0.874
420,30,0,0.2,0.3,240,0,955.0,71.4,0.77,256.0,72.3,0.771,447.0,70.9,0.776
420,30,0,0.2,0.5,60,1,468.0,52.1,0.696,121.0,45.5,0.624,214.0,50.5,0.939
420,30,0,0.2,1.0,60,0,955.0,43.5,0.748,256.0,38.7,0.591,447.0,40.9,0.835
420,30,0,0.2,1.0,100000,1,468.0,48.7,0.886,121.0,47.1,0.895,214.0,40.7,0.808
420,30,1,0.1,0.3,100000,0,955.0,62.2,0.526,256.0,70.7,0.701,447.0,72.0,1.048
420,30,1,0.1,0.5,240,1,430.0,58.8,0.635,135.0,60.7,0.758,233.0,60.9,1.065
420,30,1,0.1,1.0,240,0,955.0,41.6,0.627,256.0,46.5,0.789,447.0,49.4,1.005
420,30,1,0.2,0.3,60,1,430.0,64.9,0.789,135.0,58.5,0.805,233.0,67.4,0.959
420,30,1,0.2,0.5,60,0,955.0,52.9,0.712,256.0,52.7,0.876,447.0,59.7,0.954
420,30,1,0.2,0.5,100000,1,430.0,65.1,0.825,135.0,63.0,0.857,233.0,67.4,1.042
420,30,1,0.2,1.0,100000,0,955.0,46.1,0.811,256.0,45.7,0.789,447.0,51.7,1.052
420,60,0,0.1,0.3,240,1,500.0,62.4,0.526,124.0,59.7,0.432,215.0,60.9,0.701
420,60,0,0.1,0.5,240,0,963.0,53.8,0.584,259.0,55.6,0.586,443.0,58.9,0.826
420,60,0,0.1,1.0,60,1,500.0,40.4,0.621,124.0,37.9,0.564,215.0,41.9,0.801
420,60,0,0.2,0.3,60,0,963.0,61.7,0.724,259.0,55.2,0.653,443.0,61.4,0.716
420,60,0,0.2,0.3,100000,1,500.0,73.2,0.789,124.0,71.0,0.729,215.0,66.0,0.621
420,60,0,0.2,0.5,100000,0,963.0,63.4,0.855,259.0,62.2,0.805,443.0,58.7,0.672
420,60,0,0.2,1.0,240,1,500.0,50.0,0.915,124.0,46.0,0.861,215.0,40.0,0.699
420,60,1,0.1,0.3,240,0,963.0,61.8,0.512,259.0,72.2,0.749,443.0,73.8,1.126
420,60,1,0.1,0.5,60,1,405.0,56.3,0.608,135.0,60.0,0.811,228.0,60.5,1.143
420,60,1,0.1,1.0,60,0,963.0,42.1,0.614,259.0,46.3,0.801,443.0,49.2,1.075
420,60,1,0.1,1.0,100000,1,405.0,42.7,0.641,135.0,41.5,0.645,228.0,48.2,1.157
420,60,1,0.2,0.3,100000,0,963.0,71.3,0.717,259.0,74.5,0.838,443.0,80.1,1.346
420,60,1,0.2,0.5,240,1,405.0,63.5,0.794,135.0,60.7,0.773,228.0,69.7,1.193
420,60,1,0.2,1.0,240,0,963.0,44.7,0.764,259.0,47.5,0.856,443.0,52.8,1.219
420,120,0,0.1,0.3,60,1,478.0,61.1,0.508,129.0,58.1,0.428,217.0,65.4,0.786
420,120,0,0.1,0.5,60,0,966.0,53.2,0.596,259.0,52.1,0.554,447.0,59.5,0.835
420,120,0,0.1,0.5,100000,1,478.0,55.0,0.592,129.0,51.2,0.493,217.0,58.1,0.85
420,120,0,0.1,1.0,100000,0,966.0,41.5,0.688,259.0,42.9,0.701,447.0,44.1,0.813
420,120,0,0.2,0.3,240,1,478.0,74.5,0.872,129.0,71.3,0.753,217.0,70.5,0.766
420,120,0,0.2,0.5,240,0,966.0,63.4,0.857,259.0,61.0,0.78,447.0,60.9,0.705
420,120,0,0.2,1.0,60,1,478.0,43.7,0.711,129.0,43.4,0.754,217.0,41.0,0.838
420,120,1,0.1,0.3,60,0,966.0,61.3,0.514,259.0,71.8,0.763,447.0,68.7,0.925
420,120,1,0.1,0.3,100000,1,430.0,63.3,0.515,130.0,73.1,0.792,230.0,65.7,0.964
420,120,1,0.1,0.5,100000,0,966.0,55.0,0.568,259.0,65.3,0.873,447.0,62.9,1.133
420,120,1,0.1,1.0,240,1,430.0,42.1,0.61,130.0,40.8,0.633,230.0,47.0,1.087
420,120,1,0.2,0.3,240,0,966.0,71.0,0.699,259.0,74.9,0.837,447.0,77.6,1.147
420,120,1,0.2,0.5,60,1,430.0,52.8,0.68,130.0,48.5,0.769,230.0,58.7,1.135
420,120,1,0.2,1.0,60,0,966.0,43.2,0.692,259.0,45.9,0.744,447.0,50.8,1.052
420,120,1,0.2,1.0,100000,1,430.0,48.4,0.844,130.0,46.9,0.83,230.0,50.4,1.216
420,-1,0,0.1,0.3,100000,0,966.0,61.4,0.529,259.0,65.3,0.568,447.0,72.3,1.169
420,-1,0,0.1,0.5,240,1,448.0,56.9,0.645,125.0,52.8,0.533,235.0,61.7,1.248
420,-1,0,0.1,1.0,240,0,966.0,41.1,0.663,259.0,39.4,0.61,447.0,46.3,0.948
420,-1,0,0.2,0.3,60,1,448.0,60.7,0.658,125.0,52.0,0.58,235.0,68.1,1.141
420,-1,0,0.2,0.5,60,0,966.0,50.1,0.686,259.0,40.9,0.575,447.0,57.9,1.144
420,-1,0,0.2,0.5,100000,1,448.0,63.6,0.838,125.0,53.6,0.594,235.0,65.5,1.135
420,-1,0,0.2,1.0,100000,0,966.0,45.1,0.816,259.0,42.1,0.712,447.0,48.3,1.219
420,-1,1,0.1,0.3,240,1,460.0,62.4,0.493,134.0,69.4,0.645,212.0,63.7,0.725
420,-1,1,0.1,0.5,240,0,966.0,53.7,0.543,259.0,66.0,0.891,447.0,60.6,0.832
420,-1,1,0.1,1.0,60,1,460.0,42.0,0.587,134.0,49.3,0.816,212.0,41.5,0.726
420,-1,1,0.2,0.3,60,0,966.0,63.8,0.742,259.0,66.0,0.933,447.0,62.4,0.694
420,-1,1,0.2,0.3,100000,1,460.0,73.3,0.743,134.0,74.6,0.85,212.0,70.3,0.731
420,-1,1,0.2,0.5,100000,0,966.0,63.9,0.826,259.0,67.6,0.988,447.0,62.9,0.663
420,-1,1,0.2,1.0,240,1,460.0,50.0,0.877,134.0,48.5,0.934,212.0,44.3,0.693
480,30,0,0.1,0.3,60,0,967.0,60.7,0.597,256.0,67.2,0.62,442.0,65.4,1.025
480,30,0,0.1,0.3,100000,1,452.0,64.2,0.66,134.0,66.4,0.615,224.0,65.2,1.136
480,30,0,0.1,0.5,100000,0,967.0,53.2,0.622,256.0,57.4,0.614,442.0,54.8,0.809
480,30,0,0.1,1.0,240,1,452.0,44.9,0.77,134.0,39.6,0.578,224.0,40.2,0.925
480,30,0,0.2,0.3,240,0,967.0,68.6,0.709,256.0,69.9,0.627,442.0,70.6,0.977
480,30,0,0.2,0.5,60,1,452.0,61.7,0.849,134.0,52.2,0.535,224.0,54.0,0.926
480,30,0,0.2,1.0,60,0,967.0,45.0,0.798,256.0,45.7,0.717,442.0,46.6,0.93
480,30,0,0.2,1.0,100000,1,452.0,49.1,0.875,134.0,45.5,0.706,224.0,47.3,1.089
480,30,1,0.1,0.3,100000,0,967.0,64.0,0.535,256.0,66.4,0.619,442.0,70.6,0.759
480,30,1,0.1,0.5,240,1,457.0,62.4,0.722,122.0,56.6,0.636,218.0,66.1,1.064
480,30,1,0.1,1.0,240,0,967.0,43.0,0.665,256.0,44.9,0.786,442.0,51.6,0.961
480,30,1,0.2,0.3,60,1,457.0,73.7,0.817,122.0,67.2,0.67,218.0,73.4,1.05
480,30,1,0.2,0.5,60,0,967.0,58.9,0.726,256.0,57.8,0.795,442.0,62.7,0.895
480,30,1,0.2,0.5,100000,1,457.0,64.8,0.828,122.0,59.0,0.732,218.0,64.2,0.925
480,30,1,0.2,1.0,100000,0,967.0,46.1,0.807,256.0,47.3,0.953,442.0,47.3,0.839
480,60,0,0.1,0.3,240,1,460.0,63.5,0.593,137.0,65.0,0.61,229.0,62.9,0.814
480,60,0,0.1,0.5,240,0,971.0,54.6,0.616,255.0,55.7,0.595,446.0,51.6,0.653
480,60,0,0.1,1.0,60,1,460.0,44.3,0.727,137.0,38.7,0.581,229.0,34.9,0.713
480,60,0,0.2,0.3,60,0,971.0,67.3,0.656,255.0,63.9,0.577,446.0,62.8,0.69
480,60,0,0.2,0.3,100000,1,460.0,71.7,0.737,137.0,67.2,0.547,229.0,65.9,0.817
480,60,0,0.2,0.5,100000,0,971.0,59.5,0.718,255.0,59.2,0.65,446.0,60.1,0.911
480,60,0,0.2,1.0,240,1,460.0,46.5,0.77,137.0,40.1,0.628,229.0,43.2,0.963
480,60,1,0.1,0.3,240,0,971.0,63.4,0.57,255.0,67.1,0.601,446.0,74.2,1.068
480,60,1,0.1,0.5,60,1,453.0,61.1,0.73,118.0,58.5,0.653,217.0,68.2,1.398
480,60,1,0.1,1.0,60,0,971.0,41.8,0.669,255.0,45.1,0.763,446.0,55.2,1.126
480,60,1,0.1,1.0,100000,1,453.0,47.5,0.807,118.0,40.7,0.659,217.0,53.0,1.068
480,60,1,0.2,0.3,100000,0,971.0,71.6,0.756,255.0,77.3,0.993,446.0,78.0,1.163
480,60,1,0.2,0.5,240,1,453.0,66.2,0.925,118.0,61.0,0.787,217.0,69.1,1.258
480,60,1,0.2,1.0,240,0,971.0,48.1,0.9,255.0,51.0,1.033,446.0,51.6,0.991
480,120,0,0.1,0.3,60,1,470.0,67.7,0.69,123.0,69.1,0.718,223.0,64.6,0.889
480,120,0,0.1,0.5,60,0,971.0,58.7,0.727,259.0,61.0,0.751,445.0,53.3,0.669
480,120,0,0.1,0.5,100000,1,470.0,63.0,0.822,123.0,59.3,0.704,223.0,54.3,0.757
480,120,0,0.1,1.0,100000,0,971.0,43.5,0.733,259.0,45.9,0.78,445.0,40.2,0.752
480,120,0,0.2,0.3,240,1,470.0,75.3,0.879,123.0,69.9,0.609,223.0,69.5,0.917
480,120,0,0.2,0.5,240,0,971.0,60.5,0.749,259.0,61.4,0.718,445.0,58.9,0.796
480,120,0,0.2,1.0,60,1,470.0,47.4,0.854,123.0,40.7,0.598,223.0,36.8,0.613
480,120,1,0.1,0.3,60,0,971.0,59.7,0.492,259.0,63.7,0.52,445.0,73.0,1.065
480,120,1,0.1,0.3,100000,1,443.0,64.6,0.595,136.0,60.3,0.462,222.0,73.0,1.174
480,120,1,0.1,0.5,100000,0,971.0,51.2,0.506,259.0,56.8,0.614,445.0,65.2,1.076
480,120,1,0.1,1.0,240,1,443.0,44.7,0.715,136.0,38.2,0.575,222.0,52.3,1.153
480,120,1,0.2,0.3,240,0,971.0,69.9,0.696,259.0,73.0,0.78,445.0,76.9,1.209
480,120,1,0.2,0.5,60,1,443.0,62.5,0.827,136.0,53.7,0.615,222.0,62.2,1.056
480,120,1,0.2,1.0,60,0,971.0,47.5,0.844,259.0,47.1,0.899,445.0,53.7,1.245
480,120,1,0.2,1.0,100000,1,443.0,50.8,0.93,136.0,44.1,0.777,222.0,51.8,1.356
480,-1,0,0.1,0.3,100000,0,970.0,65.3,0.656,259.0,71.8,0.792,447.0,65.5,0.875
480,-1,0,0.1,0.5,240,1,446.0,61.9,0.8,134.0,59.7,0.697,235.0,57.9,0.99
480,-1,0,0.1,1.0,240,0,970.0,43.5,0.736,259.0,46.7,0.795,447.0,44.3,0.934
480,-1,0,0.2,0.3,60,1,446.0,74.9,0.972,134.0,67.2,0.647,235.0,66.0,0.942
480,-1,0,0.2,0.5,60,0,970.0,59.6,0.801,259.0,58.7,0.797,447.0,58.2,1.013
480,-1,0,0.2,0.5,100000,1,446.0,67.3,1.001,134.0,59.7,0.702,235.0,63.4,1.26
480,-1,0,0.2,1.0,100000,0,970.0,46.9,0.854,259.0,43.6,0.742,447.0,47.4,1.048
480,-1,1,0.1,0.3,240,1,466.0,63.1,0.555,125.0,57.6,0.425,212.0,71.7,1.051
480,-1,1,0.1,0.5,240,0,970.0,52.6,0.535,259.0,55.2,0.581,447.0,62.0,0.845
480,-1,1,0.1,1.0,60,1,466.0,44.4,0.698,125.0,37.6,0.536,212.0,45.3,0.809
480,-1,1,0.2,0.3,60,0,970.0,67.5,0.636,259.0,67.6,0.671,447.0,73.2,0.907
480,-1,1,0.2,0.3,100000,1,466.0,71.2,0.684,125.0,69.6,0.615,212.0,72.6,0.993
480,-1,1,0.2,0.5,100000,0,970.0,59.2,0.697,259.0,61.0,0.729,447.0,65.3,0.854
480,-1,1,0.2,1.0,240,1,466.0,47.2,0.786,125.0,47.2,0.856,212.0,47.2,0.903
500,30,0,0.1,0.3,60,0,961.0,58.7,0.483,257.0,61.9,0.568,441.0,64.4,0.754
500,30,0,0.1,0.3,100000,1,478.0,64.0,0.575,117.0,63.2,0.554,222.0,60.4,0.587
500,30,0,0.1,0.5,100000,0,961.0,51.6,0.516,257.0,55.3,0.627,441.0,57.4,0.816
500,30,0,0.1,1.0,240,1,478.0,42.1,0.604,117.0,35.9,0.497,222.0,36.5,0.706
500,30,0,0.2,0.3,240,0,961.0,65.5,0.542,257.0,68.5,0.69,441.0,73.7,1.028
500,30,0,0.2,0.5,60,1,478.0,58.4,0.635,117.0,59.0,0.697,222.0,55.4,0.82
500,30,0,0.2,1.0,60,0,961.0,43.2,0.665,257.0,47.9,0.905,441.0,44.9,0.946
500,30,0,0.2,1.0,100000,1,478.0,46.9,0.739,117.0,52.1,1.07,222.0,43.2,0.951
500,30,1,0.1,0.3,100000,0,961.0,64.0,0.631,257.0,66.9,0.598,441.0,71.4,0.886
500,30,1,0.1,0.5,240,1,427.0,61.8,0.77,140.0,60.0,0.623,219.0,61.6,0.928
500,30,1,0.1,1.0,240,0,961.0,45.7,0.793,257.0,43.6,0.668,441.0,50.1,1.029
500,30,1,0.2,0.3,60,1,427.0,72.4,0.821,140.0,68.6,0.633,219.0,72.6,1.009
500,30,1,0.2,0.5,60,0,961.0,61.0,0.845,257.0,56.8,0.667,441.0,63.9,1.044
500,30,1,0.2,0.5,100000,1,427.0,67.0,0.956,140.0,58.6,0.632,219.0,64.4,1.093
500,30,1,0.2,1.0,100000,0,961.0,49.1,0.942,257.0,46.7,0.79,441.0,49.4,0.882
500,60,0,0.1,0.3,240,1,465.0,64.7,0.614,126.0,61.9,0.48,223.0,62.8,0.714
500,60,0,0.1,0.5,240,0,968.0,51.8,0.532,257.0,54.5,0.585,444.0,59.0,0.907
500,60,0,0.1,1.0,60,1,465.0,40.4,0.586,126.0,37.3,0.486,223.0,38.1,0.794
500,60,0,0.2,0.3,60,0,968.0,64.2,0.546,257.0,67.3,0.668,444.0,73.9,1.173
500,60,0,0.2,0.3,100000,1,465.0,70.3,0.628,126.0,70.6,0.681,223.0,74.9,1.033
500,60,0,0.2,0.5,100000,0,968.0,56.9,0.622,257.0,59.1,0.697,444.0,64.6,1.061
500,60,0,0.2,1.0,240,1,465.0,47.7,0.77,126.0,50.0,0.92,223.0,46.2,0.982
500,60,1,0.1,0.3,240,0,968.0,63.5,0.612,257.0,67.3,0.654,444.0,70.3,0.803
500,60,1,0.1,0.5,60,1,445.0,60.9,0.715,131.0,60.3,0.661,221.0,59.3,0.763
500,60,1,0.1,1.0,60,0,968.0,45.2,0.765,257.0,43.2,0.688,444.0,47.5,0.857
500,60,1,0.1,1.0,100000,1,445.0,50.3,0.86,131.0,42.7,0.601,221.0,44.3,0.842
500,60,1,0.2,0.3,100000,0,968.0,71.5,0.751,257.0,70.8,0.717,444.0,75.0,1.071
500,60,1,0.2,0.5,240,1,445.0,65.4,0.877,131.0,58.8,0.672,221.0,61.5,0.917
500,60,1,0.2,1.0,240,0,968.0,47.8,0.886,257.0,47.1,0.881,444.0,46.8,0.878
500,120,0,0.1,0.3,60,1,496.0,65.5,0.626,119.0,59.7,0.456,217.0,64.5,0.722
500,120,0,0.1,0.5,60,0,970.0,51.1,0.515,256.0,52.7,0.566,446.0,59.2,0.857
500,120,0,0.1,0.5,100000,1,496.0,55.6,0.569,119.0,50.4,0.467,217.0,56.7,0.802
500,120,0,0.1,1.0,100000,0,970.0,38.0,0.554,256.0,39.5,0.614,446.0,42.6,0.804
500,120,0,0.2,0.3,240,1,496.0,70.2,0.609,119.0,69.7,0.661,217.0,77.0,1.047
500,120,0,0.2,0.5,240,0,970.0,57.2,0.615,256.0,57.4,0.643,446.0,63.5,1.062
500,120,0,0.2,1.0,60,1,496.0,44.2,0.653,119.0,50.4,0.821,217.0,41.9,0.885
500,120,1,0.1,0.3,60,0,970.0,63.6,0.609,256.0,69.1,0.671,446.0,68.6,0.84
500,120,1,0.1,0.3,100000,1,416.0,68.0,0.716,137.0,70.1,0.701,229.0,63.3,0.614
500,120,1,0.1,0.5,100000,0,970.0,57.7,0.689,256.0,63.3,0.766,446.0,62.3,0.985
500,120,1,0.1,1.0,240,1,416.0,50.7,0.896,137.0,43.1,0.619,229.0,44.5,0.896
500,120,1,0.2,0.3,240,0,970.0,71.6,0.772,256.0,72.3,0.762,446.0,74.7,1.131
500,120,1,0.2,0.5,60,1,416.0,63.9,0.891,137.0,59.1,0.714,229.0,57.6,0.767
500,120,1,0.2,1.0,60,0,970.0,48.0,0.924,256.0,48.0,0.911,446.0,48.2,0.817
500,120,1,0.2,1.0,100000,1,416.0,52.4,1.0,137.0,48.9,0.932,229.0,45.4,0.8
500,-1,0,0.1,0.3,100000,0,969.0,59.8,0.525,259.0,56.8,0.456,446.0,68.2,0.834
500,-1,0,0.1,0.5,240,1,464.0,58.0,0.654,128.0,46.9,0.416,231.0,57.1,0.795
500,-1,0,0.1,1.0,240,0,969.0,39.6,0.613,259.0,34.0,0.481,446.0,44.6,0.903
500,-1,0,0.2,0.3,60,1,464.0,67.7,0.614,128.0,68.8,0.673,231.0,72.7,1.133
500,-1,0,0.2,0.5,60,0,969.0,55.2,0.623,259.0,52.1,0.606,446.0,61.2,1.177
500,-1,0,0.2,0.5,100000,1,464.0,59.9,0.658,128.0,56.2,0.615,231.0,61.0,1.088
500,-1,0,0.2,1.0,100000,0,969.0,42.8,0.707,259.0,46.3,0.828,446.0,50.0,1.325
500,-1,1,0.1,0.3,240,1,447.0,66.9,0.634,131.0,71.8,0.755,215.0,61.9,0.63
500,-1,1,0.1,0.5,240,0,969.0,56.3,0.637,259.0,68.3,0.95,446.0,61.4,0.939
500,-1,1,0.1,1.0,60,1,447.0,47.7,0.766,131.0,48.1,0.74,215.0,41.4,0.731
500,-1,1,0.2,0.3,60,0,969.0,69.7,0.709,259.0,73.4,0.838,446.0,71.7,0.975
500,-1,1,0.2,0.3,100000,1,447.0,73.8,0.751,131.0,74.0,0.751,215.0,70.2,0.777
500,-1,1,0.2,0.5,100000,0,969.0,62.2,0.786,259.0,63.7,0.839,446.0,63.7,0.857
500,-1,1,0.2,1.0,240,1,447.0,53.0,0.988,131.0,50.4,0.965,215.0,41.4,0.639
540,30,0,0.1,0.3,60,0,963.0,60.3,0.608,259.0,64.5,0.731,446.0,61.4,0.694
540,30,0,0.1,0.3,100000,1,437.0,57.7,0.56,143.0,62.2,0.643,236.0,59.7,0.615
540,30,0,0.1,0.5,100000,0,963.0,53.7,0.634,259.0,57.1,0.742,446.0,55.8,0.734
540,30,0,0.1,1.0,240,1,437.0,40.7,0.652,143.0,42.7,0.719,236.0,42.4,0.78
540,30,0,0.2,0.3,240,0,963.0,69.7,0.718,259.0,72.6,0.821,446.0,69.3,0.763
540,30,0,0.2,0.5,60,1,437.0,58.4,0.715,143.0,60.8,0.763,236.0,59.3,0.747
540,30,0,0.2,1.0,60,0,963.0,42.9,0.737,259.0,48.6,0.891,446.0,44.4,0.718
540,30,0,0.2,1.0,100000,1,437.0,43.2,0.718,143.0,50.3,0.95,236.0,45.3,0.81
540,30,1,0.1,0.3,100000,0,963.0,59.3,0.573,259.0,62.5,0.64,446.0,65.2,0.964
540,30,1,0.1,0.5,240,1,468.0,50.9,0.536,116.0,54.3,0.648,210.0,57.6,0.887
540,30,1,0.1,1.0,240,0,963.0,42.9,0.703,259.0,43.2,0.725,446.0,50.9,1.214
540,30,1,0.2,0.3,60,1,468.0,67.7,0.637,116.0,73.3,0.899,210.0,71.4,1.216
540,30,1,0.2,0.5,60,0,963.0,61.5,0.806,259.0,61.8,0.829,446.0,67.5,1.284
540,30,1,0.2,0.5,100000,1,468.0,59.2,0.683,116.0,61.2,0.803,210.0,68.6,1.679
540,30,1,0.2,1.0,100000,0,963.0,46.8,0.836,259.0,45.2,0.821,446.0,51.8,1.233
540,60,0,0.1,0.3,240,1,485.0,59.0,0.555,132.0,60.6,0.571,207.0,59.4,0.639
540,60,0,0.1,0.5,240,0,968.0,54.8,0.649,258.0,54.3,0.652,447.0,55.0,0.725
540,60,0,0.1,1.0,60,1,485.0,41.2,0.648,132.0,40.9,0.646,207.0,39.6,0.707
540,60,0,0.2,0.3,60,0,968.0,69.1,0.707,258.0,71.7,0.812,447.0,68.2,0.753
540,60,0,0.2,0.3,100000,1,485.0,67.8,0.638,132.0,71.2,0.768,207.0,70.5,0.808
540,60,0,0.2,0.5,100000,0,968.0,61.9,0.773,258.0,64.3,0.875,447.0,59.1,0.726
540,60,0,0.2,1.0,240,1,485.0,42.7,0.673,132.0,49.2,0.925,207.0,46.4,0.929
540,60,1,0.1,0.3,240,0,968.0,59.0,0.572,258.0,65.1,0.743,447.0,65.5,0.947
540,60,1,0.1,0.5,60,1,425.0,48.0,0.502,126.0,56.3,0.731,240.0,58.3,0.89
540,60,1,0.1,1.0,60,0,968.0,42.4,0.7,258.0,44.6,0.778,447.0,52.3,1.265
540,60,1,0.1,1.0,100000,1,425.0,38.6,0.602,126.0,41.3,0.712,240.0,50.8,1.334
540,60,1,0.2,0.3,100000,0,968.0,69.9,0.738,258.0,72.1,0.819,447.0,72.7,1.113
540,60,1,0.2,0.5,240,1,425.0,58.8,0.695,126.0,60.3,0.764,240.0,68.8,1.516
540,60,1,0.2,1.0,240,0,968.0,46.4,0.86,258.0,45.0,0.813,447.0,51.0,1.118
540,120,0,0.1,0.3,60,1,484.0,57.6,0.544,140.0,60.0,0.547,217.0,60.4,0.648
540,120,0,0.1,0.5,60,0,966.0,53.6,0.615,259.0,54.8,0.626,446.0,55.2,0.723
540,120,0,0.1,0.5,100000,1,484.0,51.9,0.582,140.0,52.1,0.569,217.0,53.0,0.684
540,120,0,0.1,1.0,100000,0,966.0,41.6,0.652,259.0,40.5,0.625,446.0,42.4,0.744
540,120,0,0.2,0.3,240,1,484.0,66.9,0.61,140.0,71.4,0.761,217.0,72.4,0.922
540,120,0,0.2,0.5,240,0,966.0,61.4,0.767,259.0,64.5,0.837,446.0,62.1,0.883
540,120,0,0.2,1.0,60,1,484.0,41.7,0.678,140.0,50.7,0.983,217.0,50.7,1.056
540,120,1,0.1,0.3,60,0,966.0,59.3,0.58,259.0,64.9,0.785,446.0,65.2,0.98
540,120,1,0.1,0.3,100000,1,424.0,56.8,0.511,119.0,64.7,0.774,229.0,62.0,0.796
540,120,1,0.1,0.5,100000,0,966.0,53.0,0.614,259.0,58.3,0.814,446.0,61.0,1.045
540,120,1,0.1,1.0,240,1,424.0,39.9,0.636,119.0,42.0,0.735,229.0,49.3,1.24
540,120,1,0.2,0.3,240,0,966.0,70.9,0.77,259.0,72.2,0.851,446.0,70.9,0.914
540,120,1,0.2,0.5,60,1,424.0,59.0,0.735,119.0,59.7,0.831,229.0,63.8,1.263
540,120,1,0.2,1.0,60,0,966.0,46.6,0.831,259.0,43.6,0.796,446.0,46.2,0.93
540,120,1,0.2,1.0,100000,1,424.0,44.3,0.755,119.0,45.4,0.825,229.0,49.3,1.038
540,-1,0,0.1,0.3,100000,0,968.0,59.6,0.572,258.0,60.5,0.616,447.0,65.1,0.923
540,-1,0,0.1,0.5,240,1,478.0,50.0,0.536,130.0,50.0,0.576,220.0,58.2,0.854
540,-1,0,0.1,1.0,240,0,968.0,41.6,0.648,258.0,38.0,0.585,447.0,47.4,0.953
540,-1,0,0.2,0.3,60,1,478.0,65.1,0.587,130.0,67.7,0.7,220.0,72.7,1.249
540,-1,0,0.2,0.5,60,0,968.0,60.2,0.759,258.0,58.1,0.711,447.0,62.6,1.031
540,-1,0,0.2,0.5,100000,1,478.0,57.9,0.668,130.0,56.2,0.627,220.0,65.5,1.252
540,-1,0,0.2,1.0,100000,0,968.0,44.8,0.767,258.0,41.9,0.694,447.0,51.0,1.107
540,-1,1,0.1,0.3,240,1,432.0,58.3,0.555,128.0,64.8,0.698,227.0,60.4,0.653
540,-1,1,0.1,0.5,240,0,968.0,54.0,0.641,258.0,61.2,0.855,447.0,55.7,0.766
540,-1,1,0.1,1.0,60,1,432.0,40.7,0.673,128.0,43.8,0.764,227.0,44.5,0.962
540,-1,1,0.2,0.3,60,0,968.0,70.5,0.773,258.0,74.8,0.938,447.0,68.5,0.748
540,-1,1,0.2,0.3,100000,1,432.0,69.4,0.675,128.0,75.0,0.912,227.0,69.6,0.767
540,-1,1,0.2,0.5,100000,0,968.0,61.9,0.808,258.0,67.4,1.033,447.0,62.9,0.849
540,-1,1,0.2,1.0,240,1,432.0,43.8,0.722,128.0,53.1,1.11,227.0,46.3,0.902
570,30,0,0.1,0.3,60,0,967.0,57.1,0.454,256.0,67.6,0.734,446.0,63.9,0.77
570,30,0,0.1,0.3,100000,1,441.0,56.7,0.423,130.0,64.6,0.616,238.0,60.1,0.644
570,30,0,0.1,0.5,100000,0,967.0,51.1,0.52,256.0,59.0,0.72,446.0,56.7,0.861
570,30,0,0.1,1.0,240,1,441.0,39.0,0.539,130.0,44.6,0.76,238.0,41.6,0.944
570,30,0,0.2,0.3,240,0,967.0,65.6,0.586,256.0,74.2,0.872,446.0,70.0,0.84
570,30,0,0.2,0.5,60,1,441.0,56.9,0.632,130.0,60.0,0.744,238.0,60.1,1.115
570,30,0,0.2,1.0,60,0,967.0,40.8,0.664,256.0,52.7,1.076,446.0,46.0,0.974
570,30,0,0.2,1.0,100000,1,441.0,42.2,0.664,130.0,48.5,0.899,238.0,46.2,1.035
570,30,1,0.1,0.3,100000,0,967.0,62.2,0.602,256.0,59.8,0.525,446.0,65.9,0.724
570,30,1,0.1,0.5,240,1,468.0,54.9,0.558,126.0,53.2,0.553,208.0,56.7,0.828
570,30,1,0.1,1.0,240,0,967.0,46.1,0.763,256.0,43.0,0.692,446.0,48.4,0.895
570,30,1,0.2,0.3,60,1,468.0,70.7,0.688,126.0,64.3,0.589,208.0,69.7,0.739
570,30,1,0.2,0.5,60,0,967.0,63.3,0.859,256.0,57.4,0.69,446.0,62.8,0.82
570,30,1,0.2,0.5,100000,1,468.0,64.7,0.792,126.0,56.3,0.678,208.0,62.0,0.814
570,30,1,0.2,1.0,100000,0,967.0,51.4,0.989,256.0,43.0,0.741,446.0,49.3,0.948
570,60,0,0.1,0.3,240,1,445.0,58.4,0.45,143.0,61.5,0.546,231.0,58.0,0.618
570,60,0,0.1,0.5,240,0,962.0,53.5,0.558,257.0,52.1,0.551,445.0,57.8,0.864
570,60,0,0.1,1.0,60,1,445.0,40.2,0.552,143.0,39.2,0.614,231.0,42.0,0.919
570,60,0,0.2,0.3,60,0,962.0,67.3,0.631,257.0,69.6,0.734,445.0,70.3,0.871
570,60,0,0.2,0.3,100000,1,445.0,69.4,0.635,143.0,68.5,0.669,231.0,70.6,0.865
570,60,0,0.2,0.5,100000,0,962.0,59.6,0.717,257.0,58.8,0.7,445.0,62.0,0.861
570,60,0,0.2,1.0,240,1,445.0,42.7,0.669,143.0,44.1,0.764,231.0,46.3,0.943
570,60,1,0.1,0.3,240,0,962.0,60.3,0.564,257.0,65.8,0.68,445.0,67.4,0.766
570,60,1,0.1,0.5,60,1,459.0,54.2,0.56,114.0,58.8,0.67,214.0,57.0,0.838
570,60,1,0.1,1.0,60,0,962.0,43.5,0.701,257.0,49.4,0.868,445.0,48.1,0.907
570,60,1,0.1,1.0,100000,1,459.0,46.0,0.715,114.0,46.5,0.79,214.0,45.8,0.973
570,60,1,0.2,0.3,100000,0,962.0,69.9,0.713,257.0,70.4,0.711,445.0,71.0,0.753
570,60,1,0.2,0.5,240,1,459.0,62.7,0.768,114.0,59.6,0.775,214.0,62.1,0.911
570,60,1,0.2,1.0,240,0,962.0,48.9,0.93,257.0,47.1,0.889,445.0,50.3,1.074
570,120,0,0.1,0.3,60,1,497.0,57.5,0.439,133.0,69.2,0.776,220.0,60.9,0.729
570,120,0,0.1,0.5,60,0,968.0,53.7,0.562,258.0,61.6,0.821,447.0,61.5,0.962
570,120,0,0.1,0.5,100000,1,497.0,51.3,0.478,133.0,60.9,0.772,220.0,57.3,0.876
570,120,0,0.1,1.0,100000,0,968.0,44.1,0.705,258.0,48.4,0.877,447.0,46.1,0.924
570,120,0,0.2,0.3,240,1,497.0,70.0,0.662,133.0,74.4,0.908,220.0,70.0,0.907
570,120,0,0.2,0.5,240,0,968.0,60.7,0.74,258.0,64.3,0.887,447.0,62.6,0.928
570,120,0,0.2,1.0,60,1,497.0,45.3,0.718,133.0,50.4,1.052,220.0,49.1,1.191
570,120,1,0.1,0.3,60,0,968.0,59.4,0.545,258.0,56.6,0.447,447.0,63.5,0.684
570,120,1,0.1,0.3,100000,1,413.0,60.3,0.525,125.0,53.6,0.368,227.0,60.4,0.643
570,120,1,0.1,0.5,100000,0,968.0,54.2,0.607,258.0,50.8,0.501,447.0,56.6,0.745
570,120,1,0.1,1.0,240,1,413.0,44.3,0.677,125.0,37.6,0.553,227.0,42.3,0.906
570,120,1,0.2,0.3,240,0,968.0,68.1,0.663,258.0,63.6,0.51,447.0,69.6,0.705
570,120,1,0.2,0.5,60,1,413.0,60.3,0.737,125.0,53.6,0.573,227.0,59.5,0.782
570,120,1,0.2,1.0,60,0,968.0,46.9,0.865,258.0,39.5,0.584,447.0,47.9,0.818
570,120,1,0.2,1.0,100000,1,413.0,49.6,0.884,125.0,37.6,0.571,227.0,46.3,0.95
570,-1,0,0.1,0.3,100000,0,967.0,61.4,0.568,258.0,62.8,0.585,447.0,64.2,0.724
570,-1,0,0.1,0.5,240,1,455.0,53.8,0.551,133.0,54.1,0.57,225.0,53.8,0.862
570,-1,0,0.1,1.0,240,0,967.0,44.7,0.739,258.0,41.1,0.628,447.0,43.0,0.881
570,-1,0,0.2,0.3,60,1,455.0,69.7,0.676,133.0,66.9,0.642,225.0,69.3,0.958
570,-1,0,0.2,0.5,60,0,967.0,60.5,0.789,258.0,57.8,0.689,447.0,59.3,0.919
570,-1,0,0.2,0.5,100000,1,455.0,61.5,0.736,133.0,54.9,0.596,225.0,61.3,1.046
570,-1,0,0.2,1.0,100000,0,967.0,44.5,0.782,258.0,45.0,0.791,447.0,49.0,1.075
570,-1,1,0.1,0.3,240,1,454.0,57.3,0.436,125.0,61.6,0.515,222.0,61.3,0.592
570,-1,1,0.1,0.5,240,0,967.0,52.6,0.555,258.0,59.7,0.758,447.0,60.4,0.866
570,-1,1,0.1,1.0,60,1,454.0,43.0,0.62,125.0,47.2,0.819,222.0,46.4,0.963
570,-1,1,0.2,0.3,60,0,967.0,67.5,0.641,258.0,70.9,0.775,447.0,70.0,0.758
570,-1,1,0.2,0.3,100000,1,454.0,68.3,0.607,125.0,68.8,0.672,222.0,68.9,0.688
570,-1,1,0.2,0.5,100000,0,967.0,60.3,0.72,258.0,63.6,0.862,447.0,64.2,0.846
570,-1,1,0.2,1.0,240,1,454.0,48.2,0.84,125.0,44.8,0.835,222.0,46.8,0.898
600,30,0,0.1,0.3,60,0,963.0,57.9,0.586,258.0,60.9,0.693,447.0,69.4,0.823
600,30,0,0.1,0.3,100000,1,466.0,58.2,0.541,145.0,53.1,0.475,239.0,66.5,0.735
600,30,0,0.1,0.5,100000,0,963.0,51.9,0.606,258.0,56.6,0.763,447.0,62.2,0.852
600,30,0,0.1,1.0,240,1,466.0,40.1,0.624,145.0,37.9,0.591,239.0,46.4,0.886
600,30,0,0.2,0.3,240,0,963.0,67.0,0.663,258.0,67.8,0.724,447.0,74.5,0.978
600,30,0,0.2,0.5,60,1,466.0,58.6,0.721,145.0,51.7,0.597,239.0,61.9,1.011
600,30,0,0.2,1.0,60,0,963.0,44.2,0.767,258.0,43.8,0.797,447.0,44.7,0.81
600,30,0,0.2,1.0,100000,1,466.0,45.5,0.792,145.0,37.2,0.628,239.0,45.2,0.903
600,30,1,0.1,0.3,100000,0,963.0,61.2,0.635,258.0,62.4,0.702,447.0,63.1,0.774
600,30,1,0.1,0.5,240,1,440.0,54.8,0.628,113.0,49.6,0.641,208.0,55.3,0.675
600,30,1,0.1,1.0,240,0,963.0,42.9,0.709,258.0,45.0,0.81,447.0,43.8,0.862
600,30,1,0.2,0.3,60,1,440.0,67.5,0.718,113.0,60.2,0.601,208.0,69.7,0.858
600,30,1,0.2,0.5,60,0,963.0,57.7,0.748,258.0,58.9,0.782,447.0,60.6,1.035
600,30,1,0.2,0.5,100000,1,440.0,59.3,0.723,113.0,54.0,0.664,208.0,63.9,1.002
600,30,1,0.2,1.0,100000,0,963.0,45.0,0.769,258.0,48.4,0.929,447.0,49.2,0.967
600,60,0,0.1,0.3,240,1,456.0,56.4,0.506,137.0,57.7,0.582,232.0,63.8,0.617
600,60,0,0.1,0.5,240,0,964.0,52.3,0.604,258.0,60.1,0.884,446.0,60.3,0.749
600,60,0,0.1,1.0,60,1,456.0,39.9,0.604,137.0,42.3,0.706,232.0,45.3,0.76
600,60,0,0.2,0.3,60,0,964.0,65.6,0.649,258.0,70.2,0.863,446.0,73.1,0.894
600,60,0,0.2,0.3,100000,1,456.0,68.4,0.664,137.0,69.3,0.752,232.0,77.2,1.144
600,60,0,0.2,0.5,100000,0,964.0,58.9,0.718,258.0,65.5,1.003,446.0,66.4,1.108
600,60,0,0.2,1.0,240,1,456.0,43.4,0.724,137.0,43.1,0.733,232.0,47.8,1.007
600,60,1,0.1,0.3,240,0,964.0,61.3,0.648,258.0,58.5,0.598,446.0,65.5,0.891
600,60,1,0.1,0.5,60,1,450.0,55.3,0.655,121.0,46.3,0.558,214.0,58.9,0.927
600,60,1,0.1,1.0,60,0,964.0,42.9,0.723,258.0,41.1,0.685,446.0,45.3,1.007
600,60,1,0.1,1.0,100000,1,450.0,43.1,0.698,121.0,34.7,0.577,214.0,46.7,0.99
600,60,1,0.2,0.3,100000,0,964.0,69.8,0.765,258.0,64.3,0.61,446.0,72.0,1.01
600,60,1,0.2,0.5,240,1,450.0,58.9,0.723,121.0,48.8,0.529,214.0,60.7,0.86
600,60,1,0.2,1.0,240,0,964.0,46.2,0.824,258.0,44.6,0.782,446.0,45.5,0.849
600,120,0,0.1,0.3,60,1,465.0,57.6,0.52,136.0,56.6,0.524,204.0,58.8,0.532
600,120,0,0.1,0.5,60,0,965.0,54.1,0.662,259.0,57.1,0.716,447.0,55.0,0.709
600,120,0,0.1,0.5,100000,1,465.0,52.9,0.58,136.0,50.7,0.556,204.0,53.4,0.613
600,120,0,0.1,1.0,100000,0,965.0,42.6,0.718,259.0,45.2,0.775,447.0,41.8,0.722
600,120,0,0.2,0.3,240,1,465.0,69.2,0.722,136.0,65.4,0.613,204.0,73.0,0.921
600,120,0,0.2,0.5,240,0,965.0,59.7,0.752,259.0,61.8,0.804,447.0,62.4,0.95
600,120,0,0.2,1.0,60,1,465.0,44.1,0.713,136.0,39.7,0.607,204.0,46.1,0.976
600,120,1,0.1,0.3,60,0,965.0,59.7,0.601,259.0,61.0,0.747,447.0,70.0,0.976
600,120,1,0.1,0.3,100000,1,442.0,59.7,0.582,123.0,54.5,0.64,243.0,69.1,0.88
600,120,1,0.1,0.5,100000,0,965.0,54.3,0.644,259.0,55.2,0.765,447.0,63.8,0.98
600,120,1,0.1,1.0,240,1,442.0,40.7,0.638,123.0,37.4,0.667,243.0,49.0,1.062
600,120,1,0.2,0.3,240,0,965.0,68.6,0.712,259.0,66.4,0.712,447.0,75.6,1.077
600,120,1,0.2,0.5,60,1,442.0,56.8,0.686,123.0,50.4,0.652,243.0,61.7,1.026
600,120,1,0.2,1.0,60,0,965.0,44.7,0.772,259.0,45.9,0.854,447.0,48.1,0.94
600,120,1,0.2,1.0,100000,1,442.0,45.0,0.747,123.0,40.7,0.723,243.0,49.8,0.999
600,-1,0,0.1,0.3,100000,0,965.0,61.1,0.656,258.0,60.9,0.614,447.0,65.5,0.873
600,-1,0,0.1,0.5,240,1,459.0,52.9,0.583,140.0,47.9,0.511,211.0,57.3,0.805
600,-1,0,0.1,1.0,240,0,965.0,42.1,0.682,258.0,43.4,0.726,447.0,43.0,0.815
600,-1,0,0.2,0.3,60,1,459.0,66.7,0.632,140.0,60.0,0.515,211.0,73.5,0.983
600,-1,0,0.2,0.5,60,0,965.0,55.8,0.686,258.0,55.0,0.639,447.0,61.7,1.018
600,-1,0,0.2,0.5,100000,1,459.0,59.0,0.697,140.0,51.4,0.517,211.0,65.4,1.087
600,-1,0,0.2,1.0,100000,0,965.0,42.8,0.744,258.0,40.3,0.663,447.0,49.7,1.096
600,-1,1,0.1,0.3,240,1,448.0,58.5,0.547,118.0,57.6,0.689,236.0,67.4,0.692
600,-1,1,0.1,0.5,240,0,965.0,53.2,0.626,258.0,56.2,0.799,447.0,60.0,0.79
600,-1,1,0.1,1.0,60,1,448.0,42.4,0.675,118.0,39.0,0.702,236.0,48.3,0.976
600,-1,1,0.2,0.3,60,0,965.0,67.4,0.737,258.0,68.2,0.835,447.0,70.0,0.834
600,-1,1,0.2,0.3,100000,1,448.0,69.2,0.735,118.0,65.3,0.713,236.0,72.5,0.93
600,-1,1,0.2,0.5,100000,0,965.0,61.1,0.803,258.0,65.1,1.024,447.0,62.4,0.901
600,-1,1,0.2,1.0,240,1,448.0,48.0,0.841,118.0,44.1,0.794,236.0,44.1,0.781
600,-2,0,0.1,0.3,240,0,924.0,59.0,0.606,258.0,61.6,0.728,446.0,67.7,0.723
600,-2,0,0.1,0.5,60,1,451.0,52.3,0.562,141.0,50.4,0.568,225.0,58.7,0.69
600,-2,0,0.1,1.0,60,0,924.0,42.2,0.696,258.0,47.7,0.884,446.0,46.4,0.8
600,-2,0,0.1,1.0,100000,1,451.0,41.2,0.635,141.0,40.4,0.641,225.0,45.3,0.814
600,-2,0,0.2,0.3,100000,0,924.0,68.5,0.71,258.0,70.9,0.842,446.0,74.4,0.963
600,-2,0,0.2,0.5,240,1,451.0,61.2,0.743,141.0,58.9,0.71,225.0,64.9,1.075
600,-2,0,0.2,1.0,240,0,924.0,46.4,0.858,258.0,50.0,0.98,446.0,49.6,1.032
600,-2,1,0.1,0.3,60,1,415.0,58.8,0.557,117.0,58.1,0.709,221.0,63.8,0.837
600,-2,1,0.1,0.5,60,0,924.0,55.2,0.677,258.0,55.0,0.686,446.0,59.0,0.977
600,-2,1,0.1,0.5,100000,1,415.0,54.0,0.618,117.0,48.7,0.622,221.0,58.4,0.832
600,-2,1,0.1,1.0,100000,0,924.0,42.3,0.7,258.0,42.6,0.74,446.0,44.8,0.942
600,-2,1,0.2,0.3,240,1,415.0,67.2,0.687,117.0,57.3,0.517,221.0,72.9,0.938
600,-2,1,0.2,0.5,240,0,924.0,57.9,0.708,258.0,57.0,0.687,446.0,61.7,0.954
600,-2,1,0.2,1.0,60,1,415.0,43.4,0.673,117.0,35.9,0.522,221.0,48.0,1.022
630,30,0,0.1,0.3,60,0,957.0,62.9,0.539,259.0,66.4,0.645,447.0,68.7,0.821
630,30,0,0.1,0.3,100000,1,464.0,62.1,0.528,118.0,72.0,0.812,234.0,73.5,1.26
630,30,0,0.1,0.5,100000,0,957.0,57.4,0.63,259.0,57.9,0.655,447.0,60.0,0.814
630,30,0,0.1,1.0,240,1,464.0,42.0,0.648,118.0,44.9,0.713,234.0,52.6,1.123
630,30,0,0.2,0.3,240,0,957.0,72.3,0.802,259.0,74.5,0.876,447.0,71.1,0.67
630,30,0,0.2,0.5,60,1,464.0,55.6,0.704,118.0,62.7,0.927,234.0,63.7,1.179
630,30,0,0.2,1.0,60,0,957.0,44.4,0.743,259.0,49.4,0.955,447.0,46.8,0.776
630,30,0,0.2,1.0,100000,1,464.0,45.9,0.803,118.0,50.0,0.905,234.0,54.7,1.27
630,30,1,0.1,0.3,100000,0,957.0,60.0,0.483,259.0,58.3,0.455,447.0,66.0,0.749
630,30,1,0.1,0.5,240,1,437.0,54.7,0.6,141.0,53.9,0.591,213.0,65.3,1.128
630,30,1,0.1,1.0,240,0,957.0,41.5,0.667,259.0,40.9,0.651,447.0,46.8,1.01
630,30,1,0.2,0.3,60,1,437.0,65.7,0.657,141.0,67.4,0.692,213.0,75.6,1.47
630,30,1,0.2,0.5,60,0,957.0,56.5,0.753,259.0,57.1,0.752,447.0,58.2,0.94
630,30,1,0.2,0.5,100000,1,437.0,59.0,0.757,141.0,62.4,0.804,213.0,68.5,1.397
630,30,1,0.2,1.0,100000,0,957.0,42.5,0.727,259.0,42.5,0.735,447.0,49.2,1.02
630,60,0,0.1,0.3,240,1,456.0,60.5,0.493,124.0,63.7,0.571,229.0,71.6,1.055
630,60,0,0.1,0.5,240,0,967.0,56.6,0.623,258.0,54.3,0.581,446.0,58.5,0.809
630,60,0,0.1,1.0,60,1,456.0,43.0,0.691,124.0,39.5,0.577,229.0,49.8,1.25
630,60,0,0.2,0.3,60,0,967.0,68.5,0.797,258.0,67.4,0.73,446.0,68.6,0.765
630,60,0,0.2,0.3,100000,1,456.0,71.9,0.842,124.0,73.4,0.852,229.0,79.0,1.232
630,60,0,0.2,0.5,100000,0,967.0,63.0,0.887,258.0,62.0,0.8,446.0,61.4,0.779
630,60,0,0.2,1.0,240,1,456.0,46.7,0.878,124.0,47.6,0.888,229.0,53.3,1.111
630,60,1,0.1,0.3,240,0,967.0,60.6,0.487,258.0,62.8,0.533,446.0,68.8,0.825
630,60,1,0.1,0.5,60,1,453.0,54.5,0.589,134.0,58.2,0.683,217.0,66.8,1.263
630,60,1,0.1,1.0,60,0,967.0,40.5,0.601,258.0,46.1,0.799,446.0,48.9,0.92
630,60,1,0.1,1.0,100000,1,453.0,40.4,0.637,134.0,47.0,0.828,217.0,54.8,1.313
630,60,1,0.2,0.3,100000,0,967.0,69.2,0.686,258.0,73.6,0.848,446.0,72.4,0.852
630,60,1,0.2,0.5,240,1,453.0,57.2,0.678,134.0,65.7,0.953,217.0,71.4,1.623
630,60,1,0.2,1.0,240,0,967.0,42.8,0.661,258.0,48.8,0.874,446.0,51.1,1.165
630,120,0,0.1,0.3,60,1,434.0,63.8,0.568,135.0,63.7,0.568,223.0,71.7,1.087
630,120,0,0.1,0.5,60,0,967.0,56.2,0.609,259.0,55.6,0.601,447.0,57.0,0.765
630,120,0,0.1,0.5,100000,1,434.0,56.0,0.613,135.0,57.8,0.644,223.0,64.1,1.178
630,120,0,0.1,1.0,100000,0,967.0,44.2,0.702,259.0,41.7,0.64,447.0,47.4,0.909
630,120,0,0.2,0.3,240,1,434.0,72.1,0.826,135.0,77.0,0.943,223.0,78.0,1.105
630,120,0,0.2,0.5,240,0,967.0,63.2,0.877,259.0,63.7,0.875,447.0,63.3,0.811
630,120,0,0.2,1.0,60,1,434.0,44.7,0.775,135.0,51.1,0.933,223.0,51.1,1.225
630,120,1,0.1,0.3,60,0,967.0,59.5,0.47,259.0,62.2,0.534,447.0,69.1,0.878
630,120,1,0.1,0.3,100000,1,475.0,59.8,0.485,124.0,63.7,0.606,224.0,72.8,1.123
630,120,1,0.1,0.5,100000,0,967.0,53.7,0.562,259.0,55.2,0.613,447.0,61.3,0.906
630,120,1,0.1,1.0,240,1,475.0,40.4,0.651,124.0,47.6,0.84,224.0,52.7,1.261
630,120,1,0.2,0.3,240,0,967.0,68.6,0.689,259.0,72.2,0.818,447.0,73.4,0.917
630,120,1,0.2,0.5,60,1,475.0,53.1,0.64,124.0,58.1,0.788,224.0,65.6,1.408
630,120,1,0.2,1.0,60,0,967.0,41.7,0.627,259.0,42.9,0.717,447.0,49.4,1.036
630,120,1,0.2,1.0,100000,1,475.0,39.4,0.62,124.0,43.5,0.74,224.0,55.4,1.402
630,-1,0,0.1,0.3,100000,0,964.0,62.8,0.551,257.0,65.0,0.633,447.0,68.9,0.821
630,-1,0,0.1,0.5,240,1,456.0,56.8,0.648,137.0,59.1,0.72,210.0,68.6,1.399
630,-1,0,0.1,1.0,240,0,964.0,43.4,0.701,257.0,41.6,0.66,447.0,50.1,1.006
630,-1,0,0.2,0.3,60,1,456.0,67.8,0.772,137.0,71.5,0.817,210.0,79.5,1.622
630,-1,0,0.2,0.5,60,0,964.0,57.4,0.796,257.0,57.2,0.77,447.0,61.3,0.98
630,-1,0,0.2,0.5,100000,1,456.0,60.3,0.792,137.0,62.0,0.779,210.0,71.9,1.31
630,-1,0,0.2,1.0,100000,0,964.0,45.4,0.825,257.0,45.5,0.814,447.0,51.0,0.884
630,-1,1,0.1,0.3,240,1,450.0,60.4,0.485,120.0,61.7,0.506,237.0,70.9,0.986
630,-1,1,0.1,0.5,240,0,964.0,53.8,0.551,257.0,52.9,0.539,447.0,57.0,0.775
630,-1,1,0.1,1.0,60,1,450.0,40.4,0.614,120.0,47.5,0.802,237.0,48.5,1.081
630,-1,1,0.2,0.3,60,0,964.0,66.8,0.686,257.0,68.5,0.735,447.0,66.0,0.71
630,-1,1,0.2,0.3,100000,1,450.0,68.9,0.686,120.0,72.5,0.829,237.0,75.9,1.099
630,-1,1,0.2,0.5,100000,0,964.0,61.1,0.775,257.0,66.1,0.966,447.0,60.2,0.86
630,-1,1,0.2,1.0,240,1,450.0,42.0,0.657,120.0,50.8,0.933,237.0,52.3,1.318
630,-2,0,0.1,0.3,240,0,962.0,61.4,0.513,258.0,64.0,0.584,446.0,66.8,0.779
630,-2,0,0.1,0.5,60,1,462.0,55.4,0.612,130.0,58.5,0.659,232.0,65.5,1.314
630,-2,0,0.1,1.0,60,0,962.0,42.7,0.681,258.0,41.5,0.622,446.0,44.6,0.92
630,-2,0,0.1,1.0,100000,1,462.0,42.6,0.686,130.0,40.8,0.598,232.0,51.7,1.218
630,-2,0,0.2,0.3,100000,0,962.0,71.1,0.805,258.0,72.5,0.777,446.0,72.0,0.75
630,-2,0,0.2,0.5,240,1,462.0,60.4,0.809,130.0,62.3,0.798,232.0,66.8,1.053
630,-2,0,0.2,1.0,240,0,962.0,47.8,0.913,258.0,45.0,0.801,446.0,46.9,0.779
630,-2,1,0.1,0.3,60,1,442.0,63.6,0.562,128.0,61.7,0.563,214.0,71.5,1.077
630,-2,1,0.1,0.5,60,0,962.0,54.1,0.558,258.0,54.3,0.591,446.0,59.4,0.803
630,-2,1,0.1,0.5,100000,1,442.0,55.7,0.618,128.0,56.2,0.655,214.0,66.8,1.214
630,-2,1,0.1,1.0,100000,0,962.0,42.3,0.647,258.0,44.2,0.757,446.0,48.7,0.941
630,-2,1,0.2,0.3,240,1,442.0,68.8,0.686,128.0,72.7,0.834,214.0,78.5,1.397
630,-2,1,0.2,0.5,240,0,962.0,60.3,0.732,258.0,65.9,0.988,446.0,63.7,0.959
630,-2,1,0.2,1.0,60,1,442.0,38.7,0.51,128.0,47.7,0.796,214.0,53.7,1.533
660,30,0,0.1,0.3,60,0,973.0,60.6,0.462,258.0,69.4,0.73,447.0,68.2,0.871
660,30,0,0.1,0.3,100000,1,453.0,55.8,0.359,128.0,68.8,0.649,250.0,72.8,0.895
660,30,0,0.1,0.5,100000,0,973.0,53.8,0.528,258.0,61.2,0.743,447.0,59.7,1.027
660,30,0,0.1,1.0,240,1,453.0,36.4,0.485,128.0,50.8,0.908,250.0,42.8,0.784
660,30,0,0.2,0.3,240,0,973.0,67.3,0.632,258.0,70.2,0.737,447.0,71.1,0.95
660,30,0,0.2,0.5,60,1,453.0,46.8,0.522,128.0,59.4,0.895,250.0,56.0,0.828
660,30,0,0.2,1.0,60,0,973.0,39.8,0.632,258.0,45.7,0.88,447.0,46.8,0.963
660,30,0,0.2,1.0,100000,1,453.0,41.5,0.661,128.0,46.9,0.826,250.0,49.2,0.889
660,30,1,0.1,0.3,100000,0,973.0,64.3,0.563,258.0,65.5,0.593,447.0,73.4,0.883
660,30,1,0.1,0.5,240,1,462.0,52.4,0.507,130.0,53.8,0.559,197.0,64.5,0.89
660,30,1,0.1,1.0,240,0,973.0,44.3,0.729,258.0,40.3,0.633,447.0,47.4,0.924
660,30,1,0.2,0.3,60,1,462.0,61.7,0.586,130.0,60.8,0.577,197.0,73.1,0.789
660,30,1,0.2,0.5,60,0,973.0,56.2,0.791,258.0,50.4,0.582,447.0,59.3,0.899
660,30,1,0.2,0.5,100000,1,462.0,58.7,0.702,130.0,56.2,0.641,197.0,64.0,0.821
660,30,1,0.2,1.0,100000,0,973.0,46.5,0.842,258.0,45.7,0.81,447.0,49.9,1.011
660,60,0,0.1,0.3,240,1,449.0,57.9,0.379,117.0,63.2,0.555,239.0,70.7,0.81
660,60,0,0.1,0.5,240,0,969.0,56.3,0.576,258.0,56.2,0.64,447.0,62.2,1.025
660,60,0,0.1,1.0,60,1,449.0,38.3,0.517,117.0,42.7,0.723,239.0,46.0,0.744
660,60,0,0.2,0.3,60,0,969.0,65.0,0.718,258.0,60.9,0.623,447.0,67.6,0.816
660,60,0,0.2,0.3,100000,1,449.0,68.2,0.631,117.0,66.7,0.634,239.0,74.9,0.927
660,60,0,0.2,0.5,100000,0,969.0,61.2,0.793,258.0,60.9,0.785,447.0,63.1,0.812
660,60,0,0.2,1.0,240,1,449.0,44.5,0.693,117.0,46.2,0.833,239.0,49.4,0.865
660,60,1,0.1,0.3,240,0,969.0,61.5,0.504,258.0,69.0,0.689,447.0,71.6,0.902
660,60,1,0.1,0.5,60,1,463.0,49.2,0.457,141.0,59.6,0.653,208.0,64.9,0.973
660,60,1,0.1,1.0,60,0,969.0,40.5,0.634,258.0,45.3,0.746,447.0,45.2,0.963
660,60,1,0.1,1.0,100000,1,463.0,37.8,0.538,141.0,45.4,0.725,208.0,44.2,0.866
660,60,1,0.2,0.3,100000,0,969.0,67.3,0.652,258.0,70.2,0.689,447.0,73.8,1.098
660,60,1,0.2,0.5,240,1,463.0,54.2,0.603,141.0,58.2,0.668,208.0,61.1,0.881
660,60,1,0.2,1.0,240,0,969.0,43.6,0.729,258.0,46.5,0.825,447.0,49.0,1.057
660,120,0,0.1,0.3,60,1,451.0,59.2,0.43,123.0,62.6,0.525,246.0,71.1,0.79
660,120,0,0.1,0.5,60,0,975.0,58.3,0.662,258.0,55.4,0.627,446.0,61.0,1.008
660,120,0,0.1,0.5,100000,1,451.0,53.4,0.514,123.0,57.7,0.665,246.0,62.2,0.943
660,120,0,0.1,1.0,100000,0,975.0,44.5,0.738,258.0,41.1,0.671,446.0,44.8,0.865
660,120,0,0.2,0.3,240,1,451.0,67.6,0.641,123.0,65.0,0.577,246.0,73.2,0.855
660,120,0,0.2,0.5,240,0,975.0,61.4,0.837,258.0,56.6,0.686,446.0,62.6,0.859
660,120,0,0.2,1.0,60,1,451.0,42.4,0.677,123.0,41.5,0.826,246.0,50.4,0.916
660,120,1,0.1,0.3,60,0,975.0,59.3,0.444,258.0,70.2,0.727,446.0,72.6,0.935
660,120,1,0.1,0.3,100000,1,466.0,55.6,0.355,135.0,66.7,0.577,200.0,75.5,1.008
660,120,1,0.1,0.5,100000,0,975.0,52.7,0.521,258.0,62.0,0.763,446.0,63.2,1.0
660,120,1,0.1,1.0,240,1,466.0,36.7,0.49,135.0,48.1,0.814,200.0,47.0,0.864
660,120,1,0.2,0.3,240,0,975.0,67.2,0.628,258.0,71.7,0.772,446.0,73.3,1.023
660,120,1,0.2,0.5,60,1,466.0,47.4,0.519,135.0,56.3,0.709,200.0,55.0,0.739
660,120,1,0.2,1.0,60,0,975.0,41.4,0.628,258.0,47.3,0.775,446.0,44.6,0.901
660,120,1,0.2,1.0,100000,1,466.0,39.9,0.602,135.0,47.4,0.865,200.0,50.0,0.907
660,-1,0,0.1,0.3,100000,0,977.0,64.4,0.563,257.0,67.7,0.673,447.0,71.6,0.923
660,-1,0,0.1,0.5,240,1,453.0,51.0,0.464,134.0,60.4,0.741,218.0,65.1,1.009
660,-1,0,0.1,1.0,240,0,977.0,45.5,0.755,257.0,45.9,0.812,447.0,45.0,0.87
660,-1,0,0.2,0.3,60,1,453.0,62.3,0.565,134.0,65.7,0.694,218.0,72.0,0.805
660,-1,0,0.2,0.5,60,0,977.0,57.2,0.83,257.0,55.6,0.773,447.0,60.2,0.934
660,-1,0,0.2,0.5,100000,1,453.0,57.8,0.672,134.0,62.7,0.821,218.0,62.4,0.722
660,-1,0,0.2,1.0,100000,0,977.0,45.6,0.823,257.0,47.1,0.881,447.0,49.7,0.917
660,-1,1,0.1,0.3,240,1,466.0,56.4,0.362,123.0,63.4,0.503,229.0,71.2,0.831
660,-1,1,0.1,0.5,240,0,977.0,53.1,0.531,257.0,58.4,0.662,447.0,62.2,0.986
660,-1,1,0.1,1.0,60,1,466.0,33.7,0.424,123.0,41.5,0.621,229.0,45.0,0.837
660,-1,1,0.2,0.3,60,0,977.0,60.8,0.587,257.0,62.3,0.599,447.0,65.8,0.832
660,-1,1,0.2,0.3,100000,1,466.0,64.8,0.568,123.0,68.3,0.626,229.0,75.1,1.052
660,-1,1,0.2,0.5,100000,0,977.0,57.7,0.701,257.0,59.5,0.726,447.0,62.2,0.934
660,-1,1,0.2,1.0,240,1,466.0,42.7,0.654,123.0,43.9,0.753,229.0,48.9,0.963
660,-2,0,0.1,0.3,240,0,957.0,62.9,0.514,257.0,64.6,0.604,447.0,69.4,0.9
660,-2,0,0.1,0.5,60,1,447.0,49.4,0.432,127.0,58.3,0.726,230.0,61.7,0.995
660,-2,0,0.1,1.0,60,0,957.0,42.4,0.684,257.0,42.4,0.724,447.0,44.7,0.928
660,-2,0,0.1,1.0,100000,1,447.0,38.5,0.549,127.0,43.3,0.74,230.0,43.9,0.84
660,-2,0,0.2,0.3,100000,0,957.0,69.6,0.725,257.0,66.5,0.635,447.0,72.9,1.051
660,-2,0,0.2,0.5,240,1,447.0,56.6,0.671,127.0,57.5,0.701,230.0,63.5,0.905
660,-2,0,0.2,1.0,240,0,957.0,46.4,0.842,257.0,44.4,0.779,447.0,49.2,1.106
660,-2,1,0.1,0.3,60,1,454.0,57.7,0.403,130.0,66.2,0.534,217.0,72.8,0.852
660,-2,1,0.1,0.5,60,0,957.0,54.5,0.575,257.0,61.9,0.75,447.0,62.9,0.934
660,-2,1,0.1,0.5,100000,1,454.0,50.7,0.468,130.0,59.2,0.616,217.0,65.0,0.925
660,-2,1,0.1,1.0,100000,0,957.0,42.5,0.657,257.0,47.5,0.8,447.0,46.1,0.835
660,-2,1,0.2,0.3,240,1,454.0,65.4,0.583,130.0,70.8,0.679,217.0,75.6,0.915
660,-2,1,0.2,0.5,240,0,957.0,58.4,0.702,257.0,61.9,0.803,447.0,62.0,0.815
660,-2,1,0.2,1.0,60,1,454.0,42.5,0.565,130.0,50.8,0.886,217.0,46.5,0.767
720,30,0,0.1,0.3,60,0,964.0,63.2,0.524,255.0,67.8,0.654,446.0,71.1,0.973
720,30,0,0.1,0.3,100000,1,478.0,66.9,0.578,127.0,67.7,0.573,224.0,71.9,0.911
720,30,0,0.1,0.5,100000,0,964.0,54.4,0.559,255.0,60.8,0.721,446.0,63.7,0.979
720,30,0,0.1,1.0,240,1,478.0,43.1,0.67,127.0,41.7,0.594,224.0,45.5,0.82
720,30,0,0.2,0.3,240,0,964.0,66.6,0.614,255.0,71.4,0.804,446.0,74.4,1.139
720,30,0,0.2,0.5,60,1,478.0,50.0,0.692,127.0,48.0,0.628,224.0,57.1,1.014
720,30,0,0.2,1.0,60,0,964.0,41.9,0.638,255.0,44.3,0.907,446.0,46.6,1.055
720,30,0,0.2,1.0,100000,1,478.0,45.6,0.758,127.0,41.7,0.646,224.0,48.7,0.998
720,30,1,0.1,0.3,100000,0,964.0,65.0,0.541,255.0,65.1,0.532,446.0,71.5,0.812
720,30,1,0.1,0.5,240,1,428.0,56.3,0.588,128.0,59.4,0.631,222.0,64.9,0.853
720,30,1,0.1,1.0,240,0,964.0,43.6,0.713,255.0,43.1,0.682,446.0,45.1,0.81
720,30,1,0.2,0.3,60,1,428.0,62.1,0.647,128.0,57.0,0.556,222.0,65.3,0.818
720,30,1,0.2,0.5,60,0,964.0,50.5,0.713,255.0,49.0,0.636,446.0,53.6,0.843
720,30,1,0.2,0.5,100000,1,428.0,58.9,0.731,128.0,56.2,0.678,222.0,61.7,0.824
720,30,1,0.2,1.0,100000,0,964.0,45.9,0.824,255.0,43.5,0.709,446.0,49.1,0.969
720,60,0,0.1,0.3,240,1,458.0,66.2,0.564,129.0,69.8,0.653,240.0,73.3,0.803
720,60,0,0.1,0.5,240,0,966.0,55.4,0.583,256.0,60.5,0.713,447.0,64.4,0.948
720,60,0,0.1,1.0,60,1,458.0,43.0,0.653,129.0,40.3,0.558,240.0,47.1,0.78
720,60,0,0.2,0.3,60,0,966.0,56.8,0.61,256.0,60.9,0.723,447.0,67.8,1.249
720,60,0,0.2,0.3,100000,1,458.0,69.4,0.66,129.0,67.4,0.636,240.0,76.2,1.185
720,60,0,0.2,0.5,100000,0,966.0,58.8,0.767,256.0,57.4,0.721,447.0,62.4,0.974
720,60,0,0.2,1.0,240,1,458.0,48.9,0.867,129.0,39.5,0.55,240.0,53.8,1.184
720,60,1,0.1,0.3,240,0,966.0,64.6,0.531,256.0,64.8,0.519,447.0,70.2,0.834
720,60,1,0.1,0.5,60,1,450.0,55.6,0.595,127.0,55.9,0.565,207.0,61.8,0.9
720,60,1,0.1,1.0,60,0,966.0,42.1,0.642,256.0,42.2,0.642,447.0,42.3,0.781
720,60,1,0.1,1.0,100000,1,450.0,42.7,0.657,127.0,44.1,0.701,207.0,44.9,0.805
720,60,1,0.2,0.3,100000,0,966.0,67.0,0.639,256.0,70.7,0.795,447.0,72.7,0.909
720,60,1,0.2,0.5,240,1,450.0,58.0,0.706,127.0,55.9,0.695,207.0,59.4,0.786
720,60,1,0.2,1.0,240,0,966.0,42.2,0.7,256.0,44.5,0.806,447.0,44.1,0.819
720,120,0,0.1,0.3,60,1,429.0,65.7,0.566,120.0,62.5,0.48,244.0,69.3,0.744
720,120,0,0.1,0.5,60,0,972.0,53.0,0.545,256.0,55.1,0.616,447.0,60.4,0.84
720,120,0,0.1,0.5,100000,1,429.0,56.6,0.585,120.0,55.0,0.523,244.0,63.1,0.774
720,120,0,0.1,1.0,100000,0,972.0,42.7,0.666,256.0,41.4,0.644,447.0,45.0,0.77
720,120,0,0.2,0.3,240,1,429.0,70.9,0.701,120.0,65.8,0.574,244.0,73.0,0.857
720,120,0,0.2,0.5,240,0,972.0,58.1,0.735,256.0,57.4,0.744,447.0,59.7,0.835
720,120,0,0.2,1.0,60,1,429.0,45.9,0.652,120.0,43.3,0.643,244.0,49.6,0.93
720,120,1,0.1,0.3,60,0,972.0,62.6,0.516,256.0,68.8,0.636,447.0,74.0,1.052
720,120,1,0.1,0.3,100000,1,485.0,65.6,0.553,136.0,73.5,0.734,203.0,75.9,1.024
720,120,1,0.1,0.5,100000,0,972.0,55.6,0.603,256.0,60.2,0.681,447.0,64.9,1.121
720,120,1,0.1,1.0,240,1,485.0,44.1,0.723,136.0,44.9,0.723,203.0,45.8,0.857
720,120,1,0.2,0.3,240,0,972.0,67.5,0.656,256.0,70.7,0.767,447.0,75.2,1.199
720,120,1,0.2,0.5,60,1,485.0,52.4,0.72,136.0,47.8,0.644,203.0,52.2,0.755
720,120,1,0.2,1.0,60,0,972.0,43.6,0.685,256.0,44.9,0.709,447.0,45.0,0.825
720,120,1,0.2,1.0,100000,1,485.0,44.9,0.776,136.0,40.4,0.521,203.0,50.2,1.116
720,-1,0,0.1,0.3,100000,0,969.0,64.4,0.551,255.0,66.7,0.581,447.0,68.0,0.701
720,-1,0,0.1,0.5,240,1,434.0,54.1,0.551,129.0,58.9,0.613,213.0,62.9,0.816
720,-1,0,0.1,1.0,240,0,969.0,40.9,0.637,255.0,42.7,0.666,447.0,41.2,0.714
720,-1,0,0.2,0.3,60,1,434.0,60.4,0.643,129.0,62.0,0.646,213.0,67.6,0.922
720,-1,0,0.2,0.5,60,0,969.0,47.8,0.653,255.0,50.2,0.726,447.0,50.1,0.773
720,-1,0,0.2,0.5,100000,1,434.0,57.6,0.699,129.0,57.4,0.63,213.0,59.2,0.805
720,-1,0,0.2,1.0,100000,0,969.0,43.7,0.791,255.0,49.0,0.927,447.0,43.6,0.87
720,-1,1,0.1,0.3,240,1,477.0,66.5,0.547,126.0,68.3,0.588,234.0,76.9,1.16
720,-1,1,0.1,0.5,240,0,969.0,57.4,0.623,255.0,60.0,0.695,447.0,66.4,1.122
720,-1,1,0.1,1.0,60,1,477.0,45.7,0.718,126.0,44.4,0.67,234.0,47.4,0.783
720,-1,1,0.2,0.3,60,0,969.0,59.2,0.62,255.0,60.4,0.675,447.0,69.1,1.263
720,-1,1,0.2,0.3,100000,1,477.0,71.1,0.696,126.0,64.3,0.579,234.0,77.8,1.07
720,-1,1,0.2,0.5,100000,0,969.0,58.8,0.742,255.0,57.3,0.774,447.0,64.7,1.065
720,-1,1,0.2,1.0,240,1,477.0,47.4,0.778,126.0,34.9,0.461,234.0,53.8,1.133
720,-2,0,0.1,0.3,240,0,970.0,63.6,0.514,256.0,64.5,0.544,447.0,69.8,0.731
720,-2,0,0.1,0.5,60,1,445.0,53.3,0.557,114.0,53.5,0.516,226.0,62.4,0.723
720,-2,0,0.1,1.0,60,0,970.0,40.0,0.619,256.0,39.5,0.602,447.0,44.1,0.77
720,-2,0,0.1,1.0,100000,1,445.0,42.5,0.652,114.0,36.8,0.487,226.0,45.6,0.728
720,-2,0,0.2,0.3,100000,0,970.0,67.9,0.681,256.0,69.9,0.777,447.0,72.7,0.971
720,-2,0,0.2,0.5,240,1,445.0,60.7,0.834,114.0,54.4,0.591,226.0,62.8,0.957
720,-2,0,0.2,1.0,240,0,970.0,47.1,0.924,256.0,48.4,0.939,447.0,46.5,0.91
720,-2,1,0.1,0.3,60,1,467.0,66.8,0.58,142.0,70.4,0.645,221.0,75.1,1.101
720,-2,1,0.1,0.5,60,0,970.0,54.9,0.596,256.0,60.9,0.714,447.0,62.4,1.054
720,-2,1,0.1,0.5,100000,1,467.0,57.6,0.616,142.0,60.6,0.663,221.0,67.4,1.237
720,-2,1,0.1,1.0,100000,0,970.0,42.9,0.688,256.0,47.3,0.81,447.0,45.4,0.935
720,-2,1,0.2,0.3,240,1,467.0,68.7,0.605,142.0,67.6,0.626,221.0,76.0,0.986
720,-2,1,0.2,0.5,240,0,970.0,56.0,0.663,256.0,59.0,0.786,447.0,61.5,0.988
720,-2,1,0.2,1.0,60,1,467.0,45.8,0.635,142.0,38.7,0.488,221.0,48.4,0.801
780,30,0,0.1,0.3,60,0,949.0,63.1,0.511,255.0,63.5,0.54,441.0,66.4,0.696
780,30,0,0.1,0.3,100000,1,441.0,66.7,0.551,129.0,62.8,0.476,240.0,71.2,1.016
780,30,0,0.1,0.5,100000,0,949.0,57.5,0.652,255.0,56.5,0.599,441.0,57.6,0.704
780,30,0,0.1,1.0,240,1,441.0,42.0,0.667,129.0,34.9,0.458,240.0,44.2,0.799
780,30,0,0.2,0.3,240,0,949.0,68.8,0.767,255.0,62.4,0.574,441.0,66.7,0.72
780,30,0,0.2,0.5,60,1,441.0,48.5,0.706,129.0,41.9,0.532,240.0,48.3,0.746
780,30,0,0.2,1.0,60,0,949.0,43.7,0.733,255.0,40.8,0.629,441.0,39.5,0.54
780,30,0,0.2,1.0,100000,1,441.0,49.0,0.918,129.0,37.2,0.531,240.0,45.8,0.684
780,30,1,0.1,0.3,100000,0,949.0,63.2,0.503,255.0,73.3,0.813,441.0,73.2,1.121
780,30,1,0.1,0.5,240,1,451.0,54.3,0.57,126.0,58.7,0.683,201.0,66.2,1.321
780,30,1,0.1,1.0,240,0,949.0,39.9,0.619,255.0,47.5,0.848,441.0,50.6,1.182
780,30,1,0.2,0.3,60,1,451.0,54.8,0.622,126.0,54.8,0.656,201.0,67.2,1.289
780,30,1,0.2,0.5,60,0,949.0,45.2,0.643,255.0,47.1,0.781,441.0,57.6,1.364
780,30,1,0.2,0.5,100000,1,451.0,54.5,0.783,126.0,50.0,0.608,201.0,67.2,1.398
780,30,1,0.2,1.0,100000,0,949.0,42.0,0.733,255.0,48.6,0.892,441.0,52.6,1.409
780,60,0,0.1,0.3,240,1,449.0,66.4,0.554,126.0,57.1,0.394,238.0,75.6,1.302
780,60,0,0.1,0.5,240,0,949.0,56.0,0.6,255.0,54.5,0.574,441.0,63.3,0.966
780,60,0,0.1,1.0,60,1,449.0,39.4,0.604,126.0,34.1,0.503,238.0,49.2,1.15
780,60,0,0.2,0.3,60,0,949.0,56.6,0.63,255.0,49.4,0.555,441.0,64.2,0.966
780,60,0,0.2,0.3,100000,1,449.0,66.1,0.735,126.0,56.3,0.455,238.0,72.7,1.045
780,60,0,0.2,0.5,100000,0,949.0,54.2,0.69,255.0,51.0,0.607,441.0,61.0,0.967
780,60,0,0.2,1.0,240,1,449.0,46.1,0.865,126.0,32.5,0.424,238.0,50.8,1.02
780,60,1,0.1,0.3,240,0,949.0,64.0,0.525,255.0,74.5,0.814,441.0,66.9,0.752
780,60,1,0.1,0.5,60,1,443.0,53.5,0.58,129.0,58.1,0.724,203.0,58.1,0.973
780,60,1,0.1,1.0,60,0,949.0,41.4,0.656,255.0,45.5,0.778,441.0,42.2,0.778
780,60,1,0.1,1.0,100000,1,443.0,40.4,0.644,129.0,45.7,0.764,203.0,46.3,0.927
780,60,1,0.2,0.3,100000,0,949.0,68.1,0.752,255.0,71.8,0.893,441.0,70.1,0.934
780,60,1,0.2,0.5,240,1,443.0,56.7,0.83,129.0,55.8,0.743,203.0,61.1,0.872
780,60,1,0.2,1.0,240,0,949.0,45.3,0.796,255.0,52.5,1.057,441.0,47.6,0.93
780,120,0,0.1,0.3,60,1,467.0,64.7,0.537,131.0,58.8,0.421,230.0,70.0,0.99
780,120,0,0.1,0.5,60,0,954.0,54.0,0.571,255.0,52.5,0.568,444.0,59.2,0.813
780,120,0,0.1,0.5,100000,1,467.0,57.2,0.624,131.0,51.9,0.481,230.0,63.5,0.887
780,120,0,0.1,1.0,100000,0,954.0,40.9,0.633,255.0,39.2,0.568,444.0,43.7,0.748
780,120,0,0.2,0.3,240,1,467.0,69.0,0.791,131.0,56.5,0.419,230.0,70.0,0.776
780,120,0,0.2,0.5,240,0,954.0,56.4,0.745,255.0,53.3,0.642,444.0,57.7,0.739
780,120,0,0.2,1.0,60,1,467.0,41.5,0.717,131.0,35.9,0.578,230.0,45.7,0.681
780,120,1,0.1,0.3,60,0,954.0,62.8,0.528,255.0,71.4,0.803,444.0,70.0,0.931
780,120,1,0.1,0.3,100000,1,430.0,63.3,0.503,124.0,70.2,0.735,214.0,72.0,1.197
780,120,1,0.1,0.5,100000,0,954.0,55.8,0.601,255.0,63.5,0.829,444.0,61.5,1.018
780,120,1,0.1,1.0,240,1,430.0,40.7,0.658,124.0,43.5,0.702,214.0,51.4,1.273
780,120,1,0.2,0.3,240,0,954.0,65.8,0.699,255.0,69.4,0.847,444.0,72.5,1.184
780,120,1,0.2,0.5,60,1,430.0,45.8,0.707,124.0,41.9,0.656,214.0,53.7,1.188
780,120,1,0.2,1.0,60,0,954.0,39.1,0.66,255.0,44.7,0.758,444.0,46.8,1.218
780,120,1,0.2,1.0,100000,1,430.0,44.0,0.839,124.0,40.3,0.614,214.0,54.2,1.452
780,-1,0,0.1,0.3,100000,0,958.0,64.6,0.523,256.0,67.2,0.556,444.0,71.6,0.938
780,-1,0,0.1,0.5,240,1,444.0,56.8,0.595,129.0,57.4,0.599,215.0,65.6,1.103
780,-1,0,0.1,1.0,240,0,958.0,41.1,0.637,256.0,47.3,0.774,444.0,49.1,1.011
780,-1,0,0.2,0.3,60,1,444.0,58.6,0.69,129.0,55.8,0.623,215.0,62.3,0.957
780,-1,0,0.2,0.5,60,0,958.0,48.9,0.675,256.0,50.0,0.795,444.0,53.6,0.934
780,-1,0,0.2,0.5,100000,1,444.0,57.7,0.776,129.0,51.2,0.597,215.0,63.3,1.054
780,-1,0,0.2,1.0,100000,0,958.0,43.2,0.737,256.0,46.5,0.824,444.0,45.9,0.847
780,-1,1,0.1,0.3,240,1,457.0,65.0,0.545,127.0,67.7,0.663,229.0,69.0,0.998
780,-1,1,0.1,0.5,240,0,958.0,54.8,0.589,256.0,58.6,0.688,444.0,58.8,0.831
780,-1,1,0.1,1.0,60,1,457.0,38.7,0.61,127.0,32.3,0.522,229.0,42.8,0.859
780,-1,1,0.2,0.3,60,0,958.0,56.5,0.639,256.0,53.1,0.61,444.0,63.1,0.989
780,-1,1,0.2,0.3,100000,1,457.0,66.1,0.761,127.0,59.1,0.534,229.0,72.5,1.049
780,-1,1,0.2,0.5,100000,0,958.0,55.6,0.758,256.0,55.1,0.734,444.0,59.5,0.921
780,-1,1,0.2,1.0,240,1,457.0,46.6,0.898,127.0,39.4,0.52,229.0,52.0,1.104
780,-2,0,0.1,0.3,240,0,957.0,65.0,0.543,256.0,66.8,0.57,443.0,72.0,0.946
780,-2,0,0.1,0.5,60,1,434.0,55.3,0.642,113.0,52.2,0.557,230.0,60.9,0.91
780,-2,0,0.1,1.0,60,0,957.0,41.3,0.671,256.0,41.8,0.712,443.0,45.4,0.904
780,-2,0,0.1,1.0,100000,1,434.0,43.1,0.708,113.0,39.8,0.584,230.0,49.1,1.09
780,-2,0,0.2,0.3,100000,0,957.0,67.8,0.769,256.0,64.8,0.631,443.0,70.2,0.887
780,-2,0,0.2,0.5,240,1,434.0,58.1,0.858,113.0,49.6,0.525,230.0,61.7,0.983
780,-2,0,0.2,1.0,240,0,957.0,45.7,0.869,256.0,45.7,0.718,443.0,44.9,0.764
780,-2,1,0.1,0.3,60,1,467.0,61.5,0.465,143.0,69.2,0.712,213.0,69.5,1.045
780,-2,1,0.1,0.5,60,0,957.0,52.6,0.546,256.0,56.2,0.638,443.0,58.2,0.889
780,-2,1,0.1,0.5,100000,1,467.0,54.2,0.557,143.0,58.0,0.652,213.0,62.9,1.176
780,-2,1,0.1,1.0,100000,0,957.0,39.1,0.589,256.0,43.0,0.676,443.0,45.6,0.863
780,-2,1,0.2,0.3,240,1,467.0,66.2,0.718,143.0,62.9,0.642,213.0,74.6,1.196
780,-2,1,0.2,0.5,240,0,957.0,54.1,0.682,256.0,56.6,0.8,443.0,60.3,0.913
780,-2,1,0.2,1.0,60,1,467.0,39.2,0.682,143.0,37.1,0.619,213.0,48.4,1.066
840,30,0,0.1,0.3,60,0,931.0,59.8,0.536,254.0,65.4,0.666,442.0,64.5,0.783
840,30,0,0.1,0.3,100000,1,429.0,62.5,0.567,119.0,65.5,0.623,230.0,62.6,0.718
840,30,0,0.1,0.5,100000,0,931.0,53.3,0.633,254.0,58.7,0.718,442.0,57.5,0.856
840,30,0,0.1,1.0,240,1,429.0,42.4,0.778,119.0,40.3,0.604,230.0,47.4,1.244
840,30,0,0.2,0.3,240,0,931.0,59.2,0.711,254.0,60.2,0.714,442.0,63.8,0.908
840,30,0,0.2,0.5,60,1,429.0,48.3,0.789,119.0,38.7,0.511,230.0,51.3,1.095
840,30,0,0.2,1.0,60,0,931.0,39.0,0.66,254.0,39.4,0.614,442.0,45.7,1.041
840,30,0,0.2,1.0,100000,1,429.0,45.2,0.889,119.0,42.9,0.668,230.0,49.1,1.346
840,30,1,0.1,0.3,100000,0,931.0,60.9,0.5,254.0,59.4,0.47,442.0,69.2,0.916
840,30,1,0.1,0.5,240,1,450.0,53.1,0.562,135.0,46.7,0.484,212.0,59.9,0.987
840,30,1,0.1,1.0,240,0,931.0,41.2,0.645,254.0,42.1,0.694,442.0,47.1,0.823
840,30,1,0.2,0.3,60,1,450.0,51.6,0.554,135.0,49.6,0.596,212.0,60.8,1.047
840,30,1,0.2,0.5,60,0,931.0,45.6,0.619,254.0,45.7,0.704,442.0,50.5,0.825
840,30,1,0.2,0.5,100000,1,450.0,50.7,0.699,135.0,46.7,0.663,212.0,61.8,1.071
840,30,1,0.2,1.0,100000,0,931.0,42.2,0.655,254.0,42.1,0.708,442.0,47.5,0.719
840,60,0,0.1,0.3,240,1,445.0,59.1,0.48,117.0,58.1,0.438,233.0,62.7,0.795
840,60,0,0.1,0.5,240,0,942.0,50.8,0.564,254.0,57.5,0.662,441.0,58.3,0.846
840,60,0,0.1,1.0,60,1,445.0,40.0,0.647,117.0,36.8,0.546,233.0,47.2,1.185
840,60,0,0.2,0.3,60,0,942.0,48.6,0.549,254.0,52.4,0.599,441.0,59.0,0.874
840,60,0,0.2,0.3,100000,1,445.0,58.7,0.661,117.0,57.3,0.546,233.0,64.8,1.116
840,60,0,0.2,0.5,100000,0,942.0,47.2,0.653,254.0,51.2,0.741,441.0,56.9,1.044
840,60,0,0.2,1.0,240,1,445.0,44.0,0.825,117.0,40.2,0.595,233.0,50.6,1.382
840,60,1,0.1,0.3,240,0,942.0,63.6,0.566,254.0,61.8,0.532,441.0,69.6,0.927
840,60,1,0.1,0.5,60,1,443.0,53.7,0.623,137.0,48.9,0.635,208.0,53.8,0.967
840,60,1,0.1,1.0,60,0,942.0,43.8,0.708,254.0,38.2,0.661,441.0,43.8,0.848
840,60,1,0.1,1.0,100000,1,443.0,44.9,0.797,137.0,39.4,0.589,208.0,48.6,1.187
840,60,1,0.2,0.3,100000,0,942.0,60.4,0.675,254.0,56.7,0.627,441.0,63.7,0.703
840,60,1,0.2,0.5,240,1,443.0,53.3,0.829,137.0,46.7,0.633,208.0,57.7,0.919
840,60,1,0.2,1.0,240,0,942.0,44.6,0.732,254.0,42.9,0.762,441.0,46.0,0.736
840,120,0,0.1,0.3,60,1,449.0,60.6,0.519,114.0,50.9,0.349,231.0,60.6,0.831
840,120,0,0.1,0.5,60,0,935.0,49.9,0.583,254.0,49.6,0.527,443.0,55.1,0.859
840,120,0,0.1,0.5,100000,1,449.0,54.1,0.621,114.0,46.5,0.405,231.0,57.1,0.868
840,120,0,0.1,1.0,100000,0,935.0,41.1,0.672,254.0,37.0,0.561,443.0,48.5,1.052
840,120,0,0.2,0.3,240,1,449.0,60.4,0.67,114.0,52.6,0.407,231.0,63.6,0.933
840,120,0,0.2,0.5,240,0,935.0,49.3,0.683,254.0,45.3,0.573,443.0,57.6,1.032
840,120,0,0.2,1.0,60,1,449.0,44.1,0.672,114.0,34.2,0.37,231.0,47.6,1.259
840,120,1,0.1,0.3,60,0,935.0,58.7,0.489,254.0,63.0,0.665,443.0,65.9,0.857
840,120,1,0.1,0.3,100000,1,432.0,61.1,0.495,140.0,64.3,0.659,212.0,65.1,0.906
840,120,1,0.1,0.5,100000,0,935.0,52.8,0.584,254.0,58.3,0.755,443.0,59.1,0.84
840,120,1,0.1,1.0,240,1,432.0,43.3,0.76,140.0,44.3,0.756,212.0,45.3,1.041
840,120,1,0.2,0.3,240,0,935.0,58.4,0.651,254.0,61.4,0.801,443.0,64.1,0.731
840,120,1,0.2,0.5,60,1,432.0,46.5,0.766,140.0,42.9,0.776,212.0,53.8,0.982
840,120,1,0.2,1.0,60,0,935.0,41.4,0.693,254.0,43.3,0.923,443.0,44.2,0.796
840,120,1,0.2,1.0,100000,1,432.0,45.6,0.825,140.0,47.1,0.83,212.0,45.3,0.871
840,-1,0,0.1,0.3,100000,0,944.0,60.2,0.461,255.0,60.0,0.428,443.0,66.1,0.807
840,-1,0,0.1,0.5,240,1,432.0,52.8,0.554,130.0,48.5,0.436,207.0,54.1,0.891
840,-1,0,0.1,1.0,240,0,944.0,39.7,0.588,255.0,39.2,0.593,443.0,43.8,0.868
840,-1,0,0.2,0.3,60,1,432.0,53.0,0.57,130.0,46.9,0.499,207.0,53.6,0.781
840,-1,0,0.2,0.5,60,0,944.0,42.7,0.548,255.0,43.1,0.585,443.0,46.7,0.855
840,-1,0,0.2,0.5,100000,1,432.0,51.2,0.689,130.0,46.2,0.586,207.0,54.6,1.095
840,-1,0,0.2,1.0,100000,0,944.0,38.7,0.569,255.0,41.6,0.714,443.0,44.0,0.924
840,-1,1,0.1,0.3,240,1,458.0,63.5,0.579,125.0,63.2,0.666,236.0,67.4,0.973
840,-1,1,0.1,0.5,240,0,944.0,54.1,0.668,255.0,58.0,0.77,443.0,61.2,0.854
840,-1,1,0.1,1.0,60,1,458.0,43.2,0.761,125.0,40.0,0.705,236.0,48.3,1.247
840,-1,1,0.2,0.3,60,0,944.0,54.2,0.704,255.0,51.8,0.688,443.0,60.9,0.851
840,-1,1,0.2,0.3,100000,1,458.0,60.9,0.797,125.0,55.2,0.6,236.0,66.9,0.891
840,-1,1,0.2,0.5,100000,0,944.0,52.9,0.855,255.0,52.2,0.777,443.0,59.4,0.918
840,-1,1,0.2,1.0,240,1,458.0,47.4,0.95,125.0,41.6,0.609,236.0,52.1,1.077
840,-2,0,0.1,0.3,240,0,942.0,62.7,0.531,255.0,64.7,0.526,440.0,67.3,0.87
840,-2,0,0.1,0.5,60,1,434.0,53.0,0.602,115.0,49.6,0.517,232.0,52.2,0.887
840,-2,0,0.1,1.0,60,0,942.0,39.8,0.62,255.0,40.8,0.602,440.0,43.2,0.879
840,-2,0,0.1,1.0,100000,1,434.0,45.2,0.761,115.0,40.0,0.614,232.0,47.8,1.241
840,-2,0,0.2,0.3,100000,0,942.0,59.7,0.651,255.0,58.4,0.639,440.0,62.7,0.737
840,-2,0,0.2,0.5,240,1,434.0,53.0,0.768,115.0,48.7,0.62,232.0,57.3,1.116
840,-2,0,0.2,1.0,240,0,942.0,43.2,0.72,255.0,41.2,0.665,440.0,47.0,0.91
840,-2,1,0.1,0.3,60,1,455.0,57.6,0.494,140.0,54.3,0.539,208.0,62.0,0.891
840,-2,1,0.1,0.5,60,0,942.0,50.1,0.589,255.0,50.6,0.661,440.0,56.8,0.853
840,-2,1,0.1,0.5,100000,1,455.0,51.6,0.59,140.0,50.0,0.581,208.0,59.1,0.929
840,-2,1,0.1,1.0,100000,0,942.0,40.6,0.689,255.0,42.4,0.692,440.0,46.4,0.844
840,-2,1,0.2,0.3,240,1,455.0,57.4,0.644,140.0,55.0,0.609,208.0,65.4,0.874
840,-2,1,0.2,0.5,240,0,942.0,48.7,0.712,255.0,50.6,0.727,440.0,56.8,0.897
840,-2,1,0.2,1.0,60,1,455.0,42.9,0.739,140.0,36.4,0.581,208.0,51.4,1.227
900,30,0,0.1,0.3,60,0,925.0,53.2,0.42,243.0,55.1,0.488,431.0,67.3,0.647
900,30,0,0.1,0.3,100000,1,461.0,53.6,0.426,114.0,52.6,0.389,244.0,68.9,0.838
900,30,0,0.1,0.5,100000,0,925.0,45.8,0.494,243.0,50.6,0.64,431.0,58.2,0.706
900,30,0,0.1,1.0,240,1,461.0,39.9,0.546,114.0,37.7,0.558,244.0,47.1,0.933
900,30,0,0.2,0.3,240,0,925.0,48.0,0.537,243.0,49.0,0.578,431.0,58.0,0.675
900,30,0,0.2,0.5,60,1,461.0,44.3,0.556,114.0,39.5,0.515,244.0,50.4,0.793
900,30,0,0.2,1.0,60,0,925.0,39.0,0.532,243.0,42.4,0.661,431.0,46.9,0.868
900,30,0,0.2,1.0,100000,1,461.0,41.4,0.549,114.0,38.6,0.553,244.0,48.8,0.98
900,30,1,0.1,0.3,100000,0,925.0,58.6,0.531,243.0,61.7,0.585,431.0,61.9,0.771
900,30,1,0.1,0.5,240,1,409.0,51.3,0.672,129.0,47.3,0.529,187.0,54.0,0.904
900,30,1,0.1,1.0,240,0,925.0,40.1,0.622,243.0,43.6,0.668,431.0,43.9,0.95
900,30,1,0.2,0.3,60,1,409.0,51.6,0.676,129.0,45.0,0.481,187.0,58.3,0.873
900,30,1,0.2,0.5,60,0,925.0,43.4,0.642,243.0,44.9,0.615,431.0,49.2,0.843
900,30,1,0.2,0.5,100000,1,409.0,45.0,0.679,129.0,41.9,0.547,187.0,51.9,1.011
900,30,1,0.2,1.0,100000,0,925.0,40.6,0.685,243.0,42.8,0.703,431.0,46.4,0.94
900,60,0,0.1,0.3,240,1,463.0,54.0,0.431,120.0,55.0,0.468,232.0,72.4,0.95
900,60,0,0.1,0.5,240,0,935.0,46.5,0.529,246.0,52.8,0.73,432.0,60.0,0.798
900,60,0,0.1,1.0,60,1,463.0,39.7,0.573,120.0,40.8,0.651,232.0,50.4,1.157
900,60,0,0.2,0.3,60,0,935.0,47.2,0.561,246.0,51.2,0.67,432.0,60.2,0.816
900,60,0,0.2,0.3,100000,1,463.0,47.1,0.536,120.0,48.3,0.559,232.0,61.6,0.892
900,60,0,0.2,0.5,100000,0,935.0,41.0,0.562,246.0,45.5,0.683,432.0,53.7,0.965
900,60,0,0.2,1.0,240,1,463.0,41.5,0.622,120.0,41.7,0.645,232.0,52.6,1.29
900,60,1,0.1,0.3,240,0,935.0,56.9,0.491,246.0,59.3,0.518,432.0,59.3,0.641
900,60,1,0.1,0.5,60,1,418.0,49.8,0.617,126.0,44.4,0.451,200.0,52.0,0.825
900,60,1,0.1,1.0,60,0,935.0,39.8,0.566,246.0,41.5,0.598,432.0,40.7,0.772
900,60,1,0.1,1.0,100000,1,418.0,40.7,0.608,126.0,38.1,0.502,200.0,42.0,0.882
900,60,1,0.2,0.3,100000,0,935.0,50.8,0.608,246.0,47.2,0.5,432.0,53.7,0.684
900,60,1,0.2,0.5,240,1,418.0,44.5,0.611,126.0,40.5,0.495,200.0,48.0,0.794
900,60,1,0.2,1.0,240,0,935.0,41.1,0.609,246.0,40.2,0.602,432.0,42.8,0.71
900,120,0,0.1,0.3,60,1,459.0,57.1,0.49,107.0,56.1,0.45,233.0,70.0,0.856
900,120,0,0.1,0.5,60,0,935.0,48.3,0.585,246.0,53.3,0.681,432.0,56.9,0.762
900,120,0,0.1,0.5,100000,1,459.0,49.0,0.58,107.0,52.3,0.612,233.0,58.4,0.912
900,120,0,0.1,1.0,100000,0,935.0,39.4,0.628,246.0,44.7,0.683,432.0,46.1,0.873
900,120,0,0.2,0.3,240,1,459.0,49.2,0.605,107.0,50.5,0.508,233.0,59.7,0.896
900,120,0,0.2,0.5,240,0,935.0,43.3,0.684,246.0,46.7,0.625,432.0,50.0,0.874
900,120,0,0.2,1.0,60,1,459.0,43.8,0.786,107.0,44.9,0.612,233.0,48.9,1.169
900,120,1,0.1,0.3,60,0,935.0,55.0,0.444,246.0,57.3,0.525,432.0,60.9,0.642
900,120,1,0.1,0.3,100000,1,421.0,53.7,0.467,139.0,54.0,0.427,199.0,63.3,0.735
900,120,1,0.1,0.5,100000,0,935.0,47.2,0.513,246.0,48.4,0.587,432.0,54.4,0.805
900,120,1,0.1,1.0,240,1,421.0,38.7,0.518,139.0,36.0,0.545,199.0,45.7,1.049
900,120,1,0.2,0.3,240,0,935.0,48.9,0.539,246.0,45.5,0.534,432.0,56.2,0.696
900,120,1,0.2,0.5,60,1,421.0,42.0,0.492,139.0,38.1,0.558,199.0,52.3,0.89
900,120,1,0.2,1.0,60,0,935.0,38.7,0.489,246.0,38.2,0.653,432.0,46.5,0.781
900,120,1,0.2,1.0,100000,1,421.0,39.4,0.474,139.0,36.0,0.55,199.0,49.2,0.896
900,-1,0,0.1,0.3,100000,0,939.0,55.8,0.486,248.0,58.5,0.558,432.0,67.1,0.829
900,-1,0,0.1,0.5,240,1,442.0,47.7,0.551,125.0,53.6,0.602,202.0,58.9,1.04
900,-1,0,0.1,1.0,240,0,939.0,37.5,0.553,248.0,40.7,0.659,432.0,45.6,1.021
900,-1,0,0.2,0.3,60,1,442.0,49.3,0.576,125.0,50.4,0.49,202.0,59.4,1.021
900,-1,0,0.2,0.5,60,0,939.0,41.5,0.571,248.0,41.9,0.593,432.0,49.5,1.037
900,-1,0,0.2,0.5,100000,1,442.0,44.8,0.634,125.0,41.6,0.521,202.0,50.0,1.122
900,-1,0,0.2,1.0,100000,0,939.0,39.0,0.605,248.0,39.9,0.64,432.0,45.8,1.243
900,-1,1,0.1,0.3,240,1,442.0,55.9,0.491,123.0,52.0,0.437,230.0,64.3,0.682
900,-1,1,0.1,0.5,240,0,939.0,48.6,0.545,248.0,49.6,0.594,432.0,54.4,0.707
900,-1,1,0.1,1.0,60,1,442.0,40.7,0.58,123.0,37.4,0.529,230.0,46.5,0.883
900,-1,1,0.2,0.3,60,0,939.0,50.1,0.61,248.0,49.2,0.608,432.0,56.2,0.607
900,-1,1,0.2,0.3,100000,1,442.0,48.6,0.592,123.0,41.5,0.488,230.0,58.7,0.699
900,-1,1,0.2,0.5,100000,0,939.0,42.9,0.57,248.0,45.6,0.632,432.0,50.0,0.621
900,-1,1,0.2,1.0,240,1,442.0,41.4,0.595,123.0,39.0,0.588,230.0,49.6,0.765
900,-2,0,0.1,0.3,240,0,939.0,59.0,0.552,248.0,61.7,0.602,432.0,66.2,0.937
900,-2,0,0.1,0.5,60,1,440.0,49.3,0.586,109.0,52.3,0.603,233.0,58.8,1.105
900,-2,0,0.1,1.0,60,0,939.0,40.8,0.623,248.0,42.7,0.71,432.0,46.5,1.195
900,-2,0,0.1,1.0,100000,1,440.0,42.0,0.654,109.0,41.3,0.647,233.0,48.1,1.327
900,-2,0,0.2,0.3,100000,0,939.0,50.7,0.646,248.0,47.6,0.536,432.0,57.9,0.919
900,-2,0,0.2,0.5,240,1,440.0,46.8,0.727,109.0,41.3,0.528,233.0,52.4,1.167
900,-2,0,0.2,1.0,240,0,939.0,42.7,0.754,248.0,41.1,0.639,432.0,47.0,1.135
900,-2,1,0.1,0.3,60,1,444.0,53.4,0.439,139.0,49.6,0.381,199.0,64.3,0.62
900,-2,1,0.1,0.5,60,0,939.0,45.3,0.49,248.0,49.6,0.604,432.0,55.1,0.631
900,-2,1,0.1,0.5,100000,1,444.0,46.8,0.535,139.0,45.3,0.505,199.0,54.8,0.701
900,-2,1,0.1,1.0,100000,0,939.0,36.3,0.492,248.0,41.5,0.611,432.0,44.2,0.638
900,-2,1,0.2,0.3,240,1,444.0,48.2,0.546,139.0,46.8,0.555,199.0,56.8,0.616
900,-2,1,0.2,0.5,240,0,939.0,39.7,0.485,248.0,44.0,0.604,432.0,48.8,0.603
900,-2,1,0.2,1.0,60,1,444.0,38.5,0.494,139.0,39.6,0.594,199.0,48.2,0.81
