prof,k0,near,k_near,cush,d_late,lg,k_late,dl,dg,IS_pass,IS_bust,IS_p14,IS_days,C24_pass,C24_bust,C24_p14,C24_days,REAL_pass,REAL_bust,REAL_p14,REAL_days
Ultra,1,0.0,1,0.0,99,0.0,1,0.0,0.0,24.8,9.1,15.5,18.26,36.1,20.4,23.0,16.06,41.8,21.7,26.3,15.54
Ultra,1,0.0,1,0.0,99,0.0,1,0.0,1500.0,24.8,9.1,15.5,18.27,36.4,20.1,23.3,16.08,41.7,21.7,25.9,15.58
Ultra,1,0.0,1,0.0,99,0.0,1,800.0,0.0,24.8,9.1,15.5,18.28,37.5,18.3,23.0,16.33,43.6,18.7,25.8,15.83
Ultra,1,0.0,1,0.0,99,0.0,1,800.0,1500.0,24.8,9.1,15.5,18.28,37.5,18.3,23.0,16.34,43.2,18.9,25.5,15.89
Ultra,1,0.0,1,0.0,99,0.0,1,1200.0,0.0,24.8,9.1,15.5,18.26,36.1,20.4,23.0,16.11,41.8,21.7,26.3,15.54
Ultra,1,0.0,1,0.0,99,0.0,1,1200.0,1500.0,24.8,9.1,15.5,18.27,36.4,20.1,23.3,16.13,41.7,21.7,25.9,15.58
Ultra,1,0.0,1,0.0,8,1000.0,3,0.0,0.0,33.5,30.3,21.2,15.48,45.3,41.8,30.5,12.81,48.9,39.8,33.8,12.49
Ultra,1,0.0,1,0.0,8,1000.0,3,0.0,1500.0,31.5,31.8,18.6,15.68,45.6,39.9,29.8,13.11,48.3,39.0,32.4,12.78
Ultra,1,0.0,1,0.0,8,1000.0,3,800.0,0.0,33.2,30.4,21.4,15.5,47.3,38.5,31.3,13.19,50.0,38.4,33.5,12.78
Ultra,1,0.0,1,0.0,8,1000.0,3,800.0,1500.0,31.3,31.7,18.8,15.73,47.1,37.6,30.1,13.45,48.9,37.4,31.8,13.12
Ultra,1,0.0,1,0.0,8,1000.0,3,1200.0,0.0,33.8,29.9,21.4,15.51,45.9,41.1,30.7,12.92,49.1,39.6,34.0,12.5
Ultra,1,0.0,1,0.0,8,1000.0,3,1200.0,1500.0,31.7,31.3,18.8,15.72,46.2,39.1,29.9,13.24,48.3,39.0,32.4,12.79
Ultra,1,0.0,1,0.0,8,1000.0,4,0.0,0.0,36.7,35.4,24.7,14.4,44.6,44.9,32.0,12.09,45.6,45.3,33.3,11.84
Ultra,1,0.0,1,0.0,8,1000.0,4,0.0,1500.0,34.1,36.4,20.8,14.69,43.8,45.5,29.8,12.43,45.1,44.5,31.8,12.14
Ultra,1,0.0,1,0.0,8,1000.0,4,800.0,0.0,36.2,36.8,24.8,14.4,45.9,41.8,32.0,12.49,46.9,45.3,33.3,12.04
Ultra,1,0.0,1,0.0,8,1000.0,4,800.0,1500.0,33.5,37.7,21.1,14.67,45.0,42.6,29.3,12.84,46.5,44.3,31.4,12.36
Ultra,1,0.0,1,0.0,8,1000.0,4,1200.0,0.0,36.7,35.5,24.7,14.41,44.9,44.6,32.0,12.15,45.4,45.4,33.2,11.85
Ultra,1,0.0,1,0.0,8,1000.0,4,1200.0,1500.0,34.1,36.5,20.8,14.7,44.3,45.0,29.8,12.49,45.0,44.7,31.6,12.15
Ultra,1,0.0,1,0.0,12,2000.0,3,0.0,0.0,43.1,38.9,20.4,15.8,51.4,44.4,30.7,13.5,54.4,41.4,33.2,13.27
Ultra,1,0.0,1,0.0,12,2000.0,3,0.0,1500.0,41.2,40.1,18.6,15.91,51.4,43.5,29.3,13.65,53.9,40.9,31.8,13.39
Ultra,1,0.0,1,0.0,12,2000.0,3,800.0,0.0,43.4,38.2,20.5,15.82,53.0,40.0,31.4,13.92,54.4,40.4,32.7,13.55
Ultra,1,0.0,1,0.0,12,2000.0,3,800.0,1500.0,41.6,39.3,18.7,15.93,52.6,39.6,29.2,14.09,53.8,39.9,31.1,13.68
Ultra,1,0.0,1,0.0,12,2000.0,3,1200.0,0.0,43.6,38.2,20.4,15.82,52.3,42.6,30.8,13.65,54.1,41.8,33.3,13.26
Ultra,1,0.0,1,0.0,12,2000.0,3,1200.0,1500.0,41.7,39.4,18.6,15.93,52.3,41.5,29.3,13.82,53.5,41.4,31.8,13.38
Ultra,1,0.0,1,0.0,12,2000.0,4,0.0,0.0,45.0,44.8,23.4,14.89,49.5,47.6,32.3,12.96,51.4,46.7,35.5,12.69
Ultra,1,0.0,1,0.0,12,2000.0,4,0.0,1500.0,42.9,45.8,20.3,15.11,48.9,47.7,30.8,13.14,50.6,46.1,33.5,12.88
Ultra,1,0.0,1,0.0,12,2000.0,4,800.0,0.0,44.5,45.6,23.3,15.02,50.8,45.8,32.5,13.26,51.9,46.5,35.2,12.95
Ultra,1,0.0,1,0.0,12,2000.0,4,800.0,1500.0,42.3,46.7,20.4,15.21,50.0,46.1,30.1,13.49,51.7,45.6,33.2,13.14
Ultra,1,0.0,1,0.0,12,2000.0,4,1200.0,0.0,45.1,45.0,23.4,14.9,49.4,47.7,32.2,13.04,51.7,46.5,35.7,12.72
Ultra,1,0.0,1,0.0,12,2000.0,4,1200.0,1500.0,43.1,45.9,20.3,15.12,48.9,47.7,30.7,13.23,50.8,46.1,33.5,12.9
Ultra,1,0.0,1,1000.0,99,0.0,1,0.0,0.0,24.8,9.1,15.5,18.26,36.1,20.4,23.0,16.06,41.8,21.7,26.3,15.54
Ultra,1,0.0,1,1000.0,99,0.0,1,0.0,1500.0,24.8,9.1,15.5,18.27,36.4,20.1,23.3,16.08,41.7,21.7,25.9,15.58
Ultra,1,0.0,1,1000.0,99,0.0,1,800.0,0.0,24.8,9.1,15.5,18.28,37.5,18.3,23.0,16.33,43.6,18.7,25.8,15.83
Ultra,1,0.0,1,1000.0,99,0.0,1,800.0,1500.0,24.8,9.1,15.5,18.28,37.5,18.3,23.0,16.34,43.2,18.9,25.5,15.89
Ultra,1,0.0,1,1000.0,99,0.0,1,1200.0,0.0,24.8,9.1,15.5,18.26,36.1,20.4,23.0,16.11,41.8,21.7,26.3,15.54
Ultra,1,0.0,1,1000.0,99,0.0,1,1200.0,1500.0,24.8,9.1,15.5,18.27,36.4,20.1,23.3,16.13,41.7,21.7,25.9,15.58
Ultra,1,0.0,1,1000.0,8,1000.0,3,0.0,0.0,32.2,27.6,20.5,16.01,46.2,35.5,30.4,13.54,49.2,35.5,33.2,13.13
Ultra,1,0.0,1,1000.0,8,1000.0,3,0.0,1500.0,30.8,28.0,18.5,16.21,46.1,34.6,29.5,13.75,48.6,34.6,31.9,13.42
Ultra,1,0.0,1,1000.0,8,1000.0,3,800.0,0.0,32.3,26.8,20.8,16.13,47.3,32.3,30.5,14.03,50.0,34.9,32.5,13.45
Ultra,1,0.0,1,1000.0,8,1000.0,3,800.0,1500.0,31.0,27.1,18.7,16.34,47.0,32.0,29.5,14.22,49.4,34.1,31.1,13.74
Ultra,1,0.0,1,1000.0,8,1000.0,3,1200.0,0.0,32.4,27.5,20.6,16.06,46.2,34.0,30.4,13.77,49.2,35.4,33.2,13.15
Ultra,1,0.0,1,1000.0,8,1000.0,3,1200.0,1500.0,31.0,27.9,18.5,16.27,46.1,33.1,29.5,13.98,48.6,34.6,31.9,13.42
Ultra,1,0.0,1,1000.0,8,1000.0,4,0.0,0.0,34.7,34.0,23.3,15.0,45.6,40.9,31.4,12.76,46.9,40.1,33.3,12.61
Ultra,1,0.0,1,1000.0,8,1000.0,4,0.0,1500.0,32.8,34.5,20.2,15.26,44.9,41.2,29.2,13.06,46.1,39.8,31.6,12.84
Ultra,1,0.0,1,1000.0,8,1000.0,4,800.0,0.0,34.5,34.0,23.6,15.21,47.7,37.8,32.0,13.14,47.5,39.9,32.9,12.86
Ultra,1,0.0,1,1000.0,8,1000.0,4,800.0,1500.0,32.3,34.5,20.3,15.48,46.7,38.2,29.5,13.45,46.7,39.6,30.8,13.11
Ultra,1,0.0,1,1000.0,8,1000.0,4,1200.0,0.0,34.9,33.8,23.5,15.04,46.1,40.3,31.6,12.87,46.7,40.3,33.2,12.62
Ultra,1,0.0,1,1000.0,8,1000.0,4,1200.0,1500.0,33.0,34.3,20.3,15.31,45.3,40.6,29.5,13.16,45.9,39.9,31.4,12.85
Ultra,1,0.0,1,1000.0,12,2000.0,3,0.0,0.0,41.4,32.9,20.2,16.25,51.1,38.8,30.5,13.92,53.0,37.7,32.7,13.65
Ultra,1,0.0,1,1000.0,12,2000.0,3,0.0,1500.0,39.8,33.4,18.5,16.37,50.6,38.7,29.3,14.05,52.0,36.9,31.3,13.8
Ultra,1,0.0,1,1000.0,12,2000.0,3,800.0,0.0,41.8,31.0,20.2,16.33,52.3,33.8,31.0,14.42,53.0,36.5,31.9,14.02
Ultra,1,0.0,1,1000.0,12,2000.0,3,800.0,1500.0,40.2,31.5,18.5,16.45,51.5,34.0,29.2,14.55,52.2,35.8,30.7,14.16
Ultra,1,0.0,1,1000.0,12,2000.0,3,1200.0,0.0,41.5,32.5,20.2,16.29,51.5,36.1,30.5,14.16,53.0,37.1,32.7,13.72
Ultra,1,0.0,1,1000.0,12,2000.0,3,1200.0,1500.0,39.9,32.9,18.5,16.42,50.9,36.0,29.3,14.29,52.0,36.6,31.3,13.86
Ultra,1,0.0,1,1000.0,12,2000.0,4,0.0,0.0,42.5,40.9,23.0,15.45,49.5,44.9,31.9,13.38,52.2,41.7,34.9,13.18
Ultra,1,0.0,1,1000.0,12,2000.0,4,0.0,1500.0,41.7,41.4,20.2,15.62,49.1,44.9,30.7,13.56,51.6,41.4,33.2,13.35
Ultra,1,0.0,1,1000.0,12,2000.0,4,800.0,0.0,42.2,39.1,23.0,15.66,50.3,43.4,31.6,13.78,51.7,41.8,34.3,13.51
Ultra,1,0.0,1,1000.0,12,2000.0,4,800.0,1500.0,41.1,40.0,20.3,15.83,49.8,43.1,29.9,13.99,51.7,41.0,32.9,13.7
Ultra,1,0.0,1,1000.0,12,2000.0,4,1200.0,0.0,42.7,40.0,23.0,15.5,49.7,44.6,31.7,13.51,52.4,41.4,34.9,13.22
Ultra,1,0.0,1,1000.0,12,2000.0,4,1200.0,1500.0,41.8,40.6,20.2,15.68,49.2,44.4,30.5,13.7,51.6,41.2,33.2,13.4
Ultra,1,0.0,1,1500.0,99,0.0,1,0.0,0.0,24.8,9.1,15.5,18.26,36.1,20.4,23.0,16.06,41.8,21.7,26.3,15.54
Ultra,1,0.0,1,1500.0,99,0.0,1,0.0,1500.0,24.8,9.1,15.5,18.27,36.4,20.1,23.3,16.08,41.7,21.7,25.9,15.58
Ultra,1,0.0,1,1500.0,99,0.0,1,800.0,0.0,24.8,9.1,15.5,18.28,37.5,18.3,23.0,16.33,43.6,18.7,25.8,15.83
Ultra,1,0.0,1,1500.0,99,0.0,1,800.0,1500.0,24.8,9.1,15.5,18.28,37.5,18.3,23.0,16.34,43.2,18.9,25.5,15.89
Ultra,1,0.0,1,1500.0,99,0.0,1,1200.0,0.0,24.8,9.1,15.5,18.26,36.1,20.4,23.0,16.11,41.8,21.7,26.3,15.54
Ultra,1,0.0,1,1500.0,99,0.0,1,1200.0,1500.0,24.8,9.1,15.5,18.27,36.4,20.1,23.3,16.13,41.7,21.7,25.9,15.58
Ultra,1,0.0,1,1500.0,8,1000.0,3,0.0,0.0,31.1,21.8,20.4,16.74,44.1,29.3,27.8,14.47,47.6,31.4,31.4,13.91
Ultra,1,0.0,1,1500.0,8,1000.0,3,0.0,1500.0,29.4,22.0,17.9,16.95,43.7,28.4,27.5,14.62,46.9,30.7,30.5,14.09
Ultra,1,0.0,1,1500.0,8,1000.0,3,800.0,0.0,31.1,19.9,20.6,16.91,45.2,25.4,27.9,14.97,48.9,27.7,31.1,14.36
Ultra,1,0.0,1,1500.0,8,1000.0,3,800.0,1500.0,29.5,20.0,17.9,17.14,44.4,25.1,27.3,15.1,47.6,27.2,30.0,14.56
Ultra,1,0.0,1,1500.0,8,1000.0,3,1200.0,0.0,31.3,21.7,20.5,16.78,44.1,27.9,27.8,14.67,47.8,31.0,31.4,13.93
Ultra,1,0.0,1,1500.0,8,1000.0,3,1200.0,1500.0,29.6,21.9,17.9,17.0,43.7,27.2,27.5,14.81,46.9,30.3,30.5,14.11
Ultra,1,0.0,1,1500.0,8,1000.0,4,0.0,0.0,31.5,27.0,21.2,15.9,44.4,34.9,29.9,13.79,45.8,35.5,31.6,13.47
Ultra,1,0.0,1,1500.0,8,1000.0,4,0.0,1500.0,30.1,27.3,18.8,16.11,43.4,35.3,28.2,13.96,45.3,35.5,30.8,13.59
Ultra,1,0.0,1,1500.0,8,1000.0,4,800.0,0.0,31.5,24.6,21.3,16.24,46.2,30.7,30.4,14.26,47.3,32.9,31.3,13.84
Ultra,1,0.0,1,1500.0,8,1000.0,4,800.0,1500.0,29.9,24.8,18.9,16.46,44.9,31.4,28.1,14.46,46.7,33.0,30.5,13.98
Ultra,1,0.0,1,1500.0,8,1000.0,4,1200.0,0.0,31.8,26.5,21.3,15.95,44.7,34.3,30.2,13.91,45.6,35.8,31.4,13.47
Ultra,1,0.0,1,1500.0,8,1000.0,4,1200.0,1500.0,30.4,26.9,18.9,16.16,43.7,34.7,28.4,14.09,45.1,35.8,30.7,13.58
Ultra,1,0.0,1,1500.0,12,2000.0,3,0.0,0.0,37.0,21.6,19.7,16.99,49.4,32.2,28.9,14.55,51.4,33.3,31.4,14.16
Ultra,1,0.0,1,1500.0,12,2000.0,3,0.0,1500.0,35.8,21.8,18.2,17.08,49.1,31.7,28.4,14.64,50.6,32.9,30.5,14.28
Ultra,1,0.0,1,1500.0,12,2000.0,3,800.0,0.0,37.2,19.5,19.7,17.09,50.8,26.9,29.2,15.09,52.5,29.4,30.7,14.61
Ultra,1,0.0,1,1500.0,12,2000.0,3,800.0,1500.0,36.1,19.7,18.2,17.18,50.2,26.7,28.2,15.17,51.6,28.9,29.9,14.75
Ultra,1,0.0,1,1500.0,12,2000.0,3,1200.0,0.0,37.2,21.2,19.7,17.03,49.5,30.1,28.9,14.78,51.4,32.4,31.4,14.23
Ultra,1,0.0,1,1500.0,12,2000.0,3,1200.0,1500.0,36.1,21.4,18.2,17.12,49.2,29.6,28.4,14.86,50.6,31.9,30.5,14.34
Ultra,1,0.0,1,1500.0,12,2000.0,4,0.0,0.0,38.5,29.9,21.2,16.31,48.0,39.4,29.6,14.11,49.8,37.1,32.5,13.84
Ultra,1,0.0,1,1500.0,12,2000.0,4,0.0,1500.0,37.1,29.7,19.6,16.43,47.0,39.7,29.2,14.21,48.7,37.4,31.8,13.98
Ultra,1,0.0,1,1500.0,12,2000.0,4,800.0,0.0,38.5,27.4,21.1,16.58,48.8,34.3,29.8,14.63,50.3,33.6,31.9,14.33
Ultra,1,0.0,1,1500.0,12,2000.0,4,800.0,1500.0,37.4,27.1,19.6,16.69,47.1,34.9,28.7,14.76,49.4,33.8,31.3,14.49
Ultra,1,0.0,1,1500.0,12,2000.0,4,1200.0,0.0,38.7,29.7,21.2,16.36,48.0,38.4,29.5,14.28,49.8,36.6,32.5,13.9
Ultra,1,0.0,1,1500.0,12,2000.0,4,1200.0,1500.0,37.3,29.5,19.6,16.48,47.0,38.8,29.0,14.37,48.7,36.9,31.8,14.04
Ultra,1,1000.0,1,0.0,99,0.0,1,0.0,0.0,24.8,9.1,15.5,18.26,36.1,20.4,23.0,16.06,41.8,21.7,26.3,15.54
Ultra,1,1000.0,1,0.0,99,0.0,1,0.0,1500.0,24.8,9.1,15.5,18.27,36.4,20.1,23.3,16.08,41.7,21.7,25.9,15.58
Ultra,1,1000.0,1,0.0,99,0.0,1,800.0,0.0,24.8,9.1,15.5,18.28,37.5,18.3,23.0,16.33,43.6,18.7,25.8,15.83
Ultra,1,1000.0,1,0.0,99,0.0,1,800.0,1500.0,24.8,9.1,15.5,18.28,37.5,18.3,23.0,16.34,43.2,18.9,25.5,15.89
Ultra,1,1000.0,1,0.0,99,0.0,1,1200.0,0.0,24.8,9.1,15.5,18.26,36.1,20.4,23.0,16.11,41.8,21.7,26.3,15.54
Ultra,1,1000.0,1,0.0,99,0.0,1,1200.0,1500.0,24.8,9.1,15.5,18.27,36.4,20.1,23.3,16.13,41.7,21.7,25.9,15.58
Ultra,1,1000.0,1,0.0,8,1000.0,3,0.0,0.0,33.5,30.3,21.2,15.48,45.3,41.8,30.5,12.81,48.9,39.8,33.8,12.49
Ultra,1,1000.0,1,0.0,8,1000.0,3,0.0,1500.0,31.5,31.8,18.6,15.68,45.6,39.9,29.8,13.11,48.3,39.0,32.4,12.78
Ultra,1,1000.0,1,0.0,8,1000.0,3,800.0,0.0,33.2,30.4,21.4,15.5,47.3,38.5,31.3,13.19,50.0,38.4,33.5,12.78
Ultra,1,1000.0,1,0.0,8,1000.0,3,800.0,1500.0,31.3,31.7,18.8,15.73,47.1,37.6,30.1,13.45,48.9,37.4,31.8,13.12
Ultra,1,1000.0,1,0.0,8,1000.0,3,1200.0,0.0,33.8,29.9,21.4,15.51,45.9,41.1,30.7,12.92,49.1,39.6,34.0,12.5
Ultra,1,1000.0,1,0.0,8,1000.0,3,1200.0,1500.0,31.7,31.3,18.8,15.72,46.2,39.1,29.9,13.24,48.3,39.0,32.4,12.79
Ultra,1,1000.0,1,0.0,8,1000.0,4,0.0,0.0,36.7,35.4,24.7,14.4,44.6,44.9,32.0,12.09,45.6,45.3,33.3,11.84
Ultra,1,1000.0,1,0.0,8,1000.0,4,0.0,1500.0,34.1,36.4,20.8,14.69,43.8,45.5,29.8,12.43,45.1,44.5,31.8,12.14
Ultra,1,1000.0,1,0.0,8,1000.0,4,800.0,0.0,36.2,36.8,24.8,14.4,45.9,41.8,32.0,12.49,46.9,45.3,33.3,12.04
Ultra,1,1000.0,1,0.0,8,1000.0,4,800.0,1500.0,33.5,37.7,21.1,14.67,45.0,42.6,29.3,12.84,46.5,44.3,31.4,12.36
Ultra,1,1000.0,1,0.0,8,1000.0,4,1200.0,0.0,36.7,35.5,24.7,14.41,44.9,44.6,32.0,12.15,45.4,45.4,33.2,11.85
Ultra,1,1000.0,1,0.0,8,1000.0,4,1200.0,1500.0,34.1,36.5,20.8,14.7,44.3,45.0,29.8,12.49,45.0,44.7,31.6,12.15
Ultra,1,1000.0,1,0.0,12,2000.0,3,0.0,0.0,43.1,38.9,20.4,15.8,51.4,44.4,30.7,13.5,54.4,41.4,33.2,13.27
Ultra,1,1000.0,1,0.0,12,2000.0,3,0.0,1500.0,41.2,40.1,18.6,15.91,51.4,43.5,29.3,13.65,53.9,40.9,31.8,13.39
Ultra,1,1000.0,1,0.0,12,2000.0,3,800.0,0.0,43.4,38.2,20.5,15.82,53.0,40.0,31.4,13.92,54.4,40.4,32.7,13.55
Ultra,1,1000.0,1,0.0,12,2000.0,3,800.0,1500.0,41.6,39.3,18.7,15.93,52.6,39.6,29.2,14.09,53.8,39.9,31.1,13.68
Ultra,1,1000.0,1,0.0,12,2000.0,3,1200.0,0.0,43.6,38.2,20.4,15.82,52.3,42.6,30.8,13.65,54.1,41.8,33.3,13.26
Ultra,1,1000.0,1,0.0,12,2000.0,3,1200.0,1500.0,41.7,39.4,18.6,15.93,52.3,41.5,29.3,13.82,53.5,41.4,31.8,13.38
Ultra,1,1000.0,1,0.0,12,2000.0,4,0.0,0.0,45.0,44.8,23.4,14.89,49.5,47.6,32.3,12.96,51.4,46.7,35.5,12.69
Ultra,1,1000.0,1,0.0,12,2000.0,4,0.0,1500.0,42.9,45.8,20.3,15.11,48.9,47.7,30.8,13.14,50.6,46.1,33.5,12.88
Ultra,1,1000.0,1,0.0,12,2000.0,4,800.0,0.0,44.5,45.6,23.3,15.02,50.8,45.8,32.5,13.26,51.9,46.5,35.2,12.95
Ultra,1,1000.0,1,0.0,12,2000.0,4,800.0,1500.0,42.3,46.7,20.4,15.21,50.0,46.1,30.1,13.49,51.7,45.6,33.2,13.14
Ultra,1,1000.0,1,0.0,12,2000.0,4,1200.0,0.0,45.1,45.0,23.4,14.9,49.4,47.7,32.2,13.04,51.7,46.5,35.7,12.72
Ultra,1,1000.0,1,0.0,12,2000.0,4,1200.0,1500.0,43.1,45.9,20.3,15.12,48.9,47.7,30.7,13.23,50.8,46.1,33.5,12.9
Ultra,1,1000.0,1,1000.0,99,0.0,1,0.0,0.0,24.8,9.1,15.5,18.26,36.1,20.4,23.0,16.06,41.8,21.7,26.3,15.54
Ultra,1,1000.0,1,1000.0,99,0.0,1,0.0,1500.0,24.8,9.1,15.5,18.27,36.4,20.1,23.3,16.08,41.7,21.7,25.9,15.58
Ultra,1,1000.0,1,1000.0,99,0.0,1,800.0,0.0,24.8,9.1,15.5,18.28,37.5,18.3,23.0,16.33,43.6,18.7,25.8,15.83
Ultra,1,1000.0,1,1000.0,99,0.0,1,800.0,1500.0,24.8,9.1,15.5,18.28,37.5,18.3,23.0,16.34,43.2,18.9,25.5,15.89
Ultra,1,1000.0,1,1000.0,99,0.0,1,1200.0,0.0,24.8,9.1,15.5,18.26,36.1,20.4,23.0,16.11,41.8,21.7,26.3,15.54
Ultra,1,1000.0,1,1000.0,99,0.0,1,1200.0,1500.0,24.8,9.1,15.5,18.27,36.4,20.1,23.3,16.13,41.7,21.7,25.9,15.58
Ultra,1,1000.0,1,1000.0,8,1000.0,3,0.0,0.0,32.2,27.6,20.5,16.01,46.2,35.5,30.4,13.54,49.2,35.5,33.2,13.13
Ultra,1,1000.0,1,1000.0,8,1000.0,3,0.0,1500.0,30.8,28.0,18.5,16.21,46.1,34.6,29.5,13.75,48.6,34.6,31.9,13.42
Ultra,1,1000.0,1,1000.0,8,1000.0,3,800.0,0.0,32.3,26.8,20.8,16.13,47.3,32.3,30.5,14.03,50.0,34.9,32.5,13.45
Ultra,1,1000.0,1,1000.0,8,1000.0,3,800.0,1500.0,31.0,27.1,18.7,16.34,47.0,32.0,29.5,14.22,49.4,34.1,31.1,13.74
Ultra,1,1000.0,1,1000.0,8,1000.0,3,1200.0,0.0,32.4,27.5,20.6,16.06,46.2,34.0,30.4,13.77,49.2,35.4,33.2,13.15
Ultra,1,1000.0,1,1000.0,8,1000.0,3,1200.0,1500.0,31.0,27.9,18.5,16.27,46.1,33.1,29.5,13.98,48.6,34.6,31.9,13.42
Ultra,1,1000.0,1,1000.0,8,1000.0,4,0.0,0.0,34.7,34.0,23.3,15.0,45.6,40.9,31.4,12.76,46.9,40.1,33.3,12.61
Ultra,1,1000.0,1,1000.0,8,1000.0,4,0.0,1500.0,32.8,34.5,20.2,15.26,44.9,41.2,29.2,13.06,46.1,39.8,31.6,12.84
Ultra,1,1000.0,1,1000.0,8,1000.0,4,800.0,0.0,34.5,34.0,23.6,15.21,47.7,37.8,32.0,13.14,47.5,39.9,32.9,12.86
Ultra,1,1000.0,1,1000.0,8,1000.0,4,800.0,1500.0,32.3,34.5,20.3,15.48,46.7,38.2,29.5,13.45,46.7,39.6,30.8,13.11
Ultra,1,1000.0,1,1000.0,8,1000.0,4,1200.0,0.0,34.9,33.8,23.5,15.04,46.1,40.3,31.6,12.87,46.7,40.3,33.2,12.62
Ultra,1,1000.0,1,1000.0,8,1000.0,4,1200.0,1500.0,33.0,34.3,20.3,15.31,45.3,40.6,29.5,13.16,45.9,39.9,31.4,12.85
Ultra,1,1000.0,1,1000.0,12,2000.0,3,0.0,0.0,41.4,32.9,20.2,16.25,51.1,38.8,30.5,13.92,53.0,37.7,32.7,13.65
Ultra,1,1000.0,1,1000.0,12,2000.0,3,0.0,1500.0,39.8,33.4,18.5,16.37,50.6,38.7,29.3,14.05,52.0,36.9,31.3,13.8
Ultra,1,1000.0,1,1000.0,12,2000.0,3,800.0,0.0,41.8,31.0,20.2,16.33,52.3,33.8,31.0,14.42,53.0,36.5,31.9,14.02
Ultra,1,1000.0,1,1000.0,12,2000.0,3,800.0,1500.0,40.2,31.5,18.5,16.45,51.5,34.0,29.2,14.55,52.2,35.8,30.7,14.16
Ultra,1,1000.0,1,1000.0,12,2000.0,3,1200.0,0.0,41.5,32.5,20.2,16.29,51.5,36.1,30.5,14.16,53.0,37.1,32.7,13.72
Ultra,1,1000.0,1,1000.0,12,2000.0,3,1200.0,1500.0,39.9,32.9,18.5,16.42,50.9,36.0,29.3,14.29,52.0,36.6,31.3,13.86
Ultra,1,1000.0,1,1000.0,12,2000.0,4,0.0,0.0,42.5,40.9,23.0,15.45,49.5,44.9,31.9,13.38,52.2,41.7,34.9,13.18
Ultra,1,1000.0,1,1000.0,12,2000.0,4,0.0,1500.0,41.7,41.4,20.2,15.62,49.1,44.9,30.7,13.56,51.6,41.4,33.2,13.35
Ultra,1,1000.0,1,1000.0,12,2000.0,4,800.0,0.0,42.2,39.1,23.0,15.66,50.3,43.4,31.6,13.78,51.7,41.8,34.3,13.51
Ultra,1,1000.0,1,1000.0,12,2000.0,4,800.0,1500.0,41.1,40.0,20.3,15.83,49.8,43.1,29.9,13.99,51.7,41.0,32.9,13.7
Ultra,1,1000.0,1,1000.0,12,2000.0,4,1200.0,0.0,42.7,40.0,23.0,15.5,49.7,44.6,31.7,13.51,52.4,41.4,34.9,13.22
Ultra,1,1000.0,1,1000.0,12,2000.0,4,1200.0,1500.0,41.8,40.6,20.2,15.68,49.2,44.4,30.5,13.7,51.6,41.2,33.2,13.4
Ultra,1,1000.0,1,1500.0,99,0.0,1,0.0,0.0,24.8,9.1,15.5,18.26,36.1,20.4,23.0,16.06,41.8,21.7,26.3,15.54
Ultra,1,1000.0,1,1500.0,99,0.0,1,0.0,1500.0,24.8,9.1,15.5,18.27,36.4,20.1,23.3,16.08,41.7,21.7,25.9,15.58
Ultra,1,1000.0,1,1500.0,99,0.0,1,800.0,0.0,24.8,9.1,15.5,18.28,37.5,18.3,23.0,16.33,43.6,18.7,25.8,15.83
Ultra,1,1000.0,1,1500.0,99,0.0,1,800.0,1500.0,24.8,9.1,15.5,18.28,37.5,18.3,23.0,16.34,43.2,18.9,25.5,15.89
Ultra,1,1000.0,1,1500.0,99,0.0,1,1200.0,0.0,24.8,9.1,15.5,18.26,36.1,20.4,23.0,16.11,41.8,21.7,26.3,15.54
Ultra,1,1000.0,1,1500.0,99,0.0,1,1200.0,1500.0,24.8,9.1,15.5,18.27,36.4,20.1,23.3,16.13,41.7,21.7,25.9,15.58
Ultra,1,1000.0,1,1500.0,8,1000.0,3,0.0,0.0,31.1,21.8,20.4,16.74,44.1,29.3,27.8,14.47,47.6,31.4,31.4,13.91
Ultra,1,1000.0,1,1500.0,8,1000.0,3,0.0,1500.0,29.4,22.0,17.9,16.95,43.7,28.4,27.5,14.62,46.9,30.7,30.5,14.09
Ultra,1,1000.0,1,1500.0,8,1000.0,3,800.0,0.0,31.1,19.9,20.6,16.91,45.2,25.4,27.9,14.97,48.9,27.7,31.1,14.36
Ultra,1,1000.0,1,1500.0,8,1000.0,3,800.0,1500.0,29.5,20.0,17.9,17.14,44.4,25.1,27.3,15.1,47.6,27.2,30.0,14.56
Ultra,1,1000.0,1,1500.0,8,1000.0,3,1200.0,0.0,31.3,21.7,20.5,16.78,44.1,27.9,27.8,14.67,47.8,31.0,31.4,13.93
Ultra,1,1000.0,1,1500.0,8,1000.0,3,1200.0,1500.0,29.6,21.9,17.9,17.0,43.7,27.2,27.5,14.81,46.9,30.3,30.5,14.11
Ultra,1,1000.0,1,1500.0,8,1000.0,4,0.0,0.0,31.5,27.0,21.2,15.9,44.4,34.9,29.9,13.79,45.8,35.5,31.6,13.47
Ultra,1,1000.0,1,1500.0,8,1000.0,4,0.0,1500.0,30.1,27.3,18.8,16.11,43.4,35.3,28.2,13.96,45.3,35.5,30.8,13.59
Ultra,1,1000.0,1,1500.0,8,1000.0,4,800.0,0.0,31.5,24.6,21.3,16.24,46.2,30.7,30.4,14.26,47.3,32.9,31.3,13.84
Ultra,1,1000.0,1,1500.0,8,1000.0,4,800.0,1500.0,29.9,24.8,18.9,16.46,44.9,31.4,28.1,14.46,46.7,33.0,30.5,13.98
Ultra,1,1000.0,1,1500.0,8,1000.0,4,1200.0,0.0,31.8,26.5,21.3,15.95,44.7,34.3,30.2,13.91,45.6,35.8,31.4,13.47
Ultra,1,1000.0,1,1500.0,8,1000.0,4,1200.0,1500.0,30.4,26.9,18.9,16.16,43.7,34.7,28.4,14.09,45.1,35.8,30.7,13.58
Ultra,1,1000.0,1,1500.0,12,2000.0,3,0.0,0.0,37.0,21.6,19.7,16.99,49.4,32.2,28.9,14.55,51.4,33.3,31.4,14.16
Ultra,1,1000.0,1,1500.0,12,2000.0,3,0.0,1500.0,35.8,21.8,18.2,17.08,49.1,31.7,28.4,14.64,50.6,32.9,30.5,14.28
Ultra,1,1000.0,1,1500.0,12,2000.0,3,800.0,0.0,37.2,19.5,19.7,17.09,50.8,26.9,29.2,15.09,52.5,29.4,30.7,14.61
Ultra,1,1000.0,1,1500.0,12,2000.0,3,800.0,1500.0,36.1,19.7,18.2,17.18,50.2,26.7,28.2,15.17,51.6,28.9,29.9,14.75
Ultra,1,1000.0,1,1500.0,12,2000.0,3,1200.0,0.0,37.2,21.2,19.7,17.03,49.5,30.1,28.9,14.78,51.4,32.4,31.4,14.23
Ultra,1,1000.0,1,1500.0,12,2000.0,3,1200.0,1500.0,36.1,21.4,18.2,17.12,49.2,29.6,28.4,14.86,50.6,31.9,30.5,14.34
Ultra,1,1000.0,1,1500.0,12,2000.0,4,0.0,0.0,38.5,29.9,21.2,16.31,48.0,39.4,29.6,14.11,49.8,37.1,32.5,13.84
Ultra,1,1000.0,1,1500.0,12,2000.0,4,0.0,1500.0,37.1,29.7,19.6,16.43,47.0,39.7,29.2,14.21,48.7,37.4,31.8,13.98
Ultra,1,1000.0,1,1500.0,12,2000.0,4,800.0,0.0,38.5,27.4,21.1,16.58,48.8,34.3,29.8,14.63,50.3,33.6,31.9,14.33
Ultra,1,1000.0,1,1500.0,12,2000.0,4,800.0,1500.0,37.4,27.1,19.6,16.69,47.1,34.9,28.7,14.76,49.4,33.8,31.3,14.49
Ultra,1,1000.0,1,1500.0,12,2000.0,4,1200.0,0.0,38.7,29.7,21.2,16.36,48.0,38.4,29.5,14.28,49.8,36.6,32.5,13.9
Ultra,1,1000.0,1,1500.0,12,2000.0,4,1200.0,1500.0,37.3,29.5,19.6,16.48,47.0,38.8,29.0,14.37,48.7,36.9,31.8,14.04
Ultra,1,1000.0,2,0.0,99,0.0,1,0.0,0.0,27.5,10.0,18.0,17.85,36.7,24.6,25.4,15.21,42.8,23.9,31.0,14.86
Ultra,1,1000.0,2,0.0,99,0.0,1,0.0,1500.0,27.5,10.0,18.0,17.88,36.7,24.8,25.2,15.2,42.3,24.2,30.3,14.92
Ultra,1,1000.0,2,0.0,99,0.0,1,800.0,0.0,27.7,10.0,18.0,17.87,37.2,22.8,24.8,15.58,43.1,21.2,30.0,15.26
Ultra,1,1000.0,2,0.0,99,0.0,1,800.0,1500.0,27.7,10.0,18.0,17.89,36.9,23.3,24.3,15.57,42.9,21.5,29.6,15.32
Ultra,1,1000.0,2,0.0,99,0.0,1,1200.0,0.0,27.5,10.0,18.0,17.85,36.7,24.6,25.4,15.25,42.6,24.1,30.8,14.86
Ultra,1,1000.0,2,0.0,99,0.0,1,1200.0,1500.0,27.5,10.0,18.0,17.88,36.7,24.8,25.2,15.23,42.3,24.2,30.3,14.92
Ultra,1,1000.0,2,0.0,8,1000.0,3,0.0,0.0,38.2,32.7,25.0,14.79,45.3,45.6,34.3,11.92,50.8,41.4,38.7,11.73
Ultra,1,1000.0,2,0.0,8,1000.0,3,0.0,1500.0,36.8,34.1,22.2,14.99,45.9,44.4,33.4,12.15,50.3,41.0,36.3,12.02
Ultra,1,1000.0,2,0.0,8,1000.0,3,800.0,0.0,38.1,32.7,25.3,14.82,46.4,42.3,34.6,12.37,51.3,39.8,38.4,12.09
Ultra,1,1000.0,2,0.0,8,1000.0,3,800.0,1500.0,36.8,33.9,22.5,15.04,46.7,42.1,33.4,12.57,50.2,39.3,36.2,12.42
Ultra,1,1000.0,2,0.0,8,1000.0,3,1200.0,0.0,38.7,32.2,25.3,14.83,45.8,44.9,34.4,12.03,51.1,40.9,38.7,11.78
Ultra,1,1000.0,2,0.0,8,1000.0,3,1200.0,1500.0,36.9,33.6,22.4,15.03,46.4,43.7,33.5,12.27,50.6,40.6,36.5,12.06
Ultra,1,1000.0,2,0.0,8,1000.0,4,0.0,0.0,41.9,38.7,30.1,13.53,44.3,48.3,35.8,11.25,47.6,47.0,38.4,11.07
Ultra,1,1000.0,2,0.0,8,1000.0,4,0.0,1500.0,39.2,39.6,26.4,13.82,43.7,48.3,34.0,11.5,47.6,46.1,37.1,11.31
Ultra,1,1000.0,2,0.0,8,1000.0,4,800.0,0.0,41.2,39.9,30.0,13.59,46.1,44.9,35.5,11.71,48.7,46.4,38.5,11.34
Ultra,1,1000.0,2,0.0,8,1000.0,4,800.0,1500.0,38.8,41.0,26.6,13.84,45.2,45.6,33.5,11.96,49.2,44.8,37.6,11.59
Ultra,1,1000.0,2,0.0,8,1000.0,4,1200.0,0.0,41.8,38.8,30.0,13.54,44.7,47.6,35.8,11.32,47.6,46.9,38.2,11.1
Ultra,1,1000.0,2,0.0,8,1000.0,4,1200.0,1500.0,39.1,39.7,26.3,13.83,44.1,47.4,34.0,11.59,47.6,45.9,36.9,11.36
Ultra,1,1000.0,2,0.0,12,2000.0,3,0.0,0.0,47.9,41.8,24.0,15.12,50.2,48.3,33.1,12.69,54.6,43.2,37.4,12.59
Ultra,1,1000.0,2,0.0,12,2000.0,3,0.0,1500.0,46.1,43.1,22.4,15.24,50.0,47.7,31.6,12.79,53.9,43.6,35.5,12.69
Ultra,1,1000.0,2,0.0,12,2000.0,3,800.0,0.0,48.0,41.3,24.1,15.16,51.1,44.7,33.1,13.16,53.8,42.9,36.6,12.93
Ultra,1,1000.0,2,0.0,12,2000.0,3,800.0,1500.0,46.9,42.0,22.5,15.29,50.0,45.2,30.7,13.28,53.5,42.6,34.6,13.07
Ultra,1,1000.0,2,0.0,12,2000.0,3,1200.0,0.0,48.5,41.0,24.0,15.14,50.3,47.1,33.2,12.84,53.8,44.0,37.4,12.59
Ultra,1,1000.0,2,0.0,12,2000.0,3,1200.0,1500.0,46.7,42.3,22.4,15.26,50.0,46.7,31.6,12.94,53.5,44.0,35.5,12.71
Ultra,1,1000.0,2,0.0,12,2000.0,4,0.0,0.0,46.7,48.3,26.4,14.28,47.6,51.2,35.2,12.21,50.6,48.3,39.8,12.08
Ultra,1,1000.0,2,0.0,12,2000.0,4,0.0,1500.0,45.8,49.1,23.4,14.49,46.7,52.3,33.7,12.28,50.8,47.8,37.9,12.21
Ultra,1,1000.0,2,0.0,12,2000.0,4,800.0,0.0,46.3,48.8,26.3,14.42,49.1,49.7,35.0,12.58,50.3,48.7,39.0,12.37
Ultra,1,1000.0,2,0.0,12,2000.0,4,800.0,1500.0,45.1,49.8,23.6,14.61,47.1,51.7,32.8,12.71,51.3,47.8,37.4,12.52
Ultra,1,1000.0,2,0.0,12,2000.0,4,1200.0,0.0,46.9,48.4,26.4,14.29,47.6,51.2,35.0,12.29,50.5,48.4,39.8,12.09
Ultra,1,1000.0,2,0.0,12,2000.0,4,1200.0,1500.0,46.0,49.2,23.4,14.5,46.8,52.1,33.5,12.37,50.6,48.0,37.9,12.23
Ultra,1,1000.0,2,1000.0,99,0.0,1,0.0,0.0,27.5,10.0,18.0,17.85,36.7,24.6,25.4,15.21,42.8,23.9,31.0,14.86
Ultra,1,1000.0,2,1000.0,99,0.0,1,0.0,1500.0,27.5,10.0,18.0,17.88,36.7,24.8,25.2,15.2,42.3,24.2,30.3,14.92
Ultra,1,1000.0,2,1000.0,99,0.0,1,800.0,0.0,27.7,10.0,18.0,17.87,37.2,22.8,24.8,15.58,43.1,21.2,30.0,15.26
Ultra,1,1000.0,2,1000.0,99,0.0,1,800.0,1500.0,27.7,10.0,18.0,17.89,36.9,23.3,24.3,15.57,42.9,21.5,29.6,15.32
Ultra,1,1000.0,2,1000.0,99,0.0,1,1200.0,0.0,27.5,10.0,18.0,17.85,36.7,24.6,25.4,15.25,42.6,24.1,30.8,14.86
Ultra,1,1000.0,2,1000.0,99,0.0,1,1200.0,1500.0,27.5,10.0,18.0,17.88,36.7,24.8,25.2,15.23,42.3,24.2,30.3,14.92
Ultra,1,1000.0,2,1000.0,8,1000.0,3,0.0,0.0,37.2,28.9,24.1,15.41,45.3,39.4,34.0,12.7,50.6,37.6,38.1,12.45
Ultra,1,1000.0,2,1000.0,8,1000.0,3,0.0,1500.0,36.4,29.5,21.8,15.6,45.0,39.4,32.9,12.86,49.5,37.1,35.8,12.75
Ultra,1,1000.0,2,1000.0,8,1000.0,3,800.0,0.0,37.5,27.8,24.7,15.53,45.5,36.1,33.7,13.29,49.4,37.7,36.9,12.86
Ultra,1,1000.0,2,1000.0,8,1000.0,3,800.0,1500.0,36.9,28.2,22.4,15.73,45.0,36.4,32.5,13.43,48.6,36.8,34.7,13.17
Ultra,1,1000.0,2,1000.0,8,1000.0,3,1200.0,0.0,37.4,28.7,24.5,15.46,45.2,37.9,34.1,12.91,50.5,37.9,37.9,12.44
Ultra,1,1000.0,2,1000.0,8,1000.0,3,1200.0,1500.0,36.5,29.4,22.0,15.65,44.9,37.9,33.1,13.07,49.5,37.1,35.8,12.76
Ultra,1,1000.0,2,1000.0,8,1000.0,4,0.0,0.0,39.9,35.3,28.4,14.27,45.3,44.4,35.2,11.94,48.9,41.4,38.5,11.92
Ultra,1,1000.0,2,1000.0,8,1000.0,4,0.0,1500.0,38.1,35.8,25.6,14.53,44.6,44.7,33.2,12.15,48.0,41.4,36.6,12.15
Ultra,1,1000.0,2,1000.0,8,1000.0,4,800.0,0.0,40.0,35.1,28.8,14.48,47.7,40.6,35.3,12.4,48.0,41.8,37.4,12.24
Ultra,1,1000.0,2,1000.0,8,1000.0,4,800.0,1500.0,38.1,35.6,25.8,14.74,45.8,42.1,32.9,12.65,47.3,41.5,35.5,12.5
Ultra,1,1000.0,2,1000.0,8,1000.0,4,1200.0,0.0,40.1,35.1,28.6,14.31,45.9,43.7,35.3,12.04,48.6,42.0,38.2,11.9
Ultra,1,1000.0,2,1000.0,8,1000.0,4,1200.0,1500.0,38.3,35.6,25.7,14.57,44.9,44.0,33.4,12.26,47.6,41.8,36.3,12.16
Ultra,1,1000.0,2,1000.0,12,2000.0,3,0.0,0.0,45.6,35.3,23.6,15.66,49.5,42.1,32.8,13.18,53.3,39.2,37.1,13.0
Ultra,1,1000.0,2,1000.0,12,2000.0,3,0.0,1500.0,44.4,35.8,22.0,15.78,48.9,42.0,31.4,13.25,52.2,39.6,35.4,13.11
Ultra,1,1000.0,2,1000.0,12,2000.0,3,800.0,0.0,46.3,33.6,23.8,15.71,49.7,39.1,32.3,13.78,53.1,38.2,35.8,13.43
Ultra,1,1000.0,2,1000.0,12,2000.0,3,800.0,1500.0,45.5,33.8,22.3,15.85,48.6,39.9,30.5,13.86,52.2,38.2,34.4,13.57
Ultra,1,1000.0,2,1000.0,12,2000.0,3,1200.0,0.0,45.7,34.8,23.6,15.71,49.7,40.3,32.8,13.39,53.1,39.2,36.9,13.03
Ultra,1,1000.0,2,1000.0,12,2000.0,3,1200.0,1500.0,44.5,35.4,22.0,15.83,48.9,40.5,31.4,13.45,52.2,39.3,35.4,13.15
Ultra,1,1000.0,2,1000.0,12,2000.0,4,0.0,0.0,43.5,43.5,25.7,14.92,47.4,48.0,34.4,12.69,50.5,43.6,39.3,12.56
Ultra,1,1000.0,2,1000.0,12,2000.0,4,0.0,1500.0,42.9,44.0,23.2,15.09,46.1,48.6,33.1,12.77,50.8,43.9,37.7,12.67
Ultra,1,1000.0,2,1000.0,12,2000.0,4,800.0,0.0,43.5,41.9,25.8,15.12,47.9,47.0,33.4,13.18,50.0,44.3,38.1,12.98
Ultra,1,1000.0,2,1000.0,12,2000.0,4,800.0,1500.0,42.6,42.6,23.4,15.29,46.2,48.2,31.7,13.28,51.4,44.0,36.9,13.12
Ultra,1,1000.0,2,1000.0,12,2000.0,4,1200.0,0.0,43.9,42.7,25.7,14.97,47.6,47.7,34.3,12.82,50.5,43.7,39.2,12.58
Ultra,1,1000.0,2,1000.0,12,2000.0,4,1200.0,1500.0,43.3,43.3,23.2,15.14,46.4,48.0,32.9,12.9,50.8,44.2,37.7,12.69
Ultra,1,1000.0,2,1500.0,99,0.0,1,0.0,0.0,27.5,10.0,18.0,17.85,36.7,24.6,25.4,15.21,42.8,23.9,31.0,14.86
Ultra,1,1000.0,2,1500.0,99,0.0,1,0.0,1500.0,27.5,10.0,18.0,17.88,36.7,24.8,25.2,15.2,42.3,24.2,30.3,14.92
Ultra,1,1000.0,2,1500.0,99,0.0,1,800.0,0.0,27.7,10.0,18.0,17.87,37.2,22.8,24.8,15.58,43.1,21.2,30.0,15.26
Ultra,1,1000.0,2,1500.0,99,0.0,1,800.0,1500.0,27.7,10.0,18.0,17.89,36.9,23.3,24.3,15.57,42.9,21.5,29.6,15.32
Ultra,1,1000.0,2,1500.0,99,0.0,1,1200.0,0.0,27.5,10.0,18.0,17.85,36.7,24.6,25.4,15.25,42.6,24.1,30.8,14.86
Ultra,1,1000.0,2,1500.0,99,0.0,1,1200.0,1500.0,27.5,10.0,18.0,17.88,36.7,24.8,25.2,15.23,42.3,24.2,30.3,14.92
Ultra,1,1000.0,2,1500.0,8,1000.0,3,0.0,0.0,35.8,22.9,23.3,16.19,43.5,32.5,31.7,13.65,49.1,33.5,36.3,13.21
Ultra,1,1000.0,2,1500.0,8,1000.0,3,0.0,1500.0,34.2,23.5,20.9,16.39,43.1,32.2,31.3,13.75,48.1,33.0,35.1,13.4
Ultra,1,1000.0,2,1500.0,8,1000.0,3,800.0,0.0,36.2,20.7,23.6,16.37,43.5,28.5,31.4,14.24,48.7,30.2,35.5,13.78
Ultra,1,1000.0,2,1500.0,8,1000.0,3,800.0,1500.0,34.8,21.0,21.0,16.58,42.7,28.9,30.7,14.34,47.6,29.9,34.3,13.97
Ultra,1,1000.0,2,1500.0,8,1000.0,3,1200.0,0.0,36.1,22.8,23.5,16.23,43.5,31.1,31.7,13.83,49.1,33.2,36.2,13.23
Ultra,1,1000.0,2,1500.0,8,1000.0,3,1200.0,1500.0,34.4,23.4,21.0,16.43,43.1,31.0,31.3,13.93,48.1,32.7,35.1,13.42
Ultra,1,1000.0,2,1500.0,8,1000.0,4,0.0,0.0,37.8,28.2,26.1,15.18,45.2,37.6,34.0,12.93,46.9,37.1,36.5,12.76
Ultra,1,1000.0,2,1500.0,8,1000.0,4,0.0,1500.0,36.8,28.6,23.6,15.41,43.7,38.8,32.0,13.05,45.9,37.6,35.1,12.91
Ultra,1,1000.0,2,1500.0,8,1000.0,4,800.0,0.0,38.5,25.6,26.2,15.53,46.2,33.5,33.8,13.53,46.7,34.9,35.5,13.27
Ultra,1,1000.0,2,1500.0,8,1000.0,4,800.0,1500.0,37.4,26.0,23.7,15.75,44.3,35.2,31.1,13.69,46.4,35.1,34.4,13.4
Ultra,1,1000.0,2,1500.0,8,1000.0,4,1200.0,0.0,38.1,27.8,26.2,15.24,45.3,37.0,34.3,13.06,46.5,37.6,36.2,12.75
Ultra,1,1000.0,2,1500.0,8,1000.0,4,1200.0,1500.0,37.1,28.2,23.7,15.46,43.8,38.2,32.2,13.19,45.6,37.9,34.7,12.93
Ultra,1,1000.0,2,1500.0,12,2000.0,3,0.0,0.0,40.9,23.3,23.0,16.46,48.0,36.4,31.1,13.77,52.2,33.6,36.0,13.5
Ultra,1,1000.0,2,1500.0,12,2000.0,3,0.0,1500.0,39.7,23.5,21.6,16.56,47.6,36.3,30.4,13.81,50.6,34.4,34.7,13.58
Ultra,1,1000.0,2,1500.0,12,2000.0,3,800.0,0.0,41.2,21.5,23.1,16.56,47.9,31.1,30.2,14.47,52.2,30.3,34.7,14.04
Ultra,1,1000.0,2,1500.0,12,2000.0,3,800.0,1500.0,40.3,21.4,21.7,16.67,47.3,31.3,29.2,14.52,50.8,30.5,33.8,14.16
Ultra,1,1000.0,2,1500.0,12,2000.0,3,1200.0,0.0,41.1,23.0,23.0,16.5,47.6,34.1,31.1,13.98,52.2,32.5,35.8,13.57
Ultra,1,1000.0,2,1500.0,12,2000.0,3,1200.0,1500.0,39.8,23.3,21.6,16.6,47.1,34.1,30.4,14.01,50.8,33.2,34.7,13.65
Ultra,1,1000.0,2,1500.0,12,2000.0,4,0.0,0.0,41.4,31.2,23.9,15.82,47.7,42.6,32.5,13.32,50.2,38.5,37.4,13.14
Ultra,1,1000.0,2,1500.0,12,2000.0,4,0.0,1500.0,40.3,30.7,22.6,15.97,46.4,43.4,31.6,13.35,49.4,39.2,36.3,13.25
Ultra,1,1000.0,2,1500.0,12,2000.0,4,800.0,0.0,41.5,29.4,23.9,16.08,46.2,38.7,31.4,13.95,50.2,35.7,36.2,13.71
Ultra,1,1000.0,2,1500.0,12,2000.0,4,800.0,1500.0,40.9,28.8,22.7,16.21,44.3,39.6,30.1,14.05,50.0,35.7,35.5,13.84
Ultra,1,1000.0,2,1500.0,12,2000.0,4,1200.0,0.0,41.7,31.0,23.9,15.87,47.4,41.4,32.3,13.47,50.0,38.1,37.3,13.21
Ultra,1,1000.0,2,1500.0,12,2000.0,4,1200.0,1500.0,40.6,30.5,22.6,16.02,45.9,42.3,31.4,13.51,49.4,38.7,36.3,13.33
Ultra,1,1500.0,1,0.0,99,0.0,1,0.0,0.0,24.8,9.1,15.5,18.26,36.1,20.4,23.0,16.06,41.8,21.7,26.3,15.54
Ultra,1,1500.0,1,0.0,99,0.0,1,0.0,1500.0,24.8,9.1,15.5,18.27,36.4,20.1,23.3,16.08,41.7,21.7,25.9,15.58
Ultra,1,1500.0,1,0.0,99,0.0,1,800.0,0.0,24.8,9.1,15.5,18.28,37.5,18.3,23.0,16.33,43.6,18.7,25.8,15.83
Ultra,1,1500.0,1,0.0,99,0.0,1,800.0,1500.0,24.8,9.1,15.5,18.28,37.5,18.3,23.0,16.34,43.2,18.9,25.5,15.89
Ultra,1,1500.0,1,0.0,99,0.0,1,1200.0,0.0,24.8,9.1,15.5,18.26,36.1,20.4,23.0,16.11,41.8,21.7,26.3,15.54
Ultra,1,1500.0,1,0.0,99,0.0,1,1200.0,1500.0,24.8,9.1,15.5,18.27,36.4,20.1,23.3,16.13,41.7,21.7,25.9,15.58
Ultra,1,1500.0,1,0.0,8,1000.0,3,0.0,0.0,33.5,30.3,21.2,15.48,45.3,41.8,30.5,12.81,48.9,39.8,33.8,12.49
Ultra,1,1500.0,1,0.0,8,1000.0,3,0.0,1500.0,31.5,31.8,18.6,15.68,45.6,39.9,29.8,13.11,48.3,39.0,32.4,12.78
Ultra,1,1500.0,1,0.0,8,1000.0,3,800.0,0.0,33.2,30.4,21.4,15.5,47.3,38.5,31.3,13.19,50.0,38.4,33.5,12.78
Ultra,1,1500.0,1,0.0,8,1000.0,3,800.0,1500.0,31.3,31.7,18.8,15.73,47.1,37.6,30.1,13.45,48.9,37.4,31.8,13.12
Ultra,1,1500.0,1,0.0,8,1000.0,3,1200.0,0.0,33.8,29.9,21.4,15.51,45.9,41.1,30.7,12.92,49.1,39.6,34.0,12.5
Ultra,1,1500.0,1,0.0,8,1000.0,3,1200.0,1500.0,31.7,31.3,18.8,15.72,46.2,39.1,29.9,13.24,48.3,39.0,32.4,12.79
Ultra,1,1500.0,1,0.0,8,1000.0,4,0.0,0.0,36.7,35.4,24.7,14.4,44.6,44.9,32.0,12.09,45.6,45.3,33.3,11.84
Ultra,1,1500.0,1,0.0,8,1000.0,4,0.0,1500.0,34.1,36.4,20.8,14.69,43.8,45.5,29.8,12.43,45.1,44.5,31.8,12.14
Ultra,1,1500.0,1,0.0,8,1000.0,4,800.0,0.0,36.2,36.8,24.8,14.4,45.9,41.8,32.0,12.49,46.9,45.3,33.3,12.04
Ultra,1,1500.0,1,0.0,8,1000.0,4,800.0,1500.0,33.5,37.7,21.1,14.67,45.0,42.6,29.3,12.84,46.5,44.3,31.4,12.36
Ultra,1,1500.0,1,0.0,8,1000.0,4,1200.0,0.0,36.7,35.5,24.7,14.41,44.9,44.6,32.0,12.15,45.4,45.4,33.2,11.85
Ultra,1,1500.0,1,0.0,8,1000.0,4,1200.0,1500.0,34.1,36.5,20.8,14.7,44.3,45.0,29.8,12.49,45.0,44.7,31.6,12.15
Ultra,1,1500.0,1,0.0,12,2000.0,3,0.0,0.0,36.7,33.2,18.8,16.39,45.8,40.8,27.8,14.15,51.4,38.4,30.8,13.76
Ultra,1,1500.0,1,0.0,12,2000.0,3,0.0,1500.0,35.0,34.3,16.7,16.51,45.3,39.4,26.3,14.36,51.1,37.7,29.1,13.92
Ultra,1,1500.0,1,0.0,12,2000.0,3,800.0,0.0,36.7,33.0,18.8,16.43,47.7,36.3,28.2,14.55,52.4,36.8,30.7,14.02
Ultra,1,1500.0,1,0.0,12,2000.0,3,800.0,1500.0,35.1,34.0,16.7,16.55,46.8,35.3,26.3,14.77,51.7,36.2,28.9,14.2
Ultra,1,1500.0,1,0.0,12,2000.0,3,1200.0,0.0,37.1,32.8,18.8,16.41,46.7,39.1,27.9,14.26,51.3,38.7,30.8,13.74
Ultra,1,1500.0,1,0.0,12,2000.0,3,1200.0,1500.0,35.4,33.9,16.7,16.54,46.1,38.1,26.3,14.48,50.9,38.1,29.1,13.9
Ultra,1,1500.0,1,0.0,12,2000.0,4,0.0,0.0,41.6,37.9,21.7,15.54,46.8,42.3,29.5,13.66,50.2,42.8,32.2,13.31
Ultra,1,1500.0,1,0.0,12,2000.0,4,0.0,1500.0,39.0,38.6,18.3,15.81,45.9,42.0,27.2,13.9,49.7,41.5,29.7,13.53
Ultra,1,1500.0,1,0.0,12,2000.0,4,800.0,0.0,39.9,39.4,21.5,15.65,48.0,39.6,29.8,13.96,50.9,43.1,32.4,13.5
Ultra,1,1500.0,1,0.0,12,2000.0,4,800.0,1500.0,37.4,40.1,18.3,15.89,46.8,39.3,27.0,14.23,50.8,41.7,29.7,13.74
Ultra,1,1500.0,1,0.0,12,2000.0,4,1200.0,0.0,41.6,38.1,21.7,15.55,46.8,42.3,29.3,13.73,50.2,42.8,32.2,13.31
Ultra,1,1500.0,1,0.0,12,2000.0,4,1200.0,1500.0,39.0,38.8,18.3,15.82,46.1,41.8,27.0,13.97,49.7,41.5,29.7,13.54
Ultra,1,1500.0,1,1000.0,99,0.0,1,0.0,0.0,24.8,9.1,15.5,18.26,36.1,20.4,23.0,16.06,41.8,21.7,26.3,15.54
Ultra,1,1500.0,1,1000.0,99,0.0,1,0.0,1500.0,24.8,9.1,15.5,18.27,36.4,20.1,23.3,16.08,41.7,21.7,25.9,15.58
Ultra,1,1500.0,1,1000.0,99,0.0,1,800.0,0.0,24.8,9.1,15.5,18.28,37.5,18.3,23.0,16.33,43.6,18.7,25.8,15.83
Ultra,1,1500.0,1,1000.0,99,0.0,1,800.0,1500.0,24.8,9.1,15.5,18.28,37.5,18.3,23.0,16.34,43.2,18.9,25.5,15.89
Ultra,1,1500.0,1,1000.0,99,0.0,1,1200.0,0.0,24.8,9.1,15.5,18.26,36.1,20.4,23.0,16.11,41.8,21.7,26.3,15.54
Ultra,1,1500.0,1,1000.0,99,0.0,1,1200.0,1500.0,24.8,9.1,15.5,18.27,36.4,20.1,23.3,16.13,41.7,21.7,25.9,15.58
Ultra,1,1500.0,1,1000.0,8,1000.0,3,0.0,0.0,32.2,27.6,20.5,16.01,46.2,35.5,30.4,13.54,49.2,35.5,33.2,13.13
Ultra,1,1500.0,1,1000.0,8,1000.0,3,0.0,1500.0,30.8,28.0,18.5,16.21,46.1,34.6,29.5,13.75,48.6,34.6,31.9,13.42
Ultra,1,1500.0,1,1000.0,8,1000.0,3,800.0,0.0,32.3,26.8,20.8,16.13,47.3,32.3,30.5,14.03,50.0,34.9,32.5,13.45
Ultra,1,1500.0,1,1000.0,8,1000.0,3,800.0,1500.0,31.0,27.1,18.7,16.34,47.0,32.0,29.5,14.22,49.4,34.1,31.1,13.74
Ultra,1,1500.0,1,1000.0,8,1000.0,3,1200.0,0.0,32.4,27.5,20.6,16.06,46.2,34.0,30.4,13.77,49.2,35.4,33.2,13.15
Ultra,1,1500.0,1,1000.0,8,1000.0,3,1200.0,1500.0,31.0,27.9,18.5,16.27,46.1,33.1,29.5,13.98,48.6,34.6,31.9,13.42
Ultra,1,1500.0,1,1000.0,8,1000.0,4,0.0,0.0,34.7,34.0,23.3,15.0,45.6,40.9,31.4,12.76,46.9,40.1,33.3,12.61
Ultra,1,1500.0,1,1000.0,8,1000.0,4,0.0,1500.0,32.8,34.5,20.2,15.26,44.9,41.2,29.2,13.06,46.1,39.8,31.6,12.84
Ultra,1,1500.0,1,1000.0,8,1000.0,4,800.0,0.0,34.5,34.0,23.6,15.21,47.7,37.8,32.0,13.14,47.5,39.9,32.9,12.86
Ultra,1,1500.0,1,1000.0,8,1000.0,4,800.0,1500.0,32.3,34.5,20.3,15.48,46.7,38.2,29.5,13.45,46.7,39.6,30.8,13.11
Ultra,1,1500.0,1,1000.0,8,1000.0,4,1200.0,0.0,34.9,33.8,23.5,15.04,46.1,40.3,31.6,12.87,46.7,40.3,33.2,12.62
Ultra,1,1500.0,1,1000.0,8,1000.0,4,1200.0,1500.0,33.0,34.3,20.3,15.31,45.3,40.6,29.5,13.16,45.9,39.9,31.4,12.85
Ultra,1,1500.0,1,1000.0,12,2000.0,3,0.0,0.0,35.6,27.9,18.6,16.78,45.3,35.6,27.5,14.56,50.9,34.3,30.5,14.13
Ultra,1,1500.0,1,1000.0,12,2000.0,3,0.0,1500.0,34.6,28.3,16.7,16.89,44.7,35.3,26.3,14.71,50.2,33.5,28.9,14.28
Ultra,1,1500.0,1,1000.0,12,2000.0,3,800.0,0.0,35.7,26.4,18.6,16.87,47.0,31.4,27.6,15.03,52.2,32.4,30.0,14.44
Ultra,1,1500.0,1,1000.0,12,2000.0,3,800.0,1500.0,34.7,26.9,16.7,16.99,46.1,31.6,26.3,15.16,51.3,31.9,28.6,14.61
Ultra,1,1500.0,1,1000.0,12,2000.0,3,1200.0,0.0,35.7,27.5,18.6,16.83,45.9,33.8,27.5,14.73,50.9,33.8,30.5,14.15
Ultra,1,1500.0,1,1000.0,12,2000.0,3,1200.0,1500.0,34.7,27.9,16.7,16.94,45.2,33.7,26.3,14.87,50.2,33.2,28.9,14.3
Ultra,1,1500.0,1,1000.0,12,2000.0,4,0.0,0.0,39.3,34.2,21.2,16.02,46.7,39.4,28.9,14.07,50.0,37.7,31.8,13.72
Ultra,1,1500.0,1,1000.0,12,2000.0,4,0.0,1500.0,38.1,34.6,18.1,16.24,45.9,39.0,27.0,14.27,49.5,37.1,29.6,13.93
Ultra,1,1500.0,1,1000.0,12,2000.0,4,800.0,0.0,38.3,33.0,21.1,16.21,48.5,36.9,28.7,14.42,50.8,37.6,31.4,13.98
Ultra,1,1500.0,1,1000.0,12,2000.0,4,800.0,1500.0,36.7,33.9,18.1,16.43,47.0,36.4,26.7,14.65,50.0,37.3,29.2,14.23
Ultra,1,1500.0,1,1000.0,12,2000.0,4,1200.0,0.0,39.5,33.8,21.2,16.06,47.0,39.0,28.7,14.18,50.0,37.7,31.8,13.74
Ultra,1,1500.0,1,1000.0,12,2000.0,4,1200.0,1500.0,38.2,34.2,18.1,16.28,46.2,38.5,26.9,14.38,49.4,37.3,29.6,13.96
Ultra,1,1500.0,1,1500.0,99,0.0,1,0.0,0.0,24.8,9.1,15.5,18.26,36.1,20.4,23.0,16.06,41.8,21.7,26.3,15.54
Ultra,1,1500.0,1,1500.0,99,0.0,1,0.0,1500.0,24.8,9.1,15.5,18.27,36.4,20.1,23.3,16.08,41.7,21.7,25.9,15.58
Ultra,1,1500.0,1,1500.0,99,0.0,1,800.0,0.0,24.8,9.1,15.5,18.28,37.5,18.3,23.0,16.33,43.6,18.7,25.8,15.83
Ultra,1,1500.0,1,1500.0,99,0.0,1,800.0,1500.0,24.8,9.1,15.5,18.28,37.5,18.3,23.0,16.34,43.2,18.9,25.5,15.89
Ultra,1,1500.0,1,1500.0,99,0.0,1,1200.0,0.0,24.8,9.1,15.5,18.26,36.1,20.4,23.0,16.11,41.8,21.7,26.3,15.54
Ultra,1,1500.0,1,1500.0,99,0.0,1,1200.0,1500.0,24.8,9.1,15.5,18.27,36.4,20.1,23.3,16.13,41.7,21.7,25.9,15.58
Ultra,1,1500.0,1,1500.0,8,1000.0,3,0.0,0.0,31.1,21.8,20.4,16.74,44.1,29.3,27.8,14.47,47.6,31.4,31.4,13.91
Ultra,1,1500.0,1,1500.0,8,1000.0,3,0.0,1500.0,29.4,22.0,17.9,16.95,43.7,28.4,27.5,14.62,46.9,30.7,30.5,14.09
Ultra,1,1500.0,1,1500.0,8,1000.0,3,800.0,0.0,31.1,19.9,20.6,16.91,45.2,25.4,27.9,14.97,48.9,27.7,31.1,14.36
Ultra,1,1500.0,1,1500.0,8,1000.0,3,800.0,1500.0,29.5,20.0,17.9,17.14,44.4,25.1,27.3,15.1,47.6,27.2,30.0,14.56
Ultra,1,1500.0,1,1500.0,8,1000.0,3,1200.0,0.0,31.3,21.7,20.5,16.78,44.1,27.9,27.8,14.67,47.8,31.0,31.4,13.93
Ultra,1,1500.0,1,1500.0,8,1000.0,3,1200.0,1500.0,29.6,21.9,17.9,17.0,43.7,27.2,27.5,14.81,46.9,30.3,30.5,14.11
Ultra,1,1500.0,1,1500.0,8,1000.0,4,0.0,0.0,31.5,27.0,21.2,15.9,44.4,34.9,29.9,13.79,45.8,35.5,31.6,13.47
Ultra,1,1500.0,1,1500.0,8,1000.0,4,0.0,1500.0,30.1,27.3,18.8,16.11,43.4,35.3,28.2,13.96,45.3,35.5,30.8,13.59
Ultra,1,1500.0,1,1500.0,8,1000.0,4,800.0,0.0,31.5,24.6,21.3,16.24,46.2,30.7,30.4,14.26,47.3,32.9,31.3,13.84
Ultra,1,1500.0,1,1500.0,8,1000.0,4,800.0,1500.0,29.9,24.8,18.9,16.46,44.9,31.4,28.1,14.46,46.7,33.0,30.5,13.98
Ultra,1,1500.0,1,1500.0,8,1000.0,4,1200.0,0.0,31.8,26.5,21.3,15.95,44.7,34.3,30.2,13.91,45.6,35.8,31.4,13.47
Ultra,1,1500.0,1,1500.0,8,1000.0,4,1200.0,1500.0,30.4,26.9,18.9,16.16,43.7,34.7,28.4,14.09,45.1,35.8,30.7,13.58
Ultra,1,1500.0,1,1500.0,12,2000.0,3,0.0,0.0,33.9,18.2,18.4,17.38,44.1,29.2,26.0,15.11,49.4,31.0,29.4,14.54
Ultra,1,1500.0,1,1500.0,12,2000.0,3,0.0,1500.0,32.9,18.5,16.7,17.48,44.0,28.9,25.5,15.2,48.6,30.5,28.3,14.66
Ultra,1,1500.0,1,1500.0,12,2000.0,3,800.0,0.0,34.0,16.6,18.4,17.48,45.5,24.8,26.1,15.57,50.9,27.0,28.9,14.92
Ultra,1,1500.0,1,1500.0,12,2000.0,3,800.0,1500.0,33.0,16.9,16.7,17.59,45.0,24.6,25.4,15.64,50.0,26.6,28.0,15.06
Ultra,1,1500.0,1,1500.0,12,2000.0,3,1200.0,0.0,34.1,17.8,18.4,17.42,44.4,27.3,26.0,15.28,49.4,30.5,29.4,14.56
Ultra,1,1500.0,1,1500.0,12,2000.0,3,1200.0,1500.0,33.1,18.1,16.7,17.53,44.3,27.0,25.5,15.35,48.6,30.0,28.3,14.68
Ultra,1,1500.0,1,1500.0,12,2000.0,4,0.0,0.0,35.7,24.9,19.5,16.77,45.0,35.3,26.7,14.67,48.9,33.5,29.9,14.31
Ultra,1,1500.0,1,1500.0,12,2000.0,4,0.0,1500.0,34.4,24.7,17.8,16.93,44.4,35.2,26.1,14.77,47.2,33.8,28.8,14.46
Ultra,1,1500.0,1,1500.0,12,2000.0,4,800.0,0.0,35.2,23.1,19.4,17.0,46.4,30.7,26.7,15.1,50.3,30.3,29.6,14.69
Ultra,1,1500.0,1,1500.0,12,2000.0,4,800.0,1500.0,34.2,22.9,17.8,17.15,45.2,30.7,25.7,15.23,48.7,30.5,28.6,14.86
Ultra,1,1500.0,1,1500.0,12,2000.0,4,1200.0,0.0,35.9,24.6,19.5,16.81,45.2,34.6,26.6,14.81,48.9,33.5,29.9,14.33
Ultra,1,1500.0,1,1500.0,12,2000.0,4,1200.0,1500.0,34.6,24.3,17.8,16.97,44.6,34.4,26.0,14.9,47.2,33.8,28.8,14.48
Ultra,1,1500.0,2,0.0,99,0.0,1,0.0,0.0,29.2,13.3,19.0,17.33,39.3,27.0,29.8,14.4,43.7,27.7,31.8,14.18
Ultra,1,1500.0,2,0.0,99,0.0,1,0.0,1500.0,29.2,13.3,19.0,17.33,39.1,27.3,29.6,14.37,43.2,28.3,31.1,14.17
Ultra,1,1500.0,2,0.0,99,0.0,1,800.0,0.0,29.5,13.2,19.3,17.32,38.8,26.4,28.9,14.73,43.2,27.5,31.6,14.43
Ultra,1,1500.0,2,0.0,99,0.0,1,800.0,1500.0,29.5,13.2,19.3,17.33,38.7,27.0,28.7,14.64,43.1,28.0,31.3,14.36
Ultra,1,1500.0,2,0.0,99,0.0,1,1200.0,0.0,29.4,13.3,19.2,17.31,39.4,26.9,29.8,14.44,43.7,28.5,32.2,14.1
Ultra,1,1500.0,2,0.0,99,0.0,1,1200.0,1500.0,29.4,13.3,19.2,17.32,39.1,27.3,29.6,14.4,43.2,28.9,31.6,14.09
Ultra,1,1500.0,2,0.0,8,1000.0,3,0.0,0.0,42.1,39.5,27.5,13.92,47.7,48.9,38.1,10.95,51.1,45.0,40.9,10.93
Ultra,1,1500.0,2,0.0,8,1000.0,3,0.0,1500.0,40.8,40.5,25.1,14.07,48.5,47.7,37.6,11.12,50.9,45.0,39.3,11.1
Ultra,1,1500.0,2,0.0,8,1000.0,3,800.0,0.0,42.5,39.4,28.2,13.91,46.7,47.9,37.6,11.38,50.5,44.5,40.1,11.23
Ultra,1,1500.0,2,0.0,8,1000.0,3,800.0,1500.0,41.3,40.2,25.9,14.07,47.1,46.8,37.0,11.55,49.8,44.5,38.7,11.38
Ultra,1,1500.0,2,0.0,8,1000.0,3,1200.0,0.0,42.6,39.0,27.8,13.94,48.0,48.3,38.2,11.08,51.6,44.7,40.9,10.91
Ultra,1,1500.0,2,0.0,8,1000.0,3,1200.0,1500.0,41.0,40.1,25.3,14.1,48.6,47.1,37.8,11.26,51.3,44.7,39.3,11.07
Ultra,1,1500.0,2,0.0,8,1000.0,4,0.0,0.0,44.5,45.5,31.9,12.73,44.9,52.1,39.1,10.4,48.3,48.9,41.8,10.35
Ultra,1,1500.0,2,0.0,8,1000.0,4,0.0,1500.0,41.6,46.9,28.3,12.97,45.5,51.5,38.2,10.55,47.8,49.2,39.8,10.54
Ultra,1,1500.0,2,0.0,8,1000.0,4,800.0,0.0,43.9,46.4,32.1,12.76,44.9,50.2,38.4,10.82,48.1,49.8,41.7,10.5
Ultra,1,1500.0,2,0.0,8,1000.0,4,800.0,1500.0,41.2,48.1,28.6,12.96,45.2,50.0,37.3,10.95,47.5,50.2,40.1,10.65
Ultra,1,1500.0,2,0.0,8,1000.0,4,1200.0,0.0,44.4,45.6,31.9,12.73,45.2,51.7,39.1,10.47,48.0,49.4,41.7,10.32
Ultra,1,1500.0,2,0.0,8,1000.0,4,1200.0,1500.0,41.5,47.0,28.3,12.97,45.9,50.9,38.2,10.62,47.2,49.8,39.6,10.5
Ultra,1,1500.0,2,0.0,12,2000.0,3,0.0,0.0,45.0,41.4,23.6,15.09,49.7,47.3,33.2,12.4,52.8,44.3,36.0,12.32
Ultra,1,1500.0,2,0.0,12,2000.0,3,0.0,1500.0,43.5,42.5,21.7,15.19,49.4,46.7,32.2,12.48,51.9,44.8,33.8,12.39
Ultra,1,1500.0,2,0.0,12,2000.0,3,800.0,0.0,45.4,41.1,23.7,15.13,50.0,44.6,33.1,12.82,52.8,43.6,35.7,12.61
Ultra,1,1500.0,2,0.0,12,2000.0,3,800.0,1500.0,44.1,41.7,21.8,15.22,49.7,44.1,31.6,12.87,51.9,43.9,34.0,12.66
Ultra,1,1500.0,2,0.0,12,2000.0,3,1200.0,0.0,45.5,41.0,23.6,15.11,50.0,46.1,33.4,12.52,52.8,44.5,36.2,12.29
Ultra,1,1500.0,2,0.0,12,2000.0,3,1200.0,1500.0,43.9,42.0,21.7,15.21,49.7,45.5,32.2,12.6,51.7,45.1,34.1,12.36
Ultra,1,1500.0,2,0.0,12,2000.0,4,0.0,0.0,46.5,47.0,25.4,14.3,48.6,49.4,35.2,11.97,50.8,48.0,38.1,11.89
Ultra,1,1500.0,2,0.0,12,2000.0,4,0.0,1500.0,45.2,48.0,22.3,14.51,48.0,49.5,33.2,12.09,50.3,48.1,35.1,12.02
Ultra,1,1500.0,2,0.0,12,2000.0,4,800.0,0.0,46.0,47.9,25.3,14.41,49.2,48.2,34.4,12.32,50.2,48.9,37.6,12.12
Ultra,1,1500.0,2,0.0,12,2000.0,4,800.0,1500.0,44.6,48.9,22.3,14.61,47.9,48.8,32.2,12.43,50.5,48.3,35.2,12.21
Ultra,1,1500.0,2,0.0,12,2000.0,4,1200.0,0.0,46.5,47.2,25.4,14.3,48.9,49.1,35.2,12.02,50.9,47.8,38.2,11.87
Ultra,1,1500.0,2,0.0,12,2000.0,4,1200.0,1500.0,45.2,48.2,22.3,14.51,48.3,49.2,33.2,12.16,50.5,48.0,35.4,11.99
Ultra,1,1500.0,2,1000.0,99,0.0,1,0.0,0.0,29.2,13.3,19.0,17.33,39.3,27.0,29.8,14.4,43.7,27.7,31.8,14.18
Ultra,1,1500.0,2,1000.0,99,0.0,1,0.0,1500.0,29.2,13.3,19.0,17.33,39.1,27.3,29.6,14.37,43.2,28.3,31.1,14.17
Ultra,1,1500.0,2,1000.0,99,0.0,1,800.0,0.0,29.5,13.2,19.3,17.32,38.8,26.4,28.9,14.73,43.2,27.5,31.6,14.43
Ultra,1,1500.0,2,1000.0,99,0.0,1,800.0,1500.0,29.5,13.2,19.3,17.33,38.7,27.0,28.7,14.64,43.1,28.0,31.3,14.36
Ultra,1,1500.0,2,1000.0,99,0.0,1,1200.0,0.0,29.4,13.3,19.2,17.31,39.4,26.9,29.8,14.44,43.7,28.5,32.2,14.1
Ultra,1,1500.0,2,1000.0,99,0.0,1,1200.0,1500.0,29.4,13.3,19.2,17.32,39.1,27.3,29.6,14.4,43.2,28.9,31.6,14.09
Ultra,1,1500.0,2,1000.0,8,1000.0,3,0.0,0.0,41.8,33.8,26.2,14.64,47.3,42.1,38.4,11.75,51.9,39.9,39.9,11.66
Ultra,1,1500.0,2,1000.0,8,1000.0,3,0.0,1500.0,41.2,34.4,24.2,14.78,47.3,41.7,37.6,11.89,51.4,39.9,38.4,11.82
Ultra,1,1500.0,2,1000.0,8,1000.0,3,800.0,0.0,41.6,32.6,26.6,14.76,46.4,40.6,37.6,12.25,50.9,40.7,39.3,11.97
Ultra,1,1500.0,2,1000.0,8,1000.0,3,800.0,1500.0,41.2,32.9,24.7,14.92,46.4,40.8,36.9,12.34,50.6,40.9,37.9,12.06
Ultra,1,1500.0,2,1000.0,8,1000.0,3,1200.0,0.0,42.1,33.3,26.4,14.69,47.1,40.5,38.5,11.97,52.0,40.7,40.3,11.57
Ultra,1,1500.0,2,1000.0,8,1000.0,3,1200.0,1500.0,41.4,34.1,24.3,14.84,47.0,40.3,37.8,12.1,51.6,40.7,38.7,11.72
Ultra,1,1500.0,2,1000.0,8,1000.0,4,0.0,0.0,42.1,40.5,29.6,13.6,45.2,47.9,39.3,11.09,49.2,42.9,41.7,11.24
Ultra,1,1500.0,2,1000.0,8,1000.0,4,0.0,1500.0,40.5,41.2,27.3,13.78,44.9,48.5,37.9,11.21,48.4,44.2,39.3,11.34
Ultra,1,1500.0,2,1000.0,8,1000.0,4,800.0,0.0,42.5,39.9,29.8,13.83,46.7,45.9,39.1,11.43,48.9,44.7,41.2,11.38
Ultra,1,1500.0,2,1000.0,8,1000.0,4,800.0,1500.0,40.6,40.9,27.2,14.02,45.9,47.3,37.6,11.52,47.8,46.2,38.8,11.46
Ultra,1,1500.0,2,1000.0,8,1000.0,4,1200.0,0.0,42.3,40.3,29.9,13.63,46.2,46.7,39.4,11.19,49.1,44.2,41.7,11.13
Ultra,1,1500.0,2,1000.0,8,1000.0,4,1200.0,1500.0,40.8,41.0,27.5,13.82,45.5,47.7,38.1,11.31,48.1,45.8,39.2,11.23
Ultra,1,1500.0,2,1000.0,12,2000.0,3,0.0,0.0,43.7,34.0,23.1,15.62,48.6,40.9,32.9,12.9,52.7,38.8,35.7,12.74
Ultra,1,1500.0,2,1000.0,12,2000.0,3,0.0,1500.0,42.6,34.6,21.4,15.72,48.2,40.9,31.9,12.95,51.6,39.3,33.8,12.81
Ultra,1,1500.0,2,1000.0,12,2000.0,3,800.0,0.0,44.1,32.5,23.2,15.7,48.6,39.1,32.5,13.33,53.0,39.2,35.4,13.04
Ultra,1,1500.0,2,1000.0,12,2000.0,3,800.0,1500.0,43.5,32.7,21.5,15.79,47.9,39.6,31.3,13.33,51.9,39.2,34.0,13.08
Ultra,1,1500.0,2,1000.0,12,2000.0,3,1200.0,0.0,43.8,33.9,23.1,15.66,48.8,39.6,32.9,13.04,52.7,40.1,35.8,12.64
Ultra,1,1500.0,2,1000.0,12,2000.0,3,1200.0,1500.0,42.7,34.4,21.4,15.75,48.0,39.7,31.9,13.08,51.4,40.4,34.0,12.72
Ultra,1,1500.0,2,1000.0,12,2000.0,4,0.0,0.0,43.6,40.2,24.7,14.97,48.2,45.6,34.3,12.44,51.4,41.2,37.4,12.41
Ultra,1,1500.0,2,1000.0,12,2000.0,4,0.0,1500.0,43.5,40.6,21.8,15.13,47.3,45.6,32.9,12.53,50.6,42.5,35.1,12.48
Ultra,1,1500.0,2,1000.0,12,2000.0,4,800.0,0.0,43.2,39.1,24.6,15.16,48.5,45.6,33.4,12.81,50.8,43.6,36.9,12.63
Ultra,1,1500.0,2,1000.0,12,2000.0,4,800.0,1500.0,42.3,39.7,21.8,15.31,47.4,46.1,31.9,12.87,50.6,44.3,35.1,12.68
Ultra,1,1500.0,2,1000.0,12,2000.0,4,1200.0,0.0,43.8,39.8,24.7,15.0,48.5,45.0,34.3,12.53,51.6,42.3,37.6,12.31
Ultra,1,1500.0,2,1000.0,12,2000.0,4,1200.0,1500.0,43.6,40.2,21.8,15.16,47.7,44.9,32.9,12.62,50.5,43.9,35.2,12.39
Ultra,1,1500.0,2,1500.0,99,0.0,1,0.0,0.0,29.2,13.3,19.0,17.33,39.3,27.0,29.8,14.4,43.7,27.7,31.8,14.18
Ultra,1,1500.0,2,1500.0,99,0.0,1,0.0,1500.0,29.2,13.3,19.0,17.33,39.1,27.3,29.6,14.37,43.2,28.3,31.1,14.17
Ultra,1,1500.0,2,1500.0,99,0.0,1,800.0,0.0,29.5,13.2,19.3,17.32,38.8,26.4,28.9,14.73,43.2,27.5,31.6,14.43
Ultra,1,1500.0,2,1500.0,99,0.0,1,800.0,1500.0,29.5,13.2,19.3,17.33,38.7,27.0,28.7,14.64,43.1,28.0,31.3,14.36
Ultra,1,1500.0,2,1500.0,99,0.0,1,1200.0,0.0,29.4,13.3,19.2,17.31,39.4,26.9,29.8,14.44,43.7,28.5,32.2,14.1
Ultra,1,1500.0,2,1500.0,99,0.0,1,1200.0,1500.0,29.4,13.3,19.2,17.32,39.1,27.3,29.6,14.4,43.2,28.9,31.6,14.09
Ultra,1,1500.0,2,1500.0,8,1000.0,3,0.0,0.0,38.2,27.6,25.1,15.55,45.2,35.8,35.8,12.78,50.3,35.7,38.7,12.48
Ultra,1,1500.0,2,1500.0,8,1000.0,3,0.0,1500.0,37.3,28.0,23.1,15.68,44.6,35.8,35.3,12.86,49.4,36.3,37.3,12.57
Ultra,1,1500.0,2,1500.0,8,1000.0,3,800.0,0.0,38.3,25.5,25.4,15.71,44.4,32.9,35.0,13.32,50.0,34.3,38.4,12.92
Ultra,1,1500.0,2,1500.0,8,1000.0,3,800.0,1500.0,37.7,25.6,23.2,15.86,44.0,33.4,34.6,13.36,49.1,35.1,37.1,12.96
Ultra,1,1500.0,2,1500.0,8,1000.0,3,1200.0,0.0,38.5,27.4,25.2,15.59,45.0,34.1,35.8,12.99,50.6,35.8,39.0,12.44
Ultra,1,1500.0,2,1500.0,8,1000.0,3,1200.0,1500.0,37.4,27.9,23.1,15.72,44.3,34.3,35.3,13.07,49.5,36.6,37.6,12.52
Ultra,1,1500.0,2,1500.0,8,1000.0,4,0.0,0.0,39.2,32.4,27.3,14.62,45.8,40.5,37.8,12.2,47.8,39.2,39.3,12.13
Ultra,1,1500.0,2,1500.0,8,1000.0,4,0.0,1500.0,38.2,32.9,25.2,14.77,44.7,41.7,36.1,12.26,47.2,40.4,37.7,12.17
Ultra,1,1500.0,2,1500.0,8,1000.0,4,800.0,0.0,39.6,29.7,27.3,14.97,46.2,37.5,37.3,12.71,47.8,39.2,38.8,12.45
Ultra,1,1500.0,2,1500.0,8,1000.0,4,800.0,1500.0,38.5,30.1,25.1,15.14,45.3,39.3,35.3,12.72,47.2,40.6,37.6,12.42
Ultra,1,1500.0,2,1500.0,8,1000.0,4,1200.0,0.0,39.5,32.0,27.5,14.66,46.1,39.4,38.1,12.34,47.6,40.4,39.3,12.05
Ultra,1,1500.0,2,1500.0,8,1000.0,4,1200.0,1500.0,38.6,32.5,25.4,14.82,44.9,40.8,36.3,12.4,46.9,41.7,37.6,12.1
Ultra,1,1500.0,2,1500.0,12,2000.0,3,0.0,0.0,40.6,22.6,22.3,16.34,47.3,35.5,31.6,13.45,50.8,34.6,34.7,13.25
Ultra,1,1500.0,2,1500.0,12,2000.0,3,0.0,1500.0,39.3,23.1,21.0,16.41,46.8,35.6,31.0,13.46,49.2,35.4,33.5,13.27
Ultra,1,1500.0,2,1500.0,12,2000.0,3,800.0,0.0,40.9,21.4,22.3,16.43,46.8,32.2,30.8,13.96,50.6,33.5,34.1,13.58
Ultra,1,1500.0,2,1500.0,12,2000.0,3,800.0,1500.0,39.8,21.6,21.0,16.5,46.5,32.6,30.2,13.91,49.5,33.6,33.3,13.57
Ultra,1,1500.0,2,1500.0,12,2000.0,3,1200.0,0.0,40.6,22.7,22.2,16.37,47.3,33.5,31.6,13.62,50.9,34.9,34.9,13.2
Ultra,1,1500.0,2,1500.0,12,2000.0,3,1200.0,1500.0,39.2,23.3,20.9,16.44,46.7,33.8,31.0,13.62,49.4,35.4,33.6,13.23
Ultra,1,1500.0,2,1500.0,12,2000.0,4,0.0,0.0,41.3,29.0,22.8,15.81,47.1,41.4,32.5,13.06,50.5,36.3,35.4,13.06
Ultra,1,1500.0,2,1500.0,12,2000.0,4,0.0,1500.0,40.5,28.7,21.4,15.92,46.4,41.5,31.9,13.09,48.9,37.9,33.6,13.12
Ultra,1,1500.0,2,1500.0,12,2000.0,4,800.0,0.0,41.1,27.5,22.7,16.03,46.7,38.2,31.6,13.54,49.8,35.5,34.7,13.39
Ultra,1,1500.0,2,1500.0,12,2000.0,4,800.0,1500.0,40.5,27.0,21.4,16.13,45.6,38.7,30.8,13.55,49.1,36.5,33.6,13.4
Ultra,1,1500.0,2,1500.0,12,2000.0,4,1200.0,0.0,41.3,28.9,22.7,15.84,47.1,40.2,32.5,13.18,50.6,36.8,35.5,13.0
Ultra,1,1500.0,2,1500.0,12,2000.0,4,1200.0,1500.0,40.5,28.6,21.3,15.95,46.1,40.6,31.9,13.2,49.1,38.2,33.8,13.07
Ultra,2,0.0,1,0.0,99,0.0,1,0.0,0.0,44.0,44.3,33.4,10.59,47.9,47.3,42.7,7.68,47.5,47.3,43.2,7.28
Ultra,2,0.0,1,0.0,99,0.0,1,0.0,1500.0,42.4,45.8,31.7,10.76,44.9,50.0,39.3,7.92,43.9,50.8,39.3,7.43
Ultra,2,0.0,1,0.0,99,0.0,1,800.0,0.0,45.5,41.2,34.7,10.83,48.8,46.4,43.2,7.98,50.6,44.3,46.1,7.43
Ultra,2,0.0,1,0.0,99,0.0,1,800.0,1500.0,44.4,42.1,33.4,11.03,45.5,49.5,39.6,8.25,46.7,48.1,42.0,7.61
Ultra,2,0.0,1,0.0,99,0.0,1,1200.0,0.0,44.1,44.2,33.5,10.62,47.0,48.3,41.8,7.63,48.7,46.1,44.3,7.29
Ultra,2,0.0,1,0.0,99,0.0,1,1200.0,1500.0,42.8,45.4,32.1,10.8,44.7,50.3,39.6,7.88,45.1,49.5,40.6,7.46
Ultra,2,0.0,1,0.0,8,1000.0,3,0.0,0.0,45.9,47.4,36.8,9.82,45.2,53.2,43.2,7.08,46.4,51.7,44.3,6.79
Ultra,2,0.0,1,0.0,8,1000.0,3,0.0,1500.0,43.9,49.5,34.2,10.01,43.1,55.3,40.2,7.3,43.1,55.0,40.7,6.94
Ultra,2,0.0,1,0.0,8,1000.0,3,800.0,0.0,46.7,45.9,37.7,10.02,47.3,50.0,44.0,7.45,49.2,48.9,47.2,6.95
Ultra,2,0.0,1,0.0,8,1000.0,3,800.0,1500.0,45.5,47.3,35.7,10.24,44.7,52.3,40.5,7.72,45.1,53.0,42.9,7.13
Ultra,2,0.0,1,0.0,8,1000.0,3,1200.0,0.0,46.0,47.3,36.9,9.86,44.3,53.6,42.4,7.11,47.5,50.6,45.4,6.8
Ultra,2,0.0,1,0.0,8,1000.0,3,1200.0,1500.0,44.3,49.1,34.6,10.05,43.1,55.0,40.3,7.36,44.2,53.9,42.0,6.96
Ultra,2,0.0,1,0.0,8,1000.0,4,0.0,0.0,45.4,50.4,38.3,9.31,44.9,55.0,43.1,6.77,46.5,52.5,44.3,6.61
Ultra,2,0.0,1,0.0,8,1000.0,4,0.0,1500.0,42.9,52.8,34.1,9.62,42.6,57.3,40.2,7.0,43.7,54.9,40.7,6.83
Ultra,2,0.0,1,0.0,8,1000.0,4,800.0,0.0,46.3,48.7,39.2,9.55,47.3,52.1,44.3,7.15,48.9,50.5,46.7,6.73
Ultra,2,0.0,1,0.0,8,1000.0,4,800.0,1500.0,44.6,50.4,35.5,9.88,44.6,54.5,40.8,7.42,45.1,53.6,42.3,6.97
Ultra,2,0.0,1,0.0,8,1000.0,4,1200.0,0.0,45.5,50.3,38.5,9.35,44.7,54.7,42.7,6.81,47.6,51.4,45.4,6.62
Ultra,2,0.0,1,0.0,8,1000.0,4,1200.0,1500.0,43.4,52.4,34.5,9.66,42.9,56.8,40.6,7.02,44.8,53.8,42.0,6.86
Ultra,2,0.0,1,0.0,12,2000.0,3,0.0,0.0,47.1,48.0,34.9,10.09,47.0,51.8,43.4,7.33,47.0,51.1,43.4,7.02
Ultra,2,0.0,1,0.0,12,2000.0,3,0.0,1500.0,44.7,50.1,32.8,10.29,44.4,54.2,40.3,7.58,43.6,54.6,39.9,7.16
Ultra,2,0.0,1,0.0,12,2000.0,3,800.0,0.0,48.4,45.5,36.1,10.32,48.9,49.2,44.0,7.7,50.2,47.8,46.2,7.2
Ultra,2,0.0,1,0.0,12,2000.0,3,800.0,1500.0,46.7,46.8,34.5,10.54,45.6,52.4,40.8,7.97,46.2,51.7,42.3,7.37
Ultra,2,0.0,1,0.0,12,2000.0,3,1200.0,0.0,47.6,47.4,35.0,10.13,46.4,52.3,42.6,7.33,48.1,50.0,44.5,7.03
Ultra,2,0.0,1,0.0,12,2000.0,3,1200.0,1500.0,45.6,49.2,33.2,10.34,44.6,53.9,40.5,7.59,44.7,53.5,41.0,7.19
Ultra,2,0.0,1,0.0,12,2000.0,4,0.0,0.0,46.2,51.3,36.7,9.73,46.7,52.7,43.7,7.2,47.0,52.2,43.7,6.92
Ultra,2,0.0,1,0.0,12,2000.0,4,0.0,1500.0,44.4,53.1,34.5,9.92,44.3,55.1,40.6,7.44,43.9,55.0,39.9,7.09
Ultra,2,0.0,1,0.0,12,2000.0,4,800.0,0.0,46.7,49.9,37.8,10.0,48.6,50.8,44.6,7.5,49.8,49.7,46.2,7.1
Ultra,2,0.0,1,0.0,12,2000.0,4,800.0,1500.0,45.6,51.1,36.1,10.22,45.3,54.1,40.9,7.77,46.5,52.8,42.1,7.26
Ultra,2,0.0,1,0.0,12,2000.0,4,1200.0,0.0,46.3,51.3,36.8,9.76,45.9,53.5,42.9,7.18,48.1,51.1,44.8,6.94
Ultra,2,0.0,1,0.0,12,2000.0,4,1200.0,1500.0,44.8,52.8,34.9,9.95,44.3,55.1,40.8,7.43,45.0,53.9,41.0,7.12
Ultra,2,0.0,1,1000.0,99,0.0,1,0.0,0.0,42.3,35.2,32.8,12.12,45.9,46.2,39.9,8.74,49.8,44.2,42.5,8.1
Ultra,2,0.0,1,1000.0,99,0.0,1,0.0,1500.0,40.6,36.8,30.8,12.31,43.4,48.3,37.3,8.95,49.1,45.0,41.0,8.33
Ultra,2,0.0,1,1000.0,99,0.0,1,800.0,0.0,44.6,33.3,34.5,12.2,47.7,42.6,41.5,8.99,51.6,44.2,43.4,8.11
Ultra,2,0.0,1,1000.0,99,0.0,1,800.0,1500.0,43.6,34.3,33.1,12.41,44.9,44.7,38.5,9.31,50.2,45.3,41.8,8.34
Ultra,2,0.0,1,1000.0,99,0.0,1,1200.0,0.0,42.4,35.1,32.9,12.15,45.6,46.2,39.7,8.64,49.7,45.0,42.6,7.96
Ultra,2,0.0,1,1000.0,99,0.0,1,1200.0,1500.0,41.2,36.3,31.3,12.35,44.1,47.3,37.9,8.91,48.7,45.9,41.2,8.18
Ultra,2,0.0,1,1000.0,8,1000.0,3,0.0,0.0,45.2,38.5,35.7,11.43,46.5,47.9,41.1,8.41,50.3,46.2,44.5,7.82
Ultra,2,0.0,1,1000.0,8,1000.0,3,0.0,1500.0,42.8,40.2,33.0,11.67,44.3,49.8,38.5,8.64,49.8,46.5,43.6,8.04
Ultra,2,0.0,1,1000.0,8,1000.0,3,800.0,0.0,46.8,36.4,37.3,11.63,47.6,47.4,41.8,8.59,51.6,46.2,45.1,7.8
Ultra,2,0.0,1,1000.0,8,1000.0,3,800.0,1500.0,44.9,37.7,35.0,11.89,45.3,49.2,39.0,8.89,50.5,47.2,43.9,8.04
Ultra,2,0.0,1,1000.0,8,1000.0,3,1200.0,0.0,45.4,38.3,35.8,11.46,45.8,47.9,40.6,8.38,50.2,46.4,44.7,7.7
Ultra,2,0.0,1,1000.0,8,1000.0,3,1200.0,1500.0,43.4,39.7,33.5,11.72,44.4,48.9,38.7,8.66,49.5,47.0,43.6,7.93
Ultra,2,0.0,1,1000.0,8,1000.0,4,0.0,0.0,44.1,43.5,35.8,10.91,45.9,50.5,41.2,8.02,49.7,46.5,45.1,7.64
Ultra,2,0.0,1,1000.0,8,1000.0,4,0.0,1500.0,41.9,45.6,32.7,11.15,43.7,52.6,38.8,8.25,48.6,47.8,43.4,7.86
Ultra,2,0.0,1,1000.0,8,1000.0,4,800.0,0.0,46.3,41.6,37.4,11.13,46.8,48.9,42.1,8.22,51.1,46.7,45.9,7.64
Ultra,2,0.0,1,1000.0,8,1000.0,4,800.0,1500.0,44.7,42.9,34.9,11.39,44.7,51.1,39.3,8.53,49.5,48.4,43.7,7.87
Ultra,2,0.0,1,1000.0,8,1000.0,4,1200.0,0.0,44.2,43.4,35.9,10.94,45.6,50.6,40.8,7.97,49.5,46.7,45.3,7.52
Ultra,2,0.0,1,1000.0,8,1000.0,4,1200.0,1500.0,42.4,45.0,33.2,11.19,43.8,52.3,39.0,8.27,48.3,48.1,43.6,7.74
Ultra,2,0.0,1,1000.0,12,2000.0,3,0.0,0.0,45.2,40.6,33.9,11.64,48.3,47.3,41.1,8.47,50.0,46.9,43.7,7.92
Ultra,2,0.0,1,1000.0,12,2000.0,3,0.0,1500.0,43.4,42.3,32.0,11.83,45.3,49.8,38.5,8.67,49.1,47.8,42.3,8.15
Ultra,2,0.0,1,1000.0,12,2000.0,3,800.0,0.0,47.4,38.2,35.7,11.78,49.8,44.7,42.4,8.76,51.7,46.1,44.5,7.94
Ultra,2,0.0,1,1000.0,12,2000.0,3,800.0,1500.0,46.1,39.4,34.4,11.99,47.1,47.0,39.6,9.05,50.5,47.0,42.9,8.19
Ultra,2,0.0,1,1000.0,12,2000.0,3,1200.0,0.0,45.4,40.2,34.0,11.7,48.3,46.4,40.8,8.46,50.0,46.9,43.7,7.81
Ultra,2,0.0,1,1000.0,12,2000.0,3,1200.0,1500.0,43.9,41.5,32.5,11.9,46.4,47.9,39.0,8.72,49.1,47.8,42.3,8.04
Ultra,2,0.0,1,1000.0,12,2000.0,4,0.0,0.0,44.9,46.5,35.1,11.24,47.9,49.2,41.7,8.29,50.0,47.2,44.5,7.8
Ultra,2,0.0,1,1000.0,12,2000.0,4,0.0,1500.0,43.1,48.4,33.2,11.43,45.2,51.4,39.1,8.51,48.3,48.7,42.8,8.05
Ultra,2,0.0,1,1000.0,12,2000.0,4,800.0,0.0,46.5,43.6,36.8,11.47,49.1,47.6,42.9,8.52,51.7,45.9,45.3,7.86
Ultra,2,0.0,1,1000.0,12,2000.0,4,800.0,1500.0,45.1,44.9,35.5,11.67,46.7,49.5,40.2,8.83,49.8,47.6,43.4,8.11
Ultra,2,0.0,1,1000.0,12,2000.0,4,1200.0,0.0,45.0,46.4,35.2,11.28,47.6,49.5,41.1,8.24,50.0,47.2,44.5,7.69
Ultra,2,0.0,1,1000.0,12,2000.0,4,1200.0,1500.0,43.6,47.9,33.8,11.47,45.9,50.6,39.3,8.53,48.3,48.7,42.8,7.92
Ultra,2,0.0,1,1500.0,99,0.0,1,0.0,0.0,40.3,26.3,29.3,13.55,44.1,39.6,37.8,9.91,51.9,37.7,41.2,9.47
Ultra,2,0.0,1,1500.0,99,0.0,1,0.0,1500.0,38.6,27.7,27.4,13.74,41.1,41.8,34.7,10.11,50.5,39.2,39.6,9.72
Ultra,2,0.0,1,1500.0,99,0.0,1,800.0,0.0,42.1,24.2,30.5,13.73,45.9,38.4,38.7,10.28,52.2,38.4,41.2,9.5
Ultra,2,0.0,1,1500.0,99,0.0,1,800.0,1500.0,41.2,24.8,29.3,13.94,43.2,39.9,36.3,10.57,50.5,40.1,39.3,9.79
Ultra,2,0.0,1,1500.0,99,0.0,1,1200.0,0.0,40.4,26.2,29.4,13.58,45.0,39.1,38.4,10.0,52.0,38.1,41.5,9.43
Ultra,2,0.0,1,1500.0,99,0.0,1,1200.0,1500.0,39.2,27.1,28.0,13.78,42.9,40.5,36.1,10.25,50.6,39.5,39.9,9.7
Ultra,2,0.0,1,1500.0,8,1000.0,3,0.0,0.0,41.1,30.1,30.3,13.19,46.2,41.1,39.3,9.5,53.0,39.0,43.4,9.1
Ultra,2,0.0,1,1500.0,8,1000.0,3,0.0,1500.0,39.5,31.3,28.7,13.36,42.7,43.7,35.6,9.72,51.1,40.4,41.5,9.41
Ultra,2,0.0,1,1500.0,8,1000.0,3,800.0,0.0,42.9,27.7,31.7,13.36,47.0,39.9,39.9,9.96,52.4,38.8,43.1,9.17
Ultra,2,0.0,1,1500.0,8,1000.0,3,800.0,1500.0,42.1,28.2,30.6,13.56,44.6,41.7,36.9,10.27,50.6,40.3,40.9,9.52
Ultra,2,0.0,1,1500.0,8,1000.0,3,1200.0,0.0,41.5,29.7,30.4,13.25,46.2,41.2,39.9,9.63,53.1,38.4,43.1,9.12
Ultra,2,0.0,1,1500.0,8,1000.0,3,1200.0,1500.0,40.3,30.5,29.3,13.43,43.7,42.9,37.0,9.9,51.3,39.8,41.2,9.44
Ultra,2,0.0,1,1500.0,8,1000.0,4,0.0,0.0,41.8,31.6,31.2,12.82,45.3,42.4,39.1,9.45,52.7,41.0,43.9,8.95
Ultra,2,0.0,1,1500.0,8,1000.0,4,0.0,1500.0,39.7,32.9,29.2,13.05,42.4,44.6,36.6,9.63,50.9,42.9,41.8,9.22
Ultra,2,0.0,1,1500.0,8,1000.0,4,800.0,0.0,43.1,29.5,32.3,13.08,44.7,42.9,39.6,9.8,53.0,41.0,43.7,9.06
Ultra,2,0.0,1,1500.0,8,1000.0,4,800.0,1500.0,41.6,30.2,30.7,13.32,42.7,44.1,37.3,10.09,51.1,43.2,41.4,9.36
Ultra,2,0.0,1,1500.0,8,1000.0,4,1200.0,0.0,42.0,31.2,31.3,12.87,45.3,42.3,39.6,9.55,53.0,41.0,43.6,8.93
Ultra,2,0.0,1,1500.0,8,1000.0,4,1200.0,1500.0,40.3,32.2,29.7,13.11,43.2,43.7,37.5,9.78,51.3,42.9,41.5,9.21
Ultra,2,0.0,1,1500.0,12,2000.0,3,0.0,0.0,42.0,31.2,30.3,13.17,46.4,41.7,38.7,9.69,53.3,39.3,43.7,9.21
Ultra,2,0.0,1,1500.0,12,2000.0,3,0.0,1500.0,40.4,32.7,28.2,13.36,42.9,44.1,35.5,9.89,50.9,40.7,41.7,9.54
Ultra,2,0.0,1,1500.0,12,2000.0,3,800.0,0.0,43.8,28.7,31.9,13.37,48.2,39.6,39.6,10.08,53.0,38.5,43.4,9.33
Ultra,2,0.0,1,1500.0,12,2000.0,3,800.0,1500.0,43.2,29.3,30.3,13.58,44.9,41.2,37.0,10.4,50.9,39.9,41.0,9.71
Ultra,2,0.0,1,1500.0,12,2000.0,3,1200.0,0.0,42.2,30.9,30.4,13.24,47.0,40.6,39.3,9.81,53.3,39.0,43.7,9.2
Ultra,2,0.0,1,1500.0,12,2000.0,3,1200.0,1500.0,41.2,31.9,28.8,13.43,44.4,42.1,36.9,10.07,51.1,40.3,41.7,9.56
Ultra,2,0.0,1,1500.0,12,2000.0,4,0.0,0.0,42.3,35.4,31.2,12.87,45.8,42.3,39.0,9.66,52.7,40.6,43.6,9.17
Ultra,2,0.0,1,1500.0,12,2000.0,4,0.0,1500.0,39.8,37.1,29.4,13.07,42.4,45.3,35.6,9.84,50.2,42.8,41.2,9.47
Ultra,2,0.0,1,1500.0,12,2000.0,4,800.0,0.0,43.8,31.7,32.4,13.21,47.4,41.2,40.3,10.0,52.8,40.4,43.4,9.3
Ultra,2,0.0,1,1500.0,12,2000.0,4,800.0,1500.0,41.9,32.6,31.0,13.43,44.6,43.7,37.6,10.27,50.3,42.5,40.7,9.65
Ultra,2,0.0,1,1500.0,12,2000.0,4,1200.0,0.0,42.4,35.2,31.3,12.91,46.5,41.5,39.7,9.77,52.8,39.9,43.6,9.19
Ultra,2,0.0,1,1500.0,12,2000.0,4,1200.0,1500.0,40.4,36.4,30.0,13.12,44.1,43.7,37.2,10.0,50.5,42.0,41.2,9.51
Ultra,2,1000.0,1,0.0,99,0.0,1,0.0,0.0,43.2,41.3,29.7,11.43,49.2,44.3,42.0,8.24,49.7,43.7,43.6,7.85
Ultra,2,1000.0,1,0.0,99,0.0,1,0.0,1500.0,41.8,42.4,28.1,11.61,46.4,46.2,38.4,8.69,46.4,47.0,39.9,8.06
Ultra,2,1000.0,1,0.0,99,0.0,1,800.0,0.0,44.9,38.3,31.2,11.63,50.3,43.5,43.2,8.43,51.3,42.0,44.8,7.99
Ultra,2,1000.0,1,0.0,99,0.0,1,800.0,1500.0,43.8,39.3,29.9,11.83,47.0,46.2,39.6,8.81,48.3,45.0,41.4,8.25
Ultra,2,1000.0,1,0.0,99,0.0,1,1200.0,0.0,43.4,41.1,29.9,11.46,48.9,45.0,42.4,8.15,50.3,43.1,44.2,7.86
Ultra,2,1000.0,1,0.0,99,0.0,1,1200.0,1500.0,42.0,42.2,28.3,11.64,45.9,47.4,38.8,8.54,46.9,46.5,40.6,8.1
Ultra,2,1000.0,1,0.0,8,1000.0,3,0.0,0.0,43.7,44.4,31.9,10.73,46.8,50.0,42.1,7.62,48.6,48.4,44.2,7.35
Ultra,2,1000.0,1,0.0,8,1000.0,3,0.0,1500.0,42.0,46.4,29.6,10.94,45.6,51.1,39.6,8.0,46.1,51.4,41.2,7.52
Ultra,2,1000.0,1,0.0,8,1000.0,3,800.0,0.0,45.0,42.1,33.3,10.9,48.3,47.6,43.4,7.92,49.8,46.7,45.3,7.52
Ultra,2,1000.0,1,0.0,8,1000.0,3,800.0,1500.0,43.5,44.0,31.0,11.14,46.1,49.7,40.0,8.25,47.0,50.2,42.1,7.7
Ultra,2,1000.0,1,0.0,8,1000.0,3,1200.0,0.0,43.9,44.1,32.1,10.77,47.1,49.7,42.4,7.61,49.2,47.8,44.8,7.36
Ultra,2,1000.0,1,0.0,8,1000.0,3,1200.0,1500.0,42.2,46.1,29.8,10.98,45.3,51.2,39.7,7.97,46.5,50.9,41.8,7.55
Ultra,2,1000.0,1,0.0,8,1000.0,4,0.0,0.0,43.9,46.8,33.3,10.27,46.5,51.4,42.6,7.32,48.3,49.1,44.7,7.17
Ultra,2,1000.0,1,0.0,8,1000.0,4,0.0,1500.0,41.7,48.6,29.7,10.59,44.9,53.0,39.4,7.73,45.9,51.4,41.5,7.4
Ultra,2,1000.0,1,0.0,8,1000.0,4,800.0,0.0,45.2,45.2,34.5,10.46,47.9,48.9,43.7,7.66,49.5,48.1,45.4,7.29
Ultra,2,1000.0,1,0.0,8,1000.0,4,800.0,1500.0,43.5,46.7,31.1,10.78,45.8,51.2,40.2,8.01,46.7,50.8,42.1,7.54
Ultra,2,1000.0,1,0.0,8,1000.0,4,1200.0,0.0,44.1,46.6,33.5,10.3,46.8,51.1,43.1,7.3,48.9,48.4,45.3,7.18
Ultra,2,1000.0,1,0.0,8,1000.0,4,1200.0,1500.0,41.9,48.4,29.9,10.63,45.0,52.7,40.3,7.68,46.4,50.9,42.1,7.44
Ultra,2,1000.0,1,0.0,12,2000.0,3,0.0,0.0,46.6,44.1,31.1,10.97,48.5,48.5,42.6,7.88,49.4,48.0,43.7,7.56
Ultra,2,1000.0,1,0.0,12,2000.0,3,0.0,1500.0,44.4,46.0,29.5,11.17,46.2,50.5,39.3,8.28,46.2,51.3,40.7,7.72
Ultra,2,1000.0,1,0.0,12,2000.0,3,800.0,0.0,47.6,42.2,32.5,11.16,50.2,46.5,43.8,8.13,51.6,45.3,44.8,7.76
Ultra,2,1000.0,1,0.0,12,2000.0,3,800.0,1500.0,46.0,43.7,31.0,11.36,47.3,49.2,40.5,8.47,48.3,48.7,41.8,7.94
Ultra,2,1000.0,1,0.0,12,2000.0,3,1200.0,0.0,47.0,43.7,31.3,11.01,48.6,48.5,43.2,7.83,50.0,47.3,44.3,7.57
Ultra,2,1000.0,1,0.0,12,2000.0,3,1200.0,1500.0,44.8,45.6,29.7,11.21,46.2,50.8,39.7,8.19,46.7,50.8,41.2,7.76
Ultra,2,1000.0,1,0.0,12,2000.0,4,0.0,0.0,47.8,46.6,32.7,10.6,48.0,49.8,42.7,7.74,49.7,49.4,44.2,7.42
Ultra,2,1000.0,1,0.0,12,2000.0,4,0.0,1500.0,46.2,48.4,30.7,10.78,46.1,51.8,39.4,8.13,46.7,51.9,40.3,7.62
Ultra,2,1000.0,1,0.0,12,2000.0,4,800.0,0.0,48.4,45.2,33.9,10.82,49.7,48.6,44.1,7.97,51.7,47.6,45.3,7.58
Ultra,2,1000.0,1,0.0,12,2000.0,4,800.0,1500.0,47.1,46.7,32.0,11.03,47.0,51.1,40.5,8.32,48.7,50.0,41.5,7.8
Ultra,2,1000.0,1,0.0,12,2000.0,4,1200.0,0.0,48.0,46.5,32.9,10.62,48.3,50.0,43.4,7.67,50.3,48.7,44.8,7.43
Ultra,2,1000.0,1,0.0,12,2000.0,4,1200.0,1500.0,46.4,48.3,30.9,10.81,45.6,52.6,39.7,8.02,47.2,51.4,40.7,7.66
Ultra,2,1000.0,1,1000.0,99,0.0,1,0.0,0.0,42.3,32.7,29.8,12.79,46.8,42.4,39.6,9.31,49.5,42.5,41.5,8.67
Ultra,2,1000.0,1,1000.0,99,0.0,1,0.0,1500.0,41.0,34.0,27.8,13.0,45.0,43.7,37.9,9.55,48.4,44.2,40.3,8.85
Ultra,2,1000.0,1,1000.0,99,0.0,1,800.0,0.0,44.6,30.6,31.3,12.91,48.9,39.7,42.1,9.43,50.8,41.2,42.5,8.71
Ultra,2,1000.0,1,1000.0,99,0.0,1,800.0,1500.0,43.6,31.6,29.7,13.14,46.4,41.7,39.6,9.72,49.4,43.2,40.9,8.92
Ultra,2,1000.0,1,1000.0,99,0.0,1,1200.0,0.0,42.5,32.5,30.0,12.82,47.1,42.6,40.6,9.18,49.4,43.1,41.8,8.55
Ultra,2,1000.0,1,1000.0,99,0.0,1,1200.0,1500.0,41.3,33.6,28.1,13.04,45.0,44.0,38.7,9.41,48.6,44.5,40.7,8.76
Ultra,2,1000.0,1,1000.0,8,1000.0,3,0.0,0.0,44.1,36.2,31.7,12.16,48.5,44.1,40.5,8.95,50.6,44.3,42.9,8.32
Ultra,2,1000.0,1,1000.0,8,1000.0,3,0.0,1500.0,42.0,37.7,29.3,12.42,47.1,45.2,38.7,9.23,50.0,45.6,41.7,8.5
Ultra,2,1000.0,1,1000.0,8,1000.0,3,800.0,0.0,45.6,33.6,33.2,12.4,48.8,44.7,42.1,9.03,51.6,43.4,43.4,8.34
Ultra,2,1000.0,1,1000.0,8,1000.0,3,800.0,1500.0,43.7,35.1,30.9,12.68,46.8,46.4,39.7,9.31,50.5,45.1,41.7,8.57
Ultra,2,1000.0,1,1000.0,8,1000.0,3,1200.0,0.0,44.3,35.8,31.9,12.2,47.9,44.3,41.1,8.9,50.6,44.3,43.2,8.24
Ultra,2,1000.0,1,1000.0,8,1000.0,3,1200.0,1500.0,42.3,37.3,29.6,12.46,46.2,45.5,39.1,9.17,50.2,45.4,42.1,8.43
Ultra,2,1000.0,1,1000.0,8,1000.0,4,0.0,0.0,43.5,41.1,32.0,11.66,48.2,46.8,41.1,8.53,49.7,45.0,43.9,8.13
Ultra,2,1000.0,1,1000.0,8,1000.0,4,0.0,1500.0,41.4,42.7,29.3,11.91,46.1,47.7,39.6,8.85,48.3,46.9,42.6,8.31
Ultra,2,1000.0,1,1000.0,8,1000.0,4,800.0,0.0,45.4,39.4,33.2,11.9,48.3,46.1,42.3,8.66,50.9,44.2,44.2,8.19
Ultra,2,1000.0,1,1000.0,8,1000.0,4,800.0,1500.0,43.9,40.5,30.9,12.16,46.4,47.7,39.9,8.98,49.2,46.5,42.5,8.42
Ultra,2,1000.0,1,1000.0,8,1000.0,4,1200.0,0.0,43.7,40.9,32.2,11.7,47.6,47.3,41.5,8.48,49.7,45.0,44.2,8.04
Ultra,2,1000.0,1,1000.0,8,1000.0,4,1200.0,1500.0,41.7,42.4,29.6,11.95,45.6,48.2,39.7,8.81,48.4,46.7,43.1,8.24
Ultra,2,1000.0,1,1000.0,12,2000.0,3,0.0,0.0,44.7,38.2,31.1,12.32,49.8,44.1,40.6,9.01,50.8,45.1,42.9,8.42
Ultra,2,1000.0,1,1000.0,12,2000.0,3,0.0,1500.0,43.3,39.5,29.0,12.54,47.7,45.6,39.0,9.23,49.1,46.9,41.4,8.63
Ultra,2,1000.0,1,1000.0,12,2000.0,3,800.0,0.0,46.5,35.6,32.6,12.5,51.5,41.7,42.6,9.22,52.5,44.3,43.6,8.47
Ultra,2,1000.0,1,1000.0,12,2000.0,3,800.0,1500.0,45.2,36.7,30.7,12.72,48.9,43.8,40.2,9.49,50.3,46.1,41.8,8.71
Ultra,2,1000.0,1,1000.0,12,2000.0,3,1200.0,0.0,44.9,37.5,31.3,12.38,50.2,43.1,41.5,8.97,50.8,45.0,43.1,8.35
Ultra,2,1000.0,1,1000.0,12,2000.0,3,1200.0,1500.0,43.6,38.7,29.4,12.6,47.9,44.7,39.6,9.2,49.2,46.7,41.7,8.57
Ultra,2,1000.0,1,1000.0,12,2000.0,4,0.0,0.0,45.6,43.1,32.3,11.97,49.5,45.5,41.4,8.9,51.3,45.4,43.7,8.27
Ultra,2,1000.0,1,1000.0,12,2000.0,4,0.0,1500.0,43.8,44.8,30.4,12.17,47.9,46.1,39.6,9.19,48.6,47.5,41.8,8.51
Ultra,2,1000.0,1,1000.0,12,2000.0,4,800.0,0.0,47.3,39.7,33.6,12.24,50.8,44.3,43.4,9.01,53.0,44.5,44.3,8.32
Ultra,2,1000.0,1,1000.0,12,2000.0,4,800.0,1500.0,45.8,41.4,31.8,12.48,48.2,45.6,40.6,9.36,50.3,46.7,42.3,8.57
Ultra,2,1000.0,1,1000.0,12,2000.0,4,1200.0,0.0,45.8,42.8,32.5,12.01,49.7,45.9,42.0,8.81,51.3,45.4,43.9,8.19
Ultra,2,1000.0,1,1000.0,12,2000.0,4,1200.0,1500.0,44.1,44.5,30.7,12.22,47.6,46.7,39.9,9.1,48.7,47.3,42.1,8.45
Ultra,2,1000.0,1,1500.0,99,0.0,1,0.0,0.0,39.6,25.8,27.8,13.96,44.4,37.9,37.9,10.36,50.3,36.3,40.1,9.91
Ultra,2,1000.0,1,1500.0,99,0.0,1,0.0,1500.0,37.9,27.1,25.8,14.16,42.7,39.1,36.1,10.63,48.7,37.7,38.8,10.16
Ultra,2,1000.0,1,1500.0,99,0.0,1,800.0,0.0,41.2,23.7,29.2,14.14,46.4,34.7,38.8,10.77,50.9,36.2,41.0,9.97
Ultra,2,1000.0,1,1500.0,99,0.0,1,800.0,1500.0,39.9,24.6,27.5,14.34,44.4,36.0,36.9,11.05,49.2,37.7,39.5,10.22
Ultra,2,1000.0,1,1500.0,99,0.0,1,1200.0,0.0,39.8,25.6,28.0,13.99,45.8,36.0,38.5,10.5,50.8,36.2,40.9,9.9
Ultra,2,1000.0,1,1500.0,99,0.0,1,1200.0,1500.0,38.3,26.6,26.2,14.19,44.1,37.0,36.7,10.78,49.2,37.6,39.6,10.15
Ultra,2,1000.0,1,1500.0,8,1000.0,3,0.0,0.0,40.3,29.4,28.5,13.6,46.2,39.7,39.0,9.96,52.2,37.6,41.7,9.53
Ultra,2,1000.0,1,1500.0,8,1000.0,3,0.0,1500.0,38.3,30.6,26.9,13.79,44.9,40.9,36.7,10.28,50.5,38.8,39.9,9.83
Ultra,2,1000.0,1,1500.0,8,1000.0,3,800.0,0.0,41.9,27.0,30.1,13.78,47.7,36.6,39.9,10.44,52.8,36.6,42.3,9.63
Ultra,2,1000.0,1,1500.0,8,1000.0,3,800.0,1500.0,40.2,27.9,28.6,13.96,46.4,37.8,37.5,10.77,50.9,37.7,40.3,9.95
Ultra,2,1000.0,1,1500.0,8,1000.0,3,1200.0,0.0,40.9,28.8,28.7,13.66,47.1,38.4,39.6,10.13,52.8,36.5,42.1,9.58
Ultra,2,1000.0,1,1500.0,8,1000.0,3,1200.0,1500.0,39.0,30.0,27.2,13.85,45.8,39.4,37.3,10.45,51.1,37.7,40.4,9.87
Ultra,2,1000.0,1,1500.0,8,1000.0,4,0.0,0.0,40.5,30.9,28.8,13.31,45.2,41.1,38.5,9.9,51.9,39.8,42.3,9.38
Ultra,2,1000.0,1,1500.0,8,1000.0,4,0.0,1500.0,38.5,32.1,26.8,13.54,43.7,42.1,37.2,10.19,50.5,41.5,40.6,9.63
Ultra,2,1000.0,1,1500.0,8,1000.0,4,800.0,0.0,41.9,28.8,30.1,13.55,46.5,39.9,39.4,10.26,52.8,39.0,43.2,9.53
Ultra,2,1000.0,1,1500.0,8,1000.0,4,800.0,1500.0,40.0,29.8,28.2,13.78,45.5,40.8,37.9,10.54,51.1,40.9,41.2,9.77
Ultra,2,1000.0,1,1500.0,8,1000.0,4,1200.0,0.0,40.9,30.5,29.0,13.36,46.7,39.6,39.4,10.01,52.5,39.3,42.8,9.39
Ultra,2,1000.0,1,1500.0,8,1000.0,4,1200.0,1500.0,38.9,31.6,27.1,13.59,45.0,40.6,37.8,10.3,51.1,41.0,41.0,9.64
Ultra,2,1000.0,1,1500.0,12,2000.0,3,0.0,0.0,41.2,31.5,29.3,13.54,46.4,39.7,38.5,10.15,53.0,38.5,42.0,9.6
Ultra,2,1000.0,1,1500.0,12,2000.0,3,0.0,1500.0,39.5,32.8,27.0,13.73,44.6,41.1,36.4,10.44,50.8,39.2,40.3,9.96
Ultra,2,1000.0,1,1500.0,12,2000.0,3,800.0,0.0,43.3,28.8,30.8,13.72,49.4,36.1,39.9,10.56,53.5,36.6,42.6,9.78
Ultra,2,1000.0,1,1500.0,12,2000.0,3,800.0,1500.0,42.1,29.7,28.7,13.93,47.0,37.5,37.6,10.88,51.1,37.7,40.6,10.12
Ultra,2,1000.0,1,1500.0,12,2000.0,3,1200.0,0.0,41.5,31.0,29.5,13.6,48.0,37.3,39.1,10.33,53.5,37.9,42.5,9.62
Ultra,2,1000.0,1,1500.0,12,2000.0,3,1200.0,1500.0,40.0,32.2,27.4,13.8,46.2,38.5,37.0,10.62,51.3,38.5,40.7,9.97
Ultra,2,1000.0,1,1500.0,12,2000.0,4,0.0,0.0,42.1,35.5,30.2,13.2,47.0,40.5,39.6,10.05,52.7,39.8,42.5,9.51
Ultra,2,1000.0,1,1500.0,12,2000.0,4,0.0,1500.0,39.6,37.1,28.0,13.41,45.0,42.4,37.2,10.32,50.5,41.4,40.6,9.82
Ultra,2,1000.0,1,1500.0,12,2000.0,4,800.0,0.0,43.6,31.6,31.2,13.54,49.5,38.1,41.4,10.41,53.3,39.2,43.2,9.67
Ultra,2,1000.0,1,1500.0,12,2000.0,4,800.0,1500.0,41.3,32.8,29.4,13.76,47.0,40.3,38.7,10.7,51.1,40.6,41.0,9.97
Ultra,2,1000.0,1,1500.0,12,2000.0,4,1200.0,0.0,42.3,35.2,30.4,13.24,48.3,38.7,40.3,10.21,53.3,39.0,42.9,9.54
Ultra,2,1000.0,1,1500.0,12,2000.0,4,1200.0,1500.0,40.0,36.6,28.4,13.45,46.4,40.6,37.9,10.49,51.1,40.6,41.0,9.86
Ultra,2,1000.0,2,0.0,99,0.0,1,0.0,0.0,44.0,44.3,33.4,10.59,47.9,47.3,42.7,7.68,47.5,47.3,43.2,7.28
Ultra,2,1000.0,2,0.0,99,0.0,1,0.0,1500.0,42.4,45.8,31.7,10.76,44.9,50.0,39.3,7.92,43.9,50.8,39.3,7.43
Ultra,2,1000.0,2,0.0,99,0.0,1,800.0,0.0,45.5,41.2,34.7,10.83,48.8,46.4,43.2,7.98,50.6,44.3,46.1,7.43
Ultra,2,1000.0,2,0.0,99,0.0,1,800.0,1500.0,44.4,42.1,33.4,11.03,45.5,49.5,39.6,8.25,46.7,48.1,42.0,7.61
Ultra,2,1000.0,2,0.0,99,0.0,1,1200.0,0.0,44.1,44.2,33.5,10.62,47.0,48.3,41.8,7.63,48.7,46.1,44.3,7.29
Ultra,2,1000.0,2,0.0,99,0.0,1,1200.0,1500.0,42.8,45.4,32.1,10.8,44.7,50.3,39.6,7.88,45.1,49.5,40.6,7.46
Ultra,2,1000.0,2,0.0,8,1000.0,3,0.0,0.0,45.9,47.4,36.8,9.82,45.2,53.2,43.2,7.08,46.4,51.7,44.3,6.79
Ultra,2,1000.0,2,0.0,8,1000.0,3,0.0,1500.0,43.9,49.5,34.2,10.01,43.1,55.3,40.2,7.3,43.1,55.0,40.7,6.94
Ultra,2,1000.0,2,0.0,8,1000.0,3,800.0,0.0,46.7,45.9,37.7,10.02,47.3,50.0,44.0,7.45,49.2,48.9,47.2,6.95
Ultra,2,1000.0,2,0.0,8,1000.0,3,800.0,1500.0,45.5,47.3,35.7,10.24,44.7,52.3,40.5,7.72,45.1,53.0,42.9,7.13
Ultra,2,1000.0,2,0.0,8,1000.0,3,1200.0,0.0,46.0,47.3,36.9,9.86,44.3,53.6,42.4,7.11,47.5,50.6,45.4,6.8
Ultra,2,1000.0,2,0.0,8,1000.0,3,1200.0,1500.0,44.3,49.1,34.6,10.05,43.1,55.0,40.3,7.36,44.2,53.9,42.0,6.96
Ultra,2,1000.0,2,0.0,8,1000.0,4,0.0,0.0,45.4,50.4,38.3,9.31,44.9,55.0,43.1,6.77,46.5,52.5,44.3,6.61
Ultra,2,1000.0,2,0.0,8,1000.0,4,0.0,1500.0,42.9,52.8,34.1,9.62,42.6,57.3,40.2,7.0,43.7,54.9,40.7,6.83
Ultra,2,1000.0,2,0.0,8,1000.0,4,800.0,0.0,46.3,48.7,39.2,9.55,47.3,52.1,44.3,7.15,48.9,50.5,46.7,6.73
Ultra,2,1000.0,2,0.0,8,1000.0,4,800.0,1500.0,44.6,50.4,35.5,9.88,44.6,54.5,40.8,7.42,45.1,53.6,42.3,6.97
Ultra,2,1000.0,2,0.0,8,1000.0,4,1200.0,0.0,45.5,50.3,38.5,9.35,44.7,54.7,42.7,6.81,47.6,51.4,45.4,6.62
Ultra,2,1000.0,2,0.0,8,1000.0,4,1200.0,1500.0,43.4,52.4,34.5,9.66,42.9,56.8,40.6,7.02,44.8,53.8,42.0,6.86
Ultra,2,1000.0,2,0.0,12,2000.0,3,0.0,0.0,47.1,48.0,34.9,10.09,47.0,51.8,43.4,7.33,47.0,51.1,43.4,7.02
Ultra,2,1000.0,2,0.0,12,2000.0,3,0.0,1500.0,44.7,50.1,32.8,10.29,44.4,54.2,40.3,7.58,43.6,54.6,39.9,7.16
Ultra,2,1000.0,2,0.0,12,2000.0,3,800.0,0.0,48.4,45.5,36.1,10.32,48.9,49.2,44.0,7.7,50.2,47.8,46.2,7.2
Ultra,2,1000.0,2,0.0,12,2000.0,3,800.0,1500.0,46.7,46.8,34.5,10.54,45.6,52.4,40.8,7.97,46.2,51.7,42.3,7.37
Ultra,2,1000.0,2,0.0,12,2000.0,3,1200.0,0.0,47.6,47.4,35.0,10.13,46.4,52.3,42.6,7.33,48.1,50.0,44.5,7.03
Ultra,2,1000.0,2,0.0,12,2000.0,3,1200.0,1500.0,45.6,49.2,33.2,10.34,44.6,53.9,40.5,7.59,44.7,53.5,41.0,7.19
Ultra,2,1000.0,2,0.0,12,2000.0,4,0.0,0.0,46.2,51.3,36.7,9.73,46.7,52.7,43.7,7.2,47.0,52.2,43.7,6.92
Ultra,2,1000.0,2,0.0,12,2000.0,4,0.0,1500.0,44.4,53.1,34.5,9.92,44.3,55.1,40.6,7.44,43.9,55.0,39.9,7.09
Ultra,2,1000.0,2,0.0,12,2000.0,4,800.0,0.0,46.7,49.9,37.8,10.0,48.6,50.8,44.6,7.5,49.8,49.7,46.2,7.1
Ultra,2,1000.0,2,0.0,12,2000.0,4,800.0,1500.0,45.6,51.1,36.1,10.22,45.3,54.1,40.9,7.77,46.5,52.8,42.1,7.26
Ultra,2,1000.0,2,0.0,12,2000.0,4,1200.0,0.0,46.3,51.3,36.8,9.76,45.9,53.5,42.9,7.18,48.1,51.1,44.8,6.94
Ultra,2,1000.0,2,0.0,12,2000.0,4,1200.0,1500.0,44.8,52.8,34.9,9.95,44.3,55.1,40.8,7.43,45.0,53.9,41.0,7.12
Ultra,2,1000.0,2,1000.0,99,0.0,1,0.0,0.0,42.2,35.4,32.7,12.12,45.9,46.2,39.9,8.74,50.0,44.0,42.6,8.1
Ultra,2,1000.0,2,1000.0,99,0.0,1,0.0,1500.0,40.5,37.0,30.7,12.3,43.4,48.3,37.3,8.95,49.1,45.0,41.0,8.33
Ultra,2,1000.0,2,1000.0,99,0.0,1,800.0,0.0,44.5,33.4,34.4,12.2,47.6,42.7,41.4,8.99,51.7,44.0,43.6,8.1
Ultra,2,1000.0,2,1000.0,99,0.0,1,800.0,1500.0,43.5,34.4,33.0,12.41,44.7,44.9,38.4,9.31,50.2,45.3,41.8,8.34
Ultra,2,1000.0,2,1000.0,99,0.0,1,1200.0,0.0,42.3,35.3,32.8,12.14,45.6,46.2,39.7,8.64,49.8,44.8,42.8,7.96
Ultra,2,1000.0,2,1000.0,99,0.0,1,1200.0,1500.0,41.1,36.5,31.2,12.34,44.1,47.3,37.9,8.9,48.7,45.9,41.2,8.18
Ultra,2,1000.0,2,1000.0,8,1000.0,3,0.0,0.0,45.1,38.7,35.6,11.43,46.5,47.9,41.1,8.41,50.5,46.1,44.7,7.81
Ultra,2,1000.0,2,1000.0,8,1000.0,3,0.0,1500.0,42.7,40.4,32.9,11.66,44.3,49.8,38.5,8.64,49.8,46.5,43.6,8.04
Ultra,2,1000.0,2,1000.0,8,1000.0,3,800.0,0.0,46.7,36.5,37.2,11.64,47.4,47.6,41.7,8.59,51.7,46.1,45.3,7.79
Ultra,2,1000.0,2,1000.0,8,1000.0,3,800.0,1500.0,44.8,37.8,34.9,11.89,45.2,49.4,38.8,8.89,50.5,47.2,43.9,8.04
Ultra,2,1000.0,2,1000.0,8,1000.0,3,1200.0,0.0,45.2,38.6,35.7,11.46,45.8,47.9,40.6,8.38,50.3,46.2,44.8,7.7
Ultra,2,1000.0,2,1000.0,8,1000.0,3,1200.0,1500.0,43.3,39.9,33.4,11.71,44.4,48.9,38.7,8.66,49.5,47.0,43.6,7.92
Ultra,2,1000.0,2,1000.0,8,1000.0,4,0.0,0.0,44.0,43.7,35.7,10.91,45.9,50.5,41.2,8.02,49.8,46.4,45.3,7.63
Ultra,2,1000.0,2,1000.0,8,1000.0,4,0.0,1500.0,41.8,45.8,32.6,11.14,43.7,52.6,38.8,8.25,48.6,47.8,43.4,7.86
Ultra,2,1000.0,2,1000.0,8,1000.0,4,800.0,0.0,46.2,41.7,37.3,11.13,46.7,49.1,42.0,8.22,51.3,46.5,46.1,7.64
Ultra,2,1000.0,2,1000.0,8,1000.0,4,800.0,1500.0,44.7,42.9,34.9,11.38,44.6,51.2,39.1,8.53,49.5,48.4,43.7,7.87
Ultra,2,1000.0,2,1000.0,8,1000.0,4,1200.0,0.0,44.1,43.6,35.8,10.94,45.6,50.6,40.8,7.97,49.7,46.5,45.4,7.51
Ultra,2,1000.0,2,1000.0,8,1000.0,4,1200.0,1500.0,42.3,45.2,33.1,11.19,43.8,52.3,39.0,8.27,48.3,48.1,43.6,7.73
Ultra,2,1000.0,2,1000.0,12,2000.0,3,0.0,0.0,45.1,40.9,33.8,11.64,48.3,47.3,41.1,8.47,50.2,46.7,43.9,7.92
Ultra,2,1000.0,2,1000.0,12,2000.0,3,0.0,1500.0,43.3,42.5,31.9,11.82,45.3,49.8,38.5,8.67,49.1,47.8,42.3,8.15
Ultra,2,1000.0,2,1000.0,12,2000.0,3,800.0,0.0,47.3,38.3,35.6,11.79,49.7,44.9,42.3,8.76,51.9,45.9,44.7,7.94
Ultra,2,1000.0,2,1000.0,12,2000.0,3,800.0,1500.0,46.0,39.5,34.3,11.99,47.0,47.1,39.4,9.05,50.5,47.0,42.9,8.19
Ultra,2,1000.0,2,1000.0,12,2000.0,3,1200.0,0.0,45.2,40.4,33.9,11.7,48.3,46.4,40.8,8.46,50.2,46.7,43.9,7.81
Ultra,2,1000.0,2,1000.0,12,2000.0,3,1200.0,1500.0,43.8,41.7,32.4,11.89,46.4,47.9,39.0,8.71,49.1,47.8,42.3,8.03
Ultra,2,1000.0,2,1000.0,12,2000.0,4,0.0,0.0,45.0,46.7,35.1,11.23,47.9,49.2,41.7,8.29,50.2,47.0,44.7,7.8
Ultra,2,1000.0,2,1000.0,12,2000.0,4,0.0,1500.0,43.2,48.6,33.1,11.41,45.2,51.4,39.1,8.51,48.3,48.7,42.8,8.04
Ultra,2,1000.0,2,1000.0,12,2000.0,4,800.0,0.0,46.6,43.7,36.8,11.46,48.9,47.7,42.7,8.52,51.9,45.8,45.4,7.86
Ultra,2,1000.0,2,1000.0,12,2000.0,4,800.0,1500.0,45.2,45.0,35.4,11.66,46.5,49.7,40.0,8.83,49.8,47.6,43.4,8.11
Ultra,2,1000.0,2,1000.0,12,2000.0,4,1200.0,0.0,45.1,46.6,35.2,11.26,47.6,49.5,41.1,8.24,50.2,47.0,44.7,7.68
Ultra,2,1000.0,2,1000.0,12,2000.0,4,1200.0,1500.0,43.7,48.1,33.6,11.46,45.9,50.6,39.3,8.53,48.3,48.7,42.8,7.92
Ultra,2,1000.0,2,1500.0,99,0.0,1,0.0,0.0,39.5,27.4,29.2,13.49,44.0,39.6,37.9,9.89,52.7,37.1,41.8,9.42
Ultra,2,1000.0,2,1500.0,99,0.0,1,0.0,1500.0,37.6,28.8,27.2,13.68,41.4,41.7,35.0,10.07,51.1,38.5,40.3,9.7
Ultra,2,1000.0,2,1500.0,99,0.0,1,800.0,0.0,41.6,25.2,30.7,13.66,45.9,38.4,38.7,10.26,53.1,37.6,42.0,9.45
Ultra,2,1000.0,2,1500.0,99,0.0,1,800.0,1500.0,40.5,25.8,29.4,13.86,43.5,39.7,36.4,10.53,51.3,39.3,40.1,9.74
Ultra,2,1000.0,2,1500.0,99,0.0,1,1200.0,0.0,39.6,27.3,29.3,13.52,44.9,39.1,38.4,9.97,52.8,37.4,42.1,9.4
Ultra,2,1000.0,2,1500.0,99,0.0,1,1200.0,1500.0,38.2,28.2,27.8,13.72,43.2,40.3,36.3,10.21,51.3,38.8,40.6,9.67
Ultra,2,1000.0,2,1500.0,8,1000.0,3,0.0,0.0,40.2,31.2,30.2,13.13,46.1,41.1,39.4,9.48,53.5,38.5,44.0,9.06
Ultra,2,1000.0,2,1500.0,8,1000.0,3,0.0,1500.0,38.6,32.6,28.5,13.3,42.9,43.5,36.1,9.69,51.9,39.9,42.1,9.38
Ultra,2,1000.0,2,1500.0,8,1000.0,3,800.0,0.0,42.4,28.6,31.9,13.29,46.8,39.9,39.9,9.95,53.1,38.2,43.9,9.13
Ultra,2,1000.0,2,1500.0,8,1000.0,3,800.0,1500.0,41.5,29.3,30.7,13.48,44.7,41.5,37.2,10.24,51.6,39.6,41.7,9.47
Ultra,2,1000.0,2,1500.0,8,1000.0,3,1200.0,0.0,40.6,30.8,30.3,13.18,46.1,41.2,39.9,9.6,53.8,37.9,43.7,9.09
Ultra,2,1000.0,2,1500.0,8,1000.0,3,1200.0,1500.0,39.4,31.8,29.0,13.36,43.8,42.7,37.3,9.87,52.2,39.3,41.8,9.41
Ultra,2,1000.0,2,1500.0,8,1000.0,4,0.0,0.0,41.1,32.5,31.1,12.76,45.2,42.4,39.3,9.43,53.1,40.6,44.5,8.9
Ultra,2,1000.0,2,1500.0,8,1000.0,4,0.0,1500.0,39.1,34.0,28.9,12.98,42.3,44.7,36.6,9.6,51.4,42.5,42.5,9.2
Ultra,2,1000.0,2,1500.0,8,1000.0,4,800.0,0.0,42.6,30.2,32.5,13.01,44.6,42.9,39.6,9.78,53.6,40.4,44.5,9.02
Ultra,2,1000.0,2,1500.0,8,1000.0,4,800.0,1500.0,41.3,31.0,30.8,13.24,42.4,44.3,37.2,10.07,51.7,42.6,42.1,9.32
Ultra,2,1000.0,2,1500.0,8,1000.0,4,1200.0,0.0,41.3,32.2,31.2,12.8,45.2,42.3,39.6,9.53,53.5,40.6,44.2,8.9
Ultra,2,1000.0,2,1500.0,8,1000.0,4,1200.0,1500.0,39.7,33.2,29.5,13.04,43.1,43.8,37.3,9.75,51.7,42.5,42.1,9.19
Ultra,2,1000.0,2,1500.0,12,2000.0,3,0.0,0.0,41.3,32.2,30.2,13.11,46.2,41.7,38.8,9.66,53.9,38.7,44.3,9.16
Ultra,2,1000.0,2,1500.0,12,2000.0,3,0.0,1500.0,39.6,33.8,28.0,13.29,43.1,44.0,35.8,9.84,51.7,40.6,42.3,9.5
Ultra,2,1000.0,2,1500.0,12,2000.0,3,800.0,0.0,43.4,29.6,32.1,13.29,48.0,39.6,39.6,10.06,53.8,37.7,44.2,9.29
Ultra,2,1000.0,2,1500.0,12,2000.0,3,800.0,1500.0,42.6,30.2,30.4,13.5,45.2,41.1,37.2,10.35,51.7,39.6,41.8,9.64
Ultra,2,1000.0,2,1500.0,12,2000.0,3,1200.0,0.0,41.5,31.9,30.3,13.17,46.8,40.6,39.3,9.79,53.9,38.4,44.3,9.18
Ultra,2,1000.0,2,1500.0,12,2000.0,3,1200.0,1500.0,40.3,32.9,28.6,13.36,44.6,42.0,37.0,10.02,51.9,40.1,42.3,9.51
Ultra,2,1000.0,2,1500.0,12,2000.0,4,0.0,0.0,41.9,36.6,31.1,12.79,45.9,42.1,39.3,9.63,53.3,39.9,44.3,9.12
Ultra,2,1000.0,2,1500.0,12,2000.0,4,0.0,1500.0,39.4,38.2,29.2,12.98,42.9,45.0,36.1,9.79,50.8,42.6,42.0,9.42
Ultra,2,1000.0,2,1500.0,12,2000.0,4,800.0,0.0,43.7,32.6,32.6,13.11,47.4,41.2,40.5,9.97,53.6,39.6,44.3,9.26
Ultra,2,1000.0,2,1500.0,12,2000.0,4,800.0,1500.0,41.8,33.5,31.1,13.33,44.9,43.4,37.9,10.23,51.1,42.1,41.7,9.58
Ultra,2,1000.0,2,1500.0,12,2000.0,4,1200.0,0.0,42.0,36.4,31.2,12.82,46.7,41.4,39.9,9.74,53.3,39.6,44.3,9.15
Ultra,2,1000.0,2,1500.0,12,2000.0,4,1200.0,1500.0,40.0,37.5,29.8,13.03,44.6,43.4,37.5,9.95,50.9,42.1,42.0,9.46
Ultra,2,1500.0,1,0.0,99,0.0,1,0.0,0.0,40.5,36.3,27.9,12.25,47.9,41.5,39.6,9.06,50.3,41.7,41.0,8.49
Ultra,2,1500.0,1,0.0,99,0.0,1,0.0,1500.0,38.5,37.5,26.1,12.54,44.3,43.7,36.0,9.61,47.2,43.6,37.6,8.94
Ultra,2,1500.0,1,0.0,99,0.0,1,800.0,0.0,41.9,34.1,28.9,12.45,48.3,41.7,40.3,9.18,51.7,40.3,42.1,8.63
Ultra,2,1500.0,1,0.0,99,0.0,1,800.0,1500.0,40.0,35.1,27.4,12.75,44.4,44.1,36.6,9.72,48.6,42.3,38.5,9.13
Ultra,2,1500.0,1,0.0,99,0.0,1,1200.0,0.0,40.6,36.2,28.0,12.29,47.6,42.3,39.7,8.95,50.9,41.0,41.7,8.5
Ultra,2,1500.0,1,0.0,99,0.0,1,1200.0,1500.0,38.6,37.4,26.2,12.57,44.0,44.6,36.1,9.5,47.8,42.9,38.1,8.98
Ultra,2,1500.0,1,0.0,8,1000.0,3,0.0,0.0,41.3,39.8,29.0,11.6,45.9,47.4,40.3,8.4,49.4,45.1,41.8,8.12
Ultra,2,1500.0,1,0.0,8,1000.0,3,0.0,1500.0,39.5,41.0,27.0,11.9,44.4,48.6,37.3,8.94,47.0,46.5,39.5,8.5
Ultra,2,1500.0,1,0.0,8,1000.0,3,800.0,0.0,41.8,38.2,29.8,11.83,47.0,46.1,40.9,8.63,50.6,43.4,43.1,8.29
Ultra,2,1500.0,1,0.0,8,1000.0,3,800.0,1500.0,40.3,39.2,28.0,12.13,45.0,47.9,37.6,9.13,48.1,45.0,40.6,8.72
Ultra,2,1500.0,1,0.0,8,1000.0,3,1200.0,0.0,41.4,39.7,29.2,11.64,45.8,47.7,40.5,8.35,50.0,44.5,42.5,8.13
Ultra,2,1500.0,1,0.0,8,1000.0,3,1200.0,1500.0,39.6,40.9,27.1,11.93,44.3,49.1,37.5,8.87,47.5,46.1,39.8,8.54
Ultra,2,1500.0,1,0.0,8,1000.0,4,0.0,0.0,42.7,40.9,30.9,11.18,46.7,48.3,40.6,8.14,49.5,46.4,42.3,7.9
Ultra,2,1500.0,1,0.0,8,1000.0,4,0.0,1500.0,40.3,41.9,27.4,11.6,44.6,50.2,37.3,8.68,47.0,47.6,39.5,8.36
Ultra,2,1500.0,1,0.0,8,1000.0,4,800.0,0.0,42.8,40.9,31.7,11.32,46.7,47.0,41.1,8.42,50.3,45.3,42.9,8.06
Ultra,2,1500.0,1,0.0,8,1000.0,4,800.0,1500.0,40.6,41.6,28.5,11.75,44.6,49.1,37.6,8.92,47.5,46.9,39.8,8.56
Ultra,2,1500.0,1,0.0,8,1000.0,4,1200.0,0.0,42.8,40.8,31.0,11.22,46.4,48.8,40.6,8.08,50.2,45.8,42.9,7.91
Ultra,2,1500.0,1,0.0,8,1000.0,4,1200.0,1500.0,40.4,41.8,27.5,11.64,44.7,50.6,37.6,8.59,47.5,47.2,39.8,8.4
Ultra,2,1500.0,1,0.0,12,2000.0,3,0.0,0.0,42.9,38.9,28.8,11.93,47.3,46.1,40.0,8.71,49.7,45.4,40.7,8.31
Ultra,2,1500.0,1,0.0,12,2000.0,3,0.0,1500.0,40.2,40.5,26.5,12.24,44.7,48.2,36.4,9.24,47.2,47.2,37.9,8.69
Ultra,2,1500.0,1,0.0,12,2000.0,3,800.0,0.0,43.6,37.4,29.8,12.1,47.7,45.5,40.5,8.9,51.3,43.4,41.8,8.49
Ultra,2,1500.0,1,0.0,12,2000.0,3,800.0,1500.0,41.2,38.7,27.8,12.43,44.7,48.0,37.0,9.41,48.4,45.4,38.8,8.91
Ultra,2,1500.0,1,0.0,12,2000.0,3,1200.0,0.0,43.2,38.7,28.9,11.96,47.1,46.5,40.2,8.62,50.3,44.8,41.4,8.32
Ultra,2,1500.0,1,0.0,12,2000.0,3,1200.0,1500.0,40.4,40.3,26.6,12.28,44.6,48.6,36.6,9.16,47.8,46.5,38.4,8.73
Ultra,2,1500.0,1,0.0,12,2000.0,4,0.0,0.0,44.5,40.9,29.5,11.69,47.4,47.3,40.3,8.56,50.3,46.5,41.0,8.21
Ultra,2,1500.0,1,0.0,12,2000.0,4,0.0,1500.0,42.6,41.7,27.1,12.0,44.9,49.4,36.3,9.08,47.6,47.5,38.1,8.63
Ultra,2,1500.0,1,0.0,12,2000.0,4,800.0,0.0,45.1,39.9,30.6,11.88,48.0,46.7,40.9,8.76,52.0,45.0,42.1,8.36
Ultra,2,1500.0,1,0.0,12,2000.0,4,800.0,1500.0,43.4,40.6,28.3,12.21,45.0,48.8,36.9,9.28,49.4,45.9,39.2,8.82
Ultra,2,1500.0,1,0.0,12,2000.0,4,1200.0,0.0,44.6,40.8,29.6,11.72,47.3,47.7,40.5,8.47,50.9,45.9,41.7,8.23
Ultra,2,1500.0,1,0.0,12,2000.0,4,1200.0,1500.0,42.7,41.6,27.2,12.03,44.4,50.2,36.4,8.99,48.3,46.9,38.5,8.66
Ultra,2,1500.0,1,1000.0,99,0.0,1,0.0,0.0,40.5,29.3,28.7,13.36,47.0,40.0,37.6,9.93,50.0,39.8,39.5,9.3
Ultra,2,1500.0,1,1000.0,99,0.0,1,0.0,1500.0,38.2,30.6,26.5,13.68,45.2,41.8,36.4,10.3,47.6,40.7,36.3,9.88
Ultra,2,1500.0,1,1000.0,99,0.0,1,800.0,0.0,42.2,27.5,29.6,13.54,47.3,38.7,39.1,10.03,50.9,38.5,39.9,9.4
Ultra,2,1500.0,1,1000.0,99,0.0,1,800.0,1500.0,40.1,28.6,27.6,13.88,44.7,40.3,37.3,10.56,48.0,39.6,36.0,10.12
Ultra,2,1500.0,1,1000.0,99,0.0,1,1200.0,0.0,40.6,29.2,28.8,13.4,46.7,40.6,38.1,9.81,50.2,39.9,39.9,9.22
Ultra,2,1500.0,1,1000.0,99,0.0,1,1200.0,1500.0,38.5,30.4,26.8,13.73,44.6,42.3,36.6,10.21,47.6,41.2,36.5,9.79
Ultra,2,1500.0,1,1000.0,8,1000.0,3,0.0,0.0,41.9,33.3,29.8,12.85,47.6,41.2,39.0,9.57,50.3,42.0,40.3,9.0
Ultra,2,1500.0,1,1000.0,8,1000.0,3,0.0,1500.0,40.0,34.2,27.3,13.17,45.9,42.9,37.3,9.96,47.8,42.9,37.7,9.53
Ultra,2,1500.0,1,1000.0,8,1000.0,3,800.0,0.0,42.4,31.2,30.5,13.15,47.6,42.3,39.6,9.67,51.7,40.4,40.6,9.15
Ultra,2,1500.0,1,1000.0,8,1000.0,3,800.0,1500.0,40.6,32.0,28.1,13.49,45.8,43.7,37.6,10.18,48.9,41.5,37.6,9.82
Ultra,2,1500.0,1,1000.0,8,1000.0,3,1200.0,0.0,42.0,33.2,29.9,12.89,47.1,41.8,39.3,9.51,50.3,42.0,40.6,8.93
Ultra,2,1500.0,1,1000.0,8,1000.0,3,1200.0,1500.0,40.2,34.0,27.5,13.21,45.3,43.7,37.5,9.91,47.8,43.1,37.9,9.45
Ultra,2,1500.0,1,1000.0,8,1000.0,4,0.0,0.0,42.0,37.7,30.5,12.36,46.4,43.8,39.0,9.2,50.3,42.0,40.9,8.85
Ultra,2,1500.0,1,1000.0,8,1000.0,4,0.0,1500.0,39.8,38.7,27.7,12.72,45.5,44.9,37.8,9.65,47.0,44.0,38.4,9.35
Ultra,2,1500.0,1,1000.0,8,1000.0,4,800.0,0.0,42.7,36.3,31.3,12.62,46.2,44.0,39.6,9.29,51.6,40.9,40.9,8.98
Ultra,2,1500.0,1,1000.0,8,1000.0,4,800.0,1500.0,40.6,37.1,28.6,13.01,44.4,45.2,37.8,9.86,48.1,43.1,37.7,9.61
Ultra,2,1500.0,1,1000.0,8,1000.0,4,1200.0,0.0,42.1,37.6,30.6,12.39,46.1,44.1,39.0,9.18,50.3,42.0,41.2,8.77
Ultra,2,1500.0,1,1000.0,8,1000.0,4,1200.0,1500.0,40.0,38.5,27.9,12.76,44.7,45.6,37.3,9.65,47.0,44.2,38.5,9.26
Ultra,2,1500.0,1,1000.0,12,2000.0,3,0.0,0.0,42.5,33.2,29.3,13.1,48.8,41.1,38.1,9.72,50.5,42.3,39.8,9.13
Ultra,2,1500.0,1,1000.0,12,2000.0,3,0.0,1500.0,39.9,34.6,26.8,13.44,47.0,42.6,37.0,10.1,48.4,43.4,36.9,9.67
Ultra,2,1500.0,1,1000.0,12,2000.0,3,800.0,0.0,43.8,31.2,30.5,13.26,48.6,40.0,39.4,9.9,52.0,40.4,40.4,9.24
Ultra,2,1500.0,1,1000.0,12,2000.0,3,800.0,1500.0,41.3,32.5,28.0,13.62,46.4,41.7,37.8,10.41,49.1,41.7,36.8,9.95
Ultra,2,1500.0,1,1000.0,12,2000.0,3,1200.0,0.0,42.6,33.1,29.4,13.14,48.5,40.9,38.5,9.66,50.6,42.1,40.3,9.07
Ultra,2,1500.0,1,1000.0,12,2000.0,3,1200.0,1500.0,40.2,34.3,27.0,13.49,46.4,42.4,37.2,10.06,48.4,43.6,37.1,9.6
Ultra,2,1500.0,1,1000.0,12,2000.0,4,0.0,0.0,43.2,37.5,29.6,12.81,48.5,41.8,38.2,9.63,50.8,43.6,40.1,8.99
Ultra,2,1500.0,1,1000.0,12,2000.0,4,0.0,1500.0,40.9,39.0,27.5,13.11,47.1,42.4,36.7,10.09,48.4,44.0,37.3,9.58
Ultra,2,1500.0,1,1000.0,12,2000.0,4,800.0,0.0,44.2,34.7,30.8,13.06,48.0,41.7,39.7,9.73,52.4,42.0,40.7,9.09
Ultra,2,1500.0,1,1000.0,12,2000.0,4,800.0,1500.0,41.8,36.2,28.7,13.39,46.1,42.4,37.6,10.29,49.7,42.8,37.1,9.81
Ultra,2,1500.0,1,1000.0,12,2000.0,4,1200.0,0.0,43.3,37.4,29.7,12.86,48.0,42.7,38.5,9.53,50.9,43.4,40.6,8.93
Ultra,2,1500.0,1,1000.0,12,2000.0,4,1200.0,1500.0,41.1,38.8,27.7,13.16,46.5,43.5,36.7,10.0,48.4,44.2,37.4,9.51
Ultra,2,1500.0,1,1500.0,99,0.0,1,0.0,0.0,37.3,23.9,26.6,14.49,44.3,36.1,36.9,10.79,49.1,33.5,38.7,10.52
Ultra,2,1500.0,1,1500.0,99,0.0,1,0.0,1500.0,35.7,24.9,24.7,14.76,43.2,37.2,35.3,11.18,46.5,34.7,36.2,11.05
Ultra,2,1500.0,1,1500.0,99,0.0,1,800.0,0.0,38.5,22.0,27.0,14.72,45.5,33.7,37.5,11.22,49.2,33.5,38.8,10.63
Ultra,2,1500.0,1,1500.0,99,0.0,1,800.0,1500.0,37.1,22.8,25.4,14.96,44.0,34.7,35.5,11.63,46.7,34.6,36.2,11.24
Ultra,2,1500.0,1,1500.0,99,0.0,1,1200.0,0.0,37.4,23.8,26.8,14.53,45.2,34.9,37.3,10.97,49.4,33.2,38.8,10.57
Ultra,2,1500.0,1,1500.0,99,0.0,1,1200.0,1500.0,36.1,24.6,25.0,14.79,43.8,36.0,35.5,11.35,46.9,34.4,36.3,11.1
Ultra,2,1500.0,1,1500.0,8,1000.0,3,0.0,0.0,38.0,27.5,27.0,14.16,46.1,37.9,37.8,10.4,50.8,35.4,39.2,10.21
Ultra,2,1500.0,1,1500.0,8,1000.0,3,0.0,1500.0,35.7,28.3,25.1,14.44,45.0,39.0,36.0,10.84,48.1,36.5,36.3,10.78
Ultra,2,1500.0,1,1500.0,8,1000.0,3,800.0,0.0,38.9,25.3,27.6,14.38,46.5,35.0,38.5,10.93,51.1,34.6,39.3,10.34
Ultra,2,1500.0,1,1500.0,8,1000.0,3,800.0,1500.0,36.7,26.0,25.9,14.65,45.6,36.1,36.3,11.39,48.6,35.2,36.2,11.01
Ultra,2,1500.0,1,1500.0,8,1000.0,3,1200.0,0.0,38.5,27.1,27.1,14.22,46.8,37.2,38.4,10.59,51.1,34.1,39.2,10.32
Ultra,2,1500.0,1,1500.0,8,1000.0,3,1200.0,1500.0,36.3,27.8,25.3,14.5,45.5,38.2,36.3,11.03,48.4,35.2,36.3,10.9
Ultra,2,1500.0,1,1500.0,8,1000.0,4,0.0,0.0,38.6,29.2,27.5,13.85,45.2,39.3,37.9,10.33,51.7,37.4,40.6,9.94
Ultra,2,1500.0,1,1500.0,8,1000.0,4,0.0,1500.0,36.4,30.0,25.4,14.16,43.7,40.0,36.6,10.76,48.9,39.0,37.4,10.5
Ultra,2,1500.0,1,1500.0,8,1000.0,4,800.0,0.0,39.2,27.3,27.8,14.13,45.6,38.5,38.5,10.68,52.4,36.8,41.0,10.12
Ultra,2,1500.0,1,1500.0,8,1000.0,4,800.0,1500.0,37.0,28.1,25.8,14.41,44.1,39.1,36.7,11.15,49.7,38.2,37.7,10.75
Ultra,2,1500.0,1,1500.0,8,1000.0,4,1200.0,0.0,38.8,28.8,27.6,13.9,46.2,38.2,38.7,10.48,52.2,36.8,40.6,10.0
Ultra,2,1500.0,1,1500.0,8,1000.0,4,1200.0,1500.0,36.7,29.6,25.6,14.21,44.7,39.1,37.0,10.88,49.4,38.4,37.4,10.57
Ultra,2,1500.0,1,1500.0,12,2000.0,3,0.0,0.0,38.3,28.4,27.3,14.22,45.9,37.2,37.2,10.64,51.6,34.6,39.6,10.31
Ultra,2,1500.0,1,1500.0,12,2000.0,3,0.0,1500.0,36.4,29.4,24.9,14.51,44.4,38.4,35.5,11.04,48.4,35.4,36.8,10.92
Ultra,2,1500.0,1,1500.0,12,2000.0,3,800.0,0.0,39.5,26.0,27.7,14.46,47.4,34.7,37.9,11.07,51.6,33.8,39.8,10.46
Ultra,2,1500.0,1,1500.0,12,2000.0,3,800.0,1500.0,37.8,26.6,25.5,14.73,45.3,36.0,35.8,11.52,48.7,34.3,36.8,11.16
Ultra,2,1500.0,1,1500.0,12,2000.0,3,1200.0,0.0,38.6,28.1,27.4,14.28,47.1,35.8,37.6,10.83,51.9,34.1,39.8,10.36
Ultra,2,1500.0,1,1500.0,12,2000.0,3,1200.0,1500.0,36.8,28.8,25.2,14.57,45.3,37.0,35.6,11.23,48.7,34.9,36.9,10.97
Ultra,2,1500.0,1,1500.0,12,2000.0,4,0.0,0.0,39.3,32.2,27.4,13.92,45.9,37.9,37.5,10.62,52.5,35.7,39.6,10.21
Ultra,2,1500.0,1,1500.0,12,2000.0,4,0.0,1500.0,37.2,33.2,25.2,14.21,44.7,39.0,35.8,11.0,49.4,37.3,36.8,10.78
Ultra,2,1500.0,1,1500.0,12,2000.0,4,800.0,0.0,40.2,28.6,27.5,14.29,47.7,36.6,38.7,10.97,52.7,35.4,39.9,10.36
Ultra,2,1500.0,1,1500.0,12,2000.0,4,800.0,1500.0,38.3,29.5,25.7,14.55,45.8,38.1,36.4,11.39,49.8,36.5,36.9,11.02
Ultra,2,1500.0,1,1500.0,12,2000.0,4,1200.0,0.0,39.4,32.0,27.5,13.96,47.0,37.0,38.1,10.79,52.8,34.9,39.8,10.28
Ultra,2,1500.0,1,1500.0,12,2000.0,4,1200.0,1500.0,37.5,32.8,25.5,14.25,45.5,38.2,36.1,11.17,49.7,36.5,36.9,10.85
Ultra,2,1500.0,2,0.0,99,0.0,1,0.0,0.0,44.0,44.3,33.4,10.59,47.9,47.3,42.7,7.68,47.5,47.3,43.2,7.28
Ultra,2,1500.0,2,0.0,99,0.0,1,0.0,1500.0,42.4,45.8,31.7,10.76,44.9,50.0,39.3,7.92,43.9,50.8,39.3,7.43
Ultra,2,1500.0,2,0.0,99,0.0,1,800.0,0.0,45.5,41.2,34.7,10.83,48.8,46.4,43.2,7.98,50.6,44.3,46.1,7.43
Ultra,2,1500.0,2,0.0,99,0.0,1,800.0,1500.0,44.4,42.1,33.4,11.03,45.5,49.5,39.6,8.25,46.7,48.1,42.0,7.61
Ultra,2,1500.0,2,0.0,99,0.0,1,1200.0,0.0,44.1,44.2,33.5,10.62,47.0,48.3,41.8,7.63,48.7,46.1,44.3,7.29
Ultra,2,1500.0,2,0.0,99,0.0,1,1200.0,1500.0,42.8,45.4,32.1,10.8,44.7,50.3,39.6,7.88,45.1,49.5,40.6,7.46
Ultra,2,1500.0,2,0.0,8,1000.0,3,0.0,0.0,45.9,47.4,36.8,9.82,45.2,53.2,43.2,7.08,46.4,51.7,44.3,6.79
Ultra,2,1500.0,2,0.0,8,1000.0,3,0.0,1500.0,43.9,49.5,34.2,10.01,43.1,55.3,40.2,7.3,43.1,55.0,40.7,6.94
Ultra,2,1500.0,2,0.0,8,1000.0,3,800.0,0.0,46.7,45.9,37.7,10.02,47.3,50.0,44.0,7.45,49.2,48.9,47.2,6.95
Ultra,2,1500.0,2,0.0,8,1000.0,3,800.0,1500.0,45.5,47.3,35.7,10.24,44.7,52.3,40.5,7.72,45.1,53.0,42.9,7.13
Ultra,2,1500.0,2,0.0,8,1000.0,3,1200.0,0.0,46.0,47.3,36.9,9.86,44.3,53.6,42.4,7.11,47.5,50.6,45.4,6.8
Ultra,2,1500.0,2,0.0,8,1000.0,3,1200.0,1500.0,44.3,49.1,34.6,10.05,43.1,55.0,40.3,7.36,44.2,53.9,42.0,6.96
Ultra,2,1500.0,2,0.0,8,1000.0,4,0.0,0.0,45.4,50.4,38.3,9.31,44.9,55.0,43.1,6.77,46.5,52.5,44.3,6.61
Ultra,2,1500.0,2,0.0,8,1000.0,4,0.0,1500.0,42.9,52.8,34.1,9.62,42.6,57.3,40.2,7.0,43.7,54.9,40.7,6.83
Ultra,2,1500.0,2,0.0,8,1000.0,4,800.0,0.0,46.3,48.7,39.2,9.55,47.3,52.1,44.3,7.15,48.9,50.5,46.7,6.73
Ultra,2,1500.0,2,0.0,8,1000.0,4,800.0,1500.0,44.6,50.4,35.5,9.88,44.6,54.5,40.8,7.42,45.1,53.6,42.3,6.97
Ultra,2,1500.0,2,0.0,8,1000.0,4,1200.0,0.0,45.5,50.3,38.5,9.35,44.7,54.7,42.7,6.81,47.6,51.4,45.4,6.62
Ultra,2,1500.0,2,0.0,8,1000.0,4,1200.0,1500.0,43.4,52.4,34.5,9.66,42.9,56.8,40.6,7.02,44.8,53.8,42.0,6.86
Ultra,2,1500.0,2,0.0,12,2000.0,3,0.0,0.0,46.9,47.1,34.2,10.21,47.0,51.2,42.9,7.4,47.0,50.8,43.2,7.05
Ultra,2,1500.0,2,0.0,12,2000.0,3,0.0,1500.0,44.7,49.2,32.0,10.41,44.4,53.6,39.6,7.65,43.6,54.2,39.5,7.2
Ultra,2,1500.0,2,0.0,12,2000.0,3,800.0,0.0,48.1,44.8,35.3,10.43,48.5,49.2,43.4,7.74,50.5,47.2,46.1,7.26
Ultra,2,1500.0,2,0.0,12,2000.0,3,800.0,1500.0,46.6,46.2,33.6,10.65,45.5,52.3,40.0,8.01,46.7,50.9,42.0,7.43
Ultra,2,1500.0,2,0.0,12,2000.0,3,1200.0,0.0,47.2,46.8,34.3,10.25,46.1,52.1,42.0,7.37,48.1,49.7,44.3,7.06
Ultra,2,1500.0,2,0.0,12,2000.0,3,1200.0,1500.0,45.4,48.6,32.4,10.46,44.3,53.8,39.7,7.64,44.7,53.1,40.7,7.22
Ultra,2,1500.0,2,0.0,12,2000.0,4,0.0,0.0,46.3,49.4,34.8,9.99,46.7,52.4,43.1,7.25,47.2,51.7,43.6,6.96
Ultra,2,1500.0,2,0.0,12,2000.0,4,0.0,1500.0,44.8,50.9,32.5,10.18,44.4,54.7,39.9,7.5,43.9,54.6,39.6,7.13
Ultra,2,1500.0,2,0.0,12,2000.0,4,800.0,0.0,47.1,48.3,35.9,10.22,48.5,50.5,44.1,7.55,50.5,48.6,46.1,7.16
Ultra,2,1500.0,2,0.0,12,2000.0,4,800.0,1500.0,46.3,49.1,34.2,10.44,45.5,53.3,40.0,7.84,46.9,51.7,42.0,7.34
Ultra,2,1500.0,2,0.0,12,2000.0,4,1200.0,0.0,46.4,49.3,34.9,10.02,46.1,53.0,42.4,7.23,48.3,50.6,44.7,6.98
Ultra,2,1500.0,2,0.0,12,2000.0,4,1200.0,1500.0,45.2,50.5,32.9,10.22,44.6,54.5,40.0,7.48,45.0,53.5,40.9,7.16
Ultra,2,1500.0,2,1000.0,99,0.0,1,0.0,0.0,42.3,35.5,33.0,12.08,46.1,46.2,40.2,8.7,49.7,44.3,42.6,8.07
Ultra,2,1500.0,2,1000.0,99,0.0,1,0.0,1500.0,40.6,37.1,31.0,12.27,43.1,48.8,37.2,8.89,48.4,45.6,40.7,8.3
Ultra,2,1500.0,2,1000.0,99,0.0,1,800.0,0.0,44.5,33.6,34.5,12.19,48.2,42.1,42.1,8.94,51.4,44.3,43.6,8.08
Ultra,2,1500.0,2,1000.0,99,0.0,1,800.0,1500.0,43.5,34.6,33.1,12.39,44.9,44.7,38.7,9.26,49.5,45.9,41.5,8.32
Ultra,2,1500.0,2,1000.0,99,0.0,1,1200.0,0.0,42.4,35.4,33.1,12.11,45.8,46.2,40.0,8.59,49.5,45.1,42.8,7.93
Ultra,2,1500.0,2,1000.0,99,0.0,1,1200.0,1500.0,41.2,36.6,31.6,12.31,43.8,47.7,37.8,8.85,48.1,46.5,40.9,8.15
Ultra,2,1500.0,2,1000.0,8,1000.0,3,0.0,0.0,45.1,38.8,35.9,11.38,46.7,47.9,41.4,8.37,50.2,46.4,44.7,7.78
Ultra,2,1500.0,2,1000.0,8,1000.0,3,0.0,1500.0,42.8,40.5,33.2,11.63,44.0,50.3,38.4,8.58,49.2,47.2,43.2,8.01
Ultra,2,1500.0,2,1000.0,8,1000.0,3,800.0,0.0,46.6,36.7,37.3,11.61,48.0,47.0,42.4,8.54,51.4,46.4,45.3,7.77
Ultra,2,1500.0,2,1000.0,8,1000.0,3,800.0,1500.0,44.8,38.0,35.0,11.88,45.3,49.2,39.1,8.84,49.8,47.8,43.6,8.02
Ultra,2,1500.0,2,1000.0,8,1000.0,3,1200.0,0.0,45.2,38.7,36.1,11.42,45.9,47.9,40.9,8.34,50.0,46.5,44.8,7.67
Ultra,2,1500.0,2,1000.0,8,1000.0,3,1200.0,1500.0,43.4,40.0,33.8,11.67,44.1,49.4,38.5,8.61,48.9,47.6,43.2,7.89
Ultra,2,1500.0,2,1000.0,8,1000.0,4,0.0,0.0,44.0,43.9,36.1,10.87,46.1,50.6,41.5,7.97,49.5,47.3,45.3,7.57
Ultra,2,1500.0,2,1000.0,8,1000.0,4,0.0,1500.0,41.8,46.0,32.9,11.1,43.4,53.2,38.7,8.18,48.0,49.1,43.1,7.8
Ultra,2,1500.0,2,1000.0,8,1000.0,4,800.0,0.0,46.1,42.0,37.4,11.11,47.3,48.5,42.7,8.18,50.9,46.9,46.1,7.61
Ultra,2,1500.0,2,1000.0,8,1000.0,4,800.0,1500.0,44.6,43.3,35.0,11.36,44.7,51.1,39.4,8.47,48.9,49.1,43.4,7.85
Ultra,2,1500.0,2,1000.0,8,1000.0,4,1200.0,0.0,44.1,43.8,36.2,10.89,45.8,50.8,41.1,7.91,49.4,47.5,45.4,7.45
Ultra,2,1500.0,2,1000.0,8,1000.0,4,1200.0,1500.0,42.3,45.5,33.4,11.15,43.5,52.9,38.8,8.2,47.6,49.4,43.2,7.67
Ultra,2,1500.0,2,1000.0,12,2000.0,3,0.0,0.0,45.2,39.5,33.4,11.73,47.6,47.0,40.6,8.5,50.2,46.5,43.4,7.93
Ultra,2,1500.0,2,1000.0,12,2000.0,3,0.0,1500.0,43.4,41.1,31.3,11.93,44.3,49.7,37.5,8.7,49.2,47.5,41.7,8.16
Ultra,2,1500.0,2,1000.0,12,2000.0,3,800.0,0.0,47.1,36.9,35.2,11.89,50.2,43.7,42.6,8.77,51.7,46.1,44.3,7.94
Ultra,2,1500.0,2,1000.0,12,2000.0,3,800.0,1500.0,45.7,38.0,33.6,12.11,46.8,46.4,39.1,9.06,50.2,47.3,42.5,8.2
Ultra,2,1500.0,2,1000.0,12,2000.0,3,1200.0,0.0,45.4,39.3,33.5,11.78,47.6,46.2,40.5,8.44,50.0,46.7,43.6,7.82
Ultra,2,1500.0,2,1000.0,12,2000.0,3,1200.0,1500.0,43.9,40.4,31.9,11.99,45.3,47.9,38.1,8.71,48.9,47.8,41.8,8.04
Ultra,2,1500.0,2,1000.0,12,2000.0,4,0.0,0.0,44.9,44.6,33.6,11.42,47.9,48.3,41.2,8.36,49.8,47.2,43.6,7.82
Ultra,2,1500.0,2,1000.0,12,2000.0,4,0.0,1500.0,43.1,46.6,31.5,11.61,44.9,50.3,38.1,8.58,48.3,48.6,41.7,8.07
Ultra,2,1500.0,2,1000.0,12,2000.0,4,800.0,0.0,46.5,41.6,35.2,11.66,49.8,45.8,42.9,8.55,51.6,46.4,44.5,7.86
Ultra,2,1500.0,2,1000.0,12,2000.0,4,800.0,1500.0,45.4,42.7,33.8,11.87,47.1,47.7,39.4,8.88,49.7,48.1,42.5,8.11
Ultra,2,1500.0,2,1000.0,12,2000.0,4,1200.0,0.0,45.0,44.5,33.8,11.45,47.6,48.6,40.8,8.27,49.8,47.2,43.7,7.71
Ultra,2,1500.0,2,1000.0,12,2000.0,4,1200.0,1500.0,43.6,46.1,32.0,11.65,45.6,49.5,38.4,8.56,48.1,48.7,41.8,7.95
Ultra,2,1500.0,2,1500.0,99,0.0,1,0.0,0.0,39.7,28.8,29.8,13.34,44.9,39.9,38.4,9.72,52.8,37.4,42.5,9.3
Ultra,2,1500.0,2,1500.0,99,0.0,1,0.0,1500.0,37.7,30.5,27.7,13.52,41.7,42.1,35.6,9.93,51.1,39.2,40.7,9.51
Ultra,2,1500.0,2,1500.0,99,0.0,1,800.0,0.0,41.6,26.9,31.1,13.51,47.6,37.8,39.9,10.1,53.0,38.2,42.3,9.36
Ultra,2,1500.0,2,1500.0,99,0.0,1,800.0,1500.0,40.3,27.8,29.7,13.69,44.4,39.6,37.5,10.36,50.9,40.4,40.3,9.57
Ultra,2,1500.0,2,1500.0,99,0.0,1,1200.0,0.0,39.8,28.7,29.9,13.38,45.8,39.6,38.8,9.79,53.3,37.4,43.1,9.27
Ultra,2,1500.0,2,1500.0,99,0.0,1,1200.0,1500.0,38.3,29.9,28.3,13.56,43.5,40.9,36.9,10.05,51.4,39.3,41.4,9.46
Ultra,2,1500.0,2,1500.0,8,1000.0,3,0.0,0.0,40.5,32.3,30.8,12.99,46.5,41.5,39.9,9.33,53.5,38.8,44.5,8.95
Ultra,2,1500.0,2,1500.0,8,1000.0,3,0.0,1500.0,38.8,33.9,29.0,13.14,43.4,44.1,36.6,9.56,51.6,40.7,42.5,9.2
Ultra,2,1500.0,2,1500.0,8,1000.0,3,800.0,0.0,42.5,29.9,32.3,13.15,47.9,39.3,41.1,9.81,52.8,38.8,44.0,9.06
Ultra,2,1500.0,2,1500.0,8,1000.0,3,800.0,1500.0,41.4,30.8,31.0,13.32,45.2,41.4,38.1,10.08,50.8,40.9,41.7,9.3
Ultra,2,1500.0,2,1500.0,8,1000.0,3,1200.0,0.0,41.0,31.9,30.9,13.04,46.5,41.7,40.3,9.44,53.9,37.9,44.5,8.98
Ultra,2,1500.0,2,1500.0,8,1000.0,3,1200.0,1500.0,39.6,33.0,29.6,13.21,44.3,43.4,37.8,9.71,51.9,39.9,42.5,9.2
Ultra,2,1500.0,2,1500.0,8,1000.0,4,0.0,0.0,41.5,34.0,31.8,12.61,45.8,42.7,39.7,9.28,53.3,40.9,45.0,8.79
Ultra,2,1500.0,2,1500.0,8,1000.0,4,0.0,1500.0,39.5,35.5,29.5,12.83,42.6,45.2,37.0,9.47,51.3,43.2,42.8,9.03
Ultra,2,1500.0,2,1500.0,8,1000.0,4,800.0,0.0,42.8,31.9,32.9,12.85,45.8,42.3,40.8,9.64,53.5,41.0,44.7,8.95
Ultra,2,1500.0,2,1500.0,8,1000.0,4,800.0,1500.0,41.4,32.9,31.1,13.07,43.2,44.1,38.1,9.9,51.1,43.9,42.1,9.16
Ultra,2,1500.0,2,1500.0,8,1000.0,4,1200.0,0.0,41.7,33.6,31.9,12.65,45.8,43.1,40.0,9.36,53.8,40.6,45.0,8.79
Ultra,2,1500.0,2,1500.0,8,1000.0,4,1200.0,1500.0,40.1,34.8,30.0,12.88,43.4,44.6,37.8,9.6,51.6,43.1,42.8,8.99
Ultra,2,1500.0,2,1500.0,12,2000.0,3,0.0,0.0,41.0,32.3,30.5,13.08,46.7,41.4,38.8,9.54,54.2,38.4,44.0,9.09
Ultra,2,1500.0,2,1500.0,12,2000.0,3,0.0,1500.0,39.2,34.0,28.3,13.25,43.5,43.7,36.0,9.75,52.7,39.9,41.8,9.36
Ultra,2,1500.0,2,1500.0,12,2000.0,3,800.0,0.0,42.5,30.2,32.0,13.26,49.1,38.7,40.2,9.93,53.9,38.4,43.7,9.22
Ultra,2,1500.0,2,1500.0,12,2000.0,3,800.0,1500.0,41.6,31.0,30.2,13.44,45.9,40.5,37.6,10.21,52.2,40.1,41.4,9.47
Ultra,2,1500.0,2,1500.0,12,2000.0,3,1200.0,0.0,41.2,32.0,30.6,13.14,47.1,40.8,39.3,9.64,54.6,38.1,44.5,9.08
Ultra,2,1500.0,2,1500.0,12,2000.0,3,1200.0,1500.0,39.9,33.1,28.9,13.32,44.9,42.1,37.2,9.91,52.8,39.8,42.3,9.33
Ultra,2,1500.0,2,1500.0,12,2000.0,4,0.0,0.0,41.7,35.5,30.4,12.85,46.5,42.1,39.1,9.51,54.2,39.3,44.0,9.06
Ultra,2,1500.0,2,1500.0,12,2000.0,4,0.0,1500.0,39.4,37.2,28.4,13.04,43.4,44.7,36.1,9.71,52.2,41.7,41.5,9.3
Ultra,2,1500.0,2,1500.0,12,2000.0,4,800.0,0.0,42.9,32.5,31.8,13.13,48.5,40.5,41.1,9.85,54.2,39.8,43.9,9.19
Ultra,2,1500.0,2,1500.0,12,2000.0,4,800.0,1500.0,41.3,33.5,30.2,13.33,45.6,42.6,38.4,10.1,51.9,42.3,41.0,9.41
Ultra,2,1500.0,2,1500.0,12,2000.0,4,1200.0,0.0,41.8,35.3,30.5,12.89,47.0,42.0,39.7,9.61,54.6,38.7,44.5,9.07
Ultra,2,1500.0,2,1500.0,12,2000.0,4,1200.0,1500.0,40.0,36.5,29.0,13.09,44.7,43.7,37.5,9.85,52.5,41.2,42.0,9.29
Ultra,3,0.0,1,0.0,99,0.0,1,0.0,0.0,38.8,58.6,37.2,5.68,36.1,63.9,36.1,3.76,39.2,60.8,39.0,3.87
Ultra,3,0.0,1,0.0,99,0.0,1,0.0,1500.0,35.6,61.8,33.8,5.96,34.0,66.0,34.0,4.01,36.8,63.2,36.6,4.09
Ultra,3,0.0,1,0.0,99,0.0,1,800.0,0.0,39.7,57.5,37.9,5.81,38.8,61.2,38.1,4.3,39.6,60.4,38.8,4.12
Ultra,3,0.0,1,0.0,99,0.0,1,800.0,1500.0,36.6,60.6,34.7,6.1,36.9,63.1,36.1,4.59,36.5,63.5,35.7,4.38
Ultra,3,0.0,1,0.0,99,0.0,1,1200.0,0.0,39.7,57.7,38.0,5.75,37.9,62.1,37.8,3.99,38.5,61.5,38.4,3.91
Ultra,3,0.0,1,0.0,99,0.0,1,1200.0,1500.0,36.6,60.8,34.6,6.03,36.1,63.9,36.0,4.25,36.3,63.7,36.2,4.13
Ultra,3,0.0,1,0.0,8,1000.0,3,0.0,0.0,38.8,58.6,37.2,5.68,36.1,63.9,36.1,3.76,39.2,60.8,39.0,3.87
Ultra,3,0.0,1,0.0,8,1000.0,3,0.0,1500.0,35.6,61.8,33.8,5.96,34.0,66.0,34.0,4.01,36.8,63.2,36.6,4.09
Ultra,3,0.0,1,0.0,8,1000.0,3,800.0,0.0,39.7,57.5,37.9,5.81,38.8,61.2,38.1,4.3,39.6,60.4,38.8,4.12
Ultra,3,0.0,1,0.0,8,1000.0,3,800.0,1500.0,36.6,60.6,34.7,6.1,36.9,63.1,36.1,4.59,36.5,63.5,35.7,4.38
Ultra,3,0.0,1,0.0,8,1000.0,3,1200.0,0.0,39.7,57.7,38.0,5.75,37.9,62.1,37.8,3.99,38.5,61.5,38.4,3.91
Ultra,3,0.0,1,0.0,8,1000.0,3,1200.0,1500.0,36.6,60.8,34.6,6.03,36.1,63.9,36.0,4.25,36.3,63.7,36.2,4.13
Ultra,3,0.0,1,0.0,8,1000.0,4,0.0,0.0,39.7,59.0,37.8,5.54,35.8,64.2,35.8,3.75,38.8,61.2,38.7,3.86
Ultra,3,0.0,1,0.0,8,1000.0,4,0.0,1500.0,36.1,62.7,33.9,5.82,33.7,66.3,33.7,4.0,36.8,63.2,36.6,4.08
Ultra,3,0.0,1,0.0,8,1000.0,4,800.0,0.0,40.0,58.3,38.5,5.68,38.4,61.6,37.9,4.23,39.6,60.4,38.8,4.11
Ultra,3,0.0,1,0.0,8,1000.0,4,800.0,1500.0,36.5,61.9,34.9,5.97,36.1,63.9,35.6,4.52,36.5,63.5,35.7,4.37
Ultra,3,0.0,1,0.0,8,1000.0,4,1200.0,0.0,40.6,58.0,38.7,5.61,37.2,62.8,37.0,3.95,38.2,61.8,38.1,3.9
Ultra,3,0.0,1,0.0,8,1000.0,4,1200.0,1500.0,37.0,61.7,34.7,5.9,35.3,64.7,35.2,4.22,36.3,63.7,36.2,4.12
Ultra,3,0.0,1,0.0,12,2000.0,3,0.0,0.0,38.8,58.6,37.2,5.68,36.1,63.9,36.1,3.76,39.2,60.8,39.0,3.87
Ultra,3,0.0,1,0.0,12,2000.0,3,0.0,1500.0,35.6,61.8,33.8,5.96,34.0,66.0,34.0,4.01,36.8,63.2,36.6,4.09
Ultra,3,0.0,1,0.0,12,2000.0,3,800.0,0.0,39.7,57.5,37.9,5.81,38.8,61.2,38.1,4.3,39.6,60.4,38.8,4.12
Ultra,3,0.0,1,0.0,12,2000.0,3,800.0,1500.0,36.6,60.6,34.7,6.1,36.9,63.1,36.1,4.59,36.5,63.5,35.7,4.38
Ultra,3,0.0,1,0.0,12,2000.0,3,1200.0,0.0,39.7,57.7,38.0,5.75,37.9,62.1,37.8,3.99,38.5,61.5,38.4,3.91
Ultra,3,0.0,1,0.0,12,2000.0,3,1200.0,1500.0,36.6,60.8,34.6,6.03,36.1,63.9,36.0,4.25,36.3,63.7,36.2,4.13
Ultra,3,0.0,1,0.0,12,2000.0,4,0.0,0.0,39.3,59.4,37.2,5.62,36.1,63.9,36.1,3.76,39.2,60.8,39.0,3.87
Ultra,3,0.0,1,0.0,12,2000.0,4,0.0,1500.0,36.1,62.6,33.8,5.9,34.0,66.0,34.0,4.01,36.8,63.2,36.6,4.08
Ultra,3,0.0,1,0.0,12,2000.0,4,800.0,0.0,39.7,58.6,38.0,5.75,38.7,61.3,38.4,4.28,39.6,60.4,38.8,4.11
Ultra,3,0.0,1,0.0,12,2000.0,4,800.0,1500.0,36.6,61.8,34.8,6.04,36.7,63.3,36.3,4.58,36.5,63.5,35.7,4.38
Ultra,3,0.0,1,0.0,12,2000.0,4,1200.0,0.0,40.2,58.3,38.1,5.68,37.9,62.1,37.8,3.99,38.5,61.5,38.4,3.91
Ultra,3,0.0,1,0.0,12,2000.0,4,1200.0,1500.0,37.0,61.5,34.7,5.96,36.1,63.9,35.8,4.26,36.3,63.7,36.2,4.12
Ultra,3,0.0,1,1000.0,99,0.0,1,0.0,0.0,37.4,57.2,35.0,6.99,39.6,59.8,38.1,4.84,41.2,57.4,39.6,4.97
Ultra,3,0.0,1,1000.0,99,0.0,1,0.0,1500.0,34.6,59.9,32.0,7.27,36.1,62.8,34.7,5.15,37.9,60.4,36.6,5.29
Ultra,3,0.0,1,1000.0,99,0.0,1,800.0,0.0,38.9,55.5,35.2,7.28,40.0,57.7,37.2,5.87,44.3,53.8,40.9,5.57
Ultra,3,0.0,1,1000.0,99,0.0,1,800.0,1500.0,36.4,57.6,32.6,7.6,36.6,60.7,33.8,6.19,40.3,57.5,37.1,5.98
Ultra,3,0.0,1,1000.0,99,0.0,1,1200.0,0.0,37.7,56.8,34.7,7.13,41.5,57.4,38.5,5.4,41.2,57.4,39.6,5.08
Ultra,3,0.0,1,1000.0,99,0.0,1,1200.0,1500.0,34.9,59.6,31.7,7.41,37.8,60.7,35.0,5.72,38.1,60.2,36.8,5.42
Ultra,3,0.0,1,1000.0,8,1000.0,3,0.0,0.0,37.4,57.2,35.0,6.99,39.6,59.8,38.1,4.84,41.2,57.4,39.6,4.97
Ultra,3,0.0,1,1000.0,8,1000.0,3,0.0,1500.0,34.6,59.9,32.0,7.27,36.1,62.8,34.7,5.15,37.9,60.4,36.6,5.29
Ultra,3,0.0,1,1000.0,8,1000.0,3,800.0,0.0,38.9,55.5,35.2,7.28,40.0,57.7,37.2,5.87,44.3,53.8,40.9,5.57
Ultra,3,0.0,1,1000.0,8,1000.0,3,800.0,1500.0,36.4,57.6,32.6,7.6,36.6,60.7,33.8,6.19,40.3,57.5,37.1,5.98
Ultra,3,0.0,1,1000.0,8,1000.0,3,1200.0,0.0,37.7,56.8,34.7,7.13,41.5,57.4,38.5,5.4,41.2,57.4,39.6,5.08
Ultra,3,0.0,1,1000.0,8,1000.0,3,1200.0,1500.0,34.9,59.6,31.7,7.41,37.8,60.7,35.0,5.72,38.1,60.2,36.8,5.42
Ultra,3,0.0,1,1000.0,8,1000.0,4,0.0,0.0,38.1,58.9,35.5,6.71,39.4,60.6,38.2,4.72,41.5,57.1,40.3,4.91
Ultra,3,0.0,1,1000.0,8,1000.0,4,0.0,1500.0,35.1,62.0,32.3,7.02,36.1,63.9,35.2,5.01,38.1,60.5,37.1,5.22
Ultra,3,0.0,1,1000.0,8,1000.0,4,800.0,0.0,39.2,57.1,35.7,7.08,39.9,59.7,37.2,5.63,43.9,54.4,41.7,5.46
Ultra,3,0.0,1,1000.0,8,1000.0,4,800.0,1500.0,36.4,59.2,32.7,7.46,36.4,62.8,34.0,5.98,39.8,58.5,37.4,5.81
Ultra,3,0.0,1,1000.0,8,1000.0,4,1200.0,0.0,38.5,58.4,35.2,6.89,40.8,59.2,38.7,5.21,41.5,57.1,40.3,5.03
Ultra,3,0.0,1,1000.0,8,1000.0,4,1200.0,1500.0,35.4,61.2,32.0,7.19,37.3,62.7,35.5,5.52,38.2,60.4,37.3,5.35
Ultra,3,0.0,1,1000.0,12,2000.0,3,0.0,0.0,37.4,57.2,35.0,6.99,39.6,59.8,38.1,4.84,41.2,57.4,39.6,4.97
Ultra,3,0.0,1,1000.0,12,2000.0,3,0.0,1500.0,34.6,59.9,32.0,7.27,36.1,62.8,34.7,5.15,37.9,60.4,36.6,5.29
Ultra,3,0.0,1,1000.0,12,2000.0,3,800.0,0.0,38.9,55.5,35.2,7.28,40.0,57.7,37.2,5.87,44.3,53.8,40.9,5.57
Ultra,3,0.0,1,1000.0,12,2000.0,3,800.0,1500.0,36.4,57.6,32.6,7.6,36.6,60.7,33.8,6.19,40.3,57.5,37.1,5.98
Ultra,3,0.0,1,1000.0,12,2000.0,3,1200.0,0.0,37.7,56.8,34.7,7.13,41.5,57.4,38.5,5.4,41.2,57.4,39.6,5.08
Ultra,3,0.0,1,1000.0,12,2000.0,3,1200.0,1500.0,34.9,59.6,31.7,7.41,37.8,60.7,35.0,5.72,38.1,60.2,36.8,5.42
Ultra,3,0.0,1,1000.0,12,2000.0,4,0.0,0.0,37.8,58.6,35.0,6.86,40.0,60.0,38.1,4.8,41.2,57.5,39.9,4.94
Ultra,3,0.0,1,1000.0,12,2000.0,4,0.0,1500.0,34.7,61.5,32.2,7.16,36.6,63.3,34.9,5.09,37.9,60.8,36.9,5.25
Ultra,3,0.0,1,1000.0,12,2000.0,4,800.0,0.0,38.9,57.2,35.4,7.17,40.6,58.6,37.5,5.79,44.3,54.1,41.4,5.53
Ultra,3,0.0,1,1000.0,12,2000.0,4,800.0,1500.0,36.3,59.8,32.9,7.48,37.3,61.8,34.1,6.1,40.1,58.2,37.6,5.91
Ultra,3,0.0,1,1000.0,12,2000.0,4,1200.0,0.0,38.2,58.3,34.8,7.0,41.5,58.5,38.5,5.33,41.2,57.5,39.9,5.06
Ultra,3,0.0,1,1000.0,12,2000.0,4,1200.0,1500.0,35.1,61.2,32.0,7.29,37.9,61.9,35.2,5.63,38.1,60.7,37.1,5.37
Ultra,3,0.0,1,1500.0,99,0.0,1,0.0,0.0,37.2,48.7,30.8,9.28,39.7,56.0,35.5,6.27,42.5,53.0,37.6,6.25
Ultra,3,0.0,1,1500.0,99,0.0,1,0.0,1500.0,35.6,49.8,29.2,9.61,38.4,56.2,34.1,6.6,40.4,53.9,35.4,6.74
Ultra,3,0.0,1,1500.0,99,0.0,1,800.0,0.0,38.8,45.2,31.5,9.73,42.4,49.5,36.4,7.76,43.9,48.7,37.7,7.35
Ultra,3,0.0,1,1500.0,99,0.0,1,800.0,1500.0,37.1,46.2,30.1,10.08,41.1,49.8,35.0,8.07,42.5,48.7,35.8,7.85
Ultra,3,0.0,1,1500.0,99,0.0,1,1200.0,0.0,37.9,47.9,31.6,9.36,40.9,53.3,36.1,7.01,43.1,52.2,38.1,6.47
Ultra,3,0.0,1,1500.0,99,0.0,1,1200.0,1500.0,36.3,49.0,29.9,9.69,39.7,53.5,35.0,7.34,41.2,53.0,35.8,6.96
Ultra,3,0.0,1,1500.0,8,1000.0,3,0.0,0.0,37.2,48.7,30.8,9.28,39.7,56.0,35.5,6.27,42.5,53.0,37.6,6.25
Ultra,3,0.0,1,1500.0,8,1000.0,3,0.0,1500.0,35.6,49.8,29.2,9.61,38.4,56.2,34.1,6.6,40.4,53.9,35.4,6.74
Ultra,3,0.0,1,1500.0,8,1000.0,3,800.0,0.0,38.8,45.2,31.5,9.73,42.4,49.5,36.4,7.76,43.9,48.7,37.7,7.35
Ultra,3,0.0,1,1500.0,8,1000.0,3,800.0,1500.0,37.1,46.2,30.1,10.08,41.1,49.8,35.0,8.07,42.5,48.7,35.8,7.85
Ultra,3,0.0,1,1500.0,8,1000.0,3,1200.0,0.0,37.9,47.9,31.6,9.36,40.9,53.3,36.1,7.01,43.1,52.2,38.1,6.47
Ultra,3,0.0,1,1500.0,8,1000.0,3,1200.0,1500.0,36.3,49.0,29.9,9.69,39.7,53.5,35.0,7.34,41.2,53.0,35.8,6.96
Ultra,3,0.0,1,1500.0,8,1000.0,4,0.0,0.0,37.6,49.4,30.7,9.15,39.4,55.7,36.0,6.27,42.9,53.1,38.4,6.21
Ultra,3,0.0,1,1500.0,8,1000.0,4,0.0,1500.0,35.7,50.4,28.9,9.48,38.8,56.2,34.9,6.56,41.0,54.7,36.0,6.63
Ultra,3,0.0,1,1500.0,8,1000.0,4,800.0,0.0,38.9,46.6,31.1,9.6,41.8,50.2,36.6,7.73,43.9,49.5,38.4,7.28
Ultra,3,0.0,1,1500.0,8,1000.0,4,800.0,1500.0,37.3,47.1,29.9,9.96,41.1,50.9,35.6,8.0,42.5,50.6,36.2,7.67
Ultra,3,0.0,1,1500.0,8,1000.0,4,1200.0,0.0,38.3,48.6,31.5,9.22,40.8,52.9,36.6,7.03,43.6,52.4,38.8,6.43
Ultra,3,0.0,1,1500.0,8,1000.0,4,1200.0,1500.0,36.5,49.5,29.7,9.55,40.2,53.5,36.1,7.3,41.8,53.8,36.8,6.85
Ultra,3,0.0,1,1500.0,12,2000.0,3,0.0,0.0,37.2,48.7,30.8,9.28,39.7,56.0,35.5,6.27,42.5,53.0,37.6,6.25
Ultra,3,0.0,1,1500.0,12,2000.0,3,0.0,1500.0,35.6,49.8,29.2,9.61,38.4,56.2,34.1,6.6,40.4,53.9,35.4,6.74
Ultra,3,0.0,1,1500.0,12,2000.0,3,800.0,0.0,38.8,45.2,31.5,9.73,42.4,49.5,36.4,7.76,43.9,48.7,37.7,7.35
Ultra,3,0.0,1,1500.0,12,2000.0,3,800.0,1500.0,37.1,46.2,30.1,10.08,41.1,49.8,35.0,8.07,42.5,48.7,35.8,7.85
Ultra,3,0.0,1,1500.0,12,2000.0,3,1200.0,0.0,37.9,47.9,31.6,9.36,40.9,53.3,36.1,7.01,43.1,52.2,38.1,6.47
Ultra,3,0.0,1,1500.0,12,2000.0,3,1200.0,1500.0,36.3,49.0,29.9,9.69,39.7,53.5,35.0,7.34,41.2,53.0,35.8,6.96
Ultra,3,0.0,1,1500.0,12,2000.0,4,0.0,0.0,37.5,49.8,30.9,9.17,39.7,55.6,35.3,6.26,41.8,54.1,37.9,6.19
Ultra,3,0.0,1,1500.0,12,2000.0,4,0.0,1500.0,35.4,51.2,29.5,9.51,38.5,56.5,33.8,6.57,40.1,55.7,35.5,6.65
Ultra,3,0.0,1,1500.0,12,2000.0,4,800.0,0.0,39.1,45.4,31.8,9.68,42.0,50.2,36.6,7.75,43.2,49.7,38.2,7.3
Ultra,3,0.0,1,1500.0,12,2000.0,4,800.0,1500.0,37.1,46.5,30.4,10.04,41.1,50.9,35.2,8.05,41.8,50.9,36.0,7.74
Ultra,3,0.0,1,1500.0,12,2000.0,4,1200.0,0.0,38.2,49.0,31.7,9.24,40.9,52.9,36.1,7.0,42.5,53.3,38.2,6.42
Ultra,3,0.0,1,1500.0,12,2000.0,4,1200.0,1500.0,36.2,50.4,30.2,9.59,39.7,53.9,35.2,7.29,40.9,54.7,36.2,6.87
Ultra,3,1000.0,1,0.0,99,0.0,1,0.0,0.0,39.0,55.1,34.0,6.81,37.3,61.6,36.3,4.3,41.0,58.6,39.0,4.4
Ultra,3,1000.0,1,0.0,99,0.0,1,0.0,1500.0,35.6,58.2,30.4,7.18,36.9,61.9,35.6,4.71,39.2,60.2,36.6,4.83
Ultra,3,1000.0,1,0.0,99,0.0,1,800.0,0.0,39.4,55.2,34.7,6.86,39.1,59.8,37.3,4.83,40.7,58.6,38.2,4.65
Ultra,3,1000.0,1,0.0,99,0.0,1,800.0,1500.0,36.4,58.0,31.3,7.25,38.7,60.1,36.7,5.25,38.8,60.2,36.0,5.08
Ultra,3,1000.0,1,0.0,99,0.0,1,1200.0,0.0,39.7,54.3,34.8,6.88,38.7,60.3,37.5,4.53,40.6,59.1,38.5,4.42
Ultra,3,1000.0,1,0.0,99,0.0,1,1200.0,1500.0,36.4,57.5,31.2,7.25,38.2,60.6,36.9,4.97,38.7,60.7,36.2,4.85
Ultra,3,1000.0,1,0.0,8,1000.0,3,0.0,0.0,39.0,55.1,34.0,6.81,37.3,61.6,36.3,4.3,41.0,58.6,39.0,4.4
Ultra,3,1000.0,1,0.0,8,1000.0,3,0.0,1500.0,35.6,58.2,30.4,7.18,36.9,61.9,35.6,4.71,39.2,60.2,36.6,4.83
Ultra,3,1000.0,1,0.0,8,1000.0,3,800.0,0.0,39.4,55.2,34.7,6.86,39.1,59.8,37.3,4.83,40.7,58.6,38.2,4.65
Ultra,3,1000.0,1,0.0,8,1000.0,3,800.0,1500.0,36.4,58.0,31.3,7.25,38.7,60.1,36.7,5.25,38.8,60.2,36.0,5.08
Ultra,3,1000.0,1,0.0,8,1000.0,3,1200.0,0.0,39.7,54.3,34.8,6.88,38.7,60.3,37.5,4.53,40.6,59.1,38.5,4.42
Ultra,3,1000.0,1,0.0,8,1000.0,3,1200.0,1500.0,36.4,57.5,31.2,7.25,38.2,60.6,36.9,4.97,38.7,60.7,36.2,4.85
Ultra,3,1000.0,1,0.0,8,1000.0,4,0.0,0.0,39.3,56.0,34.4,6.67,37.0,61.9,36.3,4.28,40.9,58.8,39.2,4.39
Ultra,3,1000.0,1,0.0,8,1000.0,4,0.0,1500.0,35.6,59.1,30.5,7.08,36.6,62.2,35.6,4.7,39.2,60.2,36.9,4.82
Ultra,3,1000.0,1,0.0,8,1000.0,4,800.0,0.0,39.5,56.2,34.8,6.74,37.9,61.0,36.6,4.76,41.0,58.6,38.5,4.64
Ultra,3,1000.0,1,0.0,8,1000.0,4,800.0,1500.0,35.9,59.1,31.0,7.18,37.5,61.3,36.0,5.18,39.2,60.2,36.3,5.08
Ultra,3,1000.0,1,0.0,8,1000.0,4,1200.0,0.0,39.9,55.2,35.0,6.76,37.9,61.0,37.0,4.48,40.4,59.3,38.7,4.41
Ultra,3,1000.0,1,0.0,8,1000.0,4,1200.0,1500.0,36.3,58.3,31.0,7.18,37.5,61.3,36.4,4.92,38.7,60.7,36.5,4.85
Ultra,3,1000.0,1,0.0,12,2000.0,3,0.0,0.0,39.0,55.1,34.0,6.81,37.3,61.6,36.3,4.3,41.0,58.6,39.0,4.4
Ultra,3,1000.0,1,0.0,12,2000.0,3,0.0,1500.0,35.6,58.2,30.4,7.18,36.9,61.9,35.6,4.71,39.2,60.2,36.6,4.83
Ultra,3,1000.0,1,0.0,12,2000.0,3,800.0,0.0,39.4,55.2,34.7,6.86,39.1,59.8,37.3,4.83,40.7,58.6,38.2,4.65
Ultra,3,1000.0,1,0.0,12,2000.0,3,800.0,1500.0,36.4,58.0,31.3,7.25,38.7,60.1,36.7,5.25,38.8,60.2,36.0,5.08
Ultra,3,1000.0,1,0.0,12,2000.0,3,1200.0,0.0,39.7,54.3,34.8,6.88,38.7,60.3,37.5,4.53,40.6,59.1,38.5,4.42
Ultra,3,1000.0,1,0.0,12,2000.0,3,1200.0,1500.0,36.4,57.5,31.2,7.25,38.2,60.6,36.9,4.97,38.7,60.7,36.2,4.85
Ultra,3,1000.0,1,0.0,12,2000.0,4,0.0,0.0,40.3,55.8,34.1,6.72,37.9,61.6,36.4,4.27,41.2,58.6,39.0,4.4
Ultra,3,1000.0,1,0.0,12,2000.0,4,0.0,1500.0,37.0,58.6,30.5,7.1,37.5,62.1,35.8,4.66,39.3,60.5,36.9,4.79
Ultra,3,1000.0,1,0.0,12,2000.0,4,800.0,0.0,40.1,56.0,34.8,6.8,39.6,60.0,37.5,4.8,41.0,58.6,38.2,4.64
Ultra,3,1000.0,1,0.0,12,2000.0,4,800.0,1500.0,37.0,58.6,31.5,7.21,39.1,60.4,36.9,5.19,39.2,60.5,36.3,5.04
Ultra,3,1000.0,1,0.0,12,2000.0,4,1200.0,0.0,41.2,55.0,34.9,6.79,39.3,60.3,37.6,4.5,40.7,59.1,38.5,4.42
Ultra,3,1000.0,1,0.0,12,2000.0,4,1200.0,1500.0,37.8,57.8,31.3,7.17,38.8,60.7,37.0,4.91,38.8,61.0,36.5,4.81
Ultra,3,1000.0,1,1000.0,99,0.0,1,0.0,0.0,37.3,53.6,32.2,7.97,39.9,57.7,36.6,5.49,41.7,56.9,37.6,5.46
Ultra,3,1000.0,1,1000.0,99,0.0,1,0.0,1500.0,34.6,56.2,29.0,8.32,38.7,58.2,35.3,5.9,39.5,58.6,34.9,5.92
Ultra,3,1000.0,1,1000.0,99,0.0,1,800.0,0.0,38.8,52.1,32.9,8.22,39.9,56.6,36.4,6.4,43.9,54.4,38.7,5.97
Ultra,3,1000.0,1,1000.0,99,0.0,1,800.0,1500.0,35.8,54.8,29.8,8.61,38.4,57.4,34.9,6.77,41.2,56.6,35.7,6.48
Ultra,3,1000.0,1,1000.0,99,0.0,1,1200.0,0.0,37.7,53.1,32.4,8.11,41.4,55.4,37.2,6.02,41.8,56.8,37.7,5.56
Ultra,3,1000.0,1,1000.0,99,0.0,1,1200.0,1500.0,34.8,55.9,29.2,8.45,39.6,56.5,35.3,6.42,39.6,58.5,35.1,6.02
Ultra,3,1000.0,1,1000.0,8,1000.0,3,0.0,0.0,37.3,53.6,32.2,7.97,39.9,57.7,36.6,5.49,41.7,56.9,37.6,5.46
Ultra,3,1000.0,1,1000.0,8,1000.0,3,0.0,1500.0,34.6,56.2,29.0,8.32,38.7,58.2,35.3,5.9,39.5,58.6,34.9,5.92
Ultra,3,1000.0,1,1000.0,8,1000.0,3,800.0,0.0,38.8,52.1,32.9,8.22,39.9,56.6,36.4,6.4,43.9,54.4,38.7,5.97
Ultra,3,1000.0,1,1000.0,8,1000.0,3,800.0,1500.0,35.8,54.8,29.8,8.61,38.4,57.4,34.9,6.77,41.2,56.6,35.7,6.48
Ultra,3,1000.0,1,1000.0,8,1000.0,3,1200.0,0.0,37.7,53.1,32.4,8.11,41.4,55.4,37.2,6.02,41.8,56.8,37.7,5.56
Ultra,3,1000.0,1,1000.0,8,1000.0,3,1200.0,1500.0,34.8,55.9,29.2,8.45,39.6,56.5,35.3,6.42,39.6,58.5,35.1,6.02
Ultra,3,1000.0,1,1000.0,8,1000.0,4,0.0,0.0,37.9,56.1,32.8,7.67,39.7,58.8,37.3,5.34,42.0,56.4,38.7,5.41
Ultra,3,1000.0,1,1000.0,8,1000.0,4,0.0,1500.0,34.8,58.7,29.5,8.06,38.8,59.5,36.1,5.78,39.3,58.8,36.0,5.85
Ultra,3,1000.0,1,1000.0,8,1000.0,4,800.0,0.0,39.1,53.9,33.2,8.02,39.7,58.8,36.6,6.16,43.7,54.6,40.1,5.87
Ultra,3,1000.0,1,1000.0,8,1000.0,4,800.0,1500.0,35.7,56.5,29.8,8.45,38.2,59.7,35.0,6.57,40.4,57.4,36.6,6.33
Ultra,3,1000.0,1,1000.0,8,1000.0,4,1200.0,0.0,38.3,55.2,32.9,7.86,40.9,57.6,37.9,5.79,42.1,56.3,38.8,5.51
Ultra,3,1000.0,1,1000.0,8,1000.0,4,1200.0,1500.0,35.0,57.8,29.5,8.24,39.6,58.8,36.1,6.23,39.5,58.6,36.2,5.95
Ultra,3,1000.0,1,1000.0,12,2000.0,3,0.0,0.0,37.3,53.6,32.2,7.97,39.9,57.7,36.6,5.49,41.7,56.9,37.6,5.46
Ultra,3,1000.0,1,1000.0,12,2000.0,3,0.0,1500.0,34.6,56.2,29.0,8.32,38.7,58.2,35.3,5.9,39.5,58.6,34.9,5.92
Ultra,3,1000.0,1,1000.0,12,2000.0,3,800.0,0.0,38.8,52.1,32.9,8.22,39.9,56.6,36.4,6.4,43.9,54.4,38.7,5.97
Ultra,3,1000.0,1,1000.0,12,2000.0,3,800.0,1500.0,35.8,54.8,29.8,8.61,38.4,57.4,34.9,6.77,41.2,56.6,35.7,6.48
Ultra,3,1000.0,1,1000.0,12,2000.0,3,1200.0,0.0,37.7,53.1,32.4,8.11,41.4,55.4,37.2,6.02,41.8,56.8,37.7,5.56
Ultra,3,1000.0,1,1000.0,12,2000.0,3,1200.0,1500.0,34.8,55.9,29.2,8.45,39.6,56.5,35.3,6.42,39.6,58.5,35.1,6.02
Ultra,3,1000.0,1,1000.0,12,2000.0,4,0.0,0.0,38.0,55.6,32.2,7.82,40.5,58.3,36.9,5.41,41.7,56.9,37.6,5.45
Ultra,3,1000.0,1,1000.0,12,2000.0,4,0.0,1500.0,34.8,58.1,29.2,8.18,39.4,58.9,35.6,5.82,39.3,59.0,35.1,5.89
Ultra,3,1000.0,1,1000.0,12,2000.0,4,800.0,0.0,39.4,54.0,33.0,8.06,40.5,57.7,36.9,6.28,43.9,54.6,38.8,5.94
Ultra,3,1000.0,1,1000.0,12,2000.0,4,800.0,1500.0,36.2,56.4,30.0,8.46,39.1,58.5,35.2,6.66,41.2,56.8,36.0,6.42
Ultra,3,1000.0,1,1000.0,12,2000.0,4,1200.0,0.0,38.7,55.0,32.4,7.94,41.8,56.9,37.5,5.91,41.8,56.8,37.7,5.55
Ultra,3,1000.0,1,1000.0,12,2000.0,4,1200.0,1500.0,35.1,57.7,29.4,8.29,40.3,58.0,35.6,6.31,39.5,58.8,35.2,5.99
Ultra,3,1000.0,1,1500.0,99,0.0,1,0.0,0.0,36.8,46.2,28.8,10.0,40.8,52.3,35.0,6.96,43.2,51.1,37.3,6.82
Ultra,3,1000.0,1,1500.0,99,0.0,1,0.0,1500.0,35.8,47.4,27.8,10.26,39.6,52.7,33.5,7.35,42.1,51.4,35.8,7.32
Ultra,3,1000.0,1,1500.0,99,0.0,1,800.0,0.0,38.1,42.6,29.7,10.41,43.5,46.5,36.4,8.27,44.3,47.3,38.1,7.77
Ultra,3,1000.0,1,1500.0,99,0.0,1,800.0,1500.0,37.3,43.8,28.6,10.7,41.5,47.6,34.4,8.58,44.3,46.4,37.1,8.28
Ultra,3,1000.0,1,1500.0,99,0.0,1,1200.0,0.0,37.3,45.2,29.5,10.09,42.1,49.1,35.8,7.65,43.9,50.3,37.9,7.0
Ultra,3,1000.0,1,1500.0,99,0.0,1,1200.0,1500.0,36.5,46.6,28.4,10.35,40.5,49.7,34.3,8.02,42.9,50.6,36.3,7.5
Ultra,3,1000.0,1,1500.0,8,1000.0,3,0.0,0.0,36.8,46.2,28.8,10.0,40.8,52.3,35.0,6.96,43.2,51.1,37.3,6.82
Ultra,3,1000.0,1,1500.0,8,1000.0,3,0.0,1500.0,35.8,47.4,27.8,10.26,39.6,52.7,33.5,7.35,42.1,51.4,35.8,7.32
Ultra,3,1000.0,1,1500.0,8,1000.0,3,800.0,0.0,38.1,42.6,29.7,10.41,43.5,46.5,36.4,8.27,44.3,47.3,38.1,7.77
Ultra,3,1000.0,1,1500.0,8,1000.0,3,800.0,1500.0,37.3,43.8,28.6,10.7,41.5,47.6,34.4,8.58,44.3,46.4,37.1,8.28
Ultra,3,1000.0,1,1500.0,8,1000.0,3,1200.0,0.0,37.3,45.2,29.5,10.09,42.1,49.1,35.8,7.65,43.9,50.3,37.9,7.0
Ultra,3,1000.0,1,1500.0,8,1000.0,3,1200.0,1500.0,36.5,46.6,28.4,10.35,40.5,49.7,34.3,8.02,42.9,50.6,36.3,7.5
Ultra,3,1000.0,1,1500.0,8,1000.0,4,0.0,0.0,37.1,46.3,28.8,9.88,40.8,52.1,35.5,6.95,43.7,51.9,37.4,6.76
Ultra,3,1000.0,1,1500.0,8,1000.0,4,0.0,1500.0,36.1,47.5,27.6,10.17,40.2,52.9,34.3,7.3,42.0,52.8,35.7,7.21
Ultra,3,1000.0,1,1500.0,8,1000.0,4,800.0,0.0,38.2,43.3,29.6,10.3,42.6,47.4,36.3,8.24,44.7,48.4,38.2,7.67
Ultra,3,1000.0,1,1500.0,8,1000.0,4,800.0,1500.0,37.5,44.1,28.4,10.61,41.1,48.9,34.6,8.52,44.0,48.6,37.1,8.08
Ultra,3,1000.0,1,1500.0,8,1000.0,4,1200.0,0.0,37.7,45.1,29.5,9.98,42.3,48.9,36.3,7.63,44.2,51.1,38.1,6.95
Ultra,3,1000.0,1,1500.0,8,1000.0,4,1200.0,1500.0,36.7,46.5,28.2,10.25,41.2,50.0,35.3,7.96,42.5,52.0,36.5,7.4
Ultra,3,1000.0,1,1500.0,12,2000.0,3,0.0,0.0,36.8,46.2,28.8,10.0,40.8,52.3,35.0,6.96,43.2,51.1,37.3,6.82
Ultra,3,1000.0,1,1500.0,12,2000.0,3,0.0,1500.0,35.8,47.4,27.8,10.26,39.6,52.7,33.5,7.35,42.1,51.4,35.8,7.32
Ultra,3,1000.0,1,1500.0,12,2000.0,3,800.0,0.0,38.1,42.6,29.7,10.41,43.5,46.5,36.4,8.27,44.3,47.3,38.1,7.77
Ultra,3,1000.0,1,1500.0,12,2000.0,3,800.0,1500.0,37.3,43.8,28.6,10.7,41.5,47.6,34.4,8.58,44.3,46.4,37.1,8.28
Ultra,3,1000.0,1,1500.0,12,2000.0,3,1200.0,0.0,37.3,45.2,29.5,10.09,42.1,49.1,35.8,7.65,43.9,50.3,37.9,7.0
Ultra,3,1000.0,1,1500.0,12,2000.0,3,1200.0,1500.0,36.5,46.6,28.4,10.35,40.5,49.7,34.3,8.02,42.9,50.6,36.3,7.5
Ultra,3,1000.0,1,1500.0,12,2000.0,4,0.0,0.0,37.1,47.2,29.0,9.87,41.5,52.3,35.3,6.88,42.6,52.5,37.7,6.74
Ultra,3,1000.0,1,1500.0,12,2000.0,4,0.0,1500.0,35.9,48.8,28.1,10.15,40.5,53.5,33.7,7.25,41.4,53.3,36.2,7.22
Ultra,3,1000.0,1,1500.0,12,2000.0,4,800.0,0.0,38.5,43.1,30.1,10.33,43.5,47.9,36.6,8.2,43.9,48.7,38.7,7.69
Ultra,3,1000.0,1,1500.0,12,2000.0,4,800.0,1500.0,37.3,44.3,28.9,10.64,42.1,49.4,34.6,8.5,43.6,48.9,37.4,8.16
Ultra,3,1000.0,1,1500.0,12,2000.0,4,1200.0,0.0,37.7,46.4,29.7,9.95,43.2,49.2,36.3,7.56,43.2,51.7,38.2,6.93
Ultra,3,1000.0,1,1500.0,12,2000.0,4,1200.0,1500.0,36.6,48.1,28.7,10.22,41.7,50.8,34.9,7.91,42.0,52.5,36.8,7.41
Ultra,3,1000.0,2,0.0,99,0.0,1,0.0,0.0,39.1,57.9,37.2,5.97,38.2,61.8,37.5,3.9,41.2,58.8,40.7,3.96
Ultra,3,1000.0,2,0.0,99,0.0,1,0.0,1500.0,36.2,60.7,34.1,6.27,36.7,63.3,36.0,4.25,39.2,60.8,38.7,4.29
Ultra,3,1000.0,2,0.0,99,0.0,1,800.0,0.0,40.0,56.8,38.1,6.07,40.0,60.0,39.0,4.39,40.9,59.0,39.9,4.19
Ultra,3,1000.0,2,0.0,99,0.0,1,800.0,1500.0,37.2,59.6,35.0,6.39,39.0,61.0,37.9,4.74,38.5,61.3,37.6,4.54
Ultra,3,1000.0,2,0.0,99,0.0,1,1200.0,0.0,39.8,57.2,37.8,6.05,40.0,60.0,39.1,4.13,40.7,59.3,40.3,3.99
Ultra,3,1000.0,2,0.0,99,0.0,1,1200.0,1500.0,36.9,60.0,34.7,6.35,38.5,61.5,37.6,4.49,38.7,61.3,38.2,4.32
Ultra,3,1000.0,2,0.0,8,1000.0,3,0.0,0.0,39.1,57.9,37.2,5.97,38.2,61.8,37.5,3.9,41.2,58.8,40.7,3.96
Ultra,3,1000.0,2,0.0,8,1000.0,3,0.0,1500.0,36.2,60.7,34.1,6.27,36.7,63.3,36.0,4.25,39.2,60.8,38.7,4.29
Ultra,3,1000.0,2,0.0,8,1000.0,3,800.0,0.0,40.0,56.8,38.1,6.07,40.0,60.0,39.0,4.39,40.9,59.0,39.9,4.19
Ultra,3,1000.0,2,0.0,8,1000.0,3,800.0,1500.0,37.2,59.6,35.0,6.39,39.0,61.0,37.9,4.74,38.5,61.3,37.6,4.54
Ultra,3,1000.0,2,0.0,8,1000.0,3,1200.0,0.0,39.8,57.2,37.8,6.05,40.0,60.0,39.1,4.13,40.7,59.3,40.3,3.99
Ultra,3,1000.0,2,0.0,8,1000.0,3,1200.0,1500.0,36.9,60.0,34.7,6.35,38.5,61.5,37.6,4.49,38.7,61.3,38.2,4.32
Ultra,3,1000.0,2,0.0,8,1000.0,4,0.0,0.0,40.0,58.5,37.7,5.81,37.9,62.1,37.3,3.9,41.0,59.0,40.7,3.94
Ultra,3,1000.0,2,0.0,8,1000.0,4,0.0,1500.0,36.6,61.9,34.0,6.15,36.4,63.6,35.8,4.24,39.2,60.8,38.8,4.28
Ultra,3,1000.0,2,0.0,8,1000.0,4,800.0,0.0,40.4,57.9,38.6,5.92,39.6,60.4,38.8,4.32,41.0,59.0,40.1,4.18
Ultra,3,1000.0,2,0.0,8,1000.0,4,800.0,1500.0,37.2,61.0,35.1,6.26,38.2,61.8,37.5,4.68,38.7,61.3,37.7,4.53
Ultra,3,1000.0,2,0.0,8,1000.0,4,1200.0,0.0,40.8,57.7,38.5,5.89,39.3,60.7,38.5,4.09,40.6,59.4,40.3,3.98
Ultra,3,1000.0,2,0.0,8,1000.0,4,1200.0,1500.0,37.3,61.0,34.7,6.23,37.8,62.2,37.0,4.46,38.7,61.3,38.4,4.32
Ultra,3,1000.0,2,0.0,12,2000.0,3,0.0,0.0,39.1,57.9,37.2,5.97,38.2,61.8,37.5,3.9,41.2,58.8,40.7,3.96
Ultra,3,1000.0,2,0.0,12,2000.0,3,0.0,1500.0,36.2,60.7,34.1,6.27,36.7,63.3,36.0,4.25,39.2,60.8,38.7,4.29
Ultra,3,1000.0,2,0.0,12,2000.0,3,800.0,0.0,40.0,56.8,38.1,6.07,40.0,60.0,39.0,4.39,40.9,59.0,39.9,4.19
Ultra,3,1000.0,2,0.0,12,2000.0,3,800.0,1500.0,37.2,59.6,35.0,6.39,39.0,61.0,37.9,4.74,38.5,61.3,37.6,4.54
Ultra,3,1000.0,2,0.0,12,2000.0,3,1200.0,0.0,39.8,57.2,37.8,6.05,40.0,60.0,39.1,4.13,40.7,59.3,40.3,3.99
Ultra,3,1000.0,2,0.0,12,2000.0,3,1200.0,1500.0,36.9,60.0,34.7,6.35,38.5,61.5,37.6,4.49,38.7,61.3,38.2,4.32
Ultra,3,1000.0,2,0.0,12,2000.0,4,0.0,0.0,39.7,58.8,37.3,5.89,37.9,62.1,37.5,3.9,41.2,58.8,40.7,3.95
Ultra,3,1000.0,2,0.0,12,2000.0,4,0.0,1500.0,37.0,61.5,34.2,6.18,36.4,63.6,36.0,4.24,39.2,60.8,38.7,4.28
Ultra,3,1000.0,2,0.0,12,2000.0,4,800.0,0.0,40.2,58.0,38.2,6.0,39.7,60.3,39.0,4.38,41.0,59.0,39.9,4.18
Ultra,3,1000.0,2,0.0,12,2000.0,4,800.0,1500.0,37.5,60.6,35.1,6.32,38.7,61.3,37.9,4.73,38.7,61.3,37.6,4.53
Ultra,3,1000.0,2,0.0,12,2000.0,4,1200.0,0.0,40.3,58.1,37.9,5.96,39.7,60.3,39.1,4.12,40.7,59.3,40.3,3.99
Ultra,3,1000.0,2,0.0,12,2000.0,4,1200.0,1500.0,37.6,60.8,34.8,6.25,38.2,61.8,37.5,4.49,38.7,61.3,38.2,4.32
Ultra,3,1000.0,2,1000.0,99,0.0,1,0.0,0.0,37.6,55.7,35.3,7.31,41.5,57.4,38.2,5.1,42.3,56.4,39.8,5.11
Ultra,3,1000.0,2,1000.0,99,0.0,1,0.0,1500.0,34.5,58.5,31.9,7.61,39.7,58.8,36.6,5.48,39.6,58.8,37.1,5.52
Ultra,3,1000.0,2,1000.0,99,0.0,1,800.0,0.0,39.5,53.5,36.2,7.56,40.8,56.9,37.6,5.85,45.0,53.8,41.2,5.57
Ultra,3,1000.0,2,1000.0,99,0.0,1,800.0,1500.0,36.1,56.3,32.6,7.9,39.7,57.6,36.6,6.21,41.0,57.4,37.4,5.96
Ultra,3,1000.0,2,1000.0,99,0.0,1,1200.0,0.0,37.9,55.4,35.2,7.44,42.7,55.4,38.7,5.56,42.5,56.3,39.9,5.19
Ultra,3,1000.0,2,1000.0,99,0.0,1,1200.0,1500.0,34.7,58.3,31.7,7.73,40.5,57.3,36.7,5.93,39.6,58.8,37.1,5.59
Ultra,3,1000.0,2,1000.0,8,1000.0,3,0.0,0.0,37.6,55.7,35.3,7.31,41.5,57.4,38.2,5.1,42.3,56.4,39.8,5.11
Ultra,3,1000.0,2,1000.0,8,1000.0,3,0.0,1500.0,34.5,58.5,31.9,7.61,39.7,58.8,36.6,5.48,39.6,58.8,37.1,5.52
Ultra,3,1000.0,2,1000.0,8,1000.0,3,800.0,0.0,39.5,53.5,36.2,7.56,40.8,56.9,37.6,5.85,45.0,53.8,41.2,5.57
Ultra,3,1000.0,2,1000.0,8,1000.0,3,800.0,1500.0,36.1,56.3,32.6,7.9,39.7,57.6,36.6,6.21,41.0,57.4,37.4,5.96
Ultra,3,1000.0,2,1000.0,8,1000.0,3,1200.0,0.0,37.9,55.4,35.2,7.44,42.7,55.4,38.7,5.56,42.5,56.3,39.9,5.19
Ultra,3,1000.0,2,1000.0,8,1000.0,3,1200.0,1500.0,34.7,58.3,31.7,7.73,40.5,57.3,36.7,5.93,39.6,58.8,37.1,5.59
Ultra,3,1000.0,2,1000.0,8,1000.0,4,0.0,0.0,38.7,57.7,35.7,7.02,41.2,58.5,38.5,4.97,42.6,56.1,40.6,5.05
Ultra,3,1000.0,2,1000.0,8,1000.0,4,0.0,1500.0,35.1,61.1,32.2,7.33,39.4,60.1,37.0,5.35,39.8,59.0,37.7,5.43
Ultra,3,1000.0,2,1000.0,8,1000.0,4,800.0,0.0,40.4,55.3,36.7,7.33,40.6,59.1,37.8,5.62,44.5,54.2,42.1,5.46
Ultra,3,1000.0,2,1000.0,8,1000.0,4,800.0,1500.0,36.7,58.4,32.9,7.72,39.6,59.8,36.7,6.02,40.3,58.5,38.1,5.83
Ultra,3,1000.0,2,1000.0,8,1000.0,4,1200.0,0.0,39.0,57.2,35.7,7.18,42.0,57.6,39.0,5.36,42.8,56.0,40.7,5.13
Ultra,3,1000.0,2,1000.0,8,1000.0,4,1200.0,1500.0,35.3,60.5,32.1,7.49,39.9,59.5,37.2,5.74,39.8,59.0,37.7,5.51
Ultra,3,1000.0,2,1000.0,12,2000.0,3,0.0,0.0,37.6,55.7,35.3,7.31,41.5,57.4,38.2,5.1,42.3,56.4,39.8,5.11
Ultra,3,1000.0,2,1000.0,12,2000.0,3,0.0,1500.0,34.5,58.5,31.9,7.61,39.7,58.8,36.6,5.48,39.6,58.8,37.1,5.52
Ultra,3,1000.0,2,1000.0,12,2000.0,3,800.0,0.0,39.5,53.5,36.2,7.56,40.8,56.9,37.6,5.85,45.0,53.8,41.2,5.57
Ultra,3,1000.0,2,1000.0,12,2000.0,3,800.0,1500.0,36.1,56.3,32.6,7.9,39.7,57.6,36.6,6.21,41.0,57.4,37.4,5.96
Ultra,3,1000.0,2,1000.0,12,2000.0,3,1200.0,0.0,37.9,55.4,35.2,7.44,42.7,55.4,38.7,5.56,42.5,56.3,39.9,5.19
Ultra,3,1000.0,2,1000.0,12,2000.0,3,1200.0,1500.0,34.7,58.3,31.7,7.73,40.5,57.3,36.7,5.93,39.6,58.8,37.1,5.59
Ultra,3,1000.0,2,1000.0,12,2000.0,4,0.0,0.0,38.1,57.8,35.5,7.15,41.5,58.2,38.4,5.05,42.3,56.8,39.8,5.07
Ultra,3,1000.0,2,1000.0,12,2000.0,4,0.0,1500.0,34.7,61.0,32.2,7.45,39.7,59.8,36.7,5.42,39.6,59.4,37.1,5.46
Ultra,3,1000.0,2,1000.0,12,2000.0,4,800.0,0.0,39.9,55.5,36.7,7.39,40.8,58.2,38.1,5.78,44.8,54.2,41.4,5.52
Ultra,3,1000.0,2,1000.0,12,2000.0,4,800.0,1500.0,36.3,58.9,33.2,7.74,39.7,59.2,36.9,6.12,40.6,58.3,37.6,5.89
Ultra,3,1000.0,2,1000.0,12,2000.0,4,1200.0,0.0,38.6,57.5,35.5,7.26,42.4,57.1,38.8,5.47,42.5,56.6,39.9,5.15
Ultra,3,1000.0,2,1000.0,12,2000.0,4,1200.0,1500.0,34.9,60.8,32.1,7.56,40.3,59.1,36.9,5.84,39.6,59.4,37.1,5.54
Ultra,3,1000.0,2,1500.0,99,0.0,1,0.0,0.0,38.6,46.8,31.3,9.51,42.4,52.3,37.3,6.53,45.0,50.5,39.5,6.44
Ultra,3,1000.0,2,1500.0,99,0.0,1,0.0,1500.0,35.9,48.6,29.2,9.79,40.3,53.2,35.0,6.92,42.3,52.2,36.5,6.94
Ultra,3,1000.0,2,1500.0,99,0.0,1,800.0,0.0,40.3,43.5,32.7,9.9,44.7,47.0,38.5,7.84,46.2,46.9,40.1,7.33
Ultra,3,1000.0,2,1500.0,99,0.0,1,800.0,1500.0,38.1,44.8,30.6,10.22,42.7,48.0,36.3,8.16,44.2,47.8,37.6,7.81
Ultra,3,1000.0,2,1500.0,99,0.0,1,1200.0,0.0,39.1,46.1,32.0,9.59,43.4,49.7,37.8,7.18,45.6,49.7,40.1,6.6
Ultra,3,1000.0,2,1500.0,99,0.0,1,1200.0,1500.0,36.6,47.9,29.8,9.87,41.1,50.6,35.5,7.54,42.9,51.6,36.8,7.09
Ultra,3,1000.0,2,1500.0,8,1000.0,3,0.0,0.0,38.6,46.8,31.3,9.51,42.4,52.3,37.3,6.53,45.0,50.5,39.5,6.44
Ultra,3,1000.0,2,1500.0,8,1000.0,3,0.0,1500.0,35.9,48.6,29.2,9.79,40.3,53.2,35.0,6.92,42.3,52.2,36.5,6.94
Ultra,3,1000.0,2,1500.0,8,1000.0,3,800.0,0.0,40.3,43.5,32.7,9.9,44.7,47.0,38.5,7.84,46.2,46.9,40.1,7.33
Ultra,3,1000.0,2,1500.0,8,1000.0,3,800.0,1500.0,38.1,44.8,30.6,10.22,42.7,48.0,36.3,8.16,44.2,47.8,37.6,7.81
Ultra,3,1000.0,2,1500.0,8,1000.0,3,1200.0,0.0,39.1,46.1,32.0,9.59,43.4,49.7,37.8,7.18,45.6,49.7,40.1,6.6
Ultra,3,1000.0,2,1500.0,8,1000.0,3,1200.0,1500.0,36.6,47.9,29.8,9.87,41.1,50.6,35.5,7.54,42.9,51.6,36.8,7.09
Ultra,3,1000.0,2,1500.0,8,1000.0,4,0.0,0.0,38.8,46.9,31.0,9.42,41.8,52.1,37.5,6.54,44.5,51.3,39.2,6.42
Ultra,3,1000.0,2,1500.0,8,1000.0,4,0.0,1500.0,35.9,48.7,28.6,9.7,40.2,53.5,35.2,6.9,41.8,53.6,36.0,6.86
Ultra,3,1000.0,2,1500.0,8,1000.0,4,800.0,0.0,40.4,44.1,32.2,9.82,43.8,47.9,38.4,7.81,45.8,48.0,39.8,7.27
Ultra,3,1000.0,2,1500.0,8,1000.0,4,800.0,1500.0,38.5,45.2,30.1,10.14,41.8,49.5,36.3,8.12,43.6,49.8,36.9,7.65
Ultra,3,1000.0,2,1500.0,8,1000.0,4,1200.0,0.0,39.6,46.0,31.8,9.49,42.7,49.5,37.9,7.19,45.1,50.5,39.6,6.58
Ultra,3,1000.0,2,1500.0,8,1000.0,4,1200.0,1500.0,36.8,47.8,29.4,9.77,40.9,51.1,36.0,7.51,42.3,53.0,36.5,7.0
Ultra,3,1000.0,2,1500.0,12,2000.0,3,0.0,0.0,38.6,46.8,31.3,9.51,42.4,52.3,37.3,6.53,45.0,50.5,39.5,6.44
Ultra,3,1000.0,2,1500.0,12,2000.0,3,0.0,1500.0,35.9,48.6,29.2,9.79,40.3,53.2,35.0,6.92,42.3,52.2,36.5,6.94
Ultra,3,1000.0,2,1500.0,12,2000.0,3,800.0,0.0,40.3,43.5,32.7,9.9,44.7,47.0,38.5,7.84,46.2,46.9,40.1,7.33
Ultra,3,1000.0,2,1500.0,12,2000.0,3,800.0,1500.0,38.1,44.8,30.6,10.22,42.7,48.0,36.3,8.16,44.2,47.8,37.6,7.81
Ultra,3,1000.0,2,1500.0,12,2000.0,3,1200.0,0.0,39.1,46.1,32.0,9.59,43.4,49.7,37.8,7.18,45.6,49.7,40.1,6.6
Ultra,3,1000.0,2,1500.0,12,2000.0,3,1200.0,1500.0,36.6,47.9,29.8,9.87,41.1,50.6,35.5,7.54,42.9,51.6,36.8,7.09
Ultra,3,1000.0,2,1500.0,12,2000.0,4,0.0,0.0,38.8,47.4,31.5,9.41,42.0,52.3,37.5,6.5,43.9,51.9,39.6,6.38
Ultra,3,1000.0,2,1500.0,12,2000.0,4,0.0,1500.0,36.2,49.4,29.4,9.69,39.9,53.9,35.0,6.87,41.5,54.1,36.5,6.85
Ultra,3,1000.0,2,1500.0,12,2000.0,4,800.0,0.0,40.6,43.3,33.0,9.85,43.4,48.0,38.5,7.81,45.1,48.3,40.4,7.27
Ultra,3,1000.0,2,1500.0,12,2000.0,4,800.0,1500.0,38.3,44.6,30.8,10.19,41.5,49.5,36.3,8.13,43.1,50.2,37.6,7.69
Ultra,3,1000.0,2,1500.0,12,2000.0,4,1200.0,0.0,39.4,46.7,32.1,9.48,42.9,49.8,38.1,7.14,44.3,51.3,40.1,6.53
Ultra,3,1000.0,2,1500.0,12,2000.0,4,1200.0,1500.0,36.8,48.7,30.0,9.76,40.6,51.7,36.0,7.48,41.8,53.6,36.9,6.99
Ultra,3,1500.0,1,0.0,99,0.0,1,0.0,0.0,38.9,51.1,32.2,7.78,37.6,59.2,35.2,5.29,41.0,56.1,38.7,5.28
Ultra,3,1500.0,1,0.0,99,0.0,1,0.0,1500.0,36.9,53.1,30.3,8.17,37.9,57.7,35.2,5.94,40.4,56.3,37.3,5.91
Ultra,3,1500.0,1,0.0,99,0.0,1,800.0,0.0,39.6,50.9,33.0,7.83,38.4,58.0,35.5,5.74,40.9,56.0,37.9,5.48
Ultra,3,1500.0,1,0.0,99,0.0,1,800.0,1500.0,37.6,52.6,30.9,8.29,39.1,56.5,35.8,6.37,40.1,56.3,36.6,6.13
Ultra,3,1500.0,1,0.0,99,0.0,1,1200.0,0.0,39.4,50.5,32.7,7.87,39.0,57.9,36.4,5.47,40.6,56.6,38.2,5.27
Ultra,3,1500.0,1,0.0,99,0.0,1,1200.0,1500.0,37.4,52.5,30.7,8.27,39.3,56.3,36.3,6.14,39.8,56.9,36.6,5.91
Ultra,3,1500.0,1,0.0,8,1000.0,3,0.0,0.0,38.9,51.1,32.2,7.78,37.6,59.2,35.2,5.29,41.0,56.1,38.7,5.28
Ultra,3,1500.0,1,0.0,8,1000.0,3,0.0,1500.0,36.9,53.1,30.3,8.17,37.9,57.7,35.2,5.94,40.4,56.3,37.3,5.91
Ultra,3,1500.0,1,0.0,8,1000.0,3,800.0,0.0,39.6,50.9,33.0,7.83,38.4,58.0,35.5,5.74,40.9,56.0,37.9,5.48
Ultra,3,1500.0,1,0.0,8,1000.0,3,800.0,1500.0,37.6,52.6,30.9,8.29,39.1,56.5,35.8,6.37,40.1,56.3,36.6,6.13
Ultra,3,1500.0,1,0.0,8,1000.0,3,1200.0,0.0,39.4,50.5,32.7,7.87,39.0,57.9,36.4,5.47,40.6,56.6,38.2,5.27
Ultra,3,1500.0,1,0.0,8,1000.0,3,1200.0,1500.0,37.4,52.5,30.7,8.27,39.3,56.3,36.3,6.14,39.8,56.9,36.6,5.91
Ultra,3,1500.0,1,0.0,8,1000.0,4,0.0,0.0,39.6,51.3,32.7,7.66,37.6,59.4,35.3,5.28,40.9,56.0,38.7,5.27
Ultra,3,1500.0,1,0.0,8,1000.0,4,0.0,1500.0,37.3,52.9,30.3,8.12,37.9,58.2,35.3,5.92,40.4,56.0,37.4,5.91
Ultra,3,1500.0,1,0.0,8,1000.0,4,800.0,0.0,40.3,50.8,33.6,7.71,38.4,58.6,35.0,5.67,41.0,55.7,38.1,5.47
Ultra,3,1500.0,1,0.0,8,1000.0,4,800.0,1500.0,38.0,52.1,31.0,8.22,39.1,57.4,35.3,6.3,40.1,56.1,36.6,6.12
Ultra,3,1500.0,1,0.0,8,1000.0,4,1200.0,0.0,40.1,50.6,33.3,7.75,38.5,58.5,36.1,5.43,40.4,56.4,38.2,5.26
Ultra,3,1500.0,1,0.0,8,1000.0,4,1200.0,1500.0,37.8,52.1,30.8,8.21,38.8,57.3,36.0,6.1,39.8,56.6,36.8,5.91
Ultra,3,1500.0,1,0.0,12,2000.0,3,0.0,0.0,38.9,51.1,32.2,7.78,37.6,59.2,35.2,5.29,41.0,56.1,38.7,5.28
Ultra,3,1500.0,1,0.0,12,2000.0,3,0.0,1500.0,36.9,53.1,30.3,8.17,37.9,57.7,35.2,5.94,40.4,56.3,37.3,5.91
Ultra,3,1500.0,1,0.0,12,2000.0,3,800.0,0.0,39.6,50.9,33.0,7.83,38.4,58.0,35.5,5.74,40.9,56.0,37.9,5.48
Ultra,3,1500.0,1,0.0,12,2000.0,3,800.0,1500.0,37.6,52.6,30.9,8.29,39.1,56.5,35.8,6.37,40.1,56.3,36.6,6.13
Ultra,3,1500.0,1,0.0,12,2000.0,3,1200.0,0.0,39.4,50.5,32.7,7.87,39.0,57.9,36.4,5.47,40.6,56.6,38.2,5.27
Ultra,3,1500.0,1,0.0,12,2000.0,3,1200.0,1500.0,37.4,52.5,30.7,8.27,39.3,56.3,36.3,6.14,39.8,56.9,36.6,5.91
Ultra,3,1500.0,1,0.0,12,2000.0,4,0.0,0.0,39.6,51.6,32.2,7.74,37.8,59.5,35.2,5.28,41.4,56.3,38.7,5.26
Ultra,3,1500.0,1,0.0,12,2000.0,4,0.0,1500.0,37.7,53.4,30.3,8.13,38.1,58.3,35.3,5.9,40.6,56.9,37.3,5.86
Ultra,3,1500.0,1,0.0,12,2000.0,4,800.0,0.0,40.0,51.3,33.0,7.81,38.4,58.5,35.5,5.72,41.4,56.1,37.9,5.47
Ultra,3,1500.0,1,0.0,12,2000.0,4,800.0,1500.0,38.3,52.9,30.9,8.26,39.1,57.3,35.8,6.33,40.4,56.9,36.6,6.08
Ultra,3,1500.0,1,0.0,12,2000.0,4,1200.0,0.0,40.2,51.0,32.7,7.82,39.1,58.2,36.4,5.46,40.9,56.8,38.2,5.25
Ultra,3,1500.0,1,0.0,12,2000.0,4,1200.0,1500.0,38.3,52.8,30.7,8.22,39.4,56.9,36.3,6.1,39.9,57.5,36.6,5.86
Ultra,3,1500.0,1,1000.0,99,0.0,1,0.0,0.0,37.0,49.2,30.4,8.89,39.6,54.4,35.5,6.5,41.7,54.6,37.3,6.2
Ultra,3,1500.0,1,1000.0,99,0.0,1,0.0,1500.0,35.2,50.7,28.5,9.31,39.3,53.8,35.2,6.94,41.7,53.5,36.3,6.89
Ultra,3,1500.0,1,1000.0,99,0.0,1,800.0,0.0,38.5,46.9,31.2,9.2,39.1,53.2,35.0,7.29,42.8,52.4,37.6,6.67
Ultra,3,1500.0,1,1000.0,99,0.0,1,800.0,1500.0,36.4,48.5,29.2,9.67,38.7,52.6,34.6,7.79,42.1,51.6,36.5,7.39
Ultra,3,1500.0,1,1000.0,99,0.0,1,1200.0,0.0,37.3,48.2,30.6,9.08,40.6,52.4,35.8,6.96,41.8,54.4,37.3,6.27
Ultra,3,1500.0,1,1000.0,99,0.0,1,1200.0,1500.0,35.3,49.8,28.5,9.5,40.3,51.8,35.2,7.43,41.8,53.3,36.3,6.97
Ultra,3,1500.0,1,1000.0,8,1000.0,3,0.0,0.0,37.0,49.2,30.4,8.89,39.6,54.4,35.5,6.5,41.7,54.6,37.3,6.2
Ultra,3,1500.0,1,1000.0,8,1000.0,3,0.0,1500.0,35.2,50.7,28.5,9.31,39.3,53.8,35.2,6.94,41.7,53.5,36.3,6.89
Ultra,3,1500.0,1,1000.0,8,1000.0,3,800.0,0.0,38.5,46.9,31.2,9.2,39.1,53.2,35.0,7.29,42.8,52.4,37.6,6.67
Ultra,3,1500.0,1,1000.0,8,1000.0,3,800.0,1500.0,36.4,48.5,29.2,9.67,38.7,52.6,34.6,7.79,42.1,51.6,36.5,7.39
Ultra,3,1500.0,1,1000.0,8,1000.0,3,1200.0,0.0,37.3,48.2,30.6,9.08,40.6,52.4,35.8,6.96,41.8,54.4,37.3,6.27
Ultra,3,1500.0,1,1000.0,8,1000.0,3,1200.0,1500.0,35.3,49.8,28.5,9.5,40.3,51.8,35.2,7.43,41.8,53.3,36.3,6.97
Ultra,3,1500.0,1,1000.0,8,1000.0,4,0.0,0.0,38.0,51.5,30.5,8.66,39.6,55.7,35.8,6.35,42.1,54.4,37.9,6.15
Ultra,3,1500.0,1,1000.0,8,1000.0,4,0.0,1500.0,36.1,53.1,28.4,9.11,39.4,55.6,35.6,6.8,41.8,53.8,37.1,6.82
Ultra,3,1500.0,1,1000.0,8,1000.0,4,800.0,0.0,39.4,49.4,31.3,8.99,39.4,55.6,35.5,7.01,43.1,53.0,38.4,6.55
Ultra,3,1500.0,1,1000.0,8,1000.0,4,800.0,1500.0,37.3,50.8,29.0,9.48,38.4,55.4,34.7,7.55,42.1,52.7,37.3,7.24
Ultra,3,1500.0,1,1000.0,8,1000.0,4,1200.0,0.0,38.5,50.7,30.7,8.85,40.5,54.8,36.1,6.74,42.3,54.2,37.9,6.23
Ultra,3,1500.0,1,1000.0,8,1000.0,4,1200.0,1500.0,36.4,52.2,28.4,9.29,40.2,54.8,35.6,7.21,42.0,53.6,37.1,6.9
Ultra,3,1500.0,1,1000.0,12,2000.0,3,0.0,0.0,37.0,49.2,30.4,8.89,39.6,54.4,35.5,6.5,41.7,54.6,37.3,6.2
Ultra,3,1500.0,1,1000.0,12,2000.0,3,0.0,1500.0,35.2,50.7,28.5,9.31,39.3,53.8,35.2,6.94,41.7,53.5,36.3,6.89
Ultra,3,1500.0,1,1000.0,12,2000.0,3,800.0,0.0,38.5,46.9,31.2,9.2,39.1,53.2,35.0,7.29,42.8,52.4,37.6,6.67
Ultra,3,1500.0,1,1000.0,12,2000.0,3,800.0,1500.0,36.4,48.5,29.2,9.67,38.7,52.6,34.6,7.79,42.1,51.6,36.5,7.39
Ultra,3,1500.0,1,1000.0,12,2000.0,3,1200.0,0.0,37.3,48.2,30.6,9.08,40.6,52.4,35.8,6.96,41.8,54.4,37.3,6.27
Ultra,3,1500.0,1,1000.0,12,2000.0,3,1200.0,1500.0,35.3,49.8,28.5,9.5,40.3,51.8,35.2,7.43,41.8,53.3,36.3,6.97
Ultra,3,1500.0,1,1000.0,12,2000.0,4,0.0,0.0,38.1,50.9,30.3,8.76,40.0,55.1,35.5,6.44,41.7,54.6,37.3,6.19
Ultra,3,1500.0,1,1000.0,12,2000.0,4,0.0,1500.0,35.6,52.6,28.5,9.2,39.6,54.5,35.2,6.9,41.5,53.8,36.3,6.86
Ultra,3,1500.0,1,1000.0,12,2000.0,4,800.0,0.0,39.1,49.6,31.1,9.03,39.7,54.4,35.2,7.19,43.2,52.5,37.7,6.62
Ultra,3,1500.0,1,1000.0,12,2000.0,4,800.0,1500.0,36.7,51.4,29.0,9.52,38.7,53.9,34.7,7.72,42.3,51.9,36.6,7.33
Ultra,3,1500.0,1,1000.0,12,2000.0,4,1200.0,0.0,38.5,50.2,30.5,8.93,41.1,54.1,35.8,6.87,41.8,54.4,37.3,6.26
Ultra,3,1500.0,1,1000.0,12,2000.0,4,1200.0,1500.0,35.7,52.0,28.5,9.37,40.6,53.5,35.2,7.36,41.7,53.6,36.3,6.94
Ultra,3,1500.0,1,1500.0,99,0.0,1,0.0,0.0,37.0,42.2,28.7,10.6,41.2,47.6,35.6,7.89,43.6,47.0,37.7,7.59
Ultra,3,1500.0,1,1500.0,99,0.0,1,0.0,1500.0,35.6,42.6,27.1,11.09,40.8,47.3,34.4,8.38,43.6,45.3,36.9,8.34
Ultra,3,1500.0,1,1500.0,99,0.0,1,800.0,0.0,38.3,38.2,29.6,11.06,41.8,43.4,35.5,9.05,43.7,44.3,37.6,8.35
Ultra,3,1500.0,1,1500.0,99,0.0,1,800.0,1500.0,36.9,38.9,27.6,11.57,40.9,43.5,34.0,9.49,44.3,42.0,36.9,9.08
Ultra,3,1500.0,1,1500.0,99,0.0,1,1200.0,0.0,37.6,40.8,29.4,10.76,42.1,45.0,35.8,8.53,43.7,46.7,37.9,7.75
Ultra,3,1500.0,1,1500.0,99,0.0,1,1200.0,1500.0,36.2,41.3,27.5,11.26,41.5,44.9,34.7,8.95,43.7,45.0,36.9,8.5
Ultra,3,1500.0,1,1500.0,8,1000.0,3,0.0,0.0,37.0,42.2,28.7,10.6,41.2,47.6,35.6,7.89,43.6,47.0,37.7,7.59
Ultra,3,1500.0,1,1500.0,8,1000.0,3,0.0,1500.0,35.6,42.6,27.1,11.09,40.8,47.3,34.4,8.38,43.6,45.3,36.9,8.34
Ultra,3,1500.0,1,1500.0,8,1000.0,3,800.0,0.0,38.3,38.2,29.6,11.06,41.8,43.4,35.5,9.05,43.7,44.3,37.6,8.35
Ultra,3,1500.0,1,1500.0,8,1000.0,3,800.0,1500.0,36.9,38.9,27.6,11.57,40.9,43.5,34.0,9.49,44.3,42.0,36.9,9.08
Ultra,3,1500.0,1,1500.0,8,1000.0,3,1200.0,0.0,37.6,40.8,29.4,10.76,42.1,45.0,35.8,8.53,43.7,46.7,37.9,7.75
Ultra,3,1500.0,1,1500.0,8,1000.0,3,1200.0,1500.0,36.2,41.3,27.5,11.26,41.5,44.9,34.7,8.95,43.7,45.0,36.9,8.5
Ultra,3,1500.0,1,1500.0,8,1000.0,4,0.0,0.0,37.1,42.7,28.5,10.51,41.1,47.6,35.8,7.89,43.6,47.8,37.9,7.54
Ultra,3,1500.0,1,1500.0,8,1000.0,4,0.0,1500.0,35.5,42.9,27.1,11.01,41.1,47.6,34.7,8.36,43.2,46.9,36.8,8.24
Ultra,3,1500.0,1,1500.0,8,1000.0,4,800.0,0.0,38.1,39.7,29.2,10.96,41.5,44.4,35.5,8.99,43.9,45.4,37.7,8.26
Ultra,3,1500.0,1,1500.0,8,1000.0,4,800.0,1500.0,36.7,40.0,27.5,11.48,40.5,45.0,34.1,9.43,44.3,44.5,36.9,8.88
Ultra,3,1500.0,1,1500.0,8,1000.0,4,1200.0,0.0,37.8,41.3,29.2,10.65,42.0,44.9,36.0,8.53,43.7,47.5,38.1,7.71
Ultra,3,1500.0,1,1500.0,8,1000.0,4,1200.0,1500.0,36.1,41.6,27.5,11.16,41.7,45.2,35.3,8.93,43.4,46.5,37.1,8.4
Ultra,3,1500.0,1,1500.0,12,2000.0,3,0.0,0.0,37.0,42.2,28.7,10.6,41.2,47.6,35.6,7.89,43.6,47.0,37.7,7.59
Ultra,3,1500.0,1,1500.0,12,2000.0,3,0.0,1500.0,35.6,42.6,27.1,11.09,40.8,47.3,34.4,8.38,43.6,45.3,36.9,8.34
Ultra,3,1500.0,1,1500.0,12,2000.0,3,800.0,0.0,38.3,38.2,29.6,11.06,41.8,43.4,35.5,9.05,43.7,44.3,37.6,8.35
Ultra,3,1500.0,1,1500.0,12,2000.0,3,800.0,1500.0,36.9,38.9,27.6,11.57,40.9,43.5,34.0,9.49,44.3,42.0,36.9,9.08
Ultra,3,1500.0,1,1500.0,12,2000.0,3,1200.0,0.0,37.6,40.8,29.4,10.76,42.1,45.0,35.8,8.53,43.7,46.7,37.9,7.75
Ultra,3,1500.0,1,1500.0,12,2000.0,3,1200.0,1500.0,36.2,41.3,27.5,11.26,41.5,44.9,34.7,8.95,43.7,45.0,36.9,8.5
Ultra,3,1500.0,1,1500.0,12,2000.0,4,0.0,0.0,37.0,43.3,28.7,10.5,42.6,47.4,36.0,7.82,43.4,48.1,37.9,7.52
Ultra,3,1500.0,1,1500.0,12,2000.0,4,0.0,1500.0,35.6,43.9,27.3,11.0,42.0,47.9,34.7,8.3,43.2,46.9,36.9,8.26
Ultra,3,1500.0,1,1500.0,12,2000.0,4,800.0,0.0,38.2,39.5,29.5,11.0,42.9,44.4,35.8,8.95,44.0,45.6,37.9,8.26
Ultra,3,1500.0,1,1500.0,12,2000.0,4,800.0,1500.0,36.7,40.2,27.7,11.53,42.0,44.7,34.4,9.42,44.5,44.2,36.9,8.96
Ultra,3,1500.0,1,1500.0,12,2000.0,4,1200.0,0.0,37.6,41.8,29.4,10.66,43.5,44.9,36.3,8.45,43.6,47.8,37.9,7.69
Ultra,3,1500.0,1,1500.0,12,2000.0,4,1200.0,1500.0,36.1,42.5,27.7,11.17,42.6,45.6,35.5,8.87,43.4,46.5,37.1,8.42
Ultra,3,1500.0,2,0.0,99,0.0,1,0.0,0.0,40.4,56.5,37.3,6.25,38.4,61.2,37.0,4.2,42.8,56.9,41.0,4.26
Ultra,3,1500.0,2,0.0,99,0.0,1,0.0,1500.0,37.3,59.7,34.2,6.57,38.5,61.0,37.3,4.59,42.1,57.5,40.4,4.67
Ultra,3,1500.0,2,0.0,99,0.0,1,800.0,0.0,41.1,55.8,37.9,6.34,39.7,60.0,37.9,4.67,42.9,56.6,40.4,4.5
Ultra,3,1500.0,2,0.0,99,0.0,1,800.0,1500.0,38.0,58.8,34.7,6.7,40.3,59.4,38.2,5.08,41.7,57.9,39.2,4.93
Ultra,3,1500.0,2,0.0,99,0.0,1,1200.0,0.0,41.0,55.9,37.7,6.34,39.9,59.7,38.4,4.4,42.3,57.4,40.6,4.29
Ultra,3,1500.0,2,0.0,99,0.0,1,1200.0,1500.0,37.7,59.1,34.5,6.66,40.0,59.5,38.5,4.8,41.7,58.0,39.9,4.7
Ultra,3,1500.0,2,0.0,8,1000.0,3,0.0,0.0,40.4,56.5,37.3,6.25,38.4,61.2,37.0,4.2,42.8,56.9,41.0,4.26
Ultra,3,1500.0,2,0.0,8,1000.0,3,0.0,1500.0,37.3,59.7,34.2,6.57,38.5,61.0,37.3,4.59,42.1,57.5,40.4,4.67
Ultra,3,1500.0,2,0.0,8,1000.0,3,800.0,0.0,41.1,55.8,37.9,6.34,39.7,60.0,37.9,4.67,42.9,56.6,40.4,4.5
Ultra,3,1500.0,2,0.0,8,1000.0,3,800.0,1500.0,38.0,58.8,34.7,6.7,40.3,59.4,38.2,5.08,41.7,57.9,39.2,4.93
Ultra,3,1500.0,2,0.0,8,1000.0,3,1200.0,0.0,41.0,55.9,37.7,6.34,39.9,59.7,38.4,4.4,42.3,57.4,40.6,4.29
Ultra,3,1500.0,2,0.0,8,1000.0,3,1200.0,1500.0,37.7,59.1,34.5,6.66,40.0,59.5,38.5,4.8,41.7,58.0,39.9,4.7
Ultra,3,1500.0,2,0.0,8,1000.0,4,0.0,0.0,41.0,57.4,38.1,6.09,38.4,61.3,37.2,4.19,42.1,57.9,40.9,4.19
Ultra,3,1500.0,2,0.0,8,1000.0,4,0.0,1500.0,37.5,60.8,34.6,6.43,38.4,61.3,37.2,4.58,41.7,58.3,40.4,4.61
Ultra,3,1500.0,2,0.0,8,1000.0,4,800.0,0.0,41.7,56.6,38.9,6.18,39.6,60.3,38.1,4.6,42.6,57.4,40.4,4.43
Ultra,3,1500.0,2,0.0,8,1000.0,4,800.0,1500.0,38.2,59.9,35.3,6.55,40.0,59.8,38.4,5.0,41.4,58.6,39.2,4.87
Ultra,3,1500.0,2,0.0,8,1000.0,4,1200.0,0.0,41.6,56.6,38.8,6.17,39.4,60.3,38.1,4.37,41.7,58.3,40.4,4.22
Ultra,3,1500.0,2,0.0,8,1000.0,4,1200.0,1500.0,38.0,60.2,35.1,6.51,39.4,60.3,38.1,4.77,41.2,58.8,39.9,4.64
Ultra,3,1500.0,2,0.0,12,2000.0,3,0.0,0.0,40.4,56.5,37.3,6.25,38.4,61.2,37.0,4.2,42.8,56.9,41.0,4.26
Ultra,3,1500.0,2,0.0,12,2000.0,3,0.0,1500.0,37.3,59.7,34.2,6.57,38.5,61.0,37.3,4.59,42.1,57.5,40.4,4.67
Ultra,3,1500.0,2,0.0,12,2000.0,3,800.0,0.0,41.1,55.8,37.9,6.34,39.7,60.0,37.9,4.67,42.9,56.6,40.4,4.5
Ultra,3,1500.0,2,0.0,12,2000.0,3,800.0,1500.0,38.0,58.8,34.7,6.7,40.3,59.4,38.2,5.08,41.7,57.9,39.2,4.93
Ultra,3,1500.0,2,0.0,12,2000.0,3,1200.0,0.0,41.0,55.9,37.7,6.34,39.9,59.7,38.4,4.4,42.3,57.4,40.6,4.29
Ultra,3,1500.0,2,0.0,12,2000.0,3,1200.0,1500.0,37.7,59.1,34.5,6.66,40.0,59.5,38.5,4.8,41.7,58.0,39.9,4.7
Ultra,3,1500.0,2,0.0,12,2000.0,4,0.0,0.0,40.9,57.3,37.3,6.19,38.2,61.8,37.3,4.16,42.3,57.7,41.2,4.19
Ultra,3,1500.0,2,0.0,12,2000.0,4,0.0,1500.0,37.8,60.3,34.2,6.5,38.5,61.5,37.5,4.55,41.7,58.3,40.6,4.61
Ultra,3,1500.0,2,0.0,12,2000.0,4,800.0,0.0,41.3,56.8,37.9,6.29,39.7,60.3,37.9,4.65,42.6,57.4,40.7,4.42
Ultra,3,1500.0,2,0.0,12,2000.0,4,800.0,1500.0,38.3,59.8,34.7,6.64,40.3,59.7,38.2,5.05,41.4,58.6,39.5,4.86
Ultra,3,1500.0,2,0.0,12,2000.0,4,1200.0,0.0,41.4,56.6,37.7,6.27,39.6,60.4,38.5,4.36,41.8,58.2,40.7,4.22
Ultra,3,1500.0,2,0.0,12,2000.0,4,1200.0,1500.0,38.2,59.8,34.5,6.59,39.9,60.1,38.5,4.76,41.2,58.8,40.1,4.63
Ultra,3,1500.0,2,1000.0,99,0.0,1,0.0,0.0,39.4,52.7,35.3,7.65,40.5,57.7,37.2,5.43,42.6,55.8,40.3,5.26
Ultra,3,1500.0,2,1000.0,99,0.0,1,0.0,1500.0,36.9,55.1,32.7,8.01,39.4,58.5,36.0,5.79,42.1,56.1,39.5,5.75
Ultra,3,1500.0,2,1000.0,99,0.0,1,800.0,0.0,41.3,50.5,36.3,7.93,40.6,55.9,36.4,6.2,44.3,54.2,40.9,5.66
Ultra,3,1500.0,2,1000.0,99,0.0,1,800.0,1500.0,38.8,52.9,33.5,8.32,40.6,55.4,36.3,6.57,43.4,54.9,39.8,6.18
Ultra,3,1500.0,2,1000.0,99,0.0,1,1200.0,0.0,39.7,52.4,35.3,7.76,41.7,55.6,37.5,5.87,42.5,56.0,40.3,5.31
Ultra,3,1500.0,2,1000.0,99,0.0,1,1200.0,1500.0,37.2,54.8,32.7,8.11,40.6,56.3,36.4,6.22,42.1,56.1,39.6,5.81
Ultra,3,1500.0,2,1000.0,8,1000.0,3,0.0,0.0,39.4,52.7,35.3,7.65,40.5,57.7,37.2,5.43,42.6,55.8,40.3,5.26
Ultra,3,1500.0,2,1000.0,8,1000.0,3,0.0,1500.0,36.9,55.1,32.7,8.01,39.4,58.5,36.0,5.79,42.1,56.1,39.5,5.75
Ultra,3,1500.0,2,1000.0,8,1000.0,3,800.0,0.0,41.3,50.5,36.3,7.93,40.6,55.9,36.4,6.2,44.3,54.2,40.9,5.66
Ultra,3,1500.0,2,1000.0,8,1000.0,3,800.0,1500.0,38.8,52.9,33.5,8.32,40.6,55.4,36.3,6.57,43.4,54.9,39.8,6.18
Ultra,3,1500.0,2,1000.0,8,1000.0,3,1200.0,0.0,39.7,52.4,35.3,7.76,41.7,55.6,37.5,5.87,42.5,56.0,40.3,5.31
Ultra,3,1500.0,2,1000.0,8,1000.0,3,1200.0,1500.0,37.2,54.8,32.7,8.11,40.6,56.3,36.4,6.22,42.1,56.1,39.6,5.81
Ultra,3,1500.0,2,1000.0,8,1000.0,4,0.0,0.0,40.4,55.0,36.1,7.37,40.0,59.2,37.3,5.3,42.6,55.7,40.7,5.22
Ultra,3,1500.0,2,1000.0,8,1000.0,4,0.0,1500.0,37.6,57.7,33.1,7.76,39.0,60.0,36.6,5.67,41.8,56.4,39.9,5.69
Ultra,3,1500.0,2,1000.0,8,1000.0,4,800.0,0.0,42.2,52.7,37.0,7.69,40.8,58.2,36.7,5.96,43.6,54.9,41.5,5.56
Ultra,3,1500.0,2,1000.0,8,1000.0,4,800.0,1500.0,39.2,55.2,33.9,8.13,40.6,57.9,36.7,6.37,42.5,56.0,40.4,6.06
Ultra,3,1500.0,2,1000.0,8,1000.0,4,1200.0,0.0,40.8,54.4,36.2,7.5,40.9,58.2,37.6,5.66,42.5,55.8,40.7,5.28
Ultra,3,1500.0,2,1000.0,8,1000.0,4,1200.0,1500.0,37.9,56.9,33.2,7.89,39.9,58.9,37.0,6.02,41.8,56.4,40.1,5.75
Ultra,3,1500.0,2,1000.0,12,2000.0,3,0.0,0.0,39.4,52.7,35.3,7.65,40.5,57.7,37.2,5.43,42.6,55.8,40.3,5.26
Ultra,3,1500.0,2,1000.0,12,2000.0,3,0.0,1500.0,36.9,55.1,32.7,8.01,39.4,58.5,36.0,5.79,42.1,56.1,39.5,5.75
Ultra,3,1500.0,2,1000.0,12,2000.0,3,800.0,0.0,41.3,50.5,36.3,7.93,40.6,55.9,36.4,6.2,44.3,54.2,40.9,5.66
Ultra,3,1500.0,2,1000.0,12,2000.0,3,800.0,1500.0,38.8,52.9,33.5,8.32,40.6,55.4,36.3,6.57,43.4,54.9,39.8,6.18
Ultra,3,1500.0,2,1000.0,12,2000.0,3,1200.0,0.0,39.7,52.4,35.3,7.76,41.7,55.6,37.5,5.87,42.5,56.0,40.3,5.31
Ultra,3,1500.0,2,1000.0,12,2000.0,3,1200.0,1500.0,37.2,54.8,32.7,8.11,40.6,56.3,36.4,6.22,42.1,56.1,39.6,5.81
Ultra,3,1500.0,2,1000.0,12,2000.0,4,0.0,0.0,39.8,54.9,35.2,7.53,40.8,58.6,37.2,5.38,42.5,56.0,40.3,5.24
Ultra,3,1500.0,2,1000.0,12,2000.0,4,0.0,1500.0,37.0,57.6,32.7,7.89,39.4,59.5,36.0,5.74,41.7,56.8,39.5,5.71
Ultra,3,1500.0,2,1000.0,12,2000.0,4,800.0,0.0,41.3,53.2,36.4,7.77,40.9,57.6,36.7,6.11,44.3,54.4,41.0,5.61
Ultra,3,1500.0,2,1000.0,12,2000.0,4,800.0,1500.0,38.6,55.8,33.5,8.18,40.9,57.4,36.6,6.48,42.9,55.7,39.9,6.11
Ultra,3,1500.0,2,1000.0,12,2000.0,4,1200.0,0.0,40.1,54.5,35.4,7.63,41.7,57.6,37.5,5.78,42.5,56.0,40.3,5.29
Ultra,3,1500.0,2,1000.0,12,2000.0,4,1200.0,1500.0,37.3,57.3,32.8,7.99,40.5,58.3,36.4,6.13,41.8,56.6,39.6,5.77
Ultra,3,1500.0,2,1500.0,99,0.0,1,0.0,0.0,40.2,44.7,32.8,9.6,43.5,50.9,37.2,6.71,46.2,48.7,40.9,6.6
Ultra,3,1500.0,2,1500.0,99,0.0,1,0.0,1500.0,37.8,46.0,30.9,9.95,41.1,52.3,34.9,7.08,45.0,49.4,39.6,7.1
Ultra,3,1500.0,2,1500.0,99,0.0,1,800.0,0.0,41.9,41.3,33.9,9.96,45.3,45.8,38.1,7.97,46.9,46.4,41.4,7.28
Ultra,3,1500.0,2,1500.0,99,0.0,1,800.0,1500.0,40.2,42.3,32.2,10.3,43.5,46.8,36.3,8.25,46.5,46.2,40.7,7.79
Ultra,3,1500.0,2,1500.0,99,0.0,1,1200.0,0.0,40.9,43.9,33.5,9.69,44.3,48.5,37.5,7.32,46.7,48.1,41.4,6.73
Ultra,3,1500.0,2,1500.0,99,0.0,1,1200.0,1500.0,38.5,45.2,31.6,10.03,42.1,49.8,35.5,7.63,45.4,48.6,39.9,7.24
Ultra,3,1500.0,2,1500.0,8,1000.0,3,0.0,0.0,40.2,44.7,32.8,9.6,43.5,50.9,37.2,6.71,46.2,48.7,40.9,6.6
Ultra,3,1500.0,2,1500.0,8,1000.0,3,0.0,1500.0,37.8,46.0,30.9,9.95,41.1,52.3,34.9,7.08,45.0,49.4,39.6,7.1
Ultra,3,1500.0,2,1500.0,8,1000.0,3,800.0,0.0,41.9,41.3,33.9,9.96,45.3,45.8,38.1,7.97,46.9,46.4,41.4,7.28
Ultra,3,1500.0,2,1500.0,8,1000.0,3,800.0,1500.0,40.2,42.3,32.2,10.3,43.5,46.8,36.3,8.25,46.5,46.2,40.7,7.79
Ultra,3,1500.0,2,1500.0,8,1000.0,3,1200.0,0.0,40.9,43.9,33.5,9.69,44.3,48.5,37.5,7.32,46.7,48.1,41.4,6.73
Ultra,3,1500.0,2,1500.0,8,1000.0,3,1200.0,1500.0,38.5,45.2,31.6,10.03,42.1,49.8,35.5,7.63,45.4,48.6,39.9,7.24
Ultra,3,1500.0,2,1500.0,8,1000.0,4,0.0,0.0,40.6,45.6,32.6,9.48,42.7,50.9,37.5,6.72,45.9,49.5,40.6,6.57
Ultra,3,1500.0,2,1500.0,8,1000.0,4,0.0,1500.0,37.8,46.8,30.5,9.86,40.6,52.7,35.2,7.06,44.3,50.8,39.0,7.02
Ultra,3,1500.0,2,1500.0,8,1000.0,4,800.0,0.0,42.3,43.3,33.4,9.82,44.1,47.0,37.9,7.92,46.7,47.5,41.0,7.22
Ultra,3,1500.0,2,1500.0,8,1000.0,4,800.0,1500.0,40.4,44.0,31.8,10.19,42.3,48.6,36.3,8.19,45.9,47.8,39.9,7.68
Ultra,3,1500.0,2,1500.0,8,1000.0,4,1200.0,0.0,41.5,44.6,33.3,9.56,43.4,48.3,37.8,7.33,46.4,48.9,40.9,6.71
Ultra,3,1500.0,2,1500.0,8,1000.0,4,1200.0,1500.0,38.6,46.0,31.1,9.93,41.4,50.3,36.1,7.61,44.8,50.0,39.5,7.17
Ultra,3,1500.0,2,1500.0,12,2000.0,3,0.0,0.0,40.2,44.7,32.8,9.6,43.5,50.9,37.2,6.71,46.2,48.7,40.9,6.6
Ultra,3,1500.0,2,1500.0,12,2000.0,3,0.0,1500.0,37.8,46.0,30.9,9.95,41.1,52.3,34.9,7.08,45.0,49.4,39.6,7.1
Ultra,3,1500.0,2,1500.0,12,2000.0,3,800.0,0.0,41.9,41.3,33.9,9.96,45.3,45.8,38.1,7.97,46.9,46.4,41.4,7.28
Ultra,3,1500.0,2,1500.0,12,2000.0,3,800.0,1500.0,40.2,42.3,32.2,10.3,43.5,46.8,36.3,8.25,46.5,46.2,40.7,7.79
Ultra,3,1500.0,2,1500.0,12,2000.0,3,1200.0,0.0,40.9,43.9,33.5,9.69,44.3,48.5,37.5,7.32,46.7,48.1,41.4,6.73
Ultra,3,1500.0,2,1500.0,12,2000.0,3,1200.0,1500.0,38.5,45.2,31.6,10.03,42.1,49.8,35.5,7.63,45.4,48.6,39.9,7.24
Ultra,3,1500.0,2,1500.0,12,2000.0,4,0.0,0.0,40.3,45.7,32.9,9.52,43.2,50.9,37.5,6.69,45.6,49.8,40.9,6.54
Ultra,3,1500.0,2,1500.0,12,2000.0,4,0.0,1500.0,37.6,47.1,31.1,9.86,40.9,53.0,35.0,7.04,44.3,50.9,39.5,7.0
Ultra,3,1500.0,2,1500.0,12,2000.0,4,800.0,0.0,42.1,42.1,34.0,9.92,44.3,47.0,38.4,7.92,46.9,47.6,41.5,7.21
Ultra,3,1500.0,2,1500.0,12,2000.0,4,800.0,1500.0,40.0,43.2,32.4,10.27,42.7,48.5,36.6,8.19,46.2,48.1,40.6,7.69
Ultra,3,1500.0,2,1500.0,12,2000.0,4,1200.0,0.0,41.2,44.7,33.6,9.6,44.0,48.8,37.9,7.28,46.1,49.2,41.2,6.67
Ultra,3,1500.0,2,1500.0,12,2000.0,4,1200.0,1500.0,38.3,46.3,31.8,9.95,41.8,51.1,36.1,7.58,44.8,50.2,39.9,7.15
WR70Plus,1,0.0,1,0.0,99,0.0,1,0.0,0.0,17.5,2.7,5.7,19.96,20.5,15.8,13.3,17.87,26.4,14.9,14.4,17.87
WR70Plus,1,0.0,1,0.0,99,0.0,1,0.0,1500.0,17.0,2.7,5.5,19.99,20.5,15.8,13.3,17.87,26.3,14.9,14.4,17.87
WR70Plus,1,0.0,1,0.0,99,0.0,1,800.0,0.0,17.5,2.7,5.8,19.95,20.5,15.8,13.3,17.93,26.4,14.4,14.4,17.98
WR70Plus,1,0.0,1,0.0,99,0.0,1,800.0,1500.0,17.0,2.7,5.6,19.98,20.5,15.8,13.3,17.93,26.3,14.4,14.4,17.98
WR70Plus,1,0.0,1,0.0,99,0.0,1,1200.0,0.0,17.5,2.7,5.7,19.96,20.5,15.8,13.3,17.88,26.4,14.9,14.4,17.87
WR70Plus,1,0.0,1,0.0,99,0.0,1,1200.0,1500.0,17.0,2.7,5.5,19.99,20.5,15.8,13.3,17.88,26.3,14.9,14.4,17.87
WR70Plus,1,0.0,1,0.0,8,1000.0,3,0.0,0.0,28.0,24.7,11.1,17.39,33.0,42.0,21.8,14.59,37.2,37.7,22.8,14.77
WR70Plus,1,0.0,1,0.0,8,1000.0,3,0.0,1500.0,26.0,25.1,9.3,17.58,29.8,42.2,18.1,15.05,35.8,37.6,20.0,15.12
WR70Plus,1,0.0,1,0.0,8,1000.0,3,800.0,0.0,27.2,24.7,10.6,17.47,32.5,41.4,21.4,14.79,36.6,37.6,22.4,14.77
WR70Plus,1,0.0,1,0.0,8,1000.0,3,800.0,1500.0,25.9,25.2,9.2,17.62,29.2,41.6,17.6,15.24,35.2,37.6,19.7,15.11
WR70Plus,1,0.0,1,0.0,8,1000.0,3,1200.0,0.0,28.0,24.1,11.1,17.43,33.0,42.0,21.8,14.63,37.2,37.2,22.8,14.77
WR70Plus,1,0.0,1,0.0,8,1000.0,3,1200.0,1500.0,26.0,24.4,9.3,17.62,29.8,42.2,18.1,15.08,35.8,37.1,20.0,15.12
WR70Plus,1,0.0,1,0.0,8,1000.0,4,0.0,0.0,31.0,30.4,14.0,16.28,35.2,47.4,21.1,13.46,36.6,46.8,23.2,13.52
WR70Plus,1,0.0,1,0.0,8,1000.0,4,0.0,1500.0,29.5,30.2,11.7,16.53,34.6,45.6,18.8,13.9,35.8,46.3,21.0,13.85
WR70Plus,1,0.0,1,0.0,8,1000.0,4,800.0,0.0,30.8,30.1,13.8,16.35,34.5,47.4,20.5,13.61,36.5,46.3,23.0,13.62
WR70Plus,1,0.0,1,0.0,8,1000.0,4,800.0,1500.0,29.6,29.5,11.9,16.59,34.0,45.2,18.2,14.09,35.8,46.0,20.8,13.93
WR70Plus,1,0.0,1,0.0,8,1000.0,4,1200.0,0.0,31.0,30.4,14.0,16.29,35.4,47.4,20.9,13.53,36.6,46.6,23.2,13.53
WR70Plus,1,0.0,1,0.0,8,1000.0,4,1200.0,1500.0,29.5,30.2,11.7,16.53,34.5,45.3,18.5,14.0,35.8,46.8,21.0,13.83
WR70Plus,1,0.0,1,0.0,12,2000.0,3,0.0,0.0,38.4,28.3,12.6,17.64,34.8,46.2,18.7,15.54,39.7,41.0,20.5,15.54
WR70Plus,1,0.0,1,0.0,12,2000.0,3,0.0,1500.0,35.9,29.2,10.6,17.78,33.4,46.5,17.3,15.67,38.8,41.0,18.6,15.69
WR70Plus,1,0.0,1,0.0,12,2000.0,3,800.0,0.0,37.8,28.7,12.4,17.66,35.2,45.6,18.5,15.7,39.3,41.2,20.3,15.65
WR70Plus,1,0.0,1,0.0,12,2000.0,3,800.0,1500.0,35.5,29.7,10.4,17.79,33.7,45.9,17.2,15.84,38.2,41.5,18.5,15.82
WR70Plus,1,0.0,1,0.0,12,2000.0,3,1200.0,0.0,38.3,28.3,12.5,17.64,34.8,46.2,18.7,15.54,39.4,41.2,20.5,15.56
WR70Plus,1,0.0,1,0.0,12,2000.0,3,1200.0,1500.0,35.8,29.2,10.5,17.78,33.4,46.5,17.3,15.68,38.5,41.2,18.6,15.71
WR70Plus,1,0.0,1,0.0,12,2000.0,4,0.0,0.0,40.5,38.4,15.2,16.54,37.7,53.9,20.6,14.48,41.8,50.1,21.8,14.62
WR70Plus,1,0.0,1,0.0,12,2000.0,4,0.0,1500.0,39.2,38.5,12.5,16.75,36.1,53.8,18.8,14.71,40.2,50.4,20.5,14.83
WR70Plus,1,0.0,1,0.0,12,2000.0,4,800.0,0.0,39.8,38.2,15.2,16.63,37.8,53.0,20.5,14.64,41.5,49.3,21.8,14.81
WR70Plus,1,0.0,1,0.0,12,2000.0,4,800.0,1500.0,38.9,38.7,12.7,16.82,36.6,52.4,18.5,14.89,39.7,50.2,20.3,15.01
WR70Plus,1,0.0,1,0.0,12,2000.0,4,1200.0,0.0,40.5,38.4,15.2,16.54,38.0,53.0,20.6,14.55,41.3,50.2,21.8,14.65
WR70Plus,1,0.0,1,0.0,12,2000.0,4,1200.0,1500.0,39.2,38.5,12.5,16.76,36.6,52.7,18.8,14.79,39.7,50.9,20.5,14.84
WR70Plus,1,0.0,1,1000.0,99,0.0,1,0.0,0.0,17.5,2.7,5.7,19.96,20.5,15.8,13.3,17.87,26.4,14.9,14.4,17.87
WR70Plus,1,0.0,1,1000.0,99,0.0,1,0.0,1500.0,17.0,2.7,5.5,19.99,20.5,15.8,13.3,17.87,26.3,14.9,14.4,17.87
WR70Plus,1,0.0,1,1000.0,99,0.0,1,800.0,0.0,17.5,2.7,5.8,19.95,20.5,15.8,13.3,17.93,26.4,14.4,14.4,17.98
WR70Plus,1,0.0,1,1000.0,99,0.0,1,800.0,1500.0,17.0,2.7,5.6,19.98,20.5,15.8,13.3,17.93,26.3,14.4,14.4,17.98
WR70Plus,1,0.0,1,1000.0,99,0.0,1,1200.0,0.0,17.5,2.7,5.7,19.96,20.5,15.8,13.3,17.88,26.4,14.9,14.4,17.87
WR70Plus,1,0.0,1,1000.0,99,0.0,1,1200.0,1500.0,17.0,2.7,5.5,19.99,20.5,15.8,13.3,17.88,26.3,14.9,14.4,17.87
WR70Plus,1,0.0,1,1000.0,8,1000.0,3,0.0,0.0,28.3,17.7,11.0,18.03,31.5,36.0,20.6,15.28,37.1,30.0,22.4,15.54
WR70Plus,1,0.0,1,1000.0,8,1000.0,3,0.0,1500.0,25.8,18.4,9.0,18.23,29.4,35.4,17.9,15.65,36.9,29.4,20.0,15.86
WR70Plus,1,0.0,1,1000.0,8,1000.0,3,800.0,0.0,27.2,17.5,10.3,18.12,30.7,33.9,19.9,15.59,36.0,31.9,21.6,15.66
WR70Plus,1,0.0,1,1000.0,8,1000.0,3,800.0,1500.0,25.1,18.1,9.0,18.28,28.8,33.6,17.6,15.93,36.0,31.6,19.7,15.91
WR70Plus,1,0.0,1,1000.0,8,1000.0,3,1200.0,0.0,28.3,17.7,11.0,18.03,31.5,35.8,20.6,15.33,37.1,30.4,22.4,15.53
WR70Plus,1,0.0,1,1000.0,8,1000.0,3,1200.0,1500.0,25.8,18.4,9.0,18.23,29.4,35.2,17.9,15.69,36.9,29.7,20.0,15.85
WR70Plus,1,0.0,1,1000.0,8,1000.0,4,0.0,0.0,31.0,25.1,13.8,16.84,33.7,42.9,20.3,14.3,36.3,40.8,22.7,14.43
WR70Plus,1,0.0,1,1000.0,8,1000.0,4,0.0,1500.0,28.6,25.3,11.1,17.11,32.4,42.2,18.4,14.7,35.2,41.2,20.8,14.73
WR70Plus,1,0.0,1,1000.0,8,1000.0,4,800.0,0.0,30.5,24.8,13.7,16.96,32.5,41.3,19.3,14.64,35.8,41.3,22.2,14.53
WR70Plus,1,0.0,1,1000.0,8,1000.0,4,800.0,1500.0,28.5,24.7,11.4,17.22,31.9,40.4,17.9,15.01,35.4,41.3,20.7,14.81
WR70Plus,1,0.0,1,1000.0,8,1000.0,4,1200.0,0.0,31.0,24.9,13.8,16.85,33.7,42.6,20.0,14.37,36.2,41.3,22.7,14.44
WR70Plus,1,0.0,1,1000.0,8,1000.0,4,1200.0,1500.0,28.6,25.2,11.1,17.13,32.4,41.9,18.2,14.76,35.2,41.6,20.8,14.74
WR70Plus,1,0.0,1,1000.0,12,2000.0,3,0.0,0.0,37.8,20.9,12.3,18.07,34.9,38.3,18.7,15.95,39.7,34.3,20.5,16.04
WR70Plus,1,0.0,1,1000.0,12,2000.0,3,0.0,1500.0,35.9,21.8,10.6,18.19,33.3,38.4,17.3,16.09,38.8,34.1,18.6,16.19
WR70Plus,1,0.0,1,1000.0,12,2000.0,3,800.0,0.0,37.0,21.0,12.2,18.13,35.2,35.7,18.2,16.23,39.3,34.1,20.0,16.22
WR70Plus,1,0.0,1,1000.0,12,2000.0,3,800.0,1500.0,35.4,21.7,10.4,18.24,33.9,35.7,17.2,16.34,38.5,34.0,18.5,16.37
WR70Plus,1,0.0,1,1000.0,12,2000.0,3,1200.0,0.0,37.9,20.7,12.2,18.1,34.9,38.1,18.7,15.98,39.4,34.9,20.5,16.04
WR70Plus,1,0.0,1,1000.0,12,2000.0,3,1200.0,1500.0,36.0,21.6,10.5,18.21,33.3,38.3,17.3,16.12,38.5,34.7,18.6,16.19
WR70Plus,1,0.0,1,1000.0,12,2000.0,4,0.0,0.0,40.2,30.7,14.7,17.04,38.1,46.4,20.6,15.11,41.9,41.9,21.9,15.26
WR70Plus,1,0.0,1,1000.0,12,2000.0,4,0.0,1500.0,38.3,31.3,12.2,17.25,36.3,46.8,18.7,15.32,40.5,43.2,20.7,15.42
WR70Plus,1,0.0,1,1000.0,12,2000.0,4,800.0,0.0,38.9,29.5,14.8,17.2,37.7,44.1,20.2,15.39,41.0,41.2,21.6,15.51
WR70Plus,1,0.0,1,1000.0,12,2000.0,4,800.0,1500.0,37.4,30.1,12.4,17.39,36.0,44.4,18.4,15.6,39.6,42.4,20.3,15.66
WR70Plus,1,0.0,1,1000.0,12,2000.0,4,1200.0,0.0,40.2,30.3,14.7,17.06,38.1,45.0,20.6,15.21,41.3,41.9,21.9,15.31
WR70Plus,1,0.0,1,1000.0,12,2000.0,4,1200.0,1500.0,38.3,30.9,12.2,17.28,36.3,45.6,18.7,15.41,40.1,43.0,20.7,15.46
WR70Plus,1,0.0,1,1500.0,99,0.0,1,0.0,0.0,17.5,2.7,5.7,19.96,20.5,15.8,13.3,17.87,26.4,14.9,14.4,17.87
WR70Plus,1,0.0,1,1500.0,99,0.0,1,0.0,1500.0,17.0,2.7,5.5,19.99,20.5,15.8,13.3,17.87,26.3,14.9,14.4,17.87
WR70Plus,1,0.0,1,1500.0,99,0.0,1,800.0,0.0,17.5,2.7,5.8,19.95,20.5,15.8,13.3,17.93,26.4,14.4,14.4,17.98
WR70Plus,1,0.0,1,1500.0,99,0.0,1,800.0,1500.0,17.0,2.7,5.6,19.98,20.5,15.8,13.3,17.93,26.3,14.4,14.4,17.98
WR70Plus,1,0.0,1,1500.0,99,0.0,1,1200.0,0.0,17.5,2.7,5.7,19.96,20.5,15.8,13.3,17.88,26.4,14.9,14.4,17.87
WR70Plus,1,0.0,1,1500.0,99,0.0,1,1200.0,1500.0,17.0,2.7,5.5,19.99,20.5,15.8,13.3,17.88,26.3,14.9,14.4,17.87
WR70Plus,1,0.0,1,1500.0,8,1000.0,3,0.0,0.0,28.8,10.8,11.5,18.53,27.9,28.5,19.1,16.2,34.4,21.6,21.4,16.45
WR70Plus,1,0.0,1,1500.0,8,1000.0,3,0.0,1500.0,26.2,11.0,9.1,18.82,27.0,27.4,17.8,16.45,34.9,21.0,20.2,16.64
WR70Plus,1,0.0,1,1500.0,8,1000.0,3,800.0,0.0,27.8,10.5,11.2,18.63,27.7,26.7,18.7,16.5,33.5,22.1,20.7,16.63
WR70Plus,1,0.0,1,1500.0,8,1000.0,3,800.0,1500.0,25.9,10.6,9.1,18.88,27.1,25.3,17.3,16.75,34.3,21.0,19.6,16.82
WR70Plus,1,0.0,1,1500.0,8,1000.0,3,1200.0,0.0,28.8,10.8,11.5,18.54,27.9,28.5,19.1,16.24,34.4,21.6,21.4,16.45
WR70Plus,1,0.0,1,1500.0,8,1000.0,3,1200.0,1500.0,26.2,11.0,9.1,18.82,27.0,27.4,17.8,16.48,34.9,21.0,20.2,16.64
WR70Plus,1,0.0,1,1500.0,8,1000.0,4,0.0,0.0,29.9,20.0,13.2,17.56,31.0,36.7,19.9,15.25,34.7,30.8,21.8,15.42
WR70Plus,1,0.0,1,1500.0,8,1000.0,4,0.0,1500.0,28.9,19.7,11.0,17.82,30.4,35.4,18.5,15.58,35.4,30.2,20.8,15.64
WR70Plus,1,0.0,1,1500.0,8,1000.0,4,800.0,0.0,29.4,18.8,13.4,17.67,30.6,33.6,19.4,15.66,34.6,29.9,21.6,15.65
WR70Plus,1,0.0,1,1500.0,8,1000.0,4,800.0,1500.0,28.6,18.4,11.3,17.93,30.0,32.5,17.9,16.0,34.9,29.6,20.3,15.87
WR70Plus,1,0.0,1,1500.0,8,1000.0,4,1200.0,0.0,29.9,19.7,13.2,17.58,31.0,35.4,19.7,15.4,34.6,30.5,21.8,15.49
WR70Plus,1,0.0,1,1500.0,8,1000.0,4,1200.0,1500.0,28.9,19.4,11.0,17.84,30.4,34.0,18.2,15.73,35.2,29.9,20.8,15.7
WR70Plus,1,0.0,1,1500.0,12,2000.0,3,0.0,0.0,35.7,13.4,12.2,18.5,32.1,29.8,17.9,16.55,36.9,26.0,19.9,16.55
WR70Plus,1,0.0,1,1500.0,12,2000.0,3,0.0,1500.0,33.5,13.8,10.5,18.65,31.6,29.5,17.3,16.62,37.2,25.7,18.8,16.62
WR70Plus,1,0.0,1,1500.0,12,2000.0,3,800.0,0.0,35.1,13.2,12.0,18.56,32.2,28.0,17.8,16.73,36.6,25.0,19.6,16.77
WR70Plus,1,0.0,1,1500.0,12,2000.0,3,800.0,1500.0,33.2,13.4,10.3,18.71,31.9,27.4,17.2,16.8,36.8,24.6,18.6,16.87
WR70Plus,1,0.0,1,1500.0,12,2000.0,3,1200.0,0.0,35.6,13.3,12.1,18.53,32.2,29.8,17.9,16.57,36.8,25.8,19.9,16.58
WR70Plus,1,0.0,1,1500.0,12,2000.0,3,1200.0,1500.0,33.4,13.7,10.4,18.68,31.8,29.5,17.3,16.64,37.1,25.5,18.8,16.65
WR70Plus,1,0.0,1,1500.0,12,2000.0,4,0.0,0.0,37.6,24.1,14.6,17.62,36.6,36.7,20.3,15.81,39.1,33.2,21.6,15.88
WR70Plus,1,0.0,1,1500.0,12,2000.0,4,0.0,1500.0,36.0,24.4,12.3,17.79,35.7,36.9,18.5,15.94,39.0,32.9,20.7,15.98
WR70Plus,1,0.0,1,1500.0,12,2000.0,4,800.0,0.0,37.0,22.3,14.6,17.73,36.3,33.9,20.2,16.08,38.8,31.5,21.6,16.15
WR70Plus,1,0.0,1,1500.0,12,2000.0,4,800.0,1500.0,35.5,22.3,12.4,17.92,35.4,33.9,18.4,16.22,38.2,31.1,20.7,16.26
WR70Plus,1,0.0,1,1500.0,12,2000.0,4,1200.0,0.0,37.6,23.7,14.6,17.65,36.7,35.1,20.3,15.91,39.0,32.6,21.6,15.94
WR70Plus,1,0.0,1,1500.0,12,2000.0,4,1200.0,1500.0,36.2,23.8,12.3,17.82,35.8,35.2,18.5,16.05,38.8,32.2,20.7,16.05
WR70Plus,1,1000.0,1,0.0,99,0.0,1,0.0,0.0,17.5,2.7,5.7,19.96,20.5,15.8,13.3,17.87,26.4,14.9,14.4,17.87
WR70Plus,1,1000.0,1,0.0,99,0.0,1,0.0,1500.0,17.0,2.7,5.5,19.99,20.5,15.8,13.3,17.87,26.3,14.9,14.4,17.87
WR70Plus,1,1000.0,1,0.0,99,0.0,1,800.0,0.0,17.5,2.7,5.8,19.95,20.5,15.8,13.3,17.93,26.4,14.4,14.4,17.98
WR70Plus,1,1000.0,1,0.0,99,0.0,1,800.0,1500.0,17.0,2.7,5.6,19.98,20.5,15.8,13.3,17.93,26.3,14.4,14.4,17.98
WR70Plus,1,1000.0,1,0.0,99,0.0,1,1200.0,0.0,17.5,2.7,5.7,19.96,20.5,15.8,13.3,17.88,26.4,14.9,14.4,17.87
WR70Plus,1,1000.0,1,0.0,99,0.0,1,1200.0,1500.0,17.0,2.7,5.5,19.99,20.5,15.8,13.3,17.88,26.3,14.9,14.4,17.87
WR70Plus,1,1000.0,1,0.0,8,1000.0,3,0.0,0.0,28.0,24.7,11.1,17.39,33.0,42.0,21.8,14.59,37.2,37.7,22.8,14.77
WR70Plus,1,1000.0,1,0.0,8,1000.0,3,0.0,1500.0,26.0,25.1,9.3,17.58,29.8,42.2,18.1,15.05,35.8,37.6,20.0,15.12
WR70Plus,1,1000.0,1,0.0,8,1000.0,3,800.0,0.0,27.2,24.7,10.6,17.47,32.5,41.4,21.4,14.79,36.6,37.6,22.4,14.77
WR70Plus,1,1000.0,1,0.0,8,1000.0,3,800.0,1500.0,25.9,25.2,9.2,17.62,29.2,41.6,17.6,15.24,35.2,37.6,19.7,15.11
WR70Plus,1,1000.0,1,0.0,8,1000.0,3,1200.0,0.0,28.0,24.1,11.1,17.43,33.0,42.0,21.8,14.63,37.2,37.2,22.8,14.77
WR70Plus,1,1000.0,1,0.0,8,1000.0,3,1200.0,1500.0,26.0,24.4,9.3,17.62,29.8,42.2,18.1,15.08,35.8,37.1,20.0,15.12
WR70Plus,1,1000.0,1,0.0,8,1000.0,4,0.0,0.0,31.0,30.4,14.0,16.28,35.2,47.4,21.1,13.46,36.6,46.8,23.2,13.52
WR70Plus,1,1000.0,1,0.0,8,1000.0,4,0.0,1500.0,29.5,30.2,11.7,16.53,34.6,45.6,18.8,13.9,35.8,46.3,21.0,13.85
WR70Plus,1,1000.0,1,0.0,8,1000.0,4,800.0,0.0,30.8,30.1,13.8,16.35,34.5,47.4,20.5,13.61,36.5,46.3,23.0,13.62
WR70Plus,1,1000.0,1,0.0,8,1000.0,4,800.0,1500.0,29.6,29.5,11.9,16.59,34.0,45.2,18.2,14.09,35.8,46.0,20.8,13.93
WR70Plus,1,1000.0,1,0.0,8,1000.0,4,1200.0,0.0,31.0,30.4,14.0,16.29,35.4,47.4,20.9,13.53,36.6,46.6,23.2,13.53
WR70Plus,1,1000.0,1,0.0,8,1000.0,4,1200.0,1500.0,29.5,30.2,11.7,16.53,34.5,45.3,18.5,14.0,35.8,46.8,21.0,13.83
WR70Plus,1,1000.0,1,0.0,12,2000.0,3,0.0,0.0,38.4,28.3,12.6,17.64,34.8,46.2,18.7,15.54,39.7,41.0,20.5,15.54
WR70Plus,1,1000.0,1,0.0,12,2000.0,3,0.0,1500.0,35.9,29.2,10.6,17.78,33.4,46.5,17.3,15.67,38.8,41.0,18.6,15.69
WR70Plus,1,1000.0,1,0.0,12,2000.0,3,800.0,0.0,37.8,28.7,12.4,17.66,35.2,45.6,18.5,15.7,39.3,41.2,20.3,15.65
WR70Plus,1,1000.0,1,0.0,12,2000.0,3,800.0,1500.0,35.5,29.7,10.4,17.79,33.7,45.9,17.2,15.84,38.2,41.5,18.5,15.82
WR70Plus,1,1000.0,1,0.0,12,2000.0,3,1200.0,0.0,38.3,28.3,12.5,17.64,34.8,46.2,18.7,15.54,39.4,41.2,20.5,15.56
WR70Plus,1,1000.0,1,0.0,12,2000.0,3,1200.0,1500.0,35.8,29.2,10.5,17.78,33.4,46.5,17.3,15.68,38.5,41.2,18.6,15.71
WR70Plus,1,1000.0,1,0.0,12,2000.0,4,0.0,0.0,40.5,38.4,15.2,16.54,37.7,53.9,20.6,14.48,41.8,50.1,21.8,14.62
WR70Plus,1,1000.0,1,0.0,12,2000.0,4,0.0,1500.0,39.2,38.5,12.5,16.75,36.1,53.8,18.8,14.71,40.2,50.4,20.5,14.83
WR70Plus,1,1000.0,1,0.0,12,2000.0,4,800.0,0.0,39.8,38.2,15.2,16.63,37.8,53.0,20.5,14.64,41.5,49.3,21.8,14.81
WR70Plus,1,1000.0,1,0.0,12,2000.0,4,800.0,1500.0,38.9,38.7,12.7,16.82,36.6,52.4,18.5,14.89,39.7,50.2,20.3,15.01
WR70Plus,1,1000.0,1,0.0,12,2000.0,4,1200.0,0.0,40.5,38.4,15.2,16.54,38.0,53.0,20.6,14.55,41.3,50.2,21.8,14.65
WR70Plus,1,1000.0,1,0.0,12,2000.0,4,1200.0,1500.0,39.2,38.5,12.5,16.76,36.6,52.7,18.8,14.79,39.7,50.9,20.5,14.84
WR70Plus,1,1000.0,1,1000.0,99,0.0,1,0.0,0.0,17.5,2.7,5.7,19.96,20.5,15.8,13.3,17.87,26.4,14.9,14.4,17.87
WR70Plus,1,1000.0,1,1000.0,99,0.0,1,0.0,1500.0,17.0,2.7,5.5,19.99,20.5,15.8,13.3,17.87,26.3,14.9,14.4,17.87
WR70Plus,1,1000.0,1,1000.0,99,0.0,1,800.0,0.0,17.5,2.7,5.8,19.95,20.5,15.8,13.3,17.93,26.4,14.4,14.4,17.98
WR70Plus,1,1000.0,1,1000.0,99,0.0,1,800.0,1500.0,17.0,2.7,5.6,19.98,20.5,15.8,13.3,17.93,26.3,14.4,14.4,17.98
WR70Plus,1,1000.0,1,1000.0,99,0.0,1,1200.0,0.0,17.5,2.7,5.7,19.96,20.5,15.8,13.3,17.88,26.4,14.9,14.4,17.87
WR70Plus,1,1000.0,1,1000.0,99,0.0,1,1200.0,1500.0,17.0,2.7,5.5,19.99,20.5,15.8,13.3,17.88,26.3,14.9,14.4,17.87
WR70Plus,1,1000.0,1,1000.0,8,1000.0,3,0.0,0.0,28.3,17.7,11.0,18.03,31.5,36.0,20.6,15.28,37.1,30.0,22.4,15.54
WR70Plus,1,1000.0,1,1000.0,8,1000.0,3,0.0,1500.0,25.8,18.4,9.0,18.23,29.4,35.4,17.9,15.65,36.9,29.4,20.0,15.86
WR70Plus,1,1000.0,1,1000.0,8,1000.0,3,800.0,0.0,27.2,17.5,10.3,18.12,30.7,33.9,19.9,15.59,36.0,31.9,21.6,15.66
WR70Plus,1,1000.0,1,1000.0,8,1000.0,3,800.0,1500.0,25.1,18.1,9.0,18.28,28.8,33.6,17.6,15.93,36.0,31.6,19.7,15.91
WR70Plus,1,1000.0,1,1000.0,8,1000.0,3,1200.0,0.0,28.3,17.7,11.0,18.03,31.5,35.8,20.6,15.33,37.1,30.4,22.4,15.53
WR70Plus,1,1000.0,1,1000.0,8,1000.0,3,1200.0,1500.0,25.8,18.4,9.0,18.23,29.4,35.2,17.9,15.69,36.9,29.7,20.0,15.85
WR70Plus,1,1000.0,1,1000.0,8,1000.0,4,0.0,0.0,31.0,25.1,13.8,16.84,33.7,42.9,20.3,14.3,36.3,40.8,22.7,14.43
WR70Plus,1,1000.0,1,1000.0,8,1000.0,4,0.0,1500.0,28.6,25.3,11.1,17.11,32.4,42.2,18.4,14.7,35.2,41.2,20.8,14.73
WR70Plus,1,1000.0,1,1000.0,8,1000.0,4,800.0,0.0,30.5,24.8,13.7,16.96,32.5,41.3,19.3,14.64,35.8,41.3,22.2,14.53
WR70Plus,1,1000.0,1,1000.0,8,1000.0,4,800.0,1500.0,28.5,24.7,11.4,17.22,31.9,40.4,17.9,15.01,35.4,41.3,20.7,14.81
WR70Plus,1,1000.0,1,1000.0,8,1000.0,4,1200.0,0.0,31.0,24.9,13.8,16.85,33.7,42.6,20.0,14.37,36.2,41.3,22.7,14.44
WR70Plus,1,1000.0,1,1000.0,8,1000.0,4,1200.0,1500.0,28.6,25.2,11.1,17.13,32.4,41.9,18.2,14.76,35.2,41.6,20.8,14.74
WR70Plus,1,1000.0,1,1000.0,12,2000.0,3,0.0,0.0,37.8,20.9,12.3,18.07,34.9,38.3,18.7,15.95,39.7,34.3,20.5,16.04
WR70Plus,1,1000.0,1,1000.0,12,2000.0,3,0.0,1500.0,35.9,21.8,10.6,18.19,33.3,38.4,17.3,16.09,38.8,34.1,18.6,16.19
WR70Plus,1,1000.0,1,1000.0,12,2000.0,3,800.0,0.0,37.0,21.0,12.2,18.13,35.2,35.7,18.2,16.23,39.3,34.1,20.0,16.22
WR70Plus,1,1000.0,1,1000.0,12,2000.0,3,800.0,1500.0,35.4,21.7,10.4,18.24,33.9,35.7,17.2,16.34,38.5,34.0,18.5,16.37
WR70Plus,1,1000.0,1,1000.0,12,2000.0,3,1200.0,0.0,37.9,20.7,12.2,18.1,34.9,38.1,18.7,15.98,39.4,34.9,20.5,16.04
WR70Plus,1,1000.0,1,1000.0,12,2000.0,3,1200.0,1500.0,36.0,21.6,10.5,18.21,33.3,38.3,17.3,16.12,38.5,34.7,18.6,16.19
WR70Plus,1,1000.0,1,1000.0,12,2000.0,4,0.0,0.0,40.2,30.7,14.7,17.04,38.1,46.4,20.6,15.11,41.9,41.9,21.9,15.26
WR70Plus,1,1000.0,1,1000.0,12,2000.0,4,0.0,1500.0,38.3,31.3,12.2,17.25,36.3,46.8,18.7,15.32,40.5,43.2,20.7,15.42
WR70Plus,1,1000.0,1,1000.0,12,2000.0,4,800.0,0.0,38.9,29.5,14.8,17.2,37.7,44.1,20.2,15.39,41.0,41.2,21.6,15.51
WR70Plus,1,1000.0,1,1000.0,12,2000.0,4,800.0,1500.0,37.4,30.1,12.4,17.39,36.0,44.4,18.4,15.6,39.6,42.4,20.3,15.66
WR70Plus,1,1000.0,1,1000.0,12,2000.0,4,1200.0,0.0,40.2,30.3,14.7,17.06,38.1,45.0,20.6,15.21,41.3,41.9,21.9,15.31
WR70Plus,1,1000.0,1,1000.0,12,2000.0,4,1200.0,1500.0,38.3,30.9,12.2,17.28,36.3,45.6,18.7,15.41,40.1,43.0,20.7,15.46
WR70Plus,1,1000.0,1,1500.0,99,0.0,1,0.0,0.0,17.5,2.7,5.7,19.96,20.5,15.8,13.3,17.87,26.4,14.9,14.4,17.87
WR70Plus,1,1000.0,1,1500.0,99,0.0,1,0.0,1500.0,17.0,2.7,5.5,19.99,20.5,15.8,13.3,17.87,26.3,14.9,14.4,17.87
WR70Plus,1,1000.0,1,1500.0,99,0.0,1,800.0,0.0,17.5,2.7,5.8,19.95,20.5,15.8,13.3,17.93,26.4,14.4,14.4,17.98
WR70Plus,1,1000.0,1,1500.0,99,0.0,1,800.0,1500.0,17.0,2.7,5.6,19.98,20.5,15.8,13.3,17.93,26.3,14.4,14.4,17.98
WR70Plus,1,1000.0,1,1500.0,99,0.0,1,1200.0,0.0,17.5,2.7,5.7,19.96,20.5,15.8,13.3,17.88,26.4,14.9,14.4,17.87
WR70Plus,1,1000.0,1,1500.0,99,0.0,1,1200.0,1500.0,17.0,2.7,5.5,19.99,20.5,15.8,13.3,17.88,26.3,14.9,14.4,17.87
WR70Plus,1,1000.0,1,1500.0,8,1000.0,3,0.0,0.0,28.8,10.8,11.5,18.53,27.9,28.5,19.1,16.2,34.4,21.6,21.4,16.45
WR70Plus,1,1000.0,1,1500.0,8,1000.0,3,0.0,1500.0,26.2,11.0,9.1,18.82,27.0,27.4,17.8,16.45,34.9,21.0,20.2,16.64
WR70Plus,1,1000.0,1,1500.0,8,1000.0,3,800.0,0.0,27.8,10.5,11.2,18.63,27.7,26.7,18.7,16.5,33.5,22.1,20.7,16.63
WR70Plus,1,1000.0,1,1500.0,8,1000.0,3,800.0,1500.0,25.9,10.6,9.1,18.88,27.1,25.3,17.3,16.75,34.3,21.0,19.6,16.82
WR70Plus,1,1000.0,1,1500.0,8,1000.0,3,1200.0,0.0,28.8,10.8,11.5,18.54,27.9,28.5,19.1,16.24,34.4,21.6,21.4,16.45
WR70Plus,1,1000.0,1,1500.0,8,1000.0,3,1200.0,1500.0,26.2,11.0,9.1,18.82,27.0,27.4,17.8,16.48,34.9,21.0,20.2,16.64
WR70Plus,1,1000.0,1,1500.0,8,1000.0,4,0.0,0.0,29.9,20.0,13.2,17.56,31.0,36.7,19.9,15.25,34.7,30.8,21.8,15.42
WR70Plus,1,1000.0,1,1500.0,8,1000.0,4,0.0,1500.0,28.9,19.7,11.0,17.82,30.4,35.4,18.5,15.58,35.4,30.2,20.8,15.64
WR70Plus,1,1000.0,1,1500.0,8,1000.0,4,800.0,0.0,29.4,18.8,13.4,17.67,30.6,33.6,19.4,15.66,34.6,29.9,21.6,15.65
WR70Plus,1,1000.0,1,1500.0,8,1000.0,4,800.0,1500.0,28.6,18.4,11.3,17.93,30.0,32.5,17.9,16.0,34.9,29.6,20.3,15.87
WR70Plus,1,1000.0,1,1500.0,8,1000.0,4,1200.0,0.0,29.9,19.7,13.2,17.58,31.0,35.4,19.7,15.4,34.6,30.5,21.8,15.49
WR70Plus,1,1000.0,1,1500.0,8,1000.0,4,1200.0,1500.0,28.9,19.4,11.0,17.84,30.4,34.0,18.2,15.73,35.2,29.9,20.8,15.7
WR70Plus,1,1000.0,1,1500.0,12,2000.0,3,0.0,0.0,35.7,13.4,12.2,18.5,32.1,29.8,17.9,16.55,36.9,26.0,19.9,16.55
WR70Plus,1,1000.0,1,1500.0,12,2000.0,3,0.0,1500.0,33.5,13.8,10.5,18.65,31.6,29.5,17.3,16.62,37.2,25.7,18.8,16.62
WR70Plus,1,1000.0,1,1500.0,12,2000.0,3,800.0,0.0,35.1,13.2,12.0,18.56,32.2,28.0,17.8,16.73,36.6,25.0,19.6,16.77
WR70Plus,1,1000.0,1,1500.0,12,2000.0,3,800.0,1500.0,33.2,13.4,10.3,18.71,31.9,27.4,17.2,16.8,36.8,24.6,18.6,16.87
WR70Plus,1,1000.0,1,1500.0,12,2000.0,3,1200.0,0.0,35.6,13.3,12.1,18.53,32.2,29.8,17.9,16.57,36.8,25.8,19.9,16.58
WR70Plus,1,1000.0,1,1500.0,12,2000.0,3,1200.0,1500.0,33.4,13.7,10.4,18.68,31.8,29.5,17.3,16.64,37.1,25.5,18.8,16.65
WR70Plus,1,1000.0,1,1500.0,12,2000.0,4,0.0,0.0,37.6,24.1,14.6,17.62,36.6,36.7,20.3,15.81,39.1,33.2,21.6,15.88
WR70Plus,1,1000.0,1,1500.0,12,2000.0,4,0.0,1500.0,36.0,24.4,12.3,17.79,35.7,36.9,18.5,15.94,39.0,32.9,20.7,15.98
WR70Plus,1,1000.0,1,1500.0,12,2000.0,4,800.0,0.0,37.0,22.3,14.6,17.73,36.3,33.9,20.2,16.08,38.8,31.5,21.6,16.15
WR70Plus,1,1000.0,1,1500.0,12,2000.0,4,800.0,1500.0,35.5,22.3,12.4,17.92,35.4,33.9,18.4,16.22,38.2,31.1,20.7,16.26
WR70Plus,1,1000.0,1,1500.0,12,2000.0,4,1200.0,0.0,37.6,23.7,14.6,17.65,36.7,35.1,20.3,15.91,39.0,32.6,21.6,15.94
WR70Plus,1,1000.0,1,1500.0,12,2000.0,4,1200.0,1500.0,36.2,23.8,12.3,17.82,35.8,35.2,18.5,16.05,38.8,32.2,20.7,16.05
WR70Plus,1,1000.0,2,0.0,99,0.0,1,0.0,0.0,20.5,6.3,7.3,19.48,23.6,16.4,15.4,17.47,29.0,17.2,16.9,17.32
WR70Plus,1,1000.0,2,0.0,99,0.0,1,0.0,1500.0,20.3,6.2,6.9,19.54,23.6,16.4,15.4,17.47,28.6,17.4,16.7,17.32
WR70Plus,1,1000.0,2,0.0,99,0.0,1,800.0,0.0,20.0,5.8,7.5,19.51,23.5,16.1,15.2,17.54,29.0,17.5,16.9,17.43
WR70Plus,1,1000.0,2,0.0,99,0.0,1,800.0,1500.0,19.8,5.7,7.1,19.57,23.5,16.1,15.2,17.54,28.8,17.5,16.9,17.43
WR70Plus,1,1000.0,2,0.0,99,0.0,1,1200.0,0.0,19.8,6.3,7.3,19.5,23.6,16.4,15.4,17.49,29.0,17.4,16.9,17.33
WR70Plus,1,1000.0,2,0.0,99,0.0,1,1200.0,1500.0,19.6,6.2,6.9,19.56,23.6,16.4,15.4,17.48,28.6,17.5,16.7,17.33
WR70Plus,1,1000.0,2,0.0,8,1000.0,3,0.0,0.0,33.7,27.6,15.4,16.71,38.3,42.3,25.3,14.09,41.5,39.3,25.8,14.14
WR70Plus,1,1000.0,2,0.0,8,1000.0,3,0.0,1500.0,32.2,28.2,13.4,16.92,37.0,42.8,23.2,14.41,39.7,39.4,23.9,14.4
WR70Plus,1,1000.0,2,0.0,8,1000.0,3,800.0,0.0,32.7,27.5,15.0,16.82,37.8,41.6,24.8,14.28,41.2,39.6,25.2,14.14
WR70Plus,1,1000.0,2,0.0,8,1000.0,3,800.0,1500.0,31.2,28.2,13.3,16.99,36.4,42.0,22.7,14.59,39.6,39.7,23.8,14.39
WR70Plus,1,1000.0,2,0.0,8,1000.0,3,1200.0,0.0,33.8,26.6,15.6,16.77,38.3,42.3,25.3,14.13,41.3,39.0,25.8,14.15
WR70Plus,1,1000.0,2,0.0,8,1000.0,3,1200.0,1500.0,32.2,27.2,13.4,16.98,37.0,42.8,23.2,14.45,39.6,39.1,23.9,14.4
WR70Plus,1,1000.0,2,0.0,8,1000.0,4,0.0,0.0,37.4,33.7,18.6,15.53,41.0,47.6,25.8,12.87,39.7,47.9,25.8,12.96
WR70Plus,1,1000.0,2,0.0,8,1000.0,4,0.0,1500.0,35.7,33.5,16.5,15.8,40.8,45.9,24.1,13.25,38.7,47.9,23.5,13.24
WR70Plus,1,1000.0,2,0.0,8,1000.0,4,800.0,0.0,36.5,33.3,18.1,15.65,40.7,47.3,25.0,13.02,39.7,47.9,26.0,13.05
WR70Plus,1,1000.0,2,0.0,8,1000.0,4,800.0,1500.0,35.4,32.8,16.4,15.91,41.0,45.2,23.3,13.44,38.3,47.9,23.8,13.32
WR70Plus,1,1000.0,2,0.0,8,1000.0,4,1200.0,0.0,37.3,33.7,18.6,15.54,41.1,47.6,25.6,12.94,39.7,47.9,25.8,12.98
WR70Plus,1,1000.0,2,0.0,8,1000.0,4,1200.0,1500.0,35.6,33.5,16.5,15.82,41.1,45.6,23.8,13.34,38.2,48.5,23.5,13.23
WR70Plus,1,1000.0,2,0.0,12,2000.0,3,0.0,0.0,43.3,31.7,14.3,17.09,39.9,47.0,20.8,15.03,46.2,41.9,24.3,14.88
WR70Plus,1,1000.0,2,0.0,12,2000.0,3,0.0,1500.0,42.1,32.4,12.1,17.24,39.5,47.0,19.7,15.12,45.4,42.3,22.5,14.99
WR70Plus,1,1000.0,2,0.0,12,2000.0,3,800.0,0.0,42.7,32.2,14.2,17.13,40.5,45.9,20.5,15.2,45.9,41.9,23.9,15.0
WR70Plus,1,1000.0,2,0.0,12,2000.0,3,800.0,1500.0,41.3,32.8,12.0,17.28,40.1,45.9,19.4,15.3,45.2,42.1,22.4,15.12
WR70Plus,1,1000.0,2,0.0,12,2000.0,3,1200.0,0.0,43.0,31.7,14.2,17.11,39.9,47.0,20.8,15.04,45.9,41.8,24.3,14.91
WR70Plus,1,1000.0,2,0.0,12,2000.0,3,1200.0,1500.0,41.5,32.4,12.0,17.26,39.5,47.0,19.7,15.14,45.1,42.1,22.5,15.02
WR70Plus,1,1000.0,2,0.0,12,2000.0,4,0.0,0.0,45.3,40.8,17.2,16.02,40.7,55.6,23.3,14.02,45.5,49.6,25.4,14.03
WR70Plus,1,1000.0,2,0.0,12,2000.0,4,0.0,1500.0,43.8,41.3,14.6,16.19,40.2,55.1,21.7,14.21,44.1,49.9,24.1,14.21
WR70Plus,1,1000.0,2,0.0,12,2000.0,4,800.0,0.0,44.7,41.0,17.3,16.12,40.7,55.0,22.9,14.2,45.9,49.0,25.2,14.25
WR70Plus,1,1000.0,2,0.0,12,2000.0,4,800.0,1500.0,43.8,41.2,14.9,16.28,40.7,54.1,21.2,14.4,44.3,49.8,24.1,14.41
WR70Plus,1,1000.0,2,0.0,12,2000.0,4,1200.0,0.0,45.1,41.0,17.2,16.03,40.8,54.8,23.2,14.11,45.2,49.8,25.2,14.07
WR70Plus,1,1000.0,2,0.0,12,2000.0,4,1200.0,1500.0,43.6,41.5,14.6,16.2,40.5,54.2,21.5,14.31,43.8,50.5,23.9,14.23
WR70Plus,1,1000.0,2,1000.0,99,0.0,1,0.0,0.0,20.5,6.3,7.3,19.48,23.6,16.4,15.4,17.47,29.0,17.2,16.9,17.32
WR70Plus,1,1000.0,2,1000.0,99,0.0,1,0.0,1500.0,20.3,6.2,6.9,19.54,23.6,16.4,15.4,17.47,28.6,17.4,16.7,17.32
WR70Plus,1,1000.0,2,1000.0,99,0.0,1,800.0,0.0,20.0,5.8,7.5,19.51,23.5,16.1,15.2,17.54,29.0,17.5,16.9,17.43
WR70Plus,1,1000.0,2,1000.0,99,0.0,1,800.0,1500.0,19.8,5.7,7.1,19.57,23.5,16.1,15.2,17.54,28.8,17.5,16.9,17.43
WR70Plus,1,1000.0,2,1000.0,99,0.0,1,1200.0,0.0,19.8,6.3,7.3,19.5,23.6,16.4,15.4,17.49,29.0,17.4,16.9,17.33
WR70Plus,1,1000.0,2,1000.0,99,0.0,1,1200.0,1500.0,19.6,6.2,6.9,19.56,23.6,16.4,15.4,17.48,28.6,17.5,16.7,17.33
WR70Plus,1,1000.0,2,1000.0,8,1000.0,3,0.0,0.0,33.8,20.8,15.2,17.35,37.2,35.8,23.9,14.77,41.2,32.6,25.4,14.89
WR70Plus,1,1000.0,2,1000.0,8,1000.0,3,0.0,1500.0,31.3,21.4,13.0,17.57,36.7,35.7,22.7,15.03,40.5,32.7,23.8,15.11
WR70Plus,1,1000.0,2,1000.0,8,1000.0,3,800.0,0.0,32.2,20.4,14.6,17.48,36.4,33.6,23.0,15.09,40.2,34.4,24.4,15.01
WR70Plus,1,1000.0,2,1000.0,8,1000.0,3,800.0,1500.0,30.4,20.9,13.0,17.66,36.1,33.7,22.3,15.3,40.1,34.6,23.5,15.19
WR70Plus,1,1000.0,2,1000.0,8,1000.0,3,1200.0,0.0,33.8,20.6,15.2,17.38,37.2,35.7,23.9,14.83,41.2,32.9,25.4,14.88
WR70Plus,1,1000.0,2,1000.0,8,1000.0,3,1200.0,1500.0,31.3,21.2,13.0,17.59,36.7,35.5,22.7,15.08,40.5,33.0,23.8,15.1
WR70Plus,1,1000.0,2,1000.0,8,1000.0,4,0.0,0.0,36.6,28.2,18.2,16.12,40.1,42.9,24.7,13.72,39.1,43.3,25.4,13.82
WR70Plus,1,1000.0,2,1000.0,8,1000.0,4,0.0,1500.0,34.8,28.3,15.8,16.42,39.6,42.2,23.2,14.05,37.1,44.6,23.3,14.05
WR70Plus,1,1000.0,2,1000.0,8,1000.0,4,800.0,0.0,35.6,28.0,17.7,16.31,39.6,41.0,23.8,14.06,38.7,43.8,25.2,13.91
WR70Plus,1,1000.0,2,1000.0,8,1000.0,4,800.0,1500.0,34.2,27.8,15.8,16.59,39.3,40.1,22.9,14.38,37.2,44.8,23.6,14.11
WR70Plus,1,1000.0,2,1000.0,8,1000.0,4,1200.0,0.0,36.6,28.0,18.2,16.16,39.9,42.6,24.5,13.79,39.0,43.8,25.4,13.84
WR70Plus,1,1000.0,2,1000.0,8,1000.0,4,1200.0,1500.0,34.8,28.1,15.8,16.45,39.5,41.9,23.2,14.12,36.9,45.1,23.3,14.06
WR70Plus,1,1000.0,2,1000.0,12,2000.0,3,0.0,0.0,43.2,23.3,14.2,17.53,39.8,38.0,20.8,15.49,45.5,34.6,23.9,15.43
WR70Plus,1,1000.0,2,1000.0,12,2000.0,3,0.0,1500.0,42.1,23.8,12.1,17.69,39.5,37.8,19.7,15.57,44.8,34.4,22.2,15.55
WR70Plus,1,1000.0,2,1000.0,12,2000.0,3,800.0,0.0,42.2,23.3,14.2,17.62,39.9,34.9,20.2,15.78,45.2,34.4,23.3,15.62
WR70Plus,1,1000.0,2,1000.0,12,2000.0,3,800.0,1500.0,41.3,23.6,12.0,17.77,39.9,34.8,19.4,15.84,44.4,34.6,22.1,15.72
WR70Plus,1,1000.0,2,1000.0,12,2000.0,3,1200.0,0.0,42.9,23.2,14.1,17.57,39.8,37.8,20.8,15.52,45.2,35.2,23.9,15.43
WR70Plus,1,1000.0,2,1000.0,12,2000.0,3,1200.0,1500.0,41.8,23.7,12.0,17.73,39.5,37.7,19.7,15.61,44.4,35.1,22.2,15.55
WR70Plus,1,1000.0,2,1000.0,12,2000.0,4,0.0,0.0,45.7,31.8,16.9,16.52,41.6,45.8,23.2,14.72,45.7,41.3,25.0,14.69
WR70Plus,1,1000.0,2,1000.0,12,2000.0,4,0.0,1500.0,44.3,32.3,14.3,16.71,40.7,46.1,21.5,14.9,44.4,42.7,23.8,14.82
WR70Plus,1,1000.0,2,1000.0,12,2000.0,4,800.0,0.0,44.3,30.8,17.1,16.7,40.7,43.8,22.4,15.03,44.8,40.7,24.6,14.97
WR70Plus,1,1000.0,2,1000.0,12,2000.0,4,800.0,1500.0,43.2,30.9,14.6,16.88,39.9,44.0,20.9,15.2,43.7,41.9,23.5,15.1
WR70Plus,1,1000.0,2,1000.0,12,2000.0,4,1200.0,0.0,45.5,31.6,16.9,16.55,41.3,44.4,23.0,14.83,45.1,41.3,24.9,14.75
WR70Plus,1,1000.0,2,1000.0,12,2000.0,4,1200.0,1500.0,44.1,32.0,14.3,16.75,40.4,44.9,21.4,15.01,44.0,42.6,23.6,14.88
WR70Plus,1,1000.0,2,1500.0,99,0.0,1,0.0,0.0,20.5,6.3,7.3,19.48,23.6,16.4,15.4,17.47,29.0,17.2,16.9,17.32
WR70Plus,1,1000.0,2,1500.0,99,0.0,1,0.0,1500.0,20.3,6.2,6.9,19.54,23.6,16.4,15.4,17.47,28.6,17.4,16.7,17.32
WR70Plus,1,1000.0,2,1500.0,99,0.0,1,800.0,0.0,20.0,5.8,7.5,19.51,23.5,16.1,15.2,17.54,29.0,17.5,16.9,17.43
WR70Plus,1,1000.0,2,1500.0,99,0.0,1,800.0,1500.0,19.8,5.7,7.1,19.57,23.5,16.1,15.2,17.54,28.8,17.5,16.9,17.43
WR70Plus,1,1000.0,2,1500.0,99,0.0,1,1200.0,0.0,19.8,6.3,7.3,19.5,23.6,16.4,15.4,17.49,29.0,17.4,16.9,17.33
WR70Plus,1,1000.0,2,1500.0,99,0.0,1,1200.0,1500.0,19.6,6.2,6.9,19.56,23.6,16.4,15.4,17.48,28.6,17.5,16.7,17.33
WR70Plus,1,1000.0,2,1500.0,8,1000.0,3,0.0,0.0,33.4,13.9,15.4,17.9,34.5,28.6,22.7,15.64,38.5,24.4,24.3,15.79
WR70Plus,1,1000.0,2,1500.0,8,1000.0,3,0.0,1500.0,30.7,14.1,12.7,18.19,34.5,28.0,21.8,15.83,38.5,24.1,23.8,15.91
WR70Plus,1,1000.0,2,1500.0,8,1000.0,3,800.0,0.0,31.9,12.8,15.1,18.04,33.9,26.7,22.1,15.94,38.0,25.0,23.5,15.97
WR70Plus,1,1000.0,2,1500.0,8,1000.0,3,800.0,1500.0,30.4,12.9,12.7,18.31,34.2,25.8,21.4,16.13,38.3,23.9,23.2,16.1
WR70Plus,1,1000.0,2,1500.0,8,1000.0,3,1200.0,0.0,33.5,13.2,15.4,17.94,34.5,28.6,22.7,15.68,38.5,24.4,24.3,15.8
WR70Plus,1,1000.0,2,1500.0,8,1000.0,3,1200.0,1500.0,30.8,13.4,12.7,18.23,34.5,28.0,21.8,15.87,38.5,24.1,23.8,15.92
WR70Plus,1,1000.0,2,1500.0,8,1000.0,4,0.0,0.0,34.4,23.2,17.3,16.9,37.3,37.2,23.9,14.67,37.6,33.5,24.3,14.84
WR70Plus,1,1000.0,2,1500.0,8,1000.0,4,0.0,1500.0,33.7,22.8,15.4,17.16,37.8,35.7,22.7,14.95,37.4,33.6,23.6,14.96
WR70Plus,1,1000.0,2,1500.0,8,1000.0,4,800.0,0.0,33.4,21.5,17.2,17.1,37.0,33.7,23.6,15.1,37.2,32.7,24.3,15.04
WR70Plus,1,1000.0,2,1500.0,8,1000.0,4,800.0,1500.0,32.9,21.0,15.4,17.35,37.0,32.5,22.3,15.39,36.9,33.0,23.5,15.17
WR70Plus,1,1000.0,2,1500.0,8,1000.0,4,1200.0,0.0,34.6,22.5,17.3,16.95,37.3,35.8,23.9,14.82,37.4,33.2,24.3,14.91
WR70Plus,1,1000.0,2,1500.0,8,1000.0,4,1200.0,1500.0,33.8,22.1,15.4,17.2,37.8,34.3,22.6,15.1,37.2,33.3,23.6,15.04
WR70Plus,1,1000.0,2,1500.0,12,2000.0,3,0.0,0.0,38.6,15.9,13.7,18.01,37.2,30.7,20.0,16.05,42.1,27.4,22.5,15.94
WR70Plus,1,1000.0,2,1500.0,12,2000.0,3,0.0,1500.0,37.0,16.3,11.7,18.18,37.3,30.3,19.6,16.09,41.9,27.2,21.4,16.0
WR70Plus,1,1000.0,2,1500.0,12,2000.0,3,800.0,0.0,37.6,15.3,13.6,18.12,36.9,29.1,19.7,16.23,41.5,26.4,22.1,16.17
WR70Plus,1,1000.0,2,1500.0,12,2000.0,3,800.0,1500.0,36.3,15.6,11.6,18.29,37.2,28.3,19.3,16.27,41.2,26.4,21.3,16.24
WR70Plus,1,1000.0,2,1500.0,12,2000.0,3,1200.0,0.0,38.2,15.8,13.6,18.06,37.2,30.7,20.0,16.08,41.8,27.2,22.5,15.97
WR70Plus,1,1000.0,2,1500.0,12,2000.0,3,1200.0,1500.0,36.5,16.2,11.6,18.23,37.3,30.3,19.6,16.12,41.6,27.1,21.4,16.03
WR70Plus,1,1000.0,2,1500.0,12,2000.0,4,0.0,0.0,40.0,26.1,16.4,17.22,40.4,37.0,22.9,15.39,41.3,34.7,24.1,15.32
WR70Plus,1,1000.0,2,1500.0,12,2000.0,4,0.0,1500.0,38.9,26.3,14.0,17.36,39.5,37.7,21.4,15.48,41.3,34.6,23.2,15.41
WR70Plus,1,1000.0,2,1500.0,12,2000.0,4,800.0,0.0,39.2,23.9,16.5,17.37,39.8,33.7,22.4,15.69,40.8,32.9,23.9,15.6
WR70Plus,1,1000.0,2,1500.0,12,2000.0,4,800.0,1500.0,38.3,23.8,14.2,17.53,38.9,34.3,20.9,15.78,40.4,32.7,23.2,15.69
WR70Plus,1,1000.0,2,1500.0,12,2000.0,4,1200.0,0.0,39.8,25.8,16.4,17.25,40.4,35.4,22.7,15.5,41.2,34.1,23.9,15.39
WR70Plus,1,1000.0,2,1500.0,12,2000.0,4,1200.0,1500.0,38.9,25.8,14.0,17.4,39.5,36.0,21.2,15.59,41.0,34.0,23.0,15.48
WR70Plus,1,1500.0,1,0.0,99,0.0,1,0.0,0.0,17.5,2.7,5.7,19.96,20.5,15.8,13.3,17.87,26.4,14.9,14.4,17.87
WR70Plus,1,1500.0,1,0.0,99,0.0,1,0.0,1500.0,17.0,2.7,5.5,19.99,20.5,15.8,13.3,17.87,26.3,14.9,14.4,17.87
WR70Plus,1,1500.0,1,0.0,99,0.0,1,800.0,0.0,17.5,2.7,5.8,19.95,20.5,15.8,13.3,17.93,26.4,14.4,14.4,17.98
WR70Plus,1,1500.0,1,0.0,99,0.0,1,800.0,1500.0,17.0,2.7,5.6,19.98,20.5,15.8,13.3,17.93,26.3,14.4,14.4,17.98
WR70Plus,1,1500.0,1,0.0,99,0.0,1,1200.0,0.0,17.5,2.7,5.7,19.96,20.5,15.8,13.3,17.88,26.4,14.9,14.4,17.87
WR70Plus,1,1500.0,1,0.0,99,0.0,1,1200.0,1500.0,17.0,2.7,5.5,19.99,20.5,15.8,13.3,17.88,26.3,14.9,14.4,17.87
WR70Plus,1,1500.0,1,0.0,8,1000.0,3,0.0,0.0,28.0,24.7,11.1,17.39,33.0,42.0,21.8,14.59,37.2,37.7,22.8,14.77
WR70Plus,1,1500.0,1,0.0,8,1000.0,3,0.0,1500.0,26.0,25.1,9.3,17.58,29.8,42.2,18.1,15.05,35.8,37.6,20.0,15.12
WR70Plus,1,1500.0,1,0.0,8,1000.0,3,800.0,0.0,27.2,24.7,10.6,17.47,32.5,41.4,21.4,14.79,36.6,37.6,22.4,14.77
WR70Plus,1,1500.0,1,0.0,8,1000.0,3,800.0,1500.0,25.9,25.2,9.2,17.62,29.2,41.6,17.6,15.24,35.2,37.6,19.7,15.11
WR70Plus,1,1500.0,1,0.0,8,1000.0,3,1200.0,0.0,28.0,24.1,11.1,17.43,33.0,42.0,21.8,14.63,37.2,37.2,22.8,14.77
WR70Plus,1,1500.0,1,0.0,8,1000.0,3,1200.0,1500.0,26.0,24.4,9.3,17.62,29.8,42.2,18.1,15.08,35.8,37.1,20.0,15.12
WR70Plus,1,1500.0,1,0.0,8,1000.0,4,0.0,0.0,31.0,30.4,14.0,16.28,35.2,47.4,21.1,13.46,36.6,46.8,23.2,13.52
WR70Plus,1,1500.0,1,0.0,8,1000.0,4,0.0,1500.0,29.5,30.2,11.7,16.53,34.6,45.6,18.8,13.9,35.8,46.3,21.0,13.85
WR70Plus,1,1500.0,1,0.0,8,1000.0,4,800.0,0.0,30.8,30.1,13.8,16.35,34.5,47.4,20.5,13.61,36.5,46.3,23.0,13.62
WR70Plus,1,1500.0,1,0.0,8,1000.0,4,800.0,1500.0,29.6,29.5,11.9,16.59,34.0,45.2,18.2,14.09,35.8,46.0,20.8,13.93
WR70Plus,1,1500.0,1,0.0,8,1000.0,4,1200.0,0.0,31.0,30.4,14.0,16.29,35.4,47.4,20.9,13.53,36.6,46.6,23.2,13.53
WR70Plus,1,1500.0,1,0.0,8,1000.0,4,1200.0,1500.0,29.5,30.2,11.7,16.53,34.5,45.3,18.5,14.0,35.8,46.8,21.0,13.83
WR70Plus,1,1500.0,1,0.0,12,2000.0,3,0.0,0.0,30.8,24.4,9.8,18.29,31.5,42.2,16.7,15.99,37.7,38.0,18.6,15.94
WR70Plus,1,1500.0,1,0.0,12,2000.0,3,0.0,1500.0,28.4,24.8,7.9,18.43,28.8,42.6,15.2,16.15,36.5,37.7,16.4,16.13
WR70Plus,1,1500.0,1,0.0,12,2000.0,3,800.0,0.0,30.2,24.5,9.7,18.31,31.5,41.7,16.7,16.13,37.7,37.6,18.5,16.03
WR70Plus,1,1500.0,1,0.0,12,2000.0,3,800.0,1500.0,28.1,25.1,7.9,18.46,28.8,42.0,15.2,16.28,36.2,37.4,16.3,16.24
WR70Plus,1,1500.0,1,0.0,12,2000.0,3,1200.0,0.0,30.8,24.2,9.8,18.29,31.5,42.0,16.7,16.0,37.7,37.9,18.6,15.95
WR70Plus,1,1500.0,1,0.0,12,2000.0,3,1200.0,1500.0,28.4,24.6,7.9,18.44,28.8,42.5,15.2,16.16,36.5,37.6,16.4,16.14
WR70Plus,1,1500.0,1,0.0,12,2000.0,4,0.0,0.0,35.2,31.1,12.0,17.42,33.4,48.9,18.1,15.05,40.1,46.0,19.1,15.12
WR70Plus,1,1500.0,1,0.0,12,2000.0,4,0.0,1500.0,33.1,30.8,9.4,17.66,32.2,48.6,16.1,15.28,38.7,46.0,18.0,15.35
WR70Plus,1,1500.0,1,0.0,12,2000.0,4,800.0,0.0,34.4,30.8,12.0,17.48,33.1,48.8,18.1,15.18,39.9,45.1,19.1,15.27
WR70Plus,1,1500.0,1,0.0,12,2000.0,4,800.0,1500.0,32.9,30.4,9.6,17.71,32.2,48.2,16.0,15.43,38.3,45.7,17.8,15.5
WR70Plus,1,1500.0,1,0.0,12,2000.0,4,1200.0,0.0,35.2,31.1,12.0,17.42,33.4,48.8,18.1,15.1,39.9,46.0,19.1,15.13
WR70Plus,1,1500.0,1,0.0,12,2000.0,4,1200.0,1500.0,33.1,30.8,9.4,17.66,32.4,48.2,16.1,15.34,38.5,46.5,18.0,15.34
WR70Plus,1,1500.0,1,1000.0,99,0.0,1,0.0,0.0,17.5,2.7,5.7,19.96,20.5,15.8,13.3,17.87,26.4,14.9,14.4,17.87
WR70Plus,1,1500.0,1,1000.0,99,0.0,1,0.0,1500.0,17.0,2.7,5.5,19.99,20.5,15.8,13.3,17.87,26.3,14.9,14.4,17.87
WR70Plus,1,1500.0,1,1000.0,99,0.0,1,800.0,0.0,17.5,2.7,5.8,19.95,20.5,15.8,13.3,17.93,26.4,14.4,14.4,17.98
WR70Plus,1,1500.0,1,1000.0,99,0.0,1,800.0,1500.0,17.0,2.7,5.6,19.98,20.5,15.8,13.3,17.93,26.3,14.4,14.4,17.98
WR70Plus,1,1500.0,1,1000.0,99,0.0,1,1200.0,0.0,17.5,2.7,5.7,19.96,20.5,15.8,13.3,17.88,26.4,14.9,14.4,17.87
WR70Plus,1,1500.0,1,1000.0,99,0.0,1,1200.0,1500.0,17.0,2.7,5.5,19.99,20.5,15.8,13.3,17.88,26.3,14.9,14.4,17.87
WR70Plus,1,1500.0,1,1000.0,8,1000.0,3,0.0,0.0,28.3,17.7,11.0,18.03,31.5,36.0,20.6,15.28,37.1,30.0,22.4,15.54
WR70Plus,1,1500.0,1,1000.0,8,1000.0,3,0.0,1500.0,25.8,18.4,9.0,18.23,29.4,35.4,17.9,15.65,36.9,29.4,20.0,15.86
WR70Plus,1,1500.0,1,1000.0,8,1000.0,3,800.0,0.0,27.2,17.5,10.3,18.12,30.7,33.9,19.9,15.59,36.0,31.9,21.6,15.66
WR70Plus,1,1500.0,1,1000.0,8,1000.0,3,800.0,1500.0,25.1,18.1,9.0,18.28,28.8,33.6,17.6,15.93,36.0,31.6,19.7,15.91
WR70Plus,1,1500.0,1,1000.0,8,1000.0,3,1200.0,0.0,28.3,17.7,11.0,18.03,31.5,35.8,20.6,15.33,37.1,30.4,22.4,15.53
WR70Plus,1,1500.0,1,1000.0,8,1000.0,3,1200.0,1500.0,25.8,18.4,9.0,18.23,29.4,35.2,17.9,15.69,36.9,29.7,20.0,15.85
WR70Plus,1,1500.0,1,1000.0,8,1000.0,4,0.0,0.0,31.0,25.1,13.8,16.84,33.7,42.9,20.3,14.3,36.3,40.8,22.7,14.43
WR70Plus,1,1500.0,1,1000.0,8,1000.0,4,0.0,1500.0,28.6,25.3,11.1,17.11,32.4,42.2,18.4,14.7,35.2,41.2,20.8,14.73
WR70Plus,1,1500.0,1,1000.0,8,1000.0,4,800.0,0.0,30.5,24.8,13.7,16.96,32.5,41.3,19.3,14.64,35.8,41.3,22.2,14.53
WR70Plus,1,1500.0,1,1000.0,8,1000.0,4,800.0,1500.0,28.5,24.7,11.4,17.22,31.9,40.4,17.9,15.01,35.4,41.3,20.7,14.81
WR70Plus,1,1500.0,1,1000.0,8,1000.0,4,1200.0,0.0,31.0,24.9,13.8,16.85,33.7,42.6,20.0,14.37,36.2,41.3,22.7,14.44
WR70Plus,1,1500.0,1,1000.0,8,1000.0,4,1200.0,1500.0,28.6,25.2,11.1,17.13,32.4,41.9,18.2,14.76,35.2,41.6,20.8,14.74
WR70Plus,1,1500.0,1,1000.0,12,2000.0,3,0.0,0.0,30.4,17.4,9.5,18.66,30.7,35.4,16.7,16.39,37.4,30.4,18.6,16.48
WR70Plus,1,1500.0,1,1000.0,12,2000.0,3,0.0,1500.0,28.6,17.8,7.9,18.79,28.6,35.5,15.2,16.52,36.3,29.9,16.4,16.66
WR70Plus,1,1500.0,1,1000.0,12,2000.0,3,800.0,0.0,29.5,17.4,9.6,18.7,30.7,33.3,16.4,16.62,37.4,30.2,18.2,16.65
WR70Plus,1,1500.0,1,1000.0,12,2000.0,3,800.0,1500.0,28.0,17.7,7.9,18.83,28.9,33.3,15.2,16.73,36.3,29.7,16.3,16.81
WR70Plus,1,1500.0,1,1000.0,12,2000.0,3,1200.0,0.0,30.4,17.3,9.5,18.67,30.9,35.1,16.7,16.42,37.6,30.7,18.6,16.48
WR70Plus,1,1500.0,1,1000.0,12,2000.0,3,1200.0,1500.0,28.6,17.7,7.9,18.8,28.8,35.2,15.2,16.56,36.5,30.2,16.4,16.65
WR70Plus,1,1500.0,1,1000.0,12,2000.0,4,0.0,0.0,35.0,24.1,11.6,17.81,33.4,42.2,18.1,15.67,40.1,38.2,19.2,15.74
WR70Plus,1,1500.0,1,1000.0,12,2000.0,4,0.0,1500.0,32.4,24.4,9.2,18.04,31.8,42.5,16.0,15.88,38.7,38.3,18.2,15.94
WR70Plus,1,1500.0,1,1000.0,12,2000.0,4,800.0,0.0,34.0,22.7,11.8,17.94,32.7,40.7,17.8,15.9,39.6,37.4,18.9,15.94
WR70Plus,1,1500.0,1,1000.0,12,2000.0,4,800.0,1500.0,31.7,22.8,9.4,18.17,31.2,40.8,15.8,16.11,38.0,37.7,17.8,16.13
WR70Plus,1,1500.0,1,1000.0,12,2000.0,4,1200.0,0.0,35.0,23.6,11.6,17.84,33.3,41.6,18.1,15.73,39.9,38.0,19.2,15.76
WR70Plus,1,1500.0,1,1000.0,12,2000.0,4,1200.0,1500.0,32.4,23.9,9.2,18.08,31.6,41.9,16.0,15.95,38.5,38.2,18.2,15.96
WR70Plus,1,1500.0,1,1500.0,99,0.0,1,0.0,0.0,17.5,2.7,5.7,19.96,20.5,15.8,13.3,17.87,26.4,14.9,14.4,17.87
WR70Plus,1,1500.0,1,1500.0,99,0.0,1,0.0,1500.0,17.0,2.7,5.5,19.99,20.5,15.8,13.3,17.87,26.3,14.9,14.4,17.87
WR70Plus,1,1500.0,1,1500.0,99,0.0,1,800.0,0.0,17.5,2.7,5.8,19.95,20.5,15.8,13.3,17.93,26.4,14.4,14.4,17.98
WR70Plus,1,1500.0,1,1500.0,99,0.0,1,800.0,1500.0,17.0,2.7,5.6,19.98,20.5,15.8,13.3,17.93,26.3,14.4,14.4,17.98
WR70Plus,1,1500.0,1,1500.0,99,0.0,1,1200.0,0.0,17.5,2.7,5.7,19.96,20.5,15.8,13.3,17.88,26.4,14.9,14.4,17.87
WR70Plus,1,1500.0,1,1500.0,99,0.0,1,1200.0,1500.0,17.0,2.7,5.5,19.99,20.5,15.8,13.3,17.88,26.3,14.9,14.4,17.87
WR70Plus,1,1500.0,1,1500.0,8,1000.0,3,0.0,0.0,28.8,10.8,11.5,18.53,27.9,28.5,19.1,16.2,34.4,21.6,21.4,16.45
WR70Plus,1,1500.0,1,1500.0,8,1000.0,3,0.0,1500.0,26.2,11.0,9.1,18.82,27.0,27.4,17.8,16.45,34.9,21.0,20.2,16.64
WR70Plus,1,1500.0,1,1500.0,8,1000.0,3,800.0,0.0,27.8,10.5,11.2,18.63,27.7,26.7,18.7,16.5,33.5,22.1,20.7,16.63
WR70Plus,1,1500.0,1,1500.0,8,1000.0,3,800.0,1500.0,25.9,10.6,9.1,18.88,27.1,25.3,17.3,16.75,34.3,21.0,19.6,16.82
WR70Plus,1,1500.0,1,1500.0,8,1000.0,3,1200.0,0.0,28.8,10.8,11.5,18.54,27.9,28.5,19.1,16.24,34.4,21.6,21.4,16.45
WR70Plus,1,1500.0,1,1500.0,8,1000.0,3,1200.0,1500.0,26.2,11.0,9.1,18.82,27.0,27.4,17.8,16.48,34.9,21.0,20.2,16.64
WR70Plus,1,1500.0,1,1500.0,8,1000.0,4,0.0,0.0,29.9,20.0,13.2,17.56,31.0,36.7,19.9,15.25,34.7,30.8,21.8,15.42
WR70Plus,1,1500.0,1,1500.0,8,1000.0,4,0.0,1500.0,28.9,19.7,11.0,17.82,30.4,35.4,18.5,15.58,35.4,30.2,20.8,15.64
WR70Plus,1,1500.0,1,1500.0,8,1000.0,4,800.0,0.0,29.4,18.8,13.4,17.67,30.6,33.6,19.4,15.66,34.6,29.9,21.6,15.65
WR70Plus,1,1500.0,1,1500.0,8,1000.0,4,800.0,1500.0,28.6,18.4,11.3,17.93,30.0,32.5,17.9,16.0,34.9,29.6,20.3,15.87
WR70Plus,1,1500.0,1,1500.0,8,1000.0,4,1200.0,0.0,29.9,19.7,13.2,17.58,31.0,35.4,19.7,15.4,34.6,30.5,21.8,15.49
WR70Plus,1,1500.0,1,1500.0,8,1000.0,4,1200.0,1500.0,28.9,19.4,11.0,17.84,30.4,34.0,18.2,15.73,35.2,29.9,20.8,15.7
WR70Plus,1,1500.0,1,1500.0,12,2000.0,3,0.0,0.0,29.6,11.4,9.7,18.96,28.2,28.8,16.0,16.9,34.3,22.5,17.8,16.96
WR70Plus,1,1500.0,1,1500.0,12,2000.0,3,0.0,1500.0,27.9,11.6,8.0,19.12,27.9,28.5,15.2,16.96,34.4,22.1,16.4,17.06
WR70Plus,1,1500.0,1,1500.0,12,2000.0,3,800.0,0.0,29.1,10.8,9.6,19.01,28.3,27.1,16.0,17.08,34.4,21.3,17.5,17.16
WR70Plus,1,1500.0,1,1500.0,12,2000.0,3,800.0,1500.0,27.6,10.9,8.0,19.17,28.2,26.5,15.2,17.14,34.4,20.7,16.3,17.26
WR70Plus,1,1500.0,1,1500.0,12,2000.0,3,1200.0,0.0,29.6,11.2,9.7,18.97,28.3,28.8,16.0,16.93,34.4,22.5,17.8,16.98
WR70Plus,1,1500.0,1,1500.0,12,2000.0,3,1200.0,1500.0,27.9,11.4,8.0,19.13,28.0,28.5,15.2,16.98,34.6,22.1,16.4,17.08
WR70Plus,1,1500.0,1,1500.0,12,2000.0,4,0.0,0.0,32.8,18.5,11.5,18.32,31.2,34.6,17.6,16.33,36.0,29.6,18.6,16.37
WR70Plus,1,1500.0,1,1500.0,12,2000.0,4,0.0,1500.0,31.1,18.5,9.3,18.5,30.0,34.2,15.8,16.51,35.8,28.8,17.8,16.49
WR70Plus,1,1500.0,1,1500.0,12,2000.0,4,800.0,0.0,32.5,16.4,11.6,18.41,31.3,31.8,17.6,16.55,36.3,28.0,18.6,16.58
WR70Plus,1,1500.0,1,1500.0,12,2000.0,4,800.0,1500.0,31.0,16.1,9.5,18.61,30.1,31.2,15.8,16.74,35.7,27.5,17.8,16.69
WR70Plus,1,1500.0,1,1500.0,12,2000.0,4,1200.0,0.0,32.8,18.3,11.5,18.34,31.2,33.1,17.6,16.41,36.0,29.6,18.6,16.39
WR70Plus,1,1500.0,1,1500.0,12,2000.0,4,1200.0,1500.0,31.3,18.1,9.3,18.53,30.0,32.7,15.8,16.6,35.8,28.8,17.8,16.51
WR70Plus,1,1500.0,2,0.0,99,0.0,1,0.0,0.0,22.7,9.0,9.9,18.95,25.9,19.1,16.7,16.91,31.3,21.6,19.4,16.59
WR70Plus,1,1500.0,2,0.0,99,0.0,1,0.0,1500.0,21.7,9.1,9.6,19.0,25.5,19.4,16.4,16.91,31.3,21.6,19.2,16.59
WR70Plus,1,1500.0,2,0.0,99,0.0,1,800.0,0.0,22.4,7.5,9.8,19.09,26.5,18.4,17.0,16.98,32.2,20.7,20.0,16.67
WR70Plus,1,1500.0,2,0.0,99,0.0,1,800.0,1500.0,21.5,7.6,9.5,19.14,26.7,18.1,17.3,16.98,32.6,20.3,20.2,16.68
WR70Plus,1,1500.0,2,0.0,99,0.0,1,1200.0,0.0,22.2,8.2,9.8,19.03,25.9,19.4,16.7,16.92,31.5,21.6,19.6,16.6
WR70Plus,1,1500.0,2,0.0,99,0.0,1,1200.0,1500.0,21.3,8.4,9.5,19.08,26.1,19.1,17.0,16.93,31.9,21.1,19.9,16.61
WR70Plus,1,1500.0,2,0.0,8,1000.0,3,0.0,0.0,39.6,30.9,19.8,15.94,42.0,45.6,27.0,13.39,45.5,41.3,28.0,13.46
WR70Plus,1,1500.0,2,0.0,8,1000.0,3,0.0,1500.0,37.9,31.0,17.5,16.17,40.8,46.5,24.5,13.66,44.8,41.0,26.9,13.64
WR70Plus,1,1500.0,2,0.0,8,1000.0,3,800.0,0.0,38.5,30.9,19.2,16.09,41.9,44.3,26.7,13.61,44.9,41.6,27.7,13.44
WR70Plus,1,1500.0,2,0.0,8,1000.0,3,800.0,1500.0,37.0,31.1,17.2,16.28,41.0,44.3,25.0,13.9,44.6,41.0,26.9,13.63
WR70Plus,1,1500.0,2,0.0,8,1000.0,3,1200.0,0.0,39.6,29.7,19.9,16.03,42.0,45.6,27.0,13.44,45.2,41.2,28.2,13.46
WR70Plus,1,1500.0,2,0.0,8,1000.0,3,1200.0,1500.0,37.9,29.9,17.5,16.27,41.1,45.9,25.2,13.73,45.1,40.4,27.5,13.65
WR70Plus,1,1500.0,2,0.0,8,1000.0,4,0.0,0.0,41.2,36.2,22.0,14.83,41.9,50.9,27.7,12.19,42.4,49.5,29.4,12.24
WR70Plus,1,1500.0,2,0.0,8,1000.0,4,0.0,1500.0,39.9,35.8,19.6,15.11,42.3,49.1,25.5,12.55,41.9,49.3,27.1,12.53
WR70Plus,1,1500.0,2,0.0,8,1000.0,4,800.0,0.0,40.5,36.1,21.6,14.97,41.9,50.6,27.6,12.37,42.4,49.3,29.9,12.35
WR70Plus,1,1500.0,2,0.0,8,1000.0,4,800.0,1500.0,39.7,35.5,19.5,15.23,43.4,47.9,26.1,12.74,42.1,49.3,27.9,12.61
WR70Plus,1,1500.0,2,0.0,8,1000.0,4,1200.0,0.0,40.9,36.2,21.8,14.86,42.0,50.9,27.6,12.26,42.6,49.3,29.6,12.27
WR70Plus,1,1500.0,2,0.0,8,1000.0,4,1200.0,1500.0,39.6,35.8,19.4,15.14,43.2,48.2,25.9,12.66,42.3,49.3,27.5,12.54
WR70Plus,1,1500.0,2,0.0,12,2000.0,3,0.0,0.0,39.8,30.5,14.8,17.11,38.1,46.4,20.8,14.86,45.2,41.5,23.9,14.67
WR70Plus,1,1500.0,2,0.0,12,2000.0,3,0.0,1500.0,38.3,31.1,12.6,17.26,36.9,46.8,19.3,14.97,44.8,41.3,22.2,14.78
WR70Plus,1,1500.0,2,0.0,12,2000.0,3,800.0,0.0,40.1,30.1,14.8,17.21,38.7,45.2,20.9,15.02,45.7,41.3,24.3,14.78
WR70Plus,1,1500.0,2,0.0,12,2000.0,3,800.0,1500.0,38.3,30.9,12.4,17.37,38.1,45.0,20.0,15.13,45.7,40.5,22.8,14.91
WR70Plus,1,1500.0,2,0.0,12,2000.0,3,1200.0,0.0,40.3,29.6,15.0,17.17,38.1,46.4,20.8,14.88,45.4,41.5,24.1,14.69
WR70Plus,1,1500.0,2,0.0,12,2000.0,3,1200.0,1500.0,38.5,30.4,12.5,17.34,37.5,46.2,19.9,15.0,45.4,40.8,22.8,14.81
WR70Plus,1,1500.0,2,0.0,12,2000.0,4,0.0,0.0,42.9,38.5,16.3,16.26,39.5,53.5,21.8,14.0,44.9,48.8,24.6,13.85
WR70Plus,1,1500.0,2,0.0,12,2000.0,4,0.0,1500.0,41.2,38.6,13.9,16.45,38.1,53.5,19.6,14.2,44.0,48.4,23.5,14.04
WR70Plus,1,1500.0,2,0.0,12,2000.0,4,800.0,0.0,42.9,37.8,16.4,16.39,39.8,52.7,22.1,14.16,45.5,47.7,25.0,14.02
WR70Plus,1,1500.0,2,0.0,12,2000.0,4,800.0,1500.0,41.6,37.8,13.9,16.57,39.5,51.8,20.5,14.36,44.6,47.6,24.3,14.21
WR70Plus,1,1500.0,2,0.0,12,2000.0,4,1200.0,0.0,42.7,38.7,16.3,16.3,39.6,53.2,21.8,14.06,44.9,48.8,24.7,13.86
WR70Plus,1,1500.0,2,0.0,12,2000.0,4,1200.0,1500.0,40.9,38.9,13.8,16.48,39.0,52.4,20.2,14.28,44.4,48.4,24.1,14.04
WR70Plus,1,1500.0,2,1000.0,99,0.0,1,0.0,0.0,22.7,9.0,9.9,18.95,25.9,19.1,16.7,16.91,31.3,21.6,19.4,16.59
WR70Plus,1,1500.0,2,1000.0,99,0.0,1,0.0,1500.0,21.7,9.1,9.6,19.0,25.5,19.4,16.4,16.91,31.3,21.6,19.2,16.59
WR70Plus,1,1500.0,2,1000.0,99,0.0,1,800.0,0.0,22.4,7.5,9.8,19.09,26.5,18.4,17.0,16.98,32.2,20.7,20.0,16.67
WR70Plus,1,1500.0,2,1000.0,99,0.0,1,800.0,1500.0,21.5,7.6,9.5,19.14,26.7,18.1,17.3,16.98,32.6,20.3,20.2,16.68
WR70Plus,1,1500.0,2,1000.0,99,0.0,1,1200.0,0.0,22.2,8.2,9.8,19.03,25.9,19.4,16.7,16.92,31.5,21.6,19.6,16.6
WR70Plus,1,1500.0,2,1000.0,99,0.0,1,1200.0,1500.0,21.3,8.4,9.5,19.08,26.1,19.1,17.0,16.93,31.9,21.1,19.9,16.61
WR70Plus,1,1500.0,2,1000.0,8,1000.0,3,0.0,0.0,39.8,23.2,19.9,16.62,40.7,39.0,25.6,14.11,44.3,35.2,27.5,14.19
WR70Plus,1,1500.0,2,1000.0,8,1000.0,3,0.0,1500.0,37.2,23.7,17.3,16.86,40.1,39.0,24.5,14.35,44.3,34.6,26.8,14.38
WR70Plus,1,1500.0,2,1000.0,8,1000.0,3,800.0,0.0,38.0,23.5,19.0,16.76,40.1,36.1,25.0,14.45,43.5,36.8,27.1,14.3
WR70Plus,1,1500.0,2,1000.0,8,1000.0,3,800.0,1500.0,36.0,23.9,17.0,16.96,40.2,35.5,24.8,14.68,44.1,35.8,26.9,14.48
WR70Plus,1,1500.0,2,1000.0,8,1000.0,3,1200.0,0.0,39.9,22.8,19.8,16.68,40.7,38.9,25.6,14.17,44.4,35.4,27.7,14.2
WR70Plus,1,1500.0,2,1000.0,8,1000.0,3,1200.0,1500.0,37.3,23.3,17.2,16.92,40.7,38.3,25.2,14.42,44.9,34.3,27.4,14.4
WR70Plus,1,1500.0,2,1000.0,8,1000.0,4,0.0,0.0,40.1,31.2,22.0,15.43,41.4,45.6,26.4,13.06,41.6,44.6,28.8,13.13
WR70Plus,1,1500.0,2,1000.0,8,1000.0,4,0.0,1500.0,38.6,30.9,19.5,15.72,41.1,44.7,24.2,13.4,41.0,44.9,26.6,13.41
WR70Plus,1,1500.0,2,1000.0,8,1000.0,4,800.0,0.0,39.0,30.7,21.3,15.67,41.4,43.5,26.2,13.44,41.5,44.4,29.1,13.26
WR70Plus,1,1500.0,2,1000.0,8,1000.0,4,800.0,1500.0,38.0,30.1,19.2,15.94,41.6,42.3,25.2,13.74,41.6,44.4,27.7,13.5
WR70Plus,1,1500.0,2,1000.0,8,1000.0,4,1200.0,0.0,40.1,30.8,21.9,15.5,41.3,45.5,26.4,13.14,41.6,44.9,28.8,13.16
WR70Plus,1,1500.0,2,1000.0,8,1000.0,4,1200.0,1500.0,38.6,30.5,19.4,15.78,41.6,44.0,24.8,13.5,41.5,44.8,27.1,13.44
WR70Plus,1,1500.0,2,1000.0,12,2000.0,3,0.0,0.0,39.4,22.8,14.8,17.49,37.8,37.8,20.5,15.31,44.8,34.0,23.6,15.22
WR70Plus,1,1500.0,2,1000.0,12,2000.0,3,0.0,1500.0,38.4,23.1,12.6,17.64,37.0,38.0,19.1,15.4,44.3,33.8,21.9,15.33
WR70Plus,1,1500.0,2,1000.0,12,2000.0,3,800.0,0.0,38.9,22.3,14.8,17.63,38.1,35.5,20.3,15.55,44.8,33.3,23.6,15.4
WR70Plus,1,1500.0,2,1000.0,12,2000.0,3,800.0,1500.0,38.1,22.7,12.4,17.78,38.3,35.1,19.9,15.62,44.9,32.7,22.5,15.51
WR70Plus,1,1500.0,2,1000.0,12,2000.0,3,1200.0,0.0,39.4,22.3,14.8,17.57,37.8,37.8,20.5,15.34,44.9,34.1,23.8,15.22
WR70Plus,1,1500.0,2,1000.0,12,2000.0,3,1200.0,1500.0,38.1,23.0,12.5,17.73,37.7,37.3,19.7,15.44,44.9,33.5,22.5,15.35
WR70Plus,1,1500.0,2,1000.0,12,2000.0,4,0.0,0.0,43.1,30.5,16.4,16.65,39.8,44.4,21.7,14.67,44.3,41.3,24.3,14.48
WR70Plus,1,1500.0,2,1000.0,12,2000.0,4,0.0,1500.0,41.2,30.5,13.8,16.86,37.7,45.2,19.4,14.85,43.3,41.5,23.3,14.62
WR70Plus,1,1500.0,2,1000.0,12,2000.0,4,800.0,0.0,42.3,28.5,16.5,16.89,39.6,42.6,21.7,14.92,44.3,39.9,24.4,14.68
WR70Plus,1,1500.0,2,1000.0,12,2000.0,4,800.0,1500.0,40.8,28.3,13.8,17.11,38.3,42.3,20.2,15.11,43.5,39.9,23.8,14.85
WR70Plus,1,1500.0,2,1000.0,12,2000.0,4,1200.0,0.0,43.1,29.9,16.4,16.73,39.8,44.0,21.7,14.74,44.3,41.2,24.4,14.51
WR70Plus,1,1500.0,2,1000.0,12,2000.0,4,1200.0,1500.0,41.1,29.9,13.7,16.95,38.3,44.1,20.0,14.94,43.8,41.0,23.9,14.66
WR70Plus,1,1500.0,2,1500.0,99,0.0,1,0.0,0.0,22.7,9.0,9.9,18.95,25.9,19.1,16.7,16.91,31.3,21.6,19.4,16.59
WR70Plus,1,1500.0,2,1500.0,99,0.0,1,0.0,1500.0,21.7,9.1,9.6,19.0,25.5,19.4,16.4,16.91,31.3,21.6,19.2,16.59
WR70Plus,1,1500.0,2,1500.0,99,0.0,1,800.0,0.0,22.4,7.5,9.8,19.09,26.5,18.4,17.0,16.98,32.2,20.7,20.0,16.67
WR70Plus,1,1500.0,2,1500.0,99,0.0,1,800.0,1500.0,21.5,7.6,9.5,19.14,26.7,18.1,17.3,16.98,32.6,20.3,20.2,16.68
WR70Plus,1,1500.0,2,1500.0,99,0.0,1,1200.0,0.0,22.2,8.2,9.8,19.03,25.9,19.4,16.7,16.92,31.5,21.6,19.6,16.6
WR70Plus,1,1500.0,2,1500.0,99,0.0,1,1200.0,1500.0,21.3,8.4,9.5,19.08,26.1,19.1,17.0,16.93,31.9,21.1,19.9,16.61
WR70Plus,1,1500.0,2,1500.0,8,1000.0,3,0.0,0.0,38.3,16.1,19.6,17.22,38.3,31.3,23.9,14.98,41.5,27.5,26.3,15.02
WR70Plus,1,1500.0,2,1500.0,8,1000.0,3,0.0,1500.0,35.5,16.7,17.1,17.46,37.3,31.8,22.7,15.19,41.9,26.8,26.1,15.14
WR70Plus,1,1500.0,2,1500.0,8,1000.0,3,800.0,0.0,37.2,14.8,19.0,17.41,38.3,28.9,23.8,15.3,41.0,27.4,26.1,15.2
WR70Plus,1,1500.0,2,1500.0,8,1000.0,3,800.0,1500.0,35.4,15.3,16.8,17.62,38.3,28.5,23.3,15.5,41.9,26.0,26.3,15.33
WR70Plus,1,1500.0,2,1500.0,8,1000.0,3,1200.0,0.0,38.3,15.2,19.5,17.29,38.3,31.6,23.9,15.02,41.6,27.5,26.4,15.04
WR70Plus,1,1500.0,2,1500.0,8,1000.0,3,1200.0,1500.0,35.5,15.9,17.0,17.53,38.0,31.5,23.3,15.23,42.6,26.3,26.8,15.16
WR70Plus,1,1500.0,2,1500.0,8,1000.0,4,0.0,0.0,37.7,25.7,21.0,16.25,38.4,39.9,25.5,14.1,38.8,36.8,26.9,14.13
WR70Plus,1,1500.0,2,1500.0,8,1000.0,4,0.0,1500.0,36.6,25.6,19.2,16.46,38.7,38.7,23.8,14.35,39.3,36.5,26.6,14.28
WR70Plus,1,1500.0,2,1500.0,8,1000.0,4,800.0,0.0,36.5,23.4,20.6,16.52,38.7,36.1,25.9,14.53,39.1,34.9,27.5,14.37
WR70Plus,1,1500.0,2,1500.0,8,1000.0,4,800.0,1500.0,35.6,23.2,18.9,16.73,39.3,34.8,24.7,14.76,39.4,34.9,27.2,14.51
WR70Plus,1,1500.0,2,1500.0,8,1000.0,4,1200.0,0.0,37.7,24.8,20.9,16.33,38.4,38.9,25.5,14.24,38.8,36.5,26.9,14.2
WR70Plus,1,1500.0,2,1500.0,8,1000.0,4,1200.0,1500.0,36.6,24.7,19.1,16.54,39.3,37.0,24.2,14.51,39.7,35.7,27.1,14.36
WR70Plus,1,1500.0,2,1500.0,12,2000.0,3,0.0,0.0,36.7,16.8,14.5,17.89,36.1,31.3,19.7,15.77,41.0,27.1,22.7,15.7
WR70Plus,1,1500.0,2,1500.0,12,2000.0,3,0.0,1500.0,35.2,17.1,12.4,18.03,36.0,31.2,19.0,15.81,41.2,26.6,21.6,15.75
WR70Plus,1,1500.0,2,1500.0,12,2000.0,3,800.0,0.0,36.8,15.2,14.3,18.06,36.6,29.7,19.9,15.95,41.6,25.5,23.2,15.85
WR70Plus,1,1500.0,2,1500.0,12,2000.0,3,800.0,1500.0,35.5,15.6,12.2,18.2,37.2,28.6,19.7,15.99,42.1,24.7,22.5,15.92
WR70Plus,1,1500.0,2,1500.0,12,2000.0,3,1200.0,0.0,36.6,16.2,14.4,17.98,36.3,31.5,19.7,15.79,41.2,26.9,22.8,15.72
WR70Plus,1,1500.0,2,1500.0,12,2000.0,3,1200.0,1500.0,35.1,16.5,12.3,18.12,36.7,30.7,19.6,15.84,41.8,26.0,22.2,15.79
WR70Plus,1,1500.0,2,1500.0,12,2000.0,4,0.0,0.0,37.5,24.1,16.0,17.31,38.0,36.4,21.1,15.31,40.5,33.6,23.6,15.14
WR70Plus,1,1500.0,2,1500.0,12,2000.0,4,0.0,1500.0,36.3,24.2,13.7,17.44,36.6,36.7,19.1,15.44,41.0,32.9,23.0,15.23
WR70Plus,1,1500.0,2,1500.0,12,2000.0,4,800.0,0.0,37.5,21.4,15.9,17.53,38.3,33.0,21.4,15.55,41.3,31.6,24.3,15.32
WR70Plus,1,1500.0,2,1500.0,12,2000.0,4,800.0,1500.0,36.6,21.2,13.7,17.68,37.5,32.8,20.0,15.68,41.5,31.0,23.9,15.41
WR70Plus,1,1500.0,2,1500.0,12,2000.0,4,1200.0,0.0,37.4,23.5,15.9,17.4,38.0,35.1,21.1,15.4,40.7,33.6,23.8,15.17
WR70Plus,1,1500.0,2,1500.0,12,2000.0,4,1200.0,1500.0,36.4,23.4,13.6,17.53,37.2,34.8,19.7,15.54,41.5,32.6,23.6,15.27
WR70Plus,2,0.0,1,0.0,99,0.0,1,0.0,0.0,46.0,25.8,32.5,13.44,44.1,44.9,35.2,10.24,44.6,44.8,35.1,9.86
WR70Plus,2,0.0,1,0.0,99,0.0,1,0.0,1500.0,45.6,26.3,31.4,13.59,42.8,46.1,33.7,10.46,43.7,45.7,34.1,10.01
WR70Plus,2,0.0,1,0.0,99,0.0,1,800.0,0.0,49.6,22.0,33.8,13.71,44.9,44.0,35.4,10.43,44.6,44.6,35.2,9.89
WR70Plus,2,0.0,1,0.0,99,0.0,1,800.0,1500.0,48.9,22.8,32.6,13.87,43.2,45.3,33.7,10.64,43.7,45.5,34.3,10.04
WR70Plus,2,0.0,1,0.0,99,0.0,1,1200.0,0.0,47.7,23.6,33.1,13.59,44.1,44.9,35.2,10.26,44.6,44.8,35.1,9.88
WR70Plus,2,0.0,1,0.0,99,0.0,1,1200.0,1500.0,47.1,24.3,31.8,13.76,42.8,46.1,33.7,10.48,43.7,45.7,34.1,10.03
WR70Plus,2,0.0,1,0.0,8,1000.0,3,0.0,0.0,47.9,35.2,33.6,12.48,44.6,51.2,36.0,9.43,46.6,46.8,36.8,9.38
WR70Plus,2,0.0,1,0.0,8,1000.0,3,0.0,1500.0,47.2,35.9,32.8,12.66,43.7,52.3,34.9,9.66,46.3,46.9,36.3,9.58
WR70Plus,2,0.0,1,0.0,8,1000.0,3,800.0,0.0,49.0,34.3,35.1,12.6,45.6,49.7,36.3,9.77,46.5,46.0,36.9,9.42
WR70Plus,2,0.0,1,0.0,8,1000.0,3,800.0,1500.0,47.9,35.4,34.0,12.77,44.0,50.9,35.1,10.0,46.0,46.3,36.3,9.62
WR70Plus,2,0.0,1,0.0,8,1000.0,3,1200.0,0.0,49.0,34.2,34.3,12.55,44.6,51.2,36.0,9.43,46.6,46.3,36.8,9.42
WR70Plus,2,0.0,1,0.0,8,1000.0,3,1200.0,1500.0,47.9,35.3,33.2,12.73,43.7,52.3,34.9,9.66,46.3,46.5,36.3,9.62
WR70Plus,2,0.0,1,0.0,8,1000.0,4,0.0,0.0,49.2,38.8,35.8,11.71,45.3,52.0,38.0,8.92,46.8,48.5,39.4,8.82
WR70Plus,2,0.0,1,0.0,8,1000.0,4,0.0,1500.0,47.9,39.1,34.2,11.99,45.8,51.2,35.8,9.33,47.1,48.2,37.6,9.13
WR70Plus,2,0.0,1,0.0,8,1000.0,4,800.0,0.0,50.4,37.6,37.1,11.93,45.9,52.1,38.1,9.06,46.5,48.7,39.4,8.86
WR70Plus,2,0.0,1,0.0,8,1000.0,4,800.0,1500.0,49.0,38.1,35.4,12.2,46.2,51.5,35.8,9.47,46.6,48.5,37.6,9.16
WR70Plus,2,0.0,1,0.0,8,1000.0,4,1200.0,0.0,50.0,37.8,36.3,11.77,45.5,51.8,38.0,8.97,46.8,48.5,39.4,8.85
WR70Plus,2,0.0,1,0.0,8,1000.0,4,1200.0,1500.0,48.5,38.4,34.6,12.07,45.9,51.1,35.8,9.38,46.8,48.7,37.6,9.12
WR70Plus,2,0.0,1,0.0,12,2000.0,3,0.0,0.0,52.2,34.1,34.3,12.72,46.7,49.8,37.0,9.71,47.4,48.0,36.2,9.49
WR70Plus,2,0.0,1,0.0,12,2000.0,3,0.0,1500.0,51.5,34.8,33.3,12.89,45.3,51.1,35.2,9.95,46.6,48.8,35.1,9.66
WR70Plus,2,0.0,1,0.0,12,2000.0,3,800.0,0.0,53.0,33.9,35.7,12.89,47.3,48.3,37.2,9.96,47.3,47.3,36.3,9.52
WR70Plus,2,0.0,1,0.0,12,2000.0,3,800.0,1500.0,52.2,34.8,34.4,13.07,45.8,49.7,35.2,10.19,46.5,48.0,35.2,9.69
WR70Plus,2,0.0,1,0.0,12,2000.0,3,1200.0,0.0,53.0,33.8,35.1,12.8,46.7,49.8,37.0,9.73,47.4,48.0,36.2,9.51
WR70Plus,2,0.0,1,0.0,12,2000.0,3,1200.0,1500.0,52.1,34.7,33.8,12.98,45.3,51.1,35.2,9.96,46.6,48.8,35.1,9.67
WR70Plus,2,0.0,1,0.0,12,2000.0,4,0.0,0.0,52.3,38.6,36.1,12.18,47.6,51.4,38.9,9.31,48.4,49.5,37.7,9.18
WR70Plus,2,0.0,1,0.0,12,2000.0,4,0.0,1500.0,51.7,38.7,35.3,12.38,46.5,52.3,36.3,9.61,47.4,49.9,36.0,9.4
WR70Plus,2,0.0,1,0.0,12,2000.0,4,800.0,0.0,53.8,37.1,37.3,12.44,47.7,51.1,39.0,9.52,48.2,49.3,37.9,9.24
WR70Plus,2,0.0,1,0.0,12,2000.0,4,800.0,1500.0,52.6,37.8,36.1,12.65,46.5,52.1,36.3,9.81,47.4,49.9,36.2,9.45
WR70Plus,2,0.0,1,0.0,12,2000.0,4,1200.0,0.0,53.1,37.8,36.8,12.28,47.9,50.9,38.9,9.35,48.4,49.5,37.7,9.21
WR70Plus,2,0.0,1,0.0,12,2000.0,4,1200.0,1500.0,52.3,38.1,35.8,12.48,46.8,51.8,36.3,9.65,47.4,50.1,36.0,9.41
WR70Plus,2,0.0,1,1000.0,99,0.0,1,0.0,0.0,45.8,22.1,31.8,14.18,43.5,38.3,34.2,11.46,44.4,40.5,34.1,10.85
WR70Plus,2,0.0,1,1000.0,99,0.0,1,0.0,1500.0,44.3,22.7,30.6,14.4,42.3,39.0,32.8,11.71,44.0,41.0,33.2,11.05
WR70Plus,2,0.0,1,1000.0,99,0.0,1,800.0,0.0,48.2,20.0,32.9,14.42,44.1,38.3,34.2,11.59,44.6,40.2,34.4,10.89
WR70Plus,2,0.0,1,1000.0,99,0.0,1,800.0,1500.0,46.6,20.7,31.5,14.66,42.9,39.2,32.8,11.84,44.1,40.7,33.3,11.09
WR70Plus,2,0.0,1,1000.0,99,0.0,1,1200.0,0.0,46.7,20.8,32.0,14.31,43.5,38.1,34.2,11.46,44.4,40.5,34.1,10.87
WR70Plus,2,0.0,1,1000.0,99,0.0,1,1200.0,1500.0,44.7,21.6,30.5,14.54,42.3,39.0,32.8,11.7,44.0,41.0,33.2,11.06
WR70Plus,2,0.0,1,1000.0,8,1000.0,3,0.0,0.0,48.7,28.0,33.4,13.49,44.3,43.1,35.7,10.84,46.0,43.3,35.5,10.36
WR70Plus,2,0.0,1,1000.0,8,1000.0,3,0.0,1500.0,47.6,28.5,31.8,13.74,43.5,44.1,34.5,11.13,46.2,43.2,34.9,10.6
WR70Plus,2,0.0,1,1000.0,8,1000.0,3,800.0,0.0,48.6,26.2,34.0,13.77,45.2,40.1,36.0,11.18,46.2,42.9,35.8,10.45
WR70Plus,2,0.0,1,1000.0,8,1000.0,3,800.0,1500.0,47.5,26.8,32.4,14.03,44.6,40.8,34.8,11.46,46.3,42.3,35.1,10.74
WR70Plus,2,0.0,1,1000.0,8,1000.0,3,1200.0,0.0,49.0,27.6,33.5,13.58,44.3,43.1,35.7,10.85,46.0,43.7,35.5,10.36
WR70Plus,2,0.0,1,1000.0,8,1000.0,3,1200.0,1500.0,47.5,28.4,31.6,13.84,43.5,44.0,34.5,11.12,46.2,43.2,34.9,10.62
WR70Plus,2,0.0,1,1000.0,8,1000.0,4,0.0,0.0,49.3,32.7,35.8,12.89,45.8,45.2,37.5,10.32,45.5,46.2,37.2,9.8
WR70Plus,2,0.0,1,1000.0,8,1000.0,4,0.0,1500.0,47.9,33.0,33.6,13.19,44.3,45.8,35.2,10.72,45.9,46.8,36.0,10.09
WR70Plus,2,0.0,1,1000.0,8,1000.0,4,800.0,0.0,48.7,31.6,35.9,13.18,46.5,44.7,37.7,10.53,45.5,46.5,37.2,9.83
WR70Plus,2,0.0,1,1000.0,8,1000.0,4,800.0,1500.0,47.3,32.0,33.9,13.48,45.0,45.3,35.4,10.95,45.7,46.3,35.8,10.21
WR70Plus,2,0.0,1,1000.0,8,1000.0,4,1200.0,0.0,49.6,32.2,35.9,12.98,45.8,44.9,37.5,10.36,45.5,46.8,37.2,9.77
WR70Plus,2,0.0,1,1000.0,8,1000.0,4,1200.0,1500.0,47.9,32.8,33.4,13.29,44.3,45.5,35.2,10.77,45.9,46.9,36.0,10.11
WR70Plus,2,0.0,1,1000.0,12,2000.0,3,0.0,0.0,50.8,27.1,34.1,13.59,45.6,42.0,35.2,11.12,47.3,41.9,35.7,10.57
WR70Plus,2,0.0,1,1000.0,12,2000.0,3,0.0,1500.0,50.0,27.9,32.5,13.8,44.4,42.8,33.9,11.36,47.1,42.7,34.3,10.75
WR70Plus,2,0.0,1,1000.0,12,2000.0,3,800.0,0.0,51.4,24.7,34.9,13.86,46.2,39.6,35.4,11.34,47.1,41.8,36.0,10.62
WR70Plus,2,0.0,1,1000.0,12,2000.0,3,800.0,1500.0,50.4,25.6,33.1,14.1,45.0,40.4,33.9,11.58,46.9,41.5,34.4,10.85
WR70Plus,2,0.0,1,1000.0,12,2000.0,3,1200.0,0.0,51.4,26.5,34.3,13.7,45.6,42.3,35.2,11.12,47.3,42.4,35.7,10.56
WR70Plus,2,0.0,1,1000.0,12,2000.0,3,1200.0,1500.0,50.2,27.6,32.4,13.92,44.4,43.1,33.9,11.36,47.1,42.3,34.3,10.79
WR70Plus,2,0.0,1,1000.0,12,2000.0,4,0.0,0.0,51.0,30.9,35.7,13.24,47.0,44.7,37.7,10.68,47.4,45.2,36.9,10.22
WR70Plus,2,0.0,1,1000.0,12,2000.0,4,0.0,1500.0,50.3,31.4,34.4,13.43,45.5,45.6,35.4,11.01,46.2,46.5,35.4,10.44
WR70Plus,2,0.0,1,1000.0,12,2000.0,4,800.0,0.0,51.0,28.8,36.3,13.54,47.4,44.9,37.8,10.86,46.9,45.1,37.2,10.32
WR70Plus,2,0.0,1,1000.0,12,2000.0,4,800.0,1500.0,50.2,29.4,35.0,13.75,45.9,44.9,35.4,11.24,45.7,45.5,35.5,10.59
WR70Plus,2,0.0,1,1000.0,12,2000.0,4,1200.0,0.0,51.7,30.1,35.9,13.35,47.0,44.1,37.7,10.7,47.4,45.2,36.9,10.25
WR70Plus,2,0.0,1,1000.0,12,2000.0,4,1200.0,1500.0,50.6,30.9,34.3,13.54,45.5,44.1,35.4,11.09,46.2,45.7,35.4,10.52
WR70Plus,2,0.0,1,1500.0,99,0.0,1,0.0,0.0,42.1,16.3,30.2,15.18,40.4,33.3,32.8,12.53,42.9,34.1,31.9,12.13
WR70Plus,2,0.0,1,1500.0,99,0.0,1,0.0,1500.0,41.2,17.3,29.5,15.23,38.7,34.8,31.0,12.74,42.3,34.7,30.7,12.28
WR70Plus,2,0.0,1,1500.0,99,0.0,1,800.0,0.0,43.4,12.9,30.9,15.56,40.8,33.0,33.4,12.61,43.2,33.6,32.2,12.24
WR70Plus,2,0.0,1,1500.0,99,0.0,1,800.0,1500.0,42.4,14.1,30.1,15.63,39.2,34.5,31.6,12.83,42.7,34.1,31.1,12.38
WR70Plus,2,0.0,1,1500.0,99,0.0,1,1200.0,0.0,42.5,15.8,30.4,15.29,40.4,33.4,32.8,12.52,42.9,34.1,31.9,12.15
WR70Plus,2,0.0,1,1500.0,99,0.0,1,1200.0,1500.0,41.3,17.1,29.4,15.34,38.7,34.9,31.0,12.73,42.3,34.7,30.7,12.3
WR70Plus,2,0.0,1,1500.0,8,1000.0,3,0.0,0.0,44.5,18.8,30.9,14.78,42.8,34.5,34.0,12.13,44.6,34.4,33.2,11.86
WR70Plus,2,0.0,1,1500.0,8,1000.0,3,0.0,1500.0,43.1,19.6,30.0,14.87,41.6,36.1,32.2,12.36,44.1,34.7,32.1,12.06
WR70Plus,2,0.0,1,1500.0,8,1000.0,3,800.0,0.0,45.5,16.8,31.6,15.04,43.7,33.6,34.6,12.29,45.2,34.1,33.6,11.97
WR70Plus,2,0.0,1,1500.0,8,1000.0,3,800.0,1500.0,44.2,17.7,30.5,15.14,42.6,35.1,32.8,12.52,44.9,34.3,32.7,12.15
WR70Plus,2,0.0,1,1500.0,8,1000.0,3,1200.0,0.0,44.8,18.4,31.1,14.88,42.8,34.8,34.0,12.12,44.6,34.4,33.2,11.89
WR70Plus,2,0.0,1,1500.0,8,1000.0,3,1200.0,1500.0,43.1,19.5,29.9,14.97,41.6,36.6,32.2,12.33,44.1,34.7,32.1,12.07
WR70Plus,2,0.0,1,1500.0,8,1000.0,4,0.0,0.0,44.3,22.1,32.0,14.39,45.3,39.6,35.8,11.52,43.7,37.1,34.4,11.49
WR70Plus,2,0.0,1,1500.0,8,1000.0,4,0.0,1500.0,42.9,22.9,31.2,14.5,43.2,40.7,33.9,11.84,42.9,38.0,33.0,11.69
WR70Plus,2,0.0,1,1500.0,8,1000.0,4,800.0,0.0,45.1,20.8,32.9,14.62,46.2,37.3,36.4,11.78,44.3,36.0,34.9,11.6
WR70Plus,2,0.0,1,1500.0,8,1000.0,4,800.0,1500.0,43.6,21.4,31.8,14.76,44.0,38.4,34.3,12.09,43.3,36.9,33.6,11.79
WR70Plus,2,0.0,1,1500.0,8,1000.0,4,1200.0,0.0,44.5,22.2,32.2,14.44,45.3,38.7,35.8,11.63,43.7,37.2,34.4,11.49
WR70Plus,2,0.0,1,1500.0,8,1000.0,4,1200.0,1500.0,43.0,23.1,31.0,14.56,43.2,39.8,33.9,11.94,42.9,38.2,33.0,11.69
WR70Plus,2,0.0,1,1500.0,12,2000.0,3,0.0,0.0,45.5,18.4,31.5,14.86,42.0,34.3,33.3,12.29,44.6,34.6,33.2,11.91
WR70Plus,2,0.0,1,1500.0,12,2000.0,3,0.0,1500.0,44.7,19.1,30.7,14.93,41.1,35.8,31.5,12.49,43.8,35.2,31.8,12.08
WR70Plus,2,0.0,1,1500.0,12,2000.0,3,800.0,0.0,46.6,16.7,32.3,15.17,43.1,33.7,33.9,12.41,45.1,33.5,33.5,12.05
WR70Plus,2,0.0,1,1500.0,12,2000.0,3,800.0,1500.0,45.5,17.5,31.2,15.26,42.0,35.2,32.1,12.62,44.4,34.0,32.4,12.21
WR70Plus,2,0.0,1,1500.0,12,2000.0,3,1200.0,0.0,45.9,17.8,31.7,14.97,42.0,34.5,33.3,12.28,44.6,34.4,33.2,11.95
WR70Plus,2,0.0,1,1500.0,12,2000.0,3,1200.0,1500.0,44.7,19.0,30.5,15.05,41.1,36.0,31.5,12.48,43.8,35.1,31.8,12.11
WR70Plus,2,0.0,1,1500.0,12,2000.0,4,0.0,0.0,45.1,23.2,32.3,14.54,44.9,39.5,35.4,11.85,44.8,37.1,33.5,11.67
WR70Plus,2,0.0,1,1500.0,12,2000.0,4,0.0,1500.0,43.8,23.9,31.6,14.61,42.5,41.1,32.8,12.13,43.2,38.3,31.9,11.85
WR70Plus,2,0.0,1,1500.0,12,2000.0,4,800.0,0.0,46.5,20.8,33.0,14.85,45.8,38.1,35.8,12.01,45.2,36.5,34.3,11.76
WR70Plus,2,0.0,1,1500.0,12,2000.0,4,800.0,1500.0,45.2,21.2,32.2,14.95,43.2,39.8,33.3,12.29,43.8,37.6,32.9,11.93
WR70Plus,2,0.0,1,1500.0,12,2000.0,4,1200.0,0.0,45.5,22.8,32.5,14.64,44.9,38.7,35.4,11.9,44.8,37.1,33.5,11.7
WR70Plus,2,0.0,1,1500.0,12,2000.0,4,1200.0,1500.0,44.2,23.4,31.5,14.72,42.5,40.4,32.8,12.17,43.2,38.3,31.9,11.88
WR70Plus,2,1000.0,1,0.0,99,0.0,1,0.0,0.0,43.2,22.9,26.9,14.42,40.2,43.2,32.4,10.93,42.9,42.6,32.6,10.43
WR70Plus,2,1000.0,1,0.0,99,0.0,1,0.0,1500.0,42.4,23.7,25.8,14.58,38.4,44.7,30.6,11.21,41.5,44.0,31.0,10.59
WR70Plus,2,1000.0,1,0.0,99,0.0,1,800.0,0.0,45.3,19.4,27.8,14.7,40.7,42.0,32.8,11.1,43.0,42.4,32.9,10.44
WR70Plus,2,1000.0,1,0.0,99,0.0,1,800.0,1500.0,44.5,20.3,26.6,14.85,38.4,43.8,30.7,11.39,41.6,43.8,31.3,10.66
WR70Plus,2,1000.0,1,0.0,99,0.0,1,1200.0,0.0,44.7,21.1,27.7,14.54,40.2,43.2,32.4,10.94,42.9,42.6,32.6,10.44
WR70Plus,2,1000.0,1,0.0,99,0.0,1,1200.0,1500.0,43.6,22.1,26.3,14.71,38.4,44.7,30.6,11.22,41.5,44.0,31.0,10.6
WR70Plus,2,1000.0,1,0.0,8,1000.0,3,0.0,0.0,43.1,32.6,28.5,13.54,40.8,49.4,32.7,10.17,46.0,44.8,34.3,9.93
WR70Plus,2,1000.0,1,0.0,8,1000.0,3,0.0,1500.0,42.2,33.4,27.1,13.71,39.8,50.9,31.0,10.44,43.7,45.9,32.2,10.19
WR70Plus,2,1000.0,1,0.0,8,1000.0,3,800.0,0.0,43.6,32.2,29.3,13.64,41.9,47.7,33.1,10.5,46.0,44.0,34.6,9.96
WR70Plus,2,1000.0,1,0.0,8,1000.0,3,800.0,1500.0,42.9,33.0,28.0,13.8,40.1,49.4,31.2,10.79,43.7,45.1,32.6,10.26
WR70Plus,2,1000.0,1,0.0,8,1000.0,3,1200.0,0.0,43.9,31.9,29.2,13.58,40.8,49.4,32.7,10.17,46.0,44.3,34.3,9.97
WR70Plus,2,1000.0,1,0.0,8,1000.0,3,1200.0,1500.0,42.7,33.0,27.7,13.75,39.8,50.9,31.0,10.44,43.7,45.4,32.2,10.23
WR70Plus,2,1000.0,1,0.0,8,1000.0,4,0.0,0.0,44.6,36.0,29.6,12.85,42.8,49.7,34.0,9.64,45.9,47.3,36.9,9.32
WR70Plus,2,1000.0,1,0.0,8,1000.0,4,0.0,1500.0,43.1,36.3,28.3,13.12,41.9,49.5,31.6,10.15,45.5,47.4,33.5,9.69
WR70Plus,2,1000.0,1,0.0,8,1000.0,4,800.0,0.0,45.6,35.0,30.6,13.03,43.1,49.8,34.5,9.79,46.2,47.3,37.2,9.35
WR70Plus,2,1000.0,1,0.0,8,1000.0,4,800.0,1500.0,44.1,35.6,29.4,13.31,42.0,49.8,31.9,10.3,45.5,47.6,33.8,9.76
WR70Plus,2,1000.0,1,0.0,8,1000.0,4,1200.0,0.0,45.3,35.2,30.4,12.87,42.9,49.5,34.0,9.69,45.9,47.3,36.9,9.34
WR70Plus,2,1000.0,1,0.0,8,1000.0,4,1200.0,1500.0,43.6,35.7,28.8,13.18,41.9,49.4,31.6,10.2,45.4,47.9,33.5,9.68
WR70Plus,2,1000.0,1,0.0,12,2000.0,3,0.0,0.0,47.1,31.6,28.6,13.79,44.3,47.9,33.9,10.38,44.9,46.2,33.6,10.06
WR70Plus,2,1000.0,1,0.0,12,2000.0,3,0.0,1500.0,46.1,32.0,27.5,13.96,42.5,49.4,31.6,10.68,43.2,47.4,31.8,10.26
WR70Plus,2,1000.0,1,0.0,12,2000.0,3,800.0,0.0,47.6,31.1,29.2,14.0,44.9,46.5,34.3,10.6,45.1,45.4,34.0,10.09
WR70Plus,2,1000.0,1,0.0,12,2000.0,3,800.0,1500.0,46.8,31.5,28.2,14.17,42.8,48.3,31.8,10.91,43.3,46.6,32.1,10.34
WR70Plus,2,1000.0,1,0.0,12,2000.0,3,1200.0,0.0,47.7,31.5,29.3,13.86,44.3,47.9,33.9,10.4,44.9,46.2,33.6,10.08
WR70Plus,2,1000.0,1,0.0,12,2000.0,3,1200.0,1500.0,46.6,32.2,28.0,14.03,42.5,49.4,31.6,10.7,43.2,47.4,31.8,10.28
WR70Plus,2,1000.0,1,0.0,12,2000.0,4,0.0,0.0,48.1,36.2,30.4,13.25,45.2,49.7,35.4,9.97,47.6,48.0,35.1,9.76
WR70Plus,2,1000.0,1,0.0,12,2000.0,4,0.0,1500.0,47.8,36.2,29.5,13.43,43.1,51.2,32.2,10.36,46.0,49.0,32.2,9.99
WR70Plus,2,1000.0,1,0.0,12,2000.0,4,800.0,0.0,49.4,34.7,30.9,13.52,45.8,48.9,35.8,10.19,47.4,47.9,35.4,9.81
WR70Plus,2,1000.0,1,0.0,12,2000.0,4,800.0,1500.0,48.3,35.0,30.2,13.7,43.5,50.8,32.4,10.57,46.0,49.0,32.6,10.1
WR70Plus,2,1000.0,1,0.0,12,2000.0,4,1200.0,0.0,48.7,35.6,31.2,13.33,45.5,49.2,35.4,10.0,47.6,48.0,35.1,9.78
WR70Plus,2,1000.0,1,0.0,12,2000.0,4,1200.0,1500.0,48.2,35.8,30.2,13.52,43.2,50.8,32.2,10.4,46.0,49.1,32.2,10.01
WR70Plus,2,1000.0,1,1000.0,99,0.0,1,0.0,0.0,43.0,19.1,26.4,15.17,39.3,36.7,30.0,12.2,42.6,39.6,32.4,11.33
WR70Plus,2,1000.0,1,1000.0,99,0.0,1,0.0,1500.0,41.3,19.4,25.1,15.4,37.8,37.7,29.1,12.43,41.2,40.7,30.7,11.57
WR70Plus,2,1000.0,1,1000.0,99,0.0,1,800.0,0.0,44.5,17.8,27.0,15.35,39.3,36.7,30.0,12.33,43.0,39.1,32.9,11.38
WR70Plus,2,1000.0,1,1000.0,99,0.0,1,800.0,1500.0,42.8,18.2,25.7,15.59,38.0,37.7,29.2,12.57,41.3,40.5,31.0,11.66
WR70Plus,2,1000.0,1,1000.0,99,0.0,1,1200.0,0.0,43.5,18.6,26.6,15.23,39.3,36.6,30.0,12.19,42.6,39.6,32.4,11.35
WR70Plus,2,1000.0,1,1000.0,99,0.0,1,1200.0,1500.0,41.5,19.1,25.1,15.47,37.8,37.7,29.1,12.43,41.2,40.7,30.7,11.58
WR70Plus,2,1000.0,1,1000.0,8,1000.0,3,0.0,0.0,43.3,25.9,28.3,14.55,40.8,41.7,30.7,11.59,44.9,41.9,33.5,10.84
WR70Plus,2,1000.0,1,1000.0,8,1000.0,3,0.0,1500.0,42.0,26.3,26.6,14.8,40.1,43.1,29.4,11.87,42.7,42.6,31.6,11.18
WR70Plus,2,1000.0,1,1000.0,8,1000.0,3,800.0,0.0,43.3,24.1,28.5,14.77,41.1,38.9,30.7,11.95,45.4,41.3,34.0,10.93
WR70Plus,2,1000.0,1,1000.0,8,1000.0,3,800.0,1500.0,42.0,24.5,26.8,15.02,40.8,39.6,29.7,12.22,43.0,41.9,31.9,11.33
WR70Plus,2,1000.0,1,1000.0,8,1000.0,3,1200.0,0.0,43.4,25.5,28.4,14.6,40.8,41.7,30.7,11.6,44.9,42.3,33.5,10.83
WR70Plus,2,1000.0,1,1000.0,8,1000.0,3,1200.0,1500.0,41.9,26.1,26.5,14.85,40.1,42.9,29.4,11.86,42.7,42.6,31.6,11.2
WR70Plus,2,1000.0,1,1000.0,8,1000.0,4,0.0,0.0,45.5,30.5,29.4,13.96,43.2,44.3,31.9,11.06,44.6,45.2,35.4,10.26
WR70Plus,2,1000.0,1,1000.0,8,1000.0,4,0.0,1500.0,43.6,30.8,27.7,14.27,41.7,44.4,30.7,11.46,44.0,46.0,32.9,10.61
WR70Plus,2,1000.0,1,1000.0,8,1000.0,4,800.0,0.0,45.0,29.5,29.6,14.17,43.5,44.3,32.1,11.26,44.9,45.4,35.7,10.28
WR70Plus,2,1000.0,1,1000.0,8,1000.0,4,800.0,1500.0,43.1,29.9,28.3,14.46,42.0,44.4,30.9,11.68,43.8,45.7,33.0,10.76
WR70Plus,2,1000.0,1,1000.0,8,1000.0,4,1200.0,0.0,45.8,30.1,29.7,13.99,43.2,44.0,31.9,11.1,44.6,45.9,35.4,10.22
WR70Plus,2,1000.0,1,1000.0,8,1000.0,4,1200.0,1500.0,43.7,30.6,27.8,14.3,41.7,44.1,30.7,11.5,44.0,46.2,32.9,10.64
WR70Plus,2,1000.0,1,1000.0,12,2000.0,3,0.0,0.0,46.5,25.7,28.2,14.59,42.9,40.4,30.6,11.84,45.1,40.4,33.6,11.08
WR70Plus,2,1000.0,1,1000.0,12,2000.0,3,0.0,1500.0,45.2,25.9,26.8,14.83,41.3,41.6,29.5,12.09,43.7,41.8,31.3,11.33
WR70Plus,2,1000.0,1,1000.0,12,2000.0,3,800.0,0.0,46.9,23.6,28.6,14.82,43.4,38.9,30.7,12.03,45.5,39.9,34.1,11.14
WR70Plus,2,1000.0,1,1000.0,12,2000.0,3,800.0,1500.0,45.5,23.9,27.2,15.07,42.0,39.8,29.7,12.29,43.7,40.5,31.6,11.49
WR70Plus,2,1000.0,1,1000.0,12,2000.0,3,1200.0,0.0,46.8,25.2,28.4,14.65,42.9,40.7,30.6,11.83,45.1,40.8,33.6,11.07
WR70Plus,2,1000.0,1,1000.0,12,2000.0,3,1200.0,1500.0,45.3,25.6,26.8,14.89,41.3,41.9,29.5,12.09,43.7,41.3,31.3,11.37
WR70Plus,2,1000.0,1,1000.0,12,2000.0,4,0.0,0.0,48.1,29.3,29.9,14.2,44.6,43.4,32.7,11.39,46.0,44.4,34.7,10.74
WR70Plus,2,1000.0,1,1000.0,12,2000.0,4,0.0,1500.0,47.1,29.5,28.7,14.43,42.6,44.7,30.9,11.71,44.0,46.3,32.2,11.0
WR70Plus,2,1000.0,1,1000.0,12,2000.0,4,800.0,0.0,47.3,27.6,30.2,14.46,44.6,42.9,32.8,11.59,46.3,43.8,35.2,10.83
WR70Plus,2,1000.0,1,1000.0,12,2000.0,4,800.0,1500.0,46.2,27.8,29.1,14.68,42.9,43.2,31.0,11.98,44.0,45.2,32.6,11.19
WR70Plus,2,1000.0,1,1000.0,12,2000.0,4,1200.0,0.0,48.2,28.9,30.1,14.26,44.6,42.8,32.7,11.41,46.0,44.6,34.7,10.76
WR70Plus,2,1000.0,1,1000.0,12,2000.0,4,1200.0,1500.0,47.0,29.3,28.7,14.49,42.6,43.2,30.9,11.79,44.0,45.7,32.2,11.08
WR70Plus,2,1000.0,1,1500.0,99,0.0,1,0.0,0.0,39.4,14.8,25.5,16.02,38.3,31.8,29.2,13.18,41.6,32.1,29.4,12.66
WR70Plus,2,1000.0,1,1500.0,99,0.0,1,0.0,1500.0,38.0,15.3,24.3,16.14,36.7,32.8,28.2,13.35,40.7,32.9,27.9,12.79
WR70Plus,2,1000.0,1,1500.0,99,0.0,1,800.0,0.0,40.1,12.0,26.0,16.33,38.3,31.3,29.5,13.3,41.8,31.5,29.7,12.8
WR70Plus,2,1000.0,1,1500.0,99,0.0,1,800.0,1500.0,38.3,12.7,24.6,16.47,36.7,32.4,28.6,13.47,41.0,32.2,28.5,12.97
WR70Plus,2,1000.0,1,1500.0,99,0.0,1,1200.0,0.0,39.6,14.6,25.8,16.05,38.3,31.8,29.2,13.17,41.6,31.9,29.4,12.69
WR70Plus,2,1000.0,1,1500.0,99,0.0,1,1200.0,1500.0,38.0,15.3,24.3,16.18,36.7,32.8,28.2,13.34,40.7,32.9,27.9,12.82
WR70Plus,2,1000.0,1,1500.0,8,1000.0,3,0.0,0.0,40.0,17.5,26.4,15.69,39.9,33.0,29.5,12.85,43.0,32.2,29.9,12.47
WR70Plus,2,1000.0,1,1500.0,8,1000.0,3,0.0,1500.0,38.5,18.0,25.2,15.82,38.0,34.2,28.0,13.09,42.4,32.7,28.5,12.64
WR70Plus,2,1000.0,1,1500.0,8,1000.0,3,800.0,0.0,40.8,15.9,26.9,15.9,40.5,32.1,29.8,13.04,43.3,32.1,30.2,12.61
WR70Plus,2,1000.0,1,1500.0,8,1000.0,3,800.0,1500.0,39.4,16.6,25.5,16.03,38.7,33.1,28.5,13.27,42.9,32.4,29.1,12.82
WR70Plus,2,1000.0,1,1500.0,8,1000.0,3,1200.0,0.0,40.3,17.2,26.7,15.72,39.9,33.1,29.5,12.83,43.0,32.2,29.9,12.51
WR70Plus,2,1000.0,1,1500.0,8,1000.0,3,1200.0,1500.0,38.6,17.8,25.2,15.86,38.0,34.5,28.0,13.07,42.4,32.7,28.5,12.67
WR70Plus,2,1000.0,1,1500.0,8,1000.0,4,0.0,0.0,40.3,20.9,27.0,15.29,42.3,37.7,30.7,12.31,42.9,35.1,31.8,12.04
WR70Plus,2,1000.0,1,1500.0,8,1000.0,4,0.0,1500.0,39.1,21.3,26.3,15.43,39.8,38.9,28.9,12.61,42.1,36.3,29.9,12.21
WR70Plus,2,1000.0,1,1500.0,8,1000.0,4,800.0,0.0,40.9,19.8,27.6,15.48,42.9,35.2,31.2,12.6,43.2,34.1,32.1,12.2
WR70Plus,2,1000.0,1,1500.0,8,1000.0,4,800.0,1500.0,39.8,20.4,26.6,15.62,40.2,36.4,29.4,12.89,42.1,35.4,30.5,12.42
WR70Plus,2,1000.0,1,1500.0,8,1000.0,4,1200.0,0.0,40.6,21.0,27.2,15.28,42.3,36.6,30.7,12.42,42.9,35.2,31.8,12.05
WR70Plus,2,1000.0,1,1500.0,8,1000.0,4,1200.0,1500.0,39.5,21.4,26.2,15.42,39.8,37.8,28.9,12.71,42.1,36.5,29.9,12.22
WR70Plus,2,1000.0,1,1500.0,12,2000.0,3,0.0,0.0,42.8,16.8,26.8,15.71,39.3,32.5,29.8,12.98,43.0,32.9,30.7,12.43
WR70Plus,2,1000.0,1,1500.0,12,2000.0,3,0.0,1500.0,42.1,17.3,25.7,15.83,38.1,33.7,28.8,13.16,42.1,33.6,29.0,12.55
WR70Plus,2,1000.0,1,1500.0,12,2000.0,3,800.0,0.0,43.3,15.6,27.3,15.97,40.4,31.8,30.1,13.14,43.5,31.8,30.8,12.61
WR70Plus,2,1000.0,1,1500.0,12,2000.0,3,800.0,1500.0,42.4,16.3,26.0,16.1,39.2,33.0,29.2,13.31,42.9,32.4,29.6,12.77
WR70Plus,2,1000.0,1,1500.0,12,2000.0,3,1200.0,0.0,43.0,16.5,27.1,15.75,39.3,32.7,29.8,12.97,43.0,32.7,30.7,12.47
WR70Plus,2,1000.0,1,1500.0,12,2000.0,3,1200.0,1500.0,42.0,17.3,25.7,15.88,38.1,33.9,28.8,13.14,42.1,33.5,29.0,12.59
WR70Plus,2,1000.0,1,1500.0,12,2000.0,4,0.0,0.0,43.7,21.2,27.7,15.39,42.3,38.1,31.3,12.54,43.8,36.0,31.0,12.15
WR70Plus,2,1000.0,1,1500.0,12,2000.0,4,0.0,1500.0,43.0,21.8,26.6,15.48,40.2,39.0,29.7,12.8,41.9,37.1,29.3,12.3
WR70Plus,2,1000.0,1,1500.0,12,2000.0,4,800.0,0.0,44.1,19.2,28.2,15.65,42.6,36.7,31.6,12.73,44.3,35.5,31.5,12.28
WR70Plus,2,1000.0,1,1500.0,12,2000.0,4,800.0,1500.0,43.3,19.6,26.9,15.75,40.7,37.7,30.1,12.97,42.6,36.5,30.0,12.46
WR70Plus,2,1000.0,1,1500.0,12,2000.0,4,1200.0,0.0,43.9,21.0,28.0,15.43,42.3,37.3,31.3,12.58,44.0,36.0,31.0,12.19
WR70Plus,2,1000.0,1,1500.0,12,2000.0,4,1200.0,1500.0,43.2,21.4,26.7,15.52,40.2,38.3,29.7,12.83,41.9,37.1,29.3,12.33
WR70Plus,2,1000.0,2,0.0,99,0.0,1,0.0,0.0,46.0,25.8,32.5,13.44,44.1,44.9,35.2,10.24,44.6,44.8,35.1,9.86
WR70Plus,2,1000.0,2,0.0,99,0.0,1,0.0,1500.0,45.6,26.3,31.4,13.59,42.8,46.1,33.7,10.46,43.7,45.7,34.1,10.01
WR70Plus,2,1000.0,2,0.0,99,0.0,1,800.0,0.0,49.6,22.0,33.8,13.71,44.9,44.0,35.4,10.43,44.6,44.6,35.2,9.89
WR70Plus,2,1000.0,2,0.0,99,0.0,1,800.0,1500.0,48.9,22.8,32.6,13.87,43.2,45.3,33.7,10.64,43.7,45.5,34.3,10.04
WR70Plus,2,1000.0,2,0.0,99,0.0,1,1200.0,0.0,47.7,23.6,33.1,13.59,44.1,44.9,35.2,10.26,44.6,44.8,35.1,9.88
WR70Plus,2,1000.0,2,0.0,99,0.0,1,1200.0,1500.0,47.1,24.3,31.8,13.76,42.8,46.1,33.7,10.48,43.7,45.7,34.1,10.03
WR70Plus,2,1000.0,2,0.0,8,1000.0,3,0.0,0.0,47.9,35.2,33.6,12.48,44.6,51.2,36.0,9.43,46.6,46.8,36.8,9.38
WR70Plus,2,1000.0,2,0.0,8,1000.0,3,0.0,1500.0,47.2,35.9,32.8,12.66,43.7,52.3,34.9,9.66,46.3,46.9,36.3,9.58
WR70Plus,2,1000.0,2,0.0,8,1000.0,3,800.0,0.0,49.0,34.3,35.1,12.6,45.6,49.7,36.3,9.77,46.5,46.0,36.9,9.42
WR70Plus,2,1000.0,2,0.0,8,1000.0,3,800.0,1500.0,47.9,35.4,34.0,12.77,44.0,50.9,35.1,10.0,46.0,46.3,36.3,9.62
WR70Plus,2,1000.0,2,0.0,8,1000.0,3,1200.0,0.0,49.0,34.2,34.3,12.55,44.6,51.2,36.0,9.43,46.6,46.3,36.8,9.42
WR70Plus,2,1000.0,2,0.0,8,1000.0,3,1200.0,1500.0,47.9,35.3,33.2,12.73,43.7,52.3,34.9,9.66,46.3,46.5,36.3,9.62
WR70Plus,2,1000.0,2,0.0,8,1000.0,4,0.0,0.0,49.2,38.8,35.8,11.71,45.3,52.0,38.0,8.92,46.8,48.5,39.4,8.82
WR70Plus,2,1000.0,2,0.0,8,1000.0,4,0.0,1500.0,47.9,39.1,34.2,11.99,45.8,51.2,35.8,9.33,47.1,48.2,37.6,9.13
WR70Plus,2,1000.0,2,0.0,8,1000.0,4,800.0,0.0,50.4,37.6,37.1,11.93,45.9,52.1,38.1,9.06,46.5,48.7,39.4,8.86
WR70Plus,2,1000.0,2,0.0,8,1000.0,4,800.0,1500.0,49.0,38.1,35.4,12.2,46.2,51.5,35.8,9.47,46.6,48.5,37.6,9.16
WR70Plus,2,1000.0,2,0.0,8,1000.0,4,1200.0,0.0,50.0,37.8,36.3,11.77,45.5,51.8,38.0,8.97,46.8,48.5,39.4,8.85
WR70Plus,2,1000.0,2,0.0,8,1000.0,4,1200.0,1500.0,48.5,38.4,34.6,12.07,45.9,51.1,35.8,9.38,46.8,48.7,37.6,9.12
WR70Plus,2,1000.0,2,0.0,12,2000.0,3,0.0,0.0,52.2,34.1,34.3,12.72,46.7,49.8,37.0,9.71,47.4,48.0,36.2,9.49
WR70Plus,2,1000.0,2,0.0,12,2000.0,3,0.0,1500.0,51.5,34.8,33.3,12.89,45.3,51.1,35.2,9.95,46.6,48.8,35.1,9.66
WR70Plus,2,1000.0,2,0.0,12,2000.0,3,800.0,0.0,53.0,33.9,35.7,12.89,47.3,48.3,37.2,9.96,47.3,47.3,36.3,9.52
WR70Plus,2,1000.0,2,0.0,12,2000.0,3,800.0,1500.0,52.2,34.8,34.4,13.07,45.8,49.7,35.2,10.19,46.5,48.0,35.2,9.69
WR70Plus,2,1000.0,2,0.0,12,2000.0,3,1200.0,0.0,53.0,33.8,35.1,12.8,46.7,49.8,37.0,9.73,47.4,48.0,36.2,9.51
WR70Plus,2,1000.0,2,0.0,12,2000.0,3,1200.0,1500.0,52.1,34.7,33.8,12.98,45.3,51.1,35.2,9.96,46.6,48.8,35.1,9.67
WR70Plus,2,1000.0,2,0.0,12,2000.0,4,0.0,0.0,52.3,38.6,36.1,12.18,47.6,51.4,38.9,9.31,48.4,49.5,37.7,9.18
WR70Plus,2,1000.0,2,0.0,12,2000.0,4,0.0,1500.0,51.7,38.7,35.3,12.38,46.5,52.3,36.3,9.61,47.4,49.9,36.0,9.4
WR70Plus,2,1000.0,2,0.0,12,2000.0,4,800.0,0.0,53.8,37.1,37.3,12.44,47.7,51.1,39.0,9.52,48.2,49.3,37.9,9.24
WR70Plus,2,1000.0,2,0.0,12,2000.0,4,800.0,1500.0,52.6,37.8,36.1,12.65,46.5,52.1,36.3,9.81,47.4,49.9,36.2,9.45
WR70Plus,2,1000.0,2,0.0,12,2000.0,4,1200.0,0.0,53.1,37.8,36.8,12.28,47.9,50.9,38.9,9.35,48.4,49.5,37.7,9.21
WR70Plus,2,1000.0,2,0.0,12,2000.0,4,1200.0,1500.0,52.3,38.1,35.8,12.48,46.8,51.8,36.3,9.65,47.4,50.1,36.0,9.41
WR70Plus,2,1000.0,2,1000.0,99,0.0,1,0.0,0.0,45.8,22.2,31.8,14.18,43.5,38.3,34.2,11.46,44.6,40.4,34.3,10.85
WR70Plus,2,1000.0,2,1000.0,99,0.0,1,0.0,1500.0,44.3,22.8,30.6,14.4,42.3,39.0,32.8,11.71,44.1,40.8,33.3,11.05
WR70Plus,2,1000.0,2,1000.0,99,0.0,1,800.0,0.0,48.2,20.1,32.9,14.41,44.1,38.3,34.2,11.59,44.8,40.1,34.6,10.89
WR70Plus,2,1000.0,2,1000.0,99,0.0,1,800.0,1500.0,46.6,20.8,31.5,14.66,42.9,39.2,32.8,11.84,44.3,40.5,33.5,11.09
WR70Plus,2,1000.0,2,1000.0,99,0.0,1,1200.0,0.0,46.7,20.9,32.0,14.31,43.5,38.1,34.2,11.46,44.6,40.4,34.3,10.87
WR70Plus,2,1000.0,2,1000.0,99,0.0,1,1200.0,1500.0,44.7,21.7,30.5,14.54,42.3,39.0,32.8,11.7,44.1,40.8,33.3,11.06
WR70Plus,2,1000.0,2,1000.0,8,1000.0,3,0.0,0.0,48.7,28.1,33.4,13.49,44.3,43.1,35.7,10.84,46.2,43.2,35.7,10.36
WR70Plus,2,1000.0,2,1000.0,8,1000.0,3,0.0,1500.0,47.6,28.6,31.8,13.74,43.5,44.1,34.5,11.13,46.3,43.0,35.1,10.6
WR70Plus,2,1000.0,2,1000.0,8,1000.0,3,800.0,0.0,48.6,26.3,34.0,13.77,45.2,40.1,36.0,11.17,46.3,42.7,36.0,10.45
WR70Plus,2,1000.0,2,1000.0,8,1000.0,3,800.0,1500.0,47.5,26.9,32.4,14.03,44.6,40.8,34.8,11.46,46.5,42.1,35.2,10.74
WR70Plus,2,1000.0,2,1000.0,8,1000.0,3,1200.0,0.0,49.0,27.7,33.5,13.58,44.3,43.1,35.7,10.84,46.2,43.5,35.7,10.36
WR70Plus,2,1000.0,2,1000.0,8,1000.0,3,1200.0,1500.0,47.5,28.5,31.6,13.83,43.5,44.0,34.5,11.12,46.3,43.0,35.1,10.62
WR70Plus,2,1000.0,2,1000.0,8,1000.0,4,0.0,0.0,49.3,32.9,35.8,12.88,45.8,45.2,37.5,10.32,45.7,46.0,37.4,9.8
WR70Plus,2,1000.0,2,1000.0,8,1000.0,4,0.0,1500.0,47.9,33.1,33.6,13.19,44.3,45.8,35.2,10.72,46.2,46.5,36.3,10.08
WR70Plus,2,1000.0,2,1000.0,8,1000.0,4,800.0,0.0,48.7,31.8,35.9,13.18,46.5,44.7,37.7,10.53,45.7,46.3,37.4,9.83
WR70Plus,2,1000.0,2,1000.0,8,1000.0,4,800.0,1500.0,47.3,32.2,33.9,13.48,45.0,45.3,35.4,10.95,46.0,46.0,36.2,10.2
WR70Plus,2,1000.0,2,1000.0,8,1000.0,4,1200.0,0.0,49.6,32.4,35.9,12.97,45.8,44.9,37.5,10.36,45.7,46.6,37.4,9.77
WR70Plus,2,1000.0,2,1000.0,8,1000.0,4,1200.0,1500.0,47.9,32.9,33.4,13.28,44.3,45.5,35.2,10.77,46.2,46.6,36.3,10.11
WR70Plus,2,1000.0,2,1000.0,12,2000.0,3,0.0,0.0,50.8,27.2,34.1,13.58,45.6,42.0,35.2,11.11,47.4,41.8,35.8,10.57
WR70Plus,2,1000.0,2,1000.0,12,2000.0,3,0.0,1500.0,50.0,28.0,32.5,13.8,44.4,42.8,33.9,11.36,47.3,42.6,34.4,10.75
WR70Plus,2,1000.0,2,1000.0,12,2000.0,3,800.0,0.0,51.4,24.8,34.9,13.86,46.2,39.6,35.4,11.33,47.3,41.6,36.2,10.62
WR70Plus,2,1000.0,2,1000.0,12,2000.0,3,800.0,1500.0,50.4,25.7,33.1,14.1,45.0,40.4,33.9,11.57,47.1,41.3,34.6,10.85
WR70Plus,2,1000.0,2,1000.0,12,2000.0,3,1200.0,0.0,51.4,26.6,34.3,13.69,45.6,42.3,35.2,11.11,47.4,42.3,35.8,10.56
WR70Plus,2,1000.0,2,1000.0,12,2000.0,3,1200.0,1500.0,50.2,27.7,32.4,13.91,44.4,43.1,33.9,11.35,47.3,42.1,34.4,10.79
WR70Plus,2,1000.0,2,1000.0,12,2000.0,4,0.0,0.0,51.0,31.0,35.7,13.24,47.0,44.7,37.7,10.68,47.6,45.1,37.1,10.22
WR70Plus,2,1000.0,2,1000.0,12,2000.0,4,0.0,1500.0,50.3,31.5,34.4,13.43,45.5,45.6,35.4,11.0,46.3,46.3,35.5,10.43
WR70Plus,2,1000.0,2,1000.0,12,2000.0,4,800.0,0.0,51.0,28.9,36.3,13.53,47.4,44.9,37.8,10.86,47.1,44.9,37.4,10.31
WR70Plus,2,1000.0,2,1000.0,12,2000.0,4,800.0,1500.0,50.2,29.5,35.0,13.75,45.9,44.9,35.4,11.24,45.9,45.4,35.7,10.58
WR70Plus,2,1000.0,2,1000.0,12,2000.0,4,1200.0,0.0,51.7,30.2,35.9,13.34,47.0,44.1,37.7,10.7,47.6,45.1,37.1,10.25
WR70Plus,2,1000.0,2,1000.0,12,2000.0,4,1200.0,1500.0,50.6,31.0,34.3,13.54,45.5,44.1,35.4,11.08,46.3,45.5,35.5,10.51
WR70Plus,2,1000.0,2,1500.0,99,0.0,1,0.0,0.0,42.1,16.4,30.4,15.17,40.4,33.4,32.8,12.51,42.9,34.1,31.9,12.12
WR70Plus,2,1000.0,2,1500.0,99,0.0,1,0.0,1500.0,41.2,17.4,29.5,15.22,38.7,34.9,31.0,12.73,42.3,34.7,30.7,12.27
WR70Plus,2,1000.0,2,1500.0,99,0.0,1,800.0,0.0,43.4,13.0,31.1,15.55,40.8,33.1,33.4,12.6,43.2,33.6,32.2,12.23
WR70Plus,2,1000.0,2,1500.0,99,0.0,1,800.0,1500.0,42.5,14.2,30.1,15.62,39.2,34.6,31.6,12.81,42.7,34.1,31.1,12.36
WR70Plus,2,1000.0,2,1500.0,99,0.0,1,1200.0,0.0,42.5,15.9,30.6,15.28,40.4,33.6,32.8,12.5,42.9,34.1,31.9,12.14
WR70Plus,2,1000.0,2,1500.0,99,0.0,1,1200.0,1500.0,41.3,17.2,29.4,15.33,38.7,35.1,31.0,12.72,42.3,34.7,30.7,12.29
WR70Plus,2,1000.0,2,1500.0,8,1000.0,3,0.0,0.0,44.5,18.9,31.1,14.77,42.8,34.6,34.0,12.12,44.6,34.4,33.2,11.86
WR70Plus,2,1000.0,2,1500.0,8,1000.0,3,0.0,1500.0,43.1,19.7,30.1,14.86,41.6,36.3,32.2,12.35,44.1,34.7,32.1,12.05
WR70Plus,2,1000.0,2,1500.0,8,1000.0,3,800.0,0.0,45.5,16.9,31.8,15.03,43.7,33.7,34.6,12.28,45.2,34.1,33.6,11.96
WR70Plus,2,1000.0,2,1500.0,8,1000.0,3,800.0,1500.0,44.3,17.8,30.6,15.13,42.6,35.2,32.8,12.5,44.9,34.3,32.7,12.14
WR70Plus,2,1000.0,2,1500.0,8,1000.0,3,1200.0,0.0,44.8,18.5,31.3,14.87,42.8,34.9,34.0,12.11,44.6,34.4,33.2,11.88
WR70Plus,2,1000.0,2,1500.0,8,1000.0,3,1200.0,1500.0,43.1,19.6,30.0,14.96,41.6,36.7,32.2,12.32,44.1,34.7,32.1,12.07
WR70Plus,2,1000.0,2,1500.0,8,1000.0,4,0.0,0.0,44.3,22.3,32.3,14.38,45.3,39.8,35.8,11.51,43.7,37.1,34.4,11.48
WR70Plus,2,1000.0,2,1500.0,8,1000.0,4,0.0,1500.0,43.0,23.0,31.2,14.49,43.2,40.8,33.9,11.82,43.0,37.9,33.2,11.68
WR70Plus,2,1000.0,2,1500.0,8,1000.0,4,800.0,0.0,45.1,21.0,33.1,14.61,46.2,37.5,36.4,11.76,44.3,36.0,34.9,11.59
WR70Plus,2,1000.0,2,1500.0,8,1000.0,4,800.0,1500.0,43.8,21.5,31.8,14.74,44.0,38.6,34.3,12.08,43.5,36.8,33.8,11.78
WR70Plus,2,1000.0,2,1500.0,8,1000.0,4,1200.0,0.0,44.5,22.4,32.4,14.42,45.3,38.9,35.8,11.62,43.7,37.2,34.4,11.48
WR70Plus,2,1000.0,2,1500.0,8,1000.0,4,1200.0,1500.0,43.1,23.2,31.0,14.55,43.2,39.9,33.9,11.92,43.0,38.0,33.2,11.68
WR70Plus,2,1000.0,2,1500.0,12,2000.0,3,0.0,0.0,45.6,18.5,31.7,14.85,42.2,34.5,33.4,12.26,44.8,34.6,33.2,11.9
WR70Plus,2,1000.0,2,1500.0,12,2000.0,3,0.0,1500.0,44.8,19.2,30.7,14.91,41.3,36.0,31.6,12.47,44.0,35.2,31.8,12.06
WR70Plus,2,1000.0,2,1500.0,12,2000.0,3,800.0,0.0,46.7,16.8,32.5,15.16,43.1,33.9,33.9,12.4,45.4,33.5,33.5,12.04
WR70Plus,2,1000.0,2,1500.0,12,2000.0,3,800.0,1500.0,45.7,17.6,31.2,15.24,42.0,35.4,32.1,12.6,44.6,34.1,32.4,12.19
WR70Plus,2,1000.0,2,1500.0,12,2000.0,3,1200.0,0.0,46.0,18.0,31.9,14.96,42.2,34.6,33.4,12.25,44.8,34.4,33.2,11.94
WR70Plus,2,1000.0,2,1500.0,12,2000.0,3,1200.0,1500.0,44.9,19.0,30.5,15.03,41.3,36.1,31.6,12.45,44.0,35.1,31.8,12.1
WR70Plus,2,1000.0,2,1500.0,12,2000.0,4,0.0,0.0,45.2,23.3,32.5,14.53,44.9,39.6,35.4,11.84,44.8,37.1,33.5,11.66
WR70Plus,2,1000.0,2,1500.0,12,2000.0,4,0.0,1500.0,43.9,24.0,31.6,14.6,42.5,41.3,32.8,12.11,42.9,38.7,31.9,11.84
WR70Plus,2,1000.0,2,1500.0,12,2000.0,4,800.0,0.0,46.6,20.9,33.2,14.84,45.8,38.3,35.8,12.0,45.2,36.5,34.3,11.75
WR70Plus,2,1000.0,2,1500.0,12,2000.0,4,800.0,1500.0,45.4,21.3,32.2,14.93,43.2,39.9,33.3,12.27,43.5,37.9,32.9,11.92
WR70Plus,2,1000.0,2,1500.0,12,2000.0,4,1200.0,0.0,45.6,22.9,32.7,14.63,44.9,38.9,35.4,11.88,44.8,37.1,33.5,11.69
WR70Plus,2,1000.0,2,1500.0,12,2000.0,4,1200.0,1500.0,44.3,23.5,31.5,14.71,42.5,40.5,32.8,12.15,42.9,38.7,31.9,11.87
WR70Plus,2,1500.0,1,0.0,99,0.0,1,0.0,0.0,38.2,21.3,21.9,15.24,36.1,42.6,26.7,11.84,40.5,41.0,29.9,11.27
WR70Plus,2,1500.0,1,0.0,99,0.0,1,0.0,1500.0,37.3,21.4,21.4,15.44,33.9,44.0,23.6,12.24,39.4,41.8,28.0,11.55
WR70Plus,2,1500.0,1,0.0,99,0.0,1,800.0,0.0,39.0,18.4,22.4,15.5,36.4,41.9,27.0,12.0,40.7,40.8,30.2,11.3
WR70Plus,2,1500.0,1,0.0,99,0.0,1,800.0,1500.0,38.1,18.5,21.9,15.7,34.0,43.2,23.9,12.39,39.3,41.6,28.2,11.6
WR70Plus,2,1500.0,1,0.0,99,0.0,1,1200.0,0.0,39.8,19.9,22.7,15.33,36.1,42.6,26.7,11.85,40.5,41.0,29.9,11.29
WR70Plus,2,1500.0,1,0.0,99,0.0,1,1200.0,1500.0,38.5,20.0,21.8,15.56,33.9,44.0,23.6,12.25,39.4,41.8,28.0,11.57
WR70Plus,2,1500.0,1,0.0,8,1000.0,3,0.0,0.0,38.8,30.0,23.2,14.4,37.8,48.5,27.4,11.0,42.9,43.3,32.4,10.76
WR70Plus,2,1500.0,1,0.0,8,1000.0,3,0.0,1500.0,38.0,30.1,22.2,14.63,36.1,49.8,25.0,11.38,41.5,44.0,29.7,11.1
WR70Plus,2,1500.0,1,0.0,8,1000.0,3,800.0,0.0,39.1,29.6,23.5,14.51,38.7,46.5,27.7,11.33,42.9,42.6,32.7,10.8
WR70Plus,2,1500.0,1,0.0,8,1000.0,3,800.0,1500.0,38.6,30.0,22.5,14.72,36.9,47.9,25.3,11.71,41.3,43.2,30.0,11.15
WR70Plus,2,1500.0,1,0.0,8,1000.0,3,1200.0,0.0,39.7,29.6,23.9,14.41,37.8,48.5,27.4,11.0,42.9,42.9,32.4,10.8
WR70Plus,2,1500.0,1,0.0,8,1000.0,3,1200.0,1500.0,38.8,30.0,22.7,14.65,36.1,49.8,25.0,11.38,41.5,43.5,29.7,11.14
WR70Plus,2,1500.0,1,0.0,8,1000.0,4,0.0,0.0,40.2,32.9,24.9,13.74,39.5,48.8,28.6,10.51,44.3,45.7,34.6,10.14
WR70Plus,2,1500.0,1,0.0,8,1000.0,4,0.0,1500.0,38.8,32.7,24.0,14.03,38.4,48.8,25.8,11.08,44.0,45.5,30.8,10.61
WR70Plus,2,1500.0,1,0.0,8,1000.0,4,800.0,0.0,41.0,32.0,25.4,13.91,39.8,48.8,28.9,10.66,44.4,45.9,34.9,10.18
WR70Plus,2,1500.0,1,0.0,8,1000.0,4,800.0,1500.0,39.6,31.8,24.6,14.22,38.7,48.8,26.1,11.24,43.7,45.9,31.0,10.66
WR70Plus,2,1500.0,1,0.0,8,1000.0,4,1200.0,0.0,41.0,32.6,25.7,13.73,39.6,48.6,28.6,10.55,44.3,45.7,34.6,10.16
WR70Plus,2,1500.0,1,0.0,8,1000.0,4,1200.0,1500.0,39.8,32.3,24.4,14.06,38.4,48.6,25.8,11.13,43.8,46.0,30.8,10.6
WR70Plus,2,1500.0,1,0.0,12,2000.0,3,0.0,0.0,40.3,28.0,22.4,14.88,39.0,47.1,27.4,11.38,42.7,43.8,30.5,11.01
WR70Plus,2,1500.0,1,0.0,12,2000.0,3,0.0,1500.0,39.2,28.4,21.8,15.06,36.6,48.5,24.1,11.79,42.1,44.4,28.5,11.28
WR70Plus,2,1500.0,1,0.0,12,2000.0,3,800.0,0.0,40.7,27.1,22.7,15.09,39.2,46.4,27.7,11.58,42.9,43.2,30.8,11.04
WR70Plus,2,1500.0,1,0.0,12,2000.0,3,800.0,1500.0,39.8,27.6,22.0,15.27,36.6,47.6,24.4,12.0,42.1,43.8,28.6,11.32
WR70Plus,2,1500.0,1,0.0,12,2000.0,3,1200.0,0.0,41.0,28.0,23.2,14.91,39.0,47.1,27.4,11.39,42.7,43.8,30.5,11.02
WR70Plus,2,1500.0,1,0.0,12,2000.0,3,1200.0,1500.0,40.0,28.4,22.4,15.11,36.6,48.5,24.1,11.8,42.1,44.4,28.5,11.29
WR70Plus,2,1500.0,1,0.0,12,2000.0,4,0.0,0.0,42.1,32.0,23.1,14.42,40.8,48.0,28.8,11.01,44.8,45.7,31.5,10.68
WR70Plus,2,1500.0,1,0.0,12,2000.0,4,0.0,1500.0,41.1,31.8,22.4,14.63,38.4,49.4,24.7,11.51,43.8,45.9,28.8,11.02
WR70Plus,2,1500.0,1,0.0,12,2000.0,4,800.0,0.0,43.0,30.0,23.4,14.69,41.0,48.0,29.1,11.2,45.1,45.4,31.9,10.73
WR70Plus,2,1500.0,1,0.0,12,2000.0,4,800.0,1500.0,41.9,29.7,22.9,14.89,38.4,49.4,25.0,11.7,43.7,45.9,29.1,11.09
WR70Plus,2,1500.0,1,0.0,12,2000.0,4,1200.0,0.0,43.0,31.3,23.8,14.48,41.1,47.7,28.8,11.04,44.8,45.7,31.5,10.7
WR70Plus,2,1500.0,1,0.0,12,2000.0,4,1200.0,1500.0,42.1,31.1,23.1,14.69,38.6,49.1,24.7,11.55,43.8,46.0,28.8,11.04
WR70Plus,2,1500.0,1,1000.0,99,0.0,1,0.0,0.0,38.3,16.8,21.5,16.05,34.9,36.1,25.0,13.03,40.5,37.7,29.1,12.19
WR70Plus,2,1500.0,1,1000.0,99,0.0,1,0.0,1500.0,36.5,17.1,20.8,16.26,33.6,37.0,23.5,13.32,38.7,38.7,27.2,12.49
WR70Plus,2,1500.0,1,1000.0,99,0.0,1,800.0,0.0,38.4,16.1,21.9,16.2,35.1,35.7,25.2,13.14,40.5,37.6,29.3,12.23
WR70Plus,2,1500.0,1,1000.0,99,0.0,1,800.0,1500.0,36.7,16.4,21.2,16.41,33.7,36.7,23.6,13.43,38.7,38.3,27.4,12.54
WR70Plus,2,1500.0,1,1000.0,99,0.0,1,1200.0,0.0,38.8,16.7,22.0,16.03,34.9,36.0,25.0,13.02,40.5,37.7,29.1,12.2
WR70Plus,2,1500.0,1,1000.0,99,0.0,1,1200.0,1500.0,37.0,17.2,21.1,16.24,33.6,37.0,23.5,13.31,38.7,38.7,27.2,12.5
WR70Plus,2,1500.0,1,1000.0,8,1000.0,3,0.0,0.0,39.4,23.5,22.9,15.4,37.0,40.2,25.9,12.41,42.9,39.7,30.8,11.71
WR70Plus,2,1500.0,1,1000.0,8,1000.0,3,0.0,1500.0,37.8,23.9,21.7,15.64,35.8,41.3,23.9,12.76,40.7,40.7,28.5,12.04
WR70Plus,2,1500.0,1,1000.0,8,1000.0,3,800.0,0.0,40.0,21.7,23.2,15.57,37.5,37.8,26.1,12.7,43.0,39.4,31.0,11.8
WR70Plus,2,1500.0,1,1000.0,8,1000.0,3,800.0,1500.0,38.4,22.1,22.0,15.82,36.6,38.4,24.1,13.04,40.8,39.9,28.6,12.18
WR70Plus,2,1500.0,1,1000.0,8,1000.0,3,1200.0,0.0,39.9,23.2,23.5,15.37,37.0,40.2,25.9,12.41,42.9,40.1,30.8,11.71
WR70Plus,2,1500.0,1,1000.0,8,1000.0,3,1200.0,1500.0,38.1,23.8,22.1,15.61,35.8,41.1,23.9,12.75,40.7,40.7,28.5,12.07
WR70Plus,2,1500.0,1,1000.0,8,1000.0,4,0.0,0.0,40.3,27.6,24.7,14.82,39.2,42.6,27.1,11.9,43.7,43.0,32.9,11.08
WR70Plus,2,1500.0,1,1000.0,8,1000.0,4,0.0,1500.0,38.2,27.9,23.4,15.12,37.3,43.7,25.2,12.29,41.9,44.4,29.9,11.48
WR70Plus,2,1500.0,1,1000.0,8,1000.0,4,800.0,0.0,39.9,26.5,24.8,15.03,39.6,42.0,27.4,12.09,43.5,43.5,32.9,11.1
WR70Plus,2,1500.0,1,1000.0,8,1000.0,4,800.0,1500.0,37.9,26.8,23.7,15.31,37.5,43.2,25.3,12.52,41.6,44.3,29.9,11.59
WR70Plus,2,1500.0,1,1000.0,8,1000.0,4,1200.0,0.0,40.8,27.2,25.3,14.8,39.2,42.3,27.1,11.93,43.7,43.5,32.9,11.06
WR70Plus,2,1500.0,1,1000.0,8,1000.0,4,1200.0,1500.0,38.5,27.8,23.7,15.1,37.3,43.2,25.2,12.34,41.9,44.6,29.9,11.51
WR70Plus,2,1500.0,1,1000.0,12,2000.0,3,0.0,0.0,40.6,21.4,22.5,15.69,38.4,38.4,25.6,12.76,42.9,38.8,29.7,12.0
WR70Plus,2,1500.0,1,1000.0,12,2000.0,3,0.0,1500.0,38.3,22.1,21.3,15.91,36.6,39.8,23.9,13.07,41.3,39.9,27.2,12.31
WR70Plus,2,1500.0,1,1000.0,12,2000.0,3,800.0,0.0,40.9,19.8,22.7,15.87,38.6,36.9,25.9,12.91,42.9,38.5,29.9,12.06
WR70Plus,2,1500.0,1,1000.0,12,2000.0,3,800.0,1500.0,38.6,20.6,21.4,16.11,36.9,38.3,24.1,13.22,41.2,38.8,27.4,12.43
WR70Plus,2,1500.0,1,1000.0,12,2000.0,3,1200.0,0.0,41.0,21.1,23.1,15.69,38.4,38.7,25.6,12.74,42.9,39.1,29.7,11.99
WR70Plus,2,1500.0,1,1000.0,12,2000.0,3,1200.0,1500.0,38.5,22.0,21.6,15.92,36.6,40.1,23.9,13.05,41.3,39.6,27.2,12.34
WR70Plus,2,1500.0,1,1000.0,12,2000.0,4,0.0,0.0,41.6,24.9,23.0,15.36,39.9,41.0,27.1,12.39,43.0,42.1,30.0,11.7
WR70Plus,2,1500.0,1,1000.0,12,2000.0,4,0.0,1500.0,39.5,25.6,21.7,15.59,37.0,42.5,24.7,12.76,41.0,43.8,27.7,12.01
WR70Plus,2,1500.0,1,1000.0,12,2000.0,4,800.0,0.0,41.4,23.1,23.2,15.58,40.2,40.2,27.4,12.57,43.2,41.8,30.4,11.76
WR70Plus,2,1500.0,1,1000.0,12,2000.0,4,800.0,1500.0,38.9,23.8,22.0,15.81,37.0,41.0,24.8,13.01,41.0,42.7,28.0,12.13
WR70Plus,2,1500.0,1,1000.0,12,2000.0,4,1200.0,0.0,41.9,24.8,23.5,15.36,39.9,40.2,27.1,12.41,43.0,41.9,30.0,11.73
WR70Plus,2,1500.0,1,1000.0,12,2000.0,4,1200.0,1500.0,39.5,25.7,22.0,15.59,37.0,41.1,24.7,12.83,41.0,43.2,27.7,12.08
WR70Plus,2,1500.0,1,1500.0,99,0.0,1,0.0,0.0,35.1,13.3,21.1,16.71,34.3,30.6,24.7,13.91,37.6,29.9,27.1,13.41
WR70Plus,2,1500.0,1,1500.0,99,0.0,1,0.0,1500.0,33.7,13.3,20.0,16.9,32.8,31.5,23.3,14.15,36.5,30.5,25.7,13.65
WR70Plus,2,1500.0,1,1500.0,99,0.0,1,800.0,0.0,36.0,10.8,21.5,17.0,34.5,30.1,25.0,14.0,37.6,29.4,27.4,13.55
WR70Plus,2,1500.0,1,1500.0,99,0.0,1,800.0,1500.0,34.6,10.8,20.5,17.2,33.0,31.0,23.6,14.25,36.6,29.9,26.1,13.81
WR70Plus,2,1500.0,1,1500.0,99,0.0,1,1200.0,0.0,35.5,13.2,21.6,16.69,34.3,30.7,24.7,13.89,37.6,29.9,27.1,13.43
WR70Plus,2,1500.0,1,1500.0,99,0.0,1,1200.0,1500.0,33.9,13.4,20.4,16.89,32.8,31.6,23.3,14.13,36.5,30.5,25.7,13.67
WR70Plus,2,1500.0,1,1500.0,8,1000.0,3,0.0,0.0,35.6,16.1,21.7,16.37,35.4,31.5,25.2,13.62,40.1,30.2,28.0,13.2
WR70Plus,2,1500.0,1,1500.0,8,1000.0,3,0.0,1500.0,34.1,16.1,20.5,16.57,33.9,32.5,23.5,13.9,39.0,30.5,26.4,13.48
WR70Plus,2,1500.0,1,1500.0,8,1000.0,3,800.0,0.0,36.1,14.9,22.0,16.56,35.7,30.4,25.5,13.79,40.1,30.0,28.3,13.34
WR70Plus,2,1500.0,1,1500.0,8,1000.0,3,800.0,1500.0,34.9,14.9,20.8,16.76,34.3,31.3,23.8,14.06,39.1,30.2,26.9,13.63
WR70Plus,2,1500.0,1,1500.0,8,1000.0,3,1200.0,0.0,36.1,15.9,22.1,16.35,35.4,31.8,25.2,13.6,40.1,30.2,28.0,13.22
WR70Plus,2,1500.0,1,1500.0,8,1000.0,3,1200.0,1500.0,34.4,16.1,20.7,16.56,33.9,33.0,23.5,13.87,39.0,30.5,26.4,13.49
WR70Plus,2,1500.0,1,1500.0,8,1000.0,4,0.0,0.0,36.6,19.5,22.5,15.97,38.6,35.7,26.5,13.04,41.0,33.2,29.6,12.75
WR70Plus,2,1500.0,1,1500.0,8,1000.0,4,0.0,1500.0,35.3,19.4,21.6,16.19,35.7,36.9,24.1,13.46,39.7,34.0,27.9,13.05
WR70Plus,2,1500.0,1,1500.0,8,1000.0,4,800.0,0.0,37.2,18.9,23.1,16.12,39.2,33.4,27.0,13.3,41.2,32.4,29.9,12.9
WR70Plus,2,1500.0,1,1500.0,8,1000.0,4,800.0,1500.0,36.0,18.6,22.1,16.35,36.1,34.6,24.4,13.72,39.7,33.2,28.3,13.21
WR70Plus,2,1500.0,1,1500.0,8,1000.0,4,1200.0,0.0,37.2,19.7,23.1,15.9,38.6,34.8,26.5,13.15,41.0,33.3,29.6,12.75
WR70Plus,2,1500.0,1,1500.0,8,1000.0,4,1200.0,1500.0,35.8,19.6,21.9,16.12,35.7,36.0,24.1,13.55,39.7,34.1,27.9,13.05
WR70Plus,2,1500.0,1,1500.0,12,2000.0,3,0.0,0.0,37.3,14.6,21.4,16.57,35.5,30.3,25.2,13.76,39.7,30.4,28.2,13.27
WR70Plus,2,1500.0,1,1500.0,12,2000.0,3,0.0,1500.0,36.4,14.7,20.3,16.74,34.2,31.5,23.6,14.0,38.7,31.0,26.1,13.53
WR70Plus,2,1500.0,1,1500.0,12,2000.0,3,800.0,0.0,37.7,13.5,21.7,16.82,36.0,29.7,25.5,13.88,39.9,29.1,28.3,13.46
WR70Plus,2,1500.0,1,1500.0,12,2000.0,3,800.0,1500.0,36.8,13.6,20.6,17.01,34.5,30.9,23.9,14.13,39.0,29.6,26.6,13.72
WR70Plus,2,1500.0,1,1500.0,12,2000.0,3,1200.0,0.0,37.7,14.5,21.9,16.56,35.5,30.4,25.2,13.74,39.7,30.4,28.2,13.28
WR70Plus,2,1500.0,1,1500.0,12,2000.0,3,1200.0,1500.0,36.6,14.8,20.6,16.74,34.2,31.6,23.6,13.99,38.7,31.0,26.1,13.54
WR70Plus,2,1500.0,1,1500.0,12,2000.0,4,0.0,0.0,37.8,17.8,21.5,16.33,38.3,35.5,26.2,13.33,39.3,33.3,27.7,13.05
WR70Plus,2,1500.0,1,1500.0,12,2000.0,4,0.0,1500.0,36.5,17.7,20.4,16.5,35.8,36.6,24.1,13.64,37.4,34.3,26.0,13.32
WR70Plus,2,1500.0,1,1500.0,12,2000.0,4,800.0,0.0,38.5,16.6,21.9,16.54,38.9,34.2,26.5,13.49,39.7,33.0,28.2,13.17
WR70Plus,2,1500.0,1,1500.0,12,2000.0,4,800.0,1500.0,37.4,16.4,20.8,16.73,36.3,35.1,24.4,13.81,38.0,33.5,26.6,13.46
WR70Plus,2,1500.0,1,1500.0,12,2000.0,4,1200.0,0.0,38.2,17.8,22.0,16.3,38.3,35.2,26.2,13.36,39.3,33.3,27.7,13.08
WR70Plus,2,1500.0,1,1500.0,12,2000.0,4,1200.0,1500.0,36.8,17.8,20.7,16.49,35.8,36.3,24.1,13.66,37.4,34.3,26.0,13.34
WR70Plus,2,1500.0,2,0.0,99,0.0,1,0.0,0.0,46.0,25.8,32.5,13.44,44.1,44.9,35.2,10.24,44.6,44.8,35.1,9.86
WR70Plus,2,1500.0,2,0.0,99,0.0,1,0.0,1500.0,45.6,26.3,31.4,13.59,42.8,46.1,33.7,10.46,43.7,45.7,34.1,10.01
WR70Plus,2,1500.0,2,0.0,99,0.0,1,800.0,0.0,49.6,22.0,33.8,13.71,44.9,44.0,35.4,10.43,44.6,44.6,35.2,9.89
WR70Plus,2,1500.0,2,0.0,99,0.0,1,800.0,1500.0,48.9,22.8,32.6,13.87,43.2,45.3,33.7,10.64,43.7,45.5,34.3,10.04
WR70Plus,2,1500.0,2,0.0,99,0.0,1,1200.0,0.0,47.7,23.6,33.1,13.59,44.1,44.9,35.2,10.26,44.6,44.8,35.1,9.88
WR70Plus,2,1500.0,2,0.0,99,0.0,1,1200.0,1500.0,47.1,24.3,31.8,13.76,42.8,46.1,33.7,10.48,43.7,45.7,34.1,10.03
WR70Plus,2,1500.0,2,0.0,8,1000.0,3,0.0,0.0,47.9,35.2,33.6,12.48,44.6,51.2,36.0,9.43,46.6,46.8,36.8,9.38
WR70Plus,2,1500.0,2,0.0,8,1000.0,3,0.0,1500.0,47.2,35.9,32.8,12.66,43.7,52.3,34.9,9.66,46.3,46.9,36.3,9.58
WR70Plus,2,1500.0,2,0.0,8,1000.0,3,800.0,0.0,49.0,34.3,35.1,12.6,45.6,49.7,36.3,9.77,46.5,46.0,36.9,9.42
WR70Plus,2,1500.0,2,0.0,8,1000.0,3,800.0,1500.0,47.9,35.4,34.0,12.77,44.0,50.9,35.1,10.0,46.0,46.3,36.3,9.62
WR70Plus,2,1500.0,2,0.0,8,1000.0,3,1200.0,0.0,49.0,34.2,34.3,12.55,44.6,51.2,36.0,9.43,46.6,46.3,36.8,9.42
WR70Plus,2,1500.0,2,0.0,8,1000.0,3,1200.0,1500.0,47.9,35.3,33.2,12.73,43.7,52.3,34.9,9.66,46.3,46.5,36.3,9.62
WR70Plus,2,1500.0,2,0.0,8,1000.0,4,0.0,0.0,49.2,38.8,35.8,11.71,45.3,52.0,38.0,8.92,46.8,48.5,39.4,8.82
WR70Plus,2,1500.0,2,0.0,8,1000.0,4,0.0,1500.0,47.9,39.1,34.2,11.99,45.8,51.2,35.8,9.33,47.1,48.2,37.6,9.13
WR70Plus,2,1500.0,2,0.0,8,1000.0,4,800.0,0.0,50.4,37.6,37.1,11.93,45.9,52.1,38.1,9.06,46.5,48.7,39.4,8.86
WR70Plus,2,1500.0,2,0.0,8,1000.0,4,800.0,1500.0,49.0,38.1,35.4,12.2,46.2,51.5,35.8,9.47,46.6,48.5,37.6,9.16
WR70Plus,2,1500.0,2,0.0,8,1000.0,4,1200.0,0.0,50.0,37.8,36.3,11.77,45.5,51.8,38.0,8.97,46.8,48.5,39.4,8.85
WR70Plus,2,1500.0,2,0.0,8,1000.0,4,1200.0,1500.0,48.5,38.4,34.6,12.07,45.9,51.1,35.8,9.38,46.8,48.7,37.6,9.12
WR70Plus,2,1500.0,2,0.0,12,2000.0,3,0.0,0.0,49.5,34.1,33.5,12.87,46.8,49.2,36.6,9.78,47.4,46.9,35.4,9.61
WR70Plus,2,1500.0,2,0.0,12,2000.0,3,0.0,1500.0,49.3,34.4,32.4,13.04,45.5,50.5,34.8,10.02,46.6,47.7,34.3,9.78
WR70Plus,2,1500.0,2,0.0,12,2000.0,3,800.0,0.0,50.9,33.5,34.8,13.06,47.1,47.9,36.6,10.02,47.1,46.3,35.5,9.64
WR70Plus,2,1500.0,2,0.0,12,2000.0,3,800.0,1500.0,50.4,34.2,33.4,13.24,45.6,49.2,34.6,10.25,46.3,47.1,34.4,9.8
WR70Plus,2,1500.0,2,0.0,12,2000.0,3,1200.0,0.0,50.5,33.4,34.2,12.96,46.8,49.2,36.6,9.81,47.4,46.9,35.4,9.62
WR70Plus,2,1500.0,2,0.0,12,2000.0,3,1200.0,1500.0,50.0,34.1,32.9,13.14,45.5,50.5,34.8,10.04,46.6,47.7,34.3,9.79
WR70Plus,2,1500.0,2,0.0,12,2000.0,4,0.0,0.0,50.6,38.0,34.1,12.43,47.7,49.8,37.8,9.46,47.6,48.7,36.6,9.33
WR70Plus,2,1500.0,2,0.0,12,2000.0,4,0.0,1500.0,50.4,37.8,33.1,12.62,46.4,50.8,35.2,9.76,46.6,49.0,34.9,9.55
WR70Plus,2,1500.0,2,0.0,12,2000.0,4,800.0,0.0,52.3,36.0,35.5,12.69,48.0,49.5,37.8,9.67,47.7,48.4,37.1,9.36
WR70Plus,2,1500.0,2,0.0,12,2000.0,4,800.0,1500.0,51.6,36.2,34.2,12.89,46.5,50.6,35.1,9.96,46.8,48.8,35.4,9.58
WR70Plus,2,1500.0,2,0.0,12,2000.0,4,1200.0,0.0,51.6,37.0,34.8,12.54,48.0,49.5,37.8,9.49,47.6,48.7,36.6,9.35
WR70Plus,2,1500.0,2,0.0,12,2000.0,4,1200.0,1500.0,51.0,37.2,33.5,12.74,46.7,50.5,35.2,9.79,46.6,49.1,34.9,9.56
WR70Plus,2,1500.0,2,1000.0,99,0.0,1,0.0,0.0,45.7,22.4,31.7,14.16,43.7,38.1,34.3,11.46,44.4,40.8,34.1,10.84
WR70Plus,2,1500.0,2,1000.0,99,0.0,1,0.0,1500.0,44.3,22.9,30.6,14.39,42.5,38.9,33.0,11.7,44.0,41.3,33.2,11.04
WR70Plus,2,1500.0,2,1000.0,99,0.0,1,800.0,0.0,48.1,20.4,32.8,14.4,44.3,38.1,34.3,11.59,44.6,40.5,34.4,10.88
WR70Plus,2,1500.0,2,1000.0,99,0.0,1,800.0,1500.0,46.5,21.0,31.4,14.64,43.1,39.0,33.0,11.83,44.1,41.0,33.3,11.08
WR70Plus,2,1500.0,2,1000.0,99,0.0,1,1200.0,0.0,46.6,21.1,31.9,14.29,43.7,38.0,34.3,11.46,44.4,40.8,34.1,10.86
WR70Plus,2,1500.0,2,1000.0,99,0.0,1,1200.0,1500.0,44.7,21.8,30.5,14.53,42.5,38.9,33.0,11.7,44.0,41.3,33.2,11.05
WR70Plus,2,1500.0,2,1000.0,8,1000.0,3,0.0,0.0,48.7,28.3,33.3,13.48,44.4,42.9,35.8,10.84,46.0,43.5,35.5,10.35
WR70Plus,2,1500.0,2,1000.0,8,1000.0,3,0.0,1500.0,47.6,28.7,31.8,13.73,43.7,44.0,34.6,11.12,46.2,43.3,34.9,10.58
WR70Plus,2,1500.0,2,1000.0,8,1000.0,3,800.0,0.0,48.6,26.5,33.9,13.76,45.3,39.9,36.1,11.17,46.2,43.0,35.8,10.44
WR70Plus,2,1500.0,2,1000.0,8,1000.0,3,800.0,1500.0,47.4,27.1,32.3,14.01,44.7,40.7,34.9,11.45,46.3,42.4,35.1,10.72
WR70Plus,2,1500.0,2,1000.0,8,1000.0,3,1200.0,0.0,49.0,27.9,33.4,13.57,44.4,42.9,35.8,10.84,46.0,43.8,35.5,10.35
WR70Plus,2,1500.0,2,1000.0,8,1000.0,3,1200.0,1500.0,47.5,28.6,31.6,13.82,43.7,43.8,34.6,11.11,46.2,43.3,34.9,10.6
WR70Plus,2,1500.0,2,1000.0,8,1000.0,4,0.0,0.0,49.3,33.3,35.7,12.86,45.9,45.0,37.7,10.32,45.5,46.2,37.2,9.79
WR70Plus,2,1500.0,2,1000.0,8,1000.0,4,0.0,1500.0,48.0,33.4,33.6,13.17,44.4,45.6,35.4,10.72,46.0,46.6,36.2,10.05
WR70Plus,2,1500.0,2,1000.0,8,1000.0,4,800.0,0.0,48.6,32.3,35.8,13.15,46.7,44.6,37.8,10.53,45.5,46.5,37.2,9.82
WR70Plus,2,1500.0,2,1000.0,8,1000.0,4,800.0,1500.0,47.2,32.6,33.8,13.45,45.2,45.2,35.5,10.94,45.9,46.2,36.0,10.18
WR70Plus,2,1500.0,2,1000.0,8,1000.0,4,1200.0,0.0,49.6,32.8,35.8,12.95,45.9,44.7,37.7,10.36,45.5,46.8,37.2,9.76
WR70Plus,2,1500.0,2,1000.0,8,1000.0,4,1200.0,1500.0,48.0,33.2,33.4,13.26,44.4,45.3,35.4,10.76,46.0,46.8,36.2,10.08
WR70Plus,2,1500.0,2,1000.0,12,2000.0,3,0.0,0.0,49.7,26.9,33.1,13.71,46.1,40.8,34.9,11.2,46.5,42.1,34.7,10.63
WR70Plus,2,1500.0,2,1000.0,12,2000.0,3,0.0,1500.0,48.6,27.6,31.5,13.93,44.9,41.6,33.6,11.44,46.2,42.9,33.3,10.82
WR70Plus,2,1500.0,2,1000.0,12,2000.0,3,800.0,0.0,50.3,24.3,33.8,14.0,46.5,38.7,34.9,11.39,46.6,41.3,35.1,10.69
WR70Plus,2,1500.0,2,1000.0,12,2000.0,3,800.0,1500.0,49.1,25.2,32.0,14.24,45.3,39.5,33.4,11.63,46.3,41.2,33.5,10.93
WR70Plus,2,1500.0,2,1000.0,12,2000.0,3,1200.0,0.0,50.3,26.1,33.3,13.83,46.1,41.1,34.9,11.19,46.5,42.6,34.7,10.62
WR70Plus,2,1500.0,2,1000.0,12,2000.0,3,1200.0,1500.0,49.0,27.0,31.4,14.06,44.9,41.9,33.6,11.43,46.2,42.4,33.3,10.86
WR70Plus,2,1500.0,2,1000.0,12,2000.0,4,0.0,0.0,50.7,30.3,33.7,13.4,47.6,43.1,36.4,10.83,46.6,44.9,35.4,10.35
WR70Plus,2,1500.0,2,1000.0,12,2000.0,4,0.0,1500.0,49.9,31.0,32.4,13.6,45.6,44.1,34.0,11.16,45.5,46.2,33.8,10.57
WR70Plus,2,1500.0,2,1000.0,12,2000.0,4,800.0,0.0,50.9,28.0,34.6,13.69,48.2,42.6,36.4,11.02,46.8,44.1,36.0,10.41
WR70Plus,2,1500.0,2,1000.0,12,2000.0,4,800.0,1500.0,49.7,28.9,33.0,13.9,46.2,42.8,33.9,11.4,45.7,44.6,34.3,10.68
WR70Plus,2,1500.0,2,1000.0,12,2000.0,4,1200.0,0.0,51.3,29.6,33.9,13.51,47.6,42.5,36.4,10.86,46.6,44.9,35.4,10.38
WR70Plus,2,1500.0,2,1000.0,12,2000.0,4,1200.0,1500.0,50.1,30.7,32.3,13.71,45.6,42.6,34.0,11.24,45.5,45.4,33.8,10.64
WR70Plus,2,1500.0,2,1500.0,99,0.0,1,0.0,0.0,42.5,17.2,30.4,15.06,41.0,33.6,33.1,12.45,42.9,34.6,32.1,12.02
WR70Plus,2,1500.0,2,1500.0,99,0.0,1,0.0,1500.0,41.4,18.5,29.4,15.11,39.5,34.9,31.3,12.66,42.6,34.9,31.0,12.16
WR70Plus,2,1500.0,2,1500.0,99,0.0,1,800.0,0.0,43.8,14.0,31.1,15.45,41.4,33.3,33.7,12.54,43.2,34.1,32.4,12.13
WR70Plus,2,1500.0,2,1500.0,99,0.0,1,800.0,1500.0,42.6,15.3,30.0,15.51,39.9,34.6,31.9,12.75,43.0,34.3,31.5,12.26
WR70Plus,2,1500.0,2,1500.0,99,0.0,1,1200.0,0.0,42.9,16.7,30.7,15.17,41.0,33.7,33.1,12.44,42.9,34.6,32.1,12.03
WR70Plus,2,1500.0,2,1500.0,99,0.0,1,1200.0,1500.0,41.5,18.3,29.4,15.23,39.5,35.1,31.3,12.65,42.6,34.9,31.0,12.17
WR70Plus,2,1500.0,2,1500.0,8,1000.0,3,0.0,0.0,44.7,19.6,31.1,14.68,42.9,34.8,34.3,12.06,44.6,34.9,33.3,11.75
WR70Plus,2,1500.0,2,1500.0,8,1000.0,3,0.0,1500.0,43.1,20.7,30.0,14.77,41.9,36.3,32.5,12.28,44.4,34.9,32.4,11.94
WR70Plus,2,1500.0,2,1500.0,8,1000.0,3,800.0,0.0,45.7,17.7,31.8,14.93,43.8,33.7,34.9,12.22,45.2,34.6,33.6,11.86
WR70Plus,2,1500.0,2,1500.0,8,1000.0,3,800.0,1500.0,44.2,18.9,30.5,15.03,42.9,35.1,33.1,12.43,45.2,34.4,32.9,12.04
WR70Plus,2,1500.0,2,1500.0,8,1000.0,3,1200.0,0.0,45.0,19.2,31.4,14.77,42.9,35.1,34.3,12.05,44.6,34.9,33.3,11.78
WR70Plus,2,1500.0,2,1500.0,8,1000.0,3,1200.0,1500.0,43.1,20.6,30.0,14.86,41.9,36.7,32.5,12.26,44.4,34.9,32.4,11.95
WR70Plus,2,1500.0,2,1500.0,8,1000.0,4,0.0,0.0,44.7,23.1,32.4,14.27,45.8,39.9,36.1,11.45,43.5,37.7,34.4,11.38
WR70Plus,2,1500.0,2,1500.0,8,1000.0,4,0.0,1500.0,43.3,23.9,31.1,14.38,43.8,40.8,34.2,11.76,42.9,38.3,33.2,11.58
WR70Plus,2,1500.0,2,1500.0,8,1000.0,4,800.0,0.0,45.5,21.8,33.2,14.5,46.7,37.5,36.7,11.71,44.1,36.6,34.9,11.51
WR70Plus,2,1500.0,2,1500.0,8,1000.0,4,800.0,1500.0,44.1,22.5,31.7,14.63,44.6,38.4,34.6,12.01,43.3,37.2,33.8,11.69
WR70Plus,2,1500.0,2,1500.0,8,1000.0,4,1200.0,0.0,44.9,23.2,32.6,14.31,45.8,39.0,36.1,11.56,43.5,37.9,34.4,11.39
WR70Plus,2,1500.0,2,1500.0,8,1000.0,4,1200.0,1500.0,43.4,24.1,31.0,14.44,43.8,39.9,34.2,11.86,42.9,38.5,33.2,11.58
WR70Plus,2,1500.0,2,1500.0,12,2000.0,3,0.0,0.0,45.3,18.2,31.1,14.85,42.9,34.3,33.3,12.27,44.9,34.6,32.9,11.89
WR70Plus,2,1500.0,2,1500.0,12,2000.0,3,0.0,1500.0,44.2,19.2,30.0,14.92,42.0,35.7,31.5,12.47,44.4,34.9,31.6,12.05
WR70Plus,2,1500.0,2,1500.0,12,2000.0,3,800.0,0.0,46.6,16.3,31.7,15.18,44.0,33.6,34.0,12.39,45.4,33.2,33.0,12.05
WR70Plus,2,1500.0,2,1500.0,12,2000.0,3,800.0,1500.0,45.2,17.4,30.4,15.26,42.9,34.9,32.2,12.58,44.9,33.5,32.1,12.21
WR70Plus,2,1500.0,2,1500.0,12,2000.0,3,1200.0,0.0,45.7,17.5,31.4,14.96,42.9,34.5,33.3,12.26,44.9,34.6,32.9,11.91
WR70Plus,2,1500.0,2,1500.0,12,2000.0,3,1200.0,1500.0,44.3,18.9,29.9,15.04,42.0,35.8,31.5,12.46,44.4,34.9,31.6,12.07
WR70Plus,2,1500.0,2,1500.0,12,2000.0,4,0.0,0.0,46.1,21.4,31.3,14.62,44.3,39.8,34.5,11.86,44.3,36.9,32.6,11.67
WR70Plus,2,1500.0,2,1500.0,12,2000.0,4,0.0,1500.0,44.8,22.3,30.4,14.69,41.6,41.3,31.9,12.14,43.0,37.9,31.1,11.85
WR70Plus,2,1500.0,2,1500.0,12,2000.0,4,800.0,0.0,47.0,19.5,32.0,14.92,45.6,38.0,35.2,12.02,45.2,36.0,33.2,11.77
WR70Plus,2,1500.0,2,1500.0,12,2000.0,4,800.0,1500.0,45.5,20.5,30.9,15.01,42.6,39.5,32.7,12.3,44.1,36.8,31.9,11.94
WR70Plus,2,1500.0,2,1500.0,12,2000.0,4,1200.0,0.0,46.6,21.0,31.6,14.71,44.3,39.0,34.5,11.9,44.3,36.9,32.6,11.7
WR70Plus,2,1500.0,2,1500.0,12,2000.0,4,1200.0,1500.0,45.0,22.1,30.4,14.79,41.6,40.5,31.9,12.18,43.0,37.9,31.1,11.87
WR70Plus,3,0.0,1,0.0,99,0.0,1,0.0,0.0,46.3,47.5,40.5,8.29,38.9,61.0,37.0,5.68,37.2,62.3,35.1,5.93
WR70Plus,3,0.0,1,0.0,99,0.0,1,0.0,1500.0,44.6,49.2,38.7,8.52,34.9,64.9,33.1,5.92,34.7,64.8,32.6,6.18
WR70Plus,3,0.0,1,0.0,99,0.0,1,800.0,0.0,44.3,49.8,38.6,8.27,38.3,61.7,36.7,5.95,36.8,61.3,34.1,6.04
WR70Plus,3,0.0,1,0.0,99,0.0,1,800.0,1500.0,42.1,51.7,36.7,8.49,34.3,65.7,32.8,6.22,34.3,63.7,31.8,6.3
WR70Plus,3,0.0,1,0.0,99,0.0,1,1200.0,0.0,45.2,49.0,40.0,8.17,39.0,61.0,37.3,5.66,37.2,60.9,35.1,6.04
WR70Plus,3,0.0,1,0.0,99,0.0,1,1200.0,1500.0,43.4,50.6,38.2,8.4,35.1,64.9,33.4,5.9,34.7,63.4,32.6,6.28
WR70Plus,3,0.0,1,0.0,8,1000.0,3,0.0,0.0,46.3,47.5,40.5,8.29,38.9,61.0,37.0,5.68,37.2,62.3,35.1,5.93
WR70Plus,3,0.0,1,0.0,8,1000.0,3,0.0,1500.0,44.6,49.2,38.7,8.52,34.9,64.9,33.1,5.92,34.7,64.8,32.6,6.18
WR70Plus,3,0.0,1,0.0,8,1000.0,3,800.0,0.0,44.3,49.8,38.6,8.27,38.3,61.7,36.7,5.95,36.8,61.3,34.1,6.04
WR70Plus,3,0.0,1,0.0,8,1000.0,3,800.0,1500.0,42.1,51.7,36.7,8.49,34.3,65.7,32.8,6.22,34.3,63.7,31.8,6.3
WR70Plus,3,0.0,1,0.0,8,1000.0,3,1200.0,0.0,45.2,49.0,40.0,8.17,39.0,61.0,37.3,5.66,37.2,60.9,35.1,6.04
WR70Plus,3,0.0,1,0.0,8,1000.0,3,1200.0,1500.0,43.4,50.6,38.2,8.4,35.1,64.9,33.4,5.9,34.7,63.4,32.6,6.28
WR70Plus,3,0.0,1,0.0,8,1000.0,4,0.0,0.0,46.9,48.2,41.6,8.06,38.6,61.3,37.2,5.51,38.2,61.5,36.6,5.67
WR70Plus,3,0.0,1,0.0,8,1000.0,4,0.0,1500.0,44.7,50.4,39.0,8.31,35.7,64.2,33.6,5.84,37.1,62.6,34.1,6.03
WR70Plus,3,0.0,1,0.0,8,1000.0,4,800.0,0.0,44.5,50.5,39.7,8.05,38.3,61.7,37.0,5.73,38.3,61.2,35.7,5.85
WR70Plus,3,0.0,1,0.0,8,1000.0,4,800.0,1500.0,42.4,52.5,37.3,8.27,35.4,64.6,33.0,6.09,36.2,63.1,33.3,6.15
WR70Plus,3,0.0,1,0.0,8,1000.0,4,1200.0,0.0,45.8,49.5,41.2,7.96,38.9,61.1,37.5,5.52,38.5,60.7,36.6,5.76
WR70Plus,3,0.0,1,0.0,8,1000.0,4,1200.0,1500.0,43.7,51.6,38.7,8.21,36.0,64.0,33.9,5.85,36.8,62.3,34.1,6.09
WR70Plus,3,0.0,1,0.0,12,2000.0,3,0.0,0.0,46.3,47.5,40.5,8.29,38.9,61.0,37.0,5.68,37.2,62.3,35.1,5.93
WR70Plus,3,0.0,1,0.0,12,2000.0,3,0.0,1500.0,44.6,49.2,38.7,8.52,34.9,64.9,33.1,5.92,34.7,64.8,32.6,6.18
WR70Plus,3,0.0,1,0.0,12,2000.0,3,800.0,0.0,44.3,49.8,38.6,8.27,38.3,61.7,36.7,5.95,36.8,61.3,34.1,6.04
WR70Plus,3,0.0,1,0.0,12,2000.0,3,800.0,1500.0,42.1,51.7,36.7,8.49,34.3,65.7,32.8,6.22,34.3,63.7,31.8,6.3
WR70Plus,3,0.0,1,0.0,12,2000.0,3,1200.0,0.0,45.2,49.0,40.0,8.17,39.0,61.0,37.3,5.66,37.2,60.9,35.1,6.04
WR70Plus,3,0.0,1,0.0,12,2000.0,3,1200.0,1500.0,43.4,50.6,38.2,8.4,35.1,64.9,33.4,5.9,34.7,63.4,32.6,6.28
WR70Plus,3,0.0,1,0.0,12,2000.0,4,0.0,0.0,47.3,47.9,41.0,8.16,38.6,61.3,37.2,5.61,37.7,62.1,35.5,5.83
WR70Plus,3,0.0,1,0.0,12,2000.0,4,0.0,1500.0,45.5,49.6,39.4,8.39,34.8,65.1,33.3,5.87,35.4,64.3,32.9,6.1
WR70Plus,3,0.0,1,0.0,12,2000.0,4,800.0,0.0,44.9,50.4,39.7,8.11,38.3,61.7,37.0,5.89,37.6,62.1,34.6,5.93
WR70Plus,3,0.0,1,0.0,12,2000.0,4,800.0,1500.0,43.2,52.0,37.7,8.32,34.5,65.5,33.1,6.18,35.2,64.5,32.1,6.18
WR70Plus,3,0.0,1,0.0,12,2000.0,4,1200.0,0.0,45.8,49.5,40.6,8.04,39.0,61.0,37.8,5.61,37.7,62.1,35.5,5.9
WR70Plus,3,0.0,1,0.0,12,2000.0,4,1200.0,1500.0,44.2,51.0,38.9,8.27,35.2,64.8,33.9,5.87,35.4,64.3,32.9,6.17
WR70Plus,3,0.0,1,1000.0,99,0.0,1,0.0,0.0,45.7,37.1,37.9,10.39,39.5,57.5,36.6,6.77,43.0,52.6,37.4,7.2
WR70Plus,3,0.0,1,1000.0,99,0.0,1,0.0,1500.0,43.2,39.2,35.8,10.57,36.3,60.7,33.4,7.04,40.4,55.2,34.6,7.44
WR70Plus,3,0.0,1,1000.0,99,0.0,1,800.0,0.0,43.3,38.3,35.5,10.54,40.5,54.1,36.3,7.39,41.8,55.1,36.5,7.37
WR70Plus,3,0.0,1,1000.0,99,0.0,1,800.0,1500.0,41.0,40.4,33.6,10.74,37.3,57.2,33.1,7.68,40.1,56.8,34.4,7.64
WR70Plus,3,0.0,1,1000.0,99,0.0,1,1200.0,0.0,45.7,37.6,37.6,10.38,40.8,56.2,36.9,6.81,43.0,54.0,37.4,7.15
WR70Plus,3,0.0,1,1000.0,99,0.0,1,1200.0,1500.0,43.4,39.6,35.7,10.55,37.7,59.3,33.7,7.09,40.4,56.7,34.6,7.39
WR70Plus,3,0.0,1,1000.0,8,1000.0,3,0.0,0.0,45.7,37.1,37.9,10.39,39.5,57.5,36.6,6.77,43.0,52.6,37.4,7.2
WR70Plus,3,0.0,1,1000.0,8,1000.0,3,0.0,1500.0,43.2,39.2,35.8,10.57,36.3,60.7,33.4,7.04,40.4,55.2,34.6,7.44
WR70Plus,3,0.0,1,1000.0,8,1000.0,3,800.0,0.0,43.3,38.3,35.5,10.54,40.5,54.1,36.3,7.39,41.8,55.1,36.5,7.37
WR70Plus,3,0.0,1,1000.0,8,1000.0,3,800.0,1500.0,41.0,40.4,33.6,10.74,37.3,57.2,33.1,7.68,40.1,56.8,34.4,7.64
WR70Plus,3,0.0,1,1000.0,8,1000.0,3,1200.0,0.0,45.7,37.6,37.6,10.38,40.8,56.2,36.9,6.81,43.0,54.0,37.4,7.15
WR70Plus,3,0.0,1,1000.0,8,1000.0,3,1200.0,1500.0,43.4,39.6,35.7,10.55,37.7,59.3,33.7,7.09,40.4,56.7,34.6,7.39
WR70Plus,3,0.0,1,1000.0,8,1000.0,4,0.0,0.0,45.1,41.4,38.1,9.98,39.5,58.4,37.5,6.54,42.7,53.5,38.5,6.98
WR70Plus,3,0.0,1,1000.0,8,1000.0,4,0.0,1500.0,42.7,43.6,35.5,10.18,36.3,61.4,34.2,6.88,39.3,56.8,35.2,7.24
WR70Plus,3,0.0,1,1000.0,8,1000.0,4,800.0,0.0,42.4,42.8,35.2,10.22,41.1,56.3,37.3,7.09,41.8,54.6,37.6,7.25
WR70Plus,3,0.0,1,1000.0,8,1000.0,4,800.0,1500.0,40.6,44.5,33.4,10.4,37.7,59.5,33.9,7.46,39.3,57.0,35.1,7.53
WR70Plus,3,0.0,1,1000.0,8,1000.0,4,1200.0,0.0,45.0,41.5,37.9,10.01,40.7,57.1,37.8,6.6,42.9,54.6,38.5,6.95
WR70Plus,3,0.0,1,1000.0,8,1000.0,4,1200.0,1500.0,42.8,43.5,35.5,10.22,37.5,60.1,34.5,6.94,39.4,57.9,35.2,7.2
WR70Plus,3,0.0,1,1000.0,12,2000.0,3,0.0,0.0,45.7,37.1,37.9,10.39,39.5,57.5,36.6,6.77,43.0,52.6,37.4,7.2
WR70Plus,3,0.0,1,1000.0,12,2000.0,3,0.0,1500.0,43.2,39.2,35.8,10.57,36.3,60.7,33.4,7.04,40.4,55.2,34.6,7.44
WR70Plus,3,0.0,1,1000.0,12,2000.0,3,800.0,0.0,43.3,38.3,35.5,10.54,40.5,54.1,36.3,7.39,41.8,55.1,36.5,7.37
WR70Plus,3,0.0,1,1000.0,12,2000.0,3,800.0,1500.0,41.0,40.4,33.6,10.74,37.3,57.2,33.1,7.68,40.1,56.8,34.4,7.64
WR70Plus,3,0.0,1,1000.0,12,2000.0,3,1200.0,0.0,45.7,37.6,37.6,10.38,40.8,56.2,36.9,6.81,43.0,54.0,37.4,7.15
WR70Plus,3,0.0,1,1000.0,12,2000.0,3,1200.0,1500.0,43.4,39.6,35.7,10.55,37.7,59.3,33.7,7.09,40.4,56.7,34.6,7.39
WR70Plus,3,0.0,1,1000.0,12,2000.0,4,0.0,0.0,44.3,41.8,38.1,10.12,40.1,57.8,37.0,6.67,42.9,54.3,38.2,7.06
WR70Plus,3,0.0,1,1000.0,12,2000.0,4,0.0,1500.0,42.1,43.9,35.9,10.3,36.6,61.3,33.9,6.95,39.3,57.6,35.2,7.32
WR70Plus,3,0.0,1,1000.0,12,2000.0,4,800.0,0.0,41.9,43.1,35.7,10.28,41.9,55.7,36.6,7.24,41.5,56.2,37.1,7.27
WR70Plus,3,0.0,1,1000.0,12,2000.0,4,800.0,1500.0,40.1,45.1,33.7,10.46,38.3,59.3,33.4,7.53,38.3,58.7,35.1,7.56
WR70Plus,3,0.0,1,1000.0,12,2000.0,4,1200.0,0.0,44.2,41.9,37.7,10.14,41.4,56.5,37.3,6.7,43.0,55.4,38.0,7.02
WR70Plus,3,0.0,1,1000.0,12,2000.0,4,1200.0,1500.0,42.2,43.8,35.7,10.32,38.0,59.9,34.2,6.98,39.4,58.7,35.2,7.28
WR70Plus,3,0.0,1,1500.0,99,0.0,1,0.0,0.0,41.6,27.3,33.8,12.19,39.3,43.8,35.1,9.02,41.9,44.3,35.1,9.12
WR70Plus,3,0.0,1,1500.0,99,0.0,1,0.0,1500.0,38.9,29.7,31.5,12.39,39.0,44.1,33.9,9.32,41.3,44.8,34.3,9.43
WR70Plus,3,0.0,1,1500.0,99,0.0,1,800.0,0.0,37.8,29.0,30.4,12.58,37.0,43.7,32.5,9.76,38.3,46.6,32.4,9.32
WR70Plus,3,0.0,1,1500.0,99,0.0,1,800.0,1500.0,36.2,30.6,28.8,12.74,37.5,43.2,32.1,10.09,39.0,45.9,32.7,9.68
WR70Plus,3,0.0,1,1500.0,99,0.0,1,1200.0,0.0,41.4,27.7,33.4,12.25,39.3,44.6,35.2,9.04,41.3,44.1,34.7,9.21
WR70Plus,3,0.0,1,1500.0,99,0.0,1,1200.0,1500.0,38.8,30.1,31.1,12.46,39.0,44.9,34.0,9.34,40.7,44.6,34.0,9.53
WR70Plus,3,0.0,1,1500.0,8,1000.0,3,0.0,0.0,41.6,27.3,33.8,12.19,39.3,43.8,35.1,9.02,41.9,44.3,35.1,9.12
WR70Plus,3,0.0,1,1500.0,8,1000.0,3,0.0,1500.0,38.9,29.7,31.5,12.39,39.0,44.1,33.9,9.32,41.3,44.8,34.3,9.43
WR70Plus,3,0.0,1,1500.0,8,1000.0,3,800.0,0.0,37.8,29.0,30.4,12.58,37.0,43.7,32.5,9.76,38.3,46.6,32.4,9.32
WR70Plus,3,0.0,1,1500.0,8,1000.0,3,800.0,1500.0,36.2,30.6,28.8,12.74,37.5,43.2,32.1,10.09,39.0,45.9,32.7,9.68
WR70Plus,3,0.0,1,1500.0,8,1000.0,3,1200.0,0.0,41.4,27.7,33.4,12.25,39.3,44.6,35.2,9.04,41.3,44.1,34.7,9.21
WR70Plus,3,0.0,1,1500.0,8,1000.0,3,1200.0,1500.0,38.8,30.1,31.1,12.46,39.0,44.9,34.0,9.34,40.7,44.6,34.0,9.53
WR70Plus,3,0.0,1,1500.0,8,1000.0,4,0.0,0.0,41.2,31.3,33.8,11.94,39.6,48.5,35.4,8.65,41.5,46.3,35.7,8.9
WR70Plus,3,0.0,1,1500.0,8,1000.0,4,0.0,1500.0,38.7,33.4,32.0,12.11,38.9,49.2,34.0,8.96,40.8,46.8,34.9,9.21
WR70Plus,3,0.0,1,1500.0,8,1000.0,4,800.0,0.0,38.0,32.8,30.7,12.27,38.0,48.2,33.0,9.37,37.7,49.3,33.0,9.01
WR70Plus,3,0.0,1,1500.0,8,1000.0,4,800.0,1500.0,36.3,33.9,29.2,12.45,37.8,48.3,32.4,9.71,38.0,48.8,33.3,9.36
WR70Plus,3,0.0,1,1500.0,8,1000.0,4,1200.0,0.0,41.1,31.0,33.4,12.01,39.6,48.8,35.5,8.7,40.5,46.5,35.4,8.95
WR70Plus,3,0.0,1,1500.0,8,1000.0,4,1200.0,1500.0,38.7,33.0,31.6,12.19,38.9,49.5,34.2,9.01,39.9,46.9,34.6,9.27
WR70Plus,3,0.0,1,1500.0,12,2000.0,3,0.0,0.0,41.6,27.3,33.8,12.19,39.3,43.8,35.1,9.02,41.9,44.3,35.1,9.12
WR70Plus,3,0.0,1,1500.0,12,2000.0,3,0.0,1500.0,38.9,29.7,31.5,12.39,39.0,44.1,33.9,9.32,41.3,44.8,34.3,9.43
WR70Plus,3,0.0,1,1500.0,12,2000.0,3,800.0,0.0,37.8,29.0,30.4,12.58,37.0,43.7,32.5,9.76,38.3,46.6,32.4,9.32
WR70Plus,3,0.0,1,1500.0,12,2000.0,3,800.0,1500.0,36.2,30.6,28.8,12.74,37.5,43.2,32.1,10.09,39.0,45.9,32.7,9.68
WR70Plus,3,0.0,1,1500.0,12,2000.0,3,1200.0,0.0,41.4,27.7,33.4,12.25,39.3,44.6,35.2,9.04,41.3,44.1,34.7,9.21
WR70Plus,3,0.0,1,1500.0,12,2000.0,3,1200.0,1500.0,38.8,30.1,31.1,12.46,39.0,44.9,34.0,9.34,40.7,44.6,34.0,9.53
WR70Plus,3,0.0,1,1500.0,12,2000.0,4,0.0,0.0,41.5,30.7,34.0,12.07,39.6,48.0,35.2,8.83,42.3,45.7,35.7,8.98
WR70Plus,3,0.0,1,1500.0,12,2000.0,4,0.0,1500.0,39.1,32.9,31.9,12.25,38.7,48.9,34.0,9.13,41.5,46.0,34.7,9.3
WR70Plus,3,0.0,1,1500.0,12,2000.0,4,800.0,0.0,38.9,31.8,30.9,12.41,38.4,47.3,32.7,9.54,38.2,49.1,32.7,9.14
WR70Plus,3,0.0,1,1500.0,12,2000.0,4,800.0,1500.0,37.2,33.3,29.3,12.57,38.0,47.6,32.2,9.87,38.7,48.2,33.0,9.5
WR70Plus,3,0.0,1,1500.0,12,2000.0,4,1200.0,0.0,41.6,30.3,33.8,12.14,39.6,48.9,35.4,8.84,41.3,45.9,35.4,9.04
WR70Plus,3,0.0,1,1500.0,12,2000.0,4,1200.0,1500.0,39.2,32.5,31.7,12.32,38.7,49.8,34.2,9.13,40.5,46.2,34.4,9.37
WR70Plus,3,1000.0,1,0.0,99,0.0,1,0.0,0.0,45.5,43.1,36.3,9.53,38.7,59.5,33.9,6.55,41.9,55.7,36.2,6.7
WR70Plus,3,1000.0,1,0.0,99,0.0,1,0.0,1500.0,43.4,45.3,33.6,9.8,38.1,59.9,33.1,6.8,40.5,56.7,34.7,6.94
WR70Plus,3,1000.0,1,0.0,99,0.0,1,800.0,0.0,43.3,45.6,34.6,9.48,38.4,60.1,33.6,6.81,41.0,54.9,35.1,6.81
WR70Plus,3,1000.0,1,0.0,99,0.0,1,800.0,1500.0,41.2,47.8,31.5,9.76,37.8,60.5,32.8,7.1,40.2,55.2,34.1,7.08
WR70Plus,3,1000.0,1,0.0,99,0.0,1,1200.0,0.0,45.0,44.3,35.7,9.43,38.9,59.5,33.9,6.56,41.9,54.5,36.2,6.79
WR70Plus,3,1000.0,1,0.0,99,0.0,1,1200.0,1500.0,42.9,46.5,33.0,9.7,38.3,59.9,33.1,6.82,40.5,55.4,34.7,7.04
WR70Plus,3,1000.0,1,0.0,8,1000.0,3,0.0,0.0,45.5,43.1,36.3,9.53,38.7,59.5,33.9,6.55,41.9,55.7,36.2,6.7
WR70Plus,3,1000.0,1,0.0,8,1000.0,3,0.0,1500.0,43.4,45.3,33.6,9.8,38.1,59.9,33.1,6.8,40.5,56.7,34.7,6.94
WR70Plus,3,1000.0,1,0.0,8,1000.0,3,800.0,0.0,43.3,45.6,34.6,9.48,38.4,60.1,33.6,6.81,41.0,54.9,35.1,6.81
WR70Plus,3,1000.0,1,0.0,8,1000.0,3,800.0,1500.0,41.2,47.8,31.5,9.76,37.8,60.5,32.8,7.1,40.2,55.2,34.1,7.08
WR70Plus,3,1000.0,1,0.0,8,1000.0,3,1200.0,0.0,45.0,44.3,35.7,9.43,38.9,59.5,33.9,6.56,41.9,54.5,36.2,6.79
WR70Plus,3,1000.0,1,0.0,8,1000.0,3,1200.0,1500.0,42.9,46.5,33.0,9.7,38.3,59.9,33.1,6.82,40.5,55.4,34.7,7.04
WR70Plus,3,1000.0,1,0.0,8,1000.0,4,0.0,0.0,46.0,44.3,36.7,9.34,39.5,59.5,34.3,6.33,42.1,55.7,36.9,6.45
WR70Plus,3,1000.0,1,0.0,8,1000.0,4,0.0,1500.0,44.1,46.5,33.5,9.63,39.5,58.9,33.4,6.73,42.1,55.4,35.5,6.83
WR70Plus,3,1000.0,1,0.0,8,1000.0,4,800.0,0.0,43.9,46.5,35.0,9.32,39.3,59.9,34.2,6.58,41.2,55.6,35.7,6.64
WR70Plus,3,1000.0,1,0.0,8,1000.0,4,800.0,1500.0,41.8,48.6,31.5,9.62,39.3,59.5,32.8,7.0,40.8,55.4,34.9,6.96
WR70Plus,3,1000.0,1,0.0,8,1000.0,4,1200.0,0.0,45.3,45.2,36.1,9.27,39.6,59.3,34.3,6.38,42.3,54.9,36.9,6.54
WR70Plus,3,1000.0,1,0.0,8,1000.0,4,1200.0,1500.0,43.4,47.3,33.1,9.55,39.6,58.7,33.4,6.78,41.6,55.1,35.5,6.89
WR70Plus,3,1000.0,1,0.0,12,2000.0,3,0.0,0.0,45.5,43.1,36.3,9.53,38.7,59.5,33.9,6.55,41.9,55.7,36.2,6.7
WR70Plus,3,1000.0,1,0.0,12,2000.0,3,0.0,1500.0,43.4,45.3,33.6,9.8,38.1,59.9,33.1,6.8,40.5,56.7,34.7,6.94
WR70Plus,3,1000.0,1,0.0,12,2000.0,3,800.0,0.0,43.3,45.6,34.6,9.48,38.4,60.1,33.6,6.81,41.0,54.9,35.1,6.81
WR70Plus,3,1000.0,1,0.0,12,2000.0,3,800.0,1500.0,41.2,47.8,31.5,9.76,37.8,60.5,32.8,7.1,40.2,55.2,34.1,7.08
WR70Plus,3,1000.0,1,0.0,12,2000.0,3,1200.0,0.0,45.0,44.3,35.7,9.43,38.9,59.5,33.9,6.56,41.9,54.5,36.2,6.79
WR70Plus,3,1000.0,1,0.0,12,2000.0,3,1200.0,1500.0,42.9,46.5,33.0,9.7,38.3,59.9,33.1,6.82,40.5,55.4,34.7,7.04
WR70Plus,3,1000.0,1,0.0,12,2000.0,4,0.0,0.0,47.5,44.5,37.0,9.32,38.6,59.9,34.0,6.49,42.7,55.7,36.5,6.6
WR70Plus,3,1000.0,1,0.0,12,2000.0,4,0.0,1500.0,45.6,46.2,34.2,9.62,38.3,60.2,33.1,6.77,41.5,57.0,34.9,6.84
WR70Plus,3,1000.0,1,0.0,12,2000.0,4,800.0,0.0,45.4,46.6,35.6,9.28,38.0,60.2,33.7,6.8,41.9,56.2,35.4,6.68
WR70Plus,3,1000.0,1,0.0,12,2000.0,4,800.0,1500.0,43.6,48.4,32.6,9.57,37.5,60.5,33.1,7.09,40.8,57.1,34.3,6.91
WR70Plus,3,1000.0,1,0.0,12,2000.0,4,1200.0,0.0,46.6,45.6,36.4,9.23,38.7,59.6,34.2,6.53,42.6,55.9,36.5,6.65
WR70Plus,3,1000.0,1,0.0,12,2000.0,4,1200.0,1500.0,44.9,47.3,33.7,9.52,38.6,59.9,33.3,6.8,41.3,57.1,34.9,6.89
WR70Plus,3,1000.0,1,1000.0,99,0.0,1,0.0,0.0,44.1,33.9,34.0,11.44,39.5,55.3,33.3,7.64,43.2,49.8,36.0,7.88
WR70Plus,3,1000.0,1,1000.0,99,0.0,1,0.0,1500.0,41.9,36.2,31.8,11.66,39.0,55.7,33.0,7.87,42.3,49.6,34.1,8.26
WR70Plus,3,1000.0,1,1000.0,99,0.0,1,800.0,0.0,42.6,34.4,32.3,11.59,39.5,53.3,33.0,8.21,41.8,52.6,35.1,8.02
WR70Plus,3,1000.0,1,1000.0,99,0.0,1,800.0,1500.0,40.6,36.6,30.3,11.78,39.0,53.8,32.7,8.45,41.6,52.3,34.1,8.37
WR70Plus,3,1000.0,1,1000.0,99,0.0,1,1200.0,0.0,44.6,34.1,33.9,11.43,40.1,54.7,33.4,7.69,43.2,51.5,36.2,7.79
WR70Plus,3,1000.0,1,1000.0,99,0.0,1,1200.0,1500.0,42.6,36.2,31.9,11.63,39.6,55.1,33.1,7.92,42.3,51.3,34.3,8.17
WR70Plus,3,1000.0,1,1000.0,8,1000.0,3,0.0,0.0,44.1,33.9,34.0,11.44,39.5,55.3,33.3,7.64,43.2,49.8,36.0,7.88
WR70Plus,3,1000.0,1,1000.0,8,1000.0,3,0.0,1500.0,41.9,36.2,31.8,11.66,39.0,55.7,33.0,7.87,42.3,49.6,34.1,8.26
WR70Plus,3,1000.0,1,1000.0,8,1000.0,3,800.0,0.0,42.6,34.4,32.3,11.59,39.5,53.3,33.0,8.21,41.8,52.6,35.1,8.02
WR70Plus,3,1000.0,1,1000.0,8,1000.0,3,800.0,1500.0,40.6,36.6,30.3,11.78,39.0,53.8,32.7,8.45,41.6,52.3,34.1,8.37
WR70Plus,3,1000.0,1,1000.0,8,1000.0,3,1200.0,0.0,44.6,34.1,33.9,11.43,40.1,54.7,33.4,7.69,43.2,51.5,36.2,7.79
WR70Plus,3,1000.0,1,1000.0,8,1000.0,3,1200.0,1500.0,42.6,36.2,31.9,11.63,39.6,55.1,33.1,7.92,42.3,51.3,34.3,8.17
WR70Plus,3,1000.0,1,1000.0,8,1000.0,4,0.0,0.0,43.1,38.5,33.8,11.06,39.6,56.3,33.9,7.42,43.3,50.7,37.6,7.69
WR70Plus,3,1000.0,1,1000.0,8,1000.0,4,0.0,1500.0,41.3,40.9,31.4,11.29,39.5,55.7,33.6,7.76,41.8,51.5,35.4,8.04
WR70Plus,3,1000.0,1,1000.0,8,1000.0,4,800.0,0.0,40.7,39.2,31.6,11.3,40.1,55.6,33.6,7.96,42.4,52.3,36.2,7.95
WR70Plus,3,1000.0,1,1000.0,8,1000.0,4,800.0,1500.0,39.6,41.2,29.9,11.46,39.5,55.4,33.0,8.31,41.0,52.7,34.7,8.28
WR70Plus,3,1000.0,1,1000.0,8,1000.0,4,1200.0,0.0,43.4,38.3,33.8,11.08,40.1,55.7,34.0,7.49,43.7,52.0,37.7,7.62
WR70Plus,3,1000.0,1,1000.0,8,1000.0,4,1200.0,1500.0,41.9,40.5,31.6,11.29,39.9,55.1,33.7,7.82,41.5,52.7,35.5,7.99
WR70Plus,3,1000.0,1,1000.0,12,2000.0,3,0.0,0.0,44.1,33.9,34.0,11.44,39.5,55.3,33.3,7.64,43.2,49.8,36.0,7.88
WR70Plus,3,1000.0,1,1000.0,12,2000.0,3,0.0,1500.0,41.9,36.2,31.8,11.66,39.0,55.7,33.0,7.87,42.3,49.6,34.1,8.26
WR70Plus,3,1000.0,1,1000.0,12,2000.0,3,800.0,0.0,42.6,34.4,32.3,11.59,39.5,53.3,33.0,8.21,41.8,52.6,35.1,8.02
WR70Plus,3,1000.0,1,1000.0,12,2000.0,3,800.0,1500.0,40.6,36.6,30.3,11.78,39.0,53.8,32.7,8.45,41.6,52.3,34.1,8.37
WR70Plus,3,1000.0,1,1000.0,12,2000.0,3,1200.0,0.0,44.6,34.1,33.9,11.43,40.1,54.7,33.4,7.69,43.2,51.5,36.2,7.79
WR70Plus,3,1000.0,1,1000.0,12,2000.0,3,1200.0,1500.0,42.6,36.2,31.9,11.63,39.6,55.1,33.1,7.92,42.3,51.3,34.3,8.17
WR70Plus,3,1000.0,1,1000.0,12,2000.0,4,0.0,0.0,43.6,38.7,34.4,11.16,39.9,56.0,33.6,7.56,43.5,51.8,36.5,7.74
WR70Plus,3,1000.0,1,1000.0,12,2000.0,4,0.0,1500.0,42.3,40.5,32.2,11.39,39.0,56.3,33.1,7.84,41.3,53.4,34.6,8.11
WR70Plus,3,1000.0,1,1000.0,12,2000.0,4,800.0,0.0,42.1,38.9,32.9,11.34,40.1,55.4,33.3,8.11,41.9,54.0,35.4,7.93
WR70Plus,3,1000.0,1,1000.0,12,2000.0,4,800.0,1500.0,41.1,40.7,30.9,11.51,38.9,55.9,33.0,8.41,40.1,55.1,34.6,8.26
WR70Plus,3,1000.0,1,1000.0,12,2000.0,4,1200.0,0.0,43.9,38.5,34.4,11.17,40.5,55.4,33.9,7.61,43.5,52.9,36.5,7.67
WR70Plus,3,1000.0,1,1000.0,12,2000.0,4,1200.0,1500.0,42.8,40.1,32.4,11.37,39.8,55.7,33.4,7.88,41.3,54.5,34.7,8.04
WR70Plus,3,1000.0,1,1500.0,99,0.0,1,0.0,0.0,40.8,23.9,31.4,13.11,38.0,43.1,31.8,9.77,39.3,41.9,31.9,9.81
WR70Plus,3,1000.0,1,1500.0,99,0.0,1,0.0,1500.0,38.7,25.5,29.3,13.32,39.5,40.8,32.7,10.1,40.5,41.0,33.0,10.06
WR70Plus,3,1000.0,1,1500.0,99,0.0,1,800.0,0.0,38.2,25.4,28.6,13.41,36.3,42.3,30.6,10.43,37.1,44.9,31.1,9.84
WR70Plus,3,1000.0,1,1500.0,99,0.0,1,800.0,1500.0,35.6,27.3,27.1,13.6,38.0,39.8,31.6,10.77,38.5,44.0,32.1,10.1
WR70Plus,3,1000.0,1,1500.0,99,0.0,1,1200.0,0.0,40.6,24.3,30.8,13.16,38.0,43.2,32.1,9.82,39.3,41.8,32.2,9.87
WR70Plus,3,1000.0,1,1500.0,99,0.0,1,1200.0,1500.0,38.6,25.9,28.7,13.38,39.5,41.0,33.0,10.14,40.5,40.8,33.3,10.13
WR70Plus,3,1000.0,1,1500.0,8,1000.0,3,0.0,0.0,40.8,23.9,31.4,13.11,38.0,43.1,31.8,9.77,39.3,41.9,31.9,9.81
WR70Plus,3,1000.0,1,1500.0,8,1000.0,3,0.0,1500.0,38.7,25.5,29.3,13.32,39.5,40.8,32.7,10.1,40.5,41.0,33.0,10.06
WR70Plus,3,1000.0,1,1500.0,8,1000.0,3,800.0,0.0,38.2,25.4,28.6,13.41,36.3,42.3,30.6,10.43,37.1,44.9,31.1,9.84
WR70Plus,3,1000.0,1,1500.0,8,1000.0,3,800.0,1500.0,35.6,27.3,27.1,13.6,38.0,39.8,31.6,10.77,38.5,44.0,32.1,10.1
WR70Plus,3,1000.0,1,1500.0,8,1000.0,3,1200.0,0.0,40.6,24.3,30.8,13.16,38.0,43.2,32.1,9.82,39.3,41.8,32.2,9.87
WR70Plus,3,1000.0,1,1500.0,8,1000.0,3,1200.0,1500.0,38.6,25.9,28.7,13.38,39.5,41.0,33.0,10.14,40.5,40.8,33.3,10.13
WR70Plus,3,1000.0,1,1500.0,8,1000.0,4,0.0,0.0,40.5,28.1,31.4,12.85,38.0,47.6,32.5,9.41,39.3,43.7,32.6,9.58
WR70Plus,3,1000.0,1,1500.0,8,1000.0,4,0.0,1500.0,38.0,29.6,29.7,13.06,38.9,46.2,32.5,9.78,40.5,43.0,33.2,9.85
WR70Plus,3,1000.0,1,1500.0,8,1000.0,4,800.0,0.0,37.9,29.9,28.9,13.09,36.7,46.8,31.2,10.07,36.6,47.4,31.6,9.52
WR70Plus,3,1000.0,1,1500.0,8,1000.0,4,800.0,1500.0,35.6,30.8,27.5,13.33,37.3,45.5,31.3,10.44,37.6,46.9,32.2,9.79
WR70Plus,3,1000.0,1,1500.0,8,1000.0,4,1200.0,0.0,40.3,27.9,30.8,12.91,38.0,47.3,32.8,9.49,39.0,43.8,32.9,9.59
WR70Plus,3,1000.0,1,1500.0,8,1000.0,4,1200.0,1500.0,37.9,29.3,29.1,13.14,38.9,45.9,32.8,9.86,39.7,43.2,33.5,9.88
WR70Plus,3,1000.0,1,1500.0,12,2000.0,3,0.0,0.0,40.8,23.9,31.4,13.11,38.0,43.1,31.8,9.77,39.3,41.9,31.9,9.81
WR70Plus,3,1000.0,1,1500.0,12,2000.0,3,0.0,1500.0,38.7,25.5,29.3,13.32,39.5,40.8,32.7,10.1,40.5,41.0,33.0,10.06
WR70Plus,3,1000.0,1,1500.0,12,2000.0,3,800.0,0.0,38.2,25.4,28.6,13.41,36.3,42.3,30.6,10.43,37.1,44.9,31.1,9.84
WR70Plus,3,1000.0,1,1500.0,12,2000.0,3,800.0,1500.0,35.6,27.3,27.1,13.6,38.0,39.8,31.6,10.77,38.5,44.0,32.1,10.1
WR70Plus,3,1000.0,1,1500.0,12,2000.0,3,1200.0,0.0,40.6,24.3,30.8,13.16,38.0,43.2,32.1,9.82,39.3,41.8,32.2,9.87
WR70Plus,3,1000.0,1,1500.0,12,2000.0,3,1200.0,1500.0,38.6,25.9,28.7,13.38,39.5,41.0,33.0,10.14,40.5,40.8,33.3,10.13
WR70Plus,3,1000.0,1,1500.0,12,2000.0,4,0.0,0.0,41.5,27.2,31.3,12.94,38.0,47.4,32.1,9.59,40.5,43.0,32.6,9.69
WR70Plus,3,1000.0,1,1500.0,12,2000.0,4,0.0,1500.0,39.2,29.0,29.5,13.14,39.0,45.6,32.8,9.92,41.2,41.9,33.5,9.97
WR70Plus,3,1000.0,1,1500.0,12,2000.0,4,800.0,0.0,39.5,28.5,29.0,13.2,37.0,45.6,30.7,10.26,37.2,47.1,31.5,9.67
WR70Plus,3,1000.0,1,1500.0,12,2000.0,4,800.0,1500.0,37.1,30.1,27.6,13.4,38.0,43.8,31.6,10.59,38.2,46.0,32.4,9.94
WR70Plus,3,1000.0,1,1500.0,12,2000.0,4,1200.0,0.0,41.3,26.9,30.9,13.01,38.0,47.7,32.4,9.62,40.1,43.2,32.9,9.72
WR70Plus,3,1000.0,1,1500.0,12,2000.0,4,1200.0,1500.0,39.0,28.7,29.1,13.21,39.0,45.9,33.1,9.95,40.7,42.1,33.8,10.01
WR70Plus,3,1000.0,2,0.0,99,0.0,1,0.0,0.0,48.0,45.3,40.8,8.63,39.5,60.2,37.5,5.8,41.3,57.9,37.6,6.1
WR70Plus,3,1000.0,2,0.0,99,0.0,1,0.0,1500.0,45.5,47.8,38.3,8.85,38.0,61.7,36.0,6.11,40.4,58.5,36.6,6.47
WR70Plus,3,1000.0,2,0.0,99,0.0,1,800.0,0.0,45.5,48.0,38.6,8.61,39.2,60.8,37.0,6.08,40.8,56.7,36.6,6.22
WR70Plus,3,1000.0,2,0.0,99,0.0,1,800.0,1500.0,43.0,50.4,36.1,8.82,38.0,62.0,35.8,6.41,39.0,58.2,34.7,6.59
WR70Plus,3,1000.0,2,0.0,99,0.0,1,1200.0,0.0,47.2,46.5,40.3,8.53,39.6,60.2,37.5,5.82,41.3,56.5,37.6,6.21
WR70Plus,3,1000.0,2,0.0,99,0.0,1,1200.0,1500.0,44.7,49.0,37.8,8.76,38.1,61.7,36.0,6.13,40.4,57.1,36.6,6.57
WR70Plus,3,1000.0,2,0.0,8,1000.0,3,0.0,0.0,48.0,45.3,40.8,8.63,39.5,60.2,37.5,5.8,41.3,57.9,37.6,6.1
WR70Plus,3,1000.0,2,0.0,8,1000.0,3,0.0,1500.0,45.5,47.8,38.3,8.85,38.0,61.7,36.0,6.11,40.4,58.5,36.6,6.47
WR70Plus,3,1000.0,2,0.0,8,1000.0,3,800.0,0.0,45.5,48.0,38.6,8.61,39.2,60.8,37.0,6.08,40.8,56.7,36.6,6.22
WR70Plus,3,1000.0,2,0.0,8,1000.0,3,800.0,1500.0,43.0,50.4,36.1,8.82,38.0,62.0,35.8,6.41,39.0,58.2,34.7,6.59
WR70Plus,3,1000.0,2,0.0,8,1000.0,3,1200.0,0.0,47.2,46.5,40.3,8.53,39.6,60.2,37.5,5.82,41.3,56.5,37.6,6.21
WR70Plus,3,1000.0,2,0.0,8,1000.0,3,1200.0,1500.0,44.7,49.0,37.8,8.76,38.1,61.7,36.0,6.13,40.4,57.1,36.6,6.57
WR70Plus,3,1000.0,2,0.0,8,1000.0,4,0.0,0.0,48.3,46.1,41.9,8.42,39.5,60.4,37.8,5.63,42.1,57.6,39.1,5.82
WR70Plus,3,1000.0,2,0.0,8,1000.0,4,0.0,1500.0,45.7,48.9,38.5,8.67,39.2,60.7,35.8,6.05,42.4,57.0,38.2,6.3
WR70Plus,3,1000.0,2,0.0,8,1000.0,4,800.0,0.0,45.5,48.7,39.8,8.41,39.2,60.8,37.5,5.86,41.8,57.0,38.2,6.01
WR70Plus,3,1000.0,2,0.0,8,1000.0,4,800.0,1500.0,43.2,50.9,36.4,8.66,38.7,61.3,35.4,6.29,40.2,58.2,36.3,6.42
WR70Plus,3,1000.0,2,0.0,8,1000.0,4,1200.0,0.0,47.4,47.2,41.4,8.34,39.6,60.2,37.8,5.67,42.3,56.8,39.1,5.91
WR70Plus,3,1000.0,2,0.0,8,1000.0,4,1200.0,1500.0,44.9,49.8,38.2,8.59,39.3,60.5,35.8,6.09,42.1,56.7,38.2,6.36
WR70Plus,3,1000.0,2,0.0,12,2000.0,3,0.0,0.0,48.0,45.3,40.8,8.63,39.5,60.2,37.5,5.8,41.3,57.9,37.6,6.1
WR70Plus,3,1000.0,2,0.0,12,2000.0,3,0.0,1500.0,45.5,47.8,38.3,8.85,38.0,61.7,36.0,6.11,40.4,58.5,36.6,6.47
WR70Plus,3,1000.0,2,0.0,12,2000.0,3,800.0,0.0,45.5,48.0,38.6,8.61,39.2,60.8,37.0,6.08,40.8,56.7,36.6,6.22
WR70Plus,3,1000.0,2,0.0,12,2000.0,3,800.0,1500.0,43.0,50.4,36.1,8.82,38.0,62.0,35.8,6.41,39.0,58.2,34.7,6.59
WR70Plus,3,1000.0,2,0.0,12,2000.0,3,1200.0,0.0,47.2,46.5,40.3,8.53,39.6,60.2,37.5,5.82,41.3,56.5,37.6,6.21
WR70Plus,3,1000.0,2,0.0,12,2000.0,3,1200.0,1500.0,44.7,49.0,37.8,8.76,38.1,61.7,36.0,6.13,40.4,57.1,36.6,6.57
WR70Plus,3,1000.0,2,0.0,12,2000.0,4,0.0,0.0,48.6,46.0,41.3,8.48,39.3,60.5,38.0,5.76,41.8,57.7,38.0,6.01
WR70Plus,3,1000.0,2,0.0,12,2000.0,4,0.0,1500.0,46.3,48.2,38.8,8.72,38.0,61.9,36.4,6.07,41.2,58.1,36.9,6.39
WR70Plus,3,1000.0,2,0.0,12,2000.0,4,800.0,0.0,46.3,48.2,39.7,8.46,39.0,61.0,36.9,6.05,42.1,57.7,37.1,6.09
WR70Plus,3,1000.0,2,0.0,12,2000.0,4,800.0,1500.0,44.2,50.2,37.2,8.67,38.0,62.0,35.7,6.4,39.9,59.3,35.1,6.46
WR70Plus,3,1000.0,2,0.0,12,2000.0,4,1200.0,0.0,47.6,47.2,41.0,8.39,39.6,60.2,38.0,5.8,41.8,57.7,38.0,6.07
WR70Plus,3,1000.0,2,0.0,12,2000.0,4,1200.0,1500.0,45.4,49.3,38.5,8.62,38.3,61.6,36.4,6.12,41.2,58.1,36.9,6.45
WR70Plus,3,1000.0,2,1000.0,99,0.0,1,0.0,0.0,47.2,35.4,38.6,10.62,40.4,56.0,36.9,6.92,43.0,51.3,38.0,7.33
WR70Plus,3,1000.0,2,1000.0,99,0.0,1,0.0,1500.0,44.9,37.6,36.4,10.79,39.5,56.6,35.7,7.27,42.6,51.5,37.1,7.75
WR70Plus,3,1000.0,2,1000.0,99,0.0,1,800.0,0.0,45.6,36.1,36.6,10.74,40.8,53.3,36.4,7.55,41.8,54.1,36.8,7.49
WR70Plus,3,1000.0,2,1000.0,99,0.0,1,800.0,1500.0,43.0,38.5,34.4,10.93,39.9,53.9,35.2,7.91,40.4,54.9,34.9,7.97
WR70Plus,3,1000.0,2,1000.0,99,0.0,1,1200.0,0.0,47.4,35.8,38.3,10.6,41.0,55.4,36.9,6.98,43.0,52.9,38.0,7.25
WR70Plus,3,1000.0,2,1000.0,99,0.0,1,1200.0,1500.0,45.1,38.0,36.1,10.77,40.1,56.0,35.7,7.33,42.6,53.1,37.1,7.67
WR70Plus,3,1000.0,2,1000.0,8,1000.0,3,0.0,0.0,47.2,35.4,38.6,10.62,40.4,56.0,36.9,6.92,43.0,51.3,38.0,7.33
WR70Plus,3,1000.0,2,1000.0,8,1000.0,3,0.0,1500.0,44.9,37.6,36.4,10.79,39.5,56.6,35.7,7.27,42.6,51.5,37.1,7.75
WR70Plus,3,1000.0,2,1000.0,8,1000.0,3,800.0,0.0,45.6,36.1,36.6,10.74,40.8,53.3,36.4,7.55,41.8,54.1,36.8,7.49
WR70Plus,3,1000.0,2,1000.0,8,1000.0,3,800.0,1500.0,43.0,38.5,34.4,10.93,39.9,53.9,35.2,7.91,40.4,54.9,34.9,7.97
WR70Plus,3,1000.0,2,1000.0,8,1000.0,3,1200.0,0.0,47.4,35.8,38.3,10.6,41.0,55.4,36.9,6.98,43.0,52.9,38.0,7.25
WR70Plus,3,1000.0,2,1000.0,8,1000.0,3,1200.0,1500.0,45.1,38.0,36.1,10.77,40.1,56.0,35.7,7.33,42.6,53.1,37.1,7.67
WR70Plus,3,1000.0,2,1000.0,8,1000.0,4,0.0,0.0,46.7,39.7,39.0,10.22,40.1,57.1,37.7,6.71,43.0,52.3,39.3,7.11
WR70Plus,3,1000.0,2,1000.0,8,1000.0,4,0.0,1500.0,44.2,42.1,36.2,10.44,39.6,56.9,35.8,7.16,42.3,53.2,37.7,7.53
WR70Plus,3,1000.0,2,1000.0,8,1000.0,4,800.0,0.0,44.3,40.7,36.6,10.43,41.0,55.7,37.2,7.27,42.4,53.5,38.0,7.38
WR70Plus,3,1000.0,2,1000.0,8,1000.0,4,800.0,1500.0,42.0,43.0,34.4,10.63,39.9,56.0,35.5,7.73,40.1,55.4,35.5,7.85
WR70Plus,3,1000.0,2,1000.0,8,1000.0,4,1200.0,0.0,46.7,39.7,38.9,10.25,40.5,56.5,37.7,6.78,43.3,53.2,39.3,7.07
WR70Plus,3,1000.0,2,1000.0,8,1000.0,4,1200.0,1500.0,44.2,42.1,36.1,10.46,40.1,56.3,35.8,7.23,42.1,54.3,37.7,7.48
WR70Plus,3,1000.0,2,1000.0,12,2000.0,3,0.0,0.0,47.2,35.4,38.6,10.62,40.4,56.0,36.9,6.92,43.0,51.3,38.0,7.33
WR70Plus,3,1000.0,2,1000.0,12,2000.0,3,0.0,1500.0,44.9,37.6,36.4,10.79,39.5,56.6,35.7,7.27,42.6,51.5,37.1,7.75
WR70Plus,3,1000.0,2,1000.0,12,2000.0,3,800.0,0.0,45.6,36.1,36.6,10.74,40.8,53.3,36.4,7.55,41.8,54.1,36.8,7.49
WR70Plus,3,1000.0,2,1000.0,12,2000.0,3,800.0,1500.0,43.0,38.5,34.4,10.93,39.9,53.9,35.2,7.91,40.4,54.9,34.9,7.97
WR70Plus,3,1000.0,2,1000.0,12,2000.0,3,1200.0,0.0,47.4,35.8,38.3,10.6,41.0,55.4,36.9,6.98,43.0,52.9,38.0,7.25
WR70Plus,3,1000.0,2,1000.0,12,2000.0,3,1200.0,1500.0,45.1,38.0,36.1,10.77,40.1,56.0,35.7,7.33,42.6,53.1,37.1,7.67
WR70Plus,3,1000.0,2,1000.0,12,2000.0,4,0.0,0.0,45.8,40.0,38.9,10.36,40.8,56.6,37.7,6.82,43.0,53.2,38.5,7.19
WR70Plus,3,1000.0,2,1000.0,12,2000.0,4,0.0,1500.0,43.7,42.3,36.7,10.53,39.6,57.5,36.3,7.18,41.6,54.0,37.4,7.61
WR70Plus,3,1000.0,2,1000.0,12,2000.0,4,800.0,0.0,43.6,40.7,37.0,10.52,41.7,55.6,36.6,7.41,41.5,55.4,37.1,7.39
WR70Plus,3,1000.0,2,1000.0,12,2000.0,4,800.0,1500.0,41.6,42.8,34.8,10.7,40.5,56.5,35.2,7.79,38.8,56.8,35.4,7.87
WR70Plus,3,1000.0,2,1000.0,12,2000.0,4,1200.0,0.0,45.9,39.9,38.6,10.38,41.4,56.0,37.7,6.88,43.2,54.3,38.3,7.13
WR70Plus,3,1000.0,2,1000.0,12,2000.0,4,1200.0,1500.0,43.8,42.2,36.4,10.55,40.2,56.9,36.3,7.24,41.8,55.1,37.4,7.54
WR70Plus,3,1000.0,2,1500.0,99,0.0,1,0.0,0.0,44.6,24.3,35.9,12.34,39.8,43.4,36.0,9.07,42.1,43.5,35.5,9.23
WR70Plus,3,1000.0,2,1500.0,99,0.0,1,0.0,1500.0,42.0,26.8,33.0,12.55,39.6,43.4,34.8,9.44,42.6,43.3,35.2,9.58
WR70Plus,3,1000.0,2,1500.0,99,0.0,1,800.0,0.0,42.1,25.7,33.0,12.63,38.6,42.8,34.8,9.67,39.3,45.9,33.8,9.35
WR70Plus,3,1000.0,2,1500.0,99,0.0,1,800.0,1500.0,39.0,28.7,30.7,12.82,38.7,42.5,33.9,10.05,39.7,45.7,33.5,9.71
WR70Plus,3,1000.0,2,1500.0,99,0.0,1,1200.0,0.0,44.4,24.6,35.4,12.41,39.8,43.5,36.0,9.12,42.1,43.3,35.5,9.3
WR70Plus,3,1000.0,2,1500.0,99,0.0,1,1200.0,1500.0,41.9,27.1,32.5,12.63,39.6,43.5,34.8,9.5,42.6,43.2,35.2,9.65
WR70Plus,3,1000.0,2,1500.0,8,1000.0,3,0.0,0.0,44.6,24.3,35.9,12.34,39.8,43.4,36.0,9.07,42.1,43.5,35.5,9.23
WR70Plus,3,1000.0,2,1500.0,8,1000.0,3,0.0,1500.0,42.0,26.8,33.0,12.55,39.6,43.4,34.8,9.44,42.6,43.3,35.2,9.58
WR70Plus,3,1000.0,2,1500.0,8,1000.0,3,800.0,0.0,42.1,25.7,33.0,12.63,38.6,42.8,34.8,9.67,39.3,45.9,33.8,9.35
WR70Plus,3,1000.0,2,1500.0,8,1000.0,3,800.0,1500.0,39.0,28.7,30.7,12.82,38.7,42.5,33.9,10.05,39.7,45.7,33.5,9.71
WR70Plus,3,1000.0,2,1500.0,8,1000.0,3,1200.0,0.0,44.4,24.6,35.4,12.41,39.8,43.5,36.0,9.12,42.1,43.3,35.5,9.3
WR70Plus,3,1000.0,2,1500.0,8,1000.0,3,1200.0,1500.0,41.9,27.1,32.5,12.63,39.6,43.5,34.8,9.5,42.6,43.2,35.2,9.65
WR70Plus,3,1000.0,2,1500.0,8,1000.0,4,0.0,0.0,44.3,28.2,35.9,12.09,39.5,48.2,36.0,8.72,41.2,45.5,36.5,8.98
WR70Plus,3,1000.0,2,1500.0,8,1000.0,4,0.0,1500.0,40.9,30.7,33.5,12.29,39.0,48.6,34.6,9.1,42.1,45.2,36.0,9.32
WR70Plus,3,1000.0,2,1500.0,8,1000.0,4,800.0,0.0,41.8,29.9,33.3,12.32,39.0,47.7,34.8,9.31,38.3,48.5,34.1,9.04
WR70Plus,3,1000.0,2,1500.0,8,1000.0,4,800.0,1500.0,38.5,31.8,31.2,12.55,38.7,48.0,33.7,9.69,38.8,48.4,33.8,9.4
WR70Plus,3,1000.0,2,1500.0,8,1000.0,4,1200.0,0.0,44.2,27.9,35.4,12.16,39.5,47.9,36.0,8.8,41.2,45.7,36.3,9.01
WR70Plus,3,1000.0,2,1500.0,8,1000.0,4,1200.0,1500.0,40.9,30.3,33.0,12.38,39.0,48.3,34.6,9.18,41.8,45.4,35.8,9.36
WR70Plus,3,1000.0,2,1500.0,12,2000.0,3,0.0,0.0,44.6,24.3,35.9,12.34,39.8,43.4,36.0,9.07,42.1,43.5,35.5,9.23
WR70Plus,3,1000.0,2,1500.0,12,2000.0,3,0.0,1500.0,42.0,26.8,33.0,12.55,39.6,43.4,34.8,9.44,42.6,43.3,35.2,9.58
WR70Plus,3,1000.0,2,1500.0,12,2000.0,3,800.0,0.0,42.1,25.7,33.0,12.63,38.6,42.8,34.8,9.67,39.3,45.9,33.8,9.35
WR70Plus,3,1000.0,2,1500.0,12,2000.0,3,800.0,1500.0,39.0,28.7,30.7,12.82,38.7,42.5,33.9,10.05,39.7,45.7,33.5,9.71
WR70Plus,3,1000.0,2,1500.0,12,2000.0,3,1200.0,0.0,44.4,24.6,35.4,12.41,39.8,43.5,36.0,9.12,42.1,43.3,35.5,9.3
WR70Plus,3,1000.0,2,1500.0,12,2000.0,3,1200.0,1500.0,41.9,27.1,32.5,12.63,39.6,43.5,34.8,9.5,42.6,43.2,35.2,9.65
WR70Plus,3,1000.0,2,1500.0,12,2000.0,4,0.0,0.0,44.7,27.3,35.7,12.22,39.9,48.0,36.3,8.86,42.3,44.6,36.0,9.12
WR70Plus,3,1000.0,2,1500.0,12,2000.0,4,0.0,1500.0,41.5,30.1,33.0,12.41,39.6,48.2,35.1,9.23,42.3,44.4,35.4,9.49
WR70Plus,3,1000.0,2,1500.0,12,2000.0,4,800.0,0.0,43.1,28.4,33.3,12.46,39.8,46.2,34.6,9.49,39.0,48.0,34.1,9.19
WR70Plus,3,1000.0,2,1500.0,12,2000.0,4,800.0,1500.0,39.6,31.2,31.0,12.66,39.3,46.2,33.7,9.88,39.0,47.9,33.6,9.57
WR70Plus,3,1000.0,2,1500.0,12,2000.0,4,1200.0,0.0,44.8,26.9,35.4,12.29,39.9,48.0,36.3,8.92,42.1,44.8,36.0,9.15
WR70Plus,3,1000.0,2,1500.0,12,2000.0,4,1200.0,1500.0,41.6,29.6,32.7,12.49,39.6,48.2,35.1,9.29,42.1,44.6,35.4,9.53
WR70Plus,3,1500.0,1,0.0,99,0.0,1,0.0,0.0,42.2,38.0,31.4,10.92,38.4,56.5,30.6,7.5,40.8,53.1,31.8,7.73
WR70Plus,3,1500.0,1,0.0,99,0.0,1,0.0,1500.0,40.0,40.1,28.5,11.29,38.6,56.0,29.4,8.04,39.7,53.2,30.4,8.28
WR70Plus,3,1500.0,1,0.0,99,0.0,1,800.0,0.0,40.7,39.5,30.0,10.93,37.7,56.9,30.0,7.76,39.9,52.7,30.8,7.77
WR70Plus,3,1500.0,1,0.0,99,0.0,1,800.0,1500.0,38.3,41.9,26.8,11.28,37.8,56.5,28.8,8.33,38.7,53.2,29.3,8.29
WR70Plus,3,1500.0,1,0.0,99,0.0,1,1200.0,0.0,41.9,38.5,30.9,10.89,38.4,56.5,30.6,7.52,40.5,52.6,31.8,7.76
WR70Plus,3,1500.0,1,0.0,99,0.0,1,1200.0,1500.0,39.7,40.6,28.0,11.25,38.6,56.0,29.5,8.06,39.4,52.7,30.4,8.31
WR70Plus,3,1500.0,1,0.0,8,1000.0,3,0.0,0.0,42.2,38.0,31.4,10.92,38.4,56.5,30.6,7.5,40.8,53.1,31.8,7.73
WR70Plus,3,1500.0,1,0.0,8,1000.0,3,0.0,1500.0,40.0,40.1,28.5,11.29,38.6,56.0,29.4,8.04,39.7,53.2,30.4,8.28
WR70Plus,3,1500.0,1,0.0,8,1000.0,3,800.0,0.0,40.7,39.5,30.0,10.93,37.7,56.9,30.0,7.76,39.9,52.7,30.8,7.77
WR70Plus,3,1500.0,1,0.0,8,1000.0,3,800.0,1500.0,38.3,41.9,26.8,11.28,37.8,56.5,28.8,8.33,38.7,53.2,29.3,8.29
WR70Plus,3,1500.0,1,0.0,8,1000.0,3,1200.0,0.0,41.9,38.5,30.9,10.89,38.4,56.5,30.6,7.52,40.5,52.6,31.8,7.76
WR70Plus,3,1500.0,1,0.0,8,1000.0,3,1200.0,1500.0,39.7,40.6,28.0,11.25,38.6,56.0,29.5,8.06,39.4,52.7,30.4,8.31
WR70Plus,3,1500.0,1,0.0,8,1000.0,4,0.0,0.0,42.7,38.9,32.3,10.71,38.6,56.8,30.9,7.3,40.4,53.8,32.6,7.49
WR70Plus,3,1500.0,1,0.0,8,1000.0,4,0.0,1500.0,40.2,41.0,28.9,11.12,39.3,55.3,30.0,7.93,40.2,52.7,30.7,8.18
WR70Plus,3,1500.0,1,0.0,8,1000.0,4,800.0,0.0,41.3,40.3,30.7,10.73,38.3,57.1,30.0,7.56,39.7,53.7,31.5,7.59
WR70Plus,3,1500.0,1,0.0,8,1000.0,4,800.0,1500.0,38.6,42.5,27.2,11.13,39.3,55.3,28.8,8.25,38.8,53.5,29.6,8.18
WR70Plus,3,1500.0,1,0.0,8,1000.0,4,1200.0,0.0,42.5,39.4,31.6,10.7,38.7,56.6,30.9,7.33,40.4,53.8,32.6,7.48
WR70Plus,3,1500.0,1,0.0,8,1000.0,4,1200.0,1500.0,40.1,41.2,28.5,11.1,39.5,55.1,30.1,7.97,39.7,52.9,30.7,8.16
WR70Plus,3,1500.0,1,0.0,12,2000.0,3,0.0,0.0,42.2,38.0,31.4,10.92,38.4,56.5,30.6,7.5,40.8,53.1,31.8,7.73
WR70Plus,3,1500.0,1,0.0,12,2000.0,3,0.0,1500.0,40.0,40.1,28.5,11.29,38.6,56.0,29.4,8.04,39.7,53.2,30.4,8.28
WR70Plus,3,1500.0,1,0.0,12,2000.0,3,800.0,0.0,40.7,39.5,30.0,10.93,37.7,56.9,30.0,7.76,39.9,52.7,30.8,7.77
WR70Plus,3,1500.0,1,0.0,12,2000.0,3,800.0,1500.0,38.3,41.9,26.8,11.28,37.8,56.5,28.8,8.33,38.7,53.2,29.3,8.29
WR70Plus,3,1500.0,1,0.0,12,2000.0,3,1200.0,0.0,41.9,38.5,30.9,10.89,38.4,56.5,30.6,7.52,40.5,52.6,31.8,7.76
WR70Plus,3,1500.0,1,0.0,12,2000.0,3,1200.0,1500.0,39.7,40.6,28.0,11.25,38.6,56.0,29.5,8.06,39.4,52.7,30.4,8.31
WR70Plus,3,1500.0,1,0.0,12,2000.0,4,0.0,0.0,42.6,39.0,31.4,10.8,38.1,56.8,30.7,7.46,40.8,53.2,32.2,7.64
WR70Plus,3,1500.0,1,0.0,12,2000.0,4,0.0,1500.0,40.9,40.8,28.7,11.18,38.6,56.5,29.5,8.0,40.2,53.2,30.7,8.2
WR70Plus,3,1500.0,1,0.0,12,2000.0,4,800.0,0.0,41.4,40.5,30.3,10.79,37.7,57.2,30.1,7.74,40.2,53.4,31.3,7.67
WR70Plus,3,1500.0,1,0.0,12,2000.0,4,800.0,1500.0,39.4,42.4,27.1,11.16,37.8,56.9,28.9,8.31,39.0,53.8,29.6,8.2
WR70Plus,3,1500.0,1,0.0,12,2000.0,4,1200.0,0.0,42.3,39.6,31.0,10.77,38.1,56.8,30.7,7.48,41.2,53.1,32.2,7.64
WR70Plus,3,1500.0,1,0.0,12,2000.0,4,1200.0,1500.0,40.6,41.3,28.3,11.14,38.4,56.5,29.7,8.02,40.2,53.1,30.7,8.21
WR70Plus,3,1500.0,1,1000.0,99,0.0,1,0.0,0.0,40.5,30.3,30.1,12.52,37.5,51.7,30.0,8.62,40.8,45.7,31.5,9.1
WR70Plus,3,1500.0,1,1000.0,99,0.0,1,0.0,1500.0,38.2,32.4,27.5,12.86,38.3,50.8,29.8,9.11,39.7,45.9,29.4,9.67
WR70Plus,3,1500.0,1,1000.0,99,0.0,1,800.0,0.0,39.5,30.6,28.5,12.63,37.2,49.7,29.5,9.14,39.4,48.5,30.5,9.16
WR70Plus,3,1500.0,1,1000.0,99,0.0,1,800.0,1500.0,37.3,32.4,25.9,12.96,38.0,48.8,29.2,9.65,38.2,48.2,28.3,9.79
WR70Plus,3,1500.0,1,1000.0,99,0.0,1,1200.0,0.0,40.3,30.8,29.5,12.52,37.5,51.5,30.1,8.66,40.8,46.8,31.5,9.01
WR70Plus,3,1500.0,1,1000.0,99,0.0,1,1200.0,1500.0,38.2,32.7,27.1,12.83,38.3,50.6,30.0,9.15,39.7,46.8,29.4,9.59
WR70Plus,3,1500.0,1,1000.0,8,1000.0,3,0.0,0.0,40.5,30.3,30.1,12.52,37.5,51.7,30.0,8.62,40.8,45.7,31.5,9.1
WR70Plus,3,1500.0,1,1000.0,8,1000.0,3,0.0,1500.0,38.2,32.4,27.5,12.86,38.3,50.8,29.8,9.11,39.7,45.9,29.4,9.67
WR70Plus,3,1500.0,1,1000.0,8,1000.0,3,800.0,0.0,39.5,30.6,28.5,12.63,37.2,49.7,29.5,9.14,39.4,48.5,30.5,9.16
WR70Plus,3,1500.0,1,1000.0,8,1000.0,3,800.0,1500.0,37.3,32.4,25.9,12.96,38.0,48.8,29.2,9.65,38.2,48.2,28.3,9.79
WR70Plus,3,1500.0,1,1000.0,8,1000.0,3,1200.0,0.0,40.3,30.8,29.5,12.52,37.5,51.5,30.1,8.66,40.8,46.8,31.5,9.01
WR70Plus,3,1500.0,1,1000.0,8,1000.0,3,1200.0,1500.0,38.2,32.7,27.1,12.83,38.3,50.6,30.0,9.15,39.7,46.8,29.4,9.59
WR70Plus,3,1500.0,1,1000.0,8,1000.0,4,0.0,0.0,40.3,35.1,30.3,12.11,39.2,52.3,30.6,8.42,42.1,47.7,33.0,8.74
WR70Plus,3,1500.0,1,1000.0,8,1000.0,4,0.0,1500.0,37.7,37.1,27.3,12.49,39.3,51.1,30.1,8.99,39.9,48.5,30.0,9.37
WR70Plus,3,1500.0,1,1000.0,8,1000.0,4,800.0,0.0,38.0,35.7,28.1,12.31,38.9,52.3,29.7,8.88,40.8,49.3,31.9,8.91
WR70Plus,3,1500.0,1,1000.0,8,1000.0,4,800.0,1500.0,35.9,37.7,25.7,12.62,39.0,51.1,28.8,9.49,38.3,49.8,29.0,9.59
WR70Plus,3,1500.0,1,1000.0,8,1000.0,4,1200.0,0.0,40.1,35.2,29.7,12.13,39.2,52.1,30.7,8.47,42.4,48.4,33.0,8.69
WR70Plus,3,1500.0,1,1000.0,8,1000.0,4,1200.0,1500.0,37.7,37.0,27.0,12.49,39.3,50.9,30.3,9.03,39.9,49.1,30.0,9.33
WR70Plus,3,1500.0,1,1000.0,12,2000.0,3,0.0,0.0,40.5,30.3,30.1,12.52,37.5,51.7,30.0,8.62,40.8,45.7,31.5,9.1
WR70Plus,3,1500.0,1,1000.0,12,2000.0,3,0.0,1500.0,38.2,32.4,27.5,12.86,38.3,50.8,29.8,9.11,39.7,45.9,29.4,9.67
WR70Plus,3,1500.0,1,1000.0,12,2000.0,3,800.0,0.0,39.5,30.6,28.5,12.63,37.2,49.7,29.5,9.14,39.4,48.5,30.5,9.16
WR70Plus,3,1500.0,1,1000.0,12,2000.0,3,800.0,1500.0,37.3,32.4,25.9,12.96,38.0,48.8,29.2,9.65,38.2,48.2,28.3,9.79
WR70Plus,3,1500.0,1,1000.0,12,2000.0,3,1200.0,0.0,40.3,30.8,29.5,12.52,37.5,51.5,30.1,8.66,40.8,46.8,31.5,9.01
WR70Plus,3,1500.0,1,1000.0,12,2000.0,3,1200.0,1500.0,38.2,32.7,27.1,12.83,38.3,50.6,30.0,9.15,39.7,46.8,29.4,9.59
WR70Plus,3,1500.0,1,1000.0,12,2000.0,4,0.0,0.0,39.7,34.2,30.2,12.33,38.9,52.0,30.1,8.56,41.3,47.9,31.8,8.94
WR70Plus,3,1500.0,1,1000.0,12,2000.0,4,0.0,1500.0,37.6,36.4,27.5,12.67,39.2,51.2,30.0,9.06,39.3,48.7,29.6,9.5
WR70Plus,3,1500.0,1,1000.0,12,2000.0,4,800.0,0.0,38.4,34.2,28.6,12.47,38.6,51.7,29.7,9.05,39.9,50.1,31.0,9.02
WR70Plus,3,1500.0,1,1000.0,12,2000.0,4,800.0,1500.0,36.5,36.2,25.9,12.78,38.7,50.9,29.4,9.56,37.9,50.7,28.6,9.63
WR70Plus,3,1500.0,1,1000.0,12,2000.0,4,1200.0,0.0,39.6,34.2,29.6,12.35,38.9,51.8,30.3,8.6,41.5,48.7,31.8,8.86
WR70Plus,3,1500.0,1,1000.0,12,2000.0,4,1200.0,1500.0,37.7,36.2,27.1,12.66,39.2,51.1,30.1,9.1,39.4,49.3,29.6,9.43
WR70Plus,3,1500.0,1,1500.0,99,0.0,1,0.0,0.0,39.6,21.4,26.9,13.98,35.5,40.1,27.7,10.73,36.8,38.0,26.9,11.04
WR70Plus,3,1500.0,1,1500.0,99,0.0,1,0.0,1500.0,37.3,22.7,24.7,14.35,36.6,38.3,27.7,11.27,37.6,36.3,27.2,11.52
WR70Plus,3,1500.0,1,1500.0,99,0.0,1,800.0,0.0,37.3,22.9,24.9,14.13,34.0,38.7,26.5,11.34,35.4,40.4,26.6,11.0
WR70Plus,3,1500.0,1,1500.0,99,0.0,1,800.0,1500.0,34.9,24.2,23.4,14.47,35.4,36.4,26.8,11.91,36.3,38.5,27.1,11.49
WR70Plus,3,1500.0,1,1500.0,99,0.0,1,1200.0,0.0,39.1,21.9,26.5,14.0,35.5,39.8,28.0,10.8,36.8,38.0,27.2,11.07
WR70Plus,3,1500.0,1,1500.0,99,0.0,1,1200.0,1500.0,36.8,23.2,24.3,14.37,36.6,38.0,28.0,11.34,37.6,36.3,27.5,11.56
WR70Plus,3,1500.0,1,1500.0,8,1000.0,3,0.0,0.0,39.6,21.4,26.9,13.98,35.5,40.1,27.7,10.73,36.8,38.0,26.9,11.04
WR70Plus,3,1500.0,1,1500.0,8,1000.0,3,0.0,1500.0,37.3,22.7,24.7,14.35,36.6,38.3,27.7,11.27,37.6,36.3,27.2,11.52
WR70Plus,3,1500.0,1,1500.0,8,1000.0,3,800.0,0.0,37.3,22.9,24.9,14.13,34.0,38.7,26.5,11.34,35.4,40.4,26.6,11.0
WR70Plus,3,1500.0,1,1500.0,8,1000.0,3,800.0,1500.0,34.9,24.2,23.4,14.47,35.4,36.4,26.8,11.91,36.3,38.5,27.1,11.49
WR70Plus,3,1500.0,1,1500.0,8,1000.0,3,1200.0,0.0,39.1,21.9,26.5,14.0,35.5,39.8,28.0,10.8,36.8,38.0,27.2,11.07
WR70Plus,3,1500.0,1,1500.0,8,1000.0,3,1200.0,1500.0,36.8,23.2,24.3,14.37,36.6,38.0,28.0,11.34,37.6,36.3,27.5,11.56
WR70Plus,3,1500.0,1,1500.0,8,1000.0,4,0.0,0.0,39.4,25.4,27.5,13.69,35.7,43.8,28.6,10.4,37.7,40.5,28.0,10.68
WR70Plus,3,1500.0,1,1500.0,8,1000.0,4,0.0,1500.0,37.0,26.6,25.8,14.03,35.7,43.5,27.4,10.98,38.3,39.0,27.9,11.2
WR70Plus,3,1500.0,1,1500.0,8,1000.0,4,800.0,0.0,37.1,27.2,25.7,13.79,34.0,42.9,27.6,10.99,35.7,43.8,27.5,10.59
WR70Plus,3,1500.0,1,1500.0,8,1000.0,4,800.0,1500.0,34.9,27.9,24.3,14.14,34.3,42.2,26.7,11.6,36.3,42.3,27.7,11.1
WR70Plus,3,1500.0,1,1500.0,8,1000.0,4,1200.0,0.0,39.0,25.3,27.0,13.72,35.7,43.2,28.9,10.49,37.4,40.7,28.3,10.68
WR70Plus,3,1500.0,1,1500.0,8,1000.0,4,1200.0,1500.0,36.6,26.4,25.4,14.07,35.7,42.9,27.7,11.07,37.9,39.1,28.2,11.21
WR70Plus,3,1500.0,1,1500.0,12,2000.0,3,0.0,0.0,39.6,21.4,26.9,13.98,35.5,40.1,27.7,10.73,36.8,38.0,26.9,11.04
WR70Plus,3,1500.0,1,1500.0,12,2000.0,3,0.0,1500.0,37.3,22.7,24.7,14.35,36.6,38.3,27.7,11.27,37.6,36.3,27.2,11.52
WR70Plus,3,1500.0,1,1500.0,12,2000.0,3,800.0,0.0,37.3,22.9,24.9,14.13,34.0,38.7,26.5,11.34,35.4,40.4,26.6,11.0
WR70Plus,3,1500.0,1,1500.0,12,2000.0,3,800.0,1500.0,34.9,24.2,23.4,14.47,35.4,36.4,26.8,11.91,36.3,38.5,27.1,11.49
WR70Plus,3,1500.0,1,1500.0,12,2000.0,3,1200.0,0.0,39.1,21.9,26.5,14.0,35.5,39.8,28.0,10.8,36.8,38.0,27.2,11.07
WR70Plus,3,1500.0,1,1500.0,12,2000.0,3,1200.0,1500.0,36.8,23.2,24.3,14.37,36.6,38.0,28.0,11.34,37.6,36.3,27.5,11.56
WR70Plus,3,1500.0,1,1500.0,12,2000.0,4,0.0,0.0,38.8,24.7,26.6,13.87,36.1,44.0,28.0,10.52,37.7,39.9,27.4,10.9
WR70Plus,3,1500.0,1,1500.0,12,2000.0,4,0.0,1500.0,36.7,26.1,24.6,14.2,36.9,42.5,27.7,11.06,38.0,37.9,27.7,11.41
WR70Plus,3,1500.0,1,1500.0,12,2000.0,4,800.0,0.0,37.3,26.3,24.9,13.96,34.9,41.7,26.8,11.18,35.7,43.7,27.1,10.81
WR70Plus,3,1500.0,1,1500.0,12,2000.0,4,800.0,1500.0,35.1,27.3,23.4,14.28,35.7,39.8,26.8,11.75,36.3,41.5,27.5,11.32
WR70Plus,3,1500.0,1,1500.0,12,2000.0,4,1200.0,0.0,38.4,24.9,26.2,13.88,36.1,43.8,28.3,10.58,37.6,40.1,27.7,10.91
WR70Plus,3,1500.0,1,1500.0,12,2000.0,4,1200.0,1500.0,36.3,26.3,24.2,14.21,36.9,42.3,28.0,11.13,37.9,38.0,28.0,11.43
WR70Plus,3,1500.0,2,0.0,99,0.0,1,0.0,0.0,48.1,43.1,39.5,9.07,41.4,57.8,38.1,6.13,42.1,55.7,38.0,6.4
WR70Plus,3,1500.0,2,0.0,99,0.0,1,0.0,1500.0,45.9,45.4,37.1,9.36,39.9,59.3,36.7,6.45,39.7,57.9,35.5,6.78
WR70Plus,3,1500.0,2,0.0,99,0.0,1,800.0,0.0,46.0,44.7,37.7,9.06,42.2,57.5,38.4,6.4,41.8,55.2,37.1,6.45
WR70Plus,3,1500.0,2,0.0,99,0.0,1,800.0,1500.0,43.3,47.6,34.8,9.33,40.7,59.0,36.6,6.77,39.1,57.7,34.3,6.82
WR70Plus,3,1500.0,2,0.0,99,0.0,1,1200.0,0.0,47.8,43.6,39.1,9.03,41.6,57.8,38.1,6.15,42.1,55.1,38.0,6.46
WR70Plus,3,1500.0,2,0.0,99,0.0,1,1200.0,1500.0,45.6,45.9,36.6,9.32,40.1,59.3,36.7,6.48,39.7,57.3,35.5,6.83
WR70Plus,3,1500.0,2,0.0,8,1000.0,3,0.0,0.0,48.1,43.1,39.5,9.07,41.4,57.8,38.1,6.13,42.1,55.7,38.0,6.4
WR70Plus,3,1500.0,2,0.0,8,1000.0,3,0.0,1500.0,45.9,45.4,37.1,9.36,39.9,59.3,36.7,6.45,39.7,57.9,35.5,6.78
WR70Plus,3,1500.0,2,0.0,8,1000.0,3,800.0,0.0,46.0,44.7,37.7,9.06,42.2,57.5,38.4,6.4,41.8,55.2,37.1,6.45
WR70Plus,3,1500.0,2,0.0,8,1000.0,3,800.0,1500.0,43.3,47.6,34.8,9.33,40.7,59.0,36.6,6.77,39.1,57.7,34.3,6.82
WR70Plus,3,1500.0,2,0.0,8,1000.0,3,1200.0,0.0,47.8,43.6,39.1,9.03,41.6,57.8,38.1,6.15,42.1,55.1,38.0,6.46
WR70Plus,3,1500.0,2,0.0,8,1000.0,3,1200.0,1500.0,45.6,45.9,36.6,9.32,40.1,59.3,36.7,6.48,39.7,57.3,35.5,6.83
WR70Plus,3,1500.0,2,0.0,8,1000.0,4,0.0,0.0,48.9,43.8,40.9,8.83,41.3,58.3,38.4,5.94,43.7,55.6,39.7,6.14
WR70Plus,3,1500.0,2,0.0,8,1000.0,4,0.0,1500.0,46.2,46.6,37.9,9.14,41.3,58.3,36.9,6.39,42.1,56.5,37.4,6.62
WR70Plus,3,1500.0,2,0.0,8,1000.0,4,800.0,0.0,46.2,45.9,38.8,8.82,41.9,57.8,38.7,6.17,43.2,55.2,39.0,6.26
WR70Plus,3,1500.0,2,0.0,8,1000.0,4,800.0,1500.0,43.5,48.6,35.4,9.13,41.6,57.8,37.2,6.65,40.4,57.4,36.2,6.68
WR70Plus,3,1500.0,2,0.0,8,1000.0,4,1200.0,0.0,48.3,44.4,40.4,8.8,41.4,58.1,38.4,5.98,43.7,55.2,39.7,6.17
WR70Plus,3,1500.0,2,0.0,8,1000.0,4,1200.0,1500.0,45.8,47.0,37.5,9.11,41.4,58.1,36.9,6.43,41.8,56.5,37.4,6.64
WR70Plus,3,1500.0,2,0.0,12,2000.0,3,0.0,0.0,48.1,43.1,39.5,9.07,41.4,57.8,38.1,6.13,42.1,55.7,38.0,6.4
WR70Plus,3,1500.0,2,0.0,12,2000.0,3,0.0,1500.0,45.9,45.4,37.1,9.36,39.9,59.3,36.7,6.45,39.7,57.9,35.5,6.78
WR70Plus,3,1500.0,2,0.0,12,2000.0,3,800.0,0.0,46.0,44.7,37.7,9.06,42.2,57.5,38.4,6.4,41.8,55.2,37.1,6.45
WR70Plus,3,1500.0,2,0.0,12,2000.0,3,800.0,1500.0,43.3,47.6,34.8,9.33,40.7,59.0,36.6,6.77,39.1,57.7,34.3,6.82
WR70Plus,3,1500.0,2,0.0,12,2000.0,3,1200.0,0.0,47.8,43.6,39.1,9.03,41.6,57.8,38.1,6.15,42.1,55.1,38.0,6.46
WR70Plus,3,1500.0,2,0.0,12,2000.0,3,1200.0,1500.0,45.6,45.9,36.6,9.32,40.1,59.3,36.7,6.48,39.7,57.3,35.5,6.83
WR70Plus,3,1500.0,2,0.0,12,2000.0,4,0.0,0.0,48.9,43.9,39.8,8.95,41.6,57.8,38.1,6.1,42.9,55.9,38.5,6.3
WR70Plus,3,1500.0,2,0.0,12,2000.0,4,0.0,1500.0,46.8,45.9,37.6,9.24,40.4,59.2,36.7,6.44,40.4,57.7,36.0,6.69
WR70Plus,3,1500.0,2,0.0,12,2000.0,4,800.0,0.0,46.9,45.5,38.3,8.92,42.0,57.7,38.3,6.37,42.7,55.4,37.6,6.37
WR70Plus,3,1500.0,2,0.0,12,2000.0,4,800.0,1500.0,44.1,47.9,35.4,9.23,40.7,59.0,36.4,6.74,40.1,57.9,34.7,6.74
WR70Plus,3,1500.0,2,0.0,12,2000.0,4,1200.0,0.0,48.4,44.5,39.6,8.91,41.7,57.8,38.1,6.12,42.9,55.7,38.5,6.34
WR70Plus,3,1500.0,2,0.0,12,2000.0,4,1200.0,1500.0,46.2,46.5,37.3,9.2,40.4,59.2,36.7,6.47,40.4,57.6,36.0,6.73
WR70Plus,3,1500.0,2,1000.0,99,0.0,1,0.0,0.0,47.6,33.3,38.3,10.92,42.6,53.8,36.9,7.29,44.1,49.3,39.0,7.69
WR70Plus,3,1500.0,2,1000.0,99,0.0,1,0.0,1500.0,45.2,36.0,36.0,11.14,41.7,54.4,36.0,7.67,42.7,50.7,36.6,8.15
WR70Plus,3,1500.0,2,1000.0,99,0.0,1,800.0,0.0,46.0,34.0,36.5,10.99,43.2,50.9,37.0,7.86,43.2,50.9,37.9,7.84
WR70Plus,3,1500.0,2,1000.0,99,0.0,1,800.0,1500.0,43.8,36.4,34.2,11.21,42.3,51.7,36.1,8.24,41.3,52.6,35.1,8.33
WR70Plus,3,1500.0,2,1000.0,99,0.0,1,1200.0,0.0,47.7,33.9,37.8,10.9,42.6,53.5,36.9,7.34,44.1,50.4,39.0,7.61
WR70Plus,3,1500.0,2,1000.0,99,0.0,1,1200.0,1500.0,45.3,36.6,35.5,11.11,41.7,54.2,36.0,7.71,42.7,51.8,36.6,8.06
WR70Plus,3,1500.0,2,1000.0,8,1000.0,3,0.0,0.0,47.6,33.3,38.3,10.92,42.6,53.8,36.9,7.29,44.1,49.3,39.0,7.69
WR70Plus,3,1500.0,2,1000.0,8,1000.0,3,0.0,1500.0,45.2,36.0,36.0,11.14,41.7,54.4,36.0,7.67,42.7,50.7,36.6,8.15
WR70Plus,3,1500.0,2,1000.0,8,1000.0,3,800.0,0.0,46.0,34.0,36.5,10.99,43.2,50.9,37.0,7.86,43.2,50.9,37.9,7.84
WR70Plus,3,1500.0,2,1000.0,8,1000.0,3,800.0,1500.0,43.8,36.4,34.2,11.21,42.3,51.7,36.1,8.24,41.3,52.6,35.1,8.33
WR70Plus,3,1500.0,2,1000.0,8,1000.0,3,1200.0,0.0,47.7,33.9,37.8,10.9,42.6,53.5,36.9,7.34,44.1,50.4,39.0,7.61
WR70Plus,3,1500.0,2,1000.0,8,1000.0,3,1200.0,1500.0,45.3,36.6,35.5,11.11,41.7,54.2,36.0,7.71,42.7,51.8,36.6,8.06
WR70Plus,3,1500.0,2,1000.0,8,1000.0,4,0.0,0.0,47.0,38.0,39.1,10.52,42.2,54.5,37.8,7.09,44.4,51.0,40.4,7.38
WR70Plus,3,1500.0,2,1000.0,8,1000.0,4,0.0,1500.0,44.2,40.6,36.2,10.77,41.6,54.7,36.1,7.56,42.7,52.6,37.1,7.9
WR70Plus,3,1500.0,2,1000.0,8,1000.0,4,800.0,0.0,44.3,38.7,36.7,10.7,42.6,53.8,37.7,7.57,44.1,51.3,39.4,7.62
WR70Plus,3,1500.0,2,1000.0,8,1000.0,4,800.0,1500.0,42.0,41.0,34.4,10.91,41.4,54.2,36.1,8.05,41.2,53.7,35.5,8.16
WR70Plus,3,1500.0,2,1000.0,8,1000.0,4,1200.0,0.0,46.8,38.2,38.8,10.53,42.2,54.2,37.8,7.15,44.8,51.3,40.4,7.36
WR70Plus,3,1500.0,2,1000.0,8,1000.0,4,1200.0,1500.0,43.9,40.8,35.9,10.78,41.6,54.5,36.1,7.61,42.6,53.2,37.1,7.86
WR70Plus,3,1500.0,2,1000.0,12,2000.0,3,0.0,0.0,47.6,33.3,38.3,10.92,42.6,53.8,36.9,7.29,44.1,49.3,39.0,7.69
WR70Plus,3,1500.0,2,1000.0,12,2000.0,3,0.0,1500.0,45.2,36.0,36.0,11.14,41.7,54.4,36.0,7.67,42.7,50.7,36.6,8.15
WR70Plus,3,1500.0,2,1000.0,12,2000.0,3,800.0,0.0,46.0,34.0,36.5,10.99,43.2,50.9,37.0,7.86,43.2,50.9,37.9,7.84
WR70Plus,3,1500.0,2,1000.0,12,2000.0,3,800.0,1500.0,43.8,36.4,34.2,11.21,42.3,51.7,36.1,8.24,41.3,52.6,35.1,8.33
WR70Plus,3,1500.0,2,1000.0,12,2000.0,3,1200.0,0.0,47.7,33.9,37.8,10.9,42.6,53.5,36.9,7.34,44.1,50.4,39.0,7.61
WR70Plus,3,1500.0,2,1000.0,12,2000.0,3,1200.0,1500.0,45.3,36.6,35.5,11.11,41.7,54.2,36.0,7.71,42.7,51.8,36.6,8.06
WR70Plus,3,1500.0,2,1000.0,12,2000.0,4,0.0,0.0,47.4,37.0,38.4,10.73,42.5,54.4,37.0,7.23,44.6,51.8,39.3,7.51
WR70Plus,3,1500.0,2,1000.0,12,2000.0,4,0.0,1500.0,44.8,39.6,36.0,10.95,41.4,55.1,36.0,7.62,42.3,53.2,37.1,7.99
WR70Plus,3,1500.0,2,1000.0,12,2000.0,4,800.0,0.0,45.6,37.3,36.6,10.85,43.2,53.8,37.0,7.72,44.0,53.1,38.3,7.65
WR70Plus,3,1500.0,2,1000.0,12,2000.0,4,800.0,1500.0,43.5,39.6,34.2,11.05,42.2,54.5,36.0,8.12,41.3,54.8,35.8,8.17
WR70Plus,3,1500.0,2,1000.0,12,2000.0,4,1200.0,0.0,47.4,37.1,37.9,10.73,42.6,54.2,37.0,7.27,44.8,52.6,39.3,7.44
WR70Plus,3,1500.0,2,1000.0,12,2000.0,4,1200.0,1500.0,44.8,39.7,35.5,10.95,41.4,55.0,36.0,7.66,42.4,54.1,37.1,7.91
WR70Plus,3,1500.0,2,1500.0,99,0.0,1,0.0,0.0,45.2,23.0,35.0,12.56,41.9,42.2,36.6,9.21,42.9,41.6,35.5,9.51
WR70Plus,3,1500.0,2,1500.0,99,0.0,1,0.0,1500.0,42.9,24.8,32.4,12.84,41.3,42.2,35.5,9.63,42.6,41.0,34.6,9.96
WR70Plus,3,1500.0,2,1500.0,99,0.0,1,800.0,0.0,43.3,24.1,33.1,12.75,41.1,41.7,35.8,9.77,40.2,43.8,34.1,9.63
WR70Plus,3,1500.0,2,1500.0,99,0.0,1,800.0,1500.0,41.0,25.9,31.2,12.99,40.8,41.4,35.1,10.2,39.6,43.5,33.0,10.1
WR70Plus,3,1500.0,2,1500.0,99,0.0,1,1200.0,0.0,44.9,23.4,34.7,12.59,41.9,41.9,36.7,9.29,42.9,41.6,35.7,9.56
WR70Plus,3,1500.0,2,1500.0,99,0.0,1,1200.0,1500.0,42.7,25.3,32.0,12.87,41.3,41.9,35.7,9.72,42.6,41.0,34.7,10.01
WR70Plus,3,1500.0,2,1500.0,8,1000.0,3,0.0,0.0,45.2,23.0,35.0,12.56,41.9,42.2,36.6,9.21,42.9,41.6,35.5,9.51
WR70Plus,3,1500.0,2,1500.0,8,1000.0,3,0.0,1500.0,42.9,24.8,32.4,12.84,41.3,42.2,35.5,9.63,42.6,41.0,34.6,9.96
WR70Plus,3,1500.0,2,1500.0,8,1000.0,3,800.0,0.0,43.3,24.1,33.1,12.75,41.1,41.7,35.8,9.77,40.2,43.8,34.1,9.63
WR70Plus,3,1500.0,2,1500.0,8,1000.0,3,800.0,1500.0,41.0,25.9,31.2,12.99,40.8,41.4,35.1,10.2,39.6,43.5,33.0,10.1
WR70Plus,3,1500.0,2,1500.0,8,1000.0,3,1200.0,0.0,44.9,23.4,34.7,12.59,41.9,41.9,36.7,9.29,42.9,41.6,35.7,9.56
WR70Plus,3,1500.0,2,1500.0,8,1000.0,3,1200.0,1500.0,42.7,25.3,32.0,12.87,41.3,41.9,35.7,9.72,42.6,41.0,34.7,10.01
WR70Plus,3,1500.0,2,1500.0,8,1000.0,4,0.0,0.0,44.5,27.3,35.4,12.29,41.4,47.0,36.7,8.87,42.9,43.7,36.8,9.21
WR70Plus,3,1500.0,2,1500.0,8,1000.0,4,0.0,1500.0,41.8,29.2,33.3,12.55,40.4,47.6,35.4,9.29,42.9,42.9,35.7,9.66
WR70Plus,3,1500.0,2,1500.0,8,1000.0,4,800.0,0.0,42.8,28.6,33.6,12.44,41.3,46.7,36.1,9.4,40.2,46.3,34.9,9.27
WR70Plus,3,1500.0,2,1500.0,8,1000.0,4,800.0,1500.0,40.6,29.6,31.9,12.7,40.4,47.1,35.1,9.83,39.7,45.9,33.8,9.73
WR70Plus,3,1500.0,2,1500.0,8,1000.0,4,1200.0,0.0,44.3,27.1,35.1,12.34,41.4,46.4,36.9,8.97,42.9,43.8,36.8,9.23
WR70Plus,3,1500.0,2,1500.0,8,1000.0,4,1200.0,1500.0,41.6,28.9,33.0,12.59,40.4,47.0,35.5,9.39,42.7,43.0,35.7,9.69
WR70Plus,3,1500.0,2,1500.0,12,2000.0,3,0.0,0.0,45.2,23.0,35.0,12.56,41.9,42.2,36.6,9.21,42.9,41.6,35.5,9.51
WR70Plus,3,1500.0,2,1500.0,12,2000.0,3,0.0,1500.0,42.9,24.8,32.4,12.84,41.3,42.2,35.5,9.63,42.6,41.0,34.6,9.96
WR70Plus,3,1500.0,2,1500.0,12,2000.0,3,800.0,0.0,43.3,24.1,33.1,12.75,41.1,41.7,35.8,9.77,40.2,43.8,34.1,9.63
WR70Plus,3,1500.0,2,1500.0,12,2000.0,3,800.0,1500.0,41.0,25.9,31.2,12.99,40.8,41.4,35.1,10.2,39.6,43.5,33.0,10.1
WR70Plus,3,1500.0,2,1500.0,12,2000.0,3,1200.0,0.0,44.9,23.4,34.7,12.59,41.9,41.9,36.7,9.29,42.9,41.6,35.7,9.56
WR70Plus,3,1500.0,2,1500.0,12,2000.0,3,1200.0,1500.0,42.7,25.3,32.0,12.87,41.3,41.9,35.7,9.72,42.6,41.0,34.7,10.01
WR70Plus,3,1500.0,2,1500.0,12,2000.0,4,0.0,0.0,44.9,26.3,34.9,12.45,41.4,46.1,36.7,9.01,42.6,43.5,35.8,9.39
WR70Plus,3,1500.0,2,1500.0,12,2000.0,4,0.0,1500.0,42.7,28.3,32.5,12.69,40.5,46.5,35.4,9.44,41.9,42.9,34.9,9.85
WR70Plus,3,1500.0,2,1500.0,12,2000.0,4,800.0,0.0,43.6,27.6,33.1,12.58,41.6,44.0,36.0,9.62,39.6,46.8,34.4,9.45
WR70Plus,3,1500.0,2,1500.0,12,2000.0,4,800.0,1500.0,41.0,29.0,31.1,12.84,40.5,44.3,34.9,10.07,38.8,46.3,33.3,9.93
WR70Plus,3,1500.0,2,1500.0,12,2000.0,4,1200.0,0.0,44.6,26.4,34.6,12.48,41.4,45.6,36.9,9.11,42.6,43.7,36.0,9.41
WR70Plus,3,1500.0,2,1500.0,12,2000.0,4,1200.0,1500.0,42.4,28.4,32.2,12.72,40.5,46.1,35.5,9.53,41.9,43.0,35.1,9.88
