mod,feat,bucket,lo,hi,IS_n,IS_pf_in,IS_pf_out,IS_wr_in,C24_n,C24_pf_in,C24_pf_out,C24_wr_in,REAL_n,REAL_pf_in,REAL_pf_out,REAL_wr_in
CRT11,vw,low33,-inf,-0.10947857694257551,44,1.5925739542723354,1.8419406389366042,45.45454545454545,45,1.5965426731384718,2.4080205857339574,44.44444444444444,49,1.5256896250072898,1.9521986282063328,44.89795918367347
CRT11,vw,high33,-0.004338440614089358,inf,44,2.353439102019011,1.485046002582854,54.54545454545454,33,1.6727924844127584,2.210084150988356,57.57575757575758,32,1.3800899929344386,1.9673636818409208,53.125
CRT11,vw,low20,-inf,-0.15570351224588305,27,1.6683727673828506,1.7871949792905153,44.44444444444444,28,1.4170194575312525,2.29434458019169,39.285714285714285,31,1.304582866604977,1.9286031278291593,45.16129032258064
CRT11,vw,high20,0.03618066675246597,inf,27,2.9545778635238857,1.4468433377325614,55.55555555555556,18,,1.9673989183760834,61.111111111111114,19,,1.8723698976013472,57.89473684210527
CRT11,open,low33,-inf,-0.23960645251355558,44,1.0122082581909142,2.643985848399587,36.36363636363637,48,1.3511773768169524,2.7614289841179804,50.0,46,1.1836861768368612,2.2537920739635,50.0
CRT11,open,high33,0.01625031276319743,inf,44,2.129988112485601,1.6176323818306984,59.09090909090909,36,1.9596580784669735,2.0575607420117925,50.0,32,1.9765553922597803,1.7128977100212541,50.0
CRT11,open,low20,-inf,-0.352507945439244,27,1.0936046387791527,2.057943771870563,29.629629629629626,41,1.4453791093006187,2.482594955682605,51.21951219512195,36,1.1643058504158976,2.118650406166249,47.22222222222222
CRT11,open,high20,0.12769476703861926,inf,27,2.351286259160502,1.6468455235762969,59.25925925925925,20,,2.1454314304758566,50.0,18,,1.855178558170614,50.0
CRT11,rng,low33,-inf,0.5275392131478388,44,2.655517596336013,1.5269331765100815,54.54545454545454,44,2.303269033718216,1.9063441937758923,50.0,43,1.6125841039663278,1.8715842678881696,44.18604651162791
CRT11,rng,high33,0.6719148046731244,inf,44,1.7270265708813621,1.780348960338431,50.0,49,1.7460670746312372,2.3158235158711364,51.02040816326531,45,1.6000442044772816,1.8753401924991706,51.11111111111111
CRT11,rng,low20,-inf,0.44851490673278327,27,1.106636338039752,1.8831706419701184,48.148148148148145,26,1.9839473980944209,2.049481202657158,46.15384615384615,23,,1.696681877948798,47.82608695652174
CRT11,rng,high20,0.8075621831545108,inf,27,1.6887800085178133,1.7841460228836614,51.85185185185185,32,1.0493633414068408,2.79838305728077,34.375,31,1.0909487935364117,2.135192046812044,38.70967741935484
CRT11,pos,low33,-inf,0.26324586255079285,44,1.3063539152501236,2.052161438778498,40.909090909090914,47,2.4464461055971953,1.8212476995015434,53.191489361702125,44,2.4003399329321513,1.5096647730366448,52.27272727272727
CRT11,pos,high33,0.5324715522656128,inf,44,1.6938135676903328,1.7869742298195759,56.81818181818182,35,2.060484344516274,2.0277946936830844,51.42857142857142,32,1.9589970106634544,1.6807889372486366,56.25
CRT11,pos,low20,-inf,0.18957006021606645,27,0.9564138172096389,1.9786038778644754,33.33333333333333,31,2.467079256893398,1.885657510078161,51.61290322580645,30,2.6305244941427044,1.5508877461919086,53.333333333333336
CRT11,pos,high20,0.6670529576513183,inf,27,1.5761108691840913,1.7981351158749344,62.96296296296296,21,,1.8269305964144704,57.14285714285714,21,,1.6011126100862503,57.14285714285714
CRT11,trend,low33,-inf,0.9226297353344687,43,1.273736256531445,1.9594179192870602,41.86046511627907,40,3.391074692612568,1.5100897365607164,55.00000000000001,37,2.0610322845979847,1.6229220164887153,48.64864864864865
CRT11,trend,high33,1.7455919645961302,inf,43,2.071368153143808,1.5263847302469487,48.837209302325576,42,2.9325548669782644,1.7544954295170698,64.28571428571429,38,2.4893690979665135,1.5497986303464921,63.1578947368421
CRT11,trend,low20,-inf,0.5962625810356984,26,1.540190826839419,1.7610657114516413,34.61538461538461,28,2.144308387933313,2.0038270572139627,46.42857142857143,27,1.9972264870486844,1.6782731548545171,48.148148148148145
CRT11,trend,high20,2.3392467304041618,inf,26,1.7132655844726226,1.7113548635746254,46.15384615384615,23,,1.8468466453253247,65.21739130434783,22,,1.6034427990137503,63.63636363636363
CRT11,gap,low33,-inf,-0.20705778097750732,43,1.6650327223047128,1.7375859327876755,41.86046511627907,28,2.389835618828658,1.9459976130728203,53.57142857142857,28,1.9375380865326017,1.7148815705718787,50.0
CRT11,gap,high33,0.10481755386033562,inf,43,2.3345197090800363,1.4498753226620227,60.46511627906976,50,2.1963354900482965,1.910322307494832,52.0,47,1.6056717705412988,1.912385932533579,46.808510638297875
CRT11,gap,low20,-inf,-0.36773006794446783,26,2.1478092264917166,1.5951341984111203,42.30769230769231,21,,2.0257086408015184,47.61904761904761,21,,1.7113044297536242,47.61904761904761
CRT11,gap,high20,0.31758702041446446,inf,26,1.8866009632897482,1.667117973269292,65.38461538461539,25,3.5294622025579527,1.657709711103385,68.0,22,,1.5175552452148198,63.63636363636363
CRT11,pdret,low33,-inf,-0.05013224747463609,41,1.002170881454326,2.0951883823381787,43.90243902439025,27,1.2198244288534732,2.2996207737802745,37.03703703703704,28,1.311835454070071,1.977147693609819,42.857142857142854
CRT11,pdret,high33,0.6154665696089773,inf,42,3.694860485804806,0.9975222839799335,57.14285714285714,42,4.212882093504747,1.3169825670734063,61.904761904761905,43,2.81730898649558,1.3314274859910726,55.81395348837209
CRT11,pdret,low20,-inf,-0.36667645006529187,25,1.2630839820055422,1.7797600693456466,48.0,16,,2.2016582455239146,37.5,16,,1.889629166173462,43.75
CRT11,pdret,high20,0.8877768522181114,inf,25,6.93316734934267,1.1039846332580354,64.0,28,5.6797412621391,1.4469840780381544,67.85714285714286,27,4.472283813747229,1.339771688790447,62.96296296296296
CRT11,m30,low33,-inf,-0.015613046054652786,44,1.9794284755949687,1.6939842490298525,47.72727272727273,39,1.6951235978163972,2.1799371139784216,46.15384615384615,35,1.4473024801840957,1.86925721065764,42.857142857142854
CRT11,m30,high33,0.09079349610686903,inf,44,1.7461237080388345,1.7686963327840965,52.27272727272727,31,2.144632410011623,1.9946896996488892,61.29032258064516,31,2.0521677327647474,1.652050716450566,64.51612903225806
CRT11,m30,low20,-inf,-0.06448754324075516,27,1.8167993789679162,1.7491771713720796,51.85185185185185,25,1.8325690992045605,2.083417115250718,44.0,22,,1.744696738799147,40.909090909090914
CRT11,m30,high20,0.14191878610993802,inf,27,2.046215699757766,1.6377018664497698,62.96296296296296,17,,1.8797111679235639,70.58823529411765,17,,1.5763340294803119,70.58823529411765
CRT11,ret5,low33,-inf,0.35599860645574694,42,1.459127840972336,1.853836223995414,42.857142857142854,31,1.992317089185013,2.1802470235716607,51.61290322580645,28,1.5363358419567257,2.039335881834016,46.42857142857143
CRT11,ret5,high33,1.4034365794769577,inf,42,1.716254668944551,1.7128652611106188,52.38095238095239,47,2.9320608695179224,1.733337685784606,59.57446808510638,41,3.266720688150595,1.4334364171541418,63.41463414634146
CRT11,ret5,low20,-inf,-0.08841362716018626,25,0.5334283516747979,2.1921190661874688,24.0,21,,2.164304155290197,47.61904761904761,20,,2.053035647590988,40.0
CRT11,ret5,high20,2.0273535438001904,inf,25,2.1853462937101535,1.6036729819411062,60.0,26,3.622802182205772,1.8337545395134158,61.53846153846154,20,,1.65696047850275,65.0
CRT11,atr,low33,-inf,0.8614713570851459,44,1.6605126581229819,1.7954838346208781,47.72727272727273,26,1.2561510383241798,2.291597079884543,57.692307692307686,21,,1.9324297908386008,61.904761904761905
CRT11,atr,high33,1.021976703153874,inf,44,1.291009806570964,2.1839868740080024,43.18181818181818,67,2.1607531361846513,1.8564946191803509,46.26865671641791,69,1.9750045760540176,1.3836155540311221,46.3768115942029
CRT11,atr,low20,-inf,0.8284615993031456,27,1.438063749120188,1.8247416526721436,40.74074074074074,21,,2.2596322322974047,57.14285714285714,19,,1.877925214881737,63.1578947368421
CRT11,atr,high20,1.147377394566043,inf,27,2.1556197782151103,1.6195249970801822,51.85185185185185,44,2.029326779086398,2.0433183431072224,45.45454545454545,42,1.6665238380895246,1.8416827922310617,42.857142857142854
CRT11,pd,low33,-inf,-0.6277857282641212,44,1.1656955576182595,2.1829688120448534,40.909090909090914,44,1.4764793441963069,2.552008443746994,45.45454545454545,45,1.3305853942876178,2.1424128896398056,44.44444444444444
CRT11,pd,high33,-0.2057073783462588,inf,44,2.1544019901603373,1.634142035221565,61.36363636363637,45,1.7511225515009168,2.2111161272825135,51.11111111111111,40,1.5810032017075775,1.8662113380917225,50.0
CRT11,pd,low20,-inf,-1.012804397167813,27,1.2509169660129975,1.9323669018074843,37.03703703703704,24,,2.3739136485199315,41.66666666666667,24,,1.9997666361498556,41.66666666666667
CRT11,pd,high20,0.011802406639725304,inf,27,1.8034931908863951,1.748730038743119,62.96296296296296,26,1.7254513595983934,2.1182473417067684,46.15384615384615,25,1.9191738382099819,1.725269084551099,48.0
CRT11,svw,low33,-inf,-0.21120840032775623,44,1.3800471157383019,2.0409421967376526,40.909090909090914,49,1.7238724474857086,2.3327990983122264,51.02040816326531,41,1.4442823513809222,1.9670270848945521,46.34146341463415
CRT11,svw,high33,0.012567868645386863,inf,44,2.0301627165646097,1.6416851741252931,59.09090909090909,39,2.9081218426613664,1.6831150965600994,56.41025641025641,34,1.7502561370435639,1.767330601353283,52.94117647058824
CRT11,svw,low20,-inf,-0.32265825273021537,27,1.0103793872996556,2.1001563411711754,37.03703703703704,37,1.7545638446571787,2.20662504513865,51.35135135135135,20,,1.7538653561120214,55.00000000000001
CRT11,svw,high20,0.12689591368009148,inf,27,1.5967775734697356,1.7917975382395301,62.96296296296296,16,,2.068293890198358,56.25,10,,1.8375350536781583,50.0
ICT,vw,low33,-inf,0.014354897777080917,31,1.6979810419673502,1.5218297259152402,64.51612903225806,30,1.5653714104078895,1.5269737026222747,63.33333333333333,25,2.373538362966522,1.4159239952917437,72.0
ICT,vw,high33,0.06934452681132844,inf,31,1.6285044238354027,1.5208451127604181,58.06451612903226,18,,1.6390551670328506,66.66666666666666,22,,1.4520561153160099,68.18181818181817
ICT,vw,low20,-inf,-0.03745544535697233,19,,1.684201847254979,57.89473684210527,13,,1.5784100252417772,61.53846153846154,11,,1.7064535861752563,54.54545454545454
ICT,vw,high20,0.0880066756849282,inf,19,,1.4519353272515427,68.42105263157895,11,,1.4652234877478088,72.72727272727273,17,,1.3026246185147508,76.47058823529412
ICT,open,low33,-inf,-0.08699105285657596,31,1.3909743072585938,1.6418555466879368,58.06451612903226,27,1.6197807254466674,1.491161117161578,59.25925925925925,21,,1.6358464430592659,61.904761904761905
ICT,open,high33,0.046743299035217144,inf,31,2.1526957385599044,1.2689934487305552,67.74193548387096,29,1.4099894342803359,1.636751578441213,68.96551724137932,33,1.3821291618479514,1.8962652551095418,66.66666666666666
ICT,open,low20,-inf,-0.1693395109622111,19,,1.751186803285882,52.63157894736842,19,,1.374403475737742,63.1578947368421,15,,1.5102296113958273,66.66666666666666
ICT,open,high20,0.10185188367659959,inf,19,,1.2377504681836005,73.68421052631578,11,,1.7083683713258861,63.63636363636363,17,,1.5587680125224432,70.58823529411765
ICT,rng,low33,-inf,0.28615252431207056,31,1.5178572878685666,1.5907172103857887,58.06451612903226,25,1.3181906714029827,1.6526536469045214,60.0,28,1.3123385012919895,1.8273927579758593,60.71428571428571
ICT,rng,high33,0.3695298865120359,inf,31,1.4467412286961165,1.6357227829410825,54.83870967741935,30,1.7363790747059706,1.407712249205247,63.33333333333333,26,2.885026376301907,1.2002385369732307,73.07692307692307
ICT,rng,low20,-inf,0.24865125882780137,19,,1.536572767011083,57.89473684210527,12,,1.7902546408824704,50.0,13,,1.9451418972681462,53.84615384615385
ICT,rng,high20,0.45131765768517806,inf,19,,1.6519703339755376,52.63157894736842,22,,1.4242504147671746,63.63636363636363,16,,1.4353611409903988,68.75
ICT,pos,low33,-inf,0.24500333520464357,31,1.8687913250462513,1.4577478997935123,67.74193548387096,23,,1.4589644461856845,60.86956521739131,20,,1.5871824480369516,60.0
ICT,pos,high33,0.42450993431130996,inf,31,1.6363917126825114,1.523653649410668,54.83870967741935,20,,1.6627420500977095,65.0,21,,1.495557972985223,71.42857142857143
ICT,pos,low20,-inf,0.19538480468368405,19,,1.4822206672065474,73.68421052631578,13,,1.3878388862624234,69.23076923076923,11,,1.5892843326885877,63.63636363636363
ICT,pos,high20,0.4795706760279054,inf,19,,1.568072406240408,52.63157894736842,11,,2.0196313732456956,36.36363636363637,13,,1.852415918774363,53.84615384615385
ICT,trend,low33,-inf,1.0611549151145423,30,2.708231200145802,1.1865798548523787,70.0,35,1.0163898408404,2.156672389624115,57.14285714285714,32,1.3423323310236628,1.770225368390638,62.5
ICT,trend,high33,2.0416978216933797,inf,31,0.9055088925046513,2.0552797153095868,51.61290322580645,16,,1.155810676778149,75.0,11,,1.376521911560579,72.72727272727273
ICT,trend,low20,-inf,0.5465744044725381,18,,1.4110964709233849,66.66666666666666,19,,1.3797987943690442,78.94736842105263,22,,1.4474094365465446,72.72727272727273
ICT,trend,high20,2.5978997184269854,inf,19,,1.9414387682101908,42.10526315789473,15,,1.1804094010386579,73.33333333333333,9,,1.2763946603905412,88.88888888888889
ICT,gap,low33,-inf,-0.34274391365078594,30,2.1683124068950597,1.3264727744897804,66.66666666666666,28,1.4376704589319476,1.504603629690879,60.71428571428571,25,1.456586826347305,1.6209605880116582,60.0
ICT,gap,high33,-0.08218178685816938,inf,31,0.9176980866075177,2.0360642604044625,51.61290322580645,24,,1.1986583051336857,70.83333333333334,21,,1.2702449812861516,76.19047619047619
ICT,gap,low20,-inf,-0.4816862451051594,18,,1.3897156504216666,66.66666666666666,17,,1.5701202501944134,58.82352941176471,16,,1.9118179165450824,50.0
ICT,gap,high20,0.006235281556738776,inf,19,,1.973779009843235,47.368421052631575,18,,1.145269767119508,77.77777777777779,17,,1.2444706344529557,82.35294117647058
ICT,m30,low33,-inf,-0.01856969760898816,31,1.0183451724082142,1.8523883249214619,54.83870967741935,22,,1.601076018998037,59.09090909090909,17,,1.6926202647791322,64.70588235294117
ICT,m30,high33,0.0655657753353363,inf,31,1.215530812605533,1.8377440593496952,51.61290322580645,26,2.619359404473351,1.2064218526848078,76.92307692307693,23,,1.3702707715133529,69.56521739130434
ICT,m30,low20,-inf,-0.0893034421318483,19,,1.7816970082171757,52.63157894736842,12,,1.4179776755576754,75.0,9,,1.5115227223777723,77.77777777777779
ICT,m30,high20,0.08419387516377236,inf,19,,1.7068156701345099,52.63157894736842,18,,1.4144339703362436,77.77777777777779,17,,1.3196399345335514,76.47058823529412
ICT,atr,low33,-inf,0.8812041627348672,31,0.9232553643920242,1.8938020763338166,48.38709677419355,16,,1.631344105910224,56.25,15,,1.5409284053555679,66.66666666666666
ICT,atr,high33,1.1082236878342036,inf,31,2.4582191423956496,1.241010570223247,74.19354838709677,35,1.5909360202969576,1.475518534225859,60.0,32,1.2894949168952718,2.143968531468531,56.25
ICT,atr,low20,-inf,0.8174298224717018,19,,1.8831292918904783,42.10526315789473,8,,1.554139947708822,62.5,6,,1.5989456179457238,66.66666666666666
ICT,atr,high20,1.1951481546509075,inf,19,,1.4322546221405288,73.68421052631578,29,1.593540947551713,1.4870881523176205,58.620689655172406,26,1.2987446176238702,2.0000738443361383,57.692307692307686
ICT,pd,low33,-inf,-0.7247658412983712,31,2.4638636922283594,1.294666965882183,70.96774193548387,28,0.9514106151658362,2.2496064376689944,53.57142857142857,23,,2.2935072028401713,52.17391304347826
ICT,pd,high33,-0.3514788956803345,inf,31,0.9573681696967515,2.102363461317077,51.61290322580645,28,1.4364031190690996,1.5958261793525337,64.28571428571429,31,1.515598548972188,1.6849540451605578,67.74193548387096
ICT,pd,low20,-inf,-1.0504089504162368,19,,1.5330459096540763,63.1578947368421,12,,1.7855721460498408,50.0,10,,1.8309456846545966,50.0
ICT,pd,high20,-0.16316126256663022,inf,19,,2.0046491750359277,47.368421052631575,16,,1.7038239496811656,62.5,16,,1.6742544178682983,68.75
ICT,svw,low33,-inf,-0.2358436243389361,31,1.7132998894167264,1.5046613218415636,64.51612903225806,21,,1.7092526731910764,52.38095238095239,13,,1.5357825948358301,61.53846153846154
ICT,svw,high33,-0.10290326362932425,inf,31,1.292889015168638,1.772093341177658,48.38709677419355,33,1.2676375252035477,1.8179073974167859,63.63636363636363,41,1.3421264275373967,2.0622144112478034,65.85365853658537
ICT,svw,low20,-inf,-0.32231138641307966,19,,1.5331639062123414,63.1578947368421,15,,1.2994055442292323,66.66666666666666,7,,1.5526434534105438,57.14285714285714
ICT,svw,high20,-0.028847868811015392,inf,19,,1.9679058426647122,36.84210526315789,14,,1.7694915564993305,57.14285714285714,22,,1.8416820946839456,59.09090909090909
LON,pos,low33,-inf,0.5089376945610321,110,0.32935606228621894,1.9339276279626598,20.0,73,0.4125844460671563,2.273869409410217,16.43835616438356,64,0.5045386319777,2.268351857996019,18.75
LON,pos,high33,0.7932227673601345,inf,110,2.8178025248753165,0.7372891387425029,61.81818181818181,84,4.345499749057616,0.7255973624297984,69.04761904761905,69,4.558458601765686,0.737379652199965,69.56521739130434
LON,pos,low20,-inf,0.3503388823775279,66,0.23395380946630534,1.6467767868375007,13.636363636363635,48,0.12474536922027744,2.06805177389076,6.25,37,0.16413078666235023,2.019408295403552,8.108108108108109
LON,pos,high20,0.8707508719047374,inf,66,3.530605521162695,0.8835189356616984,68.18181818181817,60,3.690607234292381,0.9955525416563894,66.66666666666666,52,4.074958565616997,0.9941759941759946,69.23076923076923
LON,trend,low33,-inf,1.1261740869694947,107,0.9491896615208816,1.3178557905141457,37.38317757009346,93,1.4507393417427425,1.377634102623127,44.086021505376344,79,1.6289063555087384,1.3257742721262038,46.835443037974684
LON,trend,high33,1.8589673057168161,inf,107,1.5776993543852238,1.0132777057942963,48.598130841121495,68,1.5942814372329939,1.3404381520046984,44.11764705882353,52,1.4501684919966298,1.4529834330631148,42.30769230769231
LON,trend,low20,-inf,0.7311603900830662,64,0.7832312266875094,1.3012288974313886,34.375,65,1.1671688796438335,1.524893412820001,41.53846153846154,57,1.2096166880036145,1.5558360534482485,43.859649122807014
LON,trend,high20,2.374096229537251,inf,65,1.4651612942373353,1.0995125093231544,44.61538461538462,37,1.6176924821018162,1.3687308734792683,48.64864864864865,26,1.137021857923497,1.5144989137621618,42.30769230769231
LON,gap,low33,-inf,-0.05976017050894889,107,0.2777218512482503,2.1461296478081633,17.75700934579439,75,0.4267107754963794,2.4342259225742917,22.666666666666664,65,0.31149097815764487,2.903181365920862,20.0
LON,gap,high33,0.21834332766103617,inf,107,4.855339504710408,0.5473139941958405,70.09345794392523,78,8.113980993430902,0.49117272465304346,76.92307692307693,63,11.451656775469832,0.4558688574050563,80.95238095238095
LON,gap,low20,-inf,-0.23002699600086418,64,0.1699449184277227,1.6934965866764873,12.5,42,0.24666665451835657,1.9619861258559539,19.047619047619047,33,0.19819652664390675,2.035740768204065,18.181818181818183
LON,gap,high20,0.3486157128740348,inf,64,8.83545265771842,0.6934462126380476,76.5625,59,8.930624393153865,0.6436528165543729,77.96610169491525,45,12.912568306010932,0.7331284617627056,82.22222222222221
LON,pdret,low33,-inf,-0.1024075124125607,105,1.2174152102417775,1.173534619484417,44.761904761904766,61,2.230313293818783,1.0869472954924118,50.81967213114754,58,1.9293047130191316,1.1057033730318615,50.0
LON,pdret,high33,0.547894312213468,inf,105,1.2947028236795288,1.142988349711645,43.80952380952381,59,1.2405906461042573,1.4329477891989342,40.67796610169492,48,1.035739313244569,1.4758138560912364,39.58333333333333
LON,pdret,low20,-inf,-0.4370947721873029,63,1.2073673191559549,1.1839933015266417,42.857142857142854,32,1.3100413500223682,1.3865665153091238,46.875,28,1.2367555116814735,1.36474851542765,50.0
LON,pdret,high20,0.790673724143026,inf,63,1.4099155579921379,1.1434950269379747,44.44444444444444,37,1.3110232698110609,1.3914598150296604,37.83783783783784,30,1.0427476415094337,1.4199019870916725,33.33333333333333
LON,m30,low33,-inf,-0.026204614747436124,110,0.5615384248544959,1.6601629953757737,30.909090909090907,74,0.8302214193234263,1.8318365965822323,28.37837837837838,60,0.8491252788540566,1.8107929947086183,30.0
LON,m30,high33,0.02247419778720003,inf,110,2.9265952556578267,0.6795077593890401,60.909090909090914,85,1.9498020748407892,1.1363368512048333,55.294117647058826,72,2.5623407762625505,0.9790095268089128,61.111111111111114
LON,m30,low20,-inf,-0.05224320456094102,66,0.5106947615402876,1.4315240398967617,30.303030303030305,49,0.5434125980371718,1.830674994539799,18.367346938775512,35,0.6156119390382908,1.7438580664561725,20.0
LON,m30,high20,0.04925347996913485,inf,66,2.653549242688631,0.9215599341576715,60.60606060606061,45,1.974878136108732,1.3058592223181906,55.55555555555556,38,3.2418718286036454,1.2075419521086046,65.78947368421053
LON,ret5,low33,-inf,0.46359519045170433,105,1.0296231129594815,1.3141949542708298,39.04761904761905,67,1.1667041916299246,1.6446346376048064,43.28358208955223,59,1.4593224158653837,1.5639575847248652,47.45762711864407
LON,ret5,high33,1.658594284418979,inf,105,1.2218185555980399,1.194777765234117,44.761904761904766,67,1.4716282995627592,1.487510724461048,43.28358208955223,48,1.7375728847686562,1.4476887687425497,45.83333333333333
LON,ret5,low20,-inf,-0.09326295873174228,63,0.8119992933546875,1.352995988661989,34.92063492063492,40,1.1732260464213713,1.5619179526079592,40.0,35,1.9218783813027482,1.4525333294982243,51.42857142857142
LON,ret5,high20,2.0329156371002144,inf,63,1.189379669185322,1.2053887655153623,46.03174603174603,50,1.48069712341444,1.4826304592666708,44.0,34,1.8091509978823077,1.466532965655553,50.0
LON,atr,low33,-inf,0.8899028808569516,110,1.056120209282446,1.229152774748391,39.09090909090909,55,1.6841415465268983,1.3477958394095895,45.45454545454545,40,1.9160798501195162,1.350504563826656,47.5
LON,atr,high33,1.0923683198010152,inf,110,1.229257139537358,1.148753685992451,48.18181818181818,100,1.2647895123547666,1.5620153406902546,44.0,90,1.2893630439352535,1.6241114786402993,44.44444444444444
LON,atr,low20,-inf,0.8431073390991047,66,0.797972072709078,1.2672303682338495,33.33333333333333,37,2.21191382725596,1.311154513944801,51.35135135135135,32,2.4462566844919786,1.3056839332970367,53.125
LON,atr,high20,1.2011374223701232,inf,66,0.9131389535211394,1.2922450618784445,40.909090909090914,70,1.3890936866236872,1.4229185724588205,44.285714285714285,66,1.3130788586112743,1.5426484225666655,43.93939393939394
LON,pd,low33,-inf,-0.4529277333463084,110,0.8944767640818607,1.3999739737134527,36.36363636363637,67,0.8119542678390381,1.7793880762764573,35.82089552238806,51,0.7690653809818547,1.7976134453781523,35.294117647058826
LON,pd,high33,-0.092409618065669,inf,110,1.6568575236092755,1.0141299702013686,50.0,88,2.2781271485451056,1.0398764241190492,52.27272727272727,74,2.4247861623265545,1.0452325799787145,52.702702702702695
LON,pd,low20,-inf,-0.6601127765121462,66,0.9520326685056887,1.262854664598131,36.36363636363637,34,1.173818824404749,1.4641277977017682,44.11764705882353,28,1.0769230769230766,1.5312504246904863,42.857142857142854
LON,pd,high20,0.026543385443232783,inf,66,1.5896643362654383,1.0984463173454426,43.93939393939394,56,2.372489255425251,1.2089420424713584,53.57142857142857,46,2.550605893693197,1.2358569106550559,54.347826086956516
LON,svw,low33,-inf,0.012947936923118271,110,0.26619372376955347,2.0916776126644985,17.272727272727273,80,0.15389893362406798,2.829928471453701,11.25,64,0.1649891120251633,2.5323224261771764,14.0625
LON,svw,high33,0.10594380310535163,inf,110,3.156793450187688,0.6626366093278437,62.727272727272734,79,4.082819050171346,0.7439719212011953,69.62025316455697,69,3.7058823529411766,0.798841142302588,68.11594202898551
LON,svw,low20,-inf,-0.03520755262007534,66,0.16116126874940387,1.7263220565217001,9.090909090909092,48,0.04096887181166128,2.218657350093045,2.083333333333333,39,0.06667098823453146,2.1654927204098153,5.128205128205128
LON,svw,high20,0.15437622893417619,inf,66,5.9753966059645744,0.7649575372751753,74.24242424242425,48,5.823921052178628,0.9804307027565553,75.0,37,8.296544783629656,0.9628064343800086,78.37837837837837
MOM1030,vw,low33,-inf,0.059809585714632275,157,1.1573049140786313,1.0452554824385436,75.15923566878982,110,1.0790745103020563,1.156704232908921,75.45454545454545,96,1.1519697674801095,1.181407422874112,76.04166666666666
MOM1030,vw,high33,0.14717997550837392,inf,157,1.2780613267272412,0.989573252584207,78.98089171974523,114,1.255006948163283,1.0728892122021383,78.94736842105263,107,1.3053552263754404,1.1036327436736006,81.30841121495327
MOM1030,vw,low20,-inf,0.01963214642912606,94,1.4341273431380668,1.013682315785442,79.7872340425532,69,1.5717357343552467,1.0419644677361197,79.71014492753623,63,1.7550651247741555,1.0607187293530318,80.95238095238095
MOM1030,vw,high20,0.1979634142759572,inf,95,1.8958708160021063,0.9492918763434752,85.26315789473684,59,1.1890683876380899,1.1163190962268958,79.66101694915254,66,1.0915429815097497,1.1968113881828513,77.27272727272727
MOM1030,open,low33,-inf,0.13985267142920008,157,0.8405746673205227,1.2244158315599845,69.42675159235668,112,1.1013744660151565,1.1440419124191297,75.89285714285714,104,1.0365310740112124,1.2603959640086193,74.03846153846155
MOM1030,open,high33,0.31829201460402107,inf,157,1.3034957248466272,0.9832366961138936,79.61783439490446,113,1.296259581424036,1.0550898964063395,80.53097345132744,97,1.5336329463767024,1.0369241840520722,82.4742268041237
MOM1030,open,low20,-inf,0.08552933063709768,94,0.8195775034230148,1.1548431310282679,69.14893617021278,75,1.1705766663561132,1.1171266416153642,73.33333333333333,72,1.0949911297310577,1.1985773428392887,73.61111111111111
MOM1030,open,high20,0.42184383962962924,inf,95,1.3094084344905828,1.0280026298084741,80.0,64,1.0840515550896541,1.1399227148439173,76.5625,59,1.2997176963311685,1.1410586454688993,79.66101694915254
MOM1030,rng,low33,-inf,0.39683132425256396,157,0.7166377101742084,1.3302652234098613,65.60509554140127,115,1.3301314416572367,1.0451609054820492,77.39130434782608,95,1.4035328675655097,1.0855945330716663,76.84210526315789
MOM1030,rng,high33,0.5486990177429637,inf,157,0.95707605952512,1.157516335310265,75.15923566878982,105,1.3274415210638788,1.0475957197984964,80.0,92,1.4988104641118873,1.0490632622295042,81.52173913043478
MOM1030,rng,low20,-inf,0.34478581456910473,94,0.8618953495313116,1.1391561668136931,67.02127659574468,80,2.0747893875864354,0.9724479673121447,78.75,67,1.6764329367789914,1.0741679810532234,74.6268656716418
MOM1030,rng,high20,0.644599786864968,inf,95,1.199917954652272,1.050047872885298,77.89473684210526,57,1.18608945427738,1.1163601800251528,80.7017543859649,54,1.5714833394795107,1.0970649065600107,83.33333333333334
MOM1030,pos,low33,-inf,0.6881648345026828,157,0.9443152343050571,1.1596631554046195,72.61146496815286,122,0.9399826840074088,1.2836609534880326,75.40983606557377,115,0.9897046210205666,1.3304209455202956,75.65217391304347
MOM1030,pos,high33,0.8877219934120945,inf,157,1.7069160101841525,0.8842360707298166,82.16560509554141,111,1.4120164017663395,1.0254514207180478,79.27927927927928,89,1.434228850164614,1.0850245789324198,78.65168539325843
MOM1030,pos,low20,-inf,0.5917845440741608,94,0.8874896063909258,1.1387159191146325,69.14893617021278,91,0.9197424180018707,1.2420275497856206,74.72527472527473,91,0.9212406019972238,1.339579491714236,73.62637362637363
MOM1030,pos,high20,0.9376044071898935,inf,95,1.4216404446872313,1.0132544645430173,78.94736842105263,70,1.478304014632591,1.0618329398001396,77.14285714285715,54,1.5410235186952985,1.1103158362403527,77.77777777777779
MOM1030,trend,low33,-inf,0.9965198480929135,153,1.1566439363183822,1.0447128113569808,76.47058823529412,118,0.9774667488937382,1.1456044886265602,74.57627118644068,107,0.9423787567978231,1.2808985570222164,74.76635514018692
MOM1030,trend,high33,1.9279106737241265,inf,153,0.8062876784730963,1.2547624105713495,72.54901960784314,100,1.3111134311276178,0.9922333573911153,80.0,74,1.9726115510621618,0.9616057400080728,83.78378378378379
MOM1030,trend,low20,-inf,0.672908280619142,92,1.0205332130001161,1.1008688494720758,73.91304347826086,89,1.204954515657674,1.0314879230161156,76.40449438202246,81,1.2249083552865878,1.0905990537438928,77.77777777777779
MOM1030,trend,high20,2.401722559321835,inf,92,0.9242854599872741,1.1238208912889844,75.0,60,1.4321022983777865,1.0133345933727607,81.66666666666667,45,2.35430407912058,1.0101053697633808,86.66666666666667
MOM1030,gap,low33,-inf,-0.15388704759244332,153,1.004194511823789,1.130093533890503,75.81699346405229,105,1.2025061282469087,1.012177278761685,80.95238095238095,95,1.2092781322769282,1.0836145424589878,81.05263157894737
MOM1030,gap,high33,0.16357972493923742,inf,153,1.173519075318531,1.0431514268146045,76.47058823529412,96,1.015945709099678,1.1006608374691034,76.04166666666666,86,0.9694614418664567,1.2031732028213853,74.4186046511628
MOM1030,gap,low20,-inf,-0.32911657962127777,92,0.8595296158759772,1.1595987332206434,71.73913043478261,74,1.0677674184089312,1.0784580221332527,79.72972972972973,67,1.1933304078732392,1.1031978270336757,82.08955223880598
MOM1030,gap,high20,0.31702753133850825,inf,92,1.2674788169054225,1.0433064174169213,77.17391304347827,69,0.7107271241947895,1.2222286923005659,69.56521739130434,60,0.7518153237073787,1.2805457998592777,70.0
MOM1030,pdret,low33,-inf,-0.09328477430687677,149,1.544698344516612,0.933570291923607,79.86577181208054,91,1.0371394654317996,1.094865325166484,74.72527472527473,87,1.1254556407047793,1.1339366395503279,75.86206896551724
MOM1030,pdret,high33,0.4881210100558916,inf,150,0.8865221814982357,1.234516660516525,73.33333333333333,119,1.0160832808333589,1.121446974859454,76.47058823529412,106,0.91849905219557,1.3252275823436248,75.47169811320755
MOM1030,pdret,low20,-inf,-0.42036874853257283,90,1.9242284679605173,0.963180267872704,82.22222222222221,43,0.7636610761029303,1.1455957684148517,69.76744186046511,43,0.7812730814131382,1.223344615421819,69.76744186046511
MOM1030,pdret,high20,0.7703736811906938,inf,90,0.90966598896129,1.1542541024877644,74.44444444444444,70,0.7964019459258411,1.190086725992903,72.85714285714285,63,0.6144148516690322,1.4212521441384522,69.84126984126983
MOM1030,m30,low33,-inf,0.03362883818051133,157,0.9388545425234573,1.1573323191256195,73.88535031847134,121,1.066294865958409,1.1705504907991386,77.68595041322314,96,1.2076124296344952,1.1537293340226027,78.125
MOM1030,m30,high33,0.16570562465246177,inf,157,1.2847095550849341,0.9871722448393868,79.61783439490446,111,1.3379658180531606,1.042123727435562,78.37837837837837,97,1.1318083593725154,1.1929689692540304,76.28865979381443
MOM1030,m30,low20,-inf,-0.022776192245550823,94,1.2046655246033526,1.0512048713584896,78.72340425531915,71,0.942616804559781,1.1957189526376373,76.05633802816901,59,1.1536334181333632,1.176245627196111,77.96610169491525
MOM1030,m30,high20,0.23713340007602246,inf,95,1.5242667132247198,0.9899550892264531,82.10526315789474,58,1.5669985112465088,1.0590645913548826,82.75862068965517,54,1.3530203901423705,1.1319860749479647,81.48148148148148
MOM1030,ret5,low33,-inf,0.4400350745352238,148,1.1797713702942063,0.9978136568174402,78.37837837837837,92,0.9572834864679393,1.185807946894352,72.82608695652173,85,1.0188824911060077,1.1827898799662813,74.11764705882354
MOM1030,ret5,high33,1.6034989465198843,inf,149,0.8087940637232958,1.215095526894304,69.79865771812081,96,1.2598749914782763,1.0482957987722195,78.125,77,1.4308504015903138,1.0289959629390775,79.22077922077922
MOM1030,ret5,low20,-inf,-0.12733473850728202,89,1.383005127995615,0.9904786115803668,82.02247191011236,54,1.4055113893521944,1.061589094064252,77.77777777777779,46,1.5074995519757828,1.0683642573175653,80.43478260869566
MOM1030,ret5,high20,2.0912323880323718,inf,89,0.7638082788483125,1.154675463905693,69.66292134831461,58,1.4468333671094904,1.0472933801874915,79.3103448275862,45,1.3375691051553968,1.0888460756345864,77.77777777777779
MOM1030,atr,low33,-inf,0.8943927123638122,157,0.797329528703398,1.2244017707516286,70.70063694267516,59,1.1482667318651962,1.1257856955141206,74.57627118644068,52,1.2064863994726667,1.165970904925545,75.0
MOM1030,atr,high33,1.0962974070923486,inf,157,1.398796506405417,0.9377287405364576,80.2547770700637,153,1.047565556967839,1.253194696318952,77.12418300653596,142,1.0784540899427908,1.332078083212272,78.16901408450704
MOM1030,atr,low20,-inf,0.8425552897910292,94,1.0115740524830468,1.0931873667335843,74.46808510638297,40,1.2824895487580577,1.1145584430400022,75.0,38,1.628849404292278,1.1336836740884488,78.94736842105263
MOM1030,atr,high20,1.2129430654698694,inf,95,1.3573277004799147,1.006194642403753,77.89473684210526,107,0.9988860865770223,1.2389918439153893,76.63551401869158,106,1.0666822734108077,1.2750204231981535,78.30188679245283
MOM1030,pd,low33,-inf,-0.2972100792325816,157,1.2899424514743494,0.9878444204928383,78.343949044586,111,0.8312159758561263,1.3780513383214368,75.67567567567568,97,0.8166372491396922,1.4975181793518053,75.25773195876289
MOM1030,pd,high33,0.1705614836143649,inf,157,0.9358561503292686,1.1576562706524087,73.24840764331209,98,1.0497213242712646,1.1633890825193518,75.51020408163265,82,1.2106469263924946,1.1571811368714437,76.82926829268293
MOM1030,pd,low20,-inf,-0.5142260711062075,94,1.1610235984495028,1.058750713607887,76.59574468085107,60,0.6453639554626981,1.3452476231703059,68.33333333333333,57,0.7348492963632592,1.3684506168151733,70.17543859649122
MOM1030,pd,high20,0.3462738470052689,inf,95,0.9258895308275947,1.1208663728208688,74.73684210526315,69,1.2204284362418227,1.1079925283296832,78.26086956521739,58,1.2328979576879358,1.1573735891185413,77.58620689655173
MOM1030,svw,low33,-inf,0.10965528794694197,157,0.924302124324309,1.1692944275750217,71.97452229299363,122,1.0018232437705172,1.2150151816810626,74.59016393442623,120,1.0408734188366822,1.2811394619495196,74.16666666666667
MOM1030,svw,high33,0.32075429865276356,inf,157,1.3093316576770146,0.9846471277220715,77.70700636942675,110,0.989141752354262,1.211240467873035,75.45454545454545,61,1.2262264023463723,1.1570331239963614,80.32786885245902
MOM1030,svw,low20,-inf,0.01420447736161787,94,0.9710810463596746,1.107950446567512,70.2127659574468,67,0.8592960435131249,1.227289809001925,73.13432835820896,49,0.9862758007953274,1.2232958211063585,75.51020408163265
MOM1030,svw,high20,0.4097924957867092,inf,95,1.2806519843947757,1.0341851593649596,76.84210526315789,72,0.7455112398339528,1.2856088564867656,70.83333333333334,36,1.1005948849813507,1.182139912213952,77.77777777777779
MOM11,vw,low33,-inf,0.1010156407853235,253,1.414217413382388,1.0364769730659658,82.6086956521739,177,1.4915791748326588,1.1479314212485565,81.92090395480226,167,1.389699476068612,1.386718216919437,80.83832335329342
MOM11,vw,high33,0.2001526823864083,inf,254,1.0992207965346918,1.164359749831302,79.13385826771653,182,0.8776603323219271,1.5347452025526942,73.62637362637363,184,1.0658293608917089,1.6155782722698246,78.26086956521739
MOM11,vw,low20,-inf,0.06085659442645562,152,1.2721811076257468,1.112942289670263,80.92105263157895,99,1.0961459503451079,1.2890633007276298,77.77777777777779,92,1.2187900579386366,1.429655967402281,80.43478260869566
MOM11,vw,high20,0.2628192728981254,inf,152,1.102803336088793,1.1523573120992154,78.28947368421053,102,0.8375744749240924,1.3934278844720576,71.56862745098039,112,0.8920148809455266,1.5920262628314026,75.0
MOM11,open,low33,-inf,0.1938277846773341,253,1.3743017680780365,1.0500289431510157,81.81818181818183,158,1.4594731109633534,1.1722604716464877,82.27848101265823,160,1.59606781022057,1.3068799593673552,83.75
MOM11,open,high33,0.4128979276865144,inf,254,1.0698674200228249,1.180173912303758,79.13385826771653,178,1.205536036924729,1.271085042434184,79.7752808988764,173,1.4364625701284799,1.365891351259531,83.23699421965318
MOM11,open,low20,-inf,0.12073931225773354,152,1.2236635863284906,1.1237104022566424,80.26315789473685,86,1.8060082785051152,1.1701015728309585,84.88372093023256,85,1.9770947759441042,1.2992914194672356,85.88235294117646
MOM11,open,high20,0.5393386985865102,inf,152,1.070183871506663,1.160208139120451,78.94736842105263,112,1.0267716853513658,1.3150847423051095,76.78571428571429,104,1.3331475454753163,1.4005939014515278,81.73076923076923
MOM11,rng,low33,-inf,0.47783392216247267,253,1.2062125009425386,1.11135951769906,80.23715415019763,188,1.474168885619372,1.139277811320208,82.4468085106383,189,1.636024053597138,1.2659599966883381,83.5978835978836
MOM11,rng,high33,0.659771850301341,inf,254,1.2257940333640165,1.1061656539139781,80.70866141732283,190,1.157583415988728,1.3050234737895883,78.94736842105263,180,1.3799223440334425,1.3917437719909866,82.77777777777777
MOM11,rng,low20,-inf,0.41277908773103966,152,1.1046126218432326,1.1525794786538464,77.63157894736842,123,1.4046298163291915,1.203008555962028,82.11382113821138,123,1.5442002104290264,1.3402949600915144,83.73983739837398
MOM11,rng,high20,0.7986290313618822,inf,152,1.105206280821938,1.1510842383660898,78.94736842105263,109,1.1615984597347901,1.2725877586258947,77.98165137614679,107,1.466605974177386,1.369104579622533,82.2429906542056
MOM11,pos,low33,-inf,0.751718711173697,253,1.2068295356546779,1.1128527402640063,79.84189723320159,190,1.1722243949464843,1.2968014600851003,78.94736842105263,189,1.2607909893081153,1.4753830304378661,79.8941798941799
MOM11,pos,high33,0.9034222887523916,inf,254,1.2094560213543561,1.111798111511249,81.10236220472441,186,1.1947219693437385,1.2812634722179848,77.95698924731182,172,1.4702927850385876,1.3502347442819906,81.3953488372093
MOM11,pos,low20,-inf,0.6491645585477288,152,1.2943898972350978,1.109666236364572,80.26315789473685,126,1.191654791691055,1.268636995778617,79.36507936507937,119,1.125520358518978,1.4902705975960402,78.99159663865547
MOM11,pos,high20,0.9464168810898442,inf,152,1.3156134884824018,1.1049529943751766,83.55263157894737,114,1.1899590805535851,1.2667635499242402,78.0701754385965,101,1.3868399091721662,1.3878905790015856,80.19801980198021
MOM11,trend,low33,-inf,-0.9156080397860353,245,1.0306222393530384,1.229523403491317,77.55102040816327,146,1.307611218931298,1.205084918081914,80.13698630136986,147,1.6838019332739955,1.2439251601516397,84.35374149659864
MOM11,trend,high33,1.1583222925560557,inf,246,1.0932476616789009,1.1896133668948077,80.08130081300813,155,1.5662042648561072,1.1233970819256447,82.58064516129032,149,1.4535959451904774,1.3117643612129881,81.20805369127517
MOM11,trend,low20,-inf,-1.6679882371243482,147,1.2128036949368624,1.1438150205633055,80.27210884353741,82,1.3983881965496192,1.206964753638559,81.70731707317073,78,2.541917480997333,1.2408501724542336,88.46153846153845
MOM11,trend,high20,1.7586631320046817,inf,148,1.1312859856500688,1.163198765538589,79.72972972972973,89,1.5152348753073726,1.1830555182898816,82.02247191011236,89,1.6052257353816735,1.3033668842554704,83.14606741573034
MOM11,gap,low33,-inf,-0.14783249389404007,245,1.2331467516220553,1.1222793645811304,80.81632653061224,199,0.971810015366952,1.4582428469267341,76.38190954773869,191,1.1105359235981076,1.5338990218911086,79.05759162303664
MOM11,gap,high33,0.2019102613739097,inf,246,1.011184931021492,1.2419535580239525,78.86178861788618,139,1.470601600181679,1.1548688721802691,82.73381294964028,138,1.593549178436769,1.2703405350096204,83.33333333333334
MOM11,gap,low20,-inf,-0.3277887069781574,147,1.0829199510439351,1.176434793731171,78.91156462585033,133,0.8475624258004343,1.4375881050983956,73.68421052631578,123,1.00758909121599,1.5043249753222312,78.04878048780488
MOM11,gap,high20,0.34411221372867157,inf,148,1.1578521863781124,1.1568243959880526,81.75675675675676,101,1.2900059619758915,1.2178660545145679,80.19801980198021,99,1.4656235950943213,1.3229548324898857,81.81818181818183
MOM11,pdret,low33,-inf,-0.3174183990221965,238,1.0784148764661736,1.2156904255981569,79.83193277310924,150,1.2796662451063687,1.2573868757248663,80.0,143,1.439789224930835,1.3337811299137052,82.51748251748252
MOM11,pdret,high33,0.35187716747740183,inf,238,1.3261041687875297,1.0966790327135496,81.5126050420168,156,1.0539532071770008,1.3823240914665824,78.2051282051282,156,1.1615446501532098,1.481839449033714,80.12820512820514
MOM11,pdret,low20,-inf,-0.6462902533285669,143,1.1220280633703725,1.1773011660661192,81.11888111888112,83,1.1319004767510448,1.2937477596590152,78.3132530120482,86,1.2660559145795802,1.3860000781155948,80.23255813953489
MOM11,pdret,high20,0.6379991179909394,inf,143,1.568362211935399,1.0896198676215854,83.21678321678321,94,0.7985572788154242,1.4382812801263074,74.46808510638297,93,0.8338400098693648,1.584136399623064,74.19354838709677
MOM11,m30,low33,-inf,0.03994135824034134,253,1.1072173552052624,1.1606021252408691,79.05138339920948,178,1.435571541322258,1.1671481562817174,82.58426966292134,194,1.6163812037767766,1.2742635082575575,84.02061855670104
MOM11,m30,high33,0.1567954743183208,inf,254,1.380415750245345,1.0494510358773739,82.67716535433071,166,0.8907757554248636,1.4940401113543675,74.09638554216868,156,0.953531215684502,1.6764354657719616,75.0
MOM11,m30,low20,-inf,-0.004521766488237837,152,1.0679659913431427,1.1626710688805952,78.94736842105263,113,1.6833391700615705,1.1618851141560278,84.95575221238938,123,2.0273667645089213,1.2548713829445002,86.99186991869918
MOM11,m30,high20,0.2317578521698573,inf,152,1.3130352755879298,1.105864888687507,82.23684210526315,89,0.7362081088129674,1.4234575785451207,69.66292134831461,85,0.849534544010273,1.5525026984809338,71.76470588235294
MOM11,ret5,low33,-inf,-0.660707371121154,237,1.131475831562071,1.176971817802938,80.16877637130801,166,1.056272663912233,1.2809780707123342,78.3132530120482,164,1.3526951554359181,1.3021706690747983,81.70731707317073
MOM11,ret5,high33,0.7691189148280448,inf,237,1.0977291456255616,1.1952268373561918,78.48101265822784,176,1.0620406143925334,1.2895561342424318,77.27272727272727,164,1.1406245128789048,1.4365610620019527,78.65853658536585
MOM11,ret5,low20,-inf,-1.3790810056432892,142,1.1090059333419497,1.1755583318102059,79.5774647887324,84,1.0014384829754697,1.24456986916387,76.19047619047619,82,1.8487615640720696,1.2422721697630645,85.36585365853658
MOM11,ret5,high20,1.4214891114022101,inf,142,1.072185430354524,1.1853914839891195,77.46478873239437,107,1.089705986001755,1.2316311592379643,76.63551401869158,101,1.1033643823051513,1.391033138107717,77.22772277227723
MOM11,atr,low33,-inf,0.8989470030113982,253,1.1607823733982876,1.1357522070677941,80.23715415019763,110,1.3797281420293621,1.2255235125415809,82.72727272727273,108,1.8741573956202322,1.3161040683064,87.03703703703704
MOM11,atr,high33,1.108864657318046,inf,254,1.267446910164751,1.073050704081028,80.70866141732283,236,1.2886294789428563,1.2057082048718073,80.50847457627118,241,1.2531910127605945,1.582831875707365,79.66804979253112
MOM11,atr,low20,-inf,0.8487225907384947,152,1.2692896905015254,1.1207906808540447,81.57894736842105,76,1.4106892080018958,1.2300793295526347,82.89473684210526,66,2.072747234499954,1.3335845507163722,87.87878787878788
MOM11,atr,high20,1.2909817265171362,inf,152,1.598953869716605,1.0315096083346584,84.21052631578947,137,1.2411502240805485,1.253124050305693,81.02189781021897,138,1.3226145979618165,1.4248626004061724,81.88405797101449
MOM11,pd,low33,-inf,-0.31860085821102757,253,1.3427307121771381,1.0537918307458793,81.42292490118577,173,0.9699747901045235,1.419768312114986,75.72254335260115,168,1.2129707143099968,1.473044407721098,80.35714285714286
MOM11,pd,high33,0.17933876012858152,inf,253,1.1135206714963597,1.1538877327445438,79.44664031620553,154,1.272505257723228,1.235467066123904,81.16883116883116,149,1.4785280118517858,1.3455958775219496,83.22147651006712
MOM11,pd,low20,-inf,-0.5382578316464904,152,1.4451357767371267,1.0771055594636711,83.55263157894737,118,0.8192397779226198,1.43676530616137,72.88135593220339,114,0.9942516964691318,1.5404622606965117,77.19298245614034
MOM11,pd,high20,0.37712724539480696,inf,152,1.1905762355994065,1.1289560532134084,80.26315789473685,102,1.0963505844868768,1.2855544344806065,79.41176470588235,106,1.2862965209940471,1.4070387876397525,81.13207547169812
MOM11,svw,low33,-inf,0.16819126163197204,253,1.1471797607630745,1.1401710460009167,78.65612648221344,183,1.4268064561863696,1.1700531650042896,80.87431693989072,196,1.4325506964360297,1.3620207869252312,81.63265306122449
MOM11,svw,high33,0.3838324312977876,inf,254,1.1824683314041726,1.123259798022369,79.92125984251969,167,1.3307447379567503,1.2146584704339416,79.04191616766467,117,1.5181392451059672,1.353573924351819,82.05128205128204
MOM11,svw,low20,-inf,0.07474974998528633,152,1.383253453615429,1.0931192105056793,80.26315789473685,105,1.158218134686773,1.2733554633024629,78.0952380952381,84,1.3998650853078005,1.385261881550745,79.76190476190477
MOM11,svw,high20,0.4874543828776216,inf,152,1.1116481067869128,1.1500752213917496,78.94736842105263,108,0.9945702994776566,1.3275935648111656,75.0,64,1.3588764849535873,1.3917133664959025,81.25
MOM13,vw,low33,-inf,0.07690169989376928,160,0.9760853701224029,1.538679595402167,52.5,113,1.5039499069237388,1.0775515388415944,56.63716814159292,85,1.971722186303748,0.9897588257709987,62.35294117647059
MOM13,vw,high33,0.20288967163705618,inf,160,1.5165959431276437,1.232757426401205,61.875,96,1.158299905105276,1.226329913114285,57.291666666666664,100,0.8130773789901953,1.534719597591398,52.0
MOM13,vw,low20,-inf,0.0240282618367648,96,0.941826912382681,1.4399129956268815,54.166666666666664,65,1.4359038060221225,1.1547462965637896,56.92307692307692,50,2.1472729664821464,1.076370829904513,64.0
MOM13,vw,high20,0.2687598094524286,inf,96,1.5260245953646339,1.2703326781958322,62.5,59,1.2380041715310977,1.1928498619076509,59.32203389830508,70,0.9341805698120623,1.328417345140103,55.714285714285715
MOM13,open,low33,-inf,0.2028383620772493,160,0.9088261561626091,1.6483053590758558,50.0,101,1.4423550276479356,1.09243323695529,52.475247524752476,94,1.7496276011037817,0.9843816979293629,58.51063829787234
MOM13,open,high33,0.4693878187823453,inf,160,1.835000140643148,1.1349912799567679,65.0,99,1.1187295362154366,1.2362074594352082,58.58585858585859,91,1.0424865762262943,1.2739933318394958,57.14285714285714
MOM13,open,low20,-inf,0.13492503049602422,96,0.7708323887646982,1.5559545880372072,44.79166666666667,75,1.3743966027160361,1.1458604129834535,49.333333333333336,66,1.7017846734796849,1.067305410899647,56.060606060606055
MOM13,open,high20,0.6017784505224583,inf,96,1.6298236951314045,1.2539750070221851,62.5,64,0.9529099871519996,1.2673958537319638,54.6875,57,0.8762184422702676,1.2890097696460066,54.385964912280706
MOM13,rng,low33,-inf,0.5671187052425708,160,0.8890158620754984,1.5993045028926698,53.75,111,1.3082388288144562,1.1579431134859595,52.25225225225225,101,1.5252828885085212,1.0790235248141558,54.45544554455446
MOM13,rng,high33,0.7854674499388112,inf,160,1.6388639972646741,1.1817267298405694,63.74999999999999,97,1.2626755059484307,1.1749706960554338,55.670103092783506,88,1.0510867608922363,1.283364191641404,54.54545454545454
MOM13,rng,low20,-inf,0.485708697873552,96,0.7192041045094163,1.509401911022078,51.041666666666664,77,1.250653055931075,1.1896960509138146,46.75324675324675,66,1.4273076654614865,1.1543450595424465,50.0
MOM13,rng,high20,0.9171569724701875,inf,96,1.6155029726170202,1.2560275016931042,61.458333333333336,61,0.8997573785750185,1.2980584430440867,52.459016393442624,58,0.8831732261186979,1.31058393219636,55.172413793103445
MOM13,pos,low33,-inf,0.7316163105599427,160,0.9981347868514996,1.5612193486669146,53.125,118,1.3881654944788189,1.0890846090865924,53.38983050847458,110,1.5264247964523576,1.0083936684665267,57.27272727272727
MOM13,pos,high33,0.898298193092474,inf,160,1.6112085458848024,1.2147945812399408,63.74999999999999,108,1.035278278092699,1.2869836183035634,55.55555555555556,81,0.9914214722996422,1.287085418554926,55.55555555555556
MOM13,pos,low20,-inf,0.6151142140125039,96,0.9644799495688606,1.4541999512352048,54.166666666666664,80,1.632729161102223,1.0699751479314166,55.00000000000001,73,1.8054486707177875,1.023177236971371,57.534246575342465
MOM13,pos,high20,0.9404249546447432,inf,96,1.6932545699059214,1.2567225593707878,63.541666666666664,66,1.2762999029572795,1.185303094188682,60.60606060606061,54,1.131979007102598,1.2179116331757254,61.111111111111114
MOM13,trend,low33,-inf,1.0820997128236716,154,1.2274656143846305,1.3902096173892613,56.493506493506494,126,1.1096181293360876,1.278710596507993,53.96825396825397,119,1.2693021196065748,1.1366684433462144,57.98319327731093
MOM13,trend,high33,1.8459328478575314,inf,155,1.5090099342056977,1.2525089914996688,61.29032258064516,100,1.122446241186326,1.2432048630755916,52.0,83,1.067314651426955,1.260853058503451,49.39759036144578
MOM13,trend,low20,-inf,0.7268385910172167,93,1.1541279858163422,1.383302861025729,53.76344086021505,94,1.1103223714808006,1.2470023890551323,52.12765957446809,87,1.127664734747128,1.2321494410600204,55.172413793103445
MOM13,trend,high20,2.339182879220928,inf,93,1.3015139380224996,1.337263211623328,58.06451612903226,62,1.1866578283926588,1.2055259908845235,53.2258064516129,49,1.3963280110119478,1.1553845148701918,53.06122448979592
MOM13,gap,low33,-inf,-0.1591947447663948,154,1.254939916264178,1.374994600997084,58.44155844155844,104,1.0532109470095552,1.2954090759260948,49.03846153846153,96,1.1225886127882496,1.2415932702179793,52.083333333333336
MOM13,gap,high33,0.1632609135688499,inf,155,1.286504042867671,1.3511199901343127,56.774193548387096,98,1.2092973406631413,1.1977568307652746,59.183673469387756,81,1.2579164588673104,1.1680151650106179,60.49382716049383
MOM13,gap,low20,-inf,-0.31592696867290176,93,1.1509057300062802,1.3892749895915435,54.83870967741935,70,1.244932843175097,1.1860544610703019,50.0,66,1.3234463893105435,1.148475995258775,53.03030303030303
MOM13,gap,high20,0.3099977457283699,inf,93,1.1646134770778251,1.372986505646325,55.91397849462365,68,1.426418468220177,1.1386141615556638,60.29411764705882,53,1.6058778793543904,1.103842967296561,64.15094339622641
MOM13,pdret,low33,-inf,-0.09328477430687677,151,1.4817581629602576,1.2518830254907631,62.251655629139066,92,1.0971648476013696,1.2319093342094714,52.17391304347826,85,1.1809024805868908,1.1991189969175753,54.11764705882353
MOM13,pdret,high33,0.5570807759067905,inf,152,1.04275067789589,1.500318304421421,54.60526315789473,97,1.163767345765071,1.1990928185169785,55.670103092783506,82,0.9683686538647202,1.3162413479295234,52.4390243902439
MOM13,pdret,low20,-inf,-0.4119178711060402,91,1.7219466190507757,1.2383347082524991,68.13186813186813,45,1.0330522801219815,1.2205544713370242,57.77777777777777,42,1.0883836009641854,1.2148938764558657,57.14285714285714
MOM13,pdret,high20,0.7850679917852065,inf,91,1.225203265174666,1.3535618523082762,57.14285714285714,65,1.0288356527279756,1.2408414056417327,49.23076923076923,55,1.001104967335109,1.2552405091573215,50.90909090909091
MOM13,m30,low33,-inf,-0.005935336650649512,160,1.2871026069846283,1.3406235737355379,58.75,108,1.163738520690264,1.2210726873473357,53.70370370370371,91,1.2887302920490278,1.165476264845498,57.14285714285714
MOM13,m30,high33,0.06618821008215633,inf,160,1.2526813551554699,1.359382409677262,56.25,110,1.1155696521237768,1.2561248586242542,50.90909090909091,98,1.178651326132668,1.217856608010856,54.08163265306123
MOM13,m30,low20,-inf,-0.0559539221507495,96,1.4223473309397148,1.2953292954302518,61.458333333333336,69,1.2471746875382614,1.1898231047346686,55.072463768115945,57,1.371098081772448,1.1629211345375334,59.64912280701754
MOM13,m30,high20,0.10140049871596717,inf,96,1.205831371678273,1.3554046654075713,53.125,77,1.2139495651656549,1.1975663808101764,51.94805194805194,67,1.2908746695782063,1.1738838946004448,53.73134328358209
MOM13,ret5,low33,-inf,0.3933616037242961,150,1.286616156322456,1.363292543107308,56.666666666666664,82,0.929573837837938,1.342273717881896,51.21951219512195,73,0.9990409489809915,1.338800599269932,54.794520547945204
MOM13,ret5,high33,1.5869310237951078,inf,150,1.1472305574698627,1.4504971135941473,55.333333333333336,98,1.4159434457667126,1.1179575473690426,57.14285714285714,80,1.4763064470282479,1.134504701183478,57.49999999999999
MOM13,ret5,low20,-inf,-0.11651288588361758,90,1.3615260277369692,1.331681319183581,57.77777777777777,56,1.0312997796827992,1.2575287443134484,53.57142857142857,49,1.2437576598154414,1.226418652861783,59.183673469387756
MOM13,ret5,high20,2.051514066713698,inf,90,1.1155829312016248,1.3994960223476014,55.55555555555556,66,1.410168519918315,1.1533669049025665,56.060606060606055,56,1.165392929022156,1.247774871271761,55.35714285714286
MOM13,atr,low33,-inf,0.8948719951416476,160,1.7292299891937941,1.2069794488653263,63.125,57,1.0733772797006744,1.2231415164267112,52.63157894736842,50,0.9394849660681845,1.2516163891131633,54.0
MOM13,atr,high33,1.0922335996687231,inf,160,1.3101393363336569,1.3297057185770742,58.12500000000001,150,1.0859015295612227,1.3660287664961879,51.33333333333333,137,1.0902878564950902,1.3649511245702248,51.82481751824818
MOM13,atr,low20,-inf,0.8401403563982534,96,2.0152996580592397,1.2299150787571413,63.541666666666664,40,1.015209819884564,1.2259635619894098,50.0,38,0.8167905951458556,1.2626329705512485,52.63157894736842
MOM13,atr,high20,1.207943537832739,inf,96,1.233160687112648,1.3551072449144186,58.333333333333336,99,1.1668970714500764,1.2256691711350356,51.515151515151516,98,1.202671508313368,1.2030778298383105,53.06122448979592
MOM13,pd,low33,-inf,-0.15334564781616275,160,1.2297100959909222,1.3812255570349805,58.75,106,1.1961664130388987,1.2051174604048034,48.113207547169814,101,1.0924845395846488,1.2769488827207836,48.51485148514851
MOM13,pd,high33,0.2783902662665314,inf,160,1.3245623250223775,1.3204628326712764,57.49999999999999,93,1.1704495458778024,1.2142874026568744,56.98924731182796,81,1.299604253113308,1.1690534940759283,58.0246913580247
MOM13,pd,low20,-inf,-0.3751842801777186,96,1.1913185708670568,1.3662947946888275,57.291666666666664,71,1.407204950929384,1.1345071057356417,53.52112676056338,69,1.219742215969537,1.1960679884086343,52.17391304347826
MOM13,pd,high20,0.46201558821518435,inf,96,1.5078049240519655,1.2816808562809336,59.375,64,0.9762502505100005,1.261360835629286,56.25,52,0.9362796792181284,1.2653898334439135,55.769230769230774
MOM13,svw,low33,-inf,0.15796934766884468,160,0.9239605032986097,1.634661593789825,51.24999999999999,119,1.5525860067651323,1.0419991864258937,56.30252100840336,120,1.9035725747046774,0.8849282183596682,60.83333333333333
MOM13,svw,high33,0.36832205575440374,inf,160,1.604536729721597,1.2066350077563825,61.25000000000001,93,1.0938872784408655,1.2454216289547577,55.91397849462365,64,1.273921111386961,1.185426466494184,60.9375
MOM13,svw,low20,-inf,0.08083071327059686,96,0.846412649166695,1.513417667577278,51.041666666666664,74,1.4143833246001438,1.1462548208642152,48.64864864864865,73,1.7471830427158646,1.0609526789724968,56.16438356164384
MOM13,svw,high20,0.49303808790545817,inf,96,1.786547371248123,1.2296617501792293,63.541666666666664,58,0.8990691005759075,1.2830115296325,51.724137931034484,29,1.347057766609626,1.188156730365466,62.06896551724138
MSEQ,vw,low33,-inf,0.09445299098289926,99,1.6972573064110559,1.8707922890967144,67.67676767676768,77,1.4459825966007174,1.165508683773689,63.63636363636363,60,1.8246673037033583,1.078375036737507,66.66666666666666
MSEQ,vw,high33,0.24248734894522228,inf,99,2.0179430846197923,1.7001412176845767,69.6969696969697,52,0.7871300254318687,1.4928721333262684,55.769230769230774,56,0.6445696975157097,1.7787989997734122,53.57142857142857
MSEQ,vw,low20,-inf,0.013829014619352218,60,1.9693406271827776,1.7464938365107898,70.0,39,1.260800323055984,1.2604101238951817,66.66666666666666,35,2.0098646547672137,1.1333101206377445,74.28571428571429
MSEQ,vw,high20,0.30935151403864286,inf,60,1.5913983264556575,1.8665395821811732,68.33333333333333,29,0.5746036245232069,1.4823164308955443,48.275862068965516,30,0.4992559715806948,1.6080390688567536,50.0
MSEQ,open,low33,-inf,0.088431991712676,99,1.5362278121645951,2.0441959630530335,64.64646464646465,89,1.5061969665164103,1.0702041592676024,66.29213483146067,74,1.673333520053776,1.037157826334173,66.21621621621621
MSEQ,open,high33,0.3684436653408851,inf,99,2.3738073743917623,1.6188995740280465,73.73737373737373,60,0.8060119730536638,1.472283653432446,56.666666666666664,56,0.655369385452697,1.7021122322696252,55.35714285714286
MSEQ,open,low20,-inf,-0.10174177141570524,60,1.8541722671312977,1.780121944733139,68.33333333333333,51,1.286283460487822,1.2501167805620188,64.70588235294117,46,1.528753539927132,1.2129016958371894,67.3913043478261
MSEQ,open,high20,0.5361540066087829,inf,60,3.136059046324157,1.6220642437787223,75.0,35,0.5868703958080471,1.4265609040493192,48.57142857142857,33,0.6094381795309551,1.4888921324484374,51.515151515151516
MSEQ,rng,low33,-inf,0.5277070072157083,99,1.1399396529996693,2.2602393809522985,60.60606060606061,59,1.9473962456004303,1.1012270339577008,62.71186440677966,51,1.9392585236676587,1.1605385997446522,60.78431372549019
MSEQ,rng,high33,0.7698504452372369,inf,99,1.9797487915865186,1.7005447937257345,68.68686868686868,72,1.1074355158566405,1.3928744175520493,61.111111111111114,55,0.9901285583103765,1.5474729769208304,58.18181818181818
MSEQ,rng,low20,-inf,0.45536795470207947,60,0.8967290424307554,2.156243217951479,58.333333333333336,45,2.087145120113822,1.1192767824593406,64.44444444444444,39,1.8951841575705834,1.1966676319247995,61.53846153846154
MSEQ,rng,high20,0.8883264605745228,inf,60,2.3473926352681116,1.662395850829048,66.66666666666666,40,0.5625831202152428,1.703599249282482,47.5,33,0.6787006999617967,1.662119917278018,48.484848484848484
MSEQ,pos,low33,-inf,0.6486985073672931,99,1.4833477799779813,2.081842639140966,65.65656565656566,80,1.821012985492531,0.9492984699279405,68.75,65,2.0405113841947977,0.9058595706683901,69.23076923076923
MSEQ,pos,high33,0.9686099715579677,inf,99,3.0377699592147187,1.5214372755751129,72.72727272727273,49,1.5934076721779054,1.1984977076359693,61.224489795918366,42,2.035622824216717,1.2070402766585373,61.904761904761905
MSEQ,pos,low20,-inf,0.441188264046645,60,1.9947300454863275,1.739026830113461,73.33333333333333,48,2.1173652923382655,1.0368634691490373,72.91666666666666,42,2.7412680824869193,0.9648283189962595,76.19047619047619
MSEQ,pos,high20,0.9848764998300308,inf,60,2.5293660648586282,1.6949355077297144,68.33333333333333,30,1.1245736210906903,1.2809327030408264,53.333333333333336,23,,1.2674218045756476,60.86956521739131
MSEQ,trend,low33,-inf,1.1565112320491104,93,2.13538211664014,1.6895070398763892,65.59139784946237,82,1.425818781133859,1.1637379986182839,57.3170731707317,70,1.1143799798829845,1.4425168339745262,52.85714285714286
MSEQ,trend,high33,1.8815093519189559,inf,93,1.4947078524851392,2.023994558447056,70.96774193548387,80,1.044340595433733,1.444603482153233,63.74999999999999,67,1.3642264593057316,1.2545235950567408,61.19402985074627
MSEQ,trend,low20,-inf,0.8117830547016923,56,2.5617043395852725,1.6751762110779247,66.07142857142857,61,1.4441178897643054,1.1857191738676809,55.73770491803278,52,1.3167357290039177,1.2859834910270613,51.92307692307693
MSEQ,trend,high20,2.6359816224788375,inf,56,1.5429804315711173,1.905524281309306,71.42857142857143,37,2.483798186367843,1.1032200908885281,67.56756756756756,30,2.5404166051738315,1.1388345364615553,66.66666666666666
MSEQ,gap,low33,-inf,-0.09928139742538364,93,2.133699644106879,1.6769589282153607,72.04301075268818,56,1.4060961756910428,1.2073476160217498,58.92857142857143,49,1.351242592388827,1.271737958727186,59.183673469387756
MSEQ,gap,high33,0.14669255501718192,inf,93,1.6269522542599226,1.9323644266191717,64.51612903225806,83,1.69480409513621,1.0474143467096022,63.85542168674698,67,1.9448152662771636,1.042492945699089,61.19402985074627
MSEQ,gap,low20,-inf,-0.2569480287375476,56,1.759349842215694,1.837646197046256,67.85714285714286,37,1.4695254874576713,1.20675818808882,56.75675675675676,31,1.6536894011406844,1.206932056200137,58.06451612903226
MSEQ,gap,high20,0.2908736495083715,inf,56,1.1957106719432047,2.0859489575259484,58.92857142857143,53,1.5456664661033188,1.161351442063014,58.490566037735846,44,2.1530580174743856,1.0976264210853222,59.09090909090909
MSEQ,pdret,low33,-inf,0.06082241369290503,90,1.9780181190416772,1.7083200829494114,70.0,66,0.7565400918306161,1.88214110146479,54.54545454545454,58,1.029051911890387,1.6351213961253983,56.896551724137936
MSEQ,pdret,high33,0.4860687658723181,inf,90,1.2904700814767396,2.1661809379859815,66.66666666666666,71,1.2510315832920225,1.2952241413511187,60.56338028169014,59,0.8489280724889346,1.6784464458687998,54.23728813559322
MSEQ,pdret,low20,-inf,-0.19439619540569736,54,2.433177335469789,1.6489354789297275,74.07407407407408,40,0.8589363110439228,1.4560939527309378,57.49999999999999,32,0.7284854658129901,1.6207847748235416,50.0
MSEQ,pdret,high20,0.7815787602922987,inf,54,1.9007431101402523,1.7730184794121029,72.22222222222221,34,1.416712687596483,1.2565937688503623,70.58823529411765,30,1.2910300864588222,1.3706890800135862,63.33333333333333
MSEQ,m30,low33,-inf,0.10529219519912913,99,1.8195172004471072,1.7953157396777863,71.71717171717171,59,1.5194679010951289,1.2099698620045392,66.10169491525424,47,1.674328499730255,1.2423309339853845,61.702127659574465
MSEQ,m30,high33,0.17283597139242676,inf,99,2.1939991932319183,1.5386211823185982,70.70707070707071,69,1.7394213928300202,0.963770957635962,69.56521739130434,58,1.6239083208987979,1.0644313101149923,70.6896551724138
MSEQ,m30,low20,-inf,0.08429075735807713,60,1.6981980105901353,1.818689870779349,73.33333333333333,45,1.9132391686868309,1.1817151097786058,68.88888888888889,36,1.6653605628297827,1.255122199320074,61.111111111111114
MSEQ,m30,high20,0.21540044799806207,inf,60,2.2423479145287373,1.6528778147965262,71.66666666666667,36,2.0646518030788155,1.029207888416006,75.0,34,1.7024034524034524,1.1348704979916442,70.58823529411765
MSEQ,ret5,low33,-inf,0.39661788159437084,91,1.9822963568132215,1.7167043923927838,65.93406593406593,57,0.9626851769953172,1.5154952469150207,54.385964912280706,49,1.0063774030423178,1.532007695708806,53.06122448979592
MSEQ,ret5,high33,1.58642371127452,inf,93,1.5203881327738864,1.9589527128974473,72.04301075268818,68,1.7684270283539882,1.1485306533503514,64.70588235294117,55,1.9225338164532626,1.1774252528460216,65.45454545454545
MSEQ,ret5,low20,-inf,-0.07283245364364241,55,1.4868129782892463,1.8679334071474332,60.0,39,0.9376739097225119,1.4426697637002885,58.97435897435898,34,1.410324810617465,1.3192634533888206,64.70588235294117
MSEQ,ret5,high20,2.0674063843778003,inf,55,2.2800986350437022,1.691133982809982,76.36363636363637,42,2.447336559592857,1.1425873295812343,66.66666666666666,30,3.7467337540508265,1.1465621410552675,66.66666666666666
MSEQ,atr,low33,-inf,0.8535700945295465,99,2.921908186214753,1.472279312006264,73.73737373737373,28,1.9782245748579699,1.1957535831058588,67.85714285714286,26,1.1936164902136153,1.3187039873839483,61.53846153846154
MSEQ,atr,high33,1.0189375542807508,inf,99,1.1064556588509267,2.4371737672120095,60.60606060606061,102,1.0051557544914946,1.5997106223803084,55.88235294117647,89,1.2626733893557425,1.350884110805248,57.30337078651685
MSEQ,atr,low20,-inf,0.8135365729272802,60,2.923395529355808,1.6263253075128026,71.66666666666667,24,,1.2033968837279239,66.66666666666666,21,,1.3354914709666938,57.14285714285714
MSEQ,atr,high20,1.1528493858294593,inf,60,1.1999601999969933,2.0159794513700584,60.0,55,0.843483821287111,1.477337068269164,50.90909090909091,42,1.0465135406566004,1.4009235664670354,52.38095238095239
MSEQ,pd,low33,-inf,-0.2035948479787307,98,1.5393707481326695,1.9481945915090406,67.3469387755102,81,1.2561592294922714,1.264235028621707,61.72839506172839,67,1.4362055393661999,1.1961097061993111,64.17910447761194
MSEQ,pd,high33,0.1850290042590743,inf,98,1.786054271292511,1.7697015254193063,67.3469387755102,66,1.3244682221914845,1.2355883475534644,57.57575757575758,58,1.318727659574468,1.2991212081760188,58.620689655172406
MSEQ,pd,low20,-inf,-0.3961709772034151,59,2.1302142455561244,1.6772186975001284,67.79661016949152,56,1.4383613239306692,1.1693130352624035,67.85714285714286,49,1.6032655779020395,1.1581886617719799,65.3061224489796
MSEQ,pd,high20,0.43881721831103293,inf,59,2.7318712576278483,1.6295903993793373,72.88135593220339,37,1.064713560479526,1.2964725925063572,56.75675675675676,31,1.6991430177016011,1.2604323721573063,58.06451612903226
MSEQ,svw,low33,-inf,0.09743023861949139,99,1.4430456168414396,2.1372144757654086,63.63636363636363,82,1.8160652448705017,0.9155948041098934,68.29268292682927,67,2.0810584046167073,0.8952747157926529,68.65671641791045
MSEQ,svw,high33,0.33658765234861937,inf,99,2.177568133246206,1.6686966391730467,70.70707070707071,62,0.941308173461773,1.4085745565194696,59.67741935483871,48,0.7169405528745649,1.596908572294913,58.333333333333336
MSEQ,svw,low20,-inf,-0.06139161842949982,60,1.6880223442366475,1.843794210441637,70.0,49,1.5829095442493752,1.155996775910852,71.42857142857143,34,1.9486338929531295,1.1481755113864125,73.52941176470588
MSEQ,svw,high20,0.4372811621562023,inf,60,2.802031975237132,1.6417146744707183,71.66666666666667,43,0.8350570881085573,1.4053217915479064,55.81395348837209,29,0.5576361591713349,1.525389475097083,48.275862068965516
ON07,pos,low33,-inf,0.4306236080178237,169,1.1201384521690587,1.145599859814956,52.662721893491124,118,0.9343678474037177,1.4749697523306782,48.30508474576271,103,1.0263097860159198,1.441798824691818,49.51456310679612
ON07,pos,high33,0.7469846739820484,inf,170,1.0338166497149197,1.1863992449677092,48.23529411764706,119,1.5972284409409305,1.1022650913817105,56.30252100840336,96,1.5369181106031242,1.1600987146828226,55.208333333333336
ON07,pos,low20,-inf,0.2928222841042094,102,0.8024822460127352,1.2429241270423372,49.01960784313725,65,1.2210233208721872,1.2484256082369638,55.38461538461539,59,1.452542296595527,1.1976534442350741,59.32203389830508
ON07,pos,high20,0.8546787238327501,inf,102,0.7379022280391867,1.2485781348423441,43.13725490196079,73,1.4722386506847664,1.1929634768350907,53.42465753424658,62,1.4225106839279595,1.2284949974608563,53.2258064516129
ON07,trend,low33,-inf,1.0929334056489897,165,1.3238709626589829,1.0534744613502909,56.36363636363636,135,1.405257912673179,1.0368338561120543,53.333333333333336,117,1.6314632747778262,0.9797658690882001,56.41025641025641
ON07,trend,high33,1.8857519163499041,inf,166,1.3131996235866483,1.0483134437399813,53.6144578313253,112,1.0114002934730892,1.2976396271864123,52.67857142857143,83,0.9902235951711166,1.3596810574770806,51.80722891566265
ON07,trend,low20,-inf,0.6656608141088235,99,1.203418349833944,1.1163997726359625,53.535353535353536,88,1.7426949679250294,1.0286373079568174,59.09090909090909,80,1.69345518966851,1.0879829141288595,57.49999999999999
ON07,trend,high20,2.407371569499297,inf,100,1.535171649213444,1.0494125434301398,55.00000000000001,59,1.1559915763863937,1.2126217289408285,55.932203389830505,43,1.0258063056152953,1.294041697342914,58.139534883720934
ON07,gap,low33,-inf,-0.12942608368608885,165,0.6554444604345271,1.512566379789643,45.45454545454545,107,0.5231918715308465,2.1627881133538702,39.25233644859813,93,0.5388861703970946,2.237741721632472,40.86021505376344
ON07,gap,high33,0.16905353209556795,inf,165,2.302114738148569,0.8235951022490381,61.81818181818181,108,2.9666827300869962,0.8203213369149063,63.888888888888886,88,3.187436130786888,0.8750119643976049,63.63636363636363
ON07,gap,low20,-inf,-0.2765708585717149,99,0.596994210118842,1.3596303354459491,43.43434343434344,76,0.4966618695847729,1.761547391203645,39.473684210526315,67,0.5114633053857383,1.8613895879448121,40.298507462686565
ON07,gap,high20,0.30861790992731275,inf,99,2.3997309362302532,0.9392614557669968,62.62626262626263,76,2.999955613422581,0.9123723450944884,61.8421052631579,59,3.0438073409789568,0.9687050075611201,61.016949152542374
ON07,pdret,low33,-inf,-0.09209089364311242,161,0.883565546428045,1.278052434011404,46.58385093167702,89,0.9504647850908057,1.3579276816467538,53.93258426966292,74,1.055431738634189,1.328437639501001,54.054054054054056
ON07,pdret,high33,0.5149940914428006,inf,161,1.2945776174317436,1.0466291459445438,52.79503105590062,105,1.7472265277221108,1.0023423707794568,54.285714285714285,89,1.6847449611351384,1.0580750059958173,55.0561797752809
ON07,pdret,low20,-inf,-0.36188393663903706,97,0.807537257734082,1.246371510070971,46.391752577319586,53,1.1579685776790214,1.2400564426168827,50.943396226415096,43,1.336721997977168,1.2273074104041801,48.837209302325576
ON07,pdret,high20,0.756395837803633,inf,97,1.0874021104743241,1.148042417748197,49.48453608247423,70,2.1821757899343126,1.0092437343719751,58.57142857142858,59,2.0824007878904434,1.051662428925707,57.6271186440678
ON07,m30,low33,-inf,0.02260092092573089,169,1.4182691638301084,1.0303122942417664,54.437869822485204,126,1.4158790628225795,1.1498041131868402,55.55555555555556,104,1.6049416713759386,1.111853360472573,58.65384615384615
ON07,m30,high33,0.052905344119103956,inf,170,1.0125963268587126,1.2168954690650473,52.352941176470594,110,0.7644991839100715,1.6014350632431829,47.27272727272727,90,0.6788937739198296,1.7694690232847499,43.333333333333336
ON07,m30,low20,-inf,0.01282997588034678,102,1.5420274577973803,1.0667694465118567,57.84313725490197,80,1.3025541941576286,1.2259769930127224,53.75,64,1.3347828492046234,1.243314785518296,57.8125
ON07,m30,high20,0.07659477237860242,inf,102,0.95567291718349,1.1986279131719586,49.01960784313725,60,0.7837215960613249,1.3959800341511766,46.666666666666664,44,0.7455287954047506,1.428183246452939,47.72727272727273
ON07,ret5,low33,-inf,0.45622262801874974,160,0.9835426682875542,1.2201794226123222,47.5,98,1.5429162369762943,1.0289468923829397,55.10204081632652,84,1.7432875060152015,1.009987744390506,54.761904761904766
ON07,ret5,high33,1.5477323984574902,inf,161,1.022468085545116,1.2070593494242805,52.79503105590062,101,1.0612012320179438,1.2432528618527647,46.53465346534654,84,1.0515609536322945,1.3023622560797032,47.61904761904761
ON07,ret5,low20,-inf,-0.04786636918148338,96,0.9720527420309777,1.188217058472769,47.91666666666667,64,1.290505893190841,1.1570189717379675,54.6875,55,1.2295697751187995,1.215836554814887,54.54545454545454
ON07,ret5,high20,2.0208826355384524,inf,97,0.9469221143709377,1.2014050979415456,52.57731958762887,67,0.6953838327099755,1.36956850786415,43.28358208955223,53,0.738702238661769,1.3940190536840464,43.39622641509434
ON07,atr,low33,-inf,0.8891602778765967,169,0.9335528631084434,1.2235599907085921,51.4792899408284,59,1.4471315830042715,1.210605186002126,61.016949152542374,49,1.8150105184009424,1.1910373677524195,67.3469387755102
ON07,atr,high33,1.0902048594729112,inf,170,1.2378639713838686,1.0680026858210032,51.76470588235295,153,1.3030039398817204,1.1671217620946166,51.633986928104584,132,1.3861011742836573,1.105522727387688,52.27272727272727
ON07,atr,low20,-inf,0.8400778485480207,102,0.944635159583418,1.1778075551376066,50.98039215686274,40,1.5931635195312508,1.2069483046904725,67.5,40,1.8489534465599218,1.2007414431235395,70.0
ON07,atr,high20,1.2049570088181132,inf,102,1.0471886750982407,1.175230306642871,49.01960784313725,102,1.4358002974856412,1.1251862751642674,49.01960784313725,94,1.349650166877216,1.1997514914750398,50.0
ON07,pd,low33,-inf,-0.4574341663040841,169,0.9276254463034608,1.2744084924344297,50.29585798816568,114,0.8060574510367465,1.6211795996514904,50.0,95,0.9281066518128055,1.5198481619002318,52.63157894736842
ON07,pd,high33,-0.12415167616620951,inf,170,1.078644271311342,1.1657153761819588,45.294117647058826,117,1.66505875385244,1.0942052528544435,52.13675213675214,92,1.5695840756306327,1.1618911216186758,51.08695652173913
ON07,pd,low20,-inf,-0.6931474843541515,102,0.8893725372213808,1.2247362145915577,50.0,65,0.9205619303415333,1.3647618431760073,50.76923076923077,55,1.1025904476994248,1.315763700426133,50.90909090909091
ON07,pd,high20,0.03110964641513718,inf,102,0.9619309913283954,1.1801186878811023,46.07843137254902,67,1.5937246260723834,1.1702861318512467,46.26865671641791,54,1.4495171619116023,1.223383462184829,44.44444444444444
ON07,svw,low33,-inf,-0.025507975308138177,169,0.9852633435273169,1.2295055382260884,50.29585798816568,117,0.9667984780974427,1.4517783887794717,47.863247863247864,104,0.9356614875850834,1.5586325130454408,47.11538461538461
ON07,svw,high33,0.09176512481380324,inf,170,1.1539198635220531,1.1264850257142867,48.8235294117647,110,1.7121375953782034,1.0590717631683229,55.45454545454545,87,1.6716640693510882,1.1162996969247634,55.172413793103445
ON07,svw,low20,-inf,-0.08791405298791657,102,0.8323582268196458,1.2335560531542922,50.0,64,1.087050629465794,1.290175969718706,54.6875,58,1.3165437754075269,1.2412418390612423,60.3448275862069
ON07,svw,high20,0.1562877923628858,inf,102,1.1205981680094843,1.1409475422650452,50.98039215686274,66,1.7517667581706642,1.135776294475224,54.54545454545454,49,2.0440318380194626,1.1349552880058167,57.14285714285714
ORB60,vw,low33,-inf,0.1242686749968715,103,2.1915054972923027,1.4790910101346917,71.84466019417476,67,1.2230746152511975,1.8366117536844746,62.68656716417911,60,1.293552036199093,1.7664971042879145,65.0
ORB60,vw,high33,0.19265381771980505,inf,103,1.4615706605222751,1.7846229138990568,70.87378640776699,69,1.667300053852385,1.559880748971204,68.11594202898551,77,1.7760508918548121,1.492340592066646,67.53246753246754
ORB60,vw,low20,-inf,0.10263199586523228,62,2.614144971018814,1.5077263768660503,74.19354838709677,44,1.46193876531661,1.6400910450889932,68.18181818181817,39,1.3699784946236504,1.653206005815734,61.53846153846154
ORB60,vw,high20,0.23389216614684866,inf,62,1.3682084031488109,1.7482031143757621,69.35483870967742,40,2.2877694955414016,1.4722813469993403,72.5,46,1.7452553235476571,1.552443793884228,67.3913043478261
ORB60,open,low33,-inf,0.17203148335415488,103,1.3737748990133982,1.8118231736528607,65.0485436893204,76,1.132034428529088,2.0327453427867974,65.78947368421053,69,0.9880761293281373,2.219720412100919,60.86956521739131
ORB60,open,high33,0.3506991691084704,inf,103,2.2725707387490104,1.4242205793056855,76.69902912621359,54,1.6015161790350654,1.596989689100376,64.81481481481481,52,2.360038788326564,1.4098916365657155,73.07692307692307
ORB60,open,low20,-inf,0.09885258480408915,62,1.2766244196752115,1.7721368742381762,66.12903225806451,47,0.6406601080577798,2.369313911891796,51.06382978723404,51,0.7242269508931123,2.3716878710771883,52.94117647058824
ORB60,open,high20,0.4712988141514593,inf,62,2.299337601302594,1.5312381247987552,77.41935483870968,33,1.537403597776923,1.611197251604608,66.66666666666666,33,2.2005229283990353,1.5007082665563802,72.72727272727273
ORB60,rng,low33,-inf,0.4115145887781604,103,1.6338428855387033,1.668012423190311,68.93203883495146,70,1.455679464627786,1.6844438725375444,67.14285714285714,68,1.39353544360232,1.7290440460679086,63.23529411764706
ORB60,rng,high33,0.5711133792839777,inf,103,1.8009753916956113,1.5859205200295117,73.7864077669903,65,1.6358027219912799,1.5793522579290757,69.23076923076923,63,1.6322700155275287,1.5755719281386011,66.66666666666666
ORB60,rng,low20,-inf,0.3627993455148494,62,1.4473674041902034,1.7082780936159037,64.51612903225806,47,1.182170348455419,1.7513372482681948,61.702127659574465,44,1.3466676617658029,1.6724152157768837,61.36363636363637
ORB60,rng,high20,0.6874986276044398,inf,62,2.6480888037265764,1.4865444398799725,79.03225806451613,37,1.6111956202133606,1.5949253270400963,70.27027027027027,39,1.4082070904263617,1.6496006696195062,66.66666666666666
ORB60,pos,low33,-inf,0.7634331235899239,103,1.446260175462079,1.7829289157483936,67.96116504854369,85,1.1985113849593754,2.086266840504126,64.70588235294117,86,1.0967950888453788,2.3673347977301917,61.627906976744185
ORB60,pos,high33,0.9588867201279262,inf,103,1.6239022961744976,1.673699937236781,69.90291262135922,55,1.8857278182688966,1.507947228935099,65.45454545454545,55,2.2883106694560724,1.4146492721593944,70.9090909090909
ORB60,pos,low20,-inf,0.6223391792345502,62,1.2155521874213835,1.800105884284291,66.12903225806451,52,1.0178613505259297,1.9845987586506564,61.53846153846154,52,1.0069849407241303,2.0183596642804273,61.53846153846154
ORB60,pos,high20,0.9769849569997507,inf,62,1.3689740502409453,1.7422570186664272,66.12903225806451,32,1.5462104077912118,1.6073163631908363,59.375,30,1.7787604598952287,1.5662319976891053,63.33333333333333
ORB60,trend,low33,-inf,0.8279348643447106,103,1.385048490597457,1.8361865517133857,66.99029126213593,64,1.542315115265775,1.628589779549927,65.625,63,1.7249315782614407,1.5257691152785766,68.25396825396825
ORB60,trend,high33,1.5713593734271059,inf,103,2.2704786717969783,1.4457726762804848,75.72815533980582,79,1.954307156252452,1.4230143404779776,69.62025316455697,70,1.6862359475908297,1.5474298686557508,67.14285714285714
ORB60,trend,low20,-inf,0.558684376269933,62,1.2760123291272707,1.7874424715495822,64.51612903225806,53,1.2868835668447882,1.737704005460106,62.264150943396224,51,1.535341830822716,1.6169209190323126,66.66666666666666
ORB60,trend,high20,2.1213033736304423,inf,62,1.753991507114154,1.6354175826418305,70.96774193548387,48,1.9891913884599097,1.4953643990077188,66.66666666666666,36,2.960453216374276,1.4034057845249175,72.22222222222221
ORB60,gap,low33,-inf,-0.16867456752217955,103,1.4563610993702931,1.788289803573388,69.90291262135922,67,1.4893971572320501,1.6635063365508054,64.17910447761194,61,1.2278402136419317,1.8410549358282384,59.01639344262295
ORB60,gap,high33,0.1929968529435939,inf,103,2.1715168448467224,1.4650676612776623,74.75728155339806,67,1.993612534975365,1.432817014794575,71.64179104477611,62,2.1068835708523825,1.4079312155742045,70.96774193548387
ORB60,gap,low20,-inf,-0.3242473558710003,62,1.3178465119324854,1.7787273530820644,66.12903225806451,51,1.368583830342996,1.7074705437735378,62.745098039215684,47,1.2404163005272457,1.7655121983646902,59.57446808510638
ORB60,gap,high20,0.33109274044833714,inf,62,1.982394686715101,1.585760558475578,74.19354838709677,52,2.6585103373571193,1.3639091369307383,73.07692307692307,45,2.949471420892309,1.3550817806255837,73.33333333333333
ORB60,pdret,low33,-inf,-0.4650744971212001,103,1.8322848524494868,1.5693617052257192,74.75728155339806,47,1.9713896554793828,1.5021597834330094,70.2127659574468,46,1.83441740945957,1.5252349380224877,69.56521739130434
ORB60,pdret,high33,0.04083155334581406,inf,103,1.467063799677512,1.7495854309692427,66.01941747572816,74,1.3502832855948075,1.7592345658309243,68.91891891891892,63,1.3390625000000047,1.7384835439132837,68.25396825396825
ORB60,pdret,low20,-inf,-0.6771039886046089,61,1.2195288180334198,1.8218982202802327,67.21311475409836,26,1.3415166223764725,1.6380209807590442,61.53846153846154,28,1.6658034442574075,1.582720798461303,67.85714285714286
ORB60,pdret,high20,0.24285352338879407,inf,62,1.4924034728678446,1.6993448316059512,67.74193548387096,32,1.9570143442592773,1.5475221198463234,78.125,27,1.6783901637000465,1.5821572683886067,77.77777777777779
ORB60,m30,low33,-inf,0.08673346156700028,103,2.5777841636406396,1.3787986708402948,74.75728155339806,74,1.5418334983470585,1.6327109657470638,68.91891891891892,69,1.7750322699612755,1.5010452015745943,72.46376811594203
ORB60,m30,high33,0.19232201304993024,inf,103,1.3394198671204027,1.8880556572223848,68.93203883495146,63,1.7751863459709099,1.5129632038569234,69.84126984126983,58,1.7318051744992236,1.534219260555229,68.96551724137932
ORB60,m30,low20,-inf,0.04889416056793294,62,2.20197318511572,1.554036992090634,70.96774193548387,51,1.343839423417475,1.7028965380316559,68.62745098039215,46,1.4200686386664456,1.6599659410632364,67.3913043478261
ORB60,m30,high20,0.23715063104223136,inf,62,1.3053131971454277,1.7804284606357208,69.35483870967742,47,1.9306671539253235,1.4970095848679812,72.3404255319149,46,1.6837131936579874,1.5638860569715165,69.56521739130434
ORB60,ret5,low33,-inf,0.10937195225020664,98,1.5046060538723607,1.7143253130111908,68.36734693877551,43,1.4444925538699593,1.7820258589498081,65.11627906976744,42,1.8498148649869057,1.6526645768025112,66.66666666666666
ORB60,ret5,high33,1.2579534198375568,inf,99,1.692198954760322,1.6144532541696557,68.68686868686868,76,2.203637942240052,1.4551214530553516,72.36842105263158,74,1.8473814521771963,1.6072248705319683,70.27027027027027
ORB60,ret5,low20,-inf,-0.37943907796069365,59,1.1472775064815586,1.814588697566065,61.016949152542374,29,1.7375681400197578,1.6841811942032086,68.96551724137932,30,1.7762613006707504,1.6796863726008975,66.66666666666666
ORB60,ret5,high20,1.8118027522460038,inf,60,2.476109421441893,1.4972500537637383,75.0,55,2.1129417671694286,1.5628280249729134,72.72727272727273,50,1.8110845295055868,1.65788808976217,70.0
ORB60,atr,low33,-inf,0.9105629772817707,103,2.2533069980522793,1.487916308585237,74.75728155339806,40,1.1312609609901956,1.706960574980582,62.5,39,1.3053006368788036,1.6570509324899123,64.1025641025641
ORB60,atr,high33,1.1000821776617378,inf,103,1.6318339149543237,1.672837161332986,68.93203883495146,102,1.4762220091745915,1.7986469480235163,66.66666666666666,104,1.630006655372703,1.5422351106131555,68.26923076923077
ORB60,atr,low20,-inf,0.837974178899111,62,2.152901984704163,1.5835132281911724,70.96774193548387,24,,1.6193242454807268,62.5,22,,1.6316679095202595,59.09090909090909
ORB60,atr,high20,1.2615442534538455,inf,62,1.9262163296885726,1.582990126230353,70.96774193548387,61,1.6134724242675518,1.5885395889097012,67.21311475409836,64,1.5705996978521224,1.6105703629582513,65.625
ORB60,pd,low33,-inf,-0.41606790699202734,103,1.4182515558879403,1.8227049794305648,68.93203883495146,70,1.1543043707702914,1.9937322402564284,62.857142857142854,69,1.0685144978288306,2.14492195381427,59.42028985507246
ORB60,pd,high33,0.014911040272533517,inf,103,1.689863930002133,1.6423885949952859,68.93203883495146,66,2.15566048849025,1.4071970011965083,69.6969696969697,65,2.526797590172915,1.3172454658471728,72.3076923076923
ORB60,pd,low20,-inf,-0.6348350707756399,62,1.2085388959984797,1.8214823112973044,66.12903225806451,43,1.4380338097384053,1.657911712099734,65.11627906976744,39,1.216829268292688,1.751239994418441,61.53846153846154
ORB60,pd,high20,0.26965789838566945,inf,62,1.414848746854667,1.7249526896643785,64.51612903225806,39,2.1077579603383354,1.5041556578489677,69.23076923076923,37,3.0750981932443047,1.4036056258278513,72.97297297297297
ORB60,svw,low33,-inf,0.12974395376869288,103,1.2559316351274448,1.9123395532642973,64.07766990291263,73,1.2024410807235815,1.9451408616594585,64.38356164383562,64,1.1545069522135236,1.9516686967113301,62.5
ORB60,svw,high33,0.3621712141541102,inf,103,1.6382143192898109,1.6667675182667454,69.90291262135922,61,2.1943893417970872,1.3927952540192592,72.1311475409836,36,3.4460672323759876,1.365826415094342,75.0
ORB60,svw,low20,-inf,0.052397948224824645,62,1.1155381829954076,1.840382940699541,62.903225806451616,43,1.1317480911648223,1.8149960492049397,65.11627906976744,28,1.033626840746927,1.7674096830552428,57.14285714285714
ORB60,svw,high20,0.46531082717570066,inf,62,1.97521839390012,1.5872081112403749,75.80645161290323,30,2.3995094191217508,1.4918013639492786,70.0,12,,1.5986590495083521,58.333333333333336
ORB90,vw,low33,-inf,0.15294782354676886,81,2.0034888871084964,1.3076824678347763,69.1358024691358,56,1.3598470789816337,1.2857588984258024,64.28571428571429,45,1.5252691674010506,1.380830055390547,64.44444444444444
ORB90,vw,high33,0.2245614003999776,inf,82,1.4071587293277248,1.5193356631356714,68.29268292682927,55,1.1516539605855127,1.4167739292720065,61.81818181818181,57,1.3197820163487783,1.4971170961999858,64.91228070175438
ORB90,vw,low20,-inf,0.12309241588427515,49,2.268508681627884,1.3544722155640363,67.3469387755102,30,1.4226614541807066,1.2880627823668211,63.33333333333333,23,,1.3915549297998633,65.21739130434783
ORB90,vw,high20,0.2810669691126948,inf,49,1.481568425257879,1.4755169953167715,71.42857142857143,29,1.2679188110884885,1.3221059889762272,65.51724137931035,36,1.3563607153426667,1.4480079096568903,66.66666666666666
ORB90,open,low33,-inf,0.2293492359262425,81,1.3705599658728085,1.529337915463756,62.96296296296296,58,0.9785770425506917,1.6142950991666105,60.3448275862069,56,0.8204012821046512,2.1418017750012424,57.14285714285714
ORB90,open,high33,0.43547964914718107,inf,82,1.9331339503729768,1.299845430248039,73.17073170731707,39,1.2371761332310807,1.3372028087767913,66.66666666666666,40,1.7620639752482647,1.324208062038192,72.5
ORB90,open,low20,-inf,0.1317293268793616,49,1.1225890494108215,1.5888848902942008,61.224489795918366,36,0.8230378744735531,1.5754171890871296,52.77777777777778,37,0.7758920440433823,1.8734922430820604,51.35135135135135
ORB90,open,high20,0.5457533233074091,inf,49,1.954776487695259,1.3811479349959197,75.51020408163265,22,,1.1677259225561307,77.27272727272727,23,,1.2354641218312465,82.6086956521739
ORB90,rng,low33,-inf,0.4621047140543549,81,1.2015445212165317,1.6351437779195208,61.72839506172839,60,1.650286821410942,1.1400123401028597,70.0,57,1.3926337734537888,1.4446564521360878,64.91228070175438
ORB90,rng,high33,0.6098324097412591,inf,82,1.878326936838938,1.3094430743135066,74.39024390243902,53,1.2966334466886527,1.3177576009545446,69.81132075471697,52,1.4588578844905928,1.4045410325898162,71.15384615384616
ORB90,rng,low20,-inf,0.3947489362967494,49,1.223708278184055,1.5438287199306249,61.224489795918366,35,1.0945043668868082,1.3907339235098255,60.0,33,0.9010257333093358,1.6630307430815752,54.54545454545454
ORB90,rng,high20,0.7196711550620413,inf,49,2.2294641638225206,1.3318606098319856,79.59183673469387,27,2.2171229057224293,1.1877939390686532,74.07407407407408,28,2.438159156279959,1.2721197227964827,75.0
ORB90,pos,low33,-inf,0.8672725167863007,81,1.0990672103927677,1.7501505744629502,58.0246913580247,59,1.1722132694534566,1.425875945903551,62.71186440677966,60,1.1419680103509091,1.7132033886631322,61.66666666666667
ORB90,pos,high33,0.9680851969455789,inf,82,2.2321385972817507,1.2439243660432748,75.60975609756098,62,1.5960470975075478,1.164536446474695,64.51612903225806,52,1.7985114915934015,1.2677576378658837,65.38461538461539
ORB90,pos,low20,-inf,0.679496563737859,49,0.9767594825696142,1.6843495306159042,61.224489795918366,33,1.3157364169164925,1.30807424693587,66.66666666666666,34,1.0414424465152983,1.6245423775644132,58.82352941176471
ORB90,pos,high20,0.9807225418828721,inf,49,1.5490453580177561,1.4602013830223362,67.3469387755102,36,1.5213367216350597,1.2586304299922797,63.888888888888886,32,1.7661712002820096,1.3417457225733243,71.875
ORB90,trend,low33,-inf,0.8283952171037137,81,1.30006992398251,1.5890399849090855,66.66666666666666,50,1.0725274235853686,1.467391941152925,60.0,45,1.2266011404089123,1.5338182588584266,62.22222222222222
ORB90,trend,high33,1.6176006092160125,inf,82,1.9566912494544892,1.3021002971853863,71.95121951219512,57,1.4894906791301816,1.2197326905457182,63.1578947368421,52,1.7165767657387037,1.2902355129112433,67.3076923076923
ORB90,trend,low20,-inf,0.5602054247336232,49,1.3415696120954415,1.5172983907352326,67.3469387755102,39,0.7887946073180079,1.5832028880048843,56.41025641025641,34,0.9227800688585398,1.637095862992917,58.82352941176471
ORB90,trend,high20,2.1733081161630343,inf,49,1.5462608132771778,1.4603324904821178,69.38775510204081,34,1.964132208526381,1.17251092396085,64.70588235294117,30,2.9230087711526602,1.2039508670895127,73.33333333333333
ORB90,gap,low33,-inf,-0.16596023083951722,81,1.1989960531124835,1.678208706807269,66.66666666666666,49,1.2581730978229502,1.3425226587396304,61.224489795918366,46,1.2940986114379915,1.5043388733637306,60.86956521739131
ORB90,gap,high33,0.18294238838633067,inf,82,1.7014391939093263,1.3757431255228116,73.17073170731707,54,1.2296538351467967,1.3557375141186159,62.96296296296296,51,1.5288166660791684,1.373689910855625,68.62745098039215
ORB90,gap,low20,-inf,-0.30285944444015284,49,1.105239550152767,1.6232119715820907,63.26530612244898,36,1.1526939974502945,1.3837390808439598,58.333333333333336,32,1.14642586784904,1.5502201408241687,56.25
ORB90,gap,high20,0.32565112060014334,inf,49,1.4974883317244259,1.4714093306288025,71.42857142857143,41,1.3477220825734713,1.29716733168032,60.97560975609756,38,1.540005575689985,1.3859740958990217,65.78947368421053
ORB90,pdret,low33,-inf,-0.4505113222178347,81,1.4672454441058467,1.48225685090143,71.60493827160494,38,1.7443260199105477,1.1903668495279855,68.42105263157895,36,2.1717527620185213,1.2485796842502002,72.22222222222221
ORB90,pdret,high33,0.04096930270381482,inf,82,1.2401836846011633,1.596646704796994,62.19512195121951,61,1.1663807997303102,1.4083631597143635,65.57377049180327,55,1.2508075350884742,1.5366004381940441,69.0909090909091
ORB90,pdret,low20,-inf,-0.6742306808745084,49,1.1278626459453023,1.6109019745475635,67.3469387755102,18,,1.3221758225654707,61.111111111111114,18,,1.3941374705919793,66.66666666666666
ORB90,pdret,high20,0.24188125542980105,inf,49,1.461585442491082,1.480325978468805,65.3061224489796,28,1.928509922429733,1.2286538602612185,75.0,26,1.388669012019933,1.4298367674605337,76.92307692307693
ORB90,m30,low33,-inf,0.08468162995940048,81,2.4050708500130185,1.2210989248934554,72.8395061728395,45,1.4972091661788038,1.2469966386753977,62.22222222222222,45,1.6527179763186228,1.3461445345599838,68.88888888888889
ORB90,m30,high33,0.17314177613678366,inf,82,1.227387650109355,1.6435862377642976,65.85365853658537,50,1.3866731069032407,1.2697276008448048,68.0,42,1.8252695946783504,1.2719652233527077,71.42857142857143
ORB90,m30,low20,-inf,0.05324922488997216,49,2.8169156740243477,1.307625471680153,75.51020408163265,30,1.2667629393810038,1.3201126924329716,66.66666666666666,26,1.5902512288367012,1.3903520668330294,73.07692307692307
ORB90,m30,high20,0.23203796570071747,inf,49,1.0261874531614827,1.6668745053274445,65.3061224489796,22,,1.4115153251522514,59.09090909090909,22,,1.5729972365593,59.09090909090909
ORB90,ret5,low33,-inf,0.048541643138747544,78,1.778918461534494,1.4092090681749443,71.7948717948718,33,1.3137027896896918,1.4488804770373227,60.60606060606061,30,1.710714056173273,1.464400760539925,63.33333333333333
ORB90,ret5,high33,1.1997669082397895,inf,78,1.5503648437942779,1.5078945637795211,69.23076923076923,63,1.7906762081901553,1.1966073958008323,68.25396825396825,59,1.8658730708007538,1.3099403578528837,71.1864406779661
ORB90,ret5,low20,-inf,-0.46882600211394343,47,1.1371007184337862,1.6485625129519217,63.829787234042556,22,,1.3826073056321477,63.63636363636363,21,,1.412630829476686,66.66666666666666
ORB90,ret5,high20,1.781432303649757,inf,47,1.771641289297307,1.4716231314359816,70.2127659574468,43,1.7587769275461458,1.2976416683790113,67.44186046511628,42,2.0193617784152065,1.3470632593213265,71.42857142857143
ORB90,atr,low33,-inf,0.8956359939672218,81,1.6415373394972548,1.421055129666811,67.90123456790124,28,1.217345552011171,1.3245493947792855,67.85714285714286,29,0.8843376278236845,1.5547801618009156,62.06896551724138
ORB90,atr,high33,1.1009204445950913,inf,83,1.1548419118140243,1.7574262055742866,65.06024096385542,74,1.243785170308802,1.403328798245778,63.51351351351351,76,1.359344049977146,1.5173355629877414,65.78947368421053
ORB90,atr,low20,-inf,0.8344766109528335,49,1.3247529668579685,1.5067138335882064,61.224489795918366,21,,1.2612229977972378,71.42857142857143,19,,1.4457505435057394,63.1578947368421
ORB90,atr,high20,1.2747661355344075,inf,49,0.9739311091710764,1.7273348086736806,61.224489795918366,47,1.3672928215066393,1.2736142944625748,65.95744680851064,44,1.2291627368023936,1.5641150658215552,63.63636363636363
ORB90,pd,low33,-inf,-0.32607258675523426,81,1.3933627185431519,1.530886507774079,67.90123456790124,55,0.889316235070481,1.748194867296138,54.54545454545454,51,0.8672552933009401,2.029795686719639,52.94117647058824
ORB90,pd,high33,0.1461071567038813,inf,82,1.475575996516852,1.4773686226334442,67.07317073170732,45,1.1954570934272757,1.360604635624904,57.77777777777777,45,1.6166971358927475,1.3488999357054405,66.66666666666666
ORB90,pd,low20,-inf,-0.5565202607899292,49,1.062000783525015,1.6499918747206932,63.26530612244898,36,0.9399606990343258,1.547706373049884,55.55555555555556,33,0.8486596092063049,1.856496726839913,51.515151515151516
ORB90,pd,high20,0.30033450720647076,inf,49,1.0546994998454815,1.6093838798942164,61.224489795918366,34,1.1098374014489027,1.3753809599771658,55.88235294117647,35,1.8900139664804432,1.310884831460678,68.57142857142857
ORB90,svw,low33,-inf,0.1801094461702206,81,0.9694360469759772,1.8634569290474958,55.55555555555556,54,1.0751102256465728,1.5065064141933275,61.111111111111114,45,1.2308258935148402,1.543576085958308,64.44444444444444
ORB90,svw,high33,0.4162369029367659,inf,82,2.3028467500314016,1.2076433859567397,78.04878048780488,46,1.1718813787882874,1.3861897420057407,58.69565217391305,27,1.9456506213398044,1.3251862009626025,70.37037037037037
ORB90,svw,low20,-inf,0.10285872372095066,49,0.8632224159439313,1.7352095076067318,57.14285714285714,32,1.2173597310519022,1.3428496466462352,65.625,27,1.0929442508710854,1.5394809244314027,62.96296296296296
ORB90,svw,high20,0.4928553797443752,inf,49,2.021948913451261,1.3656039615962645,75.51020408163265,26,1.8333011553430612,1.226561761590385,65.38461538461539,14,,1.2834054526967946,78.57142857142857
REV06,pos,low33,-inf,0.15239309715099483,95,2.148066434742936,1.12568282912837,87.36842105263159,62,1.36602543490459,1.251097391591149,82.25806451612904,55,1.203201803157414,1.192555655542741,81.81818181818183
REV06,pos,high33,0.4926050326852226,inf,95,1.0941826752808386,1.5492991811771513,80.0,69,1.3874224132484145,1.2401752634585068,84.05797101449275,60,1.335799217893219,1.139512829088792,81.66666666666667
REV06,pos,low20,-inf,0.09187024128522484,57,1.5279158219323412,1.3306418575540635,82.45614035087719,36,1.7362340283133124,1.2148683217890144,86.11111111111111,32,1.5987364591351698,1.1340325989857014,84.375
REV06,pos,high20,0.6620975716198704,inf,57,0.9710010892482612,1.5055968820658574,77.19298245614034,45,1.4625600892494945,1.244688848276265,84.44444444444444,37,1.220515481113211,1.1899146623213244,81.08108108108108
REV06,trend,low33,-inf,0.9647279685127038,93,2.1602541442432757,1.1512326676056435,88.17204301075269,82,1.362487946061712,1.2466689812064489,82.92682926829268,80,1.102725513891376,1.2675864494072016,80.0
REV06,trend,high33,1.8884509317095681,inf,93,0.9300498129880218,1.7607261257815603,78.49462365591397,65,1.1382171038367177,1.374372657100906,81.53846153846153,46,1.396817672877774,1.1286854657563528,82.6086956521739
REV06,trend,low20,-inf,0.5984273998723015,56,1.6401701962896964,1.3360789113209874,85.71428571428571,57,1.5321169989903813,1.214883529846459,82.45614035087719,51,1.3306569102752768,1.1371637467920077,82.35294117647058
REV06,trend,high20,2.459381681985294,inf,56,0.8353565085633783,1.6233673898736565,75.0,37,1.216400799061617,1.3110941553585742,83.78378378378379,24,,1.109376486074274,87.5
REV06,gap,low33,-inf,-0.2440659687081791,93,0.7319006844554125,2.1730425886032876,72.04301075268818,68,0.6598692699578984,2.142672769883679,72.05882352941177,64,0.6192749583741363,1.9926127784217118,71.875
REV06,gap,high33,0.11519576418165914,inf,93,2.4563434737056036,1.1010959792292612,89.24731182795699,61,3.2361232606398915,0.9919355007112794,90.1639344262295,54,2.9766845394431725,0.8998519553176941,88.88888888888889
REV06,gap,low20,-inf,-0.43691776098826063,56,0.7225568401753948,1.729518133622948,69.64285714285714,39,0.4917319473028766,1.849627722573489,64.1025641025641,37,0.41475703675296843,1.8176443396455928,62.16216216216216
REV06,gap,high20,0.2536280274882455,inf,56,2.6598062483940983,1.222934776913489,91.07142857142857,39,2.7442194324651483,1.1280637134593194,89.74358974358975,34,3.8589817541725573,0.9912638175105584,91.17647058823529
REV06,pdret,low33,-inf,-0.04629107505912789,90,1.0779866045335,1.5323866868525575,77.77777777777779,66,1.1347381380373236,1.4583420204806261,81.81818181818183,59,0.919898871158949,1.4394176831202188,79.66101694915254
REV06,pdret,high33,0.4800292847507755,inf,91,1.0868418815539345,1.5392466228709911,80.21978021978022,77,1.2370364181664464,1.4102095567714596,79.22077922077922,69,1.3491060686100904,1.1278102617222774,79.71014492753623
REV06,pdret,low20,-inf,-0.3765334049344131,54,1.0050116491232035,1.4702812846333218,75.92592592592592,38,1.7122286164864586,1.2545811134146014,86.8421052631579,36,1.0307756104552117,1.2762905323338312,80.55555555555556
REV06,pdret,high20,0.81763465211216,inf,55,1.215548658942696,1.3898239128343306,80.0,47,1.5194981303372859,1.277435208066627,80.85106382978722,43,1.545993028823221,1.1230609087872585,81.3953488372093
REV06,m30,low33,-inf,-0.05953823585775273,95,1.710732394450558,1.2363859820572858,86.31578947368422,51,1.0123614445110152,1.407165330654023,76.47058823529412,44,1.254778967839457,1.1783242755534447,79.54545454545455
REV06,m30,high33,-0.02671534173068202,inf,95,1.5719351316840962,1.281008525413535,84.21052631578947,95,1.5227098772139958,1.1339625917448615,84.21052631578947,85,1.283288773174795,1.1298950289782574,81.17647058823529
REV06,m30,low20,-inf,-0.08345286454744308,57,1.370432729132693,1.3669535368407557,82.45614035087719,30,1.099770096503605,1.3257729684988353,76.66666666666667,25,1.063495566297962,1.2206338604001383,76.0
REV06,m30,high20,-0.012883787161019483,inf,57,1.314765613518142,1.3810893973540364,82.45614035087719,55,2.085887526649619,1.1197342850114402,85.45454545454545,48,1.223528583854575,1.1861075090451427,77.08333333333334
REV06,ret5,low33,-inf,0.4567277361079482,89,1.5494586002695645,1.3092378167660197,84.26966292134831,57,1.055920301181142,1.4266183793173295,78.94736842105263,52,0.8852748919120987,1.3880241677358949,76.92307692307693
REV06,ret5,high33,1.7514762702285034,inf,89,1.0771713038008899,1.6115951579472068,79.7752808988764,62,1.5817796619603164,1.2042106927360081,83.87096774193549,51,1.5285952818067041,1.101662612271025,82.35294117647058
REV06,ret5,low20,-inf,-0.06727441727783796,54,1.553712766367514,1.340789190493404,85.18518518518519,37,0.9985126234560676,1.3938057723144637,78.37837837837837,36,0.7261604117797094,1.4028766748680475,75.0
REV06,ret5,high20,2.140334078434221,inf,54,0.9199407792251297,1.5891140793917282,77.77777777777779,42,1.7705185615814172,1.2149756076372065,83.33333333333334,32,1.7157528394916508,1.120530591438939,81.25
REV06,atr,low33,-inf,0.9035308554527953,95,1.0003668139718995,1.5806758450266372,77.89473684210526,45,1.730181284160499,1.2165088787791172,84.44444444444444,41,1.86718140650165,1.1048689246849335,85.36585365853658
REV06,atr,high33,1.103423040074958,inf,95,1.6496855402345125,1.234913422050206,86.31578947368422,94,1.2402496750094814,1.3436726678574098,80.85106382978722,91,1.0680491816896482,1.4233663813463042,78.02197802197803
REV06,atr,low20,-inf,0.8494866412059395,57,1.5023276553895266,1.3424417621896259,84.21052631578947,33,1.4495912173127303,1.2635192741555874,81.81818181818183,30,1.3118957047928905,1.1800188885780922,80.0
REV06,atr,high20,1.2773238928640718,inf,57,1.1750888650584383,1.443814890322886,80.7017543859649,57,1.7810582812836722,1.0927208221689646,87.71929824561403,58,1.5696217169955933,1.007776199299634,86.20689655172413
REV06,pd,low33,-inf,-0.5452522517861157,95,1.774132597682285,1.2203793784654982,85.26315789473684,81,0.873905310270787,1.8147170457322404,76.5432098765432,73,0.702920215722251,2.00585507753947,72.6027397260274
REV06,pd,high33,-0.1817424641031672,inf,95,0.9538856545054061,1.703282801886197,76.84210526315789,67,1.237119347595573,1.3088603039151068,80.59701492537313,60,1.3401980621925167,1.1353440902990257,80.0
REV06,pd,low20,-inf,-0.8650495836530514,57,1.7129087192028327,1.3031424762631103,84.21052631578947,41,0.7161279818600973,1.585033861778784,75.60975609756098,38,0.5179133497387349,1.6998475918259013,68.42105263157895
REV06,pd,high20,-0.024960935225234585,inf,57,1.038963197289043,1.4814344920605103,78.94736842105263,42,1.1155021688056261,1.3295086911607974,78.57142857142857,38,1.0578256169489277,1.2333603150993535,76.31578947368422
REV06,svw,low33,-inf,-0.14037133501374632,95,2.085164233417339,1.1487694000281066,86.31578947368422,74,1.081638381058256,1.4465735163500877,78.37837837837837,68,0.8896123574541761,1.4985485165465808,76.47058823529412
REV06,svw,high33,-0.006562347145926806,inf,95,1.086285544514248,1.5541817712330406,78.94736842105263,67,1.6086471764842187,1.1713283228693954,85.07462686567165,63,1.256411454217052,1.1673285048162083,80.95238095238095
REV06,svw,low20,-inf,-0.22621537273393907,57,1.7467487263988268,1.292536675466352,84.21052631578947,34,0.8781058900631533,1.4018659827595032,76.47058823529412,33,1.056057673736012,1.2292134536609394,78.78787878787878
REV06,svw,high20,0.05986135844203501,inf,57,0.9868829753928248,1.5024647943432325,78.94736842105263,48,1.4294481403849648,1.2461896685298353,83.33333333333334,44,1.223106431910977,1.1871637506824357,79.54545454545455
