per,eval,fprof,B,npmax,test,mo,ploss,evals,fbust,payouts,cash_fm,funded_share
IS,Estable C1200 (Ultra/Estable + oro WR x2) 1c,1c Ultra,5100.0,0,historia,1289.7262843743665,2.066115702479339,1.06198347107438,0.05371900826446281,19.983471074380166,1656.8367281388485,78.68129345402072
IS,Estable C1200 (Ultra/Estable + oro WR x2) 1c,1c Ultra,5100.0,0,Monte Carlo,1051.2258647052247,5.6000000000000005,1.337,0.226,16.578,1432.4001260821658,74.61031746031746
IS,Estable C1200 (Ultra/Estable + oro WR x2) 1c,1c Ultra,5100.0,12,historia,830.2139007278712,2.066115702479339,1.896694214876033,0.13636363636363635,12.921487603305785,1248.8764016571301,68.4638593729503
IS,Estable C1200 (Ultra/Estable + oro WR x2) 1c,1c Ultra,5100.0,12,Monte Carlo,699.1729590840796,5.6000000000000005,2.164,0.283,11.246,1147.359784262134,63.40515873015873
IS,Estable C1200 (Ultra/Estable + oro WR x2) 1c,1c Ultra,6100.0,0,historia,1218.0637891748559,9.50413223140496,1.06198347107438,0.05371900826446281,18.89669421487603,1565.7572706800202,78.68129345402072
IS,Estable C1200 (Ultra/Estable + oro WR x2) 1c,1c Ultra,6100.0,0,Monte Carlo,980.846610311808,6.6000000000000005,1.334,0.223,15.488,1337.1862960032724,74.65674603174604
IS,Estable C1200 (Ultra/Estable + oro WR x2) 1c,1c Ultra,6100.0,12,historia,779.7996249057619,9.50413223140496,1.8429752066115703,0.1115702479338843,12.078512396694215,1163.1812262800843,69.11321002230093
IS,Estable C1200 (Ultra/Estable + oro WR x2) 1c,1c Ultra,6100.0,12,Monte Carlo,656.2857518397053,6.6000000000000005,2.084,0.271,10.568,1060.683235613336,64.44444444444444
IS,Estable C1200 (Ultra/Estable + oro WR x2) 1c,1c Ultra,7100.0,0,historia,1150.293845215793,12.396694214876034,1.06198347107438,0.05371900826446281,17.89669421487603,1479.6250517191488,78.68129345402072
IS,Estable C1200 (Ultra/Estable + oro WR x2) 1c,1c Ultra,7100.0,0,Monte Carlo,910.7545541719197,7.3999999999999995,1.335,0.224,14.433,1243.1660766553844,74.66587301587302
IS,Estable C1200 (Ultra/Estable + oro WR x2) 1c,1c Ultra,7100.0,12,historia,722.7035491293209,12.396694214876034,1.756198347107438,0.09090909090909091,11.053719008264462,1056.4672948634538,70.58244785517513
IS,Estable C1200 (Ultra/Estable + oro WR x2) 1c,1c Ultra,7100.0,12,Monte Carlo,617.0764672131896,7.3999999999999995,2.031,0.273,9.971,983.8022486669727,65.42460317460318
IS,Estable C1200 (Ultra/Estable + oro WR x2) 1c,1c Ultra,8100.0,0,historia,1084.6899444487306,13.223140495867769,1.06198347107438,0.05371900826446281,16.983471074380166,1396.2457656307731,78.68129345402072
IS,Estable C1200 (Ultra/Estable + oro WR x2) 1c,1c Ultra,8100.0,0,Monte Carlo,841.7345465494195,9.3,1.333,0.222,13.34,1150.3562810775757,74.68769841269841
IS,Estable C1200 (Ultra/Estable + oro WR x2) 1c,1c Ultra,8100.0,12,historia,675.2531497425367,13.223140495867769,1.743801652892562,0.09917355371900827,10.037190082644628,985.872770058564,70.80709694346056
IS,Estable C1200 (Ultra/Estable + oro WR x2) 1c,1c Ultra,8100.0,12,Monte Carlo,579.633782999303,9.3,1.973,0.26,9.365,913.8989877974707,66.24880952380953
IS,Estable C1200 (Ultra/Estable + oro WR x2) 1c,1c Ultra,10100.0,0,historia,955.1996470347744,15.289256198347106,1.06198347107438,0.05371900826446281,15.090909090909092,1231.670055535683,78.68129345402072
IS,Estable C1200 (Ultra/Estable + oro WR x2) 1c,1c Ultra,10100.0,0,Monte Carlo,707.8006993147175,13.900000000000002,1.333,0.222,11.299,971.0311042664897,74.68769841269841
IS,Estable C1200 (Ultra/Estable + oro WR x2) 1c,1c Ultra,10100.0,12,historia,598.7999918123661,15.289256198347106,1.5743801652892562,0.05785123966942149,8.863636363636363,853.8478650214818,72.54197822379642
IS,Estable C1200 (Ultra/Estable + oro WR x2) 1c,1c Ultra,10100.0,12,Monte Carlo,508.0556293656369,13.900000000000002,1.844,0.238,8.281,779.92059807122,68.23531746031746
IS,Estable C1200 (Ultra/Estable + oro WR x2) 1c,1c Ultra,5100.0,0,costo +1 tick,1142.5135626236763,6.198347107438017,1.115702479338843,0.10330578512396695,17.863636363636363,1520.2127860537353,76.11504656959202
IS,Estable C1200 (Ultra/Estable + oro WR x2) 1c,1c Ultra,5100.0,12,costo +1 tick,725.9204588047401,6.198347107438017,1.975206611570248,0.21487603305785125,11.541322314049587,1140.7758350688828,65.89925226288864
IS,Estable C1200 (Ultra/Estable + oro WR x2) 1c,1c Ultra,6100.0,0,costo +1 tick,1075.2132476757874,15.702479338842975,1.115702479338843,0.10330578512396695,16.834710743801654,1431.793586459137,76.11504656959202
IS,Estable C1200 (Ultra/Estable + oro WR x2) 1c,1c Ultra,6100.0,12,costo +1 tick,683.352030447889,15.702479338842975,1.871900826446281,0.16942148760330578,10.673553719008265,1047.3633683084813,67.583300537846
IS,Estable C1200 (Ultra/Estable + oro WR x2) 1c,1c Ultra,7100.0,0,costo +1 tick,1012.2650638808399,16.115702479338843,1.115702479338843,0.10330578512396695,15.909090909090908,1349.092219736075,76.11504656959202
IS,Estable C1200 (Ultra/Estable + oro WR x2) 1c,1c Ultra,7100.0,12,costo +1 tick,637.6509809210116,16.115702479338843,1.8553719008264462,0.1859504132231405,9.834710743801653,968.0534406217648,68.37695133149678
IS,Estable C1200 (Ultra/Estable + oro WR x2) 1c,1c Ultra,8100.0,0,costo +1 tick,949.4760533172731,17.355371900826448,1.115702479338843,0.10330578512396695,15.057851239669422,1266.599974912762,76.11504656959202
IS,Estable C1200 (Ultra/Estable + oro WR x2) 1c,1c Ultra,8100.0,12,costo +1 tick,600.3543961098044,17.355371900826448,1.7520661157024793,0.14049586776859505,9.049586776859504,905.0416803743109,68.86724386724386
IS,Estable C1200 (Ultra/Estable + oro WR x2) 1c,1c Ultra,10100.0,0,costo +1 tick,826.6627405952323,21.90082644628099,1.115702479338843,0.10330578512396695,13.185950413223141,1105.2477610508781,76.11504656959202
IS,Estable C1200 (Ultra/Estable + oro WR x2) 1c,1c Ultra,10100.0,12,costo +1 tick,525.915622556809,21.90082644628099,1.6570247933884297,0.1322314049586777,7.929752066115703,782.1833355039216,70.00852682670865
IS,Estable C1200 (Ultra/Estable + oro WR x2) 1c,Ultra 1c -> 2c desde colchon 3000,5100.0,0,historia,2291.215399533428,1.2396694214876034,1.21900826446281,0.21074380165289255,23.21900826446281,3184.5569445735046,72.44851108487472
IS,Estable C1200 (Ultra/Estable + oro WR x2) 1c,Ultra 1c -> 2c desde colchon 3000,5100.0,0,Monte Carlo,1818.674036695347,5.800000000000001,1.51,0.386,19.672,2537.0012061005496,72.46468253968253
IS,Estable C1200 (Ultra/Estable + oro WR x2) 1c,Ultra 1c -> 2c desde colchon 3000,5100.0,12,historia,1314.256583107437,1.2396694214876034,2.3016528925619837,0.30991735537190085,13.603305785123966,2305.217277217038,58.31857536402991
IS,Estable C1200 (Ultra/Estable + oro WR x2) 1c,Ultra 1c -> 2c desde colchon 3000,5100.0,12,Monte Carlo,1125.9067983896614,5.800000000000001,2.376,0.417,12.252,1946.135160424752,59.45079365079365
IS,Estable C1200 (Ultra/Estable + oro WR x2) 1c,Ultra 1c -> 2c desde colchon 3000,6100.0,0,historia,2450.013752006006,2.8925619834710745,1.103305785123967,0.09504132231404959,24.950413223140497,3200.356416011888,77.00544405089859
IS,Estable C1200 (Ultra/Estable + oro WR x2) 1c,Ultra 1c -> 2c desde colchon 3000,6100.0,0,Monte Carlo,1927.1852398735803,6.3,1.432,0.313,20.876,2651.8921468798594,73.37857142857142
IS,Estable C1200 (Ultra/Estable + oro WR x2) 1c,Ultra 1c -> 2c desde colchon 3000,6100.0,12,historia,1370.2034484821245,2.8925619834710745,2.177685950413223,0.21074380165289255,14.103305785123966,2200.727730391235,63.556014692378334
IS,Estable C1200 (Ultra/Estable + oro WR x2) 1c,Ultra 1c -> 2c desde colchon 3000,6100.0,12,Monte Carlo,1117.684774020227,6.3,2.378,0.379,12.217,1928.1792264093326,59.579365079365076
IS,Estable C1200 (Ultra/Estable + oro WR x2) 1c,Ultra 1c -> 2c desde colchon 3000,7100.0,0,historia,2426.4309449740185,11.15702479338843,1.103305785123967,0.09504132231404959,24.50826446280992,3169.731559129821,77.00544405089859
IS,Estable C1200 (Ultra/Estable + oro WR x2) 1c,Ultra 1c -> 2c desde colchon 3000,7100.0,0,Monte Carlo,1931.3976356998203,6.6000000000000005,1.398,0.279,20.93,2639.3135301031652,73.87103174603175
IS,Estable C1200 (Ultra/Estable + oro WR x2) 1c,Ultra 1c -> 2c desde colchon 3000,7100.0,12,historia,1333.7464050239766,11.15702479338843,2.15702479338843,0.21487603305785125,13.665289256198347,2108.39784647363,64.59727141545324
IS,Estable C1200 (Ultra/Estable + oro WR x2) 1c,Ultra 1c -> 2c desde colchon 3000,7100.0,12,Monte Carlo,1092.2787561838925,6.6000000000000005,2.322,0.346,11.94,1855.1589227361549,60.515476190476186
IS,Estable C1200 (Ultra/Estable + oro WR x2) 1c,Ultra 1c -> 2c desde colchon 3000,8100.0,0,historia,2367.7288711932574,12.8099173553719,1.103305785123967,0.09504132231404959,23.97107438016529,3093.5004893603113,77.00544405089859
IS,Estable C1200 (Ultra/Estable + oro WR x2) 1c,Ultra 1c -> 2c desde colchon 3000,8100.0,0,Monte Carlo,1905.0386007714587,6.9,1.37,0.254,20.623,2591.9128448949655,74.19087301587302
IS,Estable C1200 (Ultra/Estable + oro WR x2) 1c,Ultra 1c -> 2c desde colchon 3000,8100.0,12,historia,1300.2368242056248,12.8099173553719,2.041322314049587,0.1859504132231405,13.190082644628099,1988.020156918212,66.74701561065197
IS,Estable C1200 (Ultra/Estable + oro WR x2) 1c,Ultra 1c -> 2c desde colchon 3000,8100.0,12,Monte Carlo,1062.893495778821,6.9,2.287,0.325,11.614,1785.2288340221894,61.214285714285715
IS,Estable C1200 (Ultra/Estable + oro WR x2) 1c,Ultra 1c -> 2c desde colchon 3000,10100.0,0,historia,2253.9781405587332,16.115702479338843,1.103305785123967,0.09504132231404959,22.818181818181817,2945.782711693401,77.00544405089859
IS,Estable C1200 (Ultra/Estable + oro WR x2) 1c,Ultra 1c -> 2c desde colchon 3000,10100.0,0,Monte Carlo,1787.1878640112081,9.2,1.36,0.246,19.325,2428.913058525124,74.31230158730159
IS,Estable C1200 (Ultra/Estable + oro WR x2) 1c,Ultra 1c -> 2c desde colchon 3000,10100.0,12,historia,1231.944445321514,16.115702479338843,2.0041322314049586,0.17768595041322313,12.297520661157025,1888.4554529531677,66.62403253312344
IS,Estable C1200 (Ultra/Estable + oro WR x2) 1c,Ultra 1c -> 2c desde colchon 3000,10100.0,12,Monte Carlo,987.472397652934,9.2,2.221,0.321,10.798,1624.6848260525992,62.567857142857136
IS,Estable C1200 (Ultra/Estable + oro WR x2) 1c,Ultra 1c -> 2c desde colchon 3000,5100.0,0,costo +1 tick,2020.5315402232584,4.545454545454546,1.2685950413223142,0.256198347107438,20.888429752066116,2873.618487439286,70.89072543617999
IS,Estable C1200 (Ultra/Estable + oro WR x2) 1c,Ultra 1c -> 2c desde colchon 3000,5100.0,12,costo +1 tick,1180.290883180064,4.545454545454546,2.239669421487603,0.4297520661157025,12.202479338842975,2072.947399742954,58.35137085137085
IS,Estable C1200 (Ultra/Estable + oro WR x2) 1c,Ultra 1c -> 2c desde colchon 3000,6100.0,0,costo +1 tick,2149.7193227581415,8.264462809917356,1.1570247933884297,0.1446280991735537,21.99586776859504,2874.034377810051,75.32467532467531
IS,Estable C1200 (Ultra/Estable + oro WR x2) 1c,Ultra 1c -> 2c desde colchon 3000,6100.0,12,costo +1 tick,1226.3507748246523,8.264462809917356,2.128099173553719,0.2603305785123967,12.723140495867769,1982.265923335664,63.27069395251213
IS,Estable C1200 (Ultra/Estable + oro WR x2) 1c,Ultra 1c -> 2c desde colchon 3000,7100.0,0,costo +1 tick,2116.2688379238134,17.355371900826448,1.1570247933884297,0.1446280991735537,21.615702479338843,2829.6259755299943,75.32467532467531
IS,Estable C1200 (Ultra/Estable + oro WR x2) 1c,Ultra 1c -> 2c desde colchon 3000,7100.0,12,costo +1 tick,1212.5943091090717,17.355371900826448,2.06198347107438,0.2644628099173554,12.12809917355372,1935.87683030827,64.03154925882198
IS,Estable C1200 (Ultra/Estable + oro WR x2) 1c,Ultra 1c -> 2c desde colchon 3000,8100.0,0,costo +1 tick,2069.443117205286,17.355371900826448,1.1570247933884297,0.1446280991735537,21.371900826446282,2767.460794576087,75.32467532467531
IS,Estable C1200 (Ultra/Estable + oro WR x2) 1c,Ultra 1c -> 2c desde colchon 3000,8100.0,12,costo +1 tick,1168.6528531692245,17.355371900826448,2.0578512396694215,0.2644628099173554,11.702479338842975,1850.7686660152808,64.59891118982029
IS,Estable C1200 (Ultra/Estable + oro WR x2) 1c,Ultra 1c -> 2c desde colchon 3000,10100.0,0,costo +1 tick,1966.3438403289347,18.181818181818183,1.1570247933884297,0.1446280991735537,20.355371900826448,2630.587616654035,75.32467532467531
IS,Estable C1200 (Ultra/Estable + oro WR x2) 1c,Ultra 1c -> 2c desde colchon 3000,10100.0,12,costo +1 tick,1106.1621069747882,18.181818181818183,2.0289256198347108,0.2603305785123967,10.938016528925619,1733.0778496600553,65.35812672176309
IS,Estable C1200 (Ultra/Estable + oro WR x2) 1c,Ultra 1c -> 2c desde colchon 4000,5100.0,0,historia,2012.2286631898776,0.8264462809917356,1.06198347107438,0.05371900826446281,20.123966942148762,2575.1012190978363,78.68129345402072
IS,Estable C1200 (Ultra/Estable + oro WR x2) 1c,Ultra 1c -> 2c desde colchon 4000,5100.0,0,Monte Carlo,1601.9350262617806,5.7,1.39,0.274,17.297,2190.7270038471625,73.95357142857142
IS,Estable C1200 (Ultra/Estable + oro WR x2) 1c,Ultra 1c -> 2c desde colchon 4000,5100.0,12,historia,1360.507168866649,0.8264462809917356,1.9504132231404958,0.10743801652892562,13.65702479338843,2030.9806618810062,68.24412960776597
IS,Estable C1200 (Ultra/Estable + oro WR x2) 1c,Ultra 1c -> 2c desde colchon 4000,5100.0,12,Monte Carlo,1056.924252903249,5.7,2.207,0.321,11.475,1741.247610309332,62.357539682539674
IS,Estable C1200 (Ultra/Estable + oro WR x2) 1c,Ultra 1c -> 2c desde colchon 4000,6100.0,0,historia,2281.5044165118006,3.71900826446281,1.06198347107438,0.05371900826446281,22.888429752066116,2917.337272295514,78.68129345402072
IS,Estable C1200 (Ultra/Estable + oro WR x2) 1c,Ultra 1c -> 2c desde colchon 4000,6100.0,0,Monte Carlo,1754.7769241257527,6.4,1.366,0.252,18.945,2386.054006493514,74.2920634920635
IS,Estable C1200 (Ultra/Estable + oro WR x2) 1c,Ultra 1c -> 2c desde colchon 4000,6100.0,12,historia,1355.634573914985,3.71900826446281,2.0454545454545454,0.16115702479338842,13.743801652892563,2067.947944553964,66.8486816214089
IS,Estable C1200 (Ultra/Estable + oro WR x2) 1c,Ultra 1c -> 2c desde colchon 4000,6100.0,12,Monte Carlo,1058.9012280480126,6.4,2.239,0.315,11.518,1757.695414950576,61.910317460317465
IS,Estable C1200 (Ultra/Estable + oro WR x2) 1c,Ultra 1c -> 2c desde colchon 4000,7100.0,0,historia,2369.9671496768956,9.50413223140496,1.06198347107438,0.05371900826446281,24.09090909090909,3029.768994349995,78.68129345402072
IS,Estable C1200 (Ultra/Estable + oro WR x2) 1c,Ultra 1c -> 2c desde colchon 4000,7100.0,0,Monte Carlo,1826.7318342221795,6.7,1.35,0.238,19.802,2478.3769188159627,74.41944444444445
IS,Estable C1200 (Ultra/Estable + oro WR x2) 1c,Ultra 1c -> 2c desde colchon 4000,7100.0,12,historia,1323.6089871568458,9.50413223140496,2.053719008264463,0.15289256198347106,13.723140495867769,2015.6040008020823,67.00118063754428
IS,Estable C1200 (Ultra/Estable + oro WR x2) 1c,Ultra 1c -> 2c desde colchon 4000,7100.0,12,Monte Carlo,1047.4645857131861,6.7,2.24,0.31,11.487,1740.8615927459782,61.852777777777774
IS,Estable C1200 (Ultra/Estable + oro WR x2) 1c,Ultra 1c -> 2c desde colchon 4000,8100.0,0,historia,2353.9055542870824,11.15702479338843,1.06198347107438,0.05371900826446281,23.776859504132233,3009.3555076306907,78.68129345402072
IS,Estable C1200 (Ultra/Estable + oro WR x2) 1c,Ultra 1c -> 2c desde colchon 4000,8100.0,0,Monte Carlo,1816.378457354782,7.6,1.345,0.232,19.693,2463.0765751423237,74.45873015873015
IS,Estable C1200 (Ultra/Estable + oro WR x2) 1c,Ultra 1c -> 2c desde colchon 4000,8100.0,12,historia,1330.6323512538406,11.15702479338843,1.9710743801652892,0.128099173553719,13.235537190082646,1980.225320395093,68.49829463465827
IS,Estable C1200 (Ultra/Estable + oro WR x2) 1c,Ultra 1c -> 2c desde colchon 4000,8100.0,12,Monte Carlo,1017.7180056615948,7.6,2.217,0.305,11.156,1678.0715344376636,62.3765873015873
IS,Estable C1200 (Ultra/Estable + oro WR x2) 1c,Ultra 1c -> 2c desde colchon 4000,10100.0,0,historia,2242.776591047751,12.396694214876034,1.06198347107438,0.05371900826446281,22.863636363636363,2868.11613755822,78.68129345402072
IS,Estable C1200 (Ultra/Estable + oro WR x2) 1c,Ultra 1c -> 2c desde colchon 4000,10100.0,0,Monte Carlo,1727.1933924968698,9.6,1.342,0.229,18.713,2339.6922584980457,74.57182539682539
IS,Estable C1200 (Ultra/Estable + oro WR x2) 1c,Ultra 1c -> 2c desde colchon 4000,10100.0,12,historia,1240.9127093332204,12.396694214876034,1.9173553719008265,0.11983471074380166,12.615702479338843,1844.6856537399256,68.62947658402204
IS,Estable C1200 (Ultra/Estable + oro WR x2) 1c,Ultra 1c -> 2c desde colchon 4000,10100.0,12,Monte Carlo,959.3751674609543,9.6,2.16,0.289,10.538,1558.7500529229874,63.360714285714295
IS,Estable C1200 (Ultra/Estable + oro WR x2) 1c,Ultra 1c -> 2c desde colchon 4000,5100.0,0,costo +1 tick,1743.9790239002095,5.371900826446281,1.115702479338843,0.10330578512396695,16.99586776859504,2310.418518538722,76.11504656959202
IS,Estable C1200 (Ultra/Estable + oro WR x2) 1c,Ultra 1c -> 2c desde colchon 4000,5100.0,12,costo +1 tick,1234.211075437857,5.371900826446281,1.8099173553719008,0.15702479338842976,11.165289256198347,1848.908513485232,68.03423848878394
IS,Estable C1200 (Ultra/Estable + oro WR x2) 1c,Ultra 1c -> 2c desde colchon 4000,6100.0,0,costo +1 tick,2012.0103463709854,6.6115702479338845,1.115702479338843,0.10330578512396695,20.859504132231404,2662.558252468615,76.11504656959202
IS,Estable C1200 (Ultra/Estable + oro WR x2) 1c,Ultra 1c -> 2c desde colchon 4000,6100.0,12,costo +1 tick,1182.4181064414913,6.6115702479338845,1.9793388429752066,0.21487603305785125,12.148760330578513,1875.2951800078358,64.43329397874852
IS,Estable C1200 (Ultra/Estable + oro WR x2) 1c,Ultra 1c -> 2c desde colchon 4000,7100.0,0,costo +1 tick,2103.0536137742442,15.289256198347106,1.115702479338843,0.10330578512396695,21.632231404958677,2782.1709591625777,76.11504656959202
IS,Estable C1200 (Ultra/Estable + oro WR x2) 1c,Ultra 1c -> 2c desde colchon 4000,7100.0,12,costo +1 tick,1162.2400800087564,15.289256198347106,2.0289256198347108,0.2190082644628099,12.144628099173554,1833.1363416419038,64.8497966679785
IS,Estable C1200 (Ultra/Estable + oro WR x2) 1c,Ultra 1c -> 2c desde colchon 4000,8100.0,0,costo +1 tick,2074.0176136384325,15.702479338842975,1.115702479338843,0.10330578512396695,21.301652892561982,2744.023442417299,76.11504656959202
IS,Estable C1200 (Ultra/Estable + oro WR x2) 1c,Ultra 1c -> 2c desde colchon 4000,8100.0,12,costo +1 tick,1156.1438540236354,15.702479338842975,1.9917355371900827,0.2024793388429752,11.756198347107437,1794.7580481398402,65.86973632428179
IS,Estable C1200 (Ultra/Estable + oro WR x2) 1c,Ultra 1c -> 2c desde colchon 4000,10100.0,0,costo +1 tick,1980.7509573504456,16.528925619834713,1.115702479338843,0.10330578512396695,20.636363636363637,2621.4896458929634,76.11504656959202
IS,Estable C1200 (Ultra/Estable + oro WR x2) 1c,Ultra 1c -> 2c desde colchon 4000,10100.0,12,costo +1 tick,1086.4101498295452,16.528925619834713,1.9710743801652892,0.18181818181818182,11.12396694214876,1676.6279126218665,66.33543224452315
IS,Estable C1200 (Ultra/Estable + oro WR x2) 1c,2c Ultra escalones 750/1500,5100.0,0,historia,2459.7509517065255,14.049586776859504,2.206611570247934,1.1859504132231404,25.446280991735538,4343.619062360353,57.29371638462548
IS,Estable C1200 (Ultra/Estable + oro WR x2) 1c,2c Ultra escalones 750/1500,5100.0,0,Monte Carlo,1798.8653450195945,12.2,2.512,1.321,19.72,3252.6927317276754,56.31428571428572
IS,Estable C1200 (Ultra/Estable + oro WR x2) 1c,2c Ultra escalones 750/1500,5100.0,12,historia,1286.3276230418155,14.049586776859504,3.549586776859504,1.5578512396694215,14.078512396694215,3193.239569543161,41.73717696444969
IS,Estable C1200 (Ultra/Estable + oro WR x2) 1c,2c Ultra escalones 750/1500,5100.0,12,Monte Carlo,1092.2607481727969,12.2,3.442,1.429,12.113,2710.735976047223,41.955158730158736
IS,Estable C1200 (Ultra/Estable + oro WR x2) 1c,2c Ultra escalones 750/1500,6100.0,0,historia,2403.936327218861,15.289256198347106,2.206611570247934,1.1859504132231404,24.628099173553718,4242.194006208076,57.34782893873803
IS,Estable C1200 (Ultra/Estable + oro WR x2) 1c,2c Ultra escalones 750/1500,6100.0,0,Monte Carlo,1880.4853592599766,12.7,2.255,1.077,20.581,3184.324689938037,59.980952380952374
IS,Estable C1200 (Ultra/Estable + oro WR x2) 1c,2c Ultra escalones 750/1500,6100.0,12,historia,1336.9957366447309,15.289256198347106,3.409090909090909,1.4173553719008265,13.735537190082646,3312.9668529231785,41.702741702741704
IS,Estable C1200 (Ultra/Estable + oro WR x2) 1c,2c Ultra escalones 750/1500,6100.0,12,Monte Carlo,1074.5119630226352,12.7,3.325,1.287,11.914,2553.2605888957733,43.78769841269841
IS,Estable C1200 (Ultra/Estable + oro WR x2) 1c,2c Ultra escalones 750/1500,7100.0,0,historia,2450.6225469614023,15.702479338842975,1.9132231404958677,0.8884297520661157,24.925619834710744,3859.6808570378907,64.14141414141413
IS,Estable C1200 (Ultra/Estable + oro WR x2) 1c,2c Ultra escalones 750/1500,7100.0,0,Monte Carlo,1876.0833594238393,13.8,2.129,0.96,20.473,3093.1194691379833,61.553968253968264
IS,Estable C1200 (Ultra/Estable + oro WR x2) 1c,2c Ultra escalones 750/1500,7100.0,12,historia,1349.3580947501107,15.702479338842975,3.1611570247933884,1.1322314049586777,13.818181818181818,2976.676226668565,46.72045126590581
IS,Estable C1200 (Ultra/Estable + oro WR x2) 1c,2c Ultra escalones 750/1500,7100.0,12,Monte Carlo,1045.3721744647721,13.8,3.235,1.213,11.575,2395.0332733201326,45.41468253968254
IS,Estable C1200 (Ultra/Estable + oro WR x2) 1c,2c Ultra escalones 750/1500,8100.0,0,historia,2389.552500229943,16.115702479338843,1.9132231404958677,0.8884297520661157,24.06198347107438,3764.4692881179767,64.14141414141413
IS,Estable C1200 (Ultra/Estable + oro WR x2) 1c,2c Ultra escalones 750/1500,8100.0,0,Monte Carlo,1835.793034467708,14.6,2.066,0.901,20.018,2993.193056855779,62.23531746031746
IS,Estable C1200 (Ultra/Estable + oro WR x2) 1c,2c Ultra escalones 750/1500,8100.0,12,historia,1286.9903980382546,16.115702479338843,3.0950413223140494,1.1239669421487604,12.96694214876033,2823.397462210614,47.017250426341334
IS,Estable C1200 (Ultra/Estable + oro WR x2) 1c,2c Ultra escalones 750/1500,8100.0,12,Monte Carlo,1006.8737878605434,14.6,3.16,1.165,11.181,2249.8144497134567,46.59126984126984
IS,Estable C1200 (Ultra/Estable + oro WR x2) 1c,2c Ultra escalones 750/1500,10100.0,0,historia,2265.004471906667,18.181818181818183,1.9132231404958677,0.8884297520661157,22.541322314049587,3570.2920471100356,64.14141414141413
IS,Estable C1200 (Ultra/Estable + oro WR x2) 1c,2c Ultra escalones 750/1500,10100.0,0,Monte Carlo,1726.7122257897172,15.5,2.022,0.859,18.859,2791.8255315993897,62.79642857142857
IS,Estable C1200 (Ultra/Estable + oro WR x2) 1c,2c Ultra escalones 750/1500,10100.0,12,historia,1241.398686767741,18.181818181818183,2.958677685950413,1.0991735537190082,12.165289256198347,2570.5854494334326,49.79830775285321
IS,Estable C1200 (Ultra/Estable + oro WR x2) 1c,2c Ultra escalones 750/1500,10100.0,12,Monte Carlo,946.2793750743936,15.5,3.04,1.096,10.545,2031.0211493624356,48.54960317460318
IS,Estable C1200 (Ultra/Estable + oro WR x2) 1c,2c Ultra escalones 750/1500,5100.0,0,costo +1 tick,2144.771435349507,22.31404958677686,2.5826446280991737,1.4669421487603307,22.177685950413224,4176.197347416287,52.16614193886922
IS,Estable C1200 (Ultra/Estable + oro WR x2) 1c,2c Ultra escalones 750/1500,5100.0,12,costo +1 tick,1155.5029440002993,22.31404958677686,3.78099173553719,1.7314049586776858,12.586776859504132,3316.5115555767597,36.33248065066247
IS,Estable C1200 (Ultra/Estable + oro WR x2) 1c,2c Ultra escalones 750/1500,6100.0,0,costo +1 tick,2114.8438998284255,22.727272727272727,2.4008264462809916,1.2768595041322315,21.727272727272727,3966.2787087011125,54.11255411255412
IS,Estable C1200 (Ultra/Estable + oro WR x2) 1c,2c Ultra escalones 750/1500,6100.0,12,costo +1 tick,1166.1012622894336,22.727272727272727,3.6942148760330578,1.6363636363636365,12.12396694214876,3331.131083500149,36.45710350255804
IS,Estable C1200 (Ultra/Estable + oro WR x2) 1c,2c Ultra escalones 750/1500,7100.0,0,costo +1 tick,2088.4953593246496,23.96694214876033,2.272727272727273,1.1446280991735538,21.380165289256198,3689.53932917441,57.41178013905287
IS,Estable C1200 (Ultra/Estable + oro WR x2) 1c,2c Ultra escalones 750/1500,7100.0,12,costo +1 tick,1175.2390082647773,23.96694214876033,3.5371900826446283,1.421487603305785,12.12809917355372,2998.9133526577766,40.73199527744982
IS,Estable C1200 (Ultra/Estable + oro WR x2) 1c,2c Ultra escalones 750/1500,8100.0,0,costo +1 tick,2041.5238275811855,25.206611570247933,2.272727272727273,1.1446280991735538,20.764462809917354,3607.7241831717993,57.41178013905287
IS,Estable C1200 (Ultra/Estable + oro WR x2) 1c,2c Ultra escalones 750/1500,8100.0,12,costo +1 tick,1132.9094585816065,25.206611570247933,3.479338842975207,1.4338842975206612,11.46694214876033,2829.1246524738485,41.65354847173028
IS,Estable C1200 (Ultra/Estable + oro WR x2) 1c,2c Ultra escalones 750/1500,10100.0,0,costo +1 tick,1930.1847613236298,26.033057851239672,2.272727272727273,1.1446280991735538,19.50413223140496,3413.7934846498415,57.41178013905287
IS,Estable C1200 (Ultra/Estable + oro WR x2) 1c,2c Ultra escalones 750/1500,10100.0,12,costo +1 tick,1088.1933918634395,26.033057851239672,3.2892561983471076,1.3884297520661157,10.84297520661157,2559.2371942944055,44.20175783812147
IS,Estable C1200 (Ultra/Estable + oro WR x2) 1c,1c WR70Plus,5100.0,0,historia,829.86870504442,14.049586776859504,1.0578512396694215,0.049586776859504134,13.409090909090908,1076.8903725157268,78.34677948314311
IS,Estable C1200 (Ultra/Estable + oro WR x2) 1c,1c WR70Plus,5100.0,0,Monte Carlo,716.2380663750014,6.4,1.232,0.132,12.626,956.9617261062791,76.52936507936508
IS,Estable C1200 (Ultra/Estable + oro WR x2) 1c,1c WR70Plus,5100.0,12,historia,606.4046147860936,14.049586776859504,1.5909090909090908,0.049586776859504134,9.570247933884298,872.4584651273923,71.8909878000787
IS,Estable C1200 (Ultra/Estable + oro WR x2) 1c,1c WR70Plus,5100.0,12,Monte Carlo,540.889432974704,6.4,1.838,0.146,9.723,816.3823694239462,69.19999999999999
IS,Estable C1200 (Ultra/Estable + oro WR x2) 1c,1c WR70Plus,6100.0,0,historia,765.8436915193871,17.355371900826448,1.0578512396694215,0.049586776859504134,12.330578512396695,995.1703401833088,78.34677948314311
IS,Estable C1200 (Ultra/Estable + oro WR x2) 1c,1c WR70Plus,6100.0,0,Monte Carlo,646.2154692471784,7.6,1.231,0.131,11.414,865.2495373217397,76.5468253968254
IS,Estable C1200 (Ultra/Estable + oro WR x2) 1c,1c WR70Plus,6100.0,12,historia,553.4172819362365,17.355371900826448,1.4917355371900827,0.049586776859504134,8.640495867768594,785.5881041820182,72.93060474878655
IS,Estable C1200 (Ultra/Estable + oro WR x2) 1c,1c WR70Plus,6100.0,12,Monte Carlo,501.74573862632906,7.6,1.75,0.14,9.037,743.5948443392778,70.5547619047619
IS,Estable C1200 (Ultra/Estable + oro WR x2) 1c,1c WR70Plus,7100.0,0,historia,703.5640236722701,19.00826446280992,1.0578512396694215,0.049586776859504134,11.446280991735538,915.678026321809,78.34677948314311
IS,Estable C1200 (Ultra/Estable + oro WR x2) 1c,1c WR70Plus,7100.0,0,Monte Carlo,577.0166033298651,10.9,1.231,0.131,10.23,774.8488374121349,76.5468253968254
IS,Estable C1200 (Ultra/Estable + oro WR x2) 1c,1c WR70Plus,7100.0,12,historia,506.42546251478603,19.00826446280992,1.4338842975206612,0.049586776859504134,7.975206611570248,713.3800206254837,73.61930998294635
IS,Estable C1200 (Ultra/Estable + oro WR x2) 1c,1c WR70Plus,7100.0,12,Monte Carlo,460.37122191156556,10.9,1.663,0.137,8.317,671.9490903353457,71.75079365079365
IS,Estable C1200 (Ultra/Estable + oro WR x2) 1c,1c WR70Plus,8100.0,0,historia,643.1178568647584,21.487603305785125,1.0578512396694215,0.049586776859504134,10.59504132231405,838.5259503765342,78.34677948314311
IS,Estable C1200 (Ultra/Estable + oro WR x2) 1c,1c WR70Plus,8100.0,0,Monte Carlo,510.51449412718216,14.000000000000002,1.231,0.131,9.098,687.9711532522364,76.5468253968254
IS,Estable C1200 (Ultra/Estable + oro WR x2) 1c,1c WR70Plus,8100.0,12,historia,462.97255167041595,21.487603305785125,1.4297520661157024,0.049586776859504134,7.446280991735537,658.0202076805773,73.20116751934933
IS,Estable C1200 (Ultra/Estable + oro WR x2) 1c,1c WR70Plus,8100.0,12,Monte Carlo,418.49273136578796,14.000000000000002,1.587,0.138,7.6,604.0782533708351,72.71507936507936
IS,Estable C1200 (Ultra/Estable + oro WR x2) 1c,1c WR70Plus,10100.0,0,historia,526.4607286759317,23.553719008264462,1.0578512396694215,0.049586776859504134,8.793388429752065,689.6275158034496,78.34677948314311
IS,Estable C1200 (Ultra/Estable + oro WR x2) 1c,1c WR70Plus,10100.0,0,Monte Carlo,385.0661598605672,22.2,1.231,0.131,6.933,524.0867156987782,76.5468253968254
IS,Estable C1200 (Ultra/Estable + oro WR x2) 1c,1c WR70Plus,10100.0,12,historia,390.652263624215,23.553719008264462,1.4008264462809918,0.049586776859504134,6.404958677685951,562.1443527961397,72.75350911714548
IS,Estable C1200 (Ultra/Estable + oro WR x2) 1c,1c WR70Plus,10100.0,12,Monte Carlo,332.1624093115648,22.2,1.454,0.134,6.075,472.11679397023397,74.38531746031745
IS,Estable C1200 (Ultra/Estable + oro WR x2) 1c,1c WR70Plus,5100.0,0,costo +1 tick,762.5617085993617,19.834710743801654,1.0867768595041323,0.0743801652892562,12.65702479338843,1020.9304792505059,76.08553063098518
IS,Estable C1200 (Ultra/Estable + oro WR x2) 1c,1c WR70Plus,5100.0,12,costo +1 tick,555.6954095814673,19.834710743801654,1.5826446280991735,0.0743801652892562,8.867768595041323,830.1752363590809,69.43132624950806
IS,Estable C1200 (Ultra/Estable + oro WR x2) 1c,1c WR70Plus,6100.0,0,costo +1 tick,702.5490792761984,20.24793388429752,1.0867768595041323,0.0743801652892562,11.71900826446281,942.0552597107691,76.08553063098518
IS,Estable C1200 (Ultra/Estable + oro WR x2) 1c,1c WR70Plus,6100.0,12,costo +1 tick,504.93500429738316,20.24793388429752,1.4917355371900827,0.0743801652892562,8.119834710743802,742.7065764594109,70.61360356814903
IS,Estable C1200 (Ultra/Estable + oro WR x2) 1c,1c WR70Plus,7100.0,0,costo +1 tick,642.9530604046566,21.487603305785125,1.0867768595041323,0.0743801652892562,10.87190082644628,863.7275955973615,76.08553063098518
IS,Estable C1200 (Ultra/Estable + oro WR x2) 1c,1c WR70Plus,7100.0,12,costo +1 tick,463.36319058381497,21.487603305785125,1.4545454545454546,0.0743801652892562,7.603305785123967,674.5456483207231,71.5138396956579
IS,Estable C1200 (Ultra/Estable + oro WR x2) 1c,1c WR70Plus,8100.0,0,costo +1 tick,584.061399245492,23.140495867768596,1.0867768595041323,0.0743801652892562,9.983471074380166,786.3256761117905,76.08553063098518
IS,Estable C1200 (Ultra/Estable + oro WR x2) 1c,1c WR70Plus,8100.0,12,costo +1 tick,420.6694626534609,23.140495867768596,1.4462809917355373,0.0743801652892562,7.008264462809917,623.9219985211596,70.4561852289125
IS,Estable C1200 (Ultra/Estable + oro WR x2) 1c,1c WR70Plus,10100.0,0,costo +1 tick,469.8273370943614,28.512396694214875,1.0867768595041323,0.0743801652892562,8.0,636.1866664948823,76.08553063098518
IS,Estable C1200 (Ultra/Estable + oro WR x2) 1c,1c WR70Plus,10100.0,12,costo +1 tick,356.48117574087183,28.512396694214875,1.421487603305785,0.0743801652892562,5.909090909090909,527.6543488207919,71.08421881149152
IS,Ultra fijo 1c + oro Robust,1c Ultra,5100.0,0,historia,1380.3750776721263,0.0,1.2975206611570247,0.03305785123966942,21.65289256198347,1696.6859479692773,82.3576675849403
IS,Ultra fijo 1c + oro Robust,1c Ultra,5100.0,0,Monte Carlo,1123.112886396096,3.0,1.501,0.218,17.73,1451.23666109879,78.74325396825397
IS,Ultra fijo 1c + oro Robust,1c Ultra,5100.0,12,historia,909.9468780027604,0.0,2.371900826446281,0.11570247933884298,14.566115702479339,1309.1959848539957,71.87459005640824
IS,Ultra fijo 1c + oro Robust,1c Ultra,5100.0,12,Monte Carlo,744.2121187134604,3.0,2.524,0.29,12.01,1153.5335872633427,67.37857142857143
IS,Ultra fijo 1c + oro Robust,1c Ultra,6100.0,0,historia,1305.46963889745,0.0,1.2975206611570247,0.03305785123966942,20.58677685950413,1605.7345636340888,82.3576675849403
IS,Ultra fijo 1c + oro Robust,1c Ultra,6100.0,0,Monte Carlo,1050.6180449445603,3.6999999999999997,1.494,0.214,16.606,1357.8785293725196,78.81150793650794
IS,Ultra fijo 1c + oro Robust,1c Ultra,6100.0,12,historia,842.2319704808316,0.0,2.2520661157024793,0.11983471074380166,13.619834710743802,1208.0066238195482,72.15991079627445
IS,Ultra fijo 1c + oro Robust,1c Ultra,6100.0,12,Monte Carlo,695.1327891544541,3.6999999999999997,2.426,0.277,11.228,1062.4270477000762,68.41626984126984
IS,Ultra fijo 1c + oro Robust,1c Ultra,7100.0,0,historia,1231.5268814821713,6.198347107438017,1.2975206611570247,0.03305785123966942,19.318181818181817,1515.9520824352162,82.3576675849403
IS,Ultra fijo 1c + oro Robust,1c Ultra,7100.0,0,Monte Carlo,978.3571891566794,4.6,1.492,0.213,15.483,1265.8957928550446,78.82777777777777
IS,Ultra fijo 1c + oro Robust,1c Ultra,7100.0,12,historia,767.9285709881339,6.198347107438017,2.1322314049586777,0.1115702479338843,12.285123966942148,1078.574304356743,73.7849271940181
IS,Ultra fijo 1c + oro Robust,1c Ultra,7100.0,12,Monte Carlo,654.6928897916059,4.6,2.368,0.267,10.595,988.947546245069,69.33373015873015
IS,Ultra fijo 1c + oro Robust,1c Ultra,8100.0,0,historia,1161.0242709255256,7.851239669421488,1.2975206611570247,0.03305785123966942,18.21900826446281,1430.3466826903384,82.3576675849403
IS,Ultra fijo 1c + oro Robust,1c Ultra,8100.0,0,Monte Carlo,906.7832220685659,6.1,1.491,0.212,14.39,1174.6378035601604,78.85753968253968
IS,Ultra fijo 1c + oro Robust,1c Ultra,8100.0,12,historia,692.4845084025511,7.851239669421488,2.06198347107438,0.11983471074380166,10.818181818181818,965.6589105647763,74.50478814115178
IS,Ultra fijo 1c + oro Robust,1c Ultra,8100.0,12,Monte Carlo,615.946759016164,6.1,2.297,0.261,10.015,915.8263233011542,70.53730158730158
IS,Ultra fijo 1c + oro Robust,1c Ultra,10100.0,0,historia,1025.4476616971585,10.743801652892563,1.2975206611570247,0.03305785123966942,16.14876033057851,1265.727390760369,82.3576675849403
IS,Ultra fijo 1c + oro Robust,1c Ultra,10100.0,0,Monte Carlo,767.269079583627,10.4,1.491,0.212,12.267,997.718585630477,78.85753968253968
IS,Ultra fijo 1c + oro Robust,1c Ultra,10100.0,12,historia,614.6868937273903,10.743801652892563,1.9338842975206612,0.045454545454545456,9.330578512396695,850.4916436494043,75.24924570379116
IS,Ultra fijo 1c + oro Robust,1c Ultra,10100.0,12,Monte Carlo,543.5257797037165,10.4,2.131,0.24,8.919,790.4744320184042,72.28650793650795
IS,Ultra fijo 1c + oro Robust,1c Ultra,5100.0,0,costo +1 tick,1225.185330344839,5.371900826446281,1.3677685950413223,0.06198347107438017,19.293388429752067,1541.9100820858268,80.61950675587039
IS,Ultra fijo 1c + oro Robust,1c Ultra,5100.0,12,costo +1 tick,792.2808421733048,5.371900826446281,2.450413223140496,0.16942148760330578,12.929752066115702,1185.874124341782,69.51331496786042
IS,Ultra fijo 1c + oro Robust,1c Ultra,6100.0,0,costo +1 tick,1153.1312994233997,9.917355371900827,1.3677685950413223,0.06198347107438017,18.045454545454547,1452.5346519686077,80.61950675587039
IS,Ultra fijo 1c + oro Robust,1c Ultra,6100.0,12,costo +1 tick,732.6841839875646,9.917355371900827,2.2644628099173554,0.15289256198347106,11.669421487603305,1059.9354372160883,71.92050373868555
IS,Ultra fijo 1c + oro Robust,1c Ultra,7100.0,0,costo +1 tick,1085.713177739605,10.330578512396695,1.3677685950413223,0.06198347107438017,16.99586776859504,1368.9095785878587,80.61950675587039
IS,Ultra fijo 1c + oro Robust,1c Ultra,7100.0,12,costo +1 tick,677.4968530130699,10.330578512396695,2.06198347107438,0.08264462809917356,10.537190082644628,971.0827305926416,72.5452577725305
IS,Ultra fijo 1c + oro Robust,1c Ultra,8100.0,0,costo +1 tick,1018.8523635627972,12.396694214876034,1.3677685950413223,0.06198347107438017,16.107438016528924,1285.975786423546,80.61950675587039
IS,Ultra fijo 1c + oro Robust,1c Ultra,8100.0,12,costo +1 tick,623.9508184929524,12.396694214876034,2.1198347107438016,0.08264462809917356,9.710743801652892,891.8645837161243,73.06998556998558
IS,Ultra fijo 1c + oro Robust,1c Ultra,10100.0,0,costo +1 tick,887.6645630422868,14.049586776859504,1.3677685950413223,0.06198347107438017,14.066115702479339,1123.2511484302008,80.61950675587039
IS,Ultra fijo 1c + oro Robust,1c Ultra,10100.0,12,costo +1 tick,554.5637536511032,14.049586776859504,2.041322314049587,0.0743801652892562,8.326446280991735,788.7200505664578,73.69801915256461
IS,Ultra fijo 1c + oro Robust,Ultra 1c -> 2c desde colchon 3000,5100.0,0,historia,2407.522668616732,0.0,1.6611570247933884,0.21487603305785125,24.553719008264462,3231.025635709642,75.18529450347631
IS,Ultra fijo 1c + oro Robust,Ultra 1c -> 2c desde colchon 3000,5100.0,0,Monte Carlo,1929.8496134393056,3.5000000000000004,1.733,0.411,20.899,2562.192721125122,76.20515873015873
IS,Ultra fijo 1c + oro Robust,Ultra 1c -> 2c desde colchon 3000,5100.0,12,historia,1408.918451098207,0.0,2.896694214876033,0.2892561983471074,14.710743801652892,2301.92224945925,62.852551488915125
IS,Ultra fijo 1c + oro Robust,Ultra 1c -> 2c desde colchon 3000,5100.0,12,Monte Carlo,1210.5212821480852,3.5000000000000004,2.839,0.457,13.209,1964.0778487223183,63.524206349206345
IS,Ultra fijo 1c + oro Robust,Ultra 1c -> 2c desde colchon 3000,6100.0,0,historia,2610.9086780887983,0.4132231404958678,1.4132231404958677,0.09090909090909091,26.702479338842974,3285.145332498151,80.03902662993572
IS,Ultra fijo 1c + oro Robust,Ultra 1c -> 2c desde colchon 3000,6100.0,0,Monte Carlo,2052.6486269243064,4.0,1.626,0.322,22.262,2684.978479133852,77.24166666666667
IS,Ultra fijo 1c + oro Robust,Ultra 1c -> 2c desde colchon 3000,6100.0,12,historia,1462.9929500585747,0.4132231404958678,2.8016528925619837,0.1859504132231405,15.305785123966942,2269.962721000077,66.06486947396039
IS,Ultra fijo 1c + oro Robust,Ultra 1c -> 2c desde colchon 3000,6100.0,12,Monte Carlo,1200.7778882934592,4.0,2.828,0.409,13.16,1943.353792692807,63.69285714285714
IS,Ultra fijo 1c + oro Robust,Ultra 1c -> 2c desde colchon 3000,7100.0,0,historia,2586.869658759261,0.4132231404958678,1.4132231404958677,0.09090909090909091,26.425619834710744,3255.111209968547,80.03902662993572
IS,Ultra fijo 1c + oro Robust,Ultra 1c -> 2c desde colchon 3000,7100.0,0,Monte Carlo,2060.2082716140667,4.3,1.588,0.286,22.33,2676.657804739432,77.74563492063493
IS,Ultra fijo 1c + oro Robust,Ultra 1c -> 2c desde colchon 3000,7100.0,12,historia,1440.756288153015,0.4132231404958678,2.6363636363636362,0.16115702479338842,15.066115702479339,2135.40071388582,69.08533385806113
IS,Ultra fijo 1c + oro Robust,Ultra 1c -> 2c desde colchon 3000,7100.0,12,Monte Carlo,1172.1936929002425,4.3,2.762,0.359,12.814,1872.27381767174,64.53809523809524
IS,Ultra fijo 1c + oro Robust,Ultra 1c -> 2c desde colchon 3000,8100.0,0,historia,2520.332536583153,0.8264462809917356,1.4132231404958677,0.09090909090909091,25.623966942148762,3171.980361209297,80.03902662993572
IS,Ultra fijo 1c + oro Robust,Ultra 1c -> 2c desde colchon 3000,8100.0,0,Monte Carlo,2035.7045690936422,4.5,1.555,0.258,22.074,2632.812756480591,78.09325396825396
IS,Ultra fijo 1c + oro Robust,Ultra 1c -> 2c desde colchon 3000,8100.0,12,historia,1409.1682195756064,0.8264462809917356,2.541322314049587,0.13636363636363635,14.516528925619834,2098.186473203864,68.74590056408238
IS,Ultra fijo 1c + oro Robust,Ultra 1c -> 2c desde colchon 3000,8100.0,12,Monte Carlo,1132.7773788679976,4.5,2.714,0.354,12.416,1795.1485803510654,65.08015873015873
IS,Ultra fijo 1c + oro Robust,Ultra 1c -> 2c desde colchon 3000,10100.0,0,historia,2396.129816420659,11.983471074380166,1.4132231404958677,0.09090909090909091,24.417355371900825,3016.802661789299,80.03902662993572
IS,Ultra fijo 1c + oro Robust,Ultra 1c -> 2c desde colchon 3000,10100.0,0,Monte Carlo,1915.9992449722665,5.5,1.544,0.251,20.771,2475.871019749284,78.20277777777777
IS,Ultra fijo 1c + oro Robust,Ultra 1c -> 2c desde colchon 3000,10100.0,12,historia,1307.3359553546616,11.983471074380166,2.4958677685950414,0.16942148760330578,13.553719008264462,1931.5927741064784,69.37229437229436
IS,Ultra fijo 1c + oro Robust,Ultra 1c -> 2c desde colchon 3000,10100.0,12,Monte Carlo,1049.4938202504832,5.5,2.612,0.34,11.544,1634.3735438997521,66.3047619047619
IS,Ultra fijo 1c + oro Robust,Ultra 1c -> 2c desde colchon 3000,5100.0,0,costo +1 tick,2143.0560214003585,0.0,1.71900826446281,0.24793388429752067,22.206611570247933,2928.630869053077,73.94398530762167
IS,Ultra fijo 1c + oro Robust,Ultra 1c -> 2c desde colchon 3000,5100.0,12,costo +1 tick,1264.5900961001387,0.0,2.809917355371901,0.34297520661157027,13.268595041322314,2084.297783920865,62.43604879968516
IS,Ultra fijo 1c + oro Robust,Ultra 1c -> 2c desde colchon 3000,6100.0,0,costo +1 tick,2290.819212485247,1.2396694214876034,1.487603305785124,0.1322314049586777,23.549586776859503,2942.5697337969987,78.51239669421487
IS,Ultra fijo 1c + oro Robust,Ultra 1c -> 2c desde colchon 3000,6100.0,12,costo +1 tick,1308.5211124498655,1.2396694214876034,2.855371900826446,0.22727272727272727,13.743801652892563,2034.0779292122277,66.1665354847173
IS,Ultra fijo 1c + oro Robust,Ultra 1c -> 2c desde colchon 3000,7100.0,0,costo +1 tick,2256.6448736644975,9.090909090909092,1.487603305785124,0.1322314049586777,23.082644628099175,2899.0424180358336,78.51239669421487
IS,Ultra fijo 1c + oro Robust,Ultra 1c -> 2c desde colchon 3000,7100.0,12,costo +1 tick,1316.3613496219161,9.090909090909092,2.5991735537190084,0.17768595041322313,13.276859504132231,1982.3979573275303,68.11786698150334
IS,Ultra fijo 1c + oro Robust,Ultra 1c -> 2c desde colchon 3000,8100.0,0,costo +1 tick,2202.838355146804,10.330578512396695,1.487603305785124,0.1322314049586777,22.710743801652892,2830.509904976456,78.51239669421487
IS,Ultra fijo 1c + oro Robust,Ultra 1c -> 2c desde colchon 3000,8100.0,12,costo +1 tick,1252.6871357184468,10.330578512396695,2.65702479338843,0.2603305785123967,12.62809917355372,1907.249751849919,67.50295159386069
IS,Ultra fijo 1c + oro Robust,Ultra 1c -> 2c desde colchon 3000,10100.0,0,costo +1 tick,2095.0873914027507,15.289256198347106,1.487603305785124,0.1322314049586777,21.570247933884296,2693.2692037866614,78.51239669421487
IS,Ultra fijo 1c + oro Robust,Ultra 1c -> 2c desde colchon 3000,10100.0,12,costo +1 tick,1178.091328806424,15.289256198347106,2.590909090909091,0.2603305785123967,11.611570247933884,1790.6325700978985,67.68496654860293
IS,Ultra fijo 1c + oro Robust,Ultra 1c -> 2c desde colchon 4000,5100.0,0,historia,2140.123078566182,0.0,1.2975206611570247,0.03305785123966942,21.714876033057852,2619.1841478004985,82.3576675849403
IS,Ultra fijo 1c + oro Robust,Ultra 1c -> 2c desde colchon 4000,5100.0,0,Monte Carlo,1703.8077041679899,3.0,1.567,0.271,18.434,2211.305434297531,77.97698412698414
IS,Ultra fijo 1c + oro Robust,Ultra 1c -> 2c desde colchon 4000,5100.0,12,historia,1404.6283243490973,0.0,2.3388429752066116,0.05371900826446281,14.735537190082646,1968.0695193062165,72.92568542568543
IS,Ultra fijo 1c + oro Robust,Ultra 1c -> 2c desde colchon 4000,5100.0,12,Monte Carlo,1125.4134862603285,3.0,2.59,0.338,12.253,1745.4215844327646,66.41944444444445
IS,Ultra fijo 1c + oro Robust,Ultra 1c -> 2c desde colchon 4000,6100.0,0,historia,2410.489592955953,0.0,1.2975206611570247,0.03305785123966942,24.46694214876033,2947.4675029731375,82.3576675849403
IS,Ultra fijo 1c + oro Robust,Ultra 1c -> 2c desde colchon 4000,6100.0,0,Monte Carlo,1867.6614595988674,3.5000000000000004,1.537,0.247,20.2,2409.553648477509,78.3452380952381
IS,Ultra fijo 1c + oro Robust,Ultra 1c -> 2c desde colchon 4000,6100.0,12,historia,1424.7593472811477,0.0,2.4214876033057853,0.10743801652892562,14.834710743801653,2040.8907636625345,71.36298045388955
IS,Ultra fijo 1c + oro Robust,Ultra 1c -> 2c desde colchon 4000,6100.0,12,Monte Carlo,1129.2683632826863,3.5000000000000004,2.637,0.327,12.328,1765.3138016074074,65.92420634920634
IS,Ultra fijo 1c + oro Robust,Ultra 1c -> 2c desde colchon 4000,7100.0,0,historia,2553.2070605971926,0.0,1.2975206611570247,0.03305785123966942,26.272727272727273,3120.7573396408006,82.3576675849403
IS,Ultra fijo 1c + oro Robust,Ultra 1c -> 2c desde colchon 4000,7100.0,0,Monte Carlo,1951.839527251619,4.1000000000000005,1.515,0.23,21.184,2510.6798242903315,78.53095238095237
IS,Ultra fijo 1c + oro Robust,Ultra 1c -> 2c desde colchon 4000,7100.0,12,historia,1446.4980420714244,0.0,2.520661157024793,0.08264462809917356,15.34297520661157,2091.529662888491,70.73658664567756
IS,Ultra fijo 1c + oro Robust,Ultra 1c -> 2c desde colchon 4000,7100.0,12,Monte Carlo,1116.6490996001542,4.1000000000000005,2.631,0.319,12.276,1744.1838292990606,65.99484126984126
IS,Ultra fijo 1c + oro Robust,Ultra 1c -> 2c desde colchon 4000,8100.0,0,historia,2530.4471919351213,3.3057851239669422,1.2975206611570247,0.03305785123966942,25.867768595041323,3093.121942318993,82.3576675849403
IS,Ultra fijo 1c + oro Robust,Ultra 1c -> 2c desde colchon 4000,8100.0,0,Monte Carlo,1943.607904799587,4.8,1.509,0.224,21.111,2498.191684934011,78.59087301587302
IS,Ultra fijo 1c + oro Robust,Ultra 1c -> 2c desde colchon 4000,8100.0,12,historia,1419.7930464728806,3.3057851239669422,2.479338842975207,0.07851239669421488,14.87603305785124,2030.280349971393,71.5285976649613
IS,Ultra fijo 1c + oro Robust,Ultra 1c -> 2c desde colchon 4000,8100.0,12,Monte Carlo,1085.161681035451,4.8,2.581,0.304,11.959,1676.199623237033,66.75396825396825
IS,Ultra fijo 1c + oro Robust,Ultra 1c -> 2c desde colchon 4000,10100.0,0,historia,2410.7463633870125,6.6115702479338845,1.2975206611570247,0.03305785123966942,24.640495867768596,2947.779277746015,82.3576675849403
IS,Ultra fijo 1c + oro Robust,Ultra 1c -> 2c desde colchon 4000,10100.0,0,Monte Carlo,1855.6755958373824,5.8999999999999995,1.504,0.22,20.147,2383.5144202014403,78.68015873015874
IS,Ultra fijo 1c + oro Robust,Ultra 1c -> 2c desde colchon 4000,10100.0,12,historia,1321.8161912366706,6.6115702479338845,2.37603305785124,0.10743801652892562,13.87190082644628,1868.8369485905846,72.39275875639511
IS,Ultra fijo 1c + oro Robust,Ultra 1c -> 2c desde colchon 4000,10100.0,12,Monte Carlo,1019.3628330530863,5.8999999999999995,2.506,0.296,11.252,1558.199777439793,67.52341269841268
IS,Ultra fijo 1c + oro Robust,Ultra 1c -> 2c desde colchon 4000,5100.0,0,costo +1 tick,1855.8622874235978,0.0,1.3677685950413223,0.06198347107438017,18.177685950413224,2324.1983674614194,80.61950675587039
IS,Ultra fijo 1c + oro Robust,Ultra 1c -> 2c desde colchon 4000,5100.0,12,costo +1 tick,1314.3048905654714,0.0,2.227272727272727,0.15702479338842976,12.074380165289256,1875.613022738598,71.62698412698413
IS,Ultra fijo 1c + oro Robust,Ultra 1c -> 2c desde colchon 4000,6100.0,0,costo +1 tick,2132.7970088607685,0.0,1.3677685950413223,0.06198347107438017,22.14876033057851,2667.7066976175147,80.61950675587039
IS,Ultra fijo 1c + oro Robust,Ultra 1c -> 2c desde colchon 4000,6100.0,12,costo +1 tick,1290.736167715305,0.0,2.4297520661157024,0.09917355371900827,13.458677685950413,1887.2795238551578,70.07575757575758
IS,Ultra fijo 1c + oro Robust,Ultra 1c -> 2c desde colchon 4000,7100.0,0,costo +1 tick,2241.3973148938708,9.917355371900827,1.3677685950413223,0.06198347107438017,23.02892561983471,2802.413929654995,80.61950675587039
IS,Ultra fijo 1c + oro Robust,Ultra 1c -> 2c desde colchon 4000,7100.0,12,costo +1 tick,1281.804801258798,9.917355371900827,2.5371900826446283,0.10330578512396695,13.396694214876034,1872.7713505048116,70.21677817132363
IS,Ultra fijo 1c + oro Robust,Ultra 1c -> 2c desde colchon 4000,8100.0,0,costo +1 tick,2209.723332442298,10.330578512396695,1.3677685950413223,0.06198347107438017,22.710743801652892,2763.1256931894864,80.61950675587039
IS,Ultra fijo 1c + oro Robust,Ultra 1c -> 2c desde colchon 4000,8100.0,12,costo +1 tick,1244.9496311144067,10.330578512396695,2.458677685950413,0.1652892561983471,12.78099173553719,1825.0005460652585,69.9790108881018
IS,Ultra fijo 1c + oro Robust,Ultra 1c -> 2c desde colchon 4000,10100.0,0,costo +1 tick,2109.5376063058366,12.396694214876034,1.3677685950413223,0.06198347107438017,21.789256198347108,2638.855860529953,80.61950675587039
IS,Ultra fijo 1c + oro Robust,Ultra 1c -> 2c desde colchon 4000,10100.0,12,costo +1 tick,1176.2171603629247,12.396694214876034,2.425619834710744,0.15289256198347106,12.070247933884298,1709.0635525966313,70.67919454283091
IS,Ultra fijo 1c + oro Robust,2c Ultra escalones 750/1500,5100.0,0,historia,2816.767025034076,0.0,1.9545454545454546,0.6776859504132231,29.462809917355372,4214.57890621178,67.44064016791289
IS,Ultra fijo 1c + oro Robust,2c Ultra escalones 750/1500,5100.0,0,Monte Carlo,1991.6138829268148,7.7,2.954,1.41,21.767,3296.899400051277,61.58095238095238
IS,Ultra fijo 1c + oro Robust,2c Ultra escalones 750/1500,5100.0,12,historia,1604.9504444128715,0.0,3.5702479338842976,1.06198347107438,17.037190082644628,3214.351094653898,51.383969565787744
IS,Ultra fijo 1c + oro Robust,2c Ultra escalones 750/1500,5100.0,12,Monte Carlo,1230.7820845078836,7.7,4.225,1.563,13.675,2739.0249513698777,46.95317460317461
IS,Ultra fijo 1c + oro Robust,2c Ultra escalones 750/1500,6100.0,0,historia,2705.4584442214696,0.0,2.1363636363636362,0.6776859504132231,28.24380165289256,4052.3696794068824,67.45211858848222
IS,Ultra fijo 1c + oro Robust,2c Ultra escalones 750/1500,6100.0,0,Monte Carlo,2084.7885791594304,8.799999999999999,2.59,1.109,22.72,3232.6393758101276,65.54007936507936
IS,Ultra fijo 1c + oro Robust,2c Ultra escalones 750/1500,6100.0,12,historia,1502.9190772005022,0.0,3.6859504132231407,1.0082644628099173,16.140495867768596,3069.9685523641133,50.526367571822114
IS,Ultra fijo 1c + oro Robust,2c Ultra escalones 750/1500,6100.0,12,Monte Carlo,1206.9522539685727,8.799999999999999,4.056,1.399,13.362,2580.8503547892833,48.821825396825396
IS,Ultra fijo 1c + oro Robust,2c Ultra escalones 750/1500,7100.0,0,historia,2763.37588028026,1.2396694214876034,1.7727272727272727,0.49586776859504134,28.47107438016529,3734.1213316709086,74.62449166994621
IS,Ultra fijo 1c + oro Robust,2c Ultra escalones 750/1500,7100.0,0,Monte Carlo,2078.8278660437873,9.2,2.423,0.977,22.588,3140.296953561763,67.20793650793651
IS,Ultra fijo 1c + oro Robust,2c Ultra escalones 750/1500,7100.0,12,historia,1547.8080333753887,1.2396694214876034,3.652892561983471,0.9834710743801653,15.958677685950413,2917.810822134538,54.68483536665356
IS,Ultra fijo 1c + oro Robust,2c Ultra escalones 750/1500,7100.0,12,Monte Carlo,1171.8588583238732,9.2,3.934,1.311,12.901,2427.3923645481577,50.3968253968254
IS,Ultra fijo 1c + oro Robust,2c Ultra escalones 750/1500,8100.0,0,historia,2692.0865619559427,1.2396694214876034,1.7727272727272727,0.49586776859504134,27.694214876033058,3638.5906061289243,74.62449166994621
IS,Ultra fijo 1c + oro Robust,2c Ultra escalones 750/1500,8100.0,0,Monte Carlo,2036.3480507954926,9.8,2.349,0.913,22.145,3039.8779262035637,67.99880952380953
IS,Ultra fijo 1c + oro Robust,2c Ultra escalones 750/1500,8100.0,12,historia,1482.1526845836113,1.2396694214876034,3.6487603305785123,0.9628099173553719,15.566115702479339,2803.029902858553,54.57988980716253
IS,Ultra fijo 1c + oro Robust,2c Ultra escalones 750/1500,8100.0,12,Monte Carlo,1136.7229033134292,9.8,3.832,1.25,12.576,2297.939192770037,51.648809523809526
IS,Ultra fijo 1c + oro Robust,2c Ultra escalones 750/1500,10100.0,0,historia,2544.0854655583535,1.6528925619834711,1.7727272727272727,0.49586776859504134,25.735537190082646,3440.262827827696,74.62449166994621
IS,Ultra fijo 1c + oro Robust,2c Ultra escalones 750/1500,10100.0,0,Monte Carlo,1923.431819335084,11.200000000000001,2.285,0.857,20.944,2842.9262379649495,68.70833333333333
IS,Ultra fijo 1c + oro Robust,2c Ultra escalones 750/1500,10100.0,12,historia,1335.2469570735268,1.6528925619834711,3.446280991735537,1.0950413223140496,13.706611570247935,2365.6914377700577,58.34809130263676
IS,Ultra fijo 1c + oro Robust,2c Ultra escalones 750/1500,10100.0,12,Monte Carlo,1056.9805090500524,11.200000000000001,3.641,1.144,11.705,2057.6229656176133,53.68412698412698
IS,Ultra fijo 1c + oro Robust,2c Ultra escalones 750/1500,5100.0,0,costo +1 tick,2287.8564767079583,18.181818181818183,3.1404958677685952,1.5826446280991735,23.888429752066116,4403.843582386844,52.88436311163585
IS,Ultra fijo 1c + oro Robust,2c Ultra escalones 750/1500,5100.0,12,costo +1 tick,1209.4188450699012,18.181818181818183,4.809917355371901,1.9421487603305785,13.177685950413224,3522.30726985986,36.12258953168045
IS,Ultra fijo 1c + oro Robust,2c Ultra escalones 750/1500,6100.0,0,costo +1 tick,2256.167058287459,18.181818181818183,2.946280991735537,1.4049586776859504,23.516528925619834,4169.373521707854,55.03738685556866
IS,Ultra fijo 1c + oro Robust,2c Ultra escalones 750/1500,6100.0,12,costo +1 tick,1194.6017691969544,18.181818181818183,4.764462809917355,1.9049586776859504,12.938016528925619,3442.450051318412,36.51285583103765
IS,Ultra fijo 1c + oro Robust,2c Ultra escalones 750/1500,7100.0,0,costo +1 tick,2281.3025532790457,18.181818181818183,2.479338842975207,1.0826446280991735,23.574380165289256,3728.9874179859225,62.047422274694995
IS,Ultra fijo 1c + oro Robust,2c Ultra escalones 750/1500,7100.0,12,costo +1 tick,1240.3360010690024,18.181818181818183,4.433884297520661,1.615702479338843,13.268595041322314,3083.9889261195,42.0995670995671
IS,Ultra fijo 1c + oro Robust,2c Ultra escalones 750/1500,8100.0,0,costo +1 tick,2242.5459788046105,21.074380165289256,2.479338842975207,1.0826446280991735,23.09917355371901,3666.524590275122,62.047422274694995
IS,Ultra fijo 1c + oro Robust,2c Ultra escalones 750/1500,8100.0,12,costo +1 tick,1192.0641892355663,21.074380165289256,4.458677685950414,1.7355371900826446,12.46694214876033,2989.30987166654,41.82900432900433
IS,Ultra fijo 1c + oro Robust,2c Ultra escalones 750/1500,10100.0,0,costo +1 tick,2123.3128904625896,21.90082644628099,2.479338842975207,1.0826446280991735,21.574380165289256,3474.3601393263716,62.047422274694995
IS,Ultra fijo 1c + oro Robust,2c Ultra escalones 750/1500,10100.0,12,costo +1 tick,1190.8816035516336,21.90082644628099,4.012396694214876,1.524793388429752,12.099173553719009,2655.62675414117,46.82047750229568
IS,Ultra fijo 1c + oro Robust,1c WR70Plus,5100.0,0,historia,876.8569375934352,11.15702479338843,1.3305785123966942,0.04132231404958678,14.367768595041323,1097.875699202763,81.45415190869736
IS,Ultra fijo 1c + oro Robust,1c WR70Plus,5100.0,0,Monte Carlo,766.9654652032256,2.6,1.368,0.12,13.52,973.8191618598092,80.59642857142858
IS,Ultra fijo 1c + oro Robust,1c WR70Plus,5100.0,12,historia,617.045713256673,11.15702479338843,2.024793388429752,0.04132231404958678,10.078512396694215,873.188247352207,73.69965892693166
IS,Ultra fijo 1c + oro Robust,1c WR70Plus,5100.0,12,Monte Carlo,571.6647125065327,2.6,2.106,0.138,10.285,819.87973282031,73.08611111111111
IS,Ultra fijo 1c + oro Robust,1c WR70Plus,6100.0,0,historia,810.7584274530083,13.223140495867769,1.3305785123966942,0.04132231404958678,13.082644628099173,1016.7275826346631,81.45415190869736
IS,Ultra fijo 1c + oro Robust,1c WR70Plus,6100.0,0,Monte Carlo,694.2741564316948,5.0,1.367,0.119,12.276,883.2850329306672,80.62619047619047
IS,Ultra fijo 1c + oro Robust,1c WR70Plus,6100.0,12,historia,577.8615262089355,13.223140495867769,1.8760330578512396,0.04132231404958678,9.099173553719009,804.9683446760531,74.83602256329529
IS,Ultra fijo 1c + oro Robust,1c WR70Plus,6100.0,12,Monte Carlo,531.1950259968718,5.0,2.003,0.133,9.592,748.6677195992521,74.45238095238095
IS,Ultra fijo 1c + oro Robust,1c WR70Plus,7100.0,0,historia,745.7127489657113,14.46280991735537,1.3305785123966942,0.04132231404958678,12.15702479338843,936.8720111713358,81.45415190869736
IS,Ultra fijo 1c + oro Robust,1c WR70Plus,7100.0,0,Monte Carlo,623.3684381799658,6.7,1.367,0.119,11.06,795.341254571614,80.62619047619047
IS,Ultra fijo 1c + oro Robust,1c WR70Plus,7100.0,12,historia,535.0727530392405,14.46280991735537,1.8016528925619835,0.04132231404958678,8.46694214876033,734.5328641328356,76.05437491801128
IS,Ultra fijo 1c + oro Robust,1c WR70Plus,7100.0,12,Monte Carlo,490.2843053547422,6.7,1.909,0.127,8.883,683.880304790721,75.34365079365081
IS,Ultra fijo 1c + oro Robust,1c WR70Plus,8100.0,0,historia,682.0247921460095,18.59504132231405,1.3305785123966942,0.04132231404958678,11.21900826446281,858.6832935586473,81.45415190869736
IS,Ultra fijo 1c + oro Robust,1c WR70Plus,8100.0,0,Monte Carlo,553.8291334225257,10.100000000000001,1.367,0.119,9.864,709.092227615571,80.62619047619047
IS,Ultra fijo 1c + oro Robust,1c WR70Plus,8100.0,12,historia,487.02219805052454,18.59504132231405,1.8099173553719008,0.04132231404958678,7.818181818181818,668.3544223247965,76.41184573002755
IS,Ultra fijo 1c + oro Robust,1c WR70Plus,8100.0,12,Monte Carlo,448.82645179224806,10.100000000000001,1.814,0.124,8.161,618.1033304525362,76.4531746031746
IS,Ultra fijo 1c + oro Robust,1c WR70Plus,10100.0,0,historia,562.5515186255793,21.90082644628099,1.3305785123966942,0.04132231404958678,9.367768595041323,712.007807139798,81.45415190869736
IS,Ultra fijo 1c + oro Robust,1c WR70Plus,10100.0,0,Monte Carlo,422.8211689728339,17.5,1.367,0.119,7.6,546.6041283069729,80.62619047619047
IS,Ultra fijo 1c + oro Robust,1c WR70Plus,10100.0,12,historia,411.21622595450435,21.90082644628099,1.7685950413223142,0.04132231404958678,6.7272727272727275,563.5059953540854,77.08087367178275
IS,Ultra fijo 1c + oro Robust,1c WR70Plus,10100.0,12,Monte Carlo,362.00578785310586,17.5,1.652,0.122,6.625,490.51964694203247,78.20674603174602
IS,Ultra fijo 1c + oro Robust,1c WR70Plus,5100.0,0,costo +1 tick,799.6227990670474,14.87603305785124,1.371900826446281,0.049586776859504134,13.396694214876034,1020.3168006037904,80.12921422012332
IS,Ultra fijo 1c + oro Robust,1c WR70Plus,5100.0,12,costo +1 tick,574.7941279449575,14.87603305785124,2.115702479338843,0.049586776859504134,9.392561983471074,829.2438914527114,72.6534828807556
IS,Ultra fijo 1c + oro Robust,1c WR70Plus,6100.0,0,costo +1 tick,735.884525760524,15.702479338842975,1.371900826446281,0.049586776859504134,12.289256198347108,940.7724372565751,80.12921422012332
IS,Ultra fijo 1c + oro Robust,1c WR70Plus,6100.0,12,costo +1 tick,530.5509270131258,15.702479338842975,1.9256198347107438,0.049586776859504134,8.541322314049587,746.4270395984686,74.45395513577331
IS,Ultra fijo 1c + oro Robust,1c WR70Plus,7100.0,0,costo +1 tick,672.555026354064,18.181818181818183,1.371900826446281,0.049586776859504134,11.380165289256198,861.7382173121647,80.12921422012332
IS,Ultra fijo 1c + oro Robust,1c WR70Plus,7100.0,12,costo +1 tick,482.9660474237824,18.181818181818183,1.871900826446281,0.049586776859504134,7.9421487603305785,672.3898410883638,75.47061524334252
IS,Ultra fijo 1c + oro Robust,1c WR70Plus,8100.0,0,costo +1 tick,611.8818151315219,21.90082644628099,1.371900826446281,0.049586776859504134,10.458677685950413,786.0190032738659,80.12921422012332
IS,Ultra fijo 1c + oro Robust,1c WR70Plus,8100.0,12,costo +1 tick,436.4096848409859,21.90082644628099,1.8305785123966942,0.049586776859504134,7.268595041322314,608.742150097415,75.62475403384494
IS,Ultra fijo 1c + oro Robust,1c WR70Plus,10100.0,0,costo +1 tick,495.17197090277335,25.206611570247933,1.371900826446281,0.049586776859504134,8.475206611570249,640.36695194071,80.12921422012332
IS,Ultra fijo 1c + oro Robust,1c WR70Plus,10100.0,12,costo +1 tick,367.0439440734951,25.206611570247933,1.8429752066115703,0.049586776859504134,6.161157024793388,516.8071990245905,75.68706545979272
IS,WR70Plus fijo 1c + oro WinRate,1c Ultra,5100.0,0,historia,1316.5568049547267,0.0,1.0950413223140496,0.07024793388429752,20.768595041322314,1714.3166017522612,77.63347763347764
IS,WR70Plus fijo 1c + oro WinRate,1c Ultra,5100.0,0,Monte Carlo,1065.5843655593692,3.6999999999999997,1.374,0.22,16.793,1434.3958843109046,75.54126984126985
IS,WR70Plus fijo 1c + oro WinRate,1c Ultra,5100.0,12,historia,826.7443386091016,0.0,2.177685950413223,0.17768595041322313,13.706611570247935,1281.718660811399,66.72569854388037
IS,WR70Plus fijo 1c + oro WinRate,1c Ultra,5100.0,12,Monte Carlo,713.4688694100658,3.6999999999999997,2.245,0.298,11.473,1158.5554880418413,64.11785714285715
IS,WR70Plus fijo 1c + oro WinRate,1c Ultra,6100.0,0,historia,1241.6159603409697,1.2396694214876034,1.0950413223140496,0.07024793388429752,19.52892561983471,1617.7849933557304,77.63347763347764
IS,WR70Plus fijo 1c + oro WinRate,1c Ultra,6100.0,0,Monte Carlo,994.1230096594314,4.3,1.369,0.215,15.716,1338.528916057023,75.60793650793651
IS,WR70Plus fijo 1c + oro WinRate,1c Ultra,6100.0,12,historia,770.922148279546,1.2396694214876034,1.9545454545454546,0.16115702479338842,12.491735537190083,1159.1036436472064,68.71638462547553
IS,WR70Plus fijo 1c + oro WinRate,1c Ultra,6100.0,12,Monte Carlo,666.7837825369776,4.3,2.181,0.283,10.779,1065.5639489374075,65.25357142857142
IS,WR70Plus fijo 1c + oro WinRate,1c Ultra,7100.0,0,historia,1169.447066208663,10.330578512396695,1.0950413223140496,0.07024793388429752,18.384297520661157,1524.8239457094692,77.63347763347764
IS,WR70Plus fijo 1c + oro WinRate,1c Ultra,7100.0,0,Monte Carlo,922.4790131321469,5.1,1.369,0.215,14.58,1243.7520891663003,75.60912698412699
IS,WR70Plus fijo 1c + oro WinRate,1c Ultra,7100.0,12,historia,711.6171776082973,10.330578512396695,1.8677685950413223,0.1446280991735537,11.400826446280991,1068.2160338703125,68.90495867768597
IS,WR70Plus fijo 1c + oro WinRate,1c Ultra,7100.0,12,Monte Carlo,627.2339698105335,5.1,2.109,0.271,10.114,988.1750117806017,66.26626984126985
IS,WR70Plus fijo 1c + oro WinRate,1c Ultra,8100.0,0,historia,1102.0969948852521,11.983471074380166,1.0950413223140496,0.07024793388429752,17.25619834710744,1438.07004342857,77.63347763347764
IS,WR70Plus fijo 1c + oro WinRate,1c Ultra,8100.0,0,Monte Carlo,851.4586172781409,6.4,1.368,0.214,13.511,1149.3513853107995,75.63888888888889
IS,WR70Plus fijo 1c + oro WinRate,1c Ultra,8100.0,12,historia,665.716349676933,11.983471074380166,1.7644628099173554,0.09917355371900827,10.425619834710744,985.7754826973171,69.87406532861077
IS,WR70Plus fijo 1c + oro WinRate,1c Ultra,8100.0,12,Monte Carlo,590.5347330227912,6.4,2.04,0.256,9.563,915.2571625716031,67.43730158730159
IS,WR70Plus fijo 1c + oro WinRate,1c Ultra,10100.0,0,historia,971.233968070634,13.223140495867769,1.0950413223140496,0.07024793388429752,15.334710743801653,1269.5048434610414,77.63347763347764
IS,WR70Plus fijo 1c + oro WinRate,1c Ultra,10100.0,0,Monte Carlo,712.956650973469,11.200000000000001,1.368,0.214,11.376,966.2419182903006,75.63888888888889
IS,WR70Plus fijo 1c + oro WinRate,1c Ultra,10100.0,12,historia,577.8970212813086,13.223140495867769,1.6694214876033058,0.11983471074380166,8.727272727272727,847.8281820584466,70.7382264200446
IS,WR70Plus fijo 1c + oro WinRate,1c Ultra,10100.0,12,Monte Carlo,516.8055860925317,11.200000000000001,1.896,0.241,8.422,780.1747980503249,69.42182539682541
IS,WR70Plus fijo 1c + oro WinRate,1c Ultra,5100.0,0,costo +1 tick,1175.353887847879,0.4132231404958678,1.115702479338843,0.09090909090909091,18.446280991735538,1557.9881381020018,76.37741046831955
IS,WR70Plus fijo 1c + oro WinRate,1c Ultra,5100.0,12,costo +1 tick,742.0635978406784,0.4132231404958678,2.012396694214876,0.21487603305785125,12.02892561983471,1169.4737939732943,65.70411911321003
IS,WR70Plus fijo 1c + oro WinRate,1c Ultra,6100.0,0,costo +1 tick,1101.6965570283824,10.330578512396695,1.115702479338843,0.09090909090909091,17.202479338842974,1461.5495047837792,76.37741046831955
IS,WR70Plus fijo 1c + oro WinRate,1c Ultra,6100.0,12,costo +1 tick,690.3706395404562,10.330578512396695,1.9132231404958677,0.21074380165289255,11.0,1064.2810743720922,67.21927062836153
IS,WR70Plus fijo 1c + oro WinRate,1c Ultra,7100.0,0,costo +1 tick,1034.907234241992,12.396694214876034,1.115702479338843,0.09090909090909091,16.15702479338843,1374.1030695395602,76.37741046831955
IS,WR70Plus fijo 1c + oro WinRate,1c Ultra,7100.0,12,costo +1 tick,647.1138670192853,12.396694214876034,1.8553719008264462,0.19008264462809918,10.148760330578513,986.0545978446667,68.08835104289649
IS,WR70Plus fijo 1c + oro WinRate,1c Ultra,8100.0,0,costo +1 tick,969.4092577148567,13.636363636363635,1.115702479338843,0.09090909090909091,15.37603305785124,1288.3473779999747,76.37741046831955
IS,WR70Plus fijo 1c + oro WinRate,1c Ultra,8100.0,12,costo +1 tick,596.2352418419252,13.636363636363635,1.7727272727272727,0.17355371900826447,9.5,890.4420476743267,69.56414797323887
IS,WR70Plus fijo 1c + oro WinRate,1c Ultra,10100.0,0,costo +1 tick,839.8889562880205,14.87603305785124,1.115702479338843,0.09090909090909091,13.450413223140496,1118.7680473671828,76.37741046831955
IS,WR70Plus fijo 1c + oro WinRate,1c Ultra,10100.0,12,costo +1 tick,522.5011496471144,14.87603305785124,1.6528925619834711,0.15702479338842976,7.958677685950414,781.2730466432704,69.64613669159122
IS,WR70Plus fijo 1c + oro WinRate,Ultra 1c -> 2c desde colchon 3000,5100.0,0,historia,2306.6342383135448,0.0,1.2520661157024793,0.22727272727272727,23.632231404958677,3251.0274781832477,71.4548078184442
IS,WR70Plus fijo 1c + oro WinRate,Ultra 1c -> 2c desde colchon 3000,5100.0,0,Monte Carlo,1837.3173100646554,4.8,1.581,0.408,19.839,2550.0600138134805,72.86111111111111
IS,WR70Plus fijo 1c + oro WinRate,Ultra 1c -> 2c desde colchon 3000,5100.0,12,historia,1318.7223232904744,0.0,2.4173553719008263,0.371900826446281,14.053719008264462,2237.885405824944,60.340417158598974
IS,WR70Plus fijo 1c + oro WinRate,Ultra 1c -> 2c desde colchon 3000,5100.0,12,Monte Carlo,1135.9050160551071,4.8,2.523,0.473,12.362,1959.478178168464,59.654365079365085
IS,WR70Plus fijo 1c + oro WinRate,Ultra 1c -> 2c desde colchon 3000,6100.0,0,historia,2523.180682956548,0.0,1.1074380165289257,0.08264462809917356,26.041322314049587,3289.8375198108483,77.13662600026237
IS,WR70Plus fijo 1c + oro WinRate,Ultra 1c -> 2c desde colchon 3000,6100.0,0,Monte Carlo,1949.7414134980836,4.9,1.498,0.329,21.115,2663.3986948039624,73.94087301587301
IS,WR70Plus fijo 1c + oro WinRate,Ultra 1c -> 2c desde colchon 3000,6100.0,12,historia,1366.8127302597047,0.0,2.384297520661157,0.23140495867768596,14.917355371900827,2177.0102788968347,64.21684376229831
IS,WR70Plus fijo 1c + oro WinRate,Ultra 1c -> 2c desde colchon 3000,6100.0,12,Monte Carlo,1130.9108741984667,4.9,2.496,0.421,12.375,1940.7285358635327,59.95515873015873
IS,WR70Plus fijo 1c + oro WinRate,Ultra 1c -> 2c desde colchon 3000,7100.0,0,historia,2495.9279536438544,0.0,1.1074380165289257,0.08264462809917356,25.632231404958677,3254.507053953292,77.13662600026237
IS,WR70Plus fijo 1c + oro WinRate,Ultra 1c -> 2c desde colchon 3000,7100.0,0,Monte Carlo,1951.5934204714556,5.2,1.466,0.298,21.139,2648.0276832124237,74.42420634920636
IS,WR70Plus fijo 1c + oro WinRate,Ultra 1c -> 2c desde colchon 3000,7100.0,12,historia,1336.0349496904812,0.0,2.2520661157024793,0.1652892561983471,14.603305785123966,2077.2186976957346,65.73691460055096
IS,WR70Plus fijo 1c + oro WinRate,Ultra 1c -> 2c desde colchon 3000,7100.0,12,Monte Carlo,1101.4381201663675,5.2,2.454,0.394,12.048,1871.7613574419088,60.56031746031746
IS,WR70Plus fijo 1c + oro WinRate,Ultra 1c -> 2c desde colchon 3000,8100.0,0,historia,2431.23805063403,1.2396694214876034,1.1074380165289257,0.08264462809917356,24.75206611570248,3170.6429982327263,77.13662600026237
IS,WR70Plus fijo 1c + oro WinRate,Ultra 1c -> 2c desde colchon 3000,8100.0,0,Monte Carlo,1924.886732083897,5.8999999999999995,1.435,0.27,20.89,2600.0777762243442,74.75396825396825
IS,WR70Plus fijo 1c + oro WinRate,Ultra 1c -> 2c desde colchon 3000,8100.0,12,historia,1317.3554319253967,1.2396694214876034,2.2892561983471076,0.1859504132231405,14.016528925619834,2066.294680126204,65.20398793126066
IS,WR70Plus fijo 1c + oro WinRate,Ultra 1c -> 2c desde colchon 3000,8100.0,12,Monte Carlo,1069.039003507183,5.8999999999999995,2.419,0.371,11.768,1795.8541934310342,61.29047619047619
IS,WR70Plus fijo 1c + oro WinRate,Ultra 1c -> 2c desde colchon 3000,10100.0,0,historia,2310.2580821118245,11.570247933884298,1.1074380165289257,0.08264462809917356,23.56611570247934,3013.804444622935,77.13662600026237
IS,WR70Plus fijo 1c + oro WinRate,Ultra 1c -> 2c desde colchon 3000,10100.0,0,Monte Carlo,1806.8973423325517,6.9,1.423,0.26,19.583,2437.5924570285715,74.89007936507937
IS,WR70Plus fijo 1c + oro WinRate,Ultra 1c -> 2c desde colchon 3000,10100.0,12,historia,1275.0875682486317,11.570247933884298,2.2520661157024793,0.1859504132231405,13.326446280991735,1971.619173306103,66.1665354847173
IS,WR70Plus fijo 1c + oro WinRate,Ultra 1c -> 2c desde colchon 3000,10100.0,12,Monte Carlo,1003.747234306246,6.9,2.355,0.344,11.053,1660.9883922347985,62.285714285714285
IS,WR70Plus fijo 1c + oro WinRate,Ultra 1c -> 2c desde colchon 3000,5100.0,0,costo +1 tick,2067.593148170424,0.0,1.3016528925619835,0.2768595041322314,21.371900826446282,2979.0658374660247,69.9757313393677
IS,WR70Plus fijo 1c + oro WinRate,Ultra 1c -> 2c desde colchon 3000,5100.0,12,costo +1 tick,1251.27778183409,0.0,2.5165289256198347,0.5743801652892562,13.045454545454545,2256.4842033990303,56.91164895710351
IS,WR70Plus fijo 1c + oro WinRate,Ultra 1c -> 2c desde colchon 3000,6100.0,0,costo +1 tick,2218.2855406430144,0.4132231404958678,1.165289256198347,0.14049586776859505,22.954545454545453,2963.012386568927,75.38042765315492
IS,WR70Plus fijo 1c + oro WinRate,Ultra 1c -> 2c desde colchon 3000,6100.0,12,costo +1 tick,1257.4429244432897,0.4132231404958678,2.425619834710744,0.32231404958677684,13.855371900826446,2129.3908156401394,60.54210940574577
IS,WR70Plus fijo 1c + oro WinRate,Ultra 1c -> 2c desde colchon 3000,7100.0,0,costo +1 tick,2183.4114050662224,4.545454545454546,1.165289256198347,0.14049586776859505,22.549586776859503,2916.7482081043836,75.38042765315492
IS,WR70Plus fijo 1c + oro WinRate,Ultra 1c -> 2c desde colchon 3000,7100.0,12,costo +1 tick,1241.6883670777331,4.545454545454546,2.268595041322314,0.2603305785123967,13.433884297520661,2020.7771157701332,62.914862914862915
IS,WR70Plus fijo 1c + oro WinRate,Ultra 1c -> 2c desde colchon 3000,8100.0,0,costo +1 tick,2124.553902625791,4.958677685950414,1.165289256198347,0.14049586776859505,22.053719008264462,2838.6675918584124,75.38042765315492
IS,WR70Plus fijo 1c + oro WinRate,Ultra 1c -> 2c desde colchon 3000,8100.0,12,costo +1 tick,1203.9627247793944,4.958677685950414,2.239669421487603,0.2768595041322314,12.838842975206612,1942.844070366216,63.47730552276007
IS,WR70Plus fijo 1c + oro WinRate,Ultra 1c -> 2c desde colchon 3000,10100.0,0,costo +1 tick,2016.0412639905107,13.223140495867769,1.165289256198347,0.14049586776859505,20.702479338842974,2694.714258063896,75.38042765315492
IS,WR70Plus fijo 1c + oro WinRate,Ultra 1c -> 2c desde colchon 3000,10100.0,12,costo +1 tick,1184.6443605241695,13.223140495867769,2.1322314049586777,0.2603305785123967,11.946280991735538,1854.853852460893,65.37124491669947
IS,WR70Plus fijo 1c + oro WinRate,Ultra 1c -> 2c desde colchon 4000,5100.0,0,historia,2050.133366202093,0.0,1.0950413223140496,0.07024793388429752,20.859504132231404,2659.239570050449,77.63347763347764
IS,WR70Plus fijo 1c + oro WinRate,Ultra 1c -> 2c desde colchon 4000,5100.0,0,Monte Carlo,1619.6751578391788,3.8,1.437,0.273,17.521,2190.905866928473,74.78531746031747
IS,WR70Plus fijo 1c + oro WinRate,Ultra 1c -> 2c desde colchon 4000,5100.0,12,historia,1323.0641154047871,0.0,2.1322314049586777,0.13636363636363635,14.070247933884298,2001.8708301262432,67.48491407582317
IS,WR70Plus fijo 1c + oro WinRate,Ultra 1c -> 2c desde colchon 4000,5100.0,12,Monte Carlo,1071.7068433409036,3.8,2.331,0.351,11.682,1756.1895795464516,62.761111111111106
IS,WR70Plus fijo 1c + oro WinRate,Ultra 1c -> 2c desde colchon 4000,6100.0,0,historia,2295.4029298864775,0.0,1.0950413223140496,0.07024793388429752,23.28099173553719,2975.1722979933456,77.63347763347764
IS,WR70Plus fijo 1c + oro WinRate,Ultra 1c -> 2c desde colchon 4000,6100.0,0,Monte Carlo,1770.7334356510125,4.6,1.415,0.253,19.139,2383.4423012647226,75.06984126984126
IS,WR70Plus fijo 1c + oro WinRate,Ultra 1c -> 2c desde colchon 4000,6100.0,12,historia,1330.9968562162614,0.0,2.1942148760330578,0.17768595041322313,14.057851239669422,2056.0431261961935,66.13210022300932
IS,WR70Plus fijo 1c + oro WinRate,Ultra 1c -> 2c desde colchon 4000,6100.0,12,Monte Carlo,1072.0497065342167,4.6,2.359,0.345,11.716,1776.845346161761,62.07142857142856
IS,WR70Plus fijo 1c + oro WinRate,Ultra 1c -> 2c desde colchon 4000,7100.0,0,historia,2427.0837563492705,0.0,1.0950413223140496,0.07024793388429752,25.144628099173552,3144.7909090318503,77.63347763347764
IS,WR70Plus fijo 1c + oro WinRate,Ultra 1c -> 2c desde colchon 4000,7100.0,0,Monte Carlo,1846.1763849860747,5.1,1.397,0.238,20.036,2477.274495107011,75.26230158730158
IS,WR70Plus fijo 1c + oro WinRate,Ultra 1c -> 2c desde colchon 4000,7100.0,12,historia,1294.797584102305,0.0,2.2892561983471076,0.17768595041322313,14.363636363636363,2028.1794961186695,65.3171323625869
IS,WR70Plus fijo 1c + oro WinRate,Ultra 1c -> 2c desde colchon 4000,7100.0,12,Monte Carlo,1060.024674328055,5.1,2.363,0.329,11.699,1758.3998780304444,62.041666666666664
IS,WR70Plus fijo 1c + oro WinRate,Ultra 1c -> 2c desde colchon 4000,8100.0,0,historia,2399.4256305386375,7.024793388429752,1.0950413223140496,0.07024793388429752,24.53305785123967,3109.1643640750317,77.63347763347764
IS,WR70Plus fijo 1c + oro WinRate,Ultra 1c -> 2c desde colchon 4000,8100.0,0,Monte Carlo,1834.566283135867,5.7,1.392,0.232,19.924,2459.60862970093,75.3281746031746
IS,WR70Plus fijo 1c + oro WinRate,Ultra 1c -> 2c desde colchon 4000,8100.0,12,historia,1286.3258184452031,7.024793388429752,2.2644628099173554,0.17355371900826447,13.859504132231406,1986.3877060484213,66.24852420306966
IS,WR70Plus fijo 1c + oro WinRate,Ultra 1c -> 2c desde colchon 4000,8100.0,12,Monte Carlo,1038.2513296412628,5.7,2.338,0.313,11.442,1710.0791148883102,62.50238095238095
IS,WR70Plus fijo 1c + oro WinRate,Ultra 1c -> 2c desde colchon 4000,10100.0,0,historia,2289.186565328745,10.330578512396695,1.0950413223140496,0.07024793388429752,23.272727272727273,2967.1649733864524,77.63347763347764
IS,WR70Plus fijo 1c + oro WinRate,Ultra 1c -> 2c desde colchon 4000,10100.0,0,Monte Carlo,1743.4842667143482,7.199999999999999,1.388,0.228,18.925,2336.6191442287263,75.39285714285714
IS,WR70Plus fijo 1c + oro WinRate,Ultra 1c -> 2c desde colchon 4000,10100.0,12,historia,1253.948797436424,10.330578512396695,2.190082644628099,0.17768595041322313,12.979338842975206,1914.1576355838502,67.00609996064541
IS,WR70Plus fijo 1c + oro WinRate,Ultra 1c -> 2c desde colchon 4000,10100.0,12,Monte Carlo,979.6170052286725,7.199999999999999,2.263,0.3,10.804,1589.5088581244327,63.49285714285715
IS,WR70Plus fijo 1c + oro WinRate,Ultra 1c -> 2c desde colchon 4000,5100.0,0,costo +1 tick,1778.8834704377434,0.4132231404958678,1.115702479338843,0.09090909090909091,17.479338842975206,2348.1819649013555,76.37741046831955
IS,WR70Plus fijo 1c + oro WinRate,Ultra 1c -> 2c desde colchon 4000,5100.0,12,costo +1 tick,1252.8625481682375,0.4132231404958678,1.884297520661157,0.2066115702479339,11.25206611570248,1908.0600925152896,66.95362718089991
IS,WR70Plus fijo 1c + oro WinRate,Ultra 1c -> 2c desde colchon 4000,6100.0,0,costo +1 tick,2031.071786462374,0.4132231404958678,1.115702479338843,0.09090909090909091,21.119834710743802,2678.3690116712055,76.37741046831955
IS,WR70Plus fijo 1c + oro WinRate,Ultra 1c -> 2c desde colchon 4000,6100.0,12,costo +1 tick,1239.1278819781035,0.4132231404958678,2.1404958677685952,0.2231404958677686,12.942148760330578,1947.0085100292943,65.08100485373213
IS,WR70Plus fijo 1c + oro WinRate,Ultra 1c -> 2c desde colchon 4000,7100.0,0,costo +1 tick,2127.408580498459,10.743801652892563,1.115702479338843,0.09090909090909091,21.99173553719008,2804.501586008803,76.37741046831955
IS,WR70Plus fijo 1c + oro WinRate,Ultra 1c -> 2c desde colchon 4000,7100.0,12,costo +1 tick,1230.4525699978685,10.743801652892563,2.2355371900826446,0.2190082644628099,13.264462809917354,1933.8350290434237,65.14003673094582
IS,WR70Plus fijo 1c + oro WinRate,Ultra 1c -> 2c desde colchon 4000,8100.0,0,costo +1 tick,2094.3760458782685,11.15702479338843,1.115702479338843,0.09090909090909091,21.59090909090909,2761.2524964970657,76.37741046831955
IS,WR70Plus fijo 1c + oro WinRate,Ultra 1c -> 2c desde colchon 4000,8100.0,12,costo +1 tick,1197.213668075803,11.15702479338843,2.128099173553719,0.2066115702479339,12.5,1862.6451253817042,65.76971008789191
IS,WR70Plus fijo 1c + oro WinRate,Ultra 1c -> 2c desde colchon 4000,10100.0,0,costo +1 tick,1998.946005655862,13.223140495867769,1.115702479338843,0.09090909090909091,20.768595041322314,2636.30712372616,76.37741046831955
IS,WR70Plus fijo 1c + oro WinRate,Ultra 1c -> 2c desde colchon 4000,10100.0,12,costo +1 tick,1118.9400419227018,13.223140495867769,1.987603305785124,0.17768595041322313,11.417355371900827,1703.464259108884,67.21271153089334
IS,WR70Plus fijo 1c + oro WinRate,2c Ultra escalones 750/1500,5100.0,0,historia,2482.5500902690014,4.545454545454546,1.756198347107438,0.7231404958677686,25.727272727272727,4182.897415887783,59.89931785386331
IS,WR70Plus fijo 1c + oro WinRate,2c Ultra escalones 750/1500,5100.0,0,Monte Carlo,1811.2824630968264,10.5,2.657,1.387,19.862,3248.785273724276,56.82261904761905
IS,WR70Plus fijo 1c + oro WinRate,2c Ultra escalones 750/1500,5100.0,12,historia,1101.3606158552582,4.545454545454546,3.4958677685950414,1.5206611570247934,12.611570247933884,2892.9588436093245,39.65138396956579
IS,WR70Plus fijo 1c + oro WinRate,2c Ultra escalones 750/1500,5100.0,12,Monte Carlo,1093.804796894437,10.5,3.678,1.524,12.2,2688.3389213336645,42.47698412698413
IS,WR70Plus fijo 1c + oro WinRate,2c Ultra escalones 750/1500,6100.0,0,historia,2414.9737642250607,4.958677685950414,1.756198347107438,0.7231404958677686,24.834710743801654,4066.5185590520255,59.95179063360881
IS,WR70Plus fijo 1c + oro WinRate,2c Ultra escalones 750/1500,6100.0,0,Monte Carlo,1892.5792528110494,11.200000000000001,2.378,1.132,20.657,3189.0470933576153,60.321825396825396
IS,WR70Plus fijo 1c + oro WinRate,2c Ultra escalones 750/1500,6100.0,12,historia,1063.297569603089,4.958677685950414,3.4132231404958677,1.4958677685950412,12.070247933884298,2719.9976242773955,40.73363505181687
IS,WR70Plus fijo 1c + oro WinRate,2c Ultra escalones 750/1500,6100.0,12,Monte Carlo,1081.709604651918,11.200000000000001,3.521,1.363,11.986,2525.18576735098,44.66111111111111
IS,WR70Plus fijo 1c + oro WinRate,2c Ultra escalones 750/1500,7100.0,0,historia,2421.417145432109,4.958677685950414,1.6322314049586777,0.5991735537190083,24.731404958677686,3769.3888868457716,64.80552276006821
IS,WR70Plus fijo 1c + oro WinRate,2c Ultra escalones 750/1500,7100.0,0,Monte Carlo,1883.9701909007908,11.899999999999999,2.259,1.02,20.535,3089.2576884593655,61.94126984126984
IS,WR70Plus fijo 1c + oro WinRate,2c Ultra escalones 750/1500,7100.0,12,historia,1080.022802001435,4.958677685950414,3.334710743801653,1.3636363636363635,11.90495867768595,2538.2371951422565,44.268988587170405
IS,WR70Plus fijo 1c + oro WinRate,2c Ultra escalones 750/1500,7100.0,12,Monte Carlo,1054.9362249580204,11.899999999999999,3.441,1.293,11.675,2388.0772769438036,46.060317460317464
IS,WR70Plus fijo 1c + oro WinRate,2c Ultra escalones 750/1500,8100.0,0,historia,2352.0058703826317,5.371900826446281,1.6322314049586777,0.5991735537190083,24.00413223140496,3662.281850140796,64.80552276006821
IS,WR70Plus fijo 1c + oro WinRate,2c Ultra escalones 750/1500,8100.0,0,Monte Carlo,1841.9434564520873,12.3,2.197,0.964,20.061,2985.8392608825907,62.65198412698413
IS,WR70Plus fijo 1c + oro WinRate,2c Ultra escalones 750/1500,8100.0,12,historia,1111.0764442058305,5.371900826446281,3.3140495867768593,1.334710743801653,11.97107438016529,2547.385022739384,45.31844418208054
IS,WR70Plus fijo 1c + oro WinRate,2c Ultra escalones 750/1500,8100.0,12,Monte Carlo,1021.5941090310633,12.3,3.354,1.251,11.34,2260.765827270896,47.12896825396825
IS,WR70Plus fijo 1c + oro WinRate,2c Ultra escalones 750/1500,10100.0,0,historia,2210.8475484447868,7.851239669421488,1.6322314049586777,0.5991735537190083,22.165289256198346,3444.463497744411,64.80552276006821
IS,WR70Plus fijo 1c + oro WinRate,2c Ultra escalones 750/1500,10100.0,0,Monte Carlo,1728.441158714938,14.399999999999999,2.154,0.924,18.861,2780.0597249021193,63.18650793650793
IS,WR70Plus fijo 1c + oro WinRate,2c Ultra escalones 750/1500,10100.0,12,historia,1070.2626327604628,7.851239669421488,3.15702479338843,1.256198347107438,11.173553719008265,2334.853594057248,47.60756919847829
IS,WR70Plus fijo 1c + oro WinRate,2c Ultra escalones 750/1500,10100.0,12,Monte Carlo,954.0791831465841,14.399999999999999,3.225,1.18,10.592,2034.8415003358637,48.96071428571429
IS,WR70Plus fijo 1c + oro WinRate,2c Ultra escalones 750/1500,5100.0,0,costo +1 tick,2097.416359008968,17.768595041322314,2.2520661157024793,1.2107438016528926,21.75206611570248,4385.653566789616,48.49632690541782
IS,WR70Plus fijo 1c + oro WinRate,2c Ultra escalones 750/1500,5100.0,12,costo +1 tick,908.6797608504285,17.768595041322314,3.6735537190082646,1.7975206611570247,10.367768595041323,3038.5355450318993,31.4869473960383
IS,WR70Plus fijo 1c + oro WinRate,2c Ultra escalones 750/1500,6100.0,0,costo +1 tick,2064.439382573018,17.768595041322314,2.074380165289256,1.0289256198347108,21.285123966942148,4158.338179136498,50.29843893480257
IS,WR70Plus fijo 1c + oro WinRate,2c Ultra escalones 750/1500,6100.0,12,costo +1 tick,887.6489119622988,17.768595041322314,3.6487603305785123,1.7933884297520661,9.789256198347108,2957.0075292679917,31.632887314705492
IS,WR70Plus fijo 1c + oro WinRate,2c Ultra escalones 750/1500,7100.0,0,costo +1 tick,2053.7136200120667,17.768595041322314,1.9008264462809918,0.8512396694214877,21.144628099173552,3744.875517823743,55.50472255017709
IS,WR70Plus fijo 1c + oro WinRate,2c Ultra escalones 750/1500,7100.0,12,costo +1 tick,889.6989316979017,17.768595041322314,3.487603305785124,1.6363636363636365,9.75206611570248,2573.197439918114,36.34887839433294
IS,WR70Plus fijo 1c + oro WinRate,2c Ultra escalones 750/1500,8100.0,0,costo +1 tick,2007.0666904286088,19.00826446280992,1.9008264462809918,0.8512396694214877,20.636363636363637,3660.834147215524,55.50472255017709
IS,WR70Plus fijo 1c + oro WinRate,2c Ultra escalones 750/1500,8100.0,12,costo +1 tick,880.3528435780653,19.00826446280992,3.475206611570248,1.6198347107438016,9.756198347107437,2526.5232385897316,36.64403778040142
IS,WR70Plus fijo 1c + oro WinRate,2c Ultra escalones 750/1500,10100.0,0,costo +1 tick,1885.7213757012667,19.834710743801654,1.9008264462809918,0.8512396694214877,19.0,3442.212543229225,55.50472255017709
IS,WR70Plus fijo 1c + oro WinRate,2c Ultra escalones 750/1500,10100.0,12,costo +1 tick,888.0618092538239,19.834710743801654,3.169421487603306,1.43801652892562,9.115702479338843,2354.5736396899356,39.4775678866588
IS,WR70Plus fijo 1c + oro WinRate,1c WR70Plus,5100.0,0,historia,845.1370988149946,12.8099173553719,1.0702479338842976,0.045454545454545456,13.772727272727273,1106.0537013749972,77.67611176702086
IS,WR70Plus fijo 1c + oro WinRate,1c WR70Plus,5100.0,0,Monte Carlo,732.6830343389829,4.8,1.253,0.11,12.884,964.6190456046711,77.65515873015872
IS,WR70Plus fijo 1c + oro WinRate,1c WR70Plus,5100.0,12,historia,600.6793149077531,12.8099173553719,1.6074380165289257,0.045454545454545456,9.661157024793388,885.994446295759,70.17086448904631
IS,WR70Plus fijo 1c + oro WinRate,1c WR70Plus,5100.0,12,Monte Carlo,553.6097923627259,4.8,1.893,0.125,9.932,824.9427704064235,70.11111111111111
IS,WR70Plus fijo 1c + oro WinRate,1c WR70Plus,6100.0,0,historia,780.0268071464928,13.636363636363635,1.0702479338842976,0.045454545454545456,12.586776859504132,1022.2309015626286,77.67611176702086
IS,WR70Plus fijo 1c + oro WinRate,1c WR70Plus,6100.0,0,Monte Carlo,661.4873216141026,6.2,1.252,0.109,11.68,872.5858884931695,77.68492063492063
IS,WR70Plus fijo 1c + oro WinRate,1c WR70Plus,6100.0,12,historia,558.6877584632106,13.636363636363635,1.5826446280991735,0.045454545454545456,8.801652892561984,818.9349015463877,70.74970484061393
IS,WR70Plus fijo 1c + oro WinRate,1c WR70Plus,6100.0,12,Monte Carlo,512.9619028642536,6.2,1.794,0.119,9.241,750.7314957948302,71.4547619047619
IS,WR70Plus fijo 1c + oro WinRate,1c WR70Plus,7100.0,0,historia,715.2910460145678,14.87603305785124,1.0702479338842976,0.045454545454545456,11.570247933884298,938.8902712719527,77.67611176702086
IS,WR70Plus fijo 1c + oro WinRate,1c WR70Plus,7100.0,0,Monte Carlo,591.2509843882601,8.5,1.252,0.109,10.502,782.1740857239844,77.68492063492063
IS,WR70Plus fijo 1c + oro WinRate,1c WR70Plus,7100.0,12,historia,516.4978107095093,14.87603305785124,1.4958677685950412,0.045454545454545456,8.09504132231405,744.9043335910113,71.96477764659582
IS,WR70Plus fijo 1c + oro WinRate,1c WR70Plus,7100.0,12,Monte Carlo,472.72991048225566,8.5,1.714,0.118,8.556,681.6252256981466,72.64325396825397
IS,WR70Plus fijo 1c + oro WinRate,1c WR70Plus,8100.0,0,historia,651.4949354470926,16.94214876033058,1.0702479338842976,0.045454545454545456,10.590909090909092,856.7593443805256,77.67611176702086
IS,WR70Plus fijo 1c + oro WinRate,1c WR70Plus,8100.0,0,Monte Carlo,522.7529404174248,11.0,1.252,0.109,9.298,693.999902869707,77.68492063492063
IS,WR70Plus fijo 1c + oro WinRate,1c WR70Plus,8100.0,12,historia,475.94841953850977,16.94214876033058,1.475206611570248,0.045454545454545456,7.508264462809917,680.4917967946393,72.77810573265118
IS,WR70Plus fijo 1c + oro WinRate,1c WR70Plus,8100.0,12,Monte Carlo,431.2026181448857,11.0,1.624,0.117,7.797,613.5343756760558,73.74484126984126
IS,WR70Plus fijo 1c + oro WinRate,1c WR70Plus,10100.0,0,historia,530.1430913868686,22.31404958677686,1.0702479338842976,0.045454545454545456,8.809917355371901,700.5313338639813,77.67611176702086
IS,WR70Plus fijo 1c + oro WinRate,1c WR70Plus,10100.0,0,Monte Carlo,393.68391872404027,20.1,1.252,0.109,7.076,527.8556619558971,77.68492063492063
IS,WR70Plus fijo 1c + oro WinRate,1c WR70Plus,10100.0,12,historia,396.44268321419554,22.31404958677686,1.4256198347107438,0.045454545454545456,6.466942148760331,562.811276471486,73.7537714810442
IS,WR70Plus fijo 1c + oro WinRate,1c WR70Plus,10100.0,12,Monte Carlo,339.89447041632735,20.1,1.487,0.113,6.209,476.98482254459805,75.3376984126984
IS,WR70Plus fijo 1c + oro WinRate,1c WR70Plus,5100.0,0,costo +1 tick,777.2106256241312,13.636363636363635,1.0702479338842976,0.045454545454545456,13.057851239669422,1028.9667070364876,76.89393939393939
IS,WR70Plus fijo 1c + oro WinRate,1c WR70Plus,5100.0,12,costo +1 tick,551.2998487759556,13.636363636363635,1.5826446280991735,0.045454545454545456,9.066115702479339,822.2132884965085,69.56906729634002
IS,WR70Plus fijo 1c + oro WinRate,1c WR70Plus,6100.0,0,costo +1 tick,712.4920090752856,14.87603305785124,1.0702479338842976,0.045454545454545456,11.855371900826446,944.8006244310924,76.89393939393939
IS,WR70Plus fijo 1c + oro WinRate,1c WR70Plus,6100.0,12,costo +1 tick,513.5249637521658,14.87603305785124,1.5413223140495869,0.045454545454545456,8.260330578512397,753.8120110585069,70.79889807162535
IS,WR70Plus fijo 1c + oro WinRate,1c WR70Plus,7100.0,0,costo +1 tick,648.5204420855879,16.94214876033058,1.0702479338842976,0.045454545454545456,10.880165289256198,861.6060742572984,76.89393939393939
IS,WR70Plus fijo 1c + oro WinRate,1c WR70Plus,7100.0,12,costo +1 tick,466.3717132964739,16.94214876033058,1.4834710743801653,0.045454545454545456,7.582644628099174,679.842931055447,71.4548078184442
IS,WR70Plus fijo 1c + oro WinRate,1c WR70Plus,8100.0,0,costo +1 tick,587.0715546148045,19.421487603305785,1.0702479338842976,0.045454545454545456,9.884297520661157,781.6922501573634,76.89393939393939
IS,WR70Plus fijo 1c + oro WinRate,1c WR70Plus,8100.0,12,costo +1 tick,429.0957612327143,19.421487603305785,1.4462809917355373,0.045454545454545456,7.012396694214876,619.7837239529036,72.28617342253706
IS,WR70Plus fijo 1c + oro WinRate,1c WR70Plus,10100.0,0,costo +1 tick,469.250601281279,24.380165289256198,1.0702479338842976,0.045454545454545456,8.041322314049587,628.4669709452908,76.89393939393939
IS,WR70Plus fijo 1c + oro WinRate,1c WR70Plus,10100.0,12,costo +1 tick,357.6031210440906,24.380165289256198,1.3925619834710743,0.045454545454545456,6.0041322314049586,513.9746531609442,73.12081857536403
C24,Estable C1200 (Ultra/Estable + oro WR x2) 1c,1c Ultra,5100.0,0,historia,1748.770177356733,0.0,2.1458333333333335,0.9375,23.0,2609.5003924044327,68.09138007054673
C24,Estable C1200 (Ultra/Estable + oro WR x2) 1c,1c Ultra,5100.0,0,Monte Carlo,1790.6683489075979,4.3999999999999995,2.318,0.654,24.695,2451.3924973007684,74.28412698412698
C24,Estable C1200 (Ultra/Estable + oro WR x2) 1c,1c Ultra,5100.0,12,historia,1024.6315538914114,0.0,3.6944444444444446,1.6597222222222223,13.465277777777779,2081.7961732134704,51.54045414462082
C24,Estable C1200 (Ultra/Estable + oro WR x2) 1c,1c Ultra,5100.0,12,Monte Carlo,1064.9654436485769,4.3999999999999995,3.951,0.914,15.077,1913.6454681426562,58.35238095238095
C24,Estable C1200 (Ultra/Estable + oro WR x2) 1c,1c Ultra,6100.0,0,historia,1776.9837809907067,0.0,1.8541666666666667,0.6458333333333334,23.76388888888889,2438.1172906333977,73.87841710758379
C24,Estable C1200 (Ultra/Estable + oro WR x2) 1c,1c Ultra,6100.0,0,Monte Carlo,1734.6015482213736,4.8,2.226,0.586,23.89,2348.5020615464364,75.10000000000001
C24,Estable C1200 (Ultra/Estable + oro WR x2) 1c,1c Ultra,6100.0,12,historia,1026.6818601857733,0.0,3.5694444444444446,1.2222222222222223,13.583333333333334,2007.7778011557389,53.461199294532626
C24,Estable C1200 (Ultra/Estable + oro WR x2) 1c,1c Ultra,6100.0,12,Monte Carlo,1011.9605500394027,4.8,3.817,0.847,14.279,1780.075218585309,59.65476190476191
C24,Estable C1200 (Ultra/Estable + oro WR x2) 1c,1c Ultra,7100.0,0,historia,1701.9837809907067,0.0,1.8541666666666667,0.6458333333333334,22.77777777777778,2336.599143742428,73.87841710758379
C24,Estable C1200 (Ultra/Estable + oro WR x2) 1c,1c Ultra,7100.0,0,Monte Carlo,1674.7353752679192,5.4,2.177,0.548,23.074,2252.165180307779,75.62579365079365
C24,Estable C1200 (Ultra/Estable + oro WR x2) 1c,1c Ultra,7100.0,12,historia,936.1349555082894,0.0,3.236111111111111,1.0138888888888888,12.63888888888889,1707.5534897318848,57.30268959435626
C24,Estable C1200 (Ultra/Estable + oro WR x2) 1c,1c Ultra,7100.0,12,Monte Carlo,957.4457475302379,5.4,3.697,0.802,13.518,1651.3798391891169,60.90753968253968
C24,Estable C1200 (Ultra/Estable + oro WR x2) 1c,1c Ultra,8100.0,0,historia,1626.9837809907067,0.0,1.8541666666666667,0.6458333333333334,21.79861111111111,2235.0809968514586,73.87841710758379
C24,Estable C1200 (Ultra/Estable + oro WR x2) 1c,1c Ultra,8100.0,0,Monte Carlo,1606.830087283921,5.800000000000001,2.154,0.53,22.129,2156.544486700556,75.81626984126983
C24,Estable C1200 (Ultra/Estable + oro WR x2) 1c,1c Ultra,8100.0,12,historia,901.7053943553457,0.0,3.4305555555555554,1.2430555555555556,12.118055555555555,1716.9750749958407,55.13117283950617
C24,Estable C1200 (Ultra/Estable + oro WR x2) 1c,1c Ultra,8100.0,12,Monte Carlo,907.8607541891496,5.800000000000001,3.616,0.769,12.818,1546.2180871040757,61.77460317460317
C24,Estable C1200 (Ultra/Estable + oro WR x2) 1c,1c Ultra,10100.0,0,historia,1476.9837809907067,0.0,1.8541666666666667,0.6458333333333334,19.4375,2032.04470306952,73.87841710758379
C24,Estable C1200 (Ultra/Estable + oro WR x2) 1c,1c Ultra,10100.0,0,Monte Carlo,1466.7343136358975,7.3999999999999995,2.142,0.521,20.213,1969.5130639002703,75.89484126984127
C24,Estable C1200 (Ultra/Estable + oro WR x2) 1c,1c Ultra,10100.0,12,historia,855.9472937406213,0.0,3.3194444444444446,1.2430555555555556,11.354166666666666,1596.5454160678828,56.33267195767196
C24,Estable C1200 (Ultra/Estable + oro WR x2) 1c,1c Ultra,10100.0,12,Monte Carlo,826.0501911238513,7.3999999999999995,3.425,0.713,11.676,1369.8588871888999,63.573015873015876
C24,Estable C1200 (Ultra/Estable + oro WR x2) 1c,1c Ultra,5100.0,0,costo +1 tick,1652.880431712115,0.0,2.2777777777777777,0.9166666666666666,21.791666666666668,2443.52079338786,68.86298500881834
C24,Estable C1200 (Ultra/Estable + oro WR x2) 1c,1c Ultra,5100.0,12,costo +1 tick,985.3456889553205,0.0,4.145833333333333,1.6388888888888888,13.034722222222221,1944.8643275151142,53.45293209876543
C24,Estable C1200 (Ultra/Estable + oro WR x2) 1c,1c Ultra,6100.0,0,costo +1 tick,1662.4040783347907,0.0,2.013888888888889,0.6527777777777778,21.79861111111111,2271.2816127872534,74.35240299823633
C24,Estable C1200 (Ultra/Estable + oro WR x2) 1c,1c Ultra,6100.0,12,costo +1 tick,964.418207271894,0.0,3.4375,0.9513888888888888,12.569444444444445,1675.3795410274201,60.248567019400355
C24,Estable C1200 (Ultra/Estable + oro WR x2) 1c,1c Ultra,7100.0,0,costo +1 tick,1587.4040783347907,0.0,2.013888888888889,0.6527777777777778,20.98611111111111,2170.4106295027195,74.35240299823633
C24,Estable C1200 (Ultra/Estable + oro WR x2) 1c,1c Ultra,7100.0,12,costo +1 tick,915.7122456433598,0.0,3.576388888888889,1.1041666666666667,12.159722222222221,1658.4672825216637,58.035714285714285
C24,Estable C1200 (Ultra/Estable + oro WR x2) 1c,1c Ultra,8100.0,0,costo +1 tick,1512.4040783347903,0.0,2.013888888888889,0.6527777777777778,19.958333333333332,2069.5396462181857,74.35240299823633
C24,Estable C1200 (Ultra/Estable + oro WR x2) 1c,1c Ultra,8100.0,12,costo +1 tick,893.4306281423128,0.0,3.6597222222222223,1.1875,11.715277777777779,1651.1180217531055,57.010582010582006
C24,Estable C1200 (Ultra/Estable + oro WR x2) 1c,1c Ultra,10100.0,0,costo +1 tick,1362.4040783347907,0.0,2.013888888888889,0.6527777777777778,17.70138888888889,1867.7976796491191,74.35240299823633
C24,Estable C1200 (Ultra/Estable + oro WR x2) 1c,1c Ultra,10100.0,12,costo +1 tick,852.7133392060246,0.0,3.5277777777777777,0.9791666666666666,11.083333333333334,1566.9743299917477,57.363315696649025
C24,Estable C1200 (Ultra/Estable + oro WR x2) 1c,Ultra 1c -> 2c desde colchon 3000,5100.0,0,historia,2843.560526014699,2.083333333333333,3.3333333333333335,1.8333333333333333,23.604166666666668,4845.064944877053,59.58994708994709
C24,Estable C1200 (Ultra/Estable + oro WR x2) 1c,Ultra 1c -> 2c desde colchon 3000,5100.0,0,Monte Carlo,2728.144693952759,5.2,3.209,1.364,24.401,4226.132315510929,65.54761904761905
C24,Estable C1200 (Ultra/Estable + oro WR x2) 1c,Ultra 1c -> 2c desde colchon 3000,5100.0,12,historia,1429.3670363430622,2.083333333333333,4.590277777777778,2.1805555555555554,13.902777777777779,3404.8247457992343,43.7444885361552
C24,Estable C1200 (Ultra/Estable + oro WR x2) 1c,Ultra 1c -> 2c desde colchon 3000,5100.0,12,Monte Carlo,1709.1710325067124,5.2,4.52,1.409,15.449,3355.2457265715307,52.702777777777776
C24,Estable C1200 (Ultra/Estable + oro WR x2) 1c,Ultra 1c -> 2c desde colchon 3000,6100.0,0,historia,3033.542595834202,2.083333333333333,2.4791666666666665,1.2569444444444444,24.90972222222222,4786.535136707603,64.0542328042328
C24,Estable C1200 (Ultra/Estable + oro WR x2) 1c,Ultra 1c -> 2c desde colchon 3000,6100.0,0,Monte Carlo,2837.6996041073635,5.800000000000001,3.131,1.308,25.508,4335.155270774529,66.40277777777777
C24,Estable C1200 (Ultra/Estable + oro WR x2) 1c,Ultra 1c -> 2c desde colchon 3000,6100.0,12,historia,1491.0312074589508,2.083333333333333,4.173611111111111,1.9722222222222223,13.402777777777779,3404.6398844403548,45.397927689594354
C24,Estable C1200 (Ultra/Estable + oro WR x2) 1c,Ultra 1c -> 2c desde colchon 3000,6100.0,12,Monte Carlo,1676.5231644319692,5.800000000000001,4.534,1.402,15.285,3282.2038464881093,52.88650793650793
C24,Estable C1200 (Ultra/Estable + oro WR x2) 1c,Ultra 1c -> 2c desde colchon 3000,7100.0,0,historia,3093.9851277355797,2.083333333333333,2.5277777777777777,1.3055555555555556,26.57638888888889,4823.986749788238,64.82308201058201
C24,Estable C1200 (Ultra/Estable + oro WR x2) 1c,Ultra 1c -> 2c desde colchon 3000,7100.0,0,Monte Carlo,3086.4153577109737,6.1,2.731,0.982,27.619,4442.27820330167,70.28253968253969
C24,Estable C1200 (Ultra/Estable + oro WR x2) 1c,Ultra 1c -> 2c desde colchon 3000,7100.0,12,historia,1465.4302756618572,2.083333333333333,4.006944444444445,1.8263888888888888,13.8125,3147.4230196124267,48.22530864197531
C24,Estable C1200 (Ultra/Estable + oro WR x2) 1c,Ultra 1c -> 2c desde colchon 3000,7100.0,12,Monte Carlo,1686.1812069773357,6.1,4.348,1.205,15.234,3201.342624450937,54.44801587301587
C24,Estable C1200 (Ultra/Estable + oro WR x2) 1c,Ultra 1c -> 2c desde colchon 3000,8100.0,0,historia,3141.4821468260557,2.083333333333333,2.4791666666666665,1.2569444444444444,27.069444444444443,4852.952982936161,65.40178571428571
C24,Estable C1200 (Ultra/Estable + oro WR x2) 1c,Ultra 1c -> 2c desde colchon 3000,8100.0,0,Monte Carlo,3171.3319836917003,6.4,2.579,0.867,28.343,4468.484773943615,71.72619047619048
C24,Estable C1200 (Ultra/Estable + oro WR x2) 1c,Ultra 1c -> 2c desde colchon 3000,8100.0,12,historia,1499.1072529627215,2.083333333333333,3.8333333333333335,1.75,13.88888888888889,3187.772056901295,48.60008818342152
C24,Estable C1200 (Ultra/Estable + oro WR x2) 1c,Ultra 1c -> 2c desde colchon 3000,8100.0,12,Monte Carlo,1653.6100166535773,6.4,4.303,1.173,14.912,3106.255921659625,55.047222222222224
C24,Estable C1200 (Ultra/Estable + oro WR x2) 1c,Ultra 1c -> 2c desde colchon 3000,10100.0,0,historia,3178.6797268507657,2.083333333333333,2.048611111111111,0.8263888888888888,28.229166666666668,4496.175058094414,71.2935405643739
C24,Estable C1200 (Ultra/Estable + oro WR x2) 1c,Ultra 1c -> 2c desde colchon 3000,10100.0,0,Monte Carlo,3183.8235446782437,7.3,2.408,0.721,28.503,4384.182611037618,73.33928571428571
C24,Estable C1200 (Ultra/Estable + oro WR x2) 1c,Ultra 1c -> 2c desde colchon 3000,10100.0,12,historia,1443.5818116403289,2.083333333333333,4.104166666666667,1.7777777777777777,12.875,3047.1215176268443,49.13745590828924
C24,Estable C1200 (Ultra/Estable + oro WR x2) 1c,Ultra 1c -> 2c desde colchon 3000,10100.0,12,Monte Carlo,1584.8771781477135,7.3,4.153,1.064,14.25,2896.3174936246173,56.59642857142857
C24,Estable C1200 (Ultra/Estable + oro WR x2) 1c,Ultra 1c -> 2c desde colchon 3000,5100.0,0,costo +1 tick,2661.1296438840814,2.7777777777777777,3.548611111111111,1.875,22.54861111111111,4423.16839316011,61.21307319223986
C24,Estable C1200 (Ultra/Estable + oro WR x2) 1c,Ultra 1c -> 2c desde colchon 3000,5100.0,12,costo +1 tick,1492.36258463981,2.7777777777777777,4.763888888888889,1.8888888888888888,15.11111111111111,3069.2886932924985,50.65310846560846
C24,Estable C1200 (Ultra/Estable + oro WR x2) 1c,Ultra 1c -> 2c desde colchon 3000,6100.0,0,costo +1 tick,2748.9863543307342,2.7777777777777777,2.7222222222222223,1.3194444444444444,22.180555555555557,4304.112144905809,64.69631834215167
C24,Estable C1200 (Ultra/Estable + oro WR x2) 1c,Ultra 1c -> 2c desde colchon 3000,6100.0,12,costo +1 tick,1549.1627486450807,2.7777777777777777,4.145833333333333,1.6527777777777777,13.42361111111111,3277.62093413884,48.91975308641975
C24,Estable C1200 (Ultra/Estable + oro WR x2) 1c,Ultra 1c -> 2c desde colchon 3000,7100.0,0,costo +1 tick,2779.0025123907467,2.7777777777777777,2.7708333333333335,1.3680555555555556,23.020833333333332,4302.014830068447,65.44036596119929
C24,Estable C1200 (Ultra/Estable + oro WR x2) 1c,Ultra 1c -> 2c desde colchon 3000,7100.0,12,costo +1 tick,1444.0918261079878,2.7777777777777777,4.430555555555555,2.0,12.708333333333334,3169.1778699812003,47.395833333333336
C24,Estable C1200 (Ultra/Estable + oro WR x2) 1c,Ultra 1c -> 2c desde colchon 3000,8100.0,0,costo +1 tick,2894.1452452555855,2.7777777777777777,2.7222222222222223,1.3194444444444444,23.95138888888889,4470.592769851339,65.53406084656086
C24,Estable C1200 (Ultra/Estable + oro WR x2) 1c,Ultra 1c -> 2c desde colchon 3000,8100.0,12,costo +1 tick,1518.3229187112167,2.7777777777777777,4.006944444444445,1.6736111111111112,13.17361111111111,2989.106459394443,52.549052028218696
C24,Estable C1200 (Ultra/Estable + oro WR x2) 1c,Ultra 1c -> 2c desde colchon 3000,10100.0,0,costo +1 tick,2929.0598788826555,2.7777777777777777,2.3055555555555554,0.9027777777777778,25.666666666666668,4113.396494479959,71.94113756613756
C24,Estable C1200 (Ultra/Estable + oro WR x2) 1c,Ultra 1c -> 2c desde colchon 3000,10100.0,12,costo +1 tick,1330.4861174999564,2.7777777777777777,4.430555555555555,1.75,12.006944444444445,2599.131608554987,53.419863315696645
C24,Estable C1200 (Ultra/Estable + oro WR x2) 1c,Ultra 1c -> 2c desde colchon 4000,5100.0,0,historia,2764.2138031565482,0.0,2.5833333333333335,1.0972222222222223,22.166666666666668,4250.786003891185,65.8234126984127
C24,Estable C1200 (Ultra/Estable + oro WR x2) 1c,Ultra 1c -> 2c desde colchon 4000,5100.0,0,Monte Carlo,2574.8914592205447,4.3999999999999995,2.815,1.045,22.499,3756.0919669425657,69.53293650793653
C24,Estable C1200 (Ultra/Estable + oro WR x2) 1c,Ultra 1c -> 2c desde colchon 4000,5100.0,12,historia,1678.6375717851852,0.0,3.8958333333333335,1.6111111111111112,13.944444444444445,3520.333008297762,49.13194444444444
C24,Estable C1200 (Ultra/Estable + oro WR x2) 1c,Ultra 1c -> 2c desde colchon 4000,5100.0,12,Monte Carlo,1657.8342694826206,4.3999999999999995,4.142,1.166,14.598,3013.3713988043783,56.81428571428571
C24,Estable C1200 (Ultra/Estable + oro WR x2) 1c,Ultra 1c -> 2c desde colchon 4000,6100.0,0,historia,2948.4185834422165,0.0,2.1527777777777777,0.9375,23.76388888888889,4436.451454222333,67.09380511463844
C24,Estable C1200 (Ultra/Estable + oro WR x2) 1c,Ultra 1c -> 2c desde colchon 4000,6100.0,0,Monte Carlo,2885.5540871170447,5.1,2.596,0.876,25.697,4067.9577895989382,71.76865079365079
C24,Estable C1200 (Ultra/Estable + oro WR x2) 1c,Ultra 1c -> 2c desde colchon 4000,6100.0,12,historia,1707.7341943303743,0.0,3.375,1.3055555555555556,14.229166666666666,3326.4926191125855,52.66479276895944
C24,Estable C1200 (Ultra/Estable + oro WR x2) 1c,Ultra 1c -> 2c desde colchon 4000,6100.0,12,Monte Carlo,1676.3123866279766,5.1,4.12,1.067,15.11,3046.6014144586525,56.791666666666664
C24,Estable C1200 (Ultra/Estable + oro WR x2) 1c,Ultra 1c -> 2c desde colchon 4000,7100.0,0,historia,3059.054676479984,0.0,2.3055555555555554,1.0972222222222223,24.756944444444443,4593.574008363616,67.25088183421516
C24,Estable C1200 (Ultra/Estable + oro WR x2) 1c,Ultra 1c -> 2c desde colchon 4000,7100.0,0,Monte Carlo,3030.6456074844205,5.6000000000000005,2.465,0.777,27.164,4201.549204087368,72.89920634920634
C24,Estable C1200 (Ultra/Estable + oro WR x2) 1c,Ultra 1c -> 2c desde colchon 4000,7100.0,12,historia,1617.0129120250542,0.0,3.6875,1.6180555555555556,13.534722222222221,3249.0387414143324,51.25385802469136
C24,Estable C1200 (Ultra/Estable + oro WR x2) 1c,Ultra 1c -> 2c desde colchon 4000,7100.0,12,Monte Carlo,1656.8813698050337,5.6000000000000005,4.112,1.02,14.972,3006.2788565372257,56.903571428571425
C24,Estable C1200 (Ultra/Estable + oro WR x2) 1c,Ultra 1c -> 2c desde colchon 4000,8100.0,0,historia,3298.2977317145583,0.0,1.8819444444444444,0.6666666666666666,28.65972222222222,4531.628963450633,73.32727072310406
C24,Estable C1200 (Ultra/Estable + oro WR x2) 1c,Ultra 1c -> 2c desde colchon 4000,8100.0,0,Monte Carlo,3120.65952822814,5.800000000000001,2.346,0.674,27.856,4256.348353575938,74.03888888888889
C24,Estable C1200 (Ultra/Estable + oro WR x2) 1c,Ultra 1c -> 2c desde colchon 4000,8100.0,12,historia,1695.621805362569,0.0,3.7291666666666665,1.2777777777777777,13.645833333333334,3270.7044059624313,53.33443562610229
C24,Estable C1200 (Ultra/Estable + oro WR x2) 1c,Ultra 1c -> 2c desde colchon 4000,8100.0,12,Monte Carlo,1638.7972161538444,5.800000000000001,4.07,0.979,14.717,2940.092178550133,57.55079365079365
C24,Estable C1200 (Ultra/Estable + oro WR x2) 1c,Ultra 1c -> 2c desde colchon 4000,10100.0,0,historia,3273.3764441242924,0.0,1.8819444444444444,0.6666666666666666,28.45138888888889,4497.642579743031,73.32727072310406
C24,Estable C1200 (Ultra/Estable + oro WR x2) 1c,Ultra 1c -> 2c desde colchon 4000,10100.0,0,Monte Carlo,3140.8498941653256,6.2,2.277,0.623,28.086,4245.355845879844,74.68492063492063
C24,Estable C1200 (Ultra/Estable + oro WR x2) 1c,Ultra 1c -> 2c desde colchon 4000,10100.0,12,historia,1689.7040413576142,0.0,3.673611111111111,1.2361111111111112,13.347222222222221,3346.605808670865,51.926256613756614
C24,Estable C1200 (Ultra/Estable + oro WR x2) 1c,Ultra 1c -> 2c desde colchon 4000,10100.0,12,Monte Carlo,1572.3496542169253,6.2,3.955,0.92,14.083,2773.426314894491,58.55912698412698
C24,Estable C1200 (Ultra/Estable + oro WR x2) 1c,Ultra 1c -> 2c desde colchon 4000,5100.0,0,costo +1 tick,2542.7805796073544,0.0,2.7291666666666665,1.0763888888888888,20.680555555555557,3871.091087368817,66.60879629629629
C24,Estable C1200 (Ultra/Estable + oro WR x2) 1c,Ultra 1c -> 2c desde colchon 4000,5100.0,12,costo +1 tick,1467.7987676778323,0.0,4.743055555555555,2.0,12.6875,3189.253328057287,47.96902557319223
C24,Estable C1200 (Ultra/Estable + oro WR x2) 1c,Ultra 1c -> 2c desde colchon 4000,6100.0,0,costo +1 tick,2701.5307267013527,0.0,2.4583333333333335,1.0763888888888888,21.40972222222222,4072.9300792633717,67.11860670194002
C24,Estable C1200 (Ultra/Estable + oro WR x2) 1c,Ultra 1c -> 2c desde colchon 4000,6100.0,12,costo +1 tick,1630.372328896655,0.0,4.395833333333333,1.9027777777777777,12.48611111111111,3458.8859312741038,48.798500881834215
C24,Estable C1200 (Ultra/Estable + oro WR x2) 1c,Ultra 1c -> 2c desde colchon 4000,7100.0,0,costo +1 tick,2798.2615997566118,0.0,2.4583333333333335,1.0763888888888888,22.45138888888889,4166.245687420108,67.9370590828924
C24,Estable C1200 (Ultra/Estable + oro WR x2) 1c,Ultra 1c -> 2c desde colchon 4000,7100.0,12,costo +1 tick,1502.3229857548515,0.0,4.590277777777778,1.9861111111111112,12.61111111111111,3134.432414145956,49.84567901234568
C24,Estable C1200 (Ultra/Estable + oro WR x2) 1c,Ultra 1c -> 2c desde colchon 4000,8100.0,0,costo +1 tick,2797.763250745226,0.0,2.3055555555555554,0.9166666666666666,22.604166666666668,4089.580235246593,69.1495811287478
C24,Estable C1200 (Ultra/Estable + oro WR x2) 1c,Ultra 1c -> 2c desde colchon 4000,8100.0,12,costo +1 tick,1576.1589596210806,0.0,4.493055555555555,1.9166666666666667,12.284722222222221,3203.15383472248,51.041666666666664
C24,Estable C1200 (Ultra/Estable + oro WR x2) 1c,Ultra 1c -> 2c desde colchon 4000,10100.0,0,costo +1 tick,3023.769782637446,0.0,2.0555555555555554,0.6666666666666666,25.930555555555557,4127.454974547841,73.91148589065256
C24,Estable C1200 (Ultra/Estable + oro WR x2) 1c,Ultra 1c -> 2c desde colchon 4000,10100.0,12,costo +1 tick,1655.8765485327551,0.0,4.381944444444445,1.4375,12.958333333333334,3121.396555362586,54.885912698412696
C24,Estable C1200 (Ultra/Estable + oro WR x2) 1c,2c Ultra escalones 750/1500,5100.0,0,historia,1113.6503185835152,9.722222222222223,5.854166666666667,4.069444444444445,12.569444444444445,4304.5160216024115,27.651014109347443
C24,Estable C1200 (Ultra/Estable + oro WR x2) 1c,2c Ultra escalones 750/1500,5100.0,0,Monte Carlo,2442.682728054619,10.2,5.061,2.741,21.924,5411.8275424114845,46.3595238095238
C24,Estable C1200 (Ultra/Estable + oro WR x2) 1c,2c Ultra escalones 750/1500,5100.0,12,historia,1096.4713727957674,9.722222222222223,5.916666666666667,4.0,12.4375,4302.807795556849,27.28174603174603
C24,Estable C1200 (Ultra/Estable + oro WR x2) 1c,2c Ultra escalones 750/1500,5100.0,12,Monte Carlo,1558.3390297178585,10.2,6.206,2.763,14.171,4661.393552083267,35.17261904761905
C24,Estable C1200 (Ultra/Estable + oro WR x2) 1c,2c Ultra escalones 750/1500,6100.0,0,historia,2678.4081740569186,9.722222222222223,3.8819444444444446,2.236111111111111,26.1875,4931.635236539063,55.34060846560847
C24,Estable C1200 (Ultra/Estable + oro WR x2) 1c,2c Ultra escalones 750/1500,6100.0,0,Monte Carlo,2623.818921034702,11.4,4.592,2.403,23.653,5257.5943291854455,51.04801587301587
C24,Estable C1200 (Ultra/Estable + oro WR x2) 1c,2c Ultra escalones 750/1500,6100.0,12,historia,1321.0234439324447,9.722222222222223,5.381944444444445,2.625,15.527777777777779,3623.4283267614323,38.401124338624335
C24,Estable C1200 (Ultra/Estable + oro WR x2) 1c,2c Ultra escalones 750/1500,6100.0,12,Monte Carlo,1555.218650603549,11.4,5.962,2.555,14.301,4355.626020743494,37.4968253968254
C24,Estable C1200 (Ultra/Estable + oro WR x2) 1c,2c Ultra escalones 750/1500,7100.0,0,historia,2495.5295062043056,11.11111111111111,3.611111111111111,2.236111111111111,24.006944444444443,4630.7444906725805,54.910714285714285
C24,Estable C1200 (Ultra/Estable + oro WR x2) 1c,2c Ultra escalones 750/1500,7100.0,0,Monte Carlo,2855.792396892261,12.0,4.089,1.989,25.683,5191.518967113844,56.03928571428571
C24,Estable C1200 (Ultra/Estable + oro WR x2) 1c,2c Ultra escalones 750/1500,7100.0,12,historia,1238.6583782249027,11.11111111111111,4.958333333333333,2.6527777777777777,14.75,3262.465909995535,39.955357142857146
C24,Estable C1200 (Ultra/Estable + oro WR x2) 1c,2c Ultra escalones 750/1500,7100.0,12,Monte Carlo,1569.5817199951491,12.0,5.78,2.328,14.364,4196.607553635695,39.20317460317461
C24,Estable C1200 (Ultra/Estable + oro WR x2) 1c,2c Ultra escalones 750/1500,8100.0,0,historia,2485.6899537700197,11.805555555555555,3.611111111111111,2.236111111111111,24.243055555555557,4498.368181001638,56.307870370370374
C24,Estable C1200 (Ultra/Estable + oro WR x2) 1c,2c Ultra escalones 750/1500,8100.0,0,Monte Carlo,2947.939018541558,12.4,3.776,1.736,26.538,5086.67204073265,58.925396825396824
C24,Estable C1200 (Ultra/Estable + oro WR x2) 1c,2c Ultra escalones 750/1500,8100.0,12,historia,1148.4022218262708,11.805555555555555,4.972222222222222,2.7083333333333335,14.194444444444445,2889.740899437703,41.991843033509696
C24,Estable C1200 (Ultra/Estable + oro WR x2) 1c,2c Ultra escalones 750/1500,8100.0,12,Monte Carlo,1535.4155303127927,12.4,5.671,2.208,14.094,3974.54314476335,40.49801587301587
C24,Estable C1200 (Ultra/Estable + oro WR x2) 1c,2c Ultra escalones 750/1500,10100.0,0,historia,2373.907015761623,12.5,3.4305555555555554,2.0555555555555554,23.11111111111111,4181.063010906387,57.85108024691358
C24,Estable C1200 (Ultra/Estable + oro WR x2) 1c,2c Ultra escalones 750/1500,10100.0,0,Monte Carlo,2973.9204741033554,13.0,3.438,1.465,26.796,4861.758098364928,62.094841269841275
C24,Estable C1200 (Ultra/Estable + oro WR x2) 1c,2c Ultra escalones 750/1500,10100.0,12,historia,1045.5527219341861,12.5,4.791666666666667,2.7222222222222223,12.75,2590.232331157268,42.78549382716049
C24,Estable C1200 (Ultra/Estable + oro WR x2) 1c,2c Ultra escalones 750/1500,10100.0,12,Monte Carlo,1478.2802603809675,13.0,5.462,2.057,13.607,3621.8314316875367,42.78888888888889
C24,Estable C1200 (Ultra/Estable + oro WR x2) 1c,2c Ultra escalones 750/1500,5100.0,0,costo +1 tick,1788.5855226364401,1.3888888888888888,5.916666666666667,3.1041666666666665,17.51388888888889,5337.214112511322,34.961970899470906
C24,Estable C1200 (Ultra/Estable + oro WR x2) 1c,2c Ultra escalones 750/1500,5100.0,12,costo +1 tick,1532.9174058627198,1.3888888888888888,6.131944444444445,3.0625,15.458333333333334,4850.2575046769725,33.25892857142857
C24,Estable C1200 (Ultra/Estable + oro WR x2) 1c,2c Ultra escalones 750/1500,6100.0,0,costo +1 tick,3089.559170729585,1.3888888888888888,3.2916666666666665,1.4027777777777777,28.36111111111111,5253.810657089023,59.62577160493827
C24,Estable C1200 (Ultra/Estable + oro WR x2) 1c,2c Ultra escalones 750/1500,6100.0,12,costo +1 tick,1529.6755955020587,1.3888888888888888,4.9375,1.7569444444444444,17.09027777777778,3587.117746129632,44.44444444444444
C24,Estable C1200 (Ultra/Estable + oro WR x2) 1c,2c Ultra escalones 750/1500,7100.0,0,costo +1 tick,2908.9912679400713,2.083333333333333,3.0416666666666665,1.4027777777777777,25.95138888888889,4978.623790583414,59.22894620811288
C24,Estable C1200 (Ultra/Estable + oro WR x2) 1c,2c Ultra escalones 750/1500,7100.0,12,costo +1 tick,1463.264933749261,2.083333333333333,4.388888888888889,1.7777777777777777,15.930555555555555,3284.0958112178296,46.304563492063494
C24,Estable C1200 (Ultra/Estable + oro WR x2) 1c,2c Ultra escalones 750/1500,8100.0,0,costo +1 tick,2845.6302572952386,2.7777777777777777,3.0416666666666665,1.4027777777777777,25.381944444444443,4831.187042713496,59.72497795414463
C24,Estable C1200 (Ultra/Estable + oro WR x2) 1c,2c Ultra escalones 750/1500,8100.0,12,costo +1 tick,1512.8035836343415,2.7777777777777777,4.465277777777778,1.7569444444444444,15.86111111111111,3402.959560902595,46.17228835978837
C24,Estable C1200 (Ultra/Estable + oro WR x2) 1c,2c Ultra escalones 750/1500,10100.0,0,costo +1 tick,2759.8471567529227,3.4722222222222223,2.861111111111111,1.2222222222222223,24.631944444444443,4505.645950741269,62.08388447971781
C24,Estable C1200 (Ultra/Estable + oro WR x2) 1c,2c Ultra escalones 750/1500,10100.0,12,costo +1 tick,1312.3818509660387,3.4722222222222223,4.701388888888889,2.0902777777777777,13.82638888888889,3054.7014035816196,44.976300705467374
C24,Estable C1200 (Ultra/Estable + oro WR x2) 1c,1c WR70Plus,5100.0,0,historia,1130.2375009436848,0.0,1.6527777777777777,0.4375,17.67361111111111,1557.6784837983319,73.94731040564373
C24,Estable C1200 (Ultra/Estable + oro WR x2) 1c,1c WR70Plus,5100.0,0,Monte Carlo,1020.1055981630562,5.4,2.172,0.567,16.412,1389.2243595468417,75.47539682539683
C24,Estable C1200 (Ultra/Estable + oro WR x2) 1c,1c WR70Plus,5100.0,12,historia,748.3119599898105,0.0,2.8402777777777777,0.8125,11.54861111111111,1404.376103868262,55.930335097001766
C24,Estable C1200 (Ultra/Estable + oro WR x2) 1c,1c WR70Plus,5100.0,12,Monte Carlo,688.2099948222558,5.4,3.25,0.707,11.438,1124.0091357717145,65.01111111111112
C24,Estable C1200 (Ultra/Estable + oro WR x2) 1c,1c WR70Plus,6100.0,0,historia,1150.6298441800252,0.0,1.3611111111111112,0.14583333333333334,18.520833333333332,1473.9716257249795,79.27138447971781
C24,Estable C1200 (Ultra/Estable + oro WR x2) 1c,1c WR70Plus,6100.0,0,Monte Carlo,954.4630744505008,6.7,2.105,0.515,15.385,1291.2131809130365,76.05277777777778
C24,Estable C1200 (Ultra/Estable + oro WR x2) 1c,1c WR70Plus,6100.0,12,historia,737.2113678551933,0.0,2.513888888888889,0.4305555555555556,12.04861111111111,1259.9954964934964,61.11937830687831
C24,Estable C1200 (Ultra/Estable + oro WR x2) 1c,1c WR70Plus,6100.0,12,Monte Carlo,641.1620312199514,6.7,3.115,0.655,10.692,1024.4665037196344,66.56309523809524
C24,Estable C1200 (Ultra/Estable + oro WR x2) 1c,1c WR70Plus,7100.0,0,historia,1075.6298441800252,0.0,1.3611111111111112,0.14583333333333334,17.416666666666668,1379.3599313635805,79.27138447971781
C24,Estable C1200 (Ultra/Estable + oro WR x2) 1c,1c WR70Plus,7100.0,0,Monte Carlo,886.2274002391815,9.3,2.085,0.499,14.306,1197.3304927613788,76.2952380952381
C24,Estable C1200 (Ultra/Estable + oro WR x2) 1c,1c WR70Plus,7100.0,12,historia,700.5516351849395,0.0,2.4722222222222223,0.4097222222222222,11.472222222222221,1193.2051566957282,61.42250881834215
C24,Estable C1200 (Ultra/Estable + oro WR x2) 1c,1c WR70Plus,7100.0,12,Monte Carlo,598.9117947291851,9.3,3.012,0.625,10.011,940.1690090871903,67.89404761904761
C24,Estable C1200 (Ultra/Estable + oro WR x2) 1c,1c WR70Plus,8100.0,0,historia,1000.6298441800253,0.0,1.3611111111111112,0.14583333333333334,16.23611111111111,1284.7482370021817,79.27138447971781
C24,Estable C1200 (Ultra/Estable + oro WR x2) 1c,1c WR70Plus,8100.0,0,Monte Carlo,818.8651736555339,11.5,2.076,0.492,13.237,1107.8704830658623,76.36507936507937
C24,Estable C1200 (Ultra/Estable + oro WR x2) 1c,1c WR70Plus,8100.0,12,historia,695.6512033481841,0.0,2.3402777777777777,0.2986111111111111,11.125,1182.2573060783645,61.43077601410934
C24,Estable C1200 (Ultra/Estable + oro WR x2) 1c,1c WR70Plus,8100.0,12,Monte Carlo,558.310609456865,11.5,2.92,0.599,9.348,865.4686194966259,68.92380952380952
C24,Estable C1200 (Ultra/Estable + oro WR x2) 1c,1c WR70Plus,10100.0,0,historia,850.950804919777,0.6944444444444444,1.3611111111111112,0.14583333333333334,14.04861111111111,1095.9297368048692,79.27138447971781
C24,Estable C1200 (Ultra/Estable + oro WR x2) 1c,1c WR70Plus,10100.0,0,Monte Carlo,688.1579909696023,16.3,2.074,0.49,11.214,936.4660345294898,76.38214285714285
C24,Estable C1200 (Ultra/Estable + oro WR x2) 1c,1c WR70Plus,10100.0,12,historia,642.6930113753787,0.6944444444444444,2.1944444444444446,0.2222222222222222,10.444444444444445,1049.625021402281,63.96604938271605
C24,Estable C1200 (Ultra/Estable + oro WR x2) 1c,1c WR70Plus,10100.0,12,Monte Carlo,482.4723473031601,16.3,2.732,0.566,8.142,732.8225021065776,70.71507936507936
C24,Estable C1200 (Ultra/Estable + oro WR x2) 1c,1c WR70Plus,5100.0,0,costo +1 tick,1048.14802346798,0.0,1.8263888888888888,0.4722222222222222,15.75,1468.565740868481,72.99933862433863
C24,Estable C1200 (Ultra/Estable + oro WR x2) 1c,1c WR70Plus,5100.0,12,costo +1 tick,728.0348057028872,0.0,3.638888888888889,0.9583333333333334,11.118055555555555,1389.198708323694,55.83388447971781
C24,Estable C1200 (Ultra/Estable + oro WR x2) 1c,1c WR70Plus,6100.0,0,costo +1 tick,1057.6322011028726,0.0,1.5625,0.20833333333333334,16.52777777777778,1381.6904115851185,78.02579365079364
C24,Estable C1200 (Ultra/Estable + oro WR x2) 1c,1c WR70Plus,6100.0,12,costo +1 tick,697.7855591446713,0.0,3.4722222222222223,0.5763888888888888,11.479166666666666,1233.1843790691282,60.267857142857146
C24,Estable C1200 (Ultra/Estable + oro WR x2) 1c,1c WR70Plus,7100.0,0,costo +1 tick,982.6322011028727,0.0,1.5625,0.20833333333333334,15.45138888888889,1285.568351826695,78.02579365079364
C24,Estable C1200 (Ultra/Estable + oro WR x2) 1c,1c WR70Plus,7100.0,12,costo +1 tick,680.2133038025763,0.0,3.1041666666666665,0.4652777777777778,11.145833333333334,1158.4808613485047,62.22167107583774
C24,Estable C1200 (Ultra/Estable + oro WR x2) 1c,1c WR70Plus,8100.0,0,costo +1 tick,907.6322011028727,0.0,1.5625,0.20833333333333334,14.402777777777779,1189.4462920682718,78.02579365079364
C24,Estable C1200 (Ultra/Estable + oro WR x2) 1c,1c WR70Plus,8100.0,12,costo +1 tick,672.865313223501,0.0,3.0625,0.4444444444444444,10.854166666666666,1134.4404072025611,62.84446649029982
C24,Estable C1200 (Ultra/Estable + oro WR x2) 1c,1c WR70Plus,10100.0,0,costo +1 tick,757.2268037651976,2.083333333333333,1.5625,0.20833333333333334,12.090277777777779,996.6826041898529,78.02579365079364
C24,Estable C1200 (Ultra/Estable + oro WR x2) 1c,1c WR70Plus,10100.0,12,costo +1 tick,628.3291698428767,2.083333333333333,2.486111111111111,0.2638888888888889,10.041666666666666,972.5104389982688,67.95359347442681
C24,Ultra fijo 1c + oro Robust,1c Ultra,5100.0,0,historia,1931.0823217548707,0.0,2.236111111111111,0.7083333333333334,25.604166666666668,2595.473923374225,75.52910052910053
C24,Ultra fijo 1c + oro Robust,1c Ultra,5100.0,0,Monte Carlo,1875.6323001031003,2.3,2.579,0.695,25.925,2453.5577468842744,77.82063492063492
C24,Ultra fijo 1c + oro Robust,1c Ultra,5100.0,12,historia,1202.1542072495927,0.0,3.6944444444444446,1.1041666666666667,16.631944444444443,1922.1355418787373,65.0573192239859
C24,Ultra fijo 1c + oro Robust,1c Ultra,5100.0,12,Monte Carlo,1142.9346231879633,2.3,4.546,0.955,16.248,1921.454986736379,62.57817460317461
C24,Ultra fijo 1c + oro Robust,1c Ultra,6100.0,0,historia,1927.948128532811,0.0,1.9652777777777777,0.4375,25.625,2450.635441536128,79.7205687830688
C24,Ultra fijo 1c + oro Robust,1c Ultra,6100.0,0,Monte Carlo,1818.7141530564706,2.5,2.473,0.622,25.08,2353.6477499885495,78.64682539682539
C24,Ultra fijo 1c + oro Robust,1c Ultra,6100.0,12,historia,1110.2297372904088,0.0,3.9791666666666665,1.0833333333333333,14.368055555555555,1793.8583577234751,64.79276895943562
C24,Ultra fijo 1c + oro Robust,1c Ultra,6100.0,12,Monte Carlo,1079.8678114206632,2.5,4.364,0.908,15.267,1778.015777775064,63.945634920634916
C24,Ultra fijo 1c + oro Robust,1c Ultra,7100.0,0,historia,1852.948128532811,0.0,1.9652777777777777,0.4375,24.40972222222222,2356.556835293258,79.7205687830688
C24,Ultra fijo 1c + oro Robust,1c Ultra,7100.0,0,Monte Carlo,1758.4576119219462,3.2,2.395,0.572,24.237,2259.1255225689865,79.22500000000001
C24,Ultra fijo 1c + oro Robust,1c Ultra,7100.0,12,historia,1032.581875143338,0.0,3.6805555555555554,0.9027777777777778,13.243055555555555,1640.2233829026118,65.88955026455025
C24,Ultra fijo 1c + oro Robust,1c Ultra,7100.0,12,Monte Carlo,1017.3454837351084,3.2,4.203,0.856,14.399,1644.4149484957027,65.21071428571427
C24,Ultra fijo 1c + oro Robust,1c Ultra,8100.0,0,historia,1777.9481285328113,0.0,1.9652777777777777,0.4375,23.5,2262.4782290503877,79.7205687830688
C24,Ultra fijo 1c + oro Robust,1c Ultra,8100.0,0,Monte Carlo,1688.9236010875784,3.5999999999999996,2.366,0.55,23.254,2165.672045621379,79.4154761904762
C24,Ultra fijo 1c + oro Robust,1c Ultra,8100.0,12,historia,976.6753128110258,0.0,3.7430555555555554,0.7916666666666666,12.95138888888889,1566.7723321947594,65.46241181657848
C24,Ultra fijo 1c + oro Robust,1c Ultra,8100.0,12,Monte Carlo,965.5223224419515,3.5999999999999996,4.072,0.819,13.637,1537.651208055315,66.25674603174603
C24,Ultra fijo 1c + oro Robust,1c Ultra,10100.0,0,historia,1627.9481285328113,0.0,1.9652777777777777,0.4375,21.54861111111111,2074.3210165646465,79.7205687830688
C24,Ultra fijo 1c + oro Robust,1c Ultra,10100.0,0,Monte Carlo,1545.5186359006404,4.9,2.358,0.544,21.301,1983.349254815325,79.48015873015873
C24,Ultra fijo 1c + oro Robust,1c Ultra,10100.0,12,historia,903.1515515991933,0.0,3.8055555555555554,0.8888888888888888,12.131944444444445,1494.4604133467967,63.76488095238095
C24,Ultra fijo 1c + oro Robust,1c Ultra,10100.0,12,Monte Carlo,866.481985442273,4.9,3.886,0.793,12.31,1357.489927895829,67.57499999999999
C24,Ultra fijo 1c + oro Robust,1c Ultra,5100.0,0,costo +1 tick,1802.0973135009956,0.0,2.2847222222222223,0.6388888888888888,23.618055555555557,2508.839169458983,73.02138447971781
C24,Ultra fijo 1c + oro Robust,1c Ultra,5100.0,12,costo +1 tick,1049.5687015852443,0.0,4.131944444444445,1.2361111111111112,14.458333333333334,1906.797316722627,57.87863756613756
C24,Ultra fijo 1c + oro Robust,1c Ultra,6100.0,0,costo +1 tick,1795.9958005225214,0.0,2.0347222222222223,0.3888888888888889,23.458333333333332,2342.451447117452,77.80809082892415
C24,Ultra fijo 1c + oro Robust,1c Ultra,6100.0,12,costo +1 tick,1061.5191557154612,0.0,3.7222222222222223,0.6597222222222222,13.375,1721.03033545229,64.50892857142857
C24,Ultra fijo 1c + oro Robust,1c Ultra,7100.0,0,costo +1 tick,1720.9958005225214,0.0,2.0347222222222223,0.3888888888888889,22.53472222222222,2246.060443044493,77.80809082892415
C24,Ultra fijo 1c + oro Robust,1c Ultra,7100.0,12,costo +1 tick,1002.8475688147324,0.0,3.861111111111111,0.7013888888888888,12.930555555555555,1664.0313689934706,63.301917989417994
C24,Ultra fijo 1c + oro Robust,1c Ultra,8100.0,0,costo +1 tick,1645.9958005225217,0.0,2.0347222222222223,0.3888888888888889,21.40277777777778,2149.669438971534,77.80809082892415
C24,Ultra fijo 1c + oro Robust,1c Ultra,8100.0,12,costo +1 tick,960.629806978283,0.0,4.173611111111111,0.7986111111111112,12.430555555555555,1670.0286235552103,60.79144620811288
C24,Ultra fijo 1c + oro Robust,1c Ultra,10100.0,0,costo +1 tick,1495.9958005225217,0.0,2.0347222222222223,0.3888888888888889,19.618055555555557,1956.8874308256159,77.80809082892415
C24,Ultra fijo 1c + oro Robust,1c Ultra,10100.0,12,costo +1 tick,905.0952547062328,0.0,3.8680555555555554,0.75,11.819444444444445,1553.7869893718537,61.507936507936506
C24,Ultra fijo 1c + oro Robust,Ultra 1c -> 2c desde colchon 3000,5100.0,0,historia,3200.244013242589,0.0,2.9791666666666665,1.1319444444444444,26.395833333333332,4775.528875946497,67.82958553791887
C24,Ultra fijo 1c + oro Robust,Ultra 1c -> 2c desde colchon 3000,5100.0,0,Monte Carlo,2882.806539411593,3.1,3.654,1.467,25.839,4237.638708545238,69.15674603174604
C24,Ultra fijo 1c + oro Robust,Ultra 1c -> 2c desde colchon 3000,5100.0,12,historia,2199.3107434755125,0.0,5.409722222222222,1.1041666666666667,20.0625,4439.84861804675,51.129850088183424
C24,Ultra fijo 1c + oro Robust,Ultra 1c -> 2c desde colchon 3000,5100.0,12,Monte Carlo,1840.8589057682436,3.1,5.221,1.532,16.71,3360.48168400258,56.81230158730159
C24,Ultra fijo 1c + oro Robust,Ultra 1c -> 2c desde colchon 3000,6100.0,0,historia,3518.9873624136053,0.0,2.4375,0.8541666666666666,29.493055555555557,4908.359759533175,72.34347442680776
C24,Ultra fijo 1c + oro Robust,Ultra 1c -> 2c desde colchon 3000,6100.0,0,Monte Carlo,2992.7648684329592,3.1,3.554,1.417,26.964,4342.247422328274,69.99285714285715
C24,Ultra fijo 1c + oro Robust,Ultra 1c -> 2c desde colchon 3000,6100.0,12,historia,2197.19426187619,0.0,5.277777777777778,1.1111111111111112,19.70138888888889,4495.818137708461,50.40784832451499
C24,Ultra fijo 1c + oro Robust,Ultra 1c -> 2c desde colchon 3000,6100.0,12,Monte Carlo,1801.8200417120777,3.1,5.255,1.525,16.474,3301.034219507444,56.666269841269845
C24,Ultra fijo 1c + oro Robust,Ultra 1c -> 2c desde colchon 3000,7100.0,0,historia,3551.581360532841,0.0,2.5625,0.9444444444444444,30.59722222222222,4865.96265002303,73.67724867724867
C24,Ultra fijo 1c + oro Robust,Ultra 1c -> 2c desde colchon 3000,7100.0,0,Monte Carlo,3232.8114486848913,3.8,3.092,1.064,28.93,4440.52374093494,73.71349206349205
C24,Ultra fijo 1c + oro Robust,Ultra 1c -> 2c desde colchon 3000,7100.0,12,historia,2105.1215757603995,0.0,5.347222222222222,1.3472222222222223,19.166666666666668,4121.851884756038,52.76951058201058
C24,Ultra fijo 1c + oro Robust,Ultra 1c -> 2c desde colchon 3000,7100.0,12,Monte Carlo,1801.3075523123898,3.8,5.047,1.332,16.273,3203.877189329173,58.28373015873016
C24,Ultra fijo 1c + oro Robust,Ultra 1c -> 2c desde colchon 3000,8100.0,0,historia,3607.1093157251676,0.0,2.4375,0.8541666666666666,30.77777777777778,4907.355525996318,74.15399029982363
C24,Ultra fijo 1c + oro Robust,Ultra 1c -> 2c desde colchon 3000,8100.0,0,Monte Carlo,3320.4285172262903,4.1000000000000005,2.907,0.938,29.693,4470.592650934312,75.12341269841271
C24,Ultra fijo 1c + oro Robust,Ultra 1c -> 2c desde colchon 3000,8100.0,12,historia,2095.904717918678,0.0,4.840277777777778,1.1666666666666667,18.28472222222222,3710.1282922407786,58.198302469135804
C24,Ultra fijo 1c + oro Robust,Ultra 1c -> 2c desde colchon 3000,8100.0,12,Monte Carlo,1780.6922954377017,4.1000000000000005,4.97,1.255,16.067,3122.4526614547585,59.111111111111114
C24,Ultra fijo 1c + oro Robust,Ultra 1c -> 2c desde colchon 3000,10100.0,0,historia,3609.8509462079523,0.0,2.0694444444444446,0.4861111111111111,31.23611111111111,4624.5979793956885,78.64307760141094
C24,Ultra fijo 1c + oro Robust,Ultra 1c -> 2c desde colchon 3000,10100.0,0,Monte Carlo,3334.61985948399,5.1,2.699,0.782,29.845,4392.312147788984,76.7234126984127
C24,Ultra fijo 1c + oro Robust,Ultra 1c -> 2c desde colchon 3000,10100.0,12,historia,1757.891819854798,0.0,4.388888888888889,1.4166666666666667,14.5625,2989.927485425332,60.714285714285715
C24,Ultra fijo 1c + oro Robust,Ultra 1c -> 2c desde colchon 3000,10100.0,12,Monte Carlo,1695.5408921390854,5.1,4.817,1.151,15.301,2906.6018247940488,60.50238095238095
C24,Ultra fijo 1c + oro Robust,Ultra 1c -> 2c desde colchon 3000,5100.0,0,costo +1 tick,3006.0354119066837,0.0,3.0902777777777777,1.1319444444444444,25.52777777777778,4616.066559241294,65.99702380952381
C24,Ultra fijo 1c + oro Robust,Ultra 1c -> 2c desde colchon 3000,5100.0,12,costo +1 tick,2089.000856871075,0.0,5.729166666666667,0.9861111111111112,19.84722222222222,4361.326747799921,49.616953262786595
C24,Ultra fijo 1c + oro Robust,Ultra 1c -> 2c desde colchon 3000,6100.0,0,costo +1 tick,3156.2230511667562,0.0,2.576388888888889,0.8611111111111112,26.569444444444443,4571.188606434436,69.78339947089947
C24,Ultra fijo 1c + oro Robust,Ultra 1c -> 2c desde colchon 3000,6100.0,12,costo +1 tick,1963.9709290853255,0.0,5.256944444444445,1.0902777777777777,18.40277777777778,3951.3823695440483,51.44400352733686
C24,Ultra fijo 1c + oro Robust,Ultra 1c -> 2c desde colchon 3000,7100.0,0,costo +1 tick,3168.5856406980092,0.0,2.7083333333333335,0.9513888888888888,26.65277777777778,4525.786910457352,70.79475308641975
C24,Ultra fijo 1c + oro Robust,Ultra 1c -> 2c desde colchon 3000,7100.0,12,costo +1 tick,1680.8157370401757,0.0,5.333333333333333,1.6458333333333333,15.715277777777779,3469.2555002847407,50.46020723104056
C24,Ultra fijo 1c + oro Robust,Ultra 1c -> 2c desde colchon 3000,8100.0,0,costo +1 tick,3308.585099798662,0.0,2.576388888888889,0.8611111111111112,27.90277777777778,4729.017939778292,70.6762566137566
C24,Ultra fijo 1c + oro Robust,Ultra 1c -> 2c desde colchon 3000,8100.0,12,costo +1 tick,1823.1278720117277,0.0,4.229166666666667,1.2361111111111112,17.01388888888889,3196.957941073144,58.75771604938272
C24,Ultra fijo 1c + oro Robust,Ultra 1c -> 2c desde colchon 3000,10100.0,0,costo +1 tick,3318.935425253047,0.0,2.2083333333333335,0.4930555555555556,28.805555555555557,4361.840252462393,76.75264550264549
C24,Ultra fijo 1c + oro Robust,Ultra 1c -> 2c desde colchon 3000,10100.0,12,costo +1 tick,1644.859444612927,0.0,4.166666666666667,0.9305555555555556,14.8125,2757.416362283755,61.629188712522044
C24,Ultra fijo 1c + oro Robust,Ultra 1c -> 2c desde colchon 4000,5100.0,0,historia,3036.0831676834164,0.0,2.6458333333333335,0.8263888888888888,25.02777777777778,4264.429505889621,72.00727513227514
C24,Ultra fijo 1c + oro Robust,Ultra 1c -> 2c desde colchon 4000,5100.0,0,Monte Carlo,2701.5065017083484,2.7,3.191,1.138,23.609,3757.924990652779,72.99920634920635
C24,Ultra fijo 1c + oro Robust,Ultra 1c -> 2c desde colchon 4000,5100.0,12,historia,1942.3034529506056,0.0,4.493055555555555,1.1458333333333333,16.979166666666668,3511.895666715267,56.98026895943563
C24,Ultra fijo 1c + oro Robust,Ultra 1c -> 2c desde colchon 4000,5100.0,12,Monte Carlo,1776.881134170302,2.7,4.745,1.249,15.61,3025.4766589906517,60.78253968253968
C24,Ultra fijo 1c + oro Robust,Ultra 1c -> 2c desde colchon 4000,6100.0,0,historia,3228.5808072799887,0.0,2.2777777777777777,0.7083333333333334,26.875,4396.362012811906,74.11541005291006
C24,Ultra fijo 1c + oro Robust,Ultra 1c -> 2c desde colchon 4000,6100.0,0,Monte Carlo,3028.4334009630365,3.2,2.917,0.953,27.004,4078.8477103081113,75.18293650793652
C24,Ultra fijo 1c + oro Robust,Ultra 1c -> 2c desde colchon 4000,6100.0,12,historia,2010.6612878046656,0.0,4.576388888888889,0.8541666666666666,18.73611111111111,3642.4083678425295,56.845238095238095
C24,Ultra fijo 1c + oro Robust,Ultra 1c -> 2c desde colchon 4000,6100.0,12,Monte Carlo,1802.030075481391,3.2,4.761,1.164,16.226,3066.2954895430044,60.80039682539683
C24,Ultra fijo 1c + oro Robust,Ultra 1c -> 2c desde colchon 4000,7100.0,0,historia,3402.0816919607146,0.0,2.388888888888889,0.8263888888888888,28.04861111111111,4629.83680556932,74.15674603174604
C24,Ultra fijo 1c + oro Robust,Ultra 1c -> 2c desde colchon 4000,7100.0,0,Monte Carlo,3178.4859170654145,3.9,2.771,0.848,28.505,4215.19669752423,76.26547619047618
C24,Ultra fijo 1c + oro Robust,Ultra 1c -> 2c desde colchon 4000,7100.0,12,historia,2081.122545933282,0.0,4.472222222222222,0.9722222222222222,18.29861111111111,3620.2286075827355,59.10218253968254
C24,Ultra fijo 1c + oro Robust,Ultra 1c -> 2c desde colchon 4000,7100.0,12,Monte Carlo,1781.2832090718985,3.9,4.734,1.095,16.147,3028.4488230630504,60.86349206349207
C24,Ultra fijo 1c + oro Robust,Ultra 1c -> 2c desde colchon 4000,8100.0,0,historia,3580.587509374376,0.0,2.0347222222222223,0.4652777777777778,30.583333333333332,4563.622373537543,79.04265873015873
C24,Ultra fijo 1c + oro Robust,Ultra 1c -> 2c desde colchon 4000,8100.0,0,Monte Carlo,3274.789181137363,4.2,2.629,0.738,29.23,4276.17856485491,77.38650793650794
C24,Ultra fijo 1c + oro Robust,Ultra 1c -> 2c desde colchon 4000,8100.0,12,historia,1957.5039148834019,0.0,4.166666666666667,0.9930555555555556,16.354166666666668,3226.7689955932688,62.35394620811288
C24,Ultra fijo 1c + oro Robust,Ultra 1c -> 2c desde colchon 4000,8100.0,12,Monte Carlo,1761.2766556186916,4.2,4.647,1.053,15.796,2957.1518124060376,61.615873015873014
C24,Ultra fijo 1c + oro Robust,Ultra 1c -> 2c desde colchon 4000,10100.0,0,historia,3572.686684132174,0.0,2.0347222222222223,0.4652777777777778,30.34722222222222,4553.626726415938,79.04265873015873
C24,Ultra fijo 1c + oro Robust,Ultra 1c -> 2c desde colchon 4000,10100.0,0,Monte Carlo,3302.8684585936303,4.7,2.532,0.668,29.516,4270.204326560275,78.12261904761905
C24,Ultra fijo 1c + oro Robust,Ultra 1c -> 2c desde colchon 4000,10100.0,12,historia,1810.4920492518831,0.0,4.055555555555555,1.1041666666666667,14.5,2903.4641485231346,64.18375220458553
C24,Ultra fijo 1c + oro Robust,Ultra 1c -> 2c desde colchon 4000,10100.0,12,Monte Carlo,1684.4723608619133,4.7,4.549,0.985,15.149,2790.824498728066,62.49007936507937
C24,Ultra fijo 1c + oro Robust,Ultra 1c -> 2c desde colchon 4000,5100.0,0,costo +1 tick,2808.603220747688,0.0,2.673611111111111,0.7569444444444444,22.770833333333332,4038.9830387698485,70.40343915343914
C24,Ultra fijo 1c + oro Robust,Ultra 1c -> 2c desde colchon 4000,5100.0,12,costo +1 tick,1656.1708004263817,0.0,4.423611111111111,1.2222222222222223,14.472222222222221,3097.42119445608,55.33785273368606
C24,Ultra fijo 1c + oro Robust,Ultra 1c -> 2c desde colchon 4000,6100.0,0,costo +1 tick,2978.257957102524,0.0,2.4166666666666665,0.7569444444444444,24.07638888888889,4251.717884983315,70.79199735449737
C24,Ultra fijo 1c + oro Robust,Ultra 1c -> 2c desde colchon 4000,6100.0,12,costo +1 tick,1797.0280547414666,0.0,4.215277777777778,0.875,15.430555555555555,3290.8261383890685,56.283068783068785
C24,Ultra fijo 1c + oro Robust,Ultra 1c -> 2c desde colchon 4000,7100.0,0,costo +1 tick,3106.5599978930422,0.0,2.4166666666666665,0.7569444444444444,24.729166666666668,4379.088836898393,71.6628086419753
C24,Ultra fijo 1c + oro Robust,Ultra 1c -> 2c desde colchon 4000,7100.0,12,costo +1 tick,1754.7256036341194,0.0,4.3125,1.0555555555555556,14.965277777777779,3175.3270704741963,57.038139329806
C24,Ultra fijo 1c + oro Robust,Ultra 1c -> 2c desde colchon 4000,8100.0,0,costo +1 tick,3110.2035574296006,0.0,2.3055555555555554,0.6388888888888888,24.666666666666668,4292.352657049431,73.16192680776014
C24,Ultra fijo 1c + oro Robust,Ultra 1c -> 2c desde colchon 4000,8100.0,12,costo +1 tick,1811.2320807029803,0.0,3.9375,1.0069444444444444,13.86111111111111,3162.061502762303,58.90928130511464
C24,Ultra fijo 1c + oro Robust,Ultra 1c -> 2c desde colchon 4000,10100.0,0,costo +1 tick,3323.5425571553133,0.0,2.076388888888889,0.4097222222222222,27.895833333333332,4337.251741244632,77.25418871252204
C24,Ultra fijo 1c + oro Robust,Ultra 1c -> 2c desde colchon 4000,10100.0,12,costo +1 tick,1793.3689234262263,0.0,4.034722222222222,0.7569444444444444,13.4375,3086.538976885091,59.81316137566137
C24,Ultra fijo 1c + oro Robust,2c Ultra escalones 750/1500,5100.0,0,historia,2231.060840666294,0.0,7.3125,4.020833333333333,20.11111111111111,6318.850230960819,36.82208994708995
C24,Ultra fijo 1c + oro Robust,2c Ultra escalones 750/1500,5100.0,0,Monte Carlo,2694.16453786157,6.2,5.924,2.99,24.328,5396.89606271966,51.356746031746034
C24,Ultra fijo 1c + oro Robust,2c Ultra escalones 750/1500,5100.0,12,historia,1861.8229768062076,0.0,8.090277777777779,3.673611111111111,17.17361111111111,6132.683774142719,32.08498677248677
C24,Ultra fijo 1c + oro Robust,2c Ultra escalones 750/1500,5100.0,12,Monte Carlo,1751.9824490685942,6.2,7.38,3.049,16.036,4662.9306730191465,39.64325396825397
C24,Ultra fijo 1c + oro Robust,2c Ultra escalones 750/1500,6100.0,0,historia,3439.6155263061883,0.0,4.034722222222222,1.7986111111111112,31.98611111111111,5651.889810399988,61.79177689594356
C24,Ultra fijo 1c + oro Robust,2c Ultra escalones 750/1500,6100.0,0,Monte Carlo,2872.287210640923,6.5,5.326,2.59,26.049,5243.52105949906,56.106746031746034
C24,Ultra fijo 1c + oro Robust,2c Ultra escalones 750/1500,6100.0,12,historia,1889.7187583024854,0.0,7.534722222222222,2.673611111111111,18.48611111111111,5698.7093674496955,34.89032186948854
C24,Ultra fijo 1c + oro Robust,2c Ultra escalones 750/1500,6100.0,12,Monte Carlo,1728.4988239082495,6.5,7.111,2.828,15.982,4361.464289615557,41.76428571428571
C24,Ultra fijo 1c + oro Robust,2c Ultra escalones 750/1500,7100.0,0,historia,3350.9037523106294,0.0,4.034722222222222,1.7986111111111112,31.333333333333332,5389.586436437934,63.15310846560847
C24,Ultra fijo 1c + oro Robust,2c Ultra escalones 750/1500,7100.0,0,Monte Carlo,3118.0495760427,7.199999999999999,4.65,2.094,28.159,5184.3433051130305,61.3170634920635
C24,Ultra fijo 1c + oro Robust,2c Ultra escalones 750/1500,7100.0,12,historia,1827.1002857119947,0.0,7.506944444444445,2.6875,18.11111111111111,5188.701980535972,37.105930335097
C24,Ultra fijo 1c + oro Robust,2c Ultra escalones 750/1500,7100.0,12,Monte Carlo,1745.5745222784997,7.199999999999999,6.834,2.516,16.088,4148.795758170629,44.229365079365074
C24,Ultra fijo 1c + oro Robust,2c Ultra escalones 750/1500,8100.0,0,historia,3265.373754598035,0.0,3.7708333333333335,1.7986111111111112,30.395833333333332,5196.9822340399005,63.78141534391534
C24,Ultra fijo 1c + oro Robust,2c Ultra escalones 750/1500,8100.0,0,Monte Carlo,3208.2976673262124,7.9,4.284,1.816,28.957,5093.782804105449,64.08492063492064
C24,Ultra fijo 1c + oro Robust,2c Ultra escalones 750/1500,8100.0,12,historia,1753.346705964318,0.0,7.131944444444445,2.6597222222222223,17.625,4770.8574872585195,38.70701058201059
C24,Ultra fijo 1c + oro Robust,2c Ultra escalones 750/1500,8100.0,12,Monte Carlo,1718.107830807956,7.9,6.662,2.362,15.844,3941.4304670132633,45.80238095238095
C24,Ultra fijo 1c + oro Robust,2c Ultra escalones 750/1500,10100.0,0,historia,3121.637420777922,0.6944444444444444,3.6527777777777777,1.6805555555555556,29.42361111111111,4829.6044648185625,65.625
C24,Ultra fijo 1c + oro Robust,2c Ultra escalones 750/1500,10100.0,0,Monte Carlo,3251.799075668669,8.1,3.837,1.484,29.321,4888.718904808234,67.54325396825398
C24,Ultra fijo 1c + oro Robust,2c Ultra escalones 750/1500,10100.0,12,historia,1618.7754140547029,0.6944444444444444,7.006944444444445,2.638888888888889,17.0625,4160.943569431995,41.10725308641975
C24,Ultra fijo 1c + oro Robust,2c Ultra escalones 750/1500,10100.0,12,Monte Carlo,1660.1858126863797,8.1,6.377,2.162,15.288,3606.1240729853075,48.3515873015873
C24,Ultra fijo 1c + oro Robust,2c Ultra escalones 750/1500,5100.0,0,costo +1 tick,2641.7705487739154,0.0,6.694444444444445,3.0208333333333335,23.34027777777778,6769.385392243035,40.31911375661376
C24,Ultra fijo 1c + oro Robust,2c Ultra escalones 750/1500,5100.0,12,costo +1 tick,2153.0777907364895,0.0,7.770833333333333,2.451388888888889,19.42361111111111,6605.863868096701,34.132495590828924
C24,Ultra fijo 1c + oro Robust,2c Ultra escalones 750/1500,6100.0,0,costo +1 tick,3662.2683999414803,0.0,3.5347222222222223,1.1597222222222223,32.5,5741.725774258744,64.58884479717813
C24,Ultra fijo 1c + oro Robust,2c Ultra escalones 750/1500,6100.0,12,costo +1 tick,2174.7739691361235,0.0,7.215277777777778,1.4861111111111112,20.71527777777778,5898.551632665591,38.4700176366843
C24,Ultra fijo 1c + oro Robust,2c Ultra escalones 750/1500,7100.0,0,costo +1 tick,3564.6501701549255,0.0,3.5347222222222223,1.1597222222222223,31.29861111111111,5556.449765693407,64.98567019400353
C24,Ultra fijo 1c + oro Robust,2c Ultra escalones 750/1500,7100.0,12,costo +1 tick,2201.4893133216433,0.0,6.958333333333333,1.4513888888888888,20.368055555555557,5521.05376969842,41.523368606701936
C24,Ultra fijo 1c + oro Robust,2c Ultra escalones 750/1500,8100.0,0,costo +1 tick,3458.042438844399,0.0,3.2847222222222223,1.1597222222222223,30.65277777777778,5370.970027089945,65.18408289241621
C24,Ultra fijo 1c + oro Robust,2c Ultra escalones 750/1500,8100.0,12,costo +1 tick,2054.7578341091125,0.0,6.590277777777778,1.4652777777777777,19.6875,5012.057627517675,42.716600529100525
C24,Ultra fijo 1c + oro Robust,2c Ultra escalones 750/1500,10100.0,0,costo +1 tick,3343.0898675309295,0.0,3.1666666666666665,1.0416666666666667,29.45138888888889,5037.0125543601025,67.19301146384478
C24,Ultra fijo 1c + oro Robust,2c Ultra escalones 750/1500,10100.0,12,costo +1 tick,1797.9091940268324,0.0,6.340277777777778,1.7152777777777777,17.305555555555557,4233.775189680894,44.42515432098765
C24,Ultra fijo 1c + oro Robust,1c WR70Plus,5100.0,0,historia,1147.2885822901571,0.0,2.0902777777777777,0.5555555555555556,18.055555555555557,1521.2964443465228,77.21285273368606
C24,Ultra fijo 1c + oro Robust,1c WR70Plus,5100.0,0,Monte Carlo,1075.7820799651147,3.8,2.382,0.583,17.29,1396.7150754370336,79.25357142857142
C24,Ultra fijo 1c + oro Robust,1c WR70Plus,5100.0,12,historia,769.4369383774974,0.0,3.798611111111111,1.1527777777777777,11.881944444444445,1338.53229251329,61.19653880070547
C24,Ultra fijo 1c + oro Robust,1c WR70Plus,5100.0,12,Monte Carlo,728.631427938668,3.8,3.691,0.747,12.133,1123.3445227730374,69.16150793650795
C24,Ultra fijo 1c + oro Robust,1c WR70Plus,6100.0,0,historia,1146.4636912878466,0.0,1.8194444444444444,0.2847222222222222,18.604166666666668,1449.0782921399496,80.75947971781304
C24,Ultra fijo 1c + oro Robust,1c WR70Plus,6100.0,0,Monte Carlo,1008.5350386174678,4.9,2.307,0.533,16.246,1302.5458490411027,79.7452380952381
C24,Ultra fijo 1c + oro Robust,1c WR70Plus,6100.0,12,historia,733.8517382567128,0.0,3.75,0.7361111111111112,12.118055555555555,1224.6386429526958,63.93022486772487
C24,Ultra fijo 1c + oro Robust,1c WR70Plus,6100.0,12,Monte Carlo,673.7446198948224,4.9,3.515,0.682,11.279,1018.9987089993048,70.63134920634921
C24,Ultra fijo 1c + oro Robust,1c WR70Plus,7100.0,0,historia,1071.4636912878466,0.0,1.8194444444444444,0.2847222222222222,17.243055555555557,1356.2099375367968,80.75947971781304
C24,Ultra fijo 1c + oro Robust,1c WR70Plus,7100.0,0,Monte Carlo,939.4965802564462,6.9,2.279,0.511,15.178,1211.557735200058,80.00555555555556
C24,Ultra fijo 1c + oro Robust,1c WR70Plus,7100.0,12,historia,709.1635861218529,0.0,3.8472222222222223,0.6041666666666666,11.583333333333334,1196.209471058585,63.492063492063494
C24,Ultra fijo 1c + oro Robust,1c WR70Plus,7100.0,12,Monte Carlo,629.0199022637685,6.9,3.392,0.652,10.558,939.1994740509274,71.69920634920634
C24,Ultra fijo 1c + oro Robust,1c WR70Plus,8100.0,0,historia,996.4636912878465,0.0,1.8194444444444444,0.2847222222222222,16.03472222222222,1263.341582933644,80.75947971781304
C24,Ultra fijo 1c + oro Robust,1c WR70Plus,8100.0,0,Monte Carlo,869.9400743539412,8.3,2.27,0.505,14.076,1123.618276215601,80.06626984126984
C24,Ultra fijo 1c + oro Robust,1c WR70Plus,8100.0,12,historia,709.7517710962229,0.0,3.5208333333333335,0.5625,11.291666666666666,1177.5309664064803,64.18650793650794
C24,Ultra fijo 1c + oro Robust,1c WR70Plus,8100.0,12,Monte Carlo,586.5975286643665,8.3,3.289,0.633,9.87,867.4751523920503,72.58174603174604
C24,Ultra fijo 1c + oro Robust,1c WR70Plus,10100.0,0,historia,846.4636912878465,0.6944444444444444,1.8194444444444444,0.2847222222222222,14.083333333333334,1077.6048737273381,80.75947971781304
C24,Ultra fijo 1c + oro Robust,1c WR70Plus,10100.0,0,Monte Carlo,733.7689024256944,13.200000000000001,2.268,0.503,11.944,953.3093474618453,80.08333333333333
C24,Ultra fijo 1c + oro Robust,1c WR70Plus,10100.0,12,historia,643.2382644581022,0.6944444444444444,3.638888888888889,0.6041666666666666,10.756944444444445,1036.570524732504,66.64737654320987
C24,Ultra fijo 1c + oro Robust,1c WR70Plus,10100.0,12,Monte Carlo,509.2892077353875,13.200000000000001,3.061,0.597,8.595,739.1134746567874,74.32380952380952
C24,Ultra fijo 1c + oro Robust,1c WR70Plus,5100.0,0,costo +1 tick,1063.4785376055372,0.0,2.2083333333333335,0.5694444444444444,16.04861111111111,1462.9449059872209,74.66931216931216
C24,Ultra fijo 1c + oro Robust,1c WR70Plus,5100.0,12,costo +1 tick,741.5571404226399,0.0,4.048611111111111,1.125,11.38888888888889,1392.839445007573,57.04365079365079
C24,Ultra fijo 1c + oro Robust,1c WR70Plus,6100.0,0,costo +1 tick,1061.2259664638175,0.0,1.9583333333333333,0.3194444444444444,16.34722222222222,1373.4336910098557,79.13359788359787
C24,Ultra fijo 1c + oro Robust,1c WR70Plus,6100.0,12,costo +1 tick,722.3802800755808,0.0,4.194444444444445,0.5833333333333334,11.541666666666666,1281.7597638437937,60.63988095238095
C24,Ultra fijo 1c + oro Robust,1c WR70Plus,7100.0,0,costo +1 tick,986.1359669470125,0.6944444444444444,1.9583333333333333,0.3194444444444444,15.194444444444445,1278.5435286451175,79.13359788359787
C24,Ultra fijo 1c + oro Robust,1c WR70Plus,7100.0,12,costo +1 tick,703.0515053074669,0.6944444444444444,4.069444444444445,0.6180555555555556,11.194444444444445,1193.129946291512,63.38734567901235
C24,Ultra fijo 1c + oro Robust,1c WR70Plus,8100.0,0,costo +1 tick,911.3532582842641,0.6944444444444444,1.9583333333333333,0.3194444444444444,14.32638888888889,1184.0416853537884,79.13359788359787
C24,Ultra fijo 1c + oro Robust,1c WR70Plus,8100.0,12,costo +1 tick,692.3282048838006,0.6944444444444444,3.9791666666666665,0.6388888888888888,11.0625,1167.6992564225718,63.748346560846564
C24,Ultra fijo 1c + oro Robust,1c WR70Plus,10100.0,0,costo +1 tick,762.246083710922,1.3888888888888888,1.9583333333333333,0.3194444444444444,12.25,995.6170736071159,79.13359788359787
C24,Ultra fijo 1c + oro Robust,1c WR70Plus,10100.0,12,costo +1 tick,635.8475308481189,1.3888888888888888,3.3958333333333335,0.4791666666666667,10.36111111111111,985.896729079298,69.00077160493828
C24,WR70Plus fijo 1c + oro WinRate,1c Ultra,5100.0,0,historia,1695.9626965249026,0.0,2.3402777777777777,0.8402777777777778,23.09027777777778,2588.0533409680556,66.71351410934744
C24,WR70Plus fijo 1c + oro WinRate,1c Ultra,5100.0,0,Monte Carlo,1709.931084825055,4.3999999999999995,2.467,0.676,23.61,2416.483192663712,72.09682539682541
C24,WR70Plus fijo 1c + oro WinRate,1c Ultra,5100.0,12,historia,952.8294205772655,0.0,3.798611111111111,1.2013888888888888,14.416666666666666,1886.3285810384639,53.14704585537918
C24,WR70Plus fijo 1c + oro WinRate,1c Ultra,5100.0,12,Monte Carlo,1013.6591561022123,4.3999999999999995,4.061,0.891,14.412,1910.2623771602177,55.84523809523809
C24,WR70Plus fijo 1c + oro WinRate,1c Ultra,6100.0,0,historia,1683.8876595935335,0.0,2.0694444444444446,0.5694444444444444,23.15277777777778,2404.252687086824,71.16402116402118
C24,WR70Plus fijo 1c + oro WinRate,1c Ultra,6100.0,0,Monte Carlo,1649.9468532309218,5.2,2.389,0.622,22.773,2309.8609165782095,72.78373015873017
C24,WR70Plus fijo 1c + oro WinRate,1c Ultra,6100.0,12,historia,829.2487268039473,0.0,3.9305555555555554,1.2291666666666667,12.715277777777779,1715.8593180274706,51.32550705467372
C24,WR70Plus fijo 1c + oro WinRate,1c Ultra,6100.0,12,Monte Carlo,952.2900335905075,5.2,3.957,0.854,13.523,1759.9295916700255,57.051190476190484
C24,WR70Plus fijo 1c + oro WinRate,1c Ultra,7100.0,0,historia,1608.8876595935335,0.0,2.0694444444444446,0.5694444444444444,22.34722222222222,2298.8623525143335,71.16402116402118
C24,WR70Plus fijo 1c + oro WinRate,1c Ultra,7100.0,0,Monte Carlo,1588.1236863922277,6.0,2.332,0.58,21.921,2207.240152656894,73.33293650793651
C24,WR70Plus fijo 1c + oro WinRate,1c Ultra,7100.0,12,historia,824.5951307209554,0.0,3.763888888888889,1.0347222222222223,12.395833333333334,1608.0061918662286,54.34303350970018
C24,WR70Plus fijo 1c + oro WinRate,1c Ultra,7100.0,12,Monte Carlo,904.7292234042328,6.0,3.82,0.802,12.885,1640.4916593219914,58.19642857142857
C24,WR70Plus fijo 1c + oro WinRate,1c Ultra,8100.0,0,historia,1533.8876595935337,0.0,2.0694444444444446,0.5694444444444444,21.041666666666668,2193.4720179418428,71.16402116402118
C24,WR70Plus fijo 1c + oro WinRate,1c Ultra,8100.0,0,Monte Carlo,1520.0747294555504,7.000000000000001,2.309,0.567,20.971,2108.330885880651,73.53134920634922
C24,WR70Plus fijo 1c + oro WinRate,1c Ultra,8100.0,12,historia,829.5929135503593,0.0,3.576388888888889,0.8402777777777778,12.055555555555555,1519.9647587303655,57.65817901234568
C24,WR70Plus fijo 1c + oro WinRate,1c Ultra,8100.0,12,Monte Carlo,857.4595775048574,7.000000000000001,3.725,0.784,12.204,1524.5623049324652,59.43968253968254
C24,WR70Plus fijo 1c + oro WinRate,1c Ultra,10100.0,0,historia,1383.8876595935335,0.0,2.0694444444444446,0.5694444444444444,18.666666666666668,1982.6913487968611,71.16402116402118
C24,WR70Plus fijo 1c + oro WinRate,1c Ultra,10100.0,0,Monte Carlo,1381.9223935681978,8.9,2.299,0.559,19.071,1918.2417109851256,73.60912698412699
C24,WR70Plus fijo 1c + oro WinRate,1c Ultra,10100.0,12,historia,818.3948492629661,0.0,3.7083333333333335,1.0416666666666667,11.506944444444445,1525.556970566632,56.825947971781304
C24,WR70Plus fijo 1c + oro WinRate,1c Ultra,10100.0,12,Monte Carlo,771.9252345254182,8.9,3.57,0.747,11.025,1334.5027952104679,61.3436507936508
C24,WR70Plus fijo 1c + oro WinRate,1c Ultra,5100.0,0,costo +1 tick,1583.6356126728986,0.0,2.3958333333333335,0.6944444444444444,21.430555555555557,2474.744905733463,65.25848765432097
C24,WR70Plus fijo 1c + oro WinRate,1c Ultra,5100.0,12,costo +1 tick,843.1392897103673,0.0,4.090277777777778,1.3472222222222223,12.847222222222221,1799.5559728449648,49.826388888888886
C24,WR70Plus fijo 1c + oro WinRate,1c Ultra,6100.0,0,costo +1 tick,1568.9631433707698,0.0,2.138888888888889,0.4375,21.3125,2278.446589079126,70.08928571428571
C24,WR70Plus fijo 1c + oro WinRate,1c Ultra,6100.0,12,costo +1 tick,852.8058912021143,0.0,3.826388888888889,0.8472222222222222,12.381944444444445,1666.1547589474328,54.188712522045854
C24,WR70Plus fijo 1c + oro WinRate,1c Ultra,7100.0,0,costo +1 tick,1493.9631433707698,0.0,2.138888888888889,0.4375,20.5,2171.4402196523743,70.08928571428571
C24,WR70Plus fijo 1c + oro WinRate,1c Ultra,7100.0,12,costo +1 tick,820.0667611010649,0.0,3.611111111111111,0.6736111111111112,12.11111111111111,1521.906316578116,56.98853615520282
C24,WR70Plus fijo 1c + oro WinRate,1c Ultra,8100.0,0,costo +1 tick,1418.9631433707698,0.0,2.138888888888889,0.4375,19.506944444444443,2064.433850225623,70.08928571428571
C24,WR70Plus fijo 1c + oro WinRate,1c Ultra,8100.0,12,costo +1 tick,815.6176634047871,0.0,3.6527777777777777,0.7638888888888888,11.902777777777779,1559.5498143172183,55.36265432098765
C24,WR70Plus fijo 1c + oro WinRate,1c Ultra,10100.0,0,costo +1 tick,1268.9631433707698,0.0,2.138888888888889,0.4375,16.875,1850.4211113721196,70.08928571428571
C24,WR70Plus fijo 1c + oro WinRate,1c Ultra,10100.0,12,costo +1 tick,814.1607052367043,0.0,3.6319444444444446,0.8333333333333334,11.1875,1526.1161926706782,56.46219135802469
C24,WR70Plus fijo 1c + oro WinRate,Ultra 1c -> 2c desde colchon 3000,5100.0,0,historia,2811.2365480724307,0.6944444444444444,3.2083333333333335,1.3958333333333333,24.020833333333332,4897.699425565392,58.25617283950617
C24,WR70Plus fijo 1c + oro WinRate,Ultra 1c -> 2c desde colchon 3000,5100.0,0,Monte Carlo,2579.849984630696,5.0,3.355,1.337,23.146,4165.487284156868,62.98769841269842
C24,WR70Plus fijo 1c + oro WinRate,Ultra 1c -> 2c desde colchon 3000,5100.0,12,historia,1663.999417270775,0.6944444444444444,4.534722222222222,1.4027777777777777,17.25,3587.6399434296304,48.0351631393298
C24,WR70Plus fijo 1c + oro WinRate,Ultra 1c -> 2c desde colchon 3000,5100.0,12,Monte Carlo,1604.177272535054,5.0,4.594,1.346,14.61,3332.081408779375,49.94722222222222
C24,WR70Plus fijo 1c + oro WinRate,Ultra 1c -> 2c desde colchon 3000,6100.0,0,historia,3104.6667053954466,0.6944444444444444,2.5416666666666665,1.0069444444444444,27.09027777777778,4897.163573257782,64.076278659612
C24,WR70Plus fijo 1c + oro WinRate,Ultra 1c -> 2c desde colchon 3000,6100.0,0,Monte Carlo,2672.952068010434,6.2,3.266,1.294,24.148,4269.3812152659775,63.608333333333334
C24,WR70Plus fijo 1c + oro WinRate,Ultra 1c -> 2c desde colchon 3000,6100.0,12,historia,1662.3856918421059,0.6944444444444444,4.354166666666667,1.2361111111111112,17.319444444444443,3506.146163841884,49.03824955908289
C24,WR70Plus fijo 1c + oro WinRate,Ultra 1c -> 2c desde colchon 3000,6100.0,12,Monte Carlo,1568.1438706850288,6.2,4.56,1.33,14.412,3250.7316439042015,50.074999999999996
C24,WR70Plus fijo 1c + oro WinRate,Ultra 1c -> 2c desde colchon 3000,7100.0,0,historia,3105.9276635146803,0.6944444444444444,2.5416666666666665,1.0069444444444444,28.291666666666668,4870.018599188607,64.45932539682539
C24,WR70Plus fijo 1c + oro WinRate,Ultra 1c -> 2c desde colchon 3000,7100.0,0,Monte Carlo,2918.6078562391044,6.7,2.877,0.986,26.139,4364.489125152348,67.73412698412699
C24,WR70Plus fijo 1c + oro WinRate,Ultra 1c -> 2c desde colchon 3000,7100.0,12,historia,1542.7085648021211,0.6944444444444444,4.319444444444445,1.2569444444444444,16.84027777777778,3311.9816459045414,48.28593474426808
C24,WR70Plus fijo 1c + oro WinRate,Ultra 1c -> 2c desde colchon 3000,7100.0,12,Monte Carlo,1585.1144837921063,6.7,4.402,1.144,14.425,3160.210119057735,51.980952380952374
C24,WR70Plus fijo 1c + oro WinRate,Ultra 1c -> 2c desde colchon 3000,8100.0,0,historia,3140.30968552,0.6944444444444444,2.5416666666666665,1.0069444444444444,28.53472222222222,4865.531280077306,65.2254188712522
C24,WR70Plus fijo 1c + oro WinRate,Ultra 1c -> 2c desde colchon 3000,8100.0,0,Monte Carlo,2989.587515380494,6.800000000000001,2.743,0.887,26.745,4380.3379671706325,69.06944444444444
C24,WR70Plus fijo 1c + oro WinRate,Ultra 1c -> 2c desde colchon 3000,8100.0,12,historia,1485.4846124162275,0.6944444444444444,4.3125,1.2569444444444444,16.52777777777778,3014.530608014658,51.149140211640216
C24,WR70Plus fijo 1c + oro WinRate,Ultra 1c -> 2c desde colchon 3000,8100.0,12,Monte Carlo,1565.5160406902553,6.800000000000001,4.332,1.113,14.145,3080.554376032918,52.65912698412698
C24,WR70Plus fijo 1c + oro WinRate,Ultra 1c -> 2c desde colchon 3000,10100.0,0,historia,3145.7429852710834,0.6944444444444444,2.1666666666666665,0.6319444444444444,28.944444444444443,4546.872945267531,69.80820105820105
C24,WR70Plus fijo 1c + oro WinRate,Ultra 1c -> 2c desde colchon 3000,10100.0,0,Monte Carlo,3001.615386877092,8.3,2.57,0.748,26.87,4285.260139127615,70.82976190476191
C24,WR70Plus fijo 1c + oro WinRate,Ultra 1c -> 2c desde colchon 3000,10100.0,12,historia,1301.3299488698992,0.6944444444444444,4.034722222222222,1.0694444444444444,14.041666666666666,2681.046387199416,50.50705467372134
C24,WR70Plus fijo 1c + oro WinRate,Ultra 1c -> 2c desde colchon 3000,10100.0,12,Monte Carlo,1480.535793556619,8.3,4.245,1.035,13.427,2854.399204910096,53.81428571428571
C24,WR70Plus fijo 1c + oro WinRate,Ultra 1c -> 2c desde colchon 3000,5100.0,0,costo +1 tick,2640.3799123580816,0.0,3.2222222222222223,1.2361111111111112,22.98611111111111,4703.513445093257,57.0326278659612
C24,WR70Plus fijo 1c + oro WinRate,Ultra 1c -> 2c desde colchon 3000,5100.0,12,costo +1 tick,1576.9397650433912,0.0,4.458333333333333,1.1597222222222223,16.84722222222222,3369.5226956955644,48.53119488536155
C24,WR70Plus fijo 1c + oro WinRate,Ultra 1c -> 2c desde colchon 3000,6100.0,0,costo +1 tick,2855.9343796632916,0.0,2.826388888888889,0.8333333333333334,25.27777777777778,4489.118057268399,64.44279100529101
C24,WR70Plus fijo 1c + oro WinRate,Ultra 1c -> 2c desde colchon 3000,6100.0,12,costo +1 tick,1543.4656425353558,0.0,4.291666666666667,0.8888888888888888,16.72222222222222,3039.7374966654265,52.623456790123456
C24,WR70Plus fijo 1c + oro WinRate,Ultra 1c -> 2c desde colchon 3000,7100.0,0,costo +1 tick,2798.0981265036044,0.0,2.548611111111111,0.8333333333333334,24.3125,4459.13478927883,63.49757495590829
C24,WR70Plus fijo 1c + oro WinRate,Ultra 1c -> 2c desde colchon 3000,7100.0,12,costo +1 tick,1443.4504524772917,0.0,3.7222222222222223,0.9513888888888888,15.07638888888889,2971.687724027,50.21219135802469
C24,WR70Plus fijo 1c + oro WinRate,Ultra 1c -> 2c desde colchon 3000,8100.0,0,costo +1 tick,2936.7785963225147,0.0,2.548611111111111,0.8333333333333334,26.03472222222222,4680.991127181386,63.45072751322751
C24,WR70Plus fijo 1c + oro WinRate,Ultra 1c -> 2c desde colchon 3000,8100.0,12,costo +1 tick,1402.4793787023536,0.0,4.069444444444445,0.9722222222222222,15.277777777777779,2898.661857679489,50.22045855379189
C24,WR70Plus fijo 1c + oro WinRate,Ultra 1c -> 2c desde colchon 3000,10100.0,0,costo +1 tick,2935.554315843074,0.0,2.1805555555555554,0.4652777777777778,26.6875,4269.126930474836,69.43066578483246
C24,WR70Plus fijo 1c + oro WinRate,Ultra 1c -> 2c desde colchon 3000,10100.0,12,costo +1 tick,1245.3656008229211,0.0,3.7847222222222223,0.7777777777777778,13.444444444444445,2474.0005224378538,52.339616402116405
C24,WR70Plus fijo 1c + oro WinRate,Ultra 1c -> 2c desde colchon 4000,5100.0,0,historia,2663.1279452274243,0.0,2.75,0.9583333333333334,22.97222222222222,4212.515542403027,64.0735229276896
C24,WR70Plus fijo 1c + oro WinRate,Ultra 1c -> 2c desde colchon 4000,5100.0,0,Monte Carlo,2456.1508437819084,4.7,2.951,1.038,21.447,3725.2209289538637,66.96944444444445
C24,WR70Plus fijo 1c + oro WinRate,Ultra 1c -> 2c desde colchon 4000,5100.0,12,historia,1543.3825182867267,0.0,4.326388888888889,1.1388888888888888,15.375,3164.0488187241817,50.567680776014114
C24,WR70Plus fijo 1c + oro WinRate,Ultra 1c -> 2c desde colchon 4000,5100.0,12,Monte Carlo,1570.3502541984635,4.7,4.226,1.125,13.835,3029.278037017413,53.66428571428572
C24,WR70Plus fijo 1c + oro WinRate,Ultra 1c -> 2c desde colchon 4000,6100.0,0,historia,2882.27479100426,0.0,2.375,0.8402777777777778,25.479166666666668,4393.448930555733,66.31117724867724
C24,WR70Plus fijo 1c + oro WinRate,Ultra 1c -> 2c desde colchon 4000,6100.0,0,Monte Carlo,2745.7327829041883,5.3,2.731,0.885,24.404,4020.447102470763,69.18293650793652
C24,WR70Plus fijo 1c + oro WinRate,Ultra 1c -> 2c desde colchon 4000,6100.0,12,historia,1496.4795947397197,0.0,3.9652777777777777,1.1111111111111112,16.03472222222222,2970.805188701684,52.11915784832451
C24,WR70Plus fijo 1c + oro WinRate,Ultra 1c -> 2c desde colchon 4000,6100.0,12,Monte Carlo,1586.3199227734488,5.3,4.207,1.031,14.331,3056.9909207333785,53.69206349206349
C24,WR70Plus fijo 1c + oro WinRate,Ultra 1c -> 2c desde colchon 4000,7100.0,0,historia,2963.4116932367833,0.0,2.5347222222222223,0.9583333333333334,25.993055555555557,4575.430805527913,65.49272486772486
C24,WR70Plus fijo 1c + oro WinRate,Ultra 1c -> 2c desde colchon 4000,7100.0,0,Monte Carlo,2883.1328730938835,5.7,2.629,0.806,25.808,4144.007040022425,70.40357142857142
C24,WR70Plus fijo 1c + oro WinRate,Ultra 1c -> 2c desde colchon 4000,7100.0,12,historia,1458.6571930635857,0.0,4.118055555555555,1.1666666666666667,15.659722222222221,2889.8474818033696,52.339616402116405
C24,WR70Plus fijo 1c + oro WinRate,Ultra 1c -> 2c desde colchon 4000,7100.0,12,Monte Carlo,1567.518772214381,5.7,4.183,1.0,14.206,2996.1674955697545,54.144047619047626
C24,WR70Plus fijo 1c + oro WinRate,Ultra 1c -> 2c desde colchon 4000,8100.0,0,historia,3107.966922565191,0.0,2.1180555555555554,0.5833333333333334,28.52777777777778,4429.079782260155,70.79750881834215
C24,WR70Plus fijo 1c + oro WinRate,Ultra 1c -> 2c desde colchon 4000,8100.0,0,Monte Carlo,2970.6881614689755,6.2,2.503,0.708,26.534,4199.513988970475,71.51865079365079
C24,WR70Plus fijo 1c + oro WinRate,Ultra 1c -> 2c desde colchon 4000,8100.0,12,historia,1391.4700708068078,0.0,4.041666666666667,1.0208333333333333,14.8125,2850.365451894575,50.67239858906525
C24,WR70Plus fijo 1c + oro WinRate,Ultra 1c -> 2c desde colchon 4000,8100.0,12,Monte Carlo,1541.448709658798,6.2,4.136,0.943,13.911,2914.541972020391,54.74484126984127
C24,WR70Plus fijo 1c + oro WinRate,Ultra 1c -> 2c desde colchon 4000,10100.0,0,historia,3103.357023946334,0.0,2.1180555555555554,0.5833333333333334,28.29861111111111,4422.568396908045,70.79750881834215
C24,WR70Plus fijo 1c + oro WinRate,Ultra 1c -> 2c desde colchon 4000,10100.0,0,Monte Carlo,2982.618672482268,7.3999999999999995,2.428,0.652,26.69,4173.603331001179,72.22500000000001
C24,WR70Plus fijo 1c + oro WinRate,Ultra 1c -> 2c desde colchon 4000,10100.0,12,historia,1247.359632302876,0.0,3.5347222222222223,0.8333333333333334,13.48611111111111,2350.290859510678,55.04023368606702
C24,WR70Plus fijo 1c + oro WinRate,Ultra 1c -> 2c desde colchon 4000,10100.0,12,Monte Carlo,1476.0754574965715,7.3999999999999995,4.071,0.919,13.339,2751.746485563683,55.57698412698412
C24,WR70Plus fijo 1c + oro WinRate,Ultra 1c -> 2c desde colchon 4000,5100.0,0,costo +1 tick,2398.521666264313,0.0,2.798611111111111,0.8125,20.791666666666668,3893.6437640625427,62.541335978835974
C24,WR70Plus fijo 1c + oro WinRate,Ultra 1c -> 2c desde colchon 4000,5100.0,12,costo +1 tick,1387.87124221049,0.0,4.013888888888889,0.9583333333333334,14.145833333333334,2758.09918407125,52.22387566137566
C24,WR70Plus fijo 1c + oro WinRate,Ultra 1c -> 2c desde colchon 4000,6100.0,0,costo +1 tick,2610.728733546094,0.0,2.8472222222222223,0.8125,22.895833333333332,4081.4634618748955,64.87819664902997
C24,WR70Plus fijo 1c + oro WinRate,Ultra 1c -> 2c desde colchon 4000,6100.0,12,costo +1 tick,1388.1887886413824,0.0,4.243055555555555,0.9236111111111112,15.125,2786.9487052994195,51.80224867724868
C24,WR70Plus fijo 1c + oro WinRate,Ultra 1c -> 2c desde colchon 4000,7100.0,0,costo +1 tick,2655.678289261902,0.0,2.5902777777777777,0.8125,23.104166666666668,4205.042428295385,63.960537918871246
C24,WR70Plus fijo 1c + oro WinRate,Ultra 1c -> 2c desde colchon 4000,7100.0,12,costo +1 tick,1350.3281767382668,0.0,3.8402777777777777,0.9027777777777778,14.70138888888889,2599.5575611210793,53.87731481481482
C24,WR70Plus fijo 1c + oro WinRate,Ultra 1c -> 2c desde colchon 4000,8100.0,0,costo +1 tick,2624.4107508915445,0.0,2.423611111111111,0.6944444444444444,22.47222222222222,3987.311063101492,66.61430776014109
C24,WR70Plus fijo 1c + oro WinRate,Ultra 1c -> 2c desde colchon 4000,8100.0,12,costo +1 tick,1322.8545416989814,0.0,3.8680555555555554,1.125,12.555555555555555,2503.1477378922523,54.86937830687831
C24,WR70Plus fijo 1c + oro WinRate,Ultra 1c -> 2c desde colchon 4000,10100.0,0,costo +1 tick,2854.7391829369244,0.0,2.173611111111111,0.4444444444444444,25.666666666666668,4125.418416876902,69.88811728395062
C24,WR70Plus fijo 1c + oro WinRate,Ultra 1c -> 2c desde colchon 4000,10100.0,12,costo +1 tick,1280.9071099939167,0.0,4.138888888888889,0.9930555555555556,12.659722222222221,2699.8756803086967,49.448853615520285
C24,WR70Plus fijo 1c + oro WinRate,2c Ultra escalones 750/1500,5100.0,0,historia,2610.1956896848146,0.0,4.604166666666667,2.3680555555555554,22.54861111111111,7573.045653898293,35.26234567901235
C24,WR70Plus fijo 1c + oro WinRate,2c Ultra escalones 750/1500,5100.0,0,Monte Carlo,2352.465158043623,10.9,5.085,2.563,21.309,5353.072331544777,45.18888888888889
C24,WR70Plus fijo 1c + oro WinRate,2c Ultra escalones 750/1500,5100.0,12,historia,2036.3589621674134,0.0,5.756944444444445,2.0416666666666665,18.354166666666668,7370.261327222382,28.65134479717813
C24,WR70Plus fijo 1c + oro WinRate,2c Ultra escalones 750/1500,5100.0,12,Monte Carlo,1488.398148458894,10.9,6.158,2.548,13.721,4603.267623052954,34.08373015873016
C24,WR70Plus fijo 1c + oro WinRate,2c Ultra escalones 750/1500,6100.0,0,historia,3743.5272626788524,0.0,2.8819444444444446,1.0138888888888888,34.020833333333336,6095.392133094497,62.03428130511464
C24,WR70Plus fijo 1c + oro WinRate,2c Ultra escalones 750/1500,6100.0,0,Monte Carlo,2540.4044885429703,11.5,4.64,2.231,23.059,5233.874791299993,49.69761904761904
C24,WR70Plus fijo 1c + oro WinRate,2c Ultra escalones 750/1500,6100.0,12,historia,1852.2591302699514,0.0,5.479166666666667,1.6111111111111112,18.520833333333332,4785.859084126405,40.20061728395062
C24,WR70Plus fijo 1c + oro WinRate,2c Ultra escalones 750/1500,6100.0,12,Monte Carlo,1489.6111911143619,11.5,5.978,2.35,13.742,4346.775727072703,36.06865079365079
C24,WR70Plus fijo 1c + oro WinRate,2c Ultra escalones 750/1500,7100.0,0,historia,3640.59341359845,0.0,2.8819444444444446,1.0138888888888888,32.94444444444444,5818.574925573695,63.21649029982363
C24,WR70Plus fijo 1c + oro WinRate,2c Ultra escalones 750/1500,7100.0,0,Monte Carlo,2750.7514578154246,12.0,4.147,1.871,24.843,5145.492457648677,54.513888888888886
C24,WR70Plus fijo 1c + oro WinRate,2c Ultra escalones 750/1500,7100.0,12,historia,1810.1323141828727,0.0,5.472222222222222,1.5972222222222223,18.21527777777778,4517.938164421602,41.65013227513227
C24,WR70Plus fijo 1c + oro WinRate,2c Ultra escalones 750/1500,7100.0,12,Monte Carlo,1498.3092878698028,12.0,5.773,2.135,13.81,4123.425117932196,38.168253968253964
C24,WR70Plus fijo 1c + oro WinRate,2c Ultra escalones 750/1500,8100.0,0,historia,3561.2428592381652,0.0,2.611111111111111,1.0138888888888888,32.63194444444444,5687.447814997147,63.21649029982363
C24,WR70Plus fijo 1c + oro WinRate,2c Ultra escalones 750/1500,8100.0,0,Monte Carlo,2856.6526313382624,12.6,3.834,1.638,25.803,5060.952204293536,57.43611111111111
C24,WR70Plus fijo 1c + oro WinRate,2c Ultra escalones 750/1500,8100.0,12,historia,1703.4718471467497,0.0,5.1875,1.6319444444444444,17.79861111111111,4229.6798966415245,41.87885802469136
C24,WR70Plus fijo 1c + oro WinRate,2c Ultra escalones 750/1500,8100.0,12,Monte Carlo,1473.8484276837826,12.6,5.658,2.022,13.642,3921.0316624076518,39.476190476190474
C24,WR70Plus fijo 1c + oro WinRate,2c Ultra escalones 750/1500,10100.0,0,historia,3400.0052924045813,0.0,2.4930555555555554,0.8958333333333334,30.97222222222222,5257.154345014664,65.29431216931216
C24,WR70Plus fijo 1c + oro WinRate,2c Ultra escalones 750/1500,10100.0,0,Monte Carlo,2890.054466135963,13.600000000000001,3.503,1.377,26.1,4823.31273081031,60.8686507936508
C24,WR70Plus fijo 1c + oro WinRate,2c Ultra escalones 750/1500,10100.0,12,historia,1629.1917654748313,0.0,4.409722222222222,1.2152777777777777,17.479166666666668,3564.1167851849013,47.329695767195766
C24,WR70Plus fijo 1c + oro WinRate,2c Ultra escalones 750/1500,10100.0,12,Monte Carlo,1404.9796088205974,13.600000000000001,5.464,1.894,13.068,3552.249044536008,41.56428571428572
C24,WR70Plus fijo 1c + oro WinRate,2c Ultra escalones 750/1500,5100.0,0,costo +1 tick,1850.9283092916012,2.7777777777777777,5.0625,2.2916666666666665,17.645833333333332,6469.220707418042,29.635141093474427
C24,WR70Plus fijo 1c + oro WinRate,2c Ultra escalones 750/1500,5100.0,12,costo +1 tick,1692.8701795019485,2.7777777777777777,5.673611111111111,1.7152777777777777,16.32638888888889,6955.691731615871,25.40509259259259
C24,WR70Plus fijo 1c + oro WinRate,2c Ultra escalones 750/1500,6100.0,0,costo +1 tick,2929.7936988135184,2.083333333333333,3.1875,1.1041666666666667,27.70138888888889,5180.881023521114,57.355048500881836
C24,WR70Plus fijo 1c + oro WinRate,2c Ultra escalones 750/1500,6100.0,12,costo +1 tick,1571.3268171767395,2.083333333333333,5.4375,1.2152777777777777,17.34027777777778,4311.165174807198,38.09799382716049
C24,WR70Plus fijo 1c + oro WinRate,2c Ultra escalones 750/1500,7100.0,0,costo +1 tick,2866.01371083657,3.4722222222222223,3.1875,1.1041666666666667,27.03472222222222,4909.283419663958,59.22894620811288
C24,WR70Plus fijo 1c + oro WinRate,2c Ultra escalones 750/1500,7100.0,12,costo +1 tick,1515.1242888777344,3.4722222222222223,5.430555555555555,1.2291666666666667,17.09722222222222,3916.116763831489,40.503747795414455
C24,WR70Plus fijo 1c + oro WinRate,2c Ultra escalones 750/1500,8100.0,0,costo +1 tick,2767.145389045831,3.4722222222222223,2.9097222222222223,1.1041666666666667,26.118055555555557,4807.803092509098,58.34711199294533
C24,WR70Plus fijo 1c + oro WinRate,2c Ultra escalones 750/1500,8100.0,12,costo +1 tick,1461.7272836047189,3.4722222222222223,4.798611111111111,1.2361111111111112,16.506944444444443,3590.1996669120667,42.463073192239854
C24,WR70Plus fijo 1c + oro WinRate,2c Ultra escalones 750/1500,10100.0,0,costo +1 tick,2628.3914712018436,4.166666666666666,2.7916666666666665,0.9861111111111112,24.86111111111111,4337.495568825858,61.439043209876544
C24,WR70Plus fijo 1c + oro WinRate,2c Ultra escalones 750/1500,10100.0,12,costo +1 tick,1380.7206507916806,4.166666666666666,4.722222222222222,1.2361111111111112,15.541666666666666,3141.989854497509,45.91049382716049
C24,WR70Plus fijo 1c + oro WinRate,1c WR70Plus,5100.0,0,historia,1101.646146459491,0.0,1.8819444444444444,0.3819444444444444,17.51388888888889,1550.4560835630507,72.64109347442681
C24,WR70Plus fijo 1c + oro WinRate,1c WR70Plus,5100.0,0,Monte Carlo,984.9358205961784,7.3,2.303,0.55,15.861,1379.9107620904826,73.56031746031746
C24,WR70Plus fijo 1c + oro WinRate,1c WR70Plus,5100.0,12,historia,730.2677439080344,0.0,3.3541666666666665,0.7013888888888888,11.458333333333334,1354.177242272102,57.16765873015873
C24,WR70Plus fijo 1c + oro WinRate,1c WR70Plus,5100.0,12,Monte Carlo,657.5062029838006,7.3,3.406,0.681,10.984,1112.235931500476,63.12222222222223
C24,WR70Plus fijo 1c + oro WinRate,1c WR70Plus,6100.0,0,historia,1100.867352227149,0.0,1.6111111111111112,0.1111111111111111,17.944444444444443,1472.607461121235,76.18772045855378
C24,WR70Plus fijo 1c + oro WinRate,1c WR70Plus,6100.0,0,Monte Carlo,919.7576432292699,8.9,2.244,0.513,14.82,1279.7283749539906,74.1654761904762
C24,WR70Plus fijo 1c + oro WinRate,1c WR70Plus,6100.0,12,historia,714.7474640991953,0.0,3.2291666666666665,0.5069444444444444,12.006944444444445,1282.8590565185448,59.00848765432099
C24,WR70Plus fijo 1c + oro WinRate,1c WR70Plus,6100.0,12,Monte Carlo,613.4747294942697,8.9,3.251,0.633,10.264,1013.9796904502467,64.69642857142857
C24,WR70Plus fijo 1c + oro WinRate,1c WR70Plus,7100.0,0,historia,1025.867352227149,0.0,1.6111111111111112,0.1111111111111111,16.770833333333332,1374.1664006083404,76.18772045855378
C24,WR70Plus fijo 1c + oro WinRate,1c WR70Plus,7100.0,0,Monte Carlo,853.1768349861701,10.0,2.222,0.495,13.774,1185.671754811797,74.40912698412698
C24,WR70Plus fijo 1c + oro WinRate,1c WR70Plus,7100.0,12,historia,694.1948340234934,0.0,2.923611111111111,0.3263888888888889,11.61111111111111,1212.8766604474092,60.38910934744268
C24,WR70Plus fijo 1c + oro WinRate,1c WR70Plus,7100.0,12,Monte Carlo,572.1357146080892,10.0,3.163,0.601,9.585,935.6091855297735,65.57420634920635
C24,WR70Plus fijo 1c + oro WinRate,1c WR70Plus,8100.0,0,historia,950.8673522271491,0.0,1.6111111111111112,0.1111111111111111,15.534722222222221,1275.7253400954455,76.18772045855378
C24,WR70Plus fijo 1c + oro WinRate,1c WR70Plus,8100.0,0,Monte Carlo,786.10211952281,12.1,2.214,0.49,12.764,1094.564897361862,74.46507936507935
C24,WR70Plus fijo 1c + oro WinRate,1c WR70Plus,8100.0,12,historia,680.290236017439,0.0,2.7708333333333335,0.19444444444444445,11.270833333333334,1169.1490595593898,61.28747795414463
C24,WR70Plus fijo 1c + oro WinRate,1c WR70Plus,8100.0,12,Monte Carlo,533.975907378451,12.1,3.055,0.579,8.997,863.457211439409,66.47063492063492
C24,WR70Plus fijo 1c + oro WinRate,1c WR70Plus,10100.0,0,historia,800.8673522271491,0.0,1.6111111111111112,0.1111111111111111,13.041666666666666,1078.8432190696562,76.18772045855378
C24,WR70Plus fijo 1c + oro WinRate,1c WR70Plus,10100.0,0,Monte Carlo,658.0496837828318,20.200000000000003,2.212,0.488,10.751,922.2030209628585,74.49444444444444
C24,WR70Plus fijo 1c + oro WinRate,1c WR70Plus,10100.0,12,historia,648.1820893808647,0.0,2.9652777777777777,0.1597222222222222,10.48611111111111,1077.9663867271825,63.72905643738977
C24,WR70Plus fijo 1c + oro WinRate,1c WR70Plus,10100.0,12,Monte Carlo,464.42610569930866,20.200000000000003,2.867,0.547,7.863,731.0508353632821,68.65952380952382
C24,WR70Plus fijo 1c + oro WinRate,1c WR70Plus,5100.0,0,costo +1 tick,990.5563833740574,0.0,2.076388888888889,0.3611111111111111,15.25,1460.940426436085,69.66214726631394
C24,WR70Plus fijo 1c + oro WinRate,1c WR70Plus,5100.0,12,costo +1 tick,710.3320882574827,0.0,3.5694444444444446,0.6666666666666666,11.041666666666666,1435.6513623562862,52.73093033509701
C24,WR70Plus fijo 1c + oro WinRate,1c WR70Plus,6100.0,0,costo +1 tick,980.3657300289582,0.0,1.8194444444444444,0.10416666666666667,15.194444444444445,1375.0688909921068,73.02689594356261
C24,WR70Plus fijo 1c + oro WinRate,1c WR70Plus,6100.0,12,costo +1 tick,703.4877895539006,0.0,3.1875,0.2916666666666667,11.229166666666666,1300.759435630956,57.288910934744266
C24,WR70Plus fijo 1c + oro WinRate,1c WR70Plus,7100.0,0,costo +1 tick,905.3657300289583,0.0,1.8194444444444444,0.10416666666666667,14.208333333333334,1272.3670041996543,73.02689594356261
C24,WR70Plus fijo 1c + oro WinRate,1c WR70Plus,7100.0,12,costo +1 tick,669.8763814476353,0.0,3.076388888888889,0.18055555555555555,10.930555555555555,1232.9096756122572,57.59755291005291
C24,WR70Plus fijo 1c + oro WinRate,1c WR70Plus,8100.0,0,costo +1 tick,830.3657300289583,0.0,1.8194444444444444,0.10416666666666667,12.965277777777779,1169.6651174072015,73.02689594356261
C24,WR70Plus fijo 1c + oro WinRate,1c WR70Plus,8100.0,12,costo +1 tick,660.949874018795,0.0,3.2291666666666665,0.1597222222222222,10.63888888888889,1188.7475090093187,59.154541446208114
C24,WR70Plus fijo 1c + oro WinRate,1c WR70Plus,10100.0,0,costo +1 tick,680.7340959778538,2.7777777777777777,1.8194444444444444,0.10416666666666667,10.82638888888889,964.7657688620513,73.02689594356261
C24,WR70Plus fijo 1c + oro WinRate,1c WR70Plus,10100.0,12,costo +1 tick,599.4219885455237,2.7777777777777777,2.8541666666666665,0.1388888888888889,9.715277777777779,986.5464998864303,64.54475308641975
REAL,Estable C1200 (Ultra/Estable + oro WR x2) 1c,1c Ultra,5100.0,0,historia,1956.86446062712,0.0,1.9925925925925927,0.7037037037037037,24.985185185185184,2801.4710112348266,70.78189300411522
REAL,Estable C1200 (Ultra/Estable + oro WR x2) 1c,1c Ultra,5100.0,0,Monte Carlo,1878.436942474266,3.1,2.345,0.674,25.787,2507.3097202572208,76.14206349206349
REAL,Estable C1200 (Ultra/Estable + oro WR x2) 1c,1c Ultra,5100.0,12,historia,1123.526047127335,0.0,3.488888888888889,1.2444444444444445,15.325925925925926,2068.180278872293,56.53145208700764
REAL,Estable C1200 (Ultra/Estable + oro WR x2) 1c,1c Ultra,5100.0,12,Monte Carlo,1134.1407058316113,3.1,4.101,0.951,16.025,1958.557962622055,60.64642857142858
REAL,Estable C1200 (Ultra/Estable + oro WR x2) 1c,1c Ultra,6100.0,0,historia,1980.5571541047982,0.0,1.7555555555555555,0.4666666666666667,25.392592592592592,2650.9001004451325,75.57907113462669
REAL,Estable C1200 (Ultra/Estable + oro WR x2) 1c,1c Ultra,6100.0,0,Monte Carlo,1833.0869529545841,3.4000000000000004,2.208,0.569,25.145,2405.492067325376,77.40515873015873
REAL,Estable C1200 (Ultra/Estable + oro WR x2) 1c,1c Ultra,6100.0,12,historia,1143.246574369713,0.0,3.111111111111111,0.7777777777777778,14.703703703703704,1960.3810211261382,60.39388594944151
REAL,Estable C1200 (Ultra/Estable + oro WR x2) 1c,1c Ultra,6100.0,12,Monte Carlo,1076.5076440786304,3.4000000000000004,3.984,0.881,15.19,1825.0226146213142,61.842063492063495
REAL,Estable C1200 (Ultra/Estable + oro WR x2) 1c,1c Ultra,7100.0,0,historia,1905.5571541047982,0.0,1.7555555555555555,0.4666666666666667,24.385185185185186,2551.6662796610626,75.57907113462669
REAL,Estable C1200 (Ultra/Estable + oro WR x2) 1c,1c Ultra,7100.0,0,Monte Carlo,1770.3143412068148,3.8,2.162,0.533,24.32,2313.0056134240203,77.76031746031745
REAL,Estable C1200 (Ultra/Estable + oro WR x2) 1c,1c Ultra,7100.0,12,historia,1061.0530598351986,0.0,2.9851851851851854,0.6888888888888889,13.622222222222222,1844.2672889958828,59.650205761316876
REAL,Estable C1200 (Ultra/Estable + oro WR x2) 1c,1c Ultra,7100.0,12,Monte Carlo,1020.9567900802116,3.8,3.883,0.856,14.455,1703.157828325577,62.927777777777784
REAL,Estable C1200 (Ultra/Estable + oro WR x2) 1c,1c Ultra,8100.0,0,historia,1830.5571541047982,0.0,1.7555555555555555,0.4666666666666667,23.362962962962964,2452.4324588769928,75.57907113462669
REAL,Estable C1200 (Ultra/Estable + oro WR x2) 1c,1c Ultra,8100.0,0,Monte Carlo,1699.9070911959907,4.3999999999999995,2.15,0.524,23.36,2218.908021224699,77.87777777777778
REAL,Estable C1200 (Ultra/Estable + oro WR x2) 1c,1c Ultra,8100.0,12,historia,1006.1604738072997,0.0,3.111111111111111,0.8148148148148148,12.851851851851851,1841.86591430101,56.837154614932395
REAL,Estable C1200 (Ultra/Estable + oro WR x2) 1c,1c Ultra,8100.0,12,Monte Carlo,964.1257792941968,4.3999999999999995,3.769,0.83,13.664,1588.9037546094878,63.78214285714285
REAL,Estable C1200 (Ultra/Estable + oro WR x2) 1c,1c Ultra,10100.0,0,historia,1680.5571541047982,0.0,1.7555555555555555,0.4666666666666667,21.48148148148148,2253.964817308853,75.57907113462669
REAL,Estable C1200 (Ultra/Estable + oro WR x2) 1c,1c Ultra,10100.0,0,Monte Carlo,1558.1247167841773,5.800000000000001,2.14,0.513,21.41,2033.8118477660432,77.98769841269842
REAL,Estable C1200 (Ultra/Estable + oro WR x2) 1c,1c Ultra,10100.0,12,historia,947.1971498098492,0.0,2.9407407407407407,0.5703703703703704,12.303703703703704,1739.330672572803,56.66960611405055
REAL,Estable C1200 (Ultra/Estable + oro WR x2) 1c,1c Ultra,10100.0,12,Monte Carlo,867.3254602743546,5.800000000000001,3.574,0.764,12.326,1398.6938653409602,65.35277777777777
REAL,Estable C1200 (Ultra/Estable + oro WR x2) 1c,1c Ultra,5100.0,0,costo +1 tick,1834.6784912160003,0.0,2.051851851851852,0.6962962962962963,23.962962962962962,2692.5608533660006,69.13580246913581
REAL,Estable C1200 (Ultra/Estable + oro WR x2) 1c,1c Ultra,5100.0,12,costo +1 tick,1046.0376508556176,0.0,3.5481481481481483,1.2296296296296296,14.548148148148147,1963.206586134283,55.646678424456205
REAL,Estable C1200 (Ultra/Estable + oro WR x2) 1c,1c Ultra,6100.0,0,costo +1 tick,1846.0577275544629,0.0,1.8222222222222222,0.4666666666666667,24.125925925925927,2534.016327732745,73.79188712522046
REAL,Estable C1200 (Ultra/Estable + oro WR x2) 1c,1c Ultra,6100.0,12,costo +1 tick,1075.295224248156,0.0,3.074074074074074,0.674074074074074,13.992592592592592,1914.0464280487352,58.280423280423285
REAL,Estable C1200 (Ultra/Estable + oro WR x2) 1c,1c Ultra,7100.0,0,costo +1 tick,1771.0577275544629,0.0,1.8222222222222222,0.4666666666666667,22.933333333333334,2432.379138440202,73.79188712522046
REAL,Estable C1200 (Ultra/Estable + oro WR x2) 1c,1c Ultra,7100.0,12,costo +1 tick,995.8621878088255,0.0,2.962962962962963,0.6148148148148148,13.08148148148148,1745.5877618159218,59.27101704879483
REAL,Estable C1200 (Ultra/Estable + oro WR x2) 1c,1c Ultra,8100.0,0,costo +1 tick,1696.0577275544629,0.0,1.8222222222222222,0.4666666666666667,21.77777777777778,2330.741949147659,73.79188712522046
REAL,Estable C1200 (Ultra/Estable + oro WR x2) 1c,1c Ultra,8100.0,12,costo +1 tick,977.397218577185,0.0,3.2074074074074073,0.8296296296296296,12.496296296296297,1835.7235919747939,55.52910052910053
REAL,Estable C1200 (Ultra/Estable + oro WR x2) 1c,1c Ultra,10100.0,0,costo +1 tick,1546.0577275544629,0.0,1.8222222222222222,0.4666666666666667,19.992592592592594,2127.467570562573,73.79188712522046
REAL,Estable C1200 (Ultra/Estable + oro WR x2) 1c,1c Ultra,10100.0,12,costo +1 tick,928.9827328651336,0.0,3.140740740740741,0.5777777777777777,12.222222222222221,1760.1024305104984,55.11463844797178
REAL,Estable C1200 (Ultra/Estable + oro WR x2) 1c,Ultra 1c -> 2c desde colchon 3000,5100.0,0,historia,3452.054416760575,0.0,2.5481481481481483,0.9629629629629629,30.325925925925926,5163.432296559604,67.50146972369194
REAL,Estable C1200 (Ultra/Estable + oro WR x2) 1c,Ultra 1c -> 2c desde colchon 3000,5100.0,0,Monte Carlo,2741.1540792922137,4.3,3.699,1.726,25.087,4394.8586512306065,63.473015873015875
REAL,Estable C1200 (Ultra/Estable + oro WR x2) 1c,Ultra 1c -> 2c desde colchon 3000,5100.0,12,historia,1941.0079404169248,0.0,3.9703703703703703,1.1111111111111112,19.037037037037038,4085.092615110187,48.78600823045267
REAL,Estable C1200 (Ultra/Estable + oro WR x2) 1c,Ultra 1c -> 2c desde colchon 3000,5100.0,12,Monte Carlo,1759.5831323271393,4.3,4.926,1.69,16.316,3503.1015847885064,52.069047619047616
REAL,Estable C1200 (Ultra/Estable + oro WR x2) 1c,Ultra 1c -> 2c desde colchon 3000,6100.0,0,historia,3606.725701460662,0.0,2.422222222222222,0.837037037037037,30.725925925925925,5279.319600942239,68.9182833627278
REAL,Estable C1200 (Ultra/Estable + oro WR x2) 1c,Ultra 1c -> 2c desde colchon 3000,6100.0,0,Monte Carlo,2976.308727148073,5.1,3.273,1.387,27.358,4480.978627834044,67.37658730158729
REAL,Estable C1200 (Ultra/Estable + oro WR x2) 1c,Ultra 1c -> 2c desde colchon 3000,6100.0,12,historia,1999.4395805396562,0.0,4.17037037037037,0.9333333333333333,18.548148148148147,4198.590730635048,48.9212228101117
REAL,Estable C1200 (Ultra/Estable + oro WR x2) 1c,Ultra 1c -> 2c desde colchon 3000,6100.0,12,Monte Carlo,1741.8492844353657,5.1,4.762,1.499,16.295,3353.4425980830842,53.8
REAL,Estable C1200 (Ultra/Estable + oro WR x2) 1c,Ultra 1c -> 2c desde colchon 3000,7100.0,0,historia,3556.4680594967026,0.0,2.088888888888889,0.7851851851851852,28.511111111111113,5156.9578455324345,69.4944150499706
REAL,Estable C1200 (Ultra/Estable + oro WR x2) 1c,Ultra 1c -> 2c desde colchon 3000,7100.0,0,Monte Carlo,3206.826050630069,5.2,2.847,1.068,29.415,4546.831836786918,71.34801587301588
REAL,Estable C1200 (Ultra/Estable + oro WR x2) 1c,Ultra 1c -> 2c desde colchon 3000,7100.0,12,historia,2051.0817651240027,0.0,3.2666666666666666,0.8518518518518519,17.488888888888887,3551.467250811117,58.956496178718396
REAL,Estable C1200 (Ultra/Estable + oro WR x2) 1c,Ultra 1c -> 2c desde colchon 3000,7100.0,12,Monte Carlo,1727.774472224631,5.2,4.607,1.334,16.145,3242.4832762485753,55.144444444444446
REAL,Estable C1200 (Ultra/Estable + oro WR x2) 1c,Ultra 1c -> 2c desde colchon 3000,8100.0,0,historia,3671.404065118719,0.0,2.088888888888889,0.7851851851851852,30.711111111111112,5300.8223226615055,69.77660199882422
REAL,Estable C1200 (Ultra/Estable + oro WR x2) 1c,Ultra 1c -> 2c desde colchon 3000,8100.0,0,Monte Carlo,3283.402896878141,5.7,2.679,0.926,30.083,4553.62352916383,72.875
REAL,Estable C1200 (Ultra/Estable + oro WR x2) 1c,Ultra 1c -> 2c desde colchon 3000,8100.0,12,historia,2091.6106849164144,0.0,3.814814814814815,1.0,18.42962962962963,3850.663345711227,55.6143445032334
REAL,Estable C1200 (Ultra/Estable + oro WR x2) 1c,Ultra 1c -> 2c desde colchon 3000,8100.0,12,Monte Carlo,1702.6362450363852,5.7,4.516,1.244,15.882,3145.9518969746746,55.99960317460317
REAL,Estable C1200 (Ultra/Estable + oro WR x2) 1c,Ultra 1c -> 2c desde colchon 3000,10100.0,0,historia,3756.781929765513,0.0,1.8148148148148149,0.5111111111111111,31.037037037037038,5075.712784664855,74.48265726043505
REAL,Estable C1200 (Ultra/Estable + oro WR x2) 1c,Ultra 1c -> 2c desde colchon 3000,10100.0,0,Monte Carlo,3324.0047294688625,6.4,2.494,0.779,30.585,4502.144483378681,74.55634920634921
REAL,Estable C1200 (Ultra/Estable + oro WR x2) 1c,Ultra 1c -> 2c desde colchon 3000,10100.0,12,historia,1861.1193048009757,0.0,3.4592592592592593,1.1111111111111112,14.637037037037038,3356.535438843246,56.7960023515579
REAL,Estable C1200 (Ultra/Estable + oro WR x2) 1c,Ultra 1c -> 2c desde colchon 3000,10100.0,12,Monte Carlo,1622.4119699915052,6.4,4.38,1.155,15.229,2920.9042171578167,57.50674603174603
REAL,Estable C1200 (Ultra/Estable + oro WR x2) 1c,Ultra 1c -> 2c desde colchon 3000,5100.0,0,costo +1 tick,3216.2182565923376,1.4814814814814816,2.674074074074074,1.0148148148148148,27.340740740740742,5020.241561786099,64.76190476190476
REAL,Estable C1200 (Ultra/Estable + oro WR x2) 1c,Ultra 1c -> 2c desde colchon 3000,5100.0,12,costo +1 tick,1998.9392939144884,1.4814814814814816,4.274074074074074,1.1703703703703703,18.340740740740742,4030.8068834094965,50.978835978835974
REAL,Estable C1200 (Ultra/Estable + oro WR x2) 1c,Ultra 1c -> 2c desde colchon 3000,6100.0,0,costo +1 tick,3293.7673077565655,1.4814814814814816,2.5555555555555554,0.8888888888888888,28.14074074074074,5031.401022797634,66.12874779541447
REAL,Estable C1200 (Ultra/Estable + oro WR x2) 1c,Ultra 1c -> 2c desde colchon 3000,6100.0,12,costo +1 tick,1861.0491692475916,1.4814814814814816,3.977777777777778,1.0296296296296297,17.340740740740742,3537.1403118371236,54.08583186360965
REAL,Estable C1200 (Ultra/Estable + oro WR x2) 1c,Ultra 1c -> 2c desde colchon 3000,7100.0,0,costo +1 tick,3292.6880716539313,1.4814814814814816,2.2222222222222223,0.837037037037037,26.651851851851852,4979.788842271482,66.70487948265725
REAL,Estable C1200 (Ultra/Estable + oro WR x2) 1c,Ultra 1c -> 2c desde colchon 3000,7100.0,12,costo +1 tick,1745.0422249301864,1.4814814814814816,3.7037037037037037,1.2592592592592593,15.118518518518519,3327.2350579193444,53.90358612580835
REAL,Estable C1200 (Ultra/Estable + oro WR x2) 1c,Ultra 1c -> 2c desde colchon 3000,8100.0,0,costo +1 tick,3384.51564506566,2.2222222222222223,2.2222222222222223,0.837037037037037,28.237037037037037,5095.670129229213,66.99000587889476
REAL,Estable C1200 (Ultra/Estable + oro WR x2) 1c,Ultra 1c -> 2c desde colchon 3000,8100.0,12,costo +1 tick,1822.850825822854,2.2222222222222223,3.2814814814814817,0.8518518518518519,16.103703703703705,3189.6460348991704,58.49500293944739
REAL,Estable C1200 (Ultra/Estable + oro WR x2) 1c,Ultra 1c -> 2c desde colchon 3000,10100.0,0,costo +1 tick,3450.0902881734164,2.2222222222222223,1.9703703703703703,0.5851851851851851,29.2,4866.817862438146,71.41975308641975
REAL,Estable C1200 (Ultra/Estable + oro WR x2) 1c,Ultra 1c -> 2c desde colchon 3000,10100.0,12,costo +1 tick,1715.0889171114086,2.2222222222222223,3.6074074074074076,1.2444444444444445,13.822222222222223,3343.910087574885,52.701352145796584
REAL,Estable C1200 (Ultra/Estable + oro WR x2) 1c,Ultra 1c -> 2c desde colchon 4000,5100.0,0,historia,3071.377539831327,0.0,2.5037037037037035,0.9259259259259259,25.466666666666665,4534.832735219724,68.450911228689
REAL,Estable C1200 (Ultra/Estable + oro WR x2) 1c,Ultra 1c -> 2c desde colchon 4000,5100.0,0,Monte Carlo,2800.4262484350143,3.4000000000000004,2.931,1.132,25.365,4018.9829189407947,70.63412698412698
REAL,Estable C1200 (Ultra/Estable + oro WR x2) 1c,Ultra 1c -> 2c desde colchon 4000,5100.0,12,historia,1714.713152078346,0.0,4.088888888888889,1.5925925925925926,15.414814814814815,3352.3453763768016,52.745443856554964
REAL,Estable C1200 (Ultra/Estable + oro WR x2) 1c,Ultra 1c -> 2c desde colchon 4000,5100.0,12,Monte Carlo,1753.506391724487,3.4000000000000004,4.427,1.252,16.103,3174.250416979499,57.066269841269836
REAL,Estable C1200 (Ultra/Estable + oro WR x2) 1c,Ultra 1c -> 2c desde colchon 4000,6100.0,0,historia,3387.7532209700134,0.0,2.3777777777777778,0.8,29.155555555555555,4895.189460328277,69.84126984126983
REAL,Estable C1200 (Ultra/Estable + oro WR x2) 1c,Ultra 1c -> 2c desde colchon 4000,6100.0,0,Monte Carlo,2933.0408285553817,3.5999999999999996,2.877,1.083,26.739,4172.328841876215,71.19960317460317
REAL,Estable C1200 (Ultra/Estable + oro WR x2) 1c,Ultra 1c -> 2c desde colchon 4000,6100.0,12,historia,1881.1656690625796,0.0,3.7111111111111112,0.9555555555555556,17.762962962962963,3671.0313180958988,52.56613756613756
REAL,Estable C1200 (Ultra/Estable + oro WR x2) 1c,Ultra 1c -> 2c desde colchon 4000,6100.0,12,Monte Carlo,1730.7839226910871,3.5999999999999996,4.444,1.213,16.034,3134.60450793824,57.070238095238096
REAL,Estable C1200 (Ultra/Estable + oro WR x2) 1c,Ultra 1c -> 2c desde colchon 4000,7100.0,0,historia,3461.685521075637,0.0,2.0444444444444443,0.7481481481481481,28.385185185185186,4953.523392060822,70.42328042328043
REAL,Estable C1200 (Ultra/Estable + oro WR x2) 1c,Ultra 1c -> 2c desde colchon 4000,7100.0,0,Monte Carlo,3151.0161309871296,4.0,2.557,0.839,28.821,4297.875897795898,74.09404761904763
REAL,Estable C1200 (Ultra/Estable + oro WR x2) 1c,Ultra 1c -> 2c desde colchon 4000,7100.0,12,historia,1975.5307541448108,0.0,3.1555555555555554,0.7703703703703704,17.266666666666666,3360.372135175161,60.01763668430335
REAL,Estable C1200 (Ultra/Estable + oro WR x2) 1c,Ultra 1c -> 2c desde colchon 4000,7100.0,12,Monte Carlo,1711.6229683914025,4.0,4.355,1.118,15.941,3047.185345712717,58.04047619047619
REAL,Estable C1200 (Ultra/Estable + oro WR x2) 1c,Ultra 1c -> 2c desde colchon 4000,8100.0,0,historia,3646.386539256366,0.0,1.7703703703703704,0.4740740740740741,29.703703703703702,4866.601164256261,75.40270429159318
REAL,Estable C1200 (Ultra/Estable + oro WR x2) 1c,Ultra 1c -> 2c desde colchon 4000,8100.0,0,Monte Carlo,3260.2028173178,4.2,2.41,0.733,29.834,4365.166104288698,75.409126984127
REAL,Estable C1200 (Ultra/Estable + oro WR x2) 1c,Ultra 1c -> 2c desde colchon 4000,8100.0,12,historia,1971.9100984911274,0.0,3.325925925925926,0.8666666666666667,15.540740740740741,3477.7953107110397,57.9512051734274
REAL,Estable C1200 (Ultra/Estable + oro WR x2) 1c,Ultra 1c -> 2c desde colchon 4000,8100.0,12,Monte Carlo,1693.7615451751017,4.2,4.289,1.059,15.796,2998.5634597043763,58.357142857142854
REAL,Estable C1200 (Ultra/Estable + oro WR x2) 1c,Ultra 1c -> 2c desde colchon 4000,10100.0,0,historia,3738.249569914664,0.0,1.7703703703703704,0.4740740740740741,31.17037037037037,4988.431052880744,75.40270429159318
REAL,Estable C1200 (Ultra/Estable + oro WR x2) 1c,Ultra 1c -> 2c desde colchon 4000,10100.0,0,Monte Carlo,3319.194604291328,4.9,2.282,0.623,30.467,4372.128943809393,76.60000000000001
REAL,Estable C1200 (Ultra/Estable + oro WR x2) 1c,Ultra 1c -> 2c desde colchon 4000,10100.0,12,historia,1927.8610314038363,0.0,3.4518518518518517,1.0592592592592593,14.814814814814815,3511.495385213629,56.18753674309229
REAL,Estable C1200 (Ultra/Estable + oro WR x2) 1c,Ultra 1c -> 2c desde colchon 4000,10100.0,12,Monte Carlo,1623.8871559155805,4.9,4.15,0.974,15.177,2817.619282111813,59.560317460317464
REAL,Estable C1200 (Ultra/Estable + oro WR x2) 1c,Ultra 1c -> 2c desde colchon 4000,5100.0,0,costo +1 tick,2877.3359259132103,0.0,2.5555555555555554,0.9185185185185185,24.274074074074075,4366.349186452992,66.66372721928278
REAL,Estable C1200 (Ultra/Estable + oro WR x2) 1c,Ultra 1c -> 2c desde colchon 4000,5100.0,12,costo +1 tick,1625.065035518717,0.0,3.977777777777778,1.4148148148148147,14.903703703703703,3088.907016855977,54.29453262786596
REAL,Estable C1200 (Ultra/Estable + oro WR x2) 1c,Ultra 1c -> 2c desde colchon 4000,6100.0,0,costo +1 tick,3118.194868279681,0.0,2.3407407407407406,0.7407407407407407,26.348148148148148,4589.864236637163,68.60376249265137
REAL,Estable C1200 (Ultra/Estable + oro WR x2) 1c,Ultra 1c -> 2c desde colchon 4000,6100.0,12,costo +1 tick,1799.8282519860913,0.0,3.3407407407407406,0.7777777777777778,16.733333333333334,3042.451932306531,60.593768371546155
REAL,Estable C1200 (Ultra/Estable + oro WR x2) 1c,Ultra 1c -> 2c desde colchon 4000,7100.0,0,costo +1 tick,3094.5259980642063,0.0,2.1037037037037036,0.7407407407407407,25.251851851851853,4550.8429004732125,68.60376249265137
REAL,Estable C1200 (Ultra/Estable + oro WR x2) 1c,Ultra 1c -> 2c desde colchon 4000,7100.0,12,costo +1 tick,1777.4102731891915,0.0,3.1777777777777776,0.7703703703703704,14.62962962962963,3019.513540250624,60.24103468547912
REAL,Estable C1200 (Ultra/Estable + oro WR x2) 1c,Ultra 1c -> 2c desde colchon 4000,8100.0,0,costo +1 tick,3166.744585640754,0.0,2.1037037037037036,0.7407407407407407,24.896296296296295,4617.335831888612,69.17989417989419
REAL,Estable C1200 (Ultra/Estable + oro WR x2) 1c,Ultra 1c -> 2c desde colchon 4000,8100.0,12,costo +1 tick,1842.2569430524334,0.0,3.5555555555555554,1.162962962962963,13.851851851851851,3314.3932120825184,56.987066431510875
REAL,Estable C1200 (Ultra/Estable + oro WR x2) 1c,Ultra 1c -> 2c desde colchon 4000,10100.0,0,costo +1 tick,3420.215328852101,0.0,1.8518518518518519,0.4888888888888889,28.85925925925926,4700.3600275791605,73.28042328042326
REAL,Estable C1200 (Ultra/Estable + oro WR x2) 1c,Ultra 1c -> 2c desde colchon 4000,10100.0,12,costo +1 tick,1766.4123292927686,0.0,3.562962962962963,1.0740740740740742,13.881481481481481,3433.1072271256808,52.81011169900059
REAL,Estable C1200 (Ultra/Estable + oro WR x2) 1c,2c Ultra escalones 750/1500,5100.0,0,historia,2355.485821537913,0.0,5.296296296296297,2.962962962962963,21.05925925925926,5995.419917778895,40.44385655496767
REAL,Estable C1200 (Ultra/Estable + oro WR x2) 1c,2c Ultra escalones 750/1500,5100.0,0,Monte Carlo,2693.277095126545,6.1,5.157,2.814,24.826,5608.742800482823,49.22222222222222
REAL,Estable C1200 (Ultra/Estable + oro WR x2) 1c,2c Ultra escalones 750/1500,5100.0,12,historia,1987.3634261409145,0.0,6.014814814814815,2.577777777777778,18.103703703703705,6617.140628630569,31.222810111699
REAL,Estable C1200 (Ultra/Estable + oro WR x2) 1c,2c Ultra escalones 750/1500,5100.0,12,Monte Carlo,1782.6978929542936,6.1,6.301,2.74,16.598,4858.7316616821245,38.387301587301586
REAL,Estable C1200 (Ultra/Estable + oro WR x2) 1c,2c Ultra escalones 750/1500,6100.0,0,historia,3672.2485841718135,0.0,2.9925925925925925,1.1481481481481481,32.629629629629626,5925.006327241909,62.639623750734856
REAL,Estable C1200 (Ultra/Estable + oro WR x2) 1c,2c Ultra escalones 750/1500,6100.0,0,Monte Carlo,2886.020301840917,6.6000000000000005,4.66,2.431,26.618,5460.074669802968,53.9734126984127
REAL,Estable C1200 (Ultra/Estable + oro WR x2) 1c,2c Ultra escalones 750/1500,6100.0,12,historia,1777.0182677160662,0.0,4.785185185185185,1.5333333333333334,18.325925925925926,4382.941625302932,41.972369194591415
REAL,Estable C1200 (Ultra/Estable + oro WR x2) 1c,2c Ultra escalones 750/1500,6100.0,12,Monte Carlo,1773.2916508111039,6.6000000000000005,6.112,2.512,16.503,4573.8816524435215,40.518253968253966
REAL,Estable C1200 (Ultra/Estable + oro WR x2) 1c,2c Ultra escalones 750/1500,7100.0,0,historia,3654.9097027258213,0.0,2.7925925925925927,0.9925925925925926,32.45925925925926,5753.825578976104,64.15637860082305
REAL,Estable C1200 (Ultra/Estable + oro WR x2) 1c,2c Ultra escalones 750/1500,7100.0,0,Monte Carlo,3152.318516520858,6.9,3.963,1.889,29.031,5308.889746888478,60.3547619047619
REAL,Estable C1200 (Ultra/Estable + oro WR x2) 1c,2c Ultra escalones 750/1500,7100.0,12,historia,1719.673726245739,0.0,4.777777777777778,1.5333333333333334,17.85925925925926,4413.29634349105,40.38212815990593
REAL,Estable C1200 (Ultra/Estable + oro WR x2) 1c,2c Ultra escalones 750/1500,7100.0,12,Monte Carlo,1765.583546179402,6.9,5.826,2.183,16.528,4252.154092303549,43.31468253968254
REAL,Estable C1200 (Ultra/Estable + oro WR x2) 1c,2c Ultra escalones 750/1500,8100.0,0,historia,3540.591722145551,0.0,2.562962962962963,0.9925925925925926,31.192592592592593,5555.17600454092,64.33862433862433
REAL,Estable C1200 (Ultra/Estable + oro WR x2) 1c,2c Ultra escalones 750/1500,8100.0,0,Monte Carlo,3267.998629581102,7.3,3.584,1.6,30.041,5199.535056575963,63.753571428571426
REAL,Estable C1200 (Ultra/Estable + oro WR x2) 1c,2c Ultra escalones 750/1500,8100.0,12,historia,1656.847886419414,0.0,4.474074074074074,1.511111111111111,17.488888888888887,4133.542505736539,41.49911816578483
REAL,Estable C1200 (Ultra/Estable + oro WR x2) 1c,2c Ultra escalones 750/1500,8100.0,12,Monte Carlo,1727.5719640696168,7.3,5.7,2.071,16.158,4036.0558024328207,44.65119047619048
REAL,Estable C1200 (Ultra/Estable + oro WR x2) 1c,2c Ultra escalones 750/1500,10100.0,0,historia,3382.6207567657657,0.7407407407407408,2.5185185185185186,0.9481481481481482,29.14074074074074,5229.891895992949,65.30864197530865
REAL,Estable C1200 (Ultra/Estable + oro WR x2) 1c,2c Ultra escalones 750/1500,10100.0,0,Monte Carlo,3308.99736602236,7.6,3.195,1.298,30.379,4964.292020562831,67.49801587301587
REAL,Estable C1200 (Ultra/Estable + oro WR x2) 1c,2c Ultra escalones 750/1500,10100.0,12,historia,1693.3121552526216,0.7407407407407408,4.770370370370371,1.4222222222222223,16.77777777777778,4166.997873705468,42.13403880070547
REAL,Estable C1200 (Ultra/Estable + oro WR x2) 1c,2c Ultra escalones 750/1500,10100.0,12,Monte Carlo,1644.4467573699833,7.6,5.472,1.927,15.399,3631.82805792589,47.25
REAL,Estable C1200 (Ultra/Estable + oro WR x2) 1c,2c Ultra escalones 750/1500,5100.0,0,costo +1 tick,1947.0240425748004,0.0,5.481481481481482,3.2074074074074073,19.785185185185185,4444.860392750936,45.41740152851264
REAL,Estable C1200 (Ultra/Estable + oro WR x2) 1c,2c Ultra escalones 750/1500,5100.0,12,costo +1 tick,1564.9461119449288,0.0,5.725925925925926,2.785185185185185,16.333333333333332,4425.1644109119125,37.05761316872428
REAL,Estable C1200 (Ultra/Estable + oro WR x2) 1c,2c Ultra escalones 750/1500,6100.0,0,costo +1 tick,3332.512246446255,0.0,3.6444444444444444,1.511111111111111,30.244444444444444,5631.173332554801,60.02645502645503
REAL,Estable C1200 (Ultra/Estable + oro WR x2) 1c,2c Ultra escalones 750/1500,6100.0,12,costo +1 tick,1568.9442720389661,0.0,5.385185185185185,1.8592592592592592,17.066666666666666,4119.388664950559,39.79717813051146
REAL,Estable C1200 (Ultra/Estable + oro WR x2) 1c,2c Ultra escalones 750/1500,7100.0,0,costo +1 tick,3309.815372770569,0.0,3.362962962962963,1.3333333333333333,30.288888888888888,5457.869264848349,61.449147560258666
REAL,Estable C1200 (Ultra/Estable + oro WR x2) 1c,2c Ultra escalones 750/1500,7100.0,12,costo +1 tick,1521.6549083196378,0.0,5.303703703703704,1.837037037037037,16.71851851851852,4137.544104955976,38.453850676072896
REAL,Estable C1200 (Ultra/Estable + oro WR x2) 1c,2c Ultra escalones 750/1500,8100.0,0,costo +1 tick,3202.788840644979,0.0,3.1555555555555554,1.3333333333333333,28.733333333333334,5272.220816831901,61.53145208700764
REAL,Estable C1200 (Ultra/Estable + oro WR x2) 1c,2c Ultra escalones 750/1500,8100.0,12,costo +1 tick,1429.5366445331804,0.0,5.0814814814814815,1.874074074074074,15.91851851851852,3839.0720862200196,38.96825396825397
REAL,Estable C1200 (Ultra/Estable + oro WR x2) 1c,2c Ultra escalones 750/1500,10100.0,0,costo +1 tick,3029.184963142254,0.7407407407407408,3.111111111111111,1.288888888888889,26.807407407407407,4930.954317568437,62.257495590828924
REAL,Estable C1200 (Ultra/Estable + oro WR x2) 1c,2c Ultra escalones 750/1500,10100.0,12,costo +1 tick,1626.4112296497678,0.7407407407407408,5.140740740740741,1.7925925925925925,16.57037037037037,3757.0832050524973,45.07936507936508
REAL,Estable C1200 (Ultra/Estable + oro WR x2) 1c,1c WR70Plus,5100.0,0,historia,1285.9381869502715,0.0,1.4074074074074074,0.1259259259259259,21.2,1657.417813470595,78.69782480893592
REAL,Estable C1200 (Ultra/Estable + oro WR x2) 1c,1c WR70Plus,5100.0,0,Monte Carlo,1146.660081975794,3.5999999999999996,2.046,0.436,18.618,1483.3706352668228,79.10555555555555
REAL,Estable C1200 (Ultra/Estable + oro WR x2) 1c,1c WR70Plus,5100.0,12,historia,792.1355754131741,0.0,2.6,0.17037037037037037,13.051851851851852,1441.244001618183,57.32216343327454
REAL,Estable C1200 (Ultra/Estable + oro WR x2) 1c,1c WR70Plus,5100.0,12,Monte Carlo,750.3893691395084,3.5999999999999996,3.346,0.608,12.575,1177.6017406788949,67.43928571428572
REAL,Estable C1200 (Ultra/Estable + oro WR x2) 1c,1c WR70Plus,6100.0,0,historia,1210.9381869502715,0.0,1.4074074074074074,0.1259259259259259,19.94814814814815,1562.1165771504218,78.69782480893592
REAL,Estable C1200 (Ultra/Estable + oro WR x2) 1c,1c WR70Plus,6100.0,0,Monte Carlo,1076.8977779788654,5.1,2.014,0.415,17.511,1389.5778464501839,79.39444444444445
REAL,Estable C1200 (Ultra/Estable + oro WR x2) 1c,1c WR70Plus,6100.0,12,historia,749.0824889747008,0.0,2.748148148148148,0.21481481481481482,12.525925925925925,1339.5011172093148,58.60670194003528
REAL,Estable C1200 (Ultra/Estable + oro WR x2) 1c,1c WR70Plus,6100.0,12,Monte Carlo,697.1817172089658,5.1,3.221,0.582,11.723,1072.8834499643503,68.90992063492064
REAL,Estable C1200 (Ultra/Estable + oro WR x2) 1c,1c WR70Plus,7100.0,0,historia,1135.9381869502715,0.0,1.4074074074074074,0.1259259259259259,18.83703703703704,1466.8153408302483,78.69782480893592
REAL,Estable C1200 (Ultra/Estable + oro WR x2) 1c,1c WR70Plus,7100.0,0,Monte Carlo,1006.7400644491794,6.0,1.995,0.398,16.391,1297.9858232780937,79.57261904761904
REAL,Estable C1200 (Ultra/Estable + oro WR x2) 1c,1c WR70Plus,7100.0,12,historia,725.1942192170945,0.0,2.7037037037037037,0.2,12.296296296296296,1252.032920631257,60.74661963550853
REAL,Estable C1200 (Ultra/Estable + oro WR x2) 1c,1c WR70Plus,7100.0,12,Monte Carlo,653.4435369231304,6.0,3.104,0.556,11.025,988.7482718530451,70.1952380952381
REAL,Estable C1200 (Ultra/Estable + oro WR x2) 1c,1c WR70Plus,8100.0,0,historia,1060.9381869502715,0.0,1.4074074074074074,0.1259259259259259,17.42962962962963,1371.514104510075,78.69782480893592
REAL,Estable C1200 (Ultra/Estable + oro WR x2) 1c,1c WR70Plus,8100.0,0,Monte Carlo,936.3104839306515,7.1,1.99,0.393,15.255,1208.8331536394114,79.60952380952382
REAL,Estable C1200 (Ultra/Estable + oro WR x2) 1c,1c WR70Plus,8100.0,12,historia,711.9691443789447,0.0,2.7111111111111112,0.26666666666666666,11.955555555555556,1220.9686109560982,61.21693121693122
REAL,Estable C1200 (Ultra/Estable + oro WR x2) 1c,1c WR70Plus,8100.0,12,Monte Carlo,613.7230838376205,7.1,2.98,0.521,10.328,916.203563403167,71.240873015873
REAL,Estable C1200 (Ultra/Estable + oro WR x2) 1c,1c WR70Plus,10100.0,0,historia,910.9381869502716,0.0,1.4074074074074074,0.1259259259259259,14.992592592592592,1180.9116318697284,78.69782480893592
REAL,Estable C1200 (Ultra/Estable + oro WR x2) 1c,1c WR70Plus,10100.0,0,Monte Carlo,798.4340745589416,11.799999999999999,1.99,0.393,13.059,1035.6423056428864,79.60952380952382
REAL,Estable C1200 (Ultra/Estable + oro WR x2) 1c,1c WR70Plus,10100.0,12,historia,678.9883897113506,0.0,2.414814814814815,0.2518518518518518,11.251851851851852,1025.843709653306,69.26807760141094
REAL,Estable C1200 (Ultra/Estable + oro WR x2) 1c,1c WR70Plus,10100.0,12,Monte Carlo,540.501968363309,11.799999999999999,2.787,0.473,9.119,788.4218304975997,73.17976190476192
REAL,Estable C1200 (Ultra/Estable + oro WR x2) 1c,1c WR70Plus,5100.0,0,costo +1 tick,1202.5654805718527,0.0,1.4666666666666666,0.13333333333333333,19.340740740740742,1576.0686959295626,77.5191064079953
REAL,Estable C1200 (Ultra/Estable + oro WR x2) 1c,1c WR70Plus,5100.0,12,costo +1 tick,767.0562700938002,0.0,2.925925925925926,0.25925925925925924,12.42962962962963,1397.1223512795045,57.64256319811876
REAL,Estable C1200 (Ultra/Estable + oro WR x2) 1c,1c WR70Plus,6100.0,0,costo +1 tick,1127.565480571853,0.0,1.4666666666666666,0.13333333333333333,18.20740740740741,1479.3183546585178,77.5191064079953
REAL,Estable C1200 (Ultra/Estable + oro WR x2) 1c,1c WR70Plus,6100.0,12,costo +1 tick,747.8956022690553,0.0,2.9925925925925925,0.2222222222222222,12.34074074074074,1333.1705033456112,59.03586125808348
REAL,Estable C1200 (Ultra/Estable + oro WR x2) 1c,1c WR70Plus,7100.0,0,costo +1 tick,1052.565480571853,0.0,1.4666666666666666,0.13333333333333333,16.903703703703705,1382.568013387473,77.5191064079953
REAL,Estable C1200 (Ultra/Estable + oro WR x2) 1c,1c WR70Plus,7100.0,12,costo +1 tick,739.5458764617239,0.0,2.903703703703704,0.24444444444444444,11.948148148148148,1265.271917977033,61.45208700764257
REAL,Estable C1200 (Ultra/Estable + oro WR x2) 1c,1c WR70Plus,8100.0,0,costo +1 tick,977.5654805718528,0.0,1.4666666666666666,0.13333333333333333,15.65925925925926,1285.8176721164277,77.5191064079953
REAL,Estable C1200 (Ultra/Estable + oro WR x2) 1c,1c WR70Plus,8100.0,12,costo +1 tick,702.0490997922863,0.0,2.4444444444444446,0.24444444444444444,11.362962962962962,1083.9831738044702,67.71604938271605
REAL,Estable C1200 (Ultra/Estable + oro WR x2) 1c,1c WR70Plus,10100.0,0,costo +1 tick,827.5654805718528,0.0,1.4666666666666666,0.13333333333333333,13.511111111111111,1092.3169895743376,77.5191064079953
REAL,Estable C1200 (Ultra/Estable + oro WR x2) 1c,1c WR70Plus,10100.0,12,costo +1 tick,645.7541270454429,0.0,2.348148148148148,0.23703703703703705,10.644444444444444,960.9062380829216,70.39976484420929
REAL,Ultra fijo 1c + oro Robust,1c Ultra,5100.0,0,historia,2063.0156527481554,0.0,2.22962962962963,0.6296296296296297,26.42222222222222,2818.1893216064395,74.23868312757202
REAL,Ultra fijo 1c + oro Robust,1c Ultra,5100.0,0,Monte Carlo,1970.174124578969,1.7999999999999998,2.605,0.657,27.062,2533.965635301349,79.09563492063492
REAL,Ultra fijo 1c + oro Robust,1c Ultra,5100.0,12,historia,1237.6684193500466,0.0,4.37037037037037,1.3111111111111111,16.488888888888887,2246.911993179729,57.6278659611993
REAL,Ultra fijo 1c + oro Robust,1c Ultra,5100.0,12,Monte Carlo,1207.2650754659117,1.7999999999999998,4.749,0.952,17.089,2010.2069478006295,63.14761904761905
REAL,Ultra fijo 1c + oro Robust,1c Ultra,6100.0,0,historia,2083.6241995546557,0.0,2.0,0.4,26.881481481481483,2674.482440990028,78.88594944150499
REAL,Ultra fijo 1c + oro Robust,1c Ultra,6100.0,0,Monte Carlo,1924.4227778869133,1.9,2.446,0.547,26.391,2436.1535064805216,80.30793650793652
REAL,Ultra fijo 1c + oro Robust,1c Ultra,6100.0,12,historia,1267.7704204502813,0.0,3.977777777777778,0.8592592592592593,16.014814814814816,2074.0005868039434,63.6360964138742
REAL,Ultra fijo 1c + oro Robust,1c Ultra,6100.0,12,Monte Carlo,1138.9105978730024,1.9,4.56,0.871,16.12,1854.1309793309838,64.64325396825397
REAL,Ultra fijo 1c + oro Robust,1c Ultra,7100.0,0,historia,2008.6241995546552,0.0,2.0,0.4,25.651851851851852,2579.4084759417733,78.88594944150499
REAL,Ultra fijo 1c + oro Robust,1c Ultra,7100.0,0,Monte Carlo,1861.7593283399065,2.3,2.387,0.503,25.57,2344.3167296933752,80.74801587301587
REAL,Ultra fijo 1c + oro Robust,1c Ultra,7100.0,12,historia,1223.9822809773907,0.0,4.088888888888889,0.9629629629629629,15.125925925925927,2048.83184984211,62.35155790711346
REAL,Ultra fijo 1c + oro Robust,1c Ultra,7100.0,12,Monte Carlo,1072.2070931779801,2.3,4.431,0.822,15.256,1726.5525017632035,65.45873015873015
REAL,Ultra fijo 1c + oro Robust,1c Ultra,8100.0,0,historia,1933.6241995546554,0.0,2.0,0.4,24.659259259259258,2484.3345108935196,78.88594944150499
REAL,Ultra fijo 1c + oro Robust,1c Ultra,8100.0,0,Monte Carlo,1790.014166869364,2.6,2.371,0.493,24.608,2251.511179286915,80.88055555555555
REAL,Ultra fijo 1c + oro Robust,1c Ultra,8100.0,12,historia,1156.004017533903,0.0,3.911111111111111,0.8740740740740741,14.325925925925926,1976.707387201741,61.06995884773662
REAL,Ultra fijo 1c + oro Robust,1c Ultra,8100.0,12,Monte Carlo,1016.9763914594254,2.6,4.349,0.813,14.464,1614.7833880180156,66.50277777777777
REAL,Ultra fijo 1c + oro Robust,1c Ultra,10100.0,0,historia,1783.6241995546554,0.0,2.0,0.4,22.392592592592592,2294.1865807970107,78.88594944150499
REAL,Ultra fijo 1c + oro Robust,1c Ultra,10100.0,0,Monte Carlo,1645.743776895499,3.3000000000000003,2.355,0.482,22.631,2069.95285207105,80.99484126984127
REAL,Ultra fijo 1c + oro Robust,1c Ultra,10100.0,12,historia,1024.6330243376744,0.0,3.8740740740740742,0.6814814814814815,12.8,1767.4338819193972,60.840681951793066
REAL,Ultra fijo 1c + oro Robust,1c Ultra,10100.0,12,Monte Carlo,915.8358994332633,3.3000000000000003,4.139,0.771,13.064,1420.0551301163198,68.30634920634921
REAL,Ultra fijo 1c + oro Robust,1c Ultra,5100.0,0,costo +1 tick,1920.4728828477275,0.0,2.2962962962962963,0.6666666666666666,24.85925925925926,2657.025605609021,73.40975896531452
REAL,Ultra fijo 1c + oro Robust,1c Ultra,5100.0,12,costo +1 tick,1181.6804611020032,0.0,4.229629629629629,1.288888888888889,15.837037037037037,2116.9755162075635,58.43327454438566
REAL,Ultra fijo 1c + oro Robust,1c Ultra,6100.0,0,costo +1 tick,1926.6964696452062,0.0,2.0814814814814815,0.45185185185185184,25.037037037037038,2512.859444952554,77.75720164609054
REAL,Ultra fijo 1c + oro Robust,1c Ultra,6100.0,12,costo +1 tick,1205.119421769837,0.0,4.037037037037037,0.8518518518518519,15.103703703703705,1982.9955854042842,63.43621399176955
REAL,Ultra fijo 1c + oro Robust,1c Ultra,7100.0,0,costo +1 tick,1851.6964696452062,0.0,2.0814814814814815,0.45185185185185184,23.562962962962963,2416.405356569384,77.75720164609054
REAL,Ultra fijo 1c + oro Robust,1c Ultra,7100.0,12,costo +1 tick,1130.8652771683683,0.0,4.2592592592592595,0.8962962962962963,13.91851851851852,1940.3870279401985,61.1522633744856
REAL,Ultra fijo 1c + oro Robust,1c Ultra,8100.0,0,costo +1 tick,1776.6964696452062,0.0,2.0814814814814815,0.45185185185185184,22.533333333333335,2319.951268186214,77.75720164609054
REAL,Ultra fijo 1c + oro Robust,1c Ultra,8100.0,12,costo +1 tick,1058.1912030570886,0.0,4.340740740740741,0.8592592592592593,13.244444444444444,1830.3274815673694,60.91710758377425
REAL,Ultra fijo 1c + oro Robust,1c Ultra,10100.0,0,costo +1 tick,1626.6964696452062,0.0,2.0814814814814815,0.45185185185185184,20.933333333333334,2127.0430914198732,77.75720164609054
REAL,Ultra fijo 1c + oro Robust,1c Ultra,10100.0,12,costo +1 tick,959.2509219666472,0.0,3.7925925925925927,0.7777777777777778,12.34074074074074,1678.0804950523316,60.12051734273957
REAL,Ultra fijo 1c + oro Robust,Ultra 1c -> 2c desde colchon 3000,5100.0,0,historia,3633.849806875065,0.0,2.8296296296296295,0.8888888888888888,31.962962962962962,5155.768492688041,71.19929453262787
REAL,Ultra fijo 1c + oro Robust,Ultra 1c -> 2c desde colchon 3000,5100.0,0,Monte Carlo,2934.0641563149234,3.2,4.181,1.763,26.782,4476.274081418777,66.76904761904761
REAL,Ultra fijo 1c + oro Robust,Ultra 1c -> 2c desde colchon 3000,5100.0,12,historia,2251.6457238336257,0.0,5.940740740740741,1.1111111111111112,21.474074074074075,5027.290587123006,46.33450911228689
REAL,Ultra fijo 1c + oro Robust,Ultra 1c -> 2c desde colchon 3000,5100.0,12,Monte Carlo,1914.4207037683389,3.2,5.723,1.77,17.66,3606.780021078081,55.15436507936508
REAL,Ultra fijo 1c + oro Robust,Ultra 1c -> 2c desde colchon 3000,6100.0,0,historia,3787.9981652636593,0.0,2.7037037037037037,0.762962962962963,31.94074074074074,5275.862033839121,72.46913580246914
REAL,Ultra fijo 1c + oro Robust,Ultra 1c -> 2c desde colchon 3000,6100.0,0,Monte Carlo,3169.193676386519,3.5999999999999996,3.704,1.42,29.089,4559.4805072560575,70.57063492063492
REAL,Ultra fijo 1c + oro Robust,Ultra 1c -> 2c desde colchon 3000,6100.0,12,historia,2313.6227433701506,0.0,5.859259259259259,0.9259259259259259,20.68148148148148,4935.804111044159,48.42739564961787
REAL,Ultra fijo 1c + oro Robust,Ultra 1c -> 2c desde colchon 3000,6100.0,12,Monte Carlo,1894.0016279994782,3.5999999999999996,5.562,1.563,17.64,3467.5672645444583,56.719047619047615
REAL,Ultra fijo 1c + oro Robust,Ultra 1c -> 2c desde colchon 3000,7100.0,0,historia,3744.5205388429426,0.0,2.3333333333333335,0.7111111111111111,29.955555555555556,5161.655228143439,73.13639035861257
REAL,Ultra fijo 1c + oro Robust,Ultra 1c -> 2c desde colchon 3000,7100.0,0,Monte Carlo,3401.563061533894,3.8,3.185,1.065,31.097,4623.119659998835,74.47857142857144
REAL,Ultra fijo 1c + oro Robust,Ultra 1c -> 2c desde colchon 3000,7100.0,12,historia,2201.4383394354363,0.0,4.644444444444445,0.8444444444444444,18.83703703703704,3940.006722346467,57.41622574955909
REAL,Ultra fijo 1c + oro Robust,Ultra 1c -> 2c desde colchon 3000,7100.0,12,Monte Carlo,1876.5455584107638,3.8,5.352,1.353,17.4,3342.498311627469,58.23690476190477
REAL,Ultra fijo 1c + oro Robust,Ultra 1c -> 2c desde colchon 3000,8100.0,0,historia,3858.5619946861257,0.0,2.3333333333333335,0.7111111111111111,32.17037037037037,5297.783056747898,73.40975896531452
REAL,Ultra fijo 1c + oro Robust,Ultra 1c -> 2c desde colchon 3000,8100.0,0,Monte Carlo,3476.5330929167308,4.0,2.992,0.918,31.75,4619.404467487792,76.10674603174603
REAL,Ultra fijo 1c + oro Robust,Ultra 1c -> 2c desde colchon 3000,8100.0,12,historia,2271.13082871284,0.0,4.9037037037037035,0.8296296296296296,19.659259259259258,4136.975879650637,56.44914756025867
REAL,Ultra fijo 1c + oro Robust,Ultra 1c -> 2c desde colchon 3000,8100.0,12,Monte Carlo,1847.3588741494177,4.0,5.277,1.282,17.127,3241.1155909696067,59.12777777777778
REAL,Ultra fijo 1c + oro Robust,Ultra 1c -> 2c desde colchon 3000,10100.0,0,historia,3931.3912264740316,0.0,2.074074074074074,0.45185185185185184,32.2962962962963,5086.651162404024,77.82186948853617
REAL,Ultra fijo 1c + oro Robust,Ultra 1c -> 2c desde colchon 3000,10100.0,0,Monte Carlo,3517.706546584662,4.8,2.768,0.764,32.253,4572.196560797514,77.72896825396826
REAL,Ultra fijo 1c + oro Robust,Ultra 1c -> 2c desde colchon 3000,10100.0,12,historia,2105.9790581873913,0.0,4.607407407407408,1.325925925925926,15.844444444444445,3691.6366056972925,58.68018812463257
REAL,Ultra fijo 1c + oro Robust,Ultra 1c -> 2c desde colchon 3000,10100.0,12,Monte Carlo,1755.797484238237,4.8,5.079,1.178,16.419,3003.80329699451,60.66468253968254
REAL,Ultra fijo 1c + oro Robust,Ultra 1c -> 2c desde colchon 3000,5100.0,0,costo +1 tick,3405.74650634224,0.0,2.859259259259259,0.8962962962962963,29.037037037037038,4873.970713009738,70.64373897707232
REAL,Ultra fijo 1c + oro Robust,Ultra 1c -> 2c desde colchon 3000,5100.0,12,costo +1 tick,2156.8366664711048,0.0,4.496296296296296,0.7851851851851852,19.474074074074075,3776.774345793515,58.66549088771311
REAL,Ultra fijo 1c + oro Robust,Ultra 1c -> 2c desde colchon 3000,6100.0,0,costo +1 tick,3507.4909460694103,0.0,2.740740740740741,0.7703703703703704,30.17037037037037,4916.179934146873,72.07524985302763
REAL,Ultra fijo 1c + oro Robust,Ultra 1c -> 2c desde colchon 3000,6100.0,12,costo +1 tick,2188.394892907908,0.0,4.548148148148148,0.6962962962962963,19.977777777777778,3663.228216934616,61.3639035861258
REAL,Ultra fijo 1c + oro Robust,Ultra 1c -> 2c desde colchon 3000,7100.0,0,costo +1 tick,3521.841016041086,0.0,2.3777777777777778,0.7185185185185186,28.57777777777778,4884.678454868367,72.7366255144033
REAL,Ultra fijo 1c + oro Robust,Ultra 1c -> 2c desde colchon 3000,7100.0,12,costo +1 tick,2044.497936639903,0.0,4.340740740740741,0.8222222222222222,17.696296296296296,3507.303591624448,59.911816578483254
REAL,Ultra fijo 1c + oro Robust,Ultra 1c -> 2c desde colchon 3000,8100.0,0,costo +1 tick,3642.172906706775,0.0,2.3777777777777778,0.7185185185185186,30.644444444444446,5020.693422505604,73.1628453850676
REAL,Ultra fijo 1c + oro Robust,Ultra 1c -> 2c desde colchon 3000,8100.0,12,costo +1 tick,2053.2232691376294,0.0,4.355555555555555,0.9037037037037037,17.881481481481483,3539.2078296224686,59.62375073486185
REAL,Ultra fijo 1c + oro Robust,Ultra 1c -> 2c desde colchon 3000,10100.0,0,costo +1 tick,3694.7690685873863,0.0,2.1185185185185187,0.45925925925925926,31.355555555555554,4798.567152186081,77.57495590828924
REAL,Ultra fijo 1c + oro Robust,Ultra 1c -> 2c desde colchon 3000,10100.0,12,costo +1 tick,2059.26994025772,0.0,4.54074074074074,1.1407407407407408,15.8,3641.3774056566454,58.183421516754855
REAL,Ultra fijo 1c + oro Robust,Ultra 1c -> 2c desde colchon 4000,5100.0,0,historia,3249.673008576028,0.0,2.77037037037037,0.8518518518518519,27.044444444444444,4565.341572807174,71.9753086419753
REAL,Ultra fijo 1c + oro Robust,Ultra 1c -> 2c desde colchon 4000,5100.0,0,Monte Carlo,2953.6601638827656,2.3,3.304,1.141,26.79,4065.194908375985,73.72063492063494
REAL,Ultra fijo 1c + oro Robust,Ultra 1c -> 2c desde colchon 4000,5100.0,12,historia,1909.0420618803707,0.0,4.962962962962963,1.385185185185185,17.081481481481482,3614.348812980097,54.614932392710166
REAL,Ultra fijo 1c + oro Robust,Ultra 1c -> 2c desde colchon 4000,5100.0,12,Monte Carlo,1881.6661398355907,2.3,5.121,1.27,17.31,3251.970492623216,59.92261904761905
REAL,Ultra fijo 1c + oro Robust,Ultra 1c -> 2c desde colchon 4000,6100.0,0,historia,3549.9429457936476,0.0,2.6444444444444444,0.725925925925926,30.555555555555557,4895.467202565231,73.22163433274544
REAL,Ultra fijo 1c + oro Robust,Ultra 1c -> 2c desde colchon 4000,6100.0,0,Monte Carlo,3089.301322260022,2.1999999999999997,3.234,1.099,28.154,4213.2244454800175,74.32817460317459
REAL,Ultra fijo 1c + oro Robust,Ultra 1c -> 2c desde colchon 4000,6100.0,12,historia,2183.779095933231,0.0,5.103703703703704,0.9851851851851852,20.303703703703704,4051.423316946159,55.54967666078777
REAL,Ultra fijo 1c + oro Robust,Ultra 1c -> 2c desde colchon 4000,6100.0,12,Monte Carlo,1847.1255694957854,2.1999999999999997,5.112,1.246,17.153,3184.158145162584,60.11031746031747
REAL,Ultra fijo 1c + oro Robust,Ultra 1c -> 2c desde colchon 4000,7100.0,0,historia,3654.281325359463,0.0,2.274074074074074,0.674074074074074,30.133333333333333,4985.910398565021,73.88888888888889
REAL,Ultra fijo 1c + oro Robust,Ultra 1c -> 2c desde colchon 4000,7100.0,0,Monte Carlo,3324.0097989104574,2.8000000000000003,2.853,0.833,30.372,4355.406153336188,77.17619047619048
REAL,Ultra fijo 1c + oro Robust,Ultra 1c -> 2c desde colchon 4000,7100.0,12,historia,2124.10547780814,0.0,4.355555555555555,0.6370370370370371,18.666666666666668,3608.4571490070966,60.44385655496767
REAL,Ultra fijo 1c + oro Robust,Ultra 1c -> 2c desde colchon 4000,7100.0,12,Monte Carlo,1841.0931602743506,2.8000000000000003,5.013,1.117,17.134,3113.6730133956503,61.23571428571429
REAL,Ultra fijo 1c + oro Robust,Ultra 1c -> 2c desde colchon 4000,8100.0,0,historia,3840.312360918492,0.0,2.0148148148148146,0.4148148148148148,31.214814814814815,4922.140711635065,78.55673133450911
REAL,Ultra fijo 1c + oro Robust,Ultra 1c -> 2c desde colchon 4000,8100.0,0,Monte Carlo,3420.945923856747,2.9000000000000004,2.709,0.729,31.295,4410.668255764694,78.36428571428571
REAL,Ultra fijo 1c + oro Robust,Ultra 1c -> 2c desde colchon 4000,8100.0,12,historia,2112.799900613361,0.0,4.733333333333333,1.0074074074074073,16.666666666666668,3730.3602893594784,58.298059964726626
REAL,Ultra fijo 1c + oro Robust,Ultra 1c -> 2c desde colchon 4000,8100.0,12,Monte Carlo,1811.4868525940617,2.9000000000000004,4.955,1.073,16.92,3031.3780820091397,61.89642857142858
REAL,Ultra fijo 1c + oro Robust,Ultra 1c -> 2c desde colchon 4000,10100.0,0,historia,3931.9727061019707,0.0,2.0148148148148146,0.4148148148148148,32.39259259259259,5038.821158525314,78.55673133450911
REAL,Ultra fijo 1c + oro Robust,Ultra 1c -> 2c desde colchon 4000,10100.0,0,Monte Carlo,3482.7675414122127,3.4000000000000004,2.549,0.619,31.921,4422.744474128628,79.50079365079365
REAL,Ultra fijo 1c + oro Robust,Ultra 1c -> 2c desde colchon 4000,10100.0,12,historia,2156.277057095045,0.0,4.696296296296296,1.3111111111111111,15.703703703703704,3802.955969674552,58.31569664902998
REAL,Ultra fijo 1c + oro Robust,Ultra 1c -> 2c desde colchon 4000,10100.0,12,Monte Carlo,1731.9878210528059,3.4000000000000004,4.807,0.991,16.205,2862.0850438529887,62.71230158730159
REAL,Ultra fijo 1c + oro Robust,Ultra 1c -> 2c desde colchon 4000,5100.0,0,costo +1 tick,3013.044902951629,0.0,2.8444444444444446,0.8888888888888888,25.074074074074073,4310.631645346007,70.76131687242798
REAL,Ultra fijo 1c + oro Robust,Ultra 1c -> 2c desde colchon 4000,5100.0,12,costo +1 tick,1962.4732599233703,0.0,4.311111111111111,1.1777777777777778,16.192592592592593,3438.5798689593,58.71252204585537
REAL,Ultra fijo 1c + oro Robust,Ultra 1c -> 2c desde colchon 4000,6100.0,0,costo +1 tick,3282.3839646314696,0.0,2.577777777777778,0.7111111111111111,27.16296296296296,4557.591341524769,72.76014109347442
REAL,Ultra fijo 1c + oro Robust,Ultra 1c -> 2c desde colchon 4000,6100.0,12,costo +1 tick,2044.6235152128008,0.0,4.333333333333333,0.762962962962963,17.614814814814814,3459.8217494695327,60.73486184597296
REAL,Ultra fijo 1c + oro Robust,Ultra 1c -> 2c desde colchon 4000,7100.0,0,costo +1 tick,3280.8529055737868,0.0,2.362962962962963,0.7111111111111111,26.748148148148147,4546.298073102261,72.84538506760728
REAL,Ultra fijo 1c + oro Robust,Ultra 1c -> 2c desde colchon 4000,7100.0,12,costo +1 tick,2035.4054422297302,0.0,4.155555555555556,0.7333333333333333,16.4,3369.7085100320137,62.016460905349795
REAL,Ultra fijo 1c + oro Robust,Ultra 1c -> 2c desde colchon 4000,8100.0,0,costo +1 tick,3376.136689590289,0.0,2.362962962962963,0.7111111111111111,26.525925925925925,4639.099987186777,73.44209288653734
REAL,Ultra fijo 1c + oro Robust,Ultra 1c -> 2c desde colchon 4000,8100.0,12,costo +1 tick,2077.2769611724807,0.0,4.103703703703704,0.9407407407407408,15.674074074074074,3455.6222993988176,61.666666666666664
REAL,Ultra fijo 1c + oro Robust,Ultra 1c -> 2c desde colchon 4000,10100.0,0,costo +1 tick,3619.8117153904755,0.0,2.1037037037037036,0.45185185185185184,30.022222222222222,4695.109072104738,77.68371546149324
REAL,Ultra fijo 1c + oro Robust,Ultra 1c -> 2c desde colchon 4000,10100.0,12,costo +1 tick,2048.545160036912,0.0,4.5851851851851855,1.0444444444444445,14.725925925925926,3659.253652219341,57.62198706643151
REAL,Ultra fijo 1c + oro Robust,2c Ultra escalones 750/1500,5100.0,0,historia,3487.852683482935,0.0,5.214814814814815,2.3333333333333335,27.8,6676.481031572265,53.26278659611993
REAL,Ultra fijo 1c + oro Robust,2c Ultra escalones 750/1500,5100.0,0,Monte Carlo,2974.127504397627,3.8,5.927,2.889,27.45,5712.153028754593,53.42420634920635
REAL,Ultra fijo 1c + oro Robust,2c Ultra escalones 750/1500,5100.0,12,historia,2611.9806696524447,0.0,7.222222222222222,2.422222222222222,21.288888888888888,6844.1356858378185,39.54438565549676
REAL,Ultra fijo 1c + oro Robust,2c Ultra escalones 750/1500,5100.0,12,Monte Carlo,2000.818772859633,3.8,7.455,2.871,18.726,4997.358224042675,41.98928571428572
REAL,Ultra fijo 1c + oro Robust,2c Ultra escalones 750/1500,6100.0,0,historia,4210.648766972341,0.0,3.2074074074074073,1.0074074074074073,36.074074074074076,6259.144763018042,67.94238683127573
REAL,Ultra fijo 1c + oro Robust,2c Ultra escalones 750/1500,6100.0,0,Monte Carlo,3181.504558269842,4.1000000000000005,5.258,2.453,29.277,5555.6859165977085,58.50396825396825
REAL,Ultra fijo 1c + oro Robust,2c Ultra escalones 750/1500,6100.0,12,historia,2562.0217274618735,0.0,7.103703703703704,1.5037037037037038,21.85185185185185,6708.3929120805815,39.576719576719576
REAL,Ultra fijo 1c + oro Robust,2c Ultra escalones 750/1500,6100.0,12,Monte Carlo,1962.1840567584914,4.1000000000000005,7.162,2.62,18.379,4650.20057537532,44.21071428571429
REAL,Ultra fijo 1c + oro Robust,2c Ultra escalones 750/1500,7100.0,0,historia,4183.20378582354,0.0,3.088888888888889,0.9333333333333333,36.162962962962965,6088.450923462577,69.37095825984714
REAL,Ultra fijo 1c + oro Robust,2c Ultra escalones 750/1500,7100.0,0,Monte Carlo,3442.7332096536556,4.3999999999999995,4.42,1.863,31.685,5408.46030037719,64.72380952380954
REAL,Ultra fijo 1c + oro Robust,2c Ultra escalones 750/1500,7100.0,12,historia,2420.9998940912883,0.0,7.066666666666666,1.511111111111111,21.59259259259259,6224.177784028653,40.38212815990593
REAL,Ultra fijo 1c + oro Robust,2c Ultra escalones 750/1500,7100.0,12,Monte Carlo,1943.0869425550025,4.3999999999999995,6.817,2.261,18.301,4340.225247454263,46.82420634920635
REAL,Ultra fijo 1c + oro Robust,2c Ultra escalones 750/1500,8100.0,0,historia,4079.791361627696,0.0,2.8740740740740742,0.9333333333333333,34.97037037037037,5913.5280163201,69.62669018224574
REAL,Ultra fijo 1c + oro Robust,2c Ultra escalones 750/1500,8100.0,0,Monte Carlo,3543.4762920014145,4.9,3.984,1.572,32.588,5282.684182020606,68.06388888888888
REAL,Ultra fijo 1c + oro Robust,2c Ultra escalones 750/1500,8100.0,12,historia,2348.2340797235934,0.0,6.614814814814815,1.5037037037037038,21.125925925925927,5808.635651626693,41.91651969429748
REAL,Ultra fijo 1c + oro Robust,2c Ultra escalones 750/1500,8100.0,12,Monte Carlo,1899.3122891346975,4.9,6.622,2.137,17.831,4096.787226990592,48.475793650793655
REAL,Ultra fijo 1c + oro Robust,2c Ultra escalones 750/1500,10100.0,0,historia,3922.244595576862,0.0,2.8296296296296295,0.8888888888888888,32.84444444444444,5612.492818097623,70.54379776601999
REAL,Ultra fijo 1c + oro Robust,2c Ultra escalones 750/1500,10100.0,0,Monte Carlo,3555.337874521884,4.9,3.548,1.278,32.724,5044.562458688424,71.39880952380952
REAL,Ultra fijo 1c + oro Robust,2c Ultra escalones 750/1500,10100.0,12,historia,2260.8163414865658,0.0,6.437037037037037,1.3407407407407408,19.83703703703704,5179.721136045511,45.273368606701936
REAL,Ultra fijo 1c + oro Robust,2c Ultra escalones 750/1500,10100.0,12,Monte Carlo,1812.1493208410063,4.9,6.352,1.969,16.995,3727.4968614058657,50.845238095238095
REAL,Ultra fijo 1c + oro Robust,2c Ultra escalones 750/1500,5100.0,0,costo +1 tick,2881.6428787085447,0.0,6.348148148148148,3.0592592592592593,25.118518518518517,5805.503927569486,51.06701940035274
REAL,Ultra fijo 1c + oro Robust,2c Ultra escalones 750/1500,5100.0,12,costo +1 tick,2406.8404203311316,0.0,8.348148148148148,2.674074074074074,20.11111111111111,7800.640672529399,32.25455614344503
REAL,Ultra fijo 1c + oro Robust,2c Ultra escalones 750/1500,6100.0,0,costo +1 tick,3814.489551070413,0.0,4.059259259259259,1.3703703703703705,33.42962962962963,6051.96129558969,63.90652557319224
REAL,Ultra fijo 1c + oro Robust,2c Ultra escalones 750/1500,6100.0,12,costo +1 tick,2388.422542598866,0.0,7.7555555555555555,1.6592592592592592,21.096296296296295,7112.779737947219,35.00587889476778
REAL,Ultra fijo 1c + oro Robust,2c Ultra escalones 750/1500,7100.0,0,costo +1 tick,3793.3268086459307,0.0,3.696296296296296,1.1925925925925926,33.13333333333333,5871.520779466039,65.42915931804819
REAL,Ultra fijo 1c + oro Robust,2c Ultra escalones 750/1500,7100.0,12,costo +1 tick,2294.123131135541,0.0,7.681481481481481,1.674074074074074,20.725925925925925,6577.188593672783,36.40799529688418
REAL,Ultra fijo 1c + oro Robust,2c Ultra escalones 750/1500,8100.0,0,costo +1 tick,3690.295935760311,0.0,3.4814814814814814,1.1925925925925926,32.28148148148148,5694.916777997301,65.59964726631392
REAL,Ultra fijo 1c + oro Robust,2c Ultra escalones 750/1500,8100.0,12,costo +1 tick,2181.739051640829,0.0,7.266666666666667,1.711111111111111,20.177777777777777,5893.412427666514,38.6331569664903
REAL,Ultra fijo 1c + oro Robust,2c Ultra escalones 750/1500,10100.0,0,costo +1 tick,3515.4433868318724,0.0,3.437037037037037,1.1481481481481481,30.288888888888888,5366.407869390825,66.34626690182246
REAL,Ultra fijo 1c + oro Robust,2c Ultra escalones 750/1500,10100.0,12,costo +1 tick,1849.9427968255975,0.0,6.518518518518518,1.9777777777777779,17.081481481481482,4001.7270816926107,48.35978835978836
REAL,Ultra fijo 1c + oro Robust,1c WR70Plus,5100.0,0,historia,1271.6530362875376,0.0,1.9111111111111112,0.3333333333333333,21.022222222222222,1612.1135217082199,80.4320987654321
REAL,Ultra fijo 1c + oro Robust,1c WR70Plus,5100.0,0,Monte Carlo,1197.6131848059654,2.8000000000000003,2.286,0.437,19.5,1501.6503374859988,81.74484126984127
REAL,Ultra fijo 1c + oro Robust,1c WR70Plus,5100.0,12,historia,791.5775269571647,0.0,3.6814814814814816,0.6370370370370371,13.08148148148148,1333.4613735568869,62.974720752498534
REAL,Ultra fijo 1c + oro Robust,1c WR70Plus,5100.0,12,Monte Carlo,778.6834701386252,2.8000000000000003,3.856,0.626,13.157,1182.1566908158236,70.1373015873016
REAL,Ultra fijo 1c + oro Robust,1c WR70Plus,6100.0,0,historia,1196.6530362875376,0.0,1.9111111111111112,0.3333333333333333,19.607407407407408,1518.8671671418347,80.4320987654321
REAL,Ultra fijo 1c + oro Robust,1c WR70Plus,6100.0,0,Monte Carlo,1126.9967636324645,3.9,2.25,0.418,18.357,1410.3266376074655,81.99761904761904
REAL,Ultra fijo 1c + oro Robust,1c WR70Plus,6100.0,12,historia,755.1530186981335,0.0,4.148148148148148,0.5481481481481482,12.607407407407408,1309.2728079170072,61.822457378012935
REAL,Ultra fijo 1c + oro Robust,1c WR70Plus,6100.0,12,Monte Carlo,723.5768553745946,3.9,3.704,0.605,12.234,1080.2283988939603,71.46984126984128
REAL,Ultra fijo 1c + oro Robust,1c WR70Plus,7100.0,0,historia,1121.6530362875376,0.0,1.9111111111111112,0.3333333333333333,18.496296296296297,1425.6208125754495,80.4320987654321
REAL,Ultra fijo 1c + oro Robust,1c WR70Plus,7100.0,0,Monte Carlo,1055.8504271711947,4.8,2.226,0.401,17.231,1319.785821191519,82.20833333333333
REAL,Ultra fijo 1c + oro Robust,1c WR70Plus,7100.0,12,historia,719.0108273763129,0.0,4.2,0.5111111111111111,12.318518518518518,1240.2914573150956,62.40152851263963
REAL,Ultra fijo 1c + oro Robust,1c WR70Plus,7100.0,12,Monte Carlo,675.2651565553307,4.8,3.546,0.562,11.447,991.802954019357,72.76230158730158
REAL,Ultra fijo 1c + oro Robust,1c WR70Plus,8100.0,0,historia,1046.6530362875374,0.0,1.9111111111111112,0.3333333333333333,17.244444444444444,1332.374458009064,80.4320987654321
REAL,Ultra fijo 1c + oro Robust,1c WR70Plus,8100.0,0,Monte Carlo,984.1787934352078,5.4,2.221,0.396,16.074,1232.0891580968373,82.23730158730159
REAL,Ultra fijo 1c + oro Robust,1c WR70Plus,8100.0,12,historia,699.5139214810032,0.0,3.9851851851851854,0.5111111111111111,11.88888888888889,1164.605802649894,64.54144620811287
REAL,Ultra fijo 1c + oro Robust,1c WR70Plus,8100.0,12,Monte Carlo,635.0648730764509,5.4,3.42,0.528,10.774,922.2177314682071,73.71468253968253
REAL,Ultra fijo 1c + oro Robust,1c WR70Plus,10100.0,0,historia,896.6530362875374,0.0,1.9111111111111112,0.3333333333333333,15.074074074074074,1145.8817488762936,80.4320987654321
REAL,Ultra fijo 1c + oro Robust,1c WR70Plus,10100.0,0,Monte Carlo,843.5586501528065,9.0,2.221,0.396,13.833,1061.0960192556734,82.23730158730159
REAL,Ultra fijo 1c + oro Robust,1c WR70Plus,10100.0,12,historia,675.7007827103874,0.0,3.4296296296296296,0.4888888888888889,11.503703703703703,1020.3900943975767,70.61728395061728
REAL,Ultra fijo 1c + oro Robust,1c WR70Plus,10100.0,12,Monte Carlo,564.579193284901,9.0,3.212,0.494,9.588,804.4411035800293,75.40674603174604
REAL,Ultra fijo 1c + oro Robust,1c WR70Plus,5100.0,0,costo +1 tick,1212.20946130002,0.0,1.9777777777777779,0.37037037037037035,19.57777777777778,1560.39213401351,79.34450323339212
REAL,Ultra fijo 1c + oro Robust,1c WR70Plus,5100.0,12,costo +1 tick,779.470554009043,0.0,4.051851851851852,0.5703703703703704,12.674074074074074,1352.6793355011532,61.543209876543216
REAL,Ultra fijo 1c + oro Robust,1c WR70Plus,6100.0,0,costo +1 tick,1137.20946130002,0.0,1.9777777777777779,0.37037037037037035,18.25925925925926,1465.867627660011,79.34450323339212
REAL,Ultra fijo 1c + oro Robust,1c WR70Plus,6100.0,12,costo +1 tick,752.7394105453845,0.0,4.155555555555556,0.6370370370370371,12.422222222222222,1290.3107023850555,62.5514403292181
REAL,Ultra fijo 1c + oro Robust,1c WR70Plus,7100.0,0,costo +1 tick,1062.20946130002,0.0,1.9777777777777779,0.37037037037037035,17.16296296296296,1371.343121306512,79.34450323339212
REAL,Ultra fijo 1c + oro Robust,1c WR70Plus,7100.0,12,costo +1 tick,738.3595120344634,0.0,4.029629629629629,0.6444444444444445,12.133333333333333,1220.6902798300196,64.80599647266314
REAL,Ultra fijo 1c + oro Robust,1c WR70Plus,8100.0,0,costo +1 tick,987.2094613000199,0.0,1.9777777777777779,0.37037037037037035,16.014814814814816,1276.818614953013,79.34450323339212
REAL,Ultra fijo 1c + oro Robust,1c WR70Plus,8100.0,12,costo +1 tick,707.0856024564933,0.0,3.5185185185185186,0.562962962962963,11.696296296296296,1082.4761162520554,69.57378012933567
REAL,Ultra fijo 1c + oro Robust,1c WR70Plus,10100.0,0,costo +1 tick,837.2094613000199,0.0,1.9777777777777779,0.37037037037037035,13.992592592592592,1087.7696022460148,79.34450323339212
REAL,Ultra fijo 1c + oro Robust,1c WR70Plus,10100.0,12,costo +1 tick,656.5932393359257,0.0,3.2444444444444445,0.4444444444444444,11.170370370370371,977.330703251066,71.52557319223986
REAL,WR70Plus fijo 1c + oro WinRate,1c Ultra,5100.0,0,historia,1921.6406729483904,0.0,1.9851851851851852,0.6444444444444445,25.185185185185187,2712.815742454317,71.79306290417401
REAL,WR70Plus fijo 1c + oro WinRate,1c Ultra,5100.0,0,Monte Carlo,1815.2835397665915,3.5000000000000004,2.394,0.662,24.969,2482.4859297692788,74.38531746031745
REAL,WR70Plus fijo 1c + oro WinRate,1c Ultra,5100.0,12,historia,1089.7994087374652,0.0,3.2444444444444445,0.9259259259259259,15.851851851851851,1889.3933332637744,59.92651381540271
REAL,WR70Plus fijo 1c + oro WinRate,1c Ultra,5100.0,12,Monte Carlo,1087.0298962686102,3.5000000000000004,4.117,0.899,15.446,1964.6390792653394,58.07142857142857
REAL,WR70Plus fijo 1c + oro WinRate,1c Ultra,6100.0,0,historia,1915.1122518267455,0.0,1.7555555555555555,0.4148148148148148,25.237037037037037,2581.578222676033,75.0734861845973
REAL,WR70Plus fijo 1c + oro WinRate,1c Ultra,6100.0,0,Monte Carlo,1771.2635322641136,3.9,2.262,0.561,24.347,2381.9498125189957,75.60436507936508
REAL,WR70Plus fijo 1c + oro WinRate,1c Ultra,6100.0,12,historia,1063.427114566285,0.0,3.074074074074074,0.6518518518518519,14.911111111111111,1834.6467352819454,60.155790711346256
REAL,WR70Plus fijo 1c + oro WinRate,1c Ultra,6100.0,12,Monte Carlo,1018.4935225864332,3.9,3.967,0.843,14.514,1801.0854785282354,59.43055555555555
REAL,WR70Plus fijo 1c + oro WinRate,1c Ultra,7100.0,0,historia,1840.112251826746,0.0,1.7555555555555555,0.4148148148148148,24.192592592592593,2481.6761083455717,75.0734861845973
REAL,WR70Plus fijo 1c + oro WinRate,1c Ultra,7100.0,0,Monte Carlo,1708.6658242483397,4.2,2.222,0.53,23.479,2287.499329857402,75.96666666666667
REAL,WR70Plus fijo 1c + oro WinRate,1c Ultra,7100.0,12,historia,959.4172430910888,0.0,3.2888888888888888,0.8814814814814815,13.496296296296297,1748.077431439789,57.34567901234568
REAL,WR70Plus fijo 1c + oro WinRate,1c Ultra,7100.0,12,Monte Carlo,960.9172607026318,4.2,3.874,0.817,13.695,1678.0571348446722,60.284126984126985
REAL,WR70Plus fijo 1c + oro WinRate,1c Ultra,8100.0,0,historia,1765.1122518267457,0.0,1.7555555555555555,0.4148148148148148,23.037037037037038,2381.773994015109,75.0734861845973
REAL,WR70Plus fijo 1c + oro WinRate,1c Ultra,8100.0,0,Monte Carlo,1637.8413890271468,5.0,2.215,0.522,22.545,2191.8464859856963,76.04642857142858
REAL,WR70Plus fijo 1c + oro WinRate,1c Ultra,8100.0,12,historia,940.617306699753,0.0,3.0,0.562962962962963,12.762962962962963,1602.8795390645569,61.13168724279836
REAL,WR70Plus fijo 1c + oro WinRate,1c Ultra,8100.0,12,Monte Carlo,915.6552076718549,5.0,3.787,0.78,13.08,1572.9759966197428,61.36150793650794
REAL,WR70Plus fijo 1c + oro WinRate,1c Ultra,10100.0,0,historia,1615.1122518267455,0.0,1.7555555555555555,0.4148148148148148,20.933333333333334,2181.969765354185,75.0734861845973
REAL,WR70Plus fijo 1c + oro WinRate,1c Ultra,10100.0,0,Monte Carlo,1497.2142260823412,6.2,2.203,0.512,20.597,2003.5598600219337,76.16626984126984
REAL,WR70Plus fijo 1c + oro WinRate,1c Ultra,10100.0,12,historia,885.2588836030606,0.0,3.311111111111111,0.7703703703703704,12.125925925925927,1579.6712781366198,58.78306878306878
REAL,WR70Plus fijo 1c + oro WinRate,1c Ultra,10100.0,12,Monte Carlo,830.4089140926518,6.2,3.601,0.738,11.831,1389.9940496404467,63.131349206349206
REAL,WR70Plus fijo 1c + oro WinRate,1c Ultra,5100.0,0,costo +1 tick,1796.9941301768501,0.0,2.0592592592592593,0.6666666666666666,24.11111111111111,2576.411987569193,70.7936507936508
REAL,WR70Plus fijo 1c + oro WinRate,1c Ultra,5100.0,12,costo +1 tick,1016.1592047431145,0.0,3.362962962962963,0.9481481481481482,15.34074074074074,1800.3581163760175,58.885949441505
REAL,WR70Plus fijo 1c + oro WinRate,1c Ultra,6100.0,0,costo +1 tick,1781.0718897719441,0.0,1.837037037037037,0.4444444444444444,24.103703703703705,2439.9921205515557,73.98001175778954
REAL,WR70Plus fijo 1c + oro WinRate,1c Ultra,6100.0,12,costo +1 tick,970.3868732271077,0.0,2.9925925925925925,0.5555555555555556,14.385185185185184,1634.754125716893,61.754850088183424
REAL,WR70Plus fijo 1c + oro WinRate,1c Ultra,7100.0,0,costo +1 tick,1706.0718897719441,0.0,1.837037037037037,0.4444444444444444,22.866666666666667,2338.6133856500933,73.98001175778954
REAL,WR70Plus fijo 1c + oro WinRate,1c Ultra,7100.0,12,costo +1 tick,913.5062944865522,0.0,3.585185185185185,1.0296296296296297,12.977777777777778,1712.6130694219783,56.0787771898883
REAL,WR70Plus fijo 1c + oro WinRate,1c Ultra,8100.0,0,costo +1 tick,1631.0718897719441,0.0,1.837037037037037,0.4444444444444444,21.637037037037036,2237.234650748631,73.98001175778954
REAL,WR70Plus fijo 1c + oro WinRate,1c Ultra,8100.0,12,costo +1 tick,894.6483802273834,0.0,3.251851851851852,0.674074074074074,12.637037037037038,1557.9438502485016,60.155790711346256
REAL,WR70Plus fijo 1c + oro WinRate,1c Ultra,10100.0,0,costo +1 tick,1481.0718897719441,0.0,1.837037037037037,0.4444444444444444,19.488888888888887,2034.4771809457068,73.98001175778954
REAL,WR70Plus fijo 1c + oro WinRate,1c Ultra,10100.0,12,costo +1 tick,857.9939749876658,0.0,3.4,0.7925925925925926,11.874074074074073,1514.8153754233467,59.57671957671957
REAL,WR70Plus fijo 1c + oro WinRate,Ultra 1c -> 2c desde colchon 3000,5100.0,0,historia,3432.865945683468,0.0,2.4592592592592593,0.8148148148148148,30.725925925925925,5071.664736572369,68.32157554379776
REAL,WR70Plus fijo 1c + oro WinRate,Ultra 1c -> 2c desde colchon 3000,5100.0,0,Monte Carlo,2594.262080862232,4.5,3.728,1.671,23.795,4322.948104634732,61.13968253968254
REAL,WR70Plus fijo 1c + oro WinRate,Ultra 1c -> 2c desde colchon 3000,5100.0,12,historia,1879.0603280707935,0.0,4.229629629629629,0.9777777777777777,18.42962962962963,3701.666068228619,52.25749559082893
REAL,WR70Plus fijo 1c + oro WinRate,Ultra 1c -> 2c desde colchon 3000,5100.0,12,Monte Carlo,1643.2083755380752,4.5,4.911,1.623,15.341,3441.497257677101,49.613888888888894
REAL,WR70Plus fijo 1c + oro WinRate,Ultra 1c -> 2c desde colchon 3000,6100.0,0,historia,3540.8045859035446,0.0,2.437037037037037,0.7851851851851852,30.651851851851852,5142.278093266144,69.47677836566726
REAL,WR70Plus fijo 1c + oro WinRate,Ultra 1c -> 2c desde colchon 3000,6100.0,0,Monte Carlo,2809.362658949725,5.1,3.343,1.374,25.923,4395.879510970607,64.90396825396824
REAL,WR70Plus fijo 1c + oro WinRate,Ultra 1c -> 2c desde colchon 3000,6100.0,12,historia,1893.4667845325705,0.0,4.148148148148148,0.9185185185185185,18.40740740740741,3497.78610693613,55.684891240446795
REAL,WR70Plus fijo 1c + oro WinRate,Ultra 1c -> 2c desde colchon 3000,6100.0,12,Monte Carlo,1628.6023500304457,5.1,4.782,1.467,15.303,3318.69896436326,50.95873015873016
REAL,WR70Plus fijo 1c + oro WinRate,Ultra 1c -> 2c desde colchon 3000,7100.0,0,historia,3496.413554443076,0.0,2.088888888888889,0.7333333333333333,29.31851851851852,5023.58224540726,70.14403292181069
REAL,WR70Plus fijo 1c + oro WinRate,Ultra 1c -> 2c desde colchon 3000,7100.0,0,Monte Carlo,3056.4030069188016,6.0,2.93,1.067,28.024,4486.106739128277,68.98492063492064
REAL,WR70Plus fijo 1c + oro WinRate,Ultra 1c -> 2c desde colchon 3000,7100.0,12,historia,1815.7267686443572,0.0,3.814814814814815,0.9703703703703703,17.444444444444443,3341.527833488524,55.831863609641395
REAL,WR70Plus fijo 1c + oro WinRate,Ultra 1c -> 2c desde colchon 3000,7100.0,12,Monte Carlo,1624.4928749356052,6.0,4.61,1.291,15.236,3193.610651731349,52.75555555555555
REAL,WR70Plus fijo 1c + oro WinRate,Ultra 1c -> 2c desde colchon 3000,8100.0,0,historia,3607.070103396662,0.0,2.088888888888889,0.7333333333333333,31.333333333333332,5161.223865317851,70.41740152851263
REAL,WR70Plus fijo 1c + oro WinRate,Ultra 1c -> 2c desde colchon 3000,8100.0,0,Monte Carlo,3136.4107954818587,6.3,2.746,0.919,28.746,4480.878669021341,70.79722222222222
REAL,WR70Plus fijo 1c + oro WinRate,Ultra 1c -> 2c desde colchon 3000,8100.0,12,historia,1802.1653454100058,0.0,3.9185185185185185,0.7777777777777778,18.11111111111111,3298.309256203818,56.193415637860085
REAL,WR70Plus fijo 1c + oro WinRate,Ultra 1c -> 2c desde colchon 3000,8100.0,12,Monte Carlo,1601.950262935412,6.3,4.515,1.208,15.002,3077.9562125692964,53.96507936507936
REAL,WR70Plus fijo 1c + oro WinRate,Ultra 1c -> 2c desde colchon 3000,10100.0,0,historia,3640.323845862518,0.0,1.8148148148148149,0.45925925925925926,31.05185185185185,4967.781852233495,73.75661375661376
REAL,WR70Plus fijo 1c + oro WinRate,Ultra 1c -> 2c desde colchon 3000,10100.0,0,Monte Carlo,3172.3427357130663,7.000000000000001,2.555,0.777,29.14,4422.720926309497,72.48412698412699
REAL,WR70Plus fijo 1c + oro WinRate,Ultra 1c -> 2c desde colchon 3000,10100.0,12,historia,1763.402150543472,0.0,3.362962962962963,0.6,15.74074074074074,3141.4591100745374,57.533803644914755
REAL,WR70Plus fijo 1c + oro WinRate,Ultra 1c -> 2c desde colchon 3000,10100.0,12,Monte Carlo,1540.8923602524262,7.000000000000001,4.396,1.123,14.459,2886.2443341378594,55.380158730158726
REAL,WR70Plus fijo 1c + oro WinRate,Ultra 1c -> 2c desde colchon 3000,5100.0,0,costo +1 tick,3186.9735475165758,0.0,2.577777777777778,0.8592592592592593,27.733333333333334,4819.150074178127,66.83127572016461
REAL,WR70Plus fijo 1c + oro WinRate,Ultra 1c -> 2c desde colchon 3000,5100.0,12,costo +1 tick,1804.7311311423928,0.0,4.059259259259259,0.8740740740740741,17.444444444444443,3341.6363054596704,55.59670781893004
REAL,WR70Plus fijo 1c + oro WinRate,Ultra 1c -> 2c desde colchon 3000,6100.0,0,costo +1 tick,3223.190130768999,0.0,2.6074074074074076,0.8296296296296296,28.466666666666665,4782.833624617435,68.10405643738977
REAL,WR70Plus fijo 1c + oro WinRate,Ultra 1c -> 2c desde colchon 3000,6100.0,12,costo +1 tick,1736.9069387474772,0.0,3.977777777777778,0.8222222222222222,17.637037037037036,3077.7820904313326,58.12463256907702
REAL,WR70Plus fijo 1c + oro WinRate,Ultra 1c -> 2c desde colchon 3000,7100.0,0,costo +1 tick,3232.676615795794,0.0,2.214814814814815,0.7777777777777778,27.614814814814814,4730.218325064921,68.9535567313345
REAL,WR70Plus fijo 1c + oro WinRate,Ultra 1c -> 2c desde colchon 3000,7100.0,12,costo +1 tick,1705.277728358021,0.0,3.7111111111111112,0.7777777777777778,16.97037037037037,2993.89559530031,58.58024691358025
REAL,WR70Plus fijo 1c + oro WinRate,Ultra 1c -> 2c desde colchon 3000,8100.0,0,costo +1 tick,3328.568766115213,0.0,2.214814814814815,0.7777777777777778,29.474074074074075,4850.263797165161,69.22398589065256
REAL,WR70Plus fijo 1c + oro WinRate,Ultra 1c -> 2c desde colchon 3000,8100.0,12,costo +1 tick,1648.6337957674189,0.0,3.903703703703704,0.7925925925925926,17.340740740740742,2969.446964104534,57.23985890652557
REAL,WR70Plus fijo 1c + oro WinRate,Ultra 1c -> 2c desde colchon 3000,10100.0,0,costo +1 tick,3337.3509714362076,0.0,1.9481481481481482,0.5111111111111111,29.614814814814814,4640.939152499281,72.46031746031746
REAL,WR70Plus fijo 1c + oro WinRate,Ultra 1c -> 2c desde colchon 3000,10100.0,12,costo +1 tick,1465.9821098605498,0.0,3.5481481481481483,0.7777777777777778,14.466666666666667,2691.5659331165466,56.19047619047619
REAL,WR70Plus fijo 1c + oro WinRate,Ultra 1c -> 2c desde colchon 4000,5100.0,0,historia,3053.9576576818067,0.0,2.414814814814815,0.7703703703703704,26.444444444444443,4435.121747267833,69.5708406819518
REAL,WR70Plus fijo 1c + oro WinRate,Ultra 1c -> 2c desde colchon 4000,5100.0,0,Monte Carlo,2701.5399961868743,3.4000000000000004,2.953,1.083,24.547,3985.295149935893,68.75714285714285
REAL,WR70Plus fijo 1c + oro WinRate,Ultra 1c -> 2c desde colchon 4000,5100.0,12,historia,1765.1122570440505,0.0,3.8666666666666667,0.8962962962962963,17.214814814814815,3203.347662948639,56.68136390358613
REAL,WR70Plus fijo 1c + oro WinRate,Ultra 1c -> 2c desde colchon 4000,5100.0,12,Monte Carlo,1668.443156452807,3.4000000000000004,4.376,1.159,15.461,3150.9738026570485,54.7670634920635
REAL,WR70Plus fijo 1c + oro WinRate,Ultra 1c -> 2c desde colchon 4000,6100.0,0,historia,3325.5792448996326,0.0,2.3925925925925924,0.7407407407407407,29.62962962962963,4745.528232349283,70.73780129335685
REAL,WR70Plus fijo 1c + oro WinRate,Ultra 1c -> 2c desde colchon 4000,6100.0,0,Monte Carlo,2810.054154612932,4.0,2.902,1.04,25.696,4107.724021076345,69.33333333333333
REAL,WR70Plus fijo 1c + oro WinRate,Ultra 1c -> 2c desde colchon 4000,6100.0,12,historia,1803.5544657768442,0.0,4.051851851851852,0.837037037037037,18.11111111111111,3213.778147139278,57.7689594356261
REAL,WR70Plus fijo 1c + oro WinRate,Ultra 1c -> 2c desde colchon 4000,6100.0,12,Monte Carlo,1647.801566402912,4.0,4.377,1.125,15.324,3101.084490379655,54.9829365079365
REAL,WR70Plus fijo 1c + oro WinRate,Ultra 1c -> 2c desde colchon 4000,7100.0,0,historia,3414.1415498581646,0.0,2.0444444444444443,0.6888888888888889,29.266666666666666,4818.832023965699,71.4050558495003
REAL,WR70Plus fijo 1c + oro WinRate,Ultra 1c -> 2c desde colchon 4000,7100.0,0,Monte Carlo,3049.3958036801237,4.5,2.591,0.802,27.922,4256.967760200914,72.42936507936508
REAL,WR70Plus fijo 1c + oro WinRate,Ultra 1c -> 2c desde colchon 4000,7100.0,12,historia,1766.9473304354115,0.0,3.585185185185185,0.8592592592592593,17.14814814814815,3040.816842330493,59.650205761316876
REAL,WR70Plus fijo 1c + oro WinRate,Ultra 1c -> 2c desde colchon 4000,7100.0,12,Monte Carlo,1648.4544148813286,4.5,4.291,1.015,15.392,3037.1188350214575,56.12539682539683
REAL,WR70Plus fijo 1c + oro WinRate,Ultra 1c -> 2c desde colchon 4000,8100.0,0,historia,3543.012844305627,0.0,1.7703703703703704,0.4148148148148148,29.814814814814813,4753.782373859858,75.01763668430335
REAL,WR70Plus fijo 1c + oro WinRate,Ultra 1c -> 2c desde colchon 4000,8100.0,0,Monte Carlo,3138.6094284004034,4.5,2.466,0.716,28.705,4309.691914982481,73.57539682539682
REAL,WR70Plus fijo 1c + oro WinRate,Ultra 1c -> 2c desde colchon 4000,8100.0,12,historia,1859.9389971519988,0.0,3.3925925925925924,0.6888888888888889,16.340740740740742,3186.0504909565752,59.77072310405644
REAL,WR70Plus fijo 1c + oro WinRate,Ultra 1c -> 2c desde colchon 4000,8100.0,12,Monte Carlo,1617.4545316709775,4.5,4.226,0.984,15.079,2948.92869921848,56.72380952380952
REAL,WR70Plus fijo 1c + oro WinRate,Ultra 1c -> 2c desde colchon 4000,10100.0,0,historia,3637.666377876658,0.0,1.7703703703703704,0.4148148148148148,31.333333333333332,4879.957414496451,75.01763668430335
REAL,WR70Plus fijo 1c + oro WinRate,Ultra 1c -> 2c desde colchon 4000,10100.0,0,Monte Carlo,3190.526820485582,5.5,2.339,0.617,29.276,4310.232001924156,74.73214285714286
REAL,WR70Plus fijo 1c + oro WinRate,Ultra 1c -> 2c desde colchon 4000,10100.0,12,historia,1687.4196951560032,0.0,3.4074074074074074,0.6370370370370371,15.503703703703703,2985.6923247634772,58.00999412110523
REAL,WR70Plus fijo 1c + oro WinRate,Ultra 1c -> 2c desde colchon 4000,10100.0,12,Monte Carlo,1550.0775372275612,5.5,4.175,0.915,14.534,2785.8231332847336,57.60238095238095
REAL,WR70Plus fijo 1c + oro WinRate,Ultra 1c -> 2c desde colchon 4000,5100.0,0,costo +1 tick,2867.936339684946,0.0,2.488888888888889,0.7925925925925926,25.31111111111111,4247.1909041484905,68.29218106995884
REAL,WR70Plus fijo 1c + oro WinRate,Ultra 1c -> 2c desde colchon 4000,5100.0,12,costo +1 tick,1649.1456408548945,0.0,4.037037037037037,0.9407407407407408,16.755555555555556,3073.4539891652166,55.376249265138156
REAL,WR70Plus fijo 1c + oro WinRate,Ultra 1c -> 2c desde colchon 4000,6100.0,0,costo +1 tick,3097.4804611283757,0.0,2.3555555555555556,0.7111111111111111,27.214814814814815,4460.569650345251,70.13227513227513
REAL,WR70Plus fijo 1c + oro WinRate,Ultra 1c -> 2c desde colchon 4000,6100.0,12,costo +1 tick,1674.7409662203138,0.0,3.7925925925925927,0.7481481481481481,16.866666666666667,2926.552839651538,58.92122281011171
REAL,WR70Plus fijo 1c + oro WinRate,Ultra 1c -> 2c desde colchon 4000,7100.0,0,costo +1 tick,3099.8098467094514,0.0,2.1259259259259258,0.7111111111111111,26.992592592592594,4442.291666042733,70.40564373897708
REAL,WR70Plus fijo 1c + oro WinRate,Ultra 1c -> 2c desde colchon 4000,7100.0,12,costo +1 tick,1588.0724989117514,0.0,3.466666666666667,0.7481481481481481,16.066666666666666,2675.06967760929,61.06114050558496
REAL,WR70Plus fijo 1c + oro WinRate,Ultra 1c -> 2c desde colchon 4000,8100.0,0,costo +1 tick,3144.5979316275807,0.0,2.1259259259259258,0.7111111111111111,26.614814814814814,4472.296561991145,70.9347442680776
REAL,WR70Plus fijo 1c + oro WinRate,Ultra 1c -> 2c desde colchon 4000,8100.0,12,costo +1 tick,1595.576910858508,0.0,3.5555555555555554,0.8592592592592593,15.666666666666666,2718.579322955202,60.40270429159318
REAL,WR70Plus fijo 1c + oro WinRate,Ultra 1c -> 2c desde colchon 4000,10100.0,0,costo +1 tick,3353.992911329153,0.0,1.8592592592592592,0.4444444444444444,29.814814814814813,4571.0689195170735,73.90652557319224
REAL,WR70Plus fijo 1c + oro WinRate,Ultra 1c -> 2c desde colchon 4000,10100.0,12,costo +1 tick,1437.0495789339511,0.0,3.414814814814815,0.7185185185185186,14.222222222222221,2581.072384809678,57.407407407407405
REAL,WR70Plus fijo 1c + oro WinRate,2c Ultra escalones 750/1500,5100.0,0,historia,2590.2974087197103,0.0,4.407407407407407,2.4962962962962965,23.68148148148148,6028.080356306515,43.92710170487948
REAL,WR70Plus fijo 1c + oro WinRate,2c Ultra escalones 750/1500,5100.0,0,Monte Carlo,2559.0125686426995,6.4,5.07,2.628,23.892,5512.8111833109215,47.62261904761905
REAL,WR70Plus fijo 1c + oro WinRate,2c Ultra escalones 750/1500,5100.0,12,historia,1881.99255590745,0.0,4.992592592592593,1.8814814814814815,18.333333333333332,5380.294384144518,36.193415637860085
REAL,WR70Plus fijo 1c + oro WinRate,2c Ultra escalones 750/1500,5100.0,12,Monte Carlo,1657.9667861815294,6.4,6.218,2.56,15.809,4768.108524533537,36.4781746031746
REAL,WR70Plus fijo 1c + oro WinRate,2c Ultra escalones 750/1500,6100.0,0,historia,3869.142892090362,0.0,2.925925925925926,1.0592592592592593,34.577777777777776,5874.604745842058,66.5138154027043
REAL,WR70Plus fijo 1c + oro WinRate,2c Ultra escalones 750/1500,6100.0,0,Monte Carlo,2752.342722705706,7.000000000000001,4.592,2.276,25.611,5386.470101856249,52.21269841269841
REAL,WR70Plus fijo 1c + oro WinRate,2c Ultra escalones 750/1500,6100.0,12,historia,2061.7959361707435,0.0,4.637037037037037,1.0592592592592593,20.05925925925926,4737.319232943753,44.803057025279244
REAL,WR70Plus fijo 1c + oro WinRate,2c Ultra escalones 750/1500,6100.0,12,Monte Carlo,1642.805826107657,7.000000000000001,5.973,2.368,15.582,4470.237068279437,38.49801587301587
REAL,WR70Plus fijo 1c + oro WinRate,2c Ultra escalones 750/1500,7100.0,0,historia,3817.224163021276,0.0,2.785185185185185,0.9851851851851852,33.977777777777774,5683.268511617124,67.8071722516167
REAL,WR70Plus fijo 1c + oro WinRate,2c Ultra escalones 750/1500,7100.0,0,Monte Carlo,3053.631884188795,7.7,3.93,1.764,28.265,5291.445104416408,58.68055555555556
REAL,WR70Plus fijo 1c + oro WinRate,2c Ultra escalones 750/1500,7100.0,12,historia,1963.7619857425454,0.0,4.9185185185185185,1.0666666666666667,19.711111111111112,4136.226290687692,49.032921810699584
REAL,WR70Plus fijo 1c + oro WinRate,2c Ultra escalones 750/1500,7100.0,12,Monte Carlo,1652.0228705535294,7.7,5.724,2.065,15.699,4198.6916300470775,41.12976190476191
REAL,WR70Plus fijo 1c + oro WinRate,2c Ultra escalones 750/1500,8100.0,0,historia,3724.580477545232,0.0,2.5481481481481483,0.9851851851851852,33.11851851851852,5519.098421951683,68.08935920047031
REAL,WR70Plus fijo 1c + oro WinRate,2c Ultra escalones 750/1500,8100.0,0,Monte Carlo,3154.8910057286853,8.3,3.576,1.501,29.106,5172.569770956903,61.89722222222222
REAL,WR70Plus fijo 1c + oro WinRate,2c Ultra escalones 750/1500,8100.0,12,historia,1915.2756250920709,0.0,4.592592592592593,1.1185185185185185,19.17037037037037,3888.5439628302424,50.79952968841858
REAL,WR70Plus fijo 1c + oro WinRate,2c Ultra escalones 750/1500,8100.0,12,Monte Carlo,1628.2538072958712,8.3,5.55,1.908,15.433,3993.983277782991,42.58571428571429
REAL,WR70Plus fijo 1c + oro WinRate,2c Ultra escalones 750/1500,10100.0,0,historia,3550.77855398131,0.7407407407407408,2.5037037037037035,0.9407407407407408,31.251851851851853,5194.149052296202,68.9917695473251
REAL,WR70Plus fijo 1c + oro WinRate,2c Ultra escalones 750/1500,10100.0,0,Monte Carlo,3171.707436020804,9.0,3.246,1.25,29.211,4925.041565591892,65.26190476190476
REAL,WR70Plus fijo 1c + oro WinRate,2c Ultra escalones 750/1500,10100.0,12,historia,1800.0808904899784,0.7407407407407408,4.518518518518518,1.0814814814814815,18.192592592592593,3465.3693783951935,53.650793650793645
REAL,WR70Plus fijo 1c + oro WinRate,2c Ultra escalones 750/1500,10100.0,12,Monte Carlo,1548.8378361682614,9.0,5.324,1.766,14.672,3583.8842458472623,45.16031746031746
REAL,WR70Plus fijo 1c + oro WinRate,2c Ultra escalones 750/1500,5100.0,0,costo +1 tick,2512.9799917148075,0.0,4.340740740740741,2.2814814814814817,23.77037037037037,5306.119283693722,48.430335097001766
REAL,WR70Plus fijo 1c + oro WinRate,2c Ultra escalones 750/1500,5100.0,12,costo +1 tick,1895.5212984619614,0.0,4.962962962962963,1.4666666666666666,18.11111111111111,5146.9844554465135,38.08935920047031
REAL,WR70Plus fijo 1c + oro WinRate,2c Ultra escalones 750/1500,6100.0,0,costo +1 tick,3505.3452272459904,0.0,3.0814814814814815,1.1925925925925926,32.044444444444444,5548.454306849521,63.90358612580835
REAL,WR70Plus fijo 1c + oro WinRate,2c Ultra escalones 750/1500,6100.0,12,costo +1 tick,1775.1663977436963,0.0,5.296296296296297,1.4592592592592593,18.05185185185185,4356.930693739796,42.33392122281011
REAL,WR70Plus fijo 1c + oro WinRate,2c Ultra escalones 750/1500,7100.0,0,costo +1 tick,3456.0620538078115,0.0,2.948148148148148,1.1111111111111112,31.57777777777778,5355.531198276578,65.2527924750147
REAL,WR70Plus fijo 1c + oro WinRate,2c Ultra escalones 750/1500,7100.0,12,costo +1 tick,1695.924699224778,0.0,5.192592592592592,1.5333333333333334,17.696296296296296,3689.759285963656,47.804232804232804
REAL,WR70Plus fijo 1c + oro WinRate,2c Ultra escalones 750/1500,8100.0,0,costo +1 tick,3364.74761773498,0.0,2.7111111111111112,1.1111111111111112,30.82962962962963,5180.965465819144,65.62904174015286
REAL,WR70Plus fijo 1c + oro WinRate,2c Ultra escalones 750/1500,8100.0,12,costo +1 tick,1622.6526791275876,0.0,4.933333333333334,1.5407407407407407,17.37037037037037,3463.3709131672317,48.71546149323927
REAL,WR70Plus fijo 1c + oro WinRate,2c Ultra escalones 750/1500,10100.0,0,costo +1 tick,3189.158850290511,0.0,2.6666666666666665,1.0666666666666667,29.14814814814815,4860.933526275625,66.32569077013521
REAL,WR70Plus fijo 1c + oro WinRate,2c Ultra escalones 750/1500,10100.0,12,costo +1 tick,1439.7057984844257,0.0,5.029629629629629,1.5629629629629629,16.214814814814815,3089.8560729030014,48.724279835390945
REAL,WR70Plus fijo 1c + oro WinRate,1c WR70Plus,5100.0,0,historia,1277.4015944616294,0.0,1.5185185185185186,0.17777777777777778,21.177777777777777,1637.044669445626,79.2445620223398
REAL,WR70Plus fijo 1c + oro WinRate,1c WR70Plus,5100.0,0,Monte Carlo,1118.5339190573811,4.0,2.076,0.417,18.201,1475.9656645201962,77.6234126984127
REAL,WR70Plus fijo 1c + oro WinRate,1c WR70Plus,5100.0,12,historia,749.5897516373352,0.0,2.688888888888889,0.3111111111111111,12.518518518518519,1206.84632269696,65.02645502645503
REAL,WR70Plus fijo 1c + oro WinRate,1c WR70Plus,5100.0,12,Monte Carlo,720.8809816646535,4.0,3.395,0.584,12.147,1168.3527945154829,65.50238095238095
REAL,WR70Plus fijo 1c + oro WinRate,1c WR70Plus,6100.0,0,historia,1202.4015944616294,0.0,1.5185185185185186,0.17777777777777778,19.77037037037037,1542.400951206819,79.2445620223398
REAL,WR70Plus fijo 1c + oro WinRate,1c WR70Plus,6100.0,0,Monte Carlo,1049.7023775200566,5.3,2.039,0.394,17.077,1379.903251437423,78.00396825396825
REAL,WR70Plus fijo 1c + oro WinRate,1c WR70Plus,6100.0,12,historia,737.2759477499976,0.0,2.8074074074074074,0.37037037037037035,12.377777777777778,1195.3193854671078,64.75308641975309
REAL,WR70Plus fijo 1c + oro WinRate,1c WR70Plus,6100.0,12,Monte Carlo,677.6371510902087,5.3,3.241,0.538,11.428,1075.9423105301294,66.9218253968254
REAL,WR70Plus fijo 1c + oro WinRate,1c WR70Plus,7100.0,0,historia,1127.4015944616294,0.0,1.5185185185185186,0.17777777777777778,18.651851851851852,1447.7572329680117,79.2445620223398
REAL,WR70Plus fijo 1c + oro WinRate,1c WR70Plus,7100.0,0,Monte Carlo,979.3769711338759,6.2,2.022,0.379,15.957,1286.5102234063208,78.1829365079365
REAL,WR70Plus fijo 1c + oro WinRate,1c WR70Plus,7100.0,12,historia,720.3876481125093,0.0,2.8666666666666667,0.362962962962963,12.237037037037037,1184.088486281863,64.00646678424457
REAL,WR70Plus fijo 1c + oro WinRate,1c WR70Plus,7100.0,12,Monte Carlo,640.36068577106,6.2,3.108,0.492,10.808,996.6026655418729,68.3345238095238
REAL,WR70Plus fijo 1c + oro WinRate,1c WR70Plus,8100.0,0,historia,1052.4015944616294,0.0,1.5185185185185186,0.17777777777777778,17.40740740740741,1353.1135147292048,79.2445620223398
REAL,WR70Plus fijo 1c + oro WinRate,1c WR70Plus,8100.0,0,Monte Carlo,909.1679874716323,7.3999999999999995,2.017,0.374,14.827,1195.9821934227748,78.22500000000001
REAL,WR70Plus fijo 1c + oro WinRate,1c WR70Plus,8100.0,12,historia,706.1104219839898,0.0,2.837037037037037,0.362962962962963,11.933333333333334,1174.390504221799,63.28630217519107
REAL,WR70Plus fijo 1c + oro WinRate,1c WR70Plus,8100.0,12,Monte Carlo,605.8689062184216,7.3999999999999995,2.994,0.457,10.213,928.9643523090766,69.43650793650794
REAL,WR70Plus fijo 1c + oro WinRate,1c WR70Plus,10100.0,0,historia,902.4015944616294,0.0,1.5185185185185186,0.17777777777777778,14.85925925925926,1163.8260782515906,79.2445620223398
REAL,WR70Plus fijo 1c + oro WinRate,1c WR70Plus,10100.0,0,Monte Carlo,771.6600239739936,11.4,2.017,0.374,12.639,1020.1970051867395,78.22500000000001
REAL,WR70Plus fijo 1c + oro WinRate,1c WR70Plus,10100.0,12,historia,680.6406405963428,0.0,2.77037037037037,0.3037037037037037,11.488888888888889,1081.576681586216,66.28159905937684
REAL,WR70Plus fijo 1c + oro WinRate,1c WR70Plus,10100.0,12,Monte Carlo,535.053798925972,11.4,2.784,0.44,9.041,797.3269995368425,71.67420634920636
REAL,WR70Plus fijo 1c + oro WinRate,1c WR70Plus,5100.0,0,costo +1 tick,1223.5351151854902,0.0,1.511111111111111,0.14814814814814814,19.977777777777778,1580.8511219393922,78.64785420340976
REAL,WR70Plus fijo 1c + oro WinRate,1c WR70Plus,5100.0,12,costo +1 tick,750.7888975941397,0.0,2.837037037037037,0.3111111111111111,12.466666666666667,1237.915729744268,63.64785420340976
REAL,WR70Plus fijo 1c + oro WinRate,1c WR70Plus,6100.0,0,costo +1 tick,1148.5351151854902,0.0,1.511111111111111,0.14814814814814814,18.614814814814814,1485.4893339292262,78.64785420340976
REAL,WR70Plus fijo 1c + oro WinRate,1c WR70Plus,6100.0,12,costo +1 tick,734.4526391121194,0.0,2.8444444444444446,0.2814814814814815,12.296296296296296,1160.5201707525885,66.49323927101705
REAL,WR70Plus fijo 1c + oro WinRate,1c WR70Plus,7100.0,0,costo +1 tick,1073.5351151854902,0.0,1.511111111111111,0.14814814814814814,17.496296296296297,1390.1275459190604,78.64785420340976
REAL,WR70Plus fijo 1c + oro WinRate,1c WR70Plus,7100.0,12,costo +1 tick,722.1091738357956,0.0,2.925925925925926,0.32592592592592595,12.08148148148148,1162.7846043913232,65.39388594944151
REAL,WR70Plus fijo 1c + oro WinRate,1c WR70Plus,8100.0,0,costo +1 tick,998.5351151854902,0.0,1.511111111111111,0.14814814814814814,16.274074074074075,1294.7657579088943,78.64785420340976
REAL,WR70Plus fijo 1c + oro WinRate,1c WR70Plus,8100.0,12,costo +1 tick,698.6785307060054,0.0,2.814814814814815,0.28888888888888886,11.792592592592593,1128.2817159497813,65.18812463256907
REAL,WR70Plus fijo 1c + oro WinRate,1c WR70Plus,10100.0,0,costo +1 tick,848.5351151854902,0.0,1.511111111111111,0.14814814814814814,13.896296296296295,1104.0421818885625,78.64785420340976
REAL,WR70Plus fijo 1c + oro WinRate,1c WR70Plus,10100.0,12,costo +1 tick,675.1298954698774,0.0,2.6,0.2518518518518518,11.303703703703704,1035.2815536147805,68.49794238683128
