per,eval,fprof,B,test,mo,ploss,evals,passes,fbust,payouts,eval_days,funded_share,cash_fm
IS,Estable C1200 (Ultra/Estable + oro WR x2) 1c,1c Ultra,2100.0,historia,1362.4334592480961,0.0,1.628099173553719,1.5082644628099173,0.6198347107438017,21.81404958677686,53.59504132231405,69.6904105995015,1985.5449430302563
IS,Estable C1200 (Ultra/Estable + oro WR x2) 1c,1c Ultra,2100.0,costo +1 tick,1169.678940641322,0.0,1.8181818181818181,1.5702479338842976,0.8057851239669421,18.669421487603305,53.929752066115704,64.78584546766365,1842.1721763666603
IS,Estable C1200 (Ultra/Estable + oro WR x2) 1c,1c Ultra,2100.0,Monte Carlo,1055.5173417365113,3.2,2.143,1.734,0.982,16.812,47.03816666666666,63.371428571428574,1709.8477176485376
IS,Estable C1200 (Ultra/Estable + oro WR x2) 1c,1c Ultra,3100.0,historia,1388.3851440240694,0.0,1.2066115702479339,1.1694214876033058,0.19834710743801653,21.96694214876033,54.59090909090909,72.95356158992523,1924.747215625171
IS,Estable C1200 (Ultra/Estable + oro WR x2) 1c,1c Ultra,3100.0,costo +1 tick,1250.2201548552875,0.0,1.243801652892562,1.2024793388429753,0.23140495867768596,19.479338842975206,57.54132231404959,71.05634264725174,1782.3788549995354
IS,Estable C1200 (Ultra/Estable + oro WR x2) 1c,1c Ultra,3100.0,Monte Carlo,1146.2301463710426,4.1000000000000005,1.551,1.324,0.427,18.082,47.583,71.8015873015873,1624.6470867995065
IS,Estable C1200 (Ultra/Estable + oro WR x2) 1c,1c Ultra,4100.0,historia,1364.7913538346443,0.0,1.06198347107438,1.0537190082644627,0.05371900826446281,21.318181818181817,50.69214876033058,78.68129345402072,1752.240687790508
IS,Estable C1200 (Ultra/Estable + oro WR x2) 1c,1c Ultra,4100.0,costo +1 tick,1211.8578122284296,3.71900826446281,1.115702479338843,1.103305785123967,0.10330578512396695,18.822314049586776,54.256198347107436,76.11504656959202,1611.317308391972
IS,Estable C1200 (Ultra/Estable + oro WR x2) 1c,1c Ultra,4100.0,Monte Carlo,1112.559110313054,4.6,1.385,1.226,0.272,17.529,47.81058333333333,74.0015873015873,1527.912532972746
IS,Estable C1200 (Ultra/Estable + oro WR x2) 1c,1c Ultra,5100.0,historia,1289.7262843743665,2.066115702479339,1.06198347107438,1.0537190082644627,0.05371900826446281,19.983471074380166,50.69214876033058,78.68129345402072,1656.8367281388485
IS,Estable C1200 (Ultra/Estable + oro WR x2) 1c,1c Ultra,5100.0,costo +1 tick,1142.5135626236763,6.198347107438017,1.115702479338843,1.103305785123967,0.10330578512396695,17.863636363636363,54.256198347107436,76.11504656959202,1520.2127860537353
IS,Estable C1200 (Ultra/Estable + oro WR x2) 1c,1c Ultra,5100.0,Monte Carlo,1051.2258647052247,5.6000000000000005,1.337,1.197,0.226,16.578,47.88925,74.61031746031746,1432.4001260821658
IS,Estable C1200 (Ultra/Estable + oro WR x2) 1c,1c Ultra,6100.0,historia,1218.0637891748559,9.50413223140496,1.06198347107438,1.0537190082644627,0.05371900826446281,18.89669421487603,50.69214876033058,78.68129345402072,1565.7572706800202
IS,Estable C1200 (Ultra/Estable + oro WR x2) 1c,1c Ultra,6100.0,costo +1 tick,1075.2132476757874,15.702479338842975,1.115702479338843,1.103305785123967,0.10330578512396695,16.834710743801654,54.256198347107436,76.11504656959202,1431.793586459137
IS,Estable C1200 (Ultra/Estable + oro WR x2) 1c,1c Ultra,6100.0,Monte Carlo,980.846610311808,6.6000000000000005,1.334,1.195,0.223,15.488,47.86575,74.65674603174604,1337.1862960032724
IS,Estable C1200 (Ultra/Estable + oro WR x2) 1c,1c Ultra escalones 750/1500,2100.0,historia,1126.685651808811,12.396694214876034,1.8471074380165289,1.6528925619834711,0.8471074380165289,17.392561983471076,50.91597796143251,64.21192443919716,1792.271426489658
IS,Estable C1200 (Ultra/Estable + oro WR x2) 1c,1c Ultra escalones 750/1500,2100.0,costo +1 tick,1046.1033981534076,14.46280991735537,1.859504132231405,1.5578512396694215,0.8512396694214877,16.301652892561982,54.913223140495866,59.86488259215532,1788.079862851633
IS,Estable C1200 (Ultra/Estable + oro WR x2) 1c,1c Ultra escalones 750/1500,2100.0,Monte Carlo,991.1780812106559,3.5999999999999996,1.906,1.568,0.765,15.642,46.91325,66.96984126984128,1517.272394972182
IS,Estable C1200 (Ultra/Estable + oro WR x2) 1c,1c Ultra escalones 750/1500,3100.0,historia,1244.3296230819171,14.46280991735537,1.6611570247933884,1.5082644628099173,0.6611570247933884,19.727272727272727,49.384986225895325,70.11511216056671,1805.6921755426374
IS,Estable C1200 (Ultra/Estable + oro WR x2) 1c,1c Ultra escalones 750/1500,3100.0,costo +1 tick,1139.622917731521,16.94214876033058,1.6446280991735538,1.5041322314049588,0.6363636363636364,17.96694214876033,56.10537190082645,64.54151908697364,1799.0591975340215
IS,Estable C1200 (Ultra/Estable + oro WR x2) 1c,1c Ultra escalones 750/1500,3100.0,Monte Carlo,1116.256700795123,4.8,1.461,1.277,0.345,17.603,47.82908333333333,73.0234126984127,1554.8046973430514
IS,Estable C1200 (Ultra/Estable + oro WR x2) 1c,1c Ultra escalones 750/1500,4100.0,historia,1245.2819366084293,15.289256198347106,1.396694214876033,1.322314049586777,0.3925619834710744,19.49586776859504,49.324380165289256,73.35858585858585,1722.4369005996928
IS,Estable C1200 (Ultra/Estable + oro WR x2) 1c,1c Ultra escalones 750/1500,4100.0,costo +1 tick,1111.5910848967137,19.834710743801654,1.4338842975206612,1.3677685950413223,0.4256198347107438,17.429752066115704,53.45867768595041,70.1741440377804,1610.7799911517977
IS,Estable C1200 (Ultra/Estable + oro WR x2) 1c,1c Ultra escalones 750/1500,4100.0,Monte Carlo,1086.6442493812647,5.7,1.345,1.206,0.235,17.111,47.839333333333336,74.60753968253968,1480.066676120433
IS,Estable C1200 (Ultra/Estable + oro WR x2) 1c,1c Ultra escalones 750/1500,5100.0,historia,1189.749720778903,15.289256198347106,1.396694214876033,1.322314049586777,0.3925619834710744,18.43801652892562,49.324380165289256,73.35858585858585,1646.737219124676
IS,Estable C1200 (Ultra/Estable + oro WR x2) 1c,1c Ultra escalones 750/1500,5100.0,costo +1 tick,1062.0303189437088,20.24793388429752,1.4338842975206612,1.3677685950413223,0.4256198347107438,16.66115702479339,53.45867768595041,70.1741440377804,1540.1545968095138
IS,Estable C1200 (Ultra/Estable + oro WR x2) 1c,1c Ultra escalones 750/1500,5100.0,Monte Carlo,1025.7077855204054,6.7,1.315,1.185,0.208,16.178,47.8575,74.96825396825396,1391.1386669020865
IS,Estable C1200 (Ultra/Estable + oro WR x2) 1c,1c Ultra escalones 750/1500,6100.0,historia,1126.2715978694007,16.94214876033058,1.396694214876033,1.322314049586777,0.3925619834710744,17.55785123966942,49.324380165289256,73.35858585858585,1560.205939702428
IS,Estable C1200 (Ultra/Estable + oro WR x2) 1c,1c Ultra escalones 750/1500,6100.0,costo +1 tick,1002.3091992801706,20.66115702479339,1.4338842975206612,1.3677685950413223,0.4256198347107438,15.801652892561984,53.45867768595041,70.1741440377804,1455.0504313331446
IS,Estable C1200 (Ultra/Estable + oro WR x2) 1c,1c Ultra escalones 750/1500,6100.0,Monte Carlo,957.15255723079,8.1,1.311,1.184,0.205,15.114,47.854,75.06071428571428,1298.022296353529
IS,Estable C1200 (Ultra/Estable + oro WR x2) 1c,1c WR70Plus,2100.0,historia,985.8003344301188,2.479338842975207,1.322314049586777,1.2396694214876034,0.3140495867768595,16.425619834710744,55.11776859504132,71.26951331496787,1407.475038420872
IS,Estable C1200 (Ultra/Estable + oro WR x2) 1c,1c WR70Plus,2100.0,costo +1 tick,915.6393347558566,14.46280991735537,1.3305785123966942,1.2024793388429753,0.32231404958677684,15.537190082644628,58.510330578512395,69.10829069919978,1350.1241710938702
IS,Estable C1200 (Ultra/Estable + oro WR x2) 1c,1c WR70Plus,2100.0,Monte Carlo,858.3452093923173,2.5,1.619,1.374,0.498,15.165,47.454,70.92738095238096,1240.038916211327
IS,Estable C1200 (Ultra/Estable + oro WR x2) 1c,1c WR70Plus,3100.0,historia,960.9401615969077,10.743801652892563,1.0578512396694215,1.0495867768595042,0.049586776859504134,15.71900826446281,51.18388429752066,78.34677948314311,1244.1869192495828
IS,Estable C1200 (Ultra/Estable + oro WR x2) 1c,1c WR70Plus,3100.0,costo +1 tick,887.2508788570227,16.115702479338843,1.0867768595041323,1.0743801652892562,0.0743801652892562,14.884297520661157,54.61776859504132,76.08553063098518,1184.810745608118
IS,Estable C1200 (Ultra/Estable + oro WR x2) 1c,1c WR70Plus,3100.0,Monte Carlo,852.8619895775836,3.3000000000000003,1.291,1.155,0.187,14.975,47.54266666666667,75.83531746031746,1146.896462015913
IS,Estable C1200 (Ultra/Estable + oro WR x2) 1c,1c WR70Plus,4100.0,historia,894.4791417587558,13.636363636363635,1.0578512396694215,1.0495867768595042,0.049586776859504134,14.665289256198347,51.18388429752066,78.34677948314311,1159.3576253378255
IS,Estable C1200 (Ultra/Estable + oro WR x2) 1c,1c WR70Plus,4100.0,costo +1 tick,824.4291016577523,17.355371900826448,1.0867768595041323,1.0743801652892562,0.0743801652892562,13.739669421487603,54.61776859504132,76.08553063098518,1102.2434339546633
IS,Estable C1200 (Ultra/Estable + oro WR x2) 1c,1c WR70Plus,4100.0,Monte Carlo,787.4301419556896,4.6,1.24,1.121,0.139,13.846,47.68983333333333,76.44880952380953,1051.2308566933666
IS,Estable C1200 (Ultra/Estable + oro WR x2) 1c,1c WR70Plus,5100.0,historia,829.86870504442,14.049586776859504,1.0578512396694215,1.0495867768595042,0.049586776859504134,13.409090909090908,51.18388429752066,78.34677948314311,1076.8903725157268
IS,Estable C1200 (Ultra/Estable + oro WR x2) 1c,1c WR70Plus,5100.0,costo +1 tick,762.5617085993617,19.834710743801654,1.0867768595041323,1.0743801652892562,0.0743801652892562,12.65702479338843,54.61776859504132,76.08553063098518,1020.9304792505059
IS,Estable C1200 (Ultra/Estable + oro WR x2) 1c,1c WR70Plus,5100.0,Monte Carlo,716.2380663750014,6.4,1.232,1.118,0.132,12.626,47.703833333333336,76.52936507936508,956.9617261062791
IS,Estable C1200 (Ultra/Estable + oro WR x2) 1c,1c WR70Plus,6100.0,historia,765.8436915193871,17.355371900826448,1.0578512396694215,1.0495867768595042,0.049586776859504134,12.330578512396695,51.18388429752066,78.34677948314311,995.1703401833088
IS,Estable C1200 (Ultra/Estable + oro WR x2) 1c,1c WR70Plus,6100.0,costo +1 tick,702.5490792761984,20.24793388429752,1.0867768595041323,1.0743801652892562,0.0743801652892562,11.71900826446281,54.61776859504132,76.08553063098518,942.0552597107691
IS,Estable C1200 (Ultra/Estable + oro WR x2) 1c,1c WR70Plus,6100.0,Monte Carlo,646.2154692471784,7.6,1.231,1.117,0.131,11.414,47.706833333333336,76.5468253968254,865.2495373217397
IS,Estable C1200 (Ultra/Estable + oro WR x2) 1c,2c Ultra,2100.0,historia,686.3483260844364,15.702479338842975,5.466942148760331,4.570247933884297,4.2809917355371905,9.020661157024794,39.234400826446276,25.42962088416634,2980.280972268072
IS,Estable C1200 (Ultra/Estable + oro WR x2) 1c,2c Ultra,2100.0,costo +1 tick,294.98746873774144,26.859504132231404,5.512396694214876,4.520661157024794,4.322314049586777,4.479338842975206,45.11760625737898,18.012921422012333,2038.0258346383641
IS,Estable C1200 (Ultra/Estable + oro WR x2) 1c,2c Ultra,2100.0,Monte Carlo,819.4963436069885,8.200000000000001,4.627,3.599,3.323,9.513,45.9734238095238,24.916269841269845,3531.9609738801564
IS,Estable C1200 (Ultra/Estable + oro WR x2) 1c,2c Ultra,3100.0,historia,1466.2844833438394,13.636363636363635,4.2727272727272725,3.669421487603306,3.2520661157024793,15.359504132231406,40.553532073986624,36.744064016791285,4142.671855241017
IS,Estable C1200 (Ultra/Estable + oro WR x2) 1c,2c Ultra,3100.0,costo +1 tick,1192.7848397994503,23.96694214876033,4.243801652892562,3.5041322314049586,3.115702479338843,12.041322314049587,44.4663616686344,33.166076347894524,3763.809436879743
IS,Estable C1200 (Ultra/Estable + oro WR x2) 1c,2c Ultra,3100.0,Monte Carlo,1318.2147184070905,10.299999999999999,3.734,2.911,2.467,14.668,46.85766666666667,38.30555555555556,3568.850171331055
IS,Estable C1200 (Ultra/Estable + oro WR x2) 1c,2c Ultra,4100.0,historia,1864.4278102952258,17.355371900826448,3.6363636363636362,3.1611570247933884,2.6198347107438016,19.289256198347108,45.04070247933885,45.646399055489965,4188.72815256831
IS,Estable C1200 (Ultra/Estable + oro WR x2) 1c,2c Ultra,4100.0,costo +1 tick,1539.679028408061,24.380165289256198,3.5867768595041323,2.9545454545454546,2.4628099173553717,16.28099173553719,48.661806375442744,40.18267086448905,3948.4832429478556
IS,Estable C1200 (Ultra/Estable + oro WR x2) 1c,2c Ultra,4100.0,Monte Carlo,1662.199959708901,11.4,3.023,2.424,1.81,18.334,46.87986666666667,49.023809523809526,3471.2742500133
IS,Estable C1200 (Ultra/Estable + oro WR x2) 1c,2c Ultra,5100.0,historia,2157.6137868058745,17.355371900826448,2.8181818181818183,2.549586776859504,1.7975206611570247,22.380165289256198,45.00282369146006,53.03522235340417,4137.787872942196
IS,Estable C1200 (Ultra/Estable + oro WR x2) 1c,2c Ultra,5100.0,costo +1 tick,1829.599058689559,24.380165289256198,3.06198347107438,2.5702479338842976,1.9421487603305785,19.10330578512397,48.08050964187328,47.720713629804536,3917.921311082539
IS,Estable C1200 (Ultra/Estable + oro WR x2) 1c,2c Ultra,5100.0,Monte Carlo,1806.938852854967,12.7,2.607,2.143,1.41,19.803,47.22338333333333,54.86150793650794,3355.8084203329577
IS,Estable C1200 (Ultra/Estable + oro WR x2) 1c,2c Ultra,6100.0,historia,2095.6303157314946,17.355371900826448,2.8181818181818183,2.549586776859504,1.7975206611570247,21.892561983471076,44.96219008264463,53.09097468188378,4016.693120874987
IS,Estable C1200 (Ultra/Estable + oro WR x2) 1c,2c Ultra,6100.0,costo +1 tick,1794.4896173849745,24.380165289256198,2.8801652892561984,2.5,1.756198347107438,18.855371900826448,48.05847107438017,49.73435655253837,3683.9157212860296
IS,Estable C1200 (Ultra/Estable + oro WR x2) 1c,2c Ultra,6100.0,Monte Carlo,1884.6795141301236,13.100000000000001,2.333,1.959,1.15,20.619,47.54183333333334,58.63492063492063,3266.3179382836433
IS,Estable C1200 (Ultra/Estable + oro WR x2) 1c,2c Ultra escalones 750/1500,2100.0,historia,1144.6566651781727,8.677685950413224,4.25206611570248,3.5041322314049586,3.053719008264463,13.020661157024794,40.99173553719008,36.63091958546504,3276.706883442664
IS,Estable C1200 (Ultra/Estable + oro WR x2) 1c,2c Ultra escalones 750/1500,2100.0,costo +1 tick,801.5376563509634,19.834710743801654,4.425619834710743,3.5702479338842976,3.2231404958677685,9.144628099173554,44.87723337268792,29.471664698937428,2916.155312686093
IS,Estable C1200 (Ultra/Estable + oro WR x2) 1c,2c Ultra escalones 750/1500,2100.0,Monte Carlo,868.6237037664832,8.0,4.344,3.389,3.059,10.004,46.316738095238094,29.348809523809525,3153.305768725291
IS,Estable C1200 (Ultra/Estable + oro WR x2) 1c,2c Ultra escalones 750/1500,3100.0,historia,1944.0661579936004,9.50413223140496,3.074380165289256,2.5826446280991737,2.053719008264463,20.24793388429752,43.53202479338843,45.887445887445885,4324.253093877992
IS,Estable C1200 (Ultra/Estable + oro WR x2) 1c,2c Ultra escalones 750/1500,3100.0,costo +1 tick,1205.4904299117316,19.834710743801654,4.016528925619835,3.2231404958677685,2.8388429752066116,11.314049586776859,44.098829201101935,35.42404565131838,3551.3730675247434
IS,Estable C1200 (Ultra/Estable + oro WR x2) 1c,2c Ultra escalones 750/1500,3100.0,Monte Carlo,1345.958733170274,9.8,3.477,2.74,2.25,14.89,46.65428333333334,41.886111111111106,3321.982982567137
IS,Estable C1200 (Ultra/Estable + oro WR x2) 1c,2c Ultra escalones 750/1500,4100.0,historia,2334.558780815844,13.636363636363635,2.4710743801652892,2.1735537190082646,1.4462809917355373,24.549586776859503,51.79304407713498,55.24235865144956,4284.553969820221
IS,Estable C1200 (Ultra/Estable + oro WR x2) 1c,2c Ultra escalones 750/1500,4100.0,costo +1 tick,2048.174402964542,20.24793388429752,2.772727272727273,2.2520661157024793,1.6487603305785123,21.140495867768596,53.622382920110184,49.49330972058245,4211.58118114136
IS,Estable C1200 (Ultra/Estable + oro WR x2) 1c,2c Ultra escalones 750/1500,4100.0,Monte Carlo,1654.6522156034362,11.4,2.914,2.338,1.711,18.246,46.49283333333334,50.792857142857144,3332.7068886394
IS,Estable C1200 (Ultra/Estable + oro WR x2) 1c,2c Ultra escalones 750/1500,5100.0,historia,2459.7509517065255,14.049586776859504,2.206611570247934,1.962809917355372,1.1859504132231404,25.446280991735538,51.59090909090909,57.29371638462548,4343.619062360353
IS,Estable C1200 (Ultra/Estable + oro WR x2) 1c,2c Ultra escalones 750/1500,5100.0,costo +1 tick,2144.771435349507,22.31404958677686,2.5826446280991737,2.128099173553719,1.4669421487603307,22.177685950413224,54.65234159779614,52.16614193886922,4176.197347416287
IS,Estable C1200 (Ultra/Estable + oro WR x2) 1c,2c Ultra escalones 750/1500,5100.0,Monte Carlo,1798.8653450195945,12.2,2.512,2.08,1.321,19.72,47.00751666666666,56.31428571428572,3252.6927317276754
IS,Estable C1200 (Ultra/Estable + oro WR x2) 1c,2c Ultra escalones 750/1500,6100.0,historia,2403.936327218861,15.289256198347106,2.206611570247934,1.962809917355372,1.1859504132231404,24.628099173553718,51.554752066115704,57.34782893873803,4242.194006208076
IS,Estable C1200 (Ultra/Estable + oro WR x2) 1c,2c Ultra escalones 750/1500,6100.0,costo +1 tick,2114.8438998284255,22.727272727272727,2.4008264462809916,2.053719008264463,1.2768595041322315,21.727272727272727,54.798691460055096,54.11255411255412,3966.2787087011125
IS,Estable C1200 (Ultra/Estable + oro WR x2) 1c,2c Ultra escalones 750/1500,6100.0,Monte Carlo,1880.4853592599766,12.7,2.255,1.906,1.077,20.581,47.232699999999994,59.980952380952374,3184.324689938037
IS,Estable C1200 (Ultra/Estable + oro WR x2) 1c,Ultra 1c -> 2c desde colchon 3000,2100.0,historia,1362.4334592480961,0.0,1.628099173553719,1.5082644628099173,0.6198347107438017,21.81404958677686,53.59504132231405,69.6904105995015,1985.5449430302563
IS,Estable C1200 (Ultra/Estable + oro WR x2) 1c,Ultra 1c -> 2c desde colchon 3000,2100.0,costo +1 tick,1169.678940641322,0.0,1.8181818181818181,1.5702479338842976,0.8057851239669421,18.669421487603305,53.929752066115704,64.78584546766365,1842.1721763666603
IS,Estable C1200 (Ultra/Estable + oro WR x2) 1c,Ultra 1c -> 2c desde colchon 3000,2100.0,Monte Carlo,1055.5173417365113,3.2,2.143,1.734,0.982,16.812,47.03816666666666,63.371428571428574,1709.8477176485376
IS,Estable C1200 (Ultra/Estable + oro WR x2) 1c,Ultra 1c -> 2c desde colchon 3000,3100.0,historia,1558.9026815724928,0.0,1.21900826446281,1.1818181818181819,0.21074380165289255,16.954545454545453,55.02479338842975,72.45179063360881,2173.654176466977
IS,Estable C1200 (Ultra/Estable + oro WR x2) 1c,Ultra 1c -> 2c desde colchon 3000,3100.0,costo +1 tick,1386.5418726200078,0.0,1.2685950413223142,1.2272727272727273,0.256198347107438,15.677685950413224,57.41115702479339,70.93827889282434,1977.9720431764997
IS,Estable C1200 (Ultra/Estable + oro WR x2) 1c,Ultra 1c -> 2c desde colchon 3000,3100.0,Monte Carlo,1298.926288561527,4.2,1.804,1.494,0.661,14.875,47.27825,68.37261904761905,1934.2956878304853
IS,Estable C1200 (Ultra/Estable + oro WR x2) 1c,Ultra 1c -> 2c desde colchon 3000,4100.0,historia,2008.2405616895883,0.0,1.21900826446281,1.1818181818181819,0.21074380165289255,20.297520661157026,55.02479338842975,72.45179063360881,2793.842961571561
IS,Estable C1200 (Ultra/Estable + oro WR x2) 1c,Ultra 1c -> 2c desde colchon 3000,4100.0,costo +1 tick,1749.5185325894151,3.3057851239669422,1.2685950413223142,1.2272727272727273,0.256198347107438,17.136363636363637,57.41528925619835,70.93499934409026,2489.766688814649
IS,Estable C1200 (Ultra/Estable + oro WR x2) 1c,Ultra 1c -> 2c desde colchon 3000,4100.0,Monte Carlo,1632.9963941703338,4.8,1.604,1.36,0.471,17.678,47.4515,71.07896825396826,2326.964081593377
IS,Estable C1200 (Ultra/Estable + oro WR x2) 1c,Ultra 1c -> 2c desde colchon 3000,5100.0,historia,2291.215399533428,1.2396694214876034,1.21900826446281,1.1818181818181819,0.21074380165289255,23.21900826446281,55.02892561983471,72.44851108487472,3184.5569445735046
IS,Estable C1200 (Ultra/Estable + oro WR x2) 1c,Ultra 1c -> 2c desde colchon 3000,5100.0,costo +1 tick,2020.5315402232584,4.545454545454546,1.2685950413223142,1.2272727272727273,0.256198347107438,20.888429752066116,57.45661157024794,70.89072543617999,2873.618487439286
IS,Estable C1200 (Ultra/Estable + oro WR x2) 1c,Ultra 1c -> 2c desde colchon 3000,5100.0,Monte Carlo,1818.674036695347,5.800000000000001,1.51,1.301,0.386,19.672,47.54325,72.46468253968253,2537.0012061005496
IS,Estable C1200 (Ultra/Estable + oro WR x2) 1c,Ultra 1c -> 2c desde colchon 3000,6100.0,historia,2450.013752006006,2.8925619834710745,1.103305785123967,1.0950413223140496,0.09504132231404959,24.950413223140497,51.93595041322314,77.00544405089859,3200.356416011888
IS,Estable C1200 (Ultra/Estable + oro WR x2) 1c,Ultra 1c -> 2c desde colchon 3000,6100.0,costo +1 tick,2149.7193227581415,8.264462809917356,1.1570247933884297,1.1446280991735538,0.1446280991735537,21.99586776859504,54.56198347107438,75.32467532467531,2874.034377810051
IS,Estable C1200 (Ultra/Estable + oro WR x2) 1c,Ultra 1c -> 2c desde colchon 3000,6100.0,Monte Carlo,1927.1852398735803,6.3,1.432,1.256,0.313,20.876,47.74575,73.37857142857142,2651.8921468798594
IS,Estable C1200 (Ultra/Estable + oro WR x2) 1c,Ultra 1c -> 2c desde colchon 4000,2100.0,historia,1362.4334592480961,0.0,1.628099173553719,1.5082644628099173,0.6198347107438017,21.81404958677686,53.59504132231405,69.6904105995015,1985.5449430302563
IS,Estable C1200 (Ultra/Estable + oro WR x2) 1c,Ultra 1c -> 2c desde colchon 4000,2100.0,costo +1 tick,1169.678940641322,0.0,1.8181818181818181,1.5702479338842976,0.8057851239669421,18.669421487603305,53.929752066115704,64.78584546766365,1842.1721763666603
IS,Estable C1200 (Ultra/Estable + oro WR x2) 1c,Ultra 1c -> 2c desde colchon 4000,2100.0,Monte Carlo,1055.5173417365113,3.2,2.143,1.734,0.982,16.812,47.03816666666666,63.371428571428574,1709.8477176485376
IS,Estable C1200 (Ultra/Estable + oro WR x2) 1c,Ultra 1c -> 2c desde colchon 4000,3100.0,historia,1388.3851440240694,0.0,1.2066115702479339,1.1694214876033058,0.19834710743801653,21.96694214876033,54.59090909090909,72.95356158992523,1924.747215625171
IS,Estable C1200 (Ultra/Estable + oro WR x2) 1c,Ultra 1c -> 2c desde colchon 4000,3100.0,costo +1 tick,1250.2201548552875,0.0,1.243801652892562,1.2024793388429753,0.23140495867768596,19.479338842975206,57.54132231404959,71.05634264725174,1782.3788549995354
IS,Estable C1200 (Ultra/Estable + oro WR x2) 1c,Ultra 1c -> 2c desde colchon 4000,3100.0,Monte Carlo,1146.2301463710426,4.1000000000000005,1.551,1.324,0.427,18.082,47.583,71.8015873015873,1624.6470867995065
IS,Estable C1200 (Ultra/Estable + oro WR x2) 1c,Ultra 1c -> 2c desde colchon 4000,4100.0,historia,1569.737251979441,0.0,1.06198347107438,1.0537190082644627,0.05371900826446281,16.49586776859504,50.69214876033058,78.68129345402072,2012.7167033056337
IS,Estable C1200 (Ultra/Estable + oro WR x2) 1c,Ultra 1c -> 2c desde colchon 4000,4100.0,costo +1 tick,1394.5716294329522,3.71900826446281,1.115702479338843,1.103305785123967,0.10330578512396695,15.50413223140496,54.256198347107436,76.11504656959202,1851.3668458214304
IS,Estable C1200 (Ultra/Estable + oro WR x2) 1c,Ultra 1c -> 2c desde colchon 4000,4100.0,Monte Carlo,1324.8572112410425,4.8,1.437,1.253,0.32,15.062,47.865916666666664,73.3234126984127,1832.5087605614544
IS,Estable C1200 (Ultra/Estable + oro WR x2) 1c,Ultra 1c -> 2c desde colchon 4000,5100.0,historia,2012.2286631898776,0.8264462809917356,1.06198347107438,1.0537190082644627,0.05371900826446281,20.123966942148762,50.69214876033058,78.68129345402072,2575.1012190978363
IS,Estable C1200 (Ultra/Estable + oro WR x2) 1c,Ultra 1c -> 2c desde colchon 4000,5100.0,costo +1 tick,1743.9790239002095,5.371900826446281,1.115702479338843,1.103305785123967,0.10330578512396695,16.99586776859504,54.256198347107436,76.11504656959202,2310.418518538722
IS,Estable C1200 (Ultra/Estable + oro WR x2) 1c,Ultra 1c -> 2c desde colchon 4000,5100.0,Monte Carlo,1601.9350262617806,5.7,1.39,1.225,0.274,17.297,47.83691666666667,73.95357142857142,2190.7270038471625
IS,Estable C1200 (Ultra/Estable + oro WR x2) 1c,Ultra 1c -> 2c desde colchon 4000,6100.0,historia,2281.5044165118006,3.71900826446281,1.06198347107438,1.0537190082644627,0.05371900826446281,22.888429752066116,50.69214876033058,78.68129345402072,2917.337272295514
IS,Estable C1200 (Ultra/Estable + oro WR x2) 1c,Ultra 1c -> 2c desde colchon 4000,6100.0,costo +1 tick,2012.0103463709854,6.6115702479338845,1.115702479338843,1.103305785123967,0.10330578512396695,20.859504132231404,54.256198347107436,76.11504656959202,2662.558252468615
IS,Estable C1200 (Ultra/Estable + oro WR x2) 1c,Ultra 1c -> 2c desde colchon 4000,6100.0,Monte Carlo,1754.7769241257527,6.4,1.366,1.213,0.252,18.945,47.77791666666666,74.2920634920635,2386.054006493514
IS,"Estable C1200 1c, sin stop",1c Ultra,2100.0,historia,1313.3654870409612,0.0,1.6363636363636365,1.475206611570248,0.6239669421487604,20.97107438016529,57.21900826446281,67.37176964449692,1981.2075369153965
IS,"Estable C1200 1c, sin stop",1c Ultra,2100.0,costo +1 tick,1068.7623981287002,0.0,1.9049586776859504,1.6611570247933884,0.8966942148760331,16.958677685950413,55.86432506887053,61.43250688705235,1780.3043745323685
IS,"Estable C1200 1c, sin stop",1c Ultra,2100.0,Monte Carlo,1005.8784564030369,3.4000000000000004,2.075,1.664,0.938,16.016,53.182166666666674,60.53174603174603,1706.5861152062757
IS,"Estable C1200 1c, sin stop",1c Ultra,3100.0,historia,1350.8417965686192,0.0,1.21900826446281,1.177685950413223,0.2066115702479339,21.25206611570248,58.260330578512395,71.1973632428178,1919.7206550574788
IS,"Estable C1200 1c, sin stop",1c Ultra,3100.0,costo +1 tick,1143.5207306789466,0.0,1.3636363636363635,1.3264462809917354,0.35537190082644626,17.954545454545453,59.02892561983471,67.47507542962089,1721.1713101102066
IS,"Estable C1200 1c, sin stop",1c Ultra,3100.0,Monte Carlo,1107.1128999183716,4.3,1.518,1.302,0.409,17.465,53.41916666666667,69.72500000000001,1616.3117962257031
IS,"Estable C1200 1c, sin stop",1c Ultra,4100.0,historia,1327.2480063791938,0.0,1.0743801652892562,1.06198347107438,0.06198347107438017,20.665289256198346,54.60123966942149,76.92509510691329,1743.6500771876865
IS,"Estable C1200 1c, sin stop",1c Ultra,4100.0,costo +1 tick,1105.655553931228,2.8925619834710745,1.2355371900826446,1.2272727272727273,0.22727272727272727,17.33884297520661,56.049586776859506,72.53377935196116,1546.6180155749425
IS,"Estable C1200 1c, sin stop",1c Ultra,4100.0,Monte Carlo,1073.5045476964058,5.6000000000000005,1.371,1.22,0.267,16.922,53.556,71.84880952380954,1519.0812553890955
IS,"Estable C1200 1c, sin stop",1c Ultra,5100.0,historia,1252.0900217609794,2.479338842975207,1.0743801652892562,1.06198347107438,0.06198347107438017,19.462809917355372,54.60123966942149,76.92509510691329,1645.9472605531964
IS,"Estable C1200 1c, sin stop",1c Ultra,5100.0,costo +1 tick,1035.3360535986005,8.677685950413224,1.2355371900826446,1.2272727272727273,0.22727272727272727,16.305785123966942,56.049586776859506,72.53377935196116,1449.670771186351
IS,"Estable C1200 1c, sin stop",1c Ultra,5100.0,Monte Carlo,1012.6924478988408,6.800000000000001,1.326,1.195,0.224,16.006,53.58833333333333,72.47817460317461,1421.1739651811322
IS,"Estable C1200 1c, sin stop",1c Ultra,6100.0,historia,1180.986175877874,11.15702479338843,1.0743801652892562,1.06198347107438,0.06198347107438017,18.3099173553719,54.60123966942149,76.92509510691329,1553.5146860022226
IS,"Estable C1200 1c, sin stop",1c Ultra,6100.0,costo +1 tick,969.605546015534,17.768595041322314,1.2355371900826446,1.2272727272727273,0.22727272727272727,15.334710743801653,56.049586776859506,72.53377935196116,1359.0502242214434
IS,"Estable C1200 1c, sin stop",1c Ultra,6100.0,Monte Carlo,943.1337214807749,7.9,1.323,1.193,0.221,14.93,53.566333333333326,72.52341269841268,1324.3212581222008
IS,"Estable C1200 1c, sin stop",1c Ultra escalones 750/1500,2100.0,historia,1068.228497784277,14.87603305785124,1.9090909090909092,1.6735537190082646,0.9008264462809917,16.450413223140497,53.50275482093664,61.14390659845204,1787.9226750932294
IS,"Estable C1200 1c, sin stop",1c Ultra escalones 750/1500,2100.0,costo +1 tick,991.4009880904654,16.528925619834713,1.9297520661157024,1.5867768595041323,0.9256198347107438,15.409090909090908,59.9331955922865,55.62278630460449,1827.7555749449884
IS,"Estable C1200 1c, sin stop",1c Ultra escalones 750/1500,2100.0,Monte Carlo,951.9648830824957,3.5999999999999996,1.848,1.505,0.722,15.017,53.12825,64.47857142857143,1513.9027764655964
IS,"Estable C1200 1c, sin stop",1c Ultra escalones 750/1500,3100.0,historia,1170.1798411518646,15.702479338842975,1.7479338842975207,1.5909090909090908,0.7396694214876033,18.5,50.65358126721764,67.41440377804014,1769.7236435299985
IS,"Estable C1200 1c, sin stop",1c Ultra escalones 750/1500,3100.0,costo +1 tick,1066.6788450368674,17.768595041322314,1.7479338842975207,1.5743801652892562,0.743801652892562,16.876033057851238,60.03168044077135,59.98130657221566,1816.4786813671321
IS,"Estable C1200 1c, sin stop",1c Ultra escalones 750/1500,3100.0,Monte Carlo,1083.946046689203,4.6,1.417,1.239,0.317,17.108,53.69558333333333,71.16428571428573,1549.2112637072676
IS,"Estable C1200 1c, sin stop",1c Ultra escalones 750/1500,4100.0,historia,1169.3601270033287,15.702479338842975,1.4917355371900827,1.4132231404958677,0.4793388429752066,18.318181818181817,50.87878787878788,70.54637281910009,1685.241852660755
IS,"Estable C1200 1c, sin stop",1c Ultra escalones 750/1500,4100.0,costo +1 tick,1039.4029983971566,20.24793388429752,1.5330578512396693,1.4421487603305785,0.5289256198347108,16.458677685950413,57.54683195592286,65.75003279548734,1611.3459723732994
IS,"Estable C1200 1c, sin stop",1c Ultra escalones 750/1500,4100.0,Monte Carlo,1054.1102552677391,6.2,1.308,1.178,0.213,16.62,53.57925,72.85952380952381,1470.2583811393436
IS,"Estable C1200 1c, sin stop",1c Ultra escalones 750/1500,5100.0,historia,1114.1639922033635,16.115702479338843,1.4917355371900827,1.4132231404958677,0.4793388429752066,17.462809917355372,50.87878787878788,70.54637281910009,1607.000927444794
IS,"Estable C1200 1c, sin stop",1c Ultra escalones 750/1500,5100.0,costo +1 tick,989.8992437221623,22.31404958677686,1.5330578512396693,1.4421487603305785,0.5289256198347108,15.673553719008265,57.54683195592286,65.75003279548734,1536.0551282926988
IS,"Estable C1200 1c, sin stop",1c Ultra escalones 750/1500,5100.0,Monte Carlo,993.8750309642563,6.800000000000001,1.279,1.161,0.186,15.688,53.60458333333333,73.25515873015873,1379.5733048920797
IS,"Estable C1200 1c, sin stop",1c Ultra escalones 750/1500,6100.0,historia,1051.4228188925517,17.768595041322314,1.4917355371900827,1.4132231404958677,0.4793388429752066,16.553719008264462,50.87878787878788,70.54637281910009,1518.0648548961778
IS,"Estable C1200 1c, sin stop",1c Ultra escalones 750/1500,6100.0,costo +1 tick,931.4710084939626,22.727272727272727,1.5330578512396693,1.4421487603305785,0.5289256198347108,14.834710743801653,57.54683195592286,65.75003279548734,1447.1909365288132
IS,"Estable C1200 1c, sin stop",1c Ultra escalones 750/1500,6100.0,Monte Carlo,925.4351807646962,8.7,1.275,1.159,0.183,14.652,53.56508333333333,73.33253968253968,1284.7181276458805
IS,"Estable C1200 1c, sin stop",1c WR70Plus,2100.0,historia,956.9121396468854,2.8925619834710745,1.3305785123966942,1.2066115702479339,0.3181818181818182,15.925619834710744,59.260330578512395,68.9869473960383,1412.3259234205432
IS,"Estable C1200 1c, sin stop",1c WR70Plus,2100.0,costo +1 tick,878.1657062675505,13.636363636363635,1.3305785123966942,1.1694214876033058,0.32644628099173556,14.814049586776859,63.510330578512395,66.51908697363243,1346.3415528033404
IS,"Estable C1200 1c, sin stop",1c WR70Plus,2100.0,Monte Carlo,830.8194725207567,2.8000000000000003,1.578,1.334,0.47,14.693,53.26333333333333,69.03492063492064,1233.382996155791
IS,"Estable C1200 1c, sin stop",1c WR70Plus,3100.0,historia,937.270351029329,11.570247933884298,1.0661157024793388,1.0537190082644627,0.05371900826446281,15.309917355371901,54.8801652892562,76.7447199265381,1239.4581660436008
IS,"Estable C1200 1c, sin stop",1c WR70Plus,3100.0,costo +1 tick,850.135164308121,17.768595041322314,1.0826446280991735,1.0743801652892562,0.0743801652892562,14.148760330578513,60.47107438016529,73.84559884559884,1170.4147279869976
IS,"Estable C1200 1c, sin stop",1c WR70Plus,3100.0,Monte Carlo,826.42798403397,3.5999999999999996,1.261,1.134,0.168,14.51,53.32316666666667,74.01944444444445,1138.790048606707
IS,"Estable C1200 1c, sin stop",1c WR70Plus,4100.0,historia,871.4285200574674,14.049586776859504,1.0661157024793388,1.0537190082644627,0.05371900826446281,14.21900826446281,54.8801652892562,76.7447199265381,1153.6648619115551
IS,"Estable C1200 1c, sin stop",1c WR70Plus,4100.0,costo +1 tick,788.5808813624803,18.59504132231405,1.0826446280991735,1.0743801652892562,0.0743801652892562,13.111570247933884,60.47107438016529,73.84559884559884,1087.0593433630036
IS,"Estable C1200 1c, sin stop",1c WR70Plus,4100.0,Monte Carlo,761.7342658610701,4.8,1.215,1.103,0.124,13.374,53.387666666666675,74.63253968253969,1041.9456703052504
IS,"Estable C1200 1c, sin stop",1c WR70Plus,5100.0,historia,807.0202142298222,14.049586776859504,1.0661157024793388,1.0537190082644627,0.05371900826446281,13.024793388429751,54.8801652892562,76.7447199265381,1069.739471488216
IS,"Estable C1200 1c, sin stop",1c WR70Plus,5100.0,costo +1 tick,727.6432403702053,21.074380165289256,1.0826446280991735,1.0743801652892562,0.0743801652892562,12.086776859504132,60.47107438016529,73.84559884559884,1004.5390009933961
IS,"Estable C1200 1c, sin stop",1c WR70Plus,5100.0,Monte Carlo,690.7025948354325,6.800000000000001,1.211,1.101,0.12,12.165,53.39266666666667,74.66071428571429,946.3430912250071
IS,"Estable C1200 1c, sin stop",1c WR70Plus,6100.0,historia,743.0701668264945,17.355371900826448,1.0661157024793388,1.0537190082644627,0.05371900826446281,11.991735537190083,54.8801652892562,76.7447199265381,986.4112015244422
IS,"Estable C1200 1c, sin stop",1c WR70Plus,6100.0,costo +1 tick,668.4904891039384,22.31404958677686,1.0826446280991735,1.0743801652892562,0.0743801652892562,11.152892561983471,60.47107438016529,73.84559884559884,924.435714960132
IS,"Estable C1200 1c, sin stop",1c WR70Plus,6100.0,Monte Carlo,620.8419637141149,8.7,1.21,1.101,0.119,10.985,53.39266666666667,74.69047619047619,852.4149657632395
IS,"Estable C1200 1c, sin stop",2c Ultra,2100.0,historia,525.4419346621543,14.46280991735537,4.979338842975206,4.024793388429752,3.7892561983471076,7.12396694214876,45.477479338842976,20.13970877607241,2932.456924233579
IS,"Estable C1200 1c, sin stop",2c Ultra,2100.0,costo +1 tick,383.7776917837212,16.94214876033058,4.706611570247934,3.739669421487603,3.5165289256198347,5.471074380165289,52.23443526170799,18.05391578118851,2466.810332038006
IS,"Estable C1200 1c, sin stop",2c Ultra,2100.0,Monte Carlo,741.2003468280832,10.0,4.303,3.307,3.048,8.633,52.270583333333335,22.787301587301585,3499.7471162001425
IS,"Estable C1200 1c, sin stop",2c Ultra,3100.0,historia,959.1983007446796,22.31404958677686,4.264462809917355,3.5826446280991737,3.2520661157024793,11.574380165289256,44.225669027941755,29.84881280335826,3400.442409087158
IS,"Estable C1200 1c, sin stop",2c Ultra,3100.0,costo +1 tick,847.3091974303085,27.685950413223143,4.024793388429752,3.2892561983471076,2.9545454545454546,10.53305785123967,49.35792011019284,28.187721369539553,3192.7621929080824
IS,"Estable C1200 1c, sin stop",2c Ultra,3100.0,Monte Carlo,1228.706396480429,13.3,3.498,2.696,2.269,13.629,53.52573333333333,36.06507936507936,3533.811428998153
IS,"Estable C1200 1c, sin stop",2c Ultra,4100.0,historia,1444.3598513969707,27.685950413223143,3.644628099173554,3.103305785123967,2.6322314049586777,15.74793388429752,51.31908697363243,39.65466351829988,3762.593358044612
IS,"Estable C1200 1c, sin stop",2c Ultra,4100.0,costo +1 tick,930.001154791685,37.1900826446281,3.834710743801653,3.152892561983471,2.768595041322314,11.37603305785124,52.0081955922865,32.91519086973632,2977.871091706078
IS,"Estable C1200 1c, sin stop",2c Ultra,4100.0,Monte Carlo,1551.185832594327,14.6,2.896,2.294,1.709,17.074,52.63028333333333,46.006349206349206,3454.034482936883
IS,"Estable C1200 1c, sin stop",2c Ultra,5100.0,historia,1735.699189905933,27.685950413223143,3.0,2.6611570247933884,1.9834710743801653,18.739669421487605,50.214462809917364,47.6288862652499,3726.62333530343
IS,"Estable C1200 1c, sin stop",2c Ultra,5100.0,costo +1 tick,1309.7416807619336,35.12396694214876,3.1818181818181817,2.65702479338843,2.115702479338843,14.983471074380166,53.9154958677686,41.3370720188902,3269.148980903081
IS,"Estable C1200 1c, sin stop",2c Ultra,5100.0,Monte Carlo,1700.1412451126178,15.8,2.513,2.04,1.343,18.643,53.277766666666665,51.9515873015873,3335.83582676469
IS,"Estable C1200 1c, sin stop",2c Ultra,6100.0,historia,1681.3236000339355,28.09917355371901,3.0,2.6611570247933884,1.9834710743801653,18.169421487603305,50.17727272727274,47.68135904499541,3608.482716296496
IS,"Estable C1200 1c, sin stop",2c Ultra,6100.0,costo +1 tick,1281.9011880170708,35.53719008264463,3.06198347107438,2.65702479338843,1.9958677685950412,14.685950413223141,53.891391184572996,43.45730027548209,3041.979437402198
IS,"Estable C1200 1c, sin stop",2c Ultra,6100.0,Monte Carlo,1790.1788793990972,16.900000000000002,2.268,1.881,1.109,19.609,53.019983333333336,55.90436507936508,3255.294782107855
IS,"Estable C1200 1c, sin stop",2c Ultra escalones 750/1500,2100.0,historia,927.507597361583,9.917355371900827,4.206611570247934,3.3057851239669422,3.0,10.801652892561984,46.71115702479338,27.35471599107963,3591.863644496989
IS,"Estable C1200 1c, sin stop",2c Ultra escalones 750/1500,2100.0,costo +1 tick,784.0295558435529,14.049586776859504,4.132231404958677,3.256198347107438,2.9297520661157024,9.231404958677686,50.04848484848484,26.775875639512,3130.029912031553
IS,"Estable C1200 1c, sin stop",2c Ultra escalones 750/1500,2100.0,Monte Carlo,791.6116391441792,10.6,4.068,3.127,2.821,9.185,52.3665,27.056349206349207,3122.500499608888
IS,"Estable C1200 1c, sin stop",2c Ultra escalones 750/1500,3100.0,historia,1811.112976090639,11.983471074380166,3.2148760330578514,2.6735537190082646,2.190082644628099,18.49173553719008,48.16983471074379,40.86317722681359,4535.071417893721
IS,"Estable C1200 1c, sin stop",2c Ultra escalones 750/1500,3100.0,costo +1 tick,1285.726217179653,21.90082644628099,3.6074380165289255,2.946280991735537,2.5289256198347108,12.760330578512397,49.62803030303031,35.312540994359175,3774.646325910563
IS,"Estable C1200 1c, sin stop",2c Ultra escalones 750/1500,3100.0,Monte Carlo,1258.9283319177757,12.8,3.28,2.552,2.074,13.926,53.11521666666666,39.300000000000004,3312.5742118348835
IS,"Estable C1200 1c, sin stop",2c Ultra escalones 750/1500,4100.0,historia,1991.5746581099904,17.355371900826448,2.979338842975207,2.5371900826446283,1.9545454545454546,20.227272727272727,53.709435261707995,46.495802177620355,4367.1777799393285
IS,"Estable C1200 1c, sin stop",2c Ultra escalones 750/1500,4100.0,costo +1 tick,1747.3838477819745,21.074380165289256,3.020661157024793,2.487603305785124,1.9421487603305785,17.99586776859504,55.43106060606061,43.69178800996983,4089.7940916920975
IS,"Estable C1200 1c, sin stop",2c Ultra escalones 750/1500,4100.0,Monte Carlo,1558.700691945405,14.499999999999998,2.764,2.198,1.591,17.153,53.082483333333336,48.044444444444444,3319.5576381842375
IS,"Estable C1200 1c, sin stop",2c Ultra escalones 750/1500,5100.0,historia,2263.857379502156,18.181818181818183,2.34297520661157,2.0785123966942147,1.3181818181818181,23.165289256198346,53.764462809917354,52.96143250688705,4332.419265327869
IS,"Estable C1200 1c, sin stop",2c Ultra escalones 750/1500,5100.0,costo +1 tick,1951.6015692105314,22.31404958677686,2.524793388429752,2.103305785123967,1.4545454545454546,20.421487603305785,56.461776859504134,49.09648432375705,4042.3144549859735
IS,"Estable C1200 1c, sin stop",2c Ultra escalones 750/1500,5100.0,Monte Carlo,1701.5967665271444,15.4,2.416,1.988,1.255,18.658,53.52343333333334,53.46031746031746,3242.042288931416
IS,"Estable C1200 1c, sin stop",2c Ultra escalones 750/1500,6100.0,historia,2211.8135769413025,18.181818181818183,2.34297520661157,2.0785123966942147,1.3181818181818181,22.65289256198347,53.73037190082645,53.012265512265515,4230.0918115682025
IS,"Estable C1200 1c, sin stop",2c Ultra escalones 750/1500,6100.0,costo +1 tick,1922.7042316290472,23.553719008264462,2.4049586776859506,2.103305785123967,1.3305785123966942,20.09090909090909,56.43801652892562,51.26426603699331,3811.9517916279883
IS,"Estable C1200 1c, sin stop",2c Ultra escalones 750/1500,6100.0,Monte Carlo,1791.2901485226214,15.9,2.19,1.841,1.037,19.627,53.33613333333333,57.332936507936516,3174.340543800141
IS,"Estable C1200 1c, sin stop",Ultra 1c -> 2c desde colchon 3000,2100.0,historia,1313.3654870409612,0.0,1.6363636363636365,1.475206611570248,0.6239669421487604,20.97107438016529,57.21900826446281,67.37176964449692,1981.2075369153965
IS,"Estable C1200 1c, sin stop",Ultra 1c -> 2c desde colchon 3000,2100.0,costo +1 tick,1068.7623981287002,0.0,1.9049586776859504,1.6611570247933884,0.8966942148760331,16.958677685950413,55.86432506887053,61.43250688705235,1780.3043745323685
IS,"Estable C1200 1c, sin stop",Ultra 1c -> 2c desde colchon 3000,2100.0,Monte Carlo,1005.8784564030369,3.4000000000000004,2.075,1.664,0.938,16.016,53.182166666666674,60.53174603174603,1706.5861152062757
IS,"Estable C1200 1c, sin stop",Ultra 1c -> 2c desde colchon 3000,3100.0,historia,1522.099358695253,0.0,1.2272727272727273,1.1859504132231404,0.21487603305785125,16.454545454545453,58.518595041322314,70.86284927194018,2170.610118955717
IS,"Estable C1200 1c, sin stop",Ultra 1c -> 2c desde colchon 3000,3100.0,costo +1 tick,1268.7738812920643,0.0,1.3801652892561984,1.3429752066115703,0.371900826446281,14.396694214876034,58.96487603305785,67.38980716253442,1909.5336490915456
IS,"Estable C1200 1c, sin stop",Ultra 1c -> 2c desde colchon 3000,3100.0,Monte Carlo,1245.1342413694817,4.6,1.769,1.46,0.643,14.255,53.559333333333335,65.70039682539682,1930.3972568182248
IS,"Estable C1200 1c, sin stop",Ultra 1c -> 2c desde colchon 3000,4100.0,historia,1961.305965763577,0.0,1.2272727272727273,1.1859504132231404,0.21487603305785125,19.805785123966942,58.518595041322314,70.86284927194018,2790.4082382535225
IS,"Estable C1200 1c, sin stop",Ultra 1c -> 2c desde colchon 3000,4100.0,costo +1 tick,1587.743842557902,3.71900826446281,1.3801652892561984,1.3429752066115703,0.371900826446281,15.979338842975206,58.96694214876033,67.38816738816737,2382.912412267644
IS,"Estable C1200 1c, sin stop",Ultra 1c -> 2c desde colchon 3000,4100.0,Monte Carlo,1568.8331071548462,5.7,1.578,1.342,0.461,17.013,53.555,68.65634920634922,2315.122527674184
IS,"Estable C1200 1c, sin stop",Ultra 1c -> 2c desde colchon 3000,5100.0,historia,2240.050813693941,1.2396694214876034,1.2272727272727273,1.1859504132231404,0.21487603305785125,22.71900826446281,58.52479338842975,70.85792994883904,3183.987499359236
IS,"Estable C1200 1c, sin stop",Ultra 1c -> 2c desde colchon 3000,5100.0,costo +1 tick,1849.0453250841335,7.024793388429752,1.3801652892561984,1.3429752066115703,0.371900826446281,19.516528925619834,59.006198347107436,67.34717302899122,2772.3546566903847
IS,"Estable C1200 1c, sin stop",Ultra 1c -> 2c desde colchon 3000,5100.0,Monte Carlo,1745.9031026005111,6.9,1.493,1.292,0.383,18.903,53.40733333333333,69.99960317460318,2522.066467810638
IS,"Estable C1200 1c, sin stop",Ultra 1c -> 2c desde colchon 3000,6100.0,historia,2398.105281744351,2.8925619834710745,1.1115702479338843,1.0991735537190082,0.09917355371900827,24.43388429752066,55.667355371900825,75.41486291486291,3199.168217736024
IS,"Estable C1200 1c, sin stop",Ultra 1c -> 2c desde colchon 3000,6100.0,costo +1 tick,1974.1257678268041,11.983471074380166,1.2933884297520661,1.2685950413223142,0.28512396694214875,20.56611570247934,56.38636363636363,70.82021513839695,2811.4113970027047
IS,"Estable C1200 1c, sin stop",Ultra 1c -> 2c desde colchon 3000,6100.0,Monte Carlo,1847.6901290288845,7.3999999999999995,1.423,1.257,0.317,20.046,53.44983333333333,71.03690476190476,2627.2368124956233
IS,"Estable C1200 1c, sin stop",Ultra 1c -> 2c desde colchon 4000,2100.0,historia,1313.3654870409612,0.0,1.6363636363636365,1.475206611570248,0.6239669421487604,20.97107438016529,57.21900826446281,67.37176964449692,1981.2075369153965
IS,"Estable C1200 1c, sin stop",Ultra 1c -> 2c desde colchon 4000,2100.0,costo +1 tick,1068.7623981287002,0.0,1.9049586776859504,1.6611570247933884,0.8966942148760331,16.958677685950413,55.86432506887053,61.43250688705235,1780.3043745323685
IS,"Estable C1200 1c, sin stop",Ultra 1c -> 2c desde colchon 4000,2100.0,Monte Carlo,1005.8784564030369,3.4000000000000004,2.075,1.664,0.938,16.016,53.182166666666674,60.53174603174603,1706.5861152062757
IS,"Estable C1200 1c, sin stop",Ultra 1c -> 2c desde colchon 4000,3100.0,historia,1350.8417965686192,0.0,1.21900826446281,1.177685950413223,0.2066115702479339,21.25206611570248,58.260330578512395,71.1973632428178,1919.7206550574788
IS,"Estable C1200 1c, sin stop",Ultra 1c -> 2c desde colchon 4000,3100.0,costo +1 tick,1143.5207306789466,0.0,1.3636363636363635,1.3264462809917354,0.35537190082644626,17.954545454545453,59.02892561983471,67.47507542962089,1721.1713101102066
IS,"Estable C1200 1c, sin stop",Ultra 1c -> 2c desde colchon 4000,3100.0,Monte Carlo,1107.1128999183716,4.3,1.518,1.302,0.409,17.465,53.41916666666667,69.72500000000001,1616.3117962257031
IS,"Estable C1200 1c, sin stop",Ultra 1c -> 2c desde colchon 4000,4100.0,historia,1524.4431388269606,0.0,1.0743801652892562,1.06198347107438,0.06198347107438017,16.10330578512397,54.60123966942149,76.92509510691329,1999.997023751351
IS,"Estable C1200 1c, sin stop",Ultra 1c -> 2c desde colchon 4000,4100.0,costo +1 tick,1243.0896740499445,2.8925619834710745,1.2355371900826446,1.2272727272727273,0.22727272727272727,14.115702479338843,56.049586776859506,72.53377935196116,1736.0940381213957
IS,"Estable C1200 1c, sin stop",Ultra 1c -> 2c desde colchon 4000,4100.0,Monte Carlo,1281.3818795791865,5.800000000000001,1.419,1.243,0.313,14.56,53.629666666666665,71.13571428571429,1827.4183968378966
IS,"Estable C1200 1c, sin stop",Ultra 1c -> 2c desde colchon 4000,5100.0,historia,1955.6118947698394,0.8264462809917356,1.0743801652892562,1.06198347107438,0.06198347107438017,19.553719008264462,54.60123966942149,76.92509510691329,2560.5017008578593
IS,"Estable C1200 1c, sin stop",Ultra 1c -> 2c desde colchon 4000,5100.0,costo +1 tick,1536.428153517949,7.851239669421488,1.2355371900826446,1.2272727272727273,0.22727272727272727,15.433884297520661,56.049586776859506,72.53377935196116,2140.510410863558
IS,"Estable C1200 1c, sin stop",Ultra 1c -> 2c desde colchon 4000,5100.0,Monte Carlo,1546.6481418090004,6.7,1.373,1.218,0.268,16.724,53.53683333333333,71.80952380952381,2178.835724667706
IS,"Estable C1200 1c, sin stop",Ultra 1c -> 2c desde colchon 4000,6100.0,historia,2222.3115562951593,3.71900826446281,1.0743801652892562,1.06198347107438,0.06198347107438017,22.34710743801653,54.60123966942149,76.92509510691329,2907.2021646722374
IS,"Estable C1200 1c, sin stop",Ultra 1c -> 2c desde colchon 4000,6100.0,costo +1 tick,1802.8698413775319,9.090909090909092,1.2355371900826446,1.2272727272727273,0.22727272727272727,19.082644628099175,56.049586776859506,72.53377935196116,2507.845037902234
IS,"Estable C1200 1c, sin stop",Ultra 1c -> 2c desde colchon 4000,6100.0,Monte Carlo,1691.988328585426,7.8,1.351,1.208,0.247,18.285,53.47466666666667,72.16904761904763,2368.971142508921
IS,Ultra fijo 1c + oro Robust,1c Ultra,2100.0,historia,1433.8670527239476,0.0,2.0702479338842976,1.5082644628099173,0.6239669421487604,23.037190082644628,36.27479338842975,72.179588088679,2024.0525544849204
IS,Ultra fijo 1c + oro Robust,1c Ultra,2100.0,costo +1 tick,1199.752036987947,0.0,2.4917355371900825,1.7066115702479339,0.9008264462809917,19.024793388429753,34.82575757575757,67.64069264069265,1821.9095569375263
IS,Ultra fijo 1c + oro Robust,1c Ultra,2100.0,Monte Carlo,1126.613975923159,1.6,2.516,1.826,1.045,18.006,36.86008333333333,67.46071428571429,1718.825030044741
IS,Ultra fijo 1c + oro Robust,1c Ultra,3100.0,historia,1475.238036637612,0.0,1.6115702479338843,1.1611570247933884,0.19008264462809918,23.43388429752066,36.47314049586777,76.17899776990686,1964.2195239965586
IS,Ultra fijo 1c + oro Robust,1c Ultra,3100.0,costo +1 tick,1322.4698451958905,0.0,1.6983471074380165,1.1983471074380165,0.22727272727272727,20.826446280991735,39.74586776859504,74.10960251869344,1814.461069574647
IS,Ultra fijo 1c + oro Robust,1c Ultra,3100.0,Monte Carlo,1219.1179153791707,2.0,1.774,1.354,0.445,19.262,37.35308333333333,75.79126984126985,1639.1435996709372
IS,Ultra fijo 1c + oro Robust,1c Ultra,4100.0,historia,1455.3750776721263,0.0,1.2975206611570247,1.0330578512396693,0.03305785123966942,22.954545454545453,36.179752066115704,82.3576675849403,1787.7521500598698
IS,Ultra fijo 1c + oro Robust,1c Ultra,4100.0,costo +1 tick,1297.854937580515,0.0,1.3677685950413223,1.06198347107438,0.06198347107438017,20.231404958677686,38.70454545454545,80.61950675587039,1632.0490697327396
IS,Ultra fijo 1c + oro Robust,1c Ultra,4100.0,Monte Carlo,1185.601693538789,2.5,1.561,1.237,0.269,18.686,37.64933333333333,78.02857142857142,1545.619450403672
IS,Ultra fijo 1c + oro Robust,1c Ultra,5100.0,historia,1380.3750776721263,0.0,1.2975206611570247,1.0330578512396693,0.03305785123966942,21.65289256198347,36.179752066115704,82.3576675849403,1696.6859479692773
IS,Ultra fijo 1c + oro Robust,1c Ultra,5100.0,costo +1 tick,1225.185330344839,5.371900826446281,1.3677685950413223,1.06198347107438,0.06198347107438017,19.293388429752067,38.70454545454545,80.61950675587039,1541.9100820858268
IS,Ultra fijo 1c + oro Robust,1c Ultra,5100.0,Monte Carlo,1123.112886396096,3.0,1.501,1.202,0.218,17.73,37.60533333333333,78.74325396825397,1451.23666109879
IS,Ultra fijo 1c + oro Robust,1c Ultra,6100.0,historia,1305.46963889745,0.0,1.2975206611570247,1.0330578512396693,0.03305785123966942,20.58677685950413,36.179752066115704,82.3576675849403,1605.7345636340888
IS,Ultra fijo 1c + oro Robust,1c Ultra,6100.0,costo +1 tick,1153.1312994233997,9.917355371900827,1.3677685950413223,1.06198347107438,0.06198347107438017,18.045454545454547,38.70454545454545,80.61950675587039,1452.5346519686077
IS,Ultra fijo 1c + oro Robust,1c Ultra,6100.0,Monte Carlo,1050.6180449445603,3.6999999999999997,1.494,1.2,0.214,16.606,37.59433333333333,78.81150793650794,1357.8785293725196
IS,Ultra fijo 1c + oro Robust,1c Ultra escalones 750/1500,2100.0,historia,1168.943354446763,8.264462809917356,2.2024793388429753,1.8016528925619835,0.9586776859504132,18.297520661157026,37.13154269972451,67.24714679260134,1781.1300299337086
IS,Ultra fijo 1c + oro Robust,1c Ultra escalones 750/1500,2100.0,costo +1 tick,1134.121180663424,10.330578512396695,2.34297520661157,1.578512396694215,0.7520661157024794,17.84710743801653,39.939393939393945,65.2056277056277,1786.3107024161511
IS,Ultra fijo 1c + oro Robust,1c Ultra escalones 750/1500,2100.0,Monte Carlo,1057.890827381029,1.4000000000000001,2.218,1.631,0.806,16.717,36.88466666666666,71.14722222222221,1527.6909298292685
IS,Ultra fijo 1c + oro Robust,1c Ultra escalones 750/1500,3100.0,historia,1358.975003093243,4.958677685950414,1.78099173553719,1.4710743801652892,0.5371900826446281,21.6900826446281,36.56267217630854,76.40036730945823,1809.2534896256514
IS,Ultra fijo 1c + oro Robust,1c Ultra escalones 750/1500,3100.0,costo +1 tick,1207.8599726251173,12.396694214876034,2.041322314049587,1.512396694214876,0.5867768595041323,19.128099173553718,39.732093663911854,68.9836678473042,1789.6515384385214
IS,Ultra fijo 1c + oro Robust,1c Ultra escalones 750/1500,3100.0,Monte Carlo,1190.2929529269738,1.6,1.65,1.293,0.347,18.797,37.62383333333334,77.11269841269842,1571.5705426895156
IS,Ultra fijo 1c + oro Robust,1c Ultra escalones 750/1500,4100.0,historia,1370.3321179161883,7.024793388429752,1.475206611570248,1.2272727272727273,0.22727272727272727,21.475206611570247,36.22727272727273,79.77830250557523,1741.8680193825705
IS,Ultra fijo 1c + oro Robust,1c Ultra escalones 750/1500,4100.0,costo +1 tick,1197.2811420755775,12.396694214876034,1.6074380165289257,1.3016528925619835,0.30165289256198347,18.801652892561982,38.95179063360881,76.31017971927062,1596.5259077365754
IS,Ultra fijo 1c + oro Robust,1c Ultra escalones 750/1500,4100.0,Monte Carlo,1158.68650883352,2.7,1.509,1.211,0.228,18.271,37.6175,78.74563492063491,1496.501056879177
IS,Ultra fijo 1c + oro Robust,1c Ultra escalones 750/1500,5100.0,historia,1309.7607085804805,8.264462809917356,1.475206611570248,1.2272727272727273,0.22727272727272727,20.475206611570247,36.22727272727273,79.77830250557523,1665.9433538615476
IS,Ultra fijo 1c + oro Robust,1c Ultra escalones 750/1500,5100.0,costo +1 tick,1143.9929240019687,12.396694214876034,1.6074380165289257,1.3016528925619835,0.30165289256198347,18.00413223140496,38.95179063360881,76.31017971927062,1526.694833730925
IS,Ultra fijo 1c + oro Robust,1c Ultra escalones 750/1500,5100.0,Monte Carlo,1096.3750215244204,3.8,1.47,1.187,0.198,17.308,37.61483333333334,79.16626984126984,1409.195511878024
IS,Ultra fijo 1c + oro Robust,1c Ultra escalones 750/1500,6100.0,historia,1240.9590556879184,8.264462809917356,1.475206611570248,1.2272727272727273,0.22727272727272727,19.58677685950413,36.22727272727273,79.77830250557523,1579.7022949122754
IS,Ultra fijo 1c + oro Robust,1c Ultra escalones 750/1500,6100.0,costo +1 tick,1078.4253773780729,14.46280991735537,1.6074380165289257,1.3016528925619835,0.30165289256198347,16.93388429752066,38.95179063360881,76.31017971927062,1440.7724222451895
IS,Ultra fijo 1c + oro Robust,1c Ultra escalones 750/1500,6100.0,Monte Carlo,1025.913926327885,5.1,1.462,1.184,0.194,16.227,37.60583333333334,79.25753968253969,1318.539237840409
IS,Ultra fijo 1c + oro Robust,1c WR70Plus,2100.0,historia,1036.7088817951274,0.0,1.7644628099173554,1.2396694214876034,0.3181818181818182,17.34297520661157,37.68801652892562,73.75541125541126,1436.9032981478927
IS,Ultra fijo 1c + oro Robust,1c WR70Plus,2100.0,costo +1 tick,954.0856555777476,7.43801652892562,1.7933884297520661,1.2272727272727273,0.32644628099173556,16.272727272727273,40.739669421487605,72.24025974025973,1353.19163817395
IS,Ultra fijo 1c + oro Robust,1c WR70Plus,2100.0,Monte Carlo,917.073630104824,0.6,1.838,1.405,0.513,16.197,37.48316666666667,75.21071428571429,1251.312137784403
IS,Ultra fijo 1c + oro Robust,1c WR70Plus,3100.0,historia,1014.347312755739,5.785123966942149,1.3305785123966942,1.0413223140495869,0.04132231404958678,16.78099173553719,36.34710743801653,81.45415190869736,1266.670502095583
IS,Ultra fijo 1c + oro Robust,1c WR70Plus,3100.0,costo +1 tick,931.572858555734,11.570247933884298,1.371900826446281,1.0495867768595042,0.049586776859504134,15.743801652892563,38.86776859504132,80.12921422012332,1184.9884010592823
IS,Ultra fijo 1c + oro Robust,1c WR70Plus,3100.0,Monte Carlo,908.1361634812911,0.8,1.436,1.156,0.179,15.971,37.619,79.89642857142857,1160.1567763686387
IS,Ultra fijo 1c + oro Robust,1c WR70Plus,4100.0,historia,944.1532363156316,9.917355371900827,1.3305785123966942,1.0413223140495869,0.04132231404958678,15.648760330578513,36.34710743801653,81.45415190869736,1180.4943222505228
IS,Ultra fijo 1c + oro Robust,1c WR70Plus,4100.0,costo +1 tick,865.4041230049343,11.983471074380166,1.371900826446281,1.0495867768595042,0.049586776859504134,14.549586776859504,38.86776859504132,80.12921422012332,1102.4108590294463
IS,Ultra fijo 1c + oro Robust,1c WR70Plus,4100.0,Monte Carlo,840.3489843126813,1.4000000000000001,1.378,1.121,0.128,14.783,37.662,80.5234126984127,1065.9978121654242
IS,Ultra fijo 1c + oro Robust,1c WR70Plus,5100.0,historia,876.8569375934352,11.15702479338843,1.3305785123966942,1.0413223140495869,0.04132231404958678,14.367768595041323,36.34710743801653,81.45415190869736,1097.875699202763
IS,Ultra fijo 1c + oro Robust,1c WR70Plus,5100.0,costo +1 tick,799.6227990670474,14.87603305785124,1.371900826446281,1.0495867768595042,0.049586776859504134,13.396694214876034,38.86776859504132,80.12921422012332,1020.3168006037904
IS,Ultra fijo 1c + oro Robust,1c WR70Plus,5100.0,Monte Carlo,766.9654652032256,2.6,1.368,1.116,0.12,13.52,37.6905,80.59642857142858,973.8191618598092
IS,Ultra fijo 1c + oro Robust,1c WR70Plus,6100.0,historia,810.7584274530083,13.223140495867769,1.3305785123966942,1.0413223140495869,0.04132231404958678,13.082644628099173,36.34710743801653,81.45415190869736,1016.7275826346631
IS,Ultra fijo 1c + oro Robust,1c WR70Plus,6100.0,costo +1 tick,735.884525760524,15.702479338842975,1.371900826446281,1.0495867768595042,0.049586776859504134,12.289256198347108,38.86776859504132,80.12921422012332,940.7724372565751
IS,Ultra fijo 1c + oro Robust,1c WR70Plus,6100.0,Monte Carlo,694.2741564316948,5.0,1.367,1.116,0.119,12.276,37.6905,80.62619047619047,883.2850329306672
IS,Ultra fijo 1c + oro Robust,2c Ultra,2100.0,historia,872.1604133119922,3.71900826446281,5.904958677685951,4.541322314049586,4.25206611570248,10.834710743801653,34.54328020464384,25.40010494555949,3737.8465878256
IS,Ultra fijo 1c + oro Robust,2c Ultra,2100.0,costo +1 tick,489.8240717400533,11.570247933884298,6.6652892561983474,4.793388429752066,4.586776859504132,6.041322314049586,34.265682802046435,18.75245966155057,3077.0804644102313
IS,Ultra fijo 1c + oro Robust,2c Ultra,2100.0,Monte Carlo,951.0336437096556,6.3,5.75,4.069,3.761,11.079,35.79669642857143,28.648809523809522,3582.217995911534
IS,Ultra fijo 1c + oro Robust,2c Ultra,3100.0,historia,1754.785571715589,6.198347107438017,4.7190082644628095,3.665289256198347,3.231404958677686,17.71900826446281,33.680667060212514,38.738029647120555,4689.257420652873
IS,Ultra fijo 1c + oro Robust,2c Ultra,3100.0,costo +1 tick,1446.2848072917666,11.570247933884298,4.863636363636363,3.6074380165289255,3.1983471074380163,14.078512396694215,35.54552341597796,35.32565918929555,4274.279426629581
IS,Ultra fijo 1c + oro Robust,2c Ultra,3100.0,Monte Carlo,1462.0847788847286,7.8,4.613,3.265,2.786,16.3,35.761835714285716,42.36785714285714,3593.3802137266352
IS,Ultra fijo 1c + oro Robust,2c Ultra,4100.0,historia,2326.5406763020296,3.71900826446281,3.2892561983471076,2.56198347107438,1.8264462809917354,24.206611570247933,37.62701692247147,55.56211465302375,4264.731690579712
IS,Ultra fijo 1c + oro Robust,2c Ultra,4100.0,costo +1 tick,2020.7118299194606,15.702479338842975,3.8057851239669422,2.644628099173554,2.1404958677685952,21.285123966942148,39.68168044077135,46.08913813459268,4492.390765140654
IS,Ultra fijo 1c + oro Robust,2c Ultra,4100.0,Monte Carlo,1813.473426851523,8.799999999999999,3.651,2.657,1.998,20.03,36.240764285714285,53.34484126984127,3489.0734184334015
IS,Ultra fijo 1c + oro Robust,2c Ultra,5100.0,historia,2608.1852609765597,3.71900826446281,2.446280991735537,2.115702479338843,1.165289256198347,27.223140495867767,40.681906729634,63.224780270234824,4175.879709401523
IS,Ultra fijo 1c + oro Robust,2c Ultra,5100.0,costo +1 tick,2256.8914629691235,15.702479338842975,3.0330578512396693,2.2231404958677685,1.4834710743801653,23.694214876033058,38.31046831955923,54.69959333595698,4198.521103714523
IS,Ultra fijo 1c + oro Robust,2c Ultra,5100.0,Monte Carlo,1957.2483465717512,9.8,3.131,2.336,1.572,21.49,36.69611428571429,59.276587301587305,3370.997478434306
IS,Ultra fijo 1c + oro Robust,2c Ultra,6100.0,historia,2496.739341642295,4.132231404958678,2.628099173553719,2.1115702479338845,1.165289256198347,26.05785123966942,35.71703069657615,63.23625869080415,4002.6460950812602
IS,Ultra fijo 1c + oro Robust,2c Ultra,6100.0,costo +1 tick,2210.86646383789,16.115702479338843,2.8388429752066116,2.165289256198347,1.3099173553719008,23.144628099173552,38.21542699724518,56.805063623245445,3957.4077544798183
IS,Ultra fijo 1c + oro Robust,2c Ultra,6100.0,Monte Carlo,2043.7239833298127,10.4,2.764,2.102,1.265,22.37,36.73143095238095,63.11349206349206,3295.4701897508444
IS,Ultra fijo 1c + oro Robust,2c Ultra escalones 750/1500,2100.0,historia,1469.987335859251,0.0,5.020661157024794,3.793388429752066,3.3595041322314048,15.47107438016529,34.054929161747346,37.944378853469765,4047.1721127934557
IS,Ultra fijo 1c + oro Robust,2c Ultra escalones 750/1500,2100.0,costo +1 tick,1091.036065362636,7.43801652892562,5.537190082644628,3.793388429752066,3.4421487603305785,11.380165289256198,33.731404958677686,31.21966417420963,3726.7568364974522
IS,Ultra fijo 1c + oro Robust,2c Ultra escalones 750/1500,2100.0,Monte Carlo,993.3247448822061,5.6000000000000005,5.398,3.813,3.448,11.495,35.6363880952381,33.487301587301594,3177.1702340417587
IS,Ultra fijo 1c + oro Robust,2c Ultra escalones 750/1500,3100.0,historia,2078.169054993585,0.0,3.946280991735537,2.9917355371900825,2.4628099173553717,21.805785123966942,35.23216253443527,46.49908172635445,4580.304568527306
IS,Ultra fijo 1c + oro Robust,2c Ultra escalones 750/1500,3100.0,costo +1 tick,1336.4393093748854,13.223140495867769,4.979338842975206,3.5082644628099175,3.115702479338843,12.421487603305785,34.02851239669421,36.07995539813722,3884.6657202616916
IS,Ultra fijo 1c + oro Robust,2c Ultra escalones 750/1500,3100.0,Monte Carlo,1495.2787893251789,6.800000000000001,4.303,3.028,2.501,16.538,35.51472380952381,46.449999999999996,3340.3151187481426
IS,Ultra fijo 1c + oro Robust,2c Ultra escalones 750/1500,4100.0,historia,2522.072989337306,0.0,2.8016528925619837,2.103305785123967,1.322314049586777,26.264462809917354,40.65640495867769,61.07995539813722,4189.1450825994325
IS,Ultra fijo 1c + oro Robust,2c Ultra escalones 750/1500,4100.0,costo +1 tick,2108.33768695629,17.355371900826448,3.7231404958677685,2.5702479338842976,2.0454545454545454,21.75619834710744,41.21453168044077,47.538698675062314,4537.4586078901175
IS,Ultra fijo 1c + oro Robust,2c Ultra escalones 750/1500,4100.0,Monte Carlo,1835.3196856505383,6.9,3.467,2.505,1.837,20.209,36.16667857142857,55.8765873015873,3365.773919166642
IS,Ultra fijo 1c + oro Robust,2c Ultra escalones 750/1500,5100.0,historia,2816.767025034076,0.0,1.9545454545454546,1.6528925619834711,0.6776859504132231,29.462809917355372,44.03133608815427,67.44064016791289,4214.57890621178
IS,Ultra fijo 1c + oro Robust,2c Ultra escalones 750/1500,5100.0,costo +1 tick,2287.8564767079583,18.181818181818183,3.1404958677685952,2.21900826446281,1.5826446280991735,23.888429752066116,40.727617079889804,52.88436311163585,4403.843582386844
IS,Ultra fijo 1c + oro Robust,2c Ultra escalones 750/1500,5100.0,Monte Carlo,1991.6138829268148,7.7,2.954,2.196,1.41,21.767,36.572111904761904,61.58095238095238,3296.899400051277
IS,Ultra fijo 1c + oro Robust,2c Ultra escalones 750/1500,6100.0,historia,2705.4584442214696,0.0,2.1363636363636362,1.6487603305785123,0.6776859504132231,28.24380165289256,39.21108815426997,67.45211858848222,4052.3696794068824
IS,Ultra fijo 1c + oro Robust,2c Ultra escalones 750/1500,6100.0,costo +1 tick,2256.167058287459,18.181818181818183,2.946280991735537,2.1611570247933884,1.4049586776859504,23.516528925619834,40.580922865013775,55.03738685556866,4169.373521707854
IS,Ultra fijo 1c + oro Robust,2c Ultra escalones 750/1500,6100.0,Monte Carlo,2084.7885791594304,8.799999999999999,2.59,1.973,1.109,22.72,36.63867857142857,65.54007936507936,3232.6393758101276
IS,Ultra fijo 1c + oro Robust,Ultra 1c -> 2c desde colchon 3000,2100.0,historia,1433.8670527239476,0.0,2.0702479338842976,1.5082644628099173,0.6239669421487604,23.037190082644628,36.27479338842975,72.179588088679,2024.0525544849204
IS,Ultra fijo 1c + oro Robust,Ultra 1c -> 2c desde colchon 3000,2100.0,costo +1 tick,1199.752036987947,0.0,2.4917355371900825,1.7066115702479339,0.9008264462809917,19.024793388429753,34.82575757575757,67.64069264069265,1821.9095569375263
IS,Ultra fijo 1c + oro Robust,Ultra 1c -> 2c desde colchon 3000,2100.0,Monte Carlo,1126.613975923159,1.6,2.516,1.826,1.045,18.006,36.86008333333333,67.46071428571429,1718.825030044741
IS,Ultra fijo 1c + oro Robust,Ultra 1c -> 2c desde colchon 3000,3100.0,historia,1664.799666177192,0.0,1.6611570247933884,1.1859504132231404,0.21487603305785125,18.206611570247933,36.56611570247934,75.18529450347631,2243.1688914560177
IS,Ultra fijo 1c + oro Robust,Ultra 1c -> 2c desde colchon 3000,3100.0,costo +1 tick,1467.0754289358936,0.0,1.71900826446281,1.21900826446281,0.24793388429752067,16.764462809917354,39.64876033057851,74.00301718483537,2012.8446700249617
IS,Ultra fijo 1c + oro Robust,Ultra 1c -> 2c desde colchon 3000,3100.0,Monte Carlo,1378.9218943329454,2.9000000000000004,2.091,1.553,0.702,15.823,37.1745,72.31230158730159,1944.7301682621248
IS,Ultra fijo 1c + oro Robust,Ultra 1c -> 2c desde colchon 3000,4100.0,historia,2130.6414749534665,0.0,1.6611570247933884,1.1859504132231404,0.21487603305785125,21.84710743801653,36.56611570247934,75.18529450347631,2862.760544122532
IS,Ultra fijo 1c + oro Robust,Ultra 1c -> 2c desde colchon 3000,4100.0,costo +1 tick,1866.9558796055392,0.0,1.71900826446281,1.21900826446281,0.24793388429752067,18.47107438016529,39.62396694214876,73.99645808736717,2553.427943133985
IS,Ultra fijo 1c + oro Robust,Ultra 1c -> 2c desde colchon 3000,4100.0,Monte Carlo,1733.4313204279263,3.0,1.847,1.404,0.498,18.79,37.354916666666675,74.8892857142857,2346.92615950444
IS,Ultra fijo 1c + oro Robust,Ultra 1c -> 2c desde colchon 3000,5100.0,historia,2407.522668616732,0.0,1.6611570247933884,1.1859504132231404,0.21487603305785125,24.553719008264462,36.56611570247934,75.18529450347631,3231.025635709642
IS,Ultra fijo 1c + oro Robust,Ultra 1c -> 2c desde colchon 3000,5100.0,costo +1 tick,2143.0560214003585,0.0,1.71900826446281,1.21900826446281,0.24793388429752067,22.206611570247933,39.46900826446281,73.94398530762167,2928.630869053077
IS,Ultra fijo 1c + oro Robust,Ultra 1c -> 2c desde colchon 3000,5100.0,Monte Carlo,1929.8496134393056,3.5000000000000004,1.733,1.341,0.411,20.899,37.37825,76.20515873015873,2562.192721125122
IS,Ultra fijo 1c + oro Robust,Ultra 1c -> 2c desde colchon 3000,6100.0,historia,2610.9086780887983,0.4132231404958678,1.4132231404958677,1.0909090909090908,0.09090909090909091,26.702479338842974,36.13636363636363,80.03902662993572,3285.145332498151
IS,Ultra fijo 1c + oro Robust,Ultra 1c -> 2c desde colchon 3000,6100.0,costo +1 tick,2290.819212485247,1.2396694214876034,1.487603305785124,1.1322314049586777,0.1322314049586777,23.549586776859503,38.60950413223141,78.51239669421487,2942.5697337969987
IS,Ultra fijo 1c + oro Robust,Ultra 1c -> 2c desde colchon 3000,6100.0,Monte Carlo,2052.6486269243064,4.0,1.626,1.279,0.322,22.262,37.67058333333333,77.24166666666667,2684.978479133852
IS,Ultra fijo 1c + oro Robust,Ultra 1c -> 2c desde colchon 4000,2100.0,historia,1433.8670527239476,0.0,2.0702479338842976,1.5082644628099173,0.6239669421487604,23.037190082644628,36.27479338842975,72.179588088679,2024.0525544849204
IS,Ultra fijo 1c + oro Robust,Ultra 1c -> 2c desde colchon 4000,2100.0,costo +1 tick,1199.752036987947,0.0,2.4917355371900825,1.7066115702479339,0.9008264462809917,19.024793388429753,34.82575757575757,67.64069264069265,1821.9095569375263
IS,Ultra fijo 1c + oro Robust,Ultra 1c -> 2c desde colchon 4000,2100.0,Monte Carlo,1126.613975923159,1.6,2.516,1.826,1.045,18.006,36.86008333333333,67.46071428571429,1718.825030044741
IS,Ultra fijo 1c + oro Robust,Ultra 1c -> 2c desde colchon 4000,3100.0,historia,1475.238036637612,0.0,1.6115702479338843,1.1611570247933884,0.19008264462809918,23.43388429752066,36.47314049586777,76.17899776990686,1964.2195239965586
IS,Ultra fijo 1c + oro Robust,Ultra 1c -> 2c desde colchon 4000,3100.0,costo +1 tick,1322.4698451958905,0.0,1.6983471074380165,1.1983471074380165,0.22727272727272727,20.826446280991735,39.74586776859504,74.10960251869344,1814.461069574647
IS,Ultra fijo 1c + oro Robust,Ultra 1c -> 2c desde colchon 4000,3100.0,Monte Carlo,1219.1179153791707,2.0,1.774,1.354,0.445,19.262,37.35308333333333,75.79126984126985,1639.1435996709372
IS,Ultra fijo 1c + oro Robust,Ultra 1c -> 2c desde colchon 4000,4100.0,historia,1669.6084952905976,0.0,1.2975206611570247,1.0330578512396693,0.03305785123966942,17.793388429752067,36.179752066115704,82.3576675849403,2047.8777994385628
IS,Ultra fijo 1c + oro Robust,Ultra 1c -> 2c desde colchon 4000,4100.0,costo +1 tick,1478.076382793786,0.0,1.3677685950413223,1.06198347107438,0.06198347107438017,16.59917355371901,38.70454545454545,80.61950675587039,1855.5947753136631
IS,Ultra fijo 1c + oro Robust,Ultra 1c -> 2c desde colchon 4000,4100.0,Monte Carlo,1409.7936624136566,2.5,1.623,1.27,0.324,16.038,37.66066666666667,77.34722222222223,1850.1348481555628
IS,Ultra fijo 1c + oro Robust,Ultra 1c -> 2c desde colchon 4000,5100.0,historia,2140.123078566182,0.0,1.2975206611570247,1.0330578512396693,0.03305785123966942,21.714876033057852,36.179752066115704,82.3576675849403,2619.1841478004985
IS,Ultra fijo 1c + oro Robust,Ultra 1c -> 2c desde colchon 4000,5100.0,costo +1 tick,1855.8622874235978,0.0,1.3677685950413223,1.06198347107438,0.06198347107438017,18.177685950413224,38.70454545454545,80.61950675587039,2324.1983674614194
IS,Ultra fijo 1c + oro Robust,Ultra 1c -> 2c desde colchon 4000,5100.0,Monte Carlo,1703.8077041679899,3.0,1.567,1.235,0.271,18.434,37.692,77.97698412698414,2211.305434297531
IS,Ultra fijo 1c + oro Robust,Ultra 1c -> 2c desde colchon 4000,6100.0,historia,2410.489592955953,0.0,1.2975206611570247,1.0330578512396693,0.03305785123966942,24.46694214876033,36.179752066115704,82.3576675849403,2947.4675029731375
IS,Ultra fijo 1c + oro Robust,Ultra 1c -> 2c desde colchon 4000,6100.0,costo +1 tick,2132.7970088607685,0.0,1.3677685950413223,1.06198347107438,0.06198347107438017,22.14876033057851,38.70454545454545,80.61950675587039,2667.7066976175147
IS,Ultra fijo 1c + oro Robust,Ultra 1c -> 2c desde colchon 4000,6100.0,Monte Carlo,1867.6614595988674,3.5000000000000004,1.537,1.22,0.247,20.2,37.6575,78.3452380952381,2409.553648477509
IS,WR70Plus fijo 1c + oro WinRate,1c Ultra,2100.0,historia,1382.1309437540938,0.0,1.6611570247933884,1.524793388429752,0.6363636363636364,22.173553719008265,55.24586776859504,68.58356290174473,2046.9400471942536
IS,WR70Plus fijo 1c + oro WinRate,1c Ultra,2100.0,costo +1 tick,1042.985608215897,0.0,2.0785123966942147,1.7148760330578512,0.9297520661157025,17.14876033057851,52.59366391184573,61.58336612882067,1737.7736002619624
IS,WR70Plus fijo 1c + oro WinRate,1c Ultra,2100.0,Monte Carlo,1070.2403007079222,1.7000000000000002,2.227,1.76,0.995,17.044,45.519666666666666,63.955158730158736,1718.9807763276378
IS,WR70Plus fijo 1c + oro WinRate,1c Ultra,3100.0,historia,1415.3245846869368,0.0,1.2479338842975207,1.1942148760330578,0.2231404958677686,22.49586776859504,57.11776859504132,71.62042502951594,1998.9433448393472
IS,WR70Plus fijo 1c + oro WinRate,1c Ultra,3100.0,costo +1 tick,1276.8510726381103,0.0,1.2685950413223142,1.2148760330578512,0.24380165289256198,20.194214876033058,59.36570247933884,70.31516463334644,1839.5015231399107
IS,WR70Plus fijo 1c + oro WinRate,1c Ultra,3100.0,Monte Carlo,1159.9314797023515,2.1999999999999997,1.615,1.344,0.439,18.297,46.052,72.54087301587302,1628.131857163135
IS,WR70Plus fijo 1c + oro WinRate,1c Ultra,4100.0,historia,1391.5568049547267,0.0,1.0950413223140496,1.0702479338842976,0.07024793388429752,22.03305785123967,52.760330578512395,77.63347763347764,1810.924408443711
IS,WR70Plus fijo 1c + oro WinRate,1c Ultra,4100.0,costo +1 tick,1249.3699698244736,0.0,1.115702479338843,1.0909090909090908,0.09090909090909091,19.582644628099175,55.02685950413223,76.37741046831955,1654.8964798783911
IS,WR70Plus fijo 1c + oro WinRate,1c Ultra,4100.0,Monte Carlo,1127.5179768847347,3.3000000000000003,1.431,1.235,0.269,17.766,46.353416666666675,74.79722222222223,1532.463630105487
IS,WR70Plus fijo 1c + oro WinRate,1c Ultra,5100.0,historia,1316.5568049547267,0.0,1.0950413223140496,1.0702479338842976,0.07024793388429752,20.768595041322314,52.760330578512395,77.63347763347764,1714.3166017522612
IS,WR70Plus fijo 1c + oro WinRate,1c Ultra,5100.0,costo +1 tick,1175.353887847879,0.4132231404958678,1.115702479338843,1.0909090909090908,0.09090909090909091,18.446280991735538,55.02685950413223,76.37741046831955,1557.9881381020018
IS,WR70Plus fijo 1c + oro WinRate,1c Ultra,5100.0,Monte Carlo,1065.5843655593692,3.6999999999999997,1.374,1.203,0.22,16.793,46.30225,75.54126984126985,1434.3958843109046
IS,WR70Plus fijo 1c + oro WinRate,1c Ultra,6100.0,historia,1241.6159603409697,1.2396694214876034,1.0950413223140496,1.0702479338842976,0.07024793388429752,19.52892561983471,52.760330578512395,77.63347763347764,1617.7849933557304
IS,WR70Plus fijo 1c + oro WinRate,1c Ultra,6100.0,costo +1 tick,1101.6965570283824,10.330578512396695,1.115702479338843,1.0909090909090908,0.09090909090909091,17.202479338842974,55.02685950413223,76.37741046831955,1461.5495047837792
IS,WR70Plus fijo 1c + oro WinRate,1c Ultra,6100.0,Monte Carlo,994.1230096594314,4.3,1.369,1.2,0.215,15.716,46.28625,75.60793650793651,1338.528916057023
IS,WR70Plus fijo 1c + oro WinRate,1c Ultra escalones 750/1500,2100.0,historia,1008.1775753767362,11.983471074380166,1.9297520661157024,1.6198347107438016,0.9090909090909091,15.87603305785124,55.506198347107436,55.88678997769907,1849.140316201364
IS,WR70Plus fijo 1c + oro WinRate,1c Ultra escalones 750/1500,2100.0,costo +1 tick,1087.3908249300705,11.983471074380166,1.8925619834710743,1.4256198347107438,0.743801652892562,17.082644628099175,65.22727272727273,54.15354847173028,2053.700774187295
IS,WR70Plus fijo 1c + oro WinRate,1c Ultra escalones 750/1500,2100.0,Monte Carlo,1004.7976048167611,1.3,1.972,1.579,0.766,15.863,45.52741666666667,67.63650793650793,1523.7302598731771
IS,WR70Plus fijo 1c + oro WinRate,1c Ultra escalones 750/1500,3100.0,historia,1280.9326126828753,12.8099173553719,1.5578512396694215,1.3181818181818181,0.5371900826446281,20.582644628099175,58.739669421487605,63.503541912632826,2049.1998722300323
IS,WR70Plus fijo 1c + oro WinRate,1c Ultra escalones 750/1500,3100.0,costo +1 tick,1152.4606578617552,13.223140495867769,1.6115702479338843,1.3512396694214877,0.5867768595041323,18.425619834710744,65.45454545454545,56.93624557260921,2061.1569252647105
IS,WR70Plus fijo 1c + oro WinRate,1c Ultra escalones 750/1500,3100.0,Monte Carlo,1135.788019171009,1.7000000000000002,1.496,1.264,0.328,17.916,46.37983333333333,74.05357142857143,1560.168758305036
IS,WR70Plus fijo 1c + oro WinRate,1c Ultra escalones 750/1500,4100.0,historia,1279.4970118158285,12.8099173553719,1.2933884297520661,1.1900826446280992,0.26859504132231404,20.260330578512395,58.54545454545455,67.21599107962744,1928.735741225549
IS,WR70Plus fijo 1c + oro WinRate,1c Ultra escalones 750/1500,4100.0,costo +1 tick,1132.6850351817843,14.049586776859504,1.3512396694214877,1.2272727272727273,0.32644628099173556,17.892561983471076,61.11570247933884,64.63990554899645,1779.6494973497195
IS,WR70Plus fijo 1c + oro WinRate,1c Ultra escalones 750/1500,4100.0,Monte Carlo,1103.3282182135279,3.0,1.375,1.194,0.217,17.391,46.302666666666674,75.76746031746032,1479.94640027344
IS,WR70Plus fijo 1c + oro WinRate,1c Ultra escalones 750/1500,5100.0,historia,1222.5895854317616,14.049586776859504,1.2933884297520661,1.1900826446280992,0.26859504132231404,19.380165289256198,58.54545454545455,67.21599107962744,1844.0722177543983
IS,WR70Plus fijo 1c + oro WinRate,1c Ultra escalones 750/1500,5100.0,costo +1 tick,1082.282022197138,16.115702479338843,1.3512396694214877,1.2272727272727273,0.32644628099173556,17.05785123966942,61.11570247933884,64.63990554899645,1701.6744252072622
IS,WR70Plus fijo 1c + oro WinRate,1c Ultra escalones 750/1500,5100.0,Monte Carlo,1041.2894428081947,4.0,1.337,1.174,0.187,16.433,46.2585,76.28095238095237,1388.0029370729815
IS,WR70Plus fijo 1c + oro WinRate,1c Ultra escalones 750/1500,6100.0,historia,1158.5891911457559,15.702479338842975,1.2933884297520661,1.1900826446280992,0.26859504132231404,18.31404958677686,58.54545454545455,67.21599107962744,1748.85619362379
IS,WR70Plus fijo 1c + oro WinRate,1c Ultra escalones 750/1500,6100.0,costo +1 tick,1019.4354343500512,16.94214876033058,1.3512396694214877,1.2272727272727273,0.32644628099173556,16.016528925619834,61.11570247933884,64.63990554899645,1604.4487450127733
IS,WR70Plus fijo 1c + oro WinRate,1c Ultra escalones 750/1500,6100.0,Monte Carlo,970.4660172551175,4.9,1.334,1.173,0.184,15.329,46.2475,76.33531746031746,1294.1836318888031
IS,WR70Plus fijo 1c + oro WinRate,1c WR70Plus,2100.0,historia,1005.3560476211152,0.0,1.3429752066115703,1.243801652892562,0.3181818181818182,16.74380165289256,57.13429752066116,70.2610520792339,1455.8942823031668
IS,WR70Plus fijo 1c + oro WinRate,1c WR70Plus,2100.0,costo +1 tick,938.8568561805017,3.3057851239669422,1.3471074380165289,1.243801652892562,0.32644628099173556,15.950413223140496,59.15702479338843,69.22307490489308,1381.7379726948172
IS,WR70Plus fijo 1c + oro WinRate,1c WR70Plus,2100.0,Monte Carlo,877.8453608771802,1.2,1.65,1.361,0.479,15.491,45.750666666666675,71.98968253968253,1249.3913421293253
IS,WR70Plus fijo 1c + oro WinRate,1c WR70Plus,3100.0,historia,979.7862692511443,7.851239669421488,1.0702479338842976,1.0454545454545454,0.045454545454545456,16.111570247933884,52.989669421487605,77.67611176702086,1279.4006511296554
IS,WR70Plus fijo 1c + oro WinRate,1c WR70Plus,3100.0,costo +1 tick,908.8690269774806,10.743801652892563,1.0702479338842976,1.0454545454545454,0.045454545454545456,15.289256198347108,54.921487603305785,76.89393939393939,1200.1874851511884
IS,WR70Plus fijo 1c + oro WinRate,1c WR70Plus,3100.0,Monte Carlo,871.3916368688701,1.9,1.311,1.138,0.165,15.299,46.065333333333335,76.89246031746032,1155.5669869326634
IS,WR70Plus fijo 1c + oro WinRate,1c WR70Plus,4100.0,historia,911.6047132145441,11.15702479338843,1.0702479338842976,1.0454545454545454,0.045454545454545456,14.913223140495868,52.989669421487605,77.67611176702086,1191.6239145171153
IS,WR70Plus fijo 1c + oro WinRate,1c WR70Plus,4100.0,costo +1 tick,842.6339240136881,12.8099173553719,1.0702479338842976,1.0454545454545454,0.045454545454545456,14.016528925619834,54.921487603305785,76.89393939393939,1114.0492231687194
IS,WR70Plus fijo 1c + oro WinRate,1c WR70Plus,4100.0,Monte Carlo,804.596020036165,3.2,1.258,1.106,0.115,14.148,46.02116666666667,77.60079365079366,1058.0495568953515
IS,WR70Plus fijo 1c + oro WinRate,1c WR70Plus,5100.0,historia,845.1370988149946,12.8099173553719,1.0702479338842976,1.0454545454545454,0.045454545454545456,13.772727272727273,52.989669421487605,77.67611176702086,1106.0537013749972
IS,WR70Plus fijo 1c + oro WinRate,1c WR70Plus,5100.0,costo +1 tick,777.2106256241312,13.636363636363635,1.0702479338842976,1.0454545454545454,0.045454545454545456,13.057851239669422,54.921487603305785,76.89393939393939,1028.9667070364876
IS,WR70Plus fijo 1c + oro WinRate,1c WR70Plus,5100.0,Monte Carlo,732.6830343389829,4.8,1.253,1.103,0.11,12.884,46.02066666666667,77.65515873015872,964.6190456046711
IS,WR70Plus fijo 1c + oro WinRate,1c WR70Plus,6100.0,historia,780.0268071464928,13.636363636363635,1.0702479338842976,1.0454545454545454,0.045454545454545456,12.586776859504132,52.989669421487605,77.67611176702086,1022.2309015626286
IS,WR70Plus fijo 1c + oro WinRate,1c WR70Plus,6100.0,costo +1 tick,712.4920090752856,14.87603305785124,1.0702479338842976,1.0454545454545454,0.045454545454545456,11.855371900826446,54.921487603305785,76.89393939393939,944.8006244310924
IS,WR70Plus fijo 1c + oro WinRate,1c WR70Plus,6100.0,Monte Carlo,661.4873216141026,6.2,1.252,1.103,0.109,11.68,46.02066666666667,77.68492063492063,872.5858884931695
IS,WR70Plus fijo 1c + oro WinRate,2c Ultra,2100.0,historia,531.1536097294041,3.71900826446281,5.008264462809917,3.9173553719008263,3.677685950413223,6.93801652892562,50.39207988980717,19.544470680834316,3052.926901228122
IS,WR70Plus fijo 1c + oro WinRate,2c Ultra,2100.0,costo +1 tick,385.7493319188268,8.264462809917356,4.933884297520661,3.8388429752066116,3.5991735537190084,5.371900826446281,51.48030303030303,18.94759281122918,2376.560385784313
IS,WR70Plus fijo 1c + oro WinRate,2c Ultra,2100.0,Monte Carlo,820.8546080966433,8.200000000000001,4.832,3.64,3.374,9.633,44.50568333333334,24.819444444444443,3562.018790316638
IS,WR70Plus fijo 1c + oro WinRate,2c Ultra,3100.0,historia,1412.5077147024065,4.958677685950414,3.553719008264463,2.8016528925619837,2.4008264462809916,14.52892561983471,55.9935261707989,33.443198215925484,4362.627628017238
IS,WR70Plus fijo 1c + oro WinRate,2c Ultra,3100.0,costo +1 tick,1198.1691380774025,9.917355371900827,3.5289256198347108,2.7520661157024793,2.371900826446281,12.384297520661157,56.38794765840221,32.931588613406795,3778.5582192158695
IS,WR70Plus fijo 1c + oro WinRate,2c Ultra,3100.0,Monte Carlo,1288.8218223095616,9.3,3.962,3.001,2.574,14.446,45.03228571428571,38.03214285714285,3525.065610980786
IS,WR70Plus fijo 1c + oro WinRate,2c Ultra,4100.0,historia,2109.2845028843753,5.371900826446281,2.6404958677685952,2.355371900826446,1.6115702479338843,21.892561983471076,56.46756198347107,50.42962088416634,4251.134458083527
IS,WR70Plus fijo 1c + oro WinRate,2c Ultra,4100.0,costo +1 tick,1869.7324102125224,16.94214876033058,2.809917355371901,2.28099173553719,1.6487603305785123,19.694214876033058,59.17417355371901,46.48432375705103,4101.372982376198
IS,WR70Plus fijo 1c + oro WinRate,2c Ultra,4100.0,Monte Carlo,1661.352257989772,9.8,3.206,2.515,1.89,18.374,44.78960238095239,49.353968253968254,3451.186368422334
IS,WR70Plus fijo 1c + oro WinRate,2c Ultra,5100.0,historia,2306.662116063774,5.371900826446281,2.0578512396694215,1.975206611570248,1.024793388429752,24.037190082644628,56.91632231404959,56.839498884953436,4105.570449356178
IS,WR70Plus fijo 1c + oro WinRate,2c Ultra,5100.0,costo +1 tick,2146.1041949129635,13.223140495867769,2.190082644628099,1.9421487603305785,1.1528925619834711,22.140495867768596,59.811294765840216,52.87288469106651,4113.181622086967
IS,WR70Plus fijo 1c + oro WinRate,2c Ultra,5100.0,Monte Carlo,1807.428569341012,11.200000000000001,2.771,2.232,1.493,19.829,45.26751904761905,55.08928571428571,3346.7169924288496
IS,WR70Plus fijo 1c + oro WinRate,2c Ultra,6100.0,historia,2232.2157889425757,6.198347107438017,2.0578512396694215,1.975206611570248,1.024793388429752,23.198347107438018,56.868801652892564,56.88869211596484,3971.157111603898
IS,WR70Plus fijo 1c + oro WinRate,2c Ultra,6100.0,costo +1 tick,2083.464865134521,14.46280991735537,2.0826446280991737,1.8677685950413223,1.0454545454545454,21.34710743801653,60.081955922865006,53.60914338187065,3937.225379603084
IS,WR70Plus fijo 1c + oro WinRate,2c Ultra,6100.0,Monte Carlo,1885.396065860923,12.0,2.483,2.044,1.231,20.591,45.52565238095239,58.8936507936508,3256.5173947992926
IS,WR70Plus fijo 1c + oro WinRate,2c Ultra escalones 750/1500,2100.0,historia,863.382352129881,3.71900826446281,4.276859504132231,3.260330578512397,2.93801652892562,10.739669421487603,54.901446280991735,27.27928637019546,3370.0952369733513
IS,WR70Plus fijo 1c + oro WinRate,2c Ultra escalones 750/1500,2100.0,costo +1 tick,632.1345514373675,7.024793388429752,4.2727272727272725,3.2479338842975207,2.9338842975206614,8.305785123966942,56.56342975206613,25.48701298701299,2699.555522412431
IS,WR70Plus fijo 1c + oro WinRate,2c Ultra escalones 750/1500,2100.0,Monte Carlo,853.2459780689329,8.0,4.566,3.437,3.123,9.966,44.59350952380952,29.060714285714287,3141.645002572216
IS,WR70Plus fijo 1c + oro WinRate,2c Ultra escalones 750/1500,3100.0,historia,1219.6665543671809,4.132231404958678,3.4669421487603307,2.6983471074380163,2.3140495867768593,14.28099173553719,56.36074380165289,35.59950150859242,3553.4927752891826
IS,WR70Plus fijo 1c + oro WinRate,2c Ultra escalones 750/1500,3100.0,costo +1 tick,857.1965376015866,9.090909090909092,3.7520661157024793,2.871900826446281,2.5,10.537190082644628,56.81453168044077,31.52466220648039,2874.847836103779
IS,WR70Plus fijo 1c + oro WinRate,2c Ultra escalones 750/1500,3100.0,Monte Carlo,1317.947470960622,8.799999999999999,3.725,2.838,2.357,14.707,44.89516666666667,41.614285714285714,3284.167598143159
IS,WR70Plus fijo 1c + oro WinRate,2c Ultra escalones 750/1500,4100.0,historia,2265.008701684718,4.132231404958678,2.334710743801653,2.06198347107438,1.3057851239669422,23.479338842975206,61.89325068870524,53.87970615243342,4260.517854511559
IS,WR70Plus fijo 1c + oro WinRate,2c Ultra escalones 750/1500,4100.0,costo +1 tick,1936.8571401075887,16.115702479338843,2.7644628099173554,2.1322314049586777,1.5950413223140496,19.863636363636363,65.80537190082644,43.43106388560934,4542.890162060001
IS,WR70Plus fijo 1c + oro WinRate,2c Ultra escalones 750/1500,4100.0,Monte Carlo,1656.4794439890295,9.2,3.084,2.415,1.784,18.26,44.99558333333333,51.19047619047619,3314.734634769267
IS,WR70Plus fijo 1c + oro WinRate,2c Ultra escalones 750/1500,5100.0,historia,2482.5500902690014,4.545454545454546,1.756198347107438,1.6818181818181819,0.7231404958677686,25.727272727272727,62.621212121212125,59.89931785386331,4182.897415887783
IS,WR70Plus fijo 1c + oro WinRate,2c Ultra escalones 750/1500,5100.0,costo +1 tick,2097.416359008968,17.768595041322314,2.2520661157024793,1.859504132231405,1.2107438016528926,21.75206611570248,65.87465564738292,48.49632690541782,4385.653566789616
IS,WR70Plus fijo 1c + oro WinRate,2c Ultra escalones 750/1500,5100.0,Monte Carlo,1811.2824630968264,10.5,2.657,2.149,1.387,19.862,45.251266666666666,56.82261904761905,3248.785273724276
IS,WR70Plus fijo 1c + oro WinRate,2c Ultra escalones 750/1500,6100.0,historia,2414.9737642250607,4.958677685950414,1.756198347107438,1.6818181818181819,0.7231404958677686,24.834710743801654,62.56955922865014,59.95179063360881,4066.5185590520255
IS,WR70Plus fijo 1c + oro WinRate,2c Ultra escalones 750/1500,6100.0,costo +1 tick,2064.439382573018,17.768595041322314,2.074380165289256,1.7851239669421488,1.0289256198347108,21.285123966942148,66.21349862258954,50.29843893480257,4158.338179136498
IS,WR70Plus fijo 1c + oro WinRate,2c Ultra escalones 750/1500,6100.0,Monte Carlo,1892.5792528110494,11.200000000000001,2.378,1.962,1.132,20.657,45.70341666666666,60.321825396825396,3189.0470933576153
IS,WR70Plus fijo 1c + oro WinRate,Ultra 1c -> 2c desde colchon 3000,2100.0,historia,1382.1309437540938,0.0,1.6611570247933884,1.524793388429752,0.6363636363636364,22.173553719008265,55.24586776859504,68.58356290174473,2046.9400471942536
IS,WR70Plus fijo 1c + oro WinRate,Ultra 1c -> 2c desde colchon 3000,2100.0,costo +1 tick,1042.985608215897,0.0,2.0785123966942147,1.7148760330578512,0.9297520661157025,17.14876033057851,52.59366391184573,61.58336612882067,1737.7736002619624
IS,WR70Plus fijo 1c + oro WinRate,Ultra 1c -> 2c desde colchon 3000,2100.0,Monte Carlo,1070.2403007079222,1.7000000000000002,2.227,1.76,0.995,17.044,45.519666666666666,63.955158730158736,1718.9807763276378
IS,WR70Plus fijo 1c + oro WinRate,Ultra 1c -> 2c desde colchon 3000,3100.0,historia,1599.4708177241903,0.0,1.2520661157024793,1.1983471074380165,0.22727272727272727,17.516528925619834,57.25413223140496,71.4548078184442,2261.3622027742795
IS,WR70Plus fijo 1c + oro WinRate,Ultra 1c -> 2c desde colchon 3000,3100.0,costo +1 tick,1406.9555797661142,0.0,1.3016528925619835,1.2479338842975207,0.2768595041322314,16.107438016528924,59.16942148760331,69.98720975993704,2034.636819110534
IS,WR70Plus fijo 1c + oro WinRate,Ultra 1c -> 2c desde colchon 3000,3100.0,Monte Carlo,1313.763827808074,2.5,1.882,1.521,0.677,15.052,45.51783333333333,68.89642857142857,1942.6067343299676
IS,WR70Plus fijo 1c + oro WinRate,Ultra 1c -> 2c desde colchon 3000,4100.0,historia,2057.4616429952553,0.0,1.2520661157024793,1.1983471074380165,0.22727272727272727,21.078512396694215,57.25413223140496,71.4548078184442,2902.313930521907
IS,WR70Plus fijo 1c + oro WinRate,Ultra 1c -> 2c desde colchon 3000,4100.0,costo +1 tick,1799.1792625387843,0.0,1.3016528925619835,1.2479338842975207,0.2768595041322314,17.826446280991735,59.16942148760331,69.98720975993704,2595.058764946117
IS,WR70Plus fijo 1c + oro WinRate,Ultra 1c -> 2c desde colchon 3000,4100.0,Monte Carlo,1646.1069291500407,3.6999999999999997,1.679,1.394,0.495,17.845,45.86658333333334,71.54246031746032,2331.5858001176475
IS,WR70Plus fijo 1c + oro WinRate,Ultra 1c -> 2c desde colchon 3000,5100.0,historia,2306.6342383135448,0.0,1.2520661157024793,1.1983471074380165,0.22727272727272727,23.632231404958677,57.25413223140496,71.4548078184442,3251.0274781832477
IS,WR70Plus fijo 1c + oro WinRate,Ultra 1c -> 2c desde colchon 3000,5100.0,costo +1 tick,2067.593148170424,0.0,1.3016528925619835,1.2479338842975207,0.2768595041322314,21.371900826446282,59.16942148760331,69.9757313393677,2979.0658374660247
IS,WR70Plus fijo 1c + oro WinRate,Ultra 1c -> 2c desde colchon 3000,5100.0,Monte Carlo,1837.3173100646554,4.8,1.581,1.327,0.408,19.839,45.92516666666667,72.86111111111111,2550.0600138134805
IS,WR70Plus fijo 1c + oro WinRate,Ultra 1c -> 2c desde colchon 3000,6100.0,historia,2523.180682956548,0.0,1.1074380165289257,1.0826446280991735,0.08264462809917356,26.041322314049587,53.163223140495866,77.13662600026237,3289.8375198108483
IS,WR70Plus fijo 1c + oro WinRate,Ultra 1c -> 2c desde colchon 3000,6100.0,costo +1 tick,2218.2855406430144,0.4132231404958678,1.165289256198347,1.140495867768595,0.14049586776859505,22.954545454545453,55.35123966942149,75.38042765315492,2963.012386568927
IS,WR70Plus fijo 1c + oro WinRate,Ultra 1c -> 2c desde colchon 3000,6100.0,Monte Carlo,1949.7414134980836,4.9,1.498,1.278,0.329,21.115,46.093833333333336,73.94087301587301,2663.3986948039624
IS,WR70Plus fijo 1c + oro WinRate,Ultra 1c -> 2c desde colchon 4000,2100.0,historia,1382.1309437540938,0.0,1.6611570247933884,1.524793388429752,0.6363636363636364,22.173553719008265,55.24586776859504,68.58356290174473,2046.9400471942536
IS,WR70Plus fijo 1c + oro WinRate,Ultra 1c -> 2c desde colchon 4000,2100.0,costo +1 tick,1042.985608215897,0.0,2.0785123966942147,1.7148760330578512,0.9297520661157025,17.14876033057851,52.59366391184573,61.58336612882067,1737.7736002619624
IS,WR70Plus fijo 1c + oro WinRate,Ultra 1c -> 2c desde colchon 4000,2100.0,Monte Carlo,1070.2403007079222,1.7000000000000002,2.227,1.76,0.995,17.044,45.519666666666666,63.955158730158736,1718.9807763276378
IS,WR70Plus fijo 1c + oro WinRate,Ultra 1c -> 2c desde colchon 4000,3100.0,historia,1415.3245846869368,0.0,1.2479338842975207,1.1942148760330578,0.2231404958677686,22.49586776859504,57.11776859504132,71.62042502951594,1998.9433448393472
IS,WR70Plus fijo 1c + oro WinRate,Ultra 1c -> 2c desde colchon 4000,3100.0,costo +1 tick,1276.8510726381103,0.0,1.2685950413223142,1.2148760330578512,0.24380165289256198,20.194214876033058,59.36570247933884,70.31516463334644,1839.5015231399107
IS,WR70Plus fijo 1c + oro WinRate,Ultra 1c -> 2c desde colchon 4000,3100.0,Monte Carlo,1159.9314797023515,2.1999999999999997,1.615,1.344,0.439,18.297,46.052,72.54087301587302,1628.131857163135
IS,WR70Plus fijo 1c + oro WinRate,Ultra 1c -> 2c desde colchon 4000,4100.0,historia,1590.2523985095424,0.0,1.0950413223140496,1.0702479338842976,0.07024793388429752,17.012396694214875,52.760330578512395,77.63347763347764,2066.8650150115313
IS,WR70Plus fijo 1c + oro WinRate,Ultra 1c -> 2c desde colchon 4000,4100.0,costo +1 tick,1418.5765103233255,0.0,1.115702479338843,1.0909090909090908,0.09090909090909091,15.96694214876033,55.02685950413223,76.37741046831955,1876.4365130653457
IS,WR70Plus fijo 1c + oro WinRate,Ultra 1c -> 2c desde colchon 4000,4100.0,Monte Carlo,1342.6102457407576,3.5000000000000004,1.486,1.271,0.321,15.241,46.239083333333326,74.10317460317461,1838.048216379302
IS,WR70Plus fijo 1c + oro WinRate,Ultra 1c -> 2c desde colchon 4000,5100.0,historia,2050.133366202093,0.0,1.0950413223140496,1.0702479338842976,0.07024793388429752,20.859504132231404,52.760330578512395,77.63347763347764,2659.239570050449
IS,WR70Plus fijo 1c + oro WinRate,Ultra 1c -> 2c desde colchon 4000,5100.0,costo +1 tick,1778.8834704377434,0.4132231404958678,1.115702479338843,1.0909090909090908,0.09090909090909091,17.479338842975206,55.02685950413223,76.37741046831955,2348.1819649013555
IS,WR70Plus fijo 1c + oro WinRate,Ultra 1c -> 2c desde colchon 4000,5100.0,Monte Carlo,1619.6751578391788,3.8,1.437,1.235,0.273,17.521,46.28525,74.78531746031747,2190.905866928473
IS,WR70Plus fijo 1c + oro WinRate,Ultra 1c -> 2c desde colchon 4000,6100.0,historia,2295.4029298864775,0.0,1.0950413223140496,1.0702479338842976,0.07024793388429752,23.28099173553719,52.760330578512395,77.63347763347764,2975.1722979933456
IS,WR70Plus fijo 1c + oro WinRate,Ultra 1c -> 2c desde colchon 4000,6100.0,costo +1 tick,2031.071786462374,0.4132231404958678,1.115702479338843,1.0909090909090908,0.09090909090909091,21.119834710743802,55.02685950413223,76.37741046831955,2678.3690116712055
IS,WR70Plus fijo 1c + oro WinRate,Ultra 1c -> 2c desde colchon 4000,6100.0,Monte Carlo,1770.7334356510125,4.6,1.415,1.225,0.253,19.139,46.26441666666667,75.06984126984126,2383.4423012647226
C24,Estable C1200 (Ultra/Estable + oro WR x2) 1c,1c Ultra,2100.0,historia,1370.3947749747174,0.0,4.583333333333333,3.5347222222222223,3.0833333333333335,16.95138888888889,36.94328703703704,40.013227513227505,3574.718016135161
C24,Estable C1200 (Ultra/Estable + oro WR x2) 1c,1c Ultra,2100.0,costo +1 tick,1048.0691045620927,0.6944444444444444,5.868055555555555,4.319444444444445,3.8541666666666665,14.694444444444445,29.240889550264555,41.2147266313933,2729.225505907276
C24,Estable C1200 (Ultra/Estable + oro WR x2) 1c,1c Ultra,2100.0,Monte Carlo,1303.8239391029358,2.9000000000000004,4.722,3.093,2.522,18.334,29.59900238095238,50.390476190476186,2710.0427349425113
C24,Estable C1200 (Ultra/Estable + oro WR x2) 1c,1c Ultra,3100.0,historia,1763.5552375854168,0.0,3.2569444444444446,2.5069444444444446,1.7569444444444444,22.930555555555557,38.10914351851852,61.251653439153436,2948.764361429775
C24,Estable C1200 (Ultra/Estable + oro WR x2) 1c,1c Ultra,3100.0,costo +1 tick,1669.3414252063742,0.0,3.3819444444444446,2.513888888888889,1.7361111111111112,21.42361111111111,37.784375,62.56338183421517,2738.964041663609
C24,Estable C1200 (Ultra/Estable + oro WR x2) 1c,1c Ultra,3100.0,Monte Carlo,1642.9342918328127,3.5999999999999996,3.407,2.259,1.51,22.852,29.541616666666666,63.81507936507936,2644.373751923768
C24,Estable C1200 (Ultra/Estable + oro WR x2) 1c,1c Ultra,4100.0,historia,1792.6155016997348,0.0,2.3055555555555554,2.0069444444444446,1.0972222222222223,23.53472222222222,39.08136574074074,66.1954365079365,2753.6337090745587
C24,Estable C1200 (Ultra/Estable + oro WR x2) 1c,1c Ultra,4100.0,costo +1 tick,1692.6301591147978,0.0,2.4375,1.9861111111111112,1.0763888888888888,21.854166666666668,39.13854166666667,66.93397266313934,2576.450665484696
C24,Estable C1200 (Ultra/Estable + oro WR x2) 1c,1c Ultra,4100.0,Monte Carlo,1786.2549875390453,3.8,2.635,1.778,0.909,24.671,29.604116666666666,71.15039682539683,2558.9872328336432
C24,Estable C1200 (Ultra/Estable + oro WR x2) 1c,1c Ultra,5100.0,historia,1748.770177356733,0.0,2.1458333333333335,1.9375,0.9375,23.0,38.358217592592595,68.09138007054673,2609.5003924044327
C24,Estable C1200 (Ultra/Estable + oro WR x2) 1c,1c Ultra,5100.0,costo +1 tick,1652.880431712115,0.0,2.2777777777777777,1.9166666666666667,0.9166666666666666,21.791666666666668,38.507407407407406,68.86298500881834,2443.52079338786
C24,Estable C1200 (Ultra/Estable + oro WR x2) 1c,1c Ultra,5100.0,Monte Carlo,1790.6683489075979,4.3999999999999995,2.318,1.585,0.654,24.695,29.607683333333334,74.28412698412698,2451.3924973007684
C24,Estable C1200 (Ultra/Estable + oro WR x2) 1c,1c Ultra,6100.0,historia,1776.9837809907067,0.0,1.8541666666666667,1.6458333333333333,0.6458333333333334,23.76388888888889,39.66030092592593,73.87841710758379,2438.1172906333977
C24,Estable C1200 (Ultra/Estable + oro WR x2) 1c,1c Ultra,6100.0,costo +1 tick,1662.4040783347907,0.0,2.013888888888889,1.6527777777777777,0.6527777777777778,21.79861111111111,39.64282407407407,74.35240299823633,2271.2816127872534
C24,Estable C1200 (Ultra/Estable + oro WR x2) 1c,1c Ultra,6100.0,Monte Carlo,1734.6015482213736,4.8,2.226,1.534,0.586,23.89,29.594016666666665,75.10000000000001,2348.5020615464364
C24,Estable C1200 (Ultra/Estable + oro WR x2) 1c,1c Ultra escalones 750/1500,2100.0,historia,1248.9183831083556,0.0,4.111111111111111,3.1527777777777777,2.5972222222222223,16.375,35.51793981481482,47.92493386243386,2718.220590318901
C24,Estable C1200 (Ultra/Estable + oro WR x2) 1c,1c Ultra escalones 750/1500,2100.0,costo +1 tick,878.1743752573376,0.0,5.777777777777778,4.263888888888889,3.75,13.17361111111111,26.2369212962963,44.31492504409171,2152.247728955803
C24,Estable C1200 (Ultra/Estable + oro WR x2) 1c,1c Ultra escalones 750/1500,2100.0,Monte Carlo,1292.5971925551476,2.5,4.284,2.833,2.211,18.195,29.255085714285713,55.176190476190484,2444.2539090064815
C24,Estable C1200 (Ultra/Estable + oro WR x2) 1c,1c Ultra escalones 750/1500,3100.0,historia,1968.3993301975509,0.0,1.9236111111111112,1.625,0.7152777777777778,25.84722222222222,43.35300925925927,70.16369047619048,2841.308035592032
C24,Estable C1200 (Ultra/Estable + oro WR x2) 1c,1c Ultra escalones 750/1500,3100.0,costo +1 tick,1788.191875976545,0.0,2.201388888888889,1.7569444444444444,0.8472222222222222,23.569444444444443,40.46006944444444,68.67835097001765,2645.656680661137
C24,Estable C1200 (Ultra/Estable + oro WR x2) 1c,1c Ultra escalones 750/1500,3100.0,Monte Carlo,1621.9081922254209,3.4000000000000004,3.171,2.144,1.356,22.491,29.195483333333335,66.12738095238095,2515.4412866029725
C24,Estable C1200 (Ultra/Estable + oro WR x2) 1c,1c Ultra escalones 750/1500,4100.0,historia,1889.0976574259776,0.0,1.9236111111111112,1.625,0.7152777777777778,25.055555555555557,42.592592592592595,70.76719576719577,2705.0173205869887
C24,Estable C1200 (Ultra/Estable + oro WR x2) 1c,1c Ultra escalones 750/1500,4100.0,costo +1 tick,1722.9601244640571,0.0,2.201388888888889,1.7569444444444444,0.8472222222222222,22.59722222222222,39.876736111111114,69.14131393298061,2533.596093923942
C24,Estable C1200 (Ultra/Estable + oro WR x2) 1c,1c Ultra escalones 750/1500,4100.0,Monte Carlo,1768.6922120507559,3.9,2.495,1.702,0.799,24.374,29.411583333333336,72.64960317460317,2479.483782434661
C24,Estable C1200 (Ultra/Estable + oro WR x2) 1c,1c Ultra escalones 750/1500,5100.0,historia,1934.4132408961102,0.0,1.4652777777777777,1.2569444444444444,0.2569444444444444,25.625,43.45949074074074,78.58796296296295,2485.8564655879813
C24,Estable C1200 (Ultra/Estable + oro WR x2) 1c,1c Ultra escalones 750/1500,5100.0,costo +1 tick,1771.6592641174793,0.0,1.75,1.3958333333333333,0.3958333333333333,23.944444444444443,40.07407407407407,77.08884479717813,2327.9050323977654
C24,Estable C1200 (Ultra/Estable + oro WR x2) 1c,1c Ultra escalones 750/1500,5100.0,Monte Carlo,1766.1823116678797,4.5,2.219,1.556,0.604,24.33,29.33875,75.26547619047619,2385.1762045474256
C24,Estable C1200 (Ultra/Estable + oro WR x2) 1c,1c Ultra escalones 750/1500,6100.0,historia,1851.7806947563533,0.0,1.4652777777777777,1.2569444444444444,0.2569444444444444,24.40277777777778,43.45949074074074,78.58796296296295,2380.709897304108
C24,Estable C1200 (Ultra/Estable + oro WR x2) 1c,1c Ultra escalones 750/1500,6100.0,costo +1 tick,1685.6743068555988,0.0,1.75,1.3958333333333333,0.3958333333333333,22.29861111111111,40.07407407407407,77.08884479717813,2216.364954857224
C24,Estable C1200 (Ultra/Estable + oro WR x2) 1c,1c Ultra escalones 750/1500,6100.0,Monte Carlo,1716.3841755490782,5.0,2.142,1.51,0.543,23.605,29.341866666666668,76.03174603174604,2294.3162121000405
C24,Estable C1200 (Ultra/Estable + oro WR x2) 1c,1c WR70Plus,2100.0,historia,1159.6781124719316,0.0,3.2083333333333335,2.326388888888889,1.6875,18.53472222222222,46.16828703703704,51.3558201058201,2339.8590548069033
C24,Estable C1200 (Ultra/Estable + oro WR x2) 1c,1c WR70Plus,2100.0,costo +1 tick,1084.383946015603,0.0,4.041666666666667,2.7083333333333335,2.0069444444444446,16.680555555555557,33.106828703703705,53.85526895943563,2111.7013065043343
C24,Estable C1200 (Ultra/Estable + oro WR x2) 1c,1c WR70Plus,2100.0,Monte Carlo,981.6112912763438,2.1999999999999997,3.83,2.483,1.822,16.048,30.60295,58.45476190476191,1764.9895822413114
C24,Estable C1200 (Ultra/Estable + oro WR x2) 1c,1c WR70Plus,3100.0,historia,1288.9941909648203,0.0,1.8263888888888888,1.5347222222222223,0.6111111111111112,20.25,41.55439814814815,71.77303791887125,1829.2237359082897
C24,Estable C1200 (Ultra/Estable + oro WR x2) 1c,1c WR70Plus,3100.0,costo +1 tick,1203.8571516965826,0.0,2.0,1.5694444444444444,0.6527777777777778,18.25,40.15046296296296,70.44753086419753,1746.0140948507897
C24,Estable C1200 (Ultra/Estable + oro WR x2) 1c,1c WR70Plus,3100.0,Monte Carlo,1064.35334378318,3.1,2.869,1.928,1.119,17.248,29.938966666666666,68.86428571428573,1600.0883704627304
C24,Estable C1200 (Ultra/Estable + oro WR x2) 1c,1c WR70Plus,4100.0,historia,1206.9172655661348,0.0,1.6527777777777777,1.4375,0.4375,18.805555555555557,43.05555555555556,72.55842151675485,1693.175075308162
C24,Estable C1200 (Ultra/Estable + oro WR x2) 1c,1c WR70Plus,4100.0,costo +1 tick,1125.0959841705583,0.0,1.8263888888888888,1.4722222222222223,0.4722222222222222,16.895833333333332,41.51504629629629,71.61044973544975,1604.502196320373
C24,Estable C1200 (Ultra/Estable + oro WR x2) 1c,1c WR70Plus,4100.0,Monte Carlo,1073.107331526939,4.2,2.317,1.603,0.68,17.249,29.907716666666666,74.04325396825398,1490.238955912667
C24,Estable C1200 (Ultra/Estable + oro WR x2) 1c,1c WR70Plus,5100.0,historia,1130.2375009436848,0.0,1.6527777777777777,1.4375,0.4375,17.67361111111111,41.30555555555556,73.94731040564373,1557.6784837983319
C24,Estable C1200 (Ultra/Estable + oro WR x2) 1c,1c WR70Plus,5100.0,costo +1 tick,1048.14802346798,0.0,1.8263888888888888,1.4722222222222223,0.4722222222222222,15.75,39.76504629629629,72.99933862433863,1468.565740868481
C24,Estable C1200 (Ultra/Estable + oro WR x2) 1c,1c WR70Plus,5100.0,Monte Carlo,1020.1055981630562,5.4,2.172,1.523,0.567,16.412,29.802466666666668,75.47539682539683,1389.2243595468417
C24,Estable C1200 (Ultra/Estable + oro WR x2) 1c,1c WR70Plus,6100.0,historia,1150.6298441800252,0.0,1.3611111111111112,1.1458333333333333,0.14583333333333334,18.520833333333332,43.19097222222222,79.27138447971781,1473.9716257249795
C24,Estable C1200 (Ultra/Estable + oro WR x2) 1c,1c WR70Plus,6100.0,costo +1 tick,1057.6322011028726,0.0,1.5625,1.2083333333333333,0.20833333333333334,16.52777777777778,41.48379629629629,78.02579365079364,1381.6904115851185
C24,Estable C1200 (Ultra/Estable + oro WR x2) 1c,1c WR70Plus,6100.0,Monte Carlo,954.4630744505008,6.7,2.105,1.483,0.515,15.385,29.873716666666667,76.05277777777778,1291.2131809130365
C24,Estable C1200 (Ultra/Estable + oro WR x2) 1c,2c Ultra,2100.0,historia,705.9313708557023,8.333333333333332,7.645833333333333,5.270833333333333,5.111111111111111,8.166666666666666,32.067369378306886,18.802358906525573,4286.506607886812
C24,Estable C1200 (Ultra/Estable + oro WR x2) 1c,2c Ultra,2100.0,costo +1 tick,759.0906165244402,6.944444444444445,7.638888888888889,4.826388888888889,4.638888888888889,9.020833333333334,31.972354497354495,18.7582671957672,4579.488804530468
C24,Estable C1200 (Ultra/Estable + oro WR x2) 1c,2c Ultra,2100.0,Monte Carlo,1190.3439232399624,7.3,7.552,4.82,4.594,10.832,29.798044841269842,20.931746031746034,6158.823323281841
C24,Estable C1200 (Ultra/Estable + oro WR x2) 1c,2c Ultra,3100.0,historia,901.1944252188558,8.333333333333332,7.347222222222222,5.0,4.819444444444445,10.416666666666666,33.48061342592593,23.258377425044092,4288.005841509696
C24,Estable C1200 (Ultra/Estable + oro WR x2) 1c,2c Ultra,3100.0,costo +1 tick,809.1012739029194,9.027777777777777,7.916666666666667,5.006944444444445,4.819444444444445,9.833333333333334,29.823776455026454,22.817460317460316,3999.909061278882
C24,Estable C1200 (Ultra/Estable + oro WR x2) 1c,2c Ultra,3100.0,Monte Carlo,1615.1281544552012,9.0,6.724,4.336,4.008,14.723,29.937020634920636,29.109523809523807,5850.664198193886
C24,Estable C1200 (Ultra/Estable + oro WR x2) 1c,2c Ultra,4100.0,historia,788.9976212565545,9.722222222222223,6.840277777777778,4.993055555555555,4.805555555555555,9.402777777777779,34.076562499999994,23.875661375661373,3679.4425992795304
C24,Estable C1200 (Ultra/Estable + oro WR x2) 1c,2c Ultra,4100.0,costo +1 tick,698.7142441597249,9.722222222222223,7.416666666666667,5.006944444444445,4.8125,8.82638888888889,30.34750330687831,23.426477072310405,3396.7931410502406
C24,Estable C1200 (Ultra/Estable + oro WR x2) 1c,2c Ultra,4100.0,Monte Carlo,1962.6648928735574,9.6,6.023,3.887,3.475,17.703,29.902131746031746,36.18571428571429,5641.6346888202
C24,Estable C1200 (Ultra/Estable + oro WR x2) 1c,2c Ultra,5100.0,historia,1204.3572255189772,9.722222222222223,6.097222222222222,4.298611111111111,4.041666666666667,13.63888888888889,37.464599867724864,27.185295414462082,4723.616928497987
C24,Estable C1200 (Ultra/Estable + oro WR x2) 1c,2c Ultra,5100.0,costo +1 tick,1096.4841789609857,9.722222222222223,6.979166666666667,4.465277777777778,4.215277777777778,12.479166666666666,32.09654431216931,26.523919753086417,4478.20289726091
C24,Estable C1200 (Ultra/Estable + oro WR x2) 1c,2c Ultra,5100.0,Monte Carlo,2458.533375341161,9.9,5.165,3.336,2.808,22.141,29.94173611111111,45.035714285714285,5609.123408106199
C24,Estable C1200 (Ultra/Estable + oro WR x2) 1c,2c Ultra,6100.0,historia,2347.7473070473584,9.722222222222223,4.506944444444445,3.451388888888889,2.8819444444444446,22.555555555555557,37.301058201058204,49.23941798941799,4887.777438892687
C24,Estable C1200 (Ultra/Estable + oro WR x2) 1c,2c Ultra,6100.0,costo +1 tick,2182.7012309019215,9.722222222222223,4.527777777777778,3.2708333333333335,2.6944444444444446,20.40277777777778,37.28784722222222,48.38789682539682,4633.265349220852
C24,Estable C1200 (Ultra/Estable + oro WR x2) 1c,2c Ultra,6100.0,Monte Carlo,2648.3128194661776,11.200000000000001,4.681,3.052,2.444,23.866,29.66530476190476,50.24007936507937,5393.21580905554
C24,Estable C1200 (Ultra/Estable + oro WR x2) 1c,2c Ultra escalones 750/1500,2100.0,historia,650.230753951161,9.027777777777777,7.555555555555555,5.194444444444445,5.013888888888889,7.465277777777778,32.38019731040564,19.833002645502642,3776.950062439868
C24,Estable C1200 (Ultra/Estable + oro WR x2) 1c,2c Ultra escalones 750/1500,2100.0,costo +1 tick,722.8083575571023,1.3888888888888888,9.027777777777779,5.319444444444445,5.152777777777778,8.847222222222221,26.5098544973545,17.722111992945326,4745.042711713906
C24,Estable C1200 (Ultra/Estable + oro WR x2) 1c,2c Ultra escalones 750/1500,2100.0,Monte Carlo,1171.949622786665,6.7,7.422,4.743,4.496,10.654,29.684331349206353,22.481746031746034,5644.82011759522
C24,Estable C1200 (Ultra/Estable + oro WR x2) 1c,2c Ultra escalones 750/1500,3100.0,historia,865.4409726043541,9.027777777777777,7.25,4.916666666666667,4.715277777777778,10.180555555555555,33.84183201058201,24.098875661375658,3984.813037606267
C24,Estable C1200 (Ultra/Estable + oro WR x2) 1c,2c Ultra escalones 750/1500,3100.0,costo +1 tick,806.3324304838976,1.3888888888888888,8.4375,5.0,4.819444444444445,9.76388888888889,28.768022486772484,21.22189153439153,4319.704744500673
C24,Estable C1200 (Ultra/Estable + oro WR x2) 1c,2c Ultra escalones 750/1500,3100.0,Monte Carlo,1577.9293611209553,8.4,6.616,4.272,3.928,14.408,29.773546825396824,30.17936507936508,5515.320451828758
C24,Estable C1200 (Ultra/Estable + oro WR x2) 1c,2c Ultra escalones 750/1500,4100.0,historia,770.0967363434811,9.722222222222223,6.736111111111111,4.902777777777778,4.694444444444445,9.229166666666666,34.43394510582011,24.776785714285715,3463.8372114817303
C24,Estable C1200 (Ultra/Estable + oro WR x2) 1c,2c Ultra escalones 750/1500,4100.0,costo +1 tick,685.0175712680375,9.027777777777777,7.659722222222222,4.75,4.527777777777778,8.868055555555555,29.76777447089947,23.230820105820104,3380.1315096292465
C24,Estable C1200 (Ultra/Estable + oro WR x2) 1c,2c Ultra escalones 750/1500,4100.0,Monte Carlo,1949.2254311479567,9.6,5.94,3.853,3.424,17.617,29.56489722222222,37.33412698412698,5429.1893098497585
C24,Estable C1200 (Ultra/Estable + oro WR x2) 1c,2c Ultra escalones 750/1500,5100.0,historia,1113.6503185835152,9.722222222222223,5.854166666666667,4.326388888888889,4.069444444444445,12.569444444444445,39.07354497354497,27.651014109347443,4304.5160216024115
C24,Estable C1200 (Ultra/Estable + oro WR x2) 1c,2c Ultra escalones 750/1500,5100.0,costo +1 tick,1788.5855226364401,1.3888888888888888,5.916666666666667,3.5694444444444446,3.1041666666666665,17.51388888888889,34.98258928571428,34.961970899470906,5337.214112511322
C24,Estable C1200 (Ultra/Estable + oro WR x2) 1c,2c Ultra escalones 750/1500,5100.0,Monte Carlo,2442.682728054619,10.2,5.061,3.282,2.741,21.924,29.659900396825396,46.3595238095238,5411.8275424114845
C24,Estable C1200 (Ultra/Estable + oro WR x2) 1c,2c Ultra escalones 750/1500,6100.0,historia,2678.4081740569186,9.722222222222223,3.8819444444444446,3.048611111111111,2.236111111111111,26.1875,36.4006283068783,55.34060846560847,4931.635236539063
C24,Estable C1200 (Ultra/Estable + oro WR x2) 1c,2c Ultra escalones 750/1500,6100.0,costo +1 tick,3089.559170729585,1.3888888888888888,3.2916666666666665,2.2777777777777777,1.4027777777777777,28.36111111111111,38.76659226190476,59.62577160493827,5253.810657089023
C24,Estable C1200 (Ultra/Estable + oro WR x2) 1c,2c Ultra escalones 750/1500,6100.0,Monte Carlo,2623.818921034702,11.4,4.592,3.02,2.403,23.653,29.475515476190477,51.04801587301587,5257.5943291854455
C24,Estable C1200 (Ultra/Estable + oro WR x2) 1c,Ultra 1c -> 2c desde colchon 3000,2100.0,historia,1370.3947749747174,0.0,4.583333333333333,3.5347222222222223,3.0833333333333335,16.95138888888889,36.94328703703704,40.013227513227505,3574.718016135161
C24,Estable C1200 (Ultra/Estable + oro WR x2) 1c,Ultra 1c -> 2c desde colchon 3000,2100.0,costo +1 tick,1048.0691045620927,0.6944444444444444,5.868055555555555,4.319444444444445,3.8541666666666665,14.694444444444445,29.240889550264555,41.2147266313933,2729.225505907276
C24,Estable C1200 (Ultra/Estable + oro WR x2) 1c,Ultra 1c -> 2c desde colchon 3000,2100.0,Monte Carlo,1303.8239391029358,2.9000000000000004,4.722,3.093,2.522,18.334,29.59900238095238,50.390476190476186,2710.0427349425113
C24,Estable C1200 (Ultra/Estable + oro WR x2) 1c,Ultra 1c -> 2c desde colchon 3000,3100.0,historia,1965.140815403616,0.0,4.409722222222222,3.4166666666666665,2.7569444444444446,17.333333333333332,31.36053240740741,55.22486772486772,3662.9054345991226
C24,Estable C1200 (Ultra/Estable + oro WR x2) 1c,Ultra 1c -> 2c desde colchon 3000,3100.0,costo +1 tick,1703.1915953892249,0.0,5.423611111111111,3.7777777777777777,3.2569444444444446,15.48611111111111,30.114120370370372,44.857804232804234,3955.0542826811766
C24,Estable C1200 (Ultra/Estable + oro WR x2) 1c,Ultra 1c -> 2c desde colchon 3000,3100.0,Monte Carlo,1900.102730409638,3.8,4.195,2.72,2.095,17.341,29.871466666666667,55.710317460317455,3509.201531898488
C24,Estable C1200 (Ultra/Estable + oro WR x2) 1c,Ultra 1c -> 2c desde colchon 3000,4100.0,historia,2210.0180177142224,2.083333333333333,4.0,3.013888888888889,2.4930555555555554,17.36111111111111,38.3224537037037,45.49988977072311,4972.212817322616
C24,Estable C1200 (Ultra/Estable + oro WR x2) 1c,Ultra 1c -> 2c desde colchon 3000,4100.0,costo +1 tick,2004.4795419848626,2.7777777777777777,4.854166666666667,3.4583333333333335,2.861111111111111,16.145833333333332,32.279431216931215,48.520171957671955,4262.120555435151
C24,Estable C1200 (Ultra/Estable + oro WR x2) 1c,Ultra 1c -> 2c desde colchon 3000,4100.0,Monte Carlo,2163.842576732985,4.5,3.853,2.559,1.872,18.936,29.273316666666666,59.39563492063492,3727.9720353608923
C24,Estable C1200 (Ultra/Estable + oro WR x2) 1c,Ultra 1c -> 2c desde colchon 3000,5100.0,historia,2843.560526014699,2.083333333333333,3.3333333333333335,2.5833333333333335,1.8333333333333333,23.604166666666668,38.56435185185185,59.58994708994709,4845.064944877053
C24,Estable C1200 (Ultra/Estable + oro WR x2) 1c,Ultra 1c -> 2c desde colchon 3000,5100.0,costo +1 tick,2661.1296438840814,2.7777777777777777,3.548611111111111,2.6527777777777777,1.875,22.54861111111111,37.64502314814815,61.21307319223986,4423.16839316011
C24,Estable C1200 (Ultra/Estable + oro WR x2) 1c,Ultra 1c -> 2c desde colchon 3000,5100.0,Monte Carlo,2728.144693952759,5.2,3.209,2.14,1.364,24.401,29.652166666666666,65.54761904761905,4226.132315510929
C24,Estable C1200 (Ultra/Estable + oro WR x2) 1c,Ultra 1c -> 2c desde colchon 3000,6100.0,historia,3033.542595834202,2.083333333333333,2.4791666666666665,2.1666666666666665,1.2569444444444444,24.90972222222222,39.6199074074074,64.0542328042328,4786.535136707603
C24,Estable C1200 (Ultra/Estable + oro WR x2) 1c,Ultra 1c -> 2c desde colchon 3000,6100.0,costo +1 tick,2748.9863543307342,2.7777777777777777,2.7222222222222223,2.2291666666666665,1.3194444444444444,22.180555555555557,39.214930555555554,64.69631834215167,4304.112144905809
C24,Estable C1200 (Ultra/Estable + oro WR x2) 1c,Ultra 1c -> 2c desde colchon 3000,6100.0,Monte Carlo,2837.6996041073635,5.800000000000001,3.131,2.115,1.308,25.508,29.477083333333336,66.40277777777777,4335.155270774529
C24,Estable C1200 (Ultra/Estable + oro WR x2) 1c,Ultra 1c -> 2c desde colchon 4000,2100.0,historia,1370.3947749747174,0.0,4.583333333333333,3.5347222222222223,3.0833333333333335,16.95138888888889,36.94328703703704,40.013227513227505,3574.718016135161
C24,Estable C1200 (Ultra/Estable + oro WR x2) 1c,Ultra 1c -> 2c desde colchon 4000,2100.0,costo +1 tick,1048.0691045620927,0.6944444444444444,5.868055555555555,4.319444444444445,3.8541666666666665,14.694444444444445,29.240889550264555,41.2147266313933,2729.225505907276
C24,Estable C1200 (Ultra/Estable + oro WR x2) 1c,Ultra 1c -> 2c desde colchon 4000,2100.0,Monte Carlo,1303.8239391029358,2.9000000000000004,4.722,3.093,2.522,18.334,29.59900238095238,50.390476190476186,2710.0427349425113
C24,Estable C1200 (Ultra/Estable + oro WR x2) 1c,Ultra 1c -> 2c desde colchon 4000,3100.0,historia,1763.5552375854168,0.0,3.2569444444444446,2.5069444444444446,1.7569444444444444,22.930555555555557,38.10914351851852,61.251653439153436,2948.764361429775
C24,Estable C1200 (Ultra/Estable + oro WR x2) 1c,Ultra 1c -> 2c desde colchon 4000,3100.0,costo +1 tick,1669.3414252063742,0.0,3.3819444444444446,2.513888888888889,1.7361111111111112,21.42361111111111,37.784375,62.56338183421517,2738.964041663609
C24,Estable C1200 (Ultra/Estable + oro WR x2) 1c,Ultra 1c -> 2c desde colchon 4000,3100.0,Monte Carlo,1642.9342918328127,3.5999999999999996,3.407,2.259,1.51,22.852,29.541616666666666,63.81507936507936,2644.373751923768
C24,Estable C1200 (Ultra/Estable + oro WR x2) 1c,Ultra 1c -> 2c desde colchon 4000,4100.0,historia,2556.014235708007,0.0,2.3055555555555554,2.0069444444444446,1.0972222222222223,20.270833333333332,39.08136574074074,66.1954365079365,3906.883501326846
C24,Estable C1200 (Ultra/Estable + oro WR x2) 1c,Ultra 1c -> 2c desde colchon 4000,4100.0,costo +1 tick,2340.194575981299,0.0,2.4375,1.9861111111111112,1.0763888888888888,18.65277777777778,39.13854166666667,66.93397266313934,3543.9181429128157
C24,Estable C1200 (Ultra/Estable + oro WR x2) 1c,Ultra 1c -> 2c desde colchon 4000,4100.0,Monte Carlo,2132.7332915783404,4.0,3.18,2.144,1.356,19.391,29.278716666666668,65.93571428571428,3297.663967294634
C24,Estable C1200 (Ultra/Estable + oro WR x2) 1c,Ultra 1c -> 2c desde colchon 4000,5100.0,historia,2764.2138031565482,0.0,2.5833333333333335,2.0069444444444446,1.0972222222222223,22.166666666666668,37.46678240740741,65.8234126984127,4250.786003891185
C24,Estable C1200 (Ultra/Estable + oro WR x2) 1c,Ultra 1c -> 2c desde colchon 4000,5100.0,costo +1 tick,2542.7805796073544,0.0,2.7291666666666665,1.9861111111111112,1.0763888888888888,20.680555555555557,37.38854166666667,66.60879629629629,3871.091087368817
C24,Estable C1200 (Ultra/Estable + oro WR x2) 1c,Ultra 1c -> 2c desde colchon 4000,5100.0,Monte Carlo,2574.8914592205447,4.3999999999999995,2.815,1.891,1.045,22.499,29.468316666666666,69.53293650793653,3756.0919669425657
C24,Estable C1200 (Ultra/Estable + oro WR x2) 1c,Ultra 1c -> 2c desde colchon 4000,6100.0,historia,2948.4185834422165,0.0,2.1527777777777777,1.9375,0.9375,23.76388888888889,39.56307870370371,67.09380511463844,4436.451454222333
C24,Estable C1200 (Ultra/Estable + oro WR x2) 1c,Ultra 1c -> 2c desde colchon 4000,6100.0,costo +1 tick,2701.5307267013527,0.0,2.4583333333333335,2.0,1.0763888888888888,21.40972222222222,38.82534722222223,67.11860670194002,4072.9300792633717
C24,Estable C1200 (Ultra/Estable + oro WR x2) 1c,Ultra 1c -> 2c desde colchon 4000,6100.0,Monte Carlo,2885.5540871170447,5.1,2.596,1.755,0.876,25.697,29.369483333333335,71.76865079365079,4067.9577895989382
C24,"Estable C1200 1c, sin stop",1c Ultra,2100.0,historia,1432.699168652517,0.0,4.138888888888889,3.0694444444444446,2.638888888888889,17.631944444444443,43.06840277777778,38.883377425044095,3823.8695557804776
C24,"Estable C1200 1c, sin stop",1c Ultra,2100.0,costo +1 tick,1050.8436625625247,0.0,5.472222222222222,3.888888888888889,3.4583333333333335,14.3125,36.540856481481484,36.99294532627866,3034.1962773442274
C24,"Estable C1200 1c, sin stop",1c Ultra,2100.0,Monte Carlo,1196.9967660136065,3.9,4.325,2.811,2.275,16.886,36.964200000000005,46.282936507936505,2708.519115819955
C24,"Estable C1200 1c, sin stop",1c Ultra,3100.0,historia,1799.7177847882112,0.0,2.875,2.1041666666666665,1.3680555555555556,23.305555555555557,43.52256944444444,59.60372574955908,3082.5797297329796
C24,"Estable C1200 1c, sin stop",1c Ultra,3100.0,costo +1 tick,1682.2401457979722,0.0,3.0277777777777777,2.1041666666666665,1.375,21.291666666666668,44.31168981481481,58.82660934744268,2926.9978175254987
C24,"Estable C1200 1c, sin stop",1c Ultra,3100.0,Monte Carlo,1534.9252421780348,4.7,3.204,2.106,1.401,21.346,36.80428333333333,59.63373015873015,2644.2153425265656
C24,"Estable C1200 1c, sin stop",1c Ultra,4100.0,historia,1806.3602051696291,0.0,2.0694444444444446,1.7430555555555556,0.8541666666666666,23.61111111111111,44.13831018518518,64.57506613756614,2839.2312177354797
C24,"Estable C1200 1c, sin stop",1c Ultra,4100.0,costo +1 tick,1684.387405939455,0.0,2.2222222222222223,1.7430555555555556,0.8611111111111112,21.631944444444443,44.95520833333333,64.03494268077601,2675.8226185278195
C24,"Estable C1200 1c, sin stop",1c Ultra,4100.0,Monte Carlo,1691.3931653334064,5.1,2.512,1.697,0.851,23.352,36.308033333333334,67.57896825396826,2551.4720677397895
C24,"Estable C1200 1c, sin stop",1c Ultra,5100.0,historia,1761.969741937739,0.0,1.9513888888888888,1.7361111111111112,0.7361111111111112,22.86111111111111,42.93460648148148,66.74107142857143,2678.2614887252435
C24,"Estable C1200 1c, sin stop",1c Ultra,5100.0,costo +1 tick,1643.9425968901978,0.0,2.1041666666666665,1.7430555555555556,0.7430555555555556,21.416666666666668,43.778124999999996,66.1871693121693,2525.371802645994
C24,"Estable C1200 1c, sin stop",1c Ultra,5100.0,Monte Carlo,1703.3179529044392,5.4,2.214,1.526,0.605,23.477,36.345666666666666,70.93174603174603,2442.1849874231807
C24,"Estable C1200 1c, sin stop",1c Ultra,6100.0,historia,1790.1833455717122,0.0,1.6597222222222223,1.4444444444444444,0.4444444444444444,23.625,44.33391203703704,72.52810846560847,2498.2011567349177
C24,"Estable C1200 1c, sin stop",1c Ultra,6100.0,costo +1 tick,1653.7154940778455,0.0,1.8402777777777777,1.4791666666666667,0.4791666666666667,21.36111111111111,44.97256944444444,71.66556437389771,2341.141769172378
C24,"Estable C1200 1c, sin stop",1c Ultra,6100.0,Monte Carlo,1647.0392737788125,6.1,2.143,1.488,0.55,22.667,36.429333333333325,71.66388888888889,2337.407141983691
C24,"Estable C1200 1c, sin stop",1c Ultra escalones 750/1500,2100.0,historia,1247.4180745607173,0.0,4.034722222222222,3.0416666666666665,2.5208333333333335,16.4375,36.154513888888886,47.92768959435626,2712.8486712085623
C24,"Estable C1200 1c, sin stop",1c Ultra escalones 750/1500,2100.0,costo +1 tick,796.6388646570621,0.0,5.673611111111111,4.145833333333333,3.6527777777777777,12.07638888888889,29.62789351851852,42.25914902998237,2060.7812273019545
C24,"Estable C1200 1c, sin stop",1c Ultra escalones 750/1500,2100.0,Monte Carlo,1203.320980278212,3.0,3.999,2.608,2.026,16.983,36.38101666666666,51.32976190476191,2446.2245365718813
C24,"Estable C1200 1c, sin stop",1c Ultra escalones 750/1500,3100.0,historia,1905.8414076108622,0.0,1.9305555555555556,1.6041666666666667,0.7152777777777778,24.75,45.58796296296296,68.12996031746032,2834.435100893216
C24,"Estable C1200 1c, sin stop",1c Ultra escalones 750/1500,3100.0,costo +1 tick,1719.4000959291504,0.0,2.2152777777777777,1.7291666666666667,0.8472222222222222,22.53472222222222,44.054976851851855,66.36629188712521,2634.444781841008
C24,"Estable C1200 1c, sin stop",1c Ultra escalones 750/1500,3100.0,Monte Carlo,1525.3587700239834,4.0,3.015,2.017,1.271,21.154,36.33760000000001,62.2345238095238,2514.368109914774
C24,"Estable C1200 1c, sin stop",1c Ultra escalones 750/1500,4100.0,historia,1840.1181189476345,0.0,1.9305555555555556,1.6041666666666667,0.7152777777777778,24.32638888888889,44.67824074074074,68.85196208112875,2709.2564458823995
C24,"Estable C1200 1c, sin stop",1c Ultra escalones 750/1500,4100.0,costo +1 tick,1652.7054298067535,0.0,2.2152777777777777,1.7291666666666667,0.8472222222222222,21.53472222222222,43.47164351851852,66.82925485008819,2516.395927459794
C24,"Estable C1200 1c, sin stop",1c Ultra escalones 750/1500,4100.0,Monte Carlo,1690.8872754283827,4.9,2.389,1.626,0.749,23.286,36.2265,69.50595238095238,2477.691909497031
C24,"Estable C1200 1c, sin stop",1c Ultra escalones 750/1500,5100.0,historia,1884.6749781839274,0.0,1.5138888888888888,1.2986111111111112,0.2986111111111111,24.979166666666668,44.76620370370371,76.94279100529101,2475.191848728138
C24,"Estable C1200 1c, sin stop",1c Ultra escalones 750/1500,5100.0,costo +1 tick,1700.7319638926674,0.0,1.8055555555555556,1.4375,0.4375,22.875,43.11400462962963,74.9917328042328,2299.3929925306693
C24,"Estable C1200 1c, sin stop",1c Ultra escalones 750/1500,5100.0,Monte Carlo,1691.7105412037133,5.3,2.127,1.494,0.557,23.302,36.24225,72.23412698412699,2380.5074734018335
C24,"Estable C1200 1c, sin stop",1c Ultra escalones 750/1500,6100.0,historia,1802.0424320441707,0.0,1.5138888888888888,1.2986111111111112,0.2986111111111111,23.708333333333332,44.76620370370371,76.94279100529101,2367.7970622119146
C24,"Estable C1200 1c, sin stop",1c Ultra escalones 750/1500,6100.0,costo +1 tick,1615.0418504316494,0.0,1.8055555555555556,1.4375,0.4375,21.319444444444443,43.11400462962963,74.9917328042328,2185.126912448598
C24,"Estable C1200 1c, sin stop",1c Ultra escalones 750/1500,6100.0,Monte Carlo,1641.752344243773,5.800000000000001,2.054,1.456,0.501,22.565,36.362583333333326,73.05555555555556,2284.0501290028833
C24,"Estable C1200 1c, sin stop",1c WR70Plus,2100.0,historia,1100.1488393968455,0.0,3.1944444444444446,2.2291666666666665,1.6736111111111112,17.78472222222222,47.96238425925926,49.30831128747795,2315.923606104774
C24,"Estable C1200 1c, sin stop",1c WR70Plus,2100.0,costo +1 tick,993.2452594735555,0.0,4.020833333333333,2.6041666666666665,1.9930555555555556,15.284722222222221,36.88078703703704,50.617283950617285,2066.1937595697073
C24,"Estable C1200 1c, sin stop",1c WR70Plus,2100.0,Monte Carlo,914.7848700526475,4.5,3.648,2.312,1.699,14.971,36.57898333333333,54.731746031746034,1758.6007022220006
C24,"Estable C1200 1c, sin stop",1c WR70Plus,3100.0,historia,1260.6831933703136,0.0,1.7569444444444444,1.4305555555555556,0.5416666666666666,19.82638888888889,45.954861111111114,70.23533950617283,1827.6695068474883
C24,"Estable C1200 1c, sin stop",1c WR70Plus,3100.0,costo +1 tick,1166.9214908582744,0.0,1.9236111111111112,1.4652777777777777,0.5763888888888888,17.70138888888889,45.70949074074073,68.67835097001765,1735.7562017600937
C24,"Estable C1200 1c, sin stop",1c WR70Plus,3100.0,Monte Carlo,1003.5698799190837,5.5,2.774,1.844,1.057,16.296,36.230199999999996,65.28571428571429,1592.7880363457884
C24,"Estable C1200 1c, sin stop",1c WR70Plus,4100.0,historia,1180.7031402624868,0.0,1.6388888888888888,1.4236111111111112,0.4236111111111111,18.38888888888889,45.708333333333336,71.6765873015873,1677.1798367491394
C24,"Estable C1200 1c, sin stop",1c WR70Plus,4100.0,costo +1 tick,1087.4334714803983,0.0,1.8055555555555556,1.4583333333333333,0.4583333333333333,16.36111111111111,45.18171296296296,70.33454585537919,1579.6734636633894
C24,"Estable C1200 1c, sin stop",1c WR70Plus,4100.0,Monte Carlo,1015.6014261209251,6.800000000000001,2.259,1.564,0.647,16.362,36.3962,70.54444444444445,1481.5577390279295
C24,"Estable C1200 1c, sin stop",1c WR70Plus,5100.0,historia,1104.0233756400369,0.0,1.6388888888888888,1.4236111111111112,0.4236111111111111,17.21527777777778,43.958333333333336,73.06547619047619,1540.351974625694
C24,"Estable C1200 1c, sin stop",1c WR70Plus,5100.0,costo +1 tick,1010.7283667657663,0.0,1.8055555555555556,1.4583333333333333,0.4583333333333333,15.159722222222221,43.43171296296296,71.72343474426808,1442.1382016058758
C24,"Estable C1200 1c, sin stop",1c WR70Plus,5100.0,Monte Carlo,966.4927629649242,8.0,2.114,1.484,0.537,15.563,36.52661666666667,72.04206349206349,1379.9589870730333
C24,"Estable C1200 1c, sin stop",1c WR70Plus,6100.0,historia,1124.4157188763772,0.0,1.3472222222222223,1.1319444444444444,0.13194444444444445,18.083333333333332,45.94097222222222,78.38955026455025,1456.8802505303372
C24,"Estable C1200 1c, sin stop",1c WR70Plus,6100.0,costo +1 tick,1020.2125444006589,0.0,1.5416666666666667,1.1944444444444444,0.19444444444444445,15.92361111111111,45.19560185185185,76.7498897707231,1355.5494169405447
C24,"Estable C1200 1c, sin stop",1c WR70Plus,6100.0,Monte Carlo,904.3811055096866,10.0,2.055,1.452,0.493,14.578,36.552616666666665,72.66587301587302,1281.574578077748
C24,"Estable C1200 1c, sin stop",2c Ultra,2100.0,historia,826.1529012891982,15.972222222222221,7.145833333333333,4.444444444444445,4.291666666666667,9.54861111111111,37.48206018518519,17.01388888888889,5405.255827985492
C24,"Estable C1200 1c, sin stop",2c Ultra,2100.0,costo +1 tick,541.9263425175791,12.5,6.965277777777778,4.104166666666667,3.9791666666666665,7.923611111111111,40.49166666666667,15.09865520282187,4192.793231844846
C24,"Estable C1200 1c, sin stop",2c Ultra,2100.0,Monte Carlo,1044.305744608275,8.799999999999999,6.772,4.25,4.063,9.618,36.30309523809524,18.641666666666666,6077.2789160926695
C24,"Estable C1200 1c, sin stop",2c Ultra,3100.0,historia,966.7522922853627,15.972222222222221,6.5625,4.1875,4.020833333333333,11.1875,39.48148148148149,20.284942680776016,5189.1281323802805
C24,"Estable C1200 1c, sin stop",2c Ultra,3100.0,costo +1 tick,749.2568298637867,16.666666666666664,6.25,3.6944444444444446,3.5069444444444446,9.243055555555555,43.267129629629636,18.529541446208114,4484.879809949002
C24,"Estable C1200 1c, sin stop",2c Ultra,3100.0,Monte Carlo,1445.2024767536484,10.6,6.071,3.84,3.557,13.206,36.693852380952386,26.147222222222222,5830.949767675698
C24,"Estable C1200 1c, sin stop",2c Ultra,4100.0,historia,1147.6173670755493,18.055555555555554,5.854166666666667,4.013888888888889,3.8055555555555554,11.8125,41.51331018518518,22.2608024691358,5499.394654176471
C24,"Estable C1200 1c, sin stop",2c Ultra,4100.0,costo +1 tick,1116.1043187410744,16.666666666666664,5.444444444444445,3.451388888888889,3.1944444444444446,11.26388888888889,45.08252314814815,21.571869488536155,5504.093193469099
C24,"Estable C1200 1c, sin stop",2c Ultra,4100.0,Monte Carlo,1755.2290147335373,12.3,5.531,3.523,3.162,15.904,36.41546428571429,32.71785714285714,5585.918794804683
C24,"Estable C1200 1c, sin stop",2c Ultra,5100.0,historia,1112.2840344053727,18.055555555555554,5.826388888888889,3.9791666666666665,3.7708333333333335,11.354166666666666,41.95891203703704,22.883597883597883,5193.731459598044
C24,"Estable C1200 1c, sin stop",2c Ultra,5100.0,costo +1 tick,1159.862822590934,17.36111111111111,5.479166666666667,3.423611111111111,3.138888888888889,11.45138888888889,44.30497685185185,23.159171075837744,5317.757628055665
C24,"Estable C1200 1c, sin stop",2c Ultra,5100.0,Monte Carlo,2193.1475056407453,13.8,4.824,3.118,2.632,19.753,36.42704523809524,40.81626984126984,5527.848366387001
C24,"Estable C1200 1c, sin stop",2c Ultra,6100.0,historia,2564.0423533134995,18.055555555555554,4.083333333333333,3.0555555555555554,2.451388888888889,23.02777777777778,43.725578703703704,44.130291005291,5931.222987201215
C24,"Estable C1200 1c, sin stop",2c Ultra,6100.0,costo +1 tick,2525.933441865445,16.666666666666664,3.6875,2.5277777777777777,1.8819444444444444,21.833333333333332,47.580787037037034,43.780313051146386,5879.762053151209
C24,"Estable C1200 1c, sin stop",2c Ultra,6100.0,Monte Carlo,2379.9357327565035,14.799999999999999,4.433,2.879,2.312,21.511,36.25574285714286,45.79761904761905,5323.277061386699
C24,"Estable C1200 1c, sin stop",2c Ultra escalones 750/1500,2100.0,historia,748.4413994740556,18.75,7.069444444444445,4.354166666666667,4.215277777777778,9.069444444444445,37.907754629629636,17.317019400352734,4856.108768955209
C24,"Estable C1200 1c, sin stop",2c Ultra escalones 750/1500,2100.0,costo +1 tick,527.9445235715972,11.11111111111111,7.104166666666667,4.145833333333333,4.0,7.8125,38.94444444444444,16.043871252204585,3869.955663237052
C24,"Estable C1200 1c, sin stop",2c Ultra escalones 750/1500,2100.0,Monte Carlo,1041.7719631795246,9.2,6.668,4.182,3.97,9.528,36.31452738095238,20.09801587301587,5617.527804632856
C24,"Estable C1200 1c, sin stop",2c Ultra escalones 750/1500,3100.0,historia,897.5065647052394,18.75,6.541666666666667,4.104166666666667,3.951388888888889,10.770833333333334,39.871180555555554,20.10030864197531,4890.936690433744
C24,"Estable C1200 1c, sin stop",2c Ultra escalones 750/1500,3100.0,costo +1 tick,925.5046971797943,15.277777777777779,6.125,3.513888888888889,3.2847222222222223,10.45138888888889,43.875347222222224,20.5081569664903,4903.61038044348
C24,"Estable C1200 1c, sin stop",2c Ultra escalones 750/1500,3100.0,Monte Carlo,1404.0454226246359,10.2,6.006,3.807,3.512,12.868,36.599844047619044,27.13253968253968,5464.375764199963
C24,"Estable C1200 1c, sin stop",2c Ultra escalones 750/1500,4100.0,historia,1222.357333438043,20.13888888888889,5.777777777777778,3.8402777777777777,3.6805555555555554,12.256944444444445,42.301504629629626,22.698963844797177,5718.102090057024
C24,"Estable C1200 1c, sin stop",2c Ultra escalones 750/1500,4100.0,costo +1 tick,1215.2516210781205,16.666666666666664,5.416666666666667,3.3402777777777777,3.0694444444444446,12.006944444444445,45.49247685185185,22.941468253968253,5606.091390472412
C24,"Estable C1200 1c, sin stop",2c Ultra escalones 750/1500,4100.0,Monte Carlo,1760.2430779009821,12.2,5.433,3.478,3.096,15.971,36.36993690476191,33.984920634920634,5388.6394132674095
C24,"Estable C1200 1c, sin stop",2c Ultra escalones 750/1500,5100.0,historia,1119.6400809420477,20.833333333333336,5.458333333333333,3.8125,3.611111111111111,11.006944444444445,44.246874999999996,23.481591710758376,5072.285090626104
C24,"Estable C1200 1c, sin stop",2c Ultra escalones 750/1500,5100.0,costo +1 tick,1267.7704244551835,17.36111111111111,5.423611111111111,3.3125,3.013888888888889,12.277777777777779,44.709837962962965,25.225970017636683,5306.948892574798
C24,"Estable C1200 1c, sin stop",2c Ultra escalones 750/1500,5100.0,Monte Carlo,2221.18408499554,13.700000000000001,4.727,3.034,2.531,19.943,36.32783214285714,42.47380952380953,5375.145359594859
C24,"Estable C1200 1c, sin stop",2c Ultra escalones 750/1500,6100.0,historia,2779.7220936788453,20.833333333333336,3.7083333333333335,2.7291666666666665,2.0208333333333335,24.631944444444443,44.20092592592593,46.676587301587304,6059.225016850746
C24,"Estable C1200 1c, sin stop",2c Ultra escalones 750/1500,6100.0,costo +1 tick,2733.459006049236,16.666666666666664,3.4375,2.3125,1.5625,24.0625,47.65902777777777,47.00176366843033,5911.337676566293
C24,"Estable C1200 1c, sin stop",2c Ultra escalones 750/1500,6100.0,Monte Carlo,2397.471260927407,14.899999999999999,4.354,2.822,2.247,21.608,36.151982142857136,46.810317460317464,5243.365624130708
C24,"Estable C1200 1c, sin stop",Ultra 1c -> 2c desde colchon 3000,2100.0,historia,1432.699168652517,0.0,4.138888888888889,3.0694444444444446,2.638888888888889,17.631944444444443,43.06840277777778,38.883377425044095,3823.8695557804776
C24,"Estable C1200 1c, sin stop",Ultra 1c -> 2c desde colchon 3000,2100.0,costo +1 tick,1050.8436625625247,0.0,5.472222222222222,3.888888888888889,3.4583333333333335,14.3125,36.540856481481484,36.99294532627866,3034.1962773442274
C24,"Estable C1200 1c, sin stop",Ultra 1c -> 2c desde colchon 3000,2100.0,Monte Carlo,1196.9967660136065,3.9,4.325,2.811,2.275,16.886,36.964200000000005,46.282936507936505,2708.519115819955
C24,"Estable C1200 1c, sin stop",Ultra 1c -> 2c desde colchon 3000,3100.0,historia,2027.234877617933,0.0,3.986111111111111,3.048611111111111,2.3958333333333335,17.729166666666668,37.06944444444444,53.276565255731924,3903.004046914579
C24,"Estable C1200 1c, sin stop",Ultra 1c -> 2c desde colchon 3000,3100.0,costo +1 tick,1745.501066242655,0.6944444444444444,5.0,3.3819444444444446,2.8958333333333335,15.756944444444445,36.98865740740741,41.36629188712522,4377.761820785655
C24,"Estable C1200 1c, sin stop",Ultra 1c -> 2c desde colchon 3000,3100.0,Monte Carlo,1769.9907224837862,5.3,3.875,2.487,1.909,16.16,36.880266666666664,51.76428571428571,3517.267965793617
C24,"Estable C1200 1c, sin stop",Ultra 1c -> 2c desde colchon 3000,4100.0,historia,2303.0029355944307,0.0,3.5694444444444446,2.5694444444444446,2.0625,17.97222222222222,43.407523148148144,45.488866843033506,5165.446690909959
C24,"Estable C1200 1c, sin stop",Ultra 1c -> 2c desde colchon 3000,4100.0,costo +1 tick,1960.113118296972,1.3888888888888888,4.444444444444445,2.9930555555555554,2.4583333333333335,14.416666666666666,40.14131944444445,44.05037477954144,4581.711907210542
C24,"Estable C1200 1c, sin stop",Ultra 1c -> 2c desde colchon 3000,4100.0,Monte Carlo,2010.777655058193,6.5,3.57,2.351,1.703,17.651,36.54396666666667,55.284126984126985,3721.656228104917
C24,"Estable C1200 1c, sin stop",Ultra 1c -> 2c desde colchon 3000,5100.0,historia,2905.914286560593,0.0,2.923611111111111,2.1597222222222223,1.4236111111111112,23.916666666666668,43.79282407407407,58.77149470899471,5009.511634581085
C24,"Estable C1200 1c, sin stop",Ultra 1c -> 2c desde colchon 3000,5100.0,costo +1 tick,2668.3943007083953,2.083333333333333,3.201388888888889,2.2430555555555554,1.5138888888888888,22.381944444444443,44.271759259259255,57.16765873015873,4740.93079701645
C24,"Estable C1200 1c, sin stop",Ultra 1c -> 2c desde colchon 3000,5100.0,Monte Carlo,2560.365079717032,6.9,3.028,2.009,1.264,22.942,36.43553333333333,61.64325396825397,4217.78742308014
C24,"Estable C1200 1c, sin stop",Ultra 1c -> 2c desde colchon 3000,6100.0,historia,3145.995956449045,0.0,2.1458333333333335,1.8125,0.9236111111111112,25.3125,44.4380787037037,63.792438271604944,4975.622025470774
C24,"Estable C1200 1c, sin stop",Ultra 1c -> 2c desde colchon 3000,6100.0,costo +1 tick,2752.8105294862285,2.7777777777777777,2.4930555555555554,1.9652777777777777,1.0833333333333333,21.6875,45.39155092592593,61.157958553791886,4554.481660613538
C24,"Estable C1200 1c, sin stop",Ultra 1c -> 2c desde colchon 3000,6100.0,Monte Carlo,2667.017154392036,7.5,2.924,1.966,1.197,23.981,36.88426666666666,62.26468253968254,4344.79501173812
C24,"Estable C1200 1c, sin stop",Ultra 1c -> 2c desde colchon 4000,2100.0,historia,1432.699168652517,0.0,4.138888888888889,3.0694444444444446,2.638888888888889,17.631944444444443,43.06840277777778,38.883377425044095,3823.8695557804776
C24,"Estable C1200 1c, sin stop",Ultra 1c -> 2c desde colchon 4000,2100.0,costo +1 tick,1050.8436625625247,0.0,5.472222222222222,3.888888888888889,3.4583333333333335,14.3125,36.540856481481484,36.99294532627866,3034.1962773442274
C24,"Estable C1200 1c, sin stop",Ultra 1c -> 2c desde colchon 4000,2100.0,Monte Carlo,1196.9967660136065,3.9,4.325,2.811,2.275,16.886,36.964200000000005,46.282936507936505,2708.519115819955
C24,"Estable C1200 1c, sin stop",Ultra 1c -> 2c desde colchon 4000,3100.0,historia,1799.7177847882112,0.0,2.875,2.1041666666666665,1.3680555555555556,23.305555555555557,43.52256944444444,59.60372574955908,3082.5797297329796
C24,"Estable C1200 1c, sin stop",Ultra 1c -> 2c desde colchon 4000,3100.0,costo +1 tick,1682.2401457979722,0.0,3.0277777777777777,2.1041666666666665,1.375,21.291666666666668,44.31168981481481,58.82660934744268,2926.9978175254987
C24,"Estable C1200 1c, sin stop",Ultra 1c -> 2c desde colchon 4000,3100.0,Monte Carlo,1534.9252421780348,4.7,3.204,2.106,1.401,21.346,36.80428333333333,59.63373015873015,2644.2153425265656
C24,"Estable C1200 1c, sin stop",Ultra 1c -> 2c desde colchon 4000,4100.0,historia,2536.3708132417114,0.0,2.0694444444444446,1.7430555555555556,0.8541666666666666,20.26388888888889,44.13831018518518,64.57506613756614,3969.714934959895
C24,"Estable C1200 1c, sin stop",Ultra 1c -> 2c desde colchon 4000,4100.0,costo +1 tick,2337.281046295718,0.0,2.2222222222222223,1.7430555555555556,0.8611111111111112,18.51388888888889,44.95520833333333,64.03494268077601,3695.4122566587343
C24,"Estable C1200 1c, sin stop",Ultra 1c -> 2c desde colchon 4000,4100.0,Monte Carlo,1990.1973031037012,5.5,3.01,2.019,1.266,18.107,36.4303,61.68055555555556,3290.4666927148496
C24,"Estable C1200 1c, sin stop",Ultra 1c -> 2c desde colchon 4000,5100.0,historia,2757.336649137294,0.0,2.3472222222222223,1.7430555555555556,0.8541666666666666,21.875,42.673032407407405,64.19477513227514,4343.104456917541
C24,"Estable C1200 1c, sin stop",Ultra 1c -> 2c desde colchon 4000,5100.0,costo +1 tick,2528.346553294967,0.0,2.5069444444444446,1.7430555555555556,0.8611111111111112,20.055555555555557,43.40659722222222,63.698743386243386,4020.7162762694256
C24,"Estable C1200 1c, sin stop",Ultra 1c -> 2c desde colchon 4000,5100.0,Monte Carlo,2429.8682313296795,5.8999999999999995,2.688,1.794,0.981,21.239,36.37313333333333,65.72738095238095,3750.3947298852236
C24,"Estable C1200 1c, sin stop",Ultra 1c -> 2c desde colchon 4000,6100.0,historia,2936.6067576302426,0.0,1.9583333333333333,1.7361111111111112,0.7361111111111112,23.354166666666668,44.15335648148148,65.73522927689594,4506.302507792666
C24,"Estable C1200 1c, sin stop",Ultra 1c -> 2c desde colchon 4000,6100.0,costo +1 tick,2688.466831980922,0.0,2.236111111111111,1.7430555555555556,0.8611111111111112,20.95138888888889,44.98993055555555,64.00187389770723,4246.31726152524
C24,"Estable C1200 1c, sin stop",Ultra 1c -> 2c desde colchon 4000,6100.0,Monte Carlo,2723.8975274507843,6.2,2.48,1.678,0.816,24.255,36.28438333333333,68.08174603174602,4048.5803534359816
C24,Ultra fijo 1c + oro Robust,1c Ultra,2100.0,historia,1474.7836123709328,0.0,5.215277777777778,3.6041666666666665,3.0972222222222223,18.895833333333332,28.54976851851852,47.6466049382716,3238.4612334133258
C24,Ultra fijo 1c + oro Robust,1c Ultra,2100.0,costo +1 tick,1130.1262964989298,0.0,6.222222222222222,4.069444444444445,3.625,15.729166666666666,23.744212962962965,42.19025573192239,2871.596018768986
C24,Ultra fijo 1c + oro Robust,1c Ultra,2100.0,Monte Carlo,1408.7543226239047,1.7999999999999998,5.498,3.36,2.741,19.901,24.90927380952381,54.54206349206349,2714.760671836387
C24,Ultra fijo 1c + oro Robust,1c Ultra,3100.0,historia,1971.324608301344,0.0,2.951388888888889,1.9097222222222223,1.1111111111111112,25.90277777777778,32.09027777777778,68.38348765432097,2939.216296032205
C24,Ultra fijo 1c + oro Robust,1c Ultra,3100.0,costo +1 tick,1858.5155750957908,0.0,2.986111111111111,1.8333333333333333,1.0347222222222223,24.0,33.06481481481481,66.76311728395062,2842.2637218424093
C24,Ultra fijo 1c + oro Robust,1c Ultra,3100.0,Monte Carlo,1731.0202036456665,2.0,3.89,2.415,1.637,24.207,24.88092619047619,67.47380952380952,2640.897828191467
C24,Ultra fijo 1c + oro Robust,1c Ultra,4100.0,historia,1994.3328102833696,0.0,2.3541666666666665,1.7152777777777777,0.8263888888888888,26.40277777777778,30.290509259259263,72.92493386243387,2777.0106193388096
C24,Ultra fijo 1c + oro Robust,1c Ultra,4100.0,costo +1 tick,1867.7519129340299,0.0,2.4027777777777777,1.6458333333333333,0.7569444444444444,24.75,31.475694444444443,71.24669312169311,2665.6510952483204
C24,Ultra fijo 1c + oro Robust,1c Ultra,4100.0,Monte Carlo,1873.2426571776389,2.0,2.958,1.869,0.984,25.931,25.1114,74.71031746031746,2559.1420598542786
C24,Ultra fijo 1c + oro Robust,1c Ultra,5100.0,historia,1931.0823217548707,0.0,2.236111111111111,1.7083333333333333,0.7083333333333334,25.604166666666668,28.46527777777778,75.52910052910053,2595.473923374225
C24,Ultra fijo 1c + oro Robust,1c Ultra,5100.0,costo +1 tick,1802.0973135009956,0.0,2.2847222222222223,1.6388888888888888,0.6388888888888888,23.618055555555557,30.760416666666668,73.02138447971781,2508.839169458983
C24,Ultra fijo 1c + oro Robust,1c Ultra,5100.0,Monte Carlo,1875.6323001031003,2.3,2.579,1.641,0.695,25.925,25.09583333333333,77.82063492063492,2453.5577468842744
C24,Ultra fijo 1c + oro Robust,1c Ultra,6100.0,historia,1927.948128532811,0.0,1.9652777777777777,1.4375,0.4375,25.625,26.25,79.7205687830688,2450.635441536128
C24,Ultra fijo 1c + oro Robust,1c Ultra,6100.0,costo +1 tick,1795.9958005225214,0.0,2.0347222222222223,1.3888888888888888,0.3888888888888889,23.458333333333332,27.604166666666668,77.80809082892415,2342.451447117452
C24,Ultra fijo 1c + oro Robust,1c Ultra,6100.0,Monte Carlo,1818.7141530564706,2.5,2.473,1.587,0.622,25.08,25.1459,78.64682539682539,2353.6477499885495
C24,Ultra fijo 1c + oro Robust,1c Ultra escalones 750/1500,2100.0,historia,1300.6843842875076,0.0,5.506944444444445,3.6180555555555554,3.0069444444444446,17.34027777777778,19.722106481481482,55.38194444444444,2478.6662654637544
C24,Ultra fijo 1c + oro Robust,1c Ultra escalones 750/1500,2100.0,costo +1 tick,855.7189057382167,0.6944444444444444,6.513888888888889,4.361111111111111,3.923611111111111,12.479166666666666,22.540393518518517,42.104828042328045,2234.7610217572096
C24,Ultra fijo 1c + oro Robust,1c Ultra escalones 750/1500,2100.0,Monte Carlo,1385.0159252209069,1.5,4.941,3.06,2.386,19.591,24.836726190476192,59.04325396825396,2455.252002202236
C24,Ultra fijo 1c + oro Robust,1c Ultra escalones 750/1500,3100.0,historia,2093.7792729346843,0.0,2.6180555555555554,1.6388888888888888,0.75,27.881944444444443,26.005787037037035,76.37235449735451,2786.390678222336
C24,Ultra fijo 1c + oro Robust,1c Ultra escalones 750/1500,3100.0,costo +1 tick,1641.5444790260656,0.0,3.2916666666666665,2.2222222222222223,1.3333333333333333,22.5,28.057060185185186,68.5708774250441,2456.743320937904
C24,Ultra fijo 1c + oro Robust,1c Ultra escalones 750/1500,3100.0,Monte Carlo,1714.5657989344063,1.9,3.537,2.254,1.438,23.853,24.894,69.94563492063492,2517.44308409292
C24,Ultra fijo 1c + oro Robust,1c Ultra escalones 750/1500,4100.0,historia,1993.3295324124672,0.0,2.298611111111111,1.6388888888888888,0.75,26.479166666666668,27.964120370370367,75.57870370370371,2677.2131944936777
C24,Ultra fijo 1c + oro Robust,1c Ultra escalones 750/1500,4100.0,costo +1 tick,1554.7481109242747,0.0,3.0069444444444446,2.2222222222222223,1.3333333333333333,21.131944444444443,28.768865740740743,68.68386243386244,2320.907577002892
C24,Ultra fijo 1c + oro Robust,1c Ultra escalones 750/1500,4100.0,Monte Carlo,1860.5364594277462,2.1,2.75,1.747,0.837,25.681,25.161966666666668,76.23293650793651,2487.7903344271267
C24,Ultra fijo 1c + oro Robust,1c Ultra escalones 750/1500,5100.0,historia,1990.5180755180343,0.0,1.8888888888888888,1.3402777777777777,0.3402777777777778,26.506944444444443,23.71759259259259,82.69675925925927,2436.892396427686
C24,Ultra fijo 1c + oro Robust,1c Ultra escalones 750/1500,5100.0,costo +1 tick,1557.163052092879,1.3888888888888888,2.6180555555555554,1.9444444444444444,0.9444444444444444,21.666666666666668,24.71388888888889,75.5952380952381,2105.180148525313
C24,Ultra fijo 1c + oro Robust,1c Ultra escalones 750/1500,5100.0,Monte Carlo,1856.8608113795917,2.3,2.44,1.577,0.622,25.595,25.11745,78.85119047619048,2395.3780955066914
C24,Ultra fijo 1c + oro Robust,1c Ultra escalones 750/1500,6100.0,historia,1908.6978675784887,0.0,1.8888888888888888,1.3402777777777777,0.3402777777777778,25.21527777777778,23.71759259259259,82.69675925925927,2337.952354916465
C24,Ultra fijo 1c + oro Robust,1c Ultra escalones 750/1500,6100.0,costo +1 tick,1473.03731803585,1.3888888888888888,2.6180555555555554,1.9444444444444444,0.9444444444444444,20.270833333333332,24.71388888888889,75.5952380952381,1993.8957129223143
C24,Ultra fijo 1c + oro Robust,1c Ultra escalones 750/1500,6100.0,Monte Carlo,1805.4049596560162,2.5,2.335,1.521,0.552,24.845,25.192349999999998,79.62539682539683,2305.739897303425
C24,Ultra fijo 1c + oro Robust,1c WR70Plus,2100.0,historia,1157.178469102526,0.0,4.340277777777778,2.7083333333333335,2.111111111111111,18.020833333333332,28.010879629629628,54.301697530864196,2235.5908290683824
C24,Ultra fijo 1c + oro Robust,1c WR70Plus,2100.0,costo +1 tick,1105.1325786125883,0.0,4.451388888888889,2.7222222222222223,2.125,16.6875,28.145833333333332,53.210427689594354,2186.360143595919
C24,Ultra fijo 1c + oro Robust,1c WR70Plus,2100.0,Monte Carlo,1054.6949033899307,1.5,4.38,2.668,1.97,17.322,25.42930238095238,63.2281746031746,1758.7094841325668
C24,Ultra fijo 1c + oro Robust,1c WR70Plus,3100.0,historia,1295.7833995826265,0.0,2.263888888888889,1.6527777777777777,0.7291666666666666,20.59722222222222,30.36921296296296,74.12367724867724,1788.096141127755
C24,Ultra fijo 1c + oro Robust,1c WR70Plus,3100.0,costo +1 tick,1234.0104030272475,0.0,2.6944444444444446,1.6666666666666667,0.75,18.833333333333332,28.851851851851848,73.00760582010581,1738.534915073897
C24,Ultra fijo 1c + oro Robust,1c WR70Plus,3100.0,Monte Carlo,1124.257234264652,1.7999999999999998,3.229,2.027,1.192,18.243,25.125866666666667,72.85000000000001,1601.239969249122
C24,Ultra fijo 1c + oro Robust,1c WR70Plus,4100.0,historia,1221.193633950695,0.0,2.0902777777777777,1.5555555555555556,0.5555555555555556,19.083333333333332,30.45486111111111,75.27832892416225,1658.5668846799726
C24,Ultra fijo 1c + oro Robust,1c WR70Plus,4100.0,costo +1 tick,1143.859655984574,0.0,2.2083333333333335,1.5694444444444444,0.5694444444444444,17.381944444444443,30.618055555555557,73.80952380952381,1588.889829613509
C24,Ultra fijo 1c + oro Robust,1c WR70Plus,4100.0,Monte Carlo,1131.0775174603702,3.0,2.565,1.654,0.711,18.18,25.497966666666667,77.78611111111111,1497.2290693344758
C24,Ultra fijo 1c + oro Robust,1c WR70Plus,5100.0,historia,1147.2885822901571,0.0,2.0902777777777777,1.5555555555555556,0.5555555555555556,18.055555555555557,28.01736111111111,77.21285273368606,1521.2964443465228
C24,Ultra fijo 1c + oro Robust,1c WR70Plus,5100.0,costo +1 tick,1063.4785376055372,0.0,2.2083333333333335,1.5694444444444444,0.5694444444444444,16.04861111111111,29.53472222222222,74.66931216931216,1462.9449059872209
C24,Ultra fijo 1c + oro Robust,1c WR70Plus,5100.0,Monte Carlo,1075.7820799651147,3.8,2.382,1.553,0.583,17.29,25.463016666666668,79.25357142857142,1396.7150754370336
C24,Ultra fijo 1c + oro Robust,1c WR70Plus,6100.0,historia,1146.4636912878466,0.0,1.8194444444444444,1.2847222222222223,0.2847222222222222,18.604166666666668,26.614583333333332,80.75947971781304,1449.0782921399496
C24,Ultra fijo 1c + oro Robust,1c WR70Plus,6100.0,costo +1 tick,1061.2259664638175,0.0,1.9583333333333333,1.3194444444444444,0.3194444444444444,16.34722222222222,26.78472222222222,79.13359788359787,1373.4336910098557
C24,Ultra fijo 1c + oro Robust,1c WR70Plus,6100.0,Monte Carlo,1008.5350386174678,4.9,2.307,1.517,0.533,16.246,25.536683333333336,79.7452380952381,1302.5458490411027
C24,Ultra fijo 1c + oro Robust,2c Ultra,2100.0,historia,1586.5374015991338,0.0,8.277777777777779,5.326388888888889,5.048611111111111,13.381944444444445,25.618303571428573,25.997574955908288,6519.217005430291
C24,Ultra fijo 1c + oro Robust,2c Ultra,2100.0,costo +1 tick,1455.4757393803864,0.0,10.229166666666666,5.736111111111111,5.506944444444445,12.340277777777779,21.323553240740743,21.999007936507937,7224.450035154134
C24,Ultra fijo 1c + oro Robust,2c Ultra,2100.0,Monte Carlo,1366.6651936305364,5.2,9.455,5.531,5.273,12.609,24.848473412698414,24.186507936507937,6161.9813584068115
C24,Ultra fijo 1c + oro Robust,2c Ultra,3100.0,historia,2021.3400826798545,0.0,7.541666666666667,4.645833333333333,4.305555555555555,17.40972222222222,26.36736111111111,31.748787477954146,6677.452557962553
C24,Ultra fijo 1c + oro Robust,2c Ultra,3100.0,costo +1 tick,1624.1791376645922,0.0,9.222222222222221,5.243055555555555,4.986111111111111,14.909722222222221,21.610962301587303,26.89318783068783,6488.024238915126
C24,Ultra fijo 1c + oro Robust,2c Ultra,3100.0,Monte Carlo,1827.4556017310617,6.3,8.202,4.854,4.493,16.847,25.015332539682543,33.0170634920635,5859.894542699513
C24,Ultra fijo 1c + oro Robust,2c Ultra,4100.0,historia,2236.156569829031,0.0,7.215277777777778,4.354166666666667,3.9791666666666665,18.444444444444443,27.054282407407406,34.12147266313933,6830.175464864794
C24,Ultra fijo 1c + oro Robust,2c Ultra,4100.0,costo +1 tick,2089.3473513640743,0.0,8.67361111111111,4.770833333333333,4.4375,17.819444444444443,21.70345568783069,30.74018959435626,7165.951563092742
C24,Ultra fijo 1c + oro Robust,2c Ultra,4100.0,Monte Carlo,2182.1466118197127,6.9,7.261,4.321,3.874,19.953,24.802903571428573,40.685317460317464,5596.969219606226
C24,Ultra fijo 1c + oro Robust,2c Ultra,5100.0,historia,2636.6680645596093,0.0,6.631944444444445,3.7083333333333335,3.2777777777777777,22.82638888888889,25.805671296296296,36.42526455026456,7476.77755535929
C24,Ultra fijo 1c + oro Robust,2c Ultra,5100.0,costo +1 tick,2478.296893595104,0.0,7.965277777777778,4.243055555555555,3.8402777777777777,21.6875,22.486226851851853,34.90134479717813,7399.454928920579
C24,Ultra fijo 1c + oro Robust,2c Ultra,5100.0,Monte Carlo,2654.660892198785,7.1,6.173,3.699,3.137,24.085,24.83475833333333,49.301587301587304,5548.349370847503
C24,Ultra fijo 1c + oro Robust,2c Ultra,6100.0,historia,3498.411329214882,0.0,4.069444444444445,2.5208333333333335,1.7847222222222223,30.118055555555557,31.308449074074076,58.151455026455025,6107.591333264602
C24,Ultra fijo 1c + oro Robust,2c Ultra,6100.0,costo +1 tick,3279.9993754623115,0.0,4.611111111111111,2.7291666666666665,2.0069444444444446,28.229166666666668,29.897106481481476,56.10394620811288,5953.820194350232
C24,Ultra fijo 1c + oro Robust,2c Ultra,6100.0,Monte Carlo,2846.115702254328,7.6,5.522,3.355,2.703,25.85,24.755708333333335,54.58571428571429,5346.383952485463
C24,Ultra fijo 1c + oro Robust,2c Ultra escalones 750/1500,2100.0,historia,1459.2518101804787,0.0,8.645833333333334,5.75,5.486111111111111,12.125,24.055092592592594,26.5652557319224,5918.889490438715
C24,Ultra fijo 1c + oro Robust,2c Ultra escalones 750/1500,2100.0,costo +1 tick,1451.7947555458102,0.0,8.784722222222221,5.263888888888889,5.034722222222222,12.82638888888889,23.42673611111111,23.305224867724867,6722.647876226364
C24,Ultra fijo 1c + oro Robust,2c Ultra escalones 750/1500,2100.0,Monte Carlo,1380.0364531440737,4.2,9.177,5.383,5.094,12.67,24.945184920634922,26.179761904761907,5730.007051252885
C24,Ultra fijo 1c + oro Robust,2c Ultra escalones 750/1500,3100.0,historia,1878.3390269703334,0.0,7.916666666666667,5.069444444444445,4.743055555555555,16.333333333333332,24.64029431216931,31.92791005291005,6207.469930148409
C24,Ultra fijo 1c + oro Robust,2c Ultra escalones 750/1500,3100.0,costo +1 tick,1821.9164616666458,0.0,8.07638888888889,4.590277777777778,4.291666666666667,16.381944444444443,24.053819444444443,29.230048500881836,6594.5239521975345
C24,Ultra fijo 1c + oro Robust,2c Ultra escalones 750/1500,3100.0,Monte Carlo,1808.971908228032,5.0,8.026,4.75,4.374,16.666,24.943614682539682,34.43650793650794,5557.993119076561
C24,Ultra fijo 1c + oro Robust,2c Ultra escalones 750/1500,4100.0,historia,1799.1237687475152,0.0,7.916666666666667,5.076388888888889,4.743055555555555,15.847222222222221,24.207308201058204,32.74085097001763,5811.394943212678
C24,Ultra fijo 1c + oro Robust,2c Ultra escalones 750/1500,4100.0,costo +1 tick,1723.032735244212,0.0,8.04861111111111,4.604166666666667,4.263888888888889,15.465277777777779,22.644328703703707,31.99404761904762,5714.611102199998
C24,Ultra fijo 1c + oro Robust,2c Ultra escalones 750/1500,4100.0,Monte Carlo,2200.327130593459,5.8999999999999995,7.066,4.225,3.753,20.085,24.742577777777775,42.26468253968254,5424.7987353840745
C24,Ultra fijo 1c + oro Robust,2c Ultra escalones 750/1500,5100.0,historia,2231.060840666294,0.0,7.3125,4.409722222222222,4.020833333333333,20.11111111111111,22.36111111111111,36.82208994708995,6318.850230960819
C24,Ultra fijo 1c + oro Robust,2c Ultra escalones 750/1500,5100.0,costo +1 tick,2641.7705487739154,0.0,6.694444444444445,3.5,3.0208333333333335,23.34027777777778,25.3775462962963,40.31911375661376,6769.385392243035
C24,Ultra fijo 1c + oro Robust,2c Ultra escalones 750/1500,5100.0,Monte Carlo,2694.16453786157,6.2,5.924,3.572,2.99,24.328,24.712276984126984,51.356746031746034,5396.89606271966
C24,Ultra fijo 1c + oro Robust,2c Ultra escalones 750/1500,6100.0,historia,3439.6155263061883,0.0,4.034722222222222,2.6875,1.7986111111111112,31.98611111111111,27.55196759259259,61.79177689594356,5651.889810399988
C24,Ultra fijo 1c + oro Robust,2c Ultra escalones 750/1500,6100.0,costo +1 tick,3662.2683999414803,0.0,3.5347222222222223,2.048611111111111,1.1597222222222223,32.5,29.876041666666666,64.58884479717813,5741.725774258744
C24,Ultra fijo 1c + oro Robust,2c Ultra escalones 750/1500,6100.0,Monte Carlo,2872.287210640923,6.5,5.326,3.25,2.59,26.049,24.68210476190476,56.106746031746034,5243.52105949906
C24,Ultra fijo 1c + oro Robust,Ultra 1c -> 2c desde colchon 3000,2100.0,historia,1474.7836123709328,0.0,5.215277777777778,3.6041666666666665,3.0972222222222223,18.895833333333332,28.54976851851852,47.6466049382716,3238.4612334133258
C24,Ultra fijo 1c + oro Robust,Ultra 1c -> 2c desde colchon 3000,2100.0,costo +1 tick,1130.1262964989298,0.0,6.222222222222222,4.069444444444445,3.625,15.729166666666666,23.744212962962965,42.19025573192239,2871.596018768986
C24,Ultra fijo 1c + oro Robust,Ultra 1c -> 2c desde colchon 3000,2100.0,Monte Carlo,1408.7543226239047,1.7999999999999998,5.498,3.36,2.741,19.901,24.90927380952381,54.54206349206349,2714.760671836387
C24,Ultra fijo 1c + oro Robust,Ultra 1c -> 2c desde colchon 3000,3100.0,historia,2272.639983886701,0.0,4.451388888888889,3.1944444444444446,2.4583333333333335,20.40277777777778,23.707754629629633,63.00705467372134,3699.3936640693055
C24,Ultra fijo 1c + oro Robust,Ultra 1c -> 2c desde colchon 3000,3100.0,costo +1 tick,2027.6996527513973,0.0,5.131944444444445,3.201388888888889,2.6458333333333335,18.20138888888889,25.907291666666666,49.2173721340388,4256.3072787817855
C24,Ultra fijo 1c + oro Robust,Ultra 1c -> 2c desde colchon 3000,3100.0,Monte Carlo,2032.532571175043,2.7,4.84,2.924,2.264,18.669,25.244352380952378,59.66547619047619,3512.677746537313
C24,Ultra fijo 1c + oro Robust,Ultra 1c -> 2c desde colchon 3000,4100.0,historia,2523.3649382189465,0.0,4.222222222222222,3.0277777777777777,2.3819444444444446,19.84722222222222,29.25983796296296,55.86970899470899,4615.391283322932
C24,Ultra fijo 1c + oro Robust,Ultra 1c -> 2c desde colchon 3000,4100.0,costo +1 tick,2325.613672082733,0.0,4.506944444444445,2.7777777777777777,2.1875,18.78472222222222,28.45914351851852,50.801917989417994,4693.876969489462
C24,Ultra fijo 1c + oro Robust,Ultra 1c -> 2c desde colchon 3000,4100.0,Monte Carlo,2299.893932675457,2.8000000000000003,4.41,2.764,2.034,20.213,24.574571428571428,63.333333333333336,3722.512788434932
C24,Ultra fijo 1c + oro Robust,Ultra 1c -> 2c desde colchon 3000,5100.0,historia,3200.244013242589,0.0,2.9791666666666665,1.9305555555555556,1.1319444444444444,26.395833333333332,31.993055555555557,67.82958553791887,4775.528875946497
C24,Ultra fijo 1c + oro Robust,Ultra 1c -> 2c desde colchon 3000,5100.0,costo +1 tick,3006.0354119066837,0.0,3.0902777777777777,1.9305555555555556,1.1319444444444444,25.52777777777778,32.767361111111114,65.99702380952381,4616.066559241294
C24,Ultra fijo 1c + oro Robust,Ultra 1c -> 2c desde colchon 3000,5100.0,Monte Carlo,2882.806539411593,3.1,3.654,2.277,1.467,25.839,24.986035714285713,69.15674603174604,4237.638708545238
C24,Ultra fijo 1c + oro Robust,Ultra 1c -> 2c desde colchon 3000,6100.0,historia,3518.9873624136053,0.0,2.4375,1.7430555555555556,0.8541666666666666,29.493055555555557,30.270833333333332,72.34347442680776,4908.359759533175
C24,Ultra fijo 1c + oro Robust,Ultra 1c -> 2c desde colchon 3000,6100.0,costo +1 tick,3156.2230511667562,0.0,2.576388888888889,1.75,0.8611111111111112,26.569444444444443,31.96527777777778,69.78339947089947,4571.188606434436
C24,Ultra fijo 1c + oro Robust,Ultra 1c -> 2c desde colchon 3000,6100.0,Monte Carlo,2992.7648684329592,3.1,3.554,2.247,1.417,26.964,24.8903,69.99285714285715,4342.247422328274
C24,Ultra fijo 1c + oro Robust,Ultra 1c -> 2c desde colchon 4000,2100.0,historia,1474.7836123709328,0.0,5.215277777777778,3.6041666666666665,3.0972222222222223,18.895833333333332,28.54976851851852,47.6466049382716,3238.4612334133258
C24,Ultra fijo 1c + oro Robust,Ultra 1c -> 2c desde colchon 4000,2100.0,costo +1 tick,1130.1262964989298,0.0,6.222222222222222,4.069444444444445,3.625,15.729166666666666,23.744212962962965,42.19025573192239,2871.596018768986
C24,Ultra fijo 1c + oro Robust,Ultra 1c -> 2c desde colchon 4000,2100.0,Monte Carlo,1408.7543226239047,1.7999999999999998,5.498,3.36,2.741,19.901,24.90927380952381,54.54206349206349,2714.760671836387
C24,Ultra fijo 1c + oro Robust,Ultra 1c -> 2c desde colchon 4000,3100.0,historia,1971.324608301344,0.0,2.951388888888889,1.9097222222222223,1.1111111111111112,25.90277777777778,32.09027777777778,68.38348765432097,2939.216296032205
C24,Ultra fijo 1c + oro Robust,Ultra 1c -> 2c desde colchon 4000,3100.0,costo +1 tick,1858.5155750957908,0.0,2.986111111111111,1.8333333333333333,1.0347222222222223,24.0,33.06481481481481,66.76311728395062,2842.2637218424093
C24,Ultra fijo 1c + oro Robust,Ultra 1c -> 2c desde colchon 4000,3100.0,Monte Carlo,1731.0202036456665,2.0,3.89,2.415,1.637,24.207,24.88092619047619,67.47380952380952,2640.897828191467
C24,Ultra fijo 1c + oro Robust,Ultra 1c -> 2c desde colchon 4000,4100.0,historia,2780.8087596264154,0.0,2.3541666666666665,1.7152777777777777,0.8263888888888888,22.95138888888889,30.290509259259263,72.92493386243387,3855.483931123582
C24,Ultra fijo 1c + oro Robust,Ultra 1c -> 2c desde colchon 4000,4100.0,costo +1 tick,2571.810559723222,0.0,2.4027777777777777,1.6458333333333333,0.7569444444444444,21.3125,31.475694444444443,71.24669312169311,3653.8494465551285
C24,Ultra fijo 1c + oro Robust,Ultra 1c -> 2c desde colchon 4000,4100.0,Monte Carlo,2253.76643019623,2.4,3.607,2.265,1.454,20.532,24.776233333333334,69.68968253968254,3301.7197520154537
C24,Ultra fijo 1c + oro Robust,Ultra 1c -> 2c desde colchon 4000,5100.0,historia,3036.0831676834164,0.0,2.6458333333333335,1.7152777777777777,0.8263888888888888,25.02777777777778,29.759259259259263,72.00727513227514,4264.429505889621
C24,Ultra fijo 1c + oro Robust,Ultra 1c -> 2c desde colchon 4000,5100.0,costo +1 tick,2808.603220747688,0.0,2.673611111111111,1.6458333333333333,0.7569444444444444,22.770833333333332,30.93402777777778,70.40343915343914,4038.9830387698485
C24,Ultra fijo 1c + oro Robust,Ultra 1c -> 2c desde colchon 4000,5100.0,Monte Carlo,2701.5065017083484,2.7,3.191,1.997,1.138,23.609,24.878783333333335,72.99920634920635,3757.924990652779
C24,Ultra fijo 1c + oro Robust,Ultra 1c -> 2c desde colchon 4000,6100.0,historia,3228.5808072799887,0.0,2.2777777777777777,1.7083333333333333,0.7083333333333334,26.875,30.05902777777778,74.11541005291006,4396.362012811906
C24,Ultra fijo 1c + oro Robust,Ultra 1c -> 2c desde colchon 4000,6100.0,costo +1 tick,2978.257957102524,0.0,2.4166666666666665,1.6458333333333333,0.7569444444444444,24.07638888888889,32.05555555555556,70.79199735449737,4251.717884983315
C24,Ultra fijo 1c + oro Robust,Ultra 1c -> 2c desde colchon 4000,6100.0,Monte Carlo,3028.4334009630365,3.2,2.917,1.843,0.953,27.004,25.085766666666665,75.18293650793652,4078.8477103081113
C24,WR70Plus fijo 1c + oro WinRate,1c Ultra,2100.0,historia,1085.836432175283,0.0,4.840277777777778,3.2847222222222223,2.9166666666666665,15.055555555555555,38.54895833333333,34.63403880070547,3318.0173019395825
C24,WR70Plus fijo 1c + oro WinRate,1c Ultra,2100.0,costo +1 tick,1013.3671870221693,0.0,4.875,3.111111111111111,2.7569444444444446,13.92361111111111,39.662268518518516,32.4156746031746,3322.9246350982307
C24,WR70Plus fijo 1c + oro WinRate,1c Ultra,2100.0,Monte Carlo,1219.2084104585012,2.3,4.835,2.961,2.409,17.351,31.495,47.86150793650794,2679.5359829165027
C24,WR70Plus fijo 1c + oro WinRate,1c Ultra,3100.0,historia,1699.8162897744667,0.0,3.1805555555555554,2.1041666666666665,1.375,22.729166666666668,38.33738425925927,59.107694003527335,2946.19607083481
C24,WR70Plus fijo 1c + oro WinRate,1c Ultra,3100.0,costo +1 tick,1588.3504036321683,0.0,3.2152777777777777,1.9513888888888888,1.2291666666666667,21.069444444444443,40.4994212962963,57.11254409171076,2854.744050518896
C24,WR70Plus fijo 1c + oro WinRate,1c Ultra,3100.0,Monte Carlo,1556.7115690195642,3.4000000000000004,3.545,2.204,1.476,21.786,31.527483333333336,61.14920634920635,2621.607182489683
C24,WR70Plus fijo 1c + oro WinRate,1c Ultra,4100.0,historia,1771.8986571702692,0.0,2.4583333333333335,1.8402777777777777,0.9583333333333334,23.944444444444443,37.72280092592593,65.14825837742505,2769.1635917006356
C24,WR70Plus fijo 1c + oro WinRate,1c Ultra,4100.0,costo +1 tick,1661.3419850609923,0.0,2.513888888888889,1.6944444444444444,0.8125,22.430555555555557,38.880208333333336,63.62158289241623,2662.9831486937796
C24,WR70Plus fijo 1c + oro WinRate,1c Ultra,4100.0,Monte Carlo,1698.1403413551413,3.8,2.792,1.78,0.929,23.502,31.964316666666665,68.50912698412698,2532.0261465654303
C24,WR70Plus fijo 1c + oro WinRate,1c Ultra,5100.0,historia,1695.9626965249026,0.0,2.3402777777777777,1.8402777777777777,0.8402777777777778,23.09027777777778,37.28530092592593,66.71351410934744,2588.0533409680556
C24,WR70Plus fijo 1c + oro WinRate,1c Ultra,5100.0,costo +1 tick,1583.6356126728986,0.0,2.3958333333333335,1.6944444444444444,0.6944444444444444,21.430555555555557,38.35243055555556,65.25848765432097,2474.744905733463
C24,WR70Plus fijo 1c + oro WinRate,1c Ultra,5100.0,Monte Carlo,1709.931084825055,4.3999999999999995,2.467,1.611,0.676,23.61,31.579733333333337,72.09682539682541,2416.483192663712
C24,WR70Plus fijo 1c + oro WinRate,1c Ultra,6100.0,historia,1683.8876595935335,0.0,2.0694444444444446,1.5694444444444444,0.5694444444444444,23.15277777777778,37.99363425925927,71.16402116402118,2404.252687086824
C24,WR70Plus fijo 1c + oro WinRate,1c Ultra,6100.0,costo +1 tick,1568.9631433707698,0.0,2.138888888888889,1.4375,0.4375,21.3125,38.685763888888886,70.08928571428571,2278.446589079126
C24,WR70Plus fijo 1c + oro WinRate,1c Ultra,6100.0,Monte Carlo,1649.9468532309218,5.2,2.389,1.577,0.622,22.773,31.60015,72.78373015873017,2309.8609165782095
C24,WR70Plus fijo 1c + oro WinRate,1c Ultra escalones 750/1500,2100.0,historia,1005.9052764080188,0.0,4.826388888888889,2.9652777777777777,2.5069444444444446,15.11111111111111,34.375,40.002204585537925,2672.4790348783545
C24,WR70Plus fijo 1c + oro WinRate,1c Ultra escalones 750/1500,2100.0,costo +1 tick,788.830284358506,2.7777777777777777,5.590277777777778,3.1180555555555554,2.7847222222222223,11.75,33.15069444444444,31.55864197530864,2731.327135766806
C24,WR70Plus fijo 1c + oro WinRate,1c Ultra escalones 750/1500,2100.0,Monte Carlo,1222.927706300016,2.6,4.418,2.714,2.125,17.411,31.493883333333333,52.425,2442.9754372278167
C24,WR70Plus fijo 1c + oro WinRate,1c Ultra escalones 750/1500,3100.0,historia,1896.2359672791429,0.0,2.5416666666666665,1.5972222222222223,0.7152777777777778,25.645833333333332,38.967592592592595,68.59567901234568,2812.843997293329
C24,WR70Plus fijo 1c + oro WinRate,1c Ultra escalones 750/1500,3100.0,costo +1 tick,1575.9987170059374,0.0,3.0555555555555554,1.8888888888888888,1.0069444444444444,21.72222222222222,35.09722222222222,63.93849206349206,2527.3908043578763
C24,WR70Plus fijo 1c + oro WinRate,1c Ultra escalones 750/1500,3100.0,Monte Carlo,1553.727249894899,2.9000000000000004,3.306,2.076,1.321,21.666,31.60141666666667,63.72936507936508,2505.8789584771575
C24,WR70Plus fijo 1c + oro WinRate,1c Ultra escalones 750/1500,4100.0,historia,1814.204403877259,0.6944444444444444,2.25,1.5972222222222223,0.7152777777777778,24.65972222222222,40.57175925925927,68.26499118165785,2700.7136043879364
C24,WR70Plus fijo 1c + oro WinRate,1c Ultra escalones 750/1500,4100.0,costo +1 tick,1495.947528355541,1.3888888888888888,2.763888888888889,1.8888888888888888,1.0069444444444444,20.479166666666668,37.576388888888886,62.8968253968254,2435.9073742098612
C24,WR70Plus fijo 1c + oro WinRate,1c Ultra escalones 750/1500,4100.0,Monte Carlo,1711.928335252436,3.5000000000000004,2.603,1.666,0.784,23.662,31.831083333333336,70.7468253968254,2467.9330021180704
C24,WR70Plus fijo 1c + oro WinRate,1c Ultra escalones 750/1500,5100.0,historia,1789.624281567777,0.6944444444444444,1.8402777777777777,1.3055555555555556,0.3055555555555556,24.333333333333332,40.71064814814815,74.57561728395062,2432.029817808421
C24,WR70Plus fijo 1c + oro WinRate,1c Ultra escalones 750/1500,5100.0,costo +1 tick,1479.6853754577812,1.3888888888888888,2.361111111111111,1.6041666666666667,0.6041666666666666,20.59027777777778,37.236111111111114,69.76410934744268,2165.2631894695824
C24,WR70Plus fijo 1c + oro WinRate,1c Ultra escalones 750/1500,5100.0,Monte Carlo,1709.8057771433832,4.0,2.34,1.541,0.591,23.572,31.711783333333333,73.46865079365078,2368.9298201918136
C24,WR70Plus fijo 1c + oro WinRate,1c Ultra escalones 750/1500,6100.0,historia,1708.076727048004,0.6944444444444444,1.8402777777777777,1.3055555555555556,0.3055555555555556,23.15277777777778,40.71064814814815,74.57561728395062,2322.6810018150163
C24,WR70Plus fijo 1c + oro WinRate,1c Ultra escalones 750/1500,6100.0,costo +1 tick,1395.2763648418365,1.3888888888888888,2.361111111111111,1.6041666666666667,0.6041666666666666,19.305555555555557,37.236111111111114,69.76410934744268,2044.271161612441
C24,WR70Plus fijo 1c + oro WinRate,1c Ultra escalones 750/1500,6100.0,Monte Carlo,1658.137740040366,4.2,2.257,1.497,0.531,22.87,31.74536666666667,74.26587301587301,2272.4661474227746
C24,WR70Plus fijo 1c + oro WinRate,1c WR70Plus,2100.0,historia,1169.271281040377,0.0,3.5416666666666665,1.9097222222222223,1.3402777777777777,19.15277777777778,41.495370370370374,48.58079805996473,2502.239846071428
C24,WR70Plus fijo 1c + oro WinRate,1c WR70Plus,2100.0,costo +1 tick,1017.1291540897005,0.0,4.006944444444445,1.7986111111111112,1.3125,15.930555555555555,41.75115740740741,42.013888888888886,2545.713744169425
C24,WR70Plus fijo 1c + oro WinRate,1c WR70Plus,2100.0,Monte Carlo,947.527613663729,2.8000000000000003,3.911,2.355,1.724,15.617,32.52751666666666,56.66904761904762,1762.3315942135462
C24,WR70Plus fijo 1c + oro WinRate,1c WR70Plus,3100.0,historia,1284.1886078556379,0.0,2.3125,1.3888888888888888,0.5,20.82638888888889,40.22222222222222,70.83333333333333,1855.6853875609006
C24,WR70Plus fijo 1c + oro WinRate,1c WR70Plus,3100.0,costo +1 tick,1172.5815145477652,0.0,2.5,1.3680555555555556,0.4791666666666667,18.493055555555557,40.00347222222222,67.66148589065256,1781.3529100276667
C24,WR70Plus fijo 1c + oro WinRate,1c WR70Plus,3100.0,Monte Carlo,1028.6888972788652,4.3999999999999995,2.978,1.859,1.074,16.687,32.05351666666666,66.85198412698414,1597.0372127139085
C24,WR70Plus fijo 1c + oro WinRate,1c WR70Plus,4100.0,historia,1183.252716389409,0.0,1.8819444444444444,1.3819444444444444,0.3819444444444444,18.63888888888889,41.920138888888886,71.39825837742505,1691.7426983804419
C24,WR70Plus fijo 1c + oro WinRate,1c WR70Plus,4100.0,costo +1 tick,1067.1750712242945,0.0,2.076388888888889,1.3611111111111112,0.3611111111111111,16.36111111111111,42.60069444444444,67.74140211640213,1615.4687163203641
C24,WR70Plus fijo 1c + oro WinRate,1c WR70Plus,4100.0,Monte Carlo,1037.3457521171172,5.3,2.453,1.577,0.663,16.705,32.09108333333333,72.02896825396824,1484.734815321842
C24,WR70Plus fijo 1c + oro WinRate,1c WR70Plus,5100.0,historia,1101.646146459491,0.0,1.8819444444444444,1.3819444444444444,0.3819444444444444,17.51388888888889,40.354166666666664,72.64109347442681,1550.4560835630507
C24,WR70Plus fijo 1c + oro WinRate,1c WR70Plus,5100.0,costo +1 tick,990.5563833740574,0.0,2.076388888888889,1.3611111111111112,0.3611111111111111,15.25,40.18055555555556,69.66214726631394,1460.940426436085
C24,WR70Plus fijo 1c + oro WinRate,1c WR70Plus,5100.0,Monte Carlo,984.9358205961784,7.3,2.303,1.498,0.55,15.861,32.00391666666666,73.56031746031746,1379.9107620904826
C24,WR70Plus fijo 1c + oro WinRate,1c WR70Plus,6100.0,historia,1100.867352227149,0.0,1.6111111111111112,1.1111111111111112,0.1111111111111111,17.944444444444443,42.201388888888886,76.18772045855378,1472.607461121235
C24,WR70Plus fijo 1c + oro WinRate,1c WR70Plus,6100.0,costo +1 tick,980.3657300289582,0.0,1.8194444444444444,1.1041666666666667,0.10416666666666667,15.194444444444445,42.361111111111114,73.02689594356261,1375.0688909921068
C24,WR70Plus fijo 1c + oro WinRate,1c WR70Plus,6100.0,Monte Carlo,919.7576432292699,8.9,2.244,1.476,0.513,14.82,31.95491666666667,74.1654761904762,1279.7283749539906
C24,WR70Plus fijo 1c + oro WinRate,2c Ultra,2100.0,historia,1187.1197140585493,0.0,6.694444444444445,4.201388888888889,4.027777777777778,13.04861111111111,32.38506944444445,22.475749559082892,5671.4698606861975
C24,WR70Plus fijo 1c + oro WinRate,2c Ultra,2100.0,costo +1 tick,1030.5170126261535,5.555555555555555,6.763888888888889,3.7708333333333335,3.611111111111111,11.590277777777779,32.17488425925925,19.78891093474427,5654.7388043695655
C24,WR70Plus fijo 1c + oro WinRate,2c Ultra,2100.0,Monte Carlo,1124.4520715346653,6.5,7.472,4.486,4.276,10.528,31.656887301587304,20.35674603174603,6003.959258986251
C24,WR70Plus fijo 1c + oro WinRate,2c Ultra,3100.0,historia,1397.1294095853964,0.0,5.75,3.9722222222222223,3.7777777777777777,13.715277777777779,37.49675925925926,25.760582010582013,5715.548568146648
C24,WR70Plus fijo 1c + oro WinRate,2c Ultra,3100.0,costo +1 tick,1024.9582272152106,13.88888888888889,5.75,3.7777777777777777,3.5902777777777777,11.493055555555555,38.993750000000006,23.646935626102294,4652.557994311336
C24,WR70Plus fijo 1c + oro WinRate,2c Ultra,3100.0,Monte Carlo,1547.345181200075,8.3,6.675,4.029,3.727,14.376,31.711774206349205,28.375,5760.974206872512
C24,WR70Plus fijo 1c + oro WinRate,2c Ultra,4100.0,historia,2150.5285589021664,2.083333333333333,5.388888888888889,3.361111111111111,3.0277777777777777,17.76388888888889,36.34456018518519,31.456679894179892,7060.609053477164
C24,WR70Plus fijo 1c + oro WinRate,2c Ultra,4100.0,costo +1 tick,1076.829607461779,25.694444444444443,5.743055555555555,3.7777777777777777,3.5833333333333335,10.659722222222221,38.56597222222222,24.360670194003525,4728.802239318217
C24,WR70Plus fijo 1c + oro WinRate,2c Ultra,4100.0,Monte Carlo,1884.373009915638,8.799999999999999,6.012,3.643,3.243,17.261,31.580773015873014,35.28730158730159,5562.992695995915
C24,WR70Plus fijo 1c + oro WinRate,2c Ultra,5100.0,historia,2553.573477433125,2.083333333333333,4.6875,2.8125,2.4375,22.4375,41.142361111111114,33.7962962962963,7737.243097610342
C24,WR70Plus fijo 1c + oro WinRate,2c Ultra,5100.0,costo +1 tick,1447.3847069795484,26.38888888888889,5.597222222222222,2.986111111111111,2.7777777777777777,14.805555555555555,40.23935185185185,25.79916225749559,5894.048093022202
C24,WR70Plus fijo 1c + oro WinRate,2c Ultra,5100.0,Monte Carlo,2356.7418833813986,10.0,5.177,3.138,2.626,21.452,31.836986111111113,43.952777777777776,5516.0889086602
C24,WR70Plus fijo 1c + oro WinRate,2c Ultra,6100.0,historia,3368.5548736949763,2.083333333333333,3.375,2.2152777777777777,1.5069444444444444,29.666666666666668,38.47453703703704,56.4566798941799,6044.8314178085275
C24,WR70Plus fijo 1c + oro WinRate,2c Ultra,6100.0,costo +1 tick,2210.8627160123106,25.694444444444443,4.256944444444445,2.6180555555555554,2.0902777777777777,20.930555555555557,39.31805555555555,47.94422398589065,4727.488633098904
C24,WR70Plus fijo 1c + oro WinRate,2c Ultra,6100.0,Monte Carlo,2526.7710081458886,10.4,4.706,2.891,2.286,23.015,31.657525396825395,48.800000000000004,5303.977817238843
C24,WR70Plus fijo 1c + oro WinRate,2c Ultra escalones 750/1500,2100.0,historia,1171.6319618682066,0.0,6.0625,4.006944444444445,3.7916666666666665,12.54861111111111,36.28611111111112,24.774029982363317,5049.43955865111
C24,WR70Plus fijo 1c + oro WinRate,2c Ultra escalones 750/1500,2100.0,costo +1 tick,988.8980242627639,0.6944444444444444,7.048611111111111,3.5694444444444446,3.4166666666666665,10.756944444444445,33.31435185185185,18.072089947089946,5982.2486283085045
C24,WR70Plus fijo 1c + oro WinRate,2c Ultra escalones 750/1500,2100.0,Monte Carlo,1116.8010426232656,7.5,7.346,4.405,4.173,10.42,31.416030952380947,21.792857142857144,5565.636489694871
C24,WR70Plus fijo 1c + oro WinRate,2c Ultra escalones 750/1500,3100.0,historia,1724.6756452633274,0.0,5.270833333333333,3.5833333333333335,3.3055555555555554,15.465277777777779,39.10451388888888,28.753306878306876,6238.015412623695
C24,WR70Plus fijo 1c + oro WinRate,2c Ultra escalones 750/1500,3100.0,costo +1 tick,1327.1199022083372,1.3888888888888888,6.243055555555555,3.1527777777777777,2.9375,13.75,36.528587962962966,22.2608024691358,6328.6122816707275
C24,WR70Plus fijo 1c + oro WinRate,2c Ultra escalones 750/1500,3100.0,Monte Carlo,1528.2873942715485,8.9,6.587,3.97,3.646,14.214,31.539334523809522,29.500396825396823,5472.6969284302095
C24,WR70Plus fijo 1c + oro WinRate,2c Ultra escalones 750/1500,4100.0,historia,2205.3401856177384,0.0,4.958333333333333,3.3333333333333335,2.986111111111111,18.145833333333332,39.64421296296296,32.426697530864196,7001.05741953739
C24,WR70Plus fijo 1c + oro WinRate,2c Ultra escalones 750/1500,4100.0,costo +1 tick,1450.9446062443437,2.083333333333333,6.236111111111111,3.1527777777777777,2.9305555555555554,13.48611111111111,36.09155092592593,22.974537037037038,6670.575011562281
C24,WR70Plus fijo 1c + oro WinRate,2c Ultra escalones 750/1500,4100.0,Monte Carlo,1879.6217784187318,9.700000000000001,5.922,3.585,3.171,17.217,31.506000000000004,36.413492063492065,5374.6596865970705
C24,WR70Plus fijo 1c + oro WinRate,2c Ultra escalones 750/1500,5100.0,historia,2610.1956896848146,0.0,4.604166666666667,2.75,2.3680555555555554,22.54861111111111,41.66851851851852,35.26234567901235,7573.045653898293
C24,WR70Plus fijo 1c + oro WinRate,2c Ultra escalones 750/1500,5100.0,costo +1 tick,1850.9283092916012,2.7777777777777777,5.0625,2.5972222222222223,2.2916666666666665,17.645833333333332,41.77835648148149,29.635141093474427,6469.220707418042
C24,WR70Plus fijo 1c + oro WinRate,2c Ultra escalones 750/1500,5100.0,Monte Carlo,2352.465158043623,10.9,5.085,3.084,2.563,21.309,31.696261904761904,45.18888888888889,5353.072331544777
C24,WR70Plus fijo 1c + oro WinRate,2c Ultra escalones 750/1500,6100.0,historia,3743.5272626788524,0.0,2.8819444444444446,1.8958333333333333,1.0138888888888888,34.020833333333336,38.26689814814816,62.03428130511464,6095.392133094497
C24,WR70Plus fijo 1c + oro WinRate,2c Ultra escalones 750/1500,6100.0,costo +1 tick,2929.7936988135184,2.083333333333333,3.1875,1.9791666666666667,1.1041666666666667,27.70138888888889,39.167245370370374,57.355048500881836,5180.881023521114
C24,WR70Plus fijo 1c + oro WinRate,2c Ultra escalones 750/1500,6100.0,Monte Carlo,2540.4044885429703,11.5,4.64,2.84,2.231,23.059,31.42952023809524,49.69761904761904,5233.874791299993
C24,WR70Plus fijo 1c + oro WinRate,Ultra 1c -> 2c desde colchon 3000,2100.0,historia,1085.836432175283,0.0,4.840277777777778,3.2847222222222223,2.9166666666666665,15.055555555555555,38.54895833333333,34.63403880070547,3318.0173019395825
C24,WR70Plus fijo 1c + oro WinRate,Ultra 1c -> 2c desde colchon 3000,2100.0,costo +1 tick,1013.3671870221693,0.0,4.875,3.111111111111111,2.7569444444444446,13.92361111111111,39.662268518518516,32.4156746031746,3322.9246350982307
C24,WR70Plus fijo 1c + oro WinRate,Ultra 1c -> 2c desde colchon 3000,2100.0,Monte Carlo,1219.2084104585012,2.3,4.835,2.961,2.409,17.351,31.495,47.86150793650794,2679.5359829165027
C24,WR70Plus fijo 1c + oro WinRate,Ultra 1c -> 2c desde colchon 3000,3100.0,historia,1963.9598655658738,0.0,3.736111111111111,2.5,1.8680555555555556,17.041666666666668,39.426504629629626,51.40817901234568,3915.4093595097524
C24,WR70Plus fijo 1c + oro WinRate,Ultra 1c -> 2c desde colchon 3000,3100.0,costo +1 tick,1688.0467114884543,0.0,4.618055555555555,2.326388888888889,1.9305555555555556,15.208333333333334,41.185763888888886,35.29265873015873,4954.192556140629
C24,WR70Plus fijo 1c + oro WinRate,Ultra 1c -> 2c desde colchon 3000,3100.0,Monte Carlo,1780.716995288968,3.5999999999999996,4.308,2.63,2.024,16.481,32.00432142857143,53.06904761904762,3461.6788461634283
C24,WR70Plus fijo 1c + oro WinRate,Ultra 1c -> 2c desde colchon 3000,4100.0,historia,2182.0026615669326,0.6944444444444444,4.0625,2.7777777777777777,2.2569444444444446,17.854166666666668,36.09664351851852,45.395171957671955,4923.769658407143
C24,WR70Plus fijo 1c + oro WinRate,Ultra 1c -> 2c desde colchon 3000,4100.0,costo +1 tick,1979.8417207574403,0.0,4.159722222222222,2.673611111111111,2.1805555555555554,16.09722222222222,37.62824074074074,42.53472222222222,4782.597950297764
C24,WR70Plus fijo 1c + oro WinRate,Ultra 1c -> 2c desde colchon 3000,4100.0,Monte Carlo,2044.182825957155,4.3999999999999995,3.96,2.48,1.804,17.992,31.292161904761905,56.95873015873016,3679.844722865366
C24,WR70Plus fijo 1c + oro WinRate,Ultra 1c -> 2c desde colchon 3000,5100.0,historia,2811.2365480724307,0.6944444444444444,3.2083333333333335,2.125,1.3958333333333333,24.020833333333332,38.471180555555556,58.25617283950617,4897.699425565392
C24,WR70Plus fijo 1c + oro WinRate,Ultra 1c -> 2c desde colchon 3000,5100.0,costo +1 tick,2640.3799123580816,0.0,3.2222222222222223,1.9583333333333333,1.2361111111111112,22.98611111111111,40.39525462962963,57.0326278659612,4703.513445093257
C24,WR70Plus fijo 1c + oro WinRate,Ultra 1c -> 2c desde colchon 3000,5100.0,Monte Carlo,2579.849984630696,5.0,3.355,2.098,1.337,23.146,31.761299999999995,62.98769841269842,4165.487284156868
C24,WR70Plus fijo 1c + oro WinRate,Ultra 1c -> 2c desde colchon 3000,6100.0,historia,3104.6667053954466,0.6944444444444444,2.5416666666666665,1.8888888888888888,1.0069444444444444,27.09027777777778,38.00474537037037,64.076278659612,4897.163573257782
C24,WR70Plus fijo 1c + oro WinRate,Ultra 1c -> 2c desde colchon 3000,6100.0,costo +1 tick,2855.9343796632916,0.0,2.826388888888889,1.7152777777777777,0.8333333333333334,25.27777777777778,36.58506944444444,64.44279100529101,4489.118057268399
C24,WR70Plus fijo 1c + oro WinRate,Ultra 1c -> 2c desde colchon 3000,6100.0,Monte Carlo,2672.952068010434,6.2,3.266,2.083,1.294,24.148,31.78448333333333,63.608333333333334,4269.3812152659775
C24,WR70Plus fijo 1c + oro WinRate,Ultra 1c -> 2c desde colchon 4000,2100.0,historia,1085.836432175283,0.0,4.840277777777778,3.2847222222222223,2.9166666666666665,15.055555555555555,38.54895833333333,34.63403880070547,3318.0173019395825
C24,WR70Plus fijo 1c + oro WinRate,Ultra 1c -> 2c desde colchon 4000,2100.0,costo +1 tick,1013.3671870221693,0.0,4.875,3.111111111111111,2.7569444444444446,13.92361111111111,39.662268518518516,32.4156746031746,3322.9246350982307
C24,WR70Plus fijo 1c + oro WinRate,Ultra 1c -> 2c desde colchon 4000,2100.0,Monte Carlo,1219.2084104585012,2.3,4.835,2.961,2.409,17.351,31.495,47.86150793650794,2679.5359829165027
C24,WR70Plus fijo 1c + oro WinRate,Ultra 1c -> 2c desde colchon 4000,3100.0,historia,1699.8162897744667,0.0,3.1805555555555554,2.1041666666666665,1.375,22.729166666666668,38.33738425925927,59.107694003527335,2946.19607083481
C24,WR70Plus fijo 1c + oro WinRate,Ultra 1c -> 2c desde colchon 4000,3100.0,costo +1 tick,1588.3504036321683,0.0,3.2152777777777777,1.9513888888888888,1.2291666666666667,21.069444444444443,40.4994212962963,57.11254409171076,2854.744050518896
C24,WR70Plus fijo 1c + oro WinRate,Ultra 1c -> 2c desde colchon 4000,3100.0,Monte Carlo,1556.7115690195642,3.4000000000000004,3.545,2.204,1.476,21.786,31.527483333333336,61.14920634920635,2621.607182489683
C24,WR70Plus fijo 1c + oro WinRate,Ultra 1c -> 2c desde colchon 4000,4100.0,historia,2509.86034589741,0.0,2.4583333333333335,1.8402777777777777,0.9583333333333334,20.53472222222222,37.72280092592593,65.14825837742505,3901.905597560391
C24,WR70Plus fijo 1c + oro WinRate,Ultra 1c -> 2c desde colchon 4000,4100.0,costo +1 tick,2247.268669411761,0.0,2.513888888888889,1.6944444444444444,0.8125,19.22222222222222,38.880208333333336,63.62158289241623,3583.938990584051
C24,WR70Plus fijo 1c + oro WinRate,Ultra 1c -> 2c desde colchon 4000,4100.0,Monte Carlo,2024.023609564392,3.9,3.331,2.092,1.33,18.46,31.804,63.09722222222222,3276.854543003218
C24,WR70Plus fijo 1c + oro WinRate,Ultra 1c -> 2c desde colchon 4000,5100.0,historia,2663.1279452274243,0.0,2.75,1.8402777777777777,0.9583333333333334,22.97222222222222,37.229745370370374,64.0735229276896,4212.515542403027
C24,WR70Plus fijo 1c + oro WinRate,Ultra 1c -> 2c desde colchon 4000,5100.0,costo +1 tick,2398.521666264313,0.0,2.798611111111111,1.6944444444444444,0.8125,20.791666666666668,38.703125,62.541335978835974,3893.6437640625427
C24,WR70Plus fijo 1c + oro WinRate,Ultra 1c -> 2c desde colchon 4000,5100.0,Monte Carlo,2456.1508437819084,4.7,2.951,1.863,1.038,21.447,31.90601666666667,66.96944444444445,3725.2209289538637
C24,WR70Plus fijo 1c + oro WinRate,Ultra 1c -> 2c desde colchon 4000,6100.0,historia,2882.27479100426,0.0,2.375,1.8402777777777777,0.8402777777777778,25.479166666666668,37.61516203703704,66.31117724867724,4393.448930555733
C24,WR70Plus fijo 1c + oro WinRate,Ultra 1c -> 2c desde colchon 4000,6100.0,costo +1 tick,2610.728733546094,0.0,2.8472222222222223,1.6944444444444444,0.8125,22.895833333333332,36.51909722222222,64.87819664902997,4081.4634618748955
C24,WR70Plus fijo 1c + oro WinRate,Ultra 1c -> 2c desde colchon 4000,6100.0,Monte Carlo,2745.7327829041883,5.3,2.731,1.752,0.885,24.404,32.0956,69.18293650793652,4020.447102470763
REAL,Estable C1200 (Ultra/Estable + oro WR x2) 1c,1c Ultra,2100.0,historia,1365.4493763973096,0.0,4.377777777777778,3.162962962962963,2.785185185185185,17.288888888888888,40.38530864197531,35.72604350382127,3982.319794720789
REAL,Estable C1200 (Ultra/Estable + oro WR x2) 1c,1c Ultra,2100.0,costo +1 tick,1263.9903179392402,0.0,4.807407407407408,3.0592592592592593,2.7037037037037037,16.903703703703705,39.245308641975306,33.962375073486186,3906.9329770030254
REAL,Estable C1200 (Ultra/Estable + oro WR x2) 1c,1c Ultra,2100.0,Monte Carlo,1352.0504618404964,1.7999999999999998,5.167,3.373,2.832,19.009,26.919157142857145,49.48849206349207,2868.6508438213555
REAL,Estable C1200 (Ultra/Estable + oro WR x2) 1c,1c Ultra,3100.0,historia,2115.488080113376,0.0,2.511111111111111,1.8148148148148149,0.9259259259259259,27.31851851851852,38.48827160493827,68.58612580834803,3132.32706833485
REAL,Estable C1200 (Ultra/Estable + oro WR x2) 1c,1c Ultra,3100.0,costo +1 tick,1995.6385486311967,0.0,2.5703703703703704,1.8074074074074074,0.9185185185185185,26.4,38.43506172839506,66.80482069370957,3037.6064779528015
REAL,Estable C1200 (Ultra/Estable + oro WR x2) 1c,1c Ultra,3100.0,Monte Carlo,1693.0042692332606,2.3,3.691,2.446,1.714,23.467,26.78515,63.683730158730164,2734.2852691361804
REAL,Estable C1200 (Ultra/Estable + oro WR x2) 1c,1c Ultra,4100.0,historia,2059.428459816568,0.0,2.037037037037037,1.711111111111111,0.7481481481481481,26.533333333333335,40.72222222222222,70.42328042328043,2962.2018199749414
REAL,Estable C1200 (Ultra/Estable + oro WR x2) 1c,1c Ultra,4100.0,costo +1 tick,1936.5087629361803,0.0,2.3407407407407406,1.7037037037037037,0.7407407407407407,25.496296296296297,40.37407407407407,68.69782480893593,2863.4581367972637
REAL,Estable C1200 (Ultra/Estable + oro WR x2) 1c,1c Ultra,4100.0,Monte Carlo,1867.2398433321832,2.7,2.691,1.83,0.938,25.683,26.919383333333332,72.77182539682539,2614.2632577348754
REAL,Estable C1200 (Ultra/Estable + oro WR x2) 1c,1c Ultra,5100.0,historia,1956.86446062712,0.0,1.9925925925925927,1.7037037037037037,0.7037037037037037,24.985185185185184,40.4753086419753,70.78189300411522,2801.4710112348266
REAL,Estable C1200 (Ultra/Estable + oro WR x2) 1c,1c Ultra,5100.0,costo +1 tick,1834.6784912160003,0.0,2.051851851851852,1.6962962962962962,0.6962962962962963,23.962962962962962,41.47037037037037,69.13580246913581,2692.5608533660006
REAL,Estable C1200 (Ultra/Estable + oro WR x2) 1c,1c Ultra,5100.0,Monte Carlo,1878.436942474266,3.1,2.345,1.617,0.674,25.787,26.989683333333335,76.14206349206349,2507.3097202572208
REAL,Estable C1200 (Ultra/Estable + oro WR x2) 1c,1c Ultra,6100.0,historia,1980.5571541047982,0.0,1.7555555555555555,1.4666666666666666,0.4666666666666667,25.392592592592592,39.75308641975308,75.57907113462669,2650.9001004451325
REAL,Estable C1200 (Ultra/Estable + oro WR x2) 1c,1c Ultra,6100.0,costo +1 tick,1846.0577275544629,0.0,1.8222222222222222,1.4666666666666666,0.4666666666666667,24.125925925925927,41.25185185185185,73.79188712522046,2534.016327732745
REAL,Estable C1200 (Ultra/Estable + oro WR x2) 1c,1c Ultra,6100.0,Monte Carlo,1833.0869529545841,3.4000000000000004,2.208,1.535,0.569,25.145,26.949133333333332,77.40515873015873,2405.492067325376
REAL,Estable C1200 (Ultra/Estable + oro WR x2) 1c,1c Ultra escalones 750/1500,2100.0,historia,1706.697019861009,0.0,3.466666666666667,2.748148148148148,1.9259259259259258,22.925925925925927,35.10320987654321,63.70958259847149,2750.061299975617
REAL,Estable C1200 (Ultra/Estable + oro WR x2) 1c,1c Ultra escalones 750/1500,2100.0,costo +1 tick,1363.8551158616572,0.0,4.5851851851851855,3.688888888888889,3.0,18.79259259259259,35.22049382716049,52.76308054085832,2698.562342151174
REAL,Estable C1200 (Ultra/Estable + oro WR x2) 1c,1c Ultra escalones 750/1500,2100.0,Monte Carlo,1371.1282171127202,1.4000000000000001,4.662,3.071,2.453,19.222,26.809740476190477,54.80079365079366,2613.324774525376
REAL,Estable C1200 (Ultra/Estable + oro WR x2) 1c,1c Ultra escalones 750/1500,3100.0,historia,2224.1364579194856,0.0,2.096296296296296,1.4222222222222223,0.5111111111111111,29.177777777777777,41.91728395061728,72.40152851263962,3109.827993115217
REAL,Estable C1200 (Ultra/Estable + oro WR x2) 1c,1c Ultra escalones 750/1500,3100.0,costo +1 tick,2087.091868457559,0.0,2.185185185185185,1.4592592592592593,0.5481481481481482,28.037037037037038,43.8320987654321,70.70840681951793,2992.1214036552133
REAL,Estable C1200 (Ultra/Estable + oro WR x2) 1c,1c Ultra escalones 750/1500,3100.0,Monte Carlo,1734.5116500537315,1.7000000000000002,3.277,2.188,1.394,23.911,26.773949999999996,67.72777777777779,2624.30835870455
REAL,Estable C1200 (Ultra/Estable + oro WR x2) 1c,1c Ultra escalones 750/1500,4100.0,historia,2117.4734171423497,0.0,1.7407407407407407,1.4222222222222223,0.45925925925925926,27.644444444444446,43.343209876543206,73.18342151675485,2924.498560114983
REAL,Estable C1200 (Ultra/Estable + oro WR x2) 1c,1c Ultra escalones 750/1500,4100.0,costo +1 tick,1985.9714426224318,0.0,2.088888888888889,1.4592592592592593,0.4962962962962963,26.525925925925925,43.8320987654321,71.38741916519695,2820.246334431983
REAL,Estable C1200 (Ultra/Estable + oro WR x2) 1c,1c Ultra escalones 750/1500,4100.0,Monte Carlo,1866.5446517825485,2.3,2.535,1.722,0.819,25.624,26.78865,74.69444444444444,2543.3095003410835
REAL,Estable C1200 (Ultra/Estable + oro WR x2) 1c,1c Ultra escalones 750/1500,5100.0,historia,2121.9235379045986,0.0,1.4444444444444444,1.162962962962963,0.16296296296296298,27.59259259259259,42.24691358024691,78.63021751910641,2722.6450003556797
REAL,Estable C1200 (Ultra/Estable + oro WR x2) 1c,1c Ultra escalones 750/1500,5100.0,costo +1 tick,1973.884653032562,0.0,1.5629629629629629,1.2148148148148148,0.21481481481481482,26.31851851851852,44.58765432098766,76.74603174603175,2598.6143818670866
REAL,Estable C1200 (Ultra/Estable + oro WR x2) 1c,1c Ultra escalones 750/1500,5100.0,Monte Carlo,1878.6280306807082,2.5,2.233,1.537,0.583,25.768,26.893933333333333,77.53412698412698,2460.6495078027006
REAL,Estable C1200 (Ultra/Estable + oro WR x2) 1c,1c Ultra escalones 750/1500,6100.0,historia,2045.485538713314,0.0,1.4444444444444444,1.162962962962963,0.16296296296296298,26.214814814814815,42.24691358024691,78.63021751910641,2625.4330103561474
REAL,Estable C1200 (Ultra/Estable + oro WR x2) 1c,1c Ultra escalones 750/1500,6100.0,costo +1 tick,1888.0011646158903,0.0,1.5629629629629629,1.2148148148148148,0.21481481481481482,24.82962962962963,44.58765432098766,76.74603174603175,2486.7082852745257
REAL,Estable C1200 (Ultra/Estable + oro WR x2) 1c,1c Ultra escalones 750/1500,6100.0,Monte Carlo,1830.2008914992132,3.0,2.131,1.48,0.506,25.096,26.817,78.38690476190476,2370.397811313447
REAL,Estable C1200 (Ultra/Estable + oro WR x2) 1c,1c WR70Plus,2100.0,historia,1331.997655819375,0.0,2.8074074074074074,1.7703703703703704,0.9037037037037037,21.866666666666667,35.1783950617284,69.29159318048207,1975.3159653406494
REAL,Estable C1200 (Ultra/Estable + oro WR x2) 1c,1c WR70Plus,2100.0,costo +1 tick,1167.7783722974639,0.0,3.311111111111111,2.214814814814815,1.362962962962963,18.814814814814813,30.138271604938275,67.08994708994709,1805.18661170521
REAL,Estable C1200 (Ultra/Estable + oro WR x2) 1c,1c WR70Plus,2100.0,Monte Carlo,1068.1800205778877,1.5,3.871,2.497,1.816,17.725,27.10898333333333,61.614285714285714,1815.8542145556567
REAL,Estable C1200 (Ultra/Estable + oro WR x2) 1c,1c WR70Plus,3100.0,historia,1236.8291710022938,0.0,2.0074074074074075,1.674074074074074,0.725925925925926,20.02962962962963,36.34691358024692,72.79541446208113,1735.1268078941262
REAL,Estable C1200 (Ultra/Estable + oro WR x2) 1c,1c WR70Plus,3100.0,costo +1 tick,1161.4811679186055,0.0,2.051851851851852,1.6666666666666667,0.7185185185185186,18.607407407407408,37.54197530864197,71.47266313932981,1662.630406440097
REAL,Estable C1200 (Ultra/Estable + oro WR x2) 1c,1c WR70Plus,3100.0,Monte Carlo,1198.7905985318303,2.0,2.667,1.772,0.91,19.569,27.00886666666667,73.34722222222223,1681.9776007250862
REAL,Estable C1200 (Ultra/Estable + oro WR x2) 1c,1c WR70Plus,4100.0,historia,1253.6054156559487,0.0,1.6444444444444444,1.362962962962963,0.362962962962963,20.125925925925927,42.92962962962963,74.18283362727809,1718.8885462065764
REAL,Estable C1200 (Ultra/Estable + oro WR x2) 1c,1c WR70Plus,4100.0,costo +1 tick,1175.005499870306,0.0,1.7037037037037037,1.3703703703703705,0.37037037037037035,18.733333333333334,44.24074074074074,73.00411522633745,1640.0385370264055
REAL,Estable C1200 (Ultra/Estable + oro WR x2) 1c,1c WR70Plus,4100.0,Monte Carlo,1200.026736725819,2.7,2.208,1.5,0.561,19.515,26.866783333333334,77.68452380952381,1581.9299346405455
REAL,Estable C1200 (Ultra/Estable + oro WR x2) 1c,1c WR70Plus,5100.0,historia,1285.9381869502715,0.0,1.4074074074074074,1.125925925925926,0.1259259259259259,21.2,42.56296296296296,78.69782480893592,1657.417813470595
REAL,Estable C1200 (Ultra/Estable + oro WR x2) 1c,1c WR70Plus,5100.0,costo +1 tick,1202.5654805718527,0.0,1.4666666666666666,1.1333333333333333,0.13333333333333333,19.340740740740742,44.28888888888889,77.5191064079953,1576.0686959295626
REAL,Estable C1200 (Ultra/Estable + oro WR x2) 1c,1c WR70Plus,5100.0,Monte Carlo,1146.660081975794,3.5999999999999996,2.046,1.413,0.436,18.618,26.991366666666664,79.10555555555555,1483.3706352668228
REAL,Estable C1200 (Ultra/Estable + oro WR x2) 1c,1c WR70Plus,6100.0,historia,1210.9381869502715,0.0,1.4074074074074074,1.125925925925926,0.1259259259259259,19.94814814814815,42.56296296296296,78.69782480893592,1562.1165771504218
REAL,Estable C1200 (Ultra/Estable + oro WR x2) 1c,1c WR70Plus,6100.0,costo +1 tick,1127.565480571853,0.0,1.4666666666666666,1.1333333333333333,0.13333333333333333,18.20740740740741,44.28888888888889,77.5191064079953,1479.3183546585178
REAL,Estable C1200 (Ultra/Estable + oro WR x2) 1c,1c WR70Plus,6100.0,Monte Carlo,1076.8977779788654,5.1,2.014,1.397,0.415,17.511,27.01695,79.39444444444445,1389.5778464501839
REAL,Estable C1200 (Ultra/Estable + oro WR x2) 1c,2c Ultra,2100.0,historia,1238.2411262154283,0.0,6.348148148148148,4.207407407407407,4.022222222222222,13.214814814814815,34.515291005291,20.417401528512638,6471.421266030647
REAL,Estable C1200 (Ultra/Estable + oro WR x2) 1c,2c Ultra,2100.0,costo +1 tick,1052.191514895404,0.0,6.111111111111111,4.192592592592592,4.014814814814815,11.237037037037037,36.46844797178131,20.020576131687243,5654.908286116817
REAL,Estable C1200 (Ultra/Estable + oro WR x2) 1c,2c Ultra,2100.0,Monte Carlo,1450.7880704375268,4.2,7.722,4.843,4.598,13.465,27.685701984126986,23.36349206349206,6642.061752670983
REAL,Estable C1200 (Ultra/Estable + oro WR x2) 1c,2c Ultra,3100.0,historia,1560.1337734895867,0.0,5.237037037037037,3.585185185185185,3.325925925925926,15.333333333333334,40.22444444444444,24.653145208700767,6606.263261489894
REAL,Estable C1200 (Ultra/Estable + oro WR x2) 1c,2c Ultra,3100.0,costo +1 tick,1483.3810268131308,0.0,5.562962962962963,3.725925925925926,3.466666666666667,14.525925925925925,37.93000000000001,23.571428571428573,6601.904169121174
REAL,Estable C1200 (Ultra/Estable + oro WR x2) 1c,2c Ultra,3100.0,Monte Carlo,1874.2680264733235,4.5,6.961,4.431,4.083,17.414,27.42883452380952,31.277380952380955,6283.585933230282
REAL,Estable C1200 (Ultra/Estable + oro WR x2) 1c,2c Ultra,4100.0,historia,2105.5475588412346,0.0,4.9037037037037035,3.311111111111111,3.0444444444444443,18.355555555555554,42.08543209876543,27.79835390946502,7805.154060672391
REAL,Estable C1200 (Ultra/Estable + oro WR x2) 1c,2c Ultra,4100.0,costo +1 tick,1850.1015045443876,0.0,5.814814814814815,3.5185185185185186,3.251851851851852,16.903703703703705,34.43271604938273,26.031746031746028,7399.344871793143
REAL,Estable C1200 (Ultra/Estable + oro WR x2) 1c,2c Ultra,4100.0,Monte Carlo,2186.9359234197495,5.3,6.303,4.053,3.622,20.366,27.042651190476192,38.300000000000004,5925.32682355026
REAL,Estable C1200 (Ultra/Estable + oro WR x2) 1c,2c Ultra,5100.0,historia,2348.472539697812,0.0,5.770370370370371,3.77037037037037,3.4,20.985185185185184,35.45753086419753,34.83539094650206,6958.349405157333
REAL,Estable C1200 (Ultra/Estable + oro WR x2) 1c,2c Ultra,5100.0,costo +1 tick,2353.94185260914,0.0,5.822222222222222,3.6444444444444444,3.111111111111111,21.881481481481483,26.695185185185185,45.47325102880659,5344.055838769421
REAL,Estable C1200 (Ultra/Estable + oro WR x2) 1c,2c Ultra,5100.0,Monte Carlo,2693.595134243846,5.800000000000001,5.31,3.437,2.879,24.903,26.991947619047618,47.85674603174603,5773.6220352527735
REAL,Estable C1200 (Ultra/Estable + oro WR x2) 1c,2c Ultra,6100.0,historia,3672.9074815726576,0.0,3.051851851851852,2.0592592592592593,1.1703703703703703,32.592592592592595,38.1620987654321,62.016460905349795,5986.855461328174
REAL,Estable C1200 (Ultra/Estable + oro WR x2) 1c,2c Ultra,6100.0,costo +1 tick,3408.992343108094,0.0,3.4814814814814814,2.259259259259259,1.3703703703703705,31.2,34.9874074074074,60.20870076425632,5737.612142388192
REAL,Estable C1200 (Ultra/Estable + oro WR x2) 1c,2c Ultra,6100.0,Monte Carlo,2892.520054077005,6.5,4.755,3.105,2.455,26.706,26.901511904761904,53.171428571428564,5556.990630988456
REAL,Estable C1200 (Ultra/Estable + oro WR x2) 1c,2c Ultra escalones 750/1500,2100.0,historia,1166.342752382255,0.0,6.451851851851852,4.281481481481482,4.133333333333334,12.496296296296297,33.99572310405644,17.54850088183421,7127.414980911945
REAL,Estable C1200 (Ultra/Estable + oro WR x2) 1c,2c Ultra escalones 750/1500,2100.0,costo +1 tick,996.2342561283818,0.0,7.111111111111111,4.481481481481482,4.355555555555555,10.674074074074074,33.41313051146384,15.817166372721928,6886.639917020545
REAL,Estable C1200 (Ultra/Estable + oro WR x2) 1c,2c Ultra escalones 750/1500,2100.0,Monte Carlo,1496.502281303732,3.3000000000000003,7.507,4.771,4.491,13.942,27.558659523809524,25.580555555555552,6234.105671292686
REAL,Estable C1200 (Ultra/Estable + oro WR x2) 1c,2c Ultra escalones 750/1500,3100.0,historia,1780.8076683894499,0.0,6.481481481481482,3.859259259259259,3.6296296296296298,15.651851851851852,31.056790123456786,21.33450911228689,8744.551099284801
REAL,Estable C1200 (Ultra/Estable + oro WR x2) 1c,2c Ultra escalones 750/1500,3100.0,costo +1 tick,1378.9386489293602,0.0,6.718518518518518,4.125925925925926,3.9185185185185185,13.733333333333333,34.310282186948854,19.544385655496768,7505.1694745942
REAL,Estable C1200 (Ultra/Estable + oro WR x2) 1c,2c Ultra escalones 750/1500,3100.0,Monte Carlo,1844.7860807119607,4.3999999999999995,6.879,4.433,4.078,17.127,27.12878571428572,32.6031746031746,5934.349505104846
REAL,Estable C1200 (Ultra/Estable + oro WR x2) 1c,2c Ultra escalones 750/1500,4100.0,historia,1990.1883666222186,0.0,5.622222222222222,3.533333333333333,3.303703703703704,17.562962962962963,36.97012345679011,23.71546149323927,8702.110960893391
REAL,Estable C1200 (Ultra/Estable + oro WR x2) 1c,2c Ultra escalones 750/1500,4100.0,costo +1 tick,1802.257976870125,0.0,6.807407407407408,3.8222222222222224,3.6074074074074076,16.533333333333335,31.216543209876544,21.813639035861257,8670.36240036675
REAL,Estable C1200 (Ultra/Estable + oro WR x2) 1c,2c Ultra escalones 750/1500,4100.0,Monte Carlo,2191.417333340871,5.0,6.156,4.003,3.56,20.369,27.030486904761908,39.71785714285714,5720.243982874238
REAL,Estable C1200 (Ultra/Estable + oro WR x2) 1c,2c Ultra escalones 750/1500,5100.0,historia,2355.485821537913,0.0,5.296296296296297,3.4,2.962962962962963,21.05925925925926,37.49234567901235,40.44385655496767,5995.419917778895
REAL,Estable C1200 (Ultra/Estable + oro WR x2) 1c,2c Ultra escalones 750/1500,5100.0,costo +1 tick,1947.0240425748004,0.0,5.481481481481482,3.748148148148148,3.2074074074074073,19.785185185185185,27.933580246913575,45.41740152851264,4444.860392750936
REAL,Estable C1200 (Ultra/Estable + oro WR x2) 1c,2c Ultra escalones 750/1500,5100.0,Monte Carlo,2693.277095126545,6.1,5.157,3.383,2.814,24.826,26.70314404761905,49.22222222222222,5608.742800482823
REAL,Estable C1200 (Ultra/Estable + oro WR x2) 1c,2c Ultra escalones 750/1500,6100.0,historia,3672.2485841718135,0.0,2.9925925925925925,2.0444444444444443,1.1481481481481481,32.629629629629626,39.63604938271605,62.639623750734856,5925.006327241909
REAL,Estable C1200 (Ultra/Estable + oro WR x2) 1c,2c Ultra escalones 750/1500,6100.0,costo +1 tick,3332.512246446255,0.0,3.6444444444444444,2.4,1.511111111111111,30.244444444444444,34.24544973544973,60.02645502645503,5631.173332554801
REAL,Estable C1200 (Ultra/Estable + oro WR x2) 1c,2c Ultra escalones 750/1500,6100.0,Monte Carlo,2886.020301840917,6.6000000000000005,4.66,3.085,2.431,26.618,26.6954119047619,53.9734126984127,5460.074669802968
REAL,Estable C1200 (Ultra/Estable + oro WR x2) 1c,Ultra 1c -> 2c desde colchon 3000,2100.0,historia,1365.4493763973096,0.0,4.377777777777778,3.162962962962963,2.785185185185185,17.288888888888888,40.38530864197531,35.72604350382127,3982.319794720789
REAL,Estable C1200 (Ultra/Estable + oro WR x2) 1c,Ultra 1c -> 2c desde colchon 3000,2100.0,costo +1 tick,1263.9903179392402,0.0,4.807407407407408,3.0592592592592593,2.7037037037037037,16.903703703703705,39.245308641975306,33.962375073486186,3906.9329770030254
REAL,Estable C1200 (Ultra/Estable + oro WR x2) 1c,Ultra 1c -> 2c desde colchon 3000,2100.0,Monte Carlo,1352.0504618404964,1.7999999999999998,5.167,3.373,2.832,19.009,26.919157142857145,49.48849206349207,2868.6508438213555
REAL,Estable C1200 (Ultra/Estable + oro WR x2) 1c,Ultra 1c -> 2c desde colchon 3000,3100.0,historia,2500.3544947066134,0.0,3.688888888888889,2.8074074074074074,2.096296296296296,24.25925925925926,33.99345679012346,60.440917107583765,4216.70877881135
REAL,Estable C1200 (Ultra/Estable + oro WR x2) 1c,Ultra 1c -> 2c desde colchon 3000,3100.0,costo +1 tick,2336.5027612988747,0.0,3.77037037037037,2.8,2.111111111111111,22.54074074074074,34.522469135802474,58.544973544973544,4075.2119766725773
REAL,Estable C1200 (Ultra/Estable + oro WR x2) 1c,Ultra 1c -> 2c desde colchon 3000,3100.0,Monte Carlo,2108.1396397135773,2.9000000000000004,4.489,2.944,2.334,19.531,27.123009523809525,55.63809523809523,3894.5810667566866
REAL,Estable C1200 (Ultra/Estable + oro WR x2) 1c,Ultra 1c -> 2c desde colchon 3000,4100.0,historia,2564.6362666831783,0.0,3.5481481481481483,2.577777777777778,2.0074074074074075,21.57037037037037,39.67358024691358,47.818930041152264,5460.301745301311
REAL,Estable C1200 (Ultra/Estable + oro WR x2) 1c,Ultra 1c -> 2c desde colchon 3000,4100.0,costo +1 tick,2402.522705922421,1.4814814814814816,3.785185185185185,2.6592592592592594,2.1333333333333333,20.614814814814814,38.58888888888889,45.408583186360964,5399.9604774392
REAL,Estable C1200 (Ultra/Estable + oro WR x2) 1c,Ultra 1c -> 2c desde colchon 3000,4100.0,Monte Carlo,2367.675456601783,4.1000000000000005,4.091,2.733,2.037,21.636,26.86080714285714,59.98968253968255,4036.0263144697456
REAL,Estable C1200 (Ultra/Estable + oro WR x2) 1c,Ultra 1c -> 2c desde colchon 3000,5100.0,historia,3452.054416760575,0.0,2.5481481481481483,1.8518518518518519,0.9629629629629629,30.325925925925926,38.9858024691358,67.50146972369194,5163.432296559604
REAL,Estable C1200 (Ultra/Estable + oro WR x2) 1c,Ultra 1c -> 2c desde colchon 3000,5100.0,costo +1 tick,3216.2182565923376,1.4814814814814816,2.674074074074074,1.8888888888888888,1.0148148148148148,27.340740740740742,38.876419753086424,64.76190476190476,5020.241561786099
REAL,Estable C1200 (Ultra/Estable + oro WR x2) 1c,Ultra 1c -> 2c desde colchon 3000,5100.0,Monte Carlo,2741.1540792922137,4.3,3.699,2.467,1.726,25.087,26.935233333333333,63.473015873015875,4394.8586512306065
REAL,Estable C1200 (Ultra/Estable + oro WR x2) 1c,Ultra 1c -> 2c desde colchon 3000,6100.0,historia,3606.725701460662,0.0,2.422222222222222,1.7481481481481482,0.837037037037037,30.725925925925925,39.87901234567901,68.9182833627278,5279.319600942239
REAL,Estable C1200 (Ultra/Estable + oro WR x2) 1c,Ultra 1c -> 2c desde colchon 3000,6100.0,costo +1 tick,3293.7673077565655,1.4814814814814816,2.5555555555555554,1.7851851851851852,0.8888888888888888,28.14074074074074,40.763580246913584,66.12874779541447,5031.401022797634
REAL,Estable C1200 (Ultra/Estable + oro WR x2) 1c,Ultra 1c -> 2c desde colchon 3000,6100.0,Monte Carlo,2976.308727148073,5.1,3.273,2.203,1.387,27.358,26.797583333333336,67.37658730158729,4480.978627834044
REAL,Estable C1200 (Ultra/Estable + oro WR x2) 1c,Ultra 1c -> 2c desde colchon 4000,2100.0,historia,1365.4493763973096,0.0,4.377777777777778,3.162962962962963,2.785185185185185,17.288888888888888,40.38530864197531,35.72604350382127,3982.319794720789
REAL,Estable C1200 (Ultra/Estable + oro WR x2) 1c,Ultra 1c -> 2c desde colchon 4000,2100.0,costo +1 tick,1263.9903179392402,0.0,4.807407407407408,3.0592592592592593,2.7037037037037037,16.903703703703705,39.245308641975306,33.962375073486186,3906.9329770030254
REAL,Estable C1200 (Ultra/Estable + oro WR x2) 1c,Ultra 1c -> 2c desde colchon 4000,2100.0,Monte Carlo,1352.0504618404964,1.7999999999999998,5.167,3.373,2.832,19.009,26.919157142857145,49.48849206349207,2868.6508438213555
REAL,Estable C1200 (Ultra/Estable + oro WR x2) 1c,Ultra 1c -> 2c desde colchon 4000,3100.0,historia,2115.488080113376,0.0,2.511111111111111,1.8148148148148149,0.9259259259259259,27.31851851851852,38.48827160493827,68.58612580834803,3132.32706833485
REAL,Estable C1200 (Ultra/Estable + oro WR x2) 1c,Ultra 1c -> 2c desde colchon 4000,3100.0,costo +1 tick,1995.6385486311967,0.0,2.5703703703703704,1.8074074074074074,0.9185185185185185,26.4,38.43506172839506,66.80482069370957,3037.6064779528015
REAL,Estable C1200 (Ultra/Estable + oro WR x2) 1c,Ultra 1c -> 2c desde colchon 4000,3100.0,Monte Carlo,1693.0042692332606,2.3,3.691,2.446,1.714,23.467,26.78515,63.683730158730164,2734.2852691361804
REAL,Estable C1200 (Ultra/Estable + oro WR x2) 1c,Ultra 1c -> 2c desde colchon 4000,4100.0,historia,3044.194760281834,0.0,2.037037037037037,1.711111111111111,0.7481481481481481,27.74074074074074,40.72222222222222,70.42328042328043,4360.555169245679
REAL,Estable C1200 (Ultra/Estable + oro WR x2) 1c,Ultra 1c -> 2c desde colchon 4000,4100.0,costo +1 tick,2825.689393193869,0.0,2.4592592592592593,1.7037037037037037,0.8148148148148148,25.31851851851852,40.36666666666667,67.70135214579659,4221.281571572396
REAL,Estable C1200 (Ultra/Estable + oro WR x2) 1c,Ultra 1c -> 2c desde colchon 4000,4100.0,Monte Carlo,2485.2471710747045,3.0,3.109,2.096,1.268,22.962,26.966583333333336,68.85634920634921,3668.3955561430253
REAL,Estable C1200 (Ultra/Estable + oro WR x2) 1c,Ultra 1c -> 2c desde colchon 4000,5100.0,historia,3071.377539831327,0.0,2.5037037037037035,1.8148148148148149,0.9259259259259259,25.466666666666665,38.462345679012344,68.450911228689,4534.832735219724
REAL,Estable C1200 (Ultra/Estable + oro WR x2) 1c,Ultra 1c -> 2c desde colchon 4000,5100.0,costo +1 tick,2877.3359259132103,0.0,2.5555555555555554,1.8074074074074074,0.9185185185185185,24.274074074074075,38.47950617283951,66.66372721928278,4366.349186452992
REAL,Estable C1200 (Ultra/Estable + oro WR x2) 1c,Ultra 1c -> 2c desde colchon 4000,5100.0,Monte Carlo,2800.4262484350143,3.4000000000000004,2.931,1.985,1.132,25.365,26.961350000000003,70.63412698412698,4018.9829189407947
REAL,Estable C1200 (Ultra/Estable + oro WR x2) 1c,Ultra 1c -> 2c desde colchon 4000,6100.0,historia,3387.7532209700134,0.0,2.3777777777777778,1.711111111111111,0.8,29.155555555555555,39.37777777777778,69.84126984126983,4895.189460328277
REAL,Estable C1200 (Ultra/Estable + oro WR x2) 1c,Ultra 1c -> 2c desde colchon 4000,6100.0,costo +1 tick,3118.194868279681,0.0,2.3407407407407406,1.7037037037037037,0.7407407407407407,26.348148148148148,40.36666666666667,68.60376249265137,4589.864236637163
REAL,Estable C1200 (Ultra/Estable + oro WR x2) 1c,Ultra 1c -> 2c desde colchon 4000,6100.0,Monte Carlo,2933.0408285553817,3.5999999999999996,2.877,1.959,1.083,26.739,26.83625,71.19960317460317,4172.328841876215
REAL,"Estable C1200 1c, sin stop",1c Ultra,2100.0,historia,1335.392452640416,0.0,3.925925925925926,2.7037037037037037,2.3703703703703702,16.444444444444443,50.09876543209876,32.68371546149324,4242.959010596901
REAL,"Estable C1200 1c, sin stop",1c Ultra,2100.0,costo +1 tick,1153.0812970751306,0.7407407407407408,4.444444444444445,2.6666666666666665,2.3777777777777778,15.6,43.47222222222222,30.634920634920636,3953.754147620028
REAL,"Estable C1200 1c, sin stop",1c Ultra,2100.0,Monte Carlo,1242.8913122338574,2.4,4.852,3.102,2.589,17.594,32.1789,46.11785714285715,2832.68071523901
REAL,"Estable C1200 1c, sin stop",1c Ultra,3100.0,historia,2043.1321724298266,0.0,2.2666666666666666,1.5925925925925926,0.7185185185185186,26.57777777777778,46.35679012345679,65.36743092298649,3170.979337443237
REAL,"Estable C1200 1c, sin stop",1c Ultra,3100.0,costo +1 tick,1889.4813293000207,0.7407407407407408,2.3925925925925924,1.6296296296296295,0.7555555555555555,24.88888888888889,45.714814814814815,62.63668430335097,3066.5486800312874
REAL,"Estable C1200 1c, sin stop",1c Ultra,3100.0,Monte Carlo,1581.3301563166958,2.6,3.562,2.308,1.602,22.008,31.556866666666668,60.24880952380953,2702.0168572902535
REAL,"Estable C1200 1c, sin stop",1c Ultra,4100.0,historia,1974.5047795507644,0.0,1.9333333333333333,1.5925925925925926,0.6370370370370371,25.177777777777777,46.44197530864198,67.1604938271605,2977.6422269046307
REAL,"Estable C1200 1c, sin stop",1c Ultra,4100.0,costo +1 tick,1829.3587151077652,0.7407407407407408,2.303703703703704,1.6296296296296295,0.674074074074074,23.762962962962963,44.492592592592594,64.61787184009407,2877.685051538287
REAL,"Estable C1200 1c, sin stop",1c Ultra,4100.0,Monte Carlo,1761.4611250333567,3.8,2.657,1.777,0.904,24.242,32.122,69.36547619047619,2589.506538912283
REAL,"Estable C1200 1c, sin stop",1c Ultra,5100.0,historia,1885.520191181324,0.7407407407407408,1.8888888888888888,1.5925925925925926,0.5925925925925926,23.94074074074074,45.95308641975309,67.6984126984127,2821.680860752405
REAL,"Estable C1200 1c, sin stop",1c Ultra,5100.0,costo +1 tick,1737.5504249447952,1.4814814814814816,2.0148148148148146,1.6296296296296295,0.6296296296296297,22.48148148148148,45.35925925925926,65.14697236919459,2707.586944755761
REAL,"Estable C1200 1c, sin stop",1c Ultra,5100.0,Monte Carlo,1776.346408499672,4.5,2.324,1.595,0.655,24.416,32.07735,72.92896825396826,2477.413459181946
REAL,"Estable C1200 1c, sin stop",1c Ultra,6100.0,historia,1897.2409760218488,0.7407407407407408,1.651851851851852,1.3555555555555556,0.35555555555555557,24.42962962962963,45.64938271604939,72.30746619635508,2653.740761992898
REAL,"Estable C1200 1c, sin stop",1c Ultra,6100.0,costo +1 tick,1732.2620363120093,1.4814814814814816,1.8074074074074074,1.4222222222222223,0.4222222222222222,22.274074074074075,44.91481481481482,69.29747207524986,2533.8715790173724
REAL,"Estable C1200 1c, sin stop",1c Ultra,6100.0,Monte Carlo,1731.8653193429157,4.8,2.209,1.527,0.563,23.77,31.99638333333333,74.09444444444445,2376.3811387997657
REAL,"Estable C1200 1c, sin stop",1c Ultra escalones 750/1500,2100.0,historia,1686.8900456377016,0.0,3.325925925925926,2.5481481481481483,1.7777777777777777,22.385185185185186,39.5816049382716,61.70781893004115,2804.1896038010104
REAL,"Estable C1200 1c, sin stop",1c Ultra escalones 750/1500,2100.0,costo +1 tick,1309.7634853669153,0.0,4.45925925925926,3.4814814814814814,2.8518518518518516,18.48148148148148,35.769259259259265,52.25455614344503,2618.1553564821097
REAL,"Estable C1200 1c, sin stop",1c Ultra escalones 750/1500,2100.0,Monte Carlo,1282.3222178099652,2.1999999999999997,4.412,2.844,2.259,18.064,31.57401666666667,51.58571428571429,2597.707336288126
REAL,"Estable C1200 1c, sin stop",1c Ultra escalones 750/1500,3100.0,historia,2146.7335509149525,0.0,2.185185185185185,1.4962962962962962,0.5925925925925926,28.16296296296296,43.49444444444445,71.005291005291,3063.6069879999454
REAL,"Estable C1200 1c, sin stop",1c Ultra escalones 750/1500,3100.0,costo +1 tick,2020.6263288919429,0.0,2.251851851851852,1.4962962962962962,0.5925925925925926,27.155555555555555,43.58765432098765,69.34744268077601,2956.2561761997245
REAL,"Estable C1200 1c, sin stop",1c Ultra escalones 750/1500,3100.0,Monte Carlo,1644.4027551662168,2.0,3.179,2.076,1.313,22.732,31.835050000000003,64.55079365079365,2611.8883695741424
REAL,"Estable C1200 1c, sin stop",1c Ultra escalones 750/1500,4100.0,historia,2051.7833979993393,0.0,1.8,1.4666666666666666,0.5111111111111111,26.659259259259258,44.97222222222222,71.99882422104645,2882.454568463196
REAL,"Estable C1200 1c, sin stop",1c Ultra escalones 750/1500,4100.0,costo +1 tick,1919.7613467854633,0.0,2.1481481481481484,1.4962962962962962,0.5407407407407407,25.59259259259259,43.62469135802469,70.03233392122281,2781.381364853786
REAL,"Estable C1200 1c, sin stop",1c Ultra escalones 750/1500,4100.0,Monte Carlo,1776.2370360113143,2.9000000000000004,2.505,1.676,0.783,24.435,31.738466666666667,71.67896825396825,2523.767891861592
REAL,"Estable C1200 1c, sin stop",1c Ultra escalones 750/1500,5100.0,historia,2053.7899567065415,0.0,1.511111111111111,1.2222222222222223,0.2222222222222222,26.659259259259258,44.07962962962963,77.28982951205174,2682.8372376647353
REAL,"Estable C1200 1c, sin stop",1c Ultra escalones 750/1500,5100.0,costo +1 tick,1907.970900976864,0.0,1.6296296296296295,1.2592592592592593,0.25925925925925924,25.31111111111111,44.40246913580247,75.35567313345092,2560.2477005473907
REAL,"Estable C1200 1c, sin stop",1c Ultra escalones 750/1500,5100.0,Monte Carlo,1787.663576915741,3.2,2.22,1.516,0.568,24.541,31.944066666666664,74.53492063492064,2437.392515401147
REAL,"Estable C1200 1c, sin stop",1c Ultra escalones 750/1500,6100.0,historia,1977.512802985686,0.0,1.511111111111111,1.2222222222222223,0.2222222222222222,25.303703703703704,44.07962962962963,77.28982951205174,2584.1474692923493
REAL,"Estable C1200 1c, sin stop",1c Ultra escalones 750/1500,6100.0,costo +1 tick,1823.8415086390644,0.0,1.6296296296296295,1.2592592592592593,0.25925925925925924,23.822222222222223,44.40246913580247,75.35567313345092,2448.604623338312
REAL,"Estable C1200 1c, sin stop",1c Ultra escalones 750/1500,6100.0,Monte Carlo,1743.5507865782859,4.0,2.121,1.46,0.488,23.933,31.887900000000002,75.38253968253969,2349.74908518313
REAL,"Estable C1200 1c, sin stop",1c WR70Plus,2100.0,historia,1321.8062679251627,0.0,2.7037037037037037,1.674074074074074,0.837037037037037,21.814814814814813,37.65432098765432,68.19811875367431,1990.0544905311851
REAL,"Estable C1200 1c, sin stop",1c WR70Plus,2100.0,costo +1 tick,1114.0600566715373,0.0,3.214814814814815,2.1037037037037036,1.288888888888889,18.807407407407407,31.643209876543214,65.87595532039977,1754.9962575505642
REAL,"Estable C1200 1c, sin stop",1c WR70Plus,2100.0,Monte Carlo,998.9321267194151,2.0,3.756,2.378,1.722,16.621,32.05773333333334,58.25277777777777,1799.1813724619212
REAL,"Estable C1200 1c, sin stop",1c WR70Plus,3100.0,historia,1227.7520830948854,0.0,2.0148148148148146,1.6592592592592592,0.7185185185185186,19.977777777777778,37.787654320987656,71.94885361552028,1743.0612357269272
REAL,"Estable C1200 1c, sin stop",1c WR70Plus,3100.0,costo +1 tick,1147.5076091610651,0.0,2.1037037037037036,1.651851851851852,0.7111111111111111,18.333333333333332,37.812345679012346,70.76131687242798,1660.555679128461
REAL,"Estable C1200 1c, sin stop",1c WR70Plus,3100.0,Monte Carlo,1129.5707887180288,2.7,2.66,1.742,0.892,18.502,32.0749,69.95198412698413,1664.530992103105
REAL,"Estable C1200 1c, sin stop",1c WR70Plus,4100.0,historia,1230.9417097758956,0.0,1.6814814814814816,1.385185185185185,0.3851851851851852,19.88888888888889,42.574074074074076,73.4567901234568,1705.684512468026
REAL,"Estable C1200 1c, sin stop",1c WR70Plus,4100.0,costo +1 tick,1150.9566552950716,0.0,1.7777777777777777,1.385185185185185,0.3851851851851852,18.31111111111111,42.803703703703704,72.2310405643739,1625.6389294403753
REAL,"Estable C1200 1c, sin stop",1c WR70Plus,4100.0,Monte Carlo,1132.5211629547914,3.9,2.228,1.497,0.57,18.465,32.10991666666666,74.28452380952382,1563.812716360879
REAL,"Estable C1200 1c, sin stop",1c WR70Plus,5100.0,historia,1252.1148264560877,0.0,1.4444444444444444,1.1481481481481481,0.14814814814814814,20.622222222222224,42.62592592592593,77.78365667254556,1634.036028872954
REAL,"Estable C1200 1c, sin stop",1c WR70Plus,5100.0,costo +1 tick,1170.6285336312835,0.0,1.5407407407407407,1.1481481481481481,0.14814814814814814,18.977777777777778,43.10740740740741,76.65196942974721,1553.497668985553
REAL,"Estable C1200 1c, sin stop",1c WR70Plus,5100.0,Monte Carlo,1078.426291522789,5.4,2.085,1.432,0.464,17.545,32.18331666666666,75.56349206349206,1463.2794373686734
REAL,"Estable C1200 1c, sin stop",1c WR70Plus,6100.0,historia,1177.1148264560877,0.0,1.4444444444444444,1.1481481481481481,0.14814814814814814,19.466666666666665,42.62592592592593,77.78365667254556,1537.614745523245
REAL,"Estable C1200 1c, sin stop",1c WR70Plus,6100.0,costo +1 tick,1095.6285336312835,0.0,1.5407407407407407,1.1481481481481481,0.14814814814814814,17.748148148148147,43.10740740740741,76.65196942974721,1455.6528248700488
REAL,"Estable C1200 1c, sin stop",1c WR70Plus,6100.0,Monte Carlo,1009.6315018924793,6.4,2.057,1.419,0.446,16.45,32.180733333333336,75.81984126984126,1367.114334716301
REAL,"Estable C1200 1c, sin stop",2c Ultra,2100.0,historia,871.1382540841751,6.666666666666667,6.074074074074074,4.0,3.859259259259259,10.666666666666666,38.502098765432095,18.083480305702526,5256.772334841294
REAL,"Estable C1200 1c, sin stop",2c Ultra,2100.0,costo +1 tick,752.6287070104812,5.185185185185185,6.0,3.748148148148148,3.637037037037037,9.866666666666667,42.20908289241623,15.04703115814227,5523.539482808473
REAL,"Estable C1200 1c, sin stop",2c Ultra,2100.0,Monte Carlo,1287.229522074028,5.0,7.055,4.344,4.122,12.193,32.72448571428571,21.25436507936508,6490.584092206176
REAL,"Estable C1200 1c, sin stop",2c Ultra,3100.0,historia,1266.2337600587916,8.88888888888889,5.2444444444444445,3.6,3.3777777777777778,14.177777777777777,42.62123456790123,22.322163433274543,5979.9247454832885
REAL,"Estable C1200 1c, sin stop",2c Ultra,3100.0,costo +1 tick,1176.6772205390464,6.666666666666667,5.57037037037037,3.6222222222222222,3.4,13.14074074074074,38.801111111111105,21.246325690770135,5881.281549908461
REAL,"Estable C1200 1c, sin stop",2c Ultra,3100.0,Monte Carlo,1678.626464662886,7.000000000000001,6.39,3.99,3.68,15.857,32.64339523809524,28.711904761904762,6137.624721439689
REAL,"Estable C1200 1c, sin stop",2c Ultra,4100.0,historia,2152.366787675928,9.62962962962963,4.777777777777778,3.2666666666666666,3.022222222222222,18.918518518518518,45.5879012345679,26.907701352145796,8231.383342444296
REAL,"Estable C1200 1c, sin stop",2c Ultra,4100.0,costo +1 tick,1836.4671597330073,6.666666666666667,5.5851851851851855,3.3185185185185184,3.0444444444444443,17.325925925925926,36.84444444444444,25.487948265726043,7491.932968990533
REAL,"Estable C1200 1c, sin stop",2c Ultra,4100.0,Monte Carlo,1977.0154717255273,7.5,5.809,3.668,3.271,18.603,32.32681071428571,35.4031746031746,5798.961754335914
REAL,"Estable C1200 1c, sin stop",2c Ultra,5100.0,historia,2318.2130138781035,9.62962962962963,5.214814814814815,3.4074074074074074,3.0592592592592593,21.037037037037038,40.958395061728396,33.3803644914756,7149.233421286815
REAL,"Estable C1200 1c, sin stop",2c Ultra,5100.0,costo +1 tick,2176.0951816674224,6.666666666666667,5.725925925925926,3.5703703703703704,3.037037037037037,20.903703703703705,30.1562962962963,41.96061140505585,5364.577168499173
REAL,"Estable C1200 1c, sin stop",2c Ultra,5100.0,Monte Carlo,2465.3027066708446,8.200000000000001,4.983,3.155,2.636,22.973,32.230557142857144,44.21904761904762,5722.640113082892
REAL,"Estable C1200 1c, sin stop",2c Ultra,6100.0,historia,3427.7519594915416,9.62962962962963,3.0148148148148146,2.088888888888889,1.2962962962962963,29.8,45.03271604938272,54.93827160493827,6311.075476827301
REAL,"Estable C1200 1c, sin stop",2c Ultra,6100.0,costo +1 tick,3178.8070888808925,6.666666666666667,3.488888888888889,2.237037037037037,1.4074074074074074,28.45925925925926,39.21913580246913,54.70017636684303,5894.776944689556
REAL,"Estable C1200 1c, sin stop",2c Ultra,6100.0,Monte Carlo,2678.9883606558165,8.799999999999999,4.49,2.871,2.269,24.897,31.79189761904762,49.76031746031746,5501.838949290773
REAL,"Estable C1200 1c, sin stop",2c Ultra escalones 750/1500,2100.0,historia,788.7156404817842,6.666666666666667,6.162962962962963,4.074074074074074,3.948148148148148,10.037037037037036,37.28414462081129,16.29041740152851,5336.559020063208
REAL,"Estable C1200 1c, sin stop",2c Ultra escalones 750/1500,2100.0,costo +1 tick,681.8805766614279,9.62962962962963,6.466666666666667,3.8962962962962964,3.7925925925925927,9.125925925925927,38.83821869488536,13.962375073486184,5489.654361688795
REAL,"Estable C1200 1c, sin stop",2c Ultra escalones 750/1500,2100.0,Monte Carlo,1337.9581851592063,4.3,6.873,4.271,4.028,12.736,32.549683730158726,23.503571428571426,6075.161553632849
REAL,"Estable C1200 1c, sin stop",2c Ultra escalones 750/1500,3100.0,historia,1656.2556787333078,9.62962962962963,6.140740740740741,3.6666666666666665,3.4518518518518517,15.933333333333334,34.079876543209885,21.21987066431511,8183.824794363088
REAL,"Estable C1200 1c, sin stop",2c Ultra escalones 750/1500,3100.0,costo +1 tick,1060.831931305638,8.88888888888889,6.311111111111111,3.8074074074074074,3.6296296296296298,12.214814814814815,36.59530864197531,17.998236331569665,6352.857472320399
REAL,"Estable C1200 1c, sin stop",2c Ultra escalones 750/1500,3100.0,Monte Carlo,1648.7550022993403,6.4,6.314,4.003,3.681,15.555,32.432429761904764,29.977777777777778,5775.488703000024
REAL,"Estable C1200 1c, sin stop",2c Ultra escalones 750/1500,4100.0,historia,1954.4394651066816,9.62962962962963,5.4222222222222225,3.437037037037037,3.2074074074074073,17.214814814814815,39.89259259259259,23.800705467372133,8509.748623308547
REAL,"Estable C1200 1c, sin stop",2c Ultra escalones 750/1500,4100.0,costo +1 tick,1715.0990941692874,8.148148148148149,6.45925925925926,3.5481481481481483,3.3333333333333335,16.533333333333335,34.53543209876543,21.69312169312169,8295.752734910455
REAL,"Estable C1200 1c, sin stop",2c Ultra escalones 750/1500,4100.0,Monte Carlo,1995.1993802431107,6.9,5.694,3.623,3.22,18.747,32.247083333333336,36.91190476190476,5607.122942024811
REAL,"Estable C1200 1c, sin stop",2c Ultra escalones 750/1500,5100.0,historia,2093.5915675881465,9.62962962962963,5.385185185185185,3.422222222222222,3.0074074074074075,19.488888888888887,37.013209876543215,37.1575543797766,5823.977860086128
REAL,"Estable C1200 1c, sin stop",2c Ultra escalones 750/1500,5100.0,costo +1 tick,1257.039944811221,11.11111111111111,6.4222222222222225,4.007407407407407,3.7925925925925927,13.851851851851851,30.910493827160497,27.32216343327454,4908.337592520467
REAL,"Estable C1200 1c, sin stop",2c Ultra escalones 750/1500,5100.0,Monte Carlo,2483.672352097881,7.7,4.839,3.092,2.562,23.082,31.851140476190476,45.84325396825397,5555.850385013338
REAL,"Estable C1200 1c, sin stop",2c Ultra escalones 750/1500,6100.0,historia,3259.5151363707178,9.62962962962963,3.303703703703704,2.2222222222222223,1.4148148148148147,28.548148148148147,41.262345679012356,54.547325102880656,6054.81311307495
REAL,"Estable C1200 1c, sin stop",2c Ultra escalones 750/1500,6100.0,costo +1 tick,2961.099151213611,10.37037037037037,3.911111111111111,2.437037037037037,1.651851851851852,26.214814814814815,37.427407407407415,51.71663727219283,5824.565711281519
REAL,"Estable C1200 1c, sin stop",2c Ultra escalones 750/1500,6100.0,Monte Carlo,2687.136787701233,8.6,4.394,2.837,2.225,24.925,31.82172142857143,50.71785714285714,5411.5554342864025
REAL,"Estable C1200 1c, sin stop",Ultra 1c -> 2c desde colchon 3000,2100.0,historia,1335.392452640416,0.0,3.925925925925926,2.7037037037037037,2.3703703703703702,16.444444444444443,50.09876543209876,32.68371546149324,4242.959010596901
REAL,"Estable C1200 1c, sin stop",Ultra 1c -> 2c desde colchon 3000,2100.0,costo +1 tick,1153.0812970751306,0.7407407407407408,4.444444444444445,2.6666666666666665,2.3777777777777778,15.6,43.47222222222222,30.634920634920636,3953.754147620028
REAL,"Estable C1200 1c, sin stop",Ultra 1c -> 2c desde colchon 3000,2100.0,Monte Carlo,1242.8913122338574,2.4,4.852,3.102,2.589,17.594,32.1789,46.11785714285715,2832.68071523901
REAL,"Estable C1200 1c, sin stop",Ultra 1c -> 2c desde colchon 3000,3100.0,historia,2374.397776858835,0.0,3.3851851851851853,2.4814814814814814,1.8296296296296297,23.844444444444445,40.88049382716049,56.228689006466794,4301.518185411552
REAL,"Estable C1200 1c, sin stop",Ultra 1c -> 2c desde colchon 3000,3100.0,costo +1 tick,2180.6137185366356,1.4814814814814816,3.4296296296296296,2.437037037037037,1.7851851851851852,21.562962962962963,40.517901234567894,54.1005291005291,4113.609872568126
REAL,"Estable C1200 1c, sin stop",Ultra 1c -> 2c desde colchon 3000,3100.0,Monte Carlo,1957.991332572331,3.9,4.244,2.724,2.147,18.25,32.19061666666667,52.415476190476184,3841.455130393055
REAL,"Estable C1200 1c, sin stop",Ultra 1c -> 2c desde colchon 3000,4100.0,historia,2509.00787196595,0.0,3.3407407407407406,2.259259259259259,1.7851851851851852,20.733333333333334,44.233580246913576,45.56731334509112,5602.076816170921
REAL,"Estable C1200 1c, sin stop",Ultra 1c -> 2c desde colchon 3000,4100.0,costo +1 tick,2306.872579139309,2.2222222222222223,3.4814814814814814,2.251851851851852,1.8148148148148149,19.57777777777778,42.36975308641975,42.06643151087596,5592.159537580832
REAL,"Estable C1200 1c, sin stop",Ultra 1c -> 2c desde colchon 3000,4100.0,Monte Carlo,2219.8442642367663,5.2,3.888,2.53,1.869,20.327,31.787466666666667,56.80952380952381,3997.0626612717597
REAL,"Estable C1200 1c, sin stop",Ultra 1c -> 2c desde colchon 3000,5100.0,historia,3339.658406609429,0.0,2.3333333333333335,1.6592592592592592,0.7851851851851852,29.20740740740741,46.43234567901235,64.38565549676662,5234.374269213513
REAL,"Estable C1200 1c, sin stop",Ultra 1c -> 2c desde colchon 3000,5100.0,costo +1 tick,3072.399436098852,2.2222222222222223,2.474074074074074,1.6814814814814816,0.8148148148148148,25.896296296296295,45.56666666666667,61.058201058201064,5084.932929717069
REAL,"Estable C1200 1c, sin stop",Ultra 1c -> 2c desde colchon 3000,5100.0,Monte Carlo,2560.1363861674704,5.7,3.565,2.328,1.617,23.477,32.02086666666667,59.929761904761904,4349.722719812232
REAL,"Estable C1200 1c, sin stop",Ultra 1c -> 2c desde colchon 3000,6100.0,historia,3466.539473060326,0.0,2.3555555555555556,1.6592592592592592,0.7555555555555555,29.57037037037037,45.13604938271605,65.77013521457965,5317.547212224014
REAL,"Estable C1200 1c, sin stop",Ultra 1c -> 2c desde colchon 3000,6100.0,costo +1 tick,3146.616136842775,2.2222222222222223,2.4962962962962965,1.6814814814814816,0.7851851851851852,26.79259259259259,44.34444444444444,62.50146972369195,5086.7220042040735
REAL,"Estable C1200 1c, sin stop",Ultra 1c -> 2c desde colchon 3000,6100.0,Monte Carlo,2785.479896212026,6.6000000000000005,3.194,2.115,1.327,25.648,31.747766666666667,63.80515873015872,4431.096355132692
REAL,"Estable C1200 1c, sin stop",Ultra 1c -> 2c desde colchon 4000,2100.0,historia,1335.392452640416,0.0,3.925925925925926,2.7037037037037037,2.3703703703703702,16.444444444444443,50.09876543209876,32.68371546149324,4242.959010596901
REAL,"Estable C1200 1c, sin stop",Ultra 1c -> 2c desde colchon 4000,2100.0,costo +1 tick,1153.0812970751306,0.7407407407407408,4.444444444444445,2.6666666666666665,2.3777777777777778,15.6,43.47222222222222,30.634920634920636,3953.754147620028
REAL,"Estable C1200 1c, sin stop",Ultra 1c -> 2c desde colchon 4000,2100.0,Monte Carlo,1242.8913122338574,2.4,4.852,3.102,2.589,17.594,32.1789,46.11785714285715,2832.68071523901
REAL,"Estable C1200 1c, sin stop",Ultra 1c -> 2c desde colchon 4000,3100.0,historia,2043.1321724298266,0.0,2.2666666666666666,1.5925925925925926,0.7185185185185186,26.57777777777778,46.35679012345679,65.36743092298649,3170.979337443237
REAL,"Estable C1200 1c, sin stop",Ultra 1c -> 2c desde colchon 4000,3100.0,costo +1 tick,1889.4813293000207,0.7407407407407408,2.3925925925925924,1.6296296296296295,0.7555555555555555,24.88888888888889,45.714814814814815,62.63668430335097,3066.5486800312874
REAL,"Estable C1200 1c, sin stop",Ultra 1c -> 2c desde colchon 4000,3100.0,Monte Carlo,1581.3301563166958,2.6,3.562,2.308,1.602,22.008,31.556866666666668,60.24880952380953,2702.0168572902535
REAL,"Estable C1200 1c, sin stop",Ultra 1c -> 2c desde colchon 4000,4100.0,historia,2907.916165164311,0.0,1.9333333333333333,1.5925925925925926,0.6370370370370371,26.51851851851852,46.44197530864198,67.1604938271605,4367.464326807154
REAL,"Estable C1200 1c, sin stop",Ultra 1c -> 2c desde colchon 4000,4100.0,costo +1 tick,2671.657936264321,0.7407407407407408,2.3777777777777778,1.6296296296296295,0.7481481481481481,23.711111111111112,44.5,63.609641387419174,4248.989833258421
REAL,"Estable C1200 1c, sin stop",Ultra 1c -> 2c desde colchon 4000,4100.0,Monte Carlo,2339.1998613012533,4.2,3.04,2.008,1.206,21.63,32.00926666666667,65.4936507936508,3632.3722464792163
REAL,"Estable C1200 1c, sin stop",Ultra 1c -> 2c desde colchon 4000,5100.0,historia,2930.3472670489177,0.7407407407407408,2.251851851851852,1.5925925925925926,0.7185185185185186,24.348148148148148,46.31975308641976,65.23809523809524,4536.933496665954
REAL,"Estable C1200 1c, sin stop",Ultra 1c -> 2c desde colchon 4000,5100.0,costo +1 tick,2704.5608444305703,1.4814814814814816,2.3777777777777778,1.6296296296296295,0.7555555555555555,22.62962962962963,45.72222222222222,62.50734861845972,4376.55757947463
REAL,"Estable C1200 1c, sin stop",Ultra 1c -> 2c desde colchon 4000,5100.0,Monte Carlo,2639.6936824089985,4.6,2.881,1.912,1.079,23.936,32.03525,67.21825396825396,3983.124534902105
REAL,"Estable C1200 1c, sin stop",Ultra 1c -> 2c desde colchon 4000,6100.0,historia,3213.4717890009456,0.7407407407407408,2.274074074074074,1.5925925925925926,0.6888888888888889,27.59259259259259,45.09753086419753,66.57848324514991,4871.279879108704
REAL,"Estable C1200 1c, sin stop",Ultra 1c -> 2c desde colchon 4000,6100.0,costo +1 tick,2929.1856565597905,1.4814814814814816,2.303703703703704,1.6296296296296295,0.674074074074074,24.57037037037037,44.53703703703704,64.4973544973545,4588.290175743508
REAL,"Estable C1200 1c, sin stop",Ultra 1c -> 2c desde colchon 4000,6100.0,Monte Carlo,2751.8328681884504,4.8,2.821,1.897,1.042,25.149,31.9471,67.7202380952381,4118.031817312646
REAL,Ultra fijo 1c + oro Robust,1c Ultra,2100.0,historia,1468.939975337511,0.0,5.770370370370371,3.814814814814815,3.3407407407407406,19.59259259259259,26.201604938271604,43.753674309229865,3529.842187502998
REAL,Ultra fijo 1c + oro Robust,1c Ultra,2100.0,costo +1 tick,1364.1306056347605,0.0,5.777777777777778,3.7925925925925927,3.325925925925926,18.25925925925926,26.77543209876543,42.90417401528513,3355.6716363177957
REAL,Ultra fijo 1c + oro Robust,1c Ultra,2100.0,Monte Carlo,1464.9688914628011,1.6,5.995,3.529,2.964,20.595,23.55325476190476,53.00714285714286,2911.68961691765
REAL,Ultra fijo 1c + oro Robust,1c Ultra,3100.0,historia,2219.9134540619084,0.0,2.785185185185185,1.7333333333333334,0.8518518518518519,28.807407407407407,30.690123456790126,72.08112874779542,3130.2963749770047
REAL,Ultra fijo 1c + oro Robust,1c Ultra,3100.0,costo +1 tick,2074.237853863799,0.0,2.8518518518518516,1.7703703703703704,0.8888888888888888,27.511111111111113,31.344444444444445,70.9318048206937,2976.8727689878765
REAL,Ultra fijo 1c + oro Robust,1c Ultra,3100.0,Monte Carlo,1802.1774383939744,1.7000000000000002,4.152,2.512,1.742,24.956,23.302488095238097,67.28015873015872,2759.356507822547
REAL,Ultra fijo 1c + oro Robust,1c Ultra,4100.0,historia,2131.078284483074,0.0,2.274074074074074,1.6296296296296295,0.674074074074074,27.54074074074074,32.181481481481484,73.32451499118166,2946.9417613996466
REAL,Ultra fijo 1c + oro Robust,1c Ultra,4100.0,costo +1 tick,2018.6026603027628,0.0,2.577777777777778,1.6666666666666667,0.7111111111111111,26.77777777777778,31.282716049382717,72.87477954144622,2816.2398557397537
REAL,Ultra fijo 1c + oro Robust,1c Ultra,4100.0,Monte Carlo,1968.2806287035128,1.7000000000000002,2.978,1.833,0.927,27.058,23.35580476190476,76.07698412698413,2638.43633972107
REAL,Ultra fijo 1c + oro Robust,1c Ultra,5100.0,historia,2063.0156527481554,0.0,2.22962962962963,1.6296296296296295,0.6296296296296297,26.42222222222222,31.21851851851852,74.23868312757202,2818.1893216064395
REAL,Ultra fijo 1c + oro Robust,1c Ultra,5100.0,costo +1 tick,1920.4728828477275,0.0,2.2962962962962963,1.6666666666666667,0.6666666666666666,24.85925925925926,31.627160493827162,73.40975896531452,2657.025605609021
REAL,Ultra fijo 1c + oro Robust,1c Ultra,5100.0,Monte Carlo,1970.174124578969,1.7999999999999998,2.605,1.609,0.657,27.062,23.078688095238096,79.09563492063492,2533.965635301349
REAL,Ultra fijo 1c + oro Robust,1c Ultra,6100.0,historia,2083.6241995546557,0.0,2.0,1.4,0.4,26.881481481481483,28.296296296296298,78.88594944150499,2674.482440990028
REAL,Ultra fijo 1c + oro Robust,1c Ultra,6100.0,costo +1 tick,1926.6964696452062,0.0,2.0814814814814815,1.451851851851852,0.45185185185185184,25.037037037037038,29.190123456790126,77.75720164609054,2512.859444952554
REAL,Ultra fijo 1c + oro Robust,1c Ultra,6100.0,Monte Carlo,1924.4227778869133,1.9,2.446,1.519,0.547,26.391,23.006721428571428,80.30793650793652,2436.1535064805216
REAL,Ultra fijo 1c + oro Robust,1c Ultra escalones 750/1500,2100.0,historia,1592.047542861067,0.0,4.318518518518519,3.088888888888889,2.4444444444444446,20.94074074074074,28.697037037037035,58.43327454438566,2821.248976715806
REAL,Ultra fijo 1c + oro Robust,1c Ultra escalones 750/1500,2100.0,costo +1 tick,1327.6714283715648,0.0,5.451851851851852,3.688888888888889,3.1481481481481484,17.77777777777778,26.74716049382716,49.456202233980015,2828.765170472549
REAL,Ultra fijo 1c + oro Robust,1c Ultra escalones 750/1500,2100.0,Monte Carlo,1464.8603992452288,1.4000000000000001,5.354,3.209,2.578,20.536,23.348657142857142,58.06666666666667,2643.355739228293
REAL,Ultra fijo 1c + oro Robust,1c Ultra escalones 750/1500,3100.0,historia,2237.17632287308,0.0,2.6444444444444444,1.6296296296296295,0.725925925925926,29.17037037037037,30.991358024691362,73.43327454438565,3093.658134022183
REAL,Ultra fijo 1c + oro Robust,1c Ultra escalones 750/1500,3100.0,costo +1 tick,2095.426774319278,0.0,2.7333333333333334,1.6666666666666667,0.762962962962963,28.05925925925926,31.485185185185184,72.30746619635508,2947.3967178479547
REAL,Ultra fijo 1c + oro Robust,1c Ultra escalones 750/1500,3100.0,Monte Carlo,1821.4507939822295,1.5,3.703,2.25,1.442,25.116,23.367150000000002,70.54761904761905,2650.547817997085
REAL,Ultra fijo 1c + oro Robust,1c Ultra escalones 750/1500,4100.0,historia,2109.9540918419684,0.0,2.237037037037037,1.614814814814815,0.6592592592592592,27.511111111111113,32.35679012345679,73.9241622574956,2893.806203207434
REAL,Ultra fijo 1c + oro Robust,1c Ultra escalones 750/1500,4100.0,costo +1 tick,1996.3196537436672,0.0,2.585185185185185,1.6666666666666667,0.7111111111111111,26.725925925925925,31.485185185185184,72.9805996472663,2781.756388769114
REAL,Ultra fijo 1c + oro Robust,1c Ultra escalones 750/1500,4100.0,Monte Carlo,1947.0868755943993,1.5,2.83,1.756,0.842,26.733,23.279783333333334,77.33333333333333,2565.662985682413
REAL,Ultra fijo 1c + oro Robust,1c Ultra escalones 750/1500,5100.0,historia,2142.417468224985,0.0,1.9555555555555555,1.3777777777777778,0.37777777777777777,27.651851851851852,28.390123456790125,79.62375073486184,2722.8090028431034
REAL,Ultra fijo 1c + oro Robust,1c Ultra escalones 750/1500,5100.0,costo +1 tick,1981.9062905121737,0.0,2.088888888888889,1.451851851851852,0.45185185185185184,26.392592592592592,29.214814814814815,78.09817754262198,2572.705258128802
REAL,Ultra fijo 1c + oro Robust,1c Ultra escalones 750/1500,5100.0,Monte Carlo,1956.6227744351806,1.7000000000000002,2.487,1.557,0.599,26.827,23.063166666666664,80.08492063492062,2483.814691536095
REAL,Ultra fijo 1c + oro Robust,1c Ultra escalones 750/1500,6100.0,historia,2066.228338757974,0.0,1.9555555555555555,1.3777777777777778,0.37777777777777777,26.437037037037037,28.390123456790125,79.62375073486184,2627.1225666179225
REAL,Ultra fijo 1c + oro Robust,1c Ultra escalones 750/1500,6100.0,costo +1 tick,1897.4465878264994,0.0,2.088888888888889,1.451851851851852,0.45185185185185184,24.82962962962963,29.214814814814815,78.09817754262198,2464.55970935517
REAL,Ultra fijo 1c + oro Robust,1c Ultra escalones 750/1500,6100.0,Monte Carlo,1906.3108798273563,2.1,2.37,1.493,0.514,26.126,22.9228,80.95277777777778,2393.146267501109
REAL,Ultra fijo 1c + oro Robust,1c WR70Plus,2100.0,historia,1333.443707573679,0.0,2.933333333333333,1.8962962962962964,1.0592592592592593,21.251851851851853,29.525925925925925,70.94944150499705,1933.5197800744318
REAL,Ultra fijo 1c + oro Robust,1c WR70Plus,2100.0,costo +1 tick,1191.223532624598,0.0,3.422222222222222,2.3555555555555556,1.5333333333333334,19.155555555555555,24.250617283950618,68.97119341563786,1792.0490359652586
REAL,Ultra fijo 1c + oro Robust,1c WR70Plus,2100.0,Monte Carlo,1137.798709710272,1.0999999999999999,4.4,2.608,1.893,18.916,23.58158333333333,65.39126984126983,1828.0198247848034
REAL,Ultra fijo 1c + oro Robust,1c WR70Plus,3100.0,historia,1225.2289313369918,0.0,2.5037037037037035,1.8666666666666667,0.9259259259259259,19.74074074074074,28.556790123456793,74.70017636684304,1684.0465212326155
REAL,Ultra fijo 1c + oro Robust,1c WR70Plus,3100.0,costo +1 tick,1174.5605227097756,0.0,2.5555555555555554,1.8888888888888888,0.9481481481481482,18.703703703703702,29.31111111111111,73.70664315108759,1638.923787939644
REAL,Ultra fijo 1c + oro Robust,1c WR70Plus,3100.0,Monte Carlo,1252.6879381554284,1.7999999999999998,2.983,1.818,0.934,20.483,23.404166666666665,76.28968253968254,1693.1719709501585
REAL,Ultra fijo 1c + oro Robust,1c WR70Plus,4100.0,historia,1242.65540602113,0.0,2.140740740740741,1.5629629629629629,0.562962962962963,19.962962962962962,30.485185185185184,76.05820105820105,1670.646180206332
REAL,Ultra fijo 1c + oro Robust,1c WR70Plus,4100.0,costo +1 tick,1194.20990368222,0.0,2.1925925925925926,1.5851851851851853,0.5851851851851851,18.955555555555556,30.81111111111111,75.2527924750147,1625.0510887570456
REAL,Ultra fijo 1c + oro Robust,1c WR70Plus,4100.0,Monte Carlo,1251.3449651745875,2.3,2.459,1.516,0.573,20.371,23.138916666666663,80.41190476190476,1596.1776874228729
REAL,Ultra fijo 1c + oro Robust,1c WR70Plus,5100.0,historia,1271.6530362875376,0.0,1.9111111111111112,1.3333333333333333,0.3333333333333333,21.022222222222222,27.90740740740741,80.4320987654321,1612.1135217082199
REAL,Ultra fijo 1c + oro Robust,1c WR70Plus,5100.0,costo +1 tick,1212.20946130002,0.0,1.9777777777777779,1.3703703703703705,0.37037037037037035,19.57777777777778,28.696296296296296,79.34450323339212,1560.39213401351
REAL,Ultra fijo 1c + oro Robust,1c WR70Plus,5100.0,Monte Carlo,1197.6131848059654,2.8000000000000003,2.286,1.416,0.437,19.5,23.08115,81.74484126984127,1501.6503374859988
REAL,Ultra fijo 1c + oro Robust,1c WR70Plus,6100.0,historia,1196.6530362875376,0.0,1.9111111111111112,1.3333333333333333,0.3333333333333333,19.607407407407408,27.90740740740741,80.4320987654321,1518.8671671418347
REAL,Ultra fijo 1c + oro Robust,1c WR70Plus,6100.0,costo +1 tick,1137.20946130002,0.0,1.9777777777777779,1.3703703703703705,0.37037037037037035,18.25925925925926,28.696296296296296,79.34450323339212,1465.867627660011
REAL,Ultra fijo 1c + oro Robust,1c WR70Plus,6100.0,Monte Carlo,1126.9967636324645,3.9,2.25,1.4,0.418,18.357,23.0694,81.99761904761904,1410.3266376074655
REAL,Ultra fijo 1c + oro Robust,2c Ultra,2100.0,historia,1729.4360336953623,0.0,9.222222222222221,5.296296296296297,5.0962962962962965,15.37037037037037,22.683403880070546,24.51499118165785,7546.784036728564
REAL,Ultra fijo 1c + oro Robust,2c Ultra,2100.0,costo +1 tick,1623.696268763837,0.0,10.718518518518518,5.762962962962963,5.562962962962963,14.451851851851853,21.602028218694883,22.389770723104057,7878.286210233127
REAL,Ultra fijo 1c + oro Robust,2c Ultra,2100.0,Monte Carlo,1723.0594389763037,2.6,9.502,5.376,5.095,15.981,23.790387301587298,26.740476190476187,6908.542911317314
REAL,Ultra fijo 1c + oro Robust,2c Ultra,3100.0,historia,2081.9075687554446,0.0,8.451851851851853,4.770370370370371,4.488888888888889,18.8,23.224814814814813,28.589065255731924,7668.966943148284
REAL,Ultra fijo 1c + oro Robust,2c Ultra,3100.0,costo +1 tick,1937.1834318088013,0.0,10.007407407407408,5.281481481481482,5.007407407407407,17.82962962962963,21.856984126984127,25.749559082892414,8031.646957778016
REAL,Ultra fijo 1c + oro Robust,2c Ultra,3100.0,Monte Carlo,2158.806183190723,2.7,8.291,4.801,4.42,20.075,23.79148095238095,35.36785714285714,6410.566777340899
REAL,Ultra fijo 1c + oro Robust,2c Ultra,4100.0,historia,2521.672502607887,0.0,7.874074074074074,4.2518518518518515,3.933333333333333,21.37037037037037,24.295185185185183,32.52792475014698,8069.041165617234
REAL,Ultra fijo 1c + oro Robust,2c Ultra,4100.0,costo +1 tick,2362.2461788205746,0.0,9.444444444444445,4.770370370370371,4.451851851851852,20.348148148148148,22.466067019400352,29.84420928865373,8329.290850337431
REAL,Ultra fijo 1c + oro Robust,2c Ultra,4100.0,Monte Carlo,2454.0675106948215,3.4000000000000004,7.4,4.301,3.837,22.953,23.71212261904762,42.33134920634921,6025.993088306493
REAL,Ultra fijo 1c + oro Robust,2c Ultra,5100.0,historia,3401.7236396134927,0.0,6.481481481481482,3.637037037037037,3.140740740740741,26.644444444444446,27.583703703703705,44.73544973544974,7793.6469688974985
REAL,Ultra fijo 1c + oro Robust,2c Ultra,5100.0,costo +1 tick,3380.8952680877396,0.0,6.088888888888889,3.414814814814815,2.77037037037037,27.79259259259259,24.362962962962964,53.96531452087007,6412.560107867799
REAL,Ultra fijo 1c + oro Robust,2c Ultra,5100.0,Monte Carlo,2974.9254462622607,4.1000000000000005,6.119,3.575,2.98,27.583,23.457460714285713,52.081746031746036,5865.744902382469
REAL,Ultra fijo 1c + oro Robust,2c Ultra,6100.0,historia,4129.498210525512,0.0,3.933333333333333,2.162962962962963,1.2814814814814814,35.474074074074075,28.984938271604943,65.85243974132862,6348.981659691912
REAL,Ultra fijo 1c + oro Robust,2c Ultra,6100.0,costo +1 tick,3857.5642448512413,0.0,4.481481481481482,2.4296296296296296,1.548148148148148,34.20740740740741,28.580617283950616,63.58612580834803,6158.885937954846
REAL,Ultra fijo 1c + oro Robust,2c Ultra,6100.0,Monte Carlo,3191.311929649278,4.0,5.381,3.193,2.515,29.452,23.286234523809522,57.778174603174605,5645.234327179195
REAL,Ultra fijo 1c + oro Robust,2c Ultra escalones 750/1500,2100.0,historia,1705.9194104168744,0.0,9.237037037037037,5.274074074074074,5.059259259259259,15.733333333333333,23.042345679012342,25.132275132275133,7268.624250571001
REAL,Ultra fijo 1c + oro Robust,2c Ultra escalones 750/1500,2100.0,costo +1 tick,1599.8402535947168,0.0,9.733333333333333,5.281481481481482,5.088888888888889,14.333333333333334,23.258888888888887,22.898295120517343,7542.852814800034
REAL,Ultra fijo 1c + oro Robust,2c Ultra escalones 750/1500,2100.0,Monte Carlo,1782.5073631803114,2.7,9.116,5.22,4.903,16.603,23.79380674603175,29.28849206349206,6493.2500646475055
REAL,Ultra fijo 1c + oro Robust,2c Ultra escalones 750/1500,3100.0,historia,1990.062127777853,0.0,8.540740740740741,4.82962962962963,4.525925925925926,17.748148148148147,23.25320987654321,29.329805996472665,7166.1008806376585
REAL,Ultra fijo 1c + oro Robust,2c Ultra escalones 750/1500,3100.0,costo +1 tick,1858.6112370815988,0.0,9.044444444444444,4.822222222222222,4.562962962962963,17.022222222222222,23.85530864197531,26.164021164021168,7555.9590254483755
REAL,Ultra fijo 1c + oro Robust,2c Ultra escalones 750/1500,3100.0,Monte Carlo,2138.504361149275,3.3000000000000003,8.109,4.74,4.351,19.854,23.7148123015873,36.63095238095238,6127.596923514434
REAL,Ultra fijo 1c + oro Robust,2c Ultra escalones 750/1500,4100.0,historia,2456.7339031954157,0.0,7.955555555555556,4.311111111111111,3.962962962962963,20.77777777777778,24.419506172839505,33.15990593768371,7722.636768611653
REAL,Ultra fijo 1c + oro Robust,2c Ultra escalones 750/1500,4100.0,costo +1 tick,1939.5319723903983,0.0,8.807407407407407,4.614814814814815,4.325925925925926,17.42222222222222,23.62345679012346,29.218106995884774,7032.4960463502375
REAL,Ultra fijo 1c + oro Robust,2c Ultra escalones 750/1500,4100.0,Monte Carlo,2456.296191271651,3.3000000000000003,7.215,4.237,3.758,22.882,23.60927380952381,43.635714285714286,5845.423830054528
REAL,Ultra fijo 1c + oro Robust,2c Ultra escalones 750/1500,5100.0,historia,3487.852683482935,0.0,5.214814814814815,2.9555555555555557,2.3333333333333335,27.8,27.564444444444444,53.26278659611993,6676.481031572265
REAL,Ultra fijo 1c + oro Robust,2c Ultra escalones 750/1500,5100.0,costo +1 tick,2881.6428787085447,0.0,6.348148148148148,3.6666666666666665,3.0592592592592593,25.118518518518517,24.203827160493827,51.06701940035274,5805.503927569486
REAL,Ultra fijo 1c + oro Robust,2c Ultra escalones 750/1500,5100.0,Monte Carlo,2974.127504397627,3.8,5.927,3.501,2.889,27.45,23.420595238095242,53.42420634920635,5712.153028754593
REAL,Ultra fijo 1c + oro Robust,2c Ultra escalones 750/1500,6100.0,historia,4210.648766972341,0.0,3.2074074074074073,1.8888888888888888,1.0074074074074073,36.074074074074076,30.301234567901236,67.94238683127573,6259.144763018042
REAL,Ultra fijo 1c + oro Robust,2c Ultra escalones 750/1500,6100.0,costo +1 tick,3814.489551070413,0.0,4.059259259259259,2.251851851851852,1.3703703703703705,33.42962962962963,29.79037037037037,63.90652557319224,6051.96129558969
REAL,Ultra fijo 1c + oro Robust,2c Ultra escalones 750/1500,6100.0,Monte Carlo,3181.504558269842,4.1000000000000005,5.258,3.149,2.453,29.277,23.287179761904763,58.50396825396825,5555.6859165977085
REAL,Ultra fijo 1c + oro Robust,Ultra 1c -> 2c desde colchon 3000,2100.0,historia,1468.939975337511,0.0,5.770370370370371,3.814814814814815,3.3407407407407406,19.59259259259259,26.201604938271604,43.753674309229865,3529.842187502998
REAL,Ultra fijo 1c + oro Robust,Ultra 1c -> 2c desde colchon 3000,2100.0,costo +1 tick,1364.1306056347605,0.0,5.777777777777778,3.7925925925925927,3.325925925925926,18.25925925925926,26.77543209876543,42.90417401528513,3355.6716363177957
REAL,Ultra fijo 1c + oro Robust,Ultra 1c -> 2c desde colchon 3000,2100.0,Monte Carlo,1464.9688914628011,1.6,5.995,3.529,2.964,20.595,23.55325476190476,53.00714285714286,2911.68961691765
REAL,Ultra fijo 1c + oro Robust,Ultra 1c -> 2c desde colchon 3000,3100.0,historia,2575.5162956899476,0.0,3.8296296296296295,2.5185185185185186,1.8,25.155555555555555,28.454074074074075,63.08935920047031,4161.748748048829
REAL,Ultra fijo 1c + oro Robust,Ultra 1c -> 2c desde colchon 3000,3100.0,costo +1 tick,2518.3477232484474,0.0,3.6444444444444444,2.3185185185185184,1.6,24.192592592592593,29.633950617283947,63.79776601998824,4022.13018544564
REAL,Ultra fijo 1c + oro Robust,Ultra 1c -> 2c desde colchon 3000,3100.0,Monte Carlo,2273.1022883898117,2.5,5.176,3.054,2.416,21.032,23.495547619047617,59.18888888888889,3954.8328506679754
REAL,Ultra fijo 1c + oro Robust,Ultra 1c -> 2c desde colchon 3000,4100.0,historia,2720.3311900736953,0.0,4.496296296296296,2.77037037037037,2.2,22.962962962962962,29.521728395061725,51.687242798353914,5376.8736400311145
REAL,Ultra fijo 1c + oro Robust,Ultra 1c -> 2c desde colchon 3000,4100.0,costo +1 tick,2567.9036373793056,0.0,4.518518518518518,2.77037037037037,2.2074074074074073,21.644444444444446,29.800493827160494,51.090534979423865,5141.893547186237
REAL,Ultra fijo 1c + oro Robust,Ultra 1c -> 2c desde colchon 3000,4100.0,Monte Carlo,2553.4591325289052,2.7,4.648,2.804,2.088,23.271,23.21409285714286,63.44642857142857,4120.43754822081
REAL,Ultra fijo 1c + oro Robust,Ultra 1c -> 2c desde colchon 3000,5100.0,historia,3633.849806875065,0.0,2.8296296296296295,1.7703703703703704,0.8888888888888888,31.962962962962962,31.00061728395062,71.19929453262787,5155.768492688041
REAL,Ultra fijo 1c + oro Robust,Ultra 1c -> 2c desde colchon 3000,5100.0,costo +1 tick,3405.74650634224,0.0,2.859259259259259,1.7777777777777777,0.8962962962962963,29.037037037037038,31.414814814814815,70.64373897707232,4873.970713009738
REAL,Ultra fijo 1c + oro Robust,Ultra 1c -> 2c desde colchon 3000,5100.0,Monte Carlo,2934.0641563149234,3.2,4.181,2.519,1.763,26.782,23.47130476190476,66.76904761904761,4476.274081418777
REAL,Ultra fijo 1c + oro Robust,Ultra 1c -> 2c desde colchon 3000,6100.0,historia,3787.9981652636593,0.0,2.7037037037037037,1.6666666666666667,0.762962962962963,31.94074074074074,31.114197530864192,72.46913580246914,5275.862033839121
REAL,Ultra fijo 1c + oro Robust,Ultra 1c -> 2c desde colchon 3000,6100.0,costo +1 tick,3507.4909460694103,0.0,2.740740740740741,1.674074074074074,0.7703703703703704,30.17037037037037,31.35308641975309,72.07524985302763,4916.179934146873
REAL,Ultra fijo 1c + oro Robust,Ultra 1c -> 2c desde colchon 3000,6100.0,Monte Carlo,3169.193676386519,3.5999999999999996,3.704,2.249,1.42,29.089,23.326771428571426,70.57063492063492,4559.4805072560575
REAL,Ultra fijo 1c + oro Robust,Ultra 1c -> 2c desde colchon 4000,2100.0,historia,1468.939975337511,0.0,5.770370370370371,3.814814814814815,3.3407407407407406,19.59259259259259,26.201604938271604,43.753674309229865,3529.842187502998
REAL,Ultra fijo 1c + oro Robust,Ultra 1c -> 2c desde colchon 4000,2100.0,costo +1 tick,1364.1306056347605,0.0,5.777777777777778,3.7925925925925927,3.325925925925926,18.25925925925926,26.77543209876543,42.90417401528513,3355.6716363177957
REAL,Ultra fijo 1c + oro Robust,Ultra 1c -> 2c desde colchon 4000,2100.0,Monte Carlo,1464.9688914628011,1.6,5.995,3.529,2.964,20.595,23.55325476190476,53.00714285714286,2911.68961691765
REAL,Ultra fijo 1c + oro Robust,Ultra 1c -> 2c desde colchon 4000,3100.0,historia,2219.9134540619084,0.0,2.785185185185185,1.7333333333333334,0.8518518518518519,28.807407407407407,30.690123456790126,72.08112874779542,3130.2963749770047
REAL,Ultra fijo 1c + oro Robust,Ultra 1c -> 2c desde colchon 4000,3100.0,costo +1 tick,2074.237853863799,0.0,2.8518518518518516,1.7703703703703704,0.8888888888888888,27.511111111111113,31.344444444444445,70.9318048206937,2976.8727689878765
REAL,Ultra fijo 1c + oro Robust,Ultra 1c -> 2c desde colchon 4000,3100.0,Monte Carlo,1802.1774383939744,1.7000000000000002,4.152,2.512,1.742,24.956,23.302488095238097,67.28015873015872,2759.356507822547
REAL,Ultra fijo 1c + oro Robust,Ultra 1c -> 2c desde colchon 4000,4100.0,historia,3170.5526503362776,0.0,2.274074074074074,1.6296296296296295,0.674074074074074,28.77777777777778,32.181481481481484,73.32451499118166,4364.577276586096
REAL,Ultra fijo 1c + oro Robust,Ultra 1c -> 2c desde colchon 4000,4100.0,costo +1 tick,2964.9845603396575,0.0,2.696296296296296,1.6666666666666667,0.7851851851851852,26.62962962962963,31.297530864197533,71.86067019400353,4175.10871447438
REAL,Ultra fijo 1c + oro Robust,Ultra 1c -> 2c desde colchon 4000,4100.0,Monte Carlo,2631.7421467130584,1.9,3.472,2.12,1.273,24.281,23.45410476190476,72.13690476190476,3711.231427079741
REAL,Ultra fijo 1c + oro Robust,Ultra 1c -> 2c desde colchon 4000,5100.0,historia,3249.673008576028,0.0,2.77037037037037,1.7333333333333334,0.8518518518518519,27.044444444444444,30.64567901234568,71.9753086419753,4565.341572807174
REAL,Ultra fijo 1c + oro Robust,Ultra 1c -> 2c desde colchon 4000,5100.0,costo +1 tick,3013.044902951629,0.0,2.8444444444444446,1.7703703703703704,0.8888888888888888,25.074074074074073,31.35925925925926,70.76131687242798,4310.631645346007
REAL,Ultra fijo 1c + oro Robust,Ultra 1c -> 2c desde colchon 4000,5100.0,Monte Carlo,2953.6601638827656,2.3,3.304,2.007,1.141,26.79,23.353154761904765,73.72063492063494,4065.194908375985
REAL,Ultra fijo 1c + oro Robust,Ultra 1c -> 2c desde colchon 4000,6100.0,historia,3549.9429457936476,0.0,2.6444444444444444,1.6296296296296295,0.725925925925926,30.555555555555557,30.78148148148148,73.22163433274544,4895.467202565231
REAL,Ultra fijo 1c + oro Robust,Ultra 1c -> 2c desde colchon 4000,6100.0,costo +1 tick,3282.3839646314696,0.0,2.577777777777778,1.6666666666666667,0.7111111111111111,27.16296296296296,31.297530864197533,72.76014109347442,4557.591341524769
REAL,Ultra fijo 1c + oro Robust,Ultra 1c -> 2c desde colchon 4000,6100.0,Monte Carlo,3089.301322260022,2.1999999999999997,3.234,1.986,1.099,28.154,23.232704761904763,74.32817460317459,4213.2244454800175
REAL,WR70Plus fijo 1c + oro WinRate,1c Ultra,2100.0,historia,1284.5360113949243,0.0,4.333333333333333,2.9703703703703703,2.562962962962963,17.48148148148148,41.03641975308642,38.19517930629042,3511.5176318035496
REAL,WR70Plus fijo 1c + oro WinRate,1c Ultra,2100.0,costo +1 tick,1185.5234710720442,0.0,4.770370370370371,2.977777777777778,2.637037037037037,16.444444444444443,36.20987654320987,36.57848324514991,3411.6663842712105
REAL,WR70Plus fijo 1c + oro WinRate,1c Ultra,2100.0,Monte Carlo,1268.518490888723,2.1,5.135,3.204,2.68,18.117,29.739766666666668,47.32142857142857,2822.614295211389
REAL,WR70Plus fijo 1c + oro WinRate,1c Ultra,3100.0,historia,2088.0883157393373,0.0,2.414814814814815,1.6444444444444444,0.7703703703703704,27.74074074074074,37.29135802469136,69.72369194591415,3040.117474766115
REAL,WR70Plus fijo 1c + oro WinRate,1c Ultra,3100.0,costo +1 tick,1963.3448611262995,0.0,2.488888888888889,1.6666666666666667,0.7925925925925926,26.362962962962964,37.1679012345679,68.4920634920635,2914.0716782763275
REAL,WR70Plus fijo 1c + oro WinRate,1c Ultra,3100.0,Monte Carlo,1612.4199865503886,2.6,3.685,2.357,1.631,22.547,30.109766666666665,61.55555555555556,2697.7777308580316
REAL,WR70Plus fijo 1c + oro WinRate,1c Ultra,4100.0,historia,2013.3112823003605,0.0,2.0296296296296297,1.6444444444444444,0.6888888888888889,26.22222222222222,38.787654320987656,70.82010582010582,2880.348143604295
REAL,WR70Plus fijo 1c + oro WinRate,1c Ultra,4100.0,costo +1 tick,1891.6254882879612,0.0,2.3555555555555556,1.6666666666666667,0.7111111111111111,25.251851851851853,37.04197530864197,70.24103468547914,2736.924385317896
REAL,WR70Plus fijo 1c + oro WinRate,1c Ultra,4100.0,Monte Carlo,1808.2172347555143,2.8000000000000003,2.719,1.796,0.906,24.939,30.032316666666667,71.0095238095238,2596.540181053232
REAL,WR70Plus fijo 1c + oro WinRate,1c Ultra,5100.0,historia,1921.6406729483904,0.0,1.9851851851851852,1.6444444444444444,0.6444444444444445,25.185185185185187,37.750617283950625,71.79306290417401,2712.815742454317
REAL,WR70Plus fijo 1c + oro WinRate,1c Ultra,5100.0,costo +1 tick,1796.9941301768501,0.0,2.0592592592592593,1.6666666666666667,0.6666666666666666,24.11111111111111,37.54197530864197,70.7936507936508,2576.411987569193
REAL,WR70Plus fijo 1c + oro WinRate,1c Ultra,5100.0,Monte Carlo,1815.2835397665915,3.5000000000000004,2.394,1.606,0.662,24.969,29.85373333333333,74.38531746031745,2482.4859297692788
REAL,WR70Plus fijo 1c + oro WinRate,1c Ultra,6100.0,historia,1915.1122518267455,0.0,1.7555555555555555,1.4148148148148147,0.4148148148148148,25.237037037037037,37.86543209876544,75.0734861845973,2581.578222676033
REAL,WR70Plus fijo 1c + oro WinRate,1c Ultra,6100.0,costo +1 tick,1781.0718897719441,0.0,1.837037037037037,1.4444444444444444,0.4444444444444444,24.103703703703705,38.03827160493827,73.98001175778954,2439.9921205515557
REAL,WR70Plus fijo 1c + oro WinRate,1c Ultra,6100.0,Monte Carlo,1771.2635322641136,3.9,2.262,1.527,0.561,24.347,29.953899999999997,75.60436507936508,2381.9498125189957
REAL,WR70Plus fijo 1c + oro WinRate,1c Ultra escalones 750/1500,2100.0,historia,1690.5451300160685,0.0,3.237037037037037,2.325925925925926,1.5925925925925926,23.05925925925926,36.35432098765432,63.453850676072896,2730.955404787448
REAL,WR70Plus fijo 1c + oro WinRate,1c Ultra escalones 750/1500,2100.0,costo +1 tick,1321.9094094307927,0.0,3.8814814814814813,2.814814814814815,2.214814814814815,19.05185185185185,40.3783950617284,51.83127572016461,2648.385760156273
REAL,WR70Plus fijo 1c + oro WinRate,1c Ultra escalones 750/1500,2100.0,Monte Carlo,1281.76733860571,1.5,4.64,2.936,2.337,18.248,29.841608333333333,52.250793650793646,2569.2892135658217
REAL,WR70Plus fijo 1c + oro WinRate,1c Ultra escalones 750/1500,3100.0,historia,2186.960499929204,0.0,2.1925925925925926,1.4370370370370371,0.5333333333333333,29.11111111111111,39.20740740740741,73.96531452087008,2995.5215279414824
REAL,WR70Plus fijo 1c + oro WinRate,1c Ultra escalones 750/1500,3100.0,costo +1 tick,2058.5904189364114,0.0,2.2666666666666666,1.4444444444444444,0.5407407407407407,28.05925925925926,41.20740740740741,72.798353909465,2868.534606000837
REAL,WR70Plus fijo 1c + oro WinRate,1c Ultra escalones 750/1500,3100.0,Monte Carlo,1648.246773164795,1.9,3.298,2.133,1.358,22.91,30.280916666666663,65.27936507936506,2591.0111172830348
REAL,WR70Plus fijo 1c + oro WinRate,1c Ultra escalones 750/1500,4100.0,historia,2088.7342236444397,0.0,1.8148148148148149,1.4296296296296296,0.4740740740740741,27.392592592592592,40.68888888888889,74.39447383891829,2839.5631312333094
REAL,WR70Plus fijo 1c + oro WinRate,1c Ultra escalones 750/1500,4100.0,costo +1 tick,1958.9185118289054,0.0,2.1037037037037036,1.4444444444444444,0.4888888888888889,26.45925925925926,41.20740740740741,73.47442680776014,2703.582804145438
REAL,WR70Plus fijo 1c + oro WinRate,1c Ultra escalones 750/1500,4100.0,Monte Carlo,1789.085847189055,2.6,2.578,1.723,0.822,24.627,30.237583333333337,72.39801587301588,2517.7688346039135
REAL,WR70Plus fijo 1c + oro WinRate,1c Ultra escalones 750/1500,5100.0,historia,2074.3047708421577,0.0,1.5185185185185186,1.1777777777777778,0.17777777777777778,27.20740740740741,39.666666666666664,78.94179894179894,2652.805082813904
REAL,WR70Plus fijo 1c + oro WinRate,1c Ultra escalones 750/1500,5100.0,costo +1 tick,1929.7411828098768,0.0,1.5629629629629629,1.2,0.2,26.288888888888888,42.092592592592595,77.62492651381541,2512.3243728867014
REAL,WR70Plus fijo 1c + oro WinRate,1c Ultra escalones 750/1500,5100.0,Monte Carlo,1798.4098177415428,3.2,2.283,1.553,0.6,24.716,30.28725,75.2547619047619,2429.4529960181226
REAL,WR70Plus fijo 1c + oro WinRate,1c Ultra escalones 750/1500,6100.0,historia,1998.027617121302,0.0,1.5185185185185186,1.1777777777777778,0.17777777777777778,26.0,39.666666666666664,78.94179894179894,2556.180538221131
REAL,WR70Plus fijo 1c + oro WinRate,1c Ultra escalones 750/1500,6100.0,costo +1 tick,1844.9511697763282,0.0,1.5629629629629629,1.2,0.2,24.955555555555556,42.092592592592595,77.62492651381541,2403.0939789378476
REAL,WR70Plus fijo 1c + oro WinRate,1c Ultra escalones 750/1500,6100.0,Monte Carlo,1750.6133940732977,3.8,2.189,1.5,0.523,24.028,30.357083333333335,76.0734126984127,2338.8628794578703
REAL,WR70Plus fijo 1c + oro WinRate,1c WR70Plus,2100.0,historia,1368.6823217014914,0.0,2.8444444444444446,1.7185185185185186,0.8814814814814815,22.896296296296295,31.433333333333334,71.27278071722516,1972.5582787266358
REAL,WR70Plus fijo 1c + oro WinRate,1c WR70Plus,2100.0,costo +1 tick,1111.9885718918729,0.0,3.2888888888888888,2.1185185185185187,1.3037037037037038,19.533333333333335,28.36913580246914,69.12110523221634,1671.0065581867539
REAL,WR70Plus fijo 1c + oro WinRate,1c WR70Plus,2100.0,Monte Carlo,1030.633963859415,1.6,3.846,2.425,1.755,17.202,29.921366666666664,60.11388888888889,1798.1742386645228
REAL,WR70Plus fijo 1c + oro WinRate,1c WR70Plus,3100.0,historia,1261.941323304088,0.0,2.111111111111111,1.711111111111111,0.7703703703703704,20.866666666666667,32.11851851851852,74.85596707818931,1722.7239778059009
REAL,WR70Plus fijo 1c + oro WinRate,1c WR70Plus,3100.0,costo +1 tick,1214.147748076445,0.0,2.1037037037037036,1.6814814814814816,0.7407407407407407,19.437037037037037,32.76543209876544,74.2798353909465,1671.6127577982056
REAL,WR70Plus fijo 1c + oro WinRate,1c WR70Plus,3100.0,Monte Carlo,1165.4736262202184,2.1,2.692,1.738,0.884,19.074,29.904966666666667,71.68968253968254,1674.8490396633144
REAL,WR70Plus fijo 1c + oro WinRate,1c WR70Plus,4100.0,historia,1292.4653793822101,0.0,1.7481481481481482,1.4074074074074074,0.4074074074074074,20.94074074074074,38.092592592592595,76.41975308641975,1721.2002541188854
REAL,WR70Plus fijo 1c + oro WinRate,1c WR70Plus,4100.0,costo +1 tick,1240.7116434964719,0.0,1.7407407407407407,1.3777777777777778,0.37777777777777777,19.97037037037037,39.64074074074074,75.73192239858906,1668.3669116499757
REAL,WR70Plus fijo 1c + oro WinRate,1c WR70Plus,4100.0,Monte Carlo,1169.8248158466379,2.6,2.239,1.472,0.541,19.042,29.804133333333336,76.17777777777778,1574.1052497986786
REAL,WR70Plus fijo 1c + oro WinRate,1c WR70Plus,5100.0,historia,1277.4015944616294,0.0,1.5185185185185186,1.1777777777777778,0.17777777777777778,21.177777777777777,38.78148148148148,79.2445620223398,1637.044669445626
REAL,WR70Plus fijo 1c + oro WinRate,1c WR70Plus,5100.0,costo +1 tick,1223.5351151854902,0.0,1.511111111111111,1.1481481481481481,0.14814814814814814,19.977777777777778,40.577777777777776,78.64785420340976,1580.8511219393922
REAL,WR70Plus fijo 1c + oro WinRate,1c WR70Plus,5100.0,Monte Carlo,1118.5339190573811,4.0,2.076,1.387,0.417,18.201,29.934,77.6234126984127,1475.9656645201962
REAL,WR70Plus fijo 1c + oro WinRate,1c WR70Plus,6100.0,historia,1202.4015944616294,0.0,1.5185185185185186,1.1777777777777778,0.17777777777777778,19.77037037037037,38.78148148148148,79.2445620223398,1542.400951206819
REAL,WR70Plus fijo 1c + oro WinRate,1c WR70Plus,6100.0,costo +1 tick,1148.5351151854902,0.0,1.511111111111111,1.1481481481481481,0.14814814814814814,18.614814814814814,40.577777777777776,78.64785420340976,1485.4893339292262
REAL,WR70Plus fijo 1c + oro WinRate,1c WR70Plus,6100.0,Monte Carlo,1049.7023775200566,5.3,2.039,1.374,0.394,17.077,29.86916666666667,78.00396825396825,1379.903251437423
REAL,WR70Plus fijo 1c + oro WinRate,2c Ultra,2100.0,historia,1341.721252722564,0.0,6.4222222222222225,4.4222222222222225,4.2592592592592595,15.170370370370371,33.733580246913576,24.48559670781893,5822.791838850135
REAL,WR70Plus fijo 1c + oro WinRate,2c Ultra,2100.0,costo +1 tick,1292.2930210509123,0.0,6.355555555555555,4.362962962962963,4.192592592592592,14.459259259259259,34.02493827160494,25.067607289829514,5486.941202644471
REAL,WR70Plus fijo 1c + oro WinRate,2c Ultra,2100.0,Monte Carlo,1376.4689574805377,3.9,7.494,4.563,4.325,13.067,30.41395357142857,22.80873015873016,6464.697715388419
REAL,WR70Plus fijo 1c + oro WinRate,2c Ultra,3100.0,historia,1664.7451127718703,0.0,5.859259259259259,3.9851851851851854,3.7185185185185183,17.133333333333333,35.16308641975309,29.029982363315693,5998.638693448666
REAL,WR70Plus fijo 1c + oro WinRate,2c Ultra,3100.0,costo +1 tick,1602.3265729301356,0.0,5.807407407407408,3.9185185185185185,3.6592592592592594,16.125925925925927,35.89555555555555,28.415637860082306,5906.278888081433
REAL,WR70Plus fijo 1c + oro WinRate,2c Ultra,3100.0,Monte Carlo,1790.5862275033633,5.2,6.793,4.166,3.832,16.964,29.957405952380952,30.627777777777776,6136.459930176045
REAL,WR70Plus fijo 1c + oro WinRate,2c Ultra,4100.0,historia,1924.9502647809634,0.0,5.444444444444445,3.5407407407407407,3.2962962962962963,17.88888888888889,36.4658024691358,30.5026455026455,6544.290547157018
REAL,WR70Plus fijo 1c + oro WinRate,2c Ultra,4100.0,costo +1 tick,1994.8499396166396,0.0,5.407407407407407,3.6074074074074076,3.348148148148148,18.6,38.40160493827161,30.843621399176953,6696.998470004582
REAL,WR70Plus fijo 1c + oro WinRate,2c Ultra,4100.0,Monte Carlo,2069.1767733779548,6.1,6.135,3.786,3.378,19.592,29.900585714285718,36.945634920634916,5817.853795164974
REAL,WR70Plus fijo 1c + oro WinRate,2c Ultra,5100.0,historia,2277.182357877802,0.0,4.911111111111111,3.2444444444444445,2.903703703703704,21.444444444444443,40.53481481481482,35.59670781893004,6577.6758724197225
REAL,WR70Plus fijo 1c + oro WinRate,2c Ultra,5100.0,costo +1 tick,2508.792355330903,0.0,4.340740740740741,2.7925925925925927,2.2814814814814817,23.874074074074073,38.592592592592595,48.07760141093474,5336.33883152099
REAL,WR70Plus fijo 1c + oro WinRate,2c Ultra,5100.0,Monte Carlo,2553.2580320219836,7.199999999999999,5.219,3.259,2.722,23.911,29.783033333333332,46.135714285714286,5682.235528973695
REAL,WR70Plus fijo 1c + oro WinRate,2c Ultra,6100.0,historia,3560.2342925288353,0.0,3.2962962962962963,2.1925925925925926,1.3185185185185184,32.370370370370374,32.6262962962963,63.46560846560847,5677.659007541613
REAL,WR70Plus fijo 1c + oro WinRate,2c Ultra,6100.0,costo +1 tick,3527.6279766254665,0.0,3.0814814814814815,2.066666666666667,1.1925925925925926,32.55555555555556,34.76851851851852,63.45091122868901,5623.156479421772
REAL,WR70Plus fijo 1c + oro WinRate,2c Ultra,6100.0,Monte Carlo,2760.652393901288,7.8,4.662,2.946,2.316,25.744,29.88725,51.49126984126985,5479.854939680981
REAL,WR70Plus fijo 1c + oro WinRate,2c Ultra escalones 750/1500,2100.0,historia,1285.2777470383824,0.0,6.511111111111111,4.518518518518518,4.348148148148148,14.088888888888889,34.18024691358024,23.353909465020575,5868.245683353778
REAL,WR70Plus fijo 1c + oro WinRate,2c Ultra escalones 750/1500,2100.0,costo +1 tick,1207.9441719384843,0.0,6.474074074074074,4.451851851851852,4.311111111111111,13.2,35.0641975308642,21.86654908877131,5911.525571897732
REAL,WR70Plus fijo 1c + oro WinRate,2c Ultra escalones 750/1500,2100.0,Monte Carlo,1426.6240626292745,3.3000000000000003,7.315,4.487,4.219,13.632,30.260964285714287,24.855555555555558,6124.701749514292
REAL,WR70Plus fijo 1c + oro WinRate,2c Ultra escalones 750/1500,3100.0,historia,1599.9700233040328,0.0,5.962962962962963,4.074074074074074,3.814814814814815,16.355555555555554,35.51111111111111,27.12522045855379,6186.071217252189
REAL,WR70Plus fijo 1c + oro WinRate,2c Ultra escalones 750/1500,3100.0,costo +1 tick,1520.161542979111,0.0,5.9185185185185185,4.007407407407407,3.785185185185185,15.244444444444444,36.777160493827154,25.408583186360964,6287.621320239398
REAL,WR70Plus fijo 1c + oro WinRate,2c Ultra escalones 750/1500,3100.0,Monte Carlo,1769.157213930261,4.8,6.684,4.141,3.798,16.76,29.85721785714286,31.673809523809524,5861.64481583635
REAL,WR70Plus fijo 1c + oro WinRate,2c Ultra escalones 750/1500,4100.0,historia,1920.4677580991204,0.0,5.725925925925926,3.8444444444444446,3.577777777777778,17.985185185185184,36.575185185185184,28.991769547325102,6882.580769596681
REAL,WR70Plus fijo 1c + oro WinRate,2c Ultra escalones 750/1500,4100.0,costo +1 tick,1864.8915081014754,0.0,5.607407407407408,3.785185185185185,3.5555555555555554,17.762962962962963,38.01876543209876,27.430922986478542,7065.949218346784
REAL,WR70Plus fijo 1c + oro WinRate,2c Ultra escalones 750/1500,4100.0,Monte Carlo,2081.6060273580156,5.6000000000000005,6.005,3.73,3.295,19.656,29.744542857142857,38.259523809523806,5646.101229014665
REAL,WR70Plus fijo 1c + oro WinRate,2c Ultra escalones 750/1500,5100.0,historia,2590.2974087197103,0.0,4.407407407407407,2.911111111111111,2.4962962962962965,23.68148148148148,40.492716049382715,43.92710170487948,6028.080356306515
REAL,WR70Plus fijo 1c + oro WinRate,2c Ultra escalones 750/1500,5100.0,costo +1 tick,2512.9799917148075,0.0,4.340740740740741,2.7925925925925927,2.2814814814814817,23.77037037037037,38.41876543209876,48.430335097001766,5306.119283693722
REAL,WR70Plus fijo 1c + oro WinRate,2c Ultra escalones 750/1500,5100.0,Monte Carlo,2559.0125686426995,6.4,5.07,3.199,2.628,23.892,29.65937738095238,47.62261904761905,5512.8111833109215
REAL,WR70Plus fijo 1c + oro WinRate,2c Ultra escalones 750/1500,6100.0,historia,3869.142892090362,0.0,2.925925925925926,1.9407407407407407,1.0592592592592593,34.577777777777776,34.39407407407408,66.5138154027043,5874.604745842058
REAL,WR70Plus fijo 1c + oro WinRate,2c Ultra escalones 750/1500,6100.0,costo +1 tick,3505.3452272459904,0.0,3.0814814814814815,2.066666666666667,1.1925925925925926,32.044444444444444,34.59037037037037,63.90358612580835,5548.454306849521
REAL,WR70Plus fijo 1c + oro WinRate,2c Ultra escalones 750/1500,6100.0,Monte Carlo,2752.342722705706,7.000000000000001,4.592,2.915,2.276,25.611,29.825769047619048,52.21269841269841,5386.470101856249
REAL,WR70Plus fijo 1c + oro WinRate,Ultra 1c -> 2c desde colchon 3000,2100.0,historia,1284.5360113949243,0.0,4.333333333333333,2.9703703703703703,2.562962962962963,17.48148148148148,41.03641975308642,38.19517930629042,3511.5176318035496
REAL,WR70Plus fijo 1c + oro WinRate,Ultra 1c -> 2c desde colchon 3000,2100.0,costo +1 tick,1185.5234710720442,0.0,4.770370370370371,2.977777777777778,2.637037037037037,16.444444444444443,36.20987654320987,36.57848324514991,3411.6663842712105
REAL,WR70Plus fijo 1c + oro WinRate,Ultra 1c -> 2c desde colchon 3000,2100.0,Monte Carlo,1268.518490888723,2.1,5.135,3.204,2.68,18.117,29.739766666666668,47.32142857142857,2822.614295211389
REAL,WR70Plus fijo 1c + oro WinRate,Ultra 1c -> 2c desde colchon 3000,3100.0,historia,2231.9305553963736,0.0,3.3851851851851853,2.325925925925926,1.614814814814815,23.074074074074073,35.03827160493827,61.31687242798353,3712.224664169925
REAL,WR70Plus fijo 1c + oro WinRate,Ultra 1c -> 2c desde colchon 3000,3100.0,costo +1 tick,1949.7185201139803,0.0,3.6222222222222222,2.4444444444444446,1.7925925925925925,20.296296296296298,34.10123456790124,59.08583186360964,3380.0137831091797
REAL,WR70Plus fijo 1c + oro WinRate,Ultra 1c -> 2c desde colchon 3000,3100.0,Monte Carlo,1971.631449512144,3.4000000000000004,4.514,2.823,2.222,18.486,30.023983333333334,53.31071428571428,3809.158521672586
REAL,WR70Plus fijo 1c + oro WinRate,Ultra 1c -> 2c desde colchon 3000,4100.0,historia,2549.0766119281157,0.0,3.5481481481481483,2.4518518518518517,1.9037037037037037,21.511111111111113,38.8537037037037,49.00352733686067,5296.553856265041
REAL,WR70Plus fijo 1c + oro WinRate,Ultra 1c -> 2c desde colchon 3000,4100.0,costo +1 tick,2353.4208497381796,0.0,4.037037037037037,2.525925925925926,2.0444444444444443,20.274074074074075,32.808641975308646,47.257495590828924,5091.761044230446
REAL,WR70Plus fijo 1c + oro WinRate,Ultra 1c -> 2c desde colchon 3000,4100.0,Monte Carlo,2226.1511795137326,3.9,4.096,2.639,1.962,20.477,29.67791666666667,57.82142857142857,3942.7260259245118
REAL,WR70Plus fijo 1c + oro WinRate,Ultra 1c -> 2c desde colchon 3000,5100.0,historia,3432.865945683468,0.0,2.4592592592592593,1.6888888888888889,0.8148148148148148,30.725925925925925,38.13086419753086,68.32157554379776,5071.664736572369
REAL,WR70Plus fijo 1c + oro WinRate,Ultra 1c -> 2c desde colchon 3000,5100.0,costo +1 tick,3186.9735475165758,0.0,2.577777777777778,1.7333333333333334,0.8592592592592593,27.733333333333334,37.404938271604934,66.83127572016461,4819.150074178127
REAL,WR70Plus fijo 1c + oro WinRate,Ultra 1c -> 2c desde colchon 3000,5100.0,Monte Carlo,2594.262080862232,4.5,3.728,2.39,1.671,23.795,29.905583333333336,61.13968253968254,4322.948104634732
REAL,WR70Plus fijo 1c + oro WinRate,Ultra 1c -> 2c desde colchon 3000,6100.0,historia,3540.8045859035446,0.0,2.437037037037037,1.6888888888888889,0.7851851851851852,30.651851851851852,38.05308641975308,69.47677836566726,5142.278093266144
REAL,WR70Plus fijo 1c + oro WinRate,Ultra 1c -> 2c desde colchon 3000,6100.0,costo +1 tick,3223.190130768999,0.0,2.6074074074074076,1.7333333333333334,0.8296296296296296,28.466666666666665,37.27901234567901,68.10405643738977,4782.833624617435
REAL,WR70Plus fijo 1c + oro WinRate,Ultra 1c -> 2c desde colchon 3000,6100.0,Monte Carlo,2809.362658949725,5.1,3.343,2.173,1.374,25.923,30.026699999999998,64.90396825396824,4395.879510970607
REAL,WR70Plus fijo 1c + oro WinRate,Ultra 1c -> 2c desde colchon 4000,2100.0,historia,1284.5360113949243,0.0,4.333333333333333,2.9703703703703703,2.562962962962963,17.48148148148148,41.03641975308642,38.19517930629042,3511.5176318035496
REAL,WR70Plus fijo 1c + oro WinRate,Ultra 1c -> 2c desde colchon 4000,2100.0,costo +1 tick,1185.5234710720442,0.0,4.770370370370371,2.977777777777778,2.637037037037037,16.444444444444443,36.20987654320987,36.57848324514991,3411.6663842712105
REAL,WR70Plus fijo 1c + oro WinRate,Ultra 1c -> 2c desde colchon 4000,2100.0,Monte Carlo,1268.518490888723,2.1,5.135,3.204,2.68,18.117,29.739766666666668,47.32142857142857,2822.614295211389
REAL,WR70Plus fijo 1c + oro WinRate,Ultra 1c -> 2c desde colchon 4000,3100.0,historia,2088.0883157393373,0.0,2.414814814814815,1.6444444444444444,0.7703703703703704,27.74074074074074,37.29135802469136,69.72369194591415,3040.117474766115
REAL,WR70Plus fijo 1c + oro WinRate,Ultra 1c -> 2c desde colchon 4000,3100.0,costo +1 tick,1963.3448611262995,0.0,2.488888888888889,1.6666666666666667,0.7925925925925926,26.362962962962964,37.1679012345679,68.4920634920635,2914.0716782763275
REAL,WR70Plus fijo 1c + oro WinRate,Ultra 1c -> 2c desde colchon 4000,3100.0,Monte Carlo,1612.4199865503886,2.6,3.685,2.357,1.631,22.547,30.109766666666665,61.55555555555556,2697.7777308580316
REAL,WR70Plus fijo 1c + oro WinRate,Ultra 1c -> 2c desde colchon 4000,4100.0,historia,2993.1009141418085,0.0,2.0296296296296297,1.6444444444444444,0.6888888888888889,27.414814814814815,38.787654320987656,70.82010582010582,4263.838919981086
REAL,WR70Plus fijo 1c + oro WinRate,Ultra 1c -> 2c desde colchon 4000,4100.0,costo +1 tick,2781.254699033219,0.0,2.5407407407407407,1.6666666666666667,0.7851851851851852,24.659259259259258,37.04197530864197,69.23868312757202,4064.918525201023
REAL,WR70Plus fijo 1c + oro WinRate,Ultra 1c -> 2c desde colchon 4000,4100.0,Monte Carlo,2386.979358582145,3.4000000000000004,3.126,2.033,1.212,22.153,30.1415,66.99920634920635,3623.741221541955
REAL,WR70Plus fijo 1c + oro WinRate,Ultra 1c -> 2c desde colchon 4000,5100.0,historia,3053.9576576818067,0.0,2.414814814814815,1.6444444444444444,0.7703703703703704,26.444444444444443,37.27654320987655,69.5708406819518,4435.121747267833
REAL,WR70Plus fijo 1c + oro WinRate,Ultra 1c -> 2c desde colchon 4000,5100.0,costo +1 tick,2867.936339684946,0.0,2.488888888888889,1.6666666666666667,0.7925925925925926,25.31111111111111,37.1679012345679,68.29218106995884,4247.1909041484905
REAL,WR70Plus fijo 1c + oro WinRate,Ultra 1c -> 2c desde colchon 4000,5100.0,Monte Carlo,2701.5399961868743,3.4000000000000004,2.953,1.928,1.083,24.547,29.97115,68.75714285714285,3985.295149935893
REAL,WR70Plus fijo 1c + oro WinRate,Ultra 1c -> 2c desde colchon 4000,6100.0,historia,3325.5792448996326,0.0,2.3925925925925924,1.6444444444444444,0.7407407407407407,29.62962962962963,37.17654320987655,70.73780129335685,4745.528232349283
REAL,WR70Plus fijo 1c + oro WinRate,Ultra 1c -> 2c desde colchon 4000,6100.0,costo +1 tick,3097.4804611283757,0.0,2.3555555555555556,1.6666666666666667,0.7111111111111111,27.214814814814815,37.04197530864197,70.13227513227513,4460.569650345251
REAL,WR70Plus fijo 1c + oro WinRate,Ultra 1c -> 2c desde colchon 4000,6100.0,Monte Carlo,2810.054154612932,4.0,2.902,1.899,1.04,25.696,29.902216666666668,69.33333333333333,4107.724021076345
