date,lat_ms,side,level,entry,exit,reason,trig_sec,both,atr,feed,usd,slip_ticks,news
20250501,0,-1,19987.25,19987.25,19965.875,1,0.116,0,623.5716819167767,NQ,40.85,-0.0,False
20250501,50,-1,19987.25,19960.75,19960.5,4,0.116,0,623.5716819167767,NQ,-1.4,106.0,False
20250501,250,-1,19987.25,19961.0,19961.0,4,0.116,0,623.5716819167767,NQ,-1.9,105.0,False
20250502,0,1,19945.25,19945.5,19953.25,1,1.081,0,613.548704637007,NQ,13.6,1.0,True
20250502,50,1,19945.25,20000.75,20001.0,4,1.081,0,613.548704637007,NQ,-1.4,222.0,True
20250502,250,1,19945.25,19997.25,19997.25,4,1.081,0,613.548704637007,NQ,-1.9,208.0,True
20250505,0,-1,19993.25,19993.25,19986.25,1,16.576,1,598.223797162935,NQ,12.1,-0.0,False
20250505,50,-1,19993.25,19992.75,19986.25,1,16.576,1,598.223797162935,NQ,11.1,2.0,False
20250505,250,-1,19993.25,19993.25,19986.25,1,16.576,1,598.223797162935,NQ,12.1,-0.0,False
20250506,0,-1,19824.25,19824.0,19813.75,1,46.003,1,570.225668794154,NQ,18.6,1.0,False
20250506,50,-1,19824.25,19825.5,19813.75,1,46.003,1,570.225668794154,NQ,21.6,-5.0,False
20250506,250,-1,19824.25,19825.5,19813.75,1,46.003,1,570.225668794154,NQ,21.6,-5.0,False
20250507,0,1,19950.25,19950.25,19907.75,2,1083.064,1,552.8166924517144,NQ,-86.9,0.0,False
20250507,50,1,19950.25,19949.0,19909.5,2,1083.064,1,552.8166924517144,NQ,-80.9,-5.0,False
20250507,250,1,19950.25,19949.0,19908.75,2,1083.064,1,552.8166924517144,NQ,-82.4,-5.0,False
20250508,0,1,20218.5,20218.5,20200.5,2,79.982,1,540.0976429908776,NQ,-37.9,0.0,False
20250508,50,1,20218.5,20218.75,20200.75,2,79.982,1,540.0976429908776,NQ,-37.9,1.0,False
20250508,250,1,20218.5,20218.75,20200.25,2,79.982,1,540.0976429908776,NQ,-38.9,1.0,False
20250509,0,1,20217.5,20217.5,20227.75,1,123.369,0,529.2335256343863,NQ,18.6,0.0,False
20250509,50,1,20217.5,20217.75,20227.75,1,123.369,0,529.2335256343863,NQ,18.1,1.0,False
20250509,250,1,20217.5,20217.75,20227.75,1,123.369,0,529.2335256343863,NQ,18.1,1.0,False
20250512,0,-1,20936.25,20936.25,20921.625,1,384.858,0,507.2704166605016,NQ,27.35,-0.0,False
20250512,50,-1,20936.25,20936.0,20921.625,1,384.858,0,507.2704166605016,NQ,26.85,1.0,False
20250512,250,-1,20936.25,20935.25,20921.625,1,384.858,0,507.2704166605016,NQ,25.35,4.0,False
20250513,0,1,20994.5,20994.5,21012.5,1,0.428,1,529.4653868990372,NQ,34.1,0.0,True
20250513,50,1,20994.5,21000.0,21012.5,1,0.428,1,529.4653868990372,NQ,23.1,22.0,True
20250513,250,1,20994.5,20994.75,21012.5,1,0.428,1,529.4653868990372,NQ,33.6,1.0,True
20250514,0,1,21363.0,21363.0,21345.25,2,84.164,1,519.9857164062488,NQ,-37.4,0.0,False
20250514,50,1,21363.0,21362.75,21345.0,2,84.164,1,519.9857164062488,NQ,-37.4,-1.0,False
20250514,250,1,21363.0,21362.75,21344.25,2,84.164,1,519.9857164062488,NQ,-38.9,-1.0,False
20250515,0,1,21269.75,21273.5,21280.625,1,1.168,1,493.4688795200882,NQ,12.35,15.0,False
20250515,50,1,21269.75,21286.5,21286.0,4,1.168,1,493.4688795200882,NQ,-2.9,67.0,False
20250515,250,1,21269.75,21281.25,21281.25,4,1.168,1,493.4688795200882,NQ,-1.9,46.0,False
20250516,0,-1,21487.75,21487.75,21481.0,1,82.913,1,478.3639595543676,NQ,11.6,-0.0,False
20250516,50,-1,21487.75,21487.75,21481.0,1,82.913,1,478.3639595543676,NQ,11.6,-0.0,False
20250516,250,-1,21487.75,21487.75,21481.0,1,82.913,1,478.3639595543676,NQ,11.6,-0.0,False
20250519,0,-1,21168.0,21168.0,21184.75,2,46.59,1,457.89153387191277,NQ,-35.4,-0.0,False
20250519,50,-1,21168.0,21168.25,21185.0,2,46.59,1,457.89153387191277,NQ,-35.4,-1.0,False
20250519,250,-1,21168.0,21168.25,21186.0,2,46.59,1,457.89153387191277,NQ,-37.4,-1.0,False
20250520,0,-1,21446.5,21446.5,21435.25,1,100.875,0,449.6314243096333,NQ,20.6,-0.0,False
20250520,50,-1,21446.5,21446.25,21435.25,1,100.875,0,449.6314243096333,NQ,20.1,1.0,False
20250520,250,-1,21446.5,21446.25,21435.25,1,100.875,0,449.6314243096333,NQ,20.1,1.0,False
20250521,0,-1,21311.25,21311.25,21295.5,1,22.283,0,433.6041797160881,NQ,29.6,-0.0,False
20250521,50,-1,21311.25,21311.75,21295.5,1,22.283,0,433.6041797160881,NQ,30.6,-2.0,False
20250521,250,-1,21311.25,21310.75,21295.5,1,22.283,0,433.6041797160881,NQ,28.6,2.0,False
20250522,0,-1,21040.25,21040.25,21071.75,2,4.181,1,437.32888116493893,NQ,-64.9,-0.0,False
20250522,50,-1,21040.25,21040.5,21071.5,2,4.181,1,437.32888116493893,NQ,-63.9,-1.0,False
20250522,250,-1,21040.25,21047.0,21071.75,2,4.181,1,437.32888116493893,NQ,-51.4,-27.0,False
20250523,0,1,20823.25,20823.25,20871.5,1,68.875,0,422.0732467960147,NQ,94.6,0.0,False
20250523,50,1,20823.25,20822.75,20871.5,1,68.875,0,422.0732467960147,NQ,95.6,-2.0,False
20250523,250,1,20823.25,20822.75,20871.5,1,68.875,0,422.0732467960147,NQ,95.6,-2.0,False
20250526,0,-1,21273.0,21273.0,21264.875,1,577.322,0,417.7108720248708,NQ,14.35,-0.0,False
20250526,50,-1,21273.0,21272.0,21264.875,1,577.322,0,417.7108720248708,NQ,12.35,4.0,False
20250526,250,-1,21273.0,21271.25,21264.875,1,577.322,0,417.7108720248708,NQ,10.85,7.0,False
20250527,0,-1,21264.25,21264.25,21305.25,2,738.475,1,411.39223830880866,NQ,-83.9,-0.0,False
20250527,50,-1,21264.25,21263.25,21305.0,2,738.475,1,411.39223830880866,NQ,-85.4,4.0,False
20250527,250,-1,21264.25,21262.25,21305.0,2,738.475,1,411.39223830880866,NQ,-87.4,8.0,False
20250528,0,-1,21507.5,21507.5,21530.0,2,33.636,1,403.13207842960804,NQ,-46.9,-0.0,False
20250528,50,-1,21507.5,21507.5,21530.5,2,33.636,1,403.13207842960804,NQ,-47.9,-0.0,False
20250528,250,-1,21507.5,21507.5,21530.75,2,33.636,1,403.13207842960804,NQ,-48.4,-0.0,False
20250529,0,1,21666.5,21666.5,21686.375,1,41.902,0,389.9440728274932,NQ,37.85,0.0,False
20250529,50,1,21666.5,21665.75,21686.375,1,41.902,0,389.9440728274932,NQ,39.35,-3.0,False
20250529,250,1,21666.5,21665.75,21686.375,1,41.902,0,389.9440728274932,NQ,39.35,-3.0,False
20250530,0,1,21332.75,21332.75,21362.625,1,43.502,0,389.144496196958,NQ,57.85,0.0,False
20250530,50,1,21332.75,21328.0,21362.625,1,43.502,0,389.144496196958,NQ,67.35,-19.0,False
20250530,250,1,21332.75,21328.5,21362.625,1,43.502,0,389.144496196958,NQ,66.35,-17.0,False
20250602,0,1,21268.0,21268.0,21282.25,1,255.01,0,387.205603611461,NQ,26.6,0.0,False
20250602,50,1,21268.0,21266.25,21282.25,1,255.01,0,387.205603611461,NQ,30.1,-7.0,False
20250602,250,1,21268.0,21267.0,21282.25,1,255.01,0,387.205603611461,NQ,28.6,-4.0,False
20250603,0,-1,21511.5,21511.5,21543.75,2,759.24,1,381.61948906778525,NQ,-66.4,-0.0,False
20250603,50,-1,21511.5,21512.25,21543.5,2,759.24,1,381.61948906778525,NQ,-64.4,-3.0,False
20250603,250,-1,21511.5,21512.25,21543.0,2,759.24,1,381.61948906778525,NQ,-63.4,-3.0,False
20250604,0,1,21707.75,21707.75,21734.125,1,1173.097,0,372.21809699151487,NQ,50.85,0.0,False
20250604,50,1,21707.75,21708.25,21734.125,1,1173.097,0,372.21809699151487,NQ,49.85,2.0,False
20250604,250,1,21707.75,21707.5,21734.125,1,1173.097,0,372.21809699151487,NQ,51.35,-1.0,False
20250605,0,-1,21760.75,21760.75,21751.875,1,0.085,1,357.2025186349781,NQ,15.85,-0.0,False
20250605,50,-1,21760.75,21746.75,21749.5,4,0.085,1,357.2025186349781,NQ,-7.4,56.0,False
20250605,250,-1,21760.75,21748.25,21746.75,4,0.085,1,357.2025186349781,NQ,1.1,50.0,False
20250606,0,1,21686.5,21686.5,21698.75,1,0.421,0,362.5094815896225,NQ,22.6,0.0,True
20250606,50,1,21686.5,21689.75,21698.75,1,0.421,0,362.5094815896225,NQ,16.1,13.0,True
20250606,250,1,21686.5,21720.0,21720.0,4,0.421,0,362.5094815896225,NQ,-1.9,134.0,True
20250609,0,-1,21805.0,21805.0,21799.5,1,91.768,0,357.0980900475066,NQ,9.1,-0.0,False
20250609,50,-1,21805.0,21805.25,21799.5,1,91.768,0,357.0980900475066,NQ,9.6,-1.0,False
20250609,250,-1,21805.0,21805.25,21799.5,1,91.768,0,357.0980900475066,NQ,9.6,-1.0,False
20250610,0,-1,21854.75,21854.75,21849.5,1,74.959,1,341.5910836155419,NQ,8.6,-0.0,False
20250610,50,-1,21854.75,21854.5,21849.5,1,74.959,1,341.5910836155419,NQ,8.1,1.0,False
20250610,250,-1,21854.75,21854.75,21849.5,1,74.959,1,341.5910836155419,NQ,8.6,-0.0,False
20250611,0,1,21959.25,21959.75,21973.0,1,0.824,0,335.0131490715746,NQ,24.6,2.0,True
20250611,50,1,21959.25,21954.5,21973.0,1,0.824,0,335.0131490715746,NQ,35.1,-19.0,True
20250611,250,1,21959.25,21970.0,21973.0,1,0.824,0,335.0131490715746,NQ,4.1,43.0,True
20250612,0,1,21774.0,21774.5,21786.0,1,1.151,1,330.76220985217645,NQ,21.1,2.0,False
20250612,50,1,21774.0,21785.75,21786.0,1,1.151,1,330.76220985217645,NQ,-1.4,47.0,False
20250612,250,1,21774.0,21779.75,21786.0,1,1.151,1,330.76220985217645,NQ,10.6,23.0,False
20250613,0,-1,21680.75,21680.25,21699.75,2,31.454,1,318.4756234341639,NQ,-40.9,2.0,False
20250613,50,-1,21680.75,21680.5,21701.0,2,31.454,1,318.4756234341639,NQ,-42.9,1.0,False
20250613,250,-1,21680.75,21680.5,21700.0,2,31.454,1,318.4756234341639,NQ,-40.9,1.0,False
20250616,0,-1,21820.25,21820.25,21809.375,1,146.377,0,319.74522176029507,NQ,19.85,-0.0,False
20250616,50,-1,21820.25,21822.75,21809.375,1,146.377,0,319.74522176029507,NQ,24.85,-10.0,False
20250616,250,-1,21820.25,21822.5,21809.375,1,146.377,0,319.74522176029507,NQ,24.35,-9.0,False
20250617,0,-1,21838.25,21838.25,21822.875,1,0.972,1,321.7098487774169,NQ,28.85,-0.0,False
20250617,50,-1,21838.25,21837.75,21822.875,1,0.972,1,321.7098487774169,NQ,27.85,2.0,False
20250617,250,-1,21838.25,21837.75,21822.875,1,0.972,1,321.7098487774169,NQ,27.85,2.0,False
20250618,0,-1,21996.5,21996.5,21988.75,1,24.928,1,317.5520024361728,NQ,13.6,-0.0,False
20250618,50,-1,21996.5,21998.0,21988.75,1,24.928,1,317.5520024361728,NQ,16.6,-6.0,False
20250618,250,-1,21996.5,21998.0,21988.75,1,24.928,1,317.5520024361728,NQ,16.6,-6.0,False
20250619,0,-1,21799.5,21799.25,21792.125,1,239.158,0,310.2625736907319,NQ,12.35,1.0,False
20250619,50,-1,21799.5,21799.25,21792.125,1,239.158,0,310.2625736907319,NQ,12.35,1.0,False
20250619,250,-1,21799.5,21799.25,21792.125,1,239.158,0,310.2625736907319,NQ,12.35,1.0,False
20250620,0,1,21996.25,21996.25,22008.25,1,199.144,0,309.4402469985368,NQ,22.1,0.0,False
20250620,50,1,21996.25,21999.0,22008.25,1,199.144,0,309.4402469985368,NQ,16.6,11.0,False
20250620,250,1,21996.25,21994.0,22008.25,1,199.144,0,309.4402469985368,NQ,26.6,-9.0,False
20250623,0,1,21852.0,21852.5,21861.75,1,188.728,0,317.8730864986413,NQ,16.6,2.0,False
20250623,50,1,21852.0,21853.25,21861.75,1,188.728,0,317.8730864986413,NQ,15.1,5.0,False
20250623,250,1,21852.0,21853.5,21861.75,1,188.728,0,317.8730864986413,NQ,14.6,6.0,False
20250624,0,-1,22271.75,22271.75,22261.0,1,3.439,1,320.5071517487384,NQ,19.6,-0.0,False
20250624,50,-1,22271.75,22269.0,22261.0,1,3.439,1,320.5071517487384,NQ,14.1,11.0,False
20250624,250,-1,22271.75,22275.75,22261.0,1,3.439,1,320.5071517487384,NQ,27.6,-16.0,False
20250625,0,1,22494.75,22494.75,22502.0,1,534.876,0,324.43521233811424,NQ,12.6,0.0,False
20250625,50,1,22494.75,22495.25,22502.0,1,534.876,0,324.43521233811424,NQ,11.6,2.0,False
20250625,250,1,22494.75,22494.5,22502.0,1,534.876,0,324.43521233811424,NQ,13.1,-1.0,False
20250626,0,1,22578.0,22578.0,22567.25,2,0.535,1,312.6719828853918,NQ,-23.4,0.0,False
20250626,50,1,22578.0,22574.5,22566.25,2,0.535,1,312.6719828853918,NQ,-18.4,-14.0,False
20250626,250,1,22578.0,22576.25,22564.0,2,0.535,1,312.6719828853918,NQ,-26.4,-7.0,False
20250627,0,1,22773.25,22773.25,22749.25,2,2.271,1,306.82041267929236,NQ,-49.9,0.0,False
20250627,50,1,22773.25,22765.75,22749.25,2,2.271,1,306.82041267929236,NQ,-34.9,-30.0,False
20250627,250,1,22773.25,22765.75,22748.25,2,2.271,1,306.82041267929236,NQ,-36.9,-30.0,False
20250630,0,-1,22881.0,22881.0,22873.125,1,120.735,0,301.0118117736286,NQ,13.85,-0.0,False
20250630,50,-1,22881.0,22881.75,22873.125,1,120.735,0,301.0118117736286,NQ,15.35,-3.0,False
20250630,250,-1,22881.0,22881.75,22873.125,1,120.735,0,301.0118117736286,NQ,15.35,-3.0,False
20250701,0,1,22794.0,22794.0,22813.25,1,69.598,0,292.5645395040837,NQ,36.6,0.0,False
20250701,50,1,22794.0,22796.0,22813.25,1,69.598,0,292.5645395040837,NQ,32.6,8.0,False
20250701,250,1,22794.0,22795.0,22813.25,1,69.598,0,292.5645395040837,NQ,34.6,4.0,False
20250702,0,-1,22621.75,22621.75,22599.25,1,182.375,0,292.45278668236347,NQ,43.1,-0.0,False
20250702,50,-1,22621.75,22621.75,22599.25,1,182.375,0,292.45278668236347,NQ,43.1,-0.0,False
20250702,250,-1,22621.75,22622.0,22599.25,1,182.375,0,292.45278668236347,NQ,43.6,-1.0,False
20250703,0,1,22865.25,22865.25,22872.25,1,1.048,0,286.04544477648034,NQ,12.1,0.0,True
20250703,50,1,22865.25,22864.25,22872.25,1,1.048,0,286.04544477648034,NQ,14.1,-4.0,True
20250703,250,1,22865.25,22907.5,22907.5,4,1.048,0,286.04544477648034,NQ,-1.9,169.0,True
20250704,0,1,22928.25,22929.0,22937.125,1,30.065,1,284.0421987210175,NQ,14.35,3.0,False
20250704,50,1,22928.25,22928.75,22937.125,1,30.065,1,284.0421987210175,NQ,14.85,2.0,False
20250704,250,1,22928.25,22928.75,22937.125,1,30.065,1,284.0421987210175,NQ,14.85,2.0,False
20250707,0,-1,22978.0,22978.0,22966.125,1,499.113,0,275.96775595523053,NQ,21.85,-0.0,False
20250707,50,-1,22978.0,22978.75,22966.125,1,499.113,0,275.96775595523053,NQ,23.35,-3.0,False
20250707,250,-1,22978.0,22979.25,22966.125,1,499.113,0,275.96775595523053,NQ,24.35,-5.0,False
20250708,0,-1,22942.5,22942.5,22936.0,1,5.183,1,270.3807733869998,NQ,11.1,-0.0,False
20250708,50,-1,22942.5,22943.25,22936.0,1,5.183,1,270.3807733869998,NQ,12.6,-3.0,False
20250708,250,-1,22942.5,22943.25,22936.0,1,5.183,1,270.3807733869998,NQ,12.6,-3.0,False
20250709,0,1,22948.0,22948.0,22932.25,2,955.692,1,259.76428957364266,NQ,-33.4,0.0,False
20250709,50,1,22948.0,22947.5,22928.0,2,955.692,1,259.76428957364266,NQ,-40.9,-2.0,False
20250709,250,1,22948.0,22947.5,22928.75,2,955.692,1,259.76428957364266,NQ,-39.4,-2.0,False
20250710,0,1,23063.0,23063.0,23045.75,2,0.793,1,256.94184031838245,NQ,-36.4,0.0,False
20250710,50,1,23063.0,23064.5,23046.5,2,0.793,1,256.94184031838245,NQ,-37.9,6.0,False
20250710,250,1,23063.0,23060.5,23046.75,2,0.793,1,256.94184031838245,NQ,-29.4,-10.0,False
20250711,0,1,22910.75,22910.75,22925.625,1,1182.798,0,252.07099458135514,NQ,27.85,0.0,False
20250711,50,1,22910.75,22910.75,22925.625,1,1182.798,0,252.07099458135514,NQ,27.85,0.0,False
20250711,250,1,22910.75,22910.75,22925.625,1,1182.798,0,252.07099458135514,NQ,27.85,0.0,False
20250714,0,-1,22894.75,22894.75,22909.25,2,136.956,1,245.38735211125837,NQ,-30.9,-0.0,False
20250714,50,-1,22894.75,22894.5,22909.25,2,136.956,1,245.38735211125837,NQ,-31.4,1.0,False
20250714,250,-1,22894.75,22894.75,22909.25,2,136.956,1,245.38735211125837,NQ,-30.9,-0.0,False
20250715,0,1,23158.0,23158.0,23169.5,1,1.111,0,243.87754124616848,NQ,21.1,0.0,True
20250715,50,1,23158.0,23200.0,23200.0,4,1.111,0,243.87754124616848,NQ,-1.9,168.0,True
20250715,250,1,23158.0,23189.0,23178.0,4,1.111,0,243.87754124616848,NQ,-23.9,124.0,True
20250716,0,1,23033.75,23034.25,23040.375,1,1.171,0,239.92200258572788,NQ,10.35,2.0,False
20250716,50,1,23033.75,23070.0,23070.25,4,1.171,0,239.92200258572788,NQ,-1.4,145.0,False
20250716,250,1,23033.75,23078.25,23066.0,4,1.171,0,239.92200258572788,NQ,-26.4,178.0,False
20250717,0,1,23098.25,23098.5,23110.875,1,0.599,0,241.67757382960446,NQ,22.85,1.0,False
20250717,50,1,23098.25,23115.0,23115.0,4,0.599,0,241.67757382960446,NQ,-1.9,67.0,False
20250717,250,1,23098.25,23105.0,23110.875,1,0.599,0,241.67757382960446,NQ,9.85,27.0,False
20250718,0,-1,23260.5,23260.5,23256.375,1,28.529,1,239.700604270347,NQ,6.35,-0.0,False
20250718,50,-1,23260.5,23260.75,23256.375,1,28.529,1,239.700604270347,NQ,6.85,-1.0,False
20250718,250,-1,23260.5,23260.25,23256.375,1,28.529,1,239.700604270347,NQ,5.85,1.0,False
20250721,0,1,23278.0,23278.0,23281.25,1,32.488,1,232.61484682246507,NQ,4.6,0.0,False
20250721,50,1,23278.0,23277.5,23281.25,1,32.488,1,232.61484682246507,NQ,5.6,-2.0,False
20250721,250,1,23278.0,23277.5,23281.25,1,32.488,1,232.61484682246507,NQ,5.6,-2.0,False
20250722,0,1,23341.5,23341.5,23321.5,2,2167.372,0,230.1602149065747,NQ,-41.9,0.0,False
20250722,50,1,23341.5,23341.25,23321.25,2,2167.372,0,230.1602149065747,NQ,-41.9,-1.0,False
20250722,250,1,23341.5,23341.5,23320.5,2,2167.372,0,230.1602149065747,NQ,-43.9,0.0,False
20250723,0,-1,23240.75,23240.75,23232.625,1,117.754,1,230.98805669896223,NQ,14.35,-0.0,False
20250723,50,-1,23240.75,23241.0,23232.625,1,117.754,1,230.98805669896223,NQ,14.85,-1.0,False
20250723,250,-1,23240.75,23241.0,23232.625,1,117.754,1,230.98805669896223,NQ,14.85,-1.0,False
20250724,0,-1,23363.75,23363.75,23354.0,1,247.093,0,227.2031955061792,NQ,17.6,-0.0,False
20250724,50,-1,23363.75,23363.5,23354.0,1,247.093,0,227.2031955061792,NQ,17.1,1.0,False
20250724,250,-1,23363.75,23363.75,23354.0,1,247.093,0,227.2031955061792,NQ,17.6,-0.0,False
20250725,0,1,23381.75,23381.75,23367.75,2,56.106,1,219.99225297002357,NQ,-29.9,0.0,False
20250725,50,1,23381.75,23381.75,23368.25,2,56.106,1,219.99225297002357,NQ,-28.9,0.0,False
20250725,250,1,23381.75,23382.0,23368.25,2,56.106,1,219.99225297002357,NQ,-29.4,1.0,False
20250728,0,1,23511.25,23511.25,23519.875,1,767.184,1,214.6535206150219,NQ,15.35,0.0,False
20250728,50,1,23511.25,23510.5,23519.875,1,767.184,1,214.6535206150219,NQ,16.85,-3.0,False
20250728,250,1,23511.25,23510.5,23519.875,1,767.184,1,214.6535206150219,NQ,16.85,-3.0,False
20250729,0,-1,23590.75,23590.75,23585.125,1,340.699,1,206.92826914252035,NQ,9.35,-0.0,False
20250729,50,-1,23590.75,23591.25,23585.125,1,340.699,1,206.92826914252035,NQ,10.35,-2.0,False
20250729,250,-1,23590.75,23591.25,23585.125,1,340.699,1,206.92826914252035,NQ,10.35,-2.0,False
20250730,0,-1,23475.25,23475.25,23491.75,2,0.83,1,208.66553563234032,NQ,-34.9,-0.0,False
20250730,50,-1,23475.25,23478.25,23484.5,2,0.83,1,208.66553563234032,NQ,-14.4,-12.0,False
20250730,250,-1,23475.25,23486.75,23483.75,2,0.83,1,208.66553563234032,NQ,4.1,-46.0,False
20250731,0,-1,23780.5,23780.5,23798.75,2,1.067,1,210.40371165860174,NQ,-38.4,-0.0,False
20250731,50,-1,23780.5,23780.25,23798.25,2,1.067,1,210.40371165860174,NQ,-37.9,1.0,False
20250731,250,-1,23780.5,23795.25,23797.75,2,1.067,1,210.40371165860174,NQ,-6.9,-59.0,False
20250801,0,-1,23108.25,23108.0,23099.375,1,1.087,1,227.2677322544159,NQ,15.35,1.0,True
20250801,50,-1,23108.25,23108.0,23099.375,1,1.087,1,227.2677322544159,NQ,15.35,1.0,True
20250801,250,-1,23108.25,23105.75,23099.375,1,1.087,1,227.2677322544159,NQ,10.85,10.0,True
20250804,0,1,23074.5,23074.75,23084.25,1,16.583,0,252.4093228076719,NQ,17.1,1.0,False
20250804,50,1,23074.5,23074.5,23084.25,1,16.583,0,252.4093228076719,NQ,17.6,0.0,False
20250804,250,1,23074.5,23074.5,23084.25,1,16.583,0,252.4093228076719,NQ,17.6,0.0,False
20250805,0,1,23380.5,23380.5,23350.25,2,919.513,1,264.86222832140965,NQ,-62.4,0.0,False
20250805,50,1,23380.5,23378.75,23350.75,2,919.513,1,264.86222832140965,NQ,-57.9,-7.0,False
20250805,250,1,23380.5,23379.25,23350.75,2,919.513,1,264.86222832140965,NQ,-58.9,-5.0,False
20250806,0,-1,23149.5,23149.5,23186.75,2,0.302,1,266.2113548698804,NQ,-76.4,-0.0,False
20250806,50,-1,23149.5,23149.5,23186.75,2,0.302,1,266.2113548698804,NQ,-76.4,-0.0,False
20250806,250,-1,23149.5,23149.5,23186.75,2,0.302,1,266.2113548698804,NQ,-76.4,-0.0,False
20250807,0,-1,23588.5,23588.5,23605.75,2,0.153,1,269.4641152363175,NQ,-36.4,-0.0,False
20250807,50,-1,23588.5,23589.5,23604.75,2,0.153,1,269.4641152363175,NQ,-32.4,-4.0,False
20250807,250,-1,23588.5,23583.5,23604.75,2,0.153,1,269.4641152363175,NQ,-44.4,20.0,False
20250808,0,-1,23518.75,23518.75,23542.5,2,657.547,1,274.64524986229486,NQ,-49.4,-0.0,False
20250808,50,-1,23518.75,23519.0,23543.25,2,657.547,1,274.64524986229486,NQ,-50.4,-1.0,False
20250808,250,-1,23518.75,23519.25,23541.75,2,657.547,1,274.64524986229486,NQ,-46.9,-2.0,False
20250811,0,-1,23728.5,23728.5,23714.5,1,39.287,0,270.95630344355953,NQ,26.1,-0.0,False
20250811,50,-1,23728.5,23728.25,23714.5,1,39.287,0,270.95630344355953,NQ,25.6,1.0,False
20250811,250,-1,23728.5,23729.0,23714.5,1,39.287,0,270.95630344355953,NQ,27.1,-2.0,False
20250812,0,1,23679.25,23679.5,23699.375,1,1.124,0,267.10228176901956,NQ,37.85,1.0,True
20250812,50,1,23679.25,23696.75,23699.375,1,1.124,0,267.10228176901956,NQ,3.35,70.0,True
20250812,250,1,23679.25,23689.5,23699.375,1,1.124,0,267.10228176901956,NQ,17.85,41.0,True
20250813,0,1,24008.75,24008.75,24015.5,1,101.175,0,271.45211878551817,NQ,11.6,0.0,False
20250813,50,1,24008.75,24008.75,24015.5,1,101.175,0,271.45211878551817,NQ,11.6,0.0,False
20250813,250,1,24008.75,24008.75,24015.5,1,101.175,0,271.45211878551817,NQ,11.6,0.0,False
20250814,0,1,23964.25,23965.0,23944.0,2,0.236,1,265.098396015124,NQ,-43.9,3.0,False
20250814,50,1,23964.25,23962.75,23912.5,2,0.236,1,265.098396015124,NQ,-102.4,-6.0,False
20250814,250,1,23964.25,23962.75,23918.0,2,0.236,1,265.098396015124,NQ,-91.4,-6.0,False
20250815,0,-1,23886.0,23886.0,23911.75,2,0.933,1,258.0556534426152,NQ,-53.4,-0.0,False
20250815,50,-1,23886.0,23891.0,23911.5,2,0.933,1,258.0556534426152,NQ,-42.9,-20.0,False
20250815,250,-1,23886.0,23887.25,23911.25,2,0.933,1,258.0556534426152,NQ,-49.9,-5.0,False
20250818,0,-1,23759.25,23759.25,23772.0,2,84.439,1,253.01596391099983,NQ,-27.4,-0.0,False
20250818,50,-1,23759.25,23760.25,23771.5,2,84.439,1,253.01596391099983,NQ,-24.4,-4.0,False
20250818,250,-1,23759.25,23760.25,23771.75,2,84.439,1,253.01596391099983,NQ,-24.9,-4.0,False
20250819,0,1,23782.75,23782.75,23761.25,2,21.122,1,242.46125220307127,NQ,-44.9,0.0,False
20250819,50,1,23782.75,23783.0,23761.5,2,21.122,1,242.46125220307127,NQ,-44.9,1.0,False
20250819,250,1,23782.75,23783.0,23761.5,2,21.122,1,242.46125220307127,NQ,-44.9,1.0,False
20250820,0,-1,23408.25,23408.25,23397.875,1,119.953,1,251.64259133142332,NQ,18.85,-0.0,False
20250820,50,-1,23408.25,23409.25,23397.875,1,119.953,1,251.64259133142332,NQ,20.85,-4.0,False
20250820,250,-1,23408.25,23409.5,23397.875,1,119.953,1,251.64259133142332,NQ,21.35,-5.0,False
20250821,0,1,23249.25,23249.25,23262.625,1,16.631,1,264.75740623632163,NQ,24.85,0.0,False
20250821,50,1,23249.25,23249.25,23262.625,1,16.631,1,264.75740623632163,NQ,24.85,0.0,False
20250821,250,1,23249.25,23247.75,23262.625,1,16.631,1,264.75740623632163,NQ,27.85,-6.0,False
20250822,0,-1,23259.5,23259.25,23251.625,1,162.548,0,262.2211629337272,NQ,13.35,1.0,False
20250822,50,-1,23259.5,23260.0,23251.625,1,162.548,0,262.2211629337272,NQ,14.85,-2.0,False
20250822,250,-1,23259.5,23260.0,23251.625,1,162.548,0,262.2211629337272,NQ,14.85,-2.0,False
20250825,0,-1,23469.25,23469.25,23463.5,1,0.422,1,275.24107986703245,NQ,9.6,-0.0,False
20250825,50,-1,23469.25,23469.25,23463.5,1,0.422,1,275.24107986703245,NQ,9.6,-0.0,False
20250825,250,-1,23469.25,23470.25,23463.5,1,0.422,1,275.24107986703245,NQ,11.6,-4.0,False
20250826,0,1,23472.5,23472.5,23480.75,1,87.81,0,267.93814559081585,NQ,14.6,0.0,False
20250826,50,1,23472.5,23472.75,23480.75,1,87.81,0,267.93814559081585,NQ,14.1,1.0,False
20250826,250,1,23472.5,23472.75,23480.75,1,87.81,0,267.93814559081585,NQ,14.1,1.0,False
20250827,0,-1,23592.5,23592.5,23580.5,1,57.876,0,261.15684947718614,NQ,22.1,-0.0,False
20250827,50,-1,23592.5,23591.5,23580.5,1,57.876,0,261.15684947718614,NQ,20.1,4.0,False
20250827,250,-1,23592.5,23591.25,23580.5,1,57.876,0,261.15684947718614,NQ,19.6,5.0,False
20250828,0,1,23605.5,23605.5,23611.625,1,1.274,0,254.6456459431014,NQ,10.35,0.0,False
20250828,50,1,23605.5,23603.25,23611.625,1,1.274,0,254.6456459431014,NQ,14.85,-9.0,False
20250828,250,1,23605.5,23603.25,23611.625,1,1.274,0,254.6456459431014,NQ,14.85,-9.0,False
20250829,0,-1,23626.75,23626.75,23640.0,2,0.324,1,252.97452837573704,NQ,-28.4,-0.0,False
20250829,50,-1,23626.75,23629.5,23634.25,2,0.324,1,252.97452837573704,NQ,-11.4,-11.0,False
20250829,250,-1,23626.75,23629.5,23635.5,2,0.324,1,252.97452837573704,NQ,-13.9,-11.0,False
20250901,0,1,23475.5,23475.5,23481.375,1,179.946,0,261.27991920604154,NQ,9.85,0.0,False
20250901,50,1,23475.5,23475.25,23481.375,1,179.946,0,261.27991920604154,NQ,10.35,-1.0,False
20250901,250,1,23475.5,23475.25,23481.375,1,179.946,0,261.27991920604154,NQ,10.35,-1.0,False
20250902,0,-1,23156.75,23156.75,23147.5,1,107.429,0,247.25992497703857,NQ,16.6,-0.0,False
20250902,50,-1,23156.75,23155.25,23147.5,1,107.429,0,247.25992497703857,NQ,13.6,6.0,False
20250902,250,-1,23156.75,23155.25,23147.5,1,107.429,0,247.25992497703857,NQ,13.6,6.0,False
20250903,0,-1,23429.75,23429.75,23420.5,1,46.393,1,263.6699303358215,NQ,16.6,-0.0,False
20250903,50,-1,23429.75,23429.0,23420.5,1,46.393,1,263.6699303358215,NQ,15.1,3.0,False
20250903,250,-1,23429.75,23429.0,23420.5,1,46.393,1,263.6699303358215,NQ,15.1,3.0,False
20250904,0,1,23495.75,23496.25,23502.75,1,0.129,1,262.58636388326283,NQ,11.1,2.0,False
20250904,50,1,23495.75,23500.0,23502.75,1,0.129,1,262.58636388326283,NQ,3.6,17.0,False
20250904,250,1,23495.75,23500.25,23502.75,1,0.129,1,262.58636388326283,NQ,3.1,18.0,False
20250905,0,1,23787.5,23787.5,23795.25,1,0.55,1,263.13376646302976,NQ,13.6,0.0,True
20250905,50,1,23787.5,23793.0,23795.25,1,0.55,1,263.13376646302976,NQ,2.6,22.0,True
20250905,250,1,23787.5,23794.25,23795.25,1,0.55,1,263.13376646302976,NQ,0.10000000000000009,27.0,True
20250908,0,1,23755.25,23755.25,23761.25,1,14.47,0,272.6956402870991,NQ,10.1,0.0,False
20250908,50,1,23755.25,23754.75,23761.25,1,14.47,0,272.6956402870991,NQ,11.1,-2.0,False
20250908,250,1,23755.25,23754.75,23761.25,1,14.47,0,272.6956402870991,NQ,11.1,-2.0,False
20250909,0,-1,23841.5,23841.5,23834.75,1,61.282,0,267.2888088380206,NQ,11.6,-0.0,False
20250909,50,-1,23841.5,23841.5,23834.75,1,61.282,0,267.2888088380206,NQ,11.6,-0.0,False
20250909,250,-1,23841.5,23841.75,23834.75,1,61.282,0,267.2888088380206,NQ,12.1,-1.0,False
20250910,0,-1,23934.0,23934.0,23950.0,2,0.594,1,259.911036778162,NQ,-33.9,-0.0,False
20250910,50,-1,23934.0,23934.0,23993.75,2,0.594,1,259.911036778162,NQ,-121.4,-0.0,False
20250910,250,-1,23934.0,23935.75,23998.25,2,0.594,1,259.911036778162,NQ,-126.9,-7.0,False
20250911,0,-1,23929.75,23929.75,23916.125,1,2.078,1,256.73881986543614,NQ,25.35,-0.0,True
20250911,50,-1,23929.75,23888.25,23891.0,4,2.078,1,256.73881986543614,NQ,-7.4,166.0,True
20250911,250,-1,23929.75,23888.25,23891.0,4,2.078,1,256.73881986543614,NQ,-7.4,166.0,True
20250912,0,-1,24026.75,24026.75,24017.875,1,67.27,1,250.66818987504786,NQ,15.85,-0.0,False
20250912,50,-1,24026.75,24026.5,24017.875,1,67.27,1,250.66818987504786,NQ,15.35,1.0,False
20250912,250,-1,24026.75,24026.5,24017.875,1,67.27,1,250.66818987504786,NQ,15.35,1.0,False
20250915,0,-1,24147.75,24147.75,24174.5,2,65.956,1,244.0133191696873,NQ,-55.4,-0.0,False
20250915,50,-1,24147.75,24148.5,24174.5,2,65.956,1,244.0133191696873,NQ,-53.9,-3.0,False
20250915,250,-1,24147.75,24148.75,24176.0,2,65.956,1,244.0133191696873,NQ,-56.4,-4.0,False
20250916,0,-1,24342.5,24342.5,24357.75,2,0.866,1,241.24451065756676,NQ,-32.4,-0.0,False
20250916,50,-1,24342.5,24343.75,24357.75,2,0.866,1,241.24451065756676,NQ,-29.9,-5.0,False
20250916,250,-1,24342.5,24343.75,24357.75,2,0.866,1,241.24451065756676,NQ,-29.9,-5.0,False
20250917,0,1,24278.75,24279.0,24283.5,1,15.794,1,230.9770456105977,NQ,7.1,1.0,False
20250917,50,1,24278.75,24279.5,24283.5,1,15.794,1,230.9770456105977,NQ,6.1,3.0,False
20250917,250,1,24278.75,24279.5,24283.5,1,15.794,1,230.9770456105977,NQ,6.1,3.0,False
20250918,0,-1,24736.5,24736.5,24723.25,1,197.452,0,236.19297092412646,NQ,24.6,-0.0,False
20250918,50,-1,24736.5,24736.75,24723.25,1,197.452,0,236.19297092412646,NQ,25.1,-1.0,False
20250918,250,-1,24736.5,24736.75,24723.25,1,197.452,0,236.19297092412646,NQ,25.1,-1.0,False
20250919,0,-1,24738.5,24738.5,24755.0,2,308.816,1,243.76847300097455,NQ,-34.9,-0.0,False
20250919,50,-1,24738.5,24738.25,24754.75,2,308.816,1,243.76847300097455,NQ,-34.9,1.0,False
20250919,250,-1,24738.5,24738.75,24756.0,2,308.816,1,243.76847300097455,NQ,-36.4,-1.0,False
20250922,0,-1,24769.75,24769.75,24780.75,2,0.609,1,239.9100106437621,NQ,-23.9,-0.0,False
20250922,50,-1,24769.75,24769.5,24780.25,2,0.609,1,239.9100106437621,NQ,-23.4,1.0,False
20250922,250,-1,24769.75,24769.5,24780.5,2,0.609,1,239.9100106437621,NQ,-23.9,1.0,False
20250923,0,-1,24992.75,24992.75,24985.75,1,5.984,1,237.98786702635053,NQ,12.1,-0.0,False
20250923,50,-1,24992.75,24992.75,24985.75,1,5.984,1,237.98786702635053,NQ,12.1,-0.0,False
20250923,250,-1,24992.75,24993.0,24985.75,1,5.984,1,237.98786702635053,NQ,12.6,-1.0,False
20250924,0,1,24884.25,24884.25,24875.75,2,37.716,1,237.3637336673255,NQ,-18.9,0.0,False
20250924,50,1,24884.25,24883.5,24877.75,2,37.716,1,237.3637336673255,NQ,-13.4,-3.0,False
20250924,250,1,24884.25,24883.5,24877.25,2,37.716,1,237.3637336673255,NQ,-14.4,-3.0,False
20250925,0,-1,24605.0,24605.0,24592.0,1,0.012,0,239.8556098339451,NQ,24.1,-0.0,False
20250925,50,-1,24605.0,24597.75,24592.0,1,0.012,0,239.8556098339451,NQ,9.6,29.0,False
20250925,250,-1,24605.0,24604.25,24592.0,1,0.012,0,239.8556098339451,NQ,22.6,3.0,False
20250926,0,1,24653.25,24653.25,24662.0,1,29.367,0,245.36592341723474,NQ,15.6,0.0,False
20250926,50,1,24653.25,24656.75,24662.0,1,29.367,0,245.36592341723474,NQ,8.6,14.0,False
20250926,250,1,24653.25,24656.0,24662.0,1,29.367,0,245.36592341723474,NQ,10.1,11.0,False
20250929,0,-1,24882.75,24882.75,24891.0,2,13.155,1,243.33978603028942,NQ,-18.4,-0.0,False
20250929,50,-1,24882.75,24882.75,24891.25,2,13.155,1,243.33978603028942,NQ,-18.9,-0.0,False
20250929,250,-1,24882.75,24882.75,24891.0,2,13.155,1,243.33978603028942,NQ,-18.4,-0.0,False
20250930,0,1,24821.25,24821.25,24831.875,1,259.186,0,243.81551559955446,NQ,19.35,0.0,False
20250930,50,1,24821.25,24820.0,24831.875,1,259.186,0,243.81551559955446,NQ,21.85,-5.0,False
20250930,250,1,24821.25,24820.25,24831.875,1,259.186,0,243.81551559955446,NQ,21.35,-4.0,False
20251001,0,-1,24762.25,24762.25,24744.0,1,3470.04,0,240.07869305672912,NQ,34.6,-0.0,False
20251001,50,-1,24762.25,24761.75,24744.0,1,3470.04,0,240.07869305672912,NQ,33.6,2.0,False
20251001,250,-1,24762.25,24762.25,24744.0,1,3470.04,0,240.07869305672912,NQ,34.6,-0.0,False
20251002,0,-1,25153.5,25153.25,25164.5,2,51.61,1,245.12664355267702,NQ,-24.4,1.0,False
20251002,50,-1,25153.5,25153.0,25167.75,2,51.61,1,245.12664355267702,NQ,-31.4,2.0,False
20251002,250,-1,25153.5,25153.0,25167.25,2,51.61,1,245.12664355267702,NQ,-30.4,2.0,False
20251003,0,1,25142.25,25142.5,25126.75,2,0.355,1,240.1354547274858,NQ,-33.4,1.0,True
20251003,50,1,25142.25,25142.5,25126.25,2,0.355,1,240.1354547274858,NQ,-34.4,1.0,True
20251003,250,1,25142.25,25142.5,25126.25,2,0.355,1,240.1354547274858,NQ,-34.4,1.0,True
20251006,0,-1,25209.5,25209.5,25201.25,1,27.17,0,240.46506510409398,NQ,14.6,-0.0,False
20251006,50,-1,25209.5,25209.75,25201.25,1,27.17,0,240.46506510409398,NQ,15.1,-1.0,False
20251006,250,-1,25209.5,25210.0,25201.25,1,27.17,0,240.46506510409398,NQ,15.6,-2.0,False
20251007,0,1,25216.25,25216.25,25222.125,1,123.192,0,241.57470331094441,NQ,9.85,0.0,False
20251007,50,1,25216.25,25216.0,25222.125,1,123.192,0,241.57470331094441,NQ,10.35,-1.0,False
20251007,250,1,25216.25,25216.0,25222.125,1,123.192,0,241.57470331094441,NQ,10.35,-1.0,False
20251008,0,-1,25052.75,25052.5,25067.75,2,155.981,1,244.3193673601627,NQ,-32.4,1.0,False
20251008,50,-1,25052.75,25052.25,25066.5,2,155.981,1,244.3193673601627,NQ,-30.4,2.0,False
20251008,250,-1,25052.75,25052.25,25067.25,2,155.981,1,244.3193673601627,NQ,-31.9,2.0,False
20251009,0,1,25327.0,25327.0,25333.25,1,1.454,1,248.2251268344368,NQ,10.6,0.0,False
20251009,50,1,25327.0,25326.75,25333.25,1,1.454,1,248.2251268344368,NQ,11.1,-1.0,False
20251009,250,1,25327.0,25328.25,25333.25,1,1.454,1,248.2251268344368,NQ,8.1,5.0,False
20251010,0,-1,25322.0,25322.0,25316.125,1,431.218,0,242.92333206054843,NQ,9.85,-0.0,False
20251010,50,-1,25322.0,25321.75,25316.125,1,431.218,0,242.92333206054843,NQ,9.35,1.0,False
20251010,250,-1,25322.0,25321.75,25316.125,1,431.218,0,242.92333206054843,NQ,9.35,1.0,False
20251013,0,1,24826.0,24826.0,24792.5,2,72.001,1,297.26809405622356,NQ,-68.9,0.0,False
20251013,50,1,24826.0,24825.75,24792.5,2,72.001,1,297.26809405622356,NQ,-68.4,-1.0,False
20251013,250,1,24826.0,24825.75,24792.5,2,72.001,1,297.26809405622356,NQ,-68.4,-1.0,False
20251014,0,-1,24633.75,24633.5,24619.75,1,119.096,0,316.23108733792185,NQ,25.6,1.0,False
20251014,50,-1,24633.75,24633.75,24619.75,1,119.096,0,316.23108733792185,NQ,26.1,-0.0,False
20251014,250,-1,24633.75,24634.5,24619.75,1,119.096,0,316.23108733792185,NQ,27.6,-3.0,False
20251015,0,-1,24987.0,24987.0,25022.0,2,95.973,1,331.2502953852131,NQ,-71.9,-0.0,False
20251015,50,-1,24987.0,24986.25,25023.75,2,95.973,1,331.2502953852131,NQ,-76.9,3.0,False
20251015,250,-1,24987.0,24984.5,25022.75,2,95.973,1,331.2502953852131,NQ,-78.4,10.0,False
20251016,0,1,25050.25,25051.0,25060.5,1,1.046,1,339.85741714341214,NQ,17.1,3.0,False
20251016,50,1,25050.25,25054.5,25060.5,1,1.046,1,339.85741714341214,NQ,10.1,17.0,False
20251016,250,1,25050.25,25066.75,25066.75,4,1.046,1,339.85741714341214,NQ,-1.9,66.0,False
20251017,0,-1,24751.75,24751.0,24726.125,1,123.682,0,353.8676016331684,NQ,47.85,3.0,False
20251017,50,-1,24751.75,24751.0,24726.125,1,123.682,0,353.8676016331684,NQ,47.85,3.0,False
20251017,250,-1,24751.75,24749.25,24726.125,1,123.682,0,353.8676016331684,NQ,44.35,10.0,False
20251020,0,1,25096.0,25096.0,25103.375,1,51.983,0,355.9663443736564,NQ,12.85,0.0,False
20251020,50,1,25096.0,25095.0,25103.375,1,51.983,0,355.9663443736564,NQ,14.85,-4.0,False
20251020,250,1,25096.0,25095.25,25103.375,1,51.983,0,355.9663443736564,NQ,14.35,-3.0,False
20251021,0,-1,25303.5,25303.25,25297.5,1,63.344,0,356.64731977553805,NQ,9.6,1.0,False
20251021,50,-1,25303.5,25303.25,25297.5,1,63.344,0,356.64731977553805,NQ,9.6,1.0,False
20251021,250,-1,25303.5,25303.25,25297.5,1,63.344,0,356.64731977553805,NQ,9.6,1.0,False
20251022,0,-1,25247.25,25247.0,25263.25,2,18.49,1,341.5475112201425,NQ,-34.4,1.0,False
20251022,50,-1,25247.25,25247.5,25263.25,2,18.49,1,341.5475112201425,NQ,-33.4,-1.0,False
20251022,250,-1,25247.25,25247.5,25263.25,2,18.49,1,341.5475112201425,NQ,-33.4,-1.0,False
20251023,0,-1,24939.75,24939.75,24975.5,2,131.403,1,351.90126041870377,NQ,-73.4,-0.0,False
20251023,50,-1,24939.75,24939.75,24975.75,2,131.403,1,351.90126041870377,NQ,-73.9,-0.0,False
20251023,250,-1,24939.75,24937.75,24975.75,2,131.403,1,351.90126041870377,NQ,-77.9,8.0,False
20251024,0,-1,25364.0,25363.5,25355.625,1,0.214,1,347.40831324593927,NQ,13.85,2.0,True
20251024,50,-1,25364.0,25355.25,25368.25,4,0.214,1,347.40831324593927,NQ,-27.9,35.0,True
20251024,250,-1,25364.0,25351.25,25352.25,4,0.214,1,347.40831324593927,NQ,-3.9,51.0,True
20251027,0,-1,25834.75,25834.75,25829.125,1,15.346,0,345.28986229980075,NQ,9.35,-0.0,False
20251027,50,-1,25834.75,25834.25,25829.125,1,15.346,0,345.28986229980075,NQ,8.35,2.0,False
20251027,250,-1,25834.75,25834.25,25829.125,1,15.346,0,345.28986229980075,NQ,8.35,2.0,False
20251028,0,-1,26012.25,26012.25,26005.75,1,179.496,1,354.3227292783864,NQ,11.1,-0.0,False
20251028,50,-1,26012.25,26012.5,26005.75,1,179.496,1,354.3227292783864,NQ,11.6,-1.0,False
20251028,250,-1,26012.25,26013.0,26005.75,1,179.496,1,354.3227292783864,NQ,12.6,-3.0,False
20251029,0,-1,26261.25,26261.25,26253.125,1,86.188,0,348.33539147278736,NQ,14.35,-0.0,False
20251029,50,-1,26261.25,26261.0,26253.125,1,86.188,0,348.33539147278736,NQ,13.85,1.0,False
20251029,250,-1,26261.25,26261.0,26253.125,1,86.188,0,348.33539147278736,NQ,13.85,1.0,False
20251030,0,-1,26153.75,26153.75,26118.375,1,74.832,0,343.2578635104454,NQ,68.85,-0.0,False
20251030,50,-1,26153.75,26152.0,26118.375,1,74.832,0,343.2578635104454,NQ,65.35,7.0,False
20251030,250,-1,26153.75,26151.5,26118.375,1,74.832,0,343.2578635104454,NQ,64.35,9.0,False
20251031,0,-1,26256.0,26256.0,26246.875,1,148.045,0,348.1858732596993,NQ,16.35,-0.0,False
20251031,50,-1,26256.0,26256.25,26246.875,1,148.045,0,348.1858732596993,NQ,16.85,-1.0,False
20251031,250,-1,26256.0,26255.75,26246.875,1,148.045,0,348.1858732596993,NQ,15.85,1.0,False
20251103,0,1,26159.75,26159.75,26169.625,1,58.405,0,346.7083108840065,NQ,17.85,0.0,False
20251103,50,1,26159.75,26159.25,26169.625,1,58.405,0,346.7083108840065,NQ,18.85,-2.0,False
20251103,250,1,26159.75,26159.0,26169.625,1,58.405,0,346.7083108840065,NQ,19.35,-3.0,False
20251104,0,-1,25704.0,25704.0,25748.75,2,86.005,1,341.46128867800604,NQ,-91.4,-0.0,False
20251104,50,-1,25704.0,25705.5,25748.75,2,86.005,1,341.46128867800604,NQ,-88.4,-6.0,False
20251104,250,-1,25704.0,25705.0,25749.0,2,86.005,1,341.46128867800604,NQ,-89.9,-4.0,False
20251105,0,1,25564.75,25564.75,25589.75,1,9.991,0,357.5176252010056,NQ,48.1,0.0,False
20251105,50,1,25564.75,25565.25,25589.75,1,9.991,0,357.5176252010056,NQ,47.1,2.0,False
20251105,250,1,25564.75,25565.5,25589.75,1,9.991,0,357.5176252010056,NQ,46.6,3.0,False
20251106,0,1,25814.25,25814.25,25792.5,2,15.228,1,359.98065197236235,NQ,-45.4,0.0,False
20251106,50,1,25814.25,25814.5,25793.0,2,15.228,1,359.98065197236235,NQ,-44.9,1.0,False
20251106,250,1,25814.25,25814.5,25793.0,2,15.228,1,359.98065197236235,NQ,-44.9,1.0,False
20251107,0,-1,25070.75,25070.5,25032.375,1,742.191,0,373.0713196886222,NQ,74.35,1.0,False
20251107,50,-1,25070.75,25070.25,25032.375,1,742.191,0,373.0713196886222,NQ,73.85,2.0,False
20251107,250,-1,25070.75,25071.0,25032.375,1,742.191,0,373.0713196886222,NQ,75.35,-1.0,False
20251110,0,1,25551.5,25551.5,25567.625,1,178.079,0,385.6376539965778,NQ,30.35,0.0,False
20251110,50,1,25551.5,25551.75,25567.625,1,178.079,0,385.6376539965778,NQ,29.85,1.0,False
20251110,250,1,25551.5,25551.0,25567.625,1,178.079,0,385.6376539965778,NQ,31.35,-2.0,False
20251111,0,1,25616.75,25616.75,25639.375,1,2852.463,0,400.68139299682224,NQ,43.35,0.0,False
20251111,50,1,25616.75,25617.0,25639.375,1,2852.463,0,400.68139299682224,NQ,42.85,1.0,False
20251111,250,1,25616.75,25617.25,25639.375,1,2852.463,0,400.68139299682224,NQ,42.35,2.0,False
20251112,0,1,25802.75,25802.75,25787.0,2,385.985,1,388.81129349704923,NQ,-33.4,0.0,False
20251112,50,1,25802.75,25803.5,25786.75,2,385.985,1,388.81129349704923,NQ,-35.4,3.0,False
20251112,250,1,25802.75,25803.5,25786.75,2,385.985,1,388.81129349704923,NQ,-35.4,3.0,False
20251113,0,1,25576.25,25576.5,25546.25,2,15.062,1,381.89620110440285,NQ,-62.4,1.0,False
20251113,50,1,25576.25,25573.5,25546.75,2,15.062,1,381.89620110440285,NQ,-55.4,-11.0,False
20251113,250,1,25576.25,25574.0,25546.25,2,15.062,1,381.89620110440285,NQ,-57.4,-9.0,False
20251114,0,1,24717.0,24717.0,24670.25,2,87.91,1,399.10004388265975,NQ,-95.4,0.0,False
20251114,50,1,24717.0,24715.0,24668.0,2,87.91,1,399.10004388265975,NQ,-95.9,-8.0,False
20251114,250,1,24717.0,24715.25,24668.25,2,87.91,1,399.10004388265975,NQ,-95.9,-7.0,False
20251117,0,-1,25080.25,25080.25,25067.125,1,30.781,0,418.2536121767555,NQ,24.35,-0.0,False
20251117,50,-1,25080.25,25080.25,25067.125,1,30.781,0,418.2536121767555,NQ,24.35,-0.0,False
20251117,250,-1,25080.25,25078.5,25067.125,1,30.781,0,418.2536121767555,NQ,20.85,7.0,False
20251118,0,1,24740.5,24740.75,24757.75,1,44.878,1,425.6819255927016,NQ,32.1,1.0,False
20251118,50,1,24740.5,24740.5,24757.75,1,44.878,1,425.6819255927016,NQ,32.6,0.0,False
20251118,250,1,24740.5,24738.5,24757.75,1,44.878,1,425.6819255927016,NQ,36.6,-8.0,False
20251119,0,1,24687.75,24687.75,24648.25,2,13.635,1,431.84750233608,NQ,-80.9,0.0,False
20251119,50,1,24687.75,24688.0,24648.75,2,13.635,1,431.84750233608,NQ,-80.4,1.0,False
20251119,250,1,24687.75,24688.0,24649.25,2,13.635,1,431.84750233608,NQ,-79.4,1.0,False
20251120,0,1,25150.5,25152.25,25165.5,1,1.064,0,435.35839502636003,NQ,24.6,7.0,True
20251120,50,1,25150.5,25148.75,25165.5,1,1.064,0,435.35839502636003,NQ,31.6,-7.0,True
20251120,250,1,25150.5,25157.75,25165.5,1,1.064,0,435.35839502636003,NQ,13.6,29.0,True
20251121,0,-1,24190.5,24190.5,24139.625,1,3115.014,0,490.83279538162003,NQ,99.85,-0.0,False
20251121,50,-1,24190.5,24193.75,24139.625,1,3115.014,0,490.83279538162003,NQ,106.35,-13.0,False
20251121,250,-1,24190.5,24193.5,24139.625,1,3115.014,0,490.83279538162003,NQ,105.85,-12.0,False
20251124,0,1,24559.25,24559.25,24525.5,2,123.712,1,503.5590242829329,NQ,-69.4,0.0,False
20251124,50,1,24559.25,24559.25,24525.25,2,123.712,1,503.5590242829329,NQ,-69.9,0.0,False
20251124,250,1,24559.25,24561.75,24525.75,2,123.712,1,503.5590242829329,NQ,-73.9,10.0,False
20251125,0,1,24950.5,24950.75,24919.5,2,5.557,1,516.1440939770091,NQ,-64.4,1.0,False
20251125,50,1,24950.5,24949.5,24920.0,2,5.557,1,516.1440939770091,NQ,-60.9,-4.0,False
20251125,250,1,24950.5,24947.75,24920.0,2,5.557,1,516.1440939770091,NQ,-57.4,-11.0,False
20251126,0,-1,25181.75,25181.5,25210.25,2,191.887,1,517.3659444072227,NQ,-59.4,1.0,False
20251126,50,-1,25181.75,25180.75,25210.5,2,191.887,1,517.3659444072227,NQ,-61.4,4.0,False
20251126,250,-1,25181.75,25180.75,25210.5,2,191.887,1,517.3659444072227,NQ,-61.4,4.0,False
20251127,0,1,25302.25,25302.25,25308.25,1,5.187,0,501.5540912352783,NQ,10.1,0.0,False
20251127,50,1,25302.25,25301.5,25308.25,1,5.187,0,501.5540912352783,NQ,11.6,-3.0,False
20251127,250,1,25302.25,25301.25,25308.25,1,5.187,0,501.5540912352783,NQ,12.1,-4.0,False
20251201,0,-1,25237.75,25237.75,25262.0,2,113.793,1,448.7277623406227,NQ,-50.4,-0.0,False
20251201,50,-1,25237.75,25237.25,25262.0,2,113.793,1,448.7277623406227,NQ,-51.4,2.0,False
20251201,250,-1,25237.75,25237.0,25262.0,2,113.793,1,448.7277623406227,NQ,-51.9,3.0,False
20251202,0,-1,25486.5,25486.5,25502.75,2,82.725,1,437.1400650305782,NQ,-34.4,-0.0,False
20251202,50,-1,25486.5,25486.5,25502.75,2,82.725,1,437.1400650305782,NQ,-34.4,-0.0,False
20251202,250,-1,25486.5,25486.5,25502.75,2,82.725,1,437.1400650305782,NQ,-34.4,-0.0,False
20251203,0,1,25665.5,25665.5,25639.25,2,397.636,1,425.0407746712512,NQ,-54.4,0.0,False
20251203,50,1,25665.5,25665.0,25637.0,2,397.636,1,425.0407746712512,NQ,-57.9,-2.0,False
20251203,250,1,25665.5,25665.75,25637.5,2,397.636,1,425.0407746712512,NQ,-58.4,1.0,False
20251204,0,1,25657.75,25658.0,25665.0,1,0.119,1,412.91286219473324,NQ,12.1,1.0,False
20251204,50,1,25657.75,25662.75,25665.0,1,0.119,1,412.91286219473324,NQ,2.6,20.0,False
20251204,250,1,25657.75,25658.25,25665.0,1,0.119,1,412.91286219473324,NQ,11.6,2.0,False
20251205,0,-1,25676.0,25676.0,25666.75,1,74.914,0,399.436943466538,NQ,16.6,-0.0,False
20251205,50,-1,25676.0,25675.0,25666.75,1,74.914,0,399.436943466538,NQ,14.6,4.0,False
20251205,250,-1,25676.0,25675.5,25666.75,1,74.914,0,399.436943466538,NQ,15.6,2.0,False
20251208,0,-1,25798.5,25798.25,25781.125,1,38.282,0,388.04859036178533,NQ,32.35,1.0,False
20251208,50,-1,25798.5,25797.0,25781.125,1,38.282,0,388.04859036178533,NQ,29.85,6.0,False
20251208,250,-1,25798.5,25796.75,25781.125,1,38.282,0,388.04859036178533,NQ,29.35,7.0,False
20251209,0,-1,25637.25,25637.25,25627.375,1,147.298,0,381.47369105022926,NQ,17.85,-0.0,False
20251209,50,-1,25637.25,25637.75,25627.375,1,147.298,0,381.47369105022926,NQ,18.85,-2.0,False
20251209,250,-1,25637.25,25637.75,25627.375,1,147.298,0,381.47369105022926,NQ,18.85,-2.0,False
20251210,0,1,25715.75,25716.0,25670.0,2,1.177,1,366.7791416894986,NQ,-93.9,1.0,False
20251210,50,1,25715.75,25717.75,25669.5,2,1.177,1,366.7791416894986,NQ,-98.4,8.0,False
20251210,250,1,25715.75,25713.5,25669.25,2,1.177,1,366.7791416894986,NQ,-90.4,-9.0,False
20251211,0,-1,25667.5,25667.5,25679.75,2,0.251,1,365.0092029973916,NQ,-26.4,-0.0,False
20251211,50,-1,25667.5,25669.5,25679.0,2,0.251,1,365.0092029973916,NQ,-20.9,-8.0,False
20251211,250,-1,25667.5,25667.25,25675.0,2,0.251,1,365.0092029973916,NQ,-17.4,1.0,False
20251212,0,-1,25583.0,25583.0,25600.25,2,309.412,1,368.20497421186366,NQ,-36.4,-0.0,False
20251212,50,-1,25583.0,25583.25,25600.5,2,309.412,1,368.20497421186366,NQ,-36.4,-1.0,False
20251212,250,-1,25583.0,25583.25,25600.25,2,309.412,1,368.20497421186366,NQ,-35.9,-1.0,False
20251215,0,1,25353.75,25353.75,25362.625,1,86.147,0,384.52961891101626,NQ,15.85,0.0,False
20251215,50,1,25353.75,25353.0,25362.625,1,86.147,0,384.52961891101626,NQ,17.35,-3.0,False
20251215,250,1,25353.75,25353.0,25362.625,1,86.147,0,384.52961891101626,NQ,17.35,-3.0,False
20251216,0,1,25069.75,25069.75,25093.0,1,1.11,1,383.9739318459437,NQ,44.6,0.0,True
20251216,50,1,25069.75,25100.0,25100.0,4,1.11,1,383.9739318459437,NQ,-1.9,121.0,True
20251216,250,1,25069.75,25110.0,25100.5,4,1.11,1,383.9739318459437,NQ,-20.9,161.0,True
20251217,0,1,25449.25,25449.25,25476.5,1,63.265,0,375.7972224283763,NQ,52.6,0.0,False
20251217,50,1,25449.25,25449.25,25476.5,1,63.265,0,375.7972224283763,NQ,52.6,0.0,False
20251217,250,1,25449.25,25449.25,25476.5,1,63.265,0,375.7972224283763,NQ,52.6,0.0,False
20251218,0,1,25114.5,25114.75,25121.875,1,0.67,0,388.95456368349227,NQ,12.35,1.0,True
20251218,50,1,25114.5,25116.5,25121.875,1,0.67,0,388.95456368349227,NQ,8.85,8.0,True
20251218,250,1,25114.5,25116.5,25121.875,1,0.67,0,388.95456368349227,NQ,8.85,8.0,True
20251219,0,1,25318.5,25318.5,25302.0,2,112.932,1,398.3328091346714,NQ,-34.9,0.0,False
20251219,50,1,25318.5,25317.75,25301.5,2,112.932,1,398.3328091346714,NQ,-34.4,-3.0,False
20251219,250,1,25318.5,25319.25,25298.5,2,112.932,1,398.3328091346714,NQ,-43.4,3.0,False
20251222,0,-1,25740.75,25740.75,25732.5,1,380.394,1,394.7733227679092,NQ,14.6,-0.0,False
20251222,50,-1,25740.75,25740.5,25732.5,1,380.394,1,394.7733227679092,NQ,14.1,1.0,False
20251222,250,-1,25740.75,25740.0,25732.5,1,380.394,1,394.7733227679092,NQ,13.1,3.0,False
20251223,0,1,25675.75,25676.25,25660.75,2,10.147,1,381.86094257020136,NQ,-32.9,2.0,False
20251223,50,1,25675.75,25675.25,25658.75,2,10.147,1,381.86094257020136,NQ,-34.9,-2.0,False
20251223,250,1,25675.75,25679.0,25657.5,2,10.147,1,381.86094257020136,NQ,-44.9,13.0,False
20251224,0,1,25814.0,25814.25,25817.75,1,15.04,1,368.31730381518696,NQ,5.1,1.0,False
20251224,50,1,25814.0,25816.0,25817.75,1,15.04,1,368.31730381518696,NQ,1.6,8.0,False
20251224,250,1,25814.0,25816.5,25817.75,1,15.04,1,368.31730381518696,NQ,0.6000000000000001,10.0,False
20251226,0,1,25903.0,25903.0,25908.5,1,203.72,1,349.7232106855308,NQ,9.1,0.0,False
20251226,50,1,25903.0,25902.5,25908.5,1,203.72,1,349.7232106855308,NQ,10.1,-2.0,False
20251226,250,1,25903.0,25902.5,25908.5,1,203.72,1,349.7232106855308,NQ,10.1,-2.0,False
20251229,0,-1,25737.25,25737.25,25727.125,1,226.122,0,331.95726706513574,NQ,18.35,-0.0,False
20251229,50,-1,25737.25,25737.5,25727.125,1,226.122,0,331.95726706513574,NQ,18.85,-1.0,False
20251229,250,-1,25737.25,25737.0,25727.125,1,226.122,0,331.95726706513574,NQ,17.85,1.0,False
20251230,0,-1,25730.75,25730.75,25723.625,1,39.449,0,323.87103370334034,NQ,12.35,-0.0,False
20251230,50,-1,25730.75,25730.75,25723.625,1,39.449,0,323.87103370334034,NQ,12.35,-0.0,False
20251230,250,-1,25730.75,25730.75,25723.625,1,39.449,0,323.87103370334034,NQ,12.35,-0.0,False
20251231,0,1,25650.25,25650.5,25658.625,1,19.491,0,309.70167415310175,NQ,14.35,1.0,False
20251231,50,1,25650.25,25651.0,25658.625,1,19.491,0,309.70167415310175,NQ,13.35,3.0,False
20251231,250,1,25650.25,25651.0,25658.625,1,19.491,0,309.70167415310175,NQ,13.35,3.0,False
20260102,0,-1,25687.75,25687.75,25677.5,1,1241.993,0,305.25869742788024,NQ,18.6,-0.0,False
20260102,50,-1,25687.75,25688.25,25677.5,1,1241.993,0,305.25869742788024,NQ,19.6,-2.0,False
20260102,250,-1,25687.75,25688.25,25677.5,1,1241.993,0,305.25869742788024,NQ,19.6,-2.0,False
20260105,0,1,25552.0,25552.0,25568.0,1,82.257,0,321.91879046874595,NQ,30.1,0.0,False
20260105,50,1,25552.0,25552.0,25568.0,1,82.257,0,321.91879046874595,NQ,30.1,0.0,False
20260105,250,1,25552.0,25552.0,25568.0,1,82.257,0,321.91879046874595,NQ,30.1,0.0,False
20260106,0,1,25633.5,25633.5,25619.5,2,185.292,1,321.9603054352641,NQ,-29.9,0.0,False
20260106,50,1,25633.5,25633.5,25619.5,2,185.292,1,321.9603054352641,NQ,-29.9,0.0,False
20260106,250,1,25633.5,25633.5,25619.25,2,185.292,1,321.9603054352641,NQ,-30.4,0.0,False
20260107,0,1,25776.25,25776.25,25782.25,1,0.395,1,316.8917121898881,NQ,10.1,0.0,False
20260107,50,1,25776.25,25776.5,25782.25,1,0.395,1,316.8917121898881,NQ,9.6,1.0,False
20260107,250,1,25776.25,25776.25,25782.25,1,0.395,1,316.8917121898881,NQ,10.1,0.0,False
20260108,0,1,25810.5,25810.5,25795.75,2,1.081,1,310.3458756048961,NQ,-31.4,0.0,False
20260108,50,1,25810.5,25811.0,25796.25,2,1.081,1,310.3458756048961,NQ,-31.4,2.0,False
20260108,250,1,25810.5,25811.0,25796.75,2,1.081,1,310.3458756048961,NQ,-30.4,2.0,False
20260109,0,1,25750.0,25750.0,25761.875,1,0.958,1,307.17831306168927,NQ,21.85,0.0,True
20260109,50,1,25750.0,25746.5,25761.875,1,0.958,1,307.17831306168927,NQ,28.85,-14.0,True
20260109,250,1,25750.0,25787.0,25777.5,4,0.958,1,307.17831306168927,NQ,-20.9,148.0,True
20260112,0,-1,25741.0,25740.75,25729.875,1,88.402,0,311.6655764144258,NQ,19.85,1.0,False
20260112,50,-1,25741.0,25740.5,25729.875,1,88.402,0,311.6655764144258,NQ,19.35,2.0,False
20260112,250,-1,25741.0,25740.5,25729.875,1,88.402,0,311.6655764144258,NQ,19.35,2.0,False
20260113,0,1,25912.25,25912.5,25925.0,1,0.087,0,309.1894638133954,NQ,23.1,1.0,True
20260113,50,1,25912.25,25913.5,25925.0,1,0.087,0,309.1894638133954,NQ,21.1,5.0,True
20260113,250,1,25912.25,25950.0,25952.0,4,0.087,0,309.1894638133954,NQ,2.1,151.0,True
20260114,0,1,25798.25,25798.25,25751.75,2,0.184,1,304.2116449695814,NQ,-94.9,0.0,False
20260114,50,1,25798.25,25796.75,25752.0,2,0.184,1,304.2116449695814,NQ,-91.4,-6.0,False
20260114,250,1,25798.25,25796.75,25752.0,2,0.184,1,304.2116449695814,NQ,-91.4,-6.0,False
20260115,0,1,25873.75,25874.0,25884.625,1,1.45,0,316.98224175746844,NQ,19.35,1.0,False
20260115,50,1,25873.75,25874.5,25884.625,1,1.45,0,316.98224175746844,NQ,18.35,3.0,False
20260115,250,1,25873.75,25872.0,25884.625,1,1.45,0,316.98224175746844,NQ,23.35,-7.0,False
20260116,0,1,25827.25,25827.25,25840.0,1,1.787,0,316.92993877479216,NQ,23.6,0.0,False
20260116,50,1,25827.25,25827.25,25840.0,1,1.787,0,316.92993877479216,NQ,23.6,0.0,False
20260116,250,1,25827.25,25827.25,25840.0,1,1.787,0,316.92993877479216,NQ,23.6,0.0,False
20260119,0,1,25314.5,25314.5,25330.0,1,237.174,1,315.6849431480213,NQ,29.1,0.0,False
20260119,50,1,25314.5,25314.25,25330.0,1,237.174,1,315.6849431480213,NQ,29.6,-1.0,False
20260119,250,1,25314.5,25314.25,25330.0,1,237.174,1,315.6849431480213,NQ,29.6,-1.0,False
20260120,0,-1,25243.5,25243.5,25226.5,1,42.632,0,325.1360186374484,NQ,32.1,-0.0,False
20260120,50,-1,25243.5,25243.0,25226.5,1,42.632,0,325.1360186374484,NQ,31.1,2.0,False
20260120,250,-1,25243.5,25243.5,25226.5,1,42.632,0,325.1360186374484,NQ,32.1,-0.0,False
20260121,0,-1,25071.75,25071.75,25062.75,1,14.474,1,325.60844587763063,NQ,16.1,-0.0,False
20260121,50,-1,25071.75,25070.75,25062.75,1,14.474,1,325.60844587763063,NQ,14.1,4.0,False
20260121,250,-1,25071.75,25071.0,25062.75,1,14.474,1,325.60844587763063,NQ,14.6,3.0,False
20260122,0,1,25707.75,25708.25,25695.0,2,3.404,1,339.9221283149427,NQ,-28.4,2.0,False
20260122,50,1,25707.75,25705.25,25703.5,2,3.404,1,339.9221283149427,NQ,-5.4,-10.0,False
20260122,250,1,25707.75,25703.5,25695.0,2,3.404,1,339.9221283149427,NQ,-18.9,-17.0,False
20260123,0,-1,25572.0,25572.0,25614.0,2,0.291,0,334.23126200673255,NQ,-85.9,-0.0,False
20260123,50,-1,25572.0,25573.75,25612.5,2,0.291,0,334.23126200673255,NQ,-79.4,-7.0,False
20260123,250,-1,25572.0,25573.75,25613.5,2,0.291,0,334.23126200673255,NQ,-81.4,-7.0,False
20260126,0,-1,25685.25,25685.25,25674.125,1,12.899,1,330.58974329196593,NQ,20.35,-0.0,False
20260126,50,-1,25685.25,25685.0,25674.125,1,12.899,1,330.58974329196593,NQ,19.85,1.0,False
20260126,250,-1,25685.25,25685.0,25674.125,1,12.899,1,330.58974329196593,NQ,19.85,1.0,False
20260127,0,-1,26000.75,26000.75,25994.375,1,14.33,0,323.5654759139684,NQ,10.85,-0.0,False
20260127,50,-1,26000.75,26000.75,25994.375,1,14.33,0,323.5654759139684,NQ,10.85,-0.0,False
20260127,250,-1,26000.75,26000.75,25994.375,1,14.33,0,323.5654759139684,NQ,10.85,-0.0,False
20260128,0,-1,26275.5,26275.5,26266.25,1,44.03,0,319.6857990629706,NQ,16.6,-0.0,False
20260128,50,-1,26275.5,26275.5,26266.25,1,44.03,0,319.6857990629706,NQ,16.6,-0.0,False
20260128,250,-1,26275.5,26274.25,26266.25,1,44.03,0,319.6857990629706,NQ,14.1,5.0,False
20260129,0,1,26176.75,26176.75,26187.75,1,214.3,1,312.92252770132984,NQ,20.1,0.0,False
20260129,50,1,26176.75,26176.5,26187.75,1,214.3,1,312.92252770132984,NQ,20.6,-1.0,False
20260129,250,1,26176.75,26176.5,26187.75,1,214.3,1,312.92252770132984,NQ,20.6,-1.0,False
20260130,0,-1,25827.5,25827.0,25797.125,1,1.083,0,336.2137757226634,NQ,57.85,2.0,False
20260130,50,-1,25827.5,25795.0,25793.5,4,1.083,0,336.2137757226634,NQ,1.1,130.0,False
20260130,250,-1,25827.5,25834.5,25797.125,1,1.083,0,336.2137757226634,NQ,72.85,-28.0,False
20260202,0,-1,25474.0,25474.0,25460.625,1,173.514,1,342.394934599616,NQ,24.85,-0.0,False
20260202,50,-1,25474.0,25474.25,25460.625,1,173.514,1,342.394934599616,NQ,25.35,-1.0,False
20260202,250,-1,25474.0,25474.25,25460.625,1,173.514,1,342.394934599616,NQ,25.35,-1.0,False
20260203,0,1,25995.5,25995.5,25975.5,2,175.082,1,347.20601069964346,NQ,-41.9,0.0,False
20260203,50,1,25995.5,25995.25,25976.0,2,175.082,1,347.20601069964346,NQ,-40.4,-1.0,False
20260203,250,1,25995.5,25996.0,25976.0,2,175.082,1,347.20601069964346,NQ,-41.9,2.0,False
20260204,0,1,25401.5,25401.5,25417.625,1,293.996,1,374.78058136395464,NQ,30.35,0.0,False
20260204,50,1,25401.5,25402.75,25417.625,1,293.996,1,374.78058136395464,NQ,27.85,5.0,False
20260204,250,1,25401.5,25404.25,25417.625,1,293.996,1,374.78058136395464,NQ,24.85,11.0,False
20260205,0,-1,24781.0,24780.5,24823.75,2,7.382,1,395.29625412367216,NQ,-88.4,2.0,False
20260205,50,-1,24781.0,24783.75,24825.0,2,7.382,1,395.29625412367216,NQ,-84.4,-11.0,False
20260205,250,-1,24781.0,24783.25,24823.5,2,7.382,1,395.29625412367216,NQ,-82.4,-9.0,False
20260206,0,1,24849.0,24849.0,24813.5,2,42.036,1,399.29295025769557,NQ,-72.9,0.0,False
20260206,50,1,24849.0,24849.75,24810.5,2,42.036,1,399.29295025769557,NQ,-80.4,3.0,False
20260206,250,1,24849.0,24849.0,24808.75,2,42.036,1,399.29295025769557,NQ,-82.4,0.0,False
20260209,0,-1,25114.25,25114.25,25093.375,1,30.838,0,412.46845381071734,NQ,39.85,-0.0,False
20260209,50,-1,25114.25,25113.75,25093.375,1,30.838,0,412.46845381071734,NQ,38.85,2.0,False
20260209,250,-1,25114.25,25113.25,25093.375,1,30.838,0,412.46845381071734,NQ,37.85,4.0,False
20260210,0,-1,25320.75,25320.0,25310.0,1,0.387,1,416.80999282423755,NQ,18.1,3.0,False
20260210,50,-1,25320.75,25322.25,25310.0,1,0.387,1,416.80999282423755,NQ,22.6,-6.0,False
20260210,250,-1,25320.75,25317.75,25310.0,1,0.387,1,416.80999282423755,NQ,13.6,12.0,False
20260211,0,1,25270.5,25271.25,25286.875,1,1.089,0,404.82356476536347,NQ,29.35,3.0,True
20260211,50,1,25270.5,25296.5,25305.0,4,1.089,0,404.82356476536347,NQ,15.1,104.0,True
20260211,250,1,25270.5,25298.0,25300.0,4,1.089,0,404.82356476536347,NQ,2.1,110.0,True
20260212,0,1,25344.5,25344.5,25354.125,1,0.165,0,404.97902442498037,NQ,17.35,0.0,False
20260212,50,1,25344.5,25339.5,25354.125,1,0.165,0,404.97902442498037,NQ,27.35,-20.0,False
20260212,250,1,25344.5,25339.5,25354.125,1,0.165,0,404.97902442498037,NQ,27.35,-20.0,False
20260213,0,1,24719.25,24719.25,24754.375,1,1.054,0,423.98052268033894,NQ,68.35,0.0,True
20260213,50,1,24719.25,24737.0,24754.375,1,1.054,0,423.98052268033894,NQ,32.85,71.0,True
20260213,250,1,24719.25,24751.0,24754.375,1,1.054,0,423.98052268033894,NQ,4.85,127.0,True
20260216,0,1,24867.0,24867.0,24872.5,1,27.334,1,423.46405677460046,NQ,9.1,0.0,False
20260216,50,1,24867.0,24867.75,24872.5,1,27.334,1,423.46405677460046,NQ,7.6,3.0,False
20260216,250,1,24867.0,24867.75,24872.5,1,27.334,1,423.46405677460046,NQ,7.6,3.0,False
20260217,0,1,24622.75,24623.0,24658.625,1,1238.214,0,402.5916241478433,NQ,69.35,1.0,False
20260217,50,1,24622.75,24632.75,24658.625,1,1238.214,0,402.5916241478433,NQ,49.85,40.0,False
20260217,250,1,24622.75,24632.5,24658.625,1,1238.214,0,402.5916241478433,NQ,50.35,39.0,False
20260218,0,1,24901.5,24901.75,24918.875,1,1.151,1,405.2993652801402,NQ,32.35,1.0,False
20260218,50,1,24901.5,24904.0,24918.875,1,1.151,1,405.2993652801402,NQ,27.85,10.0,False
20260218,250,1,24901.5,24902.5,24918.875,1,1.151,1,405.2993652801402,NQ,30.85,4.0,False
20260219,0,1,24846.25,24846.75,24810.25,2,0.108,1,403.22441061727307,NQ,-74.9,2.0,False
20260219,50,1,24846.25,24836.0,24808.25,2,0.108,1,403.22441061727307,NQ,-57.4,-41.0,False
20260219,250,1,24846.25,24835.75,24807.0,2,0.108,1,403.22441061727307,NQ,-59.4,-42.0,False
20260220,0,-1,24825.5,24825.0,24806.125,1,16.913,0,389.45838128746783,NQ,35.85,2.0,False
20260220,50,-1,24825.5,24834.5,24806.125,1,16.913,0,389.45838128746783,NQ,54.85,-36.0,False
20260220,250,-1,24825.5,24833.75,24806.125,1,16.913,0,389.45838128746783,NQ,53.35,-33.0,False
20260223,0,1,24936.5,24936.5,24915.75,2,83.79,1,394.5684969097916,NQ,-43.4,0.0,False
20260223,50,1,24936.5,24936.5,24916.0,2,83.79,1,394.5684969097916,NQ,-42.9,0.0,False
20260223,250,1,24936.5,24936.5,24915.75,2,83.79,1,394.5684969097916,NQ,-43.4,0.0,False
20260224,0,1,24858.75,24858.75,24874.0,1,1.951,1,395.4386042733779,NQ,28.6,0.0,False
20260224,50,1,24858.75,24858.5,24874.0,1,1.951,1,395.4386042733779,NQ,29.1,-1.0,False
20260224,250,1,24858.75,24859.75,24874.0,1,1.951,1,395.4386042733779,NQ,26.6,4.0,False
20260225,0,-1,25131.25,25131.25,25147.25,2,66.35,1,394.6394182538509,NQ,-33.9,-0.0,False
20260225,50,-1,25131.25,25130.75,25148.0,2,66.35,1,394.6394182538509,NQ,-36.4,2.0,False
20260225,250,-1,25131.25,25130.75,25148.0,2,66.35,1,394.6394182538509,NQ,-36.4,2.0,False
20260226,0,1,25399.5,25399.5,25408.125,1,22.295,1,392.6294598071473,NQ,15.35,0.0,False
20260226,50,1,25399.5,25399.5,25408.125,1,22.295,1,392.6294598071473,NQ,15.35,0.0,False
20260226,250,1,25399.5,25399.5,25408.125,1,22.295,1,392.6294598071473,NQ,15.35,0.0,False
20260227,0,-1,24873.75,24873.0,24848.5,1,1.104,0,401.92378410663684,NQ,47.1,3.0,False
20260227,50,-1,24873.75,24829.75,24835.25,4,1.104,0,401.92378410663684,NQ,-12.9,176.0,False
20260227,250,-1,24873.75,24824.5,24824.75,4,1.104,0,401.92378410663684,NQ,-2.4,197.0,False
20260302,0,-1,24661.75,24661.75,24622.875,1,892.537,0,394.7327995275914,NQ,75.85,-0.0,False
20260302,50,-1,24661.75,24660.75,24622.875,1,892.537,0,394.7327995275914,NQ,73.85,4.0,False
20260302,250,-1,24661.75,24660.75,24622.875,1,892.537,0,394.7327995275914,NQ,73.85,4.0,False
20260303,0,-1,24514.75,24514.75,24484.25,1,21.802,0,401.96617098990635,NQ,59.1,-0.0,False
20260303,50,-1,24514.75,24517.75,24484.25,1,21.802,0,401.96617098990635,NQ,65.1,-12.0,False
20260303,250,-1,24514.75,24514.75,24484.25,1,21.802,0,401.96617098990635,NQ,59.1,-0.0,False
20260304,0,-1,24863.0,24862.75,24891.25,2,112.113,1,421.20073020491304,NQ,-58.9,1.0,False
20260304,50,-1,24863.0,24861.75,24891.5,2,112.113,1,421.20073020491304,NQ,-61.4,5.0,False
20260304,250,-1,24863.0,24864.25,24889.25,2,112.113,1,421.20073020491304,NQ,-51.9,-5.0,False
20260305,0,1,25059.75,25059.75,25023.75,2,0.821,1,424.0078209045621,NQ,-73.9,0.0,False
20260305,50,1,25059.75,25060.0,25023.25,2,0.821,1,424.0078209045621,NQ,-75.4,1.0,False
20260305,250,1,25059.75,25060.0,25022.75,2,0.821,1,424.0078209045621,NQ,-76.4,1.0,False
20260306,0,1,24878.25,24879.75,24898.75,1,1.031,1,424.9536908399505,NQ,36.1,6.0,True
20260306,50,1,24878.25,24799.0,24799.0,4,1.031,1,424.9536908399505,NQ,-1.9,-317.0,True
20260306,250,1,24878.25,24799.0,24799.0,4,1.031,1,424.9536908399505,NQ,-1.9,-317.0,True
20260309,0,-1,24434.0,24434.0,24421.25,1,132.985,0,426.51057006566833,NQ,23.6,-0.0,False
20260309,50,-1,24434.0,24431.0,24421.25,1,132.985,0,426.51057006566833,NQ,17.6,12.0,False
20260309,250,-1,24434.0,24430.5,24421.25,1,132.985,0,426.51057006566833,NQ,16.6,14.0,False
20260310,0,-1,24916.5,24916.5,24899.5,1,4.922,1,449.25981506097776,NQ,32.1,-0.0,False
20260310,50,-1,24916.5,24915.75,24899.5,1,4.922,1,449.25981506097776,NQ,30.6,3.0,False
20260310,250,-1,24916.5,24915.75,24899.5,1,4.922,1,449.25981506097776,NQ,30.6,3.0,False
20260311,0,1,25000.25,25000.25,25022.5,1,1.006,1,440.4019711280508,NQ,42.6,0.0,True
20260311,50,1,25000.25,25053.75,25053.75,4,1.006,1,440.4019711280508,NQ,-1.9,214.0,True
20260311,250,1,25000.25,25053.75,25053.75,4,1.006,1,440.4019711280508,NQ,-1.9,214.0,True
20260312,0,-1,24817.75,24817.5,24804.625,1,57.963,1,430.8375446189043,NQ,23.85,1.0,False
20260312,50,-1,24817.75,24815.75,24804.625,1,57.963,1,430.8375446189043,NQ,20.35,8.0,False
20260312,250,-1,24817.75,24815.25,24804.625,1,57.963,1,430.8375446189043,NQ,19.35,10.0,False
20260313,0,1,24659.0,24659.25,24673.375,1,20.823,0,431.58129143183976,NQ,26.35,1.0,False
20260313,50,1,24659.0,24660.5,24673.375,1,20.823,0,431.58129143183976,NQ,23.85,6.0,False
20260313,250,1,24659.0,24662.25,24673.375,1,20.823,0,431.58129143183976,NQ,20.35,13.0,False
20260316,0,1,24673.25,24673.25,24684.125,1,39.678,1,433.23619918670835,NQ,19.85,0.0,False
20260316,50,1,24673.25,24673.25,24684.125,1,39.678,1,433.23619918670835,NQ,19.85,0.0,False
20260316,250,1,24673.25,24673.25,24684.125,1,39.678,1,433.23619918670835,NQ,19.85,0.0,False
20260317,0,1,24699.75,24699.75,24710.75,1,76.343,0,432.1657563876578,NQ,20.1,0.0,False
20260317,50,1,24699.75,24699.0,24710.75,1,76.343,0,432.1657563876578,NQ,21.6,-3.0,False
20260317,250,1,24699.75,24699.0,24710.75,1,76.343,0,432.1657563876578,NQ,21.6,-3.0,False
20260318,0,-1,24998.75,24998.75,24981.875,1,22.134,0,417.4217737885394,NQ,31.85,-0.0,False
20260318,50,-1,24998.75,24998.75,24981.875,1,22.134,0,417.4217737885394,NQ,31.85,-0.0,False
20260318,250,-1,24998.75,24996.25,24981.875,1,22.134,0,417.4217737885394,NQ,26.85,10.0,False
20260319,0,-1,24458.0,24458.0,24429.125,1,37.167,0,413.8737899465009,NQ,55.85,-0.0,False
20260319,50,-1,24458.0,24458.0,24429.125,1,37.167,0,413.8737899465009,NQ,55.85,-0.0,False
20260319,250,-1,24458.0,24455.5,24429.125,1,37.167,0,413.8737899465009,NQ,50.85,10.0,False
20260320,0,-1,24458.0,24457.25,24496.75,2,197.652,1,410.36494780746517,NQ,-80.9,3.0,False
20260320,50,-1,24458.0,24458.75,24497.25,2,197.652,1,410.36494780746517,NQ,-78.9,-3.0,False
20260320,250,-1,24458.0,24458.75,24497.25,2,197.652,1,410.36494780746517,NQ,-78.9,-3.0,False
20260323,0,-1,24479.75,24479.75,24458.5,1,10.222,1,424.1603086783605,NQ,40.6,-0.0,False
20260323,50,-1,24479.75,24479.5,24458.5,1,10.222,1,424.1603086783605,NQ,40.1,1.0,False
20260323,250,-1,24479.75,24481.25,24458.5,1,10.222,1,424.1603086783605,NQ,43.6,-6.0,False
20260324,0,-1,24328.75,24327.5,24305.375,1,99.336,0,435.04171520133474,NQ,42.35,5.0,False
20260324,50,-1,24328.75,24328.0,24305.375,1,99.336,0,435.04171520133474,NQ,43.35,3.0,False
20260324,250,-1,24328.75,24328.0,24305.375,1,99.336,0,435.04171520133474,NQ,43.35,3.0,False
20260325,0,-1,24393.75,24393.75,24466.25,2,78.707,1,422.87802125838226,NQ,-146.9,-0.0,False
20260325,50,-1,24393.75,24393.25,24467.5,2,78.707,1,422.87802125838226,NQ,-150.4,2.0,False
20260325,250,-1,24393.75,24393.25,24471.25,2,78.707,1,422.87802125838226,NQ,-157.9,2.0,False
20260326,0,-1,24128.0,24128.0,24120.375,1,8.799,1,414.58316259706925,NQ,13.35,-0.0,False
20260326,50,-1,24128.0,24127.0,24120.375,1,8.799,1,414.58316259706925,NQ,11.35,4.0,False
20260326,250,-1,24128.0,24127.0,24120.375,1,8.799,1,414.58316259706925,NQ,11.35,4.0,False
20260327,0,-1,23627.0,23627.0,23612.75,1,272.055,1,427.59507955442143,NQ,26.6,-0.0,False
20260327,50,-1,23627.0,23626.75,23612.75,1,272.055,1,427.59507955442143,NQ,26.1,1.0,False
20260327,250,-1,23627.0,23626.0,23612.75,1,272.055,1,427.59507955442143,NQ,24.6,4.0,False
20260330,0,1,23510.25,23510.25,23528.0,1,42.807,0,434.0347167291056,NQ,33.6,0.0,False
20260330,50,1,23510.25,23508.75,23528.0,1,42.807,0,434.0347167291056,NQ,36.6,-6.0,False
20260330,250,1,23510.25,23508.75,23528.0,1,42.807,0,434.0347167291056,NQ,36.6,-6.0,False
20260331,0,1,23415.25,23415.25,23451.5,1,303.564,0,439.72866553416947,NQ,70.6,0.0,False
20260331,50,1,23415.25,23413.5,23451.5,1,303.564,0,439.72866553416947,NQ,74.1,-7.0,False
20260331,250,1,23415.25,23413.5,23451.5,1,303.564,0,439.72866553416947,NQ,74.1,-7.0,False
20260401,0,-1,24123.25,24123.25,24172.75,2,427.13,1,468.3016179960145,NQ,-100.9,-0.0,False
20260401,50,-1,24123.25,24123.0,24166.0,2,427.13,1,468.3016179960145,NQ,-87.9,1.0,False
20260401,250,-1,24123.25,24123.0,24176.0,2,427.13,1,468.3016179960145,NQ,-107.9,1.0,False
20260402,0,1,23734.25,23734.25,23752.125,1,194.945,0,466.17293099629916,NQ,33.85,0.0,False
20260402,50,1,23734.25,23734.75,23752.125,1,194.945,0,466.17293099629916,NQ,32.85,2.0,False
20260402,250,1,23734.25,23735.75,23752.125,1,194.945,0,466.17293099629916,NQ,30.85,6.0,False
20260403,0,1,24172.25,24172.25,24189.25,1,1.143,1,474.928435925135,NQ,32.1,0.0,True
20260403,50,1,24172.25,24233.0,24230.0,4,1.143,1,474.928435925135,NQ,-7.9,243.0,True
20260403,250,1,24172.25,24233.0,24230.0,4,1.143,1,474.928435925135,NQ,-7.9,243.0,True
20260406,0,1,24317.75,24318.0,24332.625,1,237.929,1,474.928435925135,NQ,27.35,1.0,False
20260406,50,1,24317.75,24318.5,24332.625,1,237.929,1,474.928435925135,NQ,26.35,3.0,False
20260406,250,1,24317.75,24319.5,24332.625,1,237.929,1,474.928435925135,NQ,24.35,7.0,False
20260407,0,1,24244.25,24244.25,24195.25,2,0.199,1,474.928435925135,NQ,-99.9,0.0,False
20260407,50,1,24244.25,24245.0,24194.5,2,0.199,1,474.928435925135,NQ,-102.9,3.0,False
20260407,250,1,24244.25,24245.0,24194.5,2,0.199,1,474.928435925135,NQ,-102.9,3.0,False
20260408,0,1,25210.75,25210.75,25238.75,1,1045.787,0,472.39783335905395,NQ,54.1,0.0,False
20260408,50,1,25210.75,25211.75,25238.75,1,1045.787,0,472.39783335905395,NQ,52.1,4.0,False
20260408,250,1,25210.75,25212.0,25238.75,1,1045.787,0,472.39783335905395,NQ,51.6,5.0,False
20260409,0,1,25041.0,25041.0,25026.0,2,0.675,1,501.5301309762644,NQ,-31.9,0.0,False
20260409,50,1,25041.0,25036.5,25025.75,2,0.675,1,501.5301309762644,NQ,-23.4,-18.0,False
20260409,250,1,25041.0,25042.75,25026.0,2,0.675,1,501.5301309762644,NQ,-35.4,7.0,False
20260413,0,1,25129.25,25129.25,25137.75,1,15.96,0,465.1497047703504,NQ,15.1,0.0,False
20260413,50,1,25129.25,25129.5,25137.75,1,15.96,0,465.1497047703504,NQ,14.6,1.0,False
20260413,250,1,25129.25,25130.0,25137.75,1,15.96,0,465.1497047703504,NQ,13.6,3.0,False
20260414,0,1,25701.25,25701.75,25656.25,2,1.196,1,459.7997258581825,NQ,-92.9,2.0,False
20260414,50,1,25701.25,25701.0,25658.0,2,1.196,1,459.7997258581825,NQ,-87.9,-1.0,False
20260414,250,1,25701.25,25704.5,25657.75,2,1.196,1,459.7997258581825,NQ,-95.4,13.0,False
20260415,0,1,25981.75,25981.75,25988.875,1,209.69,0,460.1711740111695,NQ,12.35,0.0,False
20260415,50,1,25981.75,25980.5,25988.875,1,209.69,0,460.1711740111695,NQ,14.85,-5.0,False
20260415,250,1,25981.75,25980.5,25988.875,1,209.69,0,460.1711740111695,NQ,14.85,-5.0,False
20260416,0,1,26427.25,26427.75,26408.75,2,0.11,1,455.53394729608596,NQ,-39.9,2.0,False
20260416,50,1,26427.25,26428.75,26408.5,2,0.11,1,455.53394729608596,NQ,-42.4,6.0,False
20260416,250,1,26427.25,26428.75,26409.0,2,0.11,1,455.53394729608596,NQ,-41.4,6.0,False
20260417,0,1,26625.25,26625.25,26652.875,1,26.653,0,443.6029510606512,NQ,53.35,0.0,False
20260417,50,1,26625.25,26626.0,26652.875,1,26.653,0,443.6029510606512,NQ,51.85,3.0,False
20260417,250,1,26625.25,26625.5,26652.875,1,26.653,0,443.6029510606512,NQ,52.85,1.0,False
20260420,0,1,26727.75,26727.75,26736.625,1,38.388,0,440.48845455631897,NQ,15.85,0.0,False
20260420,50,1,26727.75,26728.0,26736.625,1,38.388,0,440.48845455631897,NQ,15.35,1.0,False
20260420,250,1,26727.75,26728.5,26736.625,1,38.388,0,440.48845455631897,NQ,14.35,3.0,False
20260421,0,1,26861.0,26861.0,26827.5,2,0.404,1,427.5249935165819,NQ,-68.9,0.0,False
20260421,50,1,26861.0,26860.25,26824.5,2,0.404,1,427.5249935165819,NQ,-73.4,-3.0,False
20260421,250,1,26861.0,26860.75,26825.0,2,0.404,1,427.5249935165819,NQ,-73.4,-1.0,False
20260422,0,-1,26865.75,26865.75,26849.125,1,0.351,0,420.8089225511118,NQ,31.35,-0.0,False
20260422,50,-1,26865.75,26865.75,26849.125,1,0.351,0,420.8089225511118,NQ,31.35,-0.0,False
20260422,250,-1,26865.75,26864.25,26849.125,1,0.351,0,420.8089225511118,NQ,28.35,6.0,False
20260423,0,1,27046.75,27046.75,27020.5,2,91.312,1,422.9475709403181,NQ,-54.4,0.0,False
20260423,50,1,27046.75,27047.5,27017.25,2,91.312,1,422.9475709403181,NQ,-62.4,3.0,False
20260423,250,1,27046.75,27047.5,27000.75,2,91.312,1,422.9475709403181,NQ,-95.4,3.0,False
20260424,0,-1,27263.0,27262.75,27242.5,1,273.229,0,426.5941730160096,NQ,38.6,1.0,False
20260424,50,-1,27263.0,27261.75,27242.5,1,273.229,0,426.5941730160096,NQ,36.6,5.0,False
20260424,250,-1,27263.0,27261.75,27242.5,1,273.229,0,426.5941730160096,NQ,36.6,5.0,False
20260427,0,-1,27397.75,27397.75,27370.75,1,449.601,0,434.4267320862947,NQ,52.1,-0.0,False
20260427,50,-1,27397.75,27398.25,27370.75,1,449.601,0,434.4267320862947,NQ,53.1,-2.0,False
20260427,250,-1,27397.75,27398.75,27370.75,1,449.601,0,434.4267320862947,NQ,54.1,-4.0,False
20260428,0,-1,27041.75,27041.75,27124.25,2,73.035,1,414.5569655087022,NQ,-166.9,-0.0,False
20260428,50,-1,27041.75,27040.25,27125.0,2,73.035,1,414.5569655087022,NQ,-171.4,6.0,False
20260428,250,-1,27041.75,27040.5,27124.0,2,73.035,1,414.5569655087022,NQ,-168.9,5.0,False
20260429,0,-1,27217.5,27217.5,27200.375,1,17.66,0,416.0528965437949,NQ,32.35,-0.0,False
20260429,50,-1,27217.5,27220.0,27200.375,1,17.66,0,416.0528965437949,NQ,37.35,-10.0,False
20260429,250,-1,27217.5,27221.25,27200.375,1,17.66,0,416.0528965437949,NQ,39.85,-15.0,False
20260430,0,1,27541.25,27541.75,27509.25,2,0.883,1,401.7634039335238,NQ,-66.9,2.0,False
20260430,50,1,27541.25,27538.25,27510.0,2,0.883,1,401.7634039335238,NQ,-58.4,-12.0,False
20260430,250,1,27541.25,27538.25,27510.5,2,0.883,1,401.7634039335238,NQ,-57.4,-12.0,False
20260501,0,-1,27589.5,27589.5,27571.25,1,668.614,1,405.83387508112924,NQ,34.6,-0.0,False
20260501,50,-1,27589.5,27589.25,27571.25,1,668.614,1,405.83387508112924,NQ,34.1,1.0,False
20260501,250,-1,27589.5,27590.75,27571.25,1,668.614,1,405.83387508112924,NQ,37.1,-5.0,False
20260504,0,-1,27852.5,27852.25,27842.375,1,91.725,1,401.09574114676286,NQ,17.85,1.0,False
20260504,50,-1,27852.5,27852.0,27842.375,1,91.725,1,401.09574114676286,NQ,17.35,2.0,False
20260504,250,-1,27852.5,27852.25,27842.375,1,91.725,1,401.09574114676286,NQ,17.85,1.0,False
20260505,0,-1,27979.75,27979.75,27971.25,1,397.948,1,395.874616779137,NQ,15.1,-0.0,False
20260505,50,-1,27979.75,27979.5,27971.25,1,397.948,1,395.874616779137,NQ,14.6,1.0,False
20260505,250,-1,27979.75,27979.25,27971.25,1,397.948,1,395.874616779137,NQ,14.1,2.0,False
20260506,0,-1,28476.5,28476.5,28457.75,1,169.29,0,396.74071558062724,NQ,35.6,-0.0,False
20260506,50,-1,28476.5,28480.75,28457.75,1,169.29,0,396.74071558062724,NQ,44.1,-17.0,False
20260506,250,-1,28476.5,28479.25,28457.75,1,169.29,0,396.74071558062724,NQ,41.1,-11.0,False
20260507,0,1,28741.5,28741.5,28753.125,1,31.835,0,410.544950182011,NQ,21.35,0.0,False
20260507,50,1,28741.5,28740.25,28753.125,1,31.835,0,410.544950182011,NQ,23.85,-5.0,False
20260507,250,1,28741.5,28740.25,28753.125,1,31.835,0,410.544950182011,NQ,23.85,-5.0,False
20260508,0,1,28906.5,28906.5,28921.375,1,0.341,1,409.2738823118674,NQ,27.85,0.0,True
20260508,50,1,28906.5,28906.5,28921.375,1,0.341,1,409.2738823118674,NQ,27.85,0.0,True
20260508,250,1,28906.5,28906.75,28921.375,1,0.341,1,409.2738823118674,NQ,27.35,1.0,True
20260511,0,1,29308.75,29308.75,29277.75,2,17.073,1,426.95074786101975,NQ,-63.9,0.0,False
20260511,50,1,29308.75,29308.5,29278.0,2,17.073,1,426.95074786101975,NQ,-62.9,-1.0,False
20260511,250,1,29308.75,29308.5,29277.5,2,17.073,1,426.95074786101975,NQ,-63.9,-1.0,False
20260512,0,1,29159.0,29159.5,29126.75,2,0.558,1,413.1149801566612,NQ,-67.4,2.0,True
20260512,50,1,29159.0,29160.0,29132.25,2,0.558,1,413.1149801566612,NQ,-57.4,4.0,True
20260512,250,1,29159.0,29160.0,29137.5,2,0.558,1,413.1149801566612,NQ,-46.9,4.0,True
20260513,0,-1,29309.0,29309.0,29283.0,1,2.242,0,432.696053002614,NQ,50.1,-0.0,False
20260513,50,-1,29309.0,29307.75,29283.0,1,2.242,0,432.696053002614,NQ,47.6,5.0,False
20260513,250,-1,29309.0,29321.5,29283.0,1,2.242,0,432.696053002614,NQ,75.1,-50.0,False
20260514,0,-1,29552.25,29551.25,29540.75,1,2.952,0,436.82490635957015,NQ,19.1,4.0,False
20260514,50,-1,29552.25,29553.75,29540.75,1,2.952,0,436.82490635957015,NQ,24.1,-6.0,False
20260514,250,-1,29552.25,29553.75,29540.75,1,2.952,0,436.82490635957015,NQ,24.1,-6.0,False
20260515,0,-1,29187.75,29187.5,29159.875,1,9.303,1,428.73027019102943,NQ,53.35,1.0,False
20260515,50,-1,29187.75,29189.5,29159.875,1,9.303,1,428.73027019102943,NQ,57.35,-7.0,False
20260515,250,-1,29187.75,29190.5,29159.875,1,9.303,1,428.73027019102943,NQ,59.35,-11.0,False
20260518,0,-1,29189.25,29188.25,29221.0,2,60.117,1,440.7495366059559,NQ,-67.4,4.0,False
20260518,50,-1,29189.25,29187.5,29223.5,2,60.117,1,440.7495366059559,NQ,-73.9,7.0,False
20260518,250,-1,29189.25,29189.25,29221.0,2,60.117,1,440.7495366059559,NQ,-65.4,-0.0,False
20260519,0,1,28877.5,28877.5,28895.375,1,31.137,1,447.9459982769591,NQ,33.85,0.0,False
20260519,50,1,28877.5,28877.25,28895.375,1,31.137,1,447.9459982769591,NQ,34.35,-1.0,False
20260519,250,1,28877.5,28877.25,28895.375,1,31.137,1,447.9459982769591,NQ,34.35,-1.0,False
20260520,0,1,29161.5,29161.5,29108.75,2,252.397,1,449.0569984000334,NQ,-107.4,0.0,False
20260520,50,1,29161.5,29166.0,29110.0,2,252.397,1,449.0569984000334,NQ,-113.9,18.0,False
20260520,250,1,29161.5,29166.25,29110.0,2,252.397,1,449.0569984000334,NQ,-114.4,19.0,False
20260521,0,1,29262.25,29262.5,29283.75,1,186.807,1,450.7136413714596,NQ,40.6,1.0,False
20260521,50,1,29262.25,29258.25,29283.75,1,186.807,1,450.7136413714596,NQ,49.1,-16.0,False
20260521,250,1,29262.25,29256.25,29283.75,1,186.807,1,450.7136413714596,NQ,53.1,-24.0,False
20260522,0,1,29573.75,29573.75,29595.375,1,947.893,0,449.0198098449268,NQ,41.35,0.0,False
20260522,50,1,29573.75,29573.0,29595.375,1,947.893,0,449.0198098449268,NQ,42.85,-3.0,False
20260522,250,1,29573.75,29573.0,29595.375,1,947.893,0,449.0198098449268,NQ,42.85,-3.0,False
20260525,0,-1,29959.75,29959.75,29944.5,1,222.191,0,438.5719662845749,NQ,28.6,-0.0,False
20260525,50,-1,29959.75,29958.75,29944.5,1,222.191,0,438.5719662845749,NQ,26.6,4.0,False
20260525,250,-1,29959.75,29957.25,29944.5,1,222.191,0,438.5719662845749,NQ,23.6,10.0,False
20260526,0,1,29902.75,29902.75,29915.875,1,206.013,0,438.7632544071053,NQ,24.35,0.0,False
20260526,50,1,29902.75,29903.25,29915.875,1,206.013,0,438.7632544071053,NQ,23.35,2.0,False
20260526,250,1,29902.75,29903.5,29915.875,1,206.013,0,438.7632544071053,NQ,22.85,3.0,False
20260527,0,-1,30291.0,30291.0,30246.875,1,1087.238,0,428.2801648065978,NQ,86.35,-0.0,False
20260527,50,-1,30291.0,30291.75,30246.875,1,1087.238,0,428.2801648065978,NQ,87.85,-3.0,False
20260527,250,-1,30291.0,30291.75,30246.875,1,1087.238,0,428.2801648065978,NQ,87.85,-3.0,False
20260528,0,1,29956.0,29956.0,29970.0,1,4.91,0,420.15301017755513,NQ,26.1,0.0,False
20260528,50,1,29956.0,29955.75,29970.0,1,4.91,0,420.15301017755513,NQ,26.6,-1.0,False
20260528,250,1,29956.0,29955.25,29970.0,1,4.91,0,420.15301017755513,NQ,27.6,-3.0,False
20260529,0,-1,30312.0,30312.0,30301.875,1,214.456,1,420.4456523077298,NQ,18.35,-0.0,False
20260529,50,-1,30312.0,30302.75,30301.875,1,214.456,1,420.4456523077298,NQ,-0.1499999999999999,37.0,False
20260529,250,-1,30312.0,30299.5,30300.0,4,214.456,1,420.4456523077298,NQ,-2.9,50.0,False
20260601,0,1,30459.25,30459.5,30473.75,1,370.193,1,409.41382000003483,NQ,26.6,1.0,False
20260601,50,1,30459.25,30460.0,30473.75,1,370.193,1,409.41382000003483,NQ,25.6,3.0,False
20260601,250,1,30459.25,30459.75,30473.75,1,370.193,1,409.41382000003483,NQ,26.1,2.0,False
20260602,0,1,30560.0,30560.0,30524.5,2,760.569,1,408.81283285717524,NQ,-72.9,0.0,False
20260602,50,1,30560.0,30559.25,30524.5,2,760.569,1,408.81283285717524,NQ,-71.4,-3.0,False
20260602,250,1,30560.0,30559.25,30524.5,2,760.569,1,408.81283285717524,NQ,-71.4,-3.0,False
20260603,0,-1,30753.75,30753.75,30742.875,1,0.304,0,400.86191622451986,NQ,19.85,-0.0,False
20260603,50,-1,30753.75,30755.0,30742.875,1,0.304,0,400.86191622451986,NQ,22.35,-5.0,False
20260603,250,-1,30753.75,30755.5,30742.875,1,0.304,0,400.86191622451986,NQ,23.35,-7.0,False
20260604,0,1,30252.0,30252.25,30266.625,1,2.692,0,394.4967793513399,NQ,26.85,1.0,False
20260604,50,1,30252.0,30258.0,30266.625,1,2.692,0,394.4967793513399,NQ,15.35,24.0,False
20260604,250,1,30252.0,30257.5,30266.625,1,2.692,0,394.4967793513399,NQ,16.35,22.0,False
20260605,0,-1,30102.75,30102.75,30075.625,1,1.113,0,400.94343796910135,NQ,52.35,-0.0,True
20260605,50,-1,30102.75,30124.25,30075.625,1,1.113,0,400.94343796910135,NQ,95.35,-86.0,True
20260605,250,-1,30102.75,30146.75,30075.625,1,1.113,0,400.94343796910135,NQ,140.35,-176.0,True
20260608,0,1,29458.0,29458.0,29480.875,1,2.32,0,480.25104954273695,NQ,43.85,0.0,False
20260608,50,1,29458.0,29456.5,29480.875,1,2.32,0,480.25104954273695,NQ,46.85,-6.0,False
20260608,250,1,29458.0,29456.5,29480.875,1,2.32,0,480.25104954273695,NQ,46.85,-6.0,False
20260609,0,1,29682.25,29682.25,29697.375,1,27.187,0,497.89383171825574,NQ,28.35,0.0,False
20260609,50,1,29682.25,29684.75,29697.375,1,27.187,0,497.89383171825574,NQ,23.35,10.0,False
20260609,250,1,29682.25,29685.0,29697.375,1,27.187,0,497.89383171825574,NQ,22.85,11.0,False
20260610,0,1,28755.25,28759.25,28800.5,1,0.456,0,578.0799865955232,NQ,80.6,16.0,True
20260610,50,1,28755.25,28753.25,28800.5,1,0.456,0,578.0799865955232,NQ,92.6,-8.0,True
20260610,250,1,28755.25,28761.0,28800.5,1,0.456,0,578.0799865955232,NQ,77.1,23.0,True
20260611,0,-1,28716.25,28715.25,28642.392501555878,1,18.349,0,590.8599875529859,NQ,143.81499688824405,4.0,False
20260611,50,-1,28716.25,28715.0,28642.392501555878,1,18.349,0,590.8599875529859,NQ,143.31499688824405,5.0,False
20260611,250,-1,28716.25,28715.0,28642.392501555878,1,18.349,0,590.8599875529859,NQ,143.31499688824405,5.0,False
20260612,0,-1,29528.0,29528.0,29497.625,1,185.078,0,621.3878455849156,NQ,58.85,-0.0,False
20260612,50,-1,29528.0,29527.0,29497.625,1,185.078,0,621.3878455849156,NQ,56.85,4.0,False
20260612,250,-1,29528.0,29527.0,29497.625,1,185.078,0,621.3878455849156,NQ,56.85,4.0,False
20260615,0,-1,30258.75,30258.75,30245.875,1,221.021,1,614.8601423288502,NQ,23.85,-0.0,False
20260615,50,-1,30258.75,30259.5,30245.875,1,221.021,1,614.8601423288502,NQ,25.35,-3.0,False
20260615,250,-1,30258.75,30259.5,30245.875,1,221.021,1,614.8601423288502,NQ,25.35,-3.0,False
20260616,0,-1,30530.0,30529.75,30496.625,1,144.591,0,639.8165607339323,NQ,64.35,1.0,False
20260616,50,-1,30530.0,30529.0,30496.625,1,144.591,0,639.8165607339323,NQ,62.85,4.0,False
20260616,250,-1,30530.0,30528.0,30496.625,1,144.591,0,639.8165607339323,NQ,60.85,8.0,False
20260617,0,1,30479.75,30480.0,30495.875,1,28.523,0,636.8296635386514,NQ,29.85,1.0,False
20260617,50,1,30479.75,30480.75,30495.875,1,28.523,0,636.8296635386514,NQ,28.35,4.0,False
20260617,250,1,30479.75,30480.75,30495.875,1,28.523,0,636.8296635386514,NQ,28.35,4.0,False
20260618,0,1,30474.0,30474.0,30492.0,1,2.725,0,635.8239732858906,NQ,34.1,0.0,False
20260618,50,1,30474.0,30476.0,30492.0,1,2.725,0,635.8239732858906,NQ,30.1,8.0,False
20260618,250,1,30474.0,30477.0,30492.0,1,2.725,0,635.8239732858906,NQ,28.1,12.0,False
20260619,0,-1,30561.75,30561.75,30552.875,1,1.578,1,646.7294037654698,NQ,15.85,-0.0,False
20260619,50,-1,30561.75,30560.5,30552.875,1,1.578,1,646.7294037654698,NQ,13.35,5.0,False
20260619,250,-1,30561.75,30557.25,30552.875,1,1.578,1,646.7294037654698,NQ,6.85,18.0,False
20260622,0,1,30828.0,30828.0,30853.0,1,14.335,0,605.7665892107934,NQ,48.1,0.0,False
20260622,50,1,30828.0,30826.25,30853.0,1,14.335,0,605.7665892107934,NQ,51.6,-7.0,False
20260622,250,1,30828.0,30827.5,30853.0,1,14.335,0,605.7665892107934,NQ,49.1,-2.0,False
20260623,0,-1,29743.75,29743.75,29712.625,1,204.722,0,595.7118328385939,NQ,60.35,-0.0,False
20260623,50,-1,29743.75,29743.75,29712.625,1,204.722,0,595.7118328385939,NQ,60.35,-0.0,False
20260623,250,-1,29743.75,29746.0,29712.625,1,204.722,0,595.7118328385939,NQ,64.85,-9.0,False
20260624,0,-1,29837.75,29837.75,29820.125,1,133.126,0,630.0895590644086,NQ,33.35,-0.0,False
20260624,50,-1,29837.75,29833.75,29820.125,1,133.126,0,630.0895590644086,NQ,25.35,16.0,False
20260624,250,-1,29837.75,29835.0,29820.125,1,133.126,0,630.0895590644086,NQ,27.85,11.0,False
20260625,0,1,30146.5,30146.5,30161.375,1,9.719,0,630.9938762740937,NQ,27.85,0.0,False
20260625,50,1,30146.5,30149.75,30161.375,1,9.719,0,630.9938762740937,NQ,21.35,13.0,False
20260625,250,1,30146.5,30149.75,30161.375,1,9.719,0,630.9938762740937,NQ,21.35,13.0,False
20260626,0,-1,29373.0,29372.5,29349.75,1,254.459,0,650.0121708259442,NQ,43.6,2.0,False
20260626,50,-1,29373.0,29372.25,29349.75,1,254.459,0,650.0121708259442,NQ,43.1,3.0,False
20260626,250,-1,29373.0,29371.75,29349.75,1,254.459,0,650.0121708259442,NQ,42.1,5.0,False
20260629,0,-1,29707.25,29707.25,29694.75,1,36.78,1,644.154158624091,NQ,23.1,-0.0,False
20260629,50,-1,29707.25,29707.0,29694.75,1,36.78,1,644.154158624091,NQ,22.6,1.0,False
20260629,250,-1,29707.25,29707.0,29694.75,1,36.78,1,644.154158624091,NQ,22.6,1.0,False
20260630,0,-1,30036.5,30036.5,30012.0,1,0.351,0,654.9824330080845,NQ,47.1,-0.0,False
20260630,50,-1,30036.5,30035.5,30012.0,1,0.351,0,654.9824330080845,NQ,45.1,4.0,False
20260630,250,-1,30036.5,30035.75,30012.0,1,0.351,0,654.9824330080845,NQ,45.6,3.0,False
20260701,0,-1,30363.25,30362.25,30350.875,1,13.713,1,648.68011636465,NQ,20.85,4.0,False
20260701,50,-1,30363.25,30361.25,30350.875,1,13.713,1,648.68011636465,NQ,18.85,8.0,False
20260701,250,-1,30363.25,30359.25,30350.875,1,13.713,1,648.68011636465,NQ,14.85,16.0,False
20260702,0,1,30190.5,30192.0,30222.25,1,1.736,1,635.1672509100321,NQ,58.6,6.0,True
20260702,50,1,30190.5,30192.0,30222.25,1,1.736,1,635.1672509100321,NQ,58.6,6.0,True
20260702,250,1,30190.5,30181.5,30222.25,1,1.736,1,635.1672509100321,NQ,79.6,-36.0,True
20260703,0,1,29886.75,29887.0,29892.0,1,15.138,0,658.726732987887,NQ,8.1,1.0,False
20260703,50,1,29886.75,29888.0,29892.0,1,15.138,0,658.726732987887,NQ,6.1,5.0,False
20260703,250,1,29886.75,29886.75,29892.0,1,15.138,0,658.726732987887,NQ,8.6,0.0,False
20260706,0,1,29929.75,29930.0,29876.0,2,1491.986,1,641.4605377744665,NQ,-109.9,1.0,False
20260706,50,1,29929.75,29930.5,29873.75,2,1491.986,1,641.4605377744665,NQ,-115.4,3.0,False
20260706,250,1,29929.75,29930.5,29874.25,2,1491.986,1,641.4605377744665,NQ,-114.4,3.0,False
20260707,0,1,29689.75,29689.75,29705.5,1,47.603,1,618.3383565048617,NQ,29.6,0.0,False
20260707,50,1,29689.75,29692.25,29705.5,1,47.603,1,618.3383565048617,NQ,24.6,10.0,False
20260707,250,1,29689.75,29692.25,29705.5,1,47.603,1,618.3383565048617,NQ,24.6,10.0,False
20260708,0,1,29180.25,29181.75,29208.125,1,3.025,0,627.1534738973717,NQ,50.85,6.0,False
20260708,50,1,29180.25,29182.5,29208.125,1,3.025,0,627.1534738973717,NQ,49.35,9.0,False
20260708,250,1,29180.25,29186.5,29208.125,1,3.025,0,627.1534738973717,NQ,41.35,25.0,False
20260709,0,1,29755.25,29755.5,29780.75,1,1.185,0,615.642511476131,NQ,48.6,1.0,False
20260709,50,1,29755.25,29749.75,29780.75,1,1.185,0,615.642511476131,NQ,60.1,-22.0,False
20260709,250,1,29755.25,29751.25,29780.75,1,1.185,0,615.642511476131,NQ,57.1,-16.0,False
20260710,0,-1,29826.5,29826.5,29857.25,2,321.262,1,609.9537606564073,NQ,-63.4,-0.0,False
20260710,50,-1,29826.5,29825.0,29857.0,2,321.262,1,609.9537606564073,NQ,-65.9,6.0,False
20260710,250,-1,29826.5,29824.0,29857.0,2,321.262,1,609.9537606564073,NQ,-67.9,10.0,False
20260713,0,-1,29682.5,29682.5,29665.375,1,2.461,1,595.1534920380925,NQ,32.35,-0.0,False
20260713,50,-1,29682.5,29682.0,29665.375,1,2.461,1,595.1534920380925,NQ,31.35,2.0,False
20260713,250,-1,29682.5,29682.0,29665.375,1,2.461,1,595.1534920380925,NQ,31.35,2.0,False
20260714,0,1,29694.25,29694.25,29743.125,1,0.352,0,598.660385463943,NQ,95.85,0.0,True
20260714,50,1,29694.25,29694.25,29743.125,1,0.352,0,598.660385463943,NQ,95.85,0.0,True
20260714,250,1,29694.25,29695.5,29743.125,1,0.352,0,598.660385463943,NQ,93.35,5.0,True
20260715,0,1,29884.75,29885.0,29899.125,1,1.168,0,586.5239293593758,NQ,26.35,1.0,False
20260715,50,1,29884.75,29897.25,29899.125,1,1.168,0,586.5239293593758,NQ,1.85,50.0,False
20260715,250,1,29884.75,29914.25,29911.25,4,1.168,0,586.5239293593758,NQ,-7.9,118.0,False
20260716,0,-1,29377.75,29376.75,29440.75,2,440.25,1,586.0936486908489,NQ,-129.9,4.0,False
20260716,50,-1,29377.75,29377.0,29440.0,2,440.25,1,586.0936486908489,NQ,-127.9,3.0,False
20260716,250,-1,29377.75,29376.25,29441.0,2,440.25,1,586.0936486908489,NQ,-131.4,6.0,False
20260717,0,-1,28661.75,28661.75,28644.125,1,26.009,0,588.6941023557882,NQ,33.35,-0.0,False
20260717,50,-1,28661.75,28662.25,28644.125,1,26.009,0,588.6941023557882,NQ,34.35,-2.0,False
20260717,250,-1,28661.75,28662.5,28644.125,1,26.009,0,588.6941023557882,NQ,34.85,-3.0,False
20260720,0,1,29037.0,29037.0,29056.125,1,0.259,0,604.4123807589463,NQ,36.35,0.0,False
20260720,50,1,29037.0,29039.25,29056.125,1,0.259,0,604.4123807589463,NQ,31.85,9.0,False
20260720,250,1,29037.0,29040.75,29056.125,1,0.259,0,604.4123807589463,NQ,28.85,15.0,False
20260721,0,-1,29133.0,29133.0,29122.25,1,0.14,1,591.8293535618786,NQ,19.6,-0.0,False
20260721,50,-1,29133.0,29133.25,29122.25,1,0.14,1,591.8293535618786,NQ,20.1,-1.0,False
20260721,250,-1,29133.0,29133.0,29122.25,1,0.14,1,591.8293535618786,NQ,19.6,-0.0,False
20260722,0,1,29030.75,29030.75,29048.75,1,0.412,1,590.9486854503159,NQ,34.1,0.0,False
20260722,50,1,29030.75,29032.0,29048.75,1,0.412,1,590.9486854503159,NQ,31.6,5.0,False
20260722,250,1,29030.75,29031.25,29048.75,1,0.412,1,590.9486854503159,NQ,33.1,2.0,False
20260723,0,-1,28854.25,28854.25,28831.875,1,0.026,0,566.7559222038648,NQ,42.85,-0.0,False
20260723,50,-1,28854.25,28857.0,28831.875,1,0.026,0,566.7559222038648,NQ,48.35,-11.0,False
20260723,250,-1,28854.25,28854.5,28831.875,1,0.026,0,566.7559222038648,NQ,43.35,-1.0,False
20260724,0,-1,28649.75,28649.75,28628.125,1,276.89,0,578.2733563321601,NQ,41.35,-0.0,False
20260724,50,-1,28649.75,28648.0,28628.125,1,276.89,0,578.2733563321601,NQ,37.85,7.0,False
20260724,250,-1,28649.75,28649.5,28628.125,1,276.89,0,578.2733563321601,NQ,40.85,1.0,False
20260727,0,1,28653.5,28653.5,28665.75,1,11.167,1,566.8431165941487,NQ,22.6,0.0,False
20260727,50,1,28653.5,28656.25,28665.75,1,11.167,1,566.8431165941487,NQ,17.1,11.0,False
20260727,250,1,28653.5,28654.0,28665.75,1,11.167,1,566.8431165941487,NQ,21.6,2.0,False
20260728,0,1,28018.75,28018.75,27954.0,2,19.545,1,574.6936082659952,NQ,-131.4,0.0,False
20260728,50,1,28018.75,28020.0,27954.25,2,19.545,1,574.6936082659952,NQ,-133.4,5.0,False
20260728,250,1,28018.75,28020.0,27956.25,2,19.545,1,574.6936082659952,NQ,-129.4,5.0,False
20260729,0,-1,27852.5,27852.5,27904.0,2,14.499,1,575.6976362469956,NQ,-104.9,-0.0,False
20260729,50,-1,27852.5,27852.5,27904.75,2,14.499,1,575.6976362469956,NQ,-106.4,-0.0,False
20260729,250,-1,27852.5,27852.5,27904.75,2,14.499,1,575.6976362469956,NQ,-106.4,-0.0,False
20260730,0,1,27758.5,27758.5,27780.875,1,1.082,0,590.4335193722102,NQ,42.85,0.0,False
20260730,50,1,27758.5,27742.25,27780.875,1,1.082,0,590.4335193722102,NQ,75.35,-65.0,False
20260730,250,1,27758.5,27741.0,27780.875,1,1.082,0,590.4335193722102,NQ,77.85,-70.0,False
20260731,0,-1,28447.75,28447.25,28506.25,2,572.966,1,617.0275537027666,NQ,-119.9,2.0,False
20260731,50,-1,28447.75,28447.5,28506.0,2,572.966,1,617.0275537027666,NQ,-118.9,1.0,False
20260731,250,-1,28447.75,28448.25,28505.75,2,572.966,1,617.0275537027666,NQ,-116.9,-2.0,False
20260803,0,1,28462.0,28462.0,28482.25,1,37.17,1,619.0970141525689,NQ,38.6,0.0,False
20260803,50,1,28462.0,28460.5,28482.25,1,37.17,1,619.0970141525689,NQ,41.6,-6.0,False
20260803,250,1,28462.0,28458.75,28482.25,1,37.17,1,619.0970141525689,NQ,45.1,-13.0,False
20260804,0,-1,29215.75,29215.5,29206.375,1,77.748,1,621.3579417130998,NQ,16.35,1.0,False
20260804,50,-1,29215.75,29214.25,29206.375,1,77.748,1,621.3579417130998,NQ,13.85,6.0,False
20260804,250,-1,29215.75,29214.25,29206.375,1,77.748,1,621.3579417130998,NQ,13.85,6.0,False
20260805,0,1,29940.0,29940.0,29908.5,2,0.155,1,652.3502315907355,NQ,-64.9,0.0,False
20260805,50,1,29940.0,29935.75,29909.75,2,0.155,1,652.3502315907355,NQ,-53.9,-17.0,False
20260805,250,1,29940.0,29935.75,29908.0,2,0.155,1,652.3502315907355,NQ,-57.4,-17.0,False
20260806,0,1,29451.0,29453.0,29393.5,2,362.473,1,640.1287864771115,NQ,-120.9,8.0,False
20260806,50,1,29451.0,29453.5,29392.25,2,362.473,1,640.1287864771115,NQ,-124.4,10.0,False
20260806,250,1,29451.0,29454.0,29392.5,2,362.473,1,640.1287864771115,NQ,-124.9,12.0,False
20260807,0,1,29686.25,29686.25,29720.25,1,1.173,0,626.1910160144607,NQ,66.1,0.0,True
20260807,50,1,29686.25,29685.5,29720.25,1,1.173,0,626.1910160144607,NQ,67.6,-3.0,True
20260807,250,1,29686.25,29686.75,29720.25,1,1.173,0,626.1910160144607,NQ,65.1,2.0,True
20260810,0,-1,29810.0,29810.0,29797.5,1,153.547,0,607.4273720134278,NQ,23.1,-0.0,False
20260810,50,-1,29810.0,29808.5,29797.5,1,153.547,0,607.4273720134278,NQ,20.1,6.0,False
20260810,250,-1,29810.0,29808.0,29797.5,1,153.547,0,607.4273720134278,NQ,19.1,8.0,False
20260811,0,-1,29821.25,29821.25,29796.125,1,23.951,0,576.9861311553258,NQ,48.35,-0.0,False
20260811,50,-1,29821.25,29820.0,29796.125,1,23.951,0,576.9861311553258,NQ,45.85,5.0,False
20260811,250,-1,29821.25,29819.75,29796.125,1,23.951,0,576.9861311553258,NQ,45.35,6.0,False
20260812,0,1,29932.5,29932.75,29822.0,2,0.377,1,557.8442646442311,NQ,-223.4,1.0,True
20260812,50,1,29932.5,29904.0,29804.25,2,0.377,1,557.8442646442311,NQ,-201.4,-114.0,True
20260812,250,1,29932.5,29906.0,29804.25,2,0.377,1,557.8442646442311,NQ,-205.4,-106.0,True
20260813,0,1,29860.25,29860.5,29881.5,1,1.184,0,544.1232457410717,NQ,40.1,1.0,False
20260813,50,1,29860.25,29858.5,29881.5,1,1.184,0,544.1232457410717,NQ,44.1,-7.0,False
20260813,250,1,29860.25,29859.25,29881.5,1,1.184,0,544.1232457410717,NQ,42.6,-4.0,False
20260814,0,1,30256.5,30256.5,30269.875,1,15.173,0,535.2394424738524,NQ,24.85,0.0,False
20260814,50,1,30256.5,30257.0,30269.875,1,15.173,0,535.2394424738524,NQ,23.85,2.0,False
20260814,250,1,30256.5,30257.75,30269.875,1,15.173,0,535.2394424738524,NQ,22.35,5.0,False
20260817,0,-1,30220.5,30220.5,30190.125,1,353.471,0,515.0080537257201,NQ,58.85,-0.0,False
20260817,50,-1,30220.5,30221.75,30190.125,1,353.471,0,515.0080537257201,NQ,61.35,-5.0,False
20260817,250,-1,30220.5,30221.75,30190.125,1,353.471,0,515.0080537257201,NQ,61.35,-5.0,False
20260818,0,-1,29711.25,29711.25,29686.75,1,25.887,0,494.0074784595972,NQ,47.1,-0.0,False
20260818,50,-1,29711.25,29711.5,29686.75,1,25.887,0,494.0074784595972,NQ,47.6,-1.0,False
20260818,250,-1,29711.25,29711.5,29686.75,1,25.887,0,494.0074784595972,NQ,47.6,-1.0,False
20260819,0,-1,29551.25,29551.25,29583.25,2,89.965,1,499.97122999819743,NQ,-65.9,-0.0,False
20260819,50,-1,29551.25,29551.25,29584.5,2,89.965,1,499.97122999819743,NQ,-68.4,-0.0,False
20260819,250,-1,29551.25,29553.5,29583.5,2,89.965,1,499.97122999819743,NQ,-61.9,-9.0,False
20260820,0,-1,29269.75,29269.5,29251.25,1,6.362,1,490.4732849983262,NQ,34.6,1.0,False
20260820,50,-1,29269.75,29270.0,29251.25,1,6.362,1,490.4732849983262,NQ,35.6,-1.0,False
20260820,250,-1,29269.75,29269.5,29251.25,1,6.362,1,490.4732849983262,NQ,34.6,1.0,False
20260821,0,1,29517.0,29517.0,29536.75,1,2.152,1,478.24305035558865,NQ,37.6,0.0,False
20260821,50,1,29517.0,29517.0,29536.75,1,2.152,1,478.24305035558865,NQ,37.6,0.0,False
20260821,250,1,29517.0,29517.0,29536.75,1,2.152,1,478.24305035558865,NQ,37.6,0.0,False
20260824,0,1,29231.5,29231.5,29211.0,2,22.411,1,463.27926104447516,NQ,-42.9,0.0,False
20260824,50,1,29231.5,29231.0,29195.0,2,22.411,1,463.27926104447516,NQ,-73.9,-2.0,False
20260824,250,1,29231.5,29231.0,29178.0,2,22.411,1,463.27926104447516,NQ,-107.9,-2.0,False
20260825,0,-1,29363.5,29363.5,29344.875,1,33.665,0,462.25931382701265,NQ,35.35,-0.0,False
20260825,50,-1,29363.5,29363.0,29344.875,1,33.665,0,462.25931382701265,NQ,34.35,2.0,False
20260825,250,-1,29363.5,29365.0,29344.875,1,33.665,0,462.25931382701265,NQ,38.35,-6.0,False
20260826,0,1,29259.75,29259.75,29199.25,2,0.12,1,451.75864855365467,NQ,-122.9,0.0,False
20260826,50,1,29259.75,29260.75,29201.5,2,0.12,1,451.75864855365467,NQ,-120.4,4.0,False
20260826,250,1,29259.75,29261.0,29200.0,2,0.12,1,451.75864855365467,NQ,-123.9,5.0,False
20260827,0,-1,29565.5,29565.5,29552.875,1,119.998,0,434.5973165141079,NQ,23.35,-0.0,False
20260827,50,-1,29565.5,29567.5,29552.875,1,119.998,0,434.5973165141079,NQ,27.35,-8.0,False
20260827,250,-1,29565.5,29567.25,29552.875,1,119.998,0,434.5973165141079,NQ,26.85,-7.0,False
20260828,0,-1,29640.0,29640.0,29628.375,1,93.263,1,432.6796510488145,NQ,21.35,-0.0,False
20260828,50,-1,29640.0,29639.75,29628.375,1,93.263,1,432.6796510488145,NQ,20.85,1.0,False
20260828,250,-1,29640.0,29638.5,29628.375,1,93.263,1,432.6796510488145,NQ,18.35,6.0,False
20260831,0,-1,29396.75,29396.75,29486.25,2,639.146,0,428.57753311675634,NQ,-180.9,-0.0,False
20260831,50,-1,29396.75,29398.0,29486.25,2,639.146,0,428.57753311675634,NQ,-178.4,-5.0,False
20260831,250,-1,29396.75,29397.25,29488.75,2,639.146,0,428.57753311675634,NQ,-184.9,-2.0,False
20260901,0,-1,29137.25,29137.25,29120.0,1,366.058,0,411.0541378941309,NQ,32.6,-0.0,False
20260901,50,-1,29137.25,29137.75,29120.0,1,366.058,0,411.0541378941309,NQ,33.6,-2.0,False
20260901,250,-1,29137.25,29137.75,29120.0,1,366.058,0,411.0541378941309,NQ,33.6,-2.0,False
20260902,0,-1,29094.75,29094.75,29067.25,1,120.036,0,417.72884233026446,NQ,53.1,-0.0,False
20260902,50,-1,29094.75,29095.0,29067.25,1,120.036,0,417.72884233026446,NQ,53.6,-1.0,False
20260902,250,-1,29094.75,29094.75,29067.25,1,120.036,0,417.72884233026446,NQ,53.1,-0.0,False
20260903,0,1,29151.25,29151.25,29174.125,1,0.731,0,401.87321073524555,NQ,43.85,0.0,False
20260903,50,1,29151.25,29152.75,29174.125,1,0.731,0,401.87321073524555,NQ,40.85,6.0,False
20260903,250,1,29151.25,29153.75,29174.125,1,0.731,0,401.87321073524555,NQ,38.85,10.0,False
20260904,0,-1,29654.5,29652.75,29634.625,1,1.109,0,401.29298139701376,NQ,34.35,7.0,True
20260904,50,-1,29654.5,29616.0,29615.0,4,1.109,0,401.29298139701376,NQ,0.10000000000000009,154.0,True
20260904,250,-1,29654.5,29590.0,29590.0,4,1.109,0,401.29298139701376,NQ,-1.9,258.0,True
20260907,0,1,29552.0,29552.0,29560.375,1,7.55,0,388.61133986865565,NQ,14.85,0.0,False
20260907,50,1,29552.0,29553.0,29560.375,1,7.55,0,388.61133986865565,NQ,12.85,4.0,False
20260907,250,1,29552.0,29553.0,29560.375,1,7.55,0,388.61133986865565,NQ,12.85,4.0,False
20260908,0,1,29595.75,29596.0,29609.75,1,0.146,0,366.6926727351803,NQ,25.6,1.0,False
20260908,50,1,29595.75,29595.75,29609.75,1,0.146,0,366.6926727351803,NQ,26.1,0.0,False
20260908,250,1,29595.75,29596.0,29609.75,1,0.146,0,366.6926727351803,NQ,25.6,1.0,False
20260909,0,-1,29343.5,29343.5,29367.0,2,3.581,1,359.19676753981025,NQ,-48.9,-0.0,False
20260909,50,-1,29343.5,29344.25,29366.75,2,3.581,1,359.19676753981025,NQ,-46.9,-3.0,False
20260909,250,-1,29343.5,29344.0,29366.75,2,3.581,1,359.19676753981025,NQ,-47.4,-2.0,False
20260910,0,-1,29210.75,29210.0,29251.25,2,1.255,1,350.37914128696667,NQ,-84.4,3.0,False
20260910,50,-1,29210.75,29209.75,29240.25,2,1.255,1,350.37914128696667,NQ,-62.9,4.0,False
20260910,250,-1,29210.75,29233.0,29244.75,2,1.255,1,350.37914128696667,NQ,-25.4,-89.0,False
20260911,0,1,29399.25,29399.25,29280.25,2,0.385,1,353.7092026236119,NQ,-239.9,0.0,True
20260911,50,1,29399.25,29399.25,29253.5,2,0.385,1,353.7092026236119,NQ,-293.4,0.0,True
20260911,250,1,29399.25,29399.0,29237.5,2,0.385,1,353.7092026236119,NQ,-324.9,-1.0,True
20260914,0,-1,28906.5,28906.5,28894.125,1,259.251,0,354.2835452933539,NQ,22.85,-0.0,False
20260914,50,-1,28906.5,28906.25,28894.125,1,259.251,0,354.2835452933539,NQ,22.35,1.0,False
20260914,250,-1,28906.5,28906.0,28894.125,1,259.251,0,354.2835452933539,NQ,21.85,2.0,False
20260915,0,1,29137.25,29137.25,29154.25,1,1017.655,0,365.2632920581143,NQ,32.1,0.0,False
20260915,50,1,29137.25,29143.0,29154.25,1,1017.655,0,365.2632920581143,NQ,20.6,23.0,False
20260915,250,1,29137.25,29141.75,29154.25,1,1017.655,0,365.2632920581143,NQ,23.1,18.0,False
20260916,0,-1,29421.75,29421.75,29414.25,1,15.214,0,356.1909140539633,NQ,13.1,-0.0,False
20260916,50,-1,29421.75,29423.75,29414.25,1,15.214,0,356.1909140539633,NQ,17.1,-8.0,False
20260916,250,-1,29421.75,29423.75,29414.25,1,15.214,0,356.1909140539633,NQ,17.1,-8.0,False
20260917,0,1,29728.0,29728.0,29751.125,1,22.101,0,366.23084876439447,NQ,44.35,0.0,False
20260917,50,1,29728.0,29726.75,29751.125,1,22.101,0,366.23084876439447,NQ,46.85,-5.0,False
20260917,250,1,29728.0,29726.75,29751.125,1,22.101,0,366.23084876439447,NQ,46.85,-5.0,False
20260918,0,1,29790.75,29790.75,29767.5,2,225.99,1,378.5893595669377,NQ,-48.4,0.0,False
20260918,50,1,29790.75,29791.0,29767.75,2,225.99,1,378.5893595669377,NQ,-48.4,1.0,False
20260918,250,1,29790.75,29791.0,29768.0,2,225.99,1,378.5893595669377,NQ,-47.9,1.0,False
20260921,0,-1,30225.0,30225.0,30255.75,2,70.039,1,371.4401195978707,NQ,-63.4,-0.0,False
20260921,50,-1,30225.0,30225.25,30255.5,2,70.039,1,371.4401195978707,NQ,-62.4,-1.0,False
20260921,250,-1,30225.0,30225.25,30254.0,2,70.039,1,371.4401195978707,NQ,-59.4,-1.0,False
20260922,0,1,30784.5,30784.5,30758.0,2,122.371,1,412.4979681980228,NQ,-54.9,0.0,False
20260922,50,1,30784.5,30784.75,30758.5,2,122.371,1,412.4979681980228,NQ,-54.4,1.0,False
20260922,250,1,30784.5,30784.75,30758.5,2,122.371,1,412.4979681980228,NQ,-54.4,1.0,False
20260923,0,1,30951.75,30952.0,30964.75,1,35.522,0,404.60525618387834,NQ,23.6,1.0,False
20260923,50,1,30951.75,30952.0,30964.75,1,35.522,0,404.60525618387834,NQ,23.6,1.0,False
20260923,250,1,30951.75,30952.0,30964.75,1,35.522,0,404.60525618387834,NQ,23.6,1.0,False
20260924,0,-1,30454.5,30454.5,30426.875,1,177.967,1,403.3120235993156,NQ,53.35,-0.0,False
20260924,50,-1,30454.5,30454.0,30426.875,1,177.967,1,403.3120235993156,NQ,52.35,2.0,False
20260924,250,-1,30454.5,30454.5,30426.875,1,177.967,1,403.3120235993156,NQ,53.35,-0.0,False
20260925,0,-1,30919.5,30919.5,30906.625,1,78.864,0,398.3790219136502,NQ,23.85,-0.0,False
20260925,50,-1,30919.5,30919.5,30906.625,1,78.864,0,398.3790219136502,NQ,23.85,-0.0,False
20260925,250,-1,30919.5,30919.75,30906.625,1,78.864,0,398.3790219136502,NQ,24.35,-1.0,False
20260928,0,1,30736.0,30736.25,30688.0,2,940.426,0,389.0305203483895,NQ,-98.4,1.0,False
20260928,50,1,30736.0,30736.75,30688.25,2,940.426,0,389.0305203483895,NQ,-98.9,3.0,False
20260928,250,1,30736.0,30736.75,30687.5,2,940.426,0,389.0305203483895,NQ,-100.4,3.0,False
20260929,0,-1,30655.0,30655.0,30631.0,1,588.313,1,399.4390546092188,NQ,46.1,-0.0,False
20260929,50,-1,30655.0,30654.0,30631.0,1,588.313,1,399.4390546092188,NQ,44.1,4.0,False
20260929,250,-1,30655.0,30654.0,30631.0,1,588.313,1,399.4390546092188,NQ,44.1,4.0,False
20260930,0,1,30623.25,30623.25,30662.25,1,0.343,0,386.6934078514174,NQ,76.1,0.0,False
20260930,50,1,30623.25,30623.5,30662.25,1,0.343,0,386.6934078514174,NQ,75.6,1.0,False
20260930,250,1,30623.25,30623.5,30662.25,1,0.343,0,386.6934078514174,NQ,75.6,1.0,False
20261001,0,1,30866.75,30866.75,30829.75,2,25.001,1,379.6795930048876,NQ,-75.9,0.0,False
20261001,50,1,30866.75,30867.0,30830.25,2,25.001,1,379.6795930048876,NQ,-75.4,1.0,False
20261001,250,1,30866.75,30867.0,30829.75,2,25.001,1,379.6795930048876,NQ,-76.4,1.0,False
20261002,0,1,30999.25,30999.25,31026.875,1,1.201,0,377.8631935045385,NQ,53.35,0.0,False
20261002,50,1,30999.25,31069.25,31069.25,4,1.201,0,377.8631935045385,NQ,-1.9,280.0,False
20261002,250,1,30999.25,31069.25,31069.25,4,1.201,0,377.8631935045385,NQ,-1.9,280.0,False
20261005,0,-1,30982.5,30982.5,30966.75,1,754.606,1,387.28367968278576,NQ,29.6,-0.0,False
20261005,50,-1,30982.5,30983.25,30966.75,1,754.606,1,387.28367968278576,NQ,31.1,-3.0,False
20261005,250,-1,30982.5,30982.5,30966.75,1,754.606,1,387.28367968278576,NQ,29.6,-0.0,False
20261006,0,-1,31494.5,31494.25,31475.75,1,22.357,1,382.9598454197297,NQ,35.1,1.0,False
20261006,50,-1,31494.5,31494.0,31475.75,1,22.357,1,382.9598454197297,NQ,34.6,2.0,False
20261006,250,-1,31494.5,31494.0,31475.75,1,22.357,1,382.9598454197297,NQ,34.6,2.0,False
20261007,0,1,31270.5,31270.5,31206.0,2,1463.158,0,375.48057074689183,NQ,-130.9,0.0,False
20261007,50,1,31270.5,31271.0,31210.0,2,1463.158,0,375.48057074689183,NQ,-123.9,2.0,False
20261007,250,1,31270.5,31271.0,31209.75,2,1463.158,0,375.48057074689183,NQ,-124.4,2.0,False
20261008,0,-1,31186.5,31186.5,31169.875,1,59.241,1,372.7855299792567,NQ,31.35,-0.0,False
20261008,50,-1,31186.5,31187.25,31169.875,1,59.241,1,372.7855299792567,NQ,32.85,-3.0,False
20261008,250,-1,31186.5,31188.25,31169.875,1,59.241,1,372.7855299792567,NQ,34.85,-7.0,False
20250901,0,1,23475.75,23475.75,23481.75,1,181.755,0,261.27991920604154,MNQ,10.1,0.0,False
20250901,50,1,23475.75,23476.0,23481.75,1,181.755,0,261.27991920604154,MNQ,9.6,1.0,False
20250901,250,1,23475.75,23476.0,23481.75,1,181.755,0,261.27991920604154,MNQ,9.6,1.0,False
20250902,0,-1,23156.0,23156.0,23146.125,1,107.451,0,247.25992497703857,MNQ,17.85,-0.0,False
20250902,50,-1,23156.0,23154.75,23146.125,1,107.451,0,247.25992497703857,MNQ,15.35,5.0,False
20250902,250,-1,23156.0,23155.25,23146.125,1,107.451,0,247.25992497703857,MNQ,16.35,3.0,False
20250903,0,-1,23429.75,23429.75,23420.5,1,44.218,1,263.6699303358215,MNQ,16.6,-0.0,False
20250903,50,-1,23429.75,23430.25,23420.5,1,44.218,1,263.6699303358215,MNQ,17.6,-2.0,False
20250903,250,-1,23429.75,23430.0,23420.5,1,44.218,1,263.6699303358215,MNQ,17.1,-1.0,False
20250904,0,1,23499.75,23500.0,23508.75,1,0.358,1,262.58636388326283,MNQ,15.6,1.0,False
20250904,50,1,23499.75,23500.75,23508.75,1,0.358,1,262.58636388326283,MNQ,14.1,4.0,False
20250904,250,1,23499.75,23494.75,23508.75,1,0.358,1,262.58636388326283,MNQ,26.1,-20.0,False
20250905,0,1,23800.25,23800.25,23816.625,1,0.539,1,263.13376646302976,MNQ,30.85,0.0,True
20250905,50,1,23800.25,23803.75,23816.625,1,0.539,1,263.13376646302976,MNQ,23.85,14.0,True
20250905,250,1,23800.25,23842.5,23844.25,4,0.539,1,263.13376646302976,MNQ,1.6,169.0,True
20250908,0,1,23756.25,23756.25,23762.5,1,19.623,0,272.6956402870991,MNQ,10.6,0.0,False
20250908,50,1,23756.25,23756.5,23762.5,1,19.623,0,272.6956402870991,MNQ,10.1,1.0,False
20250908,250,1,23756.25,23756.75,23762.5,1,19.623,0,272.6956402870991,MNQ,9.6,2.0,False
20250909,0,-1,23841.5,23841.5,23834.625,1,61.284,0,267.2888088380206,MNQ,11.85,-0.0,False
20250909,50,-1,23841.5,23841.5,23834.625,1,61.284,0,267.2888088380206,MNQ,11.85,-0.0,False
20250909,250,-1,23841.5,23842.0,23834.625,1,61.284,0,267.2888088380206,MNQ,12.85,-2.0,False
20250910,0,-1,23934.0,23934.0,23950.75,2,0.805,1,259.911036778162,MNQ,-35.4,-0.0,False
20250910,50,-1,23934.0,23937.75,23997.0,2,0.805,1,259.911036778162,MNQ,-120.4,-15.0,False
20250910,250,-1,23934.0,23937.5,23998.75,2,0.805,1,259.911036778162,MNQ,-124.4,-14.0,False
20250911,0,-1,23931.25,23905.0,23904.75,4,7.07,1,256.73881986543614,MNQ,-1.4,105.0,True
20250911,50,-1,23931.25,23873.75,23873.75,4,7.07,1,256.73881986543614,MNQ,-1.9,230.0,True
20250911,250,-1,23931.25,23859.75,23856.5,4,7.07,1,256.73881986543614,MNQ,4.6,286.0,True
20250912,0,-1,24027.0,24027.0,24018.375,1,67.267,1,250.66818987504786,MNQ,15.35,-0.0,False
20250912,50,-1,24027.0,24027.0,24018.375,1,67.267,1,250.66818987504786,MNQ,15.35,-0.0,False
20250912,250,-1,24027.0,24027.0,24018.375,1,67.267,1,250.66818987504786,MNQ,15.35,-0.0,False
20250915,0,-1,24147.5,24147.5,24172.75,2,90.405,1,244.0133191696873,MNQ,-52.4,-0.0,False
20250915,50,-1,24147.5,24147.75,24172.5,2,90.405,1,244.0133191696873,MNQ,-51.4,-1.0,False
20250915,250,-1,24147.5,24147.75,24172.0,2,90.405,1,244.0133191696873,MNQ,-50.4,-1.0,False
20250916,0,-1,24342.5,24342.5,24358.5,2,1.108,1,241.24451065756676,MNQ,-33.9,-0.0,False
20250916,50,-1,24342.5,24340.25,24358.5,2,1.108,1,241.24451065756676,MNQ,-38.4,9.0,False
20250916,250,-1,24342.5,24340.25,24358.0,2,1.108,1,241.24451065756676,MNQ,-37.4,9.0,False
20250917,0,1,24279.5,24279.5,24268.75,2,16.781,1,230.9770456105977,MNQ,-23.4,0.0,False
20250917,50,1,24279.5,24279.25,24269.5,2,16.781,1,230.9770456105977,MNQ,-21.4,-1.0,False
20250917,250,1,24279.5,24279.25,24269.5,2,16.781,1,230.9770456105977,MNQ,-21.4,-1.0,False
20250918,0,1,24763.0,24763.0,24736.5,2,0.608,1,236.19297092412646,MNQ,-54.9,0.0,False
20250918,50,1,24763.0,24761.25,24737.0,2,0.608,1,236.19297092412646,MNQ,-50.4,-7.0,False
20250918,250,1,24763.0,24763.0,24737.25,2,0.608,1,236.19297092412646,MNQ,-53.4,0.0,False
20250919,0,-1,24738.5,24738.5,24755.0,2,308.817,1,243.76847300097455,MNQ,-34.9,-0.0,False
20250919,50,-1,24738.5,24738.25,24755.25,2,308.817,1,243.76847300097455,MNQ,-35.9,1.0,False
20250919,250,-1,24738.5,24738.75,24755.25,2,308.817,1,243.76847300097455,MNQ,-34.9,-1.0,False
20250922,0,-1,24769.5,24769.5,24780.75,2,0.976,1,239.9100106437621,MNQ,-24.4,-0.0,False
20250922,50,-1,24769.5,24770.25,24780.5,2,0.976,1,239.9100106437621,MNQ,-22.4,-3.0,False
20250922,250,-1,24769.5,24770.25,24781.0,2,0.976,1,239.9100106437621,MNQ,-23.4,-3.0,False
20250923,0,-1,24992.75,24992.75,24985.875,1,5.595,1,237.98786702635053,MNQ,11.85,-0.0,False
20250923,50,-1,24992.75,24993.25,24985.875,1,5.595,1,237.98786702635053,MNQ,12.85,-2.0,False
20250923,250,-1,24992.75,24993.25,24985.875,1,5.595,1,237.98786702635053,MNQ,12.85,-2.0,False
20250924,0,1,24884.5,24884.5,24876.0,2,37.73,1,237.3637336673255,MNQ,-18.9,0.0,False
20250924,50,1,24884.5,24883.75,24877.25,2,37.73,1,237.3637336673255,MNQ,-14.9,-3.0,False
20250924,250,1,24884.5,24883.5,24876.5,2,37.73,1,237.3637336673255,MNQ,-15.9,-4.0,False
20250925,0,-1,24604.75,24604.75,24591.625,1,0.021,0,239.8556098339451,MNQ,24.35,-0.0,False
20250925,50,-1,24604.75,24601.0,24591.625,1,0.021,0,239.8556098339451,MNQ,16.85,15.0,False
20250925,250,-1,24604.75,24593.25,24591.625,1,0.021,0,239.8556098339451,MNQ,1.35,46.0,False
20250926,0,1,24652.25,24652.25,24660.375,1,28.362,0,245.36592341723474,MNQ,14.35,0.0,False
20250926,50,1,24652.25,24651.75,24660.375,1,28.362,0,245.36592341723474,MNQ,15.35,-2.0,False
20250926,250,1,24652.25,24651.75,24660.375,1,28.362,0,245.36592341723474,MNQ,15.35,-2.0,False
20250929,0,1,24891.5,24891.5,24896.0,1,241.041,1,243.33978603028942,MNQ,7.1,0.0,False
20250929,50,1,24891.5,24891.5,24896.0,1,241.041,1,243.33978603028942,MNQ,7.1,0.0,False
20250929,250,1,24891.5,24891.0,24896.0,1,241.041,1,243.33978603028942,MNQ,8.1,-2.0,False
20250930,0,1,24820.25,24820.25,24830.25,1,41.257,0,243.81551559955446,MNQ,18.1,0.0,False
20250930,50,1,24820.25,24820.0,24830.25,1,41.257,0,243.81551559955446,MNQ,18.6,-1.0,False
20250930,250,1,24820.25,24819.5,24830.25,1,41.257,0,243.81551559955446,MNQ,19.6,-3.0,False
