fam,j,params,IS_n,IS_wr,IS_pf,IS_net,C24_n,C24_wr,C24_pf,C24_net,REAL_n,REAL_wr,REAL_pf,REAL_net
NQ_DRIVE,0,"{'A': 1900, 'T': 15, 'x': 0.1, 'mode': 1, 'tf': 0, 'k': 0.2, 'stop': 0, 'R': 0.5, 'hold': 240}",36,63.9,1.031,34,33,72.7,1.241,323,33,78.8,1.716,804
NQ_DRIVE,1,"{'A': 1900, 'T': 15, 'x': 0.1, 'mode': 1, 'tf': 0, 'k': 0.2, 'stop': 0, 'R': 1.0, 'hold': 240}",36,52.8,1.449,570,33,54.5,1.199,398,33,54.5,1.089,200
NQ_DRIVE,2,"{'A': 1900, 'T': 15, 'x': 0.1, 'mode': 1, 'tf': 0, 'k': 0.2, 'stop': 0, 'R': 2.0, 'hold': 240}",36,38.9,1.384,642,33,45.5,1.139,333,33,45.5,1.025,67
NQ_DRIVE,3,"{'A': 1900, 'T': 15, 'x': 0.1, 'mode': 1, 'tf': 0, 'k': 0.35, 'stop': 0, 'R': 0.5, 'hold': 240}",36,58.3,1.743,793,33,63.6,1.09,205,33,66.7,1.209,472
NQ_DRIVE,40,"{'A': 1900, 'T': 15, 'x': 0.2, 'mode': -1, 'tf': 0, 'k': 0.35, 'stop': 0, 'R': 1.0, 'hold': 240}",3,66.7,,-3,2,0.0,,-486,2,0.0,,-492
NQ_DRIVE,41,"{'A': 1900, 'T': 15, 'x': 0.2, 'mode': -1, 'tf': 0, 'k': 0.35, 'stop': 0, 'R': 2.0, 'hold': 240}",3,66.7,,-3,2,0.0,,-486,2,0.0,,-492
NQ_DRIVE,42,"{'A': 1900, 'T': 15, 'x': 0.2, 'mode': -1, 'tf': 1, 'k': 0.2, 'stop': 0, 'R': 0.5, 'hold': 240}",3,66.7,,17,1,100.0,,91,1,100.0,,91
NQ_DRIVE,43,"{'A': 1900, 'T': 15, 'x': 0.2, 'mode': -1, 'tf': 1, 'k': 0.2, 'stop': 0, 'R': 1.0, 'hold': 240}",3,66.7,,61,1,0.0,,-197,1,0.0,,-198
NQ_DRIVE,44,"{'A': 1900, 'T': 15, 'x': 0.2, 'mode': -1, 'tf': 1, 'k': 0.2, 'stop': 0, 'R': 2.0, 'hold': 240}",3,66.7,,67,1,0.0,,-197,1,0.0,,-198
NQ_DRIVE,45,"{'A': 1900, 'T': 15, 'x': 0.2, 'mode': -1, 'tf': 1, 'k': 0.35, 'stop': 0, 'R': 0.5, 'hold': 240}",3,66.7,,-26,1,0.0,,-339,1,0.0,,-342
NQ_DRIVE,46,"{'A': 1900, 'T': 15, 'x': 0.2, 'mode': -1, 'tf': 1, 'k': 0.35, 'stop': 0, 'R': 1.0, 'hold': 240}",3,66.7,,-3,1,0.0,,-339,1,0.0,,-342
NQ_DRIVE,47,"{'A': 1900, 'T': 15, 'x': 0.2, 'mode': -1, 'tf': 1, 'k': 0.35, 'stop': 0, 'R': 2.0, 'hold': 240}",3,66.7,,-3,1,0.0,,-339,1,0.0,,-342
NQ_DRIVE,48,"{'A': 1900, 'T': 15, 'x': 0.35, 'mode': 1, 'tf': 0, 'k': 0.2, 'stop': 0, 'R': 0.5, 'hold': 240}",0,,,0,1,100.0,,72,1,100.0,,76
NQ_DRIVE,49,"{'A': 1900, 'T': 15, 'x': 0.35, 'mode': 1, 'tf': 0, 'k': 0.2, 'stop': 0, 'R': 1.0, 'hold': 240}",0,,,0,1,100.0,,150,1,100.0,,154
NQ_DRIVE,50,"{'A': 1900, 'T': 15, 'x': 0.35, 'mode': 1, 'tf': 0, 'k': 0.2, 'stop': 0, 'R': 2.0, 'hold': 240}",0,,,0,1,100.0,,141,1,100.0,,145
NQ_DRIVE,51,"{'A': 1900, 'T': 15, 'x': 0.35, 'mode': 1, 'tf': 0, 'k': 0.35, 'stop': 0, 'R': 0.5, 'hold': 240}",0,,,0,1,100.0,,130,1,100.0,,134
NQ_DRIVE,52,"{'A': 1900, 'T': 15, 'x': 0.35, 'mode': 1, 'tf': 0, 'k': 0.35, 'stop': 0, 'R': 1.0, 'hold': 240}",0,,,0,1,100.0,,141,1,100.0,,145
NQ_DRIVE,53,"{'A': 1900, 'T': 15, 'x': 0.35, 'mode': 1, 'tf': 0, 'k': 0.35, 'stop': 0, 'R': 2.0, 'hold': 240}",0,,,0,1,100.0,,141,1,100.0,,145
NQ_DRIVE,54,"{'A': 1900, 'T': 15, 'x': 0.35, 'mode': 1, 'tf': 1, 'k': 0.2, 'stop': 0, 'R': 0.5, 'hold': 240}",0,,,0,1,100.0,,72,1,100.0,,76
NQ_DRIVE,55,"{'A': 1900, 'T': 15, 'x': 0.35, 'mode': 1, 'tf': 1, 'k': 0.2, 'stop': 0, 'R': 1.0, 'hold': 240}",0,,,0,1,100.0,,150,1,100.0,,154
NQ_DRIVE,4,"{'A': 1900, 'T': 15, 'x': 0.1, 'mode': 1, 'tf': 0, 'k': 0.35, 'stop': 0, 'R': 1.0, 'hold': 240}",36,44.4,1.45,762,33,48.5,0.771,-759,33,48.5,0.762,-829
NQ_DRIVE,5,"{'A': 1900, 'T': 15, 'x': 0.1, 'mode': 1, 'tf': 0, 'k': 0.35, 'stop': 0, 'R': 2.0, 'hold': 240}",36,44.4,1.663,1122,33,45.5,0.693,-1027,33,45.5,0.659,-1196
NQ_DRIVE,6,"{'A': 1900, 'T': 15, 'x': 0.1, 'mode': 1, 'tf': 1, 'k': 0.2, 'stop': 0, 'R': 0.5, 'hold': 240}",19,68.4,,288,15,73.3,,123,15,86.7,,721
NQ_DRIVE,7,"{'A': 1900, 'T': 15, 'x': 0.1, 'mode': 1, 'tf': 1, 'k': 0.2, 'stop': 0, 'R': 1.0, 'hold': 240}",19,47.4,,438,15,53.3,,-44,15,60.0,,333
NQ_DRIVE,56,"{'A': 1900, 'T': 15, 'x': 0.35, 'mode': 1, 'tf': 1, 'k': 0.2, 'stop': 0, 'R': 2.0, 'hold': 240}",0,,,0,1,100.0,,141,1,100.0,,145
NQ_DRIVE,57,"{'A': 1900, 'T': 15, 'x': 0.35, 'mode': 1, 'tf': 1, 'k': 0.35, 'stop': 0, 'R': 0.5, 'hold': 240}",0,,,0,1,100.0,,130,1,100.0,,134
NQ_DRIVE,58,"{'A': 1900, 'T': 15, 'x': 0.35, 'mode': 1, 'tf': 1, 'k': 0.35, 'stop': 0, 'R': 1.0, 'hold': 240}",0,,,0,1,100.0,,141,1,100.0,,145
NQ_DRIVE,59,"{'A': 1900, 'T': 15, 'x': 0.35, 'mode': 1, 'tf': 1, 'k': 0.35, 'stop': 0, 'R': 2.0, 'hold': 240}",0,,,0,1,100.0,,141,1,100.0,,145
NQ_DRIVE,8,"{'A': 1900, 'T': 15, 'x': 0.1, 'mode': 1, 'tf': 1, 'k': 0.2, 'stop': 0, 'R': 2.0, 'hold': 240}",19,31.6,,627,15,46.7,,-108,15,46.7,,-415
NQ_DRIVE,9,"{'A': 1900, 'T': 15, 'x': 0.1, 'mode': 1, 'tf': 1, 'k': 0.35, 'stop': 0, 'R': 0.5, 'hold': 240}",19,52.6,,462,15,66.7,,165,15,73.3,,645
NQ_DRIVE,10,"{'A': 1900, 'T': 15, 'x': 0.1, 'mode': 1, 'tf': 1, 'k': 0.35, 'stop': 0, 'R': 1.0, 'hold': 240}",19,36.8,,601,15,53.3,,-461,15,53.3,,-446
NQ_DRIVE,11,"{'A': 1900, 'T': 15, 'x': 0.1, 'mode': 1, 'tf': 1, 'k': 0.35, 'stop': 0, 'R': 2.0, 'hold': 240}",19,36.8,,1036,15,53.3,,-476,15,53.3,,-553
NQ_DRIVE,60,"{'A': 1900, 'T': 15, 'x': 0.35, 'mode': -1, 'tf': 0, 'k': 0.2, 'stop': 0, 'R': 0.5, 'hold': 240}",0,,,0,1,0.0,,-155,1,0.0,,-159
NQ_DRIVE,61,"{'A': 1900, 'T': 15, 'x': 0.35, 'mode': -1, 'tf': 0, 'k': 0.2, 'stop': 0, 'R': 1.0, 'hold': 240}",0,,,0,1,0.0,,-155,1,0.0,,-159
NQ_DRIVE,62,"{'A': 1900, 'T': 15, 'x': 0.35, 'mode': -1, 'tf': 0, 'k': 0.2, 'stop': 0, 'R': 2.0, 'hold': 240}",0,,,0,1,0.0,,-155,1,0.0,,-159
NQ_DRIVE,63,"{'A': 1900, 'T': 15, 'x': 0.35, 'mode': -1, 'tf': 0, 'k': 0.35, 'stop': 0, 'R': 0.5, 'hold': 240}",0,,,0,1,0.0,,-147,1,0.0,,-150
NQ_DRIVE,64,"{'A': 1900, 'T': 15, 'x': 0.35, 'mode': -1, 'tf': 0, 'k': 0.35, 'stop': 0, 'R': 1.0, 'hold': 240}",0,,,0,1,0.0,,-147,1,0.0,,-150
NQ_DRIVE,65,"{'A': 1900, 'T': 15, 'x': 0.35, 'mode': -1, 'tf': 0, 'k': 0.35, 'stop': 0, 'R': 2.0, 'hold': 240}",0,,,0,1,0.0,,-147,1,0.0,,-150
NQ_DRIVE,66,"{'A': 1900, 'T': 15, 'x': 0.35, 'mode': -1, 'tf': 1, 'k': 0.2, 'stop': 0, 'R': 0.5, 'hold': 240}",0,,,0,0,,,0,0,,,0
NQ_DRIVE,67,"{'A': 1900, 'T': 15, 'x': 0.35, 'mode': -1, 'tf': 1, 'k': 0.2, 'stop': 0, 'R': 1.0, 'hold': 240}",0,,,0,0,,,0,0,,,0
NQ_DRIVE,68,"{'A': 1900, 'T': 15, 'x': 0.35, 'mode': -1, 'tf': 1, 'k': 0.2, 'stop': 0, 'R': 2.0, 'hold': 240}",0,,,0,0,,,0,0,,,0
NQ_DRIVE,69,"{'A': 1900, 'T': 15, 'x': 0.35, 'mode': -1, 'tf': 1, 'k': 0.35, 'stop': 0, 'R': 0.5, 'hold': 240}",0,,,0,0,,,0,0,,,0
NQ_DRIVE,70,"{'A': 1900, 'T': 15, 'x': 0.35, 'mode': -1, 'tf': 1, 'k': 0.35, 'stop': 0, 'R': 1.0, 'hold': 240}",0,,,0,0,,,0,0,,,0
NQ_DRIVE,71,"{'A': 1900, 'T': 15, 'x': 0.35, 'mode': -1, 'tf': 1, 'k': 0.35, 'stop': 0, 'R': 2.0, 'hold': 240}",0,,,0,0,,,0,0,,,0
NQ_DRIVE,72,"{'A': 1900, 'T': 30, 'x': 0.1, 'mode': 1, 'tf': 0, 'k': 0.2, 'stop': 0, 'R': 0.5, 'hold': 240}",79,59.5,0.813,-498,81,69.1,1.291,925,81,70.4,1.322,1024
NQ_DRIVE,73,"{'A': 1900, 'T': 30, 'x': 0.1, 'mode': 1, 'tf': 0, 'k': 0.2, 'stop': 0, 'R': 1.0, 'hold': 240}",79,44.3,0.878,-404,81,55.6,1.239,1079,81,58.0,1.309,1358
NQ_DRIVE,74,"{'A': 1900, 'T': 30, 'x': 0.1, 'mode': 1, 'tf': 0, 'k': 0.2, 'stop': 0, 'R': 2.0, 'hold': 240}",79,40.5,1.059,208,81,51.9,1.374,1852,81,54.3,1.46,2227
NQ_DRIVE,75,"{'A': 1900, 'T': 30, 'x': 0.1, 'mode': 1, 'tf': 0, 'k': 0.35, 'stop': 0, 'R': 0.5, 'hold': 240}",79,53.2,1.095,277,81,58.0,1.054,278,81,59.3,0.962,-213
NQ_DRIVE,76,"{'A': 1900, 'T': 30, 'x': 0.1, 'mode': 1, 'tf': 0, 'k': 0.35, 'stop': 0, 'R': 1.0, 'hold': 240}",79,48.1,1.501,1503,81,54.3,1.177,1061,81,56.8,1.215,1285
NQ_DRIVE,77,"{'A': 1900, 'T': 30, 'x': 0.1, 'mode': 1, 'tf': 0, 'k': 0.35, 'stop': 0, 'R': 2.0, 'hold': 240}",79,45.6,1.392,1296,81,49.4,0.823,-1206,81,51.9,0.878,-832
NQ_DRIVE,78,"{'A': 1900, 'T': 30, 'x': 0.1, 'mode': 1, 'tf': 1, 'k': 0.2, 'stop': 0, 'R': 0.5, 'hold': 240}",42,64.3,0.893,-155,35,71.4,1.503,595,32,68.8,1.22,286
NQ_DRIVE,79,"{'A': 1900, 'T': 30, 'x': 0.1, 'mode': 1, 'tf': 1, 'k': 0.2, 'stop': 0, 'R': 1.0, 'hold': 240}",42,47.6,0.889,-212,35,54.3,1.16,295,32,53.1,1.022,40
NQ_DRIVE,80,"{'A': 1900, 'T': 30, 'x': 0.1, 'mode': 1, 'tf': 1, 'k': 0.2, 'stop': 0, 'R': 2.0, 'hold': 240}",42,45.2,1.213,414,35,48.6,0.97,-66,32,46.9,0.862,-304
NQ_DRIVE,81,"{'A': 1900, 'T': 30, 'x': 0.1, 'mode': 1, 'tf': 1, 'k': 0.35, 'stop': 0, 'R': 0.5, 'hold': 240}",42,54.8,0.826,-368,35,57.1,1.04,81,32,56.2,0.909,-181
NQ_DRIVE,82,"{'A': 1900, 'T': 30, 'x': 0.1, 'mode': 1, 'tf': 1, 'k': 0.35, 'stop': 0, 'R': 1.0, 'hold': 240}",42,47.6,1.104,226,35,54.3,1.166,383,32,53.1,1.065,150
NQ_DRIVE,83,"{'A': 1900, 'T': 30, 'x': 0.1, 'mode': 1, 'tf': 1, 'k': 0.35, 'stop': 0, 'R': 2.0, 'hold': 240}",42,47.6,1.447,972,35,48.6,0.702,-838,32,46.9,0.614,-1086
NQ_DRIVE,88,"{'A': 1900, 'T': 30, 'x': 0.1, 'mode': -1, 'tf': 0, 'k': 0.35, 'stop': 0, 'R': 1.0, 'hold': 240}",79,51.9,0.587,-1949,81,44.4,0.792,-1517,81,40.7,0.769,-1741
NQ_DRIVE,89,"{'A': 1900, 'T': 30, 'x': 0.1, 'mode': -1, 'tf': 0, 'k': 0.35, 'stop': 0, 'R': 2.0, 'hold': 240}",79,51.9,0.636,-1716,81,44.4,0.882,-859,81,40.7,0.859,-1062
NQ_DRIVE,90,"{'A': 1900, 'T': 30, 'x': 0.1, 'mode': -1, 'tf': 1, 'k': 0.2, 'stop': 0, 'R': 0.5, 'hold': 240}",36,69.4,1.417,349,45,55.6,0.704,-793,42,47.6,0.543,-1327
NQ_DRIVE,91,"{'A': 1900, 'T': 30, 'x': 0.1, 'mode': -1, 'tf': 1, 'k': 0.2, 'stop': 0, 'R': 1.0, 'hold': 240}",36,61.1,1.02,24,45,44.4,0.743,-888,42,35.7,0.603,-1414
NQ_DRIVE,84,"{'A': 1900, 'T': 30, 'x': 0.1, 'mode': -1, 'tf': 0, 'k': 0.2, 'stop': 0, 'R': 0.5, 'hold': 240}",79,62.0,0.903,-242,81,53.1,0.62,-1868,81,51.9,0.622,-1892
NQ_DRIVE,85,"{'A': 1900, 'T': 30, 'x': 0.1, 'mode': -1, 'tf': 0, 'k': 0.2, 'stop': 0, 'R': 1.0, 'hold': 240}",79,55.7,0.99,-31,81,43.2,0.719,-1643,81,39.5,0.701,-1801
NQ_DRIVE,86,"{'A': 1900, 'T': 30, 'x': 0.1, 'mode': -1, 'tf': 0, 'k': 0.2, 'stop': 0, 'R': 2.0, 'hold': 240}",79,50.6,0.795,-711,81,42.0,0.942,-352,81,38.3,0.92,-496
NQ_DRIVE,87,"{'A': 1900, 'T': 30, 'x': 0.1, 'mode': -1, 'tf': 0, 'k': 0.35, 'stop': 0, 'R': 0.5, 'hold': 240}",79,57.0,0.679,-1329,81,48.1,0.689,-1987,81,44.4,0.668,-2203
NQ_DRIVE,92,"{'A': 1900, 'T': 30, 'x': 0.1, 'mode': -1, 'tf': 1, 'k': 0.2, 'stop': 0, 'R': 2.0, 'hold': 240}",36,52.8,0.463,-835,45,44.4,1.073,253,42,35.7,0.878,-436
NQ_DRIVE,93,"{'A': 1900, 'T': 30, 'x': 0.1, 'mode': -1, 'tf': 1, 'k': 0.35, 'stop': 0, 'R': 0.5, 'hold': 240}",36,61.1,0.692,-532,45,51.1,0.715,-1053,42,40.5,0.543,-1821
NQ_DRIVE,94,"{'A': 1900, 'T': 30, 'x': 0.1, 'mode': -1, 'tf': 1, 'k': 0.35, 'stop': 0, 'R': 1.0, 'hold': 240}",36,52.8,0.331,-1450,45,46.7,0.827,-745,42,38.1,0.697,-1316
NQ_DRIVE,95,"{'A': 1900, 'T': 30, 'x': 0.1, 'mode': -1, 'tf': 1, 'k': 0.35, 'stop': 0, 'R': 2.0, 'hold': 240}",36,52.8,0.331,-1450,45,46.7,0.922,-337,42,38.1,0.731,-1168
NQ_DRIVE,12,"{'A': 1900, 'T': 15, 'x': 0.1, 'mode': -1, 'tf': 0, 'k': 0.2, 'stop': 0, 'R': 0.5, 'hold': 240}",36,66.7,0.949,-61,33,51.5,0.538,-1040,33,54.5,0.654,-742
NQ_DRIVE,13,"{'A': 1900, 'T': 15, 'x': 0.1, 'mode': -1, 'tf': 0, 'k': 0.2, 'stop': 0, 'R': 1.0, 'hold': 240}",36,47.2,0.606,-767,33,45.5,0.769,-577,33,45.5,0.851,-378
NQ_DRIVE,14,"{'A': 1900, 'T': 15, 'x': 0.1, 'mode': -1, 'tf': 0, 'k': 0.2, 'stop': 0, 'R': 2.0, 'hold': 240}",36,44.4,0.586,-880,33,42.4,1.184,464,33,42.4,1.264,677
NQ_DRIVE,15,"{'A': 1900, 'T': 15, 'x': 0.1, 'mode': -1, 'tf': 0, 'k': 0.35, 'stop': 0, 'R': 0.5, 'hold': 240}",36,58.3,0.581,-1011,33,54.5,0.767,-631,33,54.5,0.852,-402
NQ_DRIVE,100,"{'A': 1900, 'T': 30, 'x': 0.2, 'mode': 1, 'tf': 0, 'k': 0.35, 'stop': 0, 'R': 1.0, 'hold': 240}",9,55.6,,225,16,50.0,,-443,15,46.7,,-667
NQ_DRIVE,101,"{'A': 1900, 'T': 30, 'x': 0.2, 'mode': 1, 'tf': 0, 'k': 0.35, 'stop': 0, 'R': 2.0, 'hold': 240}",9,55.6,,-12,16,43.8,,-1208,15,40.0,,-1392
NQ_DRIVE,102,"{'A': 1900, 'T': 30, 'x': 0.2, 'mode': 1, 'tf': 1, 'k': 0.2, 'stop': 0, 'R': 0.5, 'hold': 240}",5,60.0,,-71,7,71.4,,-68,6,50.0,,-349
NQ_DRIVE,103,"{'A': 1900, 'T': 30, 'x': 0.2, 'mode': 1, 'tf': 1, 'k': 0.2, 'stop': 0, 'R': 1.0, 'hold': 240}",5,40.0,,-109,7,57.1,,-153,6,33.3,,-506
NQ_DRIVE,96,"{'A': 1900, 'T': 30, 'x': 0.2, 'mode': 1, 'tf': 0, 'k': 0.2, 'stop': 0, 'R': 0.5, 'hold': 240}",9,55.6,,-180,16,62.5,,-369,15,60.0,,-439
NQ_DRIVE,97,"{'A': 1900, 'T': 30, 'x': 0.2, 'mode': 1, 'tf': 0, 'k': 0.2, 'stop': 0, 'R': 1.0, 'hold': 240}",9,44.4,,-113,16,50.0,,-326,15,46.7,,-461
NQ_DRIVE,98,"{'A': 1900, 'T': 30, 'x': 0.2, 'mode': 1, 'tf': 0, 'k': 0.2, 'stop': 0, 'R': 2.0, 'hold': 240}",9,44.4,,259,16,50.0,,66,15,46.7,,-115
NQ_DRIVE,99,"{'A': 1900, 'T': 30, 'x': 0.2, 'mode': 1, 'tf': 0, 'k': 0.35, 'stop': 0, 'R': 0.5, 'hold': 240}",9,55.6,,-92,16,50.0,,-893,15,46.7,,-1013
NQ_DRIVE,104,"{'A': 1900, 'T': 30, 'x': 0.2, 'mode': 1, 'tf': 1, 'k': 0.2, 'stop': 0, 'R': 2.0, 'hold': 240}",5,40.0,,53,7,57.1,,-88,6,33.3,,-488
NQ_DRIVE,105,"{'A': 1900, 'T': 30, 'x': 0.2, 'mode': 1, 'tf': 1, 'k': 0.35, 'stop': 0, 'R': 0.5, 'hold': 240}",5,40.0,,-280,7,57.1,,-456,6,33.3,,-675
NQ_DRIVE,106,"{'A': 1900, 'T': 30, 'x': 0.2, 'mode': 1, 'tf': 1, 'k': 0.35, 'stop': 0, 'R': 1.0, 'hold': 240}",5,40.0,,-139,7,57.1,,-315,6,33.3,,-637
NQ_DRIVE,107,"{'A': 1900, 'T': 30, 'x': 0.2, 'mode': 1, 'tf': 1, 'k': 0.35, 'stop': 0, 'R': 2.0, 'hold': 240}",5,40.0,,-294,7,57.1,,-356,6,33.3,,-637
NQ_DRIVE,108,"{'A': 1900, 'T': 30, 'x': 0.2, 'mode': -1, 'tf': 0, 'k': 0.2, 'stop': 0, 'R': 0.5, 'hold': 240}",9,66.7,,4,16,62.5,,-146,15,66.7,,-9
NQ_DRIVE,109,"{'A': 1900, 'T': 30, 'x': 0.2, 'mode': -1, 'tf': 0, 'k': 0.2, 'stop': 0, 'R': 1.0, 'hold': 240}",9,55.6,,65,16,50.0,,240,15,53.3,,380
NQ_DRIVE,110,"{'A': 1900, 'T': 30, 'x': 0.2, 'mode': -1, 'tf': 0, 'k': 0.2, 'stop': 0, 'R': 2.0, 'hold': 240}",9,44.4,,-50,16,50.0,,887,15,53.3,,1029
NQ_DRIVE,111,"{'A': 1900, 'T': 30, 'x': 0.2, 'mode': -1, 'tf': 0, 'k': 0.35, 'stop': 0, 'R': 0.5, 'hold': 240}",9,55.6,,-273,16,50.0,,-249,15,53.3,,-20
NQ_DRIVE,116,"{'A': 1900, 'T': 30, 'x': 0.2, 'mode': -1, 'tf': 1, 'k': 0.2, 'stop': 0, 'R': 2.0, 'hold': 240}",4,25.0,,-248,9,55.6,,404,7,42.9,,129
NQ_DRIVE,117,"{'A': 1900, 'T': 30, 'x': 0.2, 'mode': -1, 'tf': 1, 'k': 0.35, 'stop': 0, 'R': 0.5, 'hold': 240}",4,50.0,,-199,9,55.6,,-188,7,42.9,,-411
NQ_DRIVE,118,"{'A': 1900, 'T': 30, 'x': 0.2, 'mode': -1, 'tf': 1, 'k': 0.35, 'stop': 0, 'R': 1.0, 'hold': 240}",4,25.0,,-386,9,55.6,,79,7,42.9,,-163
NQ_DRIVE,119,"{'A': 1900, 'T': 30, 'x': 0.2, 'mode': -1, 'tf': 1, 'k': 0.35, 'stop': 0, 'R': 2.0, 'hold': 240}",4,25.0,,-386,9,55.6,,769,7,42.9,,291
NQ_DRIVE,112,"{'A': 1900, 'T': 30, 'x': 0.2, 'mode': -1, 'tf': 0, 'k': 0.35, 'stop': 0, 'R': 1.0, 'hold': 240}",9,44.4,,-275,16,50.0,,354,15,53.3,,583
NQ_DRIVE,113,"{'A': 1900, 'T': 30, 'x': 0.2, 'mode': -1, 'tf': 0, 'k': 0.35, 'stop': 0, 'R': 2.0, 'hold': 240}",9,44.4,,-369,16,50.0,,916,15,53.3,,1149
NQ_DRIVE,114,"{'A': 1900, 'T': 30, 'x': 0.2, 'mode': -1, 'tf': 1, 'k': 0.2, 'stop': 0, 'R': 0.5, 'hold': 240}",4,75.0,,56,9,66.7,,-65,7,57.1,,-190
NQ_DRIVE,115,"{'A': 1900, 'T': 30, 'x': 0.2, 'mode': -1, 'tf': 1, 'k': 0.2, 'stop': 0, 'R': 1.0, 'hold': 240}",4,50.0,,-17,9,55.6,,125,7,42.9,,-132
NQ_DRIVE,120,"{'A': 1900, 'T': 30, 'x': 0.35, 'mode': 1, 'tf': 0, 'k': 0.2, 'stop': 0, 'R': 0.5, 'hold': 240}",0,,,0,1,0.0,,-134,1,0.0,,-137
NQ_DRIVE,121,"{'A': 1900, 'T': 30, 'x': 0.35, 'mode': 1, 'tf': 0, 'k': 0.2, 'stop': 0, 'R': 1.0, 'hold': 240}",0,,,0,1,0.0,,-134,1,0.0,,-137
NQ_DRIVE,122,"{'A': 1900, 'T': 30, 'x': 0.35, 'mode': 1, 'tf': 0, 'k': 0.2, 'stop': 0, 'R': 2.0, 'hold': 240}",0,,,0,1,0.0,,-134,1,0.0,,-137
NQ_DRIVE,123,"{'A': 1900, 'T': 30, 'x': 0.35, 'mode': 1, 'tf': 0, 'k': 0.35, 'stop': 0, 'R': 0.5, 'hold': 240}",0,,,0,1,0.0,,-234,1,0.0,,-237
NQ_DRIVE,124,"{'A': 1900, 'T': 30, 'x': 0.35, 'mode': 1, 'tf': 0, 'k': 0.35, 'stop': 0, 'R': 1.0, 'hold': 240}",0,,,0,1,0.0,,-234,1,0.0,,-237
NQ_DRIVE,125,"{'A': 1900, 'T': 30, 'x': 0.35, 'mode': 1, 'tf': 0, 'k': 0.35, 'stop': 0, 'R': 2.0, 'hold': 240}",0,,,0,1,0.0,,-234,1,0.0,,-237
NQ_DRIVE,126,"{'A': 1900, 'T': 30, 'x': 0.35, 'mode': 1, 'tf': 1, 'k': 0.2, 'stop': 0, 'R': 0.5, 'hold': 240}",0,,,0,1,0.0,,-134,1,0.0,,-137
NQ_DRIVE,127,"{'A': 1900, 'T': 30, 'x': 0.35, 'mode': 1, 'tf': 1, 'k': 0.2, 'stop': 0, 'R': 1.0, 'hold': 240}",0,,,0,1,0.0,,-134,1,0.0,,-137
NQ_DRIVE,128,"{'A': 1900, 'T': 30, 'x': 0.35, 'mode': 1, 'tf': 1, 'k': 0.2, 'stop': 0, 'R': 2.0, 'hold': 240}",0,,,0,1,0.0,,-134,1,0.0,,-137
NQ_DRIVE,129,"{'A': 1900, 'T': 30, 'x': 0.35, 'mode': 1, 'tf': 1, 'k': 0.35, 'stop': 0, 'R': 0.5, 'hold': 240}",0,,,0,1,0.0,,-234,1,0.0,,-237
NQ_DRIVE,130,"{'A': 1900, 'T': 30, 'x': 0.35, 'mode': 1, 'tf': 1, 'k': 0.35, 'stop': 0, 'R': 1.0, 'hold': 240}",0,,,0,1,0.0,,-234,1,0.0,,-237
NQ_DRIVE,131,"{'A': 1900, 'T': 30, 'x': 0.35, 'mode': 1, 'tf': 1, 'k': 0.35, 'stop': 0, 'R': 2.0, 'hold': 240}",0,,,0,1,0.0,,-234,1,0.0,,-237
NQ_DRIVE,132,"{'A': 1900, 'T': 30, 'x': 0.35, 'mode': -1, 'tf': 0, 'k': 0.2, 'stop': 0, 'R': 0.5, 'hold': 240}",0,,,0,1,100.0,,63,1,100.0,,65
NQ_DRIVE,133,"{'A': 1900, 'T': 30, 'x': 0.35, 'mode': -1, 'tf': 0, 'k': 0.2, 'stop': 0, 'R': 1.0, 'hold': 240}",0,,,0,1,100.0,,129,1,100.0,,132
NQ_DRIVE,134,"{'A': 1900, 'T': 30, 'x': 0.35, 'mode': -1, 'tf': 0, 'k': 0.2, 'stop': 0, 'R': 2.0, 'hold': 240}",0,,,0,1,100.0,,262,1,100.0,,265
NQ_DRIVE,135,"{'A': 1900, 'T': 30, 'x': 0.35, 'mode': -1, 'tf': 0, 'k': 0.35, 'stop': 0, 'R': 0.5, 'hold': 240}",0,,,0,1,100.0,,112,1,100.0,,115
NQ_DRIVE,16,"{'A': 1900, 'T': 15, 'x': 0.1, 'mode': -1, 'tf': 0, 'k': 0.35, 'stop': 0, 'R': 1.0, 'hold': 240}",36,55.6,0.622,-962,33,51.5,1.178,486,33,51.5,1.235,644
NQ_DRIVE,17,"{'A': 1900, 'T': 15, 'x': 0.1, 'mode': -1, 'tf': 0, 'k': 0.35, 'stop': 0, 'R': 2.0, 'hold': 240}",36,52.8,0.493,-1374,33,51.5,1.49,1336,33,51.5,1.553,1515
NQ_DRIVE,18,"{'A': 1900, 'T': 15, 'x': 0.1, 'mode': -1, 'tf': 1, 'k': 0.2, 'stop': 0, 'R': 0.5, 'hold': 240}",16,81.2,,469,16,43.8,,-878,12,41.7,,-542
NQ_DRIVE,19,"{'A': 1900, 'T': 15, 'x': 0.1, 'mode': -1, 'tf': 1, 'k': 0.2, 'stop': 0, 'R': 1.0, 'hold': 240}",16,43.8,,-195,16,37.5,,-821,12,33.3,,-516
NQ_DRIVE,136,"{'A': 1900, 'T': 30, 'x': 0.35, 'mode': -1, 'tf': 0, 'k': 0.35, 'stop': 0, 'R': 1.0, 'hold': 240}",0,,,0,1,100.0,,229,1,100.0,,232
NQ_DRIVE,137,"{'A': 1900, 'T': 30, 'x': 0.35, 'mode': -1, 'tf': 0, 'k': 0.35, 'stop': 0, 'R': 2.0, 'hold': 240}",0,,,0,1,100.0,,322,1,100.0,,324
NQ_DRIVE,138,"{'A': 1900, 'T': 30, 'x': 0.35, 'mode': -1, 'tf': 1, 'k': 0.2, 'stop': 0, 'R': 0.5, 'hold': 240}",0,,,0,0,,,0,0,,,0
NQ_DRIVE,139,"{'A': 1900, 'T': 30, 'x': 0.35, 'mode': -1, 'tf': 1, 'k': 0.2, 'stop': 0, 'R': 1.0, 'hold': 240}",0,,,0,0,,,0,0,,,0
NQ_DRIVE,140,"{'A': 1900, 'T': 30, 'x': 0.35, 'mode': -1, 'tf': 1, 'k': 0.2, 'stop': 0, 'R': 2.0, 'hold': 240}",0,,,0,0,,,0,0,,,0
NQ_DRIVE,141,"{'A': 1900, 'T': 30, 'x': 0.35, 'mode': -1, 'tf': 1, 'k': 0.35, 'stop': 0, 'R': 0.5, 'hold': 240}",0,,,0,0,,,0,0,,,0
NQ_DRIVE,142,"{'A': 1900, 'T': 30, 'x': 0.35, 'mode': -1, 'tf': 1, 'k': 0.35, 'stop': 0, 'R': 1.0, 'hold': 240}",0,,,0,0,,,0,0,,,0
NQ_DRIVE,143,"{'A': 1900, 'T': 30, 'x': 0.35, 'mode': -1, 'tf': 1, 'k': 0.35, 'stop': 0, 'R': 2.0, 'hold': 240}",0,,,0,0,,,0,0,,,0
NQ_DRIVE,148,"{'A': 1900, 'T': 60, 'x': 0.1, 'mode': 1, 'tf': 0, 'k': 0.35, 'stop': 0, 'R': 1.0, 'hold': 240}",160,43.8,0.98,-151,148,45.9,0.867,-1462,139,46.8,0.863,-1448
NQ_DRIVE,149,"{'A': 1900, 'T': 60, 'x': 0.1, 'mode': 1, 'tf': 0, 'k': 0.35, 'stop': 0, 'R': 2.0, 'hold': 240}",160,43.8,1.042,311,148,45.3,0.87,-1440,139,46.0,0.869,-1403
NQ_DRIVE,150,"{'A': 1900, 'T': 60, 'x': 0.1, 'mode': 1, 'tf': 1, 'k': 0.2, 'stop': 0, 'R': 0.5, 'hold': 240}",85,55.3,0.621,-1306,66,54.5,0.771,-732,59,54.2,0.736,-829
NQ_DRIVE,151,"{'A': 1900, 'T': 60, 'x': 0.1, 'mode': 1, 'tf': 1, 'k': 0.2, 'stop': 0, 'R': 1.0, 'hold': 240}",85,38.8,0.589,-1927,66,50.0,1.045,159,59,49.2,1.02,69
NQ_DRIVE,144,"{'A': 1900, 'T': 60, 'x': 0.1, 'mode': 1, 'tf': 0, 'k': 0.2, 'stop': 0, 'R': 0.5, 'hold': 240}",160,55.6,0.696,-1716,148,57.4,0.921,-520,139,59.7,0.929,-465
NQ_DRIVE,145,"{'A': 1900, 'T': 60, 'x': 0.1, 'mode': 1, 'tf': 0, 'k': 0.2, 'stop': 0, 'R': 1.0, 'hold': 240}",160,42.5,0.759,-1716,148,50.7,1.159,1257,139,51.8,1.121,952
NQ_DRIVE,146,"{'A': 1900, 'T': 60, 'x': 0.1, 'mode': 1, 'tf': 0, 'k': 0.2, 'stop': 0, 'R': 2.0, 'hold': 240}",160,41.2,0.855,-1067,148,41.2,0.889,-1066,139,41.7,0.863,-1313
NQ_DRIVE,147,"{'A': 1900, 'T': 60, 'x': 0.1, 'mode': 1, 'tf': 0, 'k': 0.35, 'stop': 0, 'R': 0.5, 'hold': 240}",160,48.1,0.84,-1102,148,55.4,0.978,-206,139,56.8,0.99,-89
NQ_DRIVE,152,"{'A': 1900, 'T': 60, 'x': 0.1, 'mode': 1, 'tf': 1, 'k': 0.2, 'stop': 0, 'R': 2.0, 'hold': 240}",85,38.8,0.8,-937,66,39.4,0.628,-1714,59,37.3,0.59,-1869
NQ_DRIVE,153,"{'A': 1900, 'T': 60, 'x': 0.1, 'mode': 1, 'tf': 1, 'k': 0.35, 'stop': 0, 'R': 0.5, 'hold': 240}",85,45.9,0.699,-1365,66,57.6,1.185,611,59,55.9,1.023,82
NQ_DRIVE,154,"{'A': 1900, 'T': 60, 'x': 0.1, 'mode': 1, 'tf': 1, 'k': 0.35, 'stop': 0, 'R': 1.0, 'hold': 240}",85,42.4,0.92,-373,66,47.0,0.775,-1042,59,45.8,0.738,-1201
NQ_DRIVE,155,"{'A': 1900, 'T': 60, 'x': 0.1, 'mode': 1, 'tf': 1, 'k': 0.35, 'stop': 0, 'R': 2.0, 'hold': 240}",85,42.4,1.044,204,66,47.0,0.816,-851,59,45.8,0.778,-1017
NQ_DRIVE,160,"{'A': 1900, 'T': 60, 'x': 0.1, 'mode': -1, 'tf': 0, 'k': 0.35, 'stop': 0, 'R': 1.0, 'hold': 240}",160,55.0,0.901,-757,148,51.4,1.063,624,139,51.8,1.069,661
NQ_DRIVE,161,"{'A': 1900, 'T': 60, 'x': 0.1, 'mode': -1, 'tf': 0, 'k': 0.35, 'stop': 0, 'R': 2.0, 'hold': 240}",160,53.8,0.829,-1348,148,50.7,1.061,625,139,51.8,1.164,1564
NQ_DRIVE,162,"{'A': 1900, 'T': 60, 'x': 0.1, 'mode': -1, 'tf': 1, 'k': 0.2, 'stop': 0, 'R': 0.5, 'hold': 240}",73,63.0,0.968,-66,77,61.0,0.701,-1282,66,54.5,0.648,-1385
NQ_DRIVE,163,"{'A': 1900, 'T': 60, 'x': 0.1, 'mode': -1, 'tf': 1, 'k': 0.2, 'stop': 0, 'R': 1.0, 'hold': 240}",73,52.1,0.746,-722,77,46.8,0.71,-1573,66,42.4,0.675,-1556
NQ_DRIVE,156,"{'A': 1900, 'T': 60, 'x': 0.1, 'mode': -1, 'tf': 0, 'k': 0.2, 'stop': 0, 'R': 0.5, 'hold': 240}",160,68.1,1.284,1104,148,56.8,0.649,-2934,139,54.7,0.643,-2914
NQ_DRIVE,157,"{'A': 1900, 'T': 60, 'x': 0.1, 'mode': -1, 'tf': 0, 'k': 0.2, 'stop': 0, 'R': 1.0, 'hold': 240}",160,56.9,1.129,752,148,46.6,0.759,-2344,139,46.0,0.788,-1991
NQ_DRIVE,158,"{'A': 1900, 'T': 60, 'x': 0.1, 'mode': -1, 'tf': 0, 'k': 0.2, 'stop': 0, 'R': 2.0, 'hold': 240}",160,53.1,1.001,4,148,43.9,0.959,-418,139,43.2,0.957,-422
NQ_DRIVE,159,"{'A': 1900, 'T': 60, 'x': 0.1, 'mode': -1, 'tf': 0, 'k': 0.35, 'stop': 0, 'R': 0.5, 'hold': 240}",160,59.4,0.984,-105,148,55.4,0.939,-533,139,56.1,0.964,-304
NQ_DRIVE,168,"{'A': 1900, 'T': 60, 'x': 0.2, 'mode': 1, 'tf': 0, 'k': 0.2, 'stop': 0, 'R': 0.5, 'hold': 240}",29,69.0,1.236,190,45,62.2,1.046,85,42,66.7,1.076,135
NQ_DRIVE,169,"{'A': 1900, 'T': 60, 'x': 0.2, 'mode': 1, 'tf': 0, 'k': 0.2, 'stop': 0, 'R': 1.0, 'hold': 240}",29,44.8,1.03,45,45,55.6,1.189,448,42,59.5,1.282,625
NQ_DRIVE,170,"{'A': 1900, 'T': 60, 'x': 0.2, 'mode': 1, 'tf': 0, 'k': 0.2, 'stop': 0, 'R': 2.0, 'hold': 240}",29,44.8,1.329,497,45,44.4,0.966,-105,42,47.6,1.02,60
NQ_DRIVE,171,"{'A': 1900, 'T': 60, 'x': 0.2, 'mode': 1, 'tf': 0, 'k': 0.35, 'stop': 0, 'R': 0.5, 'hold': 240}",29,58.6,1.525,656,45,57.8,0.987,-35,42,59.5,0.946,-149
NQ_DRIVE,172,"{'A': 1900, 'T': 60, 'x': 0.2, 'mode': 1, 'tf': 0, 'k': 0.35, 'stop': 0, 'R': 1.0, 'hold': 240}",29,55.2,1.908,1191,45,48.9,0.922,-269,42,52.4,1.009,28
NQ_DRIVE,173,"{'A': 1900, 'T': 60, 'x': 0.2, 'mode': 1, 'tf': 0, 'k': 0.35, 'stop': 0, 'R': 2.0, 'hold': 240}",29,55.2,2.416,1856,45,46.7,0.815,-656,42,50.0,0.887,-368
NQ_DRIVE,174,"{'A': 1900, 'T': 60, 'x': 0.2, 'mode': 1, 'tf': 1, 'k': 0.2, 'stop': 0, 'R': 0.5, 'hold': 240}",19,73.7,,258,20,60.0,1.002,2,14,57.1,,-1
NQ_DRIVE,175,"{'A': 1900, 'T': 60, 'x': 0.2, 'mode': 1, 'tf': 1, 'k': 0.2, 'stop': 0, 'R': 1.0, 'hold': 240}",19,42.1,,-24,20,55.0,1.112,113,14,57.1,,325
NQ_DRIVE,164,"{'A': 1900, 'T': 60, 'x': 0.1, 'mode': -1, 'tf': 1, 'k': 0.2, 'stop': 0, 'R': 2.0, 'hold': 240}",73,50.7,0.754,-728,77,45.5,0.971,-163,66,40.9,0.868,-652
NQ_DRIVE,165,"{'A': 1900, 'T': 60, 'x': 0.1, 'mode': -1, 'tf': 1, 'k': 0.35, 'stop': 0, 'R': 0.5, 'hold': 240}",73,54.8,0.767,-692,77,53.2,0.718,-1550,66,51.5,0.724,-1297
NQ_DRIVE,166,"{'A': 1900, 'T': 60, 'x': 0.1, 'mode': -1, 'tf': 1, 'k': 0.35, 'stop': 0, 'R': 1.0, 'hold': 240}",73,53.4,0.788,-661,77,51.9,0.965,-205,66,50.0,0.918,-409
NQ_DRIVE,167,"{'A': 1900, 'T': 60, 'x': 0.1, 'mode': -1, 'tf': 1, 'k': 0.35, 'stop': 0, 'R': 2.0, 'hold': 240}",73,52.1,0.618,-1262,77,50.6,0.89,-681,66,50.0,0.929,-354
NQ_DRIVE,176,"{'A': 1900, 'T': 60, 'x': 0.2, 'mode': 1, 'tf': 1, 'k': 0.2, 'stop': 0, 'R': 2.0, 'hold': 240}",19,42.1,,422,20,45.0,0.635,-539,14,42.9,,-331
NQ_DRIVE,177,"{'A': 1900, 'T': 60, 'x': 0.2, 'mode': 1, 'tf': 1, 'k': 0.35, 'stop': 0, 'R': 0.5, 'hold': 240}",19,57.9,,421,20,60.0,2.09,650,14,57.1,,453
NQ_DRIVE,178,"{'A': 1900, 'T': 60, 'x': 0.2, 'mode': 1, 'tf': 1, 'k': 0.35, 'stop': 0, 'R': 1.0, 'hold': 240}",19,52.6,,844,20,50.0,0.902,-114,14,50.0,,104
NQ_DRIVE,179,"{'A': 1900, 'T': 60, 'x': 0.2, 'mode': 1, 'tf': 1, 'k': 0.35, 'stop': 0, 'R': 2.0, 'hold': 240}",19,52.6,,1538,20,50.0,0.983,-19,14,50.0,,193
NQ_DRIVE,180,"{'A': 1900, 'T': 60, 'x': 0.2, 'mode': -1, 'tf': 0, 'k': 0.2, 'stop': 0, 'R': 0.5, 'hold': 240}",29,69.0,1.479,332,45,55.6,0.573,-1154,42,50.0,0.491,-1456
NQ_DRIVE,181,"{'A': 1900, 'T': 60, 'x': 0.2, 'mode': -1, 'tf': 0, 'k': 0.2, 'stop': 0, 'R': 1.0, 'hold': 240}",29,51.7,0.876,-202,45,40.0,0.686,-972,42,38.1,0.637,-1134
NQ_DRIVE,182,"{'A': 1900, 'T': 60, 'x': 0.2, 'mode': -1, 'tf': 0, 'k': 0.2, 'stop': 0, 'R': 2.0, 'hold': 240}",29,41.4,0.617,-761,45,40.0,0.838,-503,42,38.1,0.734,-830
NQ_DRIVE,183,"{'A': 1900, 'T': 60, 'x': 0.2, 'mode': -1, 'tf': 0, 'k': 0.35, 'stop': 0, 'R': 0.5, 'hold': 240}",29,51.7,0.604,-834,45,48.9,0.799,-621,42,50.0,0.758,-752
NQ_DRIVE,192,"{'A': 1900, 'T': 60, 'x': 0.35, 'mode': 1, 'tf': 0, 'k': 0.2, 'stop': 0, 'R': 0.5, 'hold': 240}",4,75.0,,121,8,50.0,,14,6,83.3,,234
NQ_DRIVE,193,"{'A': 1900, 'T': 60, 'x': 0.35, 'mode': 1, 'tf': 0, 'k': 0.2, 'stop': 0, 'R': 1.0, 'hold': 240}",4,50.0,,-3,8,25.0,,-472,6,33.3,,-371
NQ_DRIVE,194,"{'A': 1900, 'T': 60, 'x': 0.35, 'mode': 1, 'tf': 0, 'k': 0.2, 'stop': 0, 'R': 2.0, 'hold': 240}",4,50.0,,73,8,25.0,,-281,6,33.3,,-179
NQ_DRIVE,195,"{'A': 1900, 'T': 60, 'x': 0.35, 'mode': 1, 'tf': 0, 'k': 0.35, 'stop': 0, 'R': 0.5, 'hold': 240}",4,50.0,,-90,8,25.0,,-678,6,33.3,,-621
NQ_DRIVE,184,"{'A': 1900, 'T': 60, 'x': 0.2, 'mode': -1, 'tf': 0, 'k': 0.35, 'stop': 0, 'R': 1.0, 'hold': 240}",29,41.4,0.479,-1353,45,46.7,1.005,15,42,47.6,0.92,-265
NQ_DRIVE,185,"{'A': 1900, 'T': 60, 'x': 0.2, 'mode': -1, 'tf': 0, 'k': 0.35, 'stop': 0, 'R': 2.0, 'hold': 240}",29,41.4,0.522,-1241,45,46.7,1.113,370,42,47.6,1.025,81
NQ_DRIVE,186,"{'A': 1900, 'T': 60, 'x': 0.2, 'mode': -1, 'tf': 1, 'k': 0.2, 'stop': 0, 'R': 0.5, 'hold': 240}",10,70.0,,205,23,60.9,0.691,-405,22,50.0,0.531,-686
NQ_DRIVE,187,"{'A': 1900, 'T': 60, 'x': 0.2, 'mode': -1, 'tf': 1, 'k': 0.2, 'stop': 0, 'R': 1.0, 'hold': 240}",10,40.0,,-124,23,39.1,0.709,-477,22,36.4,0.631,-615
NQ_DRIVE,188,"{'A': 1900, 'T': 60, 'x': 0.2, 'mode': -1, 'tf': 1, 'k': 0.2, 'stop': 0, 'R': 2.0, 'hold': 240}",10,30.0,,-351,23,39.1,1.053,88,22,36.4,0.888,-187
NQ_DRIVE,189,"{'A': 1900, 'T': 60, 'x': 0.2, 'mode': -1, 'tf': 1, 'k': 0.35, 'stop': 0, 'R': 0.5, 'hold': 240}",10,40.0,,-185,23,43.5,0.552,-901,22,45.5,0.499,-1018
NQ_DRIVE,190,"{'A': 1900, 'T': 60, 'x': 0.2, 'mode': -1, 'tf': 1, 'k': 0.35, 'stop': 0, 'R': 1.0, 'hold': 240}",10,30.0,,-405,23,43.5,0.974,-53,22,45.5,0.859,-286
NQ_DRIVE,191,"{'A': 1900, 'T': 60, 'x': 0.2, 'mode': -1, 'tf': 1, 'k': 0.35, 'stop': 0, 'R': 2.0, 'hold': 240}",10,30.0,,-405,23,43.5,1.129,259,22,45.5,0.892,-220
NQ_DRIVE,196,"{'A': 1900, 'T': 60, 'x': 0.35, 'mode': 1, 'tf': 0, 'k': 0.35, 'stop': 0, 'R': 1.0, 'hold': 240}",4,50.0,,38,8,25.0,,-512,6,33.3,,-453
NQ_DRIVE,197,"{'A': 1900, 'T': 60, 'x': 0.35, 'mode': 1, 'tf': 0, 'k': 0.35, 'stop': 0, 'R': 2.0, 'hold': 240}",4,50.0,,15,8,25.0,,-584,6,33.3,,-526
NQ_DRIVE,198,"{'A': 1900, 'T': 60, 'x': 0.35, 'mode': 1, 'tf': 1, 'k': 0.2, 'stop': 0, 'R': 0.5, 'hold': 240}",2,100.0,,151,4,25.0,,-205,2,50.0,,-98
NQ_DRIVE,199,"{'A': 1900, 'T': 60, 'x': 0.35, 'mode': 1, 'tf': 1, 'k': 0.2, 'stop': 0, 'R': 1.0, 'hold': 240}",2,50.0,,-20,4,25.0,,-234,2,50.0,,-129
NQ_DRIVE,200,"{'A': 1900, 'T': 60, 'x': 0.35, 'mode': 1, 'tf': 1, 'k': 0.2, 'stop': 0, 'R': 2.0, 'hold': 240}",2,50.0,,66,4,25.0,,-234,2,50.0,,-129
NQ_DRIVE,201,"{'A': 1900, 'T': 60, 'x': 0.35, 'mode': 1, 'tf': 1, 'k': 0.35, 'stop': 0, 'R': 0.5, 'hold': 240}",2,50.0,,-90,4,25.0,,-141,2,50.0,,-78
NQ_DRIVE,202,"{'A': 1900, 'T': 60, 'x': 0.35, 'mode': 1, 'tf': 1, 'k': 0.35, 'stop': 0, 'R': 1.0, 'hold': 240}",2,50.0,,36,4,25.0,,-141,2,50.0,,-78
NQ_DRIVE,203,"{'A': 1900, 'T': 60, 'x': 0.35, 'mode': 1, 'tf': 1, 'k': 0.35, 'stop': 0, 'R': 2.0, 'hold': 240}",2,50.0,,14,4,25.0,,-141,2,50.0,,-78
NQ_DRIVE,204,"{'A': 1900, 'T': 60, 'x': 0.35, 'mode': -1, 'tf': 0, 'k': 0.2, 'stop': 0, 'R': 0.5, 'hold': 240}",4,75.0,,6,8,75.0,,31,6,66.7,,-15
NQ_DRIVE,205,"{'A': 1900, 'T': 60, 'x': 0.35, 'mode': -1, 'tf': 0, 'k': 0.2, 'stop': 0, 'R': 1.0, 'hold': 240}",4,50.0,,-18,8,62.5,,150,6,50.0,,58
NQ_DRIVE,206,"{'A': 1900, 'T': 60, 'x': 0.35, 'mode': -1, 'tf': 0, 'k': 0.2, 'stop': 0, 'R': 2.0, 'hold': 240}",4,50.0,,38,8,62.5,,285,6,50.0,,237
NQ_DRIVE,207,"{'A': 1900, 'T': 60, 'x': 0.35, 'mode': -1, 'tf': 0, 'k': 0.35, 'stop': 0, 'R': 0.5, 'hold': 240}",4,50.0,,-146,8,75.0,,206,6,66.7,,127
NQ_DRIVE,208,"{'A': 1900, 'T': 60, 'x': 0.35, 'mode': -1, 'tf': 0, 'k': 0.35, 'stop': 0, 'R': 1.0, 'hold': 240}",4,50.0,,-61,8,75.0,,467,6,66.7,,420
NQ_DRIVE,209,"{'A': 1900, 'T': 60, 'x': 0.35, 'mode': -1, 'tf': 0, 'k': 0.35, 'stop': 0, 'R': 2.0, 'hold': 240}",4,50.0,,-61,8,75.0,,901,6,66.7,,856
NQ_DRIVE,210,"{'A': 1900, 'T': 60, 'x': 0.35, 'mode': -1, 'tf': 1, 'k': 0.2, 'stop': 0, 'R': 0.5, 'hold': 240}",2,100.0,,78,3,66.7,,-36,3,66.7,,-29
NQ_DRIVE,211,"{'A': 1900, 'T': 60, 'x': 0.35, 'mode': -1, 'tf': 1, 'k': 0.2, 'stop': 0, 'R': 1.0, 'hold': 240}",2,50.0,,-28,3,66.7,,79,3,66.7,,84
NQ_DRIVE,212,"{'A': 1900, 'T': 60, 'x': 0.35, 'mode': -1, 'tf': 1, 'k': 0.2, 'stop': 0, 'R': 2.0, 'hold': 240}",2,50.0,,-23,3,66.7,,308,3,66.7,,314
NQ_DRIVE,213,"{'A': 1900, 'T': 60, 'x': 0.35, 'mode': -1, 'tf': 1, 'k': 0.35, 'stop': 0, 'R': 0.5, 'hold': 240}",2,50.0,,-27,3,66.7,,-93,3,66.7,,-88
NQ_DRIVE,214,"{'A': 1900, 'T': 60, 'x': 0.35, 'mode': -1, 'tf': 1, 'k': 0.35, 'stop': 0, 'R': 1.0, 'hold': 240}",2,50.0,,-13,3,66.7,,107,3,66.7,,113
NQ_DRIVE,215,"{'A': 1900, 'T': 60, 'x': 0.35, 'mode': -1, 'tf': 1, 'k': 0.35, 'stop': 0, 'R': 2.0, 'hold': 240}",2,50.0,,-13,3,66.7,,508,3,66.7,,516
NQ_DRIVE,216,"{'A': 1900, 'T': 120, 'x': 0.1, 'mode': 1, 'tf': 0, 'k': 0.2, 'stop': 0, 'R': 0.5, 'hold': 240}",358,52.8,0.745,-2623,271,59.8,0.972,-305,258,60.9,1.004,44
NQ_DRIVE,217,"{'A': 1900, 'T': 120, 'x': 0.1, 'mode': 1, 'tf': 0, 'k': 0.2, 'stop': 0, 'R': 1.0, 'hold': 240}",358,45.3,0.81,-2259,271,53.1,1.154,1859,258,53.9,1.169,1999
NQ_DRIVE,218,"{'A': 1900, 'T': 120, 'x': 0.1, 'mode': 1, 'tf': 0, 'k': 0.2, 'stop': 0, 'R': 2.0, 'hold': 240}",358,44.7,0.929,-848,271,50.6,1.179,2285,258,50.8,1.151,1907
NQ_DRIVE,219,"{'A': 1900, 'T': 120, 'x': 0.1, 'mode': 1, 'tf': 0, 'k': 0.35, 'stop': 0, 'R': 0.5, 'hold': 240}",358,47.8,0.725,-3389,271,54.2,0.934,-928,258,54.7,0.929,-988
NQ_DRIVE,224,"{'A': 1900, 'T': 120, 'x': 0.1, 'mode': 1, 'tf': 1, 'k': 0.2, 'stop': 0, 'R': 2.0, 'hold': 240}",179,44.1,1.034,210,127,49.6,1.037,221,109,49.5,0.924,-445
NQ_DRIVE,225,"{'A': 1900, 'T': 120, 'x': 0.1, 'mode': 1, 'tf': 1, 'k': 0.35, 'stop': 0, 'R': 0.5, 'hold': 240}",179,45.8,0.699,-2000,127,52.8,0.788,-1476,109,53.2,0.726,-1811
NQ_DRIVE,226,"{'A': 1900, 'T': 120, 'x': 0.1, 'mode': 1, 'tf': 1, 'k': 0.35, 'stop': 0, 'R': 1.0, 'hold': 240}",179,45.3,1.01,65,127,49.6,0.84,-1183,109,49.5,0.775,-1587
NQ_DRIVE,227,"{'A': 1900, 'T': 120, 'x': 0.1, 'mode': 1, 'tf': 1, 'k': 0.35, 'stop': 0, 'R': 2.0, 'hold': 240}",179,44.7,0.948,-363,127,49.6,0.899,-750,109,49.5,0.83,-1198
NQ_DRIVE,220,"{'A': 1900, 'T': 120, 'x': 0.1, 'mode': 1, 'tf': 0, 'k': 0.35, 'stop': 0, 'R': 1.0, 'hold': 240}",358,46.6,0.934,-831,271,51.3,1.005,68,258,51.6,0.99,-150
NQ_DRIVE,221,"{'A': 1900, 'T': 120, 'x': 0.1, 'mode': 1, 'tf': 0, 'k': 0.35, 'stop': 0, 'R': 2.0, 'hold': 240}",358,46.4,0.922,-996,271,51.3,1.048,713,258,51.6,1.032,465
NQ_DRIVE,222,"{'A': 1900, 'T': 120, 'x': 0.1, 'mode': 1, 'tf': 1, 'k': 0.2, 'stop': 0, 'R': 0.5, 'hold': 240}",179,54.7,0.853,-728,127,59.8,0.935,-327,109,59.6,0.85,-739
NQ_DRIVE,223,"{'A': 1900, 'T': 120, 'x': 0.1, 'mode': 1, 'tf': 1, 'k': 0.2, 'stop': 0, 'R': 1.0, 'hold': 240}",179,44.1,0.859,-871,127,52.0,1.035,201,109,53.2,0.953,-257
NQ_DRIVE,228,"{'A': 1900, 'T': 120, 'x': 0.1, 'mode': -1, 'tf': 0, 'k': 0.2, 'stop': 0, 'R': 0.5, 'hold': 240}",358,59.5,1.051,447,271,49.8,0.644,-4921,258,49.2,0.639,-4912
NQ_DRIVE,229,"{'A': 1900, 'T': 120, 'x': 0.1, 'mode': -1, 'tf': 0, 'k': 0.2, 'stop': 0, 'R': 1.0, 'hold': 240}",358,50.8,1.024,252,271,43.5,0.759,-3582,258,43.4,0.758,-3537
NQ_DRIVE,230,"{'A': 1900, 'T': 120, 'x': 0.1, 'mode': -1, 'tf': 0, 'k': 0.2, 'stop': 0, 'R': 2.0, 'hold': 240}",358,48.9,1.022,241,271,42.8,0.864,-2043,258,42.6,0.863,-2026
NQ_DRIVE,231,"{'A': 1900, 'T': 120, 'x': 0.1, 'mode': -1, 'tf': 0, 'k': 0.35, 'stop': 0, 'R': 0.5, 'hold': 240}",358,52.8,0.911,-1054,271,46.1,0.734,-4183,258,46.9,0.759,-3641
NQ_DRIVE,232,"{'A': 1900, 'T': 120, 'x': 0.1, 'mode': -1, 'tf': 0, 'k': 0.35, 'stop': 0, 'R': 1.0, 'hold': 240}",358,49.4,0.902,-1250,271,45.4,0.898,-1618,258,45.7,0.914,-1324
NQ_DRIVE,233,"{'A': 1900, 'T': 120, 'x': 0.1, 'mode': -1, 'tf': 0, 'k': 0.35, 'stop': 0, 'R': 2.0, 'hold': 240}",358,49.4,0.87,-1655,271,45.0,0.867,-2126,258,45.3,0.883,-1818
NQ_DRIVE,234,"{'A': 1900, 'T': 120, 'x': 0.1, 'mode': -1, 'tf': 1, 'k': 0.2, 'stop': 0, 'R': 0.5, 'hold': 240}",171,59.1,1.158,590,136,49.3,0.574,-3253,117,47.9,0.554,-3042
NQ_DRIVE,235,"{'A': 1900, 'T': 120, 'x': 0.1, 'mode': -1, 'tf': 1, 'k': 0.2, 'stop': 0, 'R': 1.0, 'hold': 240}",171,49.1,1.089,408,136,42.6,0.718,-2278,117,41.9,0.662,-2444
NQ_DRIVE,28,"{'A': 1900, 'T': 15, 'x': 0.2, 'mode': 1, 'tf': 0, 'k': 0.35, 'stop': 0, 'R': 1.0, 'hold': 240}",3,33.3,,-14,2,100.0,,475,2,100.0,,481
NQ_DRIVE,29,"{'A': 1900, 'T': 15, 'x': 0.2, 'mode': 1, 'tf': 0, 'k': 0.35, 'stop': 0, 'R': 2.0, 'hold': 240}",3,33.3,,-40,2,100.0,,572,2,100.0,,576
NQ_DRIVE,30,"{'A': 1900, 'T': 15, 'x': 0.2, 'mode': 1, 'tf': 1, 'k': 0.2, 'stop': 0, 'R': 0.5, 'hold': 240}",0,,,0,1,100.0,,72,1,100.0,,76
NQ_DRIVE,31,"{'A': 1900, 'T': 15, 'x': 0.2, 'mode': 1, 'tf': 1, 'k': 0.2, 'stop': 0, 'R': 1.0, 'hold': 240}",0,,,0,1,100.0,,150,1,100.0,,154
NQ_DRIVE,236,"{'A': 1900, 'T': 120, 'x': 0.1, 'mode': -1, 'tf': 1, 'k': 0.2, 'stop': 0, 'R': 2.0, 'hold': 240}",171,46.2,1.033,157,136,41.2,0.737,-2169,117,41.0,0.696,-2216
NQ_DRIVE,237,"{'A': 1900, 'T': 120, 'x': 0.1, 'mode': -1, 'tf': 1, 'k': 0.35, 'stop': 0, 'R': 0.5, 'hold': 240}",171,51.5,1.024,116,136,45.6,0.687,-2664,117,46.2,0.686,-2360
NQ_DRIVE,238,"{'A': 1900, 'T': 120, 'x': 0.1, 'mode': -1, 'tf': 1, 'k': 0.35, 'stop': 0, 'R': 1.0, 'hold': 240}",171,47.4,0.982,-96,136,44.1,0.806,-1684,117,44.4,0.785,-1648
NQ_DRIVE,239,"{'A': 1900, 'T': 120, 'x': 0.1, 'mode': -1, 'tf': 1, 'k': 0.35, 'stop': 0, 'R': 2.0, 'hold': 240}",171,47.4,0.952,-253,136,44.1,0.753,-2142,117,44.4,0.734,-2038
NQ_DRIVE,240,"{'A': 1900, 'T': 120, 'x': 0.2, 'mode': 1, 'tf': 0, 'k': 0.2, 'stop': 0, 'R': 0.5, 'hold': 240}",104,54.8,0.761,-755,99,64.6,0.86,-666,95,65.3,0.847,-729
NQ_DRIVE,241,"{'A': 1900, 'T': 120, 'x': 0.2, 'mode': 1, 'tf': 0, 'k': 0.2, 'stop': 0, 'R': 1.0, 'hold': 240}",104,44.2,0.817,-697,99,54.5,0.921,-454,95,56.8,0.939,-346
NQ_DRIVE,242,"{'A': 1900, 'T': 120, 'x': 0.2, 'mode': 1, 'tf': 0, 'k': 0.2, 'stop': 0, 'R': 2.0, 'hold': 240}",104,43.3,0.914,-334,99,51.5,0.876,-761,95,53.7,0.888,-673
NQ_DRIVE,243,"{'A': 1900, 'T': 120, 'x': 0.2, 'mode': 1, 'tf': 0, 'k': 0.35, 'stop': 0, 'R': 0.5, 'hold': 240}",104,48.1,0.815,-690,99,56.6,0.705,-2089,95,58.9,0.714,-1989
NQ_DRIVE,24,"{'A': 1900, 'T': 15, 'x': 0.2, 'mode': 1, 'tf': 0, 'k': 0.2, 'stop': 0, 'R': 0.5, 'hold': 240}",3,33.3,,-124,2,100.0,,167,2,100.0,,172
NQ_DRIVE,25,"{'A': 1900, 'T': 15, 'x': 0.2, 'mode': 1, 'tf': 0, 'k': 0.2, 'stop': 0, 'R': 1.0, 'hold': 240}",3,33.3,,-77,2,100.0,,341,2,100.0,,346
NQ_DRIVE,26,"{'A': 1900, 'T': 15, 'x': 0.2, 'mode': 1, 'tf': 0, 'k': 0.2, 'stop': 0, 'R': 2.0, 'hold': 240}",3,33.3,,17,2,100.0,,523,2,100.0,,529
NQ_DRIVE,27,"{'A': 1900, 'T': 15, 'x': 0.2, 'mode': 1, 'tf': 0, 'k': 0.35, 'stop': 0, 'R': 0.5, 'hold': 240}",3,33.3,,-96,2,100.0,,297,2,100.0,,303
NQ_DRIVE,244,"{'A': 1900, 'T': 120, 'x': 0.2, 'mode': 1, 'tf': 0, 'k': 0.35, 'stop': 0, 'R': 1.0, 'hold': 240}",104,47.1,1.121,456,99,53.5,0.712,-2169,95,55.8,0.72,-2077
NQ_DRIVE,245,"{'A': 1900, 'T': 120, 'x': 0.2, 'mode': 1, 'tf': 0, 'k': 0.35, 'stop': 0, 'R': 2.0, 'hold': 240}",104,47.1,1.076,287,99,53.5,0.772,-1716,95,55.8,0.778,-1644
NQ_DRIVE,246,"{'A': 1900, 'T': 120, 'x': 0.2, 'mode': 1, 'tf': 1, 'k': 0.2, 'stop': 0, 'R': 0.5, 'hold': 240}",58,53.4,0.799,-359,46,69.6,0.98,-39,36,66.7,0.775,-424
NQ_DRIVE,247,"{'A': 1900, 'T': 120, 'x': 0.2, 'mode': 1, 'tf': 1, 'k': 0.2, 'stop': 0, 'R': 1.0, 'hold': 240}",58,41.4,0.768,-534,46,60.9,0.953,-112,36,61.1,0.736,-577
NQ_DRIVE,32,"{'A': 1900, 'T': 15, 'x': 0.2, 'mode': 1, 'tf': 1, 'k': 0.2, 'stop': 0, 'R': 2.0, 'hold': 240}",0,,,0,1,100.0,,141,1,100.0,,145
NQ_DRIVE,33,"{'A': 1900, 'T': 15, 'x': 0.2, 'mode': 1, 'tf': 1, 'k': 0.35, 'stop': 0, 'R': 0.5, 'hold': 240}",0,,,0,1,100.0,,130,1,100.0,,134
NQ_DRIVE,34,"{'A': 1900, 'T': 15, 'x': 0.2, 'mode': 1, 'tf': 1, 'k': 0.35, 'stop': 0, 'R': 1.0, 'hold': 240}",0,,,0,1,100.0,,141,1,100.0,,145
NQ_DRIVE,35,"{'A': 1900, 'T': 15, 'x': 0.2, 'mode': 1, 'tf': 1, 'k': 0.35, 'stop': 0, 'R': 2.0, 'hold': 240}",0,,,0,1,100.0,,141,1,100.0,,145
NQ_DRIVE,248,"{'A': 1900, 'T': 120, 'x': 0.2, 'mode': 1, 'tf': 1, 'k': 0.2, 'stop': 0, 'R': 2.0, 'hold': 240}",58,41.4,0.869,-301,46,58.7,0.951,-123,36,58.3,0.666,-777
NQ_DRIVE,249,"{'A': 1900, 'T': 120, 'x': 0.2, 'mode': 1, 'tf': 1, 'k': 0.35, 'stop': 0, 'R': 0.5, 'hold': 240}",58,43.1,0.679,-764,46,60.9,0.658,-1086,36,61.1,0.521,-1363
NQ_DRIVE,250,"{'A': 1900, 'T': 120, 'x': 0.2, 'mode': 1, 'tf': 1, 'k': 0.35, 'stop': 0, 'R': 1.0, 'hold': 240}",58,43.1,1.07,166,46,58.7,0.685,-1079,36,58.3,0.495,-1558
NQ_DRIVE,251,"{'A': 1900, 'T': 120, 'x': 0.2, 'mode': 1, 'tf': 1, 'k': 0.35, 'stop': 0, 'R': 2.0, 'hold': 240}",58,43.1,0.825,-416,46,58.7,0.821,-613,36,58.3,0.632,-1135
NQ_DRIVE,256,"{'A': 1900, 'T': 120, 'x': 0.2, 'mode': -1, 'tf': 0, 'k': 0.35, 'stop': 0, 'R': 1.0, 'hold': 240}",104,49.0,0.769,-1047,99,43.4,1.283,1608,95,42.1,1.273,1539
NQ_DRIVE,257,"{'A': 1900, 'T': 120, 'x': 0.2, 'mode': -1, 'tf': 0, 'k': 0.35, 'stop': 0, 'R': 2.0, 'hold': 240}",104,49.0,0.776,-1012,99,42.4,1.132,765,95,41.1,1.118,682
NQ_DRIVE,258,"{'A': 1900, 'T': 120, 'x': 0.2, 'mode': -1, 'tf': 1, 'k': 0.2, 'stop': 0, 'R': 0.5, 'hold': 240}",45,62.2,1.104,110,47,55.3,0.698,-857,42,54.8,0.714,-728
NQ_DRIVE,259,"{'A': 1900, 'T': 120, 'x': 0.2, 'mode': -1, 'tf': 1, 'k': 0.2, 'stop': 0, 'R': 1.0, 'hold': 240}",45,44.4,0.874,-188,47,46.8,1.017,50,42,45.2,1.028,76
NQ_DRIVE,252,"{'A': 1900, 'T': 120, 'x': 0.2, 'mode': -1, 'tf': 0, 'k': 0.2, 'stop': 0, 'R': 0.5, 'hold': 240}",104,63.5,1.077,207,99,51.5,0.751,-1286,95,50.5,0.738,-1346
NQ_DRIVE,253,"{'A': 1900, 'T': 120, 'x': 0.2, 'mode': -1, 'tf': 0, 'k': 0.2, 'stop': 0, 'R': 1.0, 'hold': 240}",104,51.9,1.036,122,99,42.4,0.983,-93,95,41.1,0.968,-179
NQ_DRIVE,254,"{'A': 1900, 'T': 120, 'x': 0.2, 'mode': -1, 'tf': 0, 'k': 0.2, 'stop': 0, 'R': 2.0, 'hold': 240}",104,48.1,0.965,-126,99,40.4,1.097,561,95,38.9,1.081,466
NQ_DRIVE,255,"{'A': 1900, 'T': 120, 'x': 0.2, 'mode': -1, 'tf': 0, 'k': 0.35, 'stop': 0, 'R': 0.5, 'hold': 240}",104,54.8,0.854,-599,99,45.5,1.003,18,95,44.2,0.993,-38
NQ_DRIVE,36,"{'A': 1900, 'T': 15, 'x': 0.2, 'mode': -1, 'tf': 0, 'k': 0.2, 'stop': 0, 'R': 0.5, 'hold': 240}",3,66.7,,17,2,50.0,,-64,2,50.0,,-68
NQ_DRIVE,37,"{'A': 1900, 'T': 15, 'x': 0.2, 'mode': -1, 'tf': 0, 'k': 0.2, 'stop': 0, 'R': 1.0, 'hold': 240}",3,66.7,,61,2,0.0,,-352,2,0.0,,-357
NQ_DRIVE,38,"{'A': 1900, 'T': 15, 'x': 0.2, 'mode': -1, 'tf': 0, 'k': 0.2, 'stop': 0, 'R': 2.0, 'hold': 240}",3,66.7,,67,2,0.0,,-352,2,0.0,,-357
NQ_DRIVE,39,"{'A': 1900, 'T': 15, 'x': 0.2, 'mode': -1, 'tf': 0, 'k': 0.35, 'stop': 0, 'R': 0.5, 'hold': 240}",3,66.7,,-26,2,0.0,,-486,2,0.0,,-492
NQ_DRIVE,260,"{'A': 1900, 'T': 120, 'x': 0.2, 'mode': -1, 'tf': 1, 'k': 0.2, 'stop': 0, 'R': 2.0, 'hold': 240}",45,37.8,0.737,-435,47,42.6,0.936,-199,42,42.9,1.038,104
NQ_DRIVE,261,"{'A': 1900, 'T': 120, 'x': 0.2, 'mode': -1, 'tf': 1, 'k': 0.35, 'stop': 0, 'R': 0.5, 'hold': 240}",45,51.1,0.971,-41,47,51.1,1.138,371,42,50.0,1.089,230
NQ_DRIVE,262,"{'A': 1900, 'T': 120, 'x': 0.2, 'mode': -1, 'tf': 1, 'k': 0.35, 'stop': 0, 'R': 1.0, 'hold': 240}",45,40.0,0.654,-634,47,46.8,1.321,913,42,47.6,1.388,1027
NQ_DRIVE,263,"{'A': 1900, 'T': 120, 'x': 0.2, 'mode': -1, 'tf': 1, 'k': 0.35, 'stop': 0, 'R': 2.0, 'hold': 240}",45,40.0,0.72,-513,47,46.8,1.065,186,42,47.6,1.107,282
NQ_DRIVE,264,"{'A': 1900, 'T': 120, 'x': 0.35, 'mode': 1, 'tf': 0, 'k': 0.2, 'stop': 0, 'R': 0.5, 'hold': 240}",21,71.4,1.294,132,29,62.1,0.804,-321,27,63.0,0.819,-279
NQ_DRIVE,265,"{'A': 1900, 'T': 120, 'x': 0.35, 'mode': 1, 'tf': 0, 'k': 0.2, 'stop': 0, 'R': 1.0, 'hold': 240}",21,57.1,1.358,219,29,51.7,0.947,-113,27,51.9,0.932,-138
NQ_DRIVE,266,"{'A': 1900, 'T': 120, 'x': 0.35, 'mode': 1, 'tf': 0, 'k': 0.2, 'stop': 0, 'R': 2.0, 'hold': 240}",21,57.1,1.223,136,29,44.8,0.858,-333,27,44.4,0.883,-263
NQ_DRIVE,267,"{'A': 1900, 'T': 120, 'x': 0.35, 'mode': 1, 'tf': 0, 'k': 0.35, 'stop': 0, 'R': 0.5, 'hold': 240}",21,61.9,0.973,-20,29,55.2,0.68,-887,27,55.6,0.66,-919
NQ_DRIVE,268,"{'A': 1900, 'T': 120, 'x': 0.35, 'mode': 1, 'tf': 0, 'k': 0.35, 'stop': 0, 'R': 1.0, 'hold': 240}",21,61.9,1.433,330,29,48.3,0.674,-971,27,48.1,0.684,-922
NQ_DRIVE,269,"{'A': 1900, 'T': 120, 'x': 0.35, 'mode': 1, 'tf': 0, 'k': 0.35, 'stop': 0, 'R': 2.0, 'hold': 240}",21,61.9,1.093,71,29,48.3,0.77,-684,27,48.1,0.779,-645
NQ_DRIVE,270,"{'A': 1900, 'T': 120, 'x': 0.35, 'mode': 1, 'tf': 1, 'k': 0.2, 'stop': 0, 'R': 0.5, 'hold': 240}",10,70.0,,107,13,69.2,,-96,10,60.0,,-329
NQ_DRIVE,271,"{'A': 1900, 'T': 120, 'x': 0.35, 'mode': 1, 'tf': 1, 'k': 0.2, 'stop': 0, 'R': 1.0, 'hold': 240}",10,60.0,,219,13,61.5,,23,10,50.0,,-354
NQ_DRIVE,272,"{'A': 1900, 'T': 120, 'x': 0.35, 'mode': 1, 'tf': 1, 'k': 0.2, 'stop': 0, 'R': 2.0, 'hold': 240}",10,60.0,,-9,13,61.5,,156,10,50.0,,-348
NQ_DRIVE,273,"{'A': 1900, 'T': 120, 'x': 0.35, 'mode': 1, 'tf': 1, 'k': 0.35, 'stop': 0, 'R': 0.5, 'hold': 240}",10,60.0,,8,13,61.5,,-523,10,50.0,,-864
NQ_DRIVE,274,"{'A': 1900, 'T': 120, 'x': 0.35, 'mode': 1, 'tf': 1, 'k': 0.35, 'stop': 0, 'R': 1.0, 'hold': 240}",10,60.0,,216,13,61.5,,-364,10,50.0,,-836
NQ_DRIVE,275,"{'A': 1900, 'T': 120, 'x': 0.35, 'mode': 1, 'tf': 1, 'k': 0.35, 'stop': 0, 'R': 2.0, 'hold': 240}",10,60.0,,-160,13,61.5,,-37,10,50.0,,-553
NQ_DRIVE,276,"{'A': 1900, 'T': 120, 'x': 0.35, 'mode': -1, 'tf': 0, 'k': 0.2, 'stop': 0, 'R': 0.5, 'hold': 240}",21,66.7,1.055,32,29,58.6,0.729,-493,27,59.3,0.761,-406
NQ_DRIVE,277,"{'A': 1900, 'T': 120, 'x': 0.35, 'mode': -1, 'tf': 0, 'k': 0.2, 'stop': 0, 'R': 1.0, 'hold': 240}",21,33.3,0.631,-334,29,48.3,0.979,-43,27,48.1,0.996,-7
NQ_DRIVE,278,"{'A': 1900, 'T': 120, 'x': 0.35, 'mode': -1, 'tf': 0, 'k': 0.2, 'stop': 0, 'R': 2.0, 'hold': 240}",21,28.6,0.782,-199,29,44.8,1.317,698,27,44.4,1.361,753
NQ_DRIVE,279,"{'A': 1900, 'T': 120, 'x': 0.35, 'mode': -1, 'tf': 0, 'k': 0.35, 'stop': 0, 'R': 0.5, 'hold': 240}",21,42.9,0.657,-351,29,55.2,1.095,189,27,55.6,1.086,169
NQ_DRIVE,280,"{'A': 1900, 'T': 120, 'x': 0.35, 'mode': -1, 'tf': 0, 'k': 0.35, 'stop': 0, 'R': 1.0, 'hold': 240}",21,28.6,0.618,-448,29,51.7,1.387,808,27,51.9,1.373,771
NQ_DRIVE,281,"{'A': 1900, 'T': 120, 'x': 0.35, 'mode': -1, 'tf': 0, 'k': 0.35, 'stop': 0, 'R': 2.0, 'hold': 240}",21,28.6,0.556,-521,29,51.7,1.462,965,27,51.9,1.441,912
NQ_DRIVE,282,"{'A': 1900, 'T': 120, 'x': 0.35, 'mode': -1, 'tf': 1, 'k': 0.2, 'stop': 0, 'R': 0.5, 'hold': 240}",11,81.8,,287,14,57.1,,-410,11,54.5,,-395
NQ_DRIVE,283,"{'A': 1900, 'T': 120, 'x': 0.35, 'mode': -1, 'tf': 1, 'k': 0.2, 'stop': 0, 'R': 1.0, 'hold': 240}",11,36.4,,-60,14,57.1,,169,11,54.5,,56
NQ_DRIVE,20,"{'A': 1900, 'T': 15, 'x': 0.1, 'mode': -1, 'tf': 1, 'k': 0.2, 'stop': 0, 'R': 2.0, 'hold': 240}",16,37.5,,-485,16,37.5,,-313,12,33.3,,-201
NQ_DRIVE,21,"{'A': 1900, 'T': 15, 'x': 0.1, 'mode': -1, 'tf': 1, 'k': 0.35, 'stop': 0, 'R': 0.5, 'hold': 240}",16,56.2,,-160,16,50.0,,-782,12,41.7,,-957
NQ_DRIVE,22,"{'A': 1900, 'T': 15, 'x': 0.1, 'mode': -1, 'tf': 1, 'k': 0.35, 'stop': 0, 'R': 1.0, 'hold': 240}",16,50.0,,-225,16,50.0,,-222,12,41.7,,-598
NQ_DRIVE,23,"{'A': 1900, 'T': 15, 'x': 0.1, 'mode': -1, 'tf': 1, 'k': 0.35, 'stop': 0, 'R': 2.0, 'hold': 240}",16,43.8,,-638,16,50.0,,-277,12,41.7,,-891
NQ_DRIVE,284,"{'A': 1900, 'T': 120, 'x': 0.35, 'mode': -1, 'tf': 1, 'k': 0.2, 'stop': 0, 'R': 2.0, 'hold': 240}",11,27.3,,-25,14,50.0,,396,11,54.5,,561
NQ_DRIVE,285,"{'A': 1900, 'T': 120, 'x': 0.35, 'mode': -1, 'tf': 1, 'k': 0.35, 'stop': 0, 'R': 0.5, 'hold': 240}",11,54.5,,97,14,71.4,,585,11,72.7,,412
NQ_DRIVE,286,"{'A': 1900, 'T': 120, 'x': 0.35, 'mode': -1, 'tf': 1, 'k': 0.35, 'stop': 0, 'R': 1.0, 'hold': 240}",11,27.3,,-176,14,64.3,,733,11,72.7,,802
NQ_DRIVE,287,"{'A': 1900, 'T': 120, 'x': 0.35, 'mode': -1, 'tf': 1, 'k': 0.35, 'stop': 0, 'R': 2.0, 'hold': 240}",11,27.3,,-209,14,64.3,,731,11,72.7,,791
NQ_DRIVE,296,"{'A': 1900, 'T': 240, 'x': 0.1, 'mode': 1, 'tf': 1, 'k': 0.2, 'stop': 0, 'R': 2.0, 'hold': 240}",219,39.3,0.624,-3225,173,50.9,0.919,-612,141,51.1,0.941,-377
NQ_DRIVE,297,"{'A': 1900, 'T': 240, 'x': 0.1, 'mode': 1, 'tf': 1, 'k': 0.35, 'stop': 0, 'R': 0.5, 'hold': 240}",219,43.4,0.824,-1312,173,56.1,0.867,-1118,141,56.7,0.884,-819
NQ_DRIVE,298,"{'A': 1900, 'T': 240, 'x': 0.1, 'mode': 1, 'tf': 1, 'k': 0.35, 'stop': 0, 'R': 1.0, 'hold': 240}",219,40.6,0.662,-2777,173,51.4,0.766,-2118,141,51.8,0.773,-1736
NQ_DRIVE,299,"{'A': 1900, 'T': 240, 'x': 0.1, 'mode': 1, 'tf': 1, 'k': 0.35, 'stop': 0, 'R': 2.0, 'hold': 240}",219,40.2,0.644,-2926,173,51.4,0.764,-2138,141,51.8,0.785,-1642
NQ_DRIVE,292,"{'A': 1900, 'T': 240, 'x': 0.1, 'mode': 1, 'tf': 0, 'k': 0.35, 'stop': 0, 'R': 1.0, 'hold': 240}",463,44.9,0.831,-2684,353,52.4,1.013,225,338,51.5,0.989,-182
NQ_DRIVE,293,"{'A': 1900, 'T': 240, 'x': 0.1, 'mode': 1, 'tf': 0, 'k': 0.35, 'stop': 0, 'R': 2.0, 'hold': 240}",463,44.7,0.842,-2510,353,52.4,1.068,1179,338,51.5,1.04,685
NQ_DRIVE,294,"{'A': 1900, 'T': 240, 'x': 0.1, 'mode': 1, 'tf': 1, 'k': 0.2, 'stop': 0, 'R': 0.5, 'hold': 240}",219,52.5,0.802,-1325,173,62.4,1.097,563,141,63.1,1.086,425
NQ_DRIVE,295,"{'A': 1900, 'T': 240, 'x': 0.1, 'mode': 1, 'tf': 1, 'k': 0.2, 'stop': 0, 'R': 1.0, 'hold': 240}",219,40.2,0.637,-3054,173,54.9,1.053,369,141,56.0,1.116,678
NQ_DRIVE,320,"{'A': 1900, 'T': 240, 'x': 0.2, 'mode': 1, 'tf': 1, 'k': 0.2, 'stop': 0, 'R': 2.0, 'hold': 240}",94,38.3,0.541,-2084,74,48.6,0.843,-672,60,50.0,0.868,-497
NQ_DRIVE,321,"{'A': 1900, 'T': 240, 'x': 0.2, 'mode': 1, 'tf': 1, 'k': 0.35, 'stop': 0, 'R': 0.5, 'hold': 240}",94,46.8,0.925,-287,74,55.4,0.715,-1448,60,56.7,0.726,-1242
NQ_DRIVE,322,"{'A': 1900, 'T': 240, 'x': 0.2, 'mode': 1, 'tf': 1, 'k': 0.35, 'stop': 0, 'R': 1.0, 'hold': 240}",94,40.4,0.569,-1982,74,48.6,0.646,-1965,60,50.0,0.635,-1776
NQ_DRIVE,323,"{'A': 1900, 'T': 240, 'x': 0.2, 'mode': 1, 'tf': 1, 'k': 0.35, 'stop': 0, 'R': 2.0, 'hold': 240}",94,40.4,0.584,-1911,74,48.6,0.66,-1883,60,50.0,0.68,-1557
NQ_DRIVE,312,"{'A': 1900, 'T': 240, 'x': 0.2, 'mode': 1, 'tf': 0, 'k': 0.2, 'stop': 0, 'R': 0.5, 'hold': 240}",187,59.4,0.913,-512,162,67.9,1.339,1918,153,68.6,1.371,2050
NQ_DRIVE,313,"{'A': 1900, 'T': 240, 'x': 0.2, 'mode': 1, 'tf': 0, 'k': 0.2, 'stop': 0, 'R': 1.0, 'hold': 240}",187,47.1,0.813,-1373,162,54.3,1.065,531,153,54.2,1.059,481
NQ_DRIVE,314,"{'A': 1900, 'T': 240, 'x': 0.2, 'mode': 1, 'tf': 0, 'k': 0.2, 'stop': 0, 'R': 2.0, 'hold': 240}",187,44.4,0.78,-1687,162,51.2,1.173,1497,153,51.0,1.129,1107
NQ_DRIVE,315,"{'A': 1900, 'T': 240, 'x': 0.2, 'mode': 1, 'tf': 0, 'k': 0.35, 'stop': 0, 'R': 0.5, 'hold': 240}",187,52.4,1.018,120,162,57.4,1.016,144,153,57.5,1.01,89
NQ_DRIVE,308,"{'A': 1900, 'T': 240, 'x': 0.1, 'mode': -1, 'tf': 1, 'k': 0.2, 'stop': 0, 'R': 2.0, 'hold': 240}",228,45.2,0.831,-1299,168,42.9,0.804,-1815,150,46.7,0.941,-450
NQ_DRIVE,309,"{'A': 1900, 'T': 240, 'x': 0.1, 'mode': -1, 'tf': 1, 'k': 0.35, 'stop': 0, 'R': 0.5, 'hold': 240}",228,49.1,0.854,-1132,168,47.0,0.774,-2257,150,50.0,0.848,-1294
NQ_DRIVE,310,"{'A': 1900, 'T': 240, 'x': 0.1, 'mode': -1, 'tf': 1, 'k': 0.35, 'stop': 0, 'R': 1.0, 'hold': 240}",228,46.1,0.806,-1593,168,43.5,0.713,-2956,150,46.7,0.8,-1751
NQ_DRIVE,311,"{'A': 1900, 'T': 240, 'x': 0.1, 'mode': -1, 'tf': 1, 'k': 0.35, 'stop': 0, 'R': 2.0, 'hold': 240}",228,46.1,0.843,-1283,168,42.9,0.73,-2836,150,46.0,0.818,-1628
NQ_DRIVE,288,"{'A': 1900, 'T': 240, 'x': 0.1, 'mode': 1, 'tf': 0, 'k': 0.2, 'stop': 0, 'R': 0.5, 'hold': 240}",463,54.4,0.843,-2114,353,62.6,1.12,1491,338,62.1,1.124,1514
NQ_DRIVE,289,"{'A': 1900, 'T': 240, 'x': 0.1, 'mode': 1, 'tf': 0, 'k': 0.2, 'stop': 0, 'R': 1.0, 'hold': 240}",463,44.5,0.775,-3622,353,53.8,1.047,736,338,53.0,1.031,475
NQ_DRIVE,290,"{'A': 1900, 'T': 240, 'x': 0.1, 'mode': 1, 'tf': 0, 'k': 0.2, 'stop': 0, 'R': 2.0, 'hold': 240}",463,43.2,0.768,-3817,353,51.6,1.09,1462,338,50.6,1.061,976
NQ_DRIVE,291,"{'A': 1900, 'T': 240, 'x': 0.1, 'mode': 1, 'tf': 0, 'k': 0.35, 'stop': 0, 'R': 0.5, 'hold': 240}",463,47.1,0.883,-1755,353,55.8,1.039,627,338,55.0,1.024,378
NQ_DRIVE,316,"{'A': 1900, 'T': 240, 'x': 0.2, 'mode': 1, 'tf': 0, 'k': 0.35, 'stop': 0, 'R': 1.0, 'hold': 240}",187,47.6,0.868,-1006,162,51.9,0.991,-94,153,51.6,0.961,-379
NQ_DRIVE,317,"{'A': 1900, 'T': 240, 'x': 0.2, 'mode': 1, 'tf': 0, 'k': 0.35, 'stop': 0, 'R': 2.0, 'hold': 240}",187,47.6,0.897,-785,162,51.9,1.085,842,153,51.6,1.042,414
NQ_DRIVE,318,"{'A': 1900, 'T': 240, 'x': 0.2, 'mode': 1, 'tf': 1, 'k': 0.2, 'stop': 0, 'R': 0.5, 'hold': 240}",94,56.4,0.848,-504,74,67.6,1.217,599,60,68.3,1.139,353
NQ_DRIVE,319,"{'A': 1900, 'T': 240, 'x': 0.2, 'mode': 1, 'tf': 1, 'k': 0.2, 'stop': 0, 'R': 1.0, 'hold': 240}",94,39.4,0.602,-1782,74,54.1,0.932,-267,60,56.7,1.021,70
NQ_DRIVE,324,"{'A': 1900, 'T': 240, 'x': 0.2, 'mode': -1, 'tf': 0, 'k': 0.2, 'stop': 0, 'R': 0.5, 'hold': 240}",187,63.1,1.16,761,162,55.6,0.802,-1525,153,56.2,0.789,-1621
NQ_DRIVE,325,"{'A': 1900, 'T': 240, 'x': 0.2, 'mode': -1, 'tf': 0, 'k': 0.2, 'stop': 0, 'R': 1.0, 'hold': 240}",187,49.2,1.041,269,162,44.4,0.842,-1468,153,45.1,0.854,-1328
NQ_DRIVE,326,"{'A': 1900, 'T': 240, 'x': 0.2, 'mode': -1, 'tf': 0, 'k': 0.2, 'stop': 0, 'R': 2.0, 'hold': 240}",187,46.0,0.943,-409,162,42.6,0.979,-199,153,43.1,0.988,-112
NQ_DRIVE,327,"{'A': 1900, 'T': 240, 'x': 0.2, 'mode': -1, 'tf': 0, 'k': 0.35, 'stop': 0, 'R': 0.5, 'hold': 240}",187,52.4,1.029,189,162,48.8,0.797,-2066,153,50.3,0.849,-1462
NQ_DRIVE,300,"{'A': 1900, 'T': 240, 'x': 0.1, 'mode': -1, 'tf': 0, 'k': 0.2, 'stop': 0, 'R': 0.5, 'hold': 240}",463,59.4,1.068,773,353,54.1,0.861,-2006,338,53.8,0.845,-2227
NQ_DRIVE,301,"{'A': 1900, 'T': 240, 'x': 0.1, 'mode': -1, 'tf': 0, 'k': 0.2, 'stop': 0, 'R': 1.0, 'hold': 240}",463,50.5,1.07,961,353,44.5,0.842,-2755,338,45.0,0.854,-2467
NQ_DRIVE,302,"{'A': 1900, 'T': 240, 'x': 0.1, 'mode': -1, 'tf': 0, 'k': 0.2, 'stop': 0, 'R': 2.0, 'hold': 240}",463,49.0,0.993,-96,353,42.8,0.904,-1728,338,43.2,0.918,-1420
NQ_DRIVE,303,"{'A': 1900, 'T': 240, 'x': 0.1, 'mode': -1, 'tf': 0, 'k': 0.35, 'stop': 0, 'R': 0.5, 'hold': 240}",463,52.1,1.035,481,353,47.3,0.818,-3321,338,48.2,0.853,-2568
NQ_DRIVE,304,"{'A': 1900, 'T': 240, 'x': 0.1, 'mode': -1, 'tf': 0, 'k': 0.35, 'stop': 0, 'R': 1.0, 'hold': 240}",463,49.7,1.002,26,353,45.3,0.879,-2251,338,45.9,0.902,-1758
NQ_DRIVE,305,"{'A': 1900, 'T': 240, 'x': 0.1, 'mode': -1, 'tf': 0, 'k': 0.35, 'stop': 0, 'R': 2.0, 'hold': 240}",463,49.7,1.044,641,353,45.0,0.91,-1691,338,45.6,0.935,-1177
NQ_DRIVE,306,"{'A': 1900, 'T': 240, 'x': 0.1, 'mode': -1, 'tf': 1, 'k': 0.2, 'stop': 0, 'R': 0.5, 'hold': 240}",228,55.3,0.814,-1259,168,54.8,0.789,-1632,150,54.7,0.807,-1313
NQ_DRIVE,307,"{'A': 1900, 'T': 240, 'x': 0.1, 'mode': -1, 'tf': 1, 'k': 0.2, 'stop': 0, 'R': 1.0, 'hold': 240}",228,46.9,0.884,-863,168,45.2,0.869,-1173,150,48.7,0.952,-361
NQ_DRIVE,344,"{'A': 1900, 'T': 240, 'x': 0.35, 'mode': 1, 'tf': 1, 'k': 0.2, 'stop': 0, 'R': 2.0, 'hold': 240}",39,30.8,0.373,-1483,19,36.8,,-400,17,41.2,,-173
NQ_DRIVE,345,"{'A': 1900, 'T': 240, 'x': 0.35, 'mode': 1, 'tf': 1, 'k': 0.35, 'stop': 0, 'R': 0.5, 'hold': 240}",39,46.2,0.719,-519,19,42.1,,-1092,17,41.2,,-1191
NQ_DRIVE,346,"{'A': 1900, 'T': 240, 'x': 0.35, 'mode': 1, 'tf': 1, 'k': 0.35, 'stop': 0, 'R': 1.0, 'hold': 240}",39,35.9,0.432,-1372,19,36.8,,-1128,17,41.2,,-913
NQ_DRIVE,347,"{'A': 1900, 'T': 240, 'x': 0.35, 'mode': 1, 'tf': 1, 'k': 0.35, 'stop': 0, 'R': 2.0, 'hold': 240}",39,35.9,0.462,-1301,19,36.8,,-848,17,41.2,,-630
NQ_DRIVE,336,"{'A': 1900, 'T': 240, 'x': 0.35, 'mode': 1, 'tf': 0, 'k': 0.2, 'stop': 0, 'R': 0.5, 'hold': 240}",65,60.0,0.749,-586,45,66.7,1.199,373,45,66.7,1.209,395
NQ_DRIVE,337,"{'A': 1900, 'T': 240, 'x': 0.35, 'mode': 1, 'tf': 0, 'k': 0.2, 'stop': 0, 'R': 1.0, 'hold': 240}",65,41.5,0.57,-1392,45,42.2,0.711,-971,45,42.2,0.702,-1011
NQ_DRIVE,338,"{'A': 1900, 'T': 240, 'x': 0.35, 'mode': 1, 'tf': 0, 'k': 0.2, 'stop': 0, 'R': 2.0, 'hold': 240}",65,36.9,0.562,-1526,45,42.2,1.035,119,45,42.2,0.999,-3
NQ_DRIVE,339,"{'A': 1900, 'T': 240, 'x': 0.35, 'mode': 1, 'tf': 0, 'k': 0.35, 'stop': 0, 'R': 0.5, 'hold': 240}",65,50.8,0.756,-752,45,51.1,0.728,-1066,45,51.1,0.727,-1075
NQ_DRIVE,328,"{'A': 1900, 'T': 240, 'x': 0.2, 'mode': -1, 'tf': 0, 'k': 0.35, 'stop': 0, 'R': 1.0, 'hold': 240}",187,47.6,0.991,-61,162,46.3,0.919,-830,153,47.1,0.95,-495
NQ_DRIVE,329,"{'A': 1900, 'T': 240, 'x': 0.2, 'mode': -1, 'tf': 0, 'k': 0.35, 'stop': 0, 'R': 2.0, 'hold': 240}",187,47.6,1.064,459,162,45.7,0.938,-655,153,46.4,0.965,-351
NQ_DRIVE,330,"{'A': 1900, 'T': 240, 'x': 0.2, 'mode': -1, 'tf': 1, 'k': 0.2, 'stop': 0, 'R': 0.5, 'hold': 240}",89,57.3,0.816,-531,82,56.1,0.704,-1307,70,57.1,0.691,-1162
NQ_DRIVE,331,"{'A': 1900, 'T': 240, 'x': 0.2, 'mode': -1, 'tf': 1, 'k': 0.2, 'stop': 0, 'R': 1.0, 'hold': 240}",89,40.4,0.733,-938,82,42.7,0.762,-1218,70,50.0,0.89,-441
NQ_DRIVE,332,"{'A': 1900, 'T': 240, 'x': 0.2, 'mode': -1, 'tf': 1, 'k': 0.2, 'stop': 0, 'R': 2.0, 'hold': 240}",89,37.1,0.669,-1237,82,40.2,0.753,-1300,70,48.6,0.948,-207
NQ_DRIVE,333,"{'A': 1900, 'T': 240, 'x': 0.2, 'mode': -1, 'tf': 1, 'k': 0.35, 'stop': 0, 'R': 0.5, 'hold': 240}",89,46.1,0.704,-1133,82,46.3,0.697,-1779,70,52.9,0.781,-1056
NQ_DRIVE,334,"{'A': 1900, 'T': 240, 'x': 0.2, 'mode': -1, 'tf': 1, 'k': 0.35, 'stop': 0, 'R': 1.0, 'hold': 240}",89,39.3,0.641,-1520,82,41.5,0.649,-2112,70,48.6,0.748,-1235
NQ_DRIVE,335,"{'A': 1900, 'T': 240, 'x': 0.2, 'mode': -1, 'tf': 1, 'k': 0.35, 'stop': 0, 'R': 2.0, 'hold': 240}",89,39.3,0.712,-1218,82,40.2,0.633,-2282,70,47.1,0.724,-1405
NQ_DRIVE,348,"{'A': 1900, 'T': 240, 'x': 0.35, 'mode': -1, 'tf': 0, 'k': 0.2, 'stop': 0, 'R': 0.5, 'hold': 240}",65,72.3,1.558,831,45,66.7,1.106,204,45,64.4,1.068,137
NQ_DRIVE,349,"{'A': 1900, 'T': 240, 'x': 0.35, 'mode': -1, 'tf': 0, 'k': 0.2, 'stop': 0, 'R': 1.0, 'hold': 240}",65,53.8,1.475,978,45,57.8,1.291,725,45,57.8,1.308,766
NQ_DRIVE,350,"{'A': 1900, 'T': 240, 'x': 0.35, 'mode': -1, 'tf': 0, 'k': 0.2, 'stop': 0, 'R': 2.0, 'hold': 240}",65,47.7,1.307,777,45,53.3,1.546,1525,45,53.3,1.553,1546
NQ_DRIVE,351,"{'A': 1900, 'T': 240, 'x': 0.35, 'mode': -1, 'tf': 0, 'k': 0.35, 'stop': 0, 'R': 0.5, 'hold': 240}",65,58.5,1.351,782,45,57.8,0.829,-591,45,57.8,0.855,-492
NQ_DRIVE,352,"{'A': 1900, 'T': 240, 'x': 0.35, 'mode': -1, 'tf': 0, 'k': 0.35, 'stop': 0, 'R': 1.0, 'hold': 240}",65,49.2,1.318,836,45,55.6,1.169,595,45,55.6,1.199,684
NQ_DRIVE,353,"{'A': 1900, 'T': 240, 'x': 0.35, 'mode': -1, 'tf': 0, 'k': 0.35, 'stop': 0, 'R': 2.0, 'hold': 240}",65,49.2,1.512,1347,45,53.3,1.183,679,45,53.3,1.207,753
NQ_DRIVE,354,"{'A': 1900, 'T': 240, 'x': 0.35, 'mode': -1, 'tf': 1, 'k': 0.2, 'stop': 0, 'R': 0.5, 'hold': 240}",26,65.4,0.934,-59,24,66.7,1.047,50,21,61.9,0.88,-129
NQ_DRIVE,355,"{'A': 1900, 'T': 240, 'x': 0.35, 'mode': -1, 'tf': 1, 'k': 0.2, 'stop': 0, 'R': 1.0, 'hold': 240}",26,42.3,0.785,-239,24,54.2,1.239,330,21,57.1,1.321,381
NQ_DRIVE,340,"{'A': 1900, 'T': 240, 'x': 0.35, 'mode': 1, 'tf': 0, 'k': 0.35, 'stop': 0, 'R': 1.0, 'hold': 240}",65,43.1,0.671,-1201,45,44.4,0.8,-849,45,44.4,0.78,-939
NQ_DRIVE,341,"{'A': 1900, 'T': 240, 'x': 0.35, 'mode': 1, 'tf': 0, 'k': 0.35, 'stop': 0, 'R': 2.0, 'hold': 240}",65,43.1,0.655,-1259,45,44.4,0.939,-257,45,44.4,0.914,-369
NQ_DRIVE,342,"{'A': 1900, 'T': 240, 'x': 0.35, 'mode': 1, 'tf': 1, 'k': 0.2, 'stop': 0, 'R': 0.5, 'hold': 240}",39,56.4,0.629,-575,19,68.4,,384,17,64.7,,193
NQ_DRIVE,343,"{'A': 1900, 'T': 240, 'x': 0.35, 'mode': 1, 'tf': 1, 'k': 0.2, 'stop': 0, 'R': 1.0, 'hold': 240}",39,33.3,0.353,-1489,19,36.8,,-612,17,41.2,,-381
NQ_DRIVE,360,"{'A': 2100, 'T': 15, 'x': 0.1, 'mode': 1, 'tf': 0, 'k': 0.2, 'stop': 0, 'R': 0.5, 'hold': 240}",45,53.3,0.612,-686,39,69.2,1.204,374,35,68.6,1.172,293
NQ_DRIVE,361,"{'A': 2100, 'T': 15, 'x': 0.1, 'mode': 1, 'tf': 0, 'k': 0.2, 'stop': 0, 'R': 1.0, 'hold': 240}",45,44.4,0.839,-298,39,53.8,1.19,468,35,54.3,1.181,415
NQ_DRIVE,362,"{'A': 2100, 'T': 15, 'x': 0.1, 'mode': 1, 'tf': 0, 'k': 0.2, 'stop': 0, 'R': 2.0, 'hold': 240}",45,42.2,0.807,-372,39,51.3,1.237,636,35,48.6,1.231,594
NQ_DRIVE,363,"{'A': 2100, 'T': 15, 'x': 0.1, 'mode': 1, 'tf': 0, 'k': 0.35, 'stop': 0, 'R': 0.5, 'hold': 240}",45,48.9,0.729,-563,39,66.7,1.967,1638,35,65.7,1.914,1437
NQ_DRIVE,356,"{'A': 1900, 'T': 240, 'x': 0.35, 'mode': -1, 'tf': 1, 'k': 0.2, 'stop': 0, 'R': 2.0, 'hold': 240}",26,38.5,0.91,-108,24,50.0,1.325,501,21,57.1,1.731,866
NQ_DRIVE,357,"{'A': 1900, 'T': 240, 'x': 0.35, 'mode': -1, 'tf': 1, 'k': 0.35, 'stop': 0, 'R': 0.5, 'hold': 240}",26,50.0,0.77,-282,24,54.2,0.735,-550,21,57.1,0.813,-321
NQ_DRIVE,358,"{'A': 1900, 'T': 240, 'x': 0.35, 'mode': -1, 'tf': 1, 'k': 0.35, 'stop': 0, 'R': 1.0, 'hold': 240}",26,38.5,0.789,-315,24,50.0,0.899,-216,21,57.1,1.119,205
NQ_DRIVE,359,"{'A': 1900, 'T': 240, 'x': 0.35, 'mode': -1, 'tf': 1, 'k': 0.35, 'stop': 0, 'R': 2.0, 'hold': 240}",26,38.5,1.0,0,24,45.8,0.833,-389,21,52.4,1.017,32
NQ_DRIVE,364,"{'A': 2100, 'T': 15, 'x': 0.1, 'mode': 1, 'tf': 0, 'k': 0.35, 'stop': 0, 'R': 1.0, 'hold': 240}",45,42.2,0.642,-798,39,59.0,1.968,1911,35,57.1,2.018,1889
NQ_DRIVE,365,"{'A': 2100, 'T': 15, 'x': 0.1, 'mode': 1, 'tf': 0, 'k': 0.35, 'stop': 0, 'R': 2.0, 'hold': 240}",45,37.8,0.447,-1395,39,56.4,2.135,2273,35,54.3,2.171,2230
NQ_DRIVE,366,"{'A': 2100, 'T': 15, 'x': 0.1, 'mode': 1, 'tf': 1, 'k': 0.2, 'stop': 0, 'R': 0.5, 'hold': 240}",24,50.0,0.578,-416,15,86.7,,682,11,81.8,,386
NQ_DRIVE,367,"{'A': 2100, 'T': 15, 'x': 0.1, 'mode': 1, 'tf': 1, 'k': 0.2, 'stop': 0, 'R': 1.0, 'hold': 240}",24,37.5,0.802,-198,15,73.3,,860,11,72.7,,696
NQ_DRIVE,368,"{'A': 2100, 'T': 15, 'x': 0.1, 'mode': 1, 'tf': 1, 'k': 0.2, 'stop': 0, 'R': 2.0, 'hold': 240}",24,33.3,0.814,-199,15,73.3,,1242,11,72.7,,1243
NQ_DRIVE,369,"{'A': 2100, 'T': 15, 'x': 0.1, 'mode': 1, 'tf': 1, 'k': 0.35, 'stop': 0, 'R': 0.5, 'hold': 240}",24,41.7,0.677,-373,15,93.3,,1815,11,90.9,,1332
NQ_DRIVE,370,"{'A': 2100, 'T': 15, 'x': 0.1, 'mode': 1, 'tf': 1, 'k': 0.35, 'stop': 0, 'R': 1.0, 'hold': 240}",24,33.3,0.64,-444,15,80.0,,1886,11,81.8,,1771
NQ_DRIVE,371,"{'A': 2100, 'T': 15, 'x': 0.1, 'mode': 1, 'tf': 1, 'k': 0.35, 'stop': 0, 'R': 2.0, 'hold': 240}",24,29.2,0.51,-723,15,80.0,,2444,11,81.8,,2334
NQ_DRIVE,372,"{'A': 2100, 'T': 15, 'x': 0.1, 'mode': -1, 'tf': 0, 'k': 0.2, 'stop': 0, 'R': 0.5, 'hold': 240}",45,62.2,0.973,-38,39,56.4,0.637,-971,35,57.1,0.665,-807
NQ_DRIVE,373,"{'A': 2100, 'T': 15, 'x': 0.1, 'mode': -1, 'tf': 0, 'k': 0.2, 'stop': 0, 'R': 1.0, 'hold': 240}",45,46.7,1.031,51,39,43.6,0.738,-820,35,45.7,0.785,-606
NQ_DRIVE,374,"{'A': 2100, 'T': 15, 'x': 0.1, 'mode': -1, 'tf': 0, 'k': 0.2, 'stop': 0, 'R': 2.0, 'hold': 240}",45,44.4,1.213,355,39,35.9,0.485,-1798,35,37.1,0.496,-1601
NQ_DRIVE,375,"{'A': 2100, 'T': 15, 'x': 0.1, 'mode': -1, 'tf': 0, 'k': 0.35, 'stop': 0, 'R': 0.5, 'hold': 240}",45,48.9,1.07,107,39,51.3,0.715,-974,35,54.3,0.723,-906
NQ_DRIVE,376,"{'A': 2100, 'T': 15, 'x': 0.1, 'mode': -1, 'tf': 0, 'k': 0.35, 'stop': 0, 'R': 1.0, 'hold': 240}",45,46.7,1.351,542,39,41.0,0.469,-2132,35,42.9,0.459,-2087
NQ_DRIVE,377,"{'A': 2100, 'T': 15, 'x': 0.1, 'mode': -1, 'tf': 0, 'k': 0.35, 'stop': 0, 'R': 2.0, 'hold': 240}",45,46.7,1.331,510,39,41.0,0.419,-2331,35,42.9,0.403,-2300
NQ_DRIVE,378,"{'A': 2100, 'T': 15, 'x': 0.1, 'mode': -1, 'tf': 1, 'k': 0.2, 'stop': 0, 'R': 0.5, 'hold': 240}",21,57.1,0.863,-98,23,60.9,0.72,-392,21,57.1,0.617,-543
NQ_DRIVE,379,"{'A': 2100, 'T': 15, 'x': 0.1, 'mode': -1, 'tf': 1, 'k': 0.2, 'stop': 0, 'R': 1.0, 'hold': 240}",21,42.9,0.981,-16,23,56.5,1.101,148,21,52.4,0.9,-147
NQ_DRIVE,384,"{'A': 2100, 'T': 15, 'x': 0.2, 'mode': 1, 'tf': 0, 'k': 0.2, 'stop': 0, 'R': 0.5, 'hold': 240}",7,42.9,,-117,6,66.7,,-61,6,66.7,,-66
NQ_DRIVE,385,"{'A': 2100, 'T': 15, 'x': 0.2, 'mode': 1, 'tf': 0, 'k': 0.2, 'stop': 0, 'R': 1.0, 'hold': 240}",7,42.9,,-35,6,33.3,,-170,6,50.0,,-41
NQ_DRIVE,386,"{'A': 2100, 'T': 15, 'x': 0.2, 'mode': 1, 'tf': 0, 'k': 0.2, 'stop': 0, 'R': 2.0, 'hold': 240}",7,42.9,,155,6,33.3,,53,6,33.3,,45
NQ_DRIVE,387,"{'A': 2100, 'T': 15, 'x': 0.2, 'mode': 1, 'tf': 0, 'k': 0.35, 'stop': 0, 'R': 0.5, 'hold': 240}",7,42.9,,10,6,100.0,,763,6,100.0,,771
NQ_DRIVE,388,"{'A': 2100, 'T': 15, 'x': 0.2, 'mode': 1, 'tf': 0, 'k': 0.35, 'stop': 0, 'R': 1.0, 'hold': 240}",7,42.9,,182,6,66.7,,834,6,66.7,,841
NQ_DRIVE,389,"{'A': 2100, 'T': 15, 'x': 0.2, 'mode': 1, 'tf': 0, 'k': 0.35, 'stop': 0, 'R': 2.0, 'hold': 240}",7,28.6,,207,6,66.7,,1437,6,66.7,,1451
NQ_DRIVE,390,"{'A': 2100, 'T': 15, 'x': 0.2, 'mode': 1, 'tf': 1, 'k': 0.2, 'stop': 0, 'R': 0.5, 'hold': 240}",3,33.3,,-34,3,66.7,,3,2,50.0,,-75
NQ_DRIVE,391,"{'A': 2100, 'T': 15, 'x': 0.2, 'mode': 1, 'tf': 1, 'k': 0.2, 'stop': 0, 'R': 1.0, 'hold': 240}",3,33.3,,3,3,33.3,,-140,2,50.0,,19
NQ_DRIVE,392,"{'A': 2100, 'T': 15, 'x': 0.2, 'mode': 1, 'tf': 1, 'k': 0.2, 'stop': 0, 'R': 2.0, 'hold': 240}",3,33.3,,128,3,33.3,,44,2,50.0,,205
NQ_DRIVE,393,"{'A': 2100, 'T': 15, 'x': 0.2, 'mode': 1, 'tf': 1, 'k': 0.35, 'stop': 0, 'R': 0.5, 'hold': 240}",3,33.3,,-81,3,100.0,,432,2,100.0,,299
NQ_DRIVE,394,"{'A': 2100, 'T': 15, 'x': 0.2, 'mode': 1, 'tf': 1, 'k': 0.35, 'stop': 0, 'R': 1.0, 'hold': 240}",3,33.3,,28,3,66.7,,560,2,100.0,,604
NQ_DRIVE,395,"{'A': 2100, 'T': 15, 'x': 0.2, 'mode': 1, 'tf': 1, 'k': 0.35, 'stop': 0, 'R': 2.0, 'hold': 240}",3,33.3,,246,3,66.7,,1163,2,100.0,,1214
NQ_DRIVE,380,"{'A': 2100, 'T': 15, 'x': 0.1, 'mode': -1, 'tf': 1, 'k': 0.2, 'stop': 0, 'R': 2.0, 'hold': 240}",21,42.9,1.101,82,23,52.2,0.974,-39,21,47.6,0.798,-305
NQ_DRIVE,381,"{'A': 2100, 'T': 15, 'x': 0.1, 'mode': -1, 'tf': 1, 'k': 0.35, 'stop': 0, 'R': 0.5, 'hold': 240}",21,42.9,1.034,24,23,60.9,0.863,-233,21,57.1,0.719,-483
NQ_DRIVE,382,"{'A': 2100, 'T': 15, 'x': 0.1, 'mode': -1, 'tf': 1, 'k': 0.35, 'stop': 0, 'R': 1.0, 'hold': 240}",21,42.9,1.334,235,23,56.5,0.923,-135,21,52.4,0.778,-391
NQ_DRIVE,383,"{'A': 2100, 'T': 15, 'x': 0.1, 'mode': -1, 'tf': 1, 'k': 0.35, 'stop': 0, 'R': 2.0, 'hold': 240}",21,42.9,1.446,313,23,56.5,0.808,-334,21,52.4,0.656,-605
NQ_DRIVE,396,"{'A': 2100, 'T': 15, 'x': 0.2, 'mode': -1, 'tf': 0, 'k': 0.2, 'stop': 0, 'R': 0.5, 'hold': 240}",7,57.1,,-79,6,50.0,,-276,6,50.0,,-271
NQ_DRIVE,397,"{'A': 2100, 'T': 15, 'x': 0.2, 'mode': -1, 'tf': 0, 'k': 0.2, 'stop': 0, 'R': 1.0, 'hold': 240}",7,42.9,,-3,6,50.0,,-1,6,50.0,,9
NQ_DRIVE,398,"{'A': 2100, 'T': 15, 'x': 0.2, 'mode': -1, 'tf': 0, 'k': 0.2, 'stop': 0, 'R': 2.0, 'hold': 240}",7,42.9,,-59,6,0.0,,-902,6,0.0,,-910
NQ_DRIVE,399,"{'A': 2100, 'T': 15, 'x': 0.2, 'mode': -1, 'tf': 0, 'k': 0.35, 'stop': 0, 'R': 0.5, 'hold': 240}",7,42.9,,-176,6,66.7,,-108,6,66.7,,-101
NQ_DRIVE,400,"{'A': 2100, 'T': 15, 'x': 0.2, 'mode': -1, 'tf': 0, 'k': 0.35, 'stop': 0, 'R': 1.0, 'hold': 240}",7,42.9,,-221,6,33.3,,-867,6,33.3,,-875
NQ_DRIVE,401,"{'A': 2100, 'T': 15, 'x': 0.2, 'mode': -1, 'tf': 0, 'k': 0.35, 'stop': 0, 'R': 2.0, 'hold': 240}",7,42.9,,-359,6,33.3,,-867,6,33.3,,-875
NQ_DRIVE,402,"{'A': 2100, 'T': 15, 'x': 0.2, 'mode': -1, 'tf': 1, 'k': 0.2, 'stop': 0, 'R': 0.5, 'hold': 240}",4,50.0,,-31,3,33.3,,-242,3,33.3,,-239
NQ_DRIVE,403,"{'A': 2100, 'T': 15, 'x': 0.2, 'mode': -1, 'tf': 1, 'k': 0.2, 'stop': 0, 'R': 1.0, 'hold': 240}",4,25.0,,16,3,33.3,,-125,3,33.3,,-120
NQ_DRIVE,404,"{'A': 2100, 'T': 15, 'x': 0.2, 'mode': -1, 'tf': 1, 'k': 0.2, 'stop': 0, 'R': 2.0, 'hold': 240}",4,25.0,,-132,3,0.0,,-391,3,0.0,,-393
NQ_DRIVE,405,"{'A': 2100, 'T': 15, 'x': 0.2, 'mode': -1, 'tf': 1, 'k': 0.35, 'stop': 0, 'R': 0.5, 'hold': 240}",4,25.0,,-51,3,66.7,,-54,3,66.7,,-49
NQ_DRIVE,406,"{'A': 2100, 'T': 15, 'x': 0.2, 'mode': -1, 'tf': 1, 'k': 0.35, 'stop': 0, 'R': 1.0, 'hold': 240}",4,25.0,,-176,3,33.3,,-291,3,33.3,,-293
NQ_DRIVE,407,"{'A': 2100, 'T': 15, 'x': 0.2, 'mode': -1, 'tf': 1, 'k': 0.35, 'stop': 0, 'R': 2.0, 'hold': 240}",4,25.0,,-176,3,33.3,,-291,3,33.3,,-293
NQ_DRIVE,408,"{'A': 2100, 'T': 15, 'x': 0.35, 'mode': 1, 'tf': 0, 'k': 0.2, 'stop': 0, 'R': 0.5, 'hold': 240}",3,66.7,,95,0,,,0,0,,,0
NQ_DRIVE,409,"{'A': 2100, 'T': 15, 'x': 0.35, 'mode': 1, 'tf': 0, 'k': 0.2, 'stop': 0, 'R': 1.0, 'hold': 240}",3,66.7,,169,0,,,0,0,,,0
NQ_DRIVE,410,"{'A': 2100, 'T': 15, 'x': 0.35, 'mode': 1, 'tf': 0, 'k': 0.2, 'stop': 0, 'R': 2.0, 'hold': 240}",3,66.7,,277,0,,,0,0,,,0
NQ_DRIVE,411,"{'A': 2100, 'T': 15, 'x': 0.35, 'mode': 1, 'tf': 0, 'k': 0.35, 'stop': 0, 'R': 0.5, 'hold': 240}",3,66.7,,144,0,,,0,0,,,0
NQ_DRIVE,416,"{'A': 2100, 'T': 15, 'x': 0.35, 'mode': 1, 'tf': 1, 'k': 0.2, 'stop': 0, 'R': 2.0, 'hold': 240}",2,50.0,,223,0,,,0,0,,,0
NQ_DRIVE,417,"{'A': 2100, 'T': 15, 'x': 0.35, 'mode': 1, 'tf': 1, 'k': 0.35, 'stop': 0, 'R': 0.5, 'hold': 240}",2,50.0,,83,0,,,0,0,,,0
NQ_DRIVE,418,"{'A': 2100, 'T': 15, 'x': 0.35, 'mode': 1, 'tf': 1, 'k': 0.35, 'stop': 0, 'R': 1.0, 'hold': 240}",2,50.0,,192,0,,,0,0,,,0
NQ_DRIVE,419,"{'A': 2100, 'T': 15, 'x': 0.35, 'mode': 1, 'tf': 1, 'k': 0.35, 'stop': 0, 'R': 2.0, 'hold': 240}",2,50.0,,410,0,,,0,0,,,0
NQ_DRIVE,420,"{'A': 2100, 'T': 15, 'x': 0.35, 'mode': -1, 'tf': 0, 'k': 0.2, 'stop': 0, 'R': 0.5, 'hold': 240}",3,33.3,,-167,0,,,0,0,,,0
NQ_DRIVE,421,"{'A': 2100, 'T': 15, 'x': 0.35, 'mode': -1, 'tf': 0, 'k': 0.2, 'stop': 0, 'R': 1.0, 'hold': 240}",3,33.3,,-185,0,,,0,0,,,0
NQ_DRIVE,422,"{'A': 2100, 'T': 15, 'x': 0.35, 'mode': -1, 'tf': 0, 'k': 0.2, 'stop': 0, 'R': 2.0, 'hold': 240}",3,33.3,,-185,0,,,0,0,,,0
NQ_DRIVE,423,"{'A': 2100, 'T': 15, 'x': 0.35, 'mode': -1, 'tf': 0, 'k': 0.35, 'stop': 0, 'R': 0.5, 'hold': 240}",3,33.3,,-262,0,,,0,0,,,0
NQ_DRIVE,412,"{'A': 2100, 'T': 15, 'x': 0.35, 'mode': 1, 'tf': 0, 'k': 0.35, 'stop': 0, 'R': 1.0, 'hold': 240}",3,66.7,,246,0,,,0,0,,,0
NQ_DRIVE,413,"{'A': 2100, 'T': 15, 'x': 0.35, 'mode': 1, 'tf': 0, 'k': 0.35, 'stop': 0, 'R': 2.0, 'hold': 240}",3,66.7,,464,0,,,0,0,,,0
NQ_DRIVE,414,"{'A': 2100, 'T': 15, 'x': 0.35, 'mode': 1, 'tf': 1, 'k': 0.2, 'stop': 0, 'R': 0.5, 'hold': 240}",2,50.0,,62,0,,,0,0,,,0
NQ_DRIVE,415,"{'A': 2100, 'T': 15, 'x': 0.35, 'mode': 1, 'tf': 1, 'k': 0.2, 'stop': 0, 'R': 1.0, 'hold': 240}",2,50.0,,98,0,,,0,0,,,0
NQ_DRIVE,424,"{'A': 2100, 'T': 15, 'x': 0.35, 'mode': -1, 'tf': 0, 'k': 0.35, 'stop': 0, 'R': 1.0, 'hold': 240}",3,33.3,,-262,0,,,0,0,,,0
NQ_DRIVE,425,"{'A': 2100, 'T': 15, 'x': 0.35, 'mode': -1, 'tf': 0, 'k': 0.35, 'stop': 0, 'R': 2.0, 'hold': 240}",3,33.3,,-262,0,,,0,0,,,0
NQ_DRIVE,426,"{'A': 2100, 'T': 15, 'x': 0.35, 'mode': -1, 'tf': 1, 'k': 0.2, 'stop': 0, 'R': 0.5, 'hold': 240}",1,0.0,,-75,0,,,0,0,,,0
NQ_DRIVE,427,"{'A': 2100, 'T': 15, 'x': 0.35, 'mode': -1, 'tf': 1, 'k': 0.2, 'stop': 0, 'R': 1.0, 'hold': 240}",1,0.0,,-75,0,,,0,0,,,0
NQ_DRIVE,428,"{'A': 2100, 'T': 15, 'x': 0.35, 'mode': -1, 'tf': 1, 'k': 0.2, 'stop': 0, 'R': 2.0, 'hold': 240}",1,0.0,,-75,0,,,0,0,,,0
NQ_DRIVE,429,"{'A': 2100, 'T': 15, 'x': 0.35, 'mode': -1, 'tf': 1, 'k': 0.35, 'stop': 0, 'R': 0.5, 'hold': 240}",1,0.0,,-59,0,,,0,0,,,0
NQ_DRIVE,430,"{'A': 2100, 'T': 15, 'x': 0.35, 'mode': -1, 'tf': 1, 'k': 0.35, 'stop': 0, 'R': 1.0, 'hold': 240}",1,0.0,,-59,0,,,0,0,,,0
NQ_DRIVE,431,"{'A': 2100, 'T': 15, 'x': 0.35, 'mode': -1, 'tf': 1, 'k': 0.35, 'stop': 0, 'R': 2.0, 'hold': 240}",1,0.0,,-59,0,,,0,0,,,0
NQ_DRIVE,440,"{'A': 2100, 'T': 30, 'x': 0.1, 'mode': 1, 'tf': 1, 'k': 0.2, 'stop': 0, 'R': 2.0, 'hold': 240}",50,54.0,1.271,437,32,62.5,1.639,1040,29,62.1,1.716,1157
NQ_DRIVE,441,"{'A': 2100, 'T': 30, 'x': 0.1, 'mode': 1, 'tf': 1, 'k': 0.35, 'stop': 0, 'R': 0.5, 'hold': 240}",50,64.0,1.998,1183,32,65.6,1.104,213,29,65.5,1.195,396
NQ_DRIVE,442,"{'A': 2100, 'T': 30, 'x': 0.1, 'mode': 1, 'tf': 1, 'k': 0.35, 'stop': 0, 'R': 1.0, 'hold': 240}",50,56.0,1.314,527,32,62.5,1.401,829,29,62.1,1.352,723
NQ_DRIVE,443,"{'A': 2100, 'T': 30, 'x': 0.1, 'mode': 1, 'tf': 1, 'k': 0.35, 'stop': 0, 'R': 2.0, 'hold': 240}",50,54.0,1.177,299,32,59.4,1.241,517,29,58.6,1.298,635
NQ_DRIVE,436,"{'A': 2100, 'T': 30, 'x': 0.1, 'mode': 1, 'tf': 0, 'k': 0.35, 'stop': 0, 'R': 1.0, 'hold': 240}",102,47.1,0.915,-321,75,57.3,1.12,686,72,56.9,1.066,378
NQ_DRIVE,437,"{'A': 2100, 'T': 30, 'x': 0.1, 'mode': 1, 'tf': 0, 'k': 0.35, 'stop': 0, 'R': 2.0, 'hold': 240}",102,46.1,0.864,-515,75,56.0,1.065,376,72,55.6,1.034,200
NQ_DRIVE,438,"{'A': 2100, 'T': 30, 'x': 0.1, 'mode': 1, 'tf': 1, 'k': 0.2, 'stop': 0, 'R': 0.5, 'hold': 240}",50,72.0,1.487,540,32,75.0,1.31,394,29,75.9,1.376,473
NQ_DRIVE,439,"{'A': 2100, 'T': 30, 'x': 0.1, 'mode': 1, 'tf': 1, 'k': 0.2, 'stop': 0, 'R': 1.0, 'hold': 240}",50,60.0,1.507,737,32,65.6,1.404,647,29,65.5,1.516,821
NQ_DRIVE,432,"{'A': 2100, 'T': 30, 'x': 0.1, 'mode': 1, 'tf': 0, 'k': 0.2, 'stop': 0, 'R': 0.5, 'hold': 240}",102,61.8,0.929,-212,75,69.3,1.163,549,72,69.4,1.142,480
NQ_DRIVE,433,"{'A': 2100, 'T': 30, 'x': 0.1, 'mode': 1, 'tf': 0, 'k': 0.2, 'stop': 0, 'R': 1.0, 'hold': 240}",102,52.0,1.046,159,75,61.3,1.477,1888,72,61.1,1.437,1735
NQ_DRIVE,434,"{'A': 2100, 'T': 30, 'x': 0.1, 'mode': 1, 'tf': 0, 'k': 0.2, 'stop': 0, 'R': 2.0, 'hold': 240}",102,44.1,0.849,-572,75,57.3,1.443,1892,72,56.9,1.407,1740
NQ_DRIVE,435,"{'A': 2100, 'T': 30, 'x': 0.1, 'mode': 1, 'tf': 0, 'k': 0.35, 'stop': 0, 'R': 0.5, 'hold': 240}",102,56.9,1.263,831,75,61.3,1.055,289,72,61.1,1.036,190
NQ_DRIVE,444,"{'A': 2100, 'T': 30, 'x': 0.1, 'mode': -1, 'tf': 0, 'k': 0.2, 'stop': 0, 'R': 0.5, 'hold': 240}",102,58.8,0.86,-449,75,48.0,0.574,-2099,72,50.0,0.594,-1935
NQ_DRIVE,445,"{'A': 2100, 'T': 30, 'x': 0.1, 'mode': -1, 'tf': 0, 'k': 0.2, 'stop': 0, 'R': 1.0, 'hold': 240}",102,46.1,0.816,-726,75,37.3,0.623,-2299,72,38.9,0.642,-2129
NQ_DRIVE,446,"{'A': 2100, 'T': 30, 'x': 0.1, 'mode': -1, 'tf': 0, 'k': 0.2, 'stop': 0, 'R': 2.0, 'hold': 240}",102,42.2,0.82,-734,75,36.0,0.729,-1656,72,37.5,0.75,-1490
NQ_DRIVE,447,"{'A': 2100, 'T': 30, 'x': 0.1, 'mode': -1, 'tf': 0, 'k': 0.35, 'stop': 0, 'R': 0.5, 'hold': 240}",102,52.9,0.963,-130,75,42.7,0.593,-2652,72,44.4,0.624,-2333
NQ_DRIVE,464,"{'A': 2100, 'T': 30, 'x': 0.2, 'mode': 1, 'tf': 1, 'k': 0.2, 'stop': 0, 'R': 2.0, 'hold': 240}",6,66.7,,92,4,50.0,,178,5,60.0,,253
NQ_DRIVE,465,"{'A': 2100, 'T': 30, 'x': 0.2, 'mode': 1, 'tf': 1, 'k': 0.35, 'stop': 0, 'R': 0.5, 'hold': 240}",6,83.3,,438,4,50.0,,-328,5,60.0,,-255
NQ_DRIVE,466,"{'A': 2100, 'T': 30, 'x': 0.2, 'mode': 1, 'tf': 1, 'k': 0.35, 'stop': 0, 'R': 1.0, 'hold': 240}",6,66.7,,194,4,50.0,,-74,5,60.0,,2
NQ_DRIVE,467,"{'A': 2100, 'T': 30, 'x': 0.2, 'mode': 1, 'tf': 1, 'k': 0.35, 'stop': 0, 'R': 2.0, 'hold': 240}",6,66.7,,46,4,25.0,,-353,5,40.0,,-281
NQ_DRIVE,448,"{'A': 2100, 'T': 30, 'x': 0.1, 'mode': -1, 'tf': 0, 'k': 0.35, 'stop': 0, 'R': 1.0, 'hold': 240}",102,48.0,0.93,-261,75,41.3,0.834,-1109,72,43.1,0.877,-784
NQ_DRIVE,449,"{'A': 2100, 'T': 30, 'x': 0.1, 'mode': -1, 'tf': 0, 'k': 0.35, 'stop': 0, 'R': 2.0, 'hold': 240}",102,48.0,1.213,794,75,40.0,0.694,-2039,72,41.7,0.728,-1734
NQ_DRIVE,450,"{'A': 2100, 'T': 30, 'x': 0.1, 'mode': -1, 'tf': 1, 'k': 0.2, 'stop': 0, 'R': 0.5, 'hold': 240}",52,63.5,1.021,30,42,52.4,0.579,-1236,38,52.6,0.622,-958
NQ_DRIVE,451,"{'A': 2100, 'T': 30, 'x': 0.1, 'mode': -1, 'tf': 1, 'k': 0.2, 'stop': 0, 'R': 1.0, 'hold': 240}",52,53.8,1.183,288,42,42.9,0.61,-1446,38,42.1,0.691,-960
NQ_DRIVE,460,"{'A': 2100, 'T': 30, 'x': 0.2, 'mode': 1, 'tf': 0, 'k': 0.35, 'stop': 0, 'R': 1.0, 'hold': 240}",15,46.7,,-80,12,41.7,,-417,13,46.2,,-342
NQ_DRIVE,461,"{'A': 2100, 'T': 30, 'x': 0.2, 'mode': 1, 'tf': 0, 'k': 0.35, 'stop': 0, 'R': 2.0, 'hold': 240}",15,46.7,,-227,12,33.3,,-644,13,38.5,,-581
NQ_DRIVE,462,"{'A': 2100, 'T': 30, 'x': 0.2, 'mode': 1, 'tf': 1, 'k': 0.2, 'stop': 0, 'R': 0.5, 'hold': 240}",6,83.3,,117,4,50.0,,-154,5,60.0,,-107
NQ_DRIVE,463,"{'A': 2100, 'T': 30, 'x': 0.2, 'mode': 1, 'tf': 1, 'k': 0.2, 'stop': 0, 'R': 1.0, 'hold': 240}",6,83.3,,238,4,50.0,,-46,5,60.0,,29
NQ_DRIVE,456,"{'A': 2100, 'T': 30, 'x': 0.2, 'mode': 1, 'tf': 0, 'k': 0.2, 'stop': 0, 'R': 0.5, 'hold': 240}",15,60.0,,-169,12,58.3,,-194,13,61.5,,-141
NQ_DRIVE,457,"{'A': 2100, 'T': 30, 'x': 0.2, 'mode': 1, 'tf': 0, 'k': 0.2, 'stop': 0, 'R': 1.0, 'hold': 240}",15,53.3,,-69,12,58.3,,345,13,61.5,,430
NQ_DRIVE,458,"{'A': 2100, 'T': 30, 'x': 0.2, 'mode': 1, 'tf': 0, 'k': 0.2, 'stop': 0, 'R': 2.0, 'hold': 240}",15,40.0,,-313,12,41.7,,274,13,46.2,,353
NQ_DRIVE,459,"{'A': 2100, 'T': 30, 'x': 0.2, 'mode': 1, 'tf': 0, 'k': 0.35, 'stop': 0, 'R': 0.5, 'hold': 240}",15,66.7,,350,12,58.3,,-317,13,61.5,,-240
NQ_DRIVE,468,"{'A': 2100, 'T': 30, 'x': 0.2, 'mode': -1, 'tf': 0, 'k': 0.2, 'stop': 0, 'R': 0.5, 'hold': 240}",15,53.3,,-70,12,50.0,,-480,13,46.2,,-573
NQ_DRIVE,469,"{'A': 2100, 'T': 30, 'x': 0.2, 'mode': -1, 'tf': 0, 'k': 0.2, 'stop': 0, 'R': 1.0, 'hold': 240}",15,46.7,,-12,12,41.7,,-408,13,38.5,,-499
NQ_DRIVE,470,"{'A': 2100, 'T': 30, 'x': 0.2, 'mode': -1, 'tf': 0, 'k': 0.2, 'stop': 0, 'R': 2.0, 'hold': 240}",15,26.7,,-255,12,33.3,,-533,13,30.8,,-618
NQ_DRIVE,471,"{'A': 2100, 'T': 30, 'x': 0.2, 'mode': -1, 'tf': 0, 'k': 0.35, 'stop': 0, 'R': 0.5, 'hold': 240}",15,53.3,,89,12,58.3,,-359,13,53.8,,-449
NQ_DRIVE,452,"{'A': 2100, 'T': 30, 'x': 0.1, 'mode': -1, 'tf': 1, 'k': 0.2, 'stop': 0, 'R': 2.0, 'hold': 240}",52,48.1,1.147,251,42,42.9,0.748,-936,38,42.1,0.811,-586
NQ_DRIVE,453,"{'A': 2100, 'T': 30, 'x': 0.1, 'mode': -1, 'tf': 1, 'k': 0.35, 'stop': 0, 'R': 0.5, 'hold': 240}",52,63.5,1.669,764,42,50.0,0.715,-990,38,50.0,0.84,-456
NQ_DRIVE,454,"{'A': 2100, 'T': 30, 'x': 0.1, 'mode': -1, 'tf': 1, 'k': 0.35, 'stop': 0, 'R': 1.0, 'hold': 240}",52,55.8,1.404,551,42,47.6,0.981,-68,38,47.4,1.118,354
NQ_DRIVE,455,"{'A': 2100, 'T': 30, 'x': 0.1, 'mode': -1, 'tf': 1, 'k': 0.35, 'stop': 0, 'R': 2.0, 'hold': 240}",52,55.8,1.84,1145,42,47.6,0.797,-737,38,47.4,0.942,-172
NQ_DRIVE,476,"{'A': 2100, 'T': 30, 'x': 0.2, 'mode': -1, 'tf': 1, 'k': 0.2, 'stop': 0, 'R': 2.0, 'hold': 240}",9,44.4,,172,8,37.5,,-498,7,28.6,,-777
NQ_DRIVE,477,"{'A': 2100, 'T': 30, 'x': 0.2, 'mode': -1, 'tf': 1, 'k': 0.35, 'stop': 0, 'R': 0.5, 'hold': 240}",9,66.7,,300,8,62.5,,-126,7,57.1,,-250
NQ_DRIVE,478,"{'A': 2100, 'T': 30, 'x': 0.2, 'mode': -1, 'tf': 1, 'k': 0.35, 'stop': 0, 'R': 1.0, 'hold': 240}",9,44.4,,222,8,62.5,,300,7,57.1,,62
NQ_DRIVE,479,"{'A': 2100, 'T': 30, 'x': 0.2, 'mode': -1, 'tf': 1, 'k': 0.35, 'stop': 0, 'R': 2.0, 'hold': 240}",9,44.4,,540,8,62.5,,-350,7,57.1,,-429
NQ_DRIVE,472,"{'A': 2100, 'T': 30, 'x': 0.2, 'mode': -1, 'tf': 0, 'k': 0.35, 'stop': 0, 'R': 1.0, 'hold': 240}",15,33.3,,-4,12,58.3,,353,13,53.8,,272
NQ_DRIVE,473,"{'A': 2100, 'T': 30, 'x': 0.2, 'mode': -1, 'tf': 0, 'k': 0.35, 'stop': 0, 'R': 2.0, 'hold': 240}",15,33.3,,553,12,50.0,,-558,13,46.2,,-642
NQ_DRIVE,474,"{'A': 2100, 'T': 30, 'x': 0.2, 'mode': -1, 'tf': 1, 'k': 0.2, 'stop': 0, 'R': 0.5, 'hold': 240}",9,66.7,,72,8,50.0,,-342,7,42.9,,-420
NQ_DRIVE,475,"{'A': 2100, 'T': 30, 'x': 0.2, 'mode': -1, 'tf': 1, 'k': 0.2, 'stop': 0, 'R': 1.0, 'hold': 240}",9,66.7,,258,8,37.5,,-434,7,28.6,,-579
NQ_DRIVE,480,"{'A': 2100, 'T': 30, 'x': 0.35, 'mode': 1, 'tf': 0, 'k': 0.2, 'stop': 0, 'R': 0.5, 'hold': 240}",4,50.0,,-34,2,100.0,,177,2,100.0,,178
NQ_DRIVE,481,"{'A': 2100, 'T': 30, 'x': 0.35, 'mode': 1, 'tf': 0, 'k': 0.2, 'stop': 0, 'R': 1.0, 'hold': 240}",4,50.0,,97,2,100.0,,285,2,100.0,,289
NQ_DRIVE,482,"{'A': 2100, 'T': 30, 'x': 0.35, 'mode': 1, 'tf': 0, 'k': 0.2, 'stop': 0, 'R': 2.0, 'hold': 240}",4,25.0,,-54,2,100.0,,509,2,100.0,,513
NQ_DRIVE,483,"{'A': 2100, 'T': 30, 'x': 0.35, 'mode': 1, 'tf': 0, 'k': 0.35, 'stop': 0, 'R': 0.5, 'hold': 240}",4,50.0,,75,2,100.0,,248,2,100.0,,252
NQ_DRIVE,484,"{'A': 2100, 'T': 30, 'x': 0.35, 'mode': 1, 'tf': 0, 'k': 0.35, 'stop': 0, 'R': 1.0, 'hold': 240}",4,25.0,,-177,2,100.0,,503,2,100.0,,509
NQ_DRIVE,485,"{'A': 2100, 'T': 30, 'x': 0.35, 'mode': 1, 'tf': 0, 'k': 0.35, 'stop': 0, 'R': 2.0, 'hold': 240}",4,25.0,,-244,2,50.0,,223,2,50.0,,226
NQ_DRIVE,486,"{'A': 2100, 'T': 30, 'x': 0.35, 'mode': 1, 'tf': 1, 'k': 0.2, 'stop': 0, 'R': 0.5, 'hold': 240}",2,100.0,,126,2,100.0,,177,2,100.0,,178
NQ_DRIVE,487,"{'A': 2100, 'T': 30, 'x': 0.35, 'mode': 1, 'tf': 1, 'k': 0.2, 'stop': 0, 'R': 1.0, 'hold': 240}",2,100.0,,258,2,100.0,,285,2,100.0,,289
NQ_DRIVE,488,"{'A': 2100, 'T': 30, 'x': 0.35, 'mode': 1, 'tf': 1, 'k': 0.2, 'stop': 0, 'R': 2.0, 'hold': 240}",2,50.0,,107,2,100.0,,509,2,100.0,,513
NQ_DRIVE,489,"{'A': 2100, 'T': 30, 'x': 0.35, 'mode': 1, 'tf': 1, 'k': 0.35, 'stop': 0, 'R': 0.5, 'hold': 240}",2,100.0,,225,2,100.0,,248,2,100.0,,252
NQ_DRIVE,490,"{'A': 2100, 'T': 30, 'x': 0.35, 'mode': 1, 'tf': 1, 'k': 0.35, 'stop': 0, 'R': 1.0, 'hold': 240}",2,50.0,,-27,2,100.0,,503,2,100.0,,509
NQ_DRIVE,491,"{'A': 2100, 'T': 30, 'x': 0.35, 'mode': 1, 'tf': 1, 'k': 0.35, 'stop': 0, 'R': 2.0, 'hold': 240}",2,50.0,,-94,2,50.0,,223,2,50.0,,226
NQ_DRIVE,500,"{'A': 2100, 'T': 30, 'x': 0.35, 'mode': -1, 'tf': 1, 'k': 0.2, 'stop': 0, 'R': 2.0, 'hold': 240}",2,50.0,,159,0,,,0,0,,,0
NQ_DRIVE,501,"{'A': 2100, 'T': 30, 'x': 0.35, 'mode': -1, 'tf': 1, 'k': 0.35, 'stop': 0, 'R': 0.5, 'hold': 240}",2,100.0,,130,0,,,0,0,,,0
NQ_DRIVE,502,"{'A': 2100, 'T': 30, 'x': 0.35, 'mode': -1, 'tf': 1, 'k': 0.35, 'stop': 0, 'R': 1.0, 'hold': 240}",2,50.0,,139,0,,,0,0,,,0
NQ_DRIVE,503,"{'A': 2100, 'T': 30, 'x': 0.35, 'mode': -1, 'tf': 1, 'k': 0.35, 'stop': 0, 'R': 2.0, 'hold': 240}",2,50.0,,281,0,,,0,0,,,0
NQ_DRIVE,496,"{'A': 2100, 'T': 30, 'x': 0.35, 'mode': -1, 'tf': 0, 'k': 0.35, 'stop': 0, 'R': 1.0, 'hold': 240}",4,50.0,,156,2,0.0,,-513,2,0.0,,-520
NQ_DRIVE,497,"{'A': 2100, 'T': 30, 'x': 0.35, 'mode': -1, 'tf': 0, 'k': 0.35, 'stop': 0, 'R': 2.0, 'hold': 240}",4,50.0,,538,2,0.0,,-513,2,0.0,,-520
NQ_DRIVE,498,"{'A': 2100, 'T': 30, 'x': 0.35, 'mode': -1, 'tf': 1, 'k': 0.2, 'stop': 0, 'R': 0.5, 'hold': 240}",2,100.0,,72,0,,,0,0,,,0
NQ_DRIVE,499,"{'A': 2100, 'T': 30, 'x': 0.35, 'mode': -1, 'tf': 1, 'k': 0.2, 'stop': 0, 'R': 1.0, 'hold': 240}",2,100.0,,150,0,,,0,0,,,0
NQ_DRIVE,492,"{'A': 2100, 'T': 30, 'x': 0.35, 'mode': -1, 'tf': 0, 'k': 0.2, 'stop': 0, 'R': 0.5, 'hold': 240}",4,75.0,,11,2,0.0,,-295,2,0.0,,-299
NQ_DRIVE,493,"{'A': 2100, 'T': 30, 'x': 0.35, 'mode': -1, 'tf': 0, 'k': 0.2, 'stop': 0, 'R': 1.0, 'hold': 240}",4,50.0,,-118,2,0.0,,-295,2,0.0,,-299
NQ_DRIVE,494,"{'A': 2100, 'T': 30, 'x': 0.35, 'mode': -1, 'tf': 0, 'k': 0.2, 'stop': 0, 'R': 2.0, 'hold': 240}",4,25.0,,-109,2,0.0,,-295,2,0.0,,-299
NQ_DRIVE,495,"{'A': 2100, 'T': 30, 'x': 0.35, 'mode': -1, 'tf': 0, 'k': 0.35, 'stop': 0, 'R': 0.5, 'hold': 240}",4,75.0,,27,2,0.0,,-513,2,0.0,,-520
NQ_DRIVE,508,"{'A': 2100, 'T': 60, 'x': 0.1, 'mode': 1, 'tf': 0, 'k': 0.35, 'stop': 0, 'R': 1.0, 'hold': 240}",195,50.8,1.063,380,140,46.4,1.291,2434,138,47.1,1.327,2701
NQ_DRIVE,509,"{'A': 2100, 'T': 60, 'x': 0.1, 'mode': 1, 'tf': 0, 'k': 0.35, 'stop': 0, 'R': 2.0, 'hold': 240}",195,50.8,1.197,1186,140,45.7,1.347,2963,138,46.4,1.372,3139
NQ_DRIVE,510,"{'A': 2100, 'T': 60, 'x': 0.1, 'mode': 1, 'tf': 1, 'k': 0.2, 'stop': 0, 'R': 0.5, 'hold': 240}",100,66.0,1.766,1560,73,60.3,0.942,-195,62,59.7,1.036,102
NQ_DRIVE,511,"{'A': 2100, 'T': 60, 'x': 0.1, 'mode': 1, 'tf': 1, 'k': 0.2, 'stop': 0, 'R': 1.0, 'hold': 240}",100,57.0,1.559,1440,73,52.1,1.194,731,62,51.6,1.374,1150
NQ_DRIVE,504,"{'A': 2100, 'T': 60, 'x': 0.1, 'mode': 1, 'tf': 0, 'k': 0.2, 'stop': 0, 'R': 0.5, 'hold': 240}",195,63.1,1.384,1683,140,62.1,1.142,835,138,63.0,1.188,1089
NQ_DRIVE,505,"{'A': 2100, 'T': 60, 'x': 0.1, 'mode': 1, 'tf': 0, 'k': 0.2, 'stop': 0, 'R': 1.0, 'hold': 240}",195,52.8,1.175,984,140,50.7,1.282,2062,138,51.4,1.325,2390
NQ_DRIVE,506,"{'A': 2100, 'T': 60, 'x': 0.1, 'mode': 1, 'tf': 0, 'k': 0.2, 'stop': 0, 'R': 2.0, 'hold': 240}",195,49.7,1.082,493,140,45.7,1.393,3082,138,46.4,1.395,3121
NQ_DRIVE,507,"{'A': 2100, 'T': 60, 'x': 0.1, 'mode': 1, 'tf': 0, 'k': 0.35, 'stop': 0, 'R': 0.5, 'hold': 240}",195,55.4,1.248,1302,140,52.1,1.181,1383,138,52.9,1.222,1673
NQ_DRIVE,512,"{'A': 2100, 'T': 60, 'x': 0.1, 'mode': 1, 'tf': 1, 'k': 0.2, 'stop': 0, 'R': 2.0, 'hold': 240}",100,54.0,1.348,982,73,46.6,1.198,824,62,45.2,1.269,933
NQ_DRIVE,513,"{'A': 2100, 'T': 60, 'x': 0.1, 'mode': 1, 'tf': 1, 'k': 0.35, 'stop': 0, 'R': 0.5, 'hold': 240}",100,59.0,1.543,1376,73,53.4,1.191,739,62,53.2,1.387,1171
NQ_DRIVE,514,"{'A': 2100, 'T': 60, 'x': 0.1, 'mode': 1, 'tf': 1, 'k': 0.35, 'stop': 0, 'R': 1.0, 'hold': 240}",100,54.0,1.167,518,73,47.9,1.181,765,62,46.8,1.322,1087
NQ_DRIVE,515,"{'A': 2100, 'T': 60, 'x': 0.1, 'mode': 1, 'tf': 1, 'k': 0.35, 'stop': 0, 'R': 2.0, 'hold': 240}",100,54.0,1.394,1224,73,46.6,1.192,845,62,45.2,1.322,1149
NQ_DRIVE,516,"{'A': 2100, 'T': 60, 'x': 0.1, 'mode': -1, 'tf': 0, 'k': 0.2, 'stop': 0, 'R': 0.5, 'hold': 240}",195,56.4,0.911,-466,140,57.9,0.728,-2139,138,57.2,0.703,-2448
NQ_DRIVE,517,"{'A': 2100, 'T': 60, 'x': 0.1, 'mode': -1, 'tf': 0, 'k': 0.2, 'stop': 0, 'R': 1.0, 'hold': 240}",195,42.6,0.711,-2089,140,47.1,0.709,-2835,138,47.1,0.684,-3206
NQ_DRIVE,518,"{'A': 2100, 'T': 60, 'x': 0.1, 'mode': -1, 'tf': 0, 'k': 0.2, 'stop': 0, 'R': 2.0, 'hold': 240}",195,41.0,0.702,-2181,140,46.4,0.772,-2274,138,46.4,0.731,-2786
NQ_DRIVE,519,"{'A': 2100, 'T': 60, 'x': 0.1, 'mode': -1, 'tf': 0, 'k': 0.35, 'stop': 0, 'R': 0.5, 'hold': 240}",195,46.2,0.74,-1806,140,53.6,0.703,-3069,138,54.3,0.721,-2909
NQ_DRIVE,524,"{'A': 2100, 'T': 60, 'x': 0.1, 'mode': -1, 'tf': 1, 'k': 0.2, 'stop': 0, 'R': 2.0, 'hold': 240}",91,44.0,0.874,-351,63,47.6,0.759,-1179,59,45.8,0.757,-1160
NQ_DRIVE,525,"{'A': 2100, 'T': 60, 'x': 0.1, 'mode': -1, 'tf': 1, 'k': 0.35, 'stop': 0, 'R': 0.5, 'hold': 240}",91,49.5,0.959,-113,63,55.6,0.647,-1844,59,55.9,0.691,-1571
NQ_DRIVE,526,"{'A': 2100, 'T': 60, 'x': 0.1, 'mode': -1, 'tf': 1, 'k': 0.35, 'stop': 0, 'R': 1.0, 'hold': 240}",91,47.3,0.923,-216,63,52.4,0.654,-1977,59,50.8,0.645,-2003
NQ_DRIVE,527,"{'A': 2100, 'T': 60, 'x': 0.1, 'mode': -1, 'tf': 1, 'k': 0.35, 'stop': 0, 'R': 2.0, 'hold': 240}",91,47.3,0.921,-222,63,50.8,0.582,-2456,59,49.2,0.571,-2494
NQ_DRIVE,520,"{'A': 2100, 'T': 60, 'x': 0.1, 'mode': -1, 'tf': 0, 'k': 0.35, 'stop': 0, 'R': 1.0, 'hold': 240}",195,44.1,0.786,-1497,140,50.7,0.711,-3230,138,50.7,0.692,-3486
NQ_DRIVE,521,"{'A': 2100, 'T': 60, 'x': 0.1, 'mode': -1, 'tf': 0, 'k': 0.35, 'stop': 0, 'R': 2.0, 'hold': 240}",195,44.1,0.848,-1063,140,49.3,0.661,-3845,138,50.0,0.657,-3940
NQ_DRIVE,522,"{'A': 2100, 'T': 60, 'x': 0.1, 'mode': -1, 'tf': 1, 'k': 0.2, 'stop': 0, 'R': 0.5, 'hold': 240}",91,59.3,1.048,105,63,60.3,0.756,-907,59,61.0,0.819,-639
NQ_DRIVE,523,"{'A': 2100, 'T': 60, 'x': 0.1, 'mode': -1, 'tf': 1, 'k': 0.2, 'stop': 0, 'R': 1.0, 'hold': 240}",91,46.2,1.016,42,63,47.6,0.639,-1765,59,45.8,0.634,-1750
NQ_DRIVE,528,"{'A': 2100, 'T': 60, 'x': 0.2, 'mode': 1, 'tf': 0, 'k': 0.2, 'stop': 0, 'R': 0.5, 'hold': 240}",49,67.3,1.22,275,39,59.0,0.993,-14,39,61.5,1.103,203
NQ_DRIVE,529,"{'A': 2100, 'T': 60, 'x': 0.2, 'mode': 1, 'tf': 0, 'k': 0.2, 'stop': 0, 'R': 1.0, 'hold': 240}",49,53.1,1.043,76,39,43.6,0.97,-93,39,43.6,0.993,-22
NQ_DRIVE,530,"{'A': 2100, 'T': 60, 'x': 0.2, 'mode': 1, 'tf': 0, 'k': 0.2, 'stop': 0, 'R': 2.0, 'hold': 240}",49,44.9,0.83,-355,39,41.0,1.401,1279,39,41.0,1.423,1329
NQ_DRIVE,531,"{'A': 2100, 'T': 60, 'x': 0.2, 'mode': 1, 'tf': 0, 'k': 0.35, 'stop': 0, 'R': 0.5, 'hold': 240}",49,59.2,1.264,373,39,48.7,0.854,-503,39,48.7,0.894,-352
NQ_DRIVE,532,"{'A': 2100, 'T': 60, 'x': 0.2, 'mode': 1, 'tf': 0, 'k': 0.35, 'stop': 0, 'R': 1.0, 'hold': 240}",49,49.0,0.933,-126,39,43.6,1.185,675,39,43.6,1.236,831
NQ_DRIVE,533,"{'A': 2100, 'T': 60, 'x': 0.2, 'mode': 1, 'tf': 0, 'k': 0.35, 'stop': 0, 'R': 2.0, 'hold': 240}",49,49.0,1.203,378,39,41.0,1.217,832,39,41.0,1.257,953
NQ_DRIVE,534,"{'A': 2100, 'T': 60, 'x': 0.2, 'mode': 1, 'tf': 1, 'k': 0.2, 'stop': 0, 'R': 0.5, 'hold': 240}",25,80.0,2.213,511,19,52.6,,-184,16,56.2,,27
NQ_DRIVE,535,"{'A': 2100, 'T': 60, 'x': 0.2, 'mode': 1, 'tf': 1, 'k': 0.2, 'stop': 0, 'R': 1.0, 'hold': 240}",25,68.0,1.903,523,19,42.1,,-73,16,43.8,,233
NQ_DRIVE,540,"{'A': 2100, 'T': 60, 'x': 0.2, 'mode': -1, 'tf': 0, 'k': 0.2, 'stop': 0, 'R': 0.5, 'hold': 240}",49,61.2,0.877,-177,39,66.7,0.891,-253,39,66.7,0.886,-268
NQ_DRIVE,541,"{'A': 2100, 'T': 60, 'x': 0.2, 'mode': -1, 'tf': 0, 'k': 0.2, 'stop': 0, 'R': 1.0, 'hold': 240}",49,44.9,0.826,-344,39,53.8,0.962,-117,39,53.8,0.939,-189
NQ_DRIVE,542,"{'A': 2100, 'T': 60, 'x': 0.2, 'mode': -1, 'tf': 0, 'k': 0.2, 'stop': 0, 'R': 2.0, 'hold': 240}",49,40.8,0.635,-753,39,51.3,1.15,497,39,51.3,1.097,325
NQ_DRIVE,543,"{'A': 2100, 'T': 60, 'x': 0.2, 'mode': -1, 'tf': 0, 'k': 0.35, 'stop': 0, 'R': 0.5, 'hold': 240}",49,53.1,0.948,-95,39,56.4,0.685,-1295,39,59.0,0.735,-1077
NQ_DRIVE,536,"{'A': 2100, 'T': 60, 'x': 0.2, 'mode': 1, 'tf': 1, 'k': 0.2, 'stop': 0, 'R': 2.0, 'hold': 240}",25,60.0,1.399,313,19,36.8,,344,16,37.5,,622
NQ_DRIVE,537,"{'A': 2100, 'T': 60, 'x': 0.2, 'mode': 1, 'tf': 1, 'k': 0.35, 'stop': 0, 'R': 0.5, 'hold': 240}",25,72.0,1.6,402,19,47.4,,-126,16,50.0,,316
NQ_DRIVE,538,"{'A': 2100, 'T': 60, 'x': 0.2, 'mode': 1, 'tf': 1, 'k': 0.35, 'stop': 0, 'R': 1.0, 'hold': 240}",25,60.0,1.02,20,19,42.1,,380,16,43.8,,821
NQ_DRIVE,539,"{'A': 2100, 'T': 60, 'x': 0.2, 'mode': 1, 'tf': 1, 'k': 0.35, 'stop': 0, 'R': 2.0, 'hold': 240}",25,60.0,1.41,410,19,36.8,,10,16,37.5,,428
NQ_DRIVE,544,"{'A': 2100, 'T': 60, 'x': 0.2, 'mode': -1, 'tf': 0, 'k': 0.35, 'stop': 0, 'R': 1.0, 'hold': 240}",49,49.0,0.919,-153,39,51.3,0.798,-893,39,51.3,0.764,-1049
NQ_DRIVE,545,"{'A': 2100, 'T': 60, 'x': 0.2, 'mode': -1, 'tf': 0, 'k': 0.35, 'stop': 0, 'R': 2.0, 'hold': 240}",49,49.0,1.054,102,39,46.2,0.721,-1278,39,48.7,0.724,-1269
NQ_DRIVE,546,"{'A': 2100, 'T': 60, 'x': 0.2, 'mode': -1, 'tf': 1, 'k': 0.2, 'stop': 0, 'R': 0.5, 'hold': 240}",24,70.8,1.085,52,20,70.0,1.067,77,21,71.4,1.197,227
NQ_DRIVE,547,"{'A': 2100, 'T': 60, 'x': 0.2, 'mode': -1, 'tf': 1, 'k': 0.2, 'stop': 0, 'R': 1.0, 'hold': 240}",24,58.3,1.407,318,20,55.0,0.953,-87,21,52.4,0.932,-129
NQ_DRIVE,548,"{'A': 2100, 'T': 60, 'x': 0.2, 'mode': -1, 'tf': 1, 'k': 0.2, 'stop': 0, 'R': 2.0, 'hold': 240}",24,50.0,0.713,-248,20,55.0,1.284,521,21,52.4,1.252,481
NQ_DRIVE,549,"{'A': 2100, 'T': 60, 'x': 0.2, 'mode': -1, 'tf': 1, 'k': 0.35, 'stop': 0, 'R': 0.5, 'hold': 240}",24,66.7,1.51,364,20,60.0,0.736,-599,21,61.9,0.84,-365
NQ_DRIVE,550,"{'A': 2100, 'T': 60, 'x': 0.2, 'mode': -1, 'tf': 1, 'k': 0.35, 'stop': 0, 'R': 1.0, 'hold': 240}",24,58.3,1.011,9,20,55.0,0.842,-407,21,52.4,0.829,-454
NQ_DRIVE,551,"{'A': 2100, 'T': 60, 'x': 0.2, 'mode': -1, 'tf': 1, 'k': 0.35, 'stop': 0, 'R': 2.0, 'hold': 240}",24,58.3,0.915,-65,20,50.0,0.704,-808,21,47.6,0.691,-867
NQ_DRIVE,552,"{'A': 2100, 'T': 60, 'x': 0.35, 'mode': 1, 'tf': 0, 'k': 0.2, 'stop': 0, 'R': 0.5, 'hold': 240}",6,33.3,,-299,8,62.5,,-182,7,71.4,,-85
NQ_DRIVE,553,"{'A': 2100, 'T': 60, 'x': 0.35, 'mode': 1, 'tf': 0, 'k': 0.2, 'stop': 0, 'R': 1.0, 'hold': 240}",6,16.7,,-384,8,37.5,,-353,7,42.9,,-261
NQ_DRIVE,554,"{'A': 2100, 'T': 60, 'x': 0.35, 'mode': 1, 'tf': 0, 'k': 0.2, 'stop': 0, 'R': 2.0, 'hold': 240}",6,16.7,,-390,8,25.0,,-212,7,28.6,,-148
NQ_DRIVE,555,"{'A': 2100, 'T': 60, 'x': 0.35, 'mode': 1, 'tf': 0, 'k': 0.35, 'stop': 0, 'R': 0.5, 'hold': 240}",6,50.0,,-203,8,62.5,,-64,7,71.4,,107
NQ_DRIVE,556,"{'A': 2100, 'T': 60, 'x': 0.35, 'mode': 1, 'tf': 0, 'k': 0.35, 'stop': 0, 'R': 1.0, 'hold': 240}",6,50.0,,-163,8,37.5,,-151,7,42.9,,20
NQ_DRIVE,557,"{'A': 2100, 'T': 60, 'x': 0.35, 'mode': 1, 'tf': 0, 'k': 0.35, 'stop': 0, 'R': 2.0, 'hold': 240}",6,50.0,,-220,8,25.0,,-271,7,28.6,,-120
NQ_DRIVE,558,"{'A': 2100, 'T': 60, 'x': 0.35, 'mode': 1, 'tf': 1, 'k': 0.2, 'stop': 0, 'R': 0.5, 'hold': 240}",2,0.0,,-169,5,60.0,,-117,3,66.7,,-87
NQ_DRIVE,559,"{'A': 2100, 'T': 60, 'x': 0.35, 'mode': 1, 'tf': 1, 'k': 0.2, 'stop': 0, 'R': 1.0, 'hold': 240}",2,0.0,,-169,5,40.0,,-208,3,66.7,,60
NQ_DRIVE,560,"{'A': 2100, 'T': 60, 'x': 0.35, 'mode': 1, 'tf': 1, 'k': 0.2, 'stop': 0, 'R': 2.0, 'hold': 240}",2,0.0,,-169,5,20.0,,-236,3,33.3,,1
NQ_DRIVE,561,"{'A': 2100, 'T': 60, 'x': 0.35, 'mode': 1, 'tf': 1, 'k': 0.35, 'stop': 0, 'R': 0.5, 'hold': 240}",2,0.0,,-263,5,60.0,,54,3,100.0,,455
NQ_DRIVE,562,"{'A': 2100, 'T': 60, 'x': 0.35, 'mode': 1, 'tf': 1, 'k': 0.35, 'stop': 0, 'R': 1.0, 'hold': 240}",2,0.0,,-263,5,40.0,,108,3,66.7,,509
NQ_DRIVE,563,"{'A': 2100, 'T': 60, 'x': 0.35, 'mode': 1, 'tf': 1, 'k': 0.35, 'stop': 0, 'R': 2.0, 'hold': 240}",2,0.0,,-263,5,20.0,,-236,3,33.3,,149
NQ_DRIVE,564,"{'A': 2100, 'T': 60, 'x': 0.35, 'mode': -1, 'tf': 0, 'k': 0.2, 'stop': 0, 'R': 0.5, 'hold': 240}",6,83.3,,156,8,75.0,,164,7,71.4,,124
NQ_DRIVE,565,"{'A': 2100, 'T': 60, 'x': 0.35, 'mode': -1, 'tf': 0, 'k': 0.2, 'stop': 0, 'R': 1.0, 'hold': 240}",6,83.3,,352,8,62.5,,311,7,57.1,,224
NQ_DRIVE,566,"{'A': 2100, 'T': 60, 'x': 0.35, 'mode': -1, 'tf': 0, 'k': 0.2, 'stop': 0, 'R': 2.0, 'hold': 240}",6,50.0,,183,8,50.0,,330,7,42.9,,141
NQ_DRIVE,567,"{'A': 2100, 'T': 60, 'x': 0.35, 'mode': -1, 'tf': 0, 'k': 0.35, 'stop': 0, 'R': 0.5, 'hold': 240}",6,83.3,,252,8,75.0,,311,7,71.4,,236
NQ_DRIVE,572,"{'A': 2100, 'T': 60, 'x': 0.35, 'mode': -1, 'tf': 1, 'k': 0.2, 'stop': 0, 'R': 2.0, 'hold': 240}",4,25.0,,-99,3,66.7,,451,3,66.7,,466
NQ_DRIVE,573,"{'A': 2100, 'T': 60, 'x': 0.35, 'mode': -1, 'tf': 1, 'k': 0.35, 'stop': 0, 'R': 0.5, 'hold': 240}",4,75.0,,109,3,100.0,,408,3,100.0,,424
NQ_DRIVE,574,"{'A': 2100, 'T': 60, 'x': 0.35, 'mode': -1, 'tf': 1, 'k': 0.35, 'stop': 0, 'R': 1.0, 'hold': 240}",4,25.0,,-122,3,66.7,,244,3,66.7,,256
NQ_DRIVE,575,"{'A': 2100, 'T': 60, 'x': 0.35, 'mode': -1, 'tf': 1, 'k': 0.35, 'stop': 0, 'R': 2.0, 'hold': 240}",4,25.0,,-122,3,33.3,,-17,3,33.3,,-10
NQ_DRIVE,568,"{'A': 2100, 'T': 60, 'x': 0.35, 'mode': -1, 'tf': 0, 'k': 0.35, 'stop': 0, 'R': 1.0, 'hold': 240}",6,50.0,,130,8,50.0,,108,7,42.9,,-58
NQ_DRIVE,569,"{'A': 2100, 'T': 60, 'x': 0.35, 'mode': -1, 'tf': 0, 'k': 0.35, 'stop': 0, 'R': 2.0, 'hold': 240}",6,50.0,,66,8,25.0,,-333,7,28.6,,-324
NQ_DRIVE,570,"{'A': 2100, 'T': 60, 'x': 0.35, 'mode': -1, 'tf': 1, 'k': 0.2, 'stop': 0, 'R': 0.5, 'hold': 240}",4,75.0,,57,3,100.0,,224,3,100.0,,238
NQ_DRIVE,571,"{'A': 2100, 'T': 60, 'x': 0.35, 'mode': -1, 'tf': 1, 'k': 0.2, 'stop': 0, 'R': 1.0, 'hold': 240}",4,75.0,,194,3,66.7,,130,3,66.7,,142
NQ_DRIVE,580,"{'A': 2100, 'T': 120, 'x': 0.1, 'mode': 1, 'tf': 0, 'k': 0.35, 'stop': 0, 'R': 1.0, 'hold': 240}",289,45.7,0.788,-2343,194,43.3,0.768,-3336,191,42.4,0.747,-3629
NQ_DRIVE,581,"{'A': 2100, 'T': 120, 'x': 0.1, 'mode': 1, 'tf': 0, 'k': 0.35, 'stop': 0, 'R': 2.0, 'hold': 240}",289,45.7,0.802,-2198,194,43.3,0.825,-2509,191,42.4,0.803,-2824
NQ_DRIVE,582,"{'A': 2100, 'T': 120, 'x': 0.1, 'mode': 1, 'tf': 1, 'k': 0.2, 'stop': 0, 'R': 0.5, 'hold': 240}",142,59.9,1.023,93,92,60.9,0.954,-191,78,59.0,0.848,-615
NQ_DRIVE,583,"{'A': 2100, 'T': 120, 'x': 0.1, 'mode': 1, 'tf': 1, 'k': 0.2, 'stop': 0, 'R': 1.0, 'hold': 240}",142,45.8,0.743,-1372,92,47.8,0.842,-891,78,47.4,0.807,-1015
NQ_DRIVE,584,"{'A': 2100, 'T': 120, 'x': 0.1, 'mode': 1, 'tf': 1, 'k': 0.2, 'stop': 0, 'R': 2.0, 'hold': 240}",142,45.1,0.794,-1114,92,42.4,0.744,-1556,78,41.0,0.699,-1708
NQ_DRIVE,585,"{'A': 2100, 'T': 120, 'x': 0.1, 'mode': 1, 'tf': 1, 'k': 0.35, 'stop': 0, 'R': 0.5, 'hold': 240}",142,50.7,0.951,-240,92,48.9,0.659,-2359,78,47.4,0.602,-2627
NQ_DRIVE,586,"{'A': 2100, 'T': 120, 'x': 0.1, 'mode': 1, 'tf': 1, 'k': 0.35, 'stop': 0, 'R': 1.0, 'hold': 240}",142,47.2,0.788,-1174,92,42.4,0.599,-3003,78,41.0,0.541,-3223
NQ_DRIVE,587,"{'A': 2100, 'T': 120, 'x': 0.1, 'mode': 1, 'tf': 1, 'k': 0.35, 'stop': 0, 'R': 2.0, 'hold': 240}",142,47.2,0.784,-1197,92,42.4,0.614,-2889,78,41.0,0.579,-2956
NQ_DRIVE,576,"{'A': 2100, 'T': 120, 'x': 0.1, 'mode': 1, 'tf': 0, 'k': 0.2, 'stop': 0, 'R': 0.5, 'hold': 240}",289,57.8,0.932,-579,194,59.8,0.968,-284,191,59.7,0.972,-248
NQ_DRIVE,577,"{'A': 2100, 'T': 120, 'x': 0.1, 'mode': 1, 'tf': 0, 'k': 0.2, 'stop': 0, 'R': 1.0, 'hold': 240}",289,44.3,0.721,-2968,194,46.4,0.864,-1615,191,45.5,0.844,-1855
NQ_DRIVE,578,"{'A': 2100, 'T': 120, 'x': 0.1, 'mode': 1, 'tf': 0, 'k': 0.2, 'stop': 0, 'R': 2.0, 'hold': 240}",289,43.3,0.772,-2477,194,43.3,0.923,-953,191,42.4,0.894,-1321
NQ_DRIVE,579,"{'A': 2100, 'T': 120, 'x': 0.1, 'mode': 1, 'tf': 0, 'k': 0.35, 'stop': 0, 'R': 0.5, 'hold': 240}",289,48.8,0.854,-1497,194,47.9,0.74,-3516,191,47.1,0.726,-3702
NQ_DRIVE,592,"{'A': 2100, 'T': 120, 'x': 0.1, 'mode': -1, 'tf': 0, 'k': 0.35, 'stop': 0, 'R': 1.0, 'hold': 240}",289,49.1,1.072,688,194,55.2,1.194,2229,191,55.5,1.227,2538
NQ_DRIVE,593,"{'A': 2100, 'T': 120, 'x': 0.1, 'mode': -1, 'tf': 0, 'k': 0.35, 'stop': 0, 'R': 2.0, 'hold': 240}",289,49.1,1.101,960,194,54.6,1.182,2134,191,55.0,1.212,2411
NQ_DRIVE,594,"{'A': 2100, 'T': 120, 'x': 0.1, 'mode': -1, 'tf': 1, 'k': 0.2, 'stop': 0, 'R': 0.5, 'hold': 240}",137,64.2,1.219,688,95,58.9,0.811,-959,90,58.9,0.832,-785
NQ_DRIVE,595,"{'A': 2100, 'T': 120, 'x': 0.1, 'mode': -1, 'tf': 1, 'k': 0.2, 'stop': 0, 'R': 1.0, 'hold': 240}",137,51.8,1.171,666,95,52.6,1.019,107,90,54.4,1.08,395
NQ_DRIVE,600,"{'A': 2100, 'T': 120, 'x': 0.2, 'mode': 1, 'tf': 0, 'k': 0.2, 'stop': 0, 'R': 0.5, 'hold': 240}",96,57.3,0.766,-817,63,65.1,1.129,388,60,65.0,1.102,305
NQ_DRIVE,601,"{'A': 2100, 'T': 120, 'x': 0.2, 'mode': 1, 'tf': 0, 'k': 0.2, 'stop': 0, 'R': 1.0, 'hold': 240}",96,39.6,0.475,-2453,63,50.8,1.047,211,60,48.3,0.946,-239
NQ_DRIVE,602,"{'A': 2100, 'T': 120, 'x': 0.2, 'mode': 1, 'tf': 0, 'k': 0.2, 'stop': 0, 'R': 2.0, 'hold': 240}",96,37.5,0.514,-2340,63,46.0,1.15,715,60,43.3,1.035,167
NQ_DRIVE,603,"{'A': 2100, 'T': 120, 'x': 0.2, 'mode': 1, 'tf': 0, 'k': 0.35, 'stop': 0, 'R': 0.5, 'hold': 240}",96,49.0,0.726,-1180,63,55.6,0.92,-393,60,53.3,0.846,-761
NQ_DRIVE,604,"{'A': 2100, 'T': 120, 'x': 0.2, 'mode': 1, 'tf': 0, 'k': 0.35, 'stop': 0, 'R': 1.0, 'hold': 240}",96,43.8,0.605,-1943,63,46.0,0.952,-269,60,43.3,0.863,-764
NQ_DRIVE,605,"{'A': 2100, 'T': 120, 'x': 0.2, 'mode': 1, 'tf': 0, 'k': 0.35, 'stop': 0, 'R': 2.0, 'hold': 240}",96,43.8,0.588,-2029,63,46.0,0.999,-6,60,43.3,0.905,-530
NQ_DRIVE,606,"{'A': 2100, 'T': 120, 'x': 0.2, 'mode': 1, 'tf': 1, 'k': 0.2, 'stop': 0, 'R': 0.5, 'hold': 240}",50,62.0,0.918,-139,29,62.1,1.044,60,23,56.5,0.815,-261
NQ_DRIVE,607,"{'A': 2100, 'T': 120, 'x': 0.2, 'mode': 1, 'tf': 1, 'k': 0.2, 'stop': 0, 'R': 1.0, 'hold': 240}",50,40.0,0.502,-1246,29,51.7,0.932,-136,23,47.8,0.766,-449
NQ_DRIVE,596,"{'A': 2100, 'T': 120, 'x': 0.1, 'mode': -1, 'tf': 1, 'k': 0.2, 'stop': 0, 'R': 2.0, 'hold': 240}",137,49.6,1.121,498,95,51.6,1.153,843,90,53.3,1.206,1014
NQ_DRIVE,597,"{'A': 2100, 'T': 120, 'x': 0.1, 'mode': -1, 'tf': 1, 'k': 0.35, 'stop': 0, 'R': 0.5, 'hold': 240}",137,54.0,1.051,210,95,54.7,0.854,-935,90,55.6,0.875,-733
NQ_DRIVE,598,"{'A': 2100, 'T': 120, 'x': 0.1, 'mode': -1, 'tf': 1, 'k': 0.35, 'stop': 0, 'R': 1.0, 'hold': 240}",137,50.4,1.051,233,95,52.6,0.963,-240,90,53.3,0.971,-169
NQ_DRIVE,599,"{'A': 2100, 'T': 120, 'x': 0.1, 'mode': -1, 'tf': 1, 'k': 0.35, 'stop': 0, 'R': 2.0, 'hold': 240}",137,50.4,1.041,184,95,51.6,0.903,-647,90,52.2,0.904,-583
NQ_DRIVE,608,"{'A': 2100, 'T': 120, 'x': 0.2, 'mode': 1, 'tf': 1, 'k': 0.2, 'stop': 0, 'R': 2.0, 'hold': 240}",50,38.0,0.525,-1222,29,44.8,0.779,-498,23,39.1,0.646,-769
NQ_DRIVE,609,"{'A': 2100, 'T': 120, 'x': 0.2, 'mode': 1, 'tf': 1, 'k': 0.35, 'stop': 0, 'R': 0.5, 'hold': 240}",50,52.0,1.037,73,29,55.2,0.677,-837,23,47.8,0.52,-1202
NQ_DRIVE,610,"{'A': 2100, 'T': 120, 'x': 0.2, 'mode': 1, 'tf': 1, 'k': 0.35, 'stop': 0, 'R': 1.0, 'hold': 240}",50,42.0,0.574,-1098,29,44.8,0.62,-1132,23,39.1,0.492,-1401
NQ_DRIVE,611,"{'A': 2100, 'T': 120, 'x': 0.2, 'mode': 1, 'tf': 1, 'k': 0.35, 'stop': 0, 'R': 2.0, 'hold': 240}",50,42.0,0.565,-1121,29,44.8,0.505,-1474,23,39.1,0.422,-1596
NQ_DRIVE,588,"{'A': 2100, 'T': 120, 'x': 0.1, 'mode': -1, 'tf': 0, 'k': 0.2, 'stop': 0, 'R': 0.5, 'hold': 240}",289,61.2,1.23,1501,194,62.4,1.007,62,191,62.8,1.018,155
NQ_DRIVE,589,"{'A': 2100, 'T': 120, 'x': 0.1, 'mode': -1, 'tf': 0, 'k': 0.2, 'stop': 0, 'R': 1.0, 'hold': 240}",289,50.9,1.152,1295,194,52.6,1.05,539,191,52.9,1.075,796
NQ_DRIVE,590,"{'A': 2100, 'T': 120, 'x': 0.1, 'mode': -1, 'tf': 0, 'k': 0.2, 'stop': 0, 'R': 2.0, 'hold': 240}",289,48.4,1.094,861,194,51.5,1.249,2716,191,51.8,1.273,2925
NQ_DRIVE,591,"{'A': 2100, 'T': 120, 'x': 0.1, 'mode': -1, 'tf': 0, 'k': 0.35, 'stop': 0, 'R': 0.5, 'hold': 240}",289,52.2,1.035,316,194,56.2,0.973,-310,191,56.5,1.003,31
NQ_DRIVE,612,"{'A': 2100, 'T': 120, 'x': 0.2, 'mode': -1, 'tf': 0, 'k': 0.2, 'stop': 0, 'R': 0.5, 'hold': 240}",96,66.7,1.53,1041,63,57.1,0.657,-1465,60,56.7,0.691,-1226
NQ_DRIVE,613,"{'A': 2100, 'T': 120, 'x': 0.2, 'mode': -1, 'tf': 0, 'k': 0.2, 'stop': 0, 'R': 1.0, 'hold': 240}",96,55.2,1.744,1865,63,49.2,0.886,-552,60,50.0,0.98,-86
NQ_DRIVE,614,"{'A': 2100, 'T': 120, 'x': 0.2, 'mode': -1, 'tf': 0, 'k': 0.2, 'stop': 0, 'R': 2.0, 'hold': 240}",96,49.0,1.431,1343,63,46.0,1.043,216,60,46.7,1.147,663
NQ_DRIVE,615,"{'A': 2100, 'T': 120, 'x': 0.2, 'mode': -1, 'tf': 0, 'k': 0.35, 'stop': 0, 'R': 0.5, 'hold': 240}",96,58.3,1.542,1464,63,54.0,0.752,-1362,60,55.0,0.83,-846
NQ_DRIVE,620,"{'A': 2100, 'T': 120, 'x': 0.2, 'mode': -1, 'tf': 1, 'k': 0.2, 'stop': 0, 'R': 2.0, 'hold': 240}",45,48.9,1.613,789,34,47.1,0.9,-291,30,50.0,1.064,146
NQ_DRIVE,621,"{'A': 2100, 'T': 120, 'x': 0.2, 'mode': -1, 'tf': 1, 'k': 0.35, 'stop': 0, 'R': 0.5, 'hold': 240}",45,60.0,1.577,704,34,52.9,0.603,-1418,30,53.3,0.64,-1069
NQ_DRIVE,622,"{'A': 2100, 'T': 120, 'x': 0.2, 'mode': -1, 'tf': 1, 'k': 0.35, 'stop': 0, 'R': 1.0, 'hold': 240}",45,48.9,1.353,575,34,50.0,0.705,-1055,30,50.0,0.76,-713
NQ_DRIVE,623,"{'A': 2100, 'T': 120, 'x': 0.2, 'mode': -1, 'tf': 1, 'k': 0.35, 'stop': 0, 'R': 2.0, 'hold': 240}",45,48.9,1.313,510,34,47.1,0.606,-1487,30,46.7,0.64,-1142
NQ_DRIVE,624,"{'A': 2100, 'T': 120, 'x': 0.35, 'mode': 1, 'tf': 0, 'k': 0.2, 'stop': 0, 'R': 0.5, 'hold': 240}",25,56.0,0.577,-504,16,75.0,,469,15,73.3,,391
NQ_DRIVE,625,"{'A': 2100, 'T': 120, 'x': 0.35, 'mode': 1, 'tf': 0, 'k': 0.2, 'stop': 0, 'R': 1.0, 'hold': 240}",25,32.0,0.393,-1037,16,50.0,,25,15,46.7,,-221
NQ_DRIVE,626,"{'A': 2100, 'T': 120, 'x': 0.35, 'mode': 1, 'tf': 0, 'k': 0.2, 'stop': 0, 'R': 2.0, 'hold': 240}",25,28.0,0.496,-896,16,50.0,,119,15,46.7,,-244
NQ_DRIVE,627,"{'A': 2100, 'T': 120, 'x': 0.35, 'mode': 1, 'tf': 0, 'k': 0.35, 'stop': 0, 'R': 0.5, 'hold': 240}",25,56.0,0.935,-83,16,62.5,,31,15,60.0,,-168
NQ_DRIVE,616,"{'A': 2100, 'T': 120, 'x': 0.2, 'mode': -1, 'tf': 0, 'k': 0.35, 'stop': 0, 'R': 1.0, 'hold': 240}",96,50.0,1.432,1399,63,52.4,0.984,-86,60,53.3,1.085,425
NQ_DRIVE,617,"{'A': 2100, 'T': 120, 'x': 0.2, 'mode': -1, 'tf': 0, 'k': 0.35, 'stop': 0, 'R': 2.0, 'hold': 240}",96,50.0,1.51,1652,63,50.8,0.907,-527,60,51.7,0.993,-35
NQ_DRIVE,618,"{'A': 2100, 'T': 120, 'x': 0.2, 'mode': -1, 'tf': 1, 'k': 0.2, 'stop': 0, 'R': 0.5, 'hold': 240}",45,68.9,1.697,577,34,52.9,0.482,-1458,30,53.3,0.544,-1031
NQ_DRIVE,619,"{'A': 2100, 'T': 120, 'x': 0.2, 'mode': -1, 'tf': 1, 'k': 0.2, 'stop': 0, 'R': 1.0, 'hold': 240}",45,55.6,1.88,943,34,50.0,0.817,-531,30,53.3,0.948,-118
NQ_DRIVE,628,"{'A': 2100, 'T': 120, 'x': 0.35, 'mode': 1, 'tf': 0, 'k': 0.35, 'stop': 0, 'R': 1.0, 'hold': 240}",25,48.0,0.732,-459,16,50.0,,-318,15,46.7,,-638
NQ_DRIVE,629,"{'A': 2100, 'T': 120, 'x': 0.35, 'mode': 1, 'tf': 0, 'k': 0.35, 'stop': 0, 'R': 2.0, 'hold': 240}",25,48.0,0.77,-394,16,50.0,,-482,15,46.7,,-615
NQ_DRIVE,630,"{'A': 2100, 'T': 120, 'x': 0.35, 'mode': 1, 'tf': 1, 'k': 0.2, 'stop': 0, 'R': 0.5, 'hold': 240}",17,64.7,,-123,9,66.7,,62,6,66.7,,73
NQ_DRIVE,631,"{'A': 2100, 'T': 120, 'x': 0.35, 'mode': 1, 'tf': 1, 'k': 0.2, 'stop': 0, 'R': 1.0, 'hold': 240}",17,29.4,,-770,9,44.4,,-315,6,50.0,,-261
NQ_DRIVE,636,"{'A': 2100, 'T': 120, 'x': 0.35, 'mode': -1, 'tf': 0, 'k': 0.2, 'stop': 0, 'R': 0.5, 'hold': 240}",25,76.0,1.876,442,16,56.2,,-446,15,60.0,,-273
NQ_DRIVE,637,"{'A': 2100, 'T': 120, 'x': 0.35, 'mode': -1, 'tf': 0, 'k': 0.2, 'stop': 0, 'R': 1.0, 'hold': 240}",25,64.0,2.092,846,16,50.0,,-111,15,53.3,,140
NQ_DRIVE,638,"{'A': 2100, 'T': 120, 'x': 0.35, 'mode': -1, 'tf': 0, 'k': 0.2, 'stop': 0, 'R': 2.0, 'hold': 240}",25,48.0,1.414,482,16,43.8,,59,15,46.7,,295
NQ_DRIVE,639,"{'A': 2100, 'T': 120, 'x': 0.35, 'mode': -1, 'tf': 0, 'k': 0.35, 'stop': 0, 'R': 0.5, 'hold': 240}",25,68.0,1.705,609,16,50.0,,-262,15,53.3,,63
NQ_DRIVE,644,"{'A': 2100, 'T': 120, 'x': 0.35, 'mode': -1, 'tf': 1, 'k': 0.2, 'stop': 0, 'R': 2.0, 'hold': 240}",8,37.5,,62,7,42.9,,-333,6,50.0,,-174
NQ_DRIVE,645,"{'A': 2100, 'T': 120, 'x': 0.35, 'mode': -1, 'tf': 1, 'k': 0.35, 'stop': 0, 'R': 0.5, 'hold': 240}",8,75.0,,199,7,42.9,,-400,6,50.0,,-123
NQ_DRIVE,646,"{'A': 2100, 'T': 120, 'x': 0.35, 'mode': -1, 'tf': 1, 'k': 0.35, 'stop': 0, 'R': 1.0, 'hold': 240}",8,37.5,,-120,7,42.9,,-346,6,50.0,,-70
NQ_DRIVE,647,"{'A': 2100, 'T': 120, 'x': 0.35, 'mode': -1, 'tf': 1, 'k': 0.35, 'stop': 0, 'R': 2.0, 'hold': 240}",8,37.5,,16,7,28.6,,-733,6,33.3,,-459
NQ_DRIVE,640,"{'A': 2100, 'T': 120, 'x': 0.35, 'mode': -1, 'tf': 0, 'k': 0.35, 'stop': 0, 'R': 1.0, 'hold': 240}",25,48.0,1.242,320,16,50.0,,228,15,53.3,,553
NQ_DRIVE,641,"{'A': 2100, 'T': 120, 'x': 0.35, 'mode': -1, 'tf': 0, 'k': 0.35, 'stop': 0, 'R': 2.0, 'hold': 240}",25,48.0,1.551,729,16,43.8,,-60,15,46.7,,247
NQ_DRIVE,642,"{'A': 2100, 'T': 120, 'x': 0.35, 'mode': -1, 'tf': 1, 'k': 0.2, 'stop': 0, 'R': 0.5, 'hold': 240}",8,87.5,,199,7,42.9,,-543,6,50.0,,-384
NQ_DRIVE,643,"{'A': 2100, 'T': 120, 'x': 0.35, 'mode': -1, 'tf': 1, 'k': 0.2, 'stop': 0, 'R': 1.0, 'hold': 240}",8,62.5,,224,7,42.9,,-378,6,50.0,,-219
NQ_DRIVE,632,"{'A': 2100, 'T': 120, 'x': 0.35, 'mode': 1, 'tf': 1, 'k': 0.2, 'stop': 0, 'R': 2.0, 'hold': 240}",17,29.4,,-608,9,44.4,,-245,6,50.0,,-311
NQ_DRIVE,633,"{'A': 2100, 'T': 120, 'x': 0.35, 'mode': 1, 'tf': 1, 'k': 0.35, 'stop': 0, 'R': 0.5, 'hold': 240}",17,52.9,,82,9,55.6,,-473,6,50.0,,-516
NQ_DRIVE,634,"{'A': 2100, 'T': 120, 'x': 0.35, 'mode': 1, 'tf': 1, 'k': 0.35, 'stop': 0, 'R': 1.0, 'hold': 240}",17,41.2,,-536,9,44.4,,-625,6,50.0,,-543
NQ_DRIVE,635,"{'A': 2100, 'T': 120, 'x': 0.35, 'mode': 1, 'tf': 1, 'k': 0.35, 'stop': 0, 'R': 2.0, 'hold': 240}",17,41.2,,-508,9,44.4,,-816,6,50.0,,-543
NQ_DRIVE,648,"{'A': 2100, 'T': 240, 'x': 0.1, 'mode': 1, 'tf': 0, 'k': 0.2, 'stop': 0, 'R': 0.5, 'hold': 240}",405,64.7,1.032,399,292,65.1,1.085,1055,282,63.8,1.079,991
NQ_DRIVE,649,"{'A': 2100, 'T': 240, 'x': 0.1, 'mode': 1, 'tf': 0, 'k': 0.2, 'stop': 0, 'R': 1.0, 'hold': 240}",405,50.1,1.014,225,292,51.4,1.067,1065,282,49.6,1.006,101
NQ_DRIVE,650,"{'A': 2100, 'T': 240, 'x': 0.1, 'mode': 1, 'tf': 0, 'k': 0.2, 'stop': 0, 'R': 2.0, 'hold': 240}",405,44.7,1.03,527,292,48.6,1.134,2296,282,47.2,1.094,1618
NQ_DRIVE,651,"{'A': 2100, 'T': 240, 'x': 0.1, 'mode': 1, 'tf': 0, 'k': 0.35, 'stop': 0, 'R': 0.5, 'hold': 240}",405,55.8,0.994,-110,292,57.9,1.07,1167,282,56.0,1.024,407
NQ_DRIVE,652,"{'A': 2100, 'T': 240, 'x': 0.1, 'mode': 1, 'tf': 0, 'k': 0.35, 'stop': 0, 'R': 1.0, 'hold': 240}",405,49.4,1.04,745,292,53.8,1.152,2771,282,52.1,1.11,2019
NQ_DRIVE,653,"{'A': 2100, 'T': 240, 'x': 0.1, 'mode': 1, 'tf': 0, 'k': 0.35, 'stop': 0, 'R': 2.0, 'hold': 240}",405,49.1,1.084,1580,292,53.4,1.187,3438,282,51.8,1.152,2816
NQ_DRIVE,654,"{'A': 2100, 'T': 240, 'x': 0.1, 'mode': 1, 'tf': 1, 'k': 0.2, 'stop': 0, 'R': 0.5, 'hold': 240}",194,64.9,1.055,322,149,59.7,0.865,-960,123,60.2,1.036,192
NQ_DRIVE,655,"{'A': 2100, 'T': 240, 'x': 0.1, 'mode': 1, 'tf': 1, 'k': 0.2, 'stop': 0, 'R': 1.0, 'hold': 240}",194,54.1,1.182,1326,149,47.0,0.873,-1131,123,46.3,0.937,-446
NQ_DRIVE,656,"{'A': 2100, 'T': 240, 'x': 0.1, 'mode': 1, 'tf': 1, 'k': 0.2, 'stop': 0, 'R': 2.0, 'hold': 240}",194,49.0,1.178,1448,149,43.6,0.935,-618,123,43.9,1.069,518
NQ_DRIVE,657,"{'A': 2100, 'T': 240, 'x': 0.1, 'mode': 1, 'tf': 1, 'k': 0.35, 'stop': 0, 'R': 0.5, 'hold': 240}",194,60.3,1.166,1252,149,53.7,0.843,-1500,123,52.0,0.867,-1042
NQ_DRIVE,658,"{'A': 2100, 'T': 240, 'x': 0.1, 'mode': 1, 'tf': 1, 'k': 0.35, 'stop': 0, 'R': 1.0, 'hold': 240}",194,54.6,1.206,1769,149,47.7,0.851,-1650,123,47.2,0.941,-528
NQ_DRIVE,659,"{'A': 2100, 'T': 240, 'x': 0.1, 'mode': 1, 'tf': 1, 'k': 0.35, 'stop': 0, 'R': 2.0, 'hold': 240}",194,54.6,1.21,1807,149,47.7,0.862,-1528,123,47.2,0.939,-546
NQ_DRIVE,680,"{'A': 2100, 'T': 240, 'x': 0.2, 'mode': 1, 'tf': 1, 'k': 0.2, 'stop': 0, 'R': 2.0, 'hold': 240}",76,39.5,0.674,-1398,57,40.4,1.003,15,46,41.3,1.136,472
NQ_DRIVE,681,"{'A': 2100, 'T': 240, 'x': 0.2, 'mode': 1, 'tf': 1, 'k': 0.35, 'stop': 0, 'R': 0.5, 'hold': 240}",76,59.2,0.944,-200,57,57.9,1.043,173,46,54.3,0.966,-122
NQ_DRIVE,682,"{'A': 2100, 'T': 240, 'x': 0.2, 'mode': 1, 'tf': 1, 'k': 0.35, 'stop': 0, 'R': 1.0, 'hold': 240}",76,48.7,0.783,-947,57,45.6,0.92,-434,46,43.5,0.942,-265
NQ_DRIVE,683,"{'A': 2100, 'T': 240, 'x': 0.2, 'mode': 1, 'tf': 1, 'k': 0.35, 'stop': 0, 'R': 2.0, 'hold': 240}",76,48.7,0.843,-685,57,45.6,0.952,-261,46,43.5,0.963,-169
NQ_DRIVE,668,"{'A': 2100, 'T': 240, 'x': 0.1, 'mode': -1, 'tf': 1, 'k': 0.2, 'stop': 0, 'R': 2.0, 'hold': 240}",201,46.8,0.978,-194,136,36.8,0.603,-4033,128,37.5,0.652,-3322
NQ_DRIVE,669,"{'A': 2100, 'T': 240, 'x': 0.1, 'mode': -1, 'tf': 1, 'k': 0.35, 'stop': 0, 'R': 0.5, 'hold': 240}",201,60.2,1.107,840,136,44.9,0.643,-3672,128,44.5,0.63,-3640
NQ_DRIVE,670,"{'A': 2100, 'T': 240, 'x': 0.1, 'mode': -1, 'tf': 1, 'k': 0.35, 'stop': 0, 'R': 1.0, 'hold': 240}",201,52.2,1.004,35,136,37.5,0.585,-4730,128,38.3,0.638,-3834
NQ_DRIVE,671,"{'A': 2100, 'T': 240, 'x': 0.1, 'mode': -1, 'tf': 1, 'k': 0.35, 'stop': 0, 'R': 2.0, 'hold': 240}",201,51.2,0.975,-242,136,37.5,0.528,-5379,128,38.3,0.583,-4420
NQ_DRIVE,660,"{'A': 2100, 'T': 240, 'x': 0.1, 'mode': -1, 'tf': 0, 'k': 0.2, 'stop': 0, 'R': 0.5, 'hold': 240}",405,62.5,0.897,-1384,292,59.6,0.836,-2307,282,60.6,0.868,-1773
NQ_DRIVE,661,"{'A': 2100, 'T': 240, 'x': 0.1, 'mode': -1, 'tf': 0, 'k': 0.2, 'stop': 0, 'R': 1.0, 'hold': 240}",405,47.9,0.862,-2434,292,47.6,0.851,-2665,282,48.6,0.878,-2111
NQ_DRIVE,662,"{'A': 2100, 'T': 240, 'x': 0.1, 'mode': -1, 'tf': 0, 'k': 0.2, 'stop': 0, 'R': 2.0, 'hold': 240}",405,42.7,0.846,-2949,292,42.5,0.839,-3079,282,43.6,0.886,-2104
NQ_DRIVE,663,"{'A': 2100, 'T': 240, 'x': 0.1, 'mode': -1, 'tf': 0, 'k': 0.35, 'stop': 0, 'R': 0.5, 'hold': 240}",405,54.3,0.868,-2385,292,51.0,0.806,-3814,282,52.1,0.831,-3232
NQ_DRIVE,676,"{'A': 2100, 'T': 240, 'x': 0.2, 'mode': 1, 'tf': 0, 'k': 0.35, 'stop': 0, 'R': 1.0, 'hold': 240}",153,47.1,0.971,-227,101,53.5,1.23,1916,97,50.5,1.128,1096
NQ_DRIVE,677,"{'A': 2100, 'T': 240, 'x': 0.2, 'mode': 1, 'tf': 0, 'k': 0.35, 'stop': 0, 'R': 2.0, 'hold': 240}",153,47.1,1.106,839,101,52.5,1.284,2414,97,49.5,1.183,1591
NQ_DRIVE,678,"{'A': 2100, 'T': 240, 'x': 0.2, 'mode': 1, 'tf': 1, 'k': 0.2, 'stop': 0, 'R': 0.5, 'hold': 240}",76,56.6,0.636,-1170,57,59.6,0.761,-805,46,60.9,0.866,-357
NQ_DRIVE,679,"{'A': 2100, 'T': 240, 'x': 0.2, 'mode': 1, 'tf': 1, 'k': 0.2, 'stop': 0, 'R': 1.0, 'hold': 240}",76,50.0,0.871,-465,57,49.1,1.05,185,46,47.8,1.072,217
NQ_DRIVE,664,"{'A': 2100, 'T': 240, 'x': 0.1, 'mode': -1, 'tf': 0, 'k': 0.35, 'stop': 0, 'R': 1.0, 'hold': 240}",405,47.7,0.85,-3089,292,44.5,0.798,-4426,282,45.7,0.83,-3619
NQ_DRIVE,665,"{'A': 2100, 'T': 240, 'x': 0.1, 'mode': -1, 'tf': 0, 'k': 0.35, 'stop': 0, 'R': 2.0, 'hold': 240}",405,47.2,0.909,-1899,292,44.5,0.778,-4866,282,45.4,0.798,-4308
NQ_DRIVE,666,"{'A': 2100, 'T': 240, 'x': 0.1, 'mode': -1, 'tf': 1, 'k': 0.2, 'stop': 0, 'R': 0.5, 'hold': 240}",201,67.2,1.087,532,136,58.1,0.739,-1872,128,58.6,0.744,-1753
NQ_DRIVE,667,"{'A': 2100, 'T': 240, 'x': 0.1, 'mode': -1, 'tf': 1, 'k': 0.2, 'stop': 0, 'R': 1.0, 'hold': 240}",201,52.2,1.027,212,136,42.6,0.705,-2736,128,43.0,0.735,-2334
NQ_DRIVE,672,"{'A': 2100, 'T': 240, 'x': 0.2, 'mode': 1, 'tf': 0, 'k': 0.2, 'stop': 0, 'R': 0.5, 'hold': 240}",153,60.8,0.784,-1220,101,70.3,1.248,1114,97,69.1,1.208,945
NQ_DRIVE,673,"{'A': 2100, 'T': 240, 'x': 0.2, 'mode': 1, 'tf': 0, 'k': 0.2, 'stop': 0, 'R': 1.0, 'hold': 240}",153,46.4,0.88,-851,101,56.4,1.4,2325,97,53.6,1.245,1477
NQ_DRIVE,674,"{'A': 2100, 'T': 240, 'x': 0.2, 'mode': 1, 'tf': 0, 'k': 0.2, 'stop': 0, 'R': 2.0, 'hold': 240}",153,37.3,0.826,-1426,101,48.5,1.34,2371,97,46.4,1.234,1647
NQ_DRIVE,675,"{'A': 2100, 'T': 240, 'x': 0.2, 'mode': 1, 'tf': 0, 'k': 0.35, 'stop': 0, 'R': 0.5, 'hold': 240}",153,56.2,0.982,-125,101,62.4,1.165,1134,97,59.8,1.078,551
NQ_DRIVE,684,"{'A': 2100, 'T': 240, 'x': 0.2, 'mode': -1, 'tf': 0, 'k': 0.2, 'stop': 0, 'R': 0.5, 'hold': 240}",153,66.0,1.078,353,101,54.5,0.632,-2455,97,57.7,0.723,-1663
NQ_DRIVE,685,"{'A': 2100, 'T': 240, 'x': 0.2, 'mode': -1, 'tf': 0, 'k': 0.2, 'stop': 0, 'R': 1.0, 'hold': 240}",153,51.0,1.004,25,101,43.6,0.66,-2873,97,44.3,0.693,-2466
NQ_DRIVE,686,"{'A': 2100, 'T': 240, 'x': 0.2, 'mode': -1, 'tf': 0, 'k': 0.2, 'stop': 0, 'R': 2.0, 'hold': 240}",153,41.8,0.877,-948,101,39.6,0.713,-2550,97,41.2,0.806,-1600
NQ_DRIVE,687,"{'A': 2100, 'T': 240, 'x': 0.2, 'mode': -1, 'tf': 0, 'k': 0.35, 'stop': 0, 'R': 0.5, 'hold': 240}",153,61.4,1.074,473,101,50.5,0.657,-3228,97,52.6,0.711,-2547
NQ_DRIVE,688,"{'A': 2100, 'T': 240, 'x': 0.2, 'mode': -1, 'tf': 0, 'k': 0.35, 'stop': 0, 'R': 1.0, 'hold': 240}",153,49.7,0.922,-633,101,45.5,0.765,-2482,97,47.4,0.835,-1639
NQ_DRIVE,689,"{'A': 2100, 'T': 240, 'x': 0.2, 'mode': -1, 'tf': 0, 'k': 0.35, 'stop': 0, 'R': 2.0, 'hold': 240}",153,49.7,1.035,282,101,45.5,0.661,-3578,97,46.4,0.701,-2977
NQ_DRIVE,690,"{'A': 2100, 'T': 240, 'x': 0.2, 'mode': -1, 'tf': 1, 'k': 0.2, 'stop': 0, 'R': 0.5, 'hold': 240}",75,62.7,0.846,-407,42,47.6,0.479,-1783,40,45.0,0.448,-1860
NQ_DRIVE,691,"{'A': 2100, 'T': 240, 'x': 0.2, 'mode': -1, 'tf': 1, 'k': 0.2, 'stop': 0, 'R': 1.0, 'hold': 240}",75,53.3,0.968,-104,42,33.3,0.471,-2244,40,32.5,0.505,-2036
NQ_DRIVE,692,"{'A': 2100, 'T': 240, 'x': 0.2, 'mode': -1, 'tf': 1, 'k': 0.2, 'stop': 0, 'R': 2.0, 'hold': 240}",75,41.3,0.798,-804,42,31.0,0.522,-2068,40,30.0,0.5,-2095
NQ_DRIVE,693,"{'A': 2100, 'T': 240, 'x': 0.2, 'mode': -1, 'tf': 1, 'k': 0.35, 'stop': 0, 'R': 0.5, 'hold': 240}",75,65.3,1.02,67,42,35.7,0.396,-3091,40,35.0,0.39,-3003
NQ_DRIVE,694,"{'A': 2100, 'T': 240, 'x': 0.2, 'mode': -1, 'tf': 1, 'k': 0.35, 'stop': 0, 'R': 1.0, 'hold': 240}",75,49.3,0.734,-1189,42,33.3,0.545,-2366,40,32.5,0.548,-2261
NQ_DRIVE,695,"{'A': 2100, 'T': 240, 'x': 0.2, 'mode': -1, 'tf': 1, 'k': 0.35, 'stop': 0, 'R': 2.0, 'hold': 240}",75,49.3,0.741,-1158,42,33.3,0.446,-2879,40,32.5,0.44,-2801
NQ_DRIVE,696,"{'A': 2100, 'T': 240, 'x': 0.35, 'mode': 1, 'tf': 0, 'k': 0.2, 'stop': 0, 'R': 0.5, 'hold': 240}",35,60.0,0.666,-499,36,80.6,1.893,1142,34,79.4,1.763,990
NQ_DRIVE,697,"{'A': 2100, 'T': 240, 'x': 0.35, 'mode': 1, 'tf': 0, 'k': 0.2, 'stop': 0, 'R': 1.0, 'hold': 240}",35,51.4,0.946,-99,36,63.9,1.892,1731,34,61.8,1.79,1481
NQ_DRIVE,698,"{'A': 2100, 'T': 240, 'x': 0.35, 'mode': 1, 'tf': 0, 'k': 0.2, 'stop': 0, 'R': 2.0, 'hold': 240}",35,31.4,0.708,-715,36,52.8,1.681,1831,34,52.9,1.788,1956
NQ_DRIVE,699,"{'A': 2100, 'T': 240, 'x': 0.35, 'mode': 1, 'tf': 0, 'k': 0.35, 'stop': 0, 'R': 0.5, 'hold': 240}",35,65.7,0.897,-204,36,63.9,1.082,244,34,64.7,1.128,357
NQ_DRIVE,700,"{'A': 2100, 'T': 240, 'x': 0.35, 'mode': 1, 'tf': 0, 'k': 0.35, 'stop': 0, 'R': 1.0, 'hold': 240}",35,51.4,0.872,-334,36,55.6,1.3,1094,34,55.9,1.35,1209
NQ_DRIVE,701,"{'A': 2100, 'T': 240, 'x': 0.35, 'mode': 1, 'tf': 0, 'k': 0.35, 'stop': 0, 'R': 2.0, 'hold': 240}",35,51.4,0.909,-236,36,52.8,1.241,921,34,52.9,1.281,1018
NQ_DRIVE,702,"{'A': 2100, 'T': 240, 'x': 0.35, 'mode': 1, 'tf': 1, 'k': 0.2, 'stop': 0, 'R': 0.5, 'hold': 240}",21,57.1,0.58,-425,18,72.2,,21,15,66.7,,-155
NQ_DRIVE,703,"{'A': 2100, 'T': 240, 'x': 0.35, 'mode': 1, 'tf': 1, 'k': 0.2, 'stop': 0, 'R': 1.0, 'hold': 240}",21,52.4,0.961,-44,18,61.1,,583,15,53.3,,156
NQ_DRIVE,704,"{'A': 2100, 'T': 240, 'x': 0.35, 'mode': 1, 'tf': 1, 'k': 0.2, 'stop': 0, 'R': 2.0, 'hold': 240}",21,28.6,0.521,-818,18,44.4,,298,15,46.7,,458
NQ_DRIVE,705,"{'A': 2100, 'T': 240, 'x': 0.35, 'mode': 1, 'tf': 1, 'k': 0.35, 'stop': 0, 'R': 0.5, 'hold': 240}",21,66.7,0.961,-46,18,61.1,,-266,15,53.3,,-568
NQ_DRIVE,706,"{'A': 2100, 'T': 240, 'x': 0.35, 'mode': 1, 'tf': 1, 'k': 0.35, 'stop': 0, 'R': 1.0, 'hold': 240}",21,52.4,0.772,-402,18,44.4,,-763,15,46.7,,-495
NQ_DRIVE,707,"{'A': 2100, 'T': 240, 'x': 0.35, 'mode': 1, 'tf': 1, 'k': 0.35, 'stop': 0, 'R': 2.0, 'hold': 240}",21,52.4,0.656,-606,18,44.4,,-846,15,46.7,,-581
NQ_DRIVE,708,"{'A': 2100, 'T': 240, 'x': 0.35, 'mode': -1, 'tf': 0, 'k': 0.2, 'stop': 0, 'R': 0.5, 'hold': 240}",35,68.6,1.073,86,36,41.7,0.385,-2070,34,44.1,0.419,-1764
NQ_DRIVE,709,"{'A': 2100, 'T': 240, 'x': 0.35, 'mode': -1, 'tf': 0, 'k': 0.2, 'stop': 0, 'R': 1.0, 'hold': 240}",35,48.6,0.952,-86,36,36.1,0.493,-1925,34,35.3,0.52,-1664
NQ_DRIVE,710,"{'A': 2100, 'T': 240, 'x': 0.35, 'mode': -1, 'tf': 0, 'k': 0.2, 'stop': 0, 'R': 2.0, 'hold': 240}",35,34.3,0.914,-184,36,36.1,0.678,-1220,34,35.3,0.767,-809
NQ_DRIVE,711,"{'A': 2100, 'T': 240, 'x': 0.35, 'mode': -1, 'tf': 0, 'k': 0.35, 'stop': 0, 'R': 0.5, 'hold': 240}",35,68.6,1.156,270,36,44.4,0.439,-2721,34,44.1,0.411,-2811
NQ_DRIVE,720,"{'A': 2200, 'T': 15, 'x': 0.1, 'mode': 1, 'tf': 0, 'k': 0.2, 'stop': 0, 'R': 0.5, 'hold': 240}",23,56.5,0.868,-126,31,58.1,0.752,-453,31,58.1,0.742,-474
NQ_DRIVE,721,"{'A': 2200, 'T': 15, 'x': 0.1, 'mode': 1, 'tf': 0, 'k': 0.2, 'stop': 0, 'R': 1.0, 'hold': 240}",23,47.8,1.009,10,31,41.9,0.522,-1296,31,41.9,0.525,-1297
NQ_DRIVE,722,"{'A': 2200, 'T': 15, 'x': 0.1, 'mode': 1, 'tf': 0, 'k': 0.2, 'stop': 0, 'R': 2.0, 'hold': 240}",23,43.5,1.341,393,31,35.5,0.48,-1454,31,35.5,0.478,-1472
NQ_DRIVE,723,"{'A': 2200, 'T': 15, 'x': 0.1, 'mode': 1, 'tf': 0, 'k': 0.35, 'stop': 0, 'R': 0.5, 'hold': 240}",23,56.5,1.558,466,31,54.8,0.659,-893,31,54.8,0.669,-871
NQ_DRIVE,724,"{'A': 2200, 'T': 15, 'x': 0.1, 'mode': 1, 'tf': 0, 'k': 0.35, 'stop': 0, 'R': 1.0, 'hold': 240}",23,52.2,1.829,696,31,45.2,0.584,-1136,31,45.2,0.59,-1125
NQ_DRIVE,725,"{'A': 2200, 'T': 15, 'x': 0.1, 'mode': 1, 'tf': 0, 'k': 0.35, 'stop': 0, 'R': 2.0, 'hold': 240}",23,47.8,1.155,159,31,45.2,0.553,-1220,31,45.2,0.557,-1214
NQ_DRIVE,726,"{'A': 2200, 'T': 15, 'x': 0.1, 'mode': 1, 'tf': 1, 'k': 0.2, 'stop': 0, 'R': 0.5, 'hold': 240}",15,66.7,,92,14,64.3,,-147,11,45.5,,-631
NQ_DRIVE,727,"{'A': 2200, 'T': 15, 'x': 0.1, 'mode': 1, 'tf': 1, 'k': 0.2, 'stop': 0, 'R': 1.0, 'hold': 240}",15,53.3,,129,14,57.1,,-135,11,36.4,,-604
NQ_DRIVE,712,"{'A': 2100, 'T': 240, 'x': 0.35, 'mode': -1, 'tf': 0, 'k': 0.35, 'stop': 0, 'R': 1.0, 'hold': 240}",35,48.6,1.06,142,36,44.4,0.733,-1293,34,41.2,0.707,-1396
NQ_DRIVE,713,"{'A': 2100, 'T': 240, 'x': 0.35, 'mode': -1, 'tf': 0, 'k': 0.35, 'stop': 0, 'R': 2.0, 'hold': 240}",35,48.6,1.309,733,36,44.4,0.581,-2034,34,41.2,0.547,-2161
NQ_DRIVE,714,"{'A': 2100, 'T': 240, 'x': 0.35, 'mode': -1, 'tf': 1, 'k': 0.2, 'stop': 0, 'R': 0.5, 'hold': 240}",14,57.1,,-171,17,41.2,,-1052,15,33.3,,-1220
NQ_DRIVE,715,"{'A': 2100, 'T': 240, 'x': 0.35, 'mode': -1, 'tf': 1, 'k': 0.2, 'stop': 0, 'R': 1.0, 'hold': 240}",14,50.0,,-20,17,29.4,,-1246,15,20.0,,-1614
NQ_DRIVE,716,"{'A': 2100, 'T': 240, 'x': 0.35, 'mode': -1, 'tf': 1, 'k': 0.2, 'stop': 0, 'R': 2.0, 'hold': 240}",14,35.7,,78,17,29.4,,-1067,15,20.0,,-1585
NQ_DRIVE,717,"{'A': 2100, 'T': 240, 'x': 0.35, 'mode': -1, 'tf': 1, 'k': 0.35, 'stop': 0, 'R': 0.5, 'hold': 240}",14,71.4,,43,17,29.4,,-2469,15,20.0,,-2793
NQ_DRIVE,718,"{'A': 2100, 'T': 240, 'x': 0.35, 'mode': -1, 'tf': 1, 'k': 0.35, 'stop': 0, 'R': 1.0, 'hold': 240}",14,50.0,,-145,17,29.4,,-1957,15,20.0,,-2441
NQ_DRIVE,719,"{'A': 2100, 'T': 240, 'x': 0.35, 'mode': -1, 'tf': 1, 'k': 0.35, 'stop': 0, 'R': 2.0, 'hold': 240}",14,50.0,,-184,17,29.4,,-2163,15,20.0,,-2648
NQ_DRIVE,728,"{'A': 2200, 'T': 15, 'x': 0.1, 'mode': 1, 'tf': 1, 'k': 0.2, 'stop': 0, 'R': 2.0, 'hold': 240}",15,46.7,,459,14,57.1,,-181,11,36.4,,-742
NQ_DRIVE,729,"{'A': 2200, 'T': 15, 'x': 0.1, 'mode': 1, 'tf': 1, 'k': 0.35, 'stop': 0, 'R': 0.5, 'hold': 240}",15,60.0,,451,14,57.1,,-679,11,36.4,,-1136
NQ_DRIVE,730,"{'A': 2200, 'T': 15, 'x': 0.1, 'mode': 1, 'tf': 1, 'k': 0.35, 'stop': 0, 'R': 1.0, 'hold': 240}",15,53.3,,663,14,57.1,,-660,11,36.4,,-1211
NQ_DRIVE,731,"{'A': 2200, 'T': 15, 'x': 0.1, 'mode': 1, 'tf': 1, 'k': 0.35, 'stop': 0, 'R': 2.0, 'hold': 240}",15,53.3,,504,14,57.1,,-651,11,36.4,,-1211
NQ_DRIVE,732,"{'A': 2200, 'T': 15, 'x': 0.1, 'mode': -1, 'tf': 0, 'k': 0.2, 'stop': 0, 'R': 0.5, 'hold': 240}",23,52.2,0.486,-617,31,64.5,1.227,296,31,67.7,1.364,449
NQ_DRIVE,733,"{'A': 2200, 'T': 15, 'x': 0.1, 'mode': -1, 'tf': 0, 'k': 0.2, 'stop': 0, 'R': 1.0, 'hold': 240}",23,52.2,0.904,-115,31,58.1,1.758,1126,31,58.1,1.75,1128
NQ_DRIVE,734,"{'A': 2200, 'T': 15, 'x': 0.1, 'mode': -1, 'tf': 0, 'k': 0.2, 'stop': 0, 'R': 2.0, 'hold': 240}",23,43.5,0.565,-598,31,48.4,1.313,581,31,48.4,1.293,553
NQ_DRIVE,735,"{'A': 2200, 'T': 15, 'x': 0.1, 'mode': -1, 'tf': 0, 'k': 0.35, 'stop': 0, 'R': 0.5, 'hold': 240}",23,52.2,0.666,-483,31,64.5,1.82,1111,31,64.5,1.829,1132
NQ_DRIVE,740,"{'A': 2200, 'T': 15, 'x': 0.1, 'mode': -1, 'tf': 1, 'k': 0.2, 'stop': 0, 'R': 2.0, 'hold': 240}",8,50.0,,-50,17,52.9,,-71,14,57.1,,-6
NQ_DRIVE,741,"{'A': 2200, 'T': 15, 'x': 0.1, 'mode': -1, 'tf': 1, 'k': 0.35, 'stop': 0, 'R': 0.5, 'hold': 240}",8,62.5,,-8,17,82.4,,1075,14,71.4,,482
NQ_DRIVE,742,"{'A': 2200, 'T': 15, 'x': 0.1, 'mode': -1, 'tf': 1, 'k': 0.35, 'stop': 0, 'R': 1.0, 'hold': 240}",8,50.0,,-78,17,64.7,,378,14,64.3,,174
NQ_DRIVE,743,"{'A': 2200, 'T': 15, 'x': 0.1, 'mode': -1, 'tf': 1, 'k': 0.35, 'stop': 0, 'R': 2.0, 'hold': 240}",8,50.0,,-78,17,64.7,,132,14,64.3,,-76
NQ_DRIVE,736,"{'A': 2200, 'T': 15, 'x': 0.1, 'mode': -1, 'tf': 0, 'k': 0.35, 'stop': 0, 'R': 1.0, 'hold': 240}",23,43.5,0.485,-827,31,54.8,1.574,959,31,54.8,1.558,948
NQ_DRIVE,737,"{'A': 2200, 'T': 15, 'x': 0.1, 'mode': -1, 'tf': 0, 'k': 0.35, 'stop': 0, 'R': 2.0, 'hold': 240}",23,43.5,0.485,-827,31,54.8,1.528,883,31,54.8,1.507,861
NQ_DRIVE,738,"{'A': 2200, 'T': 15, 'x': 0.1, 'mode': -1, 'tf': 1, 'k': 0.2, 'stop': 0, 'R': 0.5, 'hold': 240}",8,62.5,,-131,17,76.5,,410,14,71.4,,260
NQ_DRIVE,739,"{'A': 2200, 'T': 15, 'x': 0.1, 'mode': -1, 'tf': 1, 'k': 0.2, 'stop': 0, 'R': 1.0, 'hold': 240}",8,62.5,,95,17,70.6,,1068,14,64.3,,630
NQ_DRIVE,744,"{'A': 2200, 'T': 15, 'x': 0.2, 'mode': 1, 'tf': 0, 'k': 0.2, 'stop': 0, 'R': 0.5, 'hold': 240}",4,75.0,,139,2,0.0,,-253,2,0.0,,-259
NQ_DRIVE,745,"{'A': 2200, 'T': 15, 'x': 0.2, 'mode': 1, 'tf': 0, 'k': 0.2, 'stop': 0, 'R': 1.0, 'hold': 240}",4,75.0,,271,2,0.0,,-253,2,0.0,,-259
NQ_DRIVE,746,"{'A': 2200, 'T': 15, 'x': 0.2, 'mode': 1, 'tf': 0, 'k': 0.2, 'stop': 0, 'R': 2.0, 'hold': 240}",4,75.0,,414,2,0.0,,-253,2,0.0,,-259
NQ_DRIVE,747,"{'A': 2200, 'T': 15, 'x': 0.2, 'mode': 1, 'tf': 0, 'k': 0.35, 'stop': 0, 'R': 0.5, 'hold': 240}",4,75.0,,266,2,0.0,,-339,2,0.0,,-345
NQ_DRIVE,748,"{'A': 2200, 'T': 15, 'x': 0.2, 'mode': 1, 'tf': 0, 'k': 0.35, 'stop': 0, 'R': 1.0, 'hold': 240}",4,75.0,,375,2,0.0,,-339,2,0.0,,-345
NQ_DRIVE,749,"{'A': 2200, 'T': 15, 'x': 0.2, 'mode': 1, 'tf': 0, 'k': 0.35, 'stop': 0, 'R': 2.0, 'hold': 240}",4,50.0,,74,2,0.0,,-339,2,0.0,,-345
NQ_DRIVE,750,"{'A': 2200, 'T': 15, 'x': 0.2, 'mode': 1, 'tf': 1, 'k': 0.2, 'stop': 0, 'R': 0.5, 'hold': 240}",3,66.7,,14,1,0.0,,-109,1,0.0,,-110
NQ_DRIVE,751,"{'A': 2200, 'T': 15, 'x': 0.2, 'mode': 1, 'tf': 1, 'k': 0.2, 'stop': 0, 'R': 1.0, 'hold': 240}",3,66.7,,146,1,0.0,,-109,1,0.0,,-110
NQ_DRIVE,752,"{'A': 2200, 'T': 15, 'x': 0.2, 'mode': 1, 'tf': 1, 'k': 0.2, 'stop': 0, 'R': 2.0, 'hold': 240}",3,66.7,,201,1,0.0,,-109,1,0.0,,-110
NQ_DRIVE,753,"{'A': 2200, 'T': 15, 'x': 0.2, 'mode': 1, 'tf': 1, 'k': 0.35, 'stop': 0, 'R': 0.5, 'hold': 240}",3,66.7,,141,1,0.0,,-188,1,0.0,,-190
NQ_DRIVE,754,"{'A': 2200, 'T': 15, 'x': 0.2, 'mode': 1, 'tf': 1, 'k': 0.35, 'stop': 0, 'R': 1.0, 'hold': 240}",3,66.7,,189,1,0.0,,-188,1,0.0,,-190
NQ_DRIVE,755,"{'A': 2200, 'T': 15, 'x': 0.2, 'mode': 1, 'tf': 1, 'k': 0.35, 'stop': 0, 'R': 2.0, 'hold': 240}",3,66.7,,265,1,0.0,,-188,1,0.0,,-190
NQ_DRIVE,756,"{'A': 2200, 'T': 15, 'x': 0.2, 'mode': -1, 'tf': 0, 'k': 0.2, 'stop': 0, 'R': 0.5, 'hold': 240}",4,25.0,,-329,2,100.0,,117,2,100.0,,121
NQ_DRIVE,757,"{'A': 2200, 'T': 15, 'x': 0.2, 'mode': -1, 'tf': 0, 'k': 0.2, 'stop': 0, 'R': 1.0, 'hold': 240}",4,25.0,,-273,2,100.0,,243,2,100.0,,248
NQ_DRIVE,758,"{'A': 2200, 'T': 15, 'x': 0.2, 'mode': -1, 'tf': 0, 'k': 0.2, 'stop': 0, 'R': 2.0, 'hold': 240}",4,25.0,,-301,2,100.0,,355,2,100.0,,360
NQ_DRIVE,759,"{'A': 2200, 'T': 15, 'x': 0.2, 'mode': -1, 'tf': 0, 'k': 0.35, 'stop': 0, 'R': 0.5, 'hold': 240}",4,25.0,,-384,2,100.0,,211,2,100.0,,217
NQ_DRIVE,760,"{'A': 2200, 'T': 15, 'x': 0.2, 'mode': -1, 'tf': 0, 'k': 0.35, 'stop': 0, 'R': 1.0, 'hold': 240}",4,25.0,,-398,2,100.0,,328,2,100.0,,334
NQ_DRIVE,761,"{'A': 2200, 'T': 15, 'x': 0.2, 'mode': -1, 'tf': 0, 'k': 0.35, 'stop': 0, 'R': 2.0, 'hold': 240}",4,25.0,,-398,2,100.0,,514,2,100.0,,521
NQ_DRIVE,762,"{'A': 2200, 'T': 15, 'x': 0.2, 'mode': -1, 'tf': 1, 'k': 0.2, 'stop': 0, 'R': 0.5, 'hold': 240}",1,0.0,,-111,1,100.0,,66,1,100.0,,71
NQ_DRIVE,763,"{'A': 2200, 'T': 15, 'x': 0.2, 'mode': -1, 'tf': 1, 'k': 0.2, 'stop': 0, 'R': 1.0, 'hold': 240}",1,0.0,,-111,1,100.0,,139,1,100.0,,144
NQ_DRIVE,764,"{'A': 2200, 'T': 15, 'x': 0.2, 'mode': -1, 'tf': 1, 'k': 0.2, 'stop': 0, 'R': 2.0, 'hold': 240}",1,0.0,,-111,1,100.0,,145,1,100.0,,149
NQ_DRIVE,765,"{'A': 2200, 'T': 15, 'x': 0.2, 'mode': -1, 'tf': 1, 'k': 0.35, 'stop': 0, 'R': 0.5, 'hold': 240}",1,0.0,,-191,1,100.0,,121,1,100.0,,126
NQ_DRIVE,766,"{'A': 2200, 'T': 15, 'x': 0.2, 'mode': -1, 'tf': 1, 'k': 0.35, 'stop': 0, 'R': 1.0, 'hold': 240}",1,0.0,,-191,1,100.0,,145,1,100.0,,149
NQ_DRIVE,767,"{'A': 2200, 'T': 15, 'x': 0.2, 'mode': -1, 'tf': 1, 'k': 0.35, 'stop': 0, 'R': 2.0, 'hold': 240}",1,0.0,,-191,1,100.0,,145,1,100.0,,149
NQ_DRIVE,768,"{'A': 2200, 'T': 15, 'x': 0.35, 'mode': 1, 'tf': 0, 'k': 0.2, 'stop': 0, 'R': 0.5, 'hold': 240}",2,100.0,,177,0,,,0,0,,,0
NQ_DRIVE,769,"{'A': 2200, 'T': 15, 'x': 0.35, 'mode': 1, 'tf': 0, 'k': 0.2, 'stop': 0, 'R': 1.0, 'hold': 240}",2,100.0,,231,0,,,0,0,,,0
NQ_DRIVE,770,"{'A': 2200, 'T': 15, 'x': 0.35, 'mode': 1, 'tf': 0, 'k': 0.2, 'stop': 0, 'R': 2.0, 'hold': 240}",2,100.0,,217,0,,,0,0,,,0
NQ_DRIVE,771,"{'A': 2200, 'T': 15, 'x': 0.35, 'mode': 1, 'tf': 0, 'k': 0.35, 'stop': 0, 'R': 0.5, 'hold': 240}",2,100.0,,218,0,,,0,0,,,0
NQ_DRIVE,772,"{'A': 2200, 'T': 15, 'x': 0.35, 'mode': 1, 'tf': 0, 'k': 0.35, 'stop': 0, 'R': 1.0, 'hold': 240}",2,100.0,,190,0,,,0,0,,,0
NQ_DRIVE,773,"{'A': 2200, 'T': 15, 'x': 0.35, 'mode': 1, 'tf': 0, 'k': 0.35, 'stop': 0, 'R': 2.0, 'hold': 240}",2,50.0,,-187,0,,,0,0,,,0
NQ_DRIVE,774,"{'A': 2200, 'T': 15, 'x': 0.35, 'mode': 1, 'tf': 1, 'k': 0.2, 'stop': 0, 'R': 0.5, 'hold': 240}",1,100.0,,52,0,,,0,0,,,0
NQ_DRIVE,775,"{'A': 2200, 'T': 15, 'x': 0.35, 'mode': 1, 'tf': 1, 'k': 0.2, 'stop': 0, 'R': 1.0, 'hold': 240}",1,100.0,,106,0,,,0,0,,,0
NQ_DRIVE,776,"{'A': 2200, 'T': 15, 'x': 0.35, 'mode': 1, 'tf': 1, 'k': 0.2, 'stop': 0, 'R': 2.0, 'hold': 240}",1,100.0,,5,0,,,0,0,,,0
NQ_DRIVE,777,"{'A': 2200, 'T': 15, 'x': 0.35, 'mode': 1, 'tf': 1, 'k': 0.35, 'stop': 0, 'R': 0.5, 'hold': 240}",1,100.0,,93,0,,,0,0,,,0
NQ_DRIVE,778,"{'A': 2200, 'T': 15, 'x': 0.35, 'mode': 1, 'tf': 1, 'k': 0.35, 'stop': 0, 'R': 1.0, 'hold': 240}",1,100.0,,5,0,,,0,0,,,0
NQ_DRIVE,779,"{'A': 2200, 'T': 15, 'x': 0.35, 'mode': 1, 'tf': 1, 'k': 0.35, 'stop': 0, 'R': 2.0, 'hold': 240}",1,100.0,,5,0,,,0,0,,,0
NQ_DRIVE,784,"{'A': 2200, 'T': 15, 'x': 0.35, 'mode': -1, 'tf': 0, 'k': 0.35, 'stop': 0, 'R': 1.0, 'hold': 240}",2,0.0,,-202,0,,,0,0,,,0
NQ_DRIVE,785,"{'A': 2200, 'T': 15, 'x': 0.35, 'mode': -1, 'tf': 0, 'k': 0.35, 'stop': 0, 'R': 2.0, 'hold': 240}",2,0.0,,-202,0,,,0,0,,,0
NQ_DRIVE,786,"{'A': 2200, 'T': 15, 'x': 0.35, 'mode': -1, 'tf': 1, 'k': 0.2, 'stop': 0, 'R': 0.5, 'hold': 240}",1,0.0,,-111,0,,,0,0,,,0
NQ_DRIVE,787,"{'A': 2200, 'T': 15, 'x': 0.35, 'mode': -1, 'tf': 1, 'k': 0.2, 'stop': 0, 'R': 1.0, 'hold': 240}",1,0.0,,-111,0,,,0,0,,,0
NQ_DRIVE,780,"{'A': 2200, 'T': 15, 'x': 0.35, 'mode': -1, 'tf': 0, 'k': 0.2, 'stop': 0, 'R': 0.5, 'hold': 240}",2,0.0,,-222,0,,,0,0,,,0
NQ_DRIVE,781,"{'A': 2200, 'T': 15, 'x': 0.35, 'mode': -1, 'tf': 0, 'k': 0.2, 'stop': 0, 'R': 1.0, 'hold': 240}",2,0.0,,-222,0,,,0,0,,,0
NQ_DRIVE,782,"{'A': 2200, 'T': 15, 'x': 0.35, 'mode': -1, 'tf': 0, 'k': 0.2, 'stop': 0, 'R': 2.0, 'hold': 240}",2,0.0,,-222,0,,,0,0,,,0
NQ_DRIVE,783,"{'A': 2200, 'T': 15, 'x': 0.35, 'mode': -1, 'tf': 0, 'k': 0.35, 'stop': 0, 'R': 0.5, 'hold': 240}",2,0.0,,-202,0,,,0,0,,,0
NQ_DRIVE,788,"{'A': 2200, 'T': 15, 'x': 0.35, 'mode': -1, 'tf': 1, 'k': 0.2, 'stop': 0, 'R': 2.0, 'hold': 240}",1,0.0,,-111,0,,,0,0,,,0
NQ_DRIVE,789,"{'A': 2200, 'T': 15, 'x': 0.35, 'mode': -1, 'tf': 1, 'k': 0.35, 'stop': 0, 'R': 0.5, 'hold': 240}",1,0.0,,-191,0,,,0,0,,,0
NQ_DRIVE,790,"{'A': 2200, 'T': 15, 'x': 0.35, 'mode': -1, 'tf': 1, 'k': 0.35, 'stop': 0, 'R': 1.0, 'hold': 240}",1,0.0,,-191,0,,,0,0,,,0
NQ_DRIVE,791,"{'A': 2200, 'T': 15, 'x': 0.35, 'mode': -1, 'tf': 1, 'k': 0.35, 'stop': 0, 'R': 2.0, 'hold': 240}",1,0.0,,-191,0,,,0,0,,,0
NQ_DRIVE,796,"{'A': 2200, 'T': 30, 'x': 0.1, 'mode': 1, 'tf': 0, 'k': 0.35, 'stop': 0, 'R': 1.0, 'hold': 240}",73,54.8,0.99,-30,52,48.1,0.911,-327,50,48.0,0.991,-33
NQ_DRIVE,797,"{'A': 2200, 'T': 30, 'x': 0.1, 'mode': 1, 'tf': 0, 'k': 0.35, 'stop': 0, 'R': 2.0, 'hold': 240}",73,50.7,0.83,-525,52,48.1,0.79,-770,50,48.0,0.981,-67
NQ_DRIVE,798,"{'A': 2200, 'T': 30, 'x': 0.1, 'mode': 1, 'tf': 1, 'k': 0.2, 'stop': 0, 'R': 0.5, 'hold': 240}",38,65.8,0.893,-136,19,73.7,,189,19,68.4,,-40
NQ_DRIVE,799,"{'A': 2200, 'T': 30, 'x': 0.1, 'mode': 1, 'tf': 1, 'k': 0.2, 'stop': 0, 'R': 1.0, 'hold': 240}",38,52.6,0.909,-140,19,52.6,,123,19,47.4,,-137
NQ_DRIVE,800,"{'A': 2200, 'T': 30, 'x': 0.1, 'mode': 1, 'tf': 1, 'k': 0.2, 'stop': 0, 'R': 2.0, 'hold': 240}",38,47.4,0.944,-95,19,52.6,,3,19,47.4,,-283
NQ_DRIVE,801,"{'A': 2200, 'T': 30, 'x': 0.1, 'mode': 1, 'tf': 1, 'k': 0.35, 'stop': 0, 'R': 0.5, 'hold': 240}",38,57.9,1.28,345,19,52.6,,-380,19,47.4,,-634
NQ_DRIVE,802,"{'A': 2200, 'T': 30, 'x': 0.1, 'mode': 1, 'tf': 1, 'k': 0.35, 'stop': 0, 'R': 1.0, 'hold': 240}",38,55.3,1.425,564,19,52.6,,-11,19,47.4,,-289
NQ_DRIVE,803,"{'A': 2200, 'T': 30, 'x': 0.1, 'mode': 1, 'tf': 1, 'k': 0.35, 'stop': 0, 'R': 2.0, 'hold': 240}",38,47.4,1.013,17,19,52.6,,-613,19,47.4,,-466
NQ_DRIVE,792,"{'A': 2200, 'T': 30, 'x': 0.1, 'mode': 1, 'tf': 0, 'k': 0.2, 'stop': 0, 'R': 0.5, 'hold': 240}",73,67.1,0.989,-25,52,61.5,0.884,-299,50,62.0,0.951,-120
NQ_DRIVE,793,"{'A': 2200, 'T': 30, 'x': 0.1, 'mode': 1, 'tf': 0, 'k': 0.2, 'stop': 0, 'R': 1.0, 'hold': 240}",73,54.8,0.966,-93,52,44.2,0.744,-933,50,46.0,0.838,-536
NQ_DRIVE,794,"{'A': 2200, 'T': 30, 'x': 0.1, 'mode': 1, 'tf': 0, 'k': 0.2, 'stop': 0, 'R': 2.0, 'hold': 240}",73,49.3,0.876,-379,52,42.3,0.732,-1012,50,44.0,0.845,-534
NQ_DRIVE,795,"{'A': 2200, 'T': 30, 'x': 0.1, 'mode': 1, 'tf': 0, 'k': 0.35, 'stop': 0, 'R': 0.5, 'hold': 240}",73,57.5,0.99,-28,52,51.9,0.847,-534,50,52.0,0.908,-303
NQ_DRIVE,804,"{'A': 2200, 'T': 30, 'x': 0.1, 'mode': -1, 'tf': 0, 'k': 0.2, 'stop': 0, 'R': 0.5, 'hold': 240}",73,56.2,0.797,-487,52,61.5,0.953,-117,50,62.0,0.875,-321
NQ_DRIVE,805,"{'A': 2200, 'T': 30, 'x': 0.1, 'mode': -1, 'tf': 0, 'k': 0.2, 'stop': 0, 'R': 1.0, 'hold': 240}",73,43.8,0.893,-310,52,53.8,1.246,688,50,52.0,1.103,296
NQ_DRIVE,806,"{'A': 2200, 'T': 30, 'x': 0.1, 'mode': -1, 'tf': 0, 'k': 0.2, 'stop': 0, 'R': 2.0, 'hold': 240}",73,41.1,0.891,-341,52,48.1,1.087,273,50,48.0,1.022,69
NQ_DRIVE,807,"{'A': 2200, 'T': 30, 'x': 0.1, 'mode': -1, 'tf': 0, 'k': 0.35, 'stop': 0, 'R': 0.5, 'hold': 240}",73,50.7,1.006,16,52,55.8,1.063,200,50,54.0,0.94,-197
NQ_DRIVE,812,"{'A': 2200, 'T': 30, 'x': 0.1, 'mode': -1, 'tf': 1, 'k': 0.2, 'stop': 0, 'R': 2.0, 'hold': 240}",34,41.2,1.102,141,30,46.7,1.022,39,23,47.8,0.861,-197
NQ_DRIVE,813,"{'A': 2200, 'T': 30, 'x': 0.1, 'mode': -1, 'tf': 1, 'k': 0.35, 'stop': 0, 'R': 0.5, 'hold': 240}",34,50.0,1.049,54,30,60.0,1.396,630,23,56.5,1.108,137
NQ_DRIVE,814,"{'A': 2200, 'T': 30, 'x': 0.1, 'mode': -1, 'tf': 1, 'k': 0.35, 'stop': 0, 'R': 1.0, 'hold': 240}",34,44.1,1.24,292,30,50.0,1.06,115,23,52.2,0.876,-176
NQ_DRIVE,815,"{'A': 2200, 'T': 30, 'x': 0.1, 'mode': -1, 'tf': 1, 'k': 0.35, 'stop': 0, 'R': 2.0, 'hold': 240}",34,44.1,1.214,260,30,50.0,0.825,-338,23,52.2,0.681,-455
NQ_DRIVE,808,"{'A': 2200, 'T': 30, 'x': 0.1, 'mode': -1, 'tf': 0, 'k': 0.35, 'stop': 0, 'R': 1.0, 'hold': 240}",73,43.8,0.881,-385,52,50.0,1.009,31,50,50.0,0.93,-252
NQ_DRIVE,809,"{'A': 2200, 'T': 30, 'x': 0.1, 'mode': -1, 'tf': 0, 'k': 0.35, 'stop': 0, 'R': 2.0, 'hold': 240}",73,43.8,0.931,-222,52,50.0,0.87,-455,50,50.0,0.797,-727
NQ_DRIVE,810,"{'A': 2200, 'T': 30, 'x': 0.1, 'mode': -1, 'tf': 1, 'k': 0.2, 'stop': 0, 'R': 0.5, 'hold': 240}",34,50.0,0.57,-570,30,66.7,1.156,193,23,60.9,0.868,-144
NQ_DRIVE,811,"{'A': 2200, 'T': 30, 'x': 0.1, 'mode': -1, 'tf': 1, 'k': 0.2, 'stop': 0, 'R': 1.0, 'hold': 240}",34,41.2,0.765,-324,30,56.7,1.616,902,23,52.2,1.124,157
NQ_DRIVE,816,"{'A': 2200, 'T': 30, 'x': 0.2, 'mode': 1, 'tf': 0, 'k': 0.2, 'stop': 0, 'R': 0.5, 'hold': 240}",13,84.6,,411,6,83.3,,152,5,80.0,,106
NQ_DRIVE,817,"{'A': 2200, 'T': 30, 'x': 0.2, 'mode': 1, 'tf': 0, 'k': 0.2, 'stop': 0, 'R': 1.0, 'hold': 240}",13,69.2,,518,6,50.0,,-5,5,60.0,,81
NQ_DRIVE,818,"{'A': 2200, 'T': 30, 'x': 0.2, 'mode': 1, 'tf': 0, 'k': 0.2, 'stop': 0, 'R': 2.0, 'hold': 240}",13,53.8,,567,6,33.3,,-199,5,40.0,,-116
NQ_DRIVE,819,"{'A': 2200, 'T': 30, 'x': 0.2, 'mode': 1, 'tf': 0, 'k': 0.35, 'stop': 0, 'R': 0.5, 'hold': 240}",13,76.9,,535,6,50.0,,-258,5,60.0,,-101
NQ_DRIVE,828,"{'A': 2200, 'T': 30, 'x': 0.2, 'mode': -1, 'tf': 0, 'k': 0.2, 'stop': 0, 'R': 0.5, 'hold': 240}",13,30.8,,-738,6,66.7,,-26,5,60.0,,-86
NQ_DRIVE,829,"{'A': 2200, 'T': 30, 'x': 0.2, 'mode': -1, 'tf': 0, 'k': 0.2, 'stop': 0, 'R': 1.0, 'hold': 240}",13,30.8,,-588,6,50.0,,-28,5,40.0,,-109
NQ_DRIVE,830,"{'A': 2200, 'T': 30, 'x': 0.2, 'mode': -1, 'tf': 0, 'k': 0.2, 'stop': 0, 'R': 2.0, 'hold': 240}",13,23.1,,-696,6,50.0,,8,5,40.0,,-123
NQ_DRIVE,831,"{'A': 2200, 'T': 30, 'x': 0.2, 'mode': -1, 'tf': 0, 'k': 0.35, 'stop': 0, 'R': 0.5, 'hold': 240}",13,46.2,,-606,6,66.7,,114,5,60.0,,49
NQ_DRIVE,820,"{'A': 2200, 'T': 30, 'x': 0.2, 'mode': 1, 'tf': 0, 'k': 0.35, 'stop': 0, 'R': 1.0, 'hold': 240}",13,76.9,,1044,6,33.3,,-370,5,40.0,,-215
NQ_DRIVE,821,"{'A': 2200, 'T': 30, 'x': 0.2, 'mode': 1, 'tf': 0, 'k': 0.35, 'stop': 0, 'R': 2.0, 'hold': 240}",13,53.8,,453,6,33.3,,-370,5,40.0,,-215
NQ_DRIVE,822,"{'A': 2200, 'T': 30, 'x': 0.2, 'mode': 1, 'tf': 1, 'k': 0.2, 'stop': 0, 'R': 0.5, 'hold': 240}",9,77.8,,225,1,100.0,,75,1,100.0,,75
NQ_DRIVE,823,"{'A': 2200, 'T': 30, 'x': 0.2, 'mode': 1, 'tf': 1, 'k': 0.2, 'stop': 0, 'R': 1.0, 'hold': 240}",9,77.8,,559,1,100.0,,79,1,100.0,,66
NQ_DRIVE,824,"{'A': 2200, 'T': 30, 'x': 0.2, 'mode': 1, 'tf': 1, 'k': 0.2, 'stop': 0, 'R': 2.0, 'hold': 240}",9,66.7,,792,1,100.0,,79,1,100.0,,66
NQ_DRIVE,825,"{'A': 2200, 'T': 30, 'x': 0.2, 'mode': 1, 'tf': 1, 'k': 0.35, 'stop': 0, 'R': 0.5, 'hold': 240}",9,88.9,,676,1,100.0,,79,1,100.0,,66
NQ_DRIVE,826,"{'A': 2200, 'T': 30, 'x': 0.2, 'mode': 1, 'tf': 1, 'k': 0.35, 'stop': 0, 'R': 1.0, 'hold': 240}",9,88.9,,1193,1,100.0,,79,1,100.0,,66
NQ_DRIVE,827,"{'A': 2200, 'T': 30, 'x': 0.2, 'mode': 1, 'tf': 1, 'k': 0.35, 'stop': 0, 'R': 2.0, 'hold': 240}",9,55.6,,601,1,100.0,,79,1,100.0,,66
NQ_DRIVE,836,"{'A': 2200, 'T': 30, 'x': 0.2, 'mode': -1, 'tf': 1, 'k': 0.2, 'stop': 0, 'R': 2.0, 'hold': 240}",4,50.0,,127,5,60.0,,93,3,33.3,,-226
NQ_DRIVE,837,"{'A': 2200, 'T': 30, 'x': 0.2, 'mode': -1, 'tf': 1, 'k': 0.35, 'stop': 0, 'R': 0.5, 'hold': 240}",4,75.0,,179,5,80.0,,199,3,66.7,,-45
NQ_DRIVE,838,"{'A': 2200, 'T': 30, 'x': 0.2, 'mode': -1, 'tf': 1, 'k': 0.35, 'stop': 0, 'R': 1.0, 'hold': 240}",4,50.0,,125,5,80.0,,421,3,66.7,,-73
NQ_DRIVE,839,"{'A': 2200, 'T': 30, 'x': 0.2, 'mode': -1, 'tf': 1, 'k': 0.35, 'stop': 0, 'R': 2.0, 'hold': 240}",4,50.0,,314,5,80.0,,244,3,66.7,,-73
NQ_DRIVE,840,"{'A': 2200, 'T': 30, 'x': 0.35, 'mode': 1, 'tf': 0, 'k': 0.2, 'stop': 0, 'R': 0.5, 'hold': 240}",3,100.0,,138,1,100.0,,75,1,100.0,,75
NQ_DRIVE,841,"{'A': 2200, 'T': 30, 'x': 0.35, 'mode': 1, 'tf': 0, 'k': 0.2, 'stop': 0, 'R': 1.0, 'hold': 240}",3,66.7,,67,1,100.0,,79,1,100.0,,66
NQ_DRIVE,842,"{'A': 2200, 'T': 30, 'x': 0.35, 'mode': 1, 'tf': 0, 'k': 0.2, 'stop': 0, 'R': 2.0, 'hold': 240}",3,33.3,,-170,1,100.0,,79,1,100.0,,66
NQ_DRIVE,843,"{'A': 2200, 'T': 30, 'x': 0.35, 'mode': 1, 'tf': 0, 'k': 0.35, 'stop': 0, 'R': 0.5, 'hold': 240}",3,66.7,,-36,1,100.0,,79,1,100.0,,66
NQ_DRIVE,832,"{'A': 2200, 'T': 30, 'x': 0.2, 'mode': -1, 'tf': 0, 'k': 0.35, 'stop': 0, 'R': 1.0, 'hold': 240}",13,23.1,,-1116,6,66.7,,336,5,60.0,,187
NQ_DRIVE,833,"{'A': 2200, 'T': 30, 'x': 0.2, 'mode': -1, 'tf': 0, 'k': 0.35, 'stop': 0, 'R': 2.0, 'hold': 240}",13,23.1,,-928,6,66.7,,158,5,60.0,,30
NQ_DRIVE,834,"{'A': 2200, 'T': 30, 'x': 0.2, 'mode': -1, 'tf': 1, 'k': 0.2, 'stop': 0, 'R': 0.5, 'hold': 240}",4,50.0,,-53,5,60.0,,-112,3,33.3,,-254
NQ_DRIVE,835,"{'A': 2200, 'T': 30, 'x': 0.2, 'mode': -1, 'tf': 1, 'k': 0.2, 'stop': 0, 'R': 1.0, 'hold': 240}",4,50.0,,19,5,60.0,,57,3,33.3,,-226
NQ_DRIVE,844,"{'A': 2200, 'T': 30, 'x': 0.35, 'mode': 1, 'tf': 0, 'k': 0.35, 'stop': 0, 'R': 1.0, 'hold': 240}",3,66.7,,-47,1,100.0,,79,1,100.0,,66
NQ_DRIVE,845,"{'A': 2200, 'T': 30, 'x': 0.35, 'mode': 1, 'tf': 0, 'k': 0.35, 'stop': 0, 'R': 2.0, 'hold': 240}",3,33.3,,-208,1,100.0,,79,1,100.0,,66
NQ_DRIVE,846,"{'A': 2200, 'T': 30, 'x': 0.35, 'mode': 1, 'tf': 1, 'k': 0.2, 'stop': 0, 'R': 0.5, 'hold': 240}",2,100.0,,86,1,100.0,,75,1,100.0,,75
NQ_DRIVE,847,"{'A': 2200, 'T': 30, 'x': 0.35, 'mode': 1, 'tf': 1, 'k': 0.2, 'stop': 0, 'R': 1.0, 'hold': 240}",2,100.0,,177,1,100.0,,79,1,100.0,,66
NQ_DRIVE,848,"{'A': 2200, 'T': 30, 'x': 0.35, 'mode': 1, 'tf': 1, 'k': 0.2, 'stop': 0, 'R': 2.0, 'hold': 240}",2,50.0,,-60,1,100.0,,79,1,100.0,,66
NQ_DRIVE,849,"{'A': 2200, 'T': 30, 'x': 0.35, 'mode': 1, 'tf': 1, 'k': 0.35, 'stop': 0, 'R': 0.5, 'hold': 240}",2,100.0,,154,1,100.0,,79,1,100.0,,66
NQ_DRIVE,850,"{'A': 2200, 'T': 30, 'x': 0.35, 'mode': 1, 'tf': 1, 'k': 0.35, 'stop': 0, 'R': 1.0, 'hold': 240}",2,100.0,,144,1,100.0,,79,1,100.0,,66
NQ_DRIVE,851,"{'A': 2200, 'T': 30, 'x': 0.35, 'mode': 1, 'tf': 1, 'k': 0.35, 'stop': 0, 'R': 2.0, 'hold': 240}",2,50.0,,-17,1,100.0,,79,1,100.0,,66
NQ_DRIVE,852,"{'A': 2200, 'T': 30, 'x': 0.35, 'mode': -1, 'tf': 0, 'k': 0.2, 'stop': 0, 'R': 0.5, 'hold': 240}",3,33.3,,-137,1,100.0,,86,1,100.0,,74
NQ_DRIVE,853,"{'A': 2200, 'T': 30, 'x': 0.35, 'mode': -1, 'tf': 0, 'k': 0.2, 'stop': 0, 'R': 1.0, 'hold': 240}",3,33.3,,-83,1,0.0,,-85,1,0.0,,-72
NQ_DRIVE,854,"{'A': 2200, 'T': 30, 'x': 0.35, 'mode': -1, 'tf': 0, 'k': 0.2, 'stop': 0, 'R': 2.0, 'hold': 240}",3,33.3,,25,1,0.0,,-85,1,0.0,,-72
NQ_DRIVE,855,"{'A': 2200, 'T': 30, 'x': 0.35, 'mode': -1, 'tf': 0, 'k': 0.35, 'stop': 0, 'R': 0.5, 'hold': 240}",3,66.7,,131,1,0.0,,-85,1,0.0,,-72
NQ_DRIVE,856,"{'A': 2200, 'T': 30, 'x': 0.35, 'mode': -1, 'tf': 0, 'k': 0.35, 'stop': 0, 'R': 1.0, 'hold': 240}",3,33.3,,31,1,0.0,,-85,1,0.0,,-72
NQ_DRIVE,857,"{'A': 2200, 'T': 30, 'x': 0.35, 'mode': -1, 'tf': 0, 'k': 0.35, 'stop': 0, 'R': 2.0, 'hold': 240}",3,33.3,,219,1,0.0,,-85,1,0.0,,-72
NQ_DRIVE,858,"{'A': 2200, 'T': 30, 'x': 0.35, 'mode': -1, 'tf': 1, 'k': 0.2, 'stop': 0, 'R': 0.5, 'hold': 240}",1,100.0,,51,0,,,0,0,,,0
NQ_DRIVE,859,"{'A': 2200, 'T': 30, 'x': 0.35, 'mode': -1, 'tf': 1, 'k': 0.2, 'stop': 0, 'R': 1.0, 'hold': 240}",1,100.0,,105,0,,,0,0,,,0
NQ_DRIVE,860,"{'A': 2200, 'T': 30, 'x': 0.35, 'mode': -1, 'tf': 1, 'k': 0.2, 'stop': 0, 'R': 2.0, 'hold': 240}",1,100.0,,212,0,,,0,0,,,0
NQ_DRIVE,861,"{'A': 2200, 'T': 30, 'x': 0.35, 'mode': -1, 'tf': 1, 'k': 0.35, 'stop': 0, 'R': 0.5, 'hold': 240}",1,100.0,,91,0,,,0,0,,,0
NQ_DRIVE,862,"{'A': 2200, 'T': 30, 'x': 0.35, 'mode': -1, 'tf': 1, 'k': 0.35, 'stop': 0, 'R': 1.0, 'hold': 240}",1,100.0,,186,0,,,0,0,,,0
NQ_DRIVE,863,"{'A': 2200, 'T': 30, 'x': 0.35, 'mode': -1, 'tf': 1, 'k': 0.35, 'stop': 0, 'R': 2.0, 'hold': 240}",1,100.0,,374,0,,,0,0,,,0
NQ_DRIVE,864,"{'A': 2200, 'T': 60, 'x': 0.1, 'mode': 1, 'tf': 0, 'k': 0.2, 'stop': 0, 'R': 0.5, 'hold': 240}",131,63.4,0.954,-185,92,60.9,0.964,-157,88,63.6,1.011,44
NQ_DRIVE,865,"{'A': 2200, 'T': 60, 'x': 0.1, 'mode': 1, 'tf': 0, 'k': 0.2, 'stop': 0, 'R': 1.0, 'hold': 240}",131,45.8,0.753,-1333,92,44.6,0.745,-1635,88,44.3,0.707,-1859
NQ_DRIVE,866,"{'A': 2200, 'T': 60, 'x': 0.1, 'mode': 1, 'tf': 0, 'k': 0.2, 'stop': 0, 'R': 2.0, 'hold': 240}",131,42.7,0.714,-1579,92,40.2,0.703,-1966,88,40.9,0.69,-2033
NQ_DRIVE,867,"{'A': 2200, 'T': 60, 'x': 0.1, 'mode': 1, 'tf': 0, 'k': 0.35, 'stop': 0, 'R': 0.5, 'hold': 240}",131,49.6,0.87,-674,92,48.9,0.721,-1864,88,48.9,0.71,-1896
NQ_DRIVE,868,"{'A': 2200, 'T': 60, 'x': 0.1, 'mode': 1, 'tf': 0, 'k': 0.35, 'stop': 0, 'R': 1.0, 'hold': 240}",131,44.3,0.724,-1541,92,42.4,0.664,-2401,88,43.2,0.663,-2355
NQ_DRIVE,869,"{'A': 2200, 'T': 60, 'x': 0.1, 'mode': 1, 'tf': 0, 'k': 0.35, 'stop': 0, 'R': 2.0, 'hold': 240}",131,44.3,0.76,-1338,92,42.4,0.673,-2335,88,43.2,0.669,-2312
NQ_DRIVE,870,"{'A': 2200, 'T': 60, 'x': 0.1, 'mode': 1, 'tf': 1, 'k': 0.2, 'stop': 0, 'R': 0.5, 'hold': 240}",61,60.7,0.811,-399,44,61.4,0.971,-58,39,53.8,0.629,-928
NQ_DRIVE,871,"{'A': 2200, 'T': 60, 'x': 0.1, 'mode': 1, 'tf': 1, 'k': 0.2, 'stop': 0, 'R': 1.0, 'hold': 240}",61,41.0,0.534,-1373,44,45.5,0.702,-919,39,41.0,0.52,-1588
NQ_DRIVE,872,"{'A': 2200, 'T': 60, 'x': 0.1, 'mode': 1, 'tf': 1, 'k': 0.2, 'stop': 0, 'R': 2.0, 'hold': 240}",61,37.7,0.49,-1520,44,40.9,0.541,-1483,39,35.9,0.463,-1853
NQ_DRIVE,873,"{'A': 2200, 'T': 60, 'x': 0.1, 'mode': 1, 'tf': 1, 'k': 0.35, 'stop': 0, 'R': 0.5, 'hold': 240}",61,45.9,0.764,-606,44,47.7,0.554,-1652,39,41.0,0.388,-2444
NQ_DRIVE,874,"{'A': 2200, 'T': 60, 'x': 0.1, 'mode': 1, 'tf': 1, 'k': 0.35, 'stop': 0, 'R': 1.0, 'hold': 240}",61,39.3,0.552,-1256,44,40.9,0.456,-2163,39,35.9,0.363,-2636
NQ_DRIVE,875,"{'A': 2200, 'T': 60, 'x': 0.1, 'mode': 1, 'tf': 1, 'k': 0.35, 'stop': 0, 'R': 2.0, 'hold': 240}",61,39.3,0.544,-1278,44,40.9,0.461,-2141,39,35.9,0.406,-2458
NQ_DRIVE,884,"{'A': 2200, 'T': 60, 'x': 0.1, 'mode': -1, 'tf': 1, 'k': 0.2, 'stop': 0, 'R': 2.0, 'hold': 240}",67,43.3,0.869,-342,45,48.9,1.049,141,37,45.9,1.042,95
NQ_DRIVE,885,"{'A': 2200, 'T': 60, 'x': 0.1, 'mode': -1, 'tf': 1, 'k': 0.35, 'stop': 0, 'R': 0.5, 'hold': 240}",67,47.8,0.89,-272,45,57.8,1.01,27,37,54.1,0.937,-155
NQ_DRIVE,886,"{'A': 2200, 'T': 60, 'x': 0.1, 'mode': -1, 'tf': 1, 'k': 0.35, 'stop': 0, 'R': 1.0, 'hold': 240}",67,44.8,0.986,-36,45,51.1,0.993,-20,37,45.9,0.887,-297
NQ_DRIVE,887,"{'A': 2200, 'T': 60, 'x': 0.1, 'mode': -1, 'tf': 1, 'k': 0.35, 'stop': 0, 'R': 2.0, 'hold': 240}",67,44.8,0.923,-200,45,51.1,0.938,-188,37,45.9,0.819,-475
NQ_DRIVE,880,"{'A': 2200, 'T': 60, 'x': 0.1, 'mode': -1, 'tf': 0, 'k': 0.35, 'stop': 0, 'R': 1.0, 'hold': 240}",131,48.1,1.18,792,92,55.4,1.377,1877,88,54.5,1.382,1853
NQ_DRIVE,881,"{'A': 2200, 'T': 60, 'x': 0.1, 'mode': -1, 'tf': 0, 'k': 0.35, 'stop': 0, 'R': 2.0, 'hold': 240}",131,48.1,1.12,527,92,55.4,1.43,2141,88,54.5,1.432,2094
NQ_DRIVE,882,"{'A': 2200, 'T': 60, 'x': 0.1, 'mode': -1, 'tf': 1, 'k': 0.2, 'stop': 0, 'R': 0.5, 'hold': 240}",67,59.7,0.86,-299,45,60.0,0.781,-551,37,56.8,0.843,-316
NQ_DRIVE,883,"{'A': 2200, 'T': 60, 'x': 0.1, 'mode': -1, 'tf': 1, 'k': 0.2, 'stop': 0, 'R': 1.0, 'hold': 240}",67,43.3,0.866,-349,45,55.6,1.175,468,37,54.1,1.178,372
NQ_DRIVE,876,"{'A': 2200, 'T': 60, 'x': 0.1, 'mode': -1, 'tf': 0, 'k': 0.2, 'stop': 0, 'R': 0.5, 'hold': 240}",131,61.1,1.04,146,92,65.2,1.093,381,88,63.6,1.131,515
NQ_DRIVE,877,"{'A': 2200, 'T': 60, 'x': 0.1, 'mode': -1, 'tf': 0, 'k': 0.2, 'stop': 0, 'R': 1.0, 'hold': 240}",131,47.3,1.123,551,92,55.4,1.226,1128,88,54.5,1.272,1276
NQ_DRIVE,878,"{'A': 2200, 'T': 60, 'x': 0.1, 'mode': -1, 'tf': 0, 'k': 0.2, 'stop': 0, 'R': 2.0, 'hold': 240}",131,45.8,0.987,-62,92,51.1,1.272,1443,88,50.0,1.311,1560
NQ_DRIVE,879,"{'A': 2200, 'T': 60, 'x': 0.1, 'mode': -1, 'tf': 0, 'k': 0.35, 'stop': 0, 'R': 0.5, 'hold': 240}",131,51.1,1.144,601,92,58.7,1.19,918,88,58.0,1.213,998
NQ_DRIVE,888,"{'A': 2200, 'T': 60, 'x': 0.2, 'mode': 1, 'tf': 0, 'k': 0.2, 'stop': 0, 'R': 0.5, 'hold': 240}",30,60.0,0.643,-455,15,66.7,,57,15,73.3,,198
NQ_DRIVE,889,"{'A': 2200, 'T': 60, 'x': 0.2, 'mode': 1, 'tf': 0, 'k': 0.2, 'stop': 0, 'R': 1.0, 'hold': 240}",30,33.3,0.383,-1210,15,46.7,,-215,15,53.3,,-195
NQ_DRIVE,890,"{'A': 2200, 'T': 60, 'x': 0.2, 'mode': 1, 'tf': 0, 'k': 0.2, 'stop': 0, 'R': 2.0, 'hold': 240}",30,33.3,0.43,-1117,15,40.0,,-387,15,46.7,,-311
NQ_DRIVE,891,"{'A': 2200, 'T': 60, 'x': 0.2, 'mode': 1, 'tf': 0, 'k': 0.35, 'stop': 0, 'R': 0.5, 'hold': 240}",30,43.3,0.521,-1003,15,53.3,,-795,15,60.0,,-676
NQ_DRIVE,892,"{'A': 2200, 'T': 60, 'x': 0.2, 'mode': 1, 'tf': 0, 'k': 0.35, 'stop': 0, 'R': 1.0, 'hold': 240}",30,36.7,0.384,-1417,15,40.0,,-1145,15,46.7,,-993
NQ_DRIVE,893,"{'A': 2200, 'T': 60, 'x': 0.2, 'mode': 1, 'tf': 0, 'k': 0.35, 'stop': 0, 'R': 2.0, 'hold': 240}",30,36.7,0.434,-1303,15,40.0,,-1316,15,46.7,,-1171
NQ_DRIVE,894,"{'A': 2200, 'T': 60, 'x': 0.2, 'mode': 1, 'tf': 1, 'k': 0.2, 'stop': 0, 'R': 0.5, 'hold': 240}",17,52.9,,-360,8,62.5,,-147,8,62.5,,-177
NQ_DRIVE,895,"{'A': 2200, 'T': 60, 'x': 0.2, 'mode': 1, 'tf': 1, 'k': 0.2, 'stop': 0, 'R': 1.0, 'hold': 240}",17,23.5,,-959,8,37.5,,-508,8,50.0,,-447
NQ_DRIVE,896,"{'A': 2200, 'T': 60, 'x': 0.2, 'mode': 1, 'tf': 1, 'k': 0.2, 'stop': 0, 'R': 2.0, 'hold': 240}",17,23.5,,-941,8,25.0,,-799,8,37.5,,-688
NQ_DRIVE,897,"{'A': 2200, 'T': 60, 'x': 0.2, 'mode': 1, 'tf': 1, 'k': 0.35, 'stop': 0, 'R': 0.5, 'hold': 240}",17,41.2,,-393,8,50.0,,-773,8,50.0,,-951
NQ_DRIVE,898,"{'A': 2200, 'T': 60, 'x': 0.2, 'mode': 1, 'tf': 1, 'k': 0.35, 'stop': 0, 'R': 1.0, 'hold': 240}",17,29.4,,-888,8,25.0,,-1250,8,37.5,,-1153
NQ_DRIVE,899,"{'A': 2200, 'T': 60, 'x': 0.2, 'mode': 1, 'tf': 1, 'k': 0.35, 'stop': 0, 'R': 2.0, 'hold': 240}",17,29.4,,-759,8,25.0,,-1250,8,37.5,,-1153
NQ_DRIVE,900,"{'A': 2200, 'T': 60, 'x': 0.2, 'mode': -1, 'tf': 0, 'k': 0.2, 'stop': 0, 'R': 0.5, 'hold': 240}",30,66.7,1.417,311,15,60.0,,-310,15,53.3,,-362
NQ_DRIVE,901,"{'A': 2200, 'T': 60, 'x': 0.2, 'mode': -1, 'tf': 0, 'k': 0.2, 'stop': 0, 'R': 1.0, 'hold': 240}",30,60.0,2.138,991,15,53.3,,136,15,46.7,,114
NQ_DRIVE,902,"{'A': 2200, 'T': 60, 'x': 0.2, 'mode': -1, 'tf': 0, 'k': 0.2, 'stop': 0, 'R': 2.0, 'hold': 240}",30,53.3,1.76,894,15,46.7,,563,15,40.0,,427
NQ_DRIVE,903,"{'A': 2200, 'T': 60, 'x': 0.2, 'mode': -1, 'tf': 0, 'k': 0.35, 'stop': 0, 'R': 0.5, 'hold': 240}",30,60.0,1.914,794,15,60.0,,232,15,53.3,,170
NQ_DRIVE,904,"{'A': 2200, 'T': 60, 'x': 0.2, 'mode': -1, 'tf': 0, 'k': 0.35, 'stop': 0, 'R': 1.0, 'hold': 240}",30,53.3,2.301,1248,15,60.0,,1061,15,53.3,,909
NQ_DRIVE,905,"{'A': 2200, 'T': 60, 'x': 0.2, 'mode': -1, 'tf': 0, 'k': 0.35, 'stop': 0, 'R': 2.0, 'hold': 240}",30,53.3,2.318,1264,15,60.0,,1010,15,53.3,,838
NQ_DRIVE,906,"{'A': 2200, 'T': 60, 'x': 0.2, 'mode': -1, 'tf': 1, 'k': 0.2, 'stop': 0, 'R': 0.5, 'hold': 240}",13,53.8,,-118,7,42.9,,-530,5,40.0,,-417
NQ_DRIVE,907,"{'A': 2200, 'T': 60, 'x': 0.2, 'mode': -1, 'tf': 1, 'k': 0.2, 'stop': 0, 'R': 1.0, 'hold': 240}",13,53.8,,181,7,42.9,,-330,5,40.0,,-264
NQ_DRIVE,908,"{'A': 2200, 'T': 60, 'x': 0.2, 'mode': -1, 'tf': 1, 'k': 0.2, 'stop': 0, 'R': 2.0, 'hold': 240}",13,53.8,,384,7,42.9,,-98,5,40.0,,-134
NQ_DRIVE,909,"{'A': 2200, 'T': 60, 'x': 0.2, 'mode': -1, 'tf': 1, 'k': 0.35, 'stop': 0, 'R': 0.5, 'hold': 240}",13,53.8,,58,7,42.9,,-419,5,40.0,,-225
NQ_DRIVE,910,"{'A': 2200, 'T': 60, 'x': 0.2, 'mode': -1, 'tf': 1, 'k': 0.35, 'stop': 0, 'R': 1.0, 'hold': 240}",13,53.8,,456,7,42.9,,-144,5,40.0,,-35
NQ_DRIVE,911,"{'A': 2200, 'T': 60, 'x': 0.2, 'mode': -1, 'tf': 1, 'k': 0.35, 'stop': 0, 'R': 2.0, 'hold': 240}",13,53.8,,440,7,42.9,,-157,5,40.0,,-57
NQ_DRIVE,912,"{'A': 2200, 'T': 60, 'x': 0.35, 'mode': 1, 'tf': 0, 'k': 0.2, 'stop': 0, 'R': 0.5, 'hold': 240}",9,55.6,,-259,4,75.0,,179,3,100.0,,277
NQ_DRIVE,913,"{'A': 2200, 'T': 60, 'x': 0.35, 'mode': 1, 'tf': 0, 'k': 0.2, 'stop': 0, 'R': 1.0, 'hold': 240}",9,22.2,,-551,4,50.0,,-54,3,66.7,,-29
NQ_DRIVE,914,"{'A': 2200, 'T': 60, 'x': 0.35, 'mode': 1, 'tf': 0, 'k': 0.2, 'stop': 0, 'R': 2.0, 'hold': 240}",9,22.2,,-578,4,50.0,,51,3,66.7,,131
NQ_DRIVE,915,"{'A': 2200, 'T': 60, 'x': 0.35, 'mode': 1, 'tf': 0, 'k': 0.35, 'stop': 0, 'R': 0.5, 'hold': 240}",9,44.4,,-236,4,50.0,,-360,3,66.7,,-244
NQ_DRIVE,916,"{'A': 2200, 'T': 60, 'x': 0.35, 'mode': 1, 'tf': 0, 'k': 0.35, 'stop': 0, 'R': 1.0, 'hold': 240}",9,33.3,,-647,4,50.0,,-255,3,66.7,,-103
NQ_DRIVE,917,"{'A': 2200, 'T': 60, 'x': 0.35, 'mode': 1, 'tf': 0, 'k': 0.35, 'stop': 0, 'R': 2.0, 'hold': 240}",9,33.3,,-647,4,50.0,,-228,3,66.7,,-81
NQ_DRIVE,918,"{'A': 2200, 'T': 60, 'x': 0.35, 'mode': 1, 'tf': 1, 'k': 0.2, 'stop': 0, 'R': 0.5, 'hold': 240}",7,57.1,,-187,2,100.0,,204,2,100.0,,200
NQ_DRIVE,919,"{'A': 2200, 'T': 60, 'x': 0.35, 'mode': 1, 'tf': 1, 'k': 0.2, 'stop': 0, 'R': 1.0, 'hold': 240}",7,28.6,,-355,2,50.0,,-108,2,50.0,,-186
NQ_DRIVE,920,"{'A': 2200, 'T': 60, 'x': 0.35, 'mode': 1, 'tf': 1, 'k': 0.2, 'stop': 0, 'R': 2.0, 'hold': 240}",7,28.6,,-382,2,50.0,,-160,2,50.0,,-186
NQ_DRIVE,921,"{'A': 2200, 'T': 60, 'x': 0.35, 'mode': 1, 'tf': 1, 'k': 0.35, 'stop': 0, 'R': 0.5, 'hold': 240}",7,57.1,,102,2,50.0,,-321,2,50.0,,-381
NQ_DRIVE,922,"{'A': 2200, 'T': 60, 'x': 0.35, 'mode': 1, 'tf': 1, 'k': 0.35, 'stop': 0, 'R': 1.0, 'hold': 240}",7,42.9,,-309,2,50.0,,-354,2,50.0,,-381
NQ_DRIVE,923,"{'A': 2200, 'T': 60, 'x': 0.35, 'mode': 1, 'tf': 1, 'k': 0.35, 'stop': 0, 'R': 2.0, 'hold': 240}",7,42.9,,-309,2,50.0,,-354,2,50.0,,-381
NQ_DRIVE,924,"{'A': 2200, 'T': 60, 'x': 0.35, 'mode': -1, 'tf': 0, 'k': 0.2, 'stop': 0, 'R': 0.5, 'hold': 240}",9,77.8,,269,4,75.0,,85,3,66.7,,41
NQ_DRIVE,925,"{'A': 2200, 'T': 60, 'x': 0.35, 'mode': -1, 'tf': 0, 'k': 0.2, 'stop': 0, 'R': 1.0, 'hold': 240}",9,66.7,,446,4,50.0,,33,3,33.3,,13
NQ_DRIVE,926,"{'A': 2200, 'T': 60, 'x': 0.35, 'mode': -1, 'tf': 0, 'k': 0.2, 'stop': 0, 'R': 2.0, 'hold': 240}",9,55.6,,300,4,50.0,,389,3,33.3,,272
NQ_DRIVE,927,"{'A': 2200, 'T': 60, 'x': 0.35, 'mode': -1, 'tf': 0, 'k': 0.35, 'stop': 0, 'R': 0.5, 'hold': 240}",9,66.7,,441,4,50.0,,-78,3,33.3,,-140
NQ_DRIVE,928,"{'A': 2200, 'T': 60, 'x': 0.35, 'mode': -1, 'tf': 0, 'k': 0.35, 'stop': 0, 'R': 1.0, 'hold': 240}",9,55.6,,597,4,50.0,,234,3,33.3,,87
NQ_DRIVE,929,"{'A': 2200, 'T': 60, 'x': 0.35, 'mode': -1, 'tf': 0, 'k': 0.35, 'stop': 0, 'R': 2.0, 'hold': 240}",9,55.6,,618,4,50.0,,259,3,33.3,,102
NQ_DRIVE,930,"{'A': 2200, 'T': 60, 'x': 0.35, 'mode': -1, 'tf': 1, 'k': 0.2, 'stop': 0, 'R': 0.5, 'hold': 240}",2,100.0,,90,2,50.0,,-113,0,,,0
NQ_DRIVE,931,"{'A': 2200, 'T': 60, 'x': 0.35, 'mode': -1, 'tf': 1, 'k': 0.2, 'stop': 0, 'R': 1.0, 'hold': 240}",2,100.0,,185,2,50.0,,-64,0,,,0
NQ_DRIVE,932,"{'A': 2200, 'T': 60, 'x': 0.35, 'mode': -1, 'tf': 1, 'k': 0.2, 'stop': 0, 'R': 2.0, 'hold': 240}",2,100.0,,217,2,50.0,,33,0,,,0
NQ_DRIVE,933,"{'A': 2200, 'T': 60, 'x': 0.35, 'mode': -1, 'tf': 1, 'k': 0.35, 'stop': 0, 'R': 0.5, 'hold': 240}",2,100.0,,161,2,50.0,,-194,0,,,0
NQ_DRIVE,934,"{'A': 2200, 'T': 60, 'x': 0.35, 'mode': -1, 'tf': 1, 'k': 0.35, 'stop': 0, 'R': 1.0, 'hold': 240}",2,100.0,,328,2,50.0,,-109,0,,,0
NQ_DRIVE,935,"{'A': 2200, 'T': 60, 'x': 0.35, 'mode': -1, 'tf': 1, 'k': 0.35, 'stop': 0, 'R': 2.0, 'hold': 240}",2,100.0,,378,2,50.0,,-105,0,,,0
NQ_DRIVE,944,"{'A': 2200, 'T': 120, 'x': 0.1, 'mode': 1, 'tf': 1, 'k': 0.2, 'stop': 0, 'R': 2.0, 'hold': 240}",116,44.8,0.864,-665,78,38.5,0.887,-669,69,37.7,0.897,-589
NQ_DRIVE,945,"{'A': 2200, 'T': 120, 'x': 0.1, 'mode': 1, 'tf': 1, 'k': 0.35, 'stop': 0, 'R': 0.5, 'hold': 240}",116,53.4,0.926,-356,78,53.8,1.149,660,69,47.8,1.096,412
NQ_DRIVE,946,"{'A': 2200, 'T': 120, 'x': 0.1, 'mode': 1, 'tf': 1, 'k': 0.35, 'stop': 0, 'R': 1.0, 'hold': 240}",116,49.1,0.82,-991,78,43.6,0.96,-225,69,40.6,0.993,-37
NQ_DRIVE,947,"{'A': 2200, 'T': 120, 'x': 0.1, 'mode': 1, 'tf': 1, 'k': 0.35, 'stop': 0, 'R': 2.0, 'hold': 240}",116,47.4,0.69,-1770,78,43.6,1.014,81,69,40.6,1.049,260
NQ_DRIVE,936,"{'A': 2200, 'T': 120, 'x': 0.1, 'mode': 1, 'tf': 0, 'k': 0.2, 'stop': 0, 'R': 0.5, 'hold': 240}",236,60.2,0.793,-1733,157,66.2,1.201,1312,154,66.2,1.189,1253
NQ_DRIVE,937,"{'A': 2200, 'T': 120, 'x': 0.1, 'mode': 1, 'tf': 0, 'k': 0.2, 'stop': 0, 'R': 1.0, 'hold': 240}",236,45.8,0.799,-2058,157,52.9,1.088,811,154,52.6,1.094,877
NQ_DRIVE,938,"{'A': 2200, 'T': 120, 'x': 0.1, 'mode': 1, 'tf': 0, 'k': 0.2, 'stop': 0, 'R': 2.0, 'hold': 240}",236,41.1,0.738,-2842,157,47.1,1.006,64,154,46.1,0.975,-264
NQ_DRIVE,939,"{'A': 2200, 'T': 120, 'x': 0.1, 'mode': 1, 'tf': 0, 'k': 0.35, 'stop': 0, 'R': 0.5, 'hold': 240}",236,53.4,0.934,-649,157,59.2,1.179,1622,154,57.8,1.165,1515
NQ_DRIVE,940,"{'A': 2200, 'T': 120, 'x': 0.1, 'mode': 1, 'tf': 0, 'k': 0.35, 'stop': 0, 'R': 1.0, 'hold': 240}",236,46.2,0.798,-2259,157,51.6,1.033,356,154,50.0,1.016,177
NQ_DRIVE,941,"{'A': 2200, 'T': 120, 'x': 0.1, 'mode': 1, 'tf': 0, 'k': 0.35, 'stop': 0, 'R': 2.0, 'hold': 240}",236,44.9,0.767,-2664,157,51.0,1.086,924,154,49.4,1.067,728
NQ_DRIVE,942,"{'A': 2200, 'T': 120, 'x': 0.1, 'mode': 1, 'tf': 1, 'k': 0.2, 'stop': 0, 'R': 0.5, 'hold': 240}",116,60.3,0.797,-794,78,62.8,1.206,662,69,62.3,1.19,583
NQ_DRIVE,943,"{'A': 2200, 'T': 120, 'x': 0.1, 'mode': 1, 'tf': 1, 'k': 0.2, 'stop': 0, 'R': 1.0, 'hold': 240}",116,48.3,0.907,-424,78,46.2,0.954,-230,69,43.5,0.902,-479
NQ_DRIVE,948,"{'A': 2200, 'T': 120, 'x': 0.1, 'mode': -1, 'tf': 0, 'k': 0.2, 'stop': 0, 'R': 0.5, 'hold': 240}",236,67.8,1.301,1837,157,56.1,0.736,-2319,154,55.8,0.728,-2432
NQ_DRIVE,949,"{'A': 2200, 'T': 120, 'x': 0.1, 'mode': -1, 'tf': 0, 'k': 0.2, 'stop': 0, 'R': 1.0, 'hold': 240}",236,52.5,1.086,757,157,45.9,0.84,-1673,154,46.8,0.827,-1831
NQ_DRIVE,950,"{'A': 2200, 'T': 120, 'x': 0.1, 'mode': -1, 'tf': 0, 'k': 0.2, 'stop': 0, 'R': 2.0, 'hold': 240}",236,46.2,0.979,-212,157,41.4,0.825,-1940,154,42.9,0.832,-1888
NQ_DRIVE,951,"{'A': 2200, 'T': 120, 'x': 0.1, 'mode': -1, 'tf': 0, 'k': 0.35, 'stop': 0, 'R': 0.5, 'hold': 240}",236,59.7,1.282,2264,157,52.2,0.899,-1046,154,53.9,0.926,-759
NQ_DRIVE,952,"{'A': 2200, 'T': 120, 'x': 0.1, 'mode': -1, 'tf': 0, 'k': 0.35, 'stop': 0, 'R': 1.0, 'hold': 240}",236,51.7,1.096,920,157,47.1,0.892,-1249,154,48.7,0.908,-1053
NQ_DRIVE,953,"{'A': 2200, 'T': 120, 'x': 0.1, 'mode': -1, 'tf': 0, 'k': 0.35, 'stop': 0, 'R': 2.0, 'hold': 240}",236,51.3,1.219,2103,157,45.9,0.893,-1247,154,47.4,0.905,-1093
NQ_DRIVE,954,"{'A': 2200, 'T': 120, 'x': 0.1, 'mode': -1, 'tf': 1, 'k': 0.2, 'stop': 0, 'R': 0.5, 'hold': 240}",116,70.7,1.458,1346,77,55.8,0.703,-1338,70,52.9,0.63,-1613
NQ_DRIVE,955,"{'A': 2200, 'T': 120, 'x': 0.1, 'mode': -1, 'tf': 1, 'k': 0.2, 'stop': 0, 'R': 1.0, 'hold': 240}",116,56.0,1.213,914,77,41.6,0.74,-1401,70,41.4,0.709,-1471
NQ_DRIVE,964,"{'A': 2200, 'T': 120, 'x': 0.2, 'mode': 1, 'tf': 0, 'k': 0.35, 'stop': 0, 'R': 1.0, 'hold': 240}",55,36.4,0.679,-1174,38,47.4,0.906,-370,36,50.0,0.987,-46
NQ_DRIVE,965,"{'A': 2200, 'T': 120, 'x': 0.2, 'mode': 1, 'tf': 0, 'k': 0.35, 'stop': 0, 'R': 2.0, 'hold': 240}",55,32.7,0.497,-1929,38,47.4,0.907,-365,36,50.0,0.985,-53
NQ_DRIVE,966,"{'A': 2200, 'T': 120, 'x': 0.2, 'mode': 1, 'tf': 1, 'k': 0.2, 'stop': 0, 'R': 0.5, 'hold': 240}",26,50.0,0.504,-630,20,70.0,1.387,331,18,72.2,,457
NQ_DRIVE,967,"{'A': 2200, 'T': 120, 'x': 0.2, 'mode': 1, 'tf': 1, 'k': 0.2, 'stop': 0, 'R': 1.0, 'hold': 240}",26,34.6,0.534,-704,20,55.0,1.399,517,18,55.6,,686
NQ_DRIVE,972,"{'A': 2200, 'T': 120, 'x': 0.2, 'mode': -1, 'tf': 0, 'k': 0.2, 'stop': 0, 'R': 0.5, 'hold': 240}",55,74.5,1.702,858,38,55.3,0.631,-951,36,52.8,0.599,-1037
NQ_DRIVE,973,"{'A': 2200, 'T': 120, 'x': 0.2, 'mode': -1, 'tf': 0, 'k': 0.2, 'stop': 0, 'R': 1.0, 'hold': 240}",55,65.5,1.64,1118,38,47.4,0.795,-636,36,44.4,0.729,-842
NQ_DRIVE,974,"{'A': 2200, 'T': 120, 'x': 0.2, 'mode': -1, 'tf': 0, 'k': 0.2, 'stop': 0, 'R': 2.0, 'hold': 240}",55,56.4,1.39,857,38,42.1,0.91,-295,36,41.7,0.896,-342
NQ_DRIVE,975,"{'A': 2200, 'T': 120, 'x': 0.2, 'mode': -1, 'tf': 0, 'k': 0.35, 'stop': 0, 'R': 0.5, 'hold': 240}",55,72.7,1.514,1042,38,60.5,1.02,58,36,58.3,0.972,-81
NQ_DRIVE,960,"{'A': 2200, 'T': 120, 'x': 0.2, 'mode': 1, 'tf': 0, 'k': 0.2, 'stop': 0, 'R': 0.5, 'hold': 240}",55,54.5,0.601,-960,38,65.8,1.173,306,36,69.4,1.346,537
NQ_DRIVE,961,"{'A': 2200, 'T': 120, 'x': 0.2, 'mode': 1, 'tf': 0, 'k': 0.2, 'stop': 0, 'R': 1.0, 'hold': 240}",55,34.5,0.537,-1416,38,52.6,1.168,431,36,55.6,1.274,647
NQ_DRIVE,962,"{'A': 2200, 'T': 120, 'x': 0.2, 'mode': 1, 'tf': 0, 'k': 0.2, 'stop': 0, 'R': 2.0, 'hold': 240}",55,29.1,0.649,-1179,38,44.7,1.175,533,36,47.2,1.255,727
NQ_DRIVE,963,"{'A': 2200, 'T': 120, 'x': 0.2, 'mode': 1, 'tf': 0, 'k': 0.35, 'stop': 0, 'R': 0.5, 'hold': 240}",55,45.5,0.637,-1117,38,57.9,0.954,-146,36,58.3,0.967,-97
NQ_DRIVE,956,"{'A': 2200, 'T': 120, 'x': 0.1, 'mode': -1, 'tf': 1, 'k': 0.2, 'stop': 0, 'R': 2.0, 'hold': 240}",116,49.1,0.996,-19,77,37.7,0.773,-1272,70,38.6,0.802,-1042
NQ_DRIVE,957,"{'A': 2200, 'T': 120, 'x': 0.1, 'mode': -1, 'tf': 1, 'k': 0.35, 'stop': 0, 'R': 0.5, 'hold': 240}",116,65.5,1.568,2061,77,44.2,0.688,-1761,70,45.7,0.714,-1455
NQ_DRIVE,958,"{'A': 2200, 'T': 120, 'x': 0.1, 'mode': -1, 'tf': 1, 'k': 0.35, 'stop': 0, 'R': 1.0, 'hold': 240}",116,56.0,1.126,593,77,41.6,0.836,-955,70,42.9,0.868,-696
NQ_DRIVE,959,"{'A': 2200, 'T': 120, 'x': 0.1, 'mode': -1, 'tf': 1, 'k': 0.35, 'stop': 0, 'R': 2.0, 'hold': 240}",116,56.0,1.172,807,77,39.0,0.714,-1684,70,40.0,0.727,-1452
NQ_DRIVE,968,"{'A': 2200, 'T': 120, 'x': 0.2, 'mode': 1, 'tf': 1, 'k': 0.2, 'stop': 0, 'R': 2.0, 'hold': 240}",26,26.9,0.637,-620,20,40.0,1.022,39,18,44.4,,505
NQ_DRIVE,969,"{'A': 2200, 'T': 120, 'x': 0.2, 'mode': 1, 'tf': 1, 'k': 0.35, 'stop': 0, 'R': 0.5, 'hold': 240}",26,42.3,0.503,-878,20,65.0,1.416,551,18,61.1,,533
NQ_DRIVE,970,"{'A': 2200, 'T': 120, 'x': 0.2, 'mode': 1, 'tf': 1, 'k': 0.35, 'stop': 0, 'R': 1.0, 'hold': 240}",26,34.6,0.548,-951,20,45.0,0.913,-184,18,50.0,,358
NQ_DRIVE,971,"{'A': 2200, 'T': 120, 'x': 0.2, 'mode': 1, 'tf': 1, 'k': 0.35, 'stop': 0, 'R': 2.0, 'hold': 240}",26,30.8,0.312,-1538,20,45.0,0.85,-317,18,50.0,,306
NQ_DRIVE,980,"{'A': 2200, 'T': 120, 'x': 0.2, 'mode': -1, 'tf': 1, 'k': 0.2, 'stop': 0, 'R': 2.0, 'hold': 240}",29,55.2,1.165,187,18,44.4,,208,13,46.2,,482
NQ_DRIVE,981,"{'A': 2200, 'T': 120, 'x': 0.2, 'mode': -1, 'tf': 1, 'k': 0.35, 'stop': 0, 'R': 0.5, 'hold': 240}",29,72.4,1.765,720,18,50.0,,-570,13,46.2,,-330
NQ_DRIVE,982,"{'A': 2200, 'T': 120, 'x': 0.2, 'mode': -1, 'tf': 1, 'k': 0.35, 'stop': 0, 'R': 1.0, 'hold': 240}",29,62.1,1.043,60,18,50.0,,85,13,46.2,,275
NQ_DRIVE,983,"{'A': 2200, 'T': 120, 'x': 0.2, 'mode': -1, 'tf': 1, 'k': 0.35, 'stop': 0, 'R': 2.0, 'hold': 240}",29,62.1,1.147,205,18,44.4,,-202,13,38.5,,-27
NQ_DRIVE,976,"{'A': 2200, 'T': 120, 'x': 0.2, 'mode': -1, 'tf': 0, 'k': 0.35, 'stop': 0, 'R': 1.0, 'hold': 240}",55,63.6,1.334,868,38,52.6,1.043,157,36,50.0,0.957,-155
NQ_DRIVE,977,"{'A': 2200, 'T': 120, 'x': 0.2, 'mode': -1, 'tf': 0, 'k': 0.35, 'stop': 0, 'R': 2.0, 'hold': 240}",55,63.6,1.562,1460,38,50.0,1.084,308,36,47.2,0.997,-9
NQ_DRIVE,978,"{'A': 2200, 'T': 120, 'x': 0.2, 'mode': -1, 'tf': 1, 'k': 0.2, 'stop': 0, 'R': 0.5, 'hold': 240}",29,75.9,2.008,561,18,55.6,,-397,13,53.8,,-248
NQ_DRIVE,979,"{'A': 2200, 'T': 120, 'x': 0.2, 'mode': -1, 'tf': 1, 'k': 0.2, 'stop': 0, 'R': 1.0, 'hold': 240}",29,65.5,1.621,554,18,50.0,,-12,13,46.2,,-46
NQ_DRIVE,988,"{'A': 2200, 'T': 120, 'x': 0.35, 'mode': 1, 'tf': 0, 'k': 0.35, 'stop': 0, 'R': 1.0, 'hold': 240}",12,58.3,,356,4,75.0,,195,4,75.0,,196
NQ_DRIVE,989,"{'A': 2200, 'T': 120, 'x': 0.35, 'mode': 1, 'tf': 0, 'k': 0.35, 'stop': 0, 'R': 2.0, 'hold': 240}",12,50.0,,-283,4,75.0,,22,4,75.0,,15
NQ_DRIVE,990,"{'A': 2200, 'T': 120, 'x': 0.35, 'mode': 1, 'tf': 1, 'k': 0.2, 'stop': 0, 'R': 0.5, 'hold': 240}",8,75.0,,7,1,100.0,,67,1,100.0,,67
NQ_DRIVE,991,"{'A': 2200, 'T': 120, 'x': 0.35, 'mode': 1, 'tf': 1, 'k': 0.2, 'stop': 0, 'R': 1.0, 'hold': 240}",8,62.5,,109,1,100.0,,137,1,100.0,,138
NQ_DRIVE,984,"{'A': 2200, 'T': 120, 'x': 0.35, 'mode': 1, 'tf': 0, 'k': 0.2, 'stop': 0, 'R': 0.5, 'hold': 240}",12,83.3,,179,4,100.0,,318,4,100.0,,321
NQ_DRIVE,985,"{'A': 2200, 'T': 120, 'x': 0.35, 'mode': 1, 'tf': 0, 'k': 0.2, 'stop': 0, 'R': 1.0, 'hold': 240}",12,58.3,,171,4,75.0,,217,4,75.0,,218
NQ_DRIVE,986,"{'A': 2200, 'T': 120, 'x': 0.35, 'mode': 1, 'tf': 0, 'k': 0.2, 'stop': 0, 'R': 2.0, 'hold': 240}",12,58.3,,597,4,75.0,,360,4,75.0,,362
NQ_DRIVE,987,"{'A': 2200, 'T': 120, 'x': 0.35, 'mode': 1, 'tf': 0, 'k': 0.35, 'stop': 0, 'R': 0.5, 'hold': 240}",12,58.3,,-186,4,75.0,,55,4,75.0,,54
NQ_DRIVE,992,"{'A': 2200, 'T': 120, 'x': 0.35, 'mode': 1, 'tf': 1, 'k': 0.2, 'stop': 0, 'R': 2.0, 'hold': 240}",8,62.5,,530,1,100.0,,122,1,100.0,,121
NQ_DRIVE,993,"{'A': 2200, 'T': 120, 'x': 0.35, 'mode': 1, 'tf': 1, 'k': 0.35, 'stop': 0, 'R': 0.5, 'hold': 240}",8,62.5,,-234,1,100.0,,120,1,100.0,,120
NQ_DRIVE,994,"{'A': 2200, 'T': 120, 'x': 0.35, 'mode': 1, 'tf': 1, 'k': 0.35, 'stop': 0, 'R': 1.0, 'hold': 240}",8,62.5,,228,1,100.0,,122,1,100.0,,121
NQ_DRIVE,995,"{'A': 2200, 'T': 120, 'x': 0.35, 'mode': 1, 'tf': 1, 'k': 0.35, 'stop': 0, 'R': 2.0, 'hold': 240}",8,50.0,,-361,1,100.0,,122,1,100.0,,121
NQ_DRIVE,1000,"{'A': 2200, 'T': 120, 'x': 0.35, 'mode': -1, 'tf': 0, 'k': 0.35, 'stop': 0, 'R': 1.0, 'hold': 240}",12,41.7,,-422,4,25.0,,-217,4,25.0,,-218
NQ_DRIVE,1001,"{'A': 2200, 'T': 120, 'x': 0.35, 'mode': -1, 'tf': 0, 'k': 0.35, 'stop': 0, 'R': 2.0, 'hold': 240}",12,41.7,,-95,4,25.0,,-211,4,25.0,,-216
NQ_DRIVE,1002,"{'A': 2200, 'T': 120, 'x': 0.35, 'mode': -1, 'tf': 1, 'k': 0.2, 'stop': 0, 'R': 0.5, 'hold': 240}",4,75.0,,2,3,33.3,,-180,2,50.0,,-17
NQ_DRIVE,1003,"{'A': 2200, 'T': 120, 'x': 0.35, 'mode': -1, 'tf': 1, 'k': 0.2, 'stop': 0, 'R': 1.0, 'hold': 240}",4,50.0,,-84,3,33.3,,-97,2,50.0,,68
NQ_DRIVE,996,"{'A': 2200, 'T': 120, 'x': 0.35, 'mode': -1, 'tf': 0, 'k': 0.2, 'stop': 0, 'R': 0.5, 'hold': 240}",12,66.7,,-77,4,25.0,,-323,4,25.0,,-324
NQ_DRIVE,997,"{'A': 2200, 'T': 120, 'x': 0.35, 'mode': -1, 'tf': 0, 'k': 0.2, 'stop': 0, 'R': 1.0, 'hold': 240}",12,41.7,,-235,4,25.0,,-239,4,25.0,,-240
NQ_DRIVE,998,"{'A': 2200, 'T': 120, 'x': 0.35, 'mode': -1, 'tf': 0, 'k': 0.2, 'stop': 0, 'R': 2.0, 'hold': 240}",12,41.7,,102,4,25.0,,-108,4,25.0,,-112
NQ_DRIVE,999,"{'A': 2200, 'T': 120, 'x': 0.35, 'mode': -1, 'tf': 0, 'k': 0.35, 'stop': 0, 'R': 0.5, 'hold': 240}",12,50.0,,-503,4,25.0,,-363,4,25.0,,-365
NQ_DRIVE,1004,"{'A': 2200, 'T': 120, 'x': 0.35, 'mode': -1, 'tf': 1, 'k': 0.2, 'stop': 0, 'R': 2.0, 'hold': 240}",4,50.0,,-97,3,33.3,,34,2,50.0,,196
NQ_DRIVE,1005,"{'A': 2200, 'T': 120, 'x': 0.35, 'mode': -1, 'tf': 1, 'k': 0.35, 'stop': 0, 'R': 0.5, 'hold': 240}",4,75.0,,94,3,33.3,,-236,2,50.0,,47
NQ_DRIVE,1006,"{'A': 2200, 'T': 120, 'x': 0.35, 'mode': -1, 'tf': 1, 'k': 0.35, 'stop': 0, 'R': 1.0, 'hold': 240}",4,50.0,,-151,3,33.3,,-89,2,50.0,,194
NQ_DRIVE,1007,"{'A': 2200, 'T': 120, 'x': 0.35, 'mode': -1, 'tf': 1, 'k': 0.35, 'stop': 0, 'R': 2.0, 'hold': 240}",4,50.0,,-151,3,33.3,,-84,2,50.0,,196
NQ_DRIVE,1012,"{'A': 2200, 'T': 240, 'x': 0.1, 'mode': 1, 'tf': 0, 'k': 0.35, 'stop': 0, 'R': 1.0, 'hold': 240}",362,47.8,0.911,-1587,298,50.7,0.989,-215,280,49.6,0.972,-526
NQ_DRIVE,1013,"{'A': 2200, 'T': 240, 'x': 0.1, 'mode': 1, 'tf': 0, 'k': 0.35, 'stop': 0, 'R': 2.0, 'hold': 240}",362,47.5,0.943,-1013,298,50.0,0.933,-1326,280,49.3,0.933,-1290
NQ_DRIVE,1014,"{'A': 2200, 'T': 240, 'x': 0.1, 'mode': 1, 'tf': 1, 'k': 0.2, 'stop': 0, 'R': 0.5, 'hold': 240}",188,64.9,0.971,-159,141,62.4,0.831,-1197,112,61.6,0.865,-775
NQ_DRIVE,1015,"{'A': 2200, 'T': 240, 'x': 0.1, 'mode': 1, 'tf': 1, 'k': 0.2, 'stop': 0, 'R': 1.0, 'hold': 240}",188,50.0,0.949,-378,141,53.2,1.051,418,112,52.7,1.085,570
NQ_DRIVE,1008,"{'A': 2200, 'T': 240, 'x': 0.1, 'mode': 1, 'tf': 0, 'k': 0.2, 'stop': 0, 'R': 0.5, 'hold': 240}",362,61.6,0.845,-1906,298,66.8,1.097,1200,280,65.7,1.085,1025
NQ_DRIVE,1009,"{'A': 2200, 'T': 240, 'x': 0.1, 'mode': 1, 'tf': 0, 'k': 0.2, 'stop': 0, 'R': 1.0, 'hold': 240}",362,47.0,0.852,-2323,298,56.0,1.205,3174,280,55.4,1.209,3137
NQ_DRIVE,1010,"{'A': 2200, 'T': 240, 'x': 0.1, 'mode': 1, 'tf': 0, 'k': 0.2, 'stop': 0, 'R': 2.0, 'hold': 240}",362,44.5,0.963,-606,298,49.7,1.114,1919,280,48.9,1.124,2020
NQ_DRIVE,1011,"{'A': 2200, 'T': 240, 'x': 0.1, 'mode': 1, 'tf': 0, 'k': 0.35, 'stop': 0, 'R': 0.5, 'hold': 240}",362,52.5,0.863,-2298,298,57.7,0.977,-400,280,57.5,1.006,105
NQ_DRIVE,1016,"{'A': 2200, 'T': 240, 'x': 0.1, 'mode': 1, 'tf': 1, 'k': 0.2, 'stop': 0, 'R': 2.0, 'hold': 240}",188,46.3,0.956,-343,141,44.0,0.941,-551,112,43.8,0.994,-46
NQ_DRIVE,1017,"{'A': 2200, 'T': 240, 'x': 0.1, 'mode': 1, 'tf': 1, 'k': 0.35, 'stop': 0, 'R': 0.5, 'hold': 240}",188,54.8,0.869,-1103,141,55.3,0.842,-1495,112,54.5,0.831,-1371
NQ_DRIVE,1018,"{'A': 2200, 'T': 240, 'x': 0.1, 'mode': 1, 'tf': 1, 'k': 0.35, 'stop': 0, 'R': 1.0, 'hold': 240}",188,49.5,0.864,-1238,141,45.4,0.797,-2189,112,44.6,0.772,-2121
NQ_DRIVE,1019,"{'A': 2200, 'T': 240, 'x': 0.1, 'mode': 1, 'tf': 1, 'k': 0.35, 'stop': 0, 'R': 2.0, 'hold': 240}",188,49.5,0.896,-953,141,44.7,0.729,-3025,112,43.8,0.709,-2818
NQ_DRIVE,1028,"{'A': 2200, 'T': 240, 'x': 0.1, 'mode': -1, 'tf': 1, 'k': 0.2, 'stop': 0, 'R': 2.0, 'hold': 240}",162,48.1,1.003,23,150,39.3,0.829,-1681,132,37.9,0.799,-1823
NQ_DRIVE,1029,"{'A': 2200, 'T': 240, 'x': 0.1, 'mode': -1, 'tf': 1, 'k': 0.35, 'stop': 0, 'R': 0.5, 'hold': 240}",162,55.6,0.938,-483,150,44.0,0.627,-3872,132,43.9,0.613,-3677
NQ_DRIVE,1030,"{'A': 2200, 'T': 240, 'x': 0.1, 'mode': -1, 'tf': 1, 'k': 0.35, 'stop': 0, 'R': 1.0, 'hold': 240}",162,51.2,0.927,-617,150,42.7,0.791,-2170,132,41.7,0.77,-2187
NQ_DRIVE,1031,"{'A': 2200, 'T': 240, 'x': 0.1, 'mode': -1, 'tf': 1, 'k': 0.35, 'stop': 0, 'R': 2.0, 'hold': 240}",162,49.4,0.864,-1192,150,41.3,0.698,-3185,132,40.2,0.657,-3321
NQ_DRIVE,1032,"{'A': 2200, 'T': 240, 'x': 0.2, 'mode': 1, 'tf': 0, 'k': 0.2, 'stop': 0, 'R': 0.5, 'hold': 240}",116,57.8,0.673,-1569,97,73.2,1.337,1279,93,72.0,1.292,1124
NQ_DRIVE,1033,"{'A': 2200, 'T': 240, 'x': 0.2, 'mode': 1, 'tf': 0, 'k': 0.2, 'stop': 0, 'R': 1.0, 'hold': 240}",116,37.9,0.57,-2756,97,61.9,1.459,2366,93,61.3,1.45,2312
NQ_DRIVE,1034,"{'A': 2200, 'T': 240, 'x': 0.2, 'mode': 1, 'tf': 0, 'k': 0.2, 'stop': 0, 'R': 2.0, 'hold': 240}",116,36.2,0.672,-2162,97,51.5,1.213,1287,93,50.5,1.21,1268
NQ_DRIVE,1035,"{'A': 2200, 'T': 240, 'x': 0.2, 'mode': 1, 'tf': 0, 'k': 0.35, 'stop': 0, 'R': 0.5, 'hold': 240}",116,44.8,0.587,-2914,97,62.9,1.051,337,93,63.4,1.072,477
NQ_DRIVE,1040,"{'A': 2200, 'T': 240, 'x': 0.2, 'mode': 1, 'tf': 1, 'k': 0.2, 'stop': 0, 'R': 2.0, 'hold': 240}",56,44.6,0.842,-463,43,44.2,0.867,-491,33,39.4,0.794,-658
NQ_DRIVE,1041,"{'A': 2200, 'T': 240, 'x': 0.2, 'mode': 1, 'tf': 1, 'k': 0.35, 'stop': 0, 'R': 0.5, 'hold': 240}",56,50.0,0.605,-1392,43,62.8,0.774,-903,33,60.6,0.722,-1013
NQ_DRIVE,1042,"{'A': 2200, 'T': 240, 'x': 0.2, 'mode': 1, 'tf': 1, 'k': 0.35, 'stop': 0, 'R': 1.0, 'hold': 240}",56,44.6,0.644,-1312,43,44.2,0.637,-1872,33,39.4,0.514,-2281
NQ_DRIVE,1043,"{'A': 2200, 'T': 240, 'x': 0.2, 'mode': 1, 'tf': 1, 'k': 0.35, 'stop': 0, 'R': 2.0, 'hold': 240}",56,44.6,0.778,-818,43,41.9,0.483,-2856,33,36.4,0.416,-2962
NQ_DRIVE,1036,"{'A': 2200, 'T': 240, 'x': 0.2, 'mode': 1, 'tf': 0, 'k': 0.35, 'stop': 0, 'R': 1.0, 'hold': 240}",116,38.8,0.611,-2899,97,51.5,1.01,76,93,50.5,0.966,-268
NQ_DRIVE,1037,"{'A': 2200, 'T': 240, 'x': 0.2, 'mode': 1, 'tf': 0, 'k': 0.35, 'stop': 0, 'R': 2.0, 'hold': 240}",116,38.8,0.698,-2253,97,50.5,0.867,-1098,93,49.5,0.854,-1209
NQ_DRIVE,1038,"{'A': 2200, 'T': 240, 'x': 0.2, 'mode': 1, 'tf': 1, 'k': 0.2, 'stop': 0, 'R': 0.5, 'hold': 240}",56,67.9,0.984,-29,43,69.8,0.881,-281,33,66.7,0.809,-398
NQ_DRIVE,1039,"{'A': 2200, 'T': 240, 'x': 0.2, 'mode': 1, 'tf': 1, 'k': 0.2, 'stop': 0, 'R': 1.0, 'hold': 240}",56,48.2,0.818,-502,43,62.8,1.237,675,33,60.6,1.228,558
NQ_DRIVE,1020,"{'A': 2200, 'T': 240, 'x': 0.1, 'mode': -1, 'tf': 0, 'k': 0.2, 'stop': 0, 'R': 0.5, 'hold': 240}",362,64.4,1.015,167,298,56.4,0.762,-3564,280,54.6,0.706,-4504
NQ_DRIVE,1021,"{'A': 2200, 'T': 240, 'x': 0.1, 'mode': -1, 'tf': 0, 'k': 0.2, 'stop': 0, 'R': 1.0, 'hold': 240}",362,50.8,1.016,235,298,42.6,0.752,-4858,280,43.2,0.754,-4668
NQ_DRIVE,1022,"{'A': 2200, 'T': 240, 'x': 0.1, 'mode': -1, 'tf': 0, 'k': 0.2, 'stop': 0, 'R': 2.0, 'hold': 240}",362,46.4,1.032,508,298,40.9,0.85,-2992,280,41.4,0.842,-3052
NQ_DRIVE,1023,"{'A': 2200, 'T': 240, 'x': 0.1, 'mode': -1, 'tf': 0, 'k': 0.35, 'stop': 0, 'R': 0.5, 'hold': 240}",362,54.7,0.953,-715,298,49.0,0.746,-5047,280,49.6,0.759,-4569
NQ_DRIVE,1024,"{'A': 2200, 'T': 240, 'x': 0.1, 'mode': -1, 'tf': 0, 'k': 0.35, 'stop': 0, 'R': 1.0, 'hold': 240}",362,49.7,0.973,-462,298,47.0,0.926,-1475,280,48.2,0.944,-1062
NQ_DRIVE,1025,"{'A': 2200, 'T': 240, 'x': 0.1, 'mode': -1, 'tf': 0, 'k': 0.35, 'stop': 0, 'R': 2.0, 'hold': 240}",362,47.8,0.911,-1614,298,45.6,0.886,-2316,280,46.8,0.895,-2022
NQ_DRIVE,1026,"{'A': 2200, 'T': 240, 'x': 0.1, 'mode': -1, 'tf': 1, 'k': 0.2, 'stop': 0, 'R': 0.5, 'hold': 240}",162,70.4,1.274,1226,150,53.3,0.69,-2439,132,51.5,0.626,-2815
NQ_DRIVE,1027,"{'A': 2200, 'T': 240, 'x': 0.1, 'mode': -1, 'tf': 1, 'k': 0.2, 'stop': 0, 'R': 1.0, 'hold': 240}",162,53.7,1.13,837,150,40.0,0.698,-2961,132,39.4,0.68,-2894
NQ_DRIVE,1044,"{'A': 2200, 'T': 240, 'x': 0.2, 'mode': -1, 'tf': 0, 'k': 0.2, 'stop': 0, 'R': 0.5, 'hold': 240}",116,72.4,1.434,1237,97,57.7,0.74,-1466,93,55.9,0.727,-1536
NQ_DRIVE,1045,"{'A': 2200, 'T': 240, 'x': 0.2, 'mode': -1, 'tf': 0, 'k': 0.2, 'stop': 0, 'R': 1.0, 'hold': 240}",116,59.5,1.518,2018,97,38.1,0.627,-2949,93,38.7,0.637,-2816
NQ_DRIVE,1046,"{'A': 2200, 'T': 240, 'x': 0.2, 'mode': -1, 'tf': 0, 'k': 0.2, 'stop': 0, 'R': 2.0, 'hold': 240}",116,54.3,1.536,2374,97,37.1,0.805,-1543,93,37.6,0.82,-1400
NQ_DRIVE,1047,"{'A': 2200, 'T': 240, 'x': 0.2, 'mode': -1, 'tf': 0, 'k': 0.35, 'stop': 0, 'R': 0.5, 'hold': 240}",116,62.9,1.374,1576,97,47.4,0.625,-3104,93,48.4,0.654,-2740
NQ_DRIVE,1048,"{'A': 2200, 'T': 240, 'x': 0.2, 'mode': -1, 'tf': 0, 'k': 0.35, 'stop': 0, 'R': 1.0, 'hold': 240}",116,58.6,1.466,2246,97,46.4,0.925,-622,93,47.3,0.968,-255
NQ_DRIVE,1049,"{'A': 2200, 'T': 240, 'x': 0.2, 'mode': -1, 'tf': 0, 'k': 0.35, 'stop': 0, 'R': 2.0, 'hold': 240}",116,55.2,1.371,1921,97,45.4,0.849,-1269,93,46.2,0.881,-951
NQ_DRIVE,1050,"{'A': 2200, 'T': 240, 'x': 0.2, 'mode': -1, 'tf': 1, 'k': 0.2, 'stop': 0, 'R': 0.5, 'hold': 240}",58,82.8,2.535,1418,52,57.7,0.699,-905,48,50.0,0.56,-1417
NQ_DRIVE,1051,"{'A': 2200, 'T': 240, 'x': 0.2, 'mode': -1, 'tf': 1, 'k': 0.2, 'stop': 0, 'R': 1.0, 'hold': 240}",58,67.2,2.263,1838,52,38.5,0.533,-1913,48,33.3,0.43,-2401
NQ_DRIVE,1052,"{'A': 2200, 'T': 240, 'x': 0.2, 'mode': -1, 'tf': 1, 'k': 0.2, 'stop': 0, 'R': 2.0, 'hold': 240}",58,58.6,1.693,1331,52,36.5,0.617,-1568,48,31.2,0.491,-2144
NQ_DRIVE,1053,"{'A': 2200, 'T': 240, 'x': 0.2, 'mode': -1, 'tf': 1, 'k': 0.35, 'stop': 0, 'R': 0.5, 'hold': 240}",58,69.0,1.699,1309,52,42.3,0.438,-2617,48,35.4,0.325,-3472
NQ_DRIVE,1054,"{'A': 2200, 'T': 240, 'x': 0.2, 'mode': -1, 'tf': 1, 'k': 0.35, 'stop': 0, 'R': 1.0, 'hold': 240}",58,62.1,1.558,1265,52,40.4,0.565,-2026,48,33.3,0.421,-2978
NQ_DRIVE,1055,"{'A': 2200, 'T': 240, 'x': 0.2, 'mode': -1, 'tf': 1, 'k': 0.35, 'stop': 0, 'R': 2.0, 'hold': 240}",58,58.6,1.468,1113,52,38.5,0.348,-3105,48,31.2,0.218,-4105
NQ_DRIVE,1056,"{'A': 2200, 'T': 240, 'x': 0.35, 'mode': 1, 'tf': 0, 'k': 0.2, 'stop': 0, 'R': 0.5, 'hold': 240}",31,58.1,0.584,-607,26,76.9,1.956,824,24,75.0,1.803,703
NQ_DRIVE,1057,"{'A': 2200, 'T': 240, 'x': 0.35, 'mode': 1, 'tf': 0, 'k': 0.2, 'stop': 0, 'R': 1.0, 'hold': 240}",31,32.3,0.465,-1156,26,61.5,1.555,905,24,62.5,1.516,811
NQ_DRIVE,1058,"{'A': 2200, 'T': 240, 'x': 0.35, 'mode': 1, 'tf': 0, 'k': 0.2, 'stop': 0, 'R': 2.0, 'hold': 240}",31,29.0,0.72,-649,26,46.2,1.219,432,24,45.8,1.173,331
NQ_DRIVE,1059,"{'A': 2200, 'T': 240, 'x': 0.35, 'mode': 1, 'tf': 0, 'k': 0.35, 'stop': 0, 'R': 0.5, 'hold': 240}",31,45.2,0.458,-1462,26,61.5,0.949,-119,24,62.5,0.909,-208
NQ_DRIVE,1060,"{'A': 2200, 'T': 240, 'x': 0.35, 'mode': 1, 'tf': 0, 'k': 0.35, 'stop': 0, 'R': 1.0, 'hold': 240}",31,35.5,0.63,-1069,26,46.2,1.024,67,24,45.8,0.861,-381
NQ_DRIVE,1061,"{'A': 2200, 'T': 240, 'x': 0.35, 'mode': 1, 'tf': 0, 'k': 0.35, 'stop': 0, 'R': 2.0, 'hold': 240}",31,35.5,0.851,-430,26,42.3,0.671,-1039,24,41.7,0.626,-1167
NQ_DRIVE,1062,"{'A': 2200, 'T': 240, 'x': 0.35, 'mode': 1, 'tf': 1, 'k': 0.2, 'stop': 0, 'R': 0.5, 'hold': 240}",16,68.8,,-16,11,81.8,,444,9,88.9,,508
NQ_DRIVE,1063,"{'A': 2200, 'T': 240, 'x': 0.35, 'mode': 1, 'tf': 1, 'k': 0.2, 'stop': 0, 'R': 1.0, 'hold': 240}",16,37.5,,-421,11,63.6,,507,9,66.7,,488
NQ_DRIVE,1064,"{'A': 2200, 'T': 240, 'x': 0.35, 'mode': 1, 'tf': 1, 'k': 0.2, 'stop': 0, 'R': 2.0, 'hold': 240}",16,31.2,,-284,11,36.4,,-175,9,33.3,,-201
NQ_DRIVE,1065,"{'A': 2200, 'T': 240, 'x': 0.35, 'mode': 1, 'tf': 1, 'k': 0.35, 'stop': 0, 'R': 0.5, 'hold': 240}",16,37.5,,-1081,11,63.6,,91,9,66.7,,195
NQ_DRIVE,1066,"{'A': 2200, 'T': 240, 'x': 0.35, 'mode': 1, 'tf': 1, 'k': 0.35, 'stop': 0, 'R': 1.0, 'hold': 240}",16,31.2,,-792,11,36.4,,-251,9,33.3,,-508
NQ_DRIVE,1067,"{'A': 2200, 'T': 240, 'x': 0.35, 'mode': 1, 'tf': 1, 'k': 0.35, 'stop': 0, 'R': 2.0, 'hold': 240}",16,31.2,,-332,11,27.3,,-1326,9,22.2,,-1254
NQ_DRIVE,1072,"{'A': 2200, 'T': 240, 'x': 0.35, 'mode': -1, 'tf': 0, 'k': 0.35, 'stop': 0, 'R': 1.0, 'hold': 240}",31,64.5,1.479,900,26,50.0,0.928,-211,24,50.0,1.102,248
NQ_DRIVE,1073,"{'A': 2200, 'T': 240, 'x': 0.35, 'mode': -1, 'tf': 0, 'k': 0.35, 'stop': 0, 'R': 2.0, 'hold': 240}",31,54.8,1.356,794,26,46.2,0.791,-632,24,45.8,0.922,-197
NQ_DRIVE,1074,"{'A': 2200, 'T': 240, 'x': 0.35, 'mode': -1, 'tf': 1, 'k': 0.2, 'stop': 0, 'R': 0.5, 'hold': 240}",15,80.0,,294,14,64.3,,-29,12,58.3,,-129
NQ_DRIVE,1075,"{'A': 2200, 'T': 240, 'x': 0.35, 'mode': -1, 'tf': 1, 'k': 0.2, 'stop': 0, 'R': 1.0, 'hold': 240}",15,73.3,,655,14,42.9,,-346,12,33.3,,-566
NQ_DRIVE,1076,"{'A': 2200, 'T': 240, 'x': 0.35, 'mode': -1, 'tf': 1, 'k': 0.2, 'stop': 0, 'R': 2.0, 'hold': 240}",15,53.3,,378,14,42.9,,270,12,33.3,,-96
NQ_DRIVE,1077,"{'A': 2200, 'T': 240, 'x': 0.35, 'mode': -1, 'tf': 1, 'k': 0.35, 'stop': 0, 'R': 0.5, 'hold': 240}",15,73.3,,247,14,50.0,,-735,12,41.7,,-929
NQ_DRIVE,1078,"{'A': 2200, 'T': 240, 'x': 0.35, 'mode': -1, 'tf': 1, 'k': 0.35, 'stop': 0, 'R': 1.0, 'hold': 240}",15,60.0,,196,14,50.0,,-171,12,41.7,,-501
NQ_DRIVE,1079,"{'A': 2200, 'T': 240, 'x': 0.35, 'mode': -1, 'tf': 1, 'k': 0.35, 'stop': 0, 'R': 2.0, 'hold': 240}",15,53.3,,133,14,42.9,,-1023,12,33.3,,-1395
NQ_DRIVE,1068,"{'A': 2200, 'T': 240, 'x': 0.35, 'mode': -1, 'tf': 0, 'k': 0.2, 'stop': 0, 'R': 0.5, 'hold': 240}",31,74.2,1.217,200,26,57.7,0.762,-397,24,58.3,0.833,-253
NQ_DRIVE,1069,"{'A': 2200, 'T': 240, 'x': 0.35, 'mode': -1, 'tf': 0, 'k': 0.2, 'stop': 0, 'R': 1.0, 'hold': 240}",31,67.7,1.935,990,26,38.5,0.602,-1044,24,37.5,0.619,-939
NQ_DRIVE,1070,"{'A': 2200, 'T': 240, 'x': 0.35, 'mode': -1, 'tf': 0, 'k': 0.2, 'stop': 0, 'R': 2.0, 'hold': 240}",31,54.8,1.88,1289,26,38.5,0.966,-88,24,37.5,1.014,34
NQ_DRIVE,1071,"{'A': 2200, 'T': 240, 'x': 0.35, 'mode': -1, 'tf': 0, 'k': 0.35, 'stop': 0, 'R': 0.5, 'hold': 240}",31,71.0,1.249,388,26,50.0,0.569,-1259,24,50.0,0.668,-805
NQ_DRIVE,1080,"{'A': 2300, 'T': 15, 'x': 0.1, 'mode': 1, 'tf': 0, 'k': 0.2, 'stop': 0, 'R': 0.5, 'hold': 240}",16,75.0,,237,15,66.7,,251,14,64.3,,203
NQ_DRIVE,1081,"{'A': 2300, 'T': 15, 'x': 0.1, 'mode': 1, 'tf': 0, 'k': 0.2, 'stop': 0, 'R': 1.0, 'hold': 240}",16,62.5,,377,15,60.0,,852,14,57.1,,775
NQ_DRIVE,1082,"{'A': 2300, 'T': 15, 'x': 0.1, 'mode': 1, 'tf': 0, 'k': 0.2, 'stop': 0, 'R': 2.0, 'hold': 240}",16,56.2,,765,15,53.3,,1033,14,50.0,,955
NQ_DRIVE,1083,"{'A': 2300, 'T': 15, 'x': 0.1, 'mode': 1, 'tf': 0, 'k': 0.35, 'stop': 0, 'R': 0.5, 'hold': 240}",16,68.8,,519,15,66.7,,850,14,64.3,,765
NQ_DRIVE,1084,"{'A': 2300, 'T': 15, 'x': 0.1, 'mode': 1, 'tf': 0, 'k': 0.35, 'stop': 0, 'R': 1.0, 'hold': 240}",16,56.2,,733,15,60.0,,1207,14,57.1,,1131
NQ_DRIVE,1085,"{'A': 2300, 'T': 15, 'x': 0.1, 'mode': 1, 'tf': 0, 'k': 0.35, 'stop': 0, 'R': 2.0, 'hold': 240}",16,50.0,,519,15,60.0,,1265,14,57.1,,1182
NQ_DRIVE,1086,"{'A': 2300, 'T': 15, 'x': 0.1, 'mode': 1, 'tf': 1, 'k': 0.2, 'stop': 0, 'R': 0.5, 'hold': 240}",6,100.0,,166,7,71.4,,125,5,80.0,,216
NQ_DRIVE,1087,"{'A': 2300, 'T': 15, 'x': 0.1, 'mode': 1, 'tf': 1, 'k': 0.2, 'stop': 0, 'R': 1.0, 'hold': 240}",6,100.0,,252,7,57.1,,292,5,60.0,,351
NQ_DRIVE,1088,"{'A': 2300, 'T': 15, 'x': 0.1, 'mode': 1, 'tf': 1, 'k': 0.2, 'stop': 0, 'R': 2.0, 'hold': 240}",6,83.3,,332,7,42.9,,436,5,40.0,,499
NQ_DRIVE,1089,"{'A': 2300, 'T': 15, 'x': 0.1, 'mode': 1, 'tf': 1, 'k': 0.35, 'stop': 0, 'R': 0.5, 'hold': 240}",6,100.0,,264,7,57.1,,134,5,60.0,,284
NQ_DRIVE,1090,"{'A': 2300, 'T': 15, 'x': 0.1, 'mode': 1, 'tf': 1, 'k': 0.35, 'stop': 0, 'R': 1.0, 'hold': 240}",6,83.3,,309,7,42.9,,245,5,40.0,,408
NQ_DRIVE,1091,"{'A': 2300, 'T': 15, 'x': 0.1, 'mode': 1, 'tf': 1, 'k': 0.35, 'stop': 0, 'R': 2.0, 'hold': 240}",6,66.7,,163,7,42.9,,332,5,40.0,,494
NQ_DRIVE,1092,"{'A': 2300, 'T': 15, 'x': 0.1, 'mode': -1, 'tf': 0, 'k': 0.2, 'stop': 0, 'R': 0.5, 'hold': 240}",16,56.2,,-103,15,53.3,,-606,14,50.0,,-653
NQ_DRIVE,1093,"{'A': 2300, 'T': 15, 'x': 0.1, 'mode': -1, 'tf': 0, 'k': 0.2, 'stop': 0, 'R': 1.0, 'hold': 240}",16,31.2,,-466,15,40.0,,-934,14,42.9,,-850
NQ_DRIVE,1094,"{'A': 2300, 'T': 15, 'x': 0.1, 'mode': -1, 'tf': 0, 'k': 0.2, 'stop': 0, 'R': 2.0, 'hold': 240}",16,31.2,,-514,15,33.3,,-1080,14,35.7,,-997
NQ_DRIVE,1095,"{'A': 2300, 'T': 15, 'x': 0.1, 'mode': -1, 'tf': 0, 'k': 0.35, 'stop': 0, 'R': 0.5, 'hold': 240}",16,31.2,,-771,15,46.7,,-1157,14,50.0,,-1069
NQ_DRIVE,1096,"{'A': 2300, 'T': 15, 'x': 0.1, 'mode': -1, 'tf': 0, 'k': 0.35, 'stop': 0, 'R': 1.0, 'hold': 240}",16,31.2,,-823,15,40.0,,-1292,14,42.9,,-1209
NQ_DRIVE,1097,"{'A': 2300, 'T': 15, 'x': 0.1, 'mode': -1, 'tf': 0, 'k': 0.35, 'stop': 0, 'R': 2.0, 'hold': 240}",16,31.2,,-833,15,40.0,,-1240,14,42.9,,-1166
NQ_DRIVE,1098,"{'A': 2300, 'T': 15, 'x': 0.1, 'mode': -1, 'tf': 1, 'k': 0.2, 'stop': 0, 'R': 0.5, 'hold': 240}",10,70.0,,11,8,50.0,,-290,8,50.0,,-295
NQ_DRIVE,1099,"{'A': 2300, 'T': 15, 'x': 0.1, 'mode': -1, 'tf': 1, 'k': 0.2, 'stop': 0, 'R': 1.0, 'hold': 240}",10,50.0,,-180,8,37.5,,-603,8,37.5,,-608
NQ_DRIVE,1104,"{'A': 2300, 'T': 15, 'x': 0.2, 'mode': 1, 'tf': 0, 'k': 0.2, 'stop': 0, 'R': 0.5, 'hold': 240}",2,50.0,,-8,0,,,0,0,,,0
NQ_DRIVE,1105,"{'A': 2300, 'T': 15, 'x': 0.2, 'mode': 1, 'tf': 0, 'k': 0.2, 'stop': 0, 'R': 1.0, 'hold': 240}",2,50.0,,29,0,,,0,0,,,0
NQ_DRIVE,1106,"{'A': 2300, 'T': 15, 'x': 0.2, 'mode': 1, 'tf': 0, 'k': 0.2, 'stop': 0, 'R': 2.0, 'hold': 240}",2,50.0,,103,0,,,0,0,,,0
NQ_DRIVE,1107,"{'A': 2300, 'T': 15, 'x': 0.2, 'mode': 1, 'tf': 0, 'k': 0.35, 'stop': 0, 'R': 0.5, 'hold': 240}",2,50.0,,20,0,,,0,0,,,0
NQ_DRIVE,1112,"{'A': 2300, 'T': 15, 'x': 0.2, 'mode': 1, 'tf': 1, 'k': 0.2, 'stop': 0, 'R': 2.0, 'hold': 240}",1,100.0,,150,0,,,0,0,,,0
NQ_DRIVE,1113,"{'A': 2300, 'T': 15, 'x': 0.2, 'mode': 1, 'tf': 1, 'k': 0.35, 'stop': 0, 'R': 0.5, 'hold': 240}",1,100.0,,67,0,,,0,0,,,0
NQ_DRIVE,1114,"{'A': 2300, 'T': 15, 'x': 0.2, 'mode': 1, 'tf': 1, 'k': 0.35, 'stop': 0, 'R': 1.0, 'hold': 240}",1,100.0,,132,0,,,0,0,,,0
NQ_DRIVE,1115,"{'A': 2300, 'T': 15, 'x': 0.2, 'mode': 1, 'tf': 1, 'k': 0.35, 'stop': 0, 'R': 2.0, 'hold': 240}",1,0.0,,-19,0,,,0,0,,,0
NQ_DRIVE,1100,"{'A': 2300, 'T': 15, 'x': 0.1, 'mode': -1, 'tf': 1, 'k': 0.2, 'stop': 0, 'R': 2.0, 'hold': 240}",10,50.0,,-228,8,25.0,,-883,8,25.0,,-893
NQ_DRIVE,1101,"{'A': 2300, 'T': 15, 'x': 0.1, 'mode': -1, 'tf': 1, 'k': 0.35, 'stop': 0, 'R': 0.5, 'hold': 240}",10,50.0,,-428,8,37.5,,-766,8,37.5,,-769
NQ_DRIVE,1102,"{'A': 2300, 'T': 15, 'x': 0.1, 'mode': -1, 'tf': 1, 'k': 0.35, 'stop': 0, 'R': 1.0, 'hold': 240}",10,50.0,,-480,8,25.0,,-1007,8,25.0,,-1013
NQ_DRIVE,1103,"{'A': 2300, 'T': 15, 'x': 0.1, 'mode': -1, 'tf': 1, 'k': 0.35, 'stop': 0, 'R': 2.0, 'hold': 240}",10,50.0,,-490,8,25.0,,-1007,8,25.0,,-1013
NQ_DRIVE,1108,"{'A': 2300, 'T': 15, 'x': 0.2, 'mode': 1, 'tf': 0, 'k': 0.35, 'stop': 0, 'R': 1.0, 'hold': 240}",2,50.0,,84,0,,,0,0,,,0
NQ_DRIVE,1109,"{'A': 2300, 'T': 15, 'x': 0.2, 'mode': 1, 'tf': 0, 'k': 0.35, 'stop': 0, 'R': 2.0, 'hold': 240}",2,0.0,,-67,0,,,0,0,,,0
NQ_DRIVE,1110,"{'A': 2300, 'T': 15, 'x': 0.2, 'mode': 1, 'tf': 1, 'k': 0.2, 'stop': 0, 'R': 0.5, 'hold': 240}",1,100.0,,39,0,,,0,0,,,0
NQ_DRIVE,1111,"{'A': 2300, 'T': 15, 'x': 0.2, 'mode': 1, 'tf': 1, 'k': 0.2, 'stop': 0, 'R': 1.0, 'hold': 240}",1,100.0,,76,0,,,0,0,,,0
NQ_DRIVE,1116,"{'A': 2300, 'T': 15, 'x': 0.2, 'mode': -1, 'tf': 0, 'k': 0.2, 'stop': 0, 'R': 0.5, 'hold': 240}",2,50.0,,-48,0,,,0,0,,,0
NQ_DRIVE,1117,"{'A': 2300, 'T': 15, 'x': 0.2, 'mode': -1, 'tf': 0, 'k': 0.2, 'stop': 0, 'R': 1.0, 'hold': 240}",2,50.0,,-40,0,,,0,0,,,0
NQ_DRIVE,1118,"{'A': 2300, 'T': 15, 'x': 0.2, 'mode': -1, 'tf': 0, 'k': 0.2, 'stop': 0, 'R': 2.0, 'hold': 240}",2,50.0,,-40,0,,,0,0,,,0
NQ_DRIVE,1119,"{'A': 2300, 'T': 15, 'x': 0.2, 'mode': -1, 'tf': 0, 'k': 0.35, 'stop': 0, 'R': 0.5, 'hold': 240}",2,50.0,,-75,0,,,0,0,,,0
NQ_DRIVE,1120,"{'A': 2300, 'T': 15, 'x': 0.2, 'mode': -1, 'tf': 0, 'k': 0.35, 'stop': 0, 'R': 1.0, 'hold': 240}",2,50.0,,-95,0,,,0,0,,,0
NQ_DRIVE,1121,"{'A': 2300, 'T': 15, 'x': 0.2, 'mode': -1, 'tf': 0, 'k': 0.35, 'stop': 0, 'R': 2.0, 'hold': 240}",2,50.0,,-95,0,,,0,0,,,0
NQ_DRIVE,1122,"{'A': 2300, 'T': 15, 'x': 0.2, 'mode': -1, 'tf': 1, 'k': 0.2, 'stop': 0, 'R': 0.5, 'hold': 240}",1,100.0,,34,0,,,0,0,,,0
NQ_DRIVE,1123,"{'A': 2300, 'T': 15, 'x': 0.2, 'mode': -1, 'tf': 1, 'k': 0.2, 'stop': 0, 'R': 1.0, 'hold': 240}",1,100.0,,42,0,,,0,0,,,0
NQ_DRIVE,1124,"{'A': 2300, 'T': 15, 'x': 0.2, 'mode': -1, 'tf': 1, 'k': 0.2, 'stop': 0, 'R': 2.0, 'hold': 240}",1,100.0,,42,0,,,0,0,,,0
NQ_DRIVE,1125,"{'A': 2300, 'T': 15, 'x': 0.2, 'mode': -1, 'tf': 1, 'k': 0.35, 'stop': 0, 'R': 0.5, 'hold': 240}",1,100.0,,62,0,,,0,0,,,0
NQ_DRIVE,1126,"{'A': 2300, 'T': 15, 'x': 0.2, 'mode': -1, 'tf': 1, 'k': 0.35, 'stop': 0, 'R': 1.0, 'hold': 240}",1,100.0,,42,0,,,0,0,,,0
NQ_DRIVE,1127,"{'A': 2300, 'T': 15, 'x': 0.2, 'mode': -1, 'tf': 1, 'k': 0.35, 'stop': 0, 'R': 2.0, 'hold': 240}",1,100.0,,42,0,,,0,0,,,0
NQ_DRIVE,1128,"{'A': 2300, 'T': 15, 'x': 0.35, 'mode': 1, 'tf': 0, 'k': 0.2, 'stop': 0, 'R': 0.5, 'hold': 240}",0,,,0,0,,,0,0,,,0
NQ_DRIVE,1129,"{'A': 2300, 'T': 15, 'x': 0.35, 'mode': 1, 'tf': 0, 'k': 0.2, 'stop': 0, 'R': 1.0, 'hold': 240}",0,,,0,0,,,0,0,,,0
NQ_DRIVE,1130,"{'A': 2300, 'T': 15, 'x': 0.35, 'mode': 1, 'tf': 0, 'k': 0.2, 'stop': 0, 'R': 2.0, 'hold': 240}",0,,,0,0,,,0,0,,,0
NQ_DRIVE,1131,"{'A': 2300, 'T': 15, 'x': 0.35, 'mode': 1, 'tf': 0, 'k': 0.35, 'stop': 0, 'R': 0.5, 'hold': 240}",0,,,0,0,,,0,0,,,0
NQ_DRIVE,1132,"{'A': 2300, 'T': 15, 'x': 0.35, 'mode': 1, 'tf': 0, 'k': 0.35, 'stop': 0, 'R': 1.0, 'hold': 240}",0,,,0,0,,,0,0,,,0
NQ_DRIVE,1133,"{'A': 2300, 'T': 15, 'x': 0.35, 'mode': 1, 'tf': 0, 'k': 0.35, 'stop': 0, 'R': 2.0, 'hold': 240}",0,,,0,0,,,0,0,,,0
NQ_DRIVE,1134,"{'A': 2300, 'T': 15, 'x': 0.35, 'mode': 1, 'tf': 1, 'k': 0.2, 'stop': 0, 'R': 0.5, 'hold': 240}",0,,,0,0,,,0,0,,,0
NQ_DRIVE,1135,"{'A': 2300, 'T': 15, 'x': 0.35, 'mode': 1, 'tf': 1, 'k': 0.2, 'stop': 0, 'R': 1.0, 'hold': 240}",0,,,0,0,,,0,0,,,0
NQ_DRIVE,1136,"{'A': 2300, 'T': 15, 'x': 0.35, 'mode': 1, 'tf': 1, 'k': 0.2, 'stop': 0, 'R': 2.0, 'hold': 240}",0,,,0,0,,,0,0,,,0
NQ_DRIVE,1137,"{'A': 2300, 'T': 15, 'x': 0.35, 'mode': 1, 'tf': 1, 'k': 0.35, 'stop': 0, 'R': 0.5, 'hold': 240}",0,,,0,0,,,0,0,,,0
NQ_DRIVE,1138,"{'A': 2300, 'T': 15, 'x': 0.35, 'mode': 1, 'tf': 1, 'k': 0.35, 'stop': 0, 'R': 1.0, 'hold': 240}",0,,,0,0,,,0,0,,,0
NQ_DRIVE,1139,"{'A': 2300, 'T': 15, 'x': 0.35, 'mode': 1, 'tf': 1, 'k': 0.35, 'stop': 0, 'R': 2.0, 'hold': 240}",0,,,0,0,,,0,0,,,0
NQ_DRIVE,1148,"{'A': 2300, 'T': 15, 'x': 0.35, 'mode': -1, 'tf': 1, 'k': 0.2, 'stop': 0, 'R': 2.0, 'hold': 240}",0,,,0,0,,,0,0,,,0
NQ_DRIVE,1149,"{'A': 2300, 'T': 15, 'x': 0.35, 'mode': -1, 'tf': 1, 'k': 0.35, 'stop': 0, 'R': 0.5, 'hold': 240}",0,,,0,0,,,0,0,,,0
NQ_DRIVE,1150,"{'A': 2300, 'T': 15, 'x': 0.35, 'mode': -1, 'tf': 1, 'k': 0.35, 'stop': 0, 'R': 1.0, 'hold': 240}",0,,,0,0,,,0,0,,,0
NQ_DRIVE,1151,"{'A': 2300, 'T': 15, 'x': 0.35, 'mode': -1, 'tf': 1, 'k': 0.35, 'stop': 0, 'R': 2.0, 'hold': 240}",0,,,0,0,,,0,0,,,0
NQ_DRIVE,1140,"{'A': 2300, 'T': 15, 'x': 0.35, 'mode': -1, 'tf': 0, 'k': 0.2, 'stop': 0, 'R': 0.5, 'hold': 240}",0,,,0,0,,,0,0,,,0
NQ_DRIVE,1141,"{'A': 2300, 'T': 15, 'x': 0.35, 'mode': -1, 'tf': 0, 'k': 0.2, 'stop': 0, 'R': 1.0, 'hold': 240}",0,,,0,0,,,0,0,,,0
NQ_DRIVE,1142,"{'A': 2300, 'T': 15, 'x': 0.35, 'mode': -1, 'tf': 0, 'k': 0.2, 'stop': 0, 'R': 2.0, 'hold': 240}",0,,,0,0,,,0,0,,,0
NQ_DRIVE,1143,"{'A': 2300, 'T': 15, 'x': 0.35, 'mode': -1, 'tf': 0, 'k': 0.35, 'stop': 0, 'R': 0.5, 'hold': 240}",0,,,0,0,,,0,0,,,0
NQ_DRIVE,1144,"{'A': 2300, 'T': 15, 'x': 0.35, 'mode': -1, 'tf': 0, 'k': 0.35, 'stop': 0, 'R': 1.0, 'hold': 240}",0,,,0,0,,,0,0,,,0
NQ_DRIVE,1145,"{'A': 2300, 'T': 15, 'x': 0.35, 'mode': -1, 'tf': 0, 'k': 0.35, 'stop': 0, 'R': 2.0, 'hold': 240}",0,,,0,0,,,0,0,,,0
NQ_DRIVE,1146,"{'A': 2300, 'T': 15, 'x': 0.35, 'mode': -1, 'tf': 1, 'k': 0.2, 'stop': 0, 'R': 0.5, 'hold': 240}",0,,,0,0,,,0,0,,,0
NQ_DRIVE,1147,"{'A': 2300, 'T': 15, 'x': 0.35, 'mode': -1, 'tf': 1, 'k': 0.2, 'stop': 0, 'R': 1.0, 'hold': 240}",0,,,0,0,,,0,0,,,0
NQ_DRIVE,1152,"{'A': 2300, 'T': 30, 'x': 0.1, 'mode': 1, 'tf': 0, 'k': 0.2, 'stop': 0, 'R': 0.5, 'hold': 240}",43,69.8,1.221,250,33,66.7,1.05,87,31,64.5,0.991,-16
NQ_DRIVE,1153,"{'A': 2300, 'T': 30, 'x': 0.1, 'mode': 1, 'tf': 0, 'k': 0.2, 'stop': 0, 'R': 1.0, 'hold': 240}",43,58.1,1.434,626,33,57.6,1.571,1108,31,54.8,1.596,1110
NQ_DRIVE,1154,"{'A': 2300, 'T': 30, 'x': 0.1, 'mode': 1, 'tf': 0, 'k': 0.2, 'stop': 0, 'R': 2.0, 'hold': 240}",43,53.5,1.933,1445,33,45.5,1.052,129,31,41.9,1.043,105
NQ_DRIVE,1155,"{'A': 2300, 'T': 30, 'x': 0.1, 'mode': 1, 'tf': 0, 'k': 0.35, 'stop': 0, 'R': 0.5, 'hold': 240}",43,62.8,1.568,743,33,60.6,1.203,461,31,58.1,1.215,472
NQ_DRIVE,1160,"{'A': 2300, 'T': 30, 'x': 0.1, 'mode': 1, 'tf': 1, 'k': 0.2, 'stop': 0, 'R': 2.0, 'hold': 240}",17,58.8,,809,14,42.9,,311,13,38.5,,231
NQ_DRIVE,1161,"{'A': 2300, 'T': 30, 'x': 0.1, 'mode': 1, 'tf': 1, 'k': 0.35, 'stop': 0, 'R': 0.5, 'hold': 240}",17,64.7,,257,14,57.1,,243,13,61.5,,467
NQ_DRIVE,1162,"{'A': 2300, 'T': 30, 'x': 0.1, 'mode': 1, 'tf': 1, 'k': 0.35, 'stop': 0, 'R': 1.0, 'hold': 240}",17,58.8,,525,14,50.0,,291,13,46.2,,148
NQ_DRIVE,1163,"{'A': 2300, 'T': 30, 'x': 0.1, 'mode': 1, 'tf': 1, 'k': 0.35, 'stop': 0, 'R': 2.0, 'hold': 240}",17,52.9,,389,14,50.0,,910,13,46.2,,827
NQ_DRIVE,1156,"{'A': 2300, 'T': 30, 'x': 0.1, 'mode': 1, 'tf': 0, 'k': 0.35, 'stop': 0, 'R': 1.0, 'hold': 240}",43,58.1,1.978,1447,33,51.5,1.175,497,31,48.4,1.152,421
NQ_DRIVE,1157,"{'A': 2300, 'T': 30, 'x': 0.1, 'mode': 1, 'tf': 0, 'k': 0.35, 'stop': 0, 'R': 2.0, 'hold': 240}",43,55.8,1.831,1259,33,48.5,1.087,254,31,45.2,1.08,228
NQ_DRIVE,1158,"{'A': 2300, 'T': 30, 'x': 0.1, 'mode': 1, 'tf': 1, 'k': 0.2, 'stop': 0, 'R': 0.5, 'hold': 240}",17,70.6,,163,14,64.3,,-26,13,61.5,,-6
NQ_DRIVE,1159,"{'A': 2300, 'T': 30, 'x': 0.1, 'mode': 1, 'tf': 1, 'k': 0.2, 'stop': 0, 'R': 1.0, 'hold': 240}",17,64.7,,520,14,50.0,,177,13,53.8,,422
NQ_DRIVE,1164,"{'A': 2300, 'T': 30, 'x': 0.1, 'mode': -1, 'tf': 0, 'k': 0.2, 'stop': 0, 'R': 0.5, 'hold': 240}",43,55.8,0.709,-484,33,51.5,0.483,-1385,31,51.6,0.487,-1329
NQ_DRIVE,1165,"{'A': 2300, 'T': 30, 'x': 0.1, 'mode': -1, 'tf': 0, 'k': 0.2, 'stop': 0, 'R': 1.0, 'hold': 240}",43,41.9,0.609,-861,33,39.4,0.592,-1286,31,38.7,0.584,-1277
NQ_DRIVE,1166,"{'A': 2300, 'T': 30, 'x': 0.1, 'mode': -1, 'tf': 0, 'k': 0.2, 'stop': 0, 'R': 2.0, 'hold': 240}",43,37.2,0.485,-1241,33,36.4,0.693,-972,31,35.5,0.689,-964
NQ_DRIVE,1167,"{'A': 2300, 'T': 30, 'x': 0.1, 'mode': -1, 'tf': 0, 'k': 0.35, 'stop': 0, 'R': 0.5, 'hold': 240}",43,48.8,0.512,-1352,33,48.5,0.6,-1369,31,48.4,0.611,-1269
NQ_DRIVE,1168,"{'A': 2300, 'T': 30, 'x': 0.1, 'mode': -1, 'tf': 0, 'k': 0.35, 'stop': 0, 'R': 1.0, 'hold': 240}",43,41.9,0.449,-1689,33,45.5,0.802,-682,31,45.2,0.819,-595
NQ_DRIVE,1169,"{'A': 2300, 'T': 30, 'x': 0.1, 'mode': -1, 'tf': 0, 'k': 0.35, 'stop': 0, 'R': 2.0, 'hold': 240}",43,41.9,0.531,-1438,33,45.5,0.826,-600,31,45.2,0.84,-525
NQ_DRIVE,1170,"{'A': 2300, 'T': 30, 'x': 0.1, 'mode': -1, 'tf': 1, 'k': 0.2, 'stop': 0, 'R': 0.5, 'hold': 240}",26,61.5,0.947,-45,19,52.6,,-753,17,52.9,,-588
NQ_DRIVE,1171,"{'A': 2300, 'T': 30, 'x': 0.1, 'mode': -1, 'tf': 1, 'k': 0.2, 'stop': 0, 'R': 1.0, 'hold': 240}",26,46.2,0.788,-249,19,31.6,,-1033,17,29.4,,-952
NQ_DRIVE,1172,"{'A': 2300, 'T': 30, 'x': 0.1, 'mode': -1, 'tf': 1, 'k': 0.2, 'stop': 0, 'R': 2.0, 'hold': 240}",26,38.5,0.437,-780,19,31.6,,-594,17,29.4,,-516
NQ_DRIVE,1173,"{'A': 2300, 'T': 30, 'x': 0.1, 'mode': -1, 'tf': 1, 'k': 0.35, 'stop': 0, 'R': 0.5, 'hold': 240}",26,53.8,0.702,-416,19,42.1,,-932,17,35.3,,-1137
NQ_DRIVE,1174,"{'A': 2300, 'T': 30, 'x': 0.1, 'mode': -1, 'tf': 1, 'k': 0.35, 'stop': 0, 'R': 1.0, 'hold': 240}",26,42.3,0.366,-1071,19,42.1,,-311,17,35.3,,-540
NQ_DRIVE,1175,"{'A': 2300, 'T': 30, 'x': 0.1, 'mode': -1, 'tf': 1, 'k': 0.35, 'stop': 0, 'R': 2.0, 'hold': 240}",26,42.3,0.366,-1071,19,42.1,,-218,17,35.3,,-457
NQ_DRIVE,1176,"{'A': 2300, 'T': 30, 'x': 0.2, 'mode': 1, 'tf': 0, 'k': 0.2, 'stop': 0, 'R': 0.5, 'hold': 240}",3,66.7,,-31,1,0.0,,-166,1,0.0,,-173
NQ_DRIVE,1177,"{'A': 2300, 'T': 30, 'x': 0.2, 'mode': 1, 'tf': 0, 'k': 0.2, 'stop': 0, 'R': 1.0, 'hold': 240}",3,66.7,,49,1,0.0,,-166,1,0.0,,-173
NQ_DRIVE,1178,"{'A': 2300, 'T': 30, 'x': 0.2, 'mode': 1, 'tf': 0, 'k': 0.2, 'stop': 0, 'R': 2.0, 'hold': 240}",3,33.3,,-50,1,0.0,,-166,1,0.0,,-173
NQ_DRIVE,1179,"{'A': 2300, 'T': 30, 'x': 0.2, 'mode': 1, 'tf': 0, 'k': 0.35, 'stop': 0, 'R': 0.5, 'hold': 240}",3,66.7,,40,1,0.0,,-235,1,0.0,,-241
NQ_DRIVE,1180,"{'A': 2300, 'T': 30, 'x': 0.2, 'mode': 1, 'tf': 0, 'k': 0.35, 'stop': 0, 'R': 1.0, 'hold': 240}",3,33.3,,-122,1,0.0,,-235,1,0.0,,-241
NQ_DRIVE,1181,"{'A': 2300, 'T': 30, 'x': 0.2, 'mode': 1, 'tf': 0, 'k': 0.35, 'stop': 0, 'R': 2.0, 'hold': 240}",3,0.0,,-285,1,0.0,,-235,1,0.0,,-241
NQ_DRIVE,1182,"{'A': 2300, 'T': 30, 'x': 0.2, 'mode': 1, 'tf': 1, 'k': 0.2, 'stop': 0, 'R': 0.5, 'hold': 240}",2,100.0,,76,1,0.0,,-166,1,0.0,,-173
NQ_DRIVE,1183,"{'A': 2300, 'T': 30, 'x': 0.2, 'mode': 1, 'tf': 1, 'k': 0.2, 'stop': 0, 'R': 1.0, 'hold': 240}",2,100.0,,156,1,0.0,,-166,1,0.0,,-173
NQ_DRIVE,1188,"{'A': 2300, 'T': 30, 'x': 0.2, 'mode': -1, 'tf': 0, 'k': 0.2, 'stop': 0, 'R': 0.5, 'hold': 240}",3,66.7,,13,1,100.0,,76,1,100.0,,82
NQ_DRIVE,1189,"{'A': 2300, 'T': 30, 'x': 0.2, 'mode': -1, 'tf': 0, 'k': 0.2, 'stop': 0, 'R': 1.0, 'hold': 240}",3,33.3,,-65,1,100.0,,161,1,100.0,,168
NQ_DRIVE,1190,"{'A': 2300, 'T': 30, 'x': 0.2, 'mode': -1, 'tf': 0, 'k': 0.2, 'stop': 0, 'R': 2.0, 'hold': 240}",3,33.3,,-76,1,100.0,,230,1,100.0,,235
NQ_DRIVE,1191,"{'A': 2300, 'T': 30, 'x': 0.2, 'mode': -1, 'tf': 0, 'k': 0.35, 'stop': 0, 'R': 0.5, 'hold': 240}",3,66.7,,29,1,100.0,,140,1,100.0,,146
NQ_DRIVE,1184,"{'A': 2300, 'T': 30, 'x': 0.2, 'mode': 1, 'tf': 1, 'k': 0.2, 'stop': 0, 'R': 2.0, 'hold': 240}",2,50.0,,57,1,0.0,,-166,1,0.0,,-173
NQ_DRIVE,1185,"{'A': 2300, 'T': 30, 'x': 0.2, 'mode': 1, 'tf': 1, 'k': 0.35, 'stop': 0, 'R': 0.5, 'hold': 240}",2,100.0,,136,1,0.0,,-235,1,0.0,,-241
NQ_DRIVE,1186,"{'A': 2300, 'T': 30, 'x': 0.2, 'mode': 1, 'tf': 1, 'k': 0.35, 'stop': 0, 'R': 1.0, 'hold': 240}",2,50.0,,-26,1,0.0,,-235,1,0.0,,-241
NQ_DRIVE,1187,"{'A': 2300, 'T': 30, 'x': 0.2, 'mode': 1, 'tf': 1, 'k': 0.35, 'stop': 0, 'R': 2.0, 'hold': 240}",2,0.0,,-189,1,0.0,,-235,1,0.0,,-241
NQ_DRIVE,1196,"{'A': 2300, 'T': 30, 'x': 0.2, 'mode': -1, 'tf': 1, 'k': 0.2, 'stop': 0, 'R': 2.0, 'hold': 240}",1,100.0,,90,0,,,0,0,,,0
NQ_DRIVE,1197,"{'A': 2300, 'T': 30, 'x': 0.2, 'mode': -1, 'tf': 1, 'k': 0.35, 'stop': 0, 'R': 0.5, 'hold': 240}",1,100.0,,89,0,,,0,0,,,0
NQ_DRIVE,1198,"{'A': 2300, 'T': 30, 'x': 0.2, 'mode': -1, 'tf': 1, 'k': 0.35, 'stop': 0, 'R': 1.0, 'hold': 240}",1,100.0,,90,0,,,0,0,,,0
NQ_DRIVE,1199,"{'A': 2300, 'T': 30, 'x': 0.2, 'mode': -1, 'tf': 1, 'k': 0.35, 'stop': 0, 'R': 2.0, 'hold': 240}",1,100.0,,90,0,,,0,0,,,0
NQ_DRIVE,1200,"{'A': 2300, 'T': 30, 'x': 0.35, 'mode': 1, 'tf': 0, 'k': 0.2, 'stop': 0, 'R': 0.5, 'hold': 240}",0,,,0,0,,,0,0,,,0
NQ_DRIVE,1201,"{'A': 2300, 'T': 30, 'x': 0.35, 'mode': 1, 'tf': 0, 'k': 0.2, 'stop': 0, 'R': 1.0, 'hold': 240}",0,,,0,0,,,0,0,,,0
NQ_DRIVE,1202,"{'A': 2300, 'T': 30, 'x': 0.35, 'mode': 1, 'tf': 0, 'k': 0.2, 'stop': 0, 'R': 2.0, 'hold': 240}",0,,,0,0,,,0,0,,,0
NQ_DRIVE,1203,"{'A': 2300, 'T': 30, 'x': 0.35, 'mode': 1, 'tf': 0, 'k': 0.35, 'stop': 0, 'R': 0.5, 'hold': 240}",0,,,0,0,,,0,0,,,0
NQ_DRIVE,1192,"{'A': 2300, 'T': 30, 'x': 0.2, 'mode': -1, 'tf': 0, 'k': 0.35, 'stop': 0, 'R': 1.0, 'hold': 240}",3,66.7,,106,1,100.0,,230,1,100.0,,235
NQ_DRIVE,1193,"{'A': 2300, 'T': 30, 'x': 0.2, 'mode': -1, 'tf': 0, 'k': 0.35, 'stop': 0, 'R': 2.0, 'hold': 240}",3,66.7,,94,1,100.0,,230,1,100.0,,235
NQ_DRIVE,1194,"{'A': 2300, 'T': 30, 'x': 0.2, 'mode': -1, 'tf': 1, 'k': 0.2, 'stop': 0, 'R': 0.5, 'hold': 240}",1,100.0,,50,0,,,0,0,,,0
NQ_DRIVE,1195,"{'A': 2300, 'T': 30, 'x': 0.2, 'mode': -1, 'tf': 1, 'k': 0.2, 'stop': 0, 'R': 1.0, 'hold': 240}",1,100.0,,102,0,,,0,0,,,0
NQ_DRIVE,1204,"{'A': 2300, 'T': 30, 'x': 0.35, 'mode': 1, 'tf': 0, 'k': 0.35, 'stop': 0, 'R': 1.0, 'hold': 240}",0,,,0,0,,,0,0,,,0
NQ_DRIVE,1205,"{'A': 2300, 'T': 30, 'x': 0.35, 'mode': 1, 'tf': 0, 'k': 0.35, 'stop': 0, 'R': 2.0, 'hold': 240}",0,,,0,0,,,0,0,,,0
NQ_DRIVE,1206,"{'A': 2300, 'T': 30, 'x': 0.35, 'mode': 1, 'tf': 1, 'k': 0.2, 'stop': 0, 'R': 0.5, 'hold': 240}",0,,,0,0,,,0,0,,,0
NQ_DRIVE,1207,"{'A': 2300, 'T': 30, 'x': 0.35, 'mode': 1, 'tf': 1, 'k': 0.2, 'stop': 0, 'R': 1.0, 'hold': 240}",0,,,0,0,,,0,0,,,0
NQ_DRIVE,1208,"{'A': 2300, 'T': 30, 'x': 0.35, 'mode': 1, 'tf': 1, 'k': 0.2, 'stop': 0, 'R': 2.0, 'hold': 240}",0,,,0,0,,,0,0,,,0
NQ_DRIVE,1209,"{'A': 2300, 'T': 30, 'x': 0.35, 'mode': 1, 'tf': 1, 'k': 0.35, 'stop': 0, 'R': 0.5, 'hold': 240}",0,,,0,0,,,0,0,,,0
NQ_DRIVE,1210,"{'A': 2300, 'T': 30, 'x': 0.35, 'mode': 1, 'tf': 1, 'k': 0.35, 'stop': 0, 'R': 1.0, 'hold': 240}",0,,,0,0,,,0,0,,,0
NQ_DRIVE,1211,"{'A': 2300, 'T': 30, 'x': 0.35, 'mode': 1, 'tf': 1, 'k': 0.35, 'stop': 0, 'R': 2.0, 'hold': 240}",0,,,0,0,,,0,0,,,0
NQ_DRIVE,1216,"{'A': 2300, 'T': 30, 'x': 0.35, 'mode': -1, 'tf': 0, 'k': 0.35, 'stop': 0, 'R': 1.0, 'hold': 240}",0,,,0,0,,,0,0,,,0
NQ_DRIVE,1217,"{'A': 2300, 'T': 30, 'x': 0.35, 'mode': -1, 'tf': 0, 'k': 0.35, 'stop': 0, 'R': 2.0, 'hold': 240}",0,,,0,0,,,0,0,,,0
NQ_DRIVE,1218,"{'A': 2300, 'T': 30, 'x': 0.35, 'mode': -1, 'tf': 1, 'k': 0.2, 'stop': 0, 'R': 0.5, 'hold': 240}",0,,,0,0,,,0,0,,,0
NQ_DRIVE,1219,"{'A': 2300, 'T': 30, 'x': 0.35, 'mode': -1, 'tf': 1, 'k': 0.2, 'stop': 0, 'R': 1.0, 'hold': 240}",0,,,0,0,,,0,0,,,0
NQ_DRIVE,1212,"{'A': 2300, 'T': 30, 'x': 0.35, 'mode': -1, 'tf': 0, 'k': 0.2, 'stop': 0, 'R': 0.5, 'hold': 240}",0,,,0,0,,,0,0,,,0
NQ_DRIVE,1213,"{'A': 2300, 'T': 30, 'x': 0.35, 'mode': -1, 'tf': 0, 'k': 0.2, 'stop': 0, 'R': 1.0, 'hold': 240}",0,,,0,0,,,0,0,,,0
NQ_DRIVE,1214,"{'A': 2300, 'T': 30, 'x': 0.35, 'mode': -1, 'tf': 0, 'k': 0.2, 'stop': 0, 'R': 2.0, 'hold': 240}",0,,,0,0,,,0,0,,,0
NQ_DRIVE,1215,"{'A': 2300, 'T': 30, 'x': 0.35, 'mode': -1, 'tf': 0, 'k': 0.35, 'stop': 0, 'R': 0.5, 'hold': 240}",0,,,0,0,,,0,0,,,0
NQ_DRIVE,1220,"{'A': 2300, 'T': 30, 'x': 0.35, 'mode': -1, 'tf': 1, 'k': 0.2, 'stop': 0, 'R': 2.0, 'hold': 240}",0,,,0,0,,,0,0,,,0
NQ_DRIVE,1221,"{'A': 2300, 'T': 30, 'x': 0.35, 'mode': -1, 'tf': 1, 'k': 0.35, 'stop': 0, 'R': 0.5, 'hold': 240}",0,,,0,0,,,0,0,,,0
NQ_DRIVE,1222,"{'A': 2300, 'T': 30, 'x': 0.35, 'mode': -1, 'tf': 1, 'k': 0.35, 'stop': 0, 'R': 1.0, 'hold': 240}",0,,,0,0,,,0,0,,,0
NQ_DRIVE,1223,"{'A': 2300, 'T': 30, 'x': 0.35, 'mode': -1, 'tf': 1, 'k': 0.35, 'stop': 0, 'R': 2.0, 'hold': 240}",0,,,0,0,,,0,0,,,0
NQ_DRIVE,1228,"{'A': 2300, 'T': 60, 'x': 0.1, 'mode': 1, 'tf': 0, 'k': 0.35, 'stop': 0, 'R': 1.0, 'hold': 240}",86,34.9,0.44,-3271,77,61.0,1.431,2136,74,59.5,1.349,1742
NQ_DRIVE,1229,"{'A': 2300, 'T': 60, 'x': 0.1, 'mode': 1, 'tf': 0, 'k': 0.35, 'stop': 0, 'R': 2.0, 'hold': 240}",86,33.7,0.468,-3178,77,59.7,1.397,1981,74,58.1,1.314,1579
NQ_DRIVE,1230,"{'A': 2300, 'T': 60, 'x': 0.1, 'mode': 1, 'tf': 1, 'k': 0.2, 'stop': 0, 'R': 0.5, 'hold': 240}",45,48.9,0.476,-1081,34,67.6,1.343,467,32,62.5,1.216,299
NQ_DRIVE,1231,"{'A': 2300, 'T': 60, 'x': 0.1, 'mode': 1, 'tf': 1, 'k': 0.2, 'stop': 0, 'R': 1.0, 'hold': 240}",45,35.6,0.554,-1043,34,58.8,1.432,803,32,53.1,1.266,501
NQ_DRIVE,1224,"{'A': 2300, 'T': 60, 'x': 0.1, 'mode': 1, 'tf': 0, 'k': 0.2, 'stop': 0, 'R': 0.5, 'hold': 240}",86,54.7,0.616,-1409,77,67.5,1.349,1130,74,66.2,1.361,1127
NQ_DRIVE,1225,"{'A': 2300, 'T': 60, 'x': 0.1, 'mode': 1, 'tf': 0, 'k': 0.2, 'stop': 0, 'R': 1.0, 'hold': 240}",86,39.5,0.623,-1653,77,62.3,1.688,2687,74,60.8,1.686,2606
NQ_DRIVE,1226,"{'A': 2300, 'T': 60, 'x': 0.1, 'mode': 1, 'tf': 0, 'k': 0.2, 'stop': 0, 'R': 2.0, 'hold': 240}",86,30.2,0.437,-2795,77,54.5,1.314,1519,74,52.7,1.242,1147
NQ_DRIVE,1227,"{'A': 2300, 'T': 60, 'x': 0.1, 'mode': 1, 'tf': 0, 'k': 0.35, 'stop': 0, 'R': 0.5, 'hold': 240}",86,44.2,0.583,-2052,77,67.5,1.729,2957,74,66.2,1.675,2754
NQ_DRIVE,1232,"{'A': 2300, 'T': 60, 'x': 0.1, 'mode': 1, 'tf': 1, 'k': 0.2, 'stop': 0, 'R': 2.0, 'hold': 240}",45,26.7,0.194,-2252,34,47.1,1.145,369,32,43.8,1.078,196
NQ_DRIVE,1233,"{'A': 2300, 'T': 60, 'x': 0.1, 'mode': 1, 'tf': 1, 'k': 0.35, 'stop': 0, 'R': 0.5, 'hold': 240}",45,42.2,0.501,-1371,34,64.7,1.673,1186,32,62.5,1.834,1268
NQ_DRIVE,1234,"{'A': 2300, 'T': 60, 'x': 0.1, 'mode': 1, 'tf': 1, 'k': 0.35, 'stop': 0, 'R': 1.0, 'hold': 240}",45,33.3,0.247,-2666,34,52.9,1.231,565,32,53.1,1.368,798
NQ_DRIVE,1235,"{'A': 2300, 'T': 60, 'x': 0.1, 'mode': 1, 'tf': 1, 'k': 0.35, 'stop': 0, 'R': 2.0, 'hold': 240}",45,31.1,0.29,-2606,34,52.9,1.259,634,32,53.1,1.395,856
NQ_DRIVE,1236,"{'A': 2300, 'T': 60, 'x': 0.1, 'mode': -1, 'tf': 0, 'k': 0.2, 'stop': 0, 'R': 0.5, 'hold': 240}",86,70.9,1.621,1213,77,54.5,0.697,-1456,74,55.4,0.732,-1219
NQ_DRIVE,1237,"{'A': 2300, 'T': 60, 'x': 0.1, 'mode': -1, 'tf': 0, 'k': 0.2, 'stop': 0, 'R': 1.0, 'hold': 240}",86,58.1,1.404,1183,77,33.8,0.532,-3213,74,35.1,0.549,-3009
NQ_DRIVE,1238,"{'A': 2300, 'T': 60, 'x': 0.1, 'mode': -1, 'tf': 0, 'k': 0.2, 'stop': 0, 'R': 2.0, 'hold': 240}",86,52.3,1.35,1190,77,27.3,0.495,-3801,74,29.7,0.549,-3295
NQ_DRIVE,1239,"{'A': 2300, 'T': 60, 'x': 0.1, 'mode': -1, 'tf': 0, 'k': 0.35, 'stop': 0, 'R': 0.5, 'hold': 240}",86,68.6,2.203,2498,77,45.5,0.814,-1095,74,48.6,0.923,-410
NQ_DRIVE,1244,"{'A': 2300, 'T': 60, 'x': 0.1, 'mode': -1, 'tf': 1, 'k': 0.2, 'stop': 0, 'R': 2.0, 'hold': 240}",40,55.0,1.342,549,43,25.6,0.429,-2521,35,25.7,0.444,-2173
NQ_DRIVE,1245,"{'A': 2300, 'T': 60, 'x': 0.1, 'mode': -1, 'tf': 1, 'k': 0.35, 'stop': 0, 'R': 0.5, 'hold': 240}",40,70.0,1.419,611,43,39.5,0.622,-1393,35,40.0,0.6,-1279
NQ_DRIVE,1246,"{'A': 2300, 'T': 60, 'x': 0.1, 'mode': -1, 'tf': 1, 'k': 0.35, 'stop': 0, 'R': 1.0, 'hold': 240}",40,65.0,1.219,388,43,30.2,0.573,-1815,35,28.6,0.533,-1760
NQ_DRIVE,1247,"{'A': 2300, 'T': 60, 'x': 0.1, 'mode': -1, 'tf': 1, 'k': 0.35, 'stop': 0, 'R': 2.0, 'hold': 240}",40,65.0,1.366,647,43,25.6,0.39,-2678,35,25.7,0.399,-2274
NQ_DRIVE,1240,"{'A': 2300, 'T': 60, 'x': 0.1, 'mode': -1, 'tf': 0, 'k': 0.35, 'stop': 0, 'R': 1.0, 'hold': 240}",86,62.8,2.013,2786,77,35.1,0.651,-2572,74,36.5,0.691,-2160
NQ_DRIVE,1241,"{'A': 2300, 'T': 60, 'x': 0.1, 'mode': -1, 'tf': 0, 'k': 0.35, 'stop': 0, 'R': 2.0, 'hold': 240}",86,61.6,2.031,2969,77,32.5,0.624,-2826,74,33.8,0.659,-2436
NQ_DRIVE,1242,"{'A': 2300, 'T': 60, 'x': 0.1, 'mode': -1, 'tf': 1, 'k': 0.2, 'stop': 0, 'R': 0.5, 'hold': 240}",40,70.0,1.769,678,43,60.5,0.746,-703,35,54.3,0.62,-947
NQ_DRIVE,1243,"{'A': 2300, 'T': 60, 'x': 0.1, 'mode': -1, 'tf': 1, 'k': 0.2, 'stop': 0, 'R': 1.0, 'hold': 240}",40,57.5,1.263,399,43,32.6,0.455,-2227,35,28.6,0.367,-2379
NQ_DRIVE,1248,"{'A': 2300, 'T': 60, 'x': 0.2, 'mode': 1, 'tf': 0, 'k': 0.2, 'stop': 0, 'R': 0.5, 'hold': 240}",17,76.5,,191,8,75.0,,212,7,71.4,,94
NQ_DRIVE,1249,"{'A': 2300, 'T': 60, 'x': 0.2, 'mode': 1, 'tf': 0, 'k': 0.2, 'stop': 0, 'R': 1.0, 'hold': 240}",17,58.8,,176,8,50.0,,-170,7,42.9,,-277
NQ_DRIVE,1250,"{'A': 2300, 'T': 60, 'x': 0.2, 'mode': 1, 'tf': 0, 'k': 0.2, 'stop': 0, 'R': 2.0, 'hold': 240}",17,41.2,,-426,8,50.0,,175,7,42.9,,70
NQ_DRIVE,1251,"{'A': 2300, 'T': 60, 'x': 0.2, 'mode': 1, 'tf': 0, 'k': 0.35, 'stop': 0, 'R': 0.5, 'hold': 240}",17,70.6,,313,8,50.0,,-755,7,42.9,,-868
NQ_DRIVE,1256,"{'A': 2300, 'T': 60, 'x': 0.2, 'mode': 1, 'tf': 1, 'k': 0.2, 'stop': 0, 'R': 2.0, 'hold': 240}",7,28.6,,-430,3,33.3,,-62,3,33.3,,-63
NQ_DRIVE,1257,"{'A': 2300, 'T': 60, 'x': 0.2, 'mode': 1, 'tf': 1, 'k': 0.35, 'stop': 0, 'R': 0.5, 'hold': 240}",7,85.7,,211,3,33.3,,-524,3,33.3,,-527
NQ_DRIVE,1258,"{'A': 2300, 'T': 60, 'x': 0.2, 'mode': 1, 'tf': 1, 'k': 0.35, 'stop': 0, 'R': 1.0, 'hold': 240}",7,42.9,,-548,3,33.3,,-384,3,33.3,,-386
NQ_DRIVE,1259,"{'A': 2300, 'T': 60, 'x': 0.2, 'mode': 1, 'tf': 1, 'k': 0.35, 'stop': 0, 'R': 2.0, 'hold': 240}",7,28.6,,-619,3,33.3,,-103,3,33.3,,-103
NQ_DRIVE,1252,"{'A': 2300, 'T': 60, 'x': 0.2, 'mode': 1, 'tf': 0, 'k': 0.35, 'stop': 0, 'R': 1.0, 'hold': 240}",17,52.9,,-286,8,50.0,,-421,7,42.9,,-531
NQ_DRIVE,1253,"{'A': 2300, 'T': 60, 'x': 0.2, 'mode': 1, 'tf': 0, 'k': 0.35, 'stop': 0, 'R': 2.0, 'hold': 240}",17,47.1,,-398,8,50.0,,-137,7,42.9,,-245
NQ_DRIVE,1254,"{'A': 2300, 'T': 60, 'x': 0.2, 'mode': 1, 'tf': 1, 'k': 0.2, 'stop': 0, 'R': 0.5, 'hold': 240}",7,85.7,,114,3,66.7,,41,3,66.7,,40
NQ_DRIVE,1255,"{'A': 2300, 'T': 60, 'x': 0.2, 'mode': 1, 'tf': 1, 'k': 0.2, 'stop': 0, 'R': 1.0, 'hold': 240}",7,71.4,,250,3,33.3,,-223,3,33.3,,-224
NQ_DRIVE,1260,"{'A': 2300, 'T': 60, 'x': 0.2, 'mode': -1, 'tf': 0, 'k': 0.2, 'stop': 0, 'R': 0.5, 'hold': 240}",17,52.9,,-336,8,50.0,,-226,7,57.1,,-115
NQ_DRIVE,1261,"{'A': 2300, 'T': 60, 'x': 0.2, 'mode': -1, 'tf': 0, 'k': 0.2, 'stop': 0, 'R': 1.0, 'hold': 240}",17,41.2,,-268,8,50.0,,128,7,57.1,,240
NQ_DRIVE,1262,"{'A': 2300, 'T': 60, 'x': 0.2, 'mode': -1, 'tf': 0, 'k': 0.2, 'stop': 0, 'R': 2.0, 'hold': 240}",17,29.4,,-539,8,50.0,,798,7,57.1,,912
NQ_DRIVE,1263,"{'A': 2300, 'T': 60, 'x': 0.2, 'mode': -1, 'tf': 0, 'k': 0.35, 'stop': 0, 'R': 0.5, 'hold': 240}",17,64.7,,455,8,50.0,,-241,7,57.1,,-129
NQ_DRIVE,1264,"{'A': 2300, 'T': 60, 'x': 0.2, 'mode': -1, 'tf': 0, 'k': 0.35, 'stop': 0, 'R': 1.0, 'hold': 240}",17,47.1,,192,8,50.0,,377,7,57.1,,493
NQ_DRIVE,1265,"{'A': 2300, 'T': 60, 'x': 0.2, 'mode': -1, 'tf': 0, 'k': 0.35, 'stop': 0, 'R': 2.0, 'hold': 240}",17,47.1,,-44,8,50.0,,461,7,57.1,,573
NQ_DRIVE,1266,"{'A': 2300, 'T': 60, 'x': 0.2, 'mode': -1, 'tf': 1, 'k': 0.2, 'stop': 0, 'R': 0.5, 'hold': 240}",10,60.0,,-36,5,40.0,,-245,4,50.0,,-135
NQ_DRIVE,1267,"{'A': 2300, 'T': 60, 'x': 0.2, 'mode': -1, 'tf': 1, 'k': 0.2, 'stop': 0, 'R': 1.0, 'hold': 240}",10,50.0,,19,5,40.0,,-79,4,50.0,,32
NQ_DRIVE,1276,"{'A': 2300, 'T': 60, 'x': 0.35, 'mode': 1, 'tf': 0, 'k': 0.35, 'stop': 0, 'R': 1.0, 'hold': 240}",1,100.0,,159,1,0.0,,-295,1,0.0,,-298
NQ_DRIVE,1277,"{'A': 2300, 'T': 60, 'x': 0.35, 'mode': 1, 'tf': 0, 'k': 0.35, 'stop': 0, 'R': 2.0, 'hold': 240}",1,100.0,,109,1,0.0,,-295,1,0.0,,-298
NQ_DRIVE,1278,"{'A': 2300, 'T': 60, 'x': 0.35, 'mode': 1, 'tf': 1, 'k': 0.2, 'stop': 0, 'R': 0.5, 'hold': 240}",0,,,0,0,,,0,0,,,0
NQ_DRIVE,1279,"{'A': 2300, 'T': 60, 'x': 0.35, 'mode': 1, 'tf': 1, 'k': 0.2, 'stop': 0, 'R': 1.0, 'hold': 240}",0,,,0,0,,,0,0,,,0
NQ_DRIVE,1268,"{'A': 2300, 'T': 60, 'x': 0.2, 'mode': -1, 'tf': 1, 'k': 0.2, 'stop': 0, 'R': 2.0, 'hold': 240}",10,40.0,,-148,5,40.0,,216,4,50.0,,326
NQ_DRIVE,1269,"{'A': 2300, 'T': 60, 'x': 0.2, 'mode': -1, 'tf': 1, 'k': 0.35, 'stop': 0, 'R': 0.5, 'hold': 240}",10,60.0,,123,5,40.0,,-280,4,50.0,,-169
NQ_DRIVE,1270,"{'A': 2300, 'T': 60, 'x': 0.2, 'mode': -1, 'tf': 1, 'k': 0.35, 'stop': 0, 'R': 1.0, 'hold': 240}",10,40.0,,-318,5,40.0,,10,4,50.0,,124
NQ_DRIVE,1271,"{'A': 2300, 'T': 60, 'x': 0.2, 'mode': -1, 'tf': 1, 'k': 0.35, 'stop': 0, 'R': 2.0, 'hold': 240}",10,40.0,,-318,5,40.0,,-62,4,50.0,,53
NQ_DRIVE,1272,"{'A': 2300, 'T': 60, 'x': 0.35, 'mode': 1, 'tf': 0, 'k': 0.2, 'stop': 0, 'R': 0.5, 'hold': 240}",1,100.0,,44,1,100.0,,81,1,100.0,,81
NQ_DRIVE,1273,"{'A': 2300, 'T': 60, 'x': 0.35, 'mode': 1, 'tf': 0, 'k': 0.2, 'stop': 0, 'R': 1.0, 'hold': 240}",1,100.0,,90,1,0.0,,-170,1,0.0,,-172
NQ_DRIVE,1274,"{'A': 2300, 'T': 60, 'x': 0.35, 'mode': 1, 'tf': 0, 'k': 0.2, 'stop': 0, 'R': 2.0, 'hold': 240}",1,100.0,,109,1,0.0,,-170,1,0.0,,-172
NQ_DRIVE,1275,"{'A': 2300, 'T': 60, 'x': 0.35, 'mode': 1, 'tf': 0, 'k': 0.35, 'stop': 0, 'R': 0.5, 'hold': 240}",1,100.0,,79,1,0.0,,-295,1,0.0,,-298
NQ_DRIVE,1280,"{'A': 2300, 'T': 60, 'x': 0.35, 'mode': 1, 'tf': 1, 'k': 0.2, 'stop': 0, 'R': 2.0, 'hold': 240}",0,,,0,0,,,0,0,,,0
NQ_DRIVE,1281,"{'A': 2300, 'T': 60, 'x': 0.35, 'mode': 1, 'tf': 1, 'k': 0.35, 'stop': 0, 'R': 0.5, 'hold': 240}",0,,,0,0,,,0,0,,,0
NQ_DRIVE,1282,"{'A': 2300, 'T': 60, 'x': 0.35, 'mode': 1, 'tf': 1, 'k': 0.35, 'stop': 0, 'R': 1.0, 'hold': 240}",0,,,0,0,,,0,0,,,0
NQ_DRIVE,1283,"{'A': 2300, 'T': 60, 'x': 0.35, 'mode': 1, 'tf': 1, 'k': 0.35, 'stop': 0, 'R': 2.0, 'hold': 240}",0,,,0,0,,,0,0,,,0
NQ_DRIVE,1284,"{'A': 2300, 'T': 60, 'x': 0.35, 'mode': -1, 'tf': 0, 'k': 0.2, 'stop': 0, 'R': 0.5, 'hold': 240}",1,100.0,,44,1,100.0,,81,1,100.0,,82
NQ_DRIVE,1285,"{'A': 2300, 'T': 60, 'x': 0.35, 'mode': -1, 'tf': 0, 'k': 0.2, 'stop': 0, 'R': 1.0, 'hold': 240}",1,0.0,,-95,1,100.0,,164,1,100.0,,166
NQ_DRIVE,1286,"{'A': 2300, 'T': 60, 'x': 0.35, 'mode': -1, 'tf': 0, 'k': 0.2, 'stop': 0, 'R': 2.0, 'hold': 240}",1,0.0,,-95,1,100.0,,296,1,100.0,,295
NQ_DRIVE,1287,"{'A': 2300, 'T': 60, 'x': 0.35, 'mode': -1, 'tf': 0, 'k': 0.35, 'stop': 0, 'R': 0.5, 'hold': 240}",1,100.0,,79,1,100.0,,144,1,100.0,,145
NQ_DRIVE,1288,"{'A': 2300, 'T': 60, 'x': 0.35, 'mode': -1, 'tf': 0, 'k': 0.35, 'stop': 0, 'R': 1.0, 'hold': 240}",1,0.0,,-165,1,100.0,,290,1,100.0,,293
NQ_DRIVE,1289,"{'A': 2300, 'T': 60, 'x': 0.35, 'mode': -1, 'tf': 0, 'k': 0.35, 'stop': 0, 'R': 2.0, 'hold': 240}",1,0.0,,-165,1,100.0,,296,1,100.0,,295
NQ_DRIVE,1290,"{'A': 2300, 'T': 60, 'x': 0.35, 'mode': -1, 'tf': 1, 'k': 0.2, 'stop': 0, 'R': 0.5, 'hold': 240}",1,100.0,,44,1,100.0,,81,1,100.0,,82
NQ_DRIVE,1291,"{'A': 2300, 'T': 60, 'x': 0.35, 'mode': -1, 'tf': 1, 'k': 0.2, 'stop': 0, 'R': 1.0, 'hold': 240}",1,0.0,,-95,1,100.0,,164,1,100.0,,166
NQ_DRIVE,1292,"{'A': 2300, 'T': 60, 'x': 0.35, 'mode': -1, 'tf': 1, 'k': 0.2, 'stop': 0, 'R': 2.0, 'hold': 240}",1,0.0,,-95,1,100.0,,296,1,100.0,,295
NQ_DRIVE,1293,"{'A': 2300, 'T': 60, 'x': 0.35, 'mode': -1, 'tf': 1, 'k': 0.35, 'stop': 0, 'R': 0.5, 'hold': 240}",1,100.0,,79,1,100.0,,144,1,100.0,,145
NQ_DRIVE,1294,"{'A': 2300, 'T': 60, 'x': 0.35, 'mode': -1, 'tf': 1, 'k': 0.35, 'stop': 0, 'R': 1.0, 'hold': 240}",1,0.0,,-165,1,100.0,,290,1,100.0,,293
NQ_DRIVE,1295,"{'A': 2300, 'T': 60, 'x': 0.35, 'mode': -1, 'tf': 1, 'k': 0.35, 'stop': 0, 'R': 2.0, 'hold': 240}",1,0.0,,-165,1,100.0,,296,1,100.0,,295
NQ_DRIVE,1296,"{'A': 2300, 'T': 120, 'x': 0.1, 'mode': 1, 'tf': 0, 'k': 0.2, 'stop': 0, 'R': 0.5, 'hold': 240}",185,64.3,0.919,-499,160,70.0,1.284,1778,153,70.6,1.352,2089
NQ_DRIVE,1297,"{'A': 2300, 'T': 120, 'x': 0.1, 'mode': 1, 'tf': 0, 'k': 0.2, 'stop': 0, 'R': 1.0, 'hold': 240}",185,48.1,0.873,-1037,160,53.8,1.267,2290,153,54.2,1.265,2207
NQ_DRIVE,1298,"{'A': 2300, 'T': 120, 'x': 0.1, 'mode': 1, 'tf': 0, 'k': 0.2, 'stop': 0, 'R': 2.0, 'hold': 240}",185,40.5,0.844,-1442,160,48.1,1.234,2291,153,48.4,1.207,1985
NQ_DRIVE,1299,"{'A': 2300, 'T': 120, 'x': 0.1, 'mode': 1, 'tf': 0, 'k': 0.35, 'stop': 0, 'R': 0.5, 'hold': 240}",185,51.4,0.78,-1966,160,59.4,1.213,1909,153,60.1,1.256,2160
NQ_DRIVE,1300,"{'A': 2300, 'T': 120, 'x': 0.1, 'mode': 1, 'tf': 0, 'k': 0.35, 'stop': 0, 'R': 1.0, 'hold': 240}",185,42.7,0.753,-2555,160,53.1,1.281,2912,153,53.6,1.305,2996
NQ_DRIVE,1301,"{'A': 2300, 'T': 120, 'x': 0.1, 'mode': 1, 'tf': 0, 'k': 0.35, 'stop': 0, 'R': 2.0, 'hold': 240}",185,42.7,0.843,-1618,160,51.9,1.263,2866,153,52.3,1.291,3016
NQ_DRIVE,1302,"{'A': 2300, 'T': 120, 'x': 0.1, 'mode': 1, 'tf': 1, 'k': 0.2, 'stop': 0, 'R': 0.5, 'hold': 240}",79,67.1,0.948,-129,74,60.8,0.843,-582,64,57.8,0.86,-463
NQ_DRIVE,1303,"{'A': 2300, 'T': 120, 'x': 0.1, 'mode': 1, 'tf': 1, 'k': 0.2, 'stop': 0, 'R': 1.0, 'hold': 240}",79,55.7,1.066,202,74,44.6,0.817,-909,64,39.1,0.706,-1361
NQ_DRIVE,1304,"{'A': 2300, 'T': 120, 'x': 0.1, 'mode': 1, 'tf': 1, 'k': 0.2, 'stop': 0, 'R': 2.0, 'hold': 240}",79,48.1,0.868,-476,74,37.8,0.802,-1139,64,34.4,0.778,-1150
NQ_DRIVE,1305,"{'A': 2300, 'T': 120, 'x': 0.1, 'mode': 1, 'tf': 1, 'k': 0.35, 'stop': 0, 'R': 0.5, 'hold': 240}",79,58.2,0.964,-120,74,51.4,0.855,-727,64,45.3,0.742,-1224
NQ_DRIVE,1306,"{'A': 2300, 'T': 120, 'x': 0.1, 'mode': 1, 'tf': 1, 'k': 0.35, 'stop': 0, 'R': 1.0, 'hold': 240}",79,50.6,0.758,-1033,74,43.2,0.837,-1022,64,39.1,0.789,-1214
NQ_DRIVE,1307,"{'A': 2300, 'T': 120, 'x': 0.1, 'mode': 1, 'tf': 1, 'k': 0.35, 'stop': 0, 'R': 2.0, 'hold': 240}",79,50.6,0.845,-660,74,41.9,0.768,-1542,64,37.5,0.696,-1865
NQ_DRIVE,1324,"{'A': 2300, 'T': 120, 'x': 0.2, 'mode': 1, 'tf': 0, 'k': 0.35, 'stop': 0, 'R': 1.0, 'hold': 240}",41,43.9,0.793,-619,39,59.0,1.189,763,38,57.9,1.169,691
NQ_DRIVE,1325,"{'A': 2300, 'T': 120, 'x': 0.2, 'mode': 1, 'tf': 0, 'k': 0.35, 'stop': 0, 'R': 2.0, 'hold': 240}",41,43.9,0.939,-184,39,56.4,1.235,1037,38,55.3,1.214,953
NQ_DRIVE,1326,"{'A': 2300, 'T': 120, 'x': 0.2, 'mode': 1, 'tf': 1, 'k': 0.2, 'stop': 0, 'R': 0.5, 'hold': 240}",20,60.0,0.779,-163,18,66.7,,-231,16,68.8,,-31
NQ_DRIVE,1327,"{'A': 2300, 'T': 120, 'x': 0.2, 'mode': 1, 'tf': 1, 'k': 0.2, 'stop': 0, 'R': 1.0, 'hold': 240}",20,55.0,1.229,188,18,44.4,,-478,16,43.8,,-311
NQ_DRIVE,1320,"{'A': 2300, 'T': 120, 'x': 0.2, 'mode': 1, 'tf': 0, 'k': 0.2, 'stop': 0, 'R': 0.5, 'hold': 240}",41,63.4,0.87,-187,39,74.4,1.233,444,38,73.7,1.203,390
NQ_DRIVE,1321,"{'A': 2300, 'T': 120, 'x': 0.2, 'mode': 1, 'tf': 0, 'k': 0.2, 'stop': 0, 'R': 1.0, 'hold': 240}",41,53.7,1.267,454,39,59.0,1.367,941,38,57.9,1.331,853
NQ_DRIVE,1322,"{'A': 2300, 'T': 120, 'x': 0.2, 'mode': 1, 'tf': 0, 'k': 0.2, 'stop': 0, 'R': 2.0, 'hold': 240}",41,39.0,1.043,97,39,56.4,1.761,2099,38,55.3,1.736,2041
NQ_DRIVE,1323,"{'A': 2300, 'T': 120, 'x': 0.2, 'mode': 1, 'tf': 0, 'k': 0.35, 'stop': 0, 'R': 0.5, 'hold': 240}",41,58.5,0.971,-59,39,61.5,0.881,-443,38,60.5,0.857,-534
NQ_DRIVE,1312,"{'A': 2300, 'T': 120, 'x': 0.1, 'mode': -1, 'tf': 0, 'k': 0.35, 'stop': 0, 'R': 1.0, 'hold': 240}",185,52.4,1.176,1455,160,45.0,0.722,-3817,153,44.4,0.709,-3862
NQ_DRIVE,1313,"{'A': 2300, 'T': 120, 'x': 0.1, 'mode': -1, 'tf': 0, 'k': 0.35, 'stop': 0, 'R': 2.0, 'hold': 240}",185,50.8,1.061,544,160,45.0,0.725,-3777,153,44.4,0.707,-3892
NQ_DRIVE,1314,"{'A': 2300, 'T': 120, 'x': 0.1, 'mode': -1, 'tf': 1, 'k': 0.2, 'stop': 0, 'R': 0.5, 'hold': 240}",103,68.9,1.148,467,81,56.8,0.658,-1696,72,54.2,0.607,-1859
NQ_DRIVE,1315,"{'A': 2300, 'T': 120, 'x': 0.1, 'mode': -1, 'tf': 1, 'k': 0.2, 'stop': 0, 'R': 1.0, 'hold': 240}",103,51.5,1.152,629,81,37.0,0.504,-3305,72,31.9,0.448,-3570
NQ_DRIVE,1316,"{'A': 2300, 'T': 120, 'x': 0.1, 'mode': -1, 'tf': 1, 'k': 0.2, 'stop': 0, 'R': 2.0, 'hold': 240}",103,46.6,1.11,498,81,33.3,0.507,-3484,72,29.2,0.418,-3902
NQ_DRIVE,1317,"{'A': 2300, 'T': 120, 'x': 0.1, 'mode': -1, 'tf': 1, 'k': 0.35, 'stop': 0, 'R': 0.5, 'hold': 240}",103,63.1,1.3,1223,81,40.7,0.497,-3634,72,34.7,0.394,-4365
NQ_DRIVE,1318,"{'A': 2300, 'T': 120, 'x': 0.1, 'mode': -1, 'tf': 1, 'k': 0.35, 'stop': 0, 'R': 1.0, 'hold': 240}",103,54.4,1.187,893,81,34.6,0.494,-3929,72,30.6,0.43,-4213
NQ_DRIVE,1319,"{'A': 2300, 'T': 120, 'x': 0.1, 'mode': -1, 'tf': 1, 'k': 0.35, 'stop': 0, 'R': 2.0, 'hold': 240}",103,52.4,0.957,-220,81,34.6,0.467,-4141,72,30.6,0.395,-4473
NQ_DRIVE,1308,"{'A': 2300, 'T': 120, 'x': 0.1, 'mode': -1, 'tf': 0, 'k': 0.2, 'stop': 0, 'R': 0.5, 'hold': 240}",185,67.0,1.112,606,160,61.9,0.796,-1777,153,62.1,0.804,-1647
NQ_DRIVE,1309,"{'A': 2300, 'T': 120, 'x': 0.1, 'mode': -1, 'tf': 0, 'k': 0.2, 'stop': 0, 'R': 1.0, 'hold': 240}",185,48.6,1.004,29,160,45.6,0.721,-3165,153,44.4,0.688,-3507
NQ_DRIVE,1310,"{'A': 2300, 'T': 120, 'x': 0.1, 'mode': -1, 'tf': 0, 'k': 0.2, 'stop': 0, 'R': 2.0, 'hold': 240}",185,44.9,1.012,94,160,41.2,0.693,-3785,153,40.5,0.661,-4071
NQ_DRIVE,1311,"{'A': 2300, 'T': 120, 'x': 0.1, 'mode': -1, 'tf': 0, 'k': 0.35, 'stop': 0, 'R': 0.5, 'hold': 240}",185,58.4,1.15,1095,160,51.2,0.716,-3498,153,51.0,0.719,-3343
NQ_DRIVE,1328,"{'A': 2300, 'T': 120, 'x': 0.2, 'mode': 1, 'tf': 1, 'k': 0.2, 'stop': 0, 'R': 2.0, 'hold': 240}",20,35.0,0.506,-658,18,38.9,,-192,16,37.5,,-1
NQ_DRIVE,1329,"{'A': 2300, 'T': 120, 'x': 0.2, 'mode': 1, 'tf': 1, 'k': 0.35, 'stop': 0, 'R': 0.5, 'hold': 240}",20,60.0,1.111,98,18,50.0,,-1029,16,50.0,,-905
NQ_DRIVE,1330,"{'A': 2300, 'T': 120, 'x': 0.2, 'mode': 1, 'tf': 1, 'k': 0.35, 'stop': 0, 'R': 1.0, 'hold': 240}",20,40.0,0.462,-950,18,44.4,,-725,16,43.8,,-589
NQ_DRIVE,1331,"{'A': 2300, 'T': 120, 'x': 0.2, 'mode': 1, 'tf': 1, 'k': 0.35, 'stop': 0, 'R': 2.0, 'hold': 240}",20,40.0,0.554,-788,18,38.9,,-1545,16,37.5,,-1421
NQ_DRIVE,1332,"{'A': 2300, 'T': 120, 'x': 0.2, 'mode': -1, 'tf': 0, 'k': 0.2, 'stop': 0, 'R': 0.5, 'hold': 240}",41,51.2,0.502,-971,39,51.3,0.576,-1245,38,52.6,0.596,-1156
NQ_DRIVE,1333,"{'A': 2300, 'T': 120, 'x': 0.2, 'mode': -1, 'tf': 0, 'k': 0.2, 'stop': 0, 'R': 1.0, 'hold': 240}",41,43.9,0.705,-670,39,41.0,0.683,-1150,38,39.5,0.702,-1057
NQ_DRIVE,1334,"{'A': 2300, 'T': 120, 'x': 0.2, 'mode': -1, 'tf': 0, 'k': 0.2, 'stop': 0, 'R': 2.0, 'hold': 240}",41,39.0,0.87,-311,39,38.5,0.971,-113,38,36.8,0.992,-31
NQ_DRIVE,1335,"{'A': 2300, 'T': 120, 'x': 0.2, 'mode': -1, 'tf': 0, 'k': 0.35, 'stop': 0, 'R': 0.5, 'hold': 240}",41,58.5,0.824,-402,39,43.6,0.539,-2104,38,44.7,0.549,-2038
NQ_DRIVE,1344,"{'A': 2300, 'T': 120, 'x': 0.35, 'mode': 1, 'tf': 0, 'k': 0.2, 'stop': 0, 'R': 0.5, 'hold': 240}",6,66.7,,-49,5,60.0,,-91,5,60.0,,-92
NQ_DRIVE,1345,"{'A': 2300, 'T': 120, 'x': 0.35, 'mode': 1, 'tf': 0, 'k': 0.2, 'stop': 0, 'R': 1.0, 'hold': 240}",6,66.7,,156,5,40.0,,-185,5,40.0,,-189
NQ_DRIVE,1346,"{'A': 2300, 'T': 120, 'x': 0.35, 'mode': 1, 'tf': 0, 'k': 0.2, 'stop': 0, 'R': 2.0, 'hold': 240}",6,33.3,,132,5,40.0,,101,5,40.0,,100
NQ_DRIVE,1347,"{'A': 2300, 'T': 120, 'x': 0.35, 'mode': 1, 'tf': 0, 'k': 0.35, 'stop': 0, 'R': 0.5, 'hold': 240}",6,66.7,,17,5,40.0,,-566,5,40.0,,-576
NQ_DRIVE,1336,"{'A': 2300, 'T': 120, 'x': 0.2, 'mode': -1, 'tf': 0, 'k': 0.35, 'stop': 0, 'R': 1.0, 'hold': 240}",41,53.7,1.158,393,39,41.0,0.802,-978,38,39.5,0.816,-900
NQ_DRIVE,1337,"{'A': 2300, 'T': 120, 'x': 0.2, 'mode': -1, 'tf': 0, 'k': 0.35, 'stop': 0, 'R': 2.0, 'hold': 240}",41,51.2,1.116,325,39,41.0,0.874,-623,38,39.5,0.881,-580
NQ_DRIVE,1338,"{'A': 2300, 'T': 120, 'x': 0.2, 'mode': -1, 'tf': 1, 'k': 0.2, 'stop': 0, 'R': 0.5, 'hold': 240}",21,42.9,0.332,-803,19,36.8,,-1290,19,36.8,,-1250
NQ_DRIVE,1339,"{'A': 2300, 'T': 120, 'x': 0.2, 'mode': -1, 'tf': 1, 'k': 0.2, 'stop': 0, 'R': 1.0, 'hold': 240}",21,42.9,0.686,-378,19,26.3,,-1398,19,26.3,,-1305
NQ_DRIVE,1340,"{'A': 2300, 'T': 120, 'x': 0.2, 'mode': -1, 'tf': 1, 'k': 0.2, 'stop': 0, 'R': 2.0, 'hold': 240}",21,38.1,0.959,-50,19,26.3,,-827,19,26.3,,-959
NQ_DRIVE,1341,"{'A': 2300, 'T': 120, 'x': 0.2, 'mode': -1, 'tf': 1, 'k': 0.35, 'stop': 0, 'R': 0.5, 'hold': 240}",21,52.4,0.493,-806,19,26.3,,-2045,19,26.3,,-1969
NQ_DRIVE,1342,"{'A': 2300, 'T': 120, 'x': 0.2, 'mode': -1, 'tf': 1, 'k': 0.35, 'stop': 0, 'R': 1.0, 'hold': 240}",21,47.6,0.724,-447,19,26.3,,-1373,19,26.3,,-1448
NQ_DRIVE,1343,"{'A': 2300, 'T': 120, 'x': 0.2, 'mode': -1, 'tf': 1, 'k': 0.35, 'stop': 0, 'R': 2.0, 'hold': 240}",21,47.6,0.771,-371,19,26.3,,-1349,19,26.3,,-1447
NQ_DRIVE,1360,"{'A': 2300, 'T': 120, 'x': 0.35, 'mode': -1, 'tf': 0, 'k': 0.35, 'stop': 0, 'R': 1.0, 'hold': 240}",6,66.7,,40,5,60.0,,290,5,60.0,,296
NQ_DRIVE,1361,"{'A': 2300, 'T': 120, 'x': 0.35, 'mode': -1, 'tf': 0, 'k': 0.35, 'stop': 0, 'R': 2.0, 'hold': 240}",6,66.7,,345,5,60.0,,286,5,60.0,,281
NQ_DRIVE,1362,"{'A': 2300, 'T': 120, 'x': 0.35, 'mode': -1, 'tf': 1, 'k': 0.2, 'stop': 0, 'R': 0.5, 'hold': 240}",3,33.3,,-169,4,75.0,,92,3,66.7,,18
NQ_DRIVE,1363,"{'A': 2300, 'T': 120, 'x': 0.35, 'mode': -1, 'tf': 1, 'k': 0.2, 'stop': 0, 'R': 1.0, 'hold': 240}",3,33.3,,-102,4,75.0,,322,3,66.7,,171
NQ_DRIVE,1352,"{'A': 2300, 'T': 120, 'x': 0.35, 'mode': 1, 'tf': 1, 'k': 0.2, 'stop': 0, 'R': 2.0, 'hold': 240}",3,33.3,,30,1,100.0,,319,1,100.0,,322
NQ_DRIVE,1353,"{'A': 2300, 'T': 120, 'x': 0.35, 'mode': 1, 'tf': 1, 'k': 0.35, 'stop': 0, 'R': 0.5, 'hold': 240}",3,66.7,,-28,1,100.0,,138,1,100.0,,141
NQ_DRIVE,1354,"{'A': 2300, 'T': 120, 'x': 0.35, 'mode': 1, 'tf': 1, 'k': 0.35, 'stop': 0, 'R': 1.0, 'hold': 240}",3,33.3,,-128,1,100.0,,279,1,100.0,,282
NQ_DRIVE,1355,"{'A': 2300, 'T': 120, 'x': 0.35, 'mode': 1, 'tf': 1, 'k': 0.35, 'stop': 0, 'R': 2.0, 'hold': 240}",3,33.3,,60,1,100.0,,559,1,100.0,,565
NQ_DRIVE,1348,"{'A': 2300, 'T': 120, 'x': 0.35, 'mode': 1, 'tf': 0, 'k': 0.35, 'stop': 0, 'R': 1.0, 'hold': 240}",6,33.3,,-73,5,40.0,,-316,5,40.0,,-323
NQ_DRIVE,1349,"{'A': 2300, 'T': 120, 'x': 0.35, 'mode': 1, 'tf': 0, 'k': 0.35, 'stop': 0, 'R': 2.0, 'hold': 240}",6,33.3,,356,5,40.0,,-39,5,40.0,,-48
NQ_DRIVE,1350,"{'A': 2300, 'T': 120, 'x': 0.35, 'mode': 1, 'tf': 1, 'k': 0.2, 'stop': 0, 'R': 0.5, 'hold': 240}",3,66.7,,-20,1,100.0,,78,1,100.0,,80
NQ_DRIVE,1351,"{'A': 2300, 'T': 120, 'x': 0.35, 'mode': 1, 'tf': 1, 'k': 0.2, 'stop': 0, 'R': 1.0, 'hold': 240}",3,66.7,,70,1,100.0,,158,1,100.0,,161
NQ_DRIVE,1356,"{'A': 2300, 'T': 120, 'x': 0.35, 'mode': -1, 'tf': 0, 'k': 0.2, 'stop': 0, 'R': 0.5, 'hold': 240}",6,50.0,,-144,5,60.0,,-72,5,60.0,,-71
NQ_DRIVE,1357,"{'A': 2300, 'T': 120, 'x': 0.35, 'mode': -1, 'tf': 0, 'k': 0.2, 'stop': 0, 'R': 1.0, 'hold': 240}",6,33.3,,-188,5,60.0,,158,5,60.0,,163
NQ_DRIVE,1358,"{'A': 2300, 'T': 120, 'x': 0.35, 'mode': -1, 'tf': 0, 'k': 0.2, 'stop': 0, 'R': 2.0, 'hold': 240}",6,33.3,,-76,5,60.0,,484,5,60.0,,492
NQ_DRIVE,1359,"{'A': 2300, 'T': 120, 'x': 0.35, 'mode': -1, 'tf': 0, 'k': 0.35, 'stop': 0, 'R': 0.5, 'hold': 240}",6,66.7,,-141,5,60.0,,-113,5,60.0,,-112
NQ_DRIVE,1364,"{'A': 2300, 'T': 120, 'x': 0.35, 'mode': -1, 'tf': 1, 'k': 0.2, 'stop': 0, 'R': 2.0, 'hold': 240}",3,33.3,,-90,4,75.0,,648,3,66.7,,339
NQ_DRIVE,1365,"{'A': 2300, 'T': 120, 'x': 0.35, 'mode': -1, 'tf': 1, 'k': 0.35, 'stop': 0, 'R': 0.5, 'hold': 240}",3,66.7,,-101,4,75.0,,170,3,66.7,,37
NQ_DRIVE,1366,"{'A': 2300, 'T': 120, 'x': 0.35, 'mode': -1, 'tf': 1, 'k': 0.35, 'stop': 0, 'R': 1.0, 'hold': 240}",3,66.7,,-72,4,75.0,,574,3,66.7,,305
NQ_DRIVE,1367,"{'A': 2300, 'T': 120, 'x': 0.35, 'mode': -1, 'tf': 1, 'k': 0.35, 'stop': 0, 'R': 2.0, 'hold': 240}",3,66.7,,-72,4,75.0,,570,3,66.7,,297
NQ_DRIVE,1368,"{'A': 2300, 'T': 240, 'x': 0.1, 'mode': 1, 'tf': 0, 'k': 0.2, 'stop': 0, 'R': 0.5, 'hold': 240}",436,58.3,0.746,-4041,332,62.7,0.988,-167,321,63.2,1.011,152
NQ_DRIVE,1369,"{'A': 2300, 'T': 240, 'x': 0.1, 'mode': 1, 'tf': 0, 'k': 0.2, 'stop': 0, 'R': 1.0, 'hold': 240}",436,46.6,0.823,-3380,332,48.8,0.898,-1927,321,48.6,0.906,-1757
NQ_DRIVE,1370,"{'A': 2300, 'T': 240, 'x': 0.1, 'mode': 1, 'tf': 0, 'k': 0.2, 'stop': 0, 'R': 2.0, 'hold': 240}",436,41.5,0.765,-4762,332,44.3,0.852,-2916,321,44.2,0.86,-2721
NQ_DRIVE,1371,"{'A': 2300, 'T': 240, 'x': 0.1, 'mode': 1, 'tf': 0, 'k': 0.35, 'stop': 0, 'R': 0.5, 'hold': 240}",436,50.9,0.775,-4516,332,55.1,0.948,-1021,321,54.5,0.946,-1043
NQ_DRIVE,1372,"{'A': 2300, 'T': 240, 'x': 0.1, 'mode': 1, 'tf': 0, 'k': 0.35, 'stop': 0, 'R': 1.0, 'hold': 240}",436,45.0,0.803,-4238,332,47.9,0.857,-3044,321,47.4,0.866,-2807
NQ_DRIVE,1373,"{'A': 2300, 'T': 240, 'x': 0.1, 'mode': 1, 'tf': 0, 'k': 0.35, 'stop': 0, 'R': 2.0, 'hold': 240}",436,43.8,0.689,-6782,332,47.6,0.82,-3820,321,47.0,0.815,-3886
NQ_DRIVE,1374,"{'A': 2300, 'T': 240, 'x': 0.1, 'mode': 1, 'tf': 1, 'k': 0.2, 'stop': 0, 'R': 0.5, 'hold': 240}",214,57.5,0.753,-1850,162,59.3,0.863,-1015,142,59.9,0.887,-747
NQ_DRIVE,1375,"{'A': 2300, 'T': 240, 'x': 0.1, 'mode': 1, 'tf': 1, 'k': 0.2, 'stop': 0, 'R': 1.0, 'hold': 240}",214,45.8,0.765,-2107,162,43.8,0.667,-3456,142,43.0,0.669,-3129
NQ_DRIVE,1376,"{'A': 2300, 'T': 240, 'x': 0.1, 'mode': 1, 'tf': 1, 'k': 0.2, 'stop': 0, 'R': 2.0, 'hold': 240}",214,40.7,0.662,-3233,162,40.1,0.666,-3609,142,38.7,0.67,-3254
NQ_DRIVE,1377,"{'A': 2300, 'T': 240, 'x': 0.1, 'mode': 1, 'tf': 1, 'k': 0.35, 'stop': 0, 'R': 0.5, 'hold': 240}",214,50.0,0.663,-3574,162,50.6,0.749,-2651,142,50.0,0.747,-2441
NQ_DRIVE,1378,"{'A': 2300, 'T': 240, 'x': 0.1, 'mode': 1, 'tf': 1, 'k': 0.35, 'stop': 0, 'R': 1.0, 'hold': 240}",214,43.9,0.64,-4040,162,43.2,0.665,-3913,142,41.5,0.662,-3638
NQ_DRIVE,1379,"{'A': 2300, 'T': 240, 'x': 0.1, 'mode': 1, 'tf': 1, 'k': 0.35, 'stop': 0, 'R': 2.0, 'hold': 240}",214,43.9,0.592,-4586,162,42.6,0.623,-4403,142,40.8,0.599,-4311
NQ_DRIVE,1384,"{'A': 2300, 'T': 240, 'x': 0.1, 'mode': -1, 'tf': 0, 'k': 0.35, 'stop': 0, 'R': 1.0, 'hold': 240}",436,52.1,1.094,1725,332,49.4,1.06,1158,321,50.2,1.052,984
NQ_DRIVE,1385,"{'A': 2300, 'T': 240, 'x': 0.1, 'mode': -1, 'tf': 0, 'k': 0.35, 'stop': 0, 'R': 2.0, 'hold': 240}",436,51.6,1.068,1273,332,49.4,1.042,802,321,50.2,1.028,526
NQ_DRIVE,1386,"{'A': 2300, 'T': 240, 'x': 0.1, 'mode': -1, 'tf': 1, 'k': 0.2, 'stop': 0, 'R': 0.5, 'hold': 240}",207,66.7,1.06,384,161,57.8,0.815,-1390,146,58.9,0.857,-1006
NQ_DRIVE,1387,"{'A': 2300, 'T': 240, 'x': 0.1, 'mode': -1, 'tf': 1, 'k': 0.2, 'stop': 0, 'R': 1.0, 'hold': 240}",207,50.7,0.988,-112,161,46.0,0.813,-1835,146,45.2,0.75,-2369
NQ_DRIVE,1400,"{'A': 2300, 'T': 240, 'x': 0.2, 'mode': 1, 'tf': 1, 'k': 0.2, 'stop': 0, 'R': 2.0, 'hold': 240}",71,32.4,0.436,-2179,59,40.7,0.927,-297,51,41.2,0.916,-309
NQ_DRIVE,1401,"{'A': 2300, 'T': 240, 'x': 0.2, 'mode': 1, 'tf': 1, 'k': 0.35, 'stop': 0, 'R': 0.5, 'hold': 240}",71,43.7,0.463,-2414,59,59.3,0.981,-78,51,56.9,0.917,-313
NQ_DRIVE,1402,"{'A': 2300, 'T': 240, 'x': 0.2, 'mode': 1, 'tf': 1, 'k': 0.35, 'stop': 0, 'R': 1.0, 'hold': 240}",71,33.8,0.367,-3083,59,47.5,0.905,-445,51,45.1,0.847,-673
NQ_DRIVE,1403,"{'A': 2300, 'T': 240, 'x': 0.2, 'mode': 1, 'tf': 1, 'k': 0.35, 'stop': 0, 'R': 2.0, 'hold': 240}",71,33.8,0.368,-3076,59,45.8,0.813,-876,51,43.1,0.715,-1254
NQ_DRIVE,1396,"{'A': 2300, 'T': 240, 'x': 0.2, 'mode': 1, 'tf': 0, 'k': 0.35, 'stop': 0, 'R': 1.0, 'hold': 240}",151,38.4,0.639,-3387,125,52.8,1.082,715,114,53.5,1.095,783
NQ_DRIVE,1397,"{'A': 2300, 'T': 240, 'x': 0.2, 'mode': 1, 'tf': 0, 'k': 0.35, 'stop': 0, 'R': 2.0, 'hold': 240}",151,35.8,0.534,-4444,125,52.0,1.02,174,114,52.6,1.02,164
NQ_DRIVE,1398,"{'A': 2300, 'T': 240, 'x': 0.2, 'mode': 1, 'tf': 1, 'k': 0.2, 'stop': 0, 'R': 0.5, 'hold': 240}",71,49.3,0.51,-1490,59,69.5,1.481,975,51,72.5,1.754,1217
NQ_DRIVE,1399,"{'A': 2300, 'T': 240, 'x': 0.2, 'mode': 1, 'tf': 1, 'k': 0.2, 'stop': 0, 'R': 1.0, 'hold': 240}",71,42.3,0.579,-1495,59,49.2,0.874,-483,51,49.0,0.888,-384
NQ_DRIVE,1380,"{'A': 2300, 'T': 240, 'x': 0.1, 'mode': -1, 'tf': 0, 'k': 0.2, 'stop': 0, 'R': 0.5, 'hold': 240}",436,64.9,1.09,1123,332,61.7,0.987,-181,321,62.6,1.004,56
NQ_DRIVE,1381,"{'A': 2300, 'T': 240, 'x': 0.1, 'mode': -1, 'tf': 0, 'k': 0.2, 'stop': 0, 'R': 1.0, 'hold': 240}",436,51.1,1.056,940,332,49.4,1.006,106,321,49.8,1.0,-3
NQ_DRIVE,1382,"{'A': 2300, 'T': 240, 'x': 0.1, 'mode': -1, 'tf': 0, 'k': 0.2, 'stop': 0, 'R': 2.0, 'hold': 240}",436,47.5,1.094,1654,332,45.8,0.975,-483,321,46.7,0.971,-560
NQ_DRIVE,1383,"{'A': 2300, 'T': 240, 'x': 0.1, 'mode': -1, 'tf': 0, 'k': 0.35, 'stop': 0, 'R': 0.5, 'hold': 240}",436,57.6,1.064,1071,332,54.8,1.081,1381,321,55.1,1.064,1097
NQ_DRIVE,1392,"{'A': 2300, 'T': 240, 'x': 0.2, 'mode': 1, 'tf': 0, 'k': 0.2, 'stop': 0, 'R': 0.5, 'hold': 240}",151,53.6,0.6,-2555,125,68.8,1.346,1576,114,71.9,1.511,2059
NQ_DRIVE,1393,"{'A': 2300, 'T': 240, 'x': 0.2, 'mode': 1, 'tf': 0, 'k': 0.2, 'stop': 0, 'R': 1.0, 'hold': 240}",151,43.7,0.698,-2348,125,54.4,1.119,820,114,55.3,1.157,1012
NQ_DRIVE,1394,"{'A': 2300, 'T': 240, 'x': 0.2, 'mode': 1, 'tf': 0, 'k': 0.2, 'stop': 0, 'R': 2.0, 'hold': 240}",151,35.1,0.637,-3042,125,48.0,1.184,1353,114,50.0,1.223,1517
NQ_DRIVE,1395,"{'A': 2300, 'T': 240, 'x': 0.2, 'mode': 1, 'tf': 0, 'k': 0.35, 'stop': 0, 'R': 0.5, 'hold': 240}",151,48.3,0.649,-2952,125,62.4,1.117,900,114,62.3,1.118,852
NQ_DRIVE,1404,"{'A': 2300, 'T': 240, 'x': 0.2, 'mode': -1, 'tf': 0, 'k': 0.2, 'stop': 0, 'R': 0.5, 'hold': 240}",151,68.2,1.191,813,125,58.4,0.861,-843,114,60.5,0.909,-508
NQ_DRIVE,1405,"{'A': 2300, 'T': 240, 'x': 0.2, 'mode': -1, 'tf': 0, 'k': 0.2, 'stop': 0, 'R': 1.0, 'hold': 240}",151,55.0,1.254,1470,125,44.0,0.815,-1501,114,43.9,0.791,-1634
NQ_DRIVE,1406,"{'A': 2300, 'T': 240, 'x': 0.2, 'mode': -1, 'tf': 0, 'k': 0.2, 'stop': 0, 'R': 2.0, 'hold': 240}",151,50.3,1.351,2163,125,39.2,0.883,-1043,114,40.4,0.899,-850
NQ_DRIVE,1407,"{'A': 2300, 'T': 240, 'x': 0.2, 'mode': -1, 'tf': 0, 'k': 0.35, 'stop': 0, 'R': 0.5, 'hold': 240}",151,62.9,1.192,1133,125,49.6,0.804,-1696,114,49.1,0.793,-1720
NQ_DRIVE,1388,"{'A': 2300, 'T': 240, 'x': 0.1, 'mode': -1, 'tf': 1, 'k': 0.2, 'stop': 0, 'R': 2.0, 'hold': 240}",207,46.4,0.882,-1125,161,41.6,0.812,-1965,146,41.1,0.765,-2369
NQ_DRIVE,1389,"{'A': 2300, 'T': 240, 'x': 0.1, 'mode': -1, 'tf': 1, 'k': 0.35, 'stop': 0, 'R': 0.5, 'hold': 240}",207,58.5,0.992,-71,161,50.3,0.846,-1454,146,48.6,0.766,-2176
NQ_DRIVE,1390,"{'A': 2300, 'T': 240, 'x': 0.1, 'mode': -1, 'tf': 1, 'k': 0.35, 'stop': 0, 'R': 1.0, 'hold': 240}",207,51.7,0.874,-1302,161,44.7,0.854,-1524,146,43.8,0.772,-2308
NQ_DRIVE,1391,"{'A': 2300, 'T': 240, 'x': 0.1, 'mode': -1, 'tf': 1, 'k': 0.35, 'stop': 0, 'R': 2.0, 'hold': 240}",207,51.2,0.85,-1570,161,44.7,0.829,-1788,146,43.8,0.757,-2465
NQ_DRIVE,1408,"{'A': 2300, 'T': 240, 'x': 0.2, 'mode': -1, 'tf': 0, 'k': 0.35, 'stop': 0, 'R': 1.0, 'hold': 240}",151,58.9,1.401,2538,125,44.0,0.856,-1416,114,44.7,0.848,-1423
NQ_DRIVE,1409,"{'A': 2300, 'T': 240, 'x': 0.2, 'mode': -1, 'tf': 0, 'k': 0.35, 'stop': 0, 'R': 2.0, 'hold': 240}",151,57.6,1.308,2065,125,44.0,0.864,-1342,114,44.7,0.865,-1262
NQ_DRIVE,1410,"{'A': 2300, 'T': 240, 'x': 0.2, 'mode': -1, 'tf': 1, 'k': 0.2, 'stop': 0, 'R': 0.5, 'hold': 240}",76,69.7,1.139,327,62,56.5,0.822,-543,54,55.6,0.787,-616
NQ_DRIVE,1411,"{'A': 2300, 'T': 240, 'x': 0.2, 'mode': -1, 'tf': 1, 'k': 0.2, 'stop': 0, 'R': 1.0, 'hold': 240}",76,55.3,1.167,560,62,38.7,0.644,-1537,54,35.2,0.556,-1876
NQ_DRIVE,1412,"{'A': 2300, 'T': 240, 'x': 0.2, 'mode': -1, 'tf': 1, 'k': 0.2, 'stop': 0, 'R': 2.0, 'hold': 240}",76,47.4,1.061,226,62,35.5,0.742,-1185,54,31.5,0.598,-1809
NQ_DRIVE,1413,"{'A': 2300, 'T': 240, 'x': 0.2, 'mode': -1, 'tf': 1, 'k': 0.35, 'stop': 0, 'R': 0.5, 'hold': 240}",76,63.2,0.971,-110,62,43.5,0.656,-1573,54,38.9,0.582,-1877
NQ_DRIVE,1414,"{'A': 2300, 'T': 240, 'x': 0.2, 'mode': -1, 'tf': 1, 'k': 0.35, 'stop': 0, 'R': 1.0, 'hold': 240}",76,56.6,1.005,21,62,40.3,0.758,-1207,54,35.2,0.605,-1941
NQ_DRIVE,1415,"{'A': 2300, 'T': 240, 'x': 0.2, 'mode': -1, 'tf': 1, 'k': 0.35, 'stop': 0, 'R': 2.0, 'hold': 240}",76,55.3,0.926,-324,62,40.3,0.616,-1915,54,35.2,0.444,-2733
NQ_DRIVE,1420,"{'A': 2300, 'T': 240, 'x': 0.35, 'mode': 1, 'tf': 0, 'k': 0.35, 'stop': 0, 'R': 1.0, 'hold': 240}",42,42.9,0.905,-292,41,43.9,0.801,-837,39,43.6,0.822,-739
NQ_DRIVE,1421,"{'A': 2300, 'T': 240, 'x': 0.35, 'mode': 1, 'tf': 0, 'k': 0.35, 'stop': 0, 'R': 2.0, 'hold': 240}",42,40.5,0.648,-1106,41,41.5,0.7,-1268,39,41.0,0.711,-1199
NQ_DRIVE,1422,"{'A': 2300, 'T': 240, 'x': 0.35, 'mode': 1, 'tf': 1, 'k': 0.2, 'stop': 0, 'R': 0.5, 'hold': 240}",18,50.0,,-308,16,62.5,,31,14,64.3,,10
NQ_DRIVE,1423,"{'A': 2300, 'T': 240, 'x': 0.35, 'mode': 1, 'tf': 1, 'k': 0.2, 'stop': 0, 'R': 1.0, 'hold': 240}",18,38.9,,-539,16,37.5,,-868,14,35.7,,-897
NQ_DRIVE,1416,"{'A': 2300, 'T': 240, 'x': 0.35, 'mode': 1, 'tf': 0, 'k': 0.2, 'stop': 0, 'R': 0.5, 'hold': 240}",42,66.7,1.134,172,41,58.5,0.725,-631,39,61.5,0.778,-504
NQ_DRIVE,1417,"{'A': 2300, 'T': 240, 'x': 0.35, 'mode': 1, 'tf': 0, 'k': 0.2, 'stop': 0, 'R': 1.0, 'hold': 240}",42,50.0,0.913,-191,41,43.9,0.659,-1102,39,43.6,0.653,-1110
NQ_DRIVE,1418,"{'A': 2300, 'T': 240, 'x': 0.35, 'mode': 1, 'tf': 0, 'k': 0.2, 'stop': 0, 'R': 2.0, 'hold': 240}",42,38.1,0.835,-417,41,41.5,0.991,-30,39,41.0,1.004,13
NQ_DRIVE,1419,"{'A': 2300, 'T': 240, 'x': 0.35, 'mode': 1, 'tf': 0, 'k': 0.35, 'stop': 0, 'R': 0.5, 'hold': 240}",42,54.8,0.759,-629,41,51.2,0.598,-1538,39,48.7,0.533,-1861
NQ_DRIVE,1440,"{'A': 0, 'T': 15, 'x': 0.1, 'mode': 1, 'tf': 0, 'k': 0.2, 'stop': 0, 'R': 0.5, 'hold': 240}",18,66.7,,-105,13,69.2,,325,13,69.2,,262
NQ_DRIVE,1441,"{'A': 0, 'T': 15, 'x': 0.1, 'mode': 1, 'tf': 0, 'k': 0.2, 'stop': 0, 'R': 1.0, 'hold': 240}",18,50.0,,-77,13,61.5,,663,13,61.5,,599
NQ_DRIVE,1442,"{'A': 0, 'T': 15, 'x': 0.1, 'mode': 1, 'tf': 0, 'k': 0.2, 'stop': 0, 'R': 2.0, 'hold': 240}",18,38.9,,-271,13,46.2,,526,13,46.2,,456
NQ_DRIVE,1443,"{'A': 0, 'T': 15, 'x': 0.1, 'mode': 1, 'tf': 0, 'k': 0.35, 'stop': 0, 'R': 0.5, 'hold': 240}",18,55.6,,-252,13,61.5,,329,13,69.2,,602
NQ_DRIVE,1424,"{'A': 2300, 'T': 240, 'x': 0.35, 'mode': 1, 'tf': 1, 'k': 0.2, 'stop': 0, 'R': 2.0, 'hold': 240}",18,27.8,,-516,16,37.5,,-522,14,35.7,,-551
NQ_DRIVE,1425,"{'A': 2300, 'T': 240, 'x': 0.35, 'mode': 1, 'tf': 1, 'k': 0.35, 'stop': 0, 'R': 0.5, 'hold': 240}",18,38.9,,-1235,16,43.8,,-1000,14,42.9,,-1067
NQ_DRIVE,1426,"{'A': 2300, 'T': 240, 'x': 0.35, 'mode': 1, 'tf': 1, 'k': 0.35, 'stop': 0, 'R': 1.0, 'hold': 240}",18,27.8,,-1121,16,37.5,,-942,14,35.7,,-971
NQ_DRIVE,1427,"{'A': 2300, 'T': 240, 'x': 0.35, 'mode': 1, 'tf': 1, 'k': 0.35, 'stop': 0, 'R': 2.0, 'hold': 240}",18,27.8,,-1036,16,31.2,,-1275,14,28.6,,-1315
NQ_DRIVE,1432,"{'A': 2300, 'T': 240, 'x': 0.35, 'mode': -1, 'tf': 0, 'k': 0.35, 'stop': 0, 'R': 1.0, 'hold': 240}",42,52.4,1.021,61,41,56.1,1.175,610,39,56.4,1.15,523
NQ_DRIVE,1433,"{'A': 2300, 'T': 240, 'x': 0.35, 'mode': -1, 'tf': 0, 'k': 0.35, 'stop': 0, 'R': 2.0, 'hold': 240}",42,47.6,0.928,-234,41,56.1,1.186,646,39,56.4,1.151,526
NQ_DRIVE,1434,"{'A': 2300, 'T': 240, 'x': 0.35, 'mode': -1, 'tf': 1, 'k': 0.2, 'stop': 0, 'R': 0.5, 'hold': 240}",24,62.5,0.818,-186,23,69.6,1.372,367,20,70.0,1.448,386
NQ_DRIVE,1435,"{'A': 2300, 'T': 240, 'x': 0.35, 'mode': -1, 'tf': 1, 'k': 0.2, 'stop': 0, 'R': 1.0, 'hold': 240}",24,41.7,0.691,-476,23,52.2,1.055,88,20,45.0,0.853,-233
NQ_DRIVE,1428,"{'A': 2300, 'T': 240, 'x': 0.35, 'mode': -1, 'tf': 0, 'k': 0.2, 'stop': 0, 'R': 0.5, 'hold': 240}",42,66.7,1.027,40,41,68.3,1.349,559,39,71.8,1.525,760
NQ_DRIVE,1429,"{'A': 2300, 'T': 240, 'x': 0.35, 'mode': -1, 'tf': 0, 'k': 0.2, 'stop': 0, 'R': 1.0, 'hold': 240}",42,50.0,0.984,-34,41,56.1,1.395,880,39,56.4,1.412,899
NQ_DRIVE,1430,"{'A': 2300, 'T': 240, 'x': 0.35, 'mode': -1, 'tf': 0, 'k': 0.2, 'stop': 0, 'R': 2.0, 'hold': 240}",42,42.9,1.181,425,41,53.7,1.677,1618,39,53.8,1.675,1582
NQ_DRIVE,1431,"{'A': 2300, 'T': 240, 'x': 0.35, 'mode': -1, 'tf': 0, 'k': 0.35, 'stop': 0, 'R': 0.5, 'hold': 240}",42,57.1,0.759,-646,41,58.5,1.014,45,39,59.0,1.0,1
NQ_DRIVE,1444,"{'A': 0, 'T': 15, 'x': 0.1, 'mode': 1, 'tf': 0, 'k': 0.35, 'stop': 0, 'R': 1.0, 'hold': 240}",18,38.9,,-602,13,53.8,,636,13,61.5,,882
NQ_DRIVE,1445,"{'A': 0, 'T': 15, 'x': 0.1, 'mode': 1, 'tf': 0, 'k': 0.35, 'stop': 0, 'R': 2.0, 'hold': 240}",18,33.3,,-821,13,46.2,,651,13,53.8,,883
NQ_DRIVE,1446,"{'A': 0, 'T': 15, 'x': 0.1, 'mode': 1, 'tf': 1, 'k': 0.2, 'stop': 0, 'R': 0.5, 'hold': 240}",9,55.6,,-265,6,50.0,,14,7,42.9,,-160
NQ_DRIVE,1447,"{'A': 0, 'T': 15, 'x': 0.1, 'mode': 1, 'tf': 1, 'k': 0.2, 'stop': 0, 'R': 1.0, 'hold': 240}",9,55.6,,-128,6,50.0,,299,7,42.9,,127
NQ_DRIVE,1436,"{'A': 2300, 'T': 240, 'x': 0.35, 'mode': -1, 'tf': 1, 'k': 0.2, 'stop': 0, 'R': 2.0, 'hold': 240}",24,29.2,0.488,-906,23,47.8,1.171,300,20,40.0,0.876,-216
NQ_DRIVE,1437,"{'A': 2300, 'T': 240, 'x': 0.35, 'mode': -1, 'tf': 1, 'k': 0.35, 'stop': 0, 'R': 0.5, 'hold': 240}",24,50.0,0.541,-909,23,56.5,0.869,-286,20,50.0,0.718,-628
NQ_DRIVE,1438,"{'A': 2300, 'T': 240, 'x': 0.35, 'mode': -1, 'tf': 1, 'k': 0.35, 'stop': 0, 'R': 1.0, 'hold': 240}",24,41.7,0.558,-961,23,52.2,0.933,-166,20,45.0,0.687,-784
NQ_DRIVE,1439,"{'A': 2300, 'T': 240, 'x': 0.35, 'mode': -1, 'tf': 1, 'k': 0.35, 'stop': 0, 'R': 2.0, 'hold': 240}",24,37.5,0.424,-1328,23,52.2,0.66,-838,20,45.0,0.396,-1515
NQ_DRIVE,1448,"{'A': 0, 'T': 15, 'x': 0.1, 'mode': 1, 'tf': 1, 'k': 0.2, 'stop': 0, 'R': 2.0, 'hold': 240}",9,44.4,,-208,6,50.0,,325,7,42.9,,146
NQ_DRIVE,1449,"{'A': 0, 'T': 15, 'x': 0.1, 'mode': 1, 'tf': 1, 'k': 0.35, 'stop': 0, 'R': 0.5, 'hold': 240}",9,55.6,,-240,6,50.0,,47,7,57.1,,204
NQ_DRIVE,1450,"{'A': 0, 'T': 15, 'x': 0.1, 'mode': 1, 'tf': 1, 'k': 0.35, 'stop': 0, 'R': 1.0, 'hold': 240}",9,44.4,,-366,6,50.0,,144,7,57.1,,270
NQ_DRIVE,1451,"{'A': 0, 'T': 15, 'x': 0.1, 'mode': 1, 'tf': 1, 'k': 0.35, 'stop': 0, 'R': 2.0, 'hold': 240}",9,33.3,,-625,6,50.0,,144,7,57.1,,270
NQ_DRIVE,1452,"{'A': 0, 'T': 15, 'x': 0.1, 'mode': -1, 'tf': 0, 'k': 0.2, 'stop': 0, 'R': 0.5, 'hold': 240}",18,66.7,,37,13,53.8,,-477,13,53.8,,-445
NQ_DRIVE,1453,"{'A': 0, 'T': 15, 'x': 0.1, 'mode': -1, 'tf': 0, 'k': 0.2, 'stop': 0, 'R': 1.0, 'hold': 240}",18,50.0,,-20,13,38.5,,-732,13,38.5,,-669
NQ_DRIVE,1454,"{'A': 0, 'T': 15, 'x': 0.1, 'mode': -1, 'tf': 0, 'k': 0.2, 'stop': 0, 'R': 2.0, 'hold': 240}",18,50.0,,295,13,38.5,,-483,13,30.8,,-779
NQ_DRIVE,1455,"{'A': 0, 'T': 15, 'x': 0.1, 'mode': -1, 'tf': 0, 'k': 0.35, 'stop': 0, 'R': 0.5, 'hold': 240}",18,66.7,,380,13,46.2,,-786,13,46.2,,-727
NQ_DRIVE,1456,"{'A': 0, 'T': 15, 'x': 0.1, 'mode': -1, 'tf': 0, 'k': 0.35, 'stop': 0, 'R': 1.0, 'hold': 240}",18,61.1,,502,13,46.2,,-709,13,38.5,,-955
NQ_DRIVE,1457,"{'A': 0, 'T': 15, 'x': 0.1, 'mode': -1, 'tf': 0, 'k': 0.35, 'stop': 0, 'R': 2.0, 'hold': 240}",18,61.1,,1117,13,46.2,,-582,13,38.5,,-829
NQ_DRIVE,1458,"{'A': 0, 'T': 15, 'x': 0.1, 'mode': -1, 'tf': 1, 'k': 0.2, 'stop': 0, 'R': 0.5, 'hold': 240}",9,66.7,,-60,6,50.0,,-153,4,50.0,,-37
NQ_DRIVE,1459,"{'A': 0, 'T': 15, 'x': 0.1, 'mode': -1, 'tf': 1, 'k': 0.2, 'stop': 0, 'R': 1.0, 'hold': 240}",9,55.6,,-99,6,16.7,,-546,4,0.0,,-488
NQ_DRIVE,1460,"{'A': 0, 'T': 15, 'x': 0.1, 'mode': -1, 'tf': 1, 'k': 0.2, 'stop': 0, 'R': 2.0, 'hold': 240}",9,55.6,,83,6,16.7,,-535,4,0.0,,-488
NQ_DRIVE,1461,"{'A': 0, 'T': 15, 'x': 0.1, 'mode': -1, 'tf': 1, 'k': 0.35, 'stop': 0, 'R': 0.5, 'hold': 240}",9,77.8,,271,6,33.3,,-635,4,25.0,,-446
NQ_DRIVE,1462,"{'A': 0, 'T': 15, 'x': 0.1, 'mode': -1, 'tf': 1, 'k': 0.35, 'stop': 0, 'R': 1.0, 'hold': 240}",9,66.7,,186,6,33.3,,-673,4,25.0,,-508
NQ_DRIVE,1463,"{'A': 0, 'T': 15, 'x': 0.1, 'mode': -1, 'tf': 1, 'k': 0.35, 'stop': 0, 'R': 2.0, 'hold': 240}",9,66.7,,475,6,33.3,,-673,4,25.0,,-508
NQ_DRIVE,1468,"{'A': 0, 'T': 15, 'x': 0.2, 'mode': 1, 'tf': 0, 'k': 0.35, 'stop': 0, 'R': 1.0, 'hold': 240}",3,33.3,,-153,4,25.0,,-188,4,25.0,,-194
NQ_DRIVE,1469,"{'A': 0, 'T': 15, 'x': 0.2, 'mode': 1, 'tf': 0, 'k': 0.35, 'stop': 0, 'R': 2.0, 'hold': 240}",3,33.3,,-188,4,25.0,,47,4,25.0,,29
NQ_DRIVE,1470,"{'A': 0, 'T': 15, 'x': 0.2, 'mode': 1, 'tf': 1, 'k': 0.2, 'stop': 0, 'R': 0.5, 'hold': 240}",1,100.0,,43,1,0.0,,-113,1,0.0,,-114
NQ_DRIVE,1471,"{'A': 0, 'T': 15, 'x': 0.2, 'mode': 1, 'tf': 1, 'k': 0.2, 'stop': 0, 'R': 1.0, 'hold': 240}",1,100.0,,87,1,0.0,,-113,1,0.0,,-114
NQ_DRIVE,1464,"{'A': 0, 'T': 15, 'x': 0.2, 'mode': 1, 'tf': 0, 'k': 0.2, 'stop': 0, 'R': 0.5, 'hold': 240}",3,66.7,,-3,4,75.0,,83,4,75.0,,82
NQ_DRIVE,1465,"{'A': 0, 'T': 15, 'x': 0.2, 'mode': 1, 'tf': 0, 'k': 0.2, 'stop': 0, 'R': 1.0, 'hold': 240}",3,66.7,,86,4,50.0,,-6,4,50.0,,-8
NQ_DRIVE,1466,"{'A': 0, 'T': 15, 'x': 0.2, 'mode': 1, 'tf': 0, 'k': 0.2, 'stop': 0, 'R': 2.0, 'hold': 240}",3,33.3,,1,4,25.0,,-155,4,25.0,,-156
NQ_DRIVE,1467,"{'A': 0, 'T': 15, 'x': 0.2, 'mode': 1, 'tf': 0, 'k': 0.35, 'stop': 0, 'R': 0.5, 'hold': 240}",3,66.7,,-2,4,50.0,,-119,4,50.0,,-125
NQ_DRIVE,1472,"{'A': 0, 'T': 15, 'x': 0.2, 'mode': 1, 'tf': 1, 'k': 0.2, 'stop': 0, 'R': 2.0, 'hold': 240}",1,0.0,,-90,1,0.0,,-113,1,0.0,,-114
NQ_DRIVE,1473,"{'A': 0, 'T': 15, 'x': 0.2, 'mode': 1, 'tf': 1, 'k': 0.35, 'stop': 0, 'R': 0.5, 'hold': 240}",1,100.0,,76,1,0.0,,-196,1,0.0,,-197
NQ_DRIVE,1474,"{'A': 0, 'T': 15, 'x': 0.2, 'mode': 1, 'tf': 1, 'k': 0.35, 'stop': 0, 'R': 1.0, 'hold': 240}",1,0.0,,-156,1,0.0,,-196,1,0.0,,-197
NQ_DRIVE,1475,"{'A': 0, 'T': 15, 'x': 0.2, 'mode': 1, 'tf': 1, 'k': 0.35, 'stop': 0, 'R': 2.0, 'hold': 240}",1,0.0,,-156,1,0.0,,-196,1,0.0,,-197
NQ_DRIVE,1480,"{'A': 0, 'T': 15, 'x': 0.2, 'mode': -1, 'tf': 0, 'k': 0.35, 'stop': 0, 'R': 1.0, 'hold': 240}",3,66.7,,137,4,75.0,,166,4,75.0,,171
NQ_DRIVE,1481,"{'A': 0, 'T': 15, 'x': 0.2, 'mode': -1, 'tf': 0, 'k': 0.35, 'stop': 0, 'R': 2.0, 'hold': 240}",3,66.7,,300,4,75.0,,359,4,75.0,,366
NQ_DRIVE,1482,"{'A': 0, 'T': 15, 'x': 0.2, 'mode': -1, 'tf': 1, 'k': 0.2, 'stop': 0, 'R': 0.5, 'hold': 240}",2,50.0,,-54,2,50.0,,-62,2,50.0,,-61
NQ_DRIVE,1483,"{'A': 0, 'T': 15, 'x': 0.2, 'mode': -1, 'tf': 1, 'k': 0.2, 'stop': 0, 'R': 1.0, 'hold': 240}",2,50.0,,-10,2,0.0,,-267,2,0.0,,-268
NQ_DRIVE,1476,"{'A': 0, 'T': 15, 'x': 0.2, 'mode': -1, 'tf': 0, 'k': 0.2, 'stop': 0, 'R': 0.5, 'hold': 240}",3,66.7,,-14,4,75.0,,62,4,75.0,,64
NQ_DRIVE,1477,"{'A': 0, 'T': 15, 'x': 0.2, 'mode': -1, 'tf': 0, 'k': 0.2, 'stop': 0, 'R': 1.0, 'hold': 240}",3,33.3,,-102,4,50.0,,-15,4,50.0,,-13
NQ_DRIVE,1478,"{'A': 0, 'T': 15, 'x': 0.2, 'mode': -1, 'tf': 0, 'k': 0.2, 'stop': 0, 'R': 2.0, 'hold': 240}",3,33.3,,-15,4,50.0,,93,4,50.0,,98
NQ_DRIVE,1479,"{'A': 0, 'T': 15, 'x': 0.2, 'mode': -1, 'tf': 0, 'k': 0.35, 'stop': 0, 'R': 0.5, 'hold': 240}",3,66.7,,-16,4,75.0,,116,4,75.0,,117
NQ_DRIVE,1484,"{'A': 0, 'T': 15, 'x': 0.2, 'mode': -1, 'tf': 1, 'k': 0.2, 'stop': 0, 'R': 2.0, 'hold': 240}",2,50.0,,77,2,0.0,,-267,2,0.0,,-268
NQ_DRIVE,1485,"{'A': 0, 'T': 15, 'x': 0.2, 'mode': -1, 'tf': 1, 'k': 0.35, 'stop': 0, 'R': 0.5, 'hold': 240}",2,50.0,,-90,2,50.0,,-105,2,50.0,,-105
NQ_DRIVE,1486,"{'A': 0, 'T': 15, 'x': 0.2, 'mode': -1, 'tf': 1, 'k': 0.35, 'stop': 0, 'R': 1.0, 'hold': 240}",2,50.0,,-13,2,50.0,,-167,2,50.0,,-168
NQ_DRIVE,1487,"{'A': 0, 'T': 15, 'x': 0.2, 'mode': -1, 'tf': 1, 'k': 0.35, 'stop': 0, 'R': 2.0, 'hold': 240}",2,50.0,,88,2,50.0,,-167,2,50.0,,-168
NQ_DRIVE,1488,"{'A': 0, 'T': 15, 'x': 0.35, 'mode': 1, 'tf': 0, 'k': 0.2, 'stop': 0, 'R': 0.5, 'hold': 240}",0,,,0,2,100.0,,136,2,100.0,,135
NQ_DRIVE,1489,"{'A': 0, 'T': 15, 'x': 0.35, 'mode': 1, 'tf': 0, 'k': 0.2, 'stop': 0, 'R': 1.0, 'hold': 240}",0,,,0,2,50.0,,-16,2,50.0,,-18
NQ_DRIVE,1490,"{'A': 0, 'T': 15, 'x': 0.35, 'mode': 1, 'tf': 0, 'k': 0.2, 'stop': 0, 'R': 2.0, 'hold': 240}",0,,,0,2,0.0,,-290,2,0.0,,-294
NQ_DRIVE,1491,"{'A': 0, 'T': 15, 'x': 0.35, 'mode': 1, 'tf': 0, 'k': 0.35, 'stop': 0, 'R': 0.5, 'hold': 240}",0,,,0,2,50.0,,-31,2,50.0,,-37
NQ_DRIVE,1492,"{'A': 0, 'T': 15, 'x': 0.35, 'mode': 1, 'tf': 0, 'k': 0.35, 'stop': 0, 'R': 1.0, 'hold': 240}",0,,,0,2,0.0,,-209,2,0.0,,-216
NQ_DRIVE,1493,"{'A': 0, 'T': 15, 'x': 0.35, 'mode': 1, 'tf': 0, 'k': 0.35, 'stop': 0, 'R': 2.0, 'hold': 240}",0,,,0,2,0.0,,-209,2,0.0,,-216
NQ_DRIVE,1494,"{'A': 0, 'T': 15, 'x': 0.35, 'mode': 1, 'tf': 1, 'k': 0.2, 'stop': 0, 'R': 0.5, 'hold': 240}",0,,,0,0,,,0,0,,,0
NQ_DRIVE,1495,"{'A': 0, 'T': 15, 'x': 0.35, 'mode': 1, 'tf': 1, 'k': 0.2, 'stop': 0, 'R': 1.0, 'hold': 240}",0,,,0,0,,,0,0,,,0
NQ_DRIVE,1496,"{'A': 0, 'T': 15, 'x': 0.35, 'mode': 1, 'tf': 1, 'k': 0.2, 'stop': 0, 'R': 2.0, 'hold': 240}",0,,,0,0,,,0,0,,,0
NQ_DRIVE,1497,"{'A': 0, 'T': 15, 'x': 0.35, 'mode': 1, 'tf': 1, 'k': 0.35, 'stop': 0, 'R': 0.5, 'hold': 240}",0,,,0,0,,,0,0,,,0
NQ_DRIVE,1498,"{'A': 0, 'T': 15, 'x': 0.35, 'mode': 1, 'tf': 1, 'k': 0.35, 'stop': 0, 'R': 1.0, 'hold': 240}",0,,,0,0,,,0,0,,,0
NQ_DRIVE,1499,"{'A': 0, 'T': 15, 'x': 0.35, 'mode': 1, 'tf': 1, 'k': 0.35, 'stop': 0, 'R': 2.0, 'hold': 240}",0,,,0,0,,,0,0,,,0
NQ_DRIVE,1500,"{'A': 0, 'T': 15, 'x': 0.35, 'mode': -1, 'tf': 0, 'k': 0.2, 'stop': 0, 'R': 0.5, 'hold': 240}",0,,,0,2,100.0,,138,2,100.0,,141
NQ_DRIVE,1501,"{'A': 0, 'T': 15, 'x': 0.35, 'mode': -1, 'tf': 0, 'k': 0.2, 'stop': 0, 'R': 1.0, 'hold': 240}",0,,,0,2,50.0,,6,2,50.0,,8
NQ_DRIVE,1502,"{'A': 0, 'T': 15, 'x': 0.35, 'mode': -1, 'tf': 0, 'k': 0.2, 'stop': 0, 'R': 2.0, 'hold': 240}",0,,,0,2,50.0,,3,2,50.0,,8
NQ_DRIVE,1503,"{'A': 0, 'T': 15, 'x': 0.35, 'mode': -1, 'tf': 0, 'k': 0.35, 'stop': 0, 'R': 0.5, 'hold': 240}",0,,,0,2,100.0,,244,2,100.0,,248
NQ_DRIVE,1508,"{'A': 0, 'T': 15, 'x': 0.35, 'mode': -1, 'tf': 1, 'k': 0.2, 'stop': 0, 'R': 2.0, 'hold': 240}",0,,,0,1,0.0,,-139,1,0.0,,-139
NQ_DRIVE,1509,"{'A': 0, 'T': 15, 'x': 0.35, 'mode': -1, 'tf': 1, 'k': 0.35, 'stop': 0, 'R': 0.5, 'hold': 240}",0,,,0,1,100.0,,117,1,100.0,,120
NQ_DRIVE,1510,"{'A': 0, 'T': 15, 'x': 0.35, 'mode': -1, 'tf': 1, 'k': 0.35, 'stop': 0, 'R': 1.0, 'hold': 240}",0,,,0,1,100.0,,55,1,100.0,,58
NQ_DRIVE,1511,"{'A': 0, 'T': 15, 'x': 0.35, 'mode': -1, 'tf': 1, 'k': 0.35, 'stop': 0, 'R': 2.0, 'hold': 240}",0,,,0,1,100.0,,55,1,100.0,,58
NQ_DRIVE,1504,"{'A': 0, 'T': 15, 'x': 0.35, 'mode': -1, 'tf': 0, 'k': 0.35, 'stop': 0, 'R': 1.0, 'hold': 240}",0,,,0,2,100.0,,197,2,100.0,,205
NQ_DRIVE,1505,"{'A': 0, 'T': 15, 'x': 0.35, 'mode': -1, 'tf': 0, 'k': 0.35, 'stop': 0, 'R': 2.0, 'hold': 240}",0,,,0,2,100.0,,197,2,100.0,,205
NQ_DRIVE,1506,"{'A': 0, 'T': 15, 'x': 0.35, 'mode': -1, 'tf': 1, 'k': 0.2, 'stop': 0, 'R': 0.5, 'hold': 240}",0,,,0,1,100.0,,66,1,100.0,,68
NQ_DRIVE,1507,"{'A': 0, 'T': 15, 'x': 0.35, 'mode': -1, 'tf': 1, 'k': 0.2, 'stop': 0, 'R': 1.0, 'hold': 240}",0,,,0,1,0.0,,-139,1,0.0,,-139
NQ_DRIVE,1524,"{'A': 0, 'T': 30, 'x': 0.1, 'mode': -1, 'tf': 0, 'k': 0.2, 'stop': 0, 'R': 0.5, 'hold': 240}",44,79.5,1.785,786,42,61.9,0.816,-451,41,58.5,0.738,-684
NQ_DRIVE,1525,"{'A': 0, 'T': 30, 'x': 0.1, 'mode': -1, 'tf': 0, 'k': 0.2, 'stop': 0, 'R': 1.0, 'hold': 240}",44,56.8,1.147,281,42,50.0,1.034,100,41,46.3,0.929,-221
NQ_DRIVE,1526,"{'A': 0, 'T': 30, 'x': 0.1, 'mode': -1, 'tf': 0, 'k': 0.2, 'stop': 0, 'R': 2.0, 'hold': 240}",44,47.7,1.164,348,42,47.6,1.226,718,41,43.9,1.147,490
NQ_DRIVE,1527,"{'A': 0, 'T': 30, 'x': 0.1, 'mode': -1, 'tf': 0, 'k': 0.35, 'stop': 0, 'R': 0.5, 'hold': 240}",44,77.3,1.454,845,42,61.9,0.997,-9,41,58.5,0.89,-387
NQ_DRIVE,1516,"{'A': 0, 'T': 30, 'x': 0.1, 'mode': 1, 'tf': 0, 'k': 0.35, 'stop': 0, 'R': 1.0, 'hold': 240}",44,38.6,0.72,-881,42,42.9,0.737,-1192,41,46.3,0.803,-880
NQ_DRIVE,1517,"{'A': 0, 'T': 30, 'x': 0.1, 'mode': 1, 'tf': 0, 'k': 0.35, 'stop': 0, 'R': 2.0, 'hold': 240}",44,38.6,0.957,-136,42,42.9,0.975,-115,41,46.3,1.081,361
NQ_DRIVE,1518,"{'A': 0, 'T': 30, 'x': 0.1, 'mode': 1, 'tf': 1, 'k': 0.2, 'stop': 0, 'R': 0.5, 'hold': 240}",16,56.2,,-351,20,40.0,0.358,-1222,14,35.7,,-1182
NQ_DRIVE,1519,"{'A': 0, 'T': 30, 'x': 0.1, 'mode': 1, 'tf': 1, 'k': 0.2, 'stop': 0, 'R': 1.0, 'hold': 240}",16,43.8,,-446,20,35.0,0.481,-1075,14,35.7,,-783
NQ_DRIVE,1512,"{'A': 0, 'T': 30, 'x': 0.1, 'mode': 1, 'tf': 0, 'k': 0.2, 'stop': 0, 'R': 0.5, 'hold': 240}",44,56.8,0.742,-459,42,57.1,0.675,-899,41,61.0,0.755,-634
NQ_DRIVE,1513,"{'A': 0, 'T': 30, 'x': 0.1, 'mode': 1, 'tf': 0, 'k': 0.2, 'stop': 0, 'R': 1.0, 'hold': 240}",44,43.2,0.777,-518,42,50.0,0.897,-327,41,53.7,1.0,-1
NQ_DRIVE,1514,"{'A': 0, 'T': 30, 'x': 0.1, 'mode': 1, 'tf': 0, 'k': 0.2, 'stop': 0, 'R': 2.0, 'hold': 240}",44,29.5,0.729,-780,42,42.9,1.038,131,41,46.3,1.172,572
NQ_DRIVE,1515,"{'A': 0, 'T': 30, 'x': 0.1, 'mode': 1, 'tf': 0, 'k': 0.35, 'stop': 0, 'R': 0.5, 'hold': 240}",44,54.5,0.879,-276,42,52.4,0.665,-1377,41,53.7,0.675,-1324
NQ_DRIVE,1520,"{'A': 0, 'T': 30, 'x': 0.1, 'mode': 1, 'tf': 1, 'k': 0.2, 'stop': 0, 'R': 2.0, 'hold': 240}",16,25.0,,-970,20,25.0,0.413,-1304,14,28.6,,-744
NQ_DRIVE,1521,"{'A': 0, 'T': 30, 'x': 0.1, 'mode': 1, 'tf': 1, 'k': 0.35, 'stop': 0, 'R': 0.5, 'hold': 240}",16,56.2,,-501,20,35.0,0.319,-1909,14,35.7,,-1577
NQ_DRIVE,1522,"{'A': 0, 'T': 30, 'x': 0.1, 'mode': 1, 'tf': 1, 'k': 0.35, 'stop': 0, 'R': 1.0, 'hold': 240}",16,31.2,,-1481,20,25.0,0.289,-2174,14,28.6,,-1488
NQ_DRIVE,1523,"{'A': 0, 'T': 30, 'x': 0.1, 'mode': 1, 'tf': 1, 'k': 0.35, 'stop': 0, 'R': 2.0, 'hold': 240}",16,31.2,,-1504,20,25.0,0.292,-2164,14,28.6,,-1486
NQ_DRIVE,1528,"{'A': 0, 'T': 30, 'x': 0.1, 'mode': -1, 'tf': 0, 'k': 0.35, 'stop': 0, 'R': 1.0, 'hold': 240}",44,61.4,1.27,637,42,57.1,1.278,957,41,53.7,1.176,651
NQ_DRIVE,1529,"{'A': 0, 'T': 30, 'x': 0.1, 'mode': -1, 'tf': 0, 'k': 0.35, 'stop': 0, 'R': 2.0, 'hold': 240}",44,61.4,1.652,1536,42,54.8,1.078,297,41,51.2,0.99,-39
NQ_DRIVE,1530,"{'A': 0, 'T': 30, 'x': 0.1, 'mode': -1, 'tf': 1, 'k': 0.2, 'stop': 0, 'R': 0.5, 'hold': 240}",28,78.6,1.563,415,20,55.0,0.553,-615,22,54.5,0.635,-521
NQ_DRIVE,1531,"{'A': 0, 'T': 30, 'x': 0.1, 'mode': -1, 'tf': 1, 'k': 0.2, 'stop': 0, 'R': 1.0, 'hold': 240}",28,57.1,0.941,-80,20,35.0,0.51,-877,22,36.4,0.563,-806
NQ_DRIVE,1532,"{'A': 0, 'T': 30, 'x': 0.1, 'mode': -1, 'tf': 1, 'k': 0.2, 'stop': 0, 'R': 2.0, 'hold': 240}",28,50.0,0.87,-189,20,35.0,0.728,-486,22,36.4,0.811,-348
NQ_DRIVE,1533,"{'A': 0, 'T': 30, 'x': 0.1, 'mode': -1, 'tf': 1, 'k': 0.35, 'stop': 0, 'R': 0.5, 'hold': 240}",28,75.0,0.975,-40,20,50.0,0.549,-966,22,45.5,0.474,-1290
NQ_DRIVE,1534,"{'A': 0, 'T': 30, 'x': 0.1, 'mode': -1, 'tf': 1, 'k': 0.35, 'stop': 0, 'R': 1.0, 'hold': 240}",28,57.1,0.622,-756,20,40.0,0.577,-974,22,36.4,0.549,-1180
NQ_DRIVE,1535,"{'A': 0, 'T': 30, 'x': 0.1, 'mode': -1, 'tf': 1, 'k': 0.35, 'stop': 0, 'R': 2.0, 'hold': 240}",28,57.1,0.595,-811,20,40.0,0.446,-1275,22,36.4,0.411,-1542
NQ_DRIVE,1540,"{'A': 0, 'T': 30, 'x': 0.2, 'mode': 1, 'tf': 0, 'k': 0.35, 'stop': 0, 'R': 1.0, 'hold': 240}",7,42.9,,-35,8,25.0,,-1086,7,28.6,,-853
NQ_DRIVE,1541,"{'A': 0, 'T': 30, 'x': 0.2, 'mode': 1, 'tf': 0, 'k': 0.35, 'stop': 0, 'R': 2.0, 'hold': 240}",7,42.9,,186,8,25.0,,-1087,7,28.6,,-859
NQ_DRIVE,1542,"{'A': 0, 'T': 30, 'x': 0.2, 'mode': 1, 'tf': 1, 'k': 0.2, 'stop': 0, 'R': 0.5, 'hold': 240}",3,66.7,,-10,4,50.0,,-262,3,33.3,,-330
NQ_DRIVE,1543,"{'A': 0, 'T': 30, 'x': 0.2, 'mode': 1, 'tf': 1, 'k': 0.2, 'stop': 0, 'R': 1.0, 'hold': 240}",3,66.7,,34,4,50.0,,-160,3,33.3,,-298
NQ_DRIVE,1536,"{'A': 0, 'T': 30, 'x': 0.2, 'mode': 1, 'tf': 0, 'k': 0.2, 'stop': 0, 'R': 0.5, 'hold': 240}",7,71.4,,83,8,50.0,,-415,7,42.9,,-482
NQ_DRIVE,1537,"{'A': 0, 'T': 30, 'x': 0.2, 'mode': 1, 'tf': 0, 'k': 0.2, 'stop': 0, 'R': 1.0, 'hold': 240}",7,57.1,,54,8,50.0,,-172,7,42.9,,-306
NQ_DRIVE,1538,"{'A': 0, 'T': 30, 'x': 0.2, 'mode': 1, 'tf': 0, 'k': 0.2, 'stop': 0, 'R': 2.0, 'hold': 240}",7,42.9,,106,8,25.0,,-633,7,28.6,,-501
NQ_DRIVE,1539,"{'A': 0, 'T': 30, 'x': 0.2, 'mode': 1, 'tf': 0, 'k': 0.35, 'stop': 0, 'R': 0.5, 'hold': 240}",7,85.7,,375,8,50.0,,-558,7,42.9,,-676
NQ_DRIVE,1544,"{'A': 0, 'T': 30, 'x': 0.2, 'mode': 1, 'tf': 1, 'k': 0.2, 'stop': 0, 'R': 2.0, 'hold': 240}",3,33.3,,-142,4,25.0,,-432,3,33.3,,-298
NQ_DRIVE,1545,"{'A': 0, 'T': 30, 'x': 0.2, 'mode': 1, 'tf': 1, 'k': 0.35, 'stop': 0, 'R': 0.5, 'hold': 240}",3,100.0,,163,4,50.0,,-453,3,33.3,,-573
NQ_DRIVE,1546,"{'A': 0, 'T': 30, 'x': 0.2, 'mode': 1, 'tf': 1, 'k': 0.35, 'stop': 0, 'R': 1.0, 'hold': 240}",3,33.3,,-263,4,25.0,,-816,3,33.3,,-582
NQ_DRIVE,1547,"{'A': 0, 'T': 30, 'x': 0.2, 'mode': 1, 'tf': 1, 'k': 0.35, 'stop': 0, 'R': 2.0, 'hold': 240}",3,33.3,,-263,4,25.0,,-816,3,33.3,,-582
NQ_DRIVE,1552,"{'A': 0, 'T': 30, 'x': 0.2, 'mode': -1, 'tf': 0, 'k': 0.35, 'stop': 0, 'R': 1.0, 'hold': 240}",7,57.1,,-3,8,75.0,,1042,7,71.4,,814
NQ_DRIVE,1553,"{'A': 0, 'T': 30, 'x': 0.2, 'mode': -1, 'tf': 0, 'k': 0.35, 'stop': 0, 'R': 2.0, 'hold': 240}",7,57.1,,214,8,75.0,,1656,7,71.4,,1339
NQ_DRIVE,1554,"{'A': 0, 'T': 30, 'x': 0.2, 'mode': -1, 'tf': 1, 'k': 0.2, 'stop': 0, 'R': 0.5, 'hold': 240}",4,50.0,,-139,3,33.3,,-222,2,50.0,,-67
NQ_DRIVE,1555,"{'A': 0, 'T': 30, 'x': 0.2, 'mode': -1, 'tf': 1, 'k': 0.2, 'stop': 0, 'R': 1.0, 'hold': 240}",4,50.0,,-41,3,33.3,,-154,2,50.0,,2
NQ_DRIVE,1548,"{'A': 0, 'T': 30, 'x': 0.2, 'mode': -1, 'tf': 0, 'k': 0.2, 'stop': 0, 'R': 0.5, 'hold': 240}",7,57.1,,-125,8,62.5,,-57,7,71.4,,78
NQ_DRIVE,1549,"{'A': 0, 'T': 30, 'x': 0.2, 'mode': -1, 'tf': 0, 'k': 0.2, 'stop': 0, 'R': 1.0, 'hold': 240}",7,42.9,,-92,8,50.0,,129,7,57.1,,268
NQ_DRIVE,1550,"{'A': 0, 'T': 30, 'x': 0.2, 'mode': -1, 'tf': 0, 'k': 0.2, 'stop': 0, 'R': 2.0, 'hold': 240}",7,28.6,,-278,8,50.0,,596,7,57.1,,741
NQ_DRIVE,1551,"{'A': 0, 'T': 30, 'x': 0.2, 'mode': -1, 'tf': 0, 'k': 0.35, 'stop': 0, 'R': 0.5, 'hold': 240}",7,71.4,,3,8,75.0,,502,7,71.4,,392
NQ_DRIVE,1556,"{'A': 0, 'T': 30, 'x': 0.2, 'mode': -1, 'tf': 1, 'k': 0.2, 'stop': 0, 'R': 2.0, 'hold': 240}",4,50.0,,-79,3,33.3,,-17,2,50.0,,140
NQ_DRIVE,1557,"{'A': 0, 'T': 30, 'x': 0.2, 'mode': -1, 'tf': 1, 'k': 0.35, 'stop': 0, 'R': 0.5, 'hold': 240}",4,50.0,,-237,3,66.7,,31,2,50.0,,-111
NQ_DRIVE,1558,"{'A': 0, 'T': 30, 'x': 0.2, 'mode': -1, 'tf': 1, 'k': 0.35, 'stop': 0, 'R': 1.0, 'hold': 240}",4,50.0,,-250,3,66.7,,149,2,50.0,,10
NQ_DRIVE,1559,"{'A': 0, 'T': 30, 'x': 0.2, 'mode': -1, 'tf': 1, 'k': 0.35, 'stop': 0, 'R': 2.0, 'hold': 240}",4,50.0,,-250,3,66.7,,71,2,50.0,,-70
NQ_DRIVE,1560,"{'A': 0, 'T': 30, 'x': 0.35, 'mode': 1, 'tf': 0, 'k': 0.2, 'stop': 0, 'R': 0.5, 'hold': 240}",0,,,0,2,50.0,,-80,2,50.0,,-76
NQ_DRIVE,1561,"{'A': 0, 'T': 30, 'x': 0.35, 'mode': 1, 'tf': 0, 'k': 0.2, 'stop': 0, 'R': 1.0, 'hold': 240}",0,,,0,2,50.0,,-17,2,50.0,,-13
NQ_DRIVE,1562,"{'A': 0, 'T': 30, 'x': 0.35, 'mode': 1, 'tf': 0, 'k': 0.2, 'stop': 0, 'R': 2.0, 'hold': 240}",0,,,0,2,50.0,,109,2,50.0,,115
NQ_DRIVE,1563,"{'A': 0, 'T': 30, 'x': 0.35, 'mode': 1, 'tf': 0, 'k': 0.35, 'stop': 0, 'R': 0.5, 'hold': 240}",0,,,0,2,50.0,,-135,2,50.0,,-132
NQ_DRIVE,1564,"{'A': 0, 'T': 30, 'x': 0.35, 'mode': 1, 'tf': 0, 'k': 0.35, 'stop': 0, 'R': 1.0, 'hold': 240}",0,,,0,2,50.0,,-25,2,50.0,,-21
NQ_DRIVE,1565,"{'A': 0, 'T': 30, 'x': 0.35, 'mode': 1, 'tf': 0, 'k': 0.35, 'stop': 0, 'R': 2.0, 'hold': 240}",0,,,0,2,50.0,,-26,2,50.0,,-26
NQ_DRIVE,1566,"{'A': 0, 'T': 30, 'x': 0.35, 'mode': 1, 'tf': 1, 'k': 0.2, 'stop': 0, 'R': 0.5, 'hold': 240}",0,,,0,0,,,0,0,,,0
NQ_DRIVE,1567,"{'A': 0, 'T': 30, 'x': 0.35, 'mode': 1, 'tf': 1, 'k': 0.2, 'stop': 0, 'R': 1.0, 'hold': 240}",0,,,0,0,,,0,0,,,0
NQ_DRIVE,1568,"{'A': 0, 'T': 30, 'x': 0.35, 'mode': 1, 'tf': 1, 'k': 0.2, 'stop': 0, 'R': 2.0, 'hold': 240}",0,,,0,0,,,0,0,,,0
NQ_DRIVE,1569,"{'A': 0, 'T': 30, 'x': 0.35, 'mode': 1, 'tf': 1, 'k': 0.35, 'stop': 0, 'R': 0.5, 'hold': 240}",0,,,0,0,,,0,0,,,0
NQ_DRIVE,1570,"{'A': 0, 'T': 30, 'x': 0.35, 'mode': 1, 'tf': 1, 'k': 0.35, 'stop': 0, 'R': 1.0, 'hold': 240}",0,,,0,0,,,0,0,,,0
NQ_DRIVE,1571,"{'A': 0, 'T': 30, 'x': 0.35, 'mode': 1, 'tf': 1, 'k': 0.35, 'stop': 0, 'R': 2.0, 'hold': 240}",0,,,0,0,,,0,0,,,0
NQ_DRIVE,1580,"{'A': 0, 'T': 30, 'x': 0.35, 'mode': -1, 'tf': 1, 'k': 0.2, 'stop': 0, 'R': 2.0, 'hold': 240}",0,,,0,2,50.0,,143,2,50.0,,140
NQ_DRIVE,1581,"{'A': 0, 'T': 30, 'x': 0.35, 'mode': -1, 'tf': 1, 'k': 0.35, 'stop': 0, 'R': 0.5, 'hold': 240}",0,,,0,2,50.0,,-105,2,50.0,,-111
NQ_DRIVE,1582,"{'A': 0, 'T': 30, 'x': 0.35, 'mode': -1, 'tf': 1, 'k': 0.35, 'stop': 0, 'R': 1.0, 'hold': 240}",0,,,0,2,50.0,,15,2,50.0,,10
NQ_DRIVE,1583,"{'A': 0, 'T': 30, 'x': 0.35, 'mode': -1, 'tf': 1, 'k': 0.35, 'stop': 0, 'R': 2.0, 'hold': 240}",0,,,0,2,50.0,,-63,2,50.0,,-70
NQ_DRIVE,1572,"{'A': 0, 'T': 30, 'x': 0.35, 'mode': -1, 'tf': 0, 'k': 0.2, 'stop': 0, 'R': 0.5, 'hold': 240}",0,,,0,2,50.0,,-62,2,50.0,,-67
NQ_DRIVE,1573,"{'A': 0, 'T': 30, 'x': 0.35, 'mode': -1, 'tf': 0, 'k': 0.2, 'stop': 0, 'R': 1.0, 'hold': 240}",0,,,0,2,50.0,,6,2,50.0,,2
NQ_DRIVE,1574,"{'A': 0, 'T': 30, 'x': 0.35, 'mode': -1, 'tf': 0, 'k': 0.2, 'stop': 0, 'R': 2.0, 'hold': 240}",0,,,0,2,50.0,,143,2,50.0,,140
NQ_DRIVE,1575,"{'A': 0, 'T': 30, 'x': 0.35, 'mode': -1, 'tf': 0, 'k': 0.35, 'stop': 0, 'R': 0.5, 'hold': 240}",0,,,0,2,50.0,,-105,2,50.0,,-111
NQ_DRIVE,1576,"{'A': 0, 'T': 30, 'x': 0.35, 'mode': -1, 'tf': 0, 'k': 0.35, 'stop': 0, 'R': 1.0, 'hold': 240}",0,,,0,2,50.0,,15,2,50.0,,10
NQ_DRIVE,1577,"{'A': 0, 'T': 30, 'x': 0.35, 'mode': -1, 'tf': 0, 'k': 0.35, 'stop': 0, 'R': 2.0, 'hold': 240}",0,,,0,2,50.0,,-63,2,50.0,,-70
NQ_DRIVE,1578,"{'A': 0, 'T': 30, 'x': 0.35, 'mode': -1, 'tf': 1, 'k': 0.2, 'stop': 0, 'R': 0.5, 'hold': 240}",0,,,0,2,50.0,,-62,2,50.0,,-67
NQ_DRIVE,1579,"{'A': 0, 'T': 30, 'x': 0.35, 'mode': -1, 'tf': 1, 'k': 0.2, 'stop': 0, 'R': 1.0, 'hold': 240}",0,,,0,2,50.0,,6,2,50.0,,2
NQ_DRIVE,1588,"{'A': 0, 'T': 60, 'x': 0.1, 'mode': 1, 'tf': 0, 'k': 0.35, 'stop': 0, 'R': 1.0, 'hold': 240}",94,39.4,0.804,-1302,89,52.8,0.988,-98,86,53.5,1.032,253
NQ_DRIVE,1589,"{'A': 0, 'T': 60, 'x': 0.1, 'mode': 1, 'tf': 0, 'k': 0.35, 'stop': 0, 'R': 2.0, 'hold': 240}",94,39.4,0.945,-366,89,51.7,1.02,171,86,52.3,1.074,613
NQ_DRIVE,1590,"{'A': 0, 'T': 60, 'x': 0.1, 'mode': 1, 'tf': 1, 'k': 0.2, 'stop': 0, 'R': 0.5, 'hold': 240}",43,62.8,0.779,-378,39,64.1,0.685,-839,30,66.7,0.805,-379
NQ_DRIVE,1591,"{'A': 0, 'T': 60, 'x': 0.1, 'mode': 1, 'tf': 1, 'k': 0.2, 'stop': 0, 'R': 1.0, 'hold': 240}",43,51.2,0.922,-168,39,48.7,0.727,-936,30,50.0,0.798,-528
NQ_DRIVE,1584,"{'A': 0, 'T': 60, 'x': 0.1, 'mode': 1, 'tf': 0, 'k': 0.2, 'stop': 0, 'R': 0.5, 'hold': 240}",94,58.5,0.714,-1129,89,70.8,1.021,92,86,72.1,1.093,387
NQ_DRIVE,1585,"{'A': 0, 'T': 60, 'x': 0.1, 'mode': 1, 'tf': 0, 'k': 0.2, 'stop': 0, 'R': 1.0, 'hold': 240}",94,45.7,0.87,-636,89,53.9,0.995,-28,86,53.5,0.987,-79
NQ_DRIVE,1586,"{'A': 0, 'T': 60, 'x': 0.1, 'mode': 1, 'tf': 0, 'k': 0.2, 'stop': 0, 'R': 2.0, 'hold': 240}",94,35.1,0.823,-1012,89,48.3,1.164,1103,86,48.8,1.19,1245
NQ_DRIVE,1587,"{'A': 0, 'T': 60, 'x': 0.1, 'mode': 1, 'tf': 0, 'k': 0.35, 'stop': 0, 'R': 0.5, 'hold': 240}",94,51.1,0.743,-1461,89,60.7,0.864,-987,86,61.6,0.92,-553
NQ_DRIVE,1592,"{'A': 0, 'T': 60, 'x': 0.1, 'mode': 1, 'tf': 1, 'k': 0.2, 'stop': 0, 'R': 2.0, 'hold': 240}",43,39.5,0.816,-483,39,38.5,0.799,-801,30,43.3,1.007,22
NQ_DRIVE,1593,"{'A': 0, 'T': 60, 'x': 0.1, 'mode': 1, 'tf': 1, 'k': 0.35, 'stop': 0, 'R': 0.5, 'hold': 240}",43,55.8,0.768,-576,39,56.4,0.685,-1272,30,60.0,0.749,-813
NQ_DRIVE,1594,"{'A': 0, 'T': 60, 'x': 0.1, 'mode': 1, 'tf': 1, 'k': 0.35, 'stop': 0, 'R': 1.0, 'hold': 240}",43,44.2,0.731,-868,39,43.6,0.715,-1393,30,50.0,0.875,-466
NQ_DRIVE,1595,"{'A': 0, 'T': 60, 'x': 0.1, 'mode': 1, 'tf': 1, 'k': 0.35, 'stop': 0, 'R': 2.0, 'hold': 240}",43,44.2,0.893,-346,39,41.0,0.585,-2183,30,46.7,0.651,-1431
NQ_DRIVE,1596,"{'A': 0, 'T': 60, 'x': 0.1, 'mode': -1, 'tf': 0, 'k': 0.2, 'stop': 0, 'R': 0.5, 'hold': 240}",94,64.9,0.905,-326,89,57.3,0.762,-1279,86,57.0,0.759,-1283
NQ_DRIVE,1597,"{'A': 0, 'T': 60, 'x': 0.1, 'mode': -1, 'tf': 0, 'k': 0.2, 'stop': 0, 'R': 1.0, 'hold': 240}",94,54.3,1.029,133,89,46.1,0.928,-453,86,44.2,0.868,-850
NQ_DRIVE,1598,"{'A': 0, 'T': 60, 'x': 0.1, 'mode': -1, 'tf': 0, 'k': 0.2, 'stop': 0, 'R': 2.0, 'hold': 240}",94,50.0,1.146,725,89,41.6,1.049,348,86,40.7,1.053,369
NQ_DRIVE,1599,"{'A': 0, 'T': 60, 'x': 0.1, 'mode': -1, 'tf': 0, 'k': 0.35, 'stop': 0, 'R': 0.5, 'hold': 240}",94,66.0,1.076,355,89,55.1,0.842,-1154,86,53.5,0.808,-1408
NQ_DRIVE,1604,"{'A': 0, 'T': 60, 'x': 0.1, 'mode': -1, 'tf': 1, 'k': 0.2, 'stop': 0, 'R': 2.0, 'hold': 240}",51,54.9,1.237,630,47,38.3,0.875,-461,43,34.9,0.767,-844
NQ_DRIVE,1605,"{'A': 0, 'T': 60, 'x': 0.1, 'mode': -1, 'tf': 1, 'k': 0.35, 'stop': 0, 'R': 0.5, 'hold': 240}",51,70.6,1.093,239,47,48.9,0.651,-1360,43,41.9,0.551,-1838
NQ_DRIVE,1606,"{'A': 0, 'T': 60, 'x': 0.1, 'mode': -1, 'tf': 1, 'k': 0.35, 'stop': 0, 'R': 1.0, 'hold': 240}",51,64.7,1.049,150,47,40.4,0.749,-1085,43,37.2,0.668,-1390
NQ_DRIVE,1607,"{'A': 0, 'T': 60, 'x': 0.1, 'mode': -1, 'tf': 1, 'k': 0.35, 'stop': 0, 'R': 2.0, 'hold': 240}",51,62.7,0.899,-320,47,40.4,0.664,-1454,43,37.2,0.585,-1738
NQ_DRIVE,1600,"{'A': 0, 'T': 60, 'x': 0.1, 'mode': -1, 'tf': 0, 'k': 0.35, 'stop': 0, 'R': 1.0, 'hold': 240}",94,60.6,1.131,724,89,47.2,0.953,-399,86,45.3,0.912,-734
NQ_DRIVE,1601,"{'A': 0, 'T': 60, 'x': 0.1, 'mode': -1, 'tf': 0, 'k': 0.35, 'stop': 0, 'R': 2.0, 'hold': 240}",94,59.6,1.163,919,89,47.2,0.892,-906,86,45.3,0.851,-1247
NQ_DRIVE,1602,"{'A': 0, 'T': 60, 'x': 0.1, 'mode': -1, 'tf': 1, 'k': 0.2, 'stop': 0, 'R': 0.5, 'hold': 240}",51,66.7,0.909,-175,47,55.3,0.654,-1001,43,51.2,0.604,-1181
NQ_DRIVE,1603,"{'A': 0, 'T': 60, 'x': 0.1, 'mode': -1, 'tf': 1, 'k': 0.2, 'stop': 0, 'R': 1.0, 'hold': 240}",51,58.8,1.08,194,47,42.6,0.739,-893,43,37.2,0.657,-1200
NQ_DRIVE,1608,"{'A': 0, 'T': 60, 'x': 0.2, 'mode': 1, 'tf': 0, 'k': 0.2, 'stop': 0, 'R': 0.5, 'hold': 240}",14,64.3,,-174,17,76.5,,320,16,75.0,,264
NQ_DRIVE,1609,"{'A': 0, 'T': 60, 'x': 0.2, 'mode': 1, 'tf': 0, 'k': 0.2, 'stop': 0, 'R': 1.0, 'hold': 240}",14,57.1,,104,17,58.8,,702,16,50.0,,302
NQ_DRIVE,1610,"{'A': 0, 'T': 60, 'x': 0.2, 'mode': 1, 'tf': 0, 'k': 0.2, 'stop': 0, 'R': 2.0, 'hold': 240}",14,35.7,,39,17,47.1,,1188,16,43.8,,938
NQ_DRIVE,1611,"{'A': 0, 'T': 60, 'x': 0.2, 'mode': 1, 'tf': 0, 'k': 0.35, 'stop': 0, 'R': 0.5, 'hold': 240}",14,57.1,,-341,17,64.7,,416,16,62.5,,313
NQ_DRIVE,1616,"{'A': 0, 'T': 60, 'x': 0.2, 'mode': 1, 'tf': 1, 'k': 0.2, 'stop': 0, 'R': 2.0, 'hold': 240}",6,33.3,,-178,6,33.3,,68,5,40.0,,214
NQ_DRIVE,1617,"{'A': 0, 'T': 60, 'x': 0.2, 'mode': 1, 'tf': 1, 'k': 0.35, 'stop': 0, 'R': 0.5, 'hold': 240}",6,66.7,,84,6,66.7,,183,5,60.0,,71
NQ_DRIVE,1618,"{'A': 0, 'T': 60, 'x': 0.2, 'mode': 1, 'tf': 1, 'k': 0.35, 'stop': 0, 'R': 1.0, 'hold': 240}",6,33.3,,-298,6,33.3,,-398,5,40.0,,-153
NQ_DRIVE,1619,"{'A': 0, 'T': 60, 'x': 0.2, 'mode': 1, 'tf': 1, 'k': 0.35, 'stop': 0, 'R': 2.0, 'hold': 240}",6,33.3,,-298,6,33.3,,-317,5,40.0,,-72
NQ_DRIVE,1612,"{'A': 0, 'T': 60, 'x': 0.2, 'mode': 1, 'tf': 0, 'k': 0.35, 'stop': 0, 'R': 1.0, 'hold': 240}",14,35.7,,-516,17,52.9,,713,16,50.0,,493
NQ_DRIVE,1613,"{'A': 0, 'T': 60, 'x': 0.2, 'mode': 1, 'tf': 0, 'k': 0.35, 'stop': 0, 'R': 2.0, 'hold': 240}",14,35.7,,-205,17,52.9,,1648,16,50.0,,1189
NQ_DRIVE,1614,"{'A': 0, 'T': 60, 'x': 0.2, 'mode': 1, 'tf': 1, 'k': 0.2, 'stop': 0, 'R': 0.5, 'hold': 240}",6,83.3,,78,6,83.3,,172,5,80.0,,112
NQ_DRIVE,1615,"{'A': 0, 'T': 60, 'x': 0.2, 'mode': 1, 'tf': 1, 'k': 0.2, 'stop': 0, 'R': 1.0, 'hold': 240}",6,66.7,,129,6,66.7,,405,5,60.0,,278
NQ_DRIVE,1620,"{'A': 0, 'T': 60, 'x': 0.2, 'mode': -1, 'tf': 0, 'k': 0.2, 'stop': 0, 'R': 0.5, 'hold': 240}",14,50.0,,-325,17,47.1,,-809,16,56.2,,-477
NQ_DRIVE,1621,"{'A': 0, 'T': 60, 'x': 0.2, 'mode': -1, 'tf': 0, 'k': 0.2, 'stop': 0, 'R': 1.0, 'hold': 240}",14,42.9,,-176,17,41.2,,-793,16,43.8,,-388
NQ_DRIVE,1622,"{'A': 0, 'T': 60, 'x': 0.2, 'mode': -1, 'tf': 0, 'k': 0.2, 'stop': 0, 'R': 2.0, 'hold': 240}",14,42.9,,215,17,35.3,,-737,16,37.5,,-195
NQ_DRIVE,1623,"{'A': 0, 'T': 60, 'x': 0.2, 'mode': -1, 'tf': 0, 'k': 0.35, 'stop': 0, 'R': 0.5, 'hold': 240}",14,64.3,,-127,17,52.9,,-1014,16,56.2,,-789
NQ_DRIVE,1624,"{'A': 0, 'T': 60, 'x': 0.2, 'mode': -1, 'tf': 0, 'k': 0.35, 'stop': 0, 'R': 1.0, 'hold': 240}",14,64.3,,439,17,47.1,,-805,16,43.8,,-580
NQ_DRIVE,1625,"{'A': 0, 'T': 60, 'x': 0.2, 'mode': -1, 'tf': 0, 'k': 0.35, 'stop': 0, 'R': 2.0, 'hold': 240}",14,57.1,,256,17,47.1,,-848,16,43.8,,-644
NQ_DRIVE,1626,"{'A': 0, 'T': 60, 'x': 0.2, 'mode': -1, 'tf': 1, 'k': 0.2, 'stop': 0, 'R': 0.5, 'hold': 240}",8,50.0,,-246,9,44.4,,-522,7,28.6,,-682
NQ_DRIVE,1627,"{'A': 0, 'T': 60, 'x': 0.2, 'mode': -1, 'tf': 1, 'k': 0.2, 'stop': 0, 'R': 1.0, 'hold': 240}",8,50.0,,-17,9,44.4,,-222,7,28.6,,-538
NQ_DRIVE,1632,"{'A': 0, 'T': 60, 'x': 0.35, 'mode': 1, 'tf': 0, 'k': 0.2, 'stop': 0, 'R': 0.5, 'hold': 240}",2,100.0,,110,2,50.0,,-58,2,50.0,,-63
NQ_DRIVE,1633,"{'A': 0, 'T': 60, 'x': 0.35, 'mode': 1, 'tf': 0, 'k': 0.2, 'stop': 0, 'R': 1.0, 'hold': 240}",2,100.0,,224,2,0.0,,-294,2,0.0,,-304
NQ_DRIVE,1634,"{'A': 0, 'T': 60, 'x': 0.35, 'mode': 1, 'tf': 0, 'k': 0.2, 'stop': 0, 'R': 2.0, 'hold': 240}",2,50.0,,240,2,0.0,,-294,2,0.0,,-304
NQ_DRIVE,1635,"{'A': 0, 'T': 60, 'x': 0.35, 'mode': 1, 'tf': 0, 'k': 0.35, 'stop': 0, 'R': 0.5, 'hold': 240}",2,100.0,,195,2,0.0,,-515,2,0.0,,-528
NQ_DRIVE,1628,"{'A': 0, 'T': 60, 'x': 0.2, 'mode': -1, 'tf': 1, 'k': 0.2, 'stop': 0, 'R': 2.0, 'hold': 240}",8,50.0,,383,9,33.3,,-354,7,28.6,,-511
NQ_DRIVE,1629,"{'A': 0, 'T': 60, 'x': 0.2, 'mode': -1, 'tf': 1, 'k': 0.35, 'stop': 0, 'R': 0.5, 'hold': 240}",8,62.5,,-226,9,44.4,,-824,7,28.6,,-1106
NQ_DRIVE,1630,"{'A': 0, 'T': 60, 'x': 0.2, 'mode': -1, 'tf': 1, 'k': 0.35, 'stop': 0, 'R': 1.0, 'hold': 240}",8,62.5,,174,9,33.3,,-939,7,28.6,,-940
NQ_DRIVE,1631,"{'A': 0, 'T': 60, 'x': 0.2, 'mode': -1, 'tf': 1, 'k': 0.35, 'stop': 0, 'R': 2.0, 'hold': 240}",8,50.0,,-239,9,33.3,,-1042,7,28.6,,-1043
NQ_DRIVE,1636,"{'A': 0, 'T': 60, 'x': 0.35, 'mode': 1, 'tf': 0, 'k': 0.35, 'stop': 0, 'R': 1.0, 'hold': 240}",2,50.0,,206,2,0.0,,-515,2,0.0,,-528
NQ_DRIVE,1637,"{'A': 0, 'T': 60, 'x': 0.35, 'mode': 1, 'tf': 0, 'k': 0.35, 'stop': 0, 'R': 2.0, 'hold': 240}",2,50.0,,446,2,0.0,,-515,2,0.0,,-528
NQ_DRIVE,1638,"{'A': 0, 'T': 60, 'x': 0.35, 'mode': 1, 'tf': 1, 'k': 0.2, 'stop': 0, 'R': 0.5, 'hold': 240}",0,,,0,0,,,0,0,,,0
NQ_DRIVE,1639,"{'A': 0, 'T': 60, 'x': 0.35, 'mode': 1, 'tf': 1, 'k': 0.2, 'stop': 0, 'R': 1.0, 'hold': 240}",0,,,0,0,,,0,0,,,0
NQ_DRIVE,1640,"{'A': 0, 'T': 60, 'x': 0.35, 'mode': 1, 'tf': 1, 'k': 0.2, 'stop': 0, 'R': 2.0, 'hold': 240}",0,,,0,0,,,0,0,,,0
NQ_DRIVE,1641,"{'A': 0, 'T': 60, 'x': 0.35, 'mode': 1, 'tf': 1, 'k': 0.35, 'stop': 0, 'R': 0.5, 'hold': 240}",0,,,0,0,,,0,0,,,0
NQ_DRIVE,1642,"{'A': 0, 'T': 60, 'x': 0.35, 'mode': 1, 'tf': 1, 'k': 0.35, 'stop': 0, 'R': 1.0, 'hold': 240}",0,,,0,0,,,0,0,,,0
NQ_DRIVE,1643,"{'A': 0, 'T': 60, 'x': 0.35, 'mode': 1, 'tf': 1, 'k': 0.35, 'stop': 0, 'R': 2.0, 'hold': 240}",0,,,0,0,,,0,0,,,0
NQ_DRIVE,1644,"{'A': 0, 'T': 60, 'x': 0.35, 'mode': -1, 'tf': 0, 'k': 0.2, 'stop': 0, 'R': 0.5, 'hold': 240}",2,0.0,,-235,2,100.0,,137,2,100.0,,144
NQ_DRIVE,1645,"{'A': 0, 'T': 60, 'x': 0.35, 'mode': -1, 'tf': 0, 'k': 0.2, 'stop': 0, 'R': 1.0, 'hold': 240}",2,0.0,,-235,2,100.0,,284,2,100.0,,294
NQ_DRIVE,1646,"{'A': 0, 'T': 60, 'x': 0.35, 'mode': -1, 'tf': 0, 'k': 0.2, 'stop': 0, 'R': 2.0, 'hold': 240}",2,0.0,,-235,2,100.0,,443,2,100.0,,454
NQ_DRIVE,1647,"{'A': 0, 'T': 60, 'x': 0.35, 'mode': -1, 'tf': 0, 'k': 0.35, 'stop': 0, 'R': 0.5, 'hold': 240}",2,50.0,,-217,2,100.0,,247,2,100.0,,256
NQ_DRIVE,1648,"{'A': 0, 'T': 60, 'x': 0.35, 'mode': -1, 'tf': 0, 'k': 0.35, 'stop': 0, 'R': 1.0, 'hold': 240}",2,50.0,,-217,2,100.0,,504,2,100.0,,518
NQ_DRIVE,1649,"{'A': 0, 'T': 60, 'x': 0.35, 'mode': -1, 'tf': 0, 'k': 0.35, 'stop': 0, 'R': 2.0, 'hold': 240}",2,50.0,,-217,2,100.0,,401,2,100.0,,406
NQ_DRIVE,1650,"{'A': 0, 'T': 60, 'x': 0.35, 'mode': -1, 'tf': 1, 'k': 0.2, 'stop': 0, 'R': 0.5, 'hold': 240}",2,0.0,,-235,2,100.0,,137,1,100.0,,66
NQ_DRIVE,1651,"{'A': 0, 'T': 60, 'x': 0.35, 'mode': -1, 'tf': 1, 'k': 0.2, 'stop': 0, 'R': 1.0, 'hold': 240}",2,0.0,,-235,2,100.0,,284,1,100.0,,135
NQ_DRIVE,1652,"{'A': 0, 'T': 60, 'x': 0.35, 'mode': -1, 'tf': 1, 'k': 0.2, 'stop': 0, 'R': 2.0, 'hold': 240}",2,0.0,,-235,2,100.0,,443,1,100.0,,135
NQ_DRIVE,1653,"{'A': 0, 'T': 60, 'x': 0.35, 'mode': -1, 'tf': 1, 'k': 0.35, 'stop': 0, 'R': 0.5, 'hold': 240}",2,50.0,,-217,2,100.0,,247,1,100.0,,118
NQ_DRIVE,1654,"{'A': 0, 'T': 60, 'x': 0.35, 'mode': -1, 'tf': 1, 'k': 0.35, 'stop': 0, 'R': 1.0, 'hold': 240}",2,50.0,,-217,2,100.0,,504,1,100.0,,239
NQ_DRIVE,1655,"{'A': 0, 'T': 60, 'x': 0.35, 'mode': -1, 'tf': 1, 'k': 0.35, 'stop': 0, 'R': 2.0, 'hold': 240}",2,50.0,,-217,2,100.0,,401,1,100.0,,135
NQ_DRIVE,1656,"{'A': 0, 'T': 120, 'x': 0.1, 'mode': 1, 'tf': 0, 'k': 0.2, 'stop': 0, 'R': 0.5, 'hold': 240}",241,57.3,0.695,-2904,205,67.3,1.045,401,193,66.8,1.006,50
NQ_DRIVE,1657,"{'A': 0, 'T': 120, 'x': 0.1, 'mode': 1, 'tf': 0, 'k': 0.2, 'stop': 0, 'R': 1.0, 'hold': 240}",241,41.9,0.714,-3405,205,58.0,1.326,3572,193,58.0,1.313,3369
NQ_DRIVE,1658,"{'A': 0, 'T': 120, 'x': 0.1, 'mode': 1, 'tf': 0, 'k': 0.2, 'stop': 0, 'R': 2.0, 'hold': 240}",241,38.6,0.753,-3154,205,52.2,1.255,3085,193,51.8,1.238,2830
NQ_DRIVE,1659,"{'A': 0, 'T': 120, 'x': 0.1, 'mode': 1, 'tf': 0, 'k': 0.35, 'stop': 0, 'R': 0.5, 'hold': 240}",241,48.1,0.702,-3844,205,60.5,1.107,1296,193,61.1,1.116,1369
NQ_DRIVE,1664,"{'A': 0, 'T': 120, 'x': 0.1, 'mode': 1, 'tf': 1, 'k': 0.2, 'stop': 0, 'R': 2.0, 'hold': 240}",120,40.8,0.806,-1174,97,49.5,1.033,220,77,48.1,1.047,264
NQ_DRIVE,1665,"{'A': 0, 'T': 120, 'x': 0.1, 'mode': 1, 'tf': 1, 'k': 0.35, 'stop': 0, 'R': 0.5, 'hold': 240}",120,50.8,0.756,-1482,97,62.9,1.116,667,77,63.6,1.133,655
NQ_DRIVE,1666,"{'A': 0, 'T': 120, 'x': 0.1, 'mode': 1, 'tf': 1, 'k': 0.35, 'stop': 0, 'R': 1.0, 'hold': 240}",120,44.2,0.748,-1743,97,52.6,0.997,-22,77,51.9,0.93,-436
NQ_DRIVE,1667,"{'A': 0, 'T': 120, 'x': 0.1, 'mode': 1, 'tf': 1, 'k': 0.35, 'stop': 0, 'R': 2.0, 'hold': 240}",120,44.2,0.819,-1251,97,52.6,1.08,562,77,51.9,1.037,233
NQ_DRIVE,1660,"{'A': 0, 'T': 120, 'x': 0.1, 'mode': 1, 'tf': 0, 'k': 0.35, 'stop': 0, 'R': 1.0, 'hold': 240}",241,42.7,0.738,-3699,205,54.1,1.19,2575,193,53.4,1.139,1851
NQ_DRIVE,1661,"{'A': 0, 'T': 120, 'x': 0.1, 'mode': 1, 'tf': 0, 'k': 0.35, 'stop': 0, 'R': 2.0, 'hold': 240}",241,42.3,0.772,-3217,205,53.7,1.199,2699,193,53.4,1.172,2285
NQ_DRIVE,1662,"{'A': 0, 'T': 120, 'x': 0.1, 'mode': 1, 'tf': 1, 'k': 0.2, 'stop': 0, 'R': 0.5, 'hold': 240}",120,64.2,1.002,6,97,63.9,0.826,-877,77,64.9,0.858,-572
NQ_DRIVE,1663,"{'A': 0, 'T': 120, 'x': 0.1, 'mode': 1, 'tf': 1, 'k': 0.2, 'stop': 0, 'R': 1.0, 'hold': 240}",120,45.8,0.83,-911,97,58.8,1.217,1243,77,58.4,1.283,1337
NQ_DRIVE,1680,"{'A': 0, 'T': 120, 'x': 0.2, 'mode': 1, 'tf': 0, 'k': 0.2, 'stop': 0, 'R': 0.5, 'hold': 240}",50,58.0,0.698,-712,52,75.0,1.25,539,45,73.3,1.293,552
NQ_DRIVE,1681,"{'A': 0, 'T': 120, 'x': 0.2, 'mode': 1, 'tf': 0, 'k': 0.2, 'stop': 0, 'R': 1.0, 'hold': 240}",50,40.0,0.697,-944,52,69.2,1.79,2056,45,68.9,1.902,2032
NQ_DRIVE,1682,"{'A': 0, 'T': 120, 'x': 0.2, 'mode': 1, 'tf': 0, 'k': 0.2, 'stop': 0, 'R': 2.0, 'hold': 240}",50,38.0,0.93,-227,52,55.8,1.369,1237,45,53.3,1.359,1081
NQ_DRIVE,1683,"{'A': 0, 'T': 120, 'x': 0.2, 'mode': 1, 'tf': 0, 'k': 0.35, 'stop': 0, 'R': 0.5, 'hold': 240}",50,50.0,0.632,-1418,52,69.2,1.1,378,45,71.1,1.244,777
NQ_DRIVE,1672,"{'A': 0, 'T': 120, 'x': 0.1, 'mode': -1, 'tf': 0, 'k': 0.35, 'stop': 0, 'R': 1.0, 'hold': 240}",241,53.9,1.213,2341,205,43.4,0.778,-3732,193,44.6,0.814,-2940
NQ_DRIVE,1673,"{'A': 0, 'T': 120, 'x': 0.1, 'mode': -1, 'tf': 0, 'k': 0.35, 'stop': 0, 'R': 2.0, 'hold': 240}",241,51.5,1.099,1144,205,42.4,0.771,-3882,193,43.5,0.801,-3172
NQ_DRIVE,1674,"{'A': 0, 'T': 120, 'x': 0.1, 'mode': -1, 'tf': 1, 'k': 0.2, 'stop': 0, 'R': 0.5, 'hold': 240}",113,69.9,1.176,583,101,57.4,0.749,-1363,91,54.9,0.709,-1539
NQ_DRIVE,1675,"{'A': 0, 'T': 120, 'x': 0.1, 'mode': -1, 'tf': 1, 'k': 0.2, 'stop': 0, 'R': 1.0, 'hold': 240}",113,58.4,1.447,1816,101,41.6,0.67,-2390,91,38.5,0.633,-2526
NQ_DRIVE,1668,"{'A': 0, 'T': 120, 'x': 0.1, 'mode': -1, 'tf': 0, 'k': 0.2, 'stop': 0, 'R': 0.5, 'hold': 240}",241,66.8,1.069,496,205,55.6,0.694,-3578,193,54.9,0.674,-3756
NQ_DRIVE,1669,"{'A': 0, 'T': 120, 'x': 0.1, 'mode': -1, 'tf': 0, 'k': 0.2, 'stop': 0, 'R': 1.0, 'hold': 240}",241,54.8,1.227,2065,205,40.5,0.689,-4737,193,40.9,0.7,-4412
NQ_DRIVE,1670,"{'A': 0, 'T': 120, 'x': 0.1, 'mode': -1, 'tf': 0, 'k': 0.2, 'stop': 0, 'R': 2.0, 'hold': 240}",241,49.0,1.201,2064,205,38.5,0.802,-3050,193,38.9,0.814,-2770
NQ_DRIVE,1671,"{'A': 0, 'T': 120, 'x': 0.1, 'mode': -1, 'tf': 0, 'k': 0.35, 'stop': 0, 'R': 0.5, 'hold': 240}",241,61.0,1.261,2397,205,45.4,0.619,-6338,193,46.6,0.645,-5553
NQ_DRIVE,1676,"{'A': 0, 'T': 120, 'x': 0.1, 'mode': -1, 'tf': 1, 'k': 0.2, 'stop': 0, 'R': 2.0, 'hold': 240}",113,51.3,1.295,1403,101,40.6,0.857,-1040,91,37.4,0.797,-1395
NQ_DRIVE,1677,"{'A': 0, 'T': 120, 'x': 0.1, 'mode': -1, 'tf': 1, 'k': 0.35, 'stop': 0, 'R': 0.5, 'hold': 240}",113,62.8,1.337,1474,101,43.6,0.502,-4356,91,40.7,0.458,-4566
NQ_DRIVE,1678,"{'A': 0, 'T': 120, 'x': 0.1, 'mode': -1, 'tf': 1, 'k': 0.35, 'stop': 0, 'R': 1.0, 'hold': 240}",113,54.9,1.257,1350,101,42.6,0.697,-2648,91,39.6,0.64,-3037
NQ_DRIVE,1679,"{'A': 0, 'T': 120, 'x': 0.1, 'mode': -1, 'tf': 1, 'k': 0.35, 'stop': 0, 'R': 2.0, 'hold': 240}",113,53.1,1.143,768,101,40.6,0.597,-3591,91,37.4,0.542,-3931
NQ_DRIVE,1684,"{'A': 0, 'T': 120, 'x': 0.2, 'mode': 1, 'tf': 0, 'k': 0.35, 'stop': 0, 'R': 1.0, 'hold': 240}",50,42.0,0.7,-1314,52,55.8,1.062,302,45,53.3,1.029,126
NQ_DRIVE,1685,"{'A': 0, 'T': 120, 'x': 0.2, 'mode': 1, 'tf': 0, 'k': 0.35, 'stop': 0, 'R': 2.0, 'hold': 240}",50,40.0,0.831,-742,52,55.8,1.063,307,45,53.3,1.028,120
NQ_DRIVE,1686,"{'A': 0, 'T': 120, 'x': 0.2, 'mode': 1, 'tf': 1, 'k': 0.2, 'stop': 0, 'R': 0.5, 'hold': 240}",23,65.2,0.995,-4,23,73.9,0.963,-44,15,73.3,,113
NQ_DRIVE,1687,"{'A': 0, 'T': 120, 'x': 0.2, 'mode': 1, 'tf': 1, 'k': 0.2, 'stop': 0, 'R': 1.0, 'hold': 240}",23,43.5,0.824,-229,23,73.9,1.851,1009,15,73.3,,947
NQ_DRIVE,1688,"{'A': 0, 'T': 120, 'x': 0.2, 'mode': 1, 'tf': 1, 'k': 0.2, 'stop': 0, 'R': 2.0, 'hold': 240}",23,39.1,1.019,27,23,52.2,0.859,-263,15,40.0,,-577
NQ_DRIVE,1689,"{'A': 0, 'T': 120, 'x': 0.2, 'mode': 1, 'tf': 1, 'k': 0.35, 'stop': 0, 'R': 0.5, 'hold': 240}",23,47.8,0.529,-932,23,73.9,1.065,118,15,73.3,,431
NQ_DRIVE,1690,"{'A': 0, 'T': 120, 'x': 0.2, 'mode': 1, 'tf': 1, 'k': 0.35, 'stop': 0, 'R': 1.0, 'hold': 240}",23,39.1,0.57,-1001,23,52.2,0.657,-964,15,40.0,,-1147
NQ_DRIVE,1691,"{'A': 0, 'T': 120, 'x': 0.2, 'mode': 1, 'tf': 1, 'k': 0.35, 'stop': 0, 'R': 2.0, 'hold': 240}",23,39.1,0.711,-673,23,52.2,0.642,-1007,15,40.0,,-1210
NQ_DRIVE,1692,"{'A': 0, 'T': 120, 'x': 0.2, 'mode': -1, 'tf': 0, 'k': 0.2, 'stop': 0, 'R': 0.5, 'hold': 240}",50,70.0,1.13,212,52,50.0,0.594,-1399,45,48.9,0.574,-1345
NQ_DRIVE,1693,"{'A': 0, 'T': 120, 'x': 0.2, 'mode': -1, 'tf': 0, 'k': 0.2, 'stop': 0, 'R': 1.0, 'hold': 240}",50,60.0,1.296,676,52,30.8,0.519,-2335,45,31.1,0.489,-2274
NQ_DRIVE,1694,"{'A': 0, 'T': 120, 'x': 0.2, 'mode': -1, 'tf': 0, 'k': 0.2, 'stop': 0, 'R': 2.0, 'hold': 240}",50,52.0,1.479,1287,52,30.8,0.839,-779,45,31.1,0.778,-990
NQ_DRIVE,1695,"{'A': 0, 'T': 120, 'x': 0.2, 'mode': -1, 'tf': 0, 'k': 0.35, 'stop': 0, 'R': 0.5, 'hold': 240}",50,64.0,1.003,8,52,42.3,0.534,-2470,45,44.4,0.559,-2009
NQ_DRIVE,1696,"{'A': 0, 'T': 120, 'x': 0.2, 'mode': -1, 'tf': 0, 'k': 0.35, 'stop': 0, 'R': 1.0, 'hold': 240}",50,58.0,1.326,1038,52,42.3,0.888,-592,45,44.4,0.917,-376
NQ_DRIVE,1697,"{'A': 0, 'T': 120, 'x': 0.2, 'mode': -1, 'tf': 0, 'k': 0.35, 'stop': 0, 'R': 2.0, 'hold': 240}",50,54.0,1.331,1127,52,40.4,0.808,-1038,45,42.2,0.856,-670
NQ_DRIVE,1698,"{'A': 0, 'T': 120, 'x': 0.2, 'mode': -1, 'tf': 1, 'k': 0.2, 'stop': 0, 'R': 0.5, 'hold': 240}",26,80.8,1.712,460,28,53.6,0.597,-721,24,41.7,0.405,-1144
NQ_DRIVE,1699,"{'A': 0, 'T': 120, 'x': 0.2, 'mode': -1, 'tf': 1, 'k': 0.2, 'stop': 0, 'R': 1.0, 'hold': 240}",26,65.4,1.541,605,28,35.7,0.56,-1070,24,33.3,0.516,-1076
NQ_DRIVE,1704,"{'A': 0, 'T': 120, 'x': 0.35, 'mode': 1, 'tf': 0, 'k': 0.2, 'stop': 0, 'R': 0.5, 'hold': 240}",6,50.0,,-227,13,76.9,,206,12,75.0,,162
NQ_DRIVE,1705,"{'A': 0, 'T': 120, 'x': 0.35, 'mode': 1, 'tf': 0, 'k': 0.2, 'stop': 0, 'R': 1.0, 'hold': 240}",6,16.7,,-482,13,69.2,,786,12,75.0,,855
NQ_DRIVE,1706,"{'A': 0, 'T': 120, 'x': 0.35, 'mode': 1, 'tf': 0, 'k': 0.2, 'stop': 0, 'R': 2.0, 'hold': 240}",6,16.7,,-416,13,53.8,,501,12,58.3,,562
NQ_DRIVE,1707,"{'A': 0, 'T': 120, 'x': 0.35, 'mode': 1, 'tf': 0, 'k': 0.35, 'stop': 0, 'R': 0.5, 'hold': 240}",6,66.7,,-6,13,69.2,,230,12,75.0,,285
NQ_DRIVE,1700,"{'A': 0, 'T': 120, 'x': 0.2, 'mode': -1, 'tf': 1, 'k': 0.2, 'stop': 0, 'R': 2.0, 'hold': 240}",26,53.8,1.331,482,28,35.7,0.845,-376,24,33.3,0.764,-526
NQ_DRIVE,1701,"{'A': 0, 'T': 120, 'x': 0.2, 'mode': -1, 'tf': 1, 'k': 0.35, 'stop': 0, 'R': 0.5, 'hold': 240}",26,69.2,1.151,211,28,42.9,0.395,-1909,24,37.5,0.334,-2037
NQ_DRIVE,1702,"{'A': 0, 'T': 120, 'x': 0.2, 'mode': -1, 'tf': 1, 'k': 0.35, 'stop': 0, 'R': 1.0, 'hold': 240}",26,57.7,1.111,197,28,42.9,0.62,-1198,24,37.5,0.523,-1460
NQ_DRIVE,1703,"{'A': 0, 'T': 120, 'x': 0.2, 'mode': -1, 'tf': 1, 'k': 0.35, 'stop': 0, 'R': 2.0, 'hold': 240}",26,53.8,1.043,81,28,39.3,0.363,-2075,24,33.3,0.247,-2384
NQ_DRIVE,1708,"{'A': 0, 'T': 120, 'x': 0.35, 'mode': 1, 'tf': 0, 'k': 0.35, 'stop': 0, 'R': 1.0, 'hold': 240}",6,50.0,,-78,13,53.8,,417,12,58.3,,471
NQ_DRIVE,1709,"{'A': 0, 'T': 120, 'x': 0.35, 'mode': 1, 'tf': 0, 'k': 0.35, 'stop': 0, 'R': 2.0, 'hold': 240}",6,33.3,,36,13,53.8,,-39,12,58.3,,-5
NQ_DRIVE,1710,"{'A': 0, 'T': 120, 'x': 0.35, 'mode': 1, 'tf': 1, 'k': 0.2, 'stop': 0, 'R': 0.5, 'hold': 240}",2,50.0,,-44,4,75.0,,26,3,66.7,,-29
NQ_DRIVE,1711,"{'A': 0, 'T': 120, 'x': 0.35, 'mode': 1, 'tf': 1, 'k': 0.2, 'stop': 0, 'R': 1.0, 'hold': 240}",2,0.0,,-200,4,75.0,,241,3,66.7,,119
NQ_DRIVE,1712,"{'A': 0, 'T': 120, 'x': 0.35, 'mode': 1, 'tf': 1, 'k': 0.2, 'stop': 0, 'R': 2.0, 'hold': 240}",2,0.0,,-200,4,25.0,,-269,3,0.0,,-523
NQ_DRIVE,1713,"{'A': 0, 'T': 120, 'x': 0.35, 'mode': 1, 'tf': 1, 'k': 0.35, 'stop': 0, 'R': 0.5, 'hold': 240}",2,0.0,,-344,4,75.0,,42,3,66.7,,-65
NQ_DRIVE,1714,"{'A': 0, 'T': 120, 'x': 0.35, 'mode': 1, 'tf': 1, 'k': 0.35, 'stop': 0, 'R': 1.0, 'hold': 240}",2,0.0,,-344,4,25.0,,-539,3,0.0,,-761
NQ_DRIVE,1715,"{'A': 0, 'T': 120, 'x': 0.35, 'mode': 1, 'tf': 1, 'k': 0.35, 'stop': 0, 'R': 2.0, 'hold': 240}",2,0.0,,-344,4,25.0,,-510,3,0.0,,-761
NQ_DRIVE,1724,"{'A': 0, 'T': 120, 'x': 0.35, 'mode': -1, 'tf': 1, 'k': 0.2, 'stop': 0, 'R': 2.0, 'hold': 240}",4,25.0,,-113,9,33.3,,-273,8,12.5,,-770
NQ_DRIVE,1725,"{'A': 0, 'T': 120, 'x': 0.35, 'mode': -1, 'tf': 1, 'k': 0.35, 'stop': 0, 'R': 0.5, 'hold': 240}",4,75.0,,170,9,33.3,,-1293,8,12.5,,-1709
NQ_DRIVE,1726,"{'A': 0, 'T': 120, 'x': 0.35, 'mode': -1, 'tf': 1, 'k': 0.35, 'stop': 0, 'R': 1.0, 'hold': 240}",4,25.0,,-288,9,33.3,,-1005,8,12.5,,-1559
NQ_DRIVE,1727,"{'A': 0, 'T': 120, 'x': 0.35, 'mode': -1, 'tf': 1, 'k': 0.35, 'stop': 0, 'R': 2.0, 'hold': 240}",4,25.0,,-248,9,22.2,,-1372,8,0.0,,-1963
NQ_DRIVE,1716,"{'A': 0, 'T': 120, 'x': 0.35, 'mode': -1, 'tf': 0, 'k': 0.2, 'stop': 0, 'R': 0.5, 'hold': 240}",6,100.0,,287,13,46.2,,-708,12,41.7,,-732
NQ_DRIVE,1717,"{'A': 0, 'T': 120, 'x': 0.35, 'mode': -1, 'tf': 0, 'k': 0.2, 'stop': 0, 'R': 1.0, 'hold': 240}",6,83.3,,451,13,30.8,,-855,12,25.0,,-918
NQ_DRIVE,1718,"{'A': 0, 'T': 120, 'x': 0.35, 'mode': -1, 'tf': 0, 'k': 0.2, 'stop': 0, 'R': 2.0, 'hold': 240}",6,50.0,,268,13,30.8,,-344,12,25.0,,-394
NQ_DRIVE,1719,"{'A': 0, 'T': 120, 'x': 0.35, 'mode': -1, 'tf': 0, 'k': 0.35, 'stop': 0, 'R': 0.5, 'hold': 240}",6,83.3,,335,13,46.2,,-1077,12,41.7,,-1128
NQ_DRIVE,1720,"{'A': 0, 'T': 120, 'x': 0.35, 'mode': -1, 'tf': 0, 'k': 0.35, 'stop': 0, 'R': 1.0, 'hold': 240}",6,50.0,,46,13,46.2,,-488,12,41.7,,-535
NQ_DRIVE,1721,"{'A': 0, 'T': 120, 'x': 0.35, 'mode': -1, 'tf': 0, 'k': 0.35, 'stop': 0, 'R': 2.0, 'hold': 240}",6,50.0,,267,13,38.5,,-492,12,33.3,,-554
NQ_DRIVE,1722,"{'A': 0, 'T': 120, 'x': 0.35, 'mode': -1, 'tf': 1, 'k': 0.2, 'stop': 0, 'R': 0.5, 'hold': 240}",4,100.0,,193,9,55.6,,-351,8,37.5,,-579
NQ_DRIVE,1723,"{'A': 0, 'T': 120, 'x': 0.35, 'mode': -1, 'tf': 1, 'k': 0.2, 'stop': 0, 'R': 1.0, 'hold': 240}",4,75.0,,261,9,33.3,,-593,8,12.5,,-941
NQ_DRIVE,1728,"{'A': 0, 'T': 240, 'x': 0.1, 'mode': 1, 'tf': 0, 'k': 0.2, 'stop': 0, 'R': 0.5, 'hold': 240}",535,63.4,1.113,1618,378,59.0,0.815,-3355,354,58.2,0.787,-3768
NQ_DRIVE,1729,"{'A': 0, 'T': 240, 'x': 0.1, 'mode': 1, 'tf': 0, 'k': 0.2, 'stop': 0, 'R': 1.0, 'hold': 240}",535,49.7,1.088,1692,378,46.6,0.867,-2913,354,44.9,0.816,-3984
NQ_DRIVE,1730,"{'A': 0, 'T': 240, 'x': 0.1, 'mode': 1, 'tf': 0, 'k': 0.2, 'stop': 0, 'R': 2.0, 'hold': 240}",535,45.8,0.984,-331,378,42.9,0.828,-3967,354,41.5,0.803,-4488
NQ_DRIVE,1731,"{'A': 0, 'T': 240, 'x': 0.1, 'mode': 1, 'tf': 0, 'k': 0.35, 'stop': 0, 'R': 0.5, 'hold': 240}",535,52.1,1.0,0,378,52.4,0.777,-5525,354,50.8,0.787,-4914
NQ_DRIVE,1732,"{'A': 0, 'T': 240, 'x': 0.1, 'mode': 1, 'tf': 0, 'k': 0.35, 'stop': 0, 'R': 1.0, 'hold': 240}",535,47.3,0.939,-1373,378,46.6,0.798,-5259,354,45.2,0.815,-4520
NQ_DRIVE,1733,"{'A': 0, 'T': 240, 'x': 0.1, 'mode': 1, 'tf': 0, 'k': 0.35, 'stop': 0, 'R': 2.0, 'hold': 240}",535,46.5,0.917,-1867,378,46.0,0.783,-5731,354,44.9,0.794,-5064
NQ_DRIVE,1734,"{'A': 0, 'T': 240, 'x': 0.1, 'mode': 1, 'tf': 1, 'k': 0.2, 'stop': 0, 'R': 0.5, 'hold': 240}",266,59.0,0.944,-428,176,56.2,0.701,-2739,152,55.3,0.67,-2764
NQ_DRIVE,1735,"{'A': 0, 'T': 240, 'x': 0.1, 'mode': 1, 'tf': 1, 'k': 0.2, 'stop': 0, 'R': 1.0, 'hold': 240}",266,48.9,1.021,198,176,48.3,0.86,-1455,152,46.1,0.782,-2104
NQ_DRIVE,1736,"{'A': 0, 'T': 240, 'x': 0.1, 'mode': 1, 'tf': 1, 'k': 0.2, 'stop': 0, 'R': 2.0, 'hold': 240}",266,45.9,1.017,169,176,43.2,0.793,-2300,152,41.4,0.726,-2821
NQ_DRIVE,1737,"{'A': 0, 'T': 240, 'x': 0.1, 'mode': 1, 'tf': 1, 'k': 0.35, 'stop': 0, 'R': 0.5, 'hold': 240}",266,51.5,0.933,-683,176,52.3,0.704,-3708,152,49.3,0.719,-2925
NQ_DRIVE,1738,"{'A': 0, 'T': 240, 'x': 0.1, 'mode': 1, 'tf': 1, 'k': 0.35, 'stop': 0, 'R': 1.0, 'hold': 240}",266,47.7,0.975,-274,176,46.6,0.703,-4002,152,44.1,0.719,-3159
NQ_DRIVE,1739,"{'A': 0, 'T': 240, 'x': 0.1, 'mode': 1, 'tf': 1, 'k': 0.35, 'stop': 0, 'R': 2.0, 'hold': 240}",266,47.0,0.943,-628,176,46.6,0.75,-3370,152,44.1,0.733,-3007
NQ_DRIVE,1752,"{'A': 0, 'T': 240, 'x': 0.2, 'mode': 1, 'tf': 0, 'k': 0.2, 'stop': 0, 'R': 0.5, 'hold': 240}",219,68.5,1.17,1001,182,59.3,0.843,-1335,168,59.5,0.852,-1208
NQ_DRIVE,1753,"{'A': 0, 'T': 240, 'x': 0.2, 'mode': 1, 'tf': 0, 'k': 0.2, 'stop': 0, 'R': 1.0, 'hold': 240}",219,53.0,1.104,902,182,44.0,0.807,-2130,168,42.9,0.776,-2425
NQ_DRIVE,1754,"{'A': 0, 'T': 240, 'x': 0.2, 'mode': 1, 'tf': 0, 'k': 0.2, 'stop': 0, 'R': 2.0, 'hold': 240}",219,46.6,0.914,-830,182,39.0,0.696,-3608,168,37.5,0.672,-3883
NQ_DRIVE,1755,"{'A': 0, 'T': 240, 'x': 0.2, 'mode': 1, 'tf': 0, 'k': 0.35, 'stop': 0, 'R': 0.5, 'hold': 240}",219,56.2,0.994,-50,182,52.2,0.716,-3814,168,51.2,0.766,-2785
NQ_DRIVE,1760,"{'A': 0, 'T': 240, 'x': 0.2, 'mode': 1, 'tf': 1, 'k': 0.2, 'stop': 0, 'R': 2.0, 'hold': 240}",104,46.2,0.841,-716,85,36.5,0.501,-3233,71,35.2,0.476,-3064
NQ_DRIVE,1761,"{'A': 0, 'T': 240, 'x': 0.2, 'mode': 1, 'tf': 1, 'k': 0.35, 'stop': 0, 'R': 0.5, 'hold': 240}",104,56.7,0.902,-410,85,49.4,0.529,-3518,71,47.9,0.61,-2238
NQ_DRIVE,1762,"{'A': 0, 'T': 240, 'x': 0.2, 'mode': 1, 'tf': 1, 'k': 0.35, 'stop': 0, 'R': 1.0, 'hold': 240}",104,50.0,0.81,-882,85,42.4,0.478,-4281,71,39.4,0.535,-3018
NQ_DRIVE,1763,"{'A': 0, 'T': 240, 'x': 0.2, 'mode': 1, 'tf': 1, 'k': 0.35, 'stop': 0, 'R': 2.0, 'hold': 240}",104,48.1,0.764,-1127,85,42.4,0.45,-4517,71,39.4,0.449,-3571
NQ_DRIVE,1756,"{'A': 0, 'T': 240, 'x': 0.2, 'mode': 1, 'tf': 0, 'k': 0.35, 'stop': 0, 'R': 1.0, 'hold': 240}",219,48.9,0.847,-1605,182,43.4,0.662,-4880,168,41.7,0.702,-3914
NQ_DRIVE,1757,"{'A': 0, 'T': 240, 'x': 0.2, 'mode': 1, 'tf': 0, 'k': 0.35, 'stop': 0, 'R': 2.0, 'hold': 240}",219,47.0,0.783,-2322,182,42.3,0.598,-5957,168,41.1,0.609,-5180
NQ_DRIVE,1758,"{'A': 0, 'T': 240, 'x': 0.2, 'mode': 1, 'tf': 1, 'k': 0.2, 'stop': 0, 'R': 0.5, 'hold': 240}",104,65.4,0.967,-98,85,51.8,0.588,-2033,71,53.5,0.638,-1529
NQ_DRIVE,1759,"{'A': 0, 'T': 240, 'x': 0.2, 'mode': 1, 'tf': 1, 'k': 0.2, 'stop': 0, 'R': 1.0, 'hold': 240}",104,51.9,0.939,-253,85,42.4,0.601,-2368,71,42.3,0.616,-2033
NQ_DRIVE,1748,"{'A': 0, 'T': 240, 'x': 0.1, 'mode': -1, 'tf': 1, 'k': 0.2, 'stop': 0, 'R': 2.0, 'hold': 240}",255,44.7,0.769,-2669,189,48.1,0.941,-625,163,48.5,0.979,-205
NQ_DRIVE,1749,"{'A': 0, 'T': 240, 'x': 0.1, 'mode': -1, 'tf': 1, 'k': 0.35, 'stop': 0, 'R': 0.5, 'hold': 240}",255,54.1,0.923,-779,189,53.4,0.892,-1155,163,54.6,0.933,-634
NQ_DRIVE,1750,"{'A': 0, 'T': 240, 'x': 0.1, 'mode': -1, 'tf': 1, 'k': 0.35, 'stop': 0, 'R': 1.0, 'hold': 240}",255,50.2,0.968,-347,189,49.7,0.924,-867,163,50.3,0.96,-411
NQ_DRIVE,1751,"{'A': 0, 'T': 240, 'x': 0.1, 'mode': -1, 'tf': 1, 'k': 0.35, 'stop': 0, 'R': 2.0, 'hold': 240}",255,49.8,0.922,-859,189,49.7,0.918,-939,163,50.3,0.952,-493
NQ_DRIVE,1764,"{'A': 0, 'T': 240, 'x': 0.2, 'mode': -1, 'tf': 0, 'k': 0.2, 'stop': 0, 'R': 0.5, 'hold': 240}",219,58.4,0.682,-2698,182,69.2,1.193,1314,168,69.6,1.219,1422
NQ_DRIVE,1765,"{'A': 0, 'T': 240, 'x': 0.2, 'mode': -1, 'tf': 0, 'k': 0.2, 'stop': 0, 'R': 1.0, 'hold': 240}",219,46.6,0.795,-2092,182,53.8,1.122,1135,168,54.8,1.172,1507
NQ_DRIVE,1766,"{'A': 0, 'T': 240, 'x': 0.2, 'mode': -1, 'tf': 0, 'k': 0.2, 'stop': 0, 'R': 2.0, 'hold': 240}",219,43.8,0.87,-1337,182,50.0,1.347,3496,168,50.6,1.274,2604
NQ_DRIVE,1767,"{'A': 0, 'T': 240, 'x': 0.2, 'mode': -1, 'tf': 0, 'k': 0.35, 'stop': 0, 'R': 0.5, 'hold': 240}",219,54.3,0.96,-362,182,58.8,1.196,1768,168,60.1,1.238,2059
NQ_DRIVE,1744,"{'A': 0, 'T': 240, 'x': 0.1, 'mode': -1, 'tf': 0, 'k': 0.35, 'stop': 0, 'R': 1.0, 'hold': 240}",535,48.8,0.915,-1912,378,51.6,1.142,3109,354,52.8,1.12,2507
NQ_DRIVE,1745,"{'A': 0, 'T': 240, 'x': 0.1, 'mode': -1, 'tf': 0, 'k': 0.35, 'stop': 0, 'R': 2.0, 'hold': 240}",535,48.0,0.877,-2850,378,51.6,1.152,3323,354,52.8,1.135,2815
NQ_DRIVE,1746,"{'A': 0, 'T': 240, 'x': 0.1, 'mode': -1, 'tf': 1, 'k': 0.2, 'stop': 0, 'R': 0.5, 'hold': 240}",255,55.7,0.648,-3486,189,62.4,0.926,-605,163,63.8,1.003,20
NQ_DRIVE,1747,"{'A': 0, 'T': 240, 'x': 0.1, 'mode': -1, 'tf': 1, 'k': 0.2, 'stop': 0, 'R': 1.0, 'hold': 240}",255,46.7,0.752,-2828,189,51.9,1.001,9,163,52.8,1.048,428
NQ_DRIVE,1740,"{'A': 0, 'T': 240, 'x': 0.1, 'mode': -1, 'tf': 0, 'k': 0.2, 'stop': 0, 'R': 0.5, 'hold': 240}",535,57.9,0.745,-4763,378,63.0,0.972,-449,354,64.7,1.039,591
NQ_DRIVE,1741,"{'A': 0, 'T': 240, 'x': 0.1, 'mode': -1, 'tf': 0, 'k': 0.2, 'stop': 0, 'R': 1.0, 'hold': 240}",535,46.9,0.789,-4748,378,51.9,1.046,908,354,53.4,1.11,2039
NQ_DRIVE,1742,"{'A': 0, 'T': 240, 'x': 0.1, 'mode': -1, 'tf': 0, 'k': 0.2, 'stop': 0, 'R': 2.0, 'hold': 240}",535,44.7,0.823,-4058,378,48.4,1.14,2949,354,49.7,1.129,2544
NQ_DRIVE,1743,"{'A': 0, 'T': 240, 'x': 0.1, 'mode': -1, 'tf': 0, 'k': 0.35, 'stop': 0, 'R': 0.5, 'hold': 240}",535,52.0,0.855,-3133,378,56.1,1.027,555,354,57.3,1.066,1269
NQ_DRIVE,1768,"{'A': 0, 'T': 240, 'x': 0.2, 'mode': -1, 'tf': 0, 'k': 0.35, 'stop': 0, 'R': 1.0, 'hold': 240}",219,49.3,1.016,153,182,53.8,1.384,3849,168,55.4,1.308,2963
NQ_DRIVE,1769,"{'A': 0, 'T': 240, 'x': 0.2, 'mode': -1, 'tf': 0, 'k': 0.35, 'stop': 0, 'R': 2.0, 'hold': 240}",219,48.9,0.996,-35,182,53.8,1.438,4396,168,55.4,1.391,3764
NQ_DRIVE,1770,"{'A': 0, 'T': 240, 'x': 0.2, 'mode': -1, 'tf': 1, 'k': 0.2, 'stop': 0, 'R': 0.5, 'hold': 240}",109,56.0,0.587,-2000,88,65.9,0.937,-239,78,65.4,0.979,-74
NQ_DRIVE,1771,"{'A': 0, 'T': 240, 'x': 0.2, 'mode': -1, 'tf': 1, 'k': 0.2, 'stop': 0, 'R': 1.0, 'hold': 240}",109,47.7,0.742,-1468,88,47.7,0.769,-1218,78,48.7,0.811,-900
NQ_DRIVE,1772,"{'A': 0, 'T': 240, 'x': 0.2, 'mode': -1, 'tf': 1, 'k': 0.2, 'stop': 0, 'R': 2.0, 'hold': 240}",109,45.9,0.815,-1062,88,45.5,0.866,-737,78,46.2,0.9,-496
NQ_DRIVE,1773,"{'A': 0, 'T': 240, 'x': 0.2, 'mode': -1, 'tf': 1, 'k': 0.35, 'stop': 0, 'R': 0.5, 'hold': 240}",109,58.7,0.958,-200,88,50.0,0.747,-1374,78,51.3,0.782,-1093
NQ_DRIVE,1774,"{'A': 0, 'T': 240, 'x': 0.2, 'mode': -1, 'tf': 1, 'k': 0.35, 'stop': 0, 'R': 1.0, 'hold': 240}",109,53.2,1.025,131,88,47.7,0.848,-861,78,48.7,0.874,-661
NQ_DRIVE,1775,"{'A': 0, 'T': 240, 'x': 0.2, 'mode': -1, 'tf': 1, 'k': 0.35, 'stop': 0, 'R': 2.0, 'hold': 240}",109,52.3,0.966,-184,88,47.7,0.878,-692,78,48.7,0.891,-575
NQ_DRIVE,1784,"{'A': 0, 'T': 240, 'x': 0.35, 'mode': 1, 'tf': 1, 'k': 0.2, 'stop': 0, 'R': 2.0, 'hold': 240}",32,50.0,1.042,56,19,31.6,,-942,17,29.4,,-1079
NQ_DRIVE,1785,"{'A': 0, 'T': 240, 'x': 0.35, 'mode': 1, 'tf': 1, 'k': 0.35, 'stop': 0, 'R': 0.5, 'hold': 240}",32,62.5,0.974,-36,19,57.9,,-219,17,52.9,,-396
NQ_DRIVE,1786,"{'A': 0, 'T': 240, 'x': 0.35, 'mode': 1, 'tf': 1, 'k': 0.35, 'stop': 0, 'R': 1.0, 'hold': 240}",32,53.1,0.826,-275,19,42.1,,-644,17,35.3,,-973
NQ_DRIVE,1787,"{'A': 0, 'T': 240, 'x': 0.35, 'mode': 1, 'tf': 1, 'k': 0.35, 'stop': 0, 'R': 2.0, 'hold': 240}",32,50.0,0.728,-462,19,42.1,,-674,17,35.3,,-1019
NQ_DRIVE,1776,"{'A': 0, 'T': 240, 'x': 0.35, 'mode': 1, 'tf': 0, 'k': 0.2, 'stop': 0, 'R': 0.5, 'hold': 240}",74,77.0,1.695,1091,48,68.8,1.517,833,48,68.8,1.462,776
NQ_DRIVE,1777,"{'A': 0, 'T': 240, 'x': 0.35, 'mode': 1, 'tf': 0, 'k': 0.2, 'stop': 0, 'R': 1.0, 'hold': 240}",74,55.4,1.19,590,48,41.7,0.775,-784,48,41.7,0.761,-854
NQ_DRIVE,1778,"{'A': 0, 'T': 240, 'x': 0.35, 'mode': 1, 'tf': 0, 'k': 0.2, 'stop': 0, 'R': 2.0, 'hold': 240}",74,44.6,0.933,-246,48,35.4,0.703,-1193,48,35.4,0.697,-1247
NQ_DRIVE,1779,"{'A': 0, 'T': 240, 'x': 0.35, 'mode': 1, 'tf': 0, 'k': 0.35, 'stop': 0, 'R': 0.5, 'hold': 240}",74,59.5,0.97,-110,48,54.2,0.754,-983,48,54.2,0.74,-1067
NQ_DRIVE,1780,"{'A': 0, 'T': 240, 'x': 0.35, 'mode': 1, 'tf': 0, 'k': 0.35, 'stop': 0, 'R': 1.0, 'hold': 240}",74,45.9,0.722,-1319,48,43.8,0.838,-739,48,43.8,0.828,-803
NQ_DRIVE,1781,"{'A': 0, 'T': 240, 'x': 0.35, 'mode': 1, 'tf': 0, 'k': 0.35, 'stop': 0, 'R': 2.0, 'hold': 240}",74,41.9,0.573,-2113,48,41.7,0.674,-1533,48,41.7,0.66,-1633
NQ_DRIVE,1782,"{'A': 0, 'T': 240, 'x': 0.35, 'mode': 1, 'tf': 1, 'k': 0.2, 'stop': 0, 'R': 0.5, 'hold': 240}",32,75.0,1.403,279,19,68.4,,430,17,64.7,,284
NQ_DRIVE,1783,"{'A': 0, 'T': 240, 'x': 0.35, 'mode': 1, 'tf': 1, 'k': 0.2, 'stop': 0, 'R': 1.0, 'hold': 240}",32,56.2,1.039,49,19,42.1,,-349,17,41.2,,-377
NQ_DRIVE,1788,"{'A': 0, 'T': 240, 'x': 0.35, 'mode': -1, 'tf': 0, 'k': 0.2, 'stop': 0, 'R': 0.5, 'hold': 240}",74,54.1,0.586,-1344,48,68.8,1.047,101,48,66.7,1.013,30
NQ_DRIVE,1789,"{'A': 0, 'T': 240, 'x': 0.35, 'mode': -1, 'tf': 0, 'k': 0.2, 'stop': 0, 'R': 1.0, 'hold': 240}",74,43.2,0.747,-988,48,56.2,1.187,525,48,56.2,1.21,595
NQ_DRIVE,1790,"{'A': 0, 'T': 240, 'x': 0.35, 'mode': -1, 'tf': 0, 'k': 0.2, 'stop': 0, 'R': 2.0, 'hold': 240}",74,43.2,1.071,278,48,50.0,1.302,971,48,50.0,1.348,1126
NQ_DRIVE,1791,"{'A': 0, 'T': 240, 'x': 0.35, 'mode': -1, 'tf': 0, 'k': 0.35, 'stop': 0, 'R': 0.5, 'hold': 240}",74,54.1,0.887,-402,48,60.4,0.988,-41,48,60.4,0.997,-9
NQ_DRIVE,1796,"{'A': 0, 'T': 240, 'x': 0.35, 'mode': -1, 'tf': 1, 'k': 0.2, 'stop': 0, 'R': 2.0, 'hold': 240}",41,43.9,1.051,124,26,50.0,1.256,452,27,51.9,1.205,389
NQ_DRIVE,1797,"{'A': 0, 'T': 240, 'x': 0.35, 'mode': -1, 'tf': 1, 'k': 0.35, 'stop': 0, 'R': 0.5, 'hold': 240}",41,61.0,0.95,-107,26,53.8,0.761,-516,27,55.6,0.702,-720
NQ_DRIVE,1798,"{'A': 0, 'T': 240, 'x': 0.35, 'mode': -1, 'tf': 1, 'k': 0.35, 'stop': 0, 'R': 1.0, 'hold': 240}",41,58.5,1.397,861,26,50.0,0.952,-113,27,51.9,0.905,-249
NQ_DRIVE,1799,"{'A': 0, 'T': 240, 'x': 0.35, 'mode': -1, 'tf': 1, 'k': 0.35, 'stop': 0, 'R': 2.0, 'hold': 240}",41,56.1,1.242,600,26,50.0,1.054,128,27,51.9,0.973,-72
NQ_DRIVE,1800,"{'A': 100, 'T': 15, 'x': 0.1, 'mode': 1, 'tf': 0, 'k': 0.2, 'stop': 0, 'R': 0.5, 'hold': 240}",35,48.6,0.374,-1197,28,60.7,0.703,-544,27,63.0,0.753,-436
NQ_DRIVE,1801,"{'A': 100, 'T': 15, 'x': 0.1, 'mode': 1, 'tf': 0, 'k': 0.2, 'stop': 0, 'R': 1.0, 'hold': 240}",35,37.1,0.494,-1129,28,42.9,0.747,-614,27,48.1,0.848,-350
NQ_DRIVE,1802,"{'A': 100, 'T': 15, 'x': 0.1, 'mode': 1, 'tf': 0, 'k': 0.2, 'stop': 0, 'R': 2.0, 'hold': 240}",35,28.6,0.313,-1689,28,42.9,0.853,-357,27,48.1,0.972,-66
NQ_DRIVE,1803,"{'A': 100, 'T': 15, 'x': 0.1, 'mode': 1, 'tf': 0, 'k': 0.35, 'stop': 0, 'R': 0.5, 'hold': 240}",35,42.9,0.368,-1925,28,64.3,1.076,165,27,66.7,1.153,320
NQ_DRIVE,1804,"{'A': 100, 'T': 15, 'x': 0.1, 'mode': 1, 'tf': 0, 'k': 0.35, 'stop': 0, 'R': 1.0, 'hold': 240}",35,42.9,0.573,-1300,28,53.6,0.848,-438,27,59.3,0.952,-131
NQ_DRIVE,1805,"{'A': 100, 'T': 15, 'x': 0.1, 'mode': 1, 'tf': 0, 'k': 0.35, 'stop': 0, 'R': 2.0, 'hold': 240}",35,40.0,0.407,-1816,28,53.6,0.964,-105,27,59.3,1.072,198
NQ_DRIVE,1806,"{'A': 100, 'T': 15, 'x': 0.1, 'mode': 1, 'tf': 1, 'k': 0.2, 'stop': 0, 'R': 0.5, 'hold': 240}",13,38.5,,-671,15,53.3,,-687,11,54.5,,-512
NQ_DRIVE,1807,"{'A': 100, 'T': 15, 'x': 0.1, 'mode': 1, 'tf': 1, 'k': 0.2, 'stop': 0, 'R': 1.0, 'hold': 240}",13,23.1,,-820,15,33.3,,-799,11,36.4,,-583
NQ_DRIVE,1792,"{'A': 0, 'T': 240, 'x': 0.35, 'mode': -1, 'tf': 0, 'k': 0.35, 'stop': 0, 'R': 1.0, 'hold': 240}",74,51.4,1.249,904,48,54.2,1.119,472,48,54.2,1.134,536
NQ_DRIVE,1793,"{'A': 0, 'T': 240, 'x': 0.35, 'mode': -1, 'tf': 0, 'k': 0.35, 'stop': 0, 'R': 2.0, 'hold': 240}",74,50.0,1.212,833,48,54.2,1.221,875,48,54.2,1.257,1026
NQ_DRIVE,1794,"{'A': 0, 'T': 240, 'x': 0.35, 'mode': -1, 'tf': 1, 'k': 0.2, 'stop': 0, 'R': 0.5, 'hold': 240}",41,53.7,0.54,-909,26,69.2,1.034,40,27,66.7,0.959,-55
NQ_DRIVE,1795,"{'A': 0, 'T': 240, 'x': 0.35, 'mode': -1, 'tf': 1, 'k': 0.2, 'stop': 0, 'R': 1.0, 'hold': 240}",41,43.9,0.721,-678,26,53.8,1.126,206,27,55.6,1.078,138
NQ_DRIVE,1808,"{'A': 100, 'T': 15, 'x': 0.1, 'mode': 1, 'tf': 1, 'k': 0.2, 'stop': 0, 'R': 2.0, 'hold': 240}",13,15.4,,-962,15,33.3,,-706,11,36.4,,-635
NQ_DRIVE,1809,"{'A': 100, 'T': 15, 'x': 0.1, 'mode': 1, 'tf': 1, 'k': 0.35, 'stop': 0, 'R': 0.5, 'hold': 240}",13,23.1,,-1369,15,60.0,,-45,11,63.6,,0
NQ_DRIVE,1810,"{'A': 100, 'T': 15, 'x': 0.1, 'mode': 1, 'tf': 1, 'k': 0.35, 'stop': 0, 'R': 1.0, 'hold': 240}",13,23.1,,-1313,15,53.3,,-201,11,54.5,,-266
NQ_DRIVE,1811,"{'A': 100, 'T': 15, 'x': 0.1, 'mode': 1, 'tf': 1, 'k': 0.35, 'stop': 0, 'R': 2.0, 'hold': 240}",13,23.1,,-1201,15,53.3,,84,11,54.5,,34
NQ_DRIVE,1812,"{'A': 100, 'T': 15, 'x': 0.1, 'mode': -1, 'tf': 0, 'k': 0.2, 'stop': 0, 'R': 0.5, 'hold': 240}",35,80.0,2.074,676,28,64.3,0.932,-102,27,55.6,0.66,-630
NQ_DRIVE,1813,"{'A': 100, 'T': 15, 'x': 0.1, 'mode': -1, 'tf': 0, 'k': 0.2, 'stop': 0, 'R': 1.0, 'hold': 240}",35,62.9,1.804,942,28,57.1,1.247,464,27,48.1,0.902,-220
NQ_DRIVE,1814,"{'A': 100, 'T': 15, 'x': 0.1, 'mode': -1, 'tf': 0, 'k': 0.2, 'stop': 0, 'R': 2.0, 'hold': 240}",35,57.1,2.315,1745,28,46.4,1.194,447,27,37.0,0.826,-467
NQ_DRIVE,1815,"{'A': 100, 'T': 15, 'x': 0.1, 'mode': -1, 'tf': 0, 'k': 0.35, 'stop': 0, 'R': 0.5, 'hold': 240}",35,68.6,1.638,792,28,57.1,1.025,51,27,51.9,0.896,-227
NQ_DRIVE,1816,"{'A': 100, 'T': 15, 'x': 0.1, 'mode': -1, 'tf': 0, 'k': 0.35, 'stop': 0, 'R': 1.0, 'hold': 240}",35,57.1,1.605,1108,28,46.4,1.091,231,27,40.7,0.993,-19
NQ_DRIVE,1817,"{'A': 100, 'T': 15, 'x': 0.1, 'mode': -1, 'tf': 0, 'k': 0.35, 'stop': 0, 'R': 2.0, 'hold': 240}",35,54.3,1.587,1128,28,46.4,1.167,422,27,40.7,1.044,120
NQ_DRIVE,1818,"{'A': 100, 'T': 15, 'x': 0.1, 'mode': -1, 'tf': 1, 'k': 0.2, 'stop': 0, 'R': 0.5, 'hold': 240}",22,77.3,1.668,334,12,66.7,,-61,12,41.7,,-720
NQ_DRIVE,1819,"{'A': 100, 'T': 15, 'x': 0.1, 'mode': -1, 'tf': 1, 'k': 0.2, 'stop': 0, 'R': 1.0, 'hold': 240}",22,54.5,1.193,191,12,50.0,,-235,12,25.0,,-1053
NQ_DRIVE,1828,"{'A': 100, 'T': 15, 'x': 0.2, 'mode': 1, 'tf': 0, 'k': 0.35, 'stop': 0, 'R': 1.0, 'hold': 240}",3,100.0,,596,1,0.0,,-55,1,100.0,,14
NQ_DRIVE,1829,"{'A': 100, 'T': 15, 'x': 0.2, 'mode': 1, 'tf': 0, 'k': 0.35, 'stop': 0, 'R': 2.0, 'hold': 240}",3,100.0,,337,1,0.0,,-55,1,100.0,,14
NQ_DRIVE,1830,"{'A': 100, 'T': 15, 'x': 0.2, 'mode': 1, 'tf': 1, 'k': 0.2, 'stop': 0, 'R': 0.5, 'hold': 240}",0,,,0,0,,,0,0,,,0
NQ_DRIVE,1831,"{'A': 100, 'T': 15, 'x': 0.2, 'mode': 1, 'tf': 1, 'k': 0.2, 'stop': 0, 'R': 1.0, 'hold': 240}",0,,,0,0,,,0,0,,,0
NQ_DRIVE,1824,"{'A': 100, 'T': 15, 'x': 0.2, 'mode': 1, 'tf': 0, 'k': 0.2, 'stop': 0, 'R': 0.5, 'hold': 240}",3,66.7,,11,1,100.0,,34,1,100.0,,72
NQ_DRIVE,1825,"{'A': 100, 'T': 15, 'x': 0.2, 'mode': 1, 'tf': 0, 'k': 0.2, 'stop': 0, 'R': 1.0, 'hold': 240}",3,66.7,,134,1,0.0,,-55,1,100.0,,14
NQ_DRIVE,1826,"{'A': 100, 'T': 15, 'x': 0.2, 'mode': 1, 'tf': 0, 'k': 0.2, 'stop': 0, 'R': 2.0, 'hold': 240}",3,33.3,,-223,1,0.0,,-55,1,100.0,,14
NQ_DRIVE,1827,"{'A': 100, 'T': 15, 'x': 0.2, 'mode': 1, 'tf': 0, 'k': 0.35, 'stop': 0, 'R': 0.5, 'hold': 240}",3,100.0,,292,1,100.0,,62,1,100.0,,14
NQ_DRIVE,1820,"{'A': 100, 'T': 15, 'x': 0.1, 'mode': -1, 'tf': 1, 'k': 0.2, 'stop': 0, 'R': 2.0, 'hold': 240}",22,45.5,1.256,294,12,50.0,,320,12,25.0,,-719
NQ_DRIVE,1821,"{'A': 100, 'T': 15, 'x': 0.1, 'mode': -1, 'tf': 1, 'k': 0.35, 'stop': 0, 'R': 0.5, 'hold': 240}",22,59.1,1.024,27,12,50.0,,-428,12,33.3,,-952
NQ_DRIVE,1822,"{'A': 100, 'T': 15, 'x': 0.1, 'mode': -1, 'tf': 1, 'k': 0.35, 'stop': 0, 'R': 1.0, 'hold': 240}",22,45.5,0.916,-135,12,50.0,,201,12,33.3,,-358
NQ_DRIVE,1823,"{'A': 100, 'T': 15, 'x': 0.1, 'mode': -1, 'tf': 1, 'k': 0.35, 'stop': 0, 'R': 2.0, 'hold': 240}",22,40.9,0.545,-777,12,50.0,,-159,12,33.3,,-710
NQ_DRIVE,1832,"{'A': 100, 'T': 15, 'x': 0.2, 'mode': 1, 'tf': 1, 'k': 0.2, 'stop': 0, 'R': 2.0, 'hold': 240}",0,,,0,0,,,0,0,,,0
NQ_DRIVE,1833,"{'A': 100, 'T': 15, 'x': 0.2, 'mode': 1, 'tf': 1, 'k': 0.35, 'stop': 0, 'R': 0.5, 'hold': 240}",0,,,0,0,,,0,0,,,0
NQ_DRIVE,1834,"{'A': 100, 'T': 15, 'x': 0.2, 'mode': 1, 'tf': 1, 'k': 0.35, 'stop': 0, 'R': 1.0, 'hold': 240}",0,,,0,0,,,0,0,,,0
NQ_DRIVE,1835,"{'A': 100, 'T': 15, 'x': 0.2, 'mode': 1, 'tf': 1, 'k': 0.35, 'stop': 0, 'R': 2.0, 'hold': 240}",0,,,0,0,,,0,0,,,0
NQ_DRIVE,1836,"{'A': 100, 'T': 15, 'x': 0.2, 'mode': -1, 'tf': 0, 'k': 0.2, 'stop': 0, 'R': 0.5, 'hold': 240}",3,33.3,,-200,1,100.0,,35,1,0.0,,-20
NQ_DRIVE,1837,"{'A': 100, 'T': 15, 'x': 0.2, 'mode': -1, 'tf': 0, 'k': 0.2, 'stop': 0, 'R': 1.0, 'hold': 240}",3,33.3,,-150,1,100.0,,49,1,0.0,,-20
NQ_DRIVE,1838,"{'A': 100, 'T': 15, 'x': 0.2, 'mode': -1, 'tf': 0, 'k': 0.2, 'stop': 0, 'R': 2.0, 'hold': 240}",3,0.0,,-351,1,100.0,,49,1,0.0,,-20
NQ_DRIVE,1839,"{'A': 100, 'T': 15, 'x': 0.2, 'mode': -1, 'tf': 0, 'k': 0.35, 'stop': 0, 'R': 0.5, 'hold': 240}",3,66.7,,13,1,100.0,,49,1,0.0,,-20
NQ_DRIVE,1840,"{'A': 100, 'T': 15, 'x': 0.2, 'mode': -1, 'tf': 0, 'k': 0.35, 'stop': 0, 'R': 1.0, 'hold': 240}",3,0.0,,-612,1,100.0,,49,1,0.0,,-20
NQ_DRIVE,1841,"{'A': 100, 'T': 15, 'x': 0.2, 'mode': -1, 'tf': 0, 'k': 0.35, 'stop': 0, 'R': 2.0, 'hold': 240}",3,0.0,,-612,1,100.0,,49,1,0.0,,-20
NQ_DRIVE,1842,"{'A': 100, 'T': 15, 'x': 0.2, 'mode': -1, 'tf': 1, 'k': 0.2, 'stop': 0, 'R': 0.5, 'hold': 240}",3,33.3,,-200,1,100.0,,35,0,,,0
NQ_DRIVE,1843,"{'A': 100, 'T': 15, 'x': 0.2, 'mode': -1, 'tf': 1, 'k': 0.2, 'stop': 0, 'R': 1.0, 'hold': 240}",3,33.3,,-150,1,100.0,,49,0,,,0
NQ_DRIVE,1844,"{'A': 100, 'T': 15, 'x': 0.2, 'mode': -1, 'tf': 1, 'k': 0.2, 'stop': 0, 'R': 2.0, 'hold': 240}",3,0.0,,-351,1,100.0,,49,0,,,0
NQ_DRIVE,1845,"{'A': 100, 'T': 15, 'x': 0.2, 'mode': -1, 'tf': 1, 'k': 0.35, 'stop': 0, 'R': 0.5, 'hold': 240}",3,66.7,,13,1,100.0,,49,0,,,0
NQ_DRIVE,1846,"{'A': 100, 'T': 15, 'x': 0.2, 'mode': -1, 'tf': 1, 'k': 0.35, 'stop': 0, 'R': 1.0, 'hold': 240}",3,0.0,,-612,1,100.0,,49,0,,,0
NQ_DRIVE,1847,"{'A': 100, 'T': 15, 'x': 0.2, 'mode': -1, 'tf': 1, 'k': 0.35, 'stop': 0, 'R': 2.0, 'hold': 240}",3,0.0,,-612,1,100.0,,49,0,,,0
NQ_DRIVE,1852,"{'A': 100, 'T': 15, 'x': 0.35, 'mode': 1, 'tf': 0, 'k': 0.35, 'stop': 0, 'R': 1.0, 'hold': 240}",0,,,0,0,,,0,0,,,0
NQ_DRIVE,1853,"{'A': 100, 'T': 15, 'x': 0.35, 'mode': 1, 'tf': 0, 'k': 0.35, 'stop': 0, 'R': 2.0, 'hold': 240}",0,,,0,0,,,0,0,,,0
NQ_DRIVE,1854,"{'A': 100, 'T': 15, 'x': 0.35, 'mode': 1, 'tf': 1, 'k': 0.2, 'stop': 0, 'R': 0.5, 'hold': 240}",0,,,0,0,,,0,0,,,0
NQ_DRIVE,1855,"{'A': 100, 'T': 15, 'x': 0.35, 'mode': 1, 'tf': 1, 'k': 0.2, 'stop': 0, 'R': 1.0, 'hold': 240}",0,,,0,0,,,0,0,,,0
NQ_DRIVE,1848,"{'A': 100, 'T': 15, 'x': 0.35, 'mode': 1, 'tf': 0, 'k': 0.2, 'stop': 0, 'R': 0.5, 'hold': 240}",0,,,0,0,,,0,0,,,0
NQ_DRIVE,1849,"{'A': 100, 'T': 15, 'x': 0.35, 'mode': 1, 'tf': 0, 'k': 0.2, 'stop': 0, 'R': 1.0, 'hold': 240}",0,,,0,0,,,0,0,,,0
NQ_DRIVE,1850,"{'A': 100, 'T': 15, 'x': 0.35, 'mode': 1, 'tf': 0, 'k': 0.2, 'stop': 0, 'R': 2.0, 'hold': 240}",0,,,0,0,,,0,0,,,0
NQ_DRIVE,1851,"{'A': 100, 'T': 15, 'x': 0.35, 'mode': 1, 'tf': 0, 'k': 0.35, 'stop': 0, 'R': 0.5, 'hold': 240}",0,,,0,0,,,0,0,,,0
NQ_DRIVE,1856,"{'A': 100, 'T': 15, 'x': 0.35, 'mode': 1, 'tf': 1, 'k': 0.2, 'stop': 0, 'R': 2.0, 'hold': 240}",0,,,0,0,,,0,0,,,0
NQ_DRIVE,1857,"{'A': 100, 'T': 15, 'x': 0.35, 'mode': 1, 'tf': 1, 'k': 0.35, 'stop': 0, 'R': 0.5, 'hold': 240}",0,,,0,0,,,0,0,,,0
NQ_DRIVE,1858,"{'A': 100, 'T': 15, 'x': 0.35, 'mode': 1, 'tf': 1, 'k': 0.35, 'stop': 0, 'R': 1.0, 'hold': 240}",0,,,0,0,,,0,0,,,0
NQ_DRIVE,1859,"{'A': 100, 'T': 15, 'x': 0.35, 'mode': 1, 'tf': 1, 'k': 0.35, 'stop': 0, 'R': 2.0, 'hold': 240}",0,,,0,0,,,0,0,,,0
NQ_DRIVE,1864,"{'A': 100, 'T': 15, 'x': 0.35, 'mode': -1, 'tf': 0, 'k': 0.35, 'stop': 0, 'R': 1.0, 'hold': 240}",0,,,0,0,,,0,0,,,0
NQ_DRIVE,1865,"{'A': 100, 'T': 15, 'x': 0.35, 'mode': -1, 'tf': 0, 'k': 0.35, 'stop': 0, 'R': 2.0, 'hold': 240}",0,,,0,0,,,0,0,,,0
NQ_DRIVE,1866,"{'A': 100, 'T': 15, 'x': 0.35, 'mode': -1, 'tf': 1, 'k': 0.2, 'stop': 0, 'R': 0.5, 'hold': 240}",0,,,0,0,,,0,0,,,0
NQ_DRIVE,1867,"{'A': 100, 'T': 15, 'x': 0.35, 'mode': -1, 'tf': 1, 'k': 0.2, 'stop': 0, 'R': 1.0, 'hold': 240}",0,,,0,0,,,0,0,,,0
NQ_DRIVE,1868,"{'A': 100, 'T': 15, 'x': 0.35, 'mode': -1, 'tf': 1, 'k': 0.2, 'stop': 0, 'R': 2.0, 'hold': 240}",0,,,0,0,,,0,0,,,0
NQ_DRIVE,1869,"{'A': 100, 'T': 15, 'x': 0.35, 'mode': -1, 'tf': 1, 'k': 0.35, 'stop': 0, 'R': 0.5, 'hold': 240}",0,,,0,0,,,0,0,,,0
NQ_DRIVE,1870,"{'A': 100, 'T': 15, 'x': 0.35, 'mode': -1, 'tf': 1, 'k': 0.35, 'stop': 0, 'R': 1.0, 'hold': 240}",0,,,0,0,,,0,0,,,0
NQ_DRIVE,1871,"{'A': 100, 'T': 15, 'x': 0.35, 'mode': -1, 'tf': 1, 'k': 0.35, 'stop': 0, 'R': 2.0, 'hold': 240}",0,,,0,0,,,0,0,,,0
NQ_DRIVE,1860,"{'A': 100, 'T': 15, 'x': 0.35, 'mode': -1, 'tf': 0, 'k': 0.2, 'stop': 0, 'R': 0.5, 'hold': 240}",0,,,0,0,,,0,0,,,0
NQ_DRIVE,1861,"{'A': 100, 'T': 15, 'x': 0.35, 'mode': -1, 'tf': 0, 'k': 0.2, 'stop': 0, 'R': 1.0, 'hold': 240}",0,,,0,0,,,0,0,,,0
NQ_DRIVE,1862,"{'A': 100, 'T': 15, 'x': 0.35, 'mode': -1, 'tf': 0, 'k': 0.2, 'stop': 0, 'R': 2.0, 'hold': 240}",0,,,0,0,,,0,0,,,0
NQ_DRIVE,1863,"{'A': 100, 'T': 15, 'x': 0.35, 'mode': -1, 'tf': 0, 'k': 0.35, 'stop': 0, 'R': 0.5, 'hold': 240}",0,,,0,0,,,0,0,,,0
NQ_DRIVE,1872,"{'A': 100, 'T': 30, 'x': 0.1, 'mode': 1, 'tf': 0, 'k': 0.2, 'stop': 0, 'R': 0.5, 'hold': 240}",68,57.4,0.554,-1400,53,67.9,1.102,238,50,70.0,1.303,624
NQ_DRIVE,1873,"{'A': 100, 'T': 30, 'x': 0.1, 'mode': 1, 'tf': 0, 'k': 0.2, 'stop': 0, 'R': 1.0, 'hold': 240}",68,44.1,0.585,-1694,53,50.9,1.165,499,50,54.0,1.397,1072
NQ_DRIVE,1874,"{'A': 100, 'T': 30, 'x': 0.1, 'mode': 1, 'tf': 0, 'k': 0.2, 'stop': 0, 'R': 2.0, 'hold': 240}",68,36.8,0.565,-1910,53,47.2,1.241,810,50,50.0,1.422,1281
NQ_DRIVE,1875,"{'A': 100, 'T': 30, 'x': 0.1, 'mode': 1, 'tf': 0, 'k': 0.35, 'stop': 0, 'R': 0.5, 'hold': 240}",68,52.9,0.514,-2486,53,54.7,0.937,-228,50,56.0,1.059,196
NQ_DRIVE,1880,"{'A': 100, 'T': 30, 'x': 0.1, 'mode': 1, 'tf': 1, 'k': 0.2, 'stop': 0, 'R': 2.0, 'hold': 240}",34,38.2,0.528,-958,24,50.0,1.276,485,17,41.2,,-209
NQ_DRIVE,1881,"{'A': 100, 'T': 30, 'x': 0.1, 'mode': 1, 'tf': 1, 'k': 0.35, 'stop': 0, 'R': 0.5, 'hold': 240}",34,55.9,0.503,-1207,24,50.0,0.607,-903,17,41.2,,-1230
NQ_DRIVE,1882,"{'A': 100, 'T': 30, 'x': 0.1, 'mode': 1, 'tf': 1, 'k': 0.35, 'stop': 0, 'R': 1.0, 'hold': 240}",34,47.1,0.588,-1043,24,50.0,0.99,-22,17,41.2,,-671
NQ_DRIVE,1883,"{'A': 100, 'T': 30, 'x': 0.1, 'mode': 1, 'tf': 1, 'k': 0.35, 'stop': 0, 'R': 2.0, 'hold': 240}",34,47.1,0.597,-1020,24,50.0,1.03,68,17,41.2,,-562
NQ_DRIVE,1876,"{'A': 100, 'T': 30, 'x': 0.1, 'mode': 1, 'tf': 0, 'k': 0.35, 'stop': 0, 'R': 1.0, 'hold': 240}",68,47.1,0.623,-1991,53,47.2,1.07,281,50,50.0,1.25,932
NQ_DRIVE,1877,"{'A': 100, 'T': 30, 'x': 0.1, 'mode': 1, 'tf': 0, 'k': 0.35, 'stop': 0, 'R': 2.0, 'hold': 240}",68,45.6,0.673,-1733,53,47.2,1.016,63,50,50.0,1.185,691
NQ_DRIVE,1878,"{'A': 100, 'T': 30, 'x': 0.1, 'mode': 1, 'tf': 1, 'k': 0.2, 'stop': 0, 'R': 0.5, 'hold': 240}",34,61.8,0.619,-521,24,62.5,0.724,-401,17,52.9,,-631
NQ_DRIVE,1879,"{'A': 100, 'T': 30, 'x': 0.1, 'mode': 1, 'tf': 1, 'k': 0.2, 'stop': 0, 'R': 1.0, 'hold': 240}",34,47.1,0.543,-880,24,50.0,0.903,-170,17,41.2,,-529
NQ_DRIVE,1884,"{'A': 100, 'T': 30, 'x': 0.1, 'mode': -1, 'tf': 0, 'k': 0.2, 'stop': 0, 'R': 0.5, 'hold': 240}",68,66.2,1.158,312,53,60.4,0.703,-914,50,62.0,0.75,-730
NQ_DRIVE,1885,"{'A': 100, 'T': 30, 'x': 0.1, 'mode': -1, 'tf': 0, 'k': 0.2, 'stop': 0, 'R': 1.0, 'hold': 240}",68,55.9,1.521,1329,53,49.1,0.785,-788,50,46.0,0.657,-1343
NQ_DRIVE,1886,"{'A': 100, 'T': 30, 'x': 0.1, 'mode': -1, 'tf': 0, 'k': 0.2, 'stop': 0, 'R': 2.0, 'hold': 240}",68,45.6,1.569,1740,53,49.1,1.046,170,50,46.0,0.907,-362
NQ_DRIVE,1887,"{'A': 100, 'T': 30, 'x': 0.1, 'mode': -1, 'tf': 0, 'k': 0.35, 'stop': 0, 'R': 0.5, 'hold': 240}",68,60.3,1.294,819,53,52.8,0.664,-1496,50,48.0,0.552,-2151
NQ_DRIVE,1896,"{'A': 100, 'T': 30, 'x': 0.2, 'mode': 1, 'tf': 0, 'k': 0.2, 'stop': 0, 'R': 0.5, 'hold': 240}",10,40.0,,-368,10,80.0,,234,9,77.8,,198
NQ_DRIVE,1897,"{'A': 100, 'T': 30, 'x': 0.2, 'mode': 1, 'tf': 0, 'k': 0.2, 'stop': 0, 'R': 1.0, 'hold': 240}",10,30.0,,-368,10,40.0,,-225,9,44.4,,-190
NQ_DRIVE,1898,"{'A': 100, 'T': 30, 'x': 0.2, 'mode': 1, 'tf': 0, 'k': 0.2, 'stop': 0, 'R': 2.0, 'hold': 240}",10,10.0,,-735,10,40.0,,199,9,44.4,,239
NQ_DRIVE,1899,"{'A': 100, 'T': 30, 'x': 0.2, 'mode': 1, 'tf': 0, 'k': 0.35, 'stop': 0, 'R': 0.5, 'hold': 240}",10,50.0,,-358,10,60.0,,-83,9,55.6,,-147
NQ_DRIVE,1892,"{'A': 100, 'T': 30, 'x': 0.1, 'mode': -1, 'tf': 1, 'k': 0.2, 'stop': 0, 'R': 2.0, 'hold': 240}",34,47.1,1.45,728,27,48.1,0.771,-427,25,40.0,0.458,-1198
NQ_DRIVE,1893,"{'A': 100, 'T': 30, 'x': 0.1, 'mode': -1, 'tf': 1, 'k': 0.35, 'stop': 0, 'R': 0.5, 'hold': 240}",34,61.8,1.125,206,27,55.6,0.748,-469,25,44.0,0.445,-1318
NQ_DRIVE,1894,"{'A': 100, 'T': 30, 'x': 0.1, 'mode': -1, 'tf': 1, 'k': 0.35, 'stop': 0, 'R': 1.0, 'hold': 240}",34,52.9,1.402,759,27,55.6,0.883,-217,25,44.0,0.519,-1142
NQ_DRIVE,1895,"{'A': 100, 'T': 30, 'x': 0.1, 'mode': -1, 'tf': 1, 'k': 0.35, 'stop': 0, 'R': 2.0, 'hold': 240}",34,50.0,1.16,308,27,55.6,0.874,-233,25,44.0,0.492,-1206
NQ_DRIVE,1900,"{'A': 100, 'T': 30, 'x': 0.2, 'mode': 1, 'tf': 0, 'k': 0.35, 'stop': 0, 'R': 1.0, 'hold': 240}",10,40.0,,-303,10,40.0,,-71,9,44.4,,-34
NQ_DRIVE,1901,"{'A': 100, 'T': 30, 'x': 0.2, 'mode': 1, 'tf': 0, 'k': 0.35, 'stop': 0, 'R': 2.0, 'hold': 240}",10,30.0,,-280,10,40.0,,1,9,44.4,,29
NQ_DRIVE,1902,"{'A': 100, 'T': 30, 'x': 0.2, 'mode': 1, 'tf': 1, 'k': 0.2, 'stop': 0, 'R': 0.5, 'hold': 240}",6,16.7,,-424,4,75.0,,25,3,66.7,,-34
NQ_DRIVE,1903,"{'A': 100, 'T': 30, 'x': 0.2, 'mode': 1, 'tf': 1, 'k': 0.2, 'stop': 0, 'R': 1.0, 'hold': 240}",6,16.7,,-372,4,50.0,,-53,3,33.3,,-176
NQ_DRIVE,1904,"{'A': 100, 'T': 30, 'x': 0.2, 'mode': 1, 'tf': 1, 'k': 0.2, 'stop': 0, 'R': 2.0, 'hold': 240}",6,0.0,,-551,4,50.0,,202,3,33.3,,-46
NQ_DRIVE,1905,"{'A': 100, 'T': 30, 'x': 0.2, 'mode': 1, 'tf': 1, 'k': 0.35, 'stop': 0, 'R': 0.5, 'hold': 240}",6,16.7,,-728,4,50.0,,-157,3,33.3,,-265
NQ_DRIVE,1906,"{'A': 100, 'T': 30, 'x': 0.2, 'mode': 1, 'tf': 1, 'k': 0.35, 'stop': 0, 'R': 1.0, 'hold': 240}",6,0.0,,-894,4,50.0,,66,3,33.3,,-151
NQ_DRIVE,1907,"{'A': 100, 'T': 30, 'x': 0.2, 'mode': 1, 'tf': 1, 'k': 0.35, 'stop': 0, 'R': 2.0, 'hold': 240}",6,0.0,,-894,4,50.0,,64,3,33.3,,-158
NQ_DRIVE,1888,"{'A': 100, 'T': 30, 'x': 0.1, 'mode': -1, 'tf': 0, 'k': 0.35, 'stop': 0, 'R': 1.0, 'hold': 240}",68,51.5,1.465,1613,53,52.8,0.871,-577,50,48.0,0.748,-1211
NQ_DRIVE,1889,"{'A': 100, 'T': 30, 'x': 0.1, 'mode': -1, 'tf': 0, 'k': 0.35, 'stop': 0, 'R': 2.0, 'hold': 240}",68,48.5,1.26,975,53,52.8,0.911,-395,50,48.0,0.783,-1042
NQ_DRIVE,1890,"{'A': 100, 'T': 30, 'x': 0.1, 'mode': -1, 'tf': 1, 'k': 0.2, 'stop': 0, 'R': 0.5, 'hold': 240}",34,67.6,1.109,118,27,59.3,0.674,-492,25,64.0,0.748,-364
NQ_DRIVE,1891,"{'A': 100, 'T': 30, 'x': 0.1, 'mode': -1, 'tf': 1, 'k': 0.2, 'stop': 0, 'R': 1.0, 'hold': 240}",34,58.8,1.446,632,27,48.1,0.63,-689,25,40.0,0.382,-1365
NQ_DRIVE,1908,"{'A': 100, 'T': 30, 'x': 0.2, 'mode': -1, 'tf': 0, 'k': 0.2, 'stop': 0, 'R': 0.5, 'hold': 240}",10,70.0,,-18,10,70.0,,7,9,66.7,,-26
NQ_DRIVE,1909,"{'A': 100, 'T': 30, 'x': 0.2, 'mode': -1, 'tf': 0, 'k': 0.2, 'stop': 0, 'R': 1.0, 'hold': 240}",10,70.0,,315,10,60.0,,170,9,55.6,,140
NQ_DRIVE,1910,"{'A': 100, 'T': 30, 'x': 0.2, 'mode': -1, 'tf': 0, 'k': 0.2, 'stop': 0, 'R': 2.0, 'hold': 240}",10,50.0,,241,10,60.0,,404,9,55.6,,377
NQ_DRIVE,1911,"{'A': 100, 'T': 30, 'x': 0.2, 'mode': -1, 'tf': 0, 'k': 0.35, 'stop': 0, 'R': 0.5, 'hold': 240}",10,80.0,,242,10,60.0,,-200,9,55.6,,-234
NQ_DRIVE,1916,"{'A': 100, 'T': 30, 'x': 0.2, 'mode': -1, 'tf': 1, 'k': 0.2, 'stop': 0, 'R': 2.0, 'hold': 240}",4,0.0,,-369,6,66.7,,261,6,50.0,,105
NQ_DRIVE,1917,"{'A': 100, 'T': 30, 'x': 0.2, 'mode': -1, 'tf': 1, 'k': 0.35, 'stop': 0, 'R': 0.5, 'hold': 240}",4,50.0,,-220,6,66.7,,-4,6,50.0,,-259
NQ_DRIVE,1918,"{'A': 100, 'T': 30, 'x': 0.2, 'mode': -1, 'tf': 1, 'k': 0.35, 'stop': 0, 'R': 1.0, 'hold': 240}",4,0.0,,-613,6,66.7,,104,6,50.0,,-150
NQ_DRIVE,1919,"{'A': 100, 'T': 30, 'x': 0.2, 'mode': -1, 'tf': 1, 'k': 0.35, 'stop': 0, 'R': 2.0, 'hold': 240}",4,0.0,,-613,6,66.7,,39,6,50.0,,-214
NQ_DRIVE,1920,"{'A': 100, 'T': 30, 'x': 0.35, 'mode': 1, 'tf': 0, 'k': 0.2, 'stop': 0, 'R': 0.5, 'hold': 240}",1,100.0,,52,1,100.0,,65,1,100.0,,67
NQ_DRIVE,1921,"{'A': 100, 'T': 30, 'x': 0.35, 'mode': 1, 'tf': 0, 'k': 0.2, 'stop': 0, 'R': 1.0, 'hold': 240}",1,0.0,,-113,1,0.0,,-106,1,0.0,,-105
NQ_DRIVE,1922,"{'A': 100, 'T': 30, 'x': 0.35, 'mode': 1, 'tf': 0, 'k': 0.2, 'stop': 0, 'R': 2.0, 'hold': 240}",1,0.0,,-113,1,0.0,,-106,1,0.0,,-105
NQ_DRIVE,1923,"{'A': 100, 'T': 30, 'x': 0.35, 'mode': 1, 'tf': 0, 'k': 0.35, 'stop': 0, 'R': 0.5, 'hold': 240}",1,100.0,,93,1,0.0,,-106,1,0.0,,-105
NQ_DRIVE,1912,"{'A': 100, 'T': 30, 'x': 0.2, 'mode': -1, 'tf': 0, 'k': 0.35, 'stop': 0, 'R': 1.0, 'hold': 240}",10,60.0,,249,10,60.0,,16,9,55.6,,-16
NQ_DRIVE,1913,"{'A': 100, 'T': 30, 'x': 0.2, 'mode': -1, 'tf': 0, 'k': 0.35, 'stop': 0, 'R': 2.0, 'hold': 240}",10,60.0,,384,10,60.0,,-157,9,55.6,,-191
NQ_DRIVE,1914,"{'A': 100, 'T': 30, 'x': 0.2, 'mode': -1, 'tf': 1, 'k': 0.2, 'stop': 0, 'R': 0.5, 'hold': 240}",4,50.0,,-130,6,83.3,,123,6,66.7,,-37
NQ_DRIVE,1915,"{'A': 100, 'T': 30, 'x': 0.2, 'mode': -1, 'tf': 1, 'k': 0.2, 'stop': 0, 'R': 1.0, 'hold': 240}",4,50.0,,-25,6,66.7,,138,6,50.0,,-20
NQ_DRIVE,1924,"{'A': 100, 'T': 30, 'x': 0.35, 'mode': 1, 'tf': 0, 'k': 0.35, 'stop': 0, 'R': 1.0, 'hold': 240}",1,100.0,,29,1,0.0,,-106,1,0.0,,-105
NQ_DRIVE,1925,"{'A': 100, 'T': 30, 'x': 0.35, 'mode': 1, 'tf': 0, 'k': 0.35, 'stop': 0, 'R': 2.0, 'hold': 240}",1,100.0,,29,1,0.0,,-106,1,0.0,,-105
NQ_DRIVE,1926,"{'A': 100, 'T': 30, 'x': 0.35, 'mode': 1, 'tf': 1, 'k': 0.2, 'stop': 0, 'R': 0.5, 'hold': 240}",0,,,0,0,,,0,0,,,0
NQ_DRIVE,1927,"{'A': 100, 'T': 30, 'x': 0.35, 'mode': 1, 'tf': 1, 'k': 0.2, 'stop': 0, 'R': 1.0, 'hold': 240}",0,,,0,0,,,0,0,,,0
NQ_DRIVE,1928,"{'A': 100, 'T': 30, 'x': 0.35, 'mode': 1, 'tf': 1, 'k': 0.2, 'stop': 0, 'R': 2.0, 'hold': 240}",0,,,0,0,,,0,0,,,0
NQ_DRIVE,1929,"{'A': 100, 'T': 30, 'x': 0.35, 'mode': 1, 'tf': 1, 'k': 0.35, 'stop': 0, 'R': 0.5, 'hold': 240}",0,,,0,0,,,0,0,,,0
NQ_DRIVE,1930,"{'A': 100, 'T': 30, 'x': 0.35, 'mode': 1, 'tf': 1, 'k': 0.35, 'stop': 0, 'R': 1.0, 'hold': 240}",0,,,0,0,,,0,0,,,0
NQ_DRIVE,1931,"{'A': 100, 'T': 30, 'x': 0.35, 'mode': 1, 'tf': 1, 'k': 0.35, 'stop': 0, 'R': 2.0, 'hold': 240}",0,,,0,0,,,0,0,,,0
NQ_DRIVE,1932,"{'A': 100, 'T': 30, 'x': 0.35, 'mode': -1, 'tf': 0, 'k': 0.2, 'stop': 0, 'R': 0.5, 'hold': 240}",1,100.0,,53,1,100.0,,66,1,100.0,,66
NQ_DRIVE,1933,"{'A': 100, 'T': 30, 'x': 0.35, 'mode': -1, 'tf': 0, 'k': 0.2, 'stop': 0, 'R': 1.0, 'hold': 240}",1,100.0,,108,1,100.0,,100,1,100.0,,100
NQ_DRIVE,1934,"{'A': 100, 'T': 30, 'x': 0.35, 'mode': -1, 'tf': 0, 'k': 0.2, 'stop': 0, 'R': 2.0, 'hold': 240}",1,0.0,,-35,1,100.0,,100,1,100.0,,100
NQ_DRIVE,1935,"{'A': 100, 'T': 30, 'x': 0.35, 'mode': -1, 'tf': 0, 'k': 0.35, 'stop': 0, 'R': 0.5, 'hold': 240}",1,100.0,,94,1,100.0,,100,1,100.0,,100
NQ_DRIVE,1940,"{'A': 100, 'T': 30, 'x': 0.35, 'mode': -1, 'tf': 1, 'k': 0.2, 'stop': 0, 'R': 2.0, 'hold': 240}",1,0.0,,-35,1,100.0,,100,1,100.0,,100
NQ_DRIVE,1941,"{'A': 100, 'T': 30, 'x': 0.35, 'mode': -1, 'tf': 1, 'k': 0.35, 'stop': 0, 'R': 0.5, 'hold': 240}",1,100.0,,94,1,100.0,,100,1,100.0,,100
NQ_DRIVE,1942,"{'A': 100, 'T': 30, 'x': 0.35, 'mode': -1, 'tf': 1, 'k': 0.35, 'stop': 0, 'R': 1.0, 'hold': 240}",1,0.0,,-35,1,100.0,,100,1,100.0,,100
NQ_DRIVE,1943,"{'A': 100, 'T': 30, 'x': 0.35, 'mode': -1, 'tf': 1, 'k': 0.35, 'stop': 0, 'R': 2.0, 'hold': 240}",1,0.0,,-35,1,100.0,,100,1,100.0,,100
NQ_DRIVE,1936,"{'A': 100, 'T': 30, 'x': 0.35, 'mode': -1, 'tf': 0, 'k': 0.35, 'stop': 0, 'R': 1.0, 'hold': 240}",1,0.0,,-35,1,100.0,,100,1,100.0,,100
NQ_DRIVE,1937,"{'A': 100, 'T': 30, 'x': 0.35, 'mode': -1, 'tf': 0, 'k': 0.35, 'stop': 0, 'R': 2.0, 'hold': 240}",1,0.0,,-35,1,100.0,,100,1,100.0,,100
NQ_DRIVE,1938,"{'A': 100, 'T': 30, 'x': 0.35, 'mode': -1, 'tf': 1, 'k': 0.2, 'stop': 0, 'R': 0.5, 'hold': 240}",1,100.0,,53,1,100.0,,66,1,100.0,,66
NQ_DRIVE,1939,"{'A': 100, 'T': 30, 'x': 0.35, 'mode': -1, 'tf': 1, 'k': 0.2, 'stop': 0, 'R': 1.0, 'hold': 240}",1,100.0,,108,1,100.0,,100,1,100.0,,100
NQ_DRIVE,1948,"{'A': 100, 'T': 60, 'x': 0.1, 'mode': 1, 'tf': 0, 'k': 0.35, 'stop': 0, 'R': 1.0, 'hold': 240}",149,45.0,0.714,-2788,124,48.4,0.961,-375,114,49.1,0.981,-169
NQ_DRIVE,1949,"{'A': 100, 'T': 60, 'x': 0.1, 'mode': 1, 'tf': 0, 'k': 0.35, 'stop': 0, 'R': 2.0, 'hold': 240}",149,43.6,0.69,-3075,124,47.6,1.023,229,114,48.2,1.036,331
NQ_DRIVE,1950,"{'A': 100, 'T': 60, 'x': 0.1, 'mode': 1, 'tf': 1, 'k': 0.2, 'stop': 0, 'R': 0.5, 'hold': 240}",79,64.6,1.028,68,64,59.4,0.636,-1373,49,55.1,0.526,-1656
NQ_DRIVE,1951,"{'A': 100, 'T': 60, 'x': 0.1, 'mode': 1, 'tf': 1, 'k': 0.2, 'stop': 0, 'R': 1.0, 'hold': 240}",79,51.9,1.018,64,64,54.7,1.037,153,49,46.9,0.816,-732
NQ_DRIVE,1944,"{'A': 100, 'T': 60, 'x': 0.1, 'mode': 1, 'tf': 0, 'k': 0.2, 'stop': 0, 'R': 0.5, 'hold': 240}",149,59.7,0.761,-1394,124,63.7,0.866,-815,114,64.0,0.875,-714
NQ_DRIVE,1945,"{'A': 100, 'T': 60, 'x': 0.1, 'mode': 1, 'tf': 0, 'k': 0.2, 'stop': 0, 'R': 1.0, 'hold': 240}",149,47.0,0.824,-1320,124,54.0,1.175,1302,114,54.4,1.176,1239
NQ_DRIVE,1946,"{'A': 100, 'T': 60, 'x': 0.1, 'mode': 1, 'tf': 0, 'k': 0.2, 'stop': 0, 'R': 2.0, 'hold': 240}",149,42.3,0.831,-1354,124,45.2,1.059,512,114,45.6,1.033,277
NQ_DRIVE,1947,"{'A': 100, 'T': 60, 'x': 0.1, 'mode': 1, 'tf': 0, 'k': 0.35, 'stop': 0, 'R': 0.5, 'hold': 240}",149,53.0,0.758,-2097,124,58.9,0.98,-167,114,60.5,1.027,206
NQ_DRIVE,1952,"{'A': 100, 'T': 60, 'x': 0.1, 'mode': 1, 'tf': 1, 'k': 0.2, 'stop': 0, 'R': 2.0, 'hold': 240}",79,44.3,0.927,-282,64,45.3,0.899,-508,49,36.7,0.658,-1658
NQ_DRIVE,1953,"{'A': 100, 'T': 60, 'x': 0.1, 'mode': 1, 'tf': 1, 'k': 0.35, 'stop': 0, 'R': 0.5, 'hold': 240}",79,57.0,0.846,-662,64,60.9,0.877,-563,49,55.1,0.711,-1253
NQ_DRIVE,1954,"{'A': 100, 'T': 60, 'x': 0.1, 'mode': 1, 'tf': 1, 'k': 0.35, 'stop': 0, 'R': 1.0, 'hold': 240}",79,46.8,0.727,-1393,64,48.4,0.714,-1662,49,40.8,0.546,-2528
NQ_DRIVE,1955,"{'A': 100, 'T': 60, 'x': 0.1, 'mode': 1, 'tf': 1, 'k': 0.35, 'stop': 0, 'R': 2.0, 'hold': 240}",79,46.8,0.763,-1209,64,48.4,0.847,-891,49,40.8,0.654,-1929
NQ_DRIVE,1964,"{'A': 100, 'T': 60, 'x': 0.1, 'mode': -1, 'tf': 1, 'k': 0.2, 'stop': 0, 'R': 2.0, 'hold': 240}",68,48.5,1.33,1020,55,43.6,0.859,-618,49,36.7,0.736,-1111
NQ_DRIVE,1965,"{'A': 100, 'T': 60, 'x': 0.1, 'mode': -1, 'tf': 1, 'k': 0.35, 'stop': 0, 'R': 0.5, 'hold': 240}",68,55.9,1.078,239,55,52.7,0.539,-2291,49,42.9,0.431,-2974
NQ_DRIVE,1966,"{'A': 100, 'T': 60, 'x': 0.1, 'mode': -1, 'tf': 1, 'k': 0.35, 'stop': 0, 'R': 1.0, 'hold': 240}",68,52.9,1.292,997,55,50.9,0.714,-1438,49,40.8,0.547,-2397
NQ_DRIVE,1967,"{'A': 100, 'T': 60, 'x': 0.1, 'mode': -1, 'tf': 1, 'k': 0.35, 'stop': 0, 'R': 2.0, 'hold': 240}",68,50.0,1.235,829,55,49.1,0.655,-1767,49,38.8,0.454,-2946
NQ_DRIVE,1960,"{'A': 100, 'T': 60, 'x': 0.1, 'mode': -1, 'tf': 0, 'k': 0.35, 'stop': 0, 'R': 1.0, 'hold': 240}",149,50.3,1.265,1951,124,50.8,0.967,-323,114,49.1,0.949,-473
NQ_DRIVE,1961,"{'A': 100, 'T': 60, 'x': 0.1, 'mode': -1, 'tf': 0, 'k': 0.35, 'stop': 0, 'R': 2.0, 'hold': 240}",149,47.7,1.191,1499,124,50.0,0.962,-371,114,48.2,0.922,-729
NQ_DRIVE,1962,"{'A': 100, 'T': 60, 'x': 0.1, 'mode': -1, 'tf': 1, 'k': 0.2, 'stop': 0, 'R': 0.5, 'hold': 240}",68,67.6,1.123,250,55,60.0,0.686,-1022,49,53.1,0.601,-1343
NQ_DRIVE,1963,"{'A': 100, 'T': 60, 'x': 0.1, 'mode': -1, 'tf': 1, 'k': 0.2, 'stop': 0, 'R': 1.0, 'hold': 240}",68,54.4,1.351,965,55,45.5,0.659,-1475,49,38.8,0.57,-1781
NQ_DRIVE,1956,"{'A': 100, 'T': 60, 'x': 0.1, 'mode': -1, 'tf': 0, 'k': 0.2, 'stop': 0, 'R': 0.5, 'hold': 240}",149,62.4,0.902,-497,124,62.1,0.791,-1413,114,60.5,0.788,-1382
NQ_DRIVE,1957,"{'A': 100, 'T': 60, 'x': 0.1, 'mode': -1, 'tf': 0, 'k': 0.2, 'stop': 0, 'R': 1.0, 'hold': 240}",149,49.7,1.078,514,124,46.0,0.783,-1968,114,44.7,0.785,-1851
NQ_DRIVE,1958,"{'A': 100, 'T': 60, 'x': 0.1, 'mode': -1, 'tf': 0, 'k': 0.2, 'stop': 0, 'R': 2.0, 'hold': 240}",149,45.0,1.198,1418,124,42.7,0.925,-705,114,41.2,0.906,-833
NQ_DRIVE,1959,"{'A': 100, 'T': 60, 'x': 0.1, 'mode': -1, 'tf': 0, 'k': 0.35, 'stop': 0, 'R': 0.5, 'hold': 240}",149,54.4,1.042,274,124,54.8,0.758,-2314,114,53.5,0.763,-2174
NQ_DRIVE,1968,"{'A': 100, 'T': 60, 'x': 0.2, 'mode': 1, 'tf': 0, 'k': 0.2, 'stop': 0, 'R': 0.5, 'hold': 240}",22,63.6,0.819,-149,25,76.0,1.642,551,25,72.0,1.572,498
NQ_DRIVE,1969,"{'A': 100, 'T': 60, 'x': 0.2, 'mode': 1, 'tf': 0, 'k': 0.2, 'stop': 0, 'R': 1.0, 'hold': 240}",22,45.5,0.805,-216,25,68.0,1.921,1162,25,68.0,2.019,1224
NQ_DRIVE,1970,"{'A': 100, 'T': 60, 'x': 0.2, 'mode': 1, 'tf': 0, 'k': 0.2, 'stop': 0, 'R': 2.0, 'hold': 240}",22,40.9,1.072,89,25,44.0,0.992,-16,25,44.0,1.005,9
NQ_DRIVE,1971,"{'A': 100, 'T': 60, 'x': 0.2, 'mode': 1, 'tf': 0, 'k': 0.35, 'stop': 0, 'R': 0.5, 'hold': 240}",22,68.2,1.348,328,25,68.0,1.17,307,25,68.0,1.206,362
NQ_DRIVE,1972,"{'A': 100, 'T': 60, 'x': 0.2, 'mode': 1, 'tf': 0, 'k': 0.35, 'stop': 0, 'R': 1.0, 'hold': 240}",22,50.0,1.036,52,25,44.0,0.744,-733,25,44.0,0.748,-710
NQ_DRIVE,1973,"{'A': 100, 'T': 60, 'x': 0.2, 'mode': 1, 'tf': 0, 'k': 0.35, 'stop': 0, 'R': 2.0, 'hold': 240}",22,40.9,0.956,-71,25,44.0,0.667,-955,25,44.0,0.662,-953
NQ_DRIVE,1974,"{'A': 100, 'T': 60, 'x': 0.2, 'mode': 1, 'tf': 1, 'k': 0.2, 'stop': 0, 'R': 0.5, 'hold': 240}",7,71.4,,43,9,77.8,,243,8,75.0,,189
NQ_DRIVE,1975,"{'A': 100, 'T': 60, 'x': 0.2, 'mode': 1, 'tf': 1, 'k': 0.2, 'stop': 0, 'R': 1.0, 'hold': 240}",7,42.9,,-109,9,77.8,,781,8,75.0,,665
NQ_DRIVE,1980,"{'A': 100, 'T': 60, 'x': 0.2, 'mode': -1, 'tf': 0, 'k': 0.2, 'stop': 0, 'R': 0.5, 'hold': 240}",22,77.3,1.119,70,25,52.0,0.606,-710,25,52.0,0.599,-724
NQ_DRIVE,1981,"{'A': 100, 'T': 60, 'x': 0.2, 'mode': -1, 'tf': 0, 'k': 0.2, 'stop': 0, 'R': 1.0, 'hold': 240}",22,54.5,1.104,99,25,32.0,0.485,-1295,25,32.0,0.46,-1358
NQ_DRIVE,1982,"{'A': 100, 'T': 60, 'x': 0.2, 'mode': -1, 'tf': 0, 'k': 0.2, 'stop': 0, 'R': 2.0, 'hold': 240}",22,40.9,0.956,-55,25,32.0,0.783,-545,25,32.0,0.761,-601
NQ_DRIVE,1983,"{'A': 100, 'T': 60, 'x': 0.2, 'mode': -1, 'tf': 0, 'k': 0.35, 'stop': 0, 'R': 0.5, 'hold': 240}",22,63.6,0.853,-178,25,56.0,0.772,-501,25,56.0,0.761,-520
NQ_DRIVE,1976,"{'A': 100, 'T': 60, 'x': 0.2, 'mode': 1, 'tf': 1, 'k': 0.2, 'stop': 0, 'R': 2.0, 'hold': 240}",7,28.6,,-342,9,33.3,,-332,8,25.0,,-587
NQ_DRIVE,1977,"{'A': 100, 'T': 60, 'x': 0.2, 'mode': 1, 'tf': 1, 'k': 0.35, 'stop': 0, 'R': 0.5, 'hold': 240}",7,57.1,,-185,9,77.8,,523,8,75.0,,422
NQ_DRIVE,1978,"{'A': 100, 'T': 60, 'x': 0.2, 'mode': 1, 'tf': 1, 'k': 0.35, 'stop': 0, 'R': 1.0, 'hold': 240}",7,28.6,,-677,9,33.3,,-831,8,25.0,,-1051
NQ_DRIVE,1979,"{'A': 100, 'T': 60, 'x': 0.2, 'mode': 1, 'tf': 1, 'k': 0.35, 'stop': 0, 'R': 2.0, 'hold': 240}",7,28.6,,-677,9,33.3,,-783,8,25.0,,-1036
NQ_DRIVE,1984,"{'A': 100, 'T': 60, 'x': 0.2, 'mode': -1, 'tf': 0, 'k': 0.35, 'stop': 0, 'R': 1.0, 'hold': 240}",22,50.0,0.89,-173,25,56.0,1.271,594,25,56.0,1.263,571
NQ_DRIVE,1985,"{'A': 100, 'T': 60, 'x': 0.2, 'mode': -1, 'tf': 0, 'k': 0.35, 'stop': 0, 'R': 2.0, 'hold': 240}",22,45.5,0.963,-62,25,52.0,1.18,413,25,52.0,1.165,375
NQ_DRIVE,1986,"{'A': 100, 'T': 60, 'x': 0.2, 'mode': -1, 'tf': 1, 'k': 0.2, 'stop': 0, 'R': 0.5, 'hold': 240}",14,78.6,,23,15,66.7,,39,14,57.1,,-167
NQ_DRIVE,1987,"{'A': 100, 'T': 60, 'x': 0.2, 'mode': -1, 'tf': 1, 'k': 0.2, 'stop': 0, 'R': 1.0, 'hold': 240}",14,57.1,,61,15,40.0,,-318,14,35.7,,-363
NQ_DRIVE,1988,"{'A': 100, 'T': 60, 'x': 0.2, 'mode': -1, 'tf': 1, 'k': 0.2, 'stop': 0, 'R': 2.0, 'hold': 240}",14,42.9,,-186,15,40.0,,274,14,35.7,,236
NQ_DRIVE,1989,"{'A': 100, 'T': 60, 'x': 0.2, 'mode': -1, 'tf': 1, 'k': 0.35, 'stop': 0, 'R': 0.5, 'hold': 240}",14,57.1,,-466,15,53.3,,-611,14,42.9,,-923
NQ_DRIVE,1990,"{'A': 100, 'T': 60, 'x': 0.2, 'mode': -1, 'tf': 1, 'k': 0.35, 'stop': 0, 'R': 1.0, 'hold': 240}",14,42.9,,-777,15,53.3,,-69,14,42.9,,-383
NQ_DRIVE,1991,"{'A': 100, 'T': 60, 'x': 0.2, 'mode': -1, 'tf': 1, 'k': 0.35, 'stop': 0, 'R': 2.0, 'hold': 240}",14,42.9,,-556,15,46.7,,-664,14,35.7,,-989
NQ_DRIVE,1992,"{'A': 100, 'T': 60, 'x': 0.35, 'mode': 1, 'tf': 0, 'k': 0.2, 'stop': 0, 'R': 0.5, 'hold': 240}",3,66.7,,-24,3,66.7,,-3,3,66.7,,-3
NQ_DRIVE,1993,"{'A': 100, 'T': 60, 'x': 0.35, 'mode': 1, 'tf': 0, 'k': 0.2, 'stop': 0, 'R': 1.0, 'hold': 240}",3,0.0,,-312,3,66.7,,155,3,66.7,,152
NQ_DRIVE,1994,"{'A': 100, 'T': 60, 'x': 0.35, 'mode': 1, 'tf': 0, 'k': 0.2, 'stop': 0, 'R': 2.0, 'hold': 240}",3,0.0,,-312,3,33.3,,3,3,33.3,,-1
NQ_DRIVE,1995,"{'A': 100, 'T': 60, 'x': 0.35, 'mode': 1, 'tf': 0, 'k': 0.35, 'stop': 0, 'R': 0.5, 'hold': 240}",3,66.7,,-20,3,66.7,,-13,3,66.7,,-18
NQ_DRIVE,2004,"{'A': 100, 'T': 60, 'x': 0.35, 'mode': -1, 'tf': 0, 'k': 0.2, 'stop': 0, 'R': 0.5, 'hold': 240}",3,100.0,,145,3,66.7,,-2,3,66.7,,3
NQ_DRIVE,2005,"{'A': 100, 'T': 60, 'x': 0.35, 'mode': -1, 'tf': 0, 'k': 0.2, 'stop': 0, 'R': 1.0, 'hold': 240}",3,100.0,,296,3,33.3,,-171,3,33.3,,-168
NQ_DRIVE,2006,"{'A': 100, 'T': 60, 'x': 0.35, 'mode': -1, 'tf': 0, 'k': 0.2, 'stop': 0, 'R': 2.0, 'hold': 240}",3,66.7,,301,3,33.3,,-2,3,33.3,,4
NQ_DRIVE,2007,"{'A': 100, 'T': 60, 'x': 0.35, 'mode': -1, 'tf': 0, 'k': 0.35, 'stop': 0, 'R': 0.5, 'hold': 240}",3,100.0,,258,3,66.7,,-18,3,66.7,,-14
NQ_DRIVE,1996,"{'A': 100, 'T': 60, 'x': 0.35, 'mode': 1, 'tf': 0, 'k': 0.35, 'stop': 0, 'R': 1.0, 'hold': 240}",3,33.3,,-269,3,33.3,,-286,3,33.3,,-294
NQ_DRIVE,1997,"{'A': 100, 'T': 60, 'x': 0.35, 'mode': 1, 'tf': 0, 'k': 0.35, 'stop': 0, 'R': 2.0, 'hold': 240}",3,33.3,,-269,3,33.3,,-261,3,33.3,,-272
NQ_DRIVE,1998,"{'A': 100, 'T': 60, 'x': 0.35, 'mode': 1, 'tf': 1, 'k': 0.2, 'stop': 0, 'R': 0.5, 'hold': 240}",1,100.0,,50,1,100.0,,83,1,100.0,,89
NQ_DRIVE,1999,"{'A': 100, 'T': 60, 'x': 0.35, 'mode': 1, 'tf': 1, 'k': 0.2, 'stop': 0, 'R': 1.0, 'hold': 240}",1,0.0,,-106,1,100.0,,157,1,100.0,,158
NQ_DRIVE,2000,"{'A': 100, 'T': 60, 'x': 0.35, 'mode': 1, 'tf': 1, 'k': 0.2, 'stop': 0, 'R': 2.0, 'hold': 240}",1,0.0,,-106,1,0.0,,-164,1,0.0,,-166
NQ_DRIVE,2001,"{'A': 100, 'T': 60, 'x': 0.35, 'mode': 1, 'tf': 1, 'k': 0.35, 'stop': 0, 'R': 0.5, 'hold': 240}",1,0.0,,-184,1,100.0,,137,1,100.0,,138
NQ_DRIVE,2002,"{'A': 100, 'T': 60, 'x': 0.35, 'mode': 1, 'tf': 1, 'k': 0.35, 'stop': 0, 'R': 1.0, 'hold': 240}",1,0.0,,-184,1,0.0,,-284,1,0.0,,-287
NQ_DRIVE,2003,"{'A': 100, 'T': 60, 'x': 0.35, 'mode': 1, 'tf': 1, 'k': 0.35, 'stop': 0, 'R': 2.0, 'hold': 240}",1,0.0,,-184,1,0.0,,-284,1,0.0,,-287
NQ_DRIVE,2008,"{'A': 100, 'T': 60, 'x': 0.35, 'mode': -1, 'tf': 0, 'k': 0.35, 'stop': 0, 'R': 1.0, 'hold': 240}",3,66.7,,253,3,66.7,,270,3,66.7,,278
NQ_DRIVE,2009,"{'A': 100, 'T': 60, 'x': 0.35, 'mode': -1, 'tf': 0, 'k': 0.35, 'stop': 0, 'R': 2.0, 'hold': 240}",3,66.7,,321,3,33.3,,154,3,33.3,,157
NQ_DRIVE,2010,"{'A': 100, 'T': 60, 'x': 0.35, 'mode': -1, 'tf': 1, 'k': 0.2, 'stop': 0, 'R': 0.5, 'hold': 240}",2,100.0,,96,2,100.0,,161,2,100.0,,167
NQ_DRIVE,2011,"{'A': 100, 'T': 60, 'x': 0.35, 'mode': -1, 'tf': 1, 'k': 0.2, 'stop': 0, 'R': 1.0, 'hold': 240}",2,100.0,,195,2,50.0,,-9,2,50.0,,-4
NQ_DRIVE,2012,"{'A': 100, 'T': 60, 'x': 0.35, 'mode': -1, 'tf': 1, 'k': 0.2, 'stop': 0, 'R': 2.0, 'hold': 240}",2,50.0,,96,2,50.0,,160,2,50.0,,168
NQ_DRIVE,2013,"{'A': 100, 'T': 60, 'x': 0.35, 'mode': -1, 'tf': 1, 'k': 0.35, 'stop': 0, 'R': 0.5, 'hold': 240}",2,100.0,,170,2,50.0,,-157,2,50.0,,-154
NQ_DRIVE,2014,"{'A': 100, 'T': 60, 'x': 0.35, 'mode': -1, 'tf': 1, 'k': 0.35, 'stop': 0, 'R': 1.0, 'hold': 240}",2,50.0,,74,2,50.0,,-9,2,50.0,,-4
NQ_DRIVE,2015,"{'A': 100, 'T': 60, 'x': 0.35, 'mode': -1, 'tf': 1, 'k': 0.35, 'stop': 0, 'R': 2.0, 'hold': 240}",2,50.0,,113,2,0.0,,-405,2,0.0,,-408
NQ_DRIVE,2020,"{'A': 100, 'T': 120, 'x': 0.1, 'mode': 1, 'tf': 0, 'k': 0.35, 'stop': 0, 'R': 1.0, 'hold': 240}",359,46.0,0.892,-1904,245,48.2,0.933,-1101,232,47.0,0.953,-749
NQ_DRIVE,2021,"{'A': 100, 'T': 120, 'x': 0.1, 'mode': 1, 'tf': 0, 'k': 0.35, 'stop': 0, 'R': 2.0, 'hold': 240}",359,44.3,0.758,-4361,245,47.3,0.819,-2957,232,46.1,0.821,-2858
NQ_DRIVE,2022,"{'A': 100, 'T': 120, 'x': 0.1, 'mode': 1, 'tf': 1, 'k': 0.2, 'stop': 0, 'R': 0.5, 'hold': 240}",178,59.6,0.774,-1472,122,61.5,0.949,-273,104,61.5,0.983,-81
NQ_DRIVE,2023,"{'A': 100, 'T': 120, 'x': 0.1, 'mode': 1, 'tf': 1, 'k': 0.2, 'stop': 0, 'R': 1.0, 'hold': 240}",178,45.5,0.768,-1865,122,48.4,0.847,-1095,104,46.2,0.828,-1122
NQ_DRIVE,2024,"{'A': 100, 'T': 120, 'x': 0.1, 'mode': 1, 'tf': 1, 'k': 0.2, 'stop': 0, 'R': 2.0, 'hold': 240}",178,39.3,0.671,-2891,122,42.6,0.857,-1104,104,39.4,0.799,-1430
NQ_DRIVE,2025,"{'A': 100, 'T': 120, 'x': 0.1, 'mode': 1, 'tf': 1, 'k': 0.35, 'stop': 0, 'R': 0.5, 'hold': 240}",178,48.9,0.645,-3459,122,54.9,0.934,-474,104,52.9,0.886,-775
NQ_DRIVE,2026,"{'A': 100, 'T': 120, 'x': 0.1, 'mode': 1, 'tf': 1, 'k': 0.35, 'stop': 0, 'R': 1.0, 'hold': 240}",178,42.1,0.627,-3896,122,45.9,0.853,-1241,104,42.3,0.764,-1902
NQ_DRIVE,2027,"{'A': 100, 'T': 120, 'x': 0.1, 'mode': 1, 'tf': 1, 'k': 0.35, 'stop': 0, 'R': 2.0, 'hold': 240}",178,42.1,0.589,-4291,122,45.1,0.737,-2230,104,41.3,0.632,-2963
NQ_DRIVE,2040,"{'A': 100, 'T': 120, 'x': 0.2, 'mode': 1, 'tf': 0, 'k': 0.2, 'stop': 0, 'R': 0.5, 'hold': 240}",100,65.0,1.067,204,74,67.6,1.211,631,74,68.9,1.298,871
NQ_DRIVE,2041,"{'A': 100, 'T': 120, 'x': 0.2, 'mode': 1, 'tf': 0, 'k': 0.2, 'stop': 0, 'R': 1.0, 'hold': 240}",100,51.0,1.081,325,74,47.3,0.859,-719,74,50.0,0.896,-522
NQ_DRIVE,2042,"{'A': 100, 'T': 120, 'x': 0.2, 'mode': 1, 'tf': 0, 'k': 0.2, 'stop': 0, 'R': 2.0, 'hold': 240}",100,39.0,0.825,-830,74,41.9,0.948,-284,74,44.6,0.993,-39
NQ_DRIVE,2043,"{'A': 100, 'T': 120, 'x': 0.2, 'mode': 1, 'tf': 0, 'k': 0.35, 'stop': 0, 'R': 0.5, 'hold': 240}",100,58.0,0.997,-12,74,54.1,0.769,-1359,74,55.4,0.803,-1138
NQ_DRIVE,2016,"{'A': 100, 'T': 120, 'x': 0.1, 'mode': 1, 'tf': 0, 'k': 0.2, 'stop': 0, 'R': 0.5, 'hold': 240}",359,61.8,0.879,-1465,245,65.3,1.096,952,232,65.9,1.175,1616
NQ_DRIVE,2017,"{'A': 100, 'T': 120, 'x': 0.1, 'mode': 1, 'tf': 0, 'k': 0.2, 'stop': 0, 'R': 1.0, 'hold': 240}",359,49.0,0.943,-848,245,50.2,1.008,104,232,49.6,1.014,189
NQ_DRIVE,2018,"{'A': 100, 'T': 120, 'x': 0.1, 'mode': 1, 'tf': 0, 'k': 0.2, 'stop': 0, 'R': 2.0, 'hold': 240}",359,42.9,0.879,-1961,245,44.9,0.961,-571,232,44.4,0.998,-25
NQ_DRIVE,2019,"{'A': 100, 'T': 120, 'x': 0.1, 'mode': 1, 'tf': 0, 'k': 0.35, 'stop': 0, 'R': 0.5, 'hold': 240}",359,53.5,0.887,-1810,245,56.3,1.022,306,232,55.2,1.011,148
NQ_DRIVE,2044,"{'A': 100, 'T': 120, 'x': 0.2, 'mode': 1, 'tf': 0, 'k': 0.35, 'stop': 0, 'R': 1.0, 'hold': 240}",100,44.0,0.886,-651,74,43.2,0.75,-1744,74,45.9,0.789,-1440
NQ_DRIVE,2045,"{'A': 100, 'T': 120, 'x': 0.2, 'mode': 1, 'tf': 0, 'k': 0.35, 'stop': 0, 'R': 2.0, 'hold': 240}",100,41.0,0.629,-2168,74,40.5,0.702,-2088,74,43.2,0.735,-1816
NQ_DRIVE,2046,"{'A': 100, 'T': 120, 'x': 0.2, 'mode': 1, 'tf': 1, 'k': 0.2, 'stop': 0, 'R': 0.5, 'hold': 240}",47,66.0,0.975,-36,32,68.8,1.532,576,31,71.0,1.678,682
NQ_DRIVE,2047,"{'A': 100, 'T': 120, 'x': 0.2, 'mode': 1, 'tf': 1, 'k': 0.2, 'stop': 0, 'R': 1.0, 'hold': 240}",47,55.3,1.099,171,32,46.9,0.736,-615,31,48.4,0.74,-591
NQ_DRIVE,2036,"{'A': 100, 'T': 120, 'x': 0.1, 'mode': -1, 'tf': 1, 'k': 0.2, 'stop': 0, 'R': 2.0, 'hold': 240}",167,39.5,0.659,-2941,113,44.2,0.876,-958,98,41.8,0.852,-1028
NQ_DRIVE,2037,"{'A': 100, 'T': 120, 'x': 0.1, 'mode': -1, 'tf': 1, 'k': 0.35, 'stop': 0, 'R': 0.5, 'hold': 240}",167,52.1,0.709,-2458,113,52.2,0.89,-772,98,48.0,0.767,-1620
NQ_DRIVE,2038,"{'A': 100, 'T': 120, 'x': 0.1, 'mode': -1, 'tf': 1, 'k': 0.35, 'stop': 0, 'R': 1.0, 'hold': 240}",167,46.7,0.677,-2998,113,47.8,0.967,-249,98,44.9,0.855,-1074
NQ_DRIVE,2039,"{'A': 100, 'T': 120, 'x': 0.1, 'mode': -1, 'tf': 1, 'k': 0.35, 'stop': 0, 'R': 2.0, 'hold': 240}",167,46.1,0.692,-2905,113,46.9,0.879,-942,98,43.9,0.773,-1713
NQ_DRIVE,2032,"{'A': 100, 'T': 120, 'x': 0.1, 'mode': -1, 'tf': 0, 'k': 0.35, 'stop': 0, 'R': 1.0, 'hold': 240}",359,51.3,0.99,-167,245,49.0,0.982,-286,232,49.6,0.964,-563
NQ_DRIVE,2033,"{'A': 100, 'T': 120, 'x': 0.1, 'mode': -1, 'tf': 0, 'k': 0.35, 'stop': 0, 'R': 2.0, 'hold': 240}",359,50.7,1.001,23,245,48.6,0.933,-1080,232,48.7,0.909,-1455
NQ_DRIVE,2034,"{'A': 100, 'T': 120, 'x': 0.1, 'mode': -1, 'tf': 1, 'k': 0.2, 'stop': 0, 'R': 0.5, 'hold': 240}",167,59.9,0.813,-1099,113,61.1,0.925,-394,98,60.2,0.919,-388
NQ_DRIVE,2035,"{'A': 100, 'T': 120, 'x': 0.1, 'mode': -1, 'tf': 1, 'k': 0.2, 'stop': 0, 'R': 1.0, 'hold': 240}",167,44.3,0.728,-2188,113,46.9,0.811,-1396,98,43.9,0.771,-1539
NQ_DRIVE,2028,"{'A': 100, 'T': 120, 'x': 0.1, 'mode': -1, 'tf': 0, 'k': 0.2, 'stop': 0, 'R': 0.5, 'hold': 240}",359,62.1,0.932,-782,245,62.0,0.978,-235,232,63.8,1.017,179
NQ_DRIVE,2029,"{'A': 100, 'T': 120, 'x': 0.1, 'mode': -1, 'tf': 0, 'k': 0.2, 'stop': 0, 'R': 1.0, 'hold': 240}",359,48.7,0.923,-1169,245,48.2,0.901,-1443,232,48.3,0.897,-1458
NQ_DRIVE,2030,"{'A': 100, 'T': 120, 'x': 0.1, 'mode': -1, 'tf': 0, 'k': 0.2, 'stop': 0, 'R': 2.0, 'hold': 240}",359,45.4,0.989,-170,245,44.9,0.909,-1400,232,45.3,0.919,-1204
NQ_DRIVE,2031,"{'A': 100, 'T': 120, 'x': 0.1, 'mode': -1, 'tf': 0, 'k': 0.35, 'stop': 0, 'R': 0.5, 'hold': 240}",359,56.5,0.959,-617,245,54.3,0.951,-697,232,54.7,0.934,-939
NQ_DRIVE,2048,"{'A': 100, 'T': 120, 'x': 0.2, 'mode': 1, 'tf': 1, 'k': 0.2, 'stop': 0, 'R': 2.0, 'hold': 240}",47,42.6,0.824,-359,32,40.6,0.812,-453,31,41.9,0.762,-557
NQ_DRIVE,2049,"{'A': 100, 'T': 120, 'x': 0.2, 'mode': 1, 'tf': 1, 'k': 0.35, 'stop': 0, 'R': 0.5, 'hold': 240}",47,57.4,0.751,-634,32,53.1,0.689,-815,31,54.8,0.694,-790
NQ_DRIVE,2050,"{'A': 100, 'T': 120, 'x': 0.2, 'mode': 1, 'tf': 1, 'k': 0.35, 'stop': 0, 'R': 1.0, 'hold': 240}",47,44.7,0.641,-1047,32,40.6,0.589,-1273,31,41.9,0.552,-1368
NQ_DRIVE,2051,"{'A': 100, 'T': 120, 'x': 0.2, 'mode': 1, 'tf': 1, 'k': 0.35, 'stop': 0, 'R': 2.0, 'hold': 240}",47,44.7,0.612,-1130,32,37.5,0.542,-1423,31,38.7,0.475,-1607
NQ_DRIVE,2052,"{'A': 100, 'T': 120, 'x': 0.2, 'mode': -1, 'tf': 0, 'k': 0.2, 'stop': 0, 'R': 0.5, 'hold': 240}",100,64.0,0.919,-277,74,66.2,1.084,280,74,64.9,1.054,185
NQ_DRIVE,2053,"{'A': 100, 'T': 120, 'x': 0.2, 'mode': -1, 'tf': 0, 'k': 0.2, 'stop': 0, 'R': 1.0, 'hold': 240}",100,47.0,0.813,-868,74,51.4,1.07,318,74,50.0,1.026,119
NQ_DRIVE,2054,"{'A': 100, 'T': 120, 'x': 0.2, 'mode': -1, 'tf': 0, 'k': 0.2, 'stop': 0, 'R': 2.0, 'hold': 240}",100,41.0,1.006,30,74,50.0,1.371,1756,74,48.6,1.309,1499
NQ_DRIVE,2055,"{'A': 100, 'T': 120, 'x': 0.2, 'mode': -1, 'tf': 0, 'k': 0.35, 'stop': 0, 'R': 0.5, 'hold': 240}",100,58.0,0.831,-803,74,59.5,1.064,321,74,58.1,1.036,188
NQ_DRIVE,2064,"{'A': 100, 'T': 120, 'x': 0.35, 'mode': 1, 'tf': 0, 'k': 0.2, 'stop': 0, 'R': 0.5, 'hold': 240}",19,73.7,,294,21,52.4,0.554,-641,19,47.4,,-783
NQ_DRIVE,2065,"{'A': 100, 'T': 120, 'x': 0.35, 'mode': 1, 'tf': 0, 'k': 0.2, 'stop': 0, 'R': 1.0, 'hold': 240}",19,63.2,,484,21,42.9,0.706,-517,19,42.1,,-607
NQ_DRIVE,2066,"{'A': 100, 'T': 120, 'x': 0.35, 'mode': 1, 'tf': 0, 'k': 0.2, 'stop': 0, 'R': 2.0, 'hold': 240}",19,52.6,,823,21,42.9,0.883,-206,19,42.1,,-219
NQ_DRIVE,2067,"{'A': 100, 'T': 120, 'x': 0.35, 'mode': 1, 'tf': 0, 'k': 0.35, 'stop': 0, 'R': 0.5, 'hold': 240}",19,68.4,,188,21,52.4,0.686,-633,19,47.4,,-917
NQ_DRIVE,2068,"{'A': 100, 'T': 120, 'x': 0.35, 'mode': 1, 'tf': 0, 'k': 0.35, 'stop': 0, 'R': 1.0, 'hold': 240}",19,52.6,,350,21,47.6,0.836,-369,19,47.4,,-262
NQ_DRIVE,2069,"{'A': 100, 'T': 120, 'x': 0.35, 'mode': 1, 'tf': 0, 'k': 0.35, 'stop': 0, 'R': 2.0, 'hold': 240}",19,47.4,,-116,21,42.9,0.699,-682,19,42.1,,-592
NQ_DRIVE,2070,"{'A': 100, 'T': 120, 'x': 0.35, 'mode': 1, 'tf': 1, 'k': 0.2, 'stop': 0, 'R': 0.5, 'hold': 240}",10,70.0,,83,9,44.4,,-320,8,37.5,,-404
NQ_DRIVE,2071,"{'A': 100, 'T': 120, 'x': 0.35, 'mode': 1, 'tf': 1, 'k': 0.2, 'stop': 0, 'R': 1.0, 'hold': 240}",10,60.0,,95,9,33.3,,-422,8,25.0,,-596
NQ_DRIVE,2060,"{'A': 100, 'T': 120, 'x': 0.2, 'mode': -1, 'tf': 1, 'k': 0.2, 'stop': 0, 'R': 2.0, 'hold': 240}",52,40.4,0.814,-549,39,46.2,1.128,359,36,41.7,0.97,-83
NQ_DRIVE,2061,"{'A': 100, 'T': 120, 'x': 0.2, 'mode': -1, 'tf': 1, 'k': 0.35, 'stop': 0, 'R': 0.5, 'hold': 240}",52,59.6,0.761,-670,39,56.4,0.986,-41,36,52.8,0.892,-320
NQ_DRIVE,2062,"{'A': 100, 'T': 120, 'x': 0.2, 'mode': -1, 'tf': 1, 'k': 0.35, 'stop': 0, 'R': 1.0, 'hold': 240}",52,51.9,0.784,-713,39,51.3,1.095,311,36,47.2,0.959,-135
NQ_DRIVE,2063,"{'A': 100, 'T': 120, 'x': 0.2, 'mode': -1, 'tf': 1, 'k': 0.35, 'stop': 0, 'R': 2.0, 'hold': 240}",52,51.9,0.844,-516,39,48.7,0.857,-492,36,44.4,0.69,-1080
NQ_DRIVE,2056,"{'A': 100, 'T': 120, 'x': 0.2, 'mode': -1, 'tf': 0, 'k': 0.35, 'stop': 0, 'R': 1.0, 'hold': 240}",100,53.0,1.017,92,74,55.4,1.245,1330,74,54.1,1.184,1027
NQ_DRIVE,2057,"{'A': 100, 'T': 120, 'x': 0.2, 'mode': -1, 'tf': 0, 'k': 0.35, 'stop': 0, 'R': 2.0, 'hold': 240}",100,53.0,1.193,1023,74,54.1,1.232,1293,74,52.7,1.166,953
NQ_DRIVE,2058,"{'A': 100, 'T': 120, 'x': 0.2, 'mode': -1, 'tf': 1, 'k': 0.2, 'stop': 0, 'R': 0.5, 'hold': 240}",52,69.2,1.055,93,39,69.2,1.256,426,36,66.7,1.173,289
NQ_DRIVE,2059,"{'A': 100, 'T': 120, 'x': 0.2, 'mode': -1, 'tf': 1, 'k': 0.2, 'stop': 0, 'R': 1.0, 'hold': 240}",52,50.0,0.822,-462,39,48.7,0.948,-138,36,44.4,0.845,-408
NQ_DRIVE,2072,"{'A': 100, 'T': 120, 'x': 0.35, 'mode': 1, 'tf': 1, 'k': 0.2, 'stop': 0, 'R': 2.0, 'hold': 240}",10,50.0,,302,9,33.3,,-233,8,25.0,,-380
NQ_DRIVE,2073,"{'A': 100, 'T': 120, 'x': 0.35, 'mode': 1, 'tf': 1, 'k': 0.35, 'stop': 0, 'R': 0.5, 'hold': 240}",10,60.0,,-204,9,33.3,,-852,8,25.0,,-1006
NQ_DRIVE,2074,"{'A': 100, 'T': 120, 'x': 0.35, 'mode': 1, 'tf': 1, 'k': 0.35, 'stop': 0, 'R': 1.0, 'hold': 240}",10,50.0,,11,9,33.3,,-637,8,25.0,,-783
NQ_DRIVE,2075,"{'A': 100, 'T': 120, 'x': 0.35, 'mode': 1, 'tf': 1, 'k': 0.35, 'stop': 0, 'R': 2.0, 'hold': 240}",10,50.0,,172,9,22.2,,-894,8,12.5,,-1047
NQ_DRIVE,2076,"{'A': 100, 'T': 120, 'x': 0.35, 'mode': -1, 'tf': 0, 'k': 0.2, 'stop': 0, 'R': 0.5, 'hold': 240}",19,57.9,,-383,21,76.2,1.602,428,19,78.9,,555
NQ_DRIVE,2077,"{'A': 100, 'T': 120, 'x': 0.35, 'mode': -1, 'tf': 0, 'k': 0.2, 'stop': 0, 'R': 1.0, 'hold': 240}",19,36.8,,-585,21,57.1,1.315,405,19,57.9,,505
NQ_DRIVE,2078,"{'A': 100, 'T': 120, 'x': 0.35, 'mode': -1, 'tf': 0, 'k': 0.2, 'stop': 0, 'R': 2.0, 'hold': 240}",19,31.6,,-277,21,52.4,1.602,873,19,52.6,,910
NQ_DRIVE,2079,"{'A': 100, 'T': 120, 'x': 0.35, 'mode': -1, 'tf': 0, 'k': 0.35, 'stop': 0, 'R': 0.5, 'hold': 240}",19,47.4,,-964,21,57.1,0.893,-177,19,57.9,,-151
NQ_DRIVE,2080,"{'A': 100, 'T': 120, 'x': 0.35, 'mode': -1, 'tf': 0, 'k': 0.35, 'stop': 0, 'R': 1.0, 'hold': 240}",19,47.4,,-453,21,52.4,1.131,254,19,52.6,,158
NQ_DRIVE,2081,"{'A': 100, 'T': 120, 'x': 0.35, 'mode': -1, 'tf': 0, 'k': 0.35, 'stop': 0, 'R': 2.0, 'hold': 240}",19,47.4,,302,21,52.4,1.515,998,19,52.6,,938
NQ_DRIVE,2082,"{'A': 100, 'T': 120, 'x': 0.35, 'mode': -1, 'tf': 1, 'k': 0.2, 'stop': 0, 'R': 0.5, 'hold': 240}",9,55.6,,-245,10,90.0,,526,8,87.5,,416
NQ_DRIVE,2083,"{'A': 100, 'T': 120, 'x': 0.35, 'mode': -1, 'tf': 1, 'k': 0.2, 'stop': 0, 'R': 1.0, 'hold': 240}",9,33.3,,-436,10,50.0,,20,8,37.5,,-192
NQ_DRIVE,2084,"{'A': 100, 'T': 120, 'x': 0.35, 'mode': -1, 'tf': 1, 'k': 0.2, 'stop': 0, 'R': 2.0, 'hold': 240}",9,22.2,,-505,10,40.0,,-15,8,25.0,,-400
NQ_DRIVE,2085,"{'A': 100, 'T': 120, 'x': 0.35, 'mode': -1, 'tf': 1, 'k': 0.35, 'stop': 0, 'R': 0.5, 'hold': 240}",9,44.4,,-596,10,50.0,,-183,8,37.5,,-420
NQ_DRIVE,2086,"{'A': 100, 'T': 120, 'x': 0.35, 'mode': -1, 'tf': 1, 'k': 0.35, 'stop': 0, 'R': 1.0, 'hold': 240}",9,44.4,,-387,10,40.0,,-256,8,25.0,,-708
NQ_DRIVE,2087,"{'A': 100, 'T': 120, 'x': 0.35, 'mode': -1, 'tf': 1, 'k': 0.35, 'stop': 0, 'R': 2.0, 'hold': 240}",9,44.4,,-141,10,40.0,,-186,8,25.0,,-722
NQ_DRIVE,2088,"{'A': 100, 'T': 240, 'x': 0.1, 'mode': 1, 'tf': 0, 'k': 0.2, 'stop': 0, 'R': 0.5, 'hold': 240}",586,61.4,0.871,-2483,422,60.2,0.769,-4914,393,60.1,0.778,-4520
NQ_DRIVE,2089,"{'A': 100, 'T': 240, 'x': 0.1, 'mode': 1, 'tf': 0, 'k': 0.2, 'stop': 0, 'R': 1.0, 'hold': 240}",586,45.6,0.784,-5635,422,47.6,0.829,-4533,393,46.8,0.802,-5091
NQ_DRIVE,2090,"{'A': 100, 'T': 240, 'x': 0.1, 'mode': 1, 'tf': 0, 'k': 0.2, 'stop': 0, 'R': 2.0, 'hold': 240}",586,42.3,0.859,-3862,422,43.1,0.824,-5189,393,42.2,0.837,-4465
NQ_DRIVE,2091,"{'A': 100, 'T': 240, 'x': 0.1, 'mode': 1, 'tf': 0, 'k': 0.35, 'stop': 0, 'R': 0.5, 'hold': 240}",586,51.5,0.773,-6293,422,53.3,0.779,-6436,393,53.7,0.805,-5272
NQ_DRIVE,2092,"{'A': 100, 'T': 240, 'x': 0.1, 'mode': 1, 'tf': 0, 'k': 0.35, 'stop': 0, 'R': 1.0, 'hold': 240}",586,46.6,0.852,-4411,422,48.1,0.798,-6668,393,49.4,0.886,-3341
NQ_DRIVE,2093,"{'A': 100, 'T': 240, 'x': 0.1, 'mode': 1, 'tf': 0, 'k': 0.35, 'stop': 0, 'R': 2.0, 'hold': 240}",586,45.7,0.919,-2459,422,47.6,0.843,-5227,393,48.1,0.906,-2814
NQ_DRIVE,2094,"{'A': 100, 'T': 240, 'x': 0.1, 'mode': 1, 'tf': 1, 'k': 0.2, 'stop': 0, 'R': 0.5, 'hold': 240}",298,62.4,0.977,-200,196,63.3,0.862,-1266,172,61.6,0.815,-1619
NQ_DRIVE,2095,"{'A': 100, 'T': 240, 'x': 0.1, 'mode': 1, 'tf': 1, 'k': 0.2, 'stop': 0, 'R': 1.0, 'hold': 240}",298,47.0,0.841,-1973,196,50.0,0.888,-1333,172,48.3,0.86,-1559
NQ_DRIVE,2096,"{'A': 100, 'T': 240, 'x': 0.1, 'mode': 1, 'tf': 1, 'k': 0.2, 'stop': 0, 'R': 2.0, 'hold': 240}",298,44.6,0.96,-513,196,44.4,0.782,-3098,172,43.0,0.837,-1964
NQ_DRIVE,2097,"{'A': 100, 'T': 240, 'x': 0.1, 'mode': 1, 'tf': 1, 'k': 0.35, 'stop': 0, 'R': 0.5, 'hold': 240}",298,53.7,0.874,-1591,196,57.7,0.907,-1147,172,56.4,0.925,-828
NQ_DRIVE,2098,"{'A': 100, 'T': 240, 'x': 0.1, 'mode': 1, 'tf': 1, 'k': 0.35, 'stop': 0, 'R': 1.0, 'hold': 240}",298,49.0,0.952,-653,196,51.5,0.84,-2403,172,51.2,0.947,-662
NQ_DRIVE,2099,"{'A': 100, 'T': 240, 'x': 0.1, 'mode': 1, 'tf': 1, 'k': 0.35, 'stop': 0, 'R': 2.0, 'hold': 240}",298,48.7,1.07,968,196,50.5,0.847,-2346,172,49.4,0.918,-1045
NQ_DRIVE,2120,"{'A': 100, 'T': 240, 'x': 0.2, 'mode': 1, 'tf': 1, 'k': 0.2, 'stop': 0, 'R': 2.0, 'hold': 240}",154,48.1,1.045,312,88,45.5,0.883,-698,76,43.4,0.774,-1274
NQ_DRIVE,2121,"{'A': 100, 'T': 240, 'x': 0.2, 'mode': 1, 'tf': 1, 'k': 0.35, 'stop': 0, 'R': 0.5, 'hold': 240}",154,56.5,0.881,-826,88,60.2,1.011,61,76,60.5,1.039,193
NQ_DRIVE,2122,"{'A': 100, 'T': 240, 'x': 0.2, 'mode': 1, 'tf': 1, 'k': 0.35, 'stop': 0, 'R': 1.0, 'hold': 240}",154,53.2,1.02,144,88,53.4,0.947,-349,76,53.9,0.951,-286
NQ_DRIVE,2123,"{'A': 100, 'T': 240, 'x': 0.2, 'mode': 1, 'tf': 1, 'k': 0.35, 'stop': 0, 'R': 2.0, 'hold': 240}",154,52.6,1.191,1392,88,51.1,0.883,-812,76,51.3,0.849,-922
NQ_DRIVE,2112,"{'A': 100, 'T': 240, 'x': 0.2, 'mode': 1, 'tf': 0, 'k': 0.2, 'stop': 0, 'R': 0.5, 'hold': 240}",310,60.6,0.801,-2191,195,62.6,0.837,-1564,185,62.7,0.851,-1386
NQ_DRIVE,2113,"{'A': 100, 'T': 240, 'x': 0.2, 'mode': 1, 'tf': 0, 'k': 0.2, 'stop': 0, 'R': 1.0, 'hold': 240}",310,46.8,0.751,-3614,195,47.7,0.867,-1646,185,48.1,0.857,-1763
NQ_DRIVE,2114,"{'A': 100, 'T': 240, 'x': 0.2, 'mode': 1, 'tf': 0, 'k': 0.2, 'stop': 0, 'R': 2.0, 'hold': 240}",310,42.9,0.814,-2834,195,42.1,0.811,-2590,185,42.2,0.807,-2619
NQ_DRIVE,2115,"{'A': 100, 'T': 240, 'x': 0.2, 'mode': 1, 'tf': 0, 'k': 0.35, 'stop': 0, 'R': 0.5, 'hold': 240}",310,52.6,0.728,-4375,195,54.9,0.786,-3013,185,55.7,0.791,-2874
NQ_DRIVE,2108,"{'A': 100, 'T': 240, 'x': 0.1, 'mode': -1, 'tf': 1, 'k': 0.2, 'stop': 0, 'R': 2.0, 'hold': 240}",278,51.4,1.291,3277,213,48.8,1.303,3627,171,47.4,1.211,2172
NQ_DRIVE,2109,"{'A': 100, 'T': 240, 'x': 0.1, 'mode': -1, 'tf': 1, 'k': 0.35, 'stop': 0, 'R': 0.5, 'hold': 240}",278,60.1,1.077,858,213,58.7,1.212,2381,171,56.7,1.069,704
NQ_DRIVE,2110,"{'A': 100, 'T': 240, 'x': 0.1, 'mode': -1, 'tf': 1, 'k': 0.35, 'stop': 0, 'R': 1.0, 'hold': 240}",278,55.4,1.194,2406,213,52.6,1.204,2754,171,49.7,1.038,456
NQ_DRIVE,2111,"{'A': 100, 'T': 240, 'x': 0.1, 'mode': -1, 'tf': 1, 'k': 0.35, 'stop': 0, 'R': 2.0, 'hold': 240}",278,54.7,1.162,2073,213,51.2,1.149,2032,171,48.5,1.019,234
NQ_DRIVE,2116,"{'A': 100, 'T': 240, 'x': 0.2, 'mode': 1, 'tf': 0, 'k': 0.35, 'stop': 0, 'R': 1.0, 'hold': 240}",310,47.4,0.785,-3687,195,48.7,0.832,-2606,185,49.7,0.84,-2405
NQ_DRIVE,2117,"{'A': 100, 'T': 240, 'x': 0.2, 'mode': 1, 'tf': 0, 'k': 0.35, 'stop': 0, 'R': 2.0, 'hold': 240}",310,46.5,0.867,-2326,195,47.7,0.837,-2576,185,48.6,0.847,-2349
NQ_DRIVE,2118,"{'A': 100, 'T': 240, 'x': 0.2, 'mode': 1, 'tf': 1, 'k': 0.2, 'stop': 0, 'R': 0.5, 'hold': 240}",154,61.0,0.842,-818,88,65.9,0.998,-7,76,63.2,0.888,-414
NQ_DRIVE,2119,"{'A': 100, 'T': 240, 'x': 0.2, 'mode': 1, 'tf': 1, 'k': 0.2, 'stop': 0, 'R': 1.0, 'hold': 240}",154,50.0,0.838,-1096,88,52.3,1.059,311,76,50.0,0.941,-293
NQ_DRIVE,2100,"{'A': 100, 'T': 240, 'x': 0.1, 'mode': -1, 'tf': 0, 'k': 0.2, 'stop': 0, 'R': 0.5, 'hold': 240}",586,65.0,1.062,1056,422,65.9,1.101,1723,393,66.4,1.106,1741
NQ_DRIVE,2101,"{'A': 100, 'T': 240, 'x': 0.1, 'mode': -1, 'tf': 0, 'k': 0.2, 'stop': 0, 'R': 1.0, 'hold': 240}",586,53.2,1.093,2068,422,50.5,1.083,1921,393,51.1,1.116,2532
NQ_DRIVE,2102,"{'A': 100, 'T': 240, 'x': 0.1, 'mode': -1, 'tf': 0, 'k': 0.2, 'stop': 0, 'R': 2.0, 'hold': 240}",586,49.3,1.15,3586,422,46.0,1.114,2902,393,45.5,1.088,2144
NQ_DRIVE,2103,"{'A': 100, 'T': 240, 'x': 0.1, 'mode': -1, 'tf': 0, 'k': 0.35, 'stop': 0, 'R': 0.5, 'hold': 240}",586,57.5,0.977,-570,422,57.3,1.169,3946,393,57.8,1.106,2411
NQ_DRIVE,2104,"{'A': 100, 'T': 240, 'x': 0.1, 'mode': -1, 'tf': 0, 'k': 0.35, 'stop': 0, 'R': 1.0, 'hold': 240}",586,52.2,1.034,928,422,50.5,1.156,4287,393,49.1,1.037,1014
NQ_DRIVE,2105,"{'A': 100, 'T': 240, 'x': 0.1, 'mode': -1, 'tf': 0, 'k': 0.35, 'stop': 0, 'R': 2.0, 'hold': 240}",586,51.4,1.03,832,422,48.8,1.051,1444,393,47.6,0.972,-771
NQ_DRIVE,2106,"{'A': 100, 'T': 240, 'x': 0.1, 'mode': -1, 'tf': 1, 'k': 0.2, 'stop': 0, 'R': 0.5, 'hold': 240}",278,65.8,1.072,590,213,67.6,1.178,1499,171,65.5,1.071,521
NQ_DRIVE,2107,"{'A': 100, 'T': 240, 'x': 0.1, 'mode': -1, 'tf': 1, 'k': 0.2, 'stop': 0, 'R': 1.0, 'hold': 240}",278,55.4,1.206,2128,213,51.6,1.151,1725,171,50.9,1.097,938
NQ_DRIVE,2124,"{'A': 100, 'T': 240, 'x': 0.2, 'mode': -1, 'tf': 0, 'k': 0.2, 'stop': 0, 'R': 0.5, 'hold': 240}",310,65.2,1.11,974,195,66.7,1.052,438,185,68.1,1.089,706
NQ_DRIVE,2125,"{'A': 100, 'T': 240, 'x': 0.2, 'mode': -1, 'tf': 0, 'k': 0.2, 'stop': 0, 'R': 1.0, 'hold': 240}",310,52.6,1.143,1687,195,50.8,1.041,469,185,50.8,1.069,757
NQ_DRIVE,2126,"{'A': 100, 'T': 240, 'x': 0.2, 'mode': -1, 'tf': 0, 'k': 0.2, 'stop': 0, 'R': 2.0, 'hold': 240}",310,49.0,1.273,3515,195,46.2,1.128,1601,185,45.4,1.137,1672
NQ_DRIVE,2127,"{'A': 100, 'T': 240, 'x': 0.2, 'mode': -1, 'tf': 0, 'k': 0.35, 'stop': 0, 'R': 0.5, 'hold': 240}",310,57.4,1.049,620,195,59.5,1.207,2209,185,60.5,1.243,2507
NQ_DRIVE,2132,"{'A': 100, 'T': 240, 'x': 0.2, 'mode': -1, 'tf': 1, 'k': 0.2, 'stop': 0, 'R': 2.0, 'hold': 240}",150,53.3,1.569,3348,99,49.5,1.388,2119,83,47.0,1.231,1173
NQ_DRIVE,2133,"{'A': 100, 'T': 240, 'x': 0.2, 'mode': -1, 'tf': 1, 'k': 0.35, 'stop': 0, 'R': 0.5, 'hold': 240}",150,62.0,1.306,1608,99,62.6,1.418,2020,83,60.2,1.161,780
NQ_DRIVE,2134,"{'A': 100, 'T': 240, 'x': 0.2, 'mode': -1, 'tf': 1, 'k': 0.35, 'stop': 0, 'R': 1.0, 'hold': 240}",150,58.7,1.54,3236,99,52.5,1.178,1169,83,49.4,1.013,78
NQ_DRIVE,2135,"{'A': 100, 'T': 240, 'x': 0.2, 'mode': -1, 'tf': 1, 'k': 0.35, 'stop': 0, 'R': 2.0, 'hold': 240}",150,58.0,1.483,2984,99,51.5,1.145,959,83,48.2,1.002,14
NQ_DRIVE,2144,"{'A': 100, 'T': 240, 'x': 0.35, 'mode': 1, 'tf': 1, 'k': 0.2, 'stop': 0, 'R': 2.0, 'hold': 240}",49,38.8,0.575,-1280,32,31.2,0.654,-924,27,29.6,0.555,-1118
NQ_DRIVE,2145,"{'A': 100, 'T': 240, 'x': 0.35, 'mode': 1, 'tf': 1, 'k': 0.35, 'stop': 0, 'R': 0.5, 'hold': 240}",49,57.1,0.742,-659,32,43.8,0.452,-1866,27,48.1,0.52,-1356
NQ_DRIVE,2146,"{'A': 100, 'T': 240, 'x': 0.35, 'mode': 1, 'tf': 1, 'k': 0.35, 'stop': 0, 'R': 1.0, 'hold': 240}",49,51.0,0.726,-756,32,43.8,0.687,-1066,27,48.1,0.789,-595
NQ_DRIVE,2147,"{'A': 100, 'T': 240, 'x': 0.35, 'mode': 1, 'tf': 1, 'k': 0.35, 'stop': 0, 'R': 2.0, 'hold': 240}",49,49.0,0.86,-398,32,37.5,0.623,-1399,27,40.7,0.669,-1033
NQ_DRIVE,2136,"{'A': 100, 'T': 240, 'x': 0.35, 'mode': 1, 'tf': 0, 'k': 0.2, 'stop': 0, 'R': 0.5, 'hold': 240}",101,55.4,0.578,-1972,69,62.3,0.843,-547,64,65.6,0.963,-115
NQ_DRIVE,2137,"{'A': 100, 'T': 240, 'x': 0.35, 'mode': 1, 'tf': 0, 'k': 0.2, 'stop': 0, 'R': 1.0, 'hold': 240}",101,37.6,0.456,-3394,69,46.4,0.862,-654,64,50.0,0.954,-199
NQ_DRIVE,2138,"{'A': 100, 'T': 240, 'x': 0.35, 'mode': 1, 'tf': 0, 'k': 0.2, 'stop': 0, 'R': 2.0, 'hold': 240}",101,32.7,0.471,-3430,69,37.7,0.831,-935,64,40.6,0.901,-511
NQ_DRIVE,2139,"{'A': 100, 'T': 240, 'x': 0.35, 'mode': 1, 'tf': 0, 'k': 0.35, 'stop': 0, 'R': 0.5, 'hold': 240}",101,47.5,0.503,-3393,69,52.2,0.67,-1963,64,56.2,0.74,-1415
NQ_DRIVE,2128,"{'A': 100, 'T': 240, 'x': 0.2, 'mode': -1, 'tf': 0, 'k': 0.35, 'stop': 0, 'R': 1.0, 'hold': 240}",310,52.3,1.134,1912,195,50.3,1.112,1509,185,49.2,1.096,1258
NQ_DRIVE,2129,"{'A': 100, 'T': 240, 'x': 0.2, 'mode': -1, 'tf': 0, 'k': 0.35, 'stop': 0, 'R': 2.0, 'hold': 240}",310,51.9,1.173,2496,195,48.7,1.023,321,185,48.1,1.046,627
NQ_DRIVE,2130,"{'A': 100, 'T': 240, 'x': 0.2, 'mode': -1, 'tf': 1, 'k': 0.2, 'stop': 0, 'R': 0.5, 'hold': 240}",150,66.7,1.192,787,99,70.7,1.357,1231,83,68.7,1.15,503
NQ_DRIVE,2131,"{'A': 100, 'T': 240, 'x': 0.2, 'mode': -1, 'tf': 1, 'k': 0.2, 'stop': 0, 'R': 1.0, 'hold': 240}",150,56.0,1.313,1671,99,52.5,1.193,993,83,50.6,1.047,227
NQ_DRIVE,2140,"{'A': 100, 'T': 240, 'x': 0.35, 'mode': 1, 'tf': 0, 'k': 0.35, 'stop': 0, 'R': 1.0, 'hold': 240}",101,41.6,0.514,-3507,69,49.3,0.93,-447,64,53.1,1.009,55
NQ_DRIVE,2141,"{'A': 100, 'T': 240, 'x': 0.35, 'mode': 1, 'tf': 0, 'k': 0.35, 'stop': 0, 'R': 2.0, 'hold': 240}",101,38.6,0.578,-3174,69,46.4,0.873,-845,64,50.0,0.951,-301
NQ_DRIVE,2142,"{'A': 100, 'T': 240, 'x': 0.35, 'mode': 1, 'tf': 1, 'k': 0.2, 'stop': 0, 'R': 0.5, 'hold': 240}",49,57.1,0.588,-863,32,62.5,0.97,-44,27,63.0,0.99,-13
NQ_DRIVE,2143,"{'A': 100, 'T': 240, 'x': 0.35, 'mode': 1, 'tf': 1, 'k': 0.2, 'stop': 0, 'R': 1.0, 'hold': 240}",49,42.9,0.493,-1456,32,37.5,0.639,-889,27,37.0,0.594,-937
NQ_DRIVE,2156,"{'A': 100, 'T': 240, 'x': 0.35, 'mode': -1, 'tf': 1, 'k': 0.2, 'stop': 0, 'R': 2.0, 'hold': 240}",50,64.0,2.725,2905,35,42.9,0.969,-81,31,41.9,1.021,48
NQ_DRIVE,2157,"{'A': 100, 'T': 240, 'x': 0.35, 'mode': -1, 'tf': 1, 'k': 0.35, 'stop': 0, 'R': 0.5, 'hold': 240}",50,72.0,2.128,1540,35,60.0,1.051,123,31,54.8,0.845,-384
NQ_DRIVE,2158,"{'A': 100, 'T': 240, 'x': 0.35, 'mode': -1, 'tf': 1, 'k': 0.35, 'stop': 0, 'R': 1.0, 'hold': 240}",50,68.0,2.449,2480,35,45.7,0.755,-842,31,45.2,0.785,-672
NQ_DRIVE,2159,"{'A': 100, 'T': 240, 'x': 0.35, 'mode': -1, 'tf': 1, 'k': 0.35, 'stop': 0, 'R': 2.0, 'hold': 240}",50,66.0,2.137,2152,35,45.7,0.858,-486,31,45.2,0.83,-531
NQ_DRIVE,2152,"{'A': 100, 'T': 240, 'x': 0.35, 'mode': -1, 'tf': 0, 'k': 0.35, 'stop': 0, 'R': 1.0, 'hold': 240}",101,58.4,1.745,2939,69,50.7,1.011,64,64,46.9,0.915,-516
NQ_DRIVE,2153,"{'A': 100, 'T': 240, 'x': 0.35, 'mode': -1, 'tf': 0, 'k': 0.35, 'stop': 0, 'R': 2.0, 'hold': 240}",101,57.4,1.775,3198,69,47.8,0.895,-676,64,45.3,0.868,-849
NQ_DRIVE,2154,"{'A': 100, 'T': 240, 'x': 0.35, 'mode': -1, 'tf': 1, 'k': 0.2, 'stop': 0, 'R': 0.5, 'hold': 240}",50,76.0,2.209,1149,35,68.6,1.058,87,31,64.5,0.907,-138
NQ_DRIVE,2155,"{'A': 100, 'T': 240, 'x': 0.35, 'mode': -1, 'tf': 1, 'k': 0.2, 'stop': 0, 'R': 1.0, 'hold': 240}",50,68.0,2.173,1680,35,45.7,0.824,-439,31,41.9,0.719,-658
NQ_DRIVE,2148,"{'A': 100, 'T': 240, 'x': 0.35, 'mode': -1, 'tf': 0, 'k': 0.2, 'stop': 0, 'R': 0.5, 'hold': 240}",101,74.3,1.922,1890,69,68.1,1.036,107,64,65.6,0.958,-126
NQ_DRIVE,2149,"{'A': 100, 'T': 240, 'x': 0.35, 'mode': -1, 'tf': 0, 'k': 0.2, 'stop': 0, 'R': 1.0, 'hold': 240}",101,62.4,1.933,2847,69,53.6,1.065,276,64,50.0,0.967,-144
NQ_DRIVE,2150,"{'A': 100, 'T': 240, 'x': 0.35, 'mode': -1, 'tf': 0, 'k': 0.2, 'stop': 0, 'R': 2.0, 'hold': 240}",101,55.4,2.035,3785,69,49.3,1.323,1479,64,45.3,1.214,992
NQ_DRIVE,2151,"{'A': 100, 'T': 240, 'x': 0.35, 'mode': -1, 'tf': 0, 'k': 0.35, 'stop': 0, 'R': 0.5, 'hold': 240}",101,66.3,1.746,2366,69,62.3,1.06,277,64,59.4,0.987,-58
NQ_DRIVE,2160,"{'A': 200, 'T': 15, 'x': 0.1, 'mode': 1, 'tf': 0, 'k': 0.2, 'stop': 0, 'R': 0.5, 'hold': 240}",83,67.5,0.86,-407,36,61.1,0.897,-178,35,65.7,0.989,-19
NQ_DRIVE,2161,"{'A': 200, 'T': 15, 'x': 0.1, 'mode': 1, 'tf': 0, 'k': 0.2, 'stop': 0, 'R': 1.0, 'hold': 240}",83,53.0,0.928,-269,36,47.2,0.867,-309,35,51.4,0.921,-178
NQ_DRIVE,2162,"{'A': 200, 'T': 15, 'x': 0.1, 'mode': 1, 'tf': 0, 'k': 0.2, 'stop': 0, 'R': 2.0, 'hold': 240}",83,43.4,0.892,-443,36,38.9,0.67,-851,35,45.7,0.709,-731
NQ_DRIVE,2163,"{'A': 200, 'T': 15, 'x': 0.1, 'mode': 1, 'tf': 0, 'k': 0.35, 'stop': 0, 'R': 0.5, 'hold': 240}",83,61.4,0.913,-337,36,52.8,0.792,-563,35,57.1,0.853,-380
NQ_DRIVE,2164,"{'A': 200, 'T': 15, 'x': 0.1, 'mode': 1, 'tf': 0, 'k': 0.35, 'stop': 0, 'R': 1.0, 'hold': 240}",83,49.4,0.8,-901,36,41.7,0.685,-1031,35,48.6,0.71,-916
NQ_DRIVE,2165,"{'A': 200, 'T': 15, 'x': 0.1, 'mode': 1, 'tf': 0, 'k': 0.35, 'stop': 0, 'R': 2.0, 'hold': 240}",83,49.4,0.768,-1048,36,41.7,0.632,-1206,35,48.6,0.666,-1053
NQ_DRIVE,2166,"{'A': 200, 'T': 15, 'x': 0.1, 'mode': 1, 'tf': 1, 'k': 0.2, 'stop': 0, 'R': 0.5, 'hold': 240}",44,79.5,1.387,420,19,63.2,,-160,15,66.7,,-38
NQ_DRIVE,2167,"{'A': 200, 'T': 15, 'x': 0.1, 'mode': 1, 'tf': 1, 'k': 0.2, 'stop': 0, 'R': 1.0, 'hold': 240}",44,61.4,1.172,296,19,42.1,,-540,15,46.7,,-237
NQ_DRIVE,2180,"{'A': 200, 'T': 15, 'x': 0.1, 'mode': -1, 'tf': 1, 'k': 0.2, 'stop': 0, 'R': 2.0, 'hold': 240}",38,47.4,1.053,86,16,43.8,,-707,15,33.3,,-828
NQ_DRIVE,2181,"{'A': 200, 'T': 15, 'x': 0.1, 'mode': -1, 'tf': 1, 'k': 0.35, 'stop': 0, 'R': 0.5, 'hold': 240}",38,65.8,1.276,362,16,62.5,,156,15,53.3,,201
NQ_DRIVE,2182,"{'A': 200, 'T': 15, 'x': 0.1, 'mode': -1, 'tf': 1, 'k': 0.35, 'stop': 0, 'R': 1.0, 'hold': 240}",38,55.3,1.165,243,16,50.0,,-799,15,40.0,,-722
NQ_DRIVE,2183,"{'A': 200, 'T': 15, 'x': 0.1, 'mode': -1, 'tf': 1, 'k': 0.35, 'stop': 0, 'R': 2.0, 'hold': 240}",38,55.3,1.196,287,16,50.0,,-897,15,40.0,,-722
NQ_DRIVE,2168,"{'A': 200, 'T': 15, 'x': 0.1, 'mode': 1, 'tf': 1, 'k': 0.2, 'stop': 0, 'R': 2.0, 'hold': 240}",44,52.3,1.053,109,19,36.8,,-748,15,40.0,,-451
NQ_DRIVE,2169,"{'A': 200, 'T': 15, 'x': 0.1, 'mode': 1, 'tf': 1, 'k': 0.35, 'stop': 0, 'R': 0.5, 'hold': 240}",44,70.5,1.011,24,19,42.1,,-1460,15,46.7,,-913
NQ_DRIVE,2170,"{'A': 200, 'T': 15, 'x': 0.1, 'mode': 1, 'tf': 1, 'k': 0.35, 'stop': 0, 'R': 1.0, 'hold': 240}",44,56.8,0.795,-550,19,36.8,,-1740,15,40.0,,-1200
NQ_DRIVE,2171,"{'A': 200, 'T': 15, 'x': 0.1, 'mode': 1, 'tf': 1, 'k': 0.35, 'stop': 0, 'R': 2.0, 'hold': 240}",44,56.8,0.814,-498,19,36.8,,-1677,15,40.0,,-1139
NQ_DRIVE,2184,"{'A': 200, 'T': 15, 'x': 0.2, 'mode': 1, 'tf': 0, 'k': 0.2, 'stop': 0, 'R': 0.5, 'hold': 240}",9,77.8,,232,4,25.0,,-428,4,25.0,,-437
NQ_DRIVE,2185,"{'A': 200, 'T': 15, 'x': 0.2, 'mode': 1, 'tf': 0, 'k': 0.2, 'stop': 0, 'R': 1.0, 'hold': 240}",9,66.7,,204,4,25.0,,-349,4,25.0,,-357
NQ_DRIVE,2186,"{'A': 200, 'T': 15, 'x': 0.2, 'mode': 1, 'tf': 0, 'k': 0.2, 'stop': 0, 'R': 2.0, 'hold': 240}",9,55.6,,162,4,25.0,,-271,4,25.0,,-279
NQ_DRIVE,2187,"{'A': 200, 'T': 15, 'x': 0.2, 'mode': 1, 'tf': 0, 'k': 0.35, 'stop': 0, 'R': 0.5, 'hold': 240}",9,77.8,,181,4,50.0,,100,4,50.0,,96
NQ_DRIVE,2176,"{'A': 200, 'T': 15, 'x': 0.1, 'mode': -1, 'tf': 0, 'k': 0.35, 'stop': 0, 'R': 1.0, 'hold': 240}",83,47.0,1.113,434,36,55.6,1.356,830,35,51.4,1.308,720
NQ_DRIVE,2177,"{'A': 200, 'T': 15, 'x': 0.1, 'mode': -1, 'tf': 0, 'k': 0.35, 'stop': 0, 'R': 2.0, 'hold': 240}",83,47.0,1.152,584,36,50.0,0.872,-315,35,45.7,0.855,-358
NQ_DRIVE,2178,"{'A': 200, 'T': 15, 'x': 0.1, 'mode': -1, 'tf': 1, 'k': 0.2, 'stop': 0, 'R': 0.5, 'hold': 240}",38,63.2,0.831,-227,16,62.5,,-206,15,60.0,,-112
NQ_DRIVE,2179,"{'A': 200, 'T': 15, 'x': 0.1, 'mode': -1, 'tf': 1, 'k': 0.2, 'stop': 0, 'R': 1.0, 'hold': 240}",38,57.9,1.308,440,16,50.0,,-173,15,40.0,,-208
NQ_DRIVE,2172,"{'A': 200, 'T': 15, 'x': 0.1, 'mode': -1, 'tf': 0, 'k': 0.2, 'stop': 0, 'R': 0.5, 'hold': 240}",83,54.2,0.684,-1048,36,63.9,0.933,-108,35,62.9,0.933,-108
NQ_DRIVE,2173,"{'A': 200, 'T': 15, 'x': 0.1, 'mode': -1, 'tf': 0, 'k': 0.2, 'stop': 0, 'R': 1.0, 'hold': 240}",83,44.6,0.912,-330,36,52.8,1.055,115,35,48.6,0.995,-11
NQ_DRIVE,2174,"{'A': 200, 'T': 15, 'x': 0.1, 'mode': -1, 'tf': 0, 'k': 0.2, 'stop': 0, 'R': 2.0, 'hold': 240}",83,38.6,1.013,52,36,47.2,1.066,164,35,42.9,0.966,-87
NQ_DRIVE,2175,"{'A': 200, 'T': 15, 'x': 0.1, 'mode': -1, 'tf': 0, 'k': 0.35, 'stop': 0, 'R': 0.5, 'hold': 240}",83,55.4,1.004,12,36,61.1,1.379,641,35,57.1,1.274,480
NQ_DRIVE,2196,"{'A': 200, 'T': 15, 'x': 0.2, 'mode': -1, 'tf': 0, 'k': 0.2, 'stop': 0, 'R': 0.5, 'hold': 240}",9,44.4,,-217,4,75.0,,79,4,75.0,,85
NQ_DRIVE,2197,"{'A': 200, 'T': 15, 'x': 0.2, 'mode': -1, 'tf': 0, 'k': 0.2, 'stop': 0, 'R': 1.0, 'hold': 240}",9,33.3,,-253,4,75.0,,328,4,75.0,,336
NQ_DRIVE,2198,"{'A': 200, 'T': 15, 'x': 0.2, 'mode': -1, 'tf': 0, 'k': 0.2, 'stop': 0, 'R': 2.0, 'hold': 240}",9,22.2,,-258,4,25.0,,-510,4,25.0,,-510
NQ_DRIVE,2199,"{'A': 200, 'T': 15, 'x': 0.2, 'mode': -1, 'tf': 0, 'k': 0.35, 'stop': 0, 'R': 0.5, 'hold': 240}",9,44.4,,-200,4,75.0,,187,4,75.0,,195
NQ_DRIVE,2188,"{'A': 200, 'T': 15, 'x': 0.2, 'mode': 1, 'tf': 0, 'k': 0.35, 'stop': 0, 'R': 1.0, 'hold': 240}",9,66.7,,95,4,50.0,,500,4,50.0,,438
NQ_DRIVE,2189,"{'A': 200, 'T': 15, 'x': 0.2, 'mode': 1, 'tf': 0, 'k': 0.35, 'stop': 0, 'R': 2.0, 'hold': 240}",9,66.7,,334,4,50.0,,238,4,50.0,,226
NQ_DRIVE,2190,"{'A': 200, 'T': 15, 'x': 0.2, 'mode': 1, 'tf': 1, 'k': 0.2, 'stop': 0, 'R': 0.5, 'hold': 240}",4,100.0,,214,2,50.0,,-45,2,50.0,,-49
NQ_DRIVE,2191,"{'A': 200, 'T': 15, 'x': 0.2, 'mode': 1, 'tf': 1, 'k': 0.2, 'stop': 0, 'R': 1.0, 'hold': 240}",4,75.0,,149,2,50.0,,34,2,50.0,,31
NQ_DRIVE,2192,"{'A': 200, 'T': 15, 'x': 0.2, 'mode': 1, 'tf': 1, 'k': 0.2, 'stop': 0, 'R': 2.0, 'hold': 240}",4,50.0,,-55,2,50.0,,112,2,50.0,,109
NQ_DRIVE,2193,"{'A': 200, 'T': 15, 'x': 0.2, 'mode': 1, 'tf': 1, 'k': 0.35, 'stop': 0, 'R': 0.5, 'hold': 240}",4,75.0,,2,2,50.0,,-77,2,50.0,,-82
NQ_DRIVE,2194,"{'A': 200, 'T': 15, 'x': 0.2, 'mode': 1, 'tf': 1, 'k': 0.35, 'stop': 0, 'R': 1.0, 'hold': 240}",4,50.0,,-269,2,50.0,,20,2,50.0,,17
NQ_DRIVE,2195,"{'A': 200, 'T': 15, 'x': 0.2, 'mode': 1, 'tf': 1, 'k': 0.35, 'stop': 0, 'R': 2.0, 'hold': 240}",4,50.0,,-138,2,50.0,,20,2,50.0,,17
NQ_DRIVE,2200,"{'A': 200, 'T': 15, 'x': 0.2, 'mode': -1, 'tf': 0, 'k': 0.35, 'stop': 0, 'R': 1.0, 'hold': 240}",9,33.3,,-144,4,50.0,,-522,4,50.0,,-460
NQ_DRIVE,2201,"{'A': 200, 'T': 15, 'x': 0.2, 'mode': -1, 'tf': 0, 'k': 0.35, 'stop': 0, 'R': 2.0, 'hold': 240}",9,33.3,,-227,4,25.0,,-834,4,25.0,,-773
NQ_DRIVE,2202,"{'A': 200, 'T': 15, 'x': 0.2, 'mode': -1, 'tf': 1, 'k': 0.2, 'stop': 0, 'R': 0.5, 'hold': 240}",5,40.0,,-147,2,100.0,,184,2,100.0,,188
NQ_DRIVE,2203,"{'A': 200, 'T': 15, 'x': 0.2, 'mode': -1, 'tf': 1, 'k': 0.2, 'stop': 0, 'R': 1.0, 'hold': 240}",5,40.0,,-82,2,100.0,,372,2,100.0,,378
NQ_DRIVE,2204,"{'A': 200, 'T': 15, 'x': 0.2, 'mode': -1, 'tf': 1, 'k': 0.2, 'stop': 0, 'R': 2.0, 'hold': 240}",5,20.0,,-232,2,50.0,,-222,2,50.0,,-222
NQ_DRIVE,2205,"{'A': 200, 'T': 15, 'x': 0.2, 'mode': -1, 'tf': 1, 'k': 0.35, 'stop': 0, 'R': 0.5, 'hold': 240}",5,40.0,,-220,2,100.0,,325,2,100.0,,330
NQ_DRIVE,2206,"{'A': 200, 'T': 15, 'x': 0.2, 'mode': -1, 'tf': 1, 'k': 0.35, 'stop': 0, 'R': 1.0, 'hold': 240}",5,20.0,,-391,2,50.0,,-491,2,50.0,,-432
NQ_DRIVE,2207,"{'A': 200, 'T': 15, 'x': 0.2, 'mode': -1, 'tf': 1, 'k': 0.35, 'stop': 0, 'R': 2.0, 'hold': 240}",5,20.0,,-391,2,50.0,,-491,2,50.0,,-432
NQ_DRIVE,2208,"{'A': 200, 'T': 15, 'x': 0.35, 'mode': 1, 'tf': 0, 'k': 0.2, 'stop': 0, 'R': 0.5, 'hold': 240}",0,,,0,0,,,0,0,,,0
NQ_DRIVE,2209,"{'A': 200, 'T': 15, 'x': 0.35, 'mode': 1, 'tf': 0, 'k': 0.2, 'stop': 0, 'R': 1.0, 'hold': 240}",0,,,0,0,,,0,0,,,0
NQ_DRIVE,2210,"{'A': 200, 'T': 15, 'x': 0.35, 'mode': 1, 'tf': 0, 'k': 0.2, 'stop': 0, 'R': 2.0, 'hold': 240}",0,,,0,0,,,0,0,,,0
NQ_DRIVE,2211,"{'A': 200, 'T': 15, 'x': 0.35, 'mode': 1, 'tf': 0, 'k': 0.35, 'stop': 0, 'R': 0.5, 'hold': 240}",0,,,0,0,,,0,0,,,0
NQ_DRIVE,2212,"{'A': 200, 'T': 15, 'x': 0.35, 'mode': 1, 'tf': 0, 'k': 0.35, 'stop': 0, 'R': 1.0, 'hold': 240}",0,,,0,0,,,0,0,,,0
NQ_DRIVE,2213,"{'A': 200, 'T': 15, 'x': 0.35, 'mode': 1, 'tf': 0, 'k': 0.35, 'stop': 0, 'R': 2.0, 'hold': 240}",0,,,0,0,,,0,0,,,0
NQ_DRIVE,2214,"{'A': 200, 'T': 15, 'x': 0.35, 'mode': 1, 'tf': 1, 'k': 0.2, 'stop': 0, 'R': 0.5, 'hold': 240}",0,,,0,0,,,0,0,,,0
NQ_DRIVE,2215,"{'A': 200, 'T': 15, 'x': 0.35, 'mode': 1, 'tf': 1, 'k': 0.2, 'stop': 0, 'R': 1.0, 'hold': 240}",0,,,0,0,,,0,0,,,0
NQ_DRIVE,2216,"{'A': 200, 'T': 15, 'x': 0.35, 'mode': 1, 'tf': 1, 'k': 0.2, 'stop': 0, 'R': 2.0, 'hold': 240}",0,,,0,0,,,0,0,,,0
NQ_DRIVE,2217,"{'A': 200, 'T': 15, 'x': 0.35, 'mode': 1, 'tf': 1, 'k': 0.35, 'stop': 0, 'R': 0.5, 'hold': 240}",0,,,0,0,,,0,0,,,0
NQ_DRIVE,2218,"{'A': 200, 'T': 15, 'x': 0.35, 'mode': 1, 'tf': 1, 'k': 0.35, 'stop': 0, 'R': 1.0, 'hold': 240}",0,,,0,0,,,0,0,,,0
NQ_DRIVE,2219,"{'A': 200, 'T': 15, 'x': 0.35, 'mode': 1, 'tf': 1, 'k': 0.35, 'stop': 0, 'R': 2.0, 'hold': 240}",0,,,0,0,,,0,0,,,0
NQ_DRIVE,2220,"{'A': 200, 'T': 15, 'x': 0.35, 'mode': -1, 'tf': 0, 'k': 0.2, 'stop': 0, 'R': 0.5, 'hold': 240}",0,,,0,0,,,0,0,,,0
NQ_DRIVE,2221,"{'A': 200, 'T': 15, 'x': 0.35, 'mode': -1, 'tf': 0, 'k': 0.2, 'stop': 0, 'R': 1.0, 'hold': 240}",0,,,0,0,,,0,0,,,0
NQ_DRIVE,2222,"{'A': 200, 'T': 15, 'x': 0.35, 'mode': -1, 'tf': 0, 'k': 0.2, 'stop': 0, 'R': 2.0, 'hold': 240}",0,,,0,0,,,0,0,,,0
NQ_DRIVE,2223,"{'A': 200, 'T': 15, 'x': 0.35, 'mode': -1, 'tf': 0, 'k': 0.35, 'stop': 0, 'R': 0.5, 'hold': 240}",0,,,0,0,,,0,0,,,0
NQ_DRIVE,2224,"{'A': 200, 'T': 15, 'x': 0.35, 'mode': -1, 'tf': 0, 'k': 0.35, 'stop': 0, 'R': 1.0, 'hold': 240}",0,,,0,0,,,0,0,,,0
NQ_DRIVE,2225,"{'A': 200, 'T': 15, 'x': 0.35, 'mode': -1, 'tf': 0, 'k': 0.35, 'stop': 0, 'R': 2.0, 'hold': 240}",0,,,0,0,,,0,0,,,0
NQ_DRIVE,2226,"{'A': 200, 'T': 15, 'x': 0.35, 'mode': -1, 'tf': 1, 'k': 0.2, 'stop': 0, 'R': 0.5, 'hold': 240}",0,,,0,0,,,0,0,,,0
NQ_DRIVE,2227,"{'A': 200, 'T': 15, 'x': 0.35, 'mode': -1, 'tf': 1, 'k': 0.2, 'stop': 0, 'R': 1.0, 'hold': 240}",0,,,0,0,,,0,0,,,0
NQ_DRIVE,2228,"{'A': 200, 'T': 15, 'x': 0.35, 'mode': -1, 'tf': 1, 'k': 0.2, 'stop': 0, 'R': 2.0, 'hold': 240}",0,,,0,0,,,0,0,,,0
NQ_DRIVE,2229,"{'A': 200, 'T': 15, 'x': 0.35, 'mode': -1, 'tf': 1, 'k': 0.35, 'stop': 0, 'R': 0.5, 'hold': 240}",0,,,0,0,,,0,0,,,0
NQ_DRIVE,2230,"{'A': 200, 'T': 15, 'x': 0.35, 'mode': -1, 'tf': 1, 'k': 0.35, 'stop': 0, 'R': 1.0, 'hold': 240}",0,,,0,0,,,0,0,,,0
NQ_DRIVE,2231,"{'A': 200, 'T': 15, 'x': 0.35, 'mode': -1, 'tf': 1, 'k': 0.35, 'stop': 0, 'R': 2.0, 'hold': 240}",0,,,0,0,,,0,0,,,0
NQ_DRIVE,2240,"{'A': 200, 'T': 30, 'x': 0.1, 'mode': 1, 'tf': 1, 'k': 0.2, 'stop': 0, 'R': 2.0, 'hold': 240}",76,46.1,1.029,96,40,40.0,0.793,-461,34,47.1,0.975,-45
NQ_DRIVE,2241,"{'A': 200, 'T': 30, 'x': 0.1, 'mode': 1, 'tf': 1, 'k': 0.35, 'stop': 0, 'R': 0.5, 'hold': 240}",76,59.2,0.819,-670,40,50.0,0.983,-36,34,58.8,1.508,701
NQ_DRIVE,2242,"{'A': 200, 'T': 30, 'x': 0.1, 'mode': 1, 'tf': 1, 'k': 0.35, 'stop': 0, 'R': 1.0, 'hold': 240}",76,52.6,0.863,-544,40,42.5,0.739,-688,34,50.0,1.018,35
NQ_DRIVE,2243,"{'A': 200, 'T': 30, 'x': 0.1, 'mode': 1, 'tf': 1, 'k': 0.35, 'stop': 0, 'R': 2.0, 'hold': 240}",76,52.6,0.92,-316,40,42.5,0.795,-540,34,50.0,1.09,174
NQ_DRIVE,2232,"{'A': 200, 'T': 30, 'x': 0.1, 'mode': 1, 'tf': 0, 'k': 0.2, 'stop': 0, 'R': 0.5, 'hold': 240}",145,68.3,1.178,693,81,58.0,0.975,-83,73,63.0,1.081,242
NQ_DRIVE,2233,"{'A': 200, 'T': 30, 'x': 0.1, 'mode': 1, 'tf': 0, 'k': 0.2, 'stop': 0, 'R': 1.0, 'hold': 240}",145,51.0,1.109,597,81,46.9,1.181,715,73,50.7,1.288,1058
NQ_DRIVE,2234,"{'A': 200, 'T': 30, 'x': 0.1, 'mode': 1, 'tf': 0, 'k': 0.2, 'stop': 0, 'R': 2.0, 'hold': 240}",145,45.5,1.132,792,81,40.7,1.073,327,73,43.8,1.231,956
NQ_DRIVE,2235,"{'A': 200, 'T': 30, 'x': 0.1, 'mode': 1, 'tf': 0, 'k': 0.35, 'stop': 0, 'R': 0.5, 'hold': 240}",145,57.9,0.994,-36,81,51.9,1.031,138,73,56.2,1.155,625
NQ_DRIVE,2236,"{'A': 200, 'T': 30, 'x': 0.1, 'mode': 1, 'tf': 0, 'k': 0.35, 'stop': 0, 'R': 1.0, 'hold': 240}",145,50.3,1.062,416,81,42.0,0.874,-673,73,45.2,1.03,144
NQ_DRIVE,2237,"{'A': 200, 'T': 30, 'x': 0.1, 'mode': 1, 'tf': 0, 'k': 0.35, 'stop': 0, 'R': 2.0, 'hold': 240}",145,49.0,0.953,-319,81,42.0,1.018,95,73,45.2,1.19,911
NQ_DRIVE,2238,"{'A': 200, 'T': 30, 'x': 0.1, 'mode': 1, 'tf': 1, 'k': 0.2, 'stop': 0, 'R': 0.5, 'hold': 240}",76,69.7,1.179,367,40,55.0,0.93,-111,34,64.7,1.271,317
NQ_DRIVE,2239,"{'A': 200, 'T': 30, 'x': 0.1, 'mode': 1, 'tf': 1, 'k': 0.2, 'stop': 0, 'R': 1.0, 'hold': 240}",76,52.6,1.083,253,40,47.5,1.189,344,34,55.9,1.552,782
NQ_DRIVE,2244,"{'A': 200, 'T': 30, 'x': 0.1, 'mode': -1, 'tf': 0, 'k': 0.2, 'stop': 0, 'R': 0.5, 'hold': 240}",145,61.4,0.857,-710,81,64.2,0.812,-710,73,61.6,0.733,-1031
NQ_DRIVE,2245,"{'A': 200, 'T': 30, 'x': 0.1, 'mode': -1, 'tf': 0, 'k': 0.2, 'stop': 0, 'R': 1.0, 'hold': 240}",145,47.6,0.787,-1386,81,49.4,0.763,-1158,73,47.9,0.705,-1457
NQ_DRIVE,2246,"{'A': 200, 'T': 30, 'x': 0.1, 'mode': -1, 'tf': 0, 'k': 0.2, 'stop': 0, 'R': 2.0, 'hold': 240}",145,42.1,0.866,-930,81,48.1,0.858,-707,73,46.6,0.755,-1231
NQ_DRIVE,2247,"{'A': 200, 'T': 30, 'x': 0.1, 'mode': -1, 'tf': 0, 'k': 0.35, 'stop': 0, 'R': 0.5, 'hold': 240}",145,55.2,0.878,-825,81,56.8,0.846,-732,73,54.8,0.707,-1480
NQ_DRIVE,2252,"{'A': 200, 'T': 30, 'x': 0.1, 'mode': -1, 'tf': 1, 'k': 0.2, 'stop': 0, 'R': 2.0, 'hold': 240}",63,46.0,0.723,-840,39,51.3,0.897,-254,31,54.8,1.079,155
NQ_DRIVE,2253,"{'A': 200, 'T': 30, 'x': 0.1, 'mode': -1, 'tf': 1, 'k': 0.35, 'stop': 0, 'R': 0.5, 'hold': 240}",63,55.6,0.684,-1109,39,59.0,0.83,-436,31,61.3,0.875,-259
NQ_DRIVE,2254,"{'A': 200, 'T': 30, 'x': 0.1, 'mode': -1, 'tf': 1, 'k': 0.35, 'stop': 0, 'R': 1.0, 'hold': 240}",63,49.2,0.624,-1409,39,56.4,0.976,-62,31,61.3,1.147,306
NQ_DRIVE,2255,"{'A': 200, 'T': 30, 'x': 0.1, 'mode': -1, 'tf': 1, 'k': 0.35, 'stop': 0, 'R': 2.0, 'hold': 240}",63,49.2,0.649,-1315,39,56.4,0.724,-717,31,61.3,0.827,-359
NQ_DRIVE,2248,"{'A': 200, 'T': 30, 'x': 0.1, 'mode': -1, 'tf': 0, 'k': 0.35, 'stop': 0, 'R': 1.0, 'hold': 240}",145,46.9,0.836,-1233,81,54.3,1.034,166,73,53.4,0.892,-556
NQ_DRIVE,2249,"{'A': 200, 'T': 30, 'x': 0.1, 'mode': -1, 'tf': 0, 'k': 0.35, 'stop': 0, 'R': 2.0, 'hold': 240}",145,46.2,0.806,-1495,81,54.3,0.991,-46,73,53.4,0.837,-839
NQ_DRIVE,2250,"{'A': 200, 'T': 30, 'x': 0.1, 'mode': -1, 'tf': 1, 'k': 0.2, 'stop': 0, 'R': 0.5, 'hold': 240}",63,71.4,1.181,327,39,64.1,0.756,-484,31,61.3,0.709,-508
NQ_DRIVE,2251,"{'A': 200, 'T': 30, 'x': 0.1, 'mode': -1, 'tf': 1, 'k': 0.2, 'stop': 0, 'R': 1.0, 'hold': 240}",63,49.2,0.72,-803,39,51.3,0.815,-458,31,54.8,0.991,-18
NQ_DRIVE,2260,"{'A': 200, 'T': 30, 'x': 0.2, 'mode': 1, 'tf': 0, 'k': 0.35, 'stop': 0, 'R': 1.0, 'hold': 240}",23,47.8,0.806,-348,17,41.2,,-899,14,42.9,,-673
NQ_DRIVE,2261,"{'A': 200, 'T': 30, 'x': 0.2, 'mode': 1, 'tf': 0, 'k': 0.35, 'stop': 0, 'R': 2.0, 'hold': 240}",23,43.5,0.7,-571,17,41.2,,-809,14,42.9,,-658
NQ_DRIVE,2262,"{'A': 200, 'T': 30, 'x': 0.2, 'mode': 1, 'tf': 1, 'k': 0.2, 'stop': 0, 'R': 0.5, 'hold': 240}",12,66.7,,-188,10,60.0,,-4,8,75.0,,197
NQ_DRIVE,2263,"{'A': 200, 'T': 30, 'x': 0.2, 'mode': 1, 'tf': 1, 'k': 0.2, 'stop': 0, 'R': 1.0, 'hold': 240}",12,58.3,,-84,10,50.0,,152,8,62.5,,355
NQ_DRIVE,2256,"{'A': 200, 'T': 30, 'x': 0.2, 'mode': 1, 'tf': 0, 'k': 0.2, 'stop': 0, 'R': 0.5, 'hold': 240}",23,65.2,0.725,-264,17,58.8,,-218,14,64.3,,-21
NQ_DRIVE,2257,"{'A': 200, 'T': 30, 'x': 0.2, 'mode': 1, 'tf': 0, 'k': 0.2, 'stop': 0, 'R': 1.0, 'hold': 240}",23,52.2,0.758,-305,17,47.1,,91,14,50.0,,222
NQ_DRIVE,2258,"{'A': 200, 'T': 30, 'x': 0.2, 'mode': 1, 'tf': 0, 'k': 0.2, 'stop': 0, 'R': 2.0, 'hold': 240}",23,43.5,0.884,-163,17,41.2,,-136,14,42.9,,-147
NQ_DRIVE,2259,"{'A': 200, 'T': 30, 'x': 0.2, 'mode': 1, 'tf': 0, 'k': 0.35, 'stop': 0, 'R': 0.5, 'hold': 240}",23,56.5,0.557,-716,17,52.9,,-503,14,57.1,,-152
NQ_DRIVE,2264,"{'A': 200, 'T': 30, 'x': 0.2, 'mode': 1, 'tf': 1, 'k': 0.2, 'stop': 0, 'R': 2.0, 'hold': 240}",12,50.0,,60,10,40.0,,-239,8,50.0,,-42
NQ_DRIVE,2265,"{'A': 200, 'T': 30, 'x': 0.2, 'mode': 1, 'tf': 1, 'k': 0.35, 'stop': 0, 'R': 0.5, 'hold': 240}",12,58.3,,-610,10,50.0,,-141,8,62.5,,219
NQ_DRIVE,2266,"{'A': 200, 'T': 30, 'x': 0.2, 'mode': 1, 'tf': 1, 'k': 0.35, 'stop': 0, 'R': 1.0, 'hold': 240}",12,50.0,,-409,10,40.0,,-594,8,50.0,,-239
NQ_DRIVE,2267,"{'A': 200, 'T': 30, 'x': 0.2, 'mode': 1, 'tf': 1, 'k': 0.35, 'stop': 0, 'R': 2.0, 'hold': 240}",12,50.0,,-258,10,40.0,,-597,8,50.0,,-244
NQ_DRIVE,2268,"{'A': 200, 'T': 30, 'x': 0.2, 'mode': -1, 'tf': 0, 'k': 0.2, 'stop': 0, 'R': 0.5, 'hold': 240}",23,65.2,1.3,205,17,76.5,,283,14,78.6,,300
NQ_DRIVE,2269,"{'A': 200, 'T': 30, 'x': 0.2, 'mode': -1, 'tf': 0, 'k': 0.2, 'stop': 0, 'R': 1.0, 'hold': 240}",23,47.8,1.178,182,17,47.1,,-182,14,42.9,,-297
NQ_DRIVE,2270,"{'A': 200, 'T': 30, 'x': 0.2, 'mode': -1, 'tf': 0, 'k': 0.2, 'stop': 0, 'R': 2.0, 'hold': 240}",23,43.5,1.562,616,17,47.1,,122,14,42.9,,-90
NQ_DRIVE,2271,"{'A': 200, 'T': 30, 'x': 0.2, 'mode': -1, 'tf': 0, 'k': 0.35, 'stop': 0, 'R': 0.5, 'hold': 240}",23,52.2,0.772,-343,17,52.9,,-57,14,50.0,,-34
NQ_DRIVE,2280,"{'A': 200, 'T': 30, 'x': 0.35, 'mode': 1, 'tf': 0, 'k': 0.2, 'stop': 0, 'R': 0.5, 'hold': 240}",3,66.7,,-48,0,,,0,0,,,0
NQ_DRIVE,2281,"{'A': 200, 'T': 30, 'x': 0.35, 'mode': 1, 'tf': 0, 'k': 0.2, 'stop': 0, 'R': 1.0, 'hold': 240}",3,66.7,,27,0,,,0,0,,,0
NQ_DRIVE,2282,"{'A': 200, 'T': 30, 'x': 0.35, 'mode': 1, 'tf': 0, 'k': 0.2, 'stop': 0, 'R': 2.0, 'hold': 240}",3,66.7,,101,0,,,0,0,,,0
NQ_DRIVE,2283,"{'A': 200, 'T': 30, 'x': 0.35, 'mode': 1, 'tf': 0, 'k': 0.35, 'stop': 0, 'R': 0.5, 'hold': 240}",3,66.7,,-78,0,,,0,0,,,0
NQ_DRIVE,2272,"{'A': 200, 'T': 30, 'x': 0.2, 'mode': -1, 'tf': 0, 'k': 0.35, 'stop': 0, 'R': 1.0, 'hold': 240}",23,52.2,1.147,222,17,52.9,,806,14,50.0,,595
NQ_DRIVE,2273,"{'A': 200, 'T': 30, 'x': 0.2, 'mode': -1, 'tf': 0, 'k': 0.35, 'stop': 0, 'R': 2.0, 'hold': 240}",23,52.2,1.247,371,17,52.9,,927,14,50.0,,816
NQ_DRIVE,2274,"{'A': 200, 'T': 30, 'x': 0.2, 'mode': -1, 'tf': 1, 'k': 0.2, 'stop': 0, 'R': 0.5, 'hold': 240}",11,72.7,,242,7,71.4,,140,5,80.0,,198
NQ_DRIVE,2275,"{'A': 200, 'T': 30, 'x': 0.2, 'mode': -1, 'tf': 1, 'k': 0.2, 'stop': 0, 'R': 1.0, 'hold': 240}",11,54.5,,162,7,42.9,,23,5,40.0,,-2
NQ_DRIVE,2276,"{'A': 200, 'T': 30, 'x': 0.2, 'mode': -1, 'tf': 1, 'k': 0.2, 'stop': 0, 'R': 2.0, 'hold': 240}",11,45.5,,-16,7,42.9,,135,5,40.0,,59
NQ_DRIVE,2277,"{'A': 200, 'T': 30, 'x': 0.2, 'mode': -1, 'tf': 1, 'k': 0.35, 'stop': 0, 'R': 0.5, 'hold': 240}",11,54.5,,-166,7,42.9,,-142,5,40.0,,-43
NQ_DRIVE,2278,"{'A': 200, 'T': 30, 'x': 0.2, 'mode': -1, 'tf': 1, 'k': 0.35, 'stop': 0, 'R': 1.0, 'hold': 240}",11,54.5,,-122,7,42.9,,267,5,40.0,,220
NQ_DRIVE,2279,"{'A': 200, 'T': 30, 'x': 0.2, 'mode': -1, 'tf': 1, 'k': 0.35, 'stop': 0, 'R': 2.0, 'hold': 240}",11,54.5,,7,7,42.9,,-7,5,40.0,,20
NQ_DRIVE,2284,"{'A': 200, 'T': 30, 'x': 0.35, 'mode': 1, 'tf': 0, 'k': 0.35, 'stop': 0, 'R': 1.0, 'hold': 240}",3,66.7,,52,0,,,0,0,,,0
NQ_DRIVE,2285,"{'A': 200, 'T': 30, 'x': 0.35, 'mode': 1, 'tf': 0, 'k': 0.35, 'stop': 0, 'R': 2.0, 'hold': 240}",3,66.7,,126,0,,,0,0,,,0
NQ_DRIVE,2286,"{'A': 200, 'T': 30, 'x': 0.35, 'mode': 1, 'tf': 1, 'k': 0.2, 'stop': 0, 'R': 0.5, 'hold': 240}",2,50.0,,-83,0,,,0,0,,,0
NQ_DRIVE,2287,"{'A': 200, 'T': 30, 'x': 0.35, 'mode': 1, 'tf': 1, 'k': 0.2, 'stop': 0, 'R': 1.0, 'hold': 240}",2,50.0,,-46,0,,,0,0,,,0
NQ_DRIVE,2292,"{'A': 200, 'T': 30, 'x': 0.35, 'mode': -1, 'tf': 0, 'k': 0.2, 'stop': 0, 'R': 0.5, 'hold': 240}",3,33.3,,-100,0,,,0,0,,,0
NQ_DRIVE,2293,"{'A': 200, 'T': 30, 'x': 0.35, 'mode': -1, 'tf': 0, 'k': 0.2, 'stop': 0, 'R': 1.0, 'hold': 240}",3,33.3,,-43,0,,,0,0,,,0
NQ_DRIVE,2294,"{'A': 200, 'T': 30, 'x': 0.35, 'mode': -1, 'tf': 0, 'k': 0.2, 'stop': 0, 'R': 2.0, 'hold': 240}",3,33.3,,73,0,,,0,0,,,0
NQ_DRIVE,2295,"{'A': 200, 'T': 30, 'x': 0.35, 'mode': -1, 'tf': 0, 'k': 0.35, 'stop': 0, 'R': 0.5, 'hold': 240}",3,33.3,,-169,0,,,0,0,,,0
NQ_DRIVE,2288,"{'A': 200, 'T': 30, 'x': 0.35, 'mode': 1, 'tf': 1, 'k': 0.2, 'stop': 0, 'R': 2.0, 'hold': 240}",2,50.0,,29,0,,,0,0,,,0
NQ_DRIVE,2289,"{'A': 200, 'T': 30, 'x': 0.35, 'mode': 1, 'tf': 1, 'k': 0.35, 'stop': 0, 'R': 0.5, 'hold': 240}",2,50.0,,-142,0,,,0,0,,,0
NQ_DRIVE,2290,"{'A': 200, 'T': 30, 'x': 0.35, 'mode': 1, 'tf': 1, 'k': 0.35, 'stop': 0, 'R': 1.0, 'hold': 240}",2,50.0,,-76,0,,,0,0,,,0
NQ_DRIVE,2291,"{'A': 200, 'T': 30, 'x': 0.35, 'mode': 1, 'tf': 1, 'k': 0.35, 'stop': 0, 'R': 2.0, 'hold': 240}",2,50.0,,54,0,,,0,0,,,0
NQ_DRIVE,2296,"{'A': 200, 'T': 30, 'x': 0.35, 'mode': -1, 'tf': 0, 'k': 0.35, 'stop': 0, 'R': 1.0, 'hold': 240}",3,33.3,,-68,0,,,0,0,,,0
NQ_DRIVE,2297,"{'A': 200, 'T': 30, 'x': 0.35, 'mode': -1, 'tf': 0, 'k': 0.35, 'stop': 0, 'R': 2.0, 'hold': 240}",3,33.3,,-10,0,,,0,0,,,0
NQ_DRIVE,2298,"{'A': 200, 'T': 30, 'x': 0.35, 'mode': -1, 'tf': 1, 'k': 0.2, 'stop': 0, 'R': 0.5, 'hold': 240}",1,0.0,,-78,0,,,0,0,,,0
NQ_DRIVE,2299,"{'A': 200, 'T': 30, 'x': 0.35, 'mode': -1, 'tf': 1, 'k': 0.2, 'stop': 0, 'R': 1.0, 'hold': 240}",1,0.0,,-78,0,,,0,0,,,0
NQ_DRIVE,2300,"{'A': 200, 'T': 30, 'x': 0.35, 'mode': -1, 'tf': 1, 'k': 0.2, 'stop': 0, 'R': 2.0, 'hold': 240}",1,0.0,,-78,0,,,0,0,,,0
NQ_DRIVE,2301,"{'A': 200, 'T': 30, 'x': 0.35, 'mode': -1, 'tf': 1, 'k': 0.35, 'stop': 0, 'R': 0.5, 'hold': 240}",1,0.0,,-134,0,,,0,0,,,0
NQ_DRIVE,2302,"{'A': 200, 'T': 30, 'x': 0.35, 'mode': -1, 'tf': 1, 'k': 0.35, 'stop': 0, 'R': 1.0, 'hold': 240}",1,0.0,,-134,0,,,0,0,,,0
NQ_DRIVE,2303,"{'A': 200, 'T': 30, 'x': 0.35, 'mode': -1, 'tf': 1, 'k': 0.35, 'stop': 0, 'R': 2.0, 'hold': 240}",1,0.0,,-134,0,,,0,0,,,0
NQ_DRIVE,2304,"{'A': 200, 'T': 60, 'x': 0.1, 'mode': 1, 'tf': 0, 'k': 0.2, 'stop': 0, 'R': 0.5, 'hold': 240}",244,63.1,0.912,-697,157,66.2,1.169,1024,147,67.3,1.256,1427
NQ_DRIVE,2305,"{'A': 200, 'T': 60, 'x': 0.1, 'mode': 1, 'tf': 0, 'k': 0.2, 'stop': 0, 'R': 1.0, 'hold': 240}",244,50.4,0.978,-221,157,51.0,0.989,-97,147,49.7,1.006,52
NQ_DRIVE,2306,"{'A': 200, 'T': 60, 'x': 0.1, 'mode': 1, 'tf': 0, 'k': 0.2, 'stop': 0, 'R': 2.0, 'hold': 240}",244,43.0,0.889,-1220,157,45.2,1.024,219,147,43.5,1.068,596
NQ_DRIVE,2307,"{'A': 200, 'T': 60, 'x': 0.1, 'mode': 1, 'tf': 0, 'k': 0.35, 'stop': 0, 'R': 0.5, 'hold': 240}",244,54.9,0.915,-919,157,58.6,1.042,380,147,57.1,1.087,721
NQ_DRIVE,2308,"{'A': 200, 'T': 60, 'x': 0.1, 'mode': 1, 'tf': 0, 'k': 0.35, 'stop': 0, 'R': 1.0, 'hold': 240}",244,45.5,0.866,-1652,157,49.0,0.996,-45,147,46.9,1.064,642
NQ_DRIVE,2309,"{'A': 200, 'T': 60, 'x': 0.1, 'mode': 1, 'tf': 0, 'k': 0.35, 'stop': 0, 'R': 2.0, 'hold': 240}",244,43.9,0.76,-3005,157,47.8,0.925,-804,147,45.6,0.967,-328
NQ_DRIVE,2310,"{'A': 200, 'T': 60, 'x': 0.1, 'mode': 1, 'tf': 1, 'k': 0.2, 'stop': 0, 'R': 0.5, 'hold': 240}",123,56.9,0.683,-1506,77,63.6,0.967,-109,70,62.9,1.021,62
NQ_DRIVE,2311,"{'A': 200, 'T': 60, 'x': 0.1, 'mode': 1, 'tf': 1, 'k': 0.2, 'stop': 0, 'R': 1.0, 'hold': 240}",123,48.8,0.845,-870,77,48.1,0.7,-1442,70,47.1,0.74,-1167
NQ_DRIVE,2312,"{'A': 200, 'T': 60, 'x': 0.1, 'mode': 1, 'tf': 1, 'k': 0.2, 'stop': 0, 'R': 2.0, 'hold': 240}",123,42.3,0.758,-1436,77,41.6,0.706,-1512,70,40.0,0.793,-999
NQ_DRIVE,2313,"{'A': 200, 'T': 60, 'x': 0.1, 'mode': 1, 'tf': 1, 'k': 0.35, 'stop': 0, 'R': 0.5, 'hold': 240}",123,54.5,0.774,-1431,77,54.5,0.729,-1423,70,54.3,0.792,-993
NQ_DRIVE,2314,"{'A': 200, 'T': 60, 'x': 0.1, 'mode': 1, 'tf': 1, 'k': 0.35, 'stop': 0, 'R': 1.0, 'hold': 240}",123,46.3,0.713,-2000,77,44.2,0.662,-2097,70,42.9,0.739,-1495
NQ_DRIVE,2315,"{'A': 200, 'T': 60, 'x': 0.1, 'mode': 1, 'tf': 1, 'k': 0.35, 'stop': 0, 'R': 2.0, 'hold': 240}",123,46.3,0.707,-2040,77,42.9,0.567,-2688,70,41.4,0.641,-2057
NQ_DRIVE,2316,"{'A': 200, 'T': 60, 'x': 0.1, 'mode': -1, 'tf': 0, 'k': 0.2, 'stop': 0, 'R': 0.5, 'hold': 240}",244,62.7,0.911,-711,157,60.5,0.887,-799,147,62.6,0.959,-269
NQ_DRIVE,2317,"{'A': 200, 'T': 60, 'x': 0.1, 'mode': -1, 'tf': 0, 'k': 0.2, 'stop': 0, 'R': 1.0, 'hold': 240}",244,47.5,0.89,-1163,157,48.4,0.915,-760,147,48.3,0.901,-856
NQ_DRIVE,2318,"{'A': 200, 'T': 60, 'x': 0.1, 'mode': -1, 'tf': 0, 'k': 0.2, 'stop': 0, 'R': 2.0, 'hold': 240}",244,43.9,0.973,-305,157,44.6,0.981,-187,147,44.9,0.948,-483
NQ_DRIVE,2319,"{'A': 200, 'T': 60, 'x': 0.1, 'mode': -1, 'tf': 0, 'k': 0.35, 'stop': 0, 'R': 0.5, 'hold': 240}",244,56.1,0.911,-950,157,54.8,0.902,-944,147,55.8,0.884,-1115
NQ_DRIVE,2320,"{'A': 200, 'T': 60, 'x': 0.1, 'mode': -1, 'tf': 0, 'k': 0.35, 'stop': 0, 'R': 1.0, 'hold': 240}",244,51.2,1.024,277,157,48.4,0.924,-840,147,49.0,0.867,-1469
NQ_DRIVE,2321,"{'A': 200, 'T': 60, 'x': 0.1, 'mode': -1, 'tf': 0, 'k': 0.35, 'stop': 0, 'R': 2.0, 'hold': 240}",244,51.2,1.049,549,157,47.8,0.908,-1030,147,48.3,0.853,-1639
NQ_DRIVE,2322,"{'A': 200, 'T': 60, 'x': 0.1, 'mode': -1, 'tf': 1, 'k': 0.2, 'stop': 0, 'R': 0.5, 'hold': 240}",112,60.7,0.863,-521,75,58.7,0.774,-842,62,59.7,0.818,-553
NQ_DRIVE,2323,"{'A': 200, 'T': 60, 'x': 0.1, 'mode': -1, 'tf': 1, 'k': 0.2, 'stop': 0, 'R': 1.0, 'hold': 240}",112,44.6,0.752,-1297,75,46.7,0.72,-1362,62,48.4,0.739,-1039
NQ_DRIVE,2324,"{'A': 200, 'T': 60, 'x': 0.1, 'mode': -1, 'tf': 1, 'k': 0.2, 'stop': 0, 'R': 2.0, 'hold': 240}",112,42.0,0.804,-1053,75,41.3,0.671,-1728,62,43.5,0.615,-1650
NQ_DRIVE,2325,"{'A': 200, 'T': 60, 'x': 0.1, 'mode': -1, 'tf': 1, 'k': 0.35, 'stop': 0, 'R': 0.5, 'hold': 240}",112,54.5,0.775,-1246,75,52.0,0.695,-1693,62,53.2,0.706,-1361
NQ_DRIVE,2326,"{'A': 200, 'T': 60, 'x': 0.1, 'mode': -1, 'tf': 1, 'k': 0.35, 'stop': 0, 'R': 1.0, 'hold': 240}",112,50.9,0.831,-953,75,44.0,0.658,-2150,62,46.8,0.636,-1880
NQ_DRIVE,2327,"{'A': 200, 'T': 60, 'x': 0.1, 'mode': -1, 'tf': 1, 'k': 0.35, 'stop': 0, 'R': 2.0, 'hold': 240}",112,50.9,0.876,-699,75,42.7,0.584,-2675,62,45.2,0.494,-2690
NQ_DRIVE,2328,"{'A': 200, 'T': 60, 'x': 0.2, 'mode': 1, 'tf': 0, 'k': 0.2, 'stop': 0, 'R': 0.5, 'hold': 240}",61,67.2,1.192,330,36,66.7,0.957,-76,36,72.2,1.307,450
NQ_DRIVE,2329,"{'A': 200, 'T': 60, 'x': 0.2, 'mode': 1, 'tf': 0, 'k': 0.2, 'stop': 0, 'R': 1.0, 'hold': 240}",61,54.1,1.358,787,36,50.0,0.864,-349,36,52.8,0.971,-72
NQ_DRIVE,2330,"{'A': 200, 'T': 60, 'x': 0.2, 'mode': 1, 'tf': 0, 'k': 0.2, 'stop': 0, 'R': 2.0, 'hold': 240}",61,44.3,1.322,854,36,44.4,1.059,153,36,47.2,1.213,524
NQ_DRIVE,2331,"{'A': 200, 'T': 60, 'x': 0.2, 'mode': 1, 'tf': 0, 'k': 0.35, 'stop': 0, 'R': 0.5, 'hold': 240}",61,59.0,1.06,167,36,58.3,0.919,-217,36,58.3,0.923,-206
NQ_DRIVE,2332,"{'A': 200, 'T': 60, 'x': 0.2, 'mode': 1, 'tf': 0, 'k': 0.35, 'stop': 0, 'R': 1.0, 'hold': 240}",61,47.5,1.185,655,36,47.2,1.002,6,36,47.2,0.977,-71
NQ_DRIVE,2333,"{'A': 200, 'T': 60, 'x': 0.2, 'mode': 1, 'tf': 0, 'k': 0.35, 'stop': 0, 'R': 2.0, 'hold': 240}",61,42.6,0.795,-754,36,44.4,0.826,-539,36,44.4,0.833,-514
NQ_DRIVE,2334,"{'A': 200, 'T': 60, 'x': 0.2, 'mode': 1, 'tf': 1, 'k': 0.2, 'stop': 0, 'R': 0.5, 'hold': 240}",29,62.1,0.889,-106,18,72.2,,261,17,82.4,,638
NQ_DRIVE,2335,"{'A': 200, 'T': 60, 'x': 0.2, 'mode': 1, 'tf': 1, 'k': 0.2, 'stop': 0, 'R': 1.0, 'hold': 240}",29,58.6,1.326,350,18,38.9,,-680,17,47.1,,-254
NQ_DRIVE,2336,"{'A': 200, 'T': 60, 'x': 0.2, 'mode': 1, 'tf': 1, 'k': 0.2, 'stop': 0, 'R': 2.0, 'hold': 240}",29,51.7,1.671,793,18,27.8,,-584,17,35.3,,-57
NQ_DRIVE,2337,"{'A': 200, 'T': 60, 'x': 0.2, 'mode': 1, 'tf': 1, 'k': 0.35, 'stop': 0, 'R': 0.5, 'hold': 240}",29,62.1,0.885,-182,18,55.6,,-155,17,58.8,,-23
NQ_DRIVE,2338,"{'A': 200, 'T': 60, 'x': 0.2, 'mode': 1, 'tf': 1, 'k': 0.35, 'stop': 0, 'R': 1.0, 'hold': 240}",29,55.2,1.273,453,18,33.3,,-548,17,35.3,,-508
NQ_DRIVE,2339,"{'A': 200, 'T': 60, 'x': 0.2, 'mode': 1, 'tf': 1, 'k': 0.35, 'stop': 0, 'R': 2.0, 'hold': 240}",29,55.2,1.197,327,18,27.8,,-1136,17,29.4,,-968
NQ_DRIVE,2340,"{'A': 200, 'T': 60, 'x': 0.2, 'mode': -1, 'tf': 0, 'k': 0.2, 'stop': 0, 'R': 0.5, 'hold': 240}",61,62.3,0.772,-520,36,72.2,1.521,676,36,69.4,1.388,561
NQ_DRIVE,2341,"{'A': 200, 'T': 60, 'x': 0.2, 'mode': -1, 'tf': 0, 'k': 0.2, 'stop': 0, 'R': 1.0, 'hold': 240}",61,44.3,0.648,-1116,36,50.0,1.067,156,36,47.2,0.951,-123
NQ_DRIVE,2342,"{'A': 200, 'T': 60, 'x': 0.2, 'mode': -1, 'tf': 0, 'k': 0.2, 'stop': 0, 'R': 2.0, 'hold': 240}",61,41.0,0.898,-339,36,47.2,1.163,410,36,47.2,1.155,384
NQ_DRIVE,2343,"{'A': 200, 'T': 60, 'x': 0.2, 'mode': -1, 'tf': 0, 'k': 0.35, 'stop': 0, 'R': 0.5, 'hold': 240}",61,52.5,0.51,-2106,36,55.6,0.9,-277,36,52.8,0.817,-550
NQ_DRIVE,2344,"{'A': 200, 'T': 60, 'x': 0.2, 'mode': -1, 'tf': 0, 'k': 0.35, 'stop': 0, 'R': 1.0, 'hold': 240}",61,50.8,0.772,-990,36,50.0,0.936,-206,36,50.0,0.958,-129
NQ_DRIVE,2345,"{'A': 200, 'T': 60, 'x': 0.2, 'mode': -1, 'tf': 0, 'k': 0.35, 'stop': 0, 'R': 2.0, 'hold': 240}",61,50.8,0.897,-447,36,50.0,0.926,-236,36,50.0,0.917,-256
NQ_DRIVE,2346,"{'A': 200, 'T': 60, 'x': 0.2, 'mode': -1, 'tf': 1, 'k': 0.2, 'stop': 0, 'R': 0.5, 'hold': 240}",32,71.9,1.076,76,16,75.0,,463,16,81.2,,713
NQ_DRIVE,2347,"{'A': 200, 'T': 60, 'x': 0.2, 'mode': -1, 'tf': 1, 'k': 0.2, 'stop': 0, 'R': 1.0, 'hold': 240}",32,46.9,0.631,-610,16,37.5,,-439,16,43.8,,-148
NQ_DRIVE,2348,"{'A': 200, 'T': 60, 'x': 0.2, 'mode': -1, 'tf': 1, 'k': 0.2, 'stop': 0, 'R': 2.0, 'hold': 240}",32,43.8,0.812,-325,16,37.5,,-353,16,43.8,,-64
NQ_DRIVE,2349,"{'A': 200, 'T': 60, 'x': 0.2, 'mode': -1, 'tf': 1, 'k': 0.35, 'stop': 0, 'R': 0.5, 'hold': 240}",32,56.2,0.564,-935,16,43.8,,-674,16,50.0,,-233
NQ_DRIVE,2350,"{'A': 200, 'T': 60, 'x': 0.2, 'mode': -1, 'tf': 1, 'k': 0.35, 'stop': 0, 'R': 1.0, 'hold': 240}",32,56.2,0.824,-377,16,37.5,,-576,16,43.8,,-179
NQ_DRIVE,2351,"{'A': 200, 'T': 60, 'x': 0.2, 'mode': -1, 'tf': 1, 'k': 0.35, 'stop': 0, 'R': 2.0, 'hold': 240}",32,56.2,1.029,63,16,37.5,,-868,16,43.8,,-480
NQ_DRIVE,2352,"{'A': 200, 'T': 60, 'x': 0.35, 'mode': 1, 'tf': 0, 'k': 0.2, 'stop': 0, 'R': 0.5, 'hold': 240}",5,100.0,,227,2,50.0,,11,2,50.0,,1
NQ_DRIVE,2353,"{'A': 200, 'T': 60, 'x': 0.35, 'mode': 1, 'tf': 0, 'k': 0.2, 'stop': 0, 'R': 1.0, 'hold': 240}",5,100.0,,462,2,0.0,,-306,2,0.0,,-319
NQ_DRIVE,2354,"{'A': 200, 'T': 60, 'x': 0.35, 'mode': 1, 'tf': 0, 'k': 0.2, 'stop': 0, 'R': 2.0, 'hold': 240}",5,40.0,,-26,2,0.0,,-306,2,0.0,,-319
NQ_DRIVE,2355,"{'A': 200, 'T': 60, 'x': 0.35, 'mode': 1, 'tf': 0, 'k': 0.35, 'stop': 0, 'R': 0.5, 'hold': 240}",5,100.0,,404,2,0.0,,-535,2,0.0,,-551
NQ_DRIVE,2360,"{'A': 200, 'T': 60, 'x': 0.35, 'mode': 1, 'tf': 1, 'k': 0.2, 'stop': 0, 'R': 2.0, 'hold': 240}",2,50.0,,84,1,0.0,,-209,1,0.0,,-217
NQ_DRIVE,2361,"{'A': 200, 'T': 60, 'x': 0.35, 'mode': 1, 'tf': 1, 'k': 0.35, 'stop': 0, 'R': 0.5, 'hold': 240}",2,100.0,,120,1,0.0,,-367,1,0.0,,-376
NQ_DRIVE,2362,"{'A': 200, 'T': 60, 'x': 0.35, 'mode': 1, 'tf': 1, 'k': 0.35, 'stop': 0, 'R': 1.0, 'hold': 240}",2,50.0,,99,1,0.0,,-367,1,0.0,,-376
NQ_DRIVE,2363,"{'A': 200, 'T': 60, 'x': 0.35, 'mode': 1, 'tf': 1, 'k': 0.35, 'stop': 0, 'R': 2.0, 'hold': 240}",2,50.0,,230,1,0.0,,-367,1,0.0,,-376
NQ_DRIVE,2356,"{'A': 200, 'T': 60, 'x': 0.35, 'mode': 1, 'tf': 0, 'k': 0.35, 'stop': 0, 'R': 1.0, 'hold': 240}",5,60.0,,396,2,0.0,,-535,2,0.0,,-551
NQ_DRIVE,2357,"{'A': 200, 'T': 60, 'x': 0.35, 'mode': 1, 'tf': 0, 'k': 0.35, 'stop': 0, 'R': 2.0, 'hold': 240}",5,40.0,,61,2,0.0,,-535,2,0.0,,-551
NQ_DRIVE,2358,"{'A': 200, 'T': 60, 'x': 0.35, 'mode': 1, 'tf': 1, 'k': 0.2, 'stop': 0, 'R': 0.5, 'hold': 240}",2,100.0,,68,1,100.0,,108,1,100.0,,103
NQ_DRIVE,2359,"{'A': 200, 'T': 60, 'x': 0.35, 'mode': 1, 'tf': 1, 'k': 0.2, 'stop': 0, 'R': 1.0, 'hold': 240}",2,100.0,,137,1,0.0,,-209,1,0.0,,-217
NQ_DRIVE,2364,"{'A': 200, 'T': 60, 'x': 0.35, 'mode': -1, 'tf': 0, 'k': 0.2, 'stop': 0, 'R': 0.5, 'hold': 240}",5,40.0,,-273,2,100.0,,142,2,100.0,,153
NQ_DRIVE,2365,"{'A': 200, 'T': 60, 'x': 0.35, 'mode': -1, 'tf': 0, 'k': 0.2, 'stop': 0, 'R': 1.0, 'hold': 240}",5,0.0,,-489,2,100.0,,295,2,100.0,,308
NQ_DRIVE,2366,"{'A': 200, 'T': 60, 'x': 0.35, 'mode': -1, 'tf': 0, 'k': 0.2, 'stop': 0, 'R': 2.0, 'hold': 240}",5,0.0,,-489,2,100.0,,601,2,100.0,,618
NQ_DRIVE,2367,"{'A': 200, 'T': 60, 'x': 0.35, 'mode': -1, 'tf': 0, 'k': 0.35, 'stop': 0, 'R': 0.5, 'hold': 240}",5,40.0,,-466,2,100.0,,257,2,100.0,,269
NQ_DRIVE,2368,"{'A': 200, 'T': 60, 'x': 0.35, 'mode': -1, 'tf': 0, 'k': 0.35, 'stop': 0, 'R': 1.0, 'hold': 240}",5,40.0,,-423,2,100.0,,524,2,100.0,,541
NQ_DRIVE,2369,"{'A': 200, 'T': 60, 'x': 0.35, 'mode': -1, 'tf': 0, 'k': 0.35, 'stop': 0, 'R': 2.0, 'hold': 240}",5,40.0,,-284,2,100.0,,886,2,100.0,,899
NQ_DRIVE,2370,"{'A': 200, 'T': 60, 'x': 0.35, 'mode': -1, 'tf': 1, 'k': 0.2, 'stop': 0, 'R': 0.5, 'hold': 240}",3,33.3,,-222,1,100.0,,44,1,100.0,,48
NQ_DRIVE,2371,"{'A': 200, 'T': 60, 'x': 0.35, 'mode': -1, 'tf': 1, 'k': 0.2, 'stop': 0, 'R': 1.0, 'hold': 240}",3,0.0,,-341,1,100.0,,92,1,100.0,,97
NQ_DRIVE,2372,"{'A': 200, 'T': 60, 'x': 0.35, 'mode': -1, 'tf': 1, 'k': 0.2, 'stop': 0, 'R': 2.0, 'hold': 240}",3,0.0,,-341,1,100.0,,187,1,100.0,,194
NQ_DRIVE,2373,"{'A': 200, 'T': 60, 'x': 0.35, 'mode': -1, 'tf': 1, 'k': 0.35, 'stop': 0, 'R': 0.5, 'hold': 240}",3,33.3,,-382,1,100.0,,80,1,100.0,,84
NQ_DRIVE,2374,"{'A': 200, 'T': 60, 'x': 0.35, 'mode': -1, 'tf': 1, 'k': 0.35, 'stop': 0, 'R': 1.0, 'hold': 240}",3,33.3,,-313,1,100.0,,163,1,100.0,,170
NQ_DRIVE,2375,"{'A': 200, 'T': 60, 'x': 0.35, 'mode': -1, 'tf': 1, 'k': 0.35, 'stop': 0, 'R': 2.0, 'hold': 240}",3,33.3,,-174,1,100.0,,156,1,100.0,,156
NQ_DRIVE,2376,"{'A': 200, 'T': 120, 'x': 0.1, 'mode': 1, 'tf': 0, 'k': 0.2, 'stop': 0, 'R': 0.5, 'hold': 240}",486,64.6,1.063,873,307,59.0,0.799,-2916,291,57.7,0.773,-3267
NQ_DRIVE,2377,"{'A': 200, 'T': 120, 'x': 0.1, 'mode': 1, 'tf': 0, 'k': 0.2, 'stop': 0, 'R': 1.0, 'hold': 240}",486,50.8,1.03,575,307,45.9,0.854,-2570,291,44.3,0.803,-3475
NQ_DRIVE,2378,"{'A': 200, 'T': 120, 'x': 0.1, 'mode': 1, 'tf': 0, 'k': 0.2, 'stop': 0, 'R': 2.0, 'hold': 240}",486,46.1,0.95,-1036,307,41.4,0.769,-4285,291,39.9,0.732,-5028
NQ_DRIVE,2379,"{'A': 200, 'T': 120, 'x': 0.1, 'mode': 1, 'tf': 0, 'k': 0.35, 'stop': 0, 'R': 0.5, 'hold': 240}",486,52.9,0.939,-1198,307,52.8,0.787,-4332,291,51.2,0.809,-3622
NQ_DRIVE,2384,"{'A': 200, 'T': 120, 'x': 0.1, 'mode': 1, 'tf': 1, 'k': 0.2, 'stop': 0, 'R': 2.0, 'hold': 240}",247,50.2,1.139,1339,151,45.0,0.881,-1043,132,43.2,0.802,-1664
NQ_DRIVE,2385,"{'A': 200, 'T': 120, 'x': 0.1, 'mode': 1, 'tf': 1, 'k': 0.35, 'stop': 0, 'R': 0.5, 'hold': 240}",247,55.5,0.952,-465,151,53.0,0.72,-2994,132,50.0,0.73,-2435
NQ_DRIVE,2386,"{'A': 200, 'T': 120, 'x': 0.1, 'mode': 1, 'tf': 1, 'k': 0.35, 'stop': 0, 'R': 1.0, 'hold': 240}",247,51.8,1.049,506,151,47.0,0.712,-3325,132,43.9,0.703,-2923
NQ_DRIVE,2387,"{'A': 200, 'T': 120, 'x': 0.1, 'mode': 1, 'tf': 1, 'k': 0.35, 'stop': 0, 'R': 2.0, 'hold': 240}",247,51.0,1.086,910,151,47.0,0.781,-2532,132,43.9,0.728,-2668
NQ_DRIVE,2380,"{'A': 200, 'T': 120, 'x': 0.1, 'mode': 1, 'tf': 0, 'k': 0.35, 'stop': 0, 'R': 1.0, 'hold': 240}",486,47.3,0.895,-2332,307,45.0,0.726,-6028,291,43.6,0.762,-4899
NQ_DRIVE,2381,"{'A': 200, 'T': 120, 'x': 0.1, 'mode': 1, 'tf': 0, 'k': 0.35, 'stop': 0, 'R': 2.0, 'hold': 240}",486,46.3,0.873,-2864,307,44.6,0.718,-6243,291,43.3,0.734,-5500
NQ_DRIVE,2382,"{'A': 200, 'T': 120, 'x': 0.1, 'mode': 1, 'tf': 1, 'k': 0.2, 'stop': 0, 'R': 0.5, 'hold': 240}",247,64.4,1.037,262,151,55.6,0.727,-2023,132,53.8,0.687,-2197
NQ_DRIVE,2383,"{'A': 200, 'T': 120, 'x': 0.1, 'mode': 1, 'tf': 1, 'k': 0.2, 'stop': 0, 'R': 1.0, 'hold': 240}",247,53.4,1.079,721,151,50.3,0.958,-339,132,48.5,0.878,-950
NQ_DRIVE,2400,"{'A': 200, 'T': 120, 'x': 0.2, 'mode': 1, 'tf': 0, 'k': 0.2, 'stop': 0, 'R': 0.5, 'hold': 240}",181,71.3,1.17,858,106,63.2,0.951,-223,99,59.6,0.844,-743
NQ_DRIVE,2401,"{'A': 200, 'T': 120, 'x': 0.2, 'mode': 1, 'tf': 0, 'k': 0.2, 'stop': 0, 'R': 1.0, 'hold': 240}",181,54.7,1.083,611,106,46.2,0.914,-559,99,43.4,0.839,-1064
NQ_DRIVE,2402,"{'A': 200, 'T': 120, 'x': 0.2, 'mode': 1, 'tf': 0, 'k': 0.2, 'stop': 0, 'R': 2.0, 'hold': 240}",181,47.0,0.906,-784,106,38.7,0.752,-1746,99,36.4,0.673,-2334
NQ_DRIVE,2403,"{'A': 200, 'T': 120, 'x': 0.2, 'mode': 1, 'tf': 0, 'k': 0.35, 'stop': 0, 'R': 0.5, 'hold': 240}",181,57.5,0.945,-437,106,53.8,0.673,-2985,99,50.5,0.727,-2153
NQ_DRIVE,2396,"{'A': 200, 'T': 120, 'x': 0.1, 'mode': -1, 'tf': 1, 'k': 0.2, 'stop': 0, 'R': 2.0, 'hold': 240}",224,47.8,0.903,-977,143,49.0,1.011,84,125,48.8,1.002,16
NQ_DRIVE,2397,"{'A': 200, 'T': 120, 'x': 0.1, 'mode': -1, 'tf': 1, 'k': 0.35, 'stop': 0, 'R': 0.5, 'hold': 240}",224,57.6,1.041,367,143,58.0,1.189,1250,125,59.2,1.203,1237
NQ_DRIVE,2398,"{'A': 200, 'T': 120, 'x': 0.1, 'mode': -1, 'tf': 1, 'k': 0.35, 'stop': 0, 'R': 1.0, 'hold': 240}",224,54.9,1.155,1402,143,51.7,1.108,840,125,52.0,1.084,606
NQ_DRIVE,2399,"{'A': 200, 'T': 120, 'x': 0.1, 'mode': -1, 'tf': 1, 'k': 0.35, 'stop': 0, 'R': 2.0, 'hold': 240}",224,54.0,1.091,869,143,51.7,1.125,971,125,52.0,1.101,731
NQ_DRIVE,2404,"{'A': 200, 'T': 120, 'x': 0.2, 'mode': 1, 'tf': 0, 'k': 0.35, 'stop': 0, 'R': 1.0, 'hold': 240}",181,48.1,0.787,-2019,106,42.5,0.632,-3716,99,40.4,0.699,-2637
NQ_DRIVE,2405,"{'A': 200, 'T': 120, 'x': 0.2, 'mode': 1, 'tf': 0, 'k': 0.35, 'stop': 0, 'R': 2.0, 'hold': 240}",181,45.9,0.759,-2341,106,41.5,0.598,-4108,99,39.4,0.642,-3185
NQ_DRIVE,2406,"{'A': 200, 'T': 120, 'x': 0.2, 'mode': 1, 'tf': 1, 'k': 0.2, 'stop': 0, 'R': 0.5, 'hold': 240}",82,72.0,1.07,163,52,59.6,1.025,51,47,53.2,0.843,-345
NQ_DRIVE,2407,"{'A': 200, 'T': 120, 'x': 0.2, 'mode': 1, 'tf': 1, 'k': 0.2, 'stop': 0, 'R': 1.0, 'hold': 240}",82,57.3,1.04,127,52,48.1,1.168,460,47,42.6,1.015,41
NQ_DRIVE,2388,"{'A': 200, 'T': 120, 'x': 0.1, 'mode': -1, 'tf': 0, 'k': 0.2, 'stop': 0, 'R': 0.5, 'hold': 240}",486,58.0,0.747,-4408,307,65.1,1.033,409,291,66.7,1.095,1114
NQ_DRIVE,2389,"{'A': 200, 'T': 120, 'x': 0.1, 'mode': -1, 'tf': 0, 'k': 0.2, 'stop': 0, 'R': 1.0, 'hold': 240}",486,47.1,0.84,-3350,307,52.1,1.056,890,291,54.0,1.126,1880
NQ_DRIVE,2390,"{'A': 200, 'T': 120, 'x': 0.1, 'mode': -1, 'tf': 0, 'k': 0.2, 'stop': 0, 'R': 2.0, 'hold': 240}",486,45.1,0.88,-2562,307,48.5,1.181,3094,291,50.2,1.155,2505
NQ_DRIVE,2391,"{'A': 200, 'T': 120, 'x': 0.1, 'mode': -1, 'tf': 0, 'k': 0.35, 'stop': 0, 'R': 0.5, 'hold': 240}",486,52.7,0.883,-2411,307,57.0,1.108,1619,291,58.8,1.147,2145
NQ_DRIVE,2408,"{'A': 200, 'T': 120, 'x': 0.2, 'mode': 1, 'tf': 1, 'k': 0.2, 'stop': 0, 'R': 2.0, 'hold': 240}",82,52.4,1.077,266,52,38.5,0.981,-57,47,34.0,0.854,-428
NQ_DRIVE,2409,"{'A': 200, 'T': 120, 'x': 0.2, 'mode': 1, 'tf': 1, 'k': 0.35, 'stop': 0, 'R': 0.5, 'hold': 240}",82,59.8,0.833,-647,52,51.9,0.628,-1788,47,44.7,0.729,-963
NQ_DRIVE,2410,"{'A': 200, 'T': 120, 'x': 0.2, 'mode': 1, 'tf': 1, 'k': 0.35, 'stop': 0, 'R': 1.0, 'hold': 240}",82,53.7,0.864,-567,52,40.4,0.585,-2195,47,34.0,0.671,-1310
NQ_DRIVE,2411,"{'A': 200, 'T': 120, 'x': 0.2, 'mode': 1, 'tf': 1, 'k': 0.35, 'stop': 0, 'R': 2.0, 'hold': 240}",82,51.2,0.862,-591,52,40.4,0.608,-2070,47,34.0,0.676,-1293
NQ_DRIVE,2392,"{'A': 200, 'T': 120, 'x': 0.1, 'mode': -1, 'tf': 0, 'k': 0.35, 'stop': 0, 'R': 1.0, 'hold': 240}",486,50.0,0.97,-644,307,52.4,1.255,4283,291,54.0,1.198,3246
NQ_DRIVE,2393,"{'A': 200, 'T': 120, 'x': 0.1, 'mode': -1, 'tf': 0, 'k': 0.35, 'stop': 0, 'R': 2.0, 'hold': 240}",486,49.0,0.928,-1560,307,52.4,1.325,5466,291,54.0,1.279,4581
NQ_DRIVE,2394,"{'A': 200, 'T': 120, 'x': 0.1, 'mode': -1, 'tf': 1, 'k': 0.2, 'stop': 0, 'R': 0.5, 'hold': 240}",224,57.6,0.717,-2391,143,65.7,1.093,522,125,65.6,1.068,349
NQ_DRIVE,2395,"{'A': 200, 'T': 120, 'x': 0.1, 'mode': -1, 'tf': 1, 'k': 0.2, 'stop': 0, 'R': 1.0, 'hold': 240}",224,49.6,0.889,-1095,143,54.5,1.16,1111,125,55.2,1.178,1117
NQ_DRIVE,2412,"{'A': 200, 'T': 120, 'x': 0.2, 'mode': -1, 'tf': 0, 'k': 0.2, 'stop': 0, 'R': 0.5, 'hold': 240}",181,58.0,0.709,-2014,106,67.0,1.065,287,99,69.7,1.14,570
NQ_DRIVE,2413,"{'A': 200, 'T': 120, 'x': 0.2, 'mode': -1, 'tf': 0, 'k': 0.2, 'stop': 0, 'R': 1.0, 'hold': 240}",181,44.8,0.813,-1594,106,51.9,0.997,-16,99,54.5,1.091,528
NQ_DRIVE,2414,"{'A': 200, 'T': 120, 'x': 0.2, 'mode': -1, 'tf': 0, 'k': 0.2, 'stop': 0, 'R': 2.0, 'hold': 240}",181,42.5,0.923,-677,106,48.1,1.374,2546,99,50.5,1.266,1709
NQ_DRIVE,2415,"{'A': 200, 'T': 120, 'x': 0.2, 'mode': -1, 'tf': 0, 'k': 0.35, 'stop': 0, 'R': 0.5, 'hold': 240}",181,53.6,0.941,-459,106,58.5,1.036,210,99,60.6,1.105,579
NQ_DRIVE,2428,"{'A': 200, 'T': 120, 'x': 0.35, 'mode': 1, 'tf': 0, 'k': 0.35, 'stop': 0, 'R': 1.0, 'hold': 240}",53,43.4,0.656,-1251,21,57.1,1.234,447,21,57.1,1.144,299
NQ_DRIVE,2429,"{'A': 200, 'T': 120, 'x': 0.35, 'mode': 1, 'tf': 0, 'k': 0.35, 'stop': 0, 'R': 2.0, 'hold': 240}",53,37.7,0.57,-1624,21,52.4,0.951,-100,21,52.4,0.903,-215
NQ_DRIVE,2430,"{'A': 200, 'T': 120, 'x': 0.35, 'mode': 1, 'tf': 1, 'k': 0.2, 'stop': 0, 'R': 0.5, 'hold': 240}",27,74.1,1.249,173,8,62.5,,63,7,57.1,,-2
NQ_DRIVE,2431,"{'A': 200, 'T': 120, 'x': 0.35, 'mode': 1, 'tf': 1, 'k': 0.2, 'stop': 0, 'R': 1.0, 'hold': 240}",27,55.6,0.991,-11,8,37.5,,13,7,42.9,,26
NQ_DRIVE,2416,"{'A': 200, 'T': 120, 'x': 0.2, 'mode': -1, 'tf': 0, 'k': 0.35, 'stop': 0, 'R': 1.0, 'hold': 240}",181,50.3,1.125,996,106,54.7,1.469,3120,99,56.6,1.327,2080
NQ_DRIVE,2417,"{'A': 200, 'T': 120, 'x': 0.2, 'mode': -1, 'tf': 0, 'k': 0.35, 'stop': 0, 'R': 2.0, 'hold': 240}",181,48.6,1.025,207,106,54.7,1.649,4318,99,56.6,1.563,3586
NQ_DRIVE,2418,"{'A': 200, 'T': 120, 'x': 0.2, 'mode': -1, 'tf': 1, 'k': 0.2, 'stop': 0, 'R': 0.5, 'hold': 240}",97,56.7,0.633,-1513,48,66.7,1.203,367,41,68.3,1.273,419
NQ_DRIVE,2419,"{'A': 200, 'T': 120, 'x': 0.2, 'mode': -1, 'tf': 1, 'k': 0.2, 'stop': 0, 'R': 1.0, 'hold': 240}",97,47.4,0.819,-864,48,50.0,1.207,531,41,56.1,1.437,945
NQ_DRIVE,2424,"{'A': 200, 'T': 120, 'x': 0.35, 'mode': 1, 'tf': 0, 'k': 0.2, 'stop': 0, 'R': 0.5, 'hold': 240}",53,71.7,1.23,335,21,71.4,1.331,251,21,66.7,1.112,99
NQ_DRIVE,2425,"{'A': 200, 'T': 120, 'x': 0.35, 'mode': 1, 'tf': 0, 'k': 0.2, 'stop': 0, 'R': 1.0, 'hold': 240}",53,49.1,0.913,-227,21,52.4,1.098,124,21,52.4,1.038,52
NQ_DRIVE,2426,"{'A': 200, 'T': 120, 'x': 0.35, 'mode': 1, 'tf': 0, 'k': 0.2, 'stop': 0, 'R': 2.0, 'hold': 240}",53,41.5,0.867,-365,21,42.9,0.93,-113,21,42.9,0.885,-195
NQ_DRIVE,2427,"{'A': 200, 'T': 120, 'x': 0.35, 'mode': 1, 'tf': 0, 'k': 0.35, 'stop': 0, 'R': 0.5, 'hold': 240}",53,52.8,0.699,-990,21,71.4,1.317,411,21,71.4,1.183,271
NQ_DRIVE,2420,"{'A': 200, 'T': 120, 'x': 0.2, 'mode': -1, 'tf': 1, 'k': 0.2, 'stop': 0, 'R': 2.0, 'hold': 240}",97,44.3,0.848,-748,48,43.8,1.171,530,41,48.8,1.296,799
NQ_DRIVE,2421,"{'A': 200, 'T': 120, 'x': 0.2, 'mode': -1, 'tf': 1, 'k': 0.35, 'stop': 0, 'R': 0.5, 'hold': 240}",97,59.8,1.109,426,48,52.1,1.103,267,41,58.5,1.446,881
NQ_DRIVE,2422,"{'A': 200, 'T': 120, 'x': 0.2, 'mode': -1, 'tf': 1, 'k': 0.35, 'stop': 0, 'R': 1.0, 'hold': 240}",97,55.7,1.253,1012,48,47.9,1.209,671,41,53.7,1.482,1254
NQ_DRIVE,2423,"{'A': 200, 'T': 120, 'x': 0.2, 'mode': -1, 'tf': 1, 'k': 0.35, 'stop': 0, 'R': 2.0, 'hold': 240}",97,54.6,1.168,723,48,47.9,1.455,1464,41,53.7,1.736,1914
NQ_DRIVE,2436,"{'A': 200, 'T': 120, 'x': 0.35, 'mode': -1, 'tf': 0, 'k': 0.2, 'stop': 0, 'R': 0.5, 'hold': 240}",53,58.5,0.653,-761,21,66.7,1.229,190,21,66.7,1.227,191
NQ_DRIVE,2437,"{'A': 200, 'T': 120, 'x': 0.35, 'mode': -1, 'tf': 0, 'k': 0.2, 'stop': 0, 'R': 1.0, 'hold': 240}",53,49.1,0.978,-57,21,47.6,0.836,-237,21,47.6,0.889,-165
NQ_DRIVE,2438,"{'A': 200, 'T': 120, 'x': 0.35, 'mode': -1, 'tf': 0, 'k': 0.2, 'stop': 0, 'R': 2.0, 'hold': 240}",53,49.1,1.437,1110,21,38.1,0.907,-162,21,38.1,1.007,12
NQ_DRIVE,2439,"{'A': 200, 'T': 120, 'x': 0.35, 'mode': -1, 'tf': 0, 'k': 0.35, 'stop': 0, 'R': 0.5, 'hold': 240}",53,54.7,0.927,-182,21,52.4,0.653,-681,21,52.4,0.654,-688
NQ_DRIVE,2444,"{'A': 200, 'T': 120, 'x': 0.35, 'mode': -1, 'tf': 1, 'k': 0.2, 'stop': 0, 'R': 2.0, 'hold': 240}",26,53.8,1.698,863,11,27.3,,-164,10,30.0,,-31
NQ_DRIVE,2445,"{'A': 200, 'T': 120, 'x': 0.35, 'mode': -1, 'tf': 1, 'k': 0.35, 'stop': 0, 'R': 0.5, 'hold': 240}",26,61.5,0.947,-66,11,45.5,,-312,10,50.0,,-83
NQ_DRIVE,2446,"{'A': 200, 'T': 120, 'x': 0.35, 'mode': -1, 'tf': 1, 'k': 0.35, 'stop': 0, 'R': 1.0, 'hold': 240}",26,61.5,1.622,783,11,36.4,,-207,10,40.0,,26
NQ_DRIVE,2447,"{'A': 200, 'T': 120, 'x': 0.35, 'mode': -1, 'tf': 1, 'k': 0.35, 'stop': 0, 'R': 2.0, 'hold': 240}",26,57.7,1.254,398,11,36.4,,288,10,40.0,,513
NQ_DRIVE,2432,"{'A': 200, 'T': 120, 'x': 0.35, 'mode': 1, 'tf': 1, 'k': 0.2, 'stop': 0, 'R': 2.0, 'hold': 240}",27,48.1,0.97,-39,8,37.5,,46,7,42.9,,56
NQ_DRIVE,2433,"{'A': 200, 'T': 120, 'x': 0.35, 'mode': 1, 'tf': 1, 'k': 0.35, 'stop': 0, 'R': 0.5, 'hold': 240}",27,59.3,0.786,-311,8,62.5,,266,7,57.1,,16
NQ_DRIVE,2434,"{'A': 200, 'T': 120, 'x': 0.35, 'mode': 1, 'tf': 1, 'k': 0.35, 'stop': 0, 'R': 1.0, 'hold': 240}",27,51.9,0.784,-325,8,50.0,,149,7,42.9,,-140
NQ_DRIVE,2435,"{'A': 200, 'T': 120, 'x': 0.35, 'mode': 1, 'tf': 1, 'k': 0.35, 'stop': 0, 'R': 2.0, 'hold': 240}",27,44.4,0.617,-627,8,50.0,,24,7,42.9,,-267
NQ_DRIVE,2440,"{'A': 200, 'T': 120, 'x': 0.35, 'mode': -1, 'tf': 0, 'k': 0.35, 'stop': 0, 'R': 1.0, 'hold': 240}",53,52.8,1.38,957,21,42.9,0.768,-562,21,42.9,0.831,-414
NQ_DRIVE,2441,"{'A': 200, 'T': 120, 'x': 0.35, 'mode': -1, 'tf': 0, 'k': 0.35, 'stop': 0, 'R': 2.0, 'hold': 240}",53,50.9,1.235,665,21,42.9,1.155,375,21,42.9,1.236,577
NQ_DRIVE,2442,"{'A': 200, 'T': 120, 'x': 0.35, 'mode': -1, 'tf': 1, 'k': 0.2, 'stop': 0, 'R': 0.5, 'hold': 240}",26,57.7,0.595,-464,11,63.6,,207,10,60.0,,133
NQ_DRIVE,2443,"{'A': 200, 'T': 120, 'x': 0.35, 'mode': -1, 'tf': 1, 'k': 0.2, 'stop': 0, 'R': 1.0, 'hold': 240}",26,53.8,1.063,78,11,36.4,,-116,10,40.0,,13
NQ_DRIVE,2448,"{'A': 200, 'T': 240, 'x': 0.1, 'mode': 1, 'tf': 0, 'k': 0.2, 'stop': 0, 'R': 0.5, 'hold': 240}",608,63.2,0.79,-4819,391,64.7,0.848,-2984,369,65.0,0.861,-2631
NQ_DRIVE,2449,"{'A': 200, 'T': 240, 'x': 0.1, 'mode': 1, 'tf': 0, 'k': 0.2, 'stop': 0, 'R': 1.0, 'hold': 240}",608,46.4,0.833,-5305,391,51.2,0.91,-2534,369,50.7,0.958,-1101
NQ_DRIVE,2450,"{'A': 200, 'T': 240, 'x': 0.1, 'mode': 1, 'tf': 0, 'k': 0.2, 'stop': 0, 'R': 2.0, 'hold': 240}",608,37.3,0.916,-3014,391,40.2,0.963,-1198,369,40.4,1.04,1210
NQ_DRIVE,2451,"{'A': 200, 'T': 240, 'x': 0.1, 'mode': 1, 'tf': 0, 'k': 0.35, 'stop': 0, 'R': 0.5, 'hold': 240}",608,57.6,0.784,-7892,391,62.4,0.868,-4185,369,62.3,0.89,-3274
NQ_DRIVE,2452,"{'A': 200, 'T': 240, 'x': 0.1, 'mode': 1, 'tf': 0, 'k': 0.35, 'stop': 0, 'R': 1.0, 'hold': 240}",608,47.4,0.88,-5040,391,48.6,0.885,-4538,369,49.1,0.945,-2012
NQ_DRIVE,2453,"{'A': 200, 'T': 240, 'x': 0.1, 'mode': 1, 'tf': 0, 'k': 0.35, 'stop': 0, 'R': 2.0, 'hold': 240}",608,42.9,0.855,-6428,391,45.3,0.865,-5509,369,45.0,0.917,-3184
NQ_DRIVE,2454,"{'A': 200, 'T': 240, 'x': 0.1, 'mode': 1, 'tf': 1, 'k': 0.2, 'stop': 0, 'R': 0.5, 'hold': 240}",306,66.0,0.846,-1675,188,70.7,1.205,1518,163,70.6,1.202,1343
NQ_DRIVE,2455,"{'A': 200, 'T': 240, 'x': 0.1, 'mode': 1, 'tf': 1, 'k': 0.2, 'stop': 0, 'R': 1.0, 'hold': 240}",306,48.7,0.881,-1792,188,56.9,1.129,1560,163,55.2,1.204,2030
NQ_DRIVE,2456,"{'A': 200, 'T': 240, 'x': 0.1, 'mode': 1, 'tf': 1, 'k': 0.2, 'stop': 0, 'R': 2.0, 'hold': 240}",306,38.6,0.893,-1872,188,42.0,1.032,478,163,39.9,1.047,598
NQ_DRIVE,2457,"{'A': 200, 'T': 240, 'x': 0.1, 'mode': 1, 'tf': 1, 'k': 0.35, 'stop': 0, 'R': 0.5, 'hold': 240}",306,59.8,0.834,-2885,188,66.0,1.051,674,163,63.8,1.011,127
NQ_DRIVE,2458,"{'A': 200, 'T': 240, 'x': 0.1, 'mode': 1, 'tf': 1, 'k': 0.35, 'stop': 0, 'R': 1.0, 'hold': 240}",306,48.0,0.874,-2542,188,49.5,0.965,-622,163,48.5,0.992,-121
NQ_DRIVE,2459,"{'A': 200, 'T': 240, 'x': 0.1, 'mode': 1, 'tf': 1, 'k': 0.35, 'stop': 0, 'R': 2.0, 'hold': 240}",306,43.5,0.88,-2515,188,44.1,0.847,-2921,163,42.9,0.887,-1856
NQ_DRIVE,2480,"{'A': 200, 'T': 240, 'x': 0.2, 'mode': 1, 'tf': 1, 'k': 0.2, 'stop': 0, 'R': 2.0, 'hold': 240}",158,37.3,0.839,-1545,91,36.3,0.831,-1467,83,36.1,0.946,-375
NQ_DRIVE,2481,"{'A': 200, 'T': 240, 'x': 0.2, 'mode': 1, 'tf': 1, 'k': 0.35, 'stop': 0, 'R': 0.5, 'hold': 240}",158,59.5,0.755,-2462,91,61.5,0.79,-1731,83,60.2,0.861,-939
NQ_DRIVE,2482,"{'A': 200, 'T': 240, 'x': 0.2, 'mode': 1, 'tf': 1, 'k': 0.35, 'stop': 0, 'R': 1.0, 'hold': 240}",158,48.1,0.842,-1795,91,46.2,0.818,-1849,83,45.8,0.916,-709
NQ_DRIVE,2483,"{'A': 200, 'T': 240, 'x': 0.2, 'mode': 1, 'tf': 1, 'k': 0.35, 'stop': 0, 'R': 2.0, 'hold': 240}",158,44.3,0.871,-1523,91,39.6,0.716,-3117,83,38.6,0.817,-1656
NQ_DRIVE,2468,"{'A': 200, 'T': 240, 'x': 0.1, 'mode': -1, 'tf': 1, 'k': 0.2, 'stop': 0, 'R': 2.0, 'hold': 240}",278,44.6,1.198,3021,191,39.8,1.161,2408,163,38.7,1.095,1278
NQ_DRIVE,2469,"{'A': 200, 'T': 240, 'x': 0.1, 'mode': -1, 'tf': 1, 'k': 0.35, 'stop': 0, 'R': 0.5, 'hold': 240}",278,63.7,0.914,-1353,191,63.4,1.035,489,163,62.6,0.958,-538
NQ_DRIVE,2470,"{'A': 200, 'T': 240, 'x': 0.1, 'mode': -1, 'tf': 1, 'k': 0.35, 'stop': 0, 'R': 1.0, 'hold': 240}",278,52.9,1.052,972,191,49.2,1.075,1336,163,49.1,1.011,184
NQ_DRIVE,2471,"{'A': 200, 'T': 240, 'x': 0.1, 'mode': -1, 'tf': 1, 'k': 0.35, 'stop': 0, 'R': 2.0, 'hold': 240}",278,47.8,1.045,866,191,44.0,0.95,-974,163,43.6,0.863,-2458
NQ_DRIVE,2472,"{'A': 200, 'T': 240, 'x': 0.2, 'mode': 1, 'tf': 0, 'k': 0.2, 'stop': 0, 'R': 0.5, 'hold': 240}",313,61.3,0.718,-3582,203,62.6,0.723,-3124,192,63.0,0.737,-2854
NQ_DRIVE,2473,"{'A': 200, 'T': 240, 'x': 0.2, 'mode': 1, 'tf': 0, 'k': 0.2, 'stop': 0, 'R': 1.0, 'hold': 240}",313,44.1,0.754,-4336,203,48.8,0.775,-3658,192,49.5,0.871,-1844
NQ_DRIVE,2474,"{'A': 200, 'T': 240, 'x': 0.2, 'mode': 1, 'tf': 0, 'k': 0.2, 'stop': 0, 'R': 2.0, 'hold': 240}",313,33.9,0.78,-4434,203,35.5,0.8,-3777,192,36.5,0.896,-1761
NQ_DRIVE,2475,"{'A': 200, 'T': 240, 'x': 0.2, 'mode': 1, 'tf': 0, 'k': 0.35, 'stop': 0, 'R': 0.5, 'hold': 240}",313,56.2,0.716,-5837,203,59.1,0.694,-5947,192,59.4,0.74,-4602
NQ_DRIVE,2476,"{'A': 200, 'T': 240, 'x': 0.2, 'mode': 1, 'tf': 0, 'k': 0.35, 'stop': 0, 'R': 1.0, 'hold': 240}",313,45.0,0.773,-5399,203,46.3,0.79,-4782,192,46.4,0.859,-2935
NQ_DRIVE,2477,"{'A': 200, 'T': 240, 'x': 0.2, 'mode': 1, 'tf': 0, 'k': 0.35, 'stop': 0, 'R': 2.0, 'hold': 240}",313,40.9,0.782,-5461,203,42.9,0.782,-5186,192,42.2,0.869,-2862
NQ_DRIVE,2478,"{'A': 200, 'T': 240, 'x': 0.2, 'mode': 1, 'tf': 1, 'k': 0.2, 'stop': 0, 'R': 0.5, 'hold': 240}",158,63.9,0.753,-1500,91,70.3,1.146,549,83,69.9,1.134,480
NQ_DRIVE,2479,"{'A': 200, 'T': 240, 'x': 0.2, 'mode': 1, 'tf': 1, 'k': 0.2, 'stop': 0, 'R': 1.0, 'hold': 240}",158,48.1,0.828,-1433,91,53.8,0.938,-435,83,53.0,1.12,649
NQ_DRIVE,2484,"{'A': 200, 'T': 240, 'x': 0.2, 'mode': -1, 'tf': 0, 'k': 0.2, 'stop': 0, 'R': 0.5, 'hold': 240}",311,71.1,1.198,1802,203,69.0,1.117,1000,192,68.8,1.109,905
NQ_DRIVE,2485,"{'A': 200, 'T': 240, 'x': 0.2, 'mode': -1, 'tf': 0, 'k': 0.2, 'stop': 0, 'R': 1.0, 'hold': 240}",313,55.3,1.155,2194,203,51.2,1.196,2579,192,50.5,1.064,825
NQ_DRIVE,2486,"{'A': 200, 'T': 240, 'x': 0.2, 'mode': -1, 'tf': 0, 'k': 0.2, 'stop': 0, 'R': 2.0, 'hold': 240}",313,44.4,1.235,3974,203,40.9,1.3,4716,192,40.6,1.218,3336
NQ_DRIVE,2487,"{'A': 200, 'T': 240, 'x': 0.2, 'mode': -1, 'tf': 0, 'k': 0.35, 'stop': 0, 'R': 0.5, 'hold': 240}",313,66.5,1.103,1597,203,65.5,1.177,2544,192,66.1,1.061,867
NQ_DRIVE,2464,"{'A': 200, 'T': 240, 'x': 0.1, 'mode': -1, 'tf': 0, 'k': 0.35, 'stop': 0, 'R': 1.0, 'hold': 240}",608,51.8,1.035,1371,391,50.4,1.057,2051,369,50.7,1.0,-15
NQ_DRIVE,2465,"{'A': 200, 'T': 240, 'x': 0.1, 'mode': -1, 'tf': 0, 'k': 0.35, 'stop': 0, 'R': 2.0, 'hold': 240}",608,48.2,1.02,819,391,46.8,1.02,752,369,47.2,0.971,-1107
NQ_DRIVE,2466,"{'A': 200, 'T': 240, 'x': 0.1, 'mode': -1, 'tf': 1, 'k': 0.2, 'stop': 0, 'R': 0.5, 'hold': 240}",276,69.9,1.071,619,191,71.2,1.222,1689,163,70.6,1.182,1244
NQ_DRIVE,2467,"{'A': 200, 'T': 240, 'x': 0.1, 'mode': -1, 'tf': 1, 'k': 0.2, 'stop': 0, 'R': 1.0, 'hold': 240}",278,55.8,1.13,1675,191,52.4,1.168,2020,163,51.5,1.115,1247
NQ_DRIVE,2460,"{'A': 200, 'T': 240, 'x': 0.1, 'mode': -1, 'tf': 0, 'k': 0.2, 'stop': 0, 'R': 0.5, 'hold': 240}",606,68.6,1.035,682,391,67.0,1.019,328,369,66.9,1.006,97
NQ_DRIVE,2461,"{'A': 200, 'T': 240, 'x': 0.1, 'mode': -1, 'tf': 0, 'k': 0.2, 'stop': 0, 'R': 1.0, 'hold': 240}",608,52.6,1.048,1342,391,48.6,1.011,302,369,48.8,0.946,-1417
NQ_DRIVE,2462,"{'A': 200, 'T': 240, 'x': 0.1, 'mode': -1, 'tf': 0, 'k': 0.2, 'stop': 0, 'R': 2.0, 'hold': 240}",608,43.3,1.132,4321,391,39.1,1.093,2878,369,39.3,1.059,1795
NQ_DRIVE,2463,"{'A': 200, 'T': 240, 'x': 0.1, 'mode': -1, 'tf': 0, 'k': 0.35, 'stop': 0, 'R': 0.5, 'hold': 240}",608,63.2,0.969,-993,391,61.4,0.965,-1054,369,61.5,0.896,-3107
NQ_DRIVE,2492,"{'A': 200, 'T': 240, 'x': 0.2, 'mode': -1, 'tf': 1, 'k': 0.2, 'stop': 0, 'R': 2.0, 'hold': 240}",148,45.3,1.241,1927,106,41.5,1.408,3208,91,40.7,1.365,2587
NQ_DRIVE,2493,"{'A': 200, 'T': 240, 'x': 0.2, 'mode': -1, 'tf': 1, 'k': 0.35, 'stop': 0, 'R': 0.5, 'hold': 240}",148,69.6,1.194,1382,106,65.1,1.102,765,91,64.8,0.998,-12
NQ_DRIVE,2494,"{'A': 200, 'T': 240, 'x': 0.2, 'mode': -1, 'tf': 1, 'k': 0.35, 'stop': 0, 'R': 1.0, 'hold': 240}",148,57.4,1.268,2398,106,49.1,1.134,1328,91,50.5,1.094,870
NQ_DRIVE,2495,"{'A': 200, 'T': 240, 'x': 0.2, 'mode': -1, 'tf': 1, 'k': 0.35, 'stop': 0, 'R': 2.0, 'hold': 240}",148,50.7,1.211,1974,106,43.4,1.013,151,91,44.0,0.959,-431
NQ_DRIVE,2488,"{'A': 200, 'T': 240, 'x': 0.2, 'mode': -1, 'tf': 0, 'k': 0.35, 'stop': 0, 'R': 1.0, 'hold': 240}",313,54.6,1.177,3417,203,51.7,1.19,3521,192,53.1,1.103,1888
NQ_DRIVE,2489,"{'A': 200, 'T': 240, 'x': 0.2, 'mode': -1, 'tf': 0, 'k': 0.35, 'stop': 0, 'R': 2.0, 'hold': 240}",313,49.5,1.126,2575,203,47.3,1.148,2978,192,48.4,1.066,1318
NQ_DRIVE,2490,"{'A': 200, 'T': 240, 'x': 0.2, 'mode': -1, 'tf': 1, 'k': 0.2, 'stop': 0, 'R': 0.5, 'hold': 240}",146,74.0,1.384,1501,106,70.8,1.275,1112,91,69.2,1.17,647
NQ_DRIVE,2491,"{'A': 200, 'T': 240, 'x': 0.2, 'mode': -1, 'tf': 1, 'k': 0.2, 'stop': 0, 'R': 1.0, 'hold': 240}",148,59.5,1.296,1906,106,52.8,1.287,1807,91,51.6,1.212,1231
NQ_DRIVE,2496,"{'A': 200, 'T': 240, 'x': 0.35, 'mode': 1, 'tf': 0, 'k': 0.2, 'stop': 0, 'R': 0.5, 'hold': 240}",113,58.4,0.656,-1658,69,58.0,0.64,-1581,64,62.5,0.765,-874
NQ_DRIVE,2497,"{'A': 200, 'T': 240, 'x': 0.35, 'mode': 1, 'tf': 0, 'k': 0.2, 'stop': 0, 'R': 1.0, 'hold': 240}",113,40.7,0.696,-2037,69,43.5,0.724,-1598,64,48.4,0.845,-793
NQ_DRIVE,2498,"{'A': 200, 'T': 240, 'x': 0.35, 'mode': 1, 'tf': 0, 'k': 0.2, 'stop': 0, 'R': 2.0, 'hold': 240}",113,29.2,0.728,-2091,69,31.9,0.838,-1102,64,34.4,0.924,-474
NQ_DRIVE,2499,"{'A': 200, 'T': 240, 'x': 0.35, 'mode': 1, 'tf': 0, 'k': 0.35, 'stop': 0, 'R': 0.5, 'hold': 240}",113,53.1,0.648,-2857,69,53.6,0.595,-2981,64,57.8,0.691,-2027
NQ_DRIVE,2504,"{'A': 200, 'T': 240, 'x': 0.35, 'mode': 1, 'tf': 1, 'k': 0.2, 'stop': 0, 'R': 2.0, 'hold': 240}",55,29.1,0.668,-1275,28,42.9,1.29,642,25,36.0,0.88,-289
NQ_DRIVE,2505,"{'A': 200, 'T': 240, 'x': 0.35, 'mode': 1, 'tf': 1, 'k': 0.35, 'stop': 0, 'R': 0.5, 'hold': 240}",55,54.5,0.552,-1873,28,64.3,0.976,-52,25,56.0,0.707,-722
NQ_DRIVE,2506,"{'A': 200, 'T': 240, 'x': 0.35, 'mode': 1, 'tf': 1, 'k': 0.35, 'stop': 0, 'R': 1.0, 'hold': 240}",55,49.1,0.845,-666,28,50.0,1.105,302,25,44.0,0.793,-665
NQ_DRIVE,2507,"{'A': 200, 'T': 240, 'x': 0.35, 'mode': 1, 'tf': 1, 'k': 0.35, 'stop': 0, 'R': 2.0, 'hold': 240}",55,38.2,0.648,-1673,28,42.9,0.891,-356,25,40.0,0.752,-826
NQ_DRIVE,2500,"{'A': 200, 'T': 240, 'x': 0.35, 'mode': 1, 'tf': 0, 'k': 0.35, 'stop': 0, 'R': 1.0, 'hold': 240}",113,44.2,0.812,-1700,69,40.6,0.721,-2480,64,42.2,0.792,-1699
NQ_DRIVE,2501,"{'A': 200, 'T': 240, 'x': 0.35, 'mode': 1, 'tf': 0, 'k': 0.35, 'stop': 0, 'R': 2.0, 'hold': 240}",113,35.4,0.643,-3565,69,36.2,0.741,-2453,64,37.5,0.812,-1644
NQ_DRIVE,2502,"{'A': 200, 'T': 240, 'x': 0.35, 'mode': 1, 'tf': 1, 'k': 0.2, 'stop': 0, 'R': 0.5, 'hold': 240}",55,58.2,0.554,-1120,28,67.9,1.015,20,25,64.0,0.919,-106
NQ_DRIVE,2503,"{'A': 200, 'T': 240, 'x': 0.35, 'mode': 1, 'tf': 1, 'k': 0.2, 'stop': 0, 'R': 1.0, 'hold': 240}",55,40.0,0.578,-1448,28,60.7,1.462,747,25,52.0,1.004,8
NQ_DRIVE,2508,"{'A': 200, 'T': 240, 'x': 0.35, 'mode': -1, 'tf': 0, 'k': 0.2, 'stop': 0, 'R': 0.5, 'hold': 240}",111,71.2,1.146,485,69,72.5,1.337,910,64,68.8,1.148,419
NQ_DRIVE,2509,"{'A': 200, 'T': 240, 'x': 0.35, 'mode': -1, 'tf': 0, 'k': 0.2, 'stop': 0, 'R': 1.0, 'hold': 240}",113,59.3,1.33,1575,69,56.5,1.283,1232,64,51.6,1.101,455
NQ_DRIVE,2510,"{'A': 200, 'T': 240, 'x': 0.35, 'mode': -1, 'tf': 0, 'k': 0.2, 'stop': 0, 'R': 2.0, 'hold': 240}",113,46.9,1.37,2258,69,47.8,1.52,2677,64,43.8,1.365,1931
NQ_DRIVE,2511,"{'A': 200, 'T': 240, 'x': 0.35, 'mode': -1, 'tf': 0, 'k': 0.35, 'stop': 0, 'R': 0.5, 'hold': 240}",113,69.0,1.143,795,69,71.0,1.261,1262,64,68.8,1.155,757
NQ_DRIVE,2512,"{'A': 200, 'T': 240, 'x': 0.35, 'mode': -1, 'tf': 0, 'k': 0.35, 'stop': 0, 'R': 1.0, 'hold': 240}",113,55.8,1.136,1036,69,59.4,1.32,2106,64,57.8,1.204,1353
NQ_DRIVE,2513,"{'A': 200, 'T': 240, 'x': 0.35, 'mode': -1, 'tf': 0, 'k': 0.35, 'stop': 0, 'R': 2.0, 'hold': 240}",113,48.7,1.104,842,69,55.1,1.2,1470,64,53.1,1.067,495
NQ_DRIVE,2514,"{'A': 200, 'T': 240, 'x': 0.35, 'mode': -1, 'tf': 1, 'k': 0.2, 'stop': 0, 'R': 0.5, 'hold': 240}",53,71.7,1.167,271,38,73.7,1.432,617,29,65.5,1.014,20
NQ_DRIVE,2515,"{'A': 200, 'T': 240, 'x': 0.35, 'mode': -1, 'tf': 1, 'k': 0.2, 'stop': 0, 'R': 1.0, 'hold': 240}",55,56.4,1.077,205,38,65.8,1.908,1718,29,55.2,1.316,599
NQ_DRIVE,2516,"{'A': 200, 'T': 240, 'x': 0.35, 'mode': -1, 'tf': 1, 'k': 0.2, 'stop': 0, 'R': 2.0, 'hold': 240}",55,43.6,1.031,104,38,55.3,2.238,2927,29,48.3,1.94,2061
NQ_DRIVE,2517,"{'A': 200, 'T': 240, 'x': 0.35, 'mode': -1, 'tf': 1, 'k': 0.35, 'stop': 0, 'R': 0.5, 'hold': 240}",55,70.9,1.139,385,38,73.7,1.379,965,29,65.5,0.998,-6
NQ_DRIVE,2518,"{'A': 200, 'T': 240, 'x': 0.35, 'mode': -1, 'tf': 1, 'k': 0.35, 'stop': 0, 'R': 1.0, 'hold': 240}",55,58.2,1.12,461,38,63.2,1.662,2194,29,58.6,1.409,1235
NQ_DRIVE,2519,"{'A': 200, 'T': 240, 'x': 0.35, 'mode': -1, 'tf': 1, 'k': 0.35, 'stop': 0, 'R': 2.0, 'hold': 240}",55,47.3,1.029,119,38,57.9,1.359,1408,29,51.7,1.084,306
NQ_DRIVE,2524,"{'A': 400, 'T': 15, 'x': 0.1, 'mode': 1, 'tf': 0, 'k': 0.35, 'stop': 0, 'R': 1.0, 'hold': 240}",119,50.4,0.892,-546,115,56.5,1.446,2912,105,55.2,1.14,937
NQ_DRIVE,2525,"{'A': 400, 'T': 15, 'x': 0.1, 'mode': 1, 'tf': 0, 'k': 0.35, 'stop': 0, 'R': 2.0, 'hold': 240}",119,48.7,0.868,-692,115,55.7,1.548,3598,105,55.2,1.276,1848
NQ_DRIVE,2526,"{'A': 400, 'T': 15, 'x': 0.1, 'mode': 1, 'tf': 1, 'k': 0.2, 'stop': 0, 'R': 0.5, 'hold': 240}",55,69.1,1.46,519,45,62.2,0.886,-245,42,66.7,1.015,28
NQ_DRIVE,2527,"{'A': 400, 'T': 15, 'x': 0.1, 'mode': 1, 'tf': 1, 'k': 0.2, 'stop': 0, 'R': 1.0, 'hold': 240}",55,56.4,1.357,576,45,57.8,1.173,441,42,54.8,0.914,-246
NQ_DRIVE,2520,"{'A': 400, 'T': 15, 'x': 0.1, 'mode': 1, 'tf': 0, 'k': 0.2, 'stop': 0, 'R': 0.5, 'hold': 240}",119,64.7,1.081,254,115,67.0,1.125,550,105,69.5,1.251,990
NQ_DRIVE,2521,"{'A': 400, 'T': 15, 'x': 0.1, 'mode': 1, 'tf': 0, 'k': 0.2, 'stop': 0, 'R': 1.0, 'hold': 240}",119,50.4,1.1,397,115,55.7,1.167,968,105,54.3,1.072,420
NQ_DRIVE,2522,"{'A': 400, 'T': 15, 'x': 0.1, 'mode': 1, 'tf': 0, 'k': 0.2, 'stop': 0, 'R': 2.0, 'hold': 240}",119,46.2,1.032,138,115,50.4,1.112,747,105,48.6,1.037,244
NQ_DRIVE,2523,"{'A': 400, 'T': 15, 'x': 0.1, 'mode': 1, 'tf': 0, 'k': 0.35, 'stop': 0, 'R': 0.5, 'hold': 240}",119,56.3,1.033,149,115,60.9,1.396,2333,105,61.0,1.108,645
NQ_DRIVE,2528,"{'A': 400, 'T': 15, 'x': 0.1, 'mode': 1, 'tf': 1, 'k': 0.2, 'stop': 0, 'R': 2.0, 'hold': 240}",55,52.7,1.465,836,45,53.3,1.092,277,42,50.0,0.903,-299
NQ_DRIVE,2529,"{'A': 400, 'T': 15, 'x': 0.1, 'mode': 1, 'tf': 1, 'k': 0.35, 'stop': 0, 'R': 0.5, 'hold': 240}",55,63.6,1.663,967,45,64.4,0.958,-130,42,66.7,1.03,88
NQ_DRIVE,2530,"{'A': 400, 'T': 15, 'x': 0.1, 'mode': 1, 'tf': 1, 'k': 0.35, 'stop': 0, 'R': 1.0, 'hold': 240}",55,60.0,1.619,1057,45,60.0,1.227,709,42,59.5,1.136,413
NQ_DRIVE,2531,"{'A': 400, 'T': 15, 'x': 0.1, 'mode': 1, 'tf': 1, 'k': 0.35, 'stop': 0, 'R': 2.0, 'hold': 240}",55,56.4,1.471,892,45,60.0,1.291,909,42,59.5,1.172,521
NQ_DRIVE,2532,"{'A': 400, 'T': 15, 'x': 0.1, 'mode': -1, 'tf': 0, 'k': 0.2, 'stop': 0, 'R': 0.5, 'hold': 240}",119,63.9,0.979,-74,115,52.2,0.615,-2447,105,52.4,0.607,-2429
NQ_DRIVE,2533,"{'A': 400, 'T': 15, 'x': 0.1, 'mode': -1, 'tf': 0, 'k': 0.2, 'stop': 0, 'R': 1.0, 'hold': 240}",119,47.9,0.776,-1052,115,43.5,0.776,-1593,105,45.7,0.846,-1013
NQ_DRIVE,2534,"{'A': 400, 'T': 15, 'x': 0.1, 'mode': -1, 'tf': 0, 'k': 0.2, 'stop': 0, 'R': 2.0, 'hold': 240}",119,44.5,0.89,-548,115,38.3,0.656,-3125,105,39.0,0.769,-1771
NQ_DRIVE,2535,"{'A': 400, 'T': 15, 'x': 0.1, 'mode': -1, 'tf': 0, 'k': 0.35, 'stop': 0, 'R': 0.5, 'hold': 240}",119,56.3,0.936,-272,115,48.7,0.797,-1517,105,52.4,0.894,-722
NQ_DRIVE,2544,"{'A': 400, 'T': 15, 'x': 0.2, 'mode': 1, 'tf': 0, 'k': 0.2, 'stop': 0, 'R': 0.5, 'hold': 240}",11,63.6,,-122,14,57.1,,-309,14,64.3,,-62
NQ_DRIVE,2545,"{'A': 400, 'T': 15, 'x': 0.2, 'mode': 1, 'tf': 0, 'k': 0.2, 'stop': 0, 'R': 1.0, 'hold': 240}",11,54.5,,37,14,50.0,,-121,14,57.1,,49
NQ_DRIVE,2546,"{'A': 400, 'T': 15, 'x': 0.2, 'mode': 1, 'tf': 0, 'k': 0.2, 'stop': 0, 'R': 2.0, 'hold': 240}",11,54.5,,292,14,42.9,,2,14,50.0,,169
NQ_DRIVE,2547,"{'A': 400, 'T': 15, 'x': 0.2, 'mode': 1, 'tf': 0, 'k': 0.35, 'stop': 0, 'R': 0.5, 'hold': 240}",11,72.7,,127,14,57.1,,-256,14,57.1,,-519
NQ_DRIVE,2536,"{'A': 400, 'T': 15, 'x': 0.1, 'mode': -1, 'tf': 0, 'k': 0.35, 'stop': 0, 'R': 1.0, 'hold': 240}",119,47.9,0.974,-129,115,40.9,0.637,-3561,105,42.9,0.78,-1770
NQ_DRIVE,2537,"{'A': 400, 'T': 15, 'x': 0.1, 'mode': -1, 'tf': 0, 'k': 0.35, 'stop': 0, 'R': 2.0, 'hold': 240}",119,47.1,1.043,209,115,40.9,0.693,-3009,105,42.9,0.842,-1268
NQ_DRIVE,2538,"{'A': 400, 'T': 15, 'x': 0.1, 'mode': -1, 'tf': 1, 'k': 0.2, 'stop': 0, 'R': 0.5, 'hold': 240}",60,70.0,1.216,345,69,52.2,0.593,-1525,55,54.5,0.64,-1096
NQ_DRIVE,2539,"{'A': 400, 'T': 15, 'x': 0.1, 'mode': -1, 'tf': 1, 'k': 0.2, 'stop': 0, 'R': 1.0, 'hold': 240}",60,56.7,1.041,86,69,43.5,0.737,-1049,55,45.5,0.738,-854
NQ_DRIVE,2548,"{'A': 400, 'T': 15, 'x': 0.2, 'mode': 1, 'tf': 0, 'k': 0.35, 'stop': 0, 'R': 1.0, 'hold': 240}",11,63.6,,242,14,50.0,,-77,14,50.0,,-323
NQ_DRIVE,2549,"{'A': 400, 'T': 15, 'x': 0.2, 'mode': 1, 'tf': 0, 'k': 0.35, 'stop': 0, 'R': 2.0, 'hold': 240}",11,54.5,,361,14,50.0,,435,14,50.0,,186
NQ_DRIVE,2550,"{'A': 400, 'T': 15, 'x': 0.2, 'mode': 1, 'tf': 1, 'k': 0.2, 'stop': 0, 'R': 0.5, 'hold': 240}",6,66.7,,-48,6,33.3,,-454,6,33.3,,-460
NQ_DRIVE,2551,"{'A': 400, 'T': 15, 'x': 0.2, 'mode': 1, 'tf': 1, 'k': 0.2, 'stop': 0, 'R': 1.0, 'hold': 240}",6,66.7,,112,6,33.3,,-283,6,33.3,,-288
NQ_DRIVE,2540,"{'A': 400, 'T': 15, 'x': 0.1, 'mode': -1, 'tf': 1, 'k': 0.2, 'stop': 0, 'R': 2.0, 'hold': 240}",60,55.0,1.394,828,69,37.7,0.435,-3217,55,40.0,0.629,-1346
NQ_DRIVE,2541,"{'A': 400, 'T': 15, 'x': 0.1, 'mode': -1, 'tf': 1, 'k': 0.35, 'stop': 0, 'R': 0.5, 'hold': 240}",60,65.0,1.512,776,69,49.3,0.795,-840,55,50.9,0.767,-831
NQ_DRIVE,2542,"{'A': 400, 'T': 15, 'x': 0.1, 'mode': -1, 'tf': 1, 'k': 0.35, 'stop': 0, 'R': 1.0, 'hold': 240}",60,60.0,1.934,1524,69,42.0,0.512,-2845,55,41.8,0.548,-1845
NQ_DRIVE,2543,"{'A': 400, 'T': 15, 'x': 0.1, 'mode': -1, 'tf': 1, 'k': 0.35, 'stop': 0, 'R': 2.0, 'hold': 240}",60,60.0,2.212,1978,69,42.0,0.598,-2341,55,41.8,0.648,-1436
NQ_DRIVE,2552,"{'A': 400, 'T': 15, 'x': 0.2, 'mode': 1, 'tf': 1, 'k': 0.2, 'stop': 0, 'R': 2.0, 'hold': 240}",6,66.7,,432,6,16.7,,-477,6,16.7,,-485
NQ_DRIVE,2553,"{'A': 400, 'T': 15, 'x': 0.2, 'mode': 1, 'tf': 1, 'k': 0.35, 'stop': 0, 'R': 0.5, 'hold': 240}",6,83.3,,195,6,33.3,,-683,6,33.3,,-692
NQ_DRIVE,2554,"{'A': 400, 'T': 15, 'x': 0.2, 'mode': 1, 'tf': 1, 'k': 0.35, 'stop': 0, 'R': 1.0, 'hold': 240}",6,83.3,,475,6,16.7,,-699,6,16.7,,-704
NQ_DRIVE,2555,"{'A': 400, 'T': 15, 'x': 0.2, 'mode': 1, 'tf': 1, 'k': 0.35, 'stop': 0, 'R': 2.0, 'hold': 240}",6,66.7,,594,6,16.7,,-618,6,16.7,,-624
NQ_DRIVE,2556,"{'A': 400, 'T': 15, 'x': 0.2, 'mode': -1, 'tf': 0, 'k': 0.2, 'stop': 0, 'R': 0.5, 'hold': 240}",11,81.8,,218,14,64.3,,-115,14,57.1,,-193
NQ_DRIVE,2557,"{'A': 400, 'T': 15, 'x': 0.2, 'mode': -1, 'tf': 0, 'k': 0.2, 'stop': 0, 'R': 1.0, 'hold': 240}",11,45.5,,-96,14,50.0,,45,14,42.9,,-125
NQ_DRIVE,2558,"{'A': 400, 'T': 15, 'x': 0.2, 'mode': -1, 'tf': 0, 'k': 0.2, 'stop': 0, 'R': 2.0, 'hold': 240}",11,36.4,,-112,14,35.7,,145,14,35.7,,152
NQ_DRIVE,2559,"{'A': 400, 'T': 15, 'x': 0.2, 'mode': -1, 'tf': 0, 'k': 0.35, 'stop': 0, 'R': 0.5, 'hold': 240}",11,54.5,,-192,14,57.1,,-95,14,57.1,,-89
NQ_DRIVE,2560,"{'A': 400, 'T': 15, 'x': 0.2, 'mode': -1, 'tf': 0, 'k': 0.35, 'stop': 0, 'R': 1.0, 'hold': 240}",11,36.4,,-304,14,35.7,,0,14,35.7,,5
NQ_DRIVE,2561,"{'A': 400, 'T': 15, 'x': 0.2, 'mode': -1, 'tf': 0, 'k': 0.35, 'stop': 0, 'R': 2.0, 'hold': 240}",11,36.4,,-191,14,35.7,,-105,14,35.7,,-107
NQ_DRIVE,2562,"{'A': 400, 'T': 15, 'x': 0.2, 'mode': -1, 'tf': 1, 'k': 0.2, 'stop': 0, 'R': 0.5, 'hold': 240}",5,100.0,,251,7,42.9,,-399,7,28.6,,-481
NQ_DRIVE,2563,"{'A': 400, 'T': 15, 'x': 0.2, 'mode': -1, 'tf': 1, 'k': 0.2, 'stop': 0, 'R': 1.0, 'hold': 240}",5,60.0,,48,7,28.6,,-345,7,14.3,,-520
NQ_DRIVE,2564,"{'A': 400, 'T': 15, 'x': 0.2, 'mode': -1, 'tf': 1, 'k': 0.2, 'stop': 0, 'R': 2.0, 'hold': 240}",5,60.0,,140,7,0.0,,-687,7,0.0,,-687
NQ_DRIVE,2565,"{'A': 400, 'T': 15, 'x': 0.2, 'mode': -1, 'tf': 1, 'k': 0.35, 'stop': 0, 'R': 0.5, 'hold': 240}",5,80.0,,217,7,28.6,,-604,7,28.6,,-605
NQ_DRIVE,2566,"{'A': 400, 'T': 15, 'x': 0.2, 'mode': -1, 'tf': 1, 'k': 0.35, 'stop': 0, 'R': 1.0, 'hold': 240}",5,60.0,,204,7,0.0,,-912,7,0.0,,-912
NQ_DRIVE,2567,"{'A': 400, 'T': 15, 'x': 0.2, 'mode': -1, 'tf': 1, 'k': 0.35, 'stop': 0, 'R': 2.0, 'hold': 240}",5,60.0,,204,7,0.0,,-912,7,0.0,,-912
NQ_DRIVE,2568,"{'A': 400, 'T': 15, 'x': 0.35, 'mode': 1, 'tf': 0, 'k': 0.2, 'stop': 0, 'R': 0.5, 'hold': 240}",0,,,0,0,,,0,0,,,0
NQ_DRIVE,2569,"{'A': 400, 'T': 15, 'x': 0.35, 'mode': 1, 'tf': 0, 'k': 0.2, 'stop': 0, 'R': 1.0, 'hold': 240}",0,,,0,0,,,0,0,,,0
NQ_DRIVE,2570,"{'A': 400, 'T': 15, 'x': 0.35, 'mode': 1, 'tf': 0, 'k': 0.2, 'stop': 0, 'R': 2.0, 'hold': 240}",0,,,0,0,,,0,0,,,0
NQ_DRIVE,2571,"{'A': 400, 'T': 15, 'x': 0.35, 'mode': 1, 'tf': 0, 'k': 0.35, 'stop': 0, 'R': 0.5, 'hold': 240}",0,,,0,0,,,0,0,,,0
NQ_DRIVE,2572,"{'A': 400, 'T': 15, 'x': 0.35, 'mode': 1, 'tf': 0, 'k': 0.35, 'stop': 0, 'R': 1.0, 'hold': 240}",0,,,0,0,,,0,0,,,0
NQ_DRIVE,2573,"{'A': 400, 'T': 15, 'x': 0.35, 'mode': 1, 'tf': 0, 'k': 0.35, 'stop': 0, 'R': 2.0, 'hold': 240}",0,,,0,0,,,0,0,,,0
NQ_DRIVE,2574,"{'A': 400, 'T': 15, 'x': 0.35, 'mode': 1, 'tf': 1, 'k': 0.2, 'stop': 0, 'R': 0.5, 'hold': 240}",0,,,0,0,,,0,0,,,0
NQ_DRIVE,2575,"{'A': 400, 'T': 15, 'x': 0.35, 'mode': 1, 'tf': 1, 'k': 0.2, 'stop': 0, 'R': 1.0, 'hold': 240}",0,,,0,0,,,0,0,,,0
NQ_DRIVE,2580,"{'A': 400, 'T': 15, 'x': 0.35, 'mode': -1, 'tf': 0, 'k': 0.2, 'stop': 0, 'R': 0.5, 'hold': 240}",0,,,0,0,,,0,0,,,0
NQ_DRIVE,2581,"{'A': 400, 'T': 15, 'x': 0.35, 'mode': -1, 'tf': 0, 'k': 0.2, 'stop': 0, 'R': 1.0, 'hold': 240}",0,,,0,0,,,0,0,,,0
NQ_DRIVE,2582,"{'A': 400, 'T': 15, 'x': 0.35, 'mode': -1, 'tf': 0, 'k': 0.2, 'stop': 0, 'R': 2.0, 'hold': 240}",0,,,0,0,,,0,0,,,0
NQ_DRIVE,2583,"{'A': 400, 'T': 15, 'x': 0.35, 'mode': -1, 'tf': 0, 'k': 0.35, 'stop': 0, 'R': 0.5, 'hold': 240}",0,,,0,0,,,0,0,,,0
NQ_DRIVE,2584,"{'A': 400, 'T': 15, 'x': 0.35, 'mode': -1, 'tf': 0, 'k': 0.35, 'stop': 0, 'R': 1.0, 'hold': 240}",0,,,0,0,,,0,0,,,0
NQ_DRIVE,2585,"{'A': 400, 'T': 15, 'x': 0.35, 'mode': -1, 'tf': 0, 'k': 0.35, 'stop': 0, 'R': 2.0, 'hold': 240}",0,,,0,0,,,0,0,,,0
NQ_DRIVE,2586,"{'A': 400, 'T': 15, 'x': 0.35, 'mode': -1, 'tf': 1, 'k': 0.2, 'stop': 0, 'R': 0.5, 'hold': 240}",0,,,0,0,,,0,0,,,0
NQ_DRIVE,2587,"{'A': 400, 'T': 15, 'x': 0.35, 'mode': -1, 'tf': 1, 'k': 0.2, 'stop': 0, 'R': 1.0, 'hold': 240}",0,,,0,0,,,0,0,,,0
NQ_DRIVE,2576,"{'A': 400, 'T': 15, 'x': 0.35, 'mode': 1, 'tf': 1, 'k': 0.2, 'stop': 0, 'R': 2.0, 'hold': 240}",0,,,0,0,,,0,0,,,0
NQ_DRIVE,2577,"{'A': 400, 'T': 15, 'x': 0.35, 'mode': 1, 'tf': 1, 'k': 0.35, 'stop': 0, 'R': 0.5, 'hold': 240}",0,,,0,0,,,0,0,,,0
NQ_DRIVE,2578,"{'A': 400, 'T': 15, 'x': 0.35, 'mode': 1, 'tf': 1, 'k': 0.35, 'stop': 0, 'R': 1.0, 'hold': 240}",0,,,0,0,,,0,0,,,0
NQ_DRIVE,2579,"{'A': 400, 'T': 15, 'x': 0.35, 'mode': 1, 'tf': 1, 'k': 0.35, 'stop': 0, 'R': 2.0, 'hold': 240}",0,,,0,0,,,0,0,,,0
NQ_DRIVE,2588,"{'A': 400, 'T': 15, 'x': 0.35, 'mode': -1, 'tf': 1, 'k': 0.2, 'stop': 0, 'R': 2.0, 'hold': 240}",0,,,0,0,,,0,0,,,0
NQ_DRIVE,2589,"{'A': 400, 'T': 15, 'x': 0.35, 'mode': -1, 'tf': 1, 'k': 0.35, 'stop': 0, 'R': 0.5, 'hold': 240}",0,,,0,0,,,0,0,,,0
NQ_DRIVE,2590,"{'A': 400, 'T': 15, 'x': 0.35, 'mode': -1, 'tf': 1, 'k': 0.35, 'stop': 0, 'R': 1.0, 'hold': 240}",0,,,0,0,,,0,0,,,0
NQ_DRIVE,2591,"{'A': 400, 'T': 15, 'x': 0.35, 'mode': -1, 'tf': 1, 'k': 0.35, 'stop': 0, 'R': 2.0, 'hold': 240}",0,,,0,0,,,0,0,,,0
NQ_DRIVE,2592,"{'A': 400, 'T': 30, 'x': 0.1, 'mode': 1, 'tf': 0, 'k': 0.2, 'stop': 0, 'R': 0.5, 'hold': 240}",228,64.0,0.919,-591,173,62.4,0.877,-1029,160,60.6,0.865,-1112
NQ_DRIVE,2593,"{'A': 400, 'T': 30, 'x': 0.1, 'mode': 1, 'tf': 0, 'k': 0.2, 'stop': 0, 'R': 1.0, 'hold': 240}",228,49.6,0.855,-1434,173,47.4,0.887,-1364,160,45.0,0.756,-2895
NQ_DRIVE,2594,"{'A': 400, 'T': 30, 'x': 0.1, 'mode': 1, 'tf': 0, 'k': 0.2, 'stop': 0, 'R': 2.0, 'hold': 240}",228,44.7,0.867,-1408,173,44.5,0.974,-317,160,41.9,0.84,-1931
NQ_DRIVE,2595,"{'A': 400, 'T': 30, 'x': 0.1, 'mode': 1, 'tf': 0, 'k': 0.35, 'stop': 0, 'R': 0.5, 'hold': 240}",228,58.3,1.007,72,173,54.3,0.727,-3704,160,51.9,0.712,-3766
NQ_DRIVE,2600,"{'A': 400, 'T': 30, 'x': 0.1, 'mode': 1, 'tf': 1, 'k': 0.2, 'stop': 0, 'R': 2.0, 'hold': 240}",112,51.8,1.254,1134,74,50.0,1.118,578,67,47.8,1.019,93
NQ_DRIVE,2601,"{'A': 400, 'T': 30, 'x': 0.1, 'mode': 1, 'tf': 1, 'k': 0.35, 'stop': 0, 'R': 0.5, 'hold': 240}",112,60.7,1.231,926,74,54.1,0.71,-1808,67,53.7,0.688,-1888
NQ_DRIVE,2602,"{'A': 400, 'T': 30, 'x': 0.1, 'mode': 1, 'tf': 1, 'k': 0.35, 'stop': 0, 'R': 1.0, 'hold': 240}",112,55.4,1.216,1011,74,51.4,0.911,-569,67,50.7,0.861,-868
NQ_DRIVE,2603,"{'A': 400, 'T': 30, 'x': 0.1, 'mode': 1, 'tf': 1, 'k': 0.35, 'stop': 0, 'R': 2.0, 'hold': 240}",112,52.7,1.286,1371,74,47.3,0.716,-1930,67,47.8,0.675,-2110
NQ_DRIVE,2596,"{'A': 400, 'T': 30, 'x': 0.1, 'mode': 1, 'tf': 0, 'k': 0.35, 'stop': 0, 'R': 1.0, 'hold': 240}",228,49.1,0.864,-1549,173,50.3,0.952,-673,160,48.1,0.869,-1741
NQ_DRIVE,2597,"{'A': 400, 'T': 30, 'x': 0.1, 'mode': 1, 'tf': 0, 'k': 0.35, 'stop': 0, 'R': 2.0, 'hold': 240}",228,47.8,0.913,-1002,173,48.6,0.911,-1286,160,46.9,0.854,-1978
NQ_DRIVE,2598,"{'A': 400, 'T': 30, 'x': 0.1, 'mode': 1, 'tf': 1, 'k': 0.2, 'stop': 0, 'R': 0.5, 'hold': 240}",112,66.1,1.031,99,74,64.9,1.013,44,67,67.2,1.15,442
NQ_DRIVE,2599,"{'A': 400, 'T': 30, 'x': 0.1, 'mode': 1, 'tf': 1, 'k': 0.2, 'stop': 0, 'R': 1.0, 'hold': 240}",112,57.1,1.23,927,74,52.7,0.967,-156,67,50.7,0.909,-415
NQ_DRIVE,2604,"{'A': 400, 'T': 30, 'x': 0.1, 'mode': -1, 'tf': 0, 'k': 0.2, 'stop': 0, 'R': 0.5, 'hold': 240}",228,64.5,0.976,-168,173,62.4,0.966,-273,160,64.4,1.031,227
NQ_DRIVE,2605,"{'A': 400, 'T': 30, 'x': 0.1, 'mode': -1, 'tf': 0, 'k': 0.2, 'stop': 0, 'R': 1.0, 'hold': 240}",228,48.2,0.979,-191,173,51.4,1.024,271,160,53.8,1.217,2030
NQ_DRIVE,2606,"{'A': 400, 'T': 30, 'x': 0.1, 'mode': -1, 'tf': 0, 'k': 0.2, 'stop': 0, 'R': 2.0, 'hold': 240}",228,43.9,0.988,-122,173,45.7,1.025,310,160,46.2,1.129,1382
NQ_DRIVE,2607,"{'A': 400, 'T': 30, 'x': 0.1, 'mode': -1, 'tf': 0, 'k': 0.35, 'stop': 0, 'R': 0.5, 'hold': 240}",228,55.3,1.027,243,173,54.9,1.048,515,160,57.5,1.111,1099
NQ_DRIVE,2608,"{'A': 400, 'T': 30, 'x': 0.1, 'mode': -1, 'tf': 0, 'k': 0.35, 'stop': 0, 'R': 1.0, 'hold': 240}",228,49.1,1.025,258,173,48.0,0.979,-299,160,49.4,1.07,840
NQ_DRIVE,2609,"{'A': 400, 'T': 30, 'x': 0.1, 'mode': -1, 'tf': 0, 'k': 0.35, 'stop': 0, 'R': 2.0, 'hold': 240}",228,47.8,0.997,-32,173,47.4,0.955,-638,160,48.1,1.001,9
NQ_DRIVE,2610,"{'A': 400, 'T': 30, 'x': 0.1, 'mode': -1, 'tf': 1, 'k': 0.2, 'stop': 0, 'R': 0.5, 'hold': 240}",112,68.8,1.309,853,93,67.7,1.306,1079,73,69.9,1.37,1053
NQ_DRIVE,2611,"{'A': 400, 'T': 30, 'x': 0.1, 'mode': -1, 'tf': 1, 'k': 0.2, 'stop': 0, 'R': 1.0, 'hold': 240}",112,55.4,1.45,1657,93,55.9,1.146,876,73,57.5,1.447,1744
NQ_DRIVE,2612,"{'A': 400, 'T': 30, 'x': 0.1, 'mode': -1, 'tf': 1, 'k': 0.2, 'stop': 0, 'R': 2.0, 'hold': 240}",112,49.1,1.383,1681,93,46.2,1.044,306,73,45.2,1.04,193
NQ_DRIVE,2613,"{'A': 400, 'T': 30, 'x': 0.1, 'mode': -1, 'tf': 1, 'k': 0.35, 'stop': 0, 'R': 0.5, 'hold': 240}",112,60.7,1.521,1731,93,59.1,1.459,2104,73,61.6,1.426,1669
NQ_DRIVE,2614,"{'A': 400, 'T': 30, 'x': 0.1, 'mode': -1, 'tf': 1, 'k': 0.35, 'stop': 0, 'R': 1.0, 'hold': 240}",112,55.4,1.579,2318,93,48.4,0.983,-121,73,47.9,0.921,-427
NQ_DRIVE,2615,"{'A': 400, 'T': 30, 'x': 0.1, 'mode': -1, 'tf': 1, 'k': 0.35, 'stop': 0, 'R': 2.0, 'hold': 240}",112,53.6,1.506,2229,93,48.4,1.108,788,73,47.9,0.991,-46
NQ_DRIVE,2620,"{'A': 400, 'T': 30, 'x': 0.2, 'mode': 1, 'tf': 0, 'k': 0.35, 'stop': 0, 'R': 1.0, 'hold': 240}",42,45.2,0.604,-1139,38,39.5,0.632,-1499,35,40.0,0.702,-1096
NQ_DRIVE,2621,"{'A': 400, 'T': 30, 'x': 0.2, 'mode': 1, 'tf': 0, 'k': 0.35, 'stop': 0, 'R': 2.0, 'hold': 240}",42,45.2,0.788,-609,38,39.5,0.699,-1226,35,40.0,0.774,-829
NQ_DRIVE,2622,"{'A': 400, 'T': 30, 'x': 0.2, 'mode': 1, 'tf': 1, 'k': 0.2, 'stop': 0, 'R': 0.5, 'hold': 240}",23,69.6,0.852,-110,14,50.0,,-643,15,60.0,,-441
NQ_DRIVE,2623,"{'A': 400, 'T': 30, 'x': 0.2, 'mode': 1, 'tf': 1, 'k': 0.2, 'stop': 0, 'R': 1.0, 'hold': 240}",23,60.9,1.049,47,14,42.9,,-294,15,40.0,,-472
NQ_DRIVE,2628,"{'A': 400, 'T': 30, 'x': 0.2, 'mode': -1, 'tf': 0, 'k': 0.2, 'stop': 0, 'R': 0.5, 'hold': 240}",42,71.4,1.33,338,38,68.4,0.952,-87,35,65.7,0.867,-243
NQ_DRIVE,2629,"{'A': 400, 'T': 30, 'x': 0.2, 'mode': -1, 'tf': 0, 'k': 0.2, 'stop': 0, 'R': 1.0, 'hold': 240}",42,54.8,1.429,654,38,63.2,1.437,913,35,60.0,1.292,613
NQ_DRIVE,2630,"{'A': 400, 'T': 30, 'x': 0.2, 'mode': -1, 'tf': 0, 'k': 0.2, 'stop': 0, 'R': 2.0, 'hold': 240}",42,45.2,1.394,739,38,52.6,1.307,807,35,51.4,1.231,586
NQ_DRIVE,2631,"{'A': 400, 'T': 30, 'x': 0.2, 'mode': -1, 'tf': 0, 'k': 0.35, 'stop': 0, 'R': 0.5, 'hold': 240}",42,61.9,1.34,530,38,68.4,1.399,853,35,65.7,1.251,539
NQ_DRIVE,2616,"{'A': 400, 'T': 30, 'x': 0.2, 'mode': 1, 'tf': 0, 'k': 0.2, 'stop': 0, 'R': 0.5, 'hold': 240}",42,66.7,0.867,-188,38,57.9,0.698,-641,35,60.0,0.741,-503
NQ_DRIVE,2617,"{'A': 400, 'T': 30, 'x': 0.2, 'mode': 1, 'tf': 0, 'k': 0.2, 'stop': 0, 'R': 1.0, 'hold': 240}",42,45.2,0.617,-880,38,36.8,0.644,-1116,35,40.0,0.717,-800
NQ_DRIVE,2618,"{'A': 400, 'T': 30, 'x': 0.2, 'mode': 1, 'tf': 0, 'k': 0.2, 'stop': 0, 'R': 2.0, 'hold': 240}",42,40.5,0.7,-719,38,31.6,0.604,-1328,35,34.3,0.666,-1014
NQ_DRIVE,2619,"{'A': 400, 'T': 30, 'x': 0.2, 'mode': 1, 'tf': 0, 'k': 0.35, 'stop': 0, 'R': 0.5, 'hold': 240}",42,52.4,0.542,-1247,38,50.0,0.676,-1140,35,48.6,0.625,-1293
NQ_DRIVE,2624,"{'A': 400, 'T': 30, 'x': 0.2, 'mode': 1, 'tf': 1, 'k': 0.2, 'stop': 0, 'R': 2.0, 'hold': 240}",23,56.5,1.407,407,14,35.7,,-613,15,33.3,,-854
NQ_DRIVE,2625,"{'A': 400, 'T': 30, 'x': 0.2, 'mode': 1, 'tf': 1, 'k': 0.35, 'stop': 0, 'R': 0.5, 'hold': 240}",23,65.2,0.863,-153,14,42.9,,-1051,15,40.0,,-1337
NQ_DRIVE,2626,"{'A': 400, 'T': 30, 'x': 0.2, 'mode': 1, 'tf': 1, 'k': 0.35, 'stop': 0, 'R': 1.0, 'hold': 240}",23,60.9,1.215,250,14,35.7,,-1241,15,33.3,,-1588
NQ_DRIVE,2627,"{'A': 400, 'T': 30, 'x': 0.2, 'mode': 1, 'tf': 1, 'k': 0.35, 'stop': 0, 'R': 2.0, 'hold': 240}",23,60.9,1.584,679,14,35.7,,-1268,15,33.3,,-1615
NQ_DRIVE,2632,"{'A': 400, 'T': 30, 'x': 0.2, 'mode': -1, 'tf': 0, 'k': 0.35, 'stop': 0, 'R': 1.0, 'hold': 240}",42,54.8,1.489,903,38,60.5,1.484,1287,35,60.0,1.339,901
NQ_DRIVE,2633,"{'A': 400, 'T': 30, 'x': 0.2, 'mode': -1, 'tf': 0, 'k': 0.35, 'stop': 0, 'R': 2.0, 'hold': 240}",42,50.0,1.261,585,38,57.9,1.269,743,35,57.1,1.159,439
NQ_DRIVE,2634,"{'A': 400, 'T': 30, 'x': 0.2, 'mode': -1, 'tf': 1, 'k': 0.2, 'stop': 0, 'R': 0.5, 'hold': 240}",19,78.9,,298,23,69.6,0.996,-5,18,66.7,,-80
NQ_DRIVE,2635,"{'A': 400, 'T': 30, 'x': 0.2, 'mode': -1, 'tf': 1, 'k': 0.2, 'stop': 0, 'R': 1.0, 'hold': 240}",19,73.7,,825,23,65.2,1.444,554,18,61.1,,247
NQ_DRIVE,2644,"{'A': 400, 'T': 30, 'x': 0.35, 'mode': 1, 'tf': 0, 'k': 0.35, 'stop': 0, 'R': 1.0, 'hold': 240}",3,66.7,,181,8,37.5,,-327,7,42.9,,-181
NQ_DRIVE,2645,"{'A': 400, 'T': 30, 'x': 0.35, 'mode': 1, 'tf': 0, 'k': 0.35, 'stop': 0, 'R': 2.0, 'hold': 240}",3,66.7,,499,8,37.5,,-354,7,42.9,,-208
NQ_DRIVE,2646,"{'A': 400, 'T': 30, 'x': 0.35, 'mode': 1, 'tf': 1, 'k': 0.2, 'stop': 0, 'R': 0.5, 'hold': 240}",3,100.0,,123,4,75.0,,41,5,80.0,,93
NQ_DRIVE,2647,"{'A': 400, 'T': 30, 'x': 0.35, 'mode': 1, 'tf': 1, 'k': 0.2, 'stop': 0, 'R': 1.0, 'hold': 240}",3,66.7,,100,4,75.0,,293,5,60.0,,173
NQ_DRIVE,2636,"{'A': 400, 'T': 30, 'x': 0.2, 'mode': -1, 'tf': 1, 'k': 0.2, 'stop': 0, 'R': 2.0, 'hold': 240}",19,57.9,,736,23,47.8,0.921,-142,18,44.4,,-355
NQ_DRIVE,2637,"{'A': 400, 'T': 30, 'x': 0.2, 'mode': -1, 'tf': 1, 'k': 0.35, 'stop': 0, 'R': 0.5, 'hold': 240}",19,78.9,,877,23,69.6,1.22,311,18,66.7,,116
NQ_DRIVE,2638,"{'A': 400, 'T': 30, 'x': 0.2, 'mode': -1, 'tf': 1, 'k': 0.35, 'stop': 0, 'R': 1.0, 'hold': 240}",19,73.7,,1282,23,56.5,0.937,-122,18,55.6,,-561
NQ_DRIVE,2639,"{'A': 400, 'T': 30, 'x': 0.2, 'mode': -1, 'tf': 1, 'k': 0.35, 'stop': 0, 'R': 2.0, 'hold': 240}",19,63.2,,700,23,56.5,0.88,-233,18,55.6,,-469
NQ_DRIVE,2640,"{'A': 400, 'T': 30, 'x': 0.35, 'mode': 1, 'tf': 0, 'k': 0.2, 'stop': 0, 'R': 0.5, 'hold': 240}",3,100.0,,123,8,75.0,,117,7,71.4,,80
NQ_DRIVE,2641,"{'A': 400, 'T': 30, 'x': 0.35, 'mode': 1, 'tf': 0, 'k': 0.2, 'stop': 0, 'R': 1.0, 'hold': 240}",3,66.7,,100,8,37.5,,-174,7,42.9,,-98
NQ_DRIVE,2642,"{'A': 400, 'T': 30, 'x': 0.35, 'mode': 1, 'tf': 0, 'k': 0.2, 'stop': 0, 'R': 2.0, 'hold': 240}",3,66.7,,282,8,25.0,,-435,7,28.6,,-354
NQ_DRIVE,2643,"{'A': 400, 'T': 30, 'x': 0.35, 'mode': 1, 'tf': 0, 'k': 0.35, 'stop': 0, 'R': 0.5, 'hold': 240}",3,66.7,,22,8,62.5,,-63,7,71.4,,75
NQ_DRIVE,2648,"{'A': 400, 'T': 30, 'x': 0.35, 'mode': 1, 'tf': 1, 'k': 0.2, 'stop': 0, 'R': 2.0, 'hold': 240}",3,66.7,,282,4,50.0,,32,5,40.0,,-82
NQ_DRIVE,2649,"{'A': 400, 'T': 30, 'x': 0.35, 'mode': 1, 'tf': 1, 'k': 0.35, 'stop': 0, 'R': 0.5, 'hold': 240}",3,66.7,,22,4,75.0,,80,5,60.0,,-127
NQ_DRIVE,2650,"{'A': 400, 'T': 30, 'x': 0.35, 'mode': 1, 'tf': 1, 'k': 0.35, 'stop': 0, 'R': 1.0, 'hold': 240}",3,66.7,,181,4,50.0,,-91,5,40.0,,-292
NQ_DRIVE,2651,"{'A': 400, 'T': 30, 'x': 0.35, 'mode': 1, 'tf': 1, 'k': 0.35, 'stop': 0, 'R': 2.0, 'hold': 240}",3,66.7,,499,4,50.0,,-118,5,40.0,,-319
NQ_DRIVE,2660,"{'A': 400, 'T': 30, 'x': 0.35, 'mode': -1, 'tf': 1, 'k': 0.2, 'stop': 0, 'R': 2.0, 'hold': 240}",0,,,0,4,50.0,,16,2,0.0,,-225
NQ_DRIVE,2661,"{'A': 400, 'T': 30, 'x': 0.35, 'mode': -1, 'tf': 1, 'k': 0.35, 'stop': 0, 'R': 0.5, 'hold': 240}",0,,,0,4,100.0,,390,2,100.0,,228
NQ_DRIVE,2662,"{'A': 400, 'T': 30, 'x': 0.35, 'mode': -1, 'tf': 1, 'k': 0.35, 'stop': 0, 'R': 1.0, 'hold': 240}",0,,,0,4,75.0,,214,2,50.0,,-122
NQ_DRIVE,2663,"{'A': 400, 'T': 30, 'x': 0.35, 'mode': -1, 'tf': 1, 'k': 0.35, 'stop': 0, 'R': 2.0, 'hold': 240}",0,,,0,4,75.0,,107,2,50.0,,-122
NQ_DRIVE,2656,"{'A': 400, 'T': 30, 'x': 0.35, 'mode': -1, 'tf': 0, 'k': 0.35, 'stop': 0, 'R': 1.0, 'hold': 240}",3,33.3,,-197,8,62.5,,283,7,57.1,,142
NQ_DRIVE,2657,"{'A': 400, 'T': 30, 'x': 0.35, 'mode': -1, 'tf': 0, 'k': 0.35, 'stop': 0, 'R': 2.0, 'hold': 240}",3,33.3,,-67,8,62.5,,185,7,57.1,,34
NQ_DRIVE,2658,"{'A': 400, 'T': 30, 'x': 0.35, 'mode': -1, 'tf': 1, 'k': 0.2, 'stop': 0, 'R': 0.5, 'hold': 240}",0,,,0,4,100.0,,221,2,100.0,,129
NQ_DRIVE,2659,"{'A': 400, 'T': 30, 'x': 0.35, 'mode': -1, 'tf': 1, 'k': 0.2, 'stop': 0, 'R': 1.0, 'hold': 240}",0,,,0,4,100.0,,447,2,100.0,,261
NQ_DRIVE,2652,"{'A': 400, 'T': 30, 'x': 0.35, 'mode': -1, 'tf': 0, 'k': 0.2, 'stop': 0, 'R': 0.5, 'hold': 240}",3,66.7,,-33,8,62.5,,-194,7,57.1,,-229
NQ_DRIVE,2653,"{'A': 400, 'T': 30, 'x': 0.35, 'mode': -1, 'tf': 0, 'k': 0.2, 'stop': 0, 'R': 1.0, 'hold': 240}",3,33.3,,-116,8,62.5,,132,7,57.1,,61
NQ_DRIVE,2654,"{'A': 400, 'T': 30, 'x': 0.35, 'mode': -1, 'tf': 0, 'k': 0.2, 'stop': 0, 'R': 2.0, 'hold': 240}",3,33.3,,-42,8,37.5,,-139,7,28.6,,-296
NQ_DRIVE,2655,"{'A': 400, 'T': 30, 'x': 0.35, 'mode': -1, 'tf': 0, 'k': 0.35, 'stop': 0, 'R': 0.5, 'hold': 240}",3,66.7,,-53,8,75.0,,327,7,71.4,,216
NQ_DRIVE,2668,"{'A': 400, 'T': 60, 'x': 0.1, 'mode': 1, 'tf': 0, 'k': 0.35, 'stop': 0, 'R': 1.0, 'hold': 240}",324,50.3,1.012,198,243,49.8,0.938,-1156,219,49.8,0.902,-1678
NQ_DRIVE,2669,"{'A': 400, 'T': 60, 'x': 0.1, 'mode': 1, 'tf': 0, 'k': 0.35, 'stop': 0, 'R': 2.0, 'hold': 240}",324,48.8,1.061,1037,243,48.6,0.954,-879,219,48.4,0.926,-1303
NQ_DRIVE,2670,"{'A': 400, 'T': 60, 'x': 0.1, 'mode': 1, 'tf': 1, 'k': 0.2, 'stop': 0, 'R': 0.5, 'hold': 240}",155,64.5,0.94,-290,108,74.1,1.449,1644,93,69.9,1.176,672
NQ_DRIVE,2671,"{'A': 400, 'T': 60, 'x': 0.1, 'mode': 1, 'tf': 1, 'k': 0.2, 'stop': 0, 'R': 1.0, 'hold': 240}",155,51.6,0.941,-384,108,58.3,1.149,897,93,57.0,1.109,608
NQ_DRIVE,2664,"{'A': 400, 'T': 60, 'x': 0.1, 'mode': 1, 'tf': 0, 'k': 0.2, 'stop': 0, 'R': 0.5, 'hold': 240}",324,64.2,0.905,-1030,243,67.1,1.023,237,219,65.3,0.945,-556
NQ_DRIVE,2665,"{'A': 400, 'T': 60, 'x': 0.1, 'mode': 1, 'tf': 0, 'k': 0.2, 'stop': 0, 'R': 1.0, 'hold': 240}",324,49.7,0.888,-1603,243,51.0,0.943,-814,219,50.2,0.938,-844
NQ_DRIVE,2666,"{'A': 400, 'T': 60, 'x': 0.1, 'mode': 1, 'tf': 0, 'k': 0.2, 'stop': 0, 'R': 2.0, 'hold': 240}",324,43.8,0.932,-1073,243,43.6,0.912,-1407,219,42.9,0.905,-1436
NQ_DRIVE,2667,"{'A': 400, 'T': 60, 'x': 0.1, 'mode': 1, 'tf': 0, 'k': 0.35, 'stop': 0, 'R': 0.5, 'hold': 240}",324,57.1,0.924,-1093,243,57.2,0.898,-1684,219,56.6,0.823,-2748
NQ_DRIVE,2672,"{'A': 400, 'T': 60, 'x': 0.1, 'mode': 1, 'tf': 1, 'k': 0.2, 'stop': 0, 'R': 2.0, 'hold': 240}",155,47.1,1.07,495,108,50.0,1.011,76,93,48.4,0.979,-133
NQ_DRIVE,2673,"{'A': 400, 'T': 60, 'x': 0.1, 'mode': 1, 'tf': 1, 'k': 0.35, 'stop': 0, 'R': 0.5, 'hold': 240}",155,60.0,1.054,324,108,64.8,0.915,-614,93,63.4,0.912,-566
NQ_DRIVE,2674,"{'A': 400, 'T': 60, 'x': 0.1, 'mode': 1, 'tf': 1, 'k': 0.35, 'stop': 0, 'R': 1.0, 'hold': 240}",155,54.2,1.202,1390,108,56.5,0.884,-977,93,55.9,0.895,-785
NQ_DRIVE,2675,"{'A': 400, 'T': 60, 'x': 0.1, 'mode': 1, 'tf': 1, 'k': 0.35, 'stop': 0, 'R': 2.0, 'hold': 240}",155,52.3,1.307,2244,108,54.6,0.802,-1724,93,53.8,0.822,-1389
NQ_DRIVE,2684,"{'A': 400, 'T': 60, 'x': 0.1, 'mode': -1, 'tf': 1, 'k': 0.2, 'stop': 0, 'R': 2.0, 'hold': 240}",160,46.2,1.033,245,130,48.5,1.056,488,99,45.5,0.947,-344
NQ_DRIVE,2685,"{'A': 400, 'T': 60, 'x': 0.1, 'mode': -1, 'tf': 1, 'k': 0.35, 'stop': 0, 'R': 0.5, 'hold': 240}",160,58.8,1.002,12,130,62.3,1.361,2312,99,59.6,1.089,543
NQ_DRIVE,2686,"{'A': 400, 'T': 60, 'x': 0.1, 'mode': -1, 'tf': 1, 'k': 0.35, 'stop': 0, 'R': 1.0, 'hold': 240}",160,52.5,1.032,269,130,53.1,0.943,-579,99,48.5,0.764,-1938
NQ_DRIVE,2687,"{'A': 400, 'T': 60, 'x': 0.1, 'mode': -1, 'tf': 1, 'k': 0.35, 'stop': 0, 'R': 2.0, 'hold': 240}",160,52.5,1.052,439,130,53.1,0.972,-282,99,47.5,0.764,-1948
NQ_DRIVE,2680,"{'A': 400, 'T': 60, 'x': 0.1, 'mode': -1, 'tf': 0, 'k': 0.35, 'stop': 0, 'R': 1.0, 'hold': 240}",324,48.8,0.878,-2161,243,48.6,0.988,-210,219,48.9,1.021,340
NQ_DRIVE,2681,"{'A': 400, 'T': 60, 'x': 0.1, 'mode': -1, 'tf': 0, 'k': 0.35, 'stop': 0, 'R': 2.0, 'hold': 240}",324,48.1,0.918,-1481,243,47.7,0.946,-992,219,47.5,0.96,-651
NQ_DRIVE,2682,"{'A': 400, 'T': 60, 'x': 0.1, 'mode': -1, 'tf': 1, 'k': 0.2, 'stop': 0, 'R': 0.5, 'hold': 240}",160,64.4,1.029,149,130,66.9,1.159,768,99,64.6,1.014,63
NQ_DRIVE,2683,"{'A': 400, 'T': 60, 'x': 0.1, 'mode': -1, 'tf': 1, 'k': 0.2, 'stop': 0, 'R': 1.0, 'hold': 240}",160,51.9,1.048,324,130,51.5,1.122,828,99,48.5,0.925,-458
NQ_DRIVE,2676,"{'A': 400, 'T': 60, 'x': 0.1, 'mode': -1, 'tf': 0, 'k': 0.2, 'stop': 0, 'R': 0.5, 'hold': 240}",324,65.1,1.06,595,243,63.0,0.986,-149,219,63.0,0.983,-167
NQ_DRIVE,2677,"{'A': 400, 'T': 60, 'x': 0.1, 'mode': -1, 'tf': 0, 'k': 0.2, 'stop': 0, 'R': 1.0, 'hold': 240}",324,50.0,0.988,-162,243,46.5,0.94,-865,219,47.5,0.94,-823
NQ_DRIVE,2678,"{'A': 400, 'T': 60, 'x': 0.1, 'mode': -1, 'tf': 0, 'k': 0.2, 'stop': 0, 'R': 2.0, 'hold': 240}",324,44.1,0.961,-577,243,42.8,0.986,-233,219,43.8,1.062,892
NQ_DRIVE,2679,"{'A': 400, 'T': 60, 'x': 0.1, 'mode': -1, 'tf': 0, 'k': 0.35, 'stop': 0, 'R': 0.5, 'hold': 240}",324,56.2,0.886,-1774,243,57.2,1.126,1685,219,58.9,1.149,1863
NQ_DRIVE,2692,"{'A': 400, 'T': 60, 'x': 0.2, 'mode': 1, 'tf': 0, 'k': 0.35, 'stop': 0, 'R': 1.0, 'hold': 240}",80,46.2,0.77,-1144,65,47.7,1.156,970,62,46.8,0.958,-253
NQ_DRIVE,2693,"{'A': 400, 'T': 60, 'x': 0.2, 'mode': 1, 'tf': 0, 'k': 0.35, 'stop': 0, 'R': 2.0, 'hold': 240}",80,46.2,0.993,-34,65,44.6,1.069,450,62,43.5,0.939,-385
NQ_DRIVE,2694,"{'A': 400, 'T': 60, 'x': 0.2, 'mode': 1, 'tf': 1, 'k': 0.2, 'stop': 0, 'R': 0.5, 'hold': 240}",43,60.5,0.772,-367,27,77.8,1.424,442,26,69.2,1.054,69
NQ_DRIVE,2695,"{'A': 400, 'T': 60, 'x': 0.2, 'mode': 1, 'tf': 1, 'k': 0.2, 'stop': 0, 'R': 1.0, 'hold': 240}",43,44.2,0.624,-899,27,63.0,1.25,442,26,57.7,1.059,114
NQ_DRIVE,2688,"{'A': 400, 'T': 60, 'x': 0.2, 'mode': 1, 'tf': 0, 'k': 0.2, 'stop': 0, 'R': 0.5, 'hold': 240}",80,65.0,0.923,-216,65,66.2,0.979,-65,62,64.5,0.956,-137
NQ_DRIVE,2689,"{'A': 400, 'T': 60, 'x': 0.2, 'mode': 1, 'tf': 0, 'k': 0.2, 'stop': 0, 'R': 1.0, 'hold': 240}",80,47.5,0.798,-823,65,49.2,0.919,-363,62,48.4,0.903,-432
NQ_DRIVE,2690,"{'A': 400, 'T': 60, 'x': 0.2, 'mode': 1, 'tf': 0, 'k': 0.2, 'stop': 0, 'R': 2.0, 'hold': 240}",80,37.5,0.729,-1286,65,33.8,0.738,-1480,62,32.3,0.711,-1605
NQ_DRIVE,2691,"{'A': 400, 'T': 60, 'x': 0.2, 'mode': 1, 'tf': 0, 'k': 0.35, 'stop': 0, 'R': 0.5, 'hold': 240}",80,57.5,0.847,-627,65,56.9,1.089,461,62,56.5,0.834,-840
NQ_DRIVE,2696,"{'A': 400, 'T': 60, 'x': 0.2, 'mode': 1, 'tf': 1, 'k': 0.2, 'stop': 0, 'R': 2.0, 'hold': 240}",43,37.2,0.751,-640,27,40.7,0.805,-474,26,30.8,0.603,-1037
NQ_DRIVE,2697,"{'A': 400, 'T': 60, 'x': 0.2, 'mode': 1, 'tf': 1, 'k': 0.35, 'stop': 0, 'R': 0.5, 'hold': 240}",43,55.8,0.805,-403,27,66.7,0.839,-399,26,65.4,0.838,-393
NQ_DRIVE,2698,"{'A': 400, 'T': 60, 'x': 0.2, 'mode': 1, 'tf': 1, 'k': 0.35, 'stop': 0, 'R': 1.0, 'hold': 240}",43,48.8,0.917,-187,27,51.9,0.759,-785,26,46.2,0.688,-1007
NQ_DRIVE,2699,"{'A': 400, 'T': 60, 'x': 0.2, 'mode': 1, 'tf': 1, 'k': 0.35, 'stop': 0, 'R': 2.0, 'hold': 240}",43,48.8,1.279,631,27,44.4,0.5,-1778,26,38.5,0.477,-1846
NQ_DRIVE,2700,"{'A': 400, 'T': 60, 'x': 0.2, 'mode': -1, 'tf': 0, 'k': 0.2, 'stop': 0, 'R': 0.5, 'hold': 240}",80,72.5,1.44,934,65,69.2,1.351,849,62,71.0,1.384,901
NQ_DRIVE,2701,"{'A': 400, 'T': 60, 'x': 0.2, 'mode': -1, 'tf': 0, 'k': 0.2, 'stop': 0, 'R': 1.0, 'hold': 240}",80,52.5,1.113,391,65,50.8,1.0,2,62,51.6,1.008,35
NQ_DRIVE,2702,"{'A': 400, 'T': 60, 'x': 0.2, 'mode': -1, 'tf': 0, 'k': 0.2, 'stop': 0, 'R': 2.0, 'hold': 240}",80,45.0,1.123,477,65,44.6,0.745,-1602,62,45.2,0.947,-262
NQ_DRIVE,2703,"{'A': 400, 'T': 60, 'x': 0.2, 'mode': -1, 'tf': 0, 'k': 0.35, 'stop': 0, 'R': 0.5, 'hold': 240}",80,66.2,1.386,1215,65,66.2,1.302,1181,62,67.7,1.376,1362
NQ_DRIVE,2704,"{'A': 400, 'T': 60, 'x': 0.2, 'mode': -1, 'tf': 0, 'k': 0.35, 'stop': 0, 'R': 1.0, 'hold': 240}",80,53.8,1.173,697,65,52.3,0.819,-1331,62,53.2,0.966,-198
NQ_DRIVE,2705,"{'A': 400, 'T': 60, 'x': 0.2, 'mode': -1, 'tf': 0, 'k': 0.35, 'stop': 0, 'R': 2.0, 'hold': 240}",80,52.5,1.302,1256,65,50.8,0.62,-2911,62,51.6,0.76,-1490
NQ_DRIVE,2706,"{'A': 400, 'T': 60, 'x': 0.2, 'mode': -1, 'tf': 1, 'k': 0.2, 'stop': 0, 'R': 0.5, 'hold': 240}",36,66.7,1.143,171,36,75.0,1.654,712,28,71.4,1.333,347
NQ_DRIVE,2707,"{'A': 400, 'T': 60, 'x': 0.2, 'mode': -1, 'tf': 1, 'k': 0.2, 'stop': 0, 'R': 1.0, 'hold': 240}",36,50.0,0.894,-187,36,61.1,1.315,590,28,53.6,0.899,-184
NQ_DRIVE,2708,"{'A': 400, 'T': 60, 'x': 0.2, 'mode': -1, 'tf': 1, 'k': 0.2, 'stop': 0, 'R': 2.0, 'hold': 240}",36,44.4,1.048,97,36,52.8,0.715,-1044,28,46.4,0.654,-760
NQ_DRIVE,2709,"{'A': 400, 'T': 60, 'x': 0.2, 'mode': -1, 'tf': 1, 'k': 0.35, 'stop': 0, 'R': 0.5, 'hold': 240}",36,63.9,1.303,432,36,72.2,1.594,1031,28,64.3,1.064,117
NQ_DRIVE,2710,"{'A': 400, 'T': 60, 'x': 0.2, 'mode': -1, 'tf': 1, 'k': 0.35, 'stop': 0, 'R': 1.0, 'hold': 240}",36,58.3,1.473,835,36,55.6,0.567,-1984,28,46.4,0.419,-1910
NQ_DRIVE,2711,"{'A': 400, 'T': 60, 'x': 0.2, 'mode': -1, 'tf': 1, 'k': 0.35, 'stop': 0, 'R': 2.0, 'hold': 240}",36,58.3,1.492,868,36,55.6,0.595,-1857,28,46.4,0.486,-1691
NQ_DRIVE,2712,"{'A': 400, 'T': 60, 'x': 0.35, 'mode': 1, 'tf': 0, 'k': 0.2, 'stop': 0, 'R': 0.5, 'hold': 240}",13,61.5,,-123,11,90.9,,671,9,88.9,,493
NQ_DRIVE,2713,"{'A': 400, 'T': 60, 'x': 0.35, 'mode': 1, 'tf': 0, 'k': 0.2, 'stop': 0, 'R': 1.0, 'hold': 240}",13,53.8,,24,11,81.8,,840,9,77.8,,579
NQ_DRIVE,2714,"{'A': 400, 'T': 60, 'x': 0.35, 'mode': 1, 'tf': 0, 'k': 0.2, 'stop': 0, 'R': 2.0, 'hold': 240}",13,38.5,,38,11,63.6,,413,9,66.7,,602
NQ_DRIVE,2715,"{'A': 400, 'T': 60, 'x': 0.35, 'mode': 1, 'tf': 0, 'k': 0.35, 'stop': 0, 'R': 0.5, 'hold': 240}",13,76.9,,235,11,81.8,,519,9,77.8,,287
NQ_DRIVE,2716,"{'A': 400, 'T': 60, 'x': 0.35, 'mode': 1, 'tf': 0, 'k': 0.35, 'stop': 0, 'R': 1.0, 'hold': 240}",13,69.2,,458,11,63.6,,-184,9,66.7,,175
NQ_DRIVE,2717,"{'A': 400, 'T': 60, 'x': 0.35, 'mode': 1, 'tf': 0, 'k': 0.35, 'stop': 0, 'R': 2.0, 'hold': 240}",13,69.2,,1063,11,63.6,,-79,9,66.7,,282
NQ_DRIVE,2718,"{'A': 400, 'T': 60, 'x': 0.35, 'mode': 1, 'tf': 1, 'k': 0.2, 'stop': 0, 'R': 0.5, 'hold': 240}",11,63.6,,-7,6,100.0,,490,6,83.3,,254
NQ_DRIVE,2719,"{'A': 400, 'T': 60, 'x': 0.35, 'mode': 1, 'tf': 1, 'k': 0.2, 'stop': 0, 'R': 1.0, 'hold': 240}",11,54.5,,105,6,83.3,,446,6,66.7,,95
NQ_DRIVE,2720,"{'A': 400, 'T': 60, 'x': 0.35, 'mode': 1, 'tf': 1, 'k': 0.2, 'stop': 0, 'R': 2.0, 'hold': 240}",11,36.4,,48,6,50.0,,-233,6,50.0,,-130
NQ_DRIVE,2721,"{'A': 400, 'T': 60, 'x': 0.35, 'mode': 1, 'tf': 1, 'k': 0.35, 'stop': 0, 'R': 0.5, 'hold': 240}",11,81.8,,433,6,83.3,,175,6,66.7,,-136
NQ_DRIVE,2722,"{'A': 400, 'T': 60, 'x': 0.35, 'mode': 1, 'tf': 1, 'k': 0.35, 'stop': 0, 'R': 1.0, 'hold': 240}",11,72.7,,595,6,50.0,,-760,6,50.0,,-475
NQ_DRIVE,2723,"{'A': 400, 'T': 60, 'x': 0.35, 'mode': 1, 'tf': 1, 'k': 0.35, 'stop': 0, 'R': 2.0, 'hold': 240}",11,72.7,,1076,6,50.0,,-766,6,50.0,,-481
NQ_DRIVE,2724,"{'A': 400, 'T': 60, 'x': 0.35, 'mode': -1, 'tf': 0, 'k': 0.2, 'stop': 0, 'R': 0.5, 'hold': 240}",13,61.5,,-124,11,36.4,,-490,9,33.3,,-560
NQ_DRIVE,2725,"{'A': 400, 'T': 60, 'x': 0.35, 'mode': -1, 'tf': 0, 'k': 0.2, 'stop': 0, 'R': 1.0, 'hold': 240}",13,46.2,,-93,11,18.2,,-899,9,22.2,,-628
NQ_DRIVE,2726,"{'A': 400, 'T': 60, 'x': 0.35, 'mode': -1, 'tf': 0, 'k': 0.2, 'stop': 0, 'R': 2.0, 'hold': 240}",13,23.1,,-300,11,18.2,,-875,9,22.2,,-609
NQ_DRIVE,2727,"{'A': 400, 'T': 60, 'x': 0.35, 'mode': -1, 'tf': 0, 'k': 0.35, 'stop': 0, 'R': 0.5, 'hold': 240}",13,61.5,,-98,11,36.4,,-469,9,33.3,,-618
NQ_DRIVE,2728,"{'A': 400, 'T': 60, 'x': 0.35, 'mode': -1, 'tf': 0, 'k': 0.35, 'stop': 0, 'R': 1.0, 'hold': 240}",13,30.8,,-530,11,36.4,,123,9,33.3,,-225
NQ_DRIVE,2729,"{'A': 400, 'T': 60, 'x': 0.35, 'mode': -1, 'tf': 0, 'k': 0.35, 'stop': 0, 'R': 2.0, 'hold': 240}",13,23.1,,-739,11,36.4,,-197,9,33.3,,-319
NQ_DRIVE,2730,"{'A': 400, 'T': 60, 'x': 0.35, 'mode': -1, 'tf': 1, 'k': 0.2, 'stop': 0, 'R': 0.5, 'hold': 240}",2,50.0,,-2,5,40.0,,-230,2,50.0,,-78
NQ_DRIVE,2731,"{'A': 400, 'T': 60, 'x': 0.35, 'mode': -1, 'tf': 1, 'k': 0.2, 'stop': 0, 'R': 1.0, 'hold': 240}",2,50.0,,70,5,20.0,,-421,2,0.0,,-334
NQ_DRIVE,2732,"{'A': 400, 'T': 60, 'x': 0.35, 'mode': -1, 'tf': 1, 'k': 0.2, 'stop': 0, 'R': 2.0, 'hold': 240}",2,50.0,,215,5,20.0,,-433,2,0.0,,-334
NQ_DRIVE,2733,"{'A': 400, 'T': 60, 'x': 0.35, 'mode': -1, 'tf': 1, 'k': 0.35, 'stop': 0, 'R': 0.5, 'hold': 240}",2,50.0,,-1,5,20.0,,-608,2,0.0,,-581
NQ_DRIVE,2734,"{'A': 400, 'T': 60, 'x': 0.35, 'mode': -1, 'tf': 1, 'k': 0.35, 'stop': 0, 'R': 1.0, 'hold': 240}",2,50.0,,126,5,20.0,,-605,2,0.0,,-581
NQ_DRIVE,2735,"{'A': 400, 'T': 60, 'x': 0.35, 'mode': -1, 'tf': 1, 'k': 0.35, 'stop': 0, 'R': 2.0, 'hold': 240}",2,50.0,,155,5,20.0,,-605,2,0.0,,-581
NQ_DRIVE,2740,"{'A': 400, 'T': 120, 'x': 0.1, 'mode': 1, 'tf': 0, 'k': 0.35, 'stop': 0, 'R': 1.0, 'hold': 240}",423,48.0,0.9,-3031,298,50.3,0.973,-784,283,51.6,1.028,767
NQ_DRIVE,2741,"{'A': 400, 'T': 120, 'x': 0.1, 'mode': 1, 'tf': 0, 'k': 0.35, 'stop': 0, 'R': 2.0, 'hold': 240}",423,42.6,0.864,-4382,298,46.0,0.932,-2114,283,47.0,0.982,-541
NQ_DRIVE,2742,"{'A': 400, 'T': 120, 'x': 0.1, 'mode': 1, 'tf': 1, 'k': 0.2, 'stop': 0, 'R': 0.5, 'hold': 240}",207,69.1,1.017,116,145,72.4,1.175,1025,133,74.4,1.313,1603
NQ_DRIVE,2743,"{'A': 400, 'T': 120, 'x': 0.1, 'mode': 1, 'tf': 1, 'k': 0.2, 'stop': 0, 'R': 1.0, 'hold': 240}",207,47.3,0.888,-1177,145,58.6,1.278,2369,133,61.7,1.46,3430
NQ_DRIVE,2736,"{'A': 400, 'T': 120, 'x': 0.1, 'mode': 1, 'tf': 0, 'k': 0.2, 'stop': 0, 'R': 0.5, 'hold': 240}",423,66.0,0.933,-967,298,65.8,0.865,-1992,283,66.1,0.894,-1507
NQ_DRIVE,2737,"{'A': 400, 'T': 120, 'x': 0.1, 'mode': 1, 'tf': 0, 'k': 0.2, 'stop': 0, 'R': 1.0, 'hold': 240}",423,45.4,0.839,-3601,298,52.3,0.993,-139,283,53.0,1.014,264
NQ_DRIVE,2738,"{'A': 400, 'T': 120, 'x': 0.1, 'mode': 1, 'tf': 0, 'k': 0.2, 'stop': 0, 'R': 2.0, 'hold': 240}",423,36.6,0.919,-2060,298,39.9,0.985,-359,283,41.3,1.044,1051
NQ_DRIVE,2739,"{'A': 400, 'T': 120, 'x': 0.1, 'mode': 1, 'tf': 0, 'k': 0.35, 'stop': 0, 'R': 0.5, 'hold': 240}",423,58.4,0.805,-5056,298,64.4,0.964,-810,283,64.3,0.982,-395
NQ_DRIVE,2744,"{'A': 400, 'T': 120, 'x': 0.1, 'mode': 1, 'tf': 1, 'k': 0.2, 'stop': 0, 'R': 2.0, 'hold': 240}",207,38.2,0.913,-1074,145,42.8,1.079,910,133,45.9,1.26,2675
NQ_DRIVE,2745,"{'A': 400, 'T': 120, 'x': 0.1, 'mode': 1, 'tf': 1, 'k': 0.35, 'stop': 0, 'R': 0.5, 'hold': 240}",207,61.8,0.917,-962,145,71.0,1.284,2520,133,70.7,1.3,2502
NQ_DRIVE,2746,"{'A': 400, 'T': 120, 'x': 0.1, 'mode': 1, 'tf': 1, 'k': 0.35, 'stop': 0, 'R': 1.0, 'hold': 240}",207,51.2,0.988,-171,145,53.8,1.088,1192,133,56.4,1.208,2524
NQ_DRIVE,2747,"{'A': 400, 'T': 120, 'x': 0.1, 'mode': 1, 'tf': 1, 'k': 0.35, 'stop': 0, 'R': 2.0, 'hold': 240}",207,45.9,0.944,-838,145,46.9,0.863,-2060,133,48.9,0.939,-838
NQ_DRIVE,2760,"{'A': 400, 'T': 120, 'x': 0.2, 'mode': 1, 'tf': 0, 'k': 0.2, 'stop': 0, 'R': 0.5, 'hold': 240}",151,63.6,0.778,-1280,98,61.2,0.69,-1758,93,60.2,0.699,-1671
NQ_DRIVE,2761,"{'A': 400, 'T': 120, 'x': 0.2, 'mode': 1, 'tf': 0, 'k': 0.2, 'stop': 0, 'R': 1.0, 'hold': 240}",151,40.4,0.619,-3531,98,46.9,0.851,-1100,93,46.2,0.846,-1122
NQ_DRIVE,2762,"{'A': 400, 'T': 120, 'x': 0.2, 'mode': 1, 'tf': 0, 'k': 0.2, 'stop': 0, 'R': 2.0, 'hold': 240}",151,31.1,0.688,-3210,98,33.7,0.806,-1797,93,32.3,0.771,-2116
NQ_DRIVE,2763,"{'A': 400, 'T': 120, 'x': 0.2, 'mode': 1, 'tf': 0, 'k': 0.35, 'stop': 0, 'R': 0.5, 'hold': 240}",151,55.0,0.625,-4041,98,59.2,0.788,-1850,93,58.1,0.763,-2053
NQ_DRIVE,2752,"{'A': 400, 'T': 120, 'x': 0.1, 'mode': -1, 'tf': 0, 'k': 0.35, 'stop': 0, 'R': 1.0, 'hold': 240}",423,51.1,1.016,447,298,48.7,0.966,-998,283,48.1,0.921,-2316
NQ_DRIVE,2753,"{'A': 400, 'T': 120, 'x': 0.1, 'mode': -1, 'tf': 0, 'k': 0.35, 'stop': 0, 'R': 2.0, 'hold': 240}",423,48.0,1.016,472,298,46.6,1.034,1032,283,45.9,0.984,-474
NQ_DRIVE,2754,"{'A': 400, 'T': 120, 'x': 0.1, 'mode': -1, 'tf': 1, 'k': 0.2, 'stop': 0, 'R': 0.5, 'hold': 240}",198,72.2,1.183,1074,148,74.3,1.42,2167,123,75.6,1.503,2160
NQ_DRIVE,2755,"{'A': 400, 'T': 120, 'x': 0.1, 'mode': -1, 'tf': 1, 'k': 0.2, 'stop': 0, 'R': 1.0, 'hold': 240}",200,56.0,1.132,1219,148,52.0,1.124,1148,123,51.2,1.106,848
NQ_DRIVE,2748,"{'A': 400, 'T': 120, 'x': 0.1, 'mode': -1, 'tf': 0, 'k': 0.2, 'stop': 0, 'R': 0.5, 'hold': 240}",421,71.0,1.149,1877,298,66.8,1.014,184,283,66.4,0.991,-121
NQ_DRIVE,2749,"{'A': 400, 'T': 120, 'x': 0.1, 'mode': -1, 'tf': 0, 'k': 0.2, 'stop': 0, 'R': 1.0, 'hold': 240}",423,53.7,1.047,940,298,47.0,0.916,-1752,283,46.3,0.888,-2332
NQ_DRIVE,2750,"{'A': 400, 'T': 120, 'x': 0.1, 'mode': -1, 'tf': 0, 'k': 0.2, 'stop': 0, 'R': 2.0, 'hold': 240}",423,43.3,1.143,3368,298,37.2,0.984,-400,283,36.7,0.968,-776
NQ_DRIVE,2751,"{'A': 400, 'T': 120, 'x': 0.1, 'mode': -1, 'tf': 0, 'k': 0.35, 'stop': 0, 'R': 0.5, 'hold': 240}",423,62.9,0.927,-1708,298,59.4,0.858,-3441,283,59.0,0.832,-4069
NQ_DRIVE,2768,"{'A': 400, 'T': 120, 'x': 0.2, 'mode': 1, 'tf': 1, 'k': 0.2, 'stop': 0, 'R': 2.0, 'hold': 240}",76,28.9,0.571,-2274,41,39.0,0.914,-323,37,35.1,0.81,-718
NQ_DRIVE,2769,"{'A': 400, 'T': 120, 'x': 0.2, 'mode': 1, 'tf': 1, 'k': 0.35, 'stop': 0, 'R': 0.5, 'hold': 240}",76,53.9,0.552,-2619,41,70.7,1.182,521,37,64.9,0.952,-143
NQ_DRIVE,2770,"{'A': 400, 'T': 120, 'x': 0.2, 'mode': 1, 'tf': 1, 'k': 0.35, 'stop': 0, 'R': 1.0, 'hold': 240}",76,43.4,0.629,-2477,41,46.3,0.685,-1649,37,43.2,0.608,-2014
NQ_DRIVE,2771,"{'A': 400, 'T': 120, 'x': 0.2, 'mode': 1, 'tf': 1, 'k': 0.35, 'stop': 0, 'R': 2.0, 'hold': 240}",76,35.5,0.486,-3632,41,43.9,0.695,-1599,37,40.5,0.648,-1807
NQ_DRIVE,2756,"{'A': 400, 'T': 120, 'x': 0.1, 'mode': -1, 'tf': 1, 'k': 0.2, 'stop': 0, 'R': 2.0, 'hold': 240}",200,45.0,1.255,2781,148,41.9,1.176,1992,123,40.7,1.168,1668
NQ_DRIVE,2757,"{'A': 400, 'T': 120, 'x': 0.1, 'mode': -1, 'tf': 1, 'k': 0.35, 'stop': 0, 'R': 0.5, 'hold': 240}",200,63.5,0.903,-1102,148,62.8,0.995,-50,123,62.6,0.975,-234
NQ_DRIVE,2758,"{'A': 400, 'T': 120, 'x': 0.1, 'mode': -1, 'tf': 1, 'k': 0.35, 'stop': 0, 'R': 1.0, 'hold': 240}",200,53.0,1.092,1215,148,50.7,1.051,711,123,49.6,0.992,-96
NQ_DRIVE,2759,"{'A': 400, 'T': 120, 'x': 0.1, 'mode': -1, 'tf': 1, 'k': 0.35, 'stop': 0, 'R': 2.0, 'hold': 240}",200,49.5,1.125,1719,148,48.6,1.112,1603,123,47.2,1.068,848
NQ_DRIVE,2764,"{'A': 400, 'T': 120, 'x': 0.2, 'mode': 1, 'tf': 0, 'k': 0.35, 'stop': 0, 'R': 1.0, 'hold': 240}",151,46.4,0.748,-3051,98,43.9,0.75,-2898,93,43.0,0.729,-3082
NQ_DRIVE,2765,"{'A': 400, 'T': 120, 'x': 0.2, 'mode': 1, 'tf': 0, 'k': 0.35, 'stop': 0, 'R': 2.0, 'hold': 240}",151,38.4,0.572,-5513,98,41.8,0.881,-1383,93,40.9,0.861,-1584
NQ_DRIVE,2766,"{'A': 400, 'T': 120, 'x': 0.2, 'mode': 1, 'tf': 1, 'k': 0.2, 'stop': 0, 'R': 0.5, 'hold': 240}",76,64.5,0.731,-796,41,73.2,1.108,192,37,73.0,1.214,336
NQ_DRIVE,2767,"{'A': 400, 'T': 120, 'x': 0.2, 'mode': 1, 'tf': 1, 'k': 0.2, 'stop': 0, 'R': 1.0, 'hold': 240}",76,40.8,0.583,-1952,41,58.5,1.341,846,37,54.1,1.17,429
NQ_DRIVE,2772,"{'A': 400, 'T': 120, 'x': 0.2, 'mode': -1, 'tf': 0, 'k': 0.2, 'stop': 0, 'R': 0.5, 'hold': 240}",151,74.2,1.486,1799,98,73.5,1.402,1427,93,75.3,1.454,1525
NQ_DRIVE,2773,"{'A': 400, 'T': 120, 'x': 0.2, 'mode': -1, 'tf': 0, 'k': 0.2, 'stop': 0, 'R': 1.0, 'hold': 240}",151,58.9,1.399,2469,98,53.1,1.089,580,93,53.8,1.099,630
NQ_DRIVE,2774,"{'A': 400, 'T': 120, 'x': 0.2, 'mode': -1, 'tf': 0, 'k': 0.2, 'stop': 0, 'R': 2.0, 'hold': 240}",151,44.4,1.413,3236,98,42.9,1.2,1562,93,43.0,1.195,1504
NQ_DRIVE,2775,"{'A': 400, 'T': 120, 'x': 0.2, 'mode': -1, 'tf': 0, 'k': 0.35, 'stop': 0, 'R': 0.5, 'hold': 240}",151,67.5,1.179,1325,98,68.4,1.228,1508,93,71.0,1.32,1968
NQ_DRIVE,2776,"{'A': 400, 'T': 120, 'x': 0.2, 'mode': -1, 'tf': 0, 'k': 0.35, 'stop': 0, 'R': 1.0, 'hold': 240}",151,53.0,1.207,1984,98,55.1,1.248,2213,93,57.0,1.302,2576
NQ_DRIVE,2777,"{'A': 400, 'T': 120, 'x': 0.2, 'mode': -1, 'tf': 0, 'k': 0.35, 'stop': 0, 'R': 2.0, 'hold': 240}",151,48.3,1.101,1019,98,54.1,1.396,3593,93,55.9,1.454,3932
NQ_DRIVE,2778,"{'A': 400, 'T': 120, 'x': 0.2, 'mode': -1, 'tf': 1, 'k': 0.2, 'stop': 0, 'R': 0.5, 'hold': 240}",71,76.1,1.6,1005,55,76.4,1.479,907,47,74.5,1.244,457
NQ_DRIVE,2779,"{'A': 400, 'T': 120, 'x': 0.2, 'mode': -1, 'tf': 1, 'k': 0.2, 'stop': 0, 'R': 1.0, 'hold': 240}",71,59.2,1.353,1078,55,60.0,1.451,1376,47,55.3,1.164,502
NQ_DRIVE,2780,"{'A': 400, 'T': 120, 'x': 0.2, 'mode': -1, 'tf': 1, 'k': 0.2, 'stop': 0, 'R': 2.0, 'hold': 240}",71,40.8,1.197,768,55,49.1,1.469,1867,47,44.7,1.242,927
NQ_DRIVE,2781,"{'A': 400, 'T': 120, 'x': 0.2, 'mode': -1, 'tf': 1, 'k': 0.35, 'stop': 0, 'R': 0.5, 'hold': 240}",71,66.2,1.008,31,55,70.9,1.293,1026,47,68.1,1.065,232
NQ_DRIVE,2782,"{'A': 400, 'T': 120, 'x': 0.2, 'mode': -1, 'tf': 1, 'k': 0.35, 'stop': 0, 'R': 1.0, 'hold': 240}",71,49.3,1.022,105,55,54.5,1.089,467,47,51.1,0.931,-349
NQ_DRIVE,2783,"{'A': 400, 'T': 120, 'x': 0.2, 'mode': -1, 'tf': 1, 'k': 0.35, 'stop': 0, 'R': 2.0, 'hold': 240}",71,45.1,1.035,176,55,52.7,1.154,829,47,48.9,0.947,-276
NQ_DRIVE,2784,"{'A': 400, 'T': 120, 'x': 0.35, 'mode': 1, 'tf': 0, 'k': 0.2, 'stop': 0, 'R': 0.5, 'hold': 240}",31,61.3,0.7,-362,23,69.6,0.956,-50,22,68.2,0.934,-76
NQ_DRIVE,2785,"{'A': 400, 'T': 120, 'x': 0.35, 'mode': 1, 'tf': 0, 'k': 0.2, 'stop': 0, 'R': 1.0, 'hold': 240}",31,41.9,0.656,-612,23,43.5,0.798,-376,22,45.5,0.839,-289
NQ_DRIVE,2786,"{'A': 400, 'T': 120, 'x': 0.35, 'mode': 1, 'tf': 0, 'k': 0.2, 'stop': 0, 'R': 2.0, 'hold': 240}",31,19.4,0.497,-1153,23,26.1,0.747,-621,22,27.3,0.772,-545
NQ_DRIVE,2787,"{'A': 400, 'T': 120, 'x': 0.35, 'mode': 1, 'tf': 0, 'k': 0.35, 'stop': 0, 'R': 0.5, 'hold': 240}",31,54.8,0.595,-922,23,69.6,1.237,377,22,72.7,1.37,539
NQ_DRIVE,2788,"{'A': 400, 'T': 120, 'x': 0.35, 'mode': 1, 'tf': 0, 'k': 0.35, 'stop': 0, 'R': 1.0, 'hold': 240}",31,41.9,0.72,-773,23,52.2,1.212,485,22,54.5,1.298,642
NQ_DRIVE,2789,"{'A': 400, 'T': 120, 'x': 0.35, 'mode': 1, 'tf': 0, 'k': 0.35, 'stop': 0, 'R': 2.0, 'hold': 240}",31,22.6,0.436,-1766,23,47.8,1.19,434,22,50.0,1.262,566
NQ_DRIVE,2790,"{'A': 400, 'T': 120, 'x': 0.35, 'mode': 1, 'tf': 1, 'k': 0.2, 'stop': 0, 'R': 0.5, 'hold': 240}",18,61.1,,-232,8,62.5,,-167,10,60.0,,-217
NQ_DRIVE,2791,"{'A': 400, 'T': 120, 'x': 0.35, 'mode': 1, 'tf': 1, 'k': 0.2, 'stop': 0, 'R': 1.0, 'hold': 240}",18,38.9,,-496,8,62.5,,202,10,50.0,,-60
NQ_DRIVE,2792,"{'A': 400, 'T': 120, 'x': 0.35, 'mode': 1, 'tf': 1, 'k': 0.2, 'stop': 0, 'R': 2.0, 'hold': 240}",18,11.1,,-1112,8,37.5,,-13,10,30.0,,-286
NQ_DRIVE,2793,"{'A': 400, 'T': 120, 'x': 0.35, 'mode': 1, 'tf': 1, 'k': 0.35, 'stop': 0, 'R': 0.5, 'hold': 240}",18,61.1,,-284,8,75.0,,-104,10,70.0,,-72
NQ_DRIVE,2794,"{'A': 400, 'T': 120, 'x': 0.35, 'mode': 1, 'tf': 1, 'k': 0.35, 'stop': 0, 'R': 1.0, 'hold': 240}",18,50.0,,-124,8,62.5,,-2,10,50.0,,-353
NQ_DRIVE,2795,"{'A': 400, 'T': 120, 'x': 0.35, 'mode': 1, 'tf': 1, 'k': 0.35, 'stop': 0, 'R': 2.0, 'hold': 240}",18,22.2,,-938,8,50.0,,-380,10,40.0,,-742
NQ_DRIVE,2804,"{'A': 400, 'T': 120, 'x': 0.35, 'mode': -1, 'tf': 1, 'k': 0.2, 'stop': 0, 'R': 2.0, 'hold': 240}",12,50.0,,598,14,35.7,,-480,10,20.0,,-862
NQ_DRIVE,2805,"{'A': 400, 'T': 120, 'x': 0.35, 'mode': -1, 'tf': 1, 'k': 0.35, 'stop': 0, 'R': 0.5, 'hold': 240}",12,66.7,,-15,14,78.6,,350,10,70.0,,-79
NQ_DRIVE,2806,"{'A': 400, 'T': 120, 'x': 0.35, 'mode': -1, 'tf': 1, 'k': 0.35, 'stop': 0, 'R': 1.0, 'hold': 240}",12,66.7,,529,14,50.0,,-794,10,40.0,,-998
NQ_DRIVE,2807,"{'A': 400, 'T': 120, 'x': 0.35, 'mode': -1, 'tf': 1, 'k': 0.35, 'stop': 0, 'R': 2.0, 'hold': 240}",12,66.7,,547,14,50.0,,-712,10,40.0,,-889
NQ_DRIVE,2800,"{'A': 400, 'T': 120, 'x': 0.35, 'mode': -1, 'tf': 0, 'k': 0.35, 'stop': 0, 'R': 1.0, 'hold': 240}",31,58.1,1.295,607,23,47.8,0.785,-610,22,45.5,0.734,-762
NQ_DRIVE,2801,"{'A': 400, 'T': 120, 'x': 0.35, 'mode': -1, 'tf': 0, 'k': 0.35, 'stop': 0, 'R': 2.0, 'hold': 240}",31,51.6,1.136,306,23,47.8,0.887,-320,22,45.5,0.865,-386
NQ_DRIVE,2802,"{'A': 400, 'T': 120, 'x': 0.35, 'mode': -1, 'tf': 1, 'k': 0.2, 'stop': 0, 'R': 0.5, 'hold': 240}",12,75.0,,196,14,71.4,,21,10,60.0,,-220
NQ_DRIVE,2803,"{'A': 400, 'T': 120, 'x': 0.35, 'mode': -1, 'tf': 1, 'k': 0.2, 'stop': 0, 'R': 1.0, 'hold': 240}",12,50.0,,-4,14,64.3,,371,10,50.0,,-123
NQ_DRIVE,2796,"{'A': 400, 'T': 120, 'x': 0.35, 'mode': -1, 'tf': 0, 'k': 0.2, 'stop': 0, 'R': 0.5, 'hold': 240}",31,74.2,1.699,470,23,73.9,1.222,215,22,72.7,1.174,170
NQ_DRIVE,2797,"{'A': 400, 'T': 120, 'x': 0.35, 'mode': -1, 'tf': 0, 'k': 0.2, 'stop': 0, 'R': 1.0, 'hold': 240}",31,58.1,1.362,447,23,56.5,1.165,253,22,54.5,1.111,172
NQ_DRIVE,2798,"{'A': 400, 'T': 120, 'x': 0.35, 'mode': -1, 'tf': 0, 'k': 0.2, 'stop': 0, 'R': 2.0, 'hold': 240}",31,41.9,1.37,636,23,30.4,0.711,-685,22,27.3,0.64,-866
NQ_DRIVE,2799,"{'A': 400, 'T': 120, 'x': 0.35, 'mode': -1, 'tf': 0, 'k': 0.35, 'stop': 0, 'R': 0.5, 'hold': 240}",31,71.0,1.23,337,23,73.9,1.265,433,22,72.7,1.225,370
NQ_DRIVE,2812,"{'A': 400, 'T': 240, 'x': 0.1, 'mode': 1, 'tf': 0, 'k': 0.35, 'stop': 0, 'R': 1.0, 'hold': 240}",594,48.3,0.894,-5084,399,52.1,1.036,1483,374,51.1,1.004,167
NQ_DRIVE,2813,"{'A': 400, 'T': 240, 'x': 0.1, 'mode': 1, 'tf': 0, 'k': 0.35, 'stop': 0, 'R': 2.0, 'hold': 240}",594,41.1,0.883,-6270,399,42.6,0.974,-1208,374,42.8,0.965,-1611
NQ_DRIVE,2814,"{'A': 400, 'T': 240, 'x': 0.1, 'mode': 1, 'tf': 1, 'k': 0.2, 'stop': 0, 'R': 0.5, 'hold': 240}",312,63.1,0.738,-3241,200,69.5,1.035,316,169,67.5,0.924,-636
NQ_DRIVE,2815,"{'A': 400, 'T': 240, 'x': 0.1, 'mode': 1, 'tf': 1, 'k': 0.2, 'stop': 0, 'R': 1.0, 'hold': 240}",312,49.7,0.85,-2506,200,57.5,1.266,3251,169,56.8,1.234,2510
NQ_DRIVE,2816,"{'A': 400, 'T': 240, 'x': 0.1, 'mode': 1, 'tf': 1, 'k': 0.2, 'stop': 0, 'R': 2.0, 'hold': 240}",313,31.3,0.704,-6544,200,38.5,1.108,1855,169,38.5,1.126,1863
NQ_DRIVE,2817,"{'A': 400, 'T': 240, 'x': 0.1, 'mode': 1, 'tf': 1, 'k': 0.35, 'stop': 0, 'R': 0.5, 'hold': 240}",312,64.7,0.831,-3280,200,69.5,1.138,1964,169,70.4,1.162,1979
NQ_DRIVE,2818,"{'A': 400, 'T': 240, 'x': 0.1, 'mode': 1, 'tf': 1, 'k': 0.35, 'stop': 0, 'R': 1.0, 'hold': 240}",313,47.9,0.801,-5304,200,51.5,1.014,305,169,50.3,0.969,-593
NQ_DRIVE,2819,"{'A': 400, 'T': 240, 'x': 0.1, 'mode': 1, 'tf': 1, 'k': 0.35, 'stop': 0, 'R': 2.0, 'hold': 240}",313,41.2,0.823,-5247,200,43.0,0.909,-2258,169,44.4,0.913,-1869
NQ_DRIVE,2828,"{'A': 400, 'T': 240, 'x': 0.1, 'mode': -1, 'tf': 1, 'k': 0.2, 'stop': 0, 'R': 2.0, 'hold': 240}",255,36.5,0.92,-1324,187,34.2,0.947,-896,167,35.9,0.987,-194
NQ_DRIVE,2829,"{'A': 400, 'T': 240, 'x': 0.1, 'mode': -1, 'tf': 1, 'k': 0.35, 'stop': 0, 'R': 0.5, 'hold': 240}",256,61.3,0.829,-2859,187,62.6,0.877,-1956,167,61.7,0.831,-2556
NQ_DRIVE,2830,"{'A': 400, 'T': 240, 'x': 0.1, 'mode': -1, 'tf': 1, 'k': 0.35, 'stop': 0, 'R': 1.0, 'hold': 240}",256,49.6,0.916,-1740,187,47.6,0.905,-1955,167,49.7,0.928,-1342
NQ_DRIVE,2831,"{'A': 400, 'T': 240, 'x': 0.1, 'mode': -1, 'tf': 1, 'k': 0.35, 'stop': 0, 'R': 2.0, 'hold': 240}",256,44.5,0.917,-1871,187,46.0,1.035,732,167,47.9,1.094,1785
NQ_DRIVE,2824,"{'A': 400, 'T': 240, 'x': 0.1, 'mode': -1, 'tf': 0, 'k': 0.35, 'stop': 0, 'R': 1.0, 'hold': 240}",594,50.7,1.042,1872,399,47.9,0.918,-3639,374,48.9,0.948,-2189
NQ_DRIVE,2825,"{'A': 400, 'T': 240, 'x': 0.1, 'mode': -1, 'tf': 0, 'k': 0.35, 'stop': 0, 'R': 2.0, 'hold': 240}",594,44.3,1.071,3468,399,44.1,1.021,983,374,45.2,1.061,2715
NQ_DRIVE,2826,"{'A': 400, 'T': 240, 'x': 0.1, 'mode': -1, 'tf': 1, 'k': 0.2, 'stop': 0, 'R': 0.5, 'hold': 240}",255,65.9,0.906,-860,187,62.6,0.817,-1811,167,62.3,0.805,-1796
NQ_DRIVE,2827,"{'A': 400, 'T': 240, 'x': 0.1, 'mode': -1, 'tf': 1, 'k': 0.2, 'stop': 0, 'R': 1.0, 'hold': 240}",255,48.2,0.892,-1471,187,45.5,0.841,-2263,167,44.9,0.82,-2394
NQ_DRIVE,2832,"{'A': 400, 'T': 240, 'x': 0.2, 'mode': 1, 'tf': 0, 'k': 0.2, 'stop': 0, 'R': 0.5, 'hold': 240}",279,64.5,0.778,-2428,199,70.9,1.115,970,187,72.7,1.221,1695
NQ_DRIVE,2833,"{'A': 400, 'T': 240, 'x': 0.2, 'mode': 1, 'tf': 0, 'k': 0.2, 'stop': 0, 'R': 1.0, 'hold': 240}",279,50.5,0.889,-1643,199,55.3,1.112,1466,187,56.7,1.174,2147
NQ_DRIVE,2834,"{'A': 400, 'T': 240, 'x': 0.2, 'mode': 1, 'tf': 0, 'k': 0.2, 'stop': 0, 'R': 2.0, 'hold': 240}",281,32.0,0.758,-4855,199,34.7,0.921,-1470,187,36.4,0.977,-414
NQ_DRIVE,2835,"{'A': 400, 'T': 240, 'x': 0.2, 'mode': 1, 'tf': 0, 'k': 0.35, 'stop': 0, 'R': 0.5, 'hold': 240}",279,64.9,0.866,-2308,199,71.4,1.152,2134,187,71.7,1.191,2563
NQ_DRIVE,2840,"{'A': 400, 'T': 240, 'x': 0.2, 'mode': 1, 'tf': 1, 'k': 0.2, 'stop': 0, 'R': 2.0, 'hold': 240}",154,30.5,0.674,-3611,97,30.9,0.811,-1769,81,29.6,0.774,-1857
NQ_DRIVE,2841,"{'A': 400, 'T': 240, 'x': 0.2, 'mode': 1, 'tf': 1, 'k': 0.35, 'stop': 0, 'R': 0.5, 'hold': 240}",153,67.3,0.88,-1100,97,71.1,1.094,667,81,69.1,0.951,-332
NQ_DRIVE,2842,"{'A': 400, 'T': 240, 'x': 0.2, 'mode': 1, 'tf': 1, 'k': 0.35, 'stop': 0, 'R': 1.0, 'hold': 240}",154,46.1,0.744,-3478,97,45.4,0.768,-2801,81,39.5,0.606,-4671
NQ_DRIVE,2843,"{'A': 400, 'T': 240, 'x': 0.2, 'mode': 1, 'tf': 1, 'k': 0.35, 'stop': 0, 'R': 2.0, 'hold': 240}",154,40.9,0.842,-2301,97,37.1,0.665,-4619,81,33.3,0.553,-5833
NQ_DRIVE,2836,"{'A': 400, 'T': 240, 'x': 0.2, 'mode': 1, 'tf': 0, 'k': 0.35, 'stop': 0, 'R': 1.0, 'hold': 240}",281,46.6,0.798,-4996,199,50.3,0.919,-1841,187,49.7,0.924,-1674
NQ_DRIVE,2837,"{'A': 400, 'T': 240, 'x': 0.2, 'mode': 1, 'tf': 0, 'k': 0.35, 'stop': 0, 'R': 2.0, 'hold': 240}",281,40.6,0.792,-5629,199,41.7,0.894,-2675,187,41.2,0.897,-2520
NQ_DRIVE,2838,"{'A': 400, 'T': 240, 'x': 0.2, 'mode': 1, 'tf': 1, 'k': 0.2, 'stop': 0, 'R': 0.5, 'hold': 240}",153,65.4,0.755,-1467,97,69.1,0.981,-83,81,67.9,0.906,-375
NQ_DRIVE,2839,"{'A': 400, 'T': 240, 'x': 0.2, 'mode': 1, 'tf': 1, 'k': 0.2, 'stop': 0, 'R': 1.0, 'hold': 240}",153,52.9,0.911,-705,97,58.8,1.303,1720,81,55.6,1.123,658
NQ_DRIVE,2844,"{'A': 400, 'T': 240, 'x': 0.2, 'mode': -1, 'tf': 0, 'k': 0.2, 'stop': 0, 'R': 0.5, 'hold': 240}",279,67.0,1.003,27,199,61.8,0.805,-2037,187,62.0,0.814,-1877
NQ_DRIVE,2845,"{'A': 400, 'T': 240, 'x': 0.2, 'mode': -1, 'tf': 0, 'k': 0.2, 'stop': 0, 'R': 1.0, 'hold': 240}",279,49.5,1.012,163,199,44.2,0.822,-2709,187,42.8,0.78,-3326
NQ_DRIVE,2846,"{'A': 400, 'T': 240, 'x': 0.2, 'mode': -1, 'tf': 0, 'k': 0.2, 'stop': 0, 'R': 2.0, 'hold': 240}",279,34.8,0.997,-49,199,31.2,0.875,-2317,187,31.0,0.854,-2649
NQ_DRIVE,2847,"{'A': 400, 'T': 240, 'x': 0.2, 'mode': -1, 'tf': 0, 'k': 0.35, 'stop': 0, 'R': 0.5, 'hold': 240}",281,67.6,1.136,1998,199,64.8,0.981,-304,187,62.6,0.904,-1559
NQ_DRIVE,2848,"{'A': 400, 'T': 240, 'x': 0.2, 'mode': -1, 'tf': 0, 'k': 0.35, 'stop': 0, 'R': 1.0, 'hold': 240}",281,53.0,1.171,3484,199,49.7,1.036,770,187,50.3,1.032,668
NQ_DRIVE,2849,"{'A': 400, 'T': 240, 'x': 0.2, 'mode': -1, 'tf': 0, 'k': 0.35, 'stop': 0, 'R': 2.0, 'hold': 240}",281,44.8,1.15,3496,199,46.2,1.185,4169,187,46.0,1.174,3819
NQ_DRIVE,2850,"{'A': 400, 'T': 240, 'x': 0.2, 'mode': -1, 'tf': 1, 'k': 0.2, 'stop': 0, 'R': 0.5, 'hold': 240}",117,71.8,1.111,410,96,61.5,0.813,-957,86,60.5,0.771,-1124
NQ_DRIVE,2851,"{'A': 400, 'T': 240, 'x': 0.2, 'mode': -1, 'tf': 1, 'k': 0.2, 'stop': 0, 'R': 1.0, 'hold': 240}",117,51.3,1.009,52,96,46.9,0.937,-442,86,43.0,0.795,-1449
NQ_DRIVE,2852,"{'A': 400, 'T': 240, 'x': 0.2, 'mode': -1, 'tf': 1, 'k': 0.2, 'stop': 0, 'R': 2.0, 'hold': 240}",117,37.6,1.008,64,96,33.3,0.932,-601,86,33.7,0.872,-1049
NQ_DRIVE,2853,"{'A': 400, 'T': 240, 'x': 0.2, 'mode': -1, 'tf': 1, 'k': 0.35, 'stop': 0, 'R': 0.5, 'hold': 240}",118,66.9,1.059,403,96,62.5,0.908,-764,86,58.1,0.751,-2143
NQ_DRIVE,2854,"{'A': 400, 'T': 240, 'x': 0.2, 'mode': -1, 'tf': 1, 'k': 0.35, 'stop': 0, 'R': 1.0, 'hold': 240}",118,52.5,1.093,863,96,45.8,0.896,-1149,86,45.3,0.8,-2116
NQ_DRIVE,2855,"{'A': 400, 'T': 240, 'x': 0.2, 'mode': -1, 'tf': 1, 'k': 0.35, 'stop': 0, 'R': 2.0, 'hold': 240}",118,44.9,1.07,725,96,43.8,0.964,-413,86,43.0,0.954,-508
NQ_DRIVE,2868,"{'A': 400, 'T': 240, 'x': 0.35, 'mode': -1, 'tf': 0, 'k': 0.2, 'stop': 0, 'R': 0.5, 'hold': 240}",84,66.7,1.059,156,60,65.0,0.831,-550,53,62.3,0.787,-683
NQ_DRIVE,2869,"{'A': 400, 'T': 240, 'x': 0.35, 'mode': -1, 'tf': 0, 'k': 0.2, 'stop': 0, 'R': 1.0, 'hold': 240}",84,50.0,1.061,250,60,45.0,0.791,-1021,53,45.3,0.806,-894
NQ_DRIVE,2870,"{'A': 400, 'T': 240, 'x': 0.35, 'mode': -1, 'tf': 0, 'k': 0.2, 'stop': 0, 'R': 2.0, 'hold': 240}",84,36.9,1.237,1209,60,23.3,0.697,-1954,53,26.4,0.763,-1410
NQ_DRIVE,2871,"{'A': 400, 'T': 240, 'x': 0.35, 'mode': -1, 'tf': 0, 'k': 0.35, 'stop': 0, 'R': 0.5, 'hold': 240}",84,73.8,1.568,1947,60,65.0,1.003,13,53,66.0,1.054,247
NQ_DRIVE,2856,"{'A': 400, 'T': 240, 'x': 0.35, 'mode': 1, 'tf': 0, 'k': 0.2, 'stop': 0, 'R': 0.5, 'hold': 240}",84,65.5,0.756,-794,60,71.7,1.165,425,53,71.7,1.164,404
NQ_DRIVE,2857,"{'A': 400, 'T': 240, 'x': 0.35, 'mode': 1, 'tf': 0, 'k': 0.2, 'stop': 0, 'R': 1.0, 'hold': 240}",84,50.0,0.847,-695,60,55.0,1.175,703,53,54.7,1.16,613
NQ_DRIVE,2858,"{'A': 400, 'T': 240, 'x': 0.35, 'mode': 1, 'tf': 0, 'k': 0.2, 'stop': 0, 'R': 2.0, 'hold': 240}",84,26.2,0.595,-2595,60,33.3,0.858,-878,53,32.1,0.81,-1121
NQ_DRIVE,2859,"{'A': 400, 'T': 240, 'x': 0.35, 'mode': 1, 'tf': 0, 'k': 0.35, 'stop': 0, 'R': 0.5, 'hold': 240}",84,63.1,0.715,-1693,60,76.7,1.315,1289,53,75.5,1.309,1203
NQ_DRIVE,2872,"{'A': 400, 'T': 240, 'x': 0.35, 'mode': -1, 'tf': 0, 'k': 0.35, 'stop': 0, 'R': 1.0, 'hold': 240}",84,54.8,1.439,2490,60,40.0,0.883,-883,53,45.3,1.002,12
NQ_DRIVE,2873,"{'A': 400, 'T': 240, 'x': 0.35, 'mode': -1, 'tf': 0, 'k': 0.35, 'stop': 0, 'R': 2.0, 'hold': 240}",84,46.4,1.408,2746,60,35.0,1.027,212,53,39.6,1.153,1095
NQ_DRIVE,2874,"{'A': 400, 'T': 240, 'x': 0.35, 'mode': -1, 'tf': 1, 'k': 0.2, 'stop': 0, 'R': 0.5, 'hold': 240}",39,74.4,1.471,468,26,57.7,0.536,-849,19,47.4,,-1032
NQ_DRIVE,2875,"{'A': 400, 'T': 240, 'x': 0.35, 'mode': -1, 'tf': 1, 'k': 0.2, 'stop': 0, 'R': 1.0, 'hold': 240}",39,56.4,1.259,462,26,42.3,0.544,-1131,19,31.6,,-1482
NQ_DRIVE,2864,"{'A': 400, 'T': 240, 'x': 0.35, 'mode': 1, 'tf': 1, 'k': 0.2, 'stop': 0, 'R': 2.0, 'hold': 240}",43,25.6,0.558,-1427,33,33.3,0.733,-950,28,28.6,0.645,-1200
NQ_DRIVE,2865,"{'A': 400, 'T': 240, 'x': 0.35, 'mode': 1, 'tf': 1, 'k': 0.35, 'stop': 0, 'R': 0.5, 'hold': 240}",43,72.1,0.924,-192,33,75.8,1.03,79,28,71.4,0.887,-301
NQ_DRIVE,2866,"{'A': 400, 'T': 240, 'x': 0.35, 'mode': 1, 'tf': 1, 'k': 0.35, 'stop': 0, 'R': 1.0, 'hold': 240}",43,48.8,0.733,-1051,33,63.6,1.089,334,28,50.0,0.724,-1160
NQ_DRIVE,2867,"{'A': 400, 'T': 240, 'x': 0.35, 'mode': 1, 'tf': 1, 'k': 0.35, 'stop': 0, 'R': 2.0, 'hold': 240}",43,44.2,1.071,302,33,51.5,0.826,-765,28,42.9,0.599,-1835
NQ_DRIVE,2860,"{'A': 400, 'T': 240, 'x': 0.35, 'mode': 1, 'tf': 0, 'k': 0.35, 'stop': 0, 'R': 1.0, 'hold': 240}",84,44.0,0.651,-2939,60,60.0,1.083,560,53,54.7,0.957,-296
NQ_DRIVE,2861,"{'A': 400, 'T': 240, 'x': 0.35, 'mode': 1, 'tf': 0, 'k': 0.35, 'stop': 0, 'R': 2.0, 'hold': 240}",84,38.1,0.766,-2137,60,48.3,0.995,-39,53,43.4,0.82,-1388
NQ_DRIVE,2862,"{'A': 400, 'T': 240, 'x': 0.35, 'mode': 1, 'tf': 1, 'k': 0.2, 'stop': 0, 'R': 0.5, 'hold': 240}",43,65.1,0.679,-558,33,63.6,0.633,-755,28,64.3,0.687,-575
NQ_DRIVE,2863,"{'A': 400, 'T': 240, 'x': 0.35, 'mode': 1, 'tf': 1, 'k': 0.2, 'stop': 0, 'R': 1.0, 'hold': 240}",43,58.1,1.071,144,33,54.5,0.937,-156,28,50.0,0.844,-374
NQ_DRIVE,2876,"{'A': 400, 'T': 240, 'x': 0.35, 'mode': -1, 'tf': 1, 'k': 0.2, 'stop': 0, 'R': 2.0, 'hold': 240}",39,46.2,1.565,1213,26,19.2,0.393,-1956,19,21.1,,-1522
NQ_DRIVE,2877,"{'A': 400, 'T': 240, 'x': 0.35, 'mode': -1, 'tf': 1, 'k': 0.35, 'stop': 0, 'R': 0.5, 'hold': 240}",39,74.4,1.581,967,26,61.5,0.722,-754,19,52.6,,-1175
NQ_DRIVE,2878,"{'A': 400, 'T': 240, 'x': 0.35, 'mode': -1, 'tf': 1, 'k': 0.35, 'stop': 0, 'R': 1.0, 'hold': 240}",39,59.0,1.518,1385,26,42.3,0.822,-596,19,42.1,,-533
NQ_DRIVE,2879,"{'A': 400, 'T': 240, 'x': 0.35, 'mode': -1, 'tf': 1, 'k': 0.35, 'stop': 0, 'R': 2.0, 'hold': 240}",39,48.7,1.413,1375,26,34.6,0.755,-913,19,36.8,,-321
NQ_DRIVE,2880,"{'A': 500, 'T': 15, 'x': 0.1, 'mode': 1, 'tf': 0, 'k': 0.2, 'stop': 0, 'R': 0.5, 'hold': 240}",58,63.8,0.908,-174,38,57.9,0.786,-439,37,59.5,0.757,-535
NQ_DRIVE,2881,"{'A': 500, 'T': 15, 'x': 0.1, 'mode': 1, 'tf': 0, 'k': 0.2, 'stop': 0, 'R': 1.0, 'hold': 240}",58,53.4,1.011,27,38,36.8,0.483,-1753,37,35.1,0.438,-2012
NQ_DRIVE,2882,"{'A': 500, 'T': 15, 'x': 0.1, 'mode': 1, 'tf': 0, 'k': 0.2, 'stop': 0, 'R': 2.0, 'hold': 240}",58,41.4,1.045,126,38,34.2,0.777,-759,37,32.4,0.746,-913
NQ_DRIVE,2883,"{'A': 500, 'T': 15, 'x': 0.1, 'mode': 1, 'tf': 0, 'k': 0.35, 'stop': 0, 'R': 0.5, 'hold': 240}",58,60.3,0.985,-38,38,50.0,0.587,-1567,37,48.6,0.531,-1923
NQ_DRIVE,2884,"{'A': 500, 'T': 15, 'x': 0.1, 'mode': 1, 'tf': 0, 'k': 0.35, 'stop': 0, 'R': 1.0, 'hold': 240}",58,51.7,1.19,545,38,39.5,0.618,-1580,37,37.8,0.581,-1867
NQ_DRIVE,2885,"{'A': 500, 'T': 15, 'x': 0.1, 'mode': 1, 'tf': 0, 'k': 0.35, 'stop': 0, 'R': 2.0, 'hold': 240}",58,46.6,1.015,49,38,39.5,0.716,-1175,37,37.8,0.665,-1493
NQ_DRIVE,2886,"{'A': 500, 'T': 15, 'x': 0.1, 'mode': 1, 'tf': 1, 'k': 0.2, 'stop': 0, 'R': 0.5, 'hold': 240}",29,65.5,0.888,-110,17,47.1,,-680,16,43.8,,-780
NQ_DRIVE,2887,"{'A': 500, 'T': 15, 'x': 0.1, 'mode': 1, 'tf': 1, 'k': 0.2, 'stop': 0, 'R': 1.0, 'hold': 240}",29,58.6,1.29,327,17,35.3,,-837,16,31.2,,-974
NQ_DRIVE,2908,"{'A': 500, 'T': 15, 'x': 0.2, 'mode': 1, 'tf': 0, 'k': 0.35, 'stop': 0, 'R': 1.0, 'hold': 240}",3,100.0,,484,2,50.0,,-2,2,50.0,,-5
NQ_DRIVE,2909,"{'A': 500, 'T': 15, 'x': 0.2, 'mode': 1, 'tf': 0, 'k': 0.35, 'stop': 0, 'R': 2.0, 'hold': 240}",3,100.0,,791,2,50.0,,-2,2,50.0,,-5
NQ_DRIVE,2910,"{'A': 500, 'T': 15, 'x': 0.2, 'mode': 1, 'tf': 1, 'k': 0.2, 'stop': 0, 'R': 0.5, 'hold': 240}",2,100.0,,99,0,,,0,0,,,0
NQ_DRIVE,2911,"{'A': 500, 'T': 15, 'x': 0.2, 'mode': 1, 'tf': 1, 'k': 0.2, 'stop': 0, 'R': 1.0, 'hold': 240}",2,100.0,,204,0,,,0,0,,,0
NQ_DRIVE,2904,"{'A': 500, 'T': 15, 'x': 0.2, 'mode': 1, 'tf': 0, 'k': 0.2, 'stop': 0, 'R': 0.5, 'hold': 240}",3,100.0,,133,2,50.0,,-77,2,50.0,,-78
NQ_DRIVE,2905,"{'A': 500, 'T': 15, 'x': 0.2, 'mode': 1, 'tf': 0, 'k': 0.2, 'stop': 0, 'R': 1.0, 'hold': 240}",3,100.0,,273,2,0.0,,-328,2,0.0,,-333
NQ_DRIVE,2906,"{'A': 500, 'T': 15, 'x': 0.2, 'mode': 1, 'tf': 0, 'k': 0.2, 'stop': 0, 'R': 2.0, 'hold': 240}",3,100.0,,554,2,0.0,,-328,2,0.0,,-333
NQ_DRIVE,2907,"{'A': 500, 'T': 15, 'x': 0.2, 'mode': 1, 'tf': 0, 'k': 0.35, 'stop': 0, 'R': 0.5, 'hold': 240}",3,100.0,,238,2,100.0,,281,2,100.0,,282
NQ_DRIVE,2892,"{'A': 500, 'T': 15, 'x': 0.1, 'mode': -1, 'tf': 0, 'k': 0.2, 'stop': 0, 'R': 0.5, 'hold': 240}",58,63.8,0.875,-238,38,76.3,2.084,1144,37,78.4,2.301,1270
NQ_DRIVE,2893,"{'A': 500, 'T': 15, 'x': 0.1, 'mode': -1, 'tf': 0, 'k': 0.2, 'stop': 0, 'R': 1.0, 'hold': 240}",58,46.6,0.868,-340,38,63.2,1.903,1548,37,64.9,2.104,1813
NQ_DRIVE,2894,"{'A': 500, 'T': 15, 'x': 0.1, 'mode': -1, 'tf': 0, 'k': 0.2, 'stop': 0, 'R': 2.0, 'hold': 240}",58,37.9,0.648,-1057,38,52.6,1.791,1710,37,54.1,2.022,2138
NQ_DRIVE,2895,"{'A': 500, 'T': 15, 'x': 0.1, 'mode': -1, 'tf': 0, 'k': 0.35, 'stop': 0, 'R': 0.5, 'hold': 240}",58,55.2,0.712,-914,38,63.2,1.175,425,37,64.9,1.229,563
NQ_DRIVE,2896,"{'A': 500, 'T': 15, 'x': 0.1, 'mode': -1, 'tf': 0, 'k': 0.35, 'stop': 0, 'R': 1.0, 'hold': 240}",58,48.3,0.758,-866,38,57.9,1.518,1368,37,59.5,1.623,1662
NQ_DRIVE,2897,"{'A': 500, 'T': 15, 'x': 0.1, 'mode': -1, 'tf': 0, 'k': 0.35, 'stop': 0, 'R': 2.0, 'hold': 240}",58,46.6,0.716,-1032,38,55.3,1.714,1897,37,56.8,1.837,2247
NQ_DRIVE,2898,"{'A': 500, 'T': 15, 'x': 0.1, 'mode': -1, 'tf': 1, 'k': 0.2, 'stop': 0, 'R': 0.5, 'hold': 240}",28,67.9,0.937,-53,20,85.0,6.28,1044,15,86.7,,898
NQ_DRIVE,2899,"{'A': 500, 'T': 15, 'x': 0.1, 'mode': -1, 'tf': 1, 'k': 0.2, 'stop': 0, 'R': 1.0, 'hold': 240}",28,53.6,1.146,150,20,65.0,2.237,935,15,66.7,,959
NQ_DRIVE,2888,"{'A': 500, 'T': 15, 'x': 0.1, 'mode': 1, 'tf': 1, 'k': 0.2, 'stop': 0, 'R': 2.0, 'hold': 240}",29,44.8,1.228,319,17,35.3,,-94,16,31.2,,-298
NQ_DRIVE,2889,"{'A': 500, 'T': 15, 'x': 0.1, 'mode': 1, 'tf': 1, 'k': 0.35, 'stop': 0, 'R': 0.5, 'hold': 240}",29,69.0,1.271,318,17,41.2,,-1523,16,37.5,,-1723
NQ_DRIVE,2890,"{'A': 500, 'T': 15, 'x': 0.1, 'mode': 1, 'tf': 1, 'k': 0.35, 'stop': 0, 'R': 1.0, 'hold': 240}",29,55.2,1.232,348,17,41.2,,-891,16,37.5,,-1152
NQ_DRIVE,2891,"{'A': 500, 'T': 15, 'x': 0.1, 'mode': 1, 'tf': 1, 'k': 0.35, 'stop': 0, 'R': 2.0, 'hold': 240}",29,51.7,1.046,77,17,41.2,,-989,16,37.5,,-1157
NQ_DRIVE,2900,"{'A': 500, 'T': 15, 'x': 0.1, 'mode': -1, 'tf': 1, 'k': 0.2, 'stop': 0, 'R': 2.0, 'hold': 240}",28,50.0,1.011,12,20,55.0,1.676,687,15,53.3,,461
NQ_DRIVE,2901,"{'A': 500, 'T': 15, 'x': 0.1, 'mode': -1, 'tf': 1, 'k': 0.35, 'stop': 0, 'R': 0.5, 'hold': 240}",28,57.1,0.752,-364,20,65.0,1.846,680,15,66.7,,760
NQ_DRIVE,2902,"{'A': 500, 'T': 15, 'x': 0.1, 'mode': -1, 'tf': 1, 'k': 0.35, 'stop': 0, 'R': 1.0, 'hold': 240}",28,53.6,0.785,-352,20,60.0,1.887,801,15,60.0,,665
NQ_DRIVE,2903,"{'A': 500, 'T': 15, 'x': 0.1, 'mode': -1, 'tf': 1, 'k': 0.35, 'stop': 0, 'R': 2.0, 'hold': 240}",28,50.0,0.618,-645,20,60.0,2.112,1004,15,60.0,,636
NQ_DRIVE,2912,"{'A': 500, 'T': 15, 'x': 0.2, 'mode': 1, 'tf': 1, 'k': 0.2, 'stop': 0, 'R': 2.0, 'hold': 240}",2,100.0,,414,0,,,0,0,,,0
NQ_DRIVE,2913,"{'A': 500, 'T': 15, 'x': 0.2, 'mode': 1, 'tf': 1, 'k': 0.35, 'stop': 0, 'R': 0.5, 'hold': 240}",2,100.0,,178,0,,,0,0,,,0
NQ_DRIVE,2914,"{'A': 500, 'T': 15, 'x': 0.2, 'mode': 1, 'tf': 1, 'k': 0.35, 'stop': 0, 'R': 1.0, 'hold': 240}",2,100.0,,362,0,,,0,0,,,0
NQ_DRIVE,2915,"{'A': 500, 'T': 15, 'x': 0.2, 'mode': 1, 'tf': 1, 'k': 0.35, 'stop': 0, 'R': 2.0, 'hold': 240}",2,100.0,,545,0,,,0,0,,,0
NQ_DRIVE,2916,"{'A': 500, 'T': 15, 'x': 0.2, 'mode': -1, 'tf': 0, 'k': 0.2, 'stop': 0, 'R': 0.5, 'hold': 240}",3,33.3,,-183,2,100.0,,155,2,100.0,,159
NQ_DRIVE,2917,"{'A': 500, 'T': 15, 'x': 0.2, 'mode': -1, 'tf': 0, 'k': 0.2, 'stop': 0, 'R': 1.0, 'hold': 240}",3,0.0,,-289,2,100.0,,317,2,100.0,,322
NQ_DRIVE,2918,"{'A': 500, 'T': 15, 'x': 0.2, 'mode': -1, 'tf': 0, 'k': 0.2, 'stop': 0, 'R': 2.0, 'hold': 240}",3,0.0,,-289,2,0.0,,-260,2,0.0,,-261
NQ_DRIVE,2919,"{'A': 500, 'T': 15, 'x': 0.2, 'mode': -1, 'tf': 0, 'k': 0.35, 'stop': 0, 'R': 0.5, 'hold': 240}",3,0.0,,-500,2,100.0,,277,2,100.0,,282
NQ_DRIVE,2936,"{'A': 500, 'T': 15, 'x': 0.35, 'mode': 1, 'tf': 1, 'k': 0.2, 'stop': 0, 'R': 2.0, 'hold': 240}",0,,,0,0,,,0,0,,,0
NQ_DRIVE,2937,"{'A': 500, 'T': 15, 'x': 0.35, 'mode': 1, 'tf': 1, 'k': 0.35, 'stop': 0, 'R': 0.5, 'hold': 240}",0,,,0,0,,,0,0,,,0
NQ_DRIVE,2938,"{'A': 500, 'T': 15, 'x': 0.35, 'mode': 1, 'tf': 1, 'k': 0.35, 'stop': 0, 'R': 1.0, 'hold': 240}",0,,,0,0,,,0,0,,,0
NQ_DRIVE,2939,"{'A': 500, 'T': 15, 'x': 0.35, 'mode': 1, 'tf': 1, 'k': 0.35, 'stop': 0, 'R': 2.0, 'hold': 240}",0,,,0,0,,,0,0,,,0
NQ_DRIVE,2920,"{'A': 500, 'T': 15, 'x': 0.2, 'mode': -1, 'tf': 0, 'k': 0.35, 'stop': 0, 'R': 1.0, 'hold': 240}",3,0.0,,-500,2,50.0,,-9,2,50.0,,-6
NQ_DRIVE,2921,"{'A': 500, 'T': 15, 'x': 0.2, 'mode': -1, 'tf': 0, 'k': 0.35, 'stop': 0, 'R': 2.0, 'hold': 240}",3,0.0,,-500,2,50.0,,-9,2,50.0,,-6
NQ_DRIVE,2922,"{'A': 500, 'T': 15, 'x': 0.2, 'mode': -1, 'tf': 1, 'k': 0.2, 'stop': 0, 'R': 0.5, 'hold': 240}",1,100.0,,32,2,100.0,,155,2,100.0,,159
NQ_DRIVE,2923,"{'A': 500, 'T': 15, 'x': 0.2, 'mode': -1, 'tf': 1, 'k': 0.2, 'stop': 0, 'R': 1.0, 'hold': 240}",1,0.0,,-74,2,100.0,,317,2,100.0,,322
NQ_DRIVE,2808,"{'A': 400, 'T': 240, 'x': 0.1, 'mode': 1, 'tf': 0, 'k': 0.2, 'stop': 0, 'R': 0.5, 'hold': 240}",592,64.2,0.825,-3876,399,69.7,1.065,1147,374,69.8,1.071,1206
NQ_DRIVE,2809,"{'A': 400, 'T': 240, 'x': 0.1, 'mode': 1, 'tf': 0, 'k': 0.2, 'stop': 0, 'R': 1.0, 'hold': 240}",592,49.7,0.901,-3062,399,55.1,1.152,3926,374,55.3,1.153,3812
NQ_DRIVE,2810,"{'A': 400, 'T': 240, 'x': 0.1, 'mode': 1, 'tf': 0, 'k': 0.2, 'stop': 0, 'R': 2.0, 'hold': 240}",594,33.8,0.839,-6481,399,37.8,1.088,3009,374,38.0,1.084,2749
NQ_DRIVE,2811,"{'A': 400, 'T': 240, 'x': 0.1, 'mode': 1, 'tf': 0, 'k': 0.35, 'stop': 0, 'R': 0.5, 'hold': 240}",592,64.7,0.915,-2953,399,69.4,1.134,3806,374,69.8,1.145,3979
NQ_DRIVE,2924,"{'A': 500, 'T': 15, 'x': 0.2, 'mode': -1, 'tf': 1, 'k': 0.2, 'stop': 0, 'R': 2.0, 'hold': 240}",1,0.0,,-74,2,0.0,,-260,2,0.0,,-261
NQ_DRIVE,2925,"{'A': 500, 'T': 15, 'x': 0.2, 'mode': -1, 'tf': 1, 'k': 0.35, 'stop': 0, 'R': 0.5, 'hold': 240}",1,0.0,,-127,2,100.0,,277,2,100.0,,282
NQ_DRIVE,2926,"{'A': 500, 'T': 15, 'x': 0.2, 'mode': -1, 'tf': 1, 'k': 0.35, 'stop': 0, 'R': 1.0, 'hold': 240}",1,0.0,,-127,2,50.0,,-9,2,50.0,,-6
NQ_DRIVE,2927,"{'A': 500, 'T': 15, 'x': 0.2, 'mode': -1, 'tf': 1, 'k': 0.35, 'stop': 0, 'R': 2.0, 'hold': 240}",1,0.0,,-127,2,50.0,,-9,2,50.0,,-6
NQ_DRIVE,2928,"{'A': 500, 'T': 15, 'x': 0.35, 'mode': 1, 'tf': 0, 'k': 0.2, 'stop': 0, 'R': 0.5, 'hold': 240}",0,,,0,0,,,0,0,,,0
NQ_DRIVE,2929,"{'A': 500, 'T': 15, 'x': 0.35, 'mode': 1, 'tf': 0, 'k': 0.2, 'stop': 0, 'R': 1.0, 'hold': 240}",0,,,0,0,,,0,0,,,0
NQ_DRIVE,2930,"{'A': 500, 'T': 15, 'x': 0.35, 'mode': 1, 'tf': 0, 'k': 0.2, 'stop': 0, 'R': 2.0, 'hold': 240}",0,,,0,0,,,0,0,,,0
NQ_DRIVE,2931,"{'A': 500, 'T': 15, 'x': 0.35, 'mode': 1, 'tf': 0, 'k': 0.35, 'stop': 0, 'R': 0.5, 'hold': 240}",0,,,0,0,,,0,0,,,0
NQ_DRIVE,2932,"{'A': 500, 'T': 15, 'x': 0.35, 'mode': 1, 'tf': 0, 'k': 0.35, 'stop': 0, 'R': 1.0, 'hold': 240}",0,,,0,0,,,0,0,,,0
NQ_DRIVE,2933,"{'A': 500, 'T': 15, 'x': 0.35, 'mode': 1, 'tf': 0, 'k': 0.35, 'stop': 0, 'R': 2.0, 'hold': 240}",0,,,0,0,,,0,0,,,0
NQ_DRIVE,2934,"{'A': 500, 'T': 15, 'x': 0.35, 'mode': 1, 'tf': 1, 'k': 0.2, 'stop': 0, 'R': 0.5, 'hold': 240}",0,,,0,0,,,0,0,,,0
NQ_DRIVE,2935,"{'A': 500, 'T': 15, 'x': 0.35, 'mode': 1, 'tf': 1, 'k': 0.2, 'stop': 0, 'R': 1.0, 'hold': 240}",0,,,0,0,,,0,0,,,0
NQ_DRIVE,2940,"{'A': 500, 'T': 15, 'x': 0.35, 'mode': -1, 'tf': 0, 'k': 0.2, 'stop': 0, 'R': 0.5, 'hold': 240}",0,,,0,0,,,0,0,,,0
NQ_DRIVE,2941,"{'A': 500, 'T': 15, 'x': 0.35, 'mode': -1, 'tf': 0, 'k': 0.2, 'stop': 0, 'R': 1.0, 'hold': 240}",0,,,0,0,,,0,0,,,0
NQ_DRIVE,2942,"{'A': 500, 'T': 15, 'x': 0.35, 'mode': -1, 'tf': 0, 'k': 0.2, 'stop': 0, 'R': 2.0, 'hold': 240}",0,,,0,0,,,0,0,,,0
NQ_DRIVE,2943,"{'A': 500, 'T': 15, 'x': 0.35, 'mode': -1, 'tf': 0, 'k': 0.35, 'stop': 0, 'R': 0.5, 'hold': 240}",0,,,0,0,,,0,0,,,0
NQ_DRIVE,2944,"{'A': 500, 'T': 15, 'x': 0.35, 'mode': -1, 'tf': 0, 'k': 0.35, 'stop': 0, 'R': 1.0, 'hold': 240}",0,,,0,0,,,0,0,,,0
NQ_DRIVE,2945,"{'A': 500, 'T': 15, 'x': 0.35, 'mode': -1, 'tf': 0, 'k': 0.35, 'stop': 0, 'R': 2.0, 'hold': 240}",0,,,0,0,,,0,0,,,0
NQ_DRIVE,2946,"{'A': 500, 'T': 15, 'x': 0.35, 'mode': -1, 'tf': 1, 'k': 0.2, 'stop': 0, 'R': 0.5, 'hold': 240}",0,,,0,0,,,0,0,,,0
NQ_DRIVE,2947,"{'A': 500, 'T': 15, 'x': 0.35, 'mode': -1, 'tf': 1, 'k': 0.2, 'stop': 0, 'R': 1.0, 'hold': 240}",0,,,0,0,,,0,0,,,0
NQ_DRIVE,2820,"{'A': 400, 'T': 240, 'x': 0.1, 'mode': -1, 'tf': 0, 'k': 0.2, 'stop': 0, 'R': 0.5, 'hold': 240}",592,65.7,0.939,-1239,399,62.9,0.828,-3593,374,63.6,0.864,-2676
NQ_DRIVE,2821,"{'A': 400, 'T': 240, 'x': 0.1, 'mode': -1, 'tf': 0, 'k': 0.2, 'stop': 0, 'R': 1.0, 'hold': 240}",592,49.3,0.979,-630,399,44.4,0.794,-6390,374,44.1,0.794,-6164
NQ_DRIVE,2822,"{'A': 400, 'T': 240, 'x': 0.1, 'mode': -1, 'tf': 0, 'k': 0.2, 'stop': 0, 'R': 2.0, 'hold': 240}",592,35.5,0.986,-515,399,32.6,0.88,-4401,374,32.9,0.894,-3751
NQ_DRIVE,2823,"{'A': 400, 'T': 240, 'x': 0.1, 'mode': -1, 'tf': 0, 'k': 0.35, 'stop': 0, 'R': 0.5, 'hold': 240}",594,64.8,0.991,-299,399,61.7,0.841,-5549,374,62.3,0.857,-4782
NQ_DRIVE,2948,"{'A': 500, 'T': 15, 'x': 0.35, 'mode': -1, 'tf': 1, 'k': 0.2, 'stop': 0, 'R': 2.0, 'hold': 240}",0,,,0,0,,,0,0,,,0
NQ_DRIVE,2949,"{'A': 500, 'T': 15, 'x': 0.35, 'mode': -1, 'tf': 1, 'k': 0.35, 'stop': 0, 'R': 0.5, 'hold': 240}",0,,,0,0,,,0,0,,,0
NQ_DRIVE,2950,"{'A': 500, 'T': 15, 'x': 0.35, 'mode': -1, 'tf': 1, 'k': 0.35, 'stop': 0, 'R': 1.0, 'hold': 240}",0,,,0,0,,,0,0,,,0
NQ_DRIVE,2951,"{'A': 500, 'T': 15, 'x': 0.35, 'mode': -1, 'tf': 1, 'k': 0.35, 'stop': 0, 'R': 2.0, 'hold': 240}",0,,,0,0,,,0,0,,,0
NQ_DRIVE,2960,"{'A': 500, 'T': 30, 'x': 0.1, 'mode': 1, 'tf': 1, 'k': 0.2, 'stop': 0, 'R': 2.0, 'hold': 240}",57,50.9,1.297,743,36,55.6,1.788,1586,34,55.9,1.687,1383
NQ_DRIVE,2961,"{'A': 500, 'T': 30, 'x': 0.1, 'mode': 1, 'tf': 1, 'k': 0.35, 'stop': 0, 'R': 0.5, 'hold': 240}",57,71.9,1.485,1103,36,66.7,0.908,-252,34,64.7,0.74,-796
NQ_DRIVE,2962,"{'A': 500, 'T': 30, 'x': 0.1, 'mode': 1, 'tf': 1, 'k': 0.35, 'stop': 0, 'R': 1.0, 'hold': 240}",57,56.1,1.076,248,36,58.3,1.2,572,34,55.9,0.992,-25
NQ_DRIVE,2963,"{'A': 500, 'T': 30, 'x': 0.1, 'mode': 1, 'tf': 1, 'k': 0.35, 'stop': 0, 'R': 2.0, 'hold': 240}",57,54.4,0.85,-516,36,58.3,1.26,743,34,55.9,0.899,-320
NQ_DRIVE,2956,"{'A': 500, 'T': 30, 'x': 0.1, 'mode': 1, 'tf': 0, 'k': 0.35, 'stop': 0, 'R': 1.0, 'hold': 240}",117,49.6,0.894,-733,80,53.8,1.237,1436,76,51.3,1.117,722
NQ_DRIVE,2957,"{'A': 500, 'T': 30, 'x': 0.1, 'mode': 1, 'tf': 0, 'k': 0.35, 'stop': 0, 'R': 2.0, 'hold': 240}",117,47.0,0.82,-1313,80,52.5,1.271,1637,76,51.3,1.142,878
NQ_DRIVE,2958,"{'A': 500, 'T': 30, 'x': 0.1, 'mode': 1, 'tf': 1, 'k': 0.2, 'stop': 0, 'R': 0.5, 'hold': 240}",57,77.2,1.731,915,36,75.0,1.658,724,34,73.5,1.321,403
NQ_DRIVE,2959,"{'A': 500, 'T': 30, 'x': 0.1, 'mode': 1, 'tf': 1, 'k': 0.2, 'stop': 0, 'R': 1.0, 'hold': 240}",57,63.2,1.652,1266,36,61.1,1.33,624,34,61.8,1.241,455
NQ_DRIVE,2952,"{'A': 500, 'T': 30, 'x': 0.1, 'mode': 1, 'tf': 0, 'k': 0.2, 'stop': 0, 'R': 0.5, 'hold': 240}",117,65.8,0.955,-173,80,70.0,1.275,835,76,72.4,1.365,1037
NQ_DRIVE,2953,"{'A': 500, 'T': 30, 'x': 0.1, 'mode': 1, 'tf': 0, 'k': 0.2, 'stop': 0, 'R': 1.0, 'hold': 240}",117,50.4,0.997,-14,80,57.5,1.264,1184,76,55.3,1.175,796
NQ_DRIVE,2954,"{'A': 500, 'T': 30, 'x': 0.1, 'mode': 1, 'tf': 0, 'k': 0.2, 'stop': 0, 'R': 2.0, 'hold': 240}",117,42.7,1.024,137,80,48.8,1.402,2011,76,46.1,1.25,1263
NQ_DRIVE,2955,"{'A': 500, 'T': 30, 'x': 0.1, 'mode': 1, 'tf': 0, 'k': 0.35, 'stop': 0, 'R': 0.5, 'hold': 240}",117,62.4,1.019,107,80,63.7,0.991,-52,76,63.2,0.931,-404
NQ_DRIVE,2976,"{'A': 500, 'T': 30, 'x': 0.2, 'mode': 1, 'tf': 0, 'k': 0.2, 'stop': 0, 'R': 0.5, 'hold': 240}",11,72.7,,95,8,50.0,,-395,8,50.0,,-394
NQ_DRIVE,2977,"{'A': 500, 'T': 30, 'x': 0.2, 'mode': 1, 'tf': 0, 'k': 0.2, 'stop': 0, 'R': 1.0, 'hold': 240}",11,54.5,,125,8,50.0,,-97,8,50.0,,-93
NQ_DRIVE,2978,"{'A': 500, 'T': 30, 'x': 0.2, 'mode': 1, 'tf': 0, 'k': 0.2, 'stop': 0, 'R': 2.0, 'hold': 240}",11,27.3,,-401,8,37.5,,-177,8,37.5,,-176
NQ_DRIVE,2979,"{'A': 500, 'T': 30, 'x': 0.2, 'mode': 1, 'tf': 0, 'k': 0.35, 'stop': 0, 'R': 0.5, 'hold': 240}",11,81.8,,418,8,50.0,,-444,8,50.0,,-443
NQ_DRIVE,2964,"{'A': 500, 'T': 30, 'x': 0.1, 'mode': -1, 'tf': 0, 'k': 0.2, 'stop': 0, 'R': 0.5, 'hold': 240}",117,70.9,1.059,205,80,66.2,1.045,160,76,67.1,1.117,387
NQ_DRIVE,2965,"{'A': 500, 'T': 30, 'x': 0.1, 'mode': -1, 'tf': 0, 'k': 0.2, 'stop': 0, 'R': 1.0, 'hold': 240}",117,49.6,0.885,-617,80,41.2,0.728,-1614,76,42.1,0.784,-1205
NQ_DRIVE,2966,"{'A': 500, 'T': 30, 'x': 0.1, 'mode': -1, 'tf': 0, 'k': 0.2, 'stop': 0, 'R': 2.0, 'hold': 240}",117,41.9,0.895,-626,80,36.2,0.968,-200,76,36.8,1.053,310
NQ_DRIVE,2967,"{'A': 500, 'T': 30, 'x': 0.1, 'mode': -1, 'tf': 0, 'k': 0.35, 'stop': 0, 'R': 0.5, 'hold': 240}",117,59.0,0.9,-560,80,51.2,0.645,-2456,76,52.6,0.719,-1757
NQ_DRIVE,2972,"{'A': 500, 'T': 30, 'x': 0.1, 'mode': -1, 'tf': 1, 'k': 0.2, 'stop': 0, 'R': 2.0, 'hold': 240}",57,52.6,1.374,844,43,39.5,0.894,-352,36,36.1,0.716,-856
NQ_DRIVE,2973,"{'A': 500, 'T': 30, 'x': 0.1, 'mode': -1, 'tf': 1, 'k': 0.35, 'stop': 0, 'R': 0.5, 'hold': 240}",57,66.7,1.204,470,43,58.1,0.75,-879,36,58.3,0.762,-696
NQ_DRIVE,2974,"{'A': 500, 'T': 30, 'x': 0.1, 'mode': -1, 'tf': 1, 'k': 0.35, 'stop': 0, 'R': 1.0, 'hold': 240}",57,57.9,1.259,714,43,48.8,0.765,-927,36,47.2,0.679,-1093
NQ_DRIVE,2975,"{'A': 500, 'T': 30, 'x': 0.1, 'mode': -1, 'tf': 1, 'k': 0.35, 'stop': 0, 'R': 2.0, 'hold': 240}",57,57.9,1.289,796,43,46.5,0.761,-960,36,44.4,0.561,-1528
NQ_DRIVE,2968,"{'A': 500, 'T': 30, 'x': 0.1, 'mode': -1, 'tf': 0, 'k': 0.35, 'stop': 0, 'R': 1.0, 'hold': 240}",117,50.4,1.007,47,80,43.8,0.751,-1929,76,44.7,0.839,-1145
NQ_DRIVE,2969,"{'A': 500, 'T': 30, 'x': 0.1, 'mode': -1, 'tf': 0, 'k': 0.35, 'stop': 0, 'R': 2.0, 'hold': 240}",117,48.7,0.954,-311,80,42.5,0.89,-859,76,43.4,0.971,-210
NQ_DRIVE,2970,"{'A': 500, 'T': 30, 'x': 0.1, 'mode': -1, 'tf': 1, 'k': 0.2, 'stop': 0, 'R': 0.5, 'hold': 240}",57,77.2,1.511,655,43,69.8,1.129,234,36,72.2,1.311,440
NQ_DRIVE,2971,"{'A': 500, 'T': 30, 'x': 0.1, 'mode': -1, 'tf': 1, 'k': 0.2, 'stop': 0, 'R': 1.0, 'hold': 240}",57,61.4,1.445,874,43,46.5,0.79,-663,36,44.4,0.717,-803
NQ_DRIVE,2980,"{'A': 500, 'T': 30, 'x': 0.2, 'mode': 1, 'tf': 0, 'k': 0.35, 'stop': 0, 'R': 1.0, 'hold': 240}",11,63.6,,204,8,37.5,,-482,8,37.5,,-483
NQ_DRIVE,2981,"{'A': 500, 'T': 30, 'x': 0.2, 'mode': 1, 'tf': 0, 'k': 0.35, 'stop': 0, 'R': 2.0, 'hold': 240}",11,54.5,,62,8,37.5,,-255,8,37.5,,-255
NQ_DRIVE,2982,"{'A': 500, 'T': 30, 'x': 0.2, 'mode': 1, 'tf': 1, 'k': 0.2, 'stop': 0, 'R': 0.5, 'hold': 240}",6,83.3,,102,1,0.0,,-196,1,0.0,,-199
NQ_DRIVE,2983,"{'A': 500, 'T': 30, 'x': 0.2, 'mode': 1, 'tf': 1, 'k': 0.2, 'stop': 0, 'R': 1.0, 'hold': 240}",6,50.0,,-13,1,0.0,,-196,1,0.0,,-199
NQ_DRIVE,2984,"{'A': 500, 'T': 30, 'x': 0.2, 'mode': 1, 'tf': 1, 'k': 0.2, 'stop': 0, 'R': 2.0, 'hold': 240}",6,33.3,,-232,1,0.0,,-196,1,0.0,,-199
NQ_DRIVE,2985,"{'A': 500, 'T': 30, 'x': 0.2, 'mode': 1, 'tf': 1, 'k': 0.35, 'stop': 0, 'R': 0.5, 'hold': 240}",6,66.7,,57,1,0.0,,-342,1,0.0,,-346
NQ_DRIVE,2986,"{'A': 500, 'T': 30, 'x': 0.2, 'mode': 1, 'tf': 1, 'k': 0.35, 'stop': 0, 'R': 1.0, 'hold': 240}",6,66.7,,95,1,0.0,,-342,1,0.0,,-346
NQ_DRIVE,2987,"{'A': 500, 'T': 30, 'x': 0.2, 'mode': 1, 'tf': 1, 'k': 0.35, 'stop': 0, 'R': 2.0, 'hold': 240}",6,66.7,,178,1,0.0,,-342,1,0.0,,-346
NQ_DRIVE,2988,"{'A': 500, 'T': 30, 'x': 0.2, 'mode': -1, 'tf': 0, 'k': 0.2, 'stop': 0, 'R': 0.5, 'hold': 240}",11,81.8,,157,8,62.5,,-15,8,75.0,,239
NQ_DRIVE,2989,"{'A': 500, 'T': 30, 'x': 0.2, 'mode': -1, 'tf': 0, 'k': 0.2, 'stop': 0, 'R': 1.0, 'hold': 240}",11,45.5,,-183,8,50.0,,55,8,50.0,,50
NQ_DRIVE,2990,"{'A': 500, 'T': 30, 'x': 0.2, 'mode': -1, 'tf': 0, 'k': 0.2, 'stop': 0, 'R': 2.0, 'hold': 240}",11,18.2,,-614,8,50.0,,428,8,50.0,,425
NQ_DRIVE,2991,"{'A': 500, 'T': 30, 'x': 0.2, 'mode': -1, 'tf': 0, 'k': 0.35, 'stop': 0, 'R': 0.5, 'hold': 240}",11,72.7,,251,8,62.5,,82,8,62.5,,80
NQ_DRIVE,2996,"{'A': 500, 'T': 30, 'x': 0.2, 'mode': -1, 'tf': 1, 'k': 0.2, 'stop': 0, 'R': 2.0, 'hold': 240}",5,0.0,,-441,6,50.0,,174,6,50.0,,169
NQ_DRIVE,2997,"{'A': 500, 'T': 30, 'x': 0.2, 'mode': -1, 'tf': 1, 'k': 0.35, 'stop': 0, 'R': 0.5, 'hold': 240}",5,80.0,,107,6,66.7,,144,6,66.7,,142
NQ_DRIVE,2998,"{'A': 500, 'T': 30, 'x': 0.2, 'mode': -1, 'tf': 1, 'k': 0.35, 'stop': 0, 'R': 1.0, 'hold': 240}",5,40.0,,-135,6,66.7,,329,6,66.7,,329
NQ_DRIVE,2999,"{'A': 500, 'T': 30, 'x': 0.2, 'mode': -1, 'tf': 1, 'k': 0.35, 'stop': 0, 'R': 2.0, 'hold': 240}",5,40.0,,-86,6,66.7,,248,6,66.7,,242
NQ_DRIVE,2992,"{'A': 500, 'T': 30, 'x': 0.2, 'mode': -1, 'tf': 0, 'k': 0.35, 'stop': 0, 'R': 1.0, 'hold': 240}",11,36.4,,-263,8,62.5,,438,8,62.5,,439
NQ_DRIVE,2993,"{'A': 500, 'T': 30, 'x': 0.2, 'mode': -1, 'tf': 0, 'k': 0.35, 'stop': 0, 'R': 2.0, 'hold': 240}",11,36.4,,-81,8,62.5,,697,8,62.5,,695
NQ_DRIVE,2994,"{'A': 500, 'T': 30, 'x': 0.2, 'mode': -1, 'tf': 1, 'k': 0.2, 'stop': 0, 'R': 0.5, 'hold': 240}",5,80.0,,-25,6,66.7,,23,6,83.3,,277
NQ_DRIVE,2995,"{'A': 500, 'T': 30, 'x': 0.2, 'mode': -1, 'tf': 1, 'k': 0.2, 'stop': 0, 'R': 1.0, 'hold': 240}",5,40.0,,-164,6,50.0,,-5,6,50.0,,-10
NQ_DRIVE,3000,"{'A': 500, 'T': 30, 'x': 0.35, 'mode': 1, 'tf': 0, 'k': 0.2, 'stop': 0, 'R': 0.5, 'hold': 240}",5,40.0,,-208,2,50.0,,-27,2,50.0,,-26
NQ_DRIVE,3001,"{'A': 500, 'T': 30, 'x': 0.35, 'mode': 1, 'tf': 0, 'k': 0.2, 'stop': 0, 'R': 1.0, 'hold': 240}",5,40.0,,-133,2,50.0,,38,2,50.0,,39
NQ_DRIVE,3002,"{'A': 500, 'T': 30, 'x': 0.35, 'mode': 1, 'tf': 0, 'k': 0.2, 'stop': 0, 'R': 2.0, 'hold': 240}",5,0.0,,-434,2,50.0,,168,2,50.0,,170
NQ_DRIVE,3003,"{'A': 500, 'T': 30, 'x': 0.35, 'mode': 1, 'tf': 0, 'k': 0.35, 'stop': 0, 'R': 0.5, 'hold': 240}",5,100.0,,354,2,50.0,,-42,2,50.0,,-41
NQ_DRIVE,3004,"{'A': 500, 'T': 30, 'x': 0.35, 'mode': 1, 'tf': 0, 'k': 0.35, 'stop': 0, 'R': 1.0, 'hold': 240}",5,80.0,,350,2,50.0,,72,2,50.0,,73
NQ_DRIVE,3005,"{'A': 500, 'T': 30, 'x': 0.35, 'mode': 1, 'tf': 0, 'k': 0.35, 'stop': 0, 'R': 2.0, 'hold': 240}",5,60.0,,216,2,50.0,,298,2,50.0,,301
NQ_DRIVE,3006,"{'A': 500, 'T': 30, 'x': 0.35, 'mode': 1, 'tf': 1, 'k': 0.2, 'stop': 0, 'R': 0.5, 'hold': 240}",2,50.0,,-98,0,,,0,0,,,0
NQ_DRIVE,3007,"{'A': 500, 'T': 30, 'x': 0.35, 'mode': 1, 'tf': 1, 'k': 0.2, 'stop': 0, 'R': 1.0, 'hold': 240}",2,50.0,,-58,0,,,0,0,,,0
NQ_DRIVE,3016,"{'A': 500, 'T': 30, 'x': 0.35, 'mode': -1, 'tf': 0, 'k': 0.35, 'stop': 0, 'R': 1.0, 'hold': 240}",5,20.0,,-377,2,50.0,,-82,2,50.0,,-84
NQ_DRIVE,3017,"{'A': 500, 'T': 30, 'x': 0.35, 'mode': -1, 'tf': 0, 'k': 0.35, 'stop': 0, 'R': 2.0, 'hold': 240}",5,20.0,,-362,2,50.0,,-90,2,50.0,,-94
NQ_DRIVE,3018,"{'A': 500, 'T': 30, 'x': 0.35, 'mode': -1, 'tf': 1, 'k': 0.2, 'stop': 0, 'R': 0.5, 'hold': 240}",3,100.0,,97,1,100.0,,40,1,100.0,,41
NQ_DRIVE,3019,"{'A': 500, 'T': 30, 'x': 0.35, 'mode': -1, 'tf': 1, 'k': 0.2, 'stop': 0, 'R': 1.0, 'hold': 240}",3,66.7,,59,1,100.0,,83,1,100.0,,83
NQ_DRIVE,3008,"{'A': 500, 'T': 30, 'x': 0.35, 'mode': 1, 'tf': 1, 'k': 0.2, 'stop': 0, 'R': 2.0, 'hold': 240}",2,0.0,,-217,0,,,0,0,,,0
NQ_DRIVE,3009,"{'A': 500, 'T': 30, 'x': 0.35, 'mode': 1, 'tf': 1, 'k': 0.35, 'stop': 0, 'R': 0.5, 'hold': 240}",2,100.0,,178,0,,,0,0,,,0
NQ_DRIVE,3010,"{'A': 500, 'T': 30, 'x': 0.35, 'mode': 1, 'tf': 1, 'k': 0.35, 'stop': 0, 'R': 1.0, 'hold': 240}",2,100.0,,239,0,,,0,0,,,0
NQ_DRIVE,3011,"{'A': 500, 'T': 30, 'x': 0.35, 'mode': 1, 'tf': 1, 'k': 0.35, 'stop': 0, 'R': 2.0, 'hold': 240}",2,100.0,,330,0,,,0,0,,,0
NQ_DRIVE,3012,"{'A': 500, 'T': 30, 'x': 0.35, 'mode': -1, 'tf': 0, 'k': 0.2, 'stop': 0, 'R': 0.5, 'hold': 240}",5,80.0,,79,2,50.0,,-91,2,50.0,,-92
NQ_DRIVE,3013,"{'A': 500, 'T': 30, 'x': 0.35, 'mode': -1, 'tf': 0, 'k': 0.2, 'stop': 0, 'R': 1.0, 'hold': 240}",5,60.0,,107,2,50.0,,-49,2,50.0,,-50
NQ_DRIVE,3014,"{'A': 500, 'T': 30, 'x': 0.35, 'mode': -1, 'tf': 0, 'k': 0.2, 'stop': 0, 'R': 2.0, 'hold': 240}",5,0.0,,-432,2,50.0,,7,2,50.0,,4
NQ_DRIVE,3015,"{'A': 500, 'T': 30, 'x': 0.35, 'mode': -1, 'tf': 0, 'k': 0.35, 'stop': 0, 'R': 0.5, 'hold': 240}",5,100.0,,355,2,50.0,,-156,2,50.0,,-158
NQ_DRIVE,3020,"{'A': 500, 'T': 30, 'x': 0.35, 'mode': -1, 'tf': 1, 'k': 0.2, 'stop': 0, 'R': 2.0, 'hold': 240}",3,0.0,,-218,1,100.0,,138,1,100.0,,137
NQ_DRIVE,3021,"{'A': 500, 'T': 30, 'x': 0.35, 'mode': -1, 'tf': 1, 'k': 0.35, 'stop': 0, 'R': 0.5, 'hold': 240}",3,100.0,,175,1,100.0,,72,1,100.0,,73
NQ_DRIVE,3022,"{'A': 500, 'T': 30, 'x': 0.35, 'mode': -1, 'tf': 1, 'k': 0.35, 'stop': 0, 'R': 1.0, 'hold': 240}",3,33.3,,-127,1,100.0,,146,1,100.0,,147
NQ_DRIVE,3023,"{'A': 500, 'T': 30, 'x': 0.35, 'mode': -1, 'tf': 1, 'k': 0.35, 'stop': 0, 'R': 2.0, 'hold': 240}",3,33.3,,-112,1,100.0,,138,1,100.0,,137
NQ_DRIVE,3024,"{'A': 500, 'T': 60, 'x': 0.1, 'mode': 1, 'tf': 0, 'k': 0.2, 'stop': 0, 'R': 0.5, 'hold': 240}",221,64.3,0.833,-1307,131,67.2,0.878,-809,127,66.9,0.878,-798
NQ_DRIVE,3025,"{'A': 500, 'T': 60, 'x': 0.1, 'mode': 1, 'tf': 0, 'k': 0.2, 'stop': 0, 'R': 1.0, 'hold': 240}",221,46.2,0.811,-2190,131,48.9,0.716,-3289,127,48.0,0.803,-2005
NQ_DRIVE,3026,"{'A': 500, 'T': 60, 'x': 0.1, 'mode': 1, 'tf': 0, 'k': 0.2, 'stop': 0, 'R': 2.0, 'hold': 240}",221,34.8,0.804,-2642,131,39.7,0.832,-2219,127,38.6,0.907,-1100
NQ_DRIVE,3027,"{'A': 500, 'T': 60, 'x': 0.1, 'mode': 1, 'tf': 0, 'k': 0.35, 'stop': 0, 'R': 0.5, 'hold': 240}",221,62.9,0.899,-1255,131,62.6,0.747,-3265,127,62.2,0.825,-2025
NQ_DRIVE,3028,"{'A': 500, 'T': 60, 'x': 0.1, 'mode': 1, 'tf': 0, 'k': 0.35, 'stop': 0, 'R': 1.0, 'hold': 240}",221,50.7,0.945,-826,131,52.7,0.905,-1452,127,50.4,0.986,-189
NQ_DRIVE,3029,"{'A': 500, 'T': 60, 'x': 0.1, 'mode': 1, 'tf': 0, 'k': 0.35, 'stop': 0, 'R': 2.0, 'hold': 240}",221,44.3,0.823,-2833,131,48.1,0.798,-3231,127,45.7,0.846,-2238
NQ_DRIVE,3030,"{'A': 500, 'T': 60, 'x': 0.1, 'mode': 1, 'tf': 1, 'k': 0.2, 'stop': 0, 'R': 0.5, 'hold': 240}",115,65.2,0.818,-773,61,77.0,1.575,1109,51,76.5,1.612,977
NQ_DRIVE,3031,"{'A': 500, 'T': 60, 'x': 0.1, 'mode': 1, 'tf': 1, 'k': 0.2, 'stop': 0, 'R': 1.0, 'hold': 240}",115,45.2,0.749,-1597,61,59.0,0.962,-184,51,54.9,1.17,540
NQ_DRIVE,3044,"{'A': 500, 'T': 60, 'x': 0.1, 'mode': -1, 'tf': 1, 'k': 0.2, 'stop': 0, 'R': 2.0, 'hold': 240}",101,34.7,0.921,-478,66,45.5,1.605,3030,60,46.7,1.713,3145
NQ_DRIVE,3045,"{'A': 500, 'T': 60, 'x': 0.1, 'mode': -1, 'tf': 1, 'k': 0.35, 'stop': 0, 'R': 0.5, 'hold': 240}",101,61.4,0.909,-493,66,69.7,1.451,1896,60,71.7,1.526,1963
NQ_DRIVE,3046,"{'A': 500, 'T': 60, 'x': 0.1, 'mode': -1, 'tf': 1, 'k': 0.35, 'stop': 0, 'R': 1.0, 'hold': 240}",101,44.6,0.835,-1194,66,54.5,1.441,2574,60,60.0,1.568,2882
NQ_DRIVE,3047,"{'A': 500, 'T': 60, 'x': 0.1, 'mode': -1, 'tf': 1, 'k': 0.35, 'stop': 0, 'R': 2.0, 'hold': 240}",101,40.6,0.882,-870,66,48.5,1.297,1902,60,53.3,1.424,2308
NQ_DRIVE,3032,"{'A': 500, 'T': 60, 'x': 0.1, 'mode': 1, 'tf': 1, 'k': 0.2, 'stop': 0, 'R': 2.0, 'hold': 240}",115,32.2,0.692,-2300,61,49.2,1.18,1021,51,49.0,1.611,2204
NQ_DRIVE,3033,"{'A': 500, 'T': 60, 'x': 0.1, 'mode': 1, 'tf': 1, 'k': 0.35, 'stop': 0, 'R': 0.5, 'hold': 240}",115,62.6,0.841,-1085,61,68.9,0.925,-394,51,66.7,1.144,499
NQ_DRIVE,3034,"{'A': 500, 'T': 60, 'x': 0.1, 'mode': 1, 'tf': 1, 'k': 0.35, 'stop': 0, 'R': 1.0, 'hold': 240}",115,48.7,0.86,-1183,61,62.3,1.292,1779,51,62.7,1.709,2819
NQ_DRIVE,3035,"{'A': 500, 'T': 60, 'x': 0.1, 'mode': 1, 'tf': 1, 'k': 0.35, 'stop': 0, 'R': 2.0, 'hold': 240}",115,41.7,0.738,-2321,61,54.1,1.002,16,51,54.9,1.261,1229
NQ_DRIVE,3056,"{'A': 500, 'T': 60, 'x': 0.2, 'mode': 1, 'tf': 1, 'k': 0.2, 'stop': 0, 'R': 2.0, 'hold': 240}",29,17.2,0.311,-1599,10,50.0,,817,12,41.7,,560
NQ_DRIVE,3057,"{'A': 500, 'T': 60, 'x': 0.2, 'mode': 1, 'tf': 1, 'k': 0.35, 'stop': 0, 'R': 0.5, 'hold': 240}",29,62.1,0.799,-390,10,80.0,,724,12,75.0,,586
NQ_DRIVE,3058,"{'A': 500, 'T': 60, 'x': 0.2, 'mode': 1, 'tf': 1, 'k': 0.35, 'stop': 0, 'R': 1.0, 'hold': 240}",29,44.8,0.872,-308,10,70.0,,1254,12,58.3,,756
NQ_DRIVE,3059,"{'A': 500, 'T': 60, 'x': 0.2, 'mode': 1, 'tf': 1, 'k': 0.35, 'stop': 0, 'R': 2.0, 'hold': 240}",29,31.0,0.72,-736,10,50.0,,290,12,41.7,,-32
NQ_DRIVE,3052,"{'A': 500, 'T': 60, 'x': 0.2, 'mode': 1, 'tf': 0, 'k': 0.35, 'stop': 0, 'R': 1.0, 'hold': 240}",49,49.0,1.04,148,26,38.5,0.66,-1244,26,38.5,0.605,-1604
NQ_DRIVE,3053,"{'A': 500, 'T': 60, 'x': 0.2, 'mode': 1, 'tf': 0, 'k': 0.35, 'stop': 0, 'R': 2.0, 'hold': 240}",49,30.6,0.657,-1541,26,26.9,0.414,-2184,26,26.9,0.427,-2366
NQ_DRIVE,3054,"{'A': 500, 'T': 60, 'x': 0.2, 'mode': 1, 'tf': 1, 'k': 0.2, 'stop': 0, 'R': 0.5, 'hold': 240}",29,55.2,0.553,-620,10,80.0,,331,12,83.3,,461
NQ_DRIVE,3055,"{'A': 500, 'T': 60, 'x': 0.2, 'mode': 1, 'tf': 1, 'k': 0.2, 'stop': 0, 'R': 1.0, 'hold': 240}",29,37.9,0.608,-716,10,70.0,,688,12,58.3,,418
NQ_DRIVE,3036,"{'A': 500, 'T': 60, 'x': 0.1, 'mode': -1, 'tf': 0, 'k': 0.2, 'stop': 0, 'R': 0.5, 'hold': 240}",220,70.5,1.156,992,131,67.9,1.072,421,127,69.3,1.109,614
NQ_DRIVE,3037,"{'A': 500, 'T': 60, 'x': 0.1, 'mode': -1, 'tf': 0, 'k': 0.2, 'stop': 0, 'R': 1.0, 'hold': 240}",221,52.0,1.077,768,131,51.1,1.301,2593,127,52.0,1.157,1332
NQ_DRIVE,3038,"{'A': 500, 'T': 60, 'x': 0.1, 'mode': -1, 'tf': 0, 'k': 0.2, 'stop': 0, 'R': 2.0, 'hold': 240}",221,37.6,1.024,303,131,37.4,1.203,2282,127,38.6,1.131,1428
NQ_DRIVE,3039,"{'A': 500, 'T': 60, 'x': 0.1, 'mode': -1, 'tf': 0, 'k': 0.35, 'stop': 0, 'R': 0.5, 'hold': 240}",221,64.7,1.061,665,131,61.1,1.086,911,127,62.2,0.976,-250
NQ_DRIVE,3040,"{'A': 500, 'T': 60, 'x': 0.1, 'mode': -1, 'tf': 0, 'k': 0.35, 'stop': 0, 'R': 1.0, 'hold': 240}",221,48.4,0.973,-406,131,47.3,1.041,587,127,49.6,0.964,-501
NQ_DRIVE,3041,"{'A': 500, 'T': 60, 'x': 0.1, 'mode': -1, 'tf': 0, 'k': 0.35, 'stop': 0, 'R': 2.0, 'hold': 240}",221,44.8,0.965,-540,131,42.7,1.011,161,127,44.1,0.975,-364
NQ_DRIVE,3042,"{'A': 500, 'T': 60, 'x': 0.1, 'mode': -1, 'tf': 1, 'k': 0.2, 'stop': 0, 'R': 0.5, 'hold': 240}",100,70.0,1.166,467,66,74.2,1.646,1435,60,75.0,1.695,1405
NQ_DRIVE,3043,"{'A': 500, 'T': 60, 'x': 0.1, 'mode': -1, 'tf': 1, 'k': 0.2, 'stop': 0, 'R': 1.0, 'hold': 240}",101,49.5,0.974,-123,66,59.1,1.692,2470,60,58.3,1.644,2175
NQ_DRIVE,3048,"{'A': 500, 'T': 60, 'x': 0.2, 'mode': 1, 'tf': 0, 'k': 0.2, 'stop': 0, 'R': 0.5, 'hold': 240}",49,63.3,0.767,-435,26,57.7,0.583,-729,26,57.7,0.551,-831
NQ_DRIVE,3049,"{'A': 500, 'T': 60, 'x': 0.2, 'mode': 1, 'tf': 0, 'k': 0.2, 'stop': 0, 'R': 1.0, 'hold': 240}",49,44.9,0.838,-435,26,42.3,0.67,-760,26,38.5,0.552,-1139
NQ_DRIVE,3050,"{'A': 500, 'T': 60, 'x': 0.2, 'mode': 1, 'tf': 0, 'k': 0.2, 'stop': 0, 'R': 2.0, 'hold': 240}",49,26.5,0.66,-1139,26,23.1,0.537,-1420,26,23.1,0.541,-1436
NQ_DRIVE,3051,"{'A': 500, 'T': 60, 'x': 0.2, 'mode': 1, 'tf': 0, 'k': 0.35, 'stop': 0, 'R': 0.5, 'hold': 240}",49,63.3,0.825,-545,26,57.7,0.637,-1045,26,53.8,0.521,-1580
NQ_DRIVE,3060,"{'A': 500, 'T': 60, 'x': 0.2, 'mode': -1, 'tf': 0, 'k': 0.2, 'stop': 0, 'R': 0.5, 'hold': 240}",49,73.5,1.48,570,26,76.9,1.5,468,26,84.6,2.547,969
NQ_DRIVE,3061,"{'A': 500, 'T': 60, 'x': 0.2, 'mode': -1, 'tf': 0, 'k': 0.2, 'stop': 0, 'R': 1.0, 'hold': 240}",49,55.1,1.14,313,26,57.7,1.388,623,26,61.5,1.689,1003
NQ_DRIVE,3062,"{'A': 500, 'T': 60, 'x': 0.2, 'mode': -1, 'tf': 0, 'k': 0.2, 'stop': 0, 'R': 2.0, 'hold': 240}",49,36.7,1.083,257,26,42.3,1.401,819,26,46.2,1.752,1426
NQ_DRIVE,3063,"{'A': 500, 'T': 60, 'x': 0.2, 'mode': -1, 'tf': 0, 'k': 0.35, 'stop': 0, 'R': 0.5, 'hold': 240}",49,67.3,1.001,3,26,76.9,1.75,1102,26,80.8,2.219,1518
NQ_DRIVE,3064,"{'A': 500, 'T': 60, 'x': 0.2, 'mode': -1, 'tf': 0, 'k': 0.35, 'stop': 0, 'R': 1.0, 'hold': 240}",49,51.0,0.893,-432,26,61.5,1.448,1103,26,61.5,1.582,1464
NQ_DRIVE,3065,"{'A': 500, 'T': 60, 'x': 0.2, 'mode': -1, 'tf': 0, 'k': 0.35, 'stop': 0, 'R': 2.0, 'hold': 240}",49,44.9,0.993,-31,26,57.7,1.596,1471,26,57.7,1.668,1681
NQ_DRIVE,3066,"{'A': 500, 'T': 60, 'x': 0.2, 'mode': -1, 'tf': 1, 'k': 0.2, 'stop': 0, 'R': 0.5, 'hold': 240}",19,68.4,,128,15,86.7,,718,13,92.3,,870
NQ_DRIVE,3067,"{'A': 500, 'T': 60, 'x': 0.2, 'mode': -1, 'tf': 1, 'k': 0.2, 'stop': 0, 'R': 1.0, 'hold': 240}",19,42.1,,-331,15,73.3,,1236,13,76.9,,1355
NQ_DRIVE,3068,"{'A': 500, 'T': 60, 'x': 0.2, 'mode': -1, 'tf': 1, 'k': 0.2, 'stop': 0, 'R': 2.0, 'hold': 240}",19,31.6,,-119,15,60.0,,1673,13,61.5,,1700
NQ_DRIVE,3069,"{'A': 500, 'T': 60, 'x': 0.2, 'mode': -1, 'tf': 1, 'k': 0.35, 'stop': 0, 'R': 0.5, 'hold': 240}",19,52.6,,-780,15,93.3,,1767,13,92.3,,1563
NQ_DRIVE,3070,"{'A': 500, 'T': 60, 'x': 0.2, 'mode': -1, 'tf': 1, 'k': 0.35, 'stop': 0, 'R': 1.0, 'hold': 240}",19,42.1,,-730,15,80.0,,2186,13,76.9,,2057
NQ_DRIVE,3071,"{'A': 500, 'T': 60, 'x': 0.2, 'mode': -1, 'tf': 1, 'k': 0.35, 'stop': 0, 'R': 2.0, 'hold': 240}",19,36.8,,-666,15,80.0,,2549,13,76.9,,2197
NQ_DRIVE,3072,"{'A': 500, 'T': 60, 'x': 0.35, 'mode': 1, 'tf': 0, 'k': 0.2, 'stop': 0, 'R': 0.5, 'hold': 240}",7,57.1,,-115,3,66.7,,-4,3,66.7,,-6
NQ_DRIVE,3073,"{'A': 500, 'T': 60, 'x': 0.35, 'mode': 1, 'tf': 0, 'k': 0.2, 'stop': 0, 'R': 1.0, 'hold': 240}",7,42.9,,-84,3,0.0,,-400,3,0.0,,-406
NQ_DRIVE,3074,"{'A': 500, 'T': 60, 'x': 0.35, 'mode': 1, 'tf': 0, 'k': 0.2, 'stop': 0, 'R': 2.0, 'hold': 240}",7,42.9,,217,3,0.0,,-400,3,0.0,,-406
NQ_DRIVE,3075,"{'A': 500, 'T': 60, 'x': 0.35, 'mode': 1, 'tf': 0, 'k': 0.35, 'stop': 0, 'R': 0.5, 'hold': 240}",7,57.1,,-188,3,66.7,,-2,3,66.7,,-4
NQ_DRIVE,3076,"{'A': 500, 'T': 60, 'x': 0.35, 'mode': 1, 'tf': 0, 'k': 0.35, 'stop': 0, 'R': 1.0, 'hold': 240}",7,57.1,,144,3,33.3,,-273,3,33.3,,-275
NQ_DRIVE,3077,"{'A': 500, 'T': 60, 'x': 0.35, 'mode': 1, 'tf': 0, 'k': 0.35, 'stop': 0, 'R': 2.0, 'hold': 240}",7,42.9,,68,3,33.3,,-89,3,33.3,,-94
NQ_DRIVE,3078,"{'A': 500, 'T': 60, 'x': 0.35, 'mode': 1, 'tf': 1, 'k': 0.2, 'stop': 0, 'R': 0.5, 'hold': 240}",2,50.0,,-63,0,,,0,1,100.0,,70
NQ_DRIVE,3079,"{'A': 500, 'T': 60, 'x': 0.35, 'mode': 1, 'tf': 1, 'k': 0.2, 'stop': 0, 'R': 1.0, 'hold': 240}",2,0.0,,-183,0,,,0,1,0.0,,-146
NQ_DRIVE,3088,"{'A': 500, 'T': 60, 'x': 0.35, 'mode': -1, 'tf': 0, 'k': 0.35, 'stop': 0, 'R': 1.0, 'hold': 240}",7,42.9,,-181,3,66.7,,257,3,66.7,,259
NQ_DRIVE,3089,"{'A': 500, 'T': 60, 'x': 0.35, 'mode': -1, 'tf': 0, 'k': 0.35, 'stop': 0, 'R': 2.0, 'hold': 240}",7,42.9,,-129,3,66.7,,547,3,66.7,,548
NQ_DRIVE,3090,"{'A': 500, 'T': 60, 'x': 0.35, 'mode': -1, 'tf': 1, 'k': 0.2, 'stop': 0, 'R': 0.5, 'hold': 240}",5,80.0,,121,2,100.0,,126,1,100.0,,58
NQ_DRIVE,3091,"{'A': 500, 'T': 60, 'x': 0.35, 'mode': -1, 'tf': 1, 'k': 0.2, 'stop': 0, 'R': 1.0, 'hold': 240}",5,40.0,,-125,2,100.0,,257,1,100.0,,119
NQ_DRIVE,3084,"{'A': 500, 'T': 60, 'x': 0.35, 'mode': -1, 'tf': 0, 'k': 0.2, 'stop': 0, 'R': 0.5, 'hold': 240}",7,85.7,,205,3,100.0,,188,3,100.0,,192
NQ_DRIVE,3085,"{'A': 500, 'T': 60, 'x': 0.35, 'mode': -1, 'tf': 0, 'k': 0.2, 'stop': 0, 'R': 1.0, 'hold': 240}",7,57.1,,47,3,100.0,,384,3,100.0,,390
NQ_DRIVE,3086,"{'A': 500, 'T': 60, 'x': 0.35, 'mode': -1, 'tf': 0, 'k': 0.2, 'stop': 0, 'R': 2.0, 'hold': 240}",7,42.9,,176,3,66.7,,416,3,66.7,,419
NQ_DRIVE,3087,"{'A': 500, 'T': 60, 'x': 0.35, 'mode': -1, 'tf': 0, 'k': 0.35, 'stop': 0, 'R': 0.5, 'hold': 240}",7,57.1,,-224,3,100.0,,335,3,100.0,,340
NQ_DRIVE,3092,"{'A': 500, 'T': 60, 'x': 0.35, 'mode': -1, 'tf': 1, 'k': 0.2, 'stop': 0, 'R': 2.0, 'hold': 240}",5,40.0,,66,2,50.0,,159,1,0.0,,-126
NQ_DRIVE,3093,"{'A': 500, 'T': 60, 'x': 0.35, 'mode': -1, 'tf': 1, 'k': 0.35, 'stop': 0, 'R': 0.5, 'hold': 240}",5,40.0,,-374,2,100.0,,224,1,100.0,,103
NQ_DRIVE,3094,"{'A': 500, 'T': 60, 'x': 0.35, 'mode': -1, 'tf': 1, 'k': 0.35, 'stop': 0, 'R': 1.0, 'hold': 240}",5,40.0,,-207,2,50.0,,33,1,0.0,,-217
NQ_DRIVE,3095,"{'A': 500, 'T': 60, 'x': 0.35, 'mode': -1, 'tf': 1, 'k': 0.35, 'stop': 0, 'R': 2.0, 'hold': 240}",5,40.0,,-171,2,50.0,,96,1,0.0,,-217
NQ_DRIVE,3080,"{'A': 500, 'T': 60, 'x': 0.35, 'mode': 1, 'tf': 1, 'k': 0.2, 'stop': 0, 'R': 2.0, 'hold': 240}",2,0.0,,-183,0,,,0,1,0.0,,-146
NQ_DRIVE,3081,"{'A': 500, 'T': 60, 'x': 0.35, 'mode': 1, 'tf': 1, 'k': 0.35, 'stop': 0, 'R': 0.5, 'hold': 240}",2,50.0,,-106,0,,,0,1,100.0,,124
NQ_DRIVE,3082,"{'A': 500, 'T': 60, 'x': 0.35, 'mode': 1, 'tf': 1, 'k': 0.35, 'stop': 0, 'R': 1.0, 'hold': 240}",2,50.0,,-36,0,,,0,1,0.0,,-254
NQ_DRIVE,3083,"{'A': 500, 'T': 60, 'x': 0.35, 'mode': 1, 'tf': 1, 'k': 0.35, 'stop': 0, 'R': 2.0, 'hold': 240}",2,50.0,,102,0,,,0,1,0.0,,-254
NQ_DRIVE,3096,"{'A': 500, 'T': 120, 'x': 0.1, 'mode': 1, 'tf': 0, 'k': 0.2, 'stop': 0, 'R': 0.5, 'hold': 240}",351,65.0,0.878,-1547,234,71.8,1.066,736,222,71.2,1.172,1676
NQ_DRIVE,3097,"{'A': 500, 'T': 120, 'x': 0.1, 'mode': 1, 'tf': 0, 'k': 0.2, 'stop': 0, 'R': 1.0, 'hold': 240}",351,49.3,0.94,-1104,234,54.3,1.06,1009,222,52.7,1.064,1008
NQ_DRIVE,3098,"{'A': 500, 'T': 120, 'x': 0.1, 'mode': 1, 'tf': 0, 'k': 0.2, 'stop': 0, 'R': 2.0, 'hold': 240}",351,35.9,1.0,0,234,40.6,1.12,2494,222,39.2,1.114,2237
NQ_DRIVE,3099,"{'A': 500, 'T': 120, 'x': 0.1, 'mode': 1, 'tf': 0, 'k': 0.35, 'stop': 0, 'R': 0.5, 'hold': 240}",351,66.4,1.03,585,234,66.2,1.028,518,222,67.1,1.126,2078
NQ_DRIVE,3100,"{'A': 500, 'T': 120, 'x': 0.1, 'mode': 1, 'tf': 0, 'k': 0.35, 'stop': 0, 'R': 1.0, 'hold': 240}",351,51.0,1.046,1201,234,54.3,1.18,4315,222,55.4,1.317,6851
NQ_DRIVE,3101,"{'A': 500, 'T': 120, 'x': 0.1, 'mode': 1, 'tf': 0, 'k': 0.35, 'stop': 0, 'R': 2.0, 'hold': 240}",351,42.5,0.911,-2687,234,46.2,1.04,1083,222,46.8,1.094,2350
NQ_DRIVE,3102,"{'A': 500, 'T': 120, 'x': 0.1, 'mode': 1, 'tf': 1, 'k': 0.2, 'stop': 0, 'R': 0.5, 'hold': 240}",178,68.0,0.99,-60,114,75.4,1.184,959,90,74.4,1.569,1800
NQ_DRIVE,3103,"{'A': 500, 'T': 120, 'x': 0.1, 'mode': 1, 'tf': 1, 'k': 0.2, 'stop': 0, 'R': 1.0, 'hold': 240}",178,51.1,0.99,-86,114,57.9,1.218,1691,90,54.4,1.29,1627
NQ_DRIVE,3104,"{'A': 500, 'T': 120, 'x': 0.1, 'mode': 1, 'tf': 1, 'k': 0.2, 'stop': 0, 'R': 2.0, 'hold': 240}",178,37.6,1.018,203,114,46.5,1.438,4163,90,43.3,1.552,3770
NQ_DRIVE,3105,"{'A': 500, 'T': 120, 'x': 0.1, 'mode': 1, 'tf': 1, 'k': 0.35, 'stop': 0, 'R': 0.5, 'hold': 240}",178,66.3,1.0,-2,114,70.2,1.301,2298,90,66.7,1.258,1551
NQ_DRIVE,3106,"{'A': 500, 'T': 120, 'x': 0.1, 'mode': 1, 'tf': 1, 'k': 0.35, 'stop': 0, 'R': 1.0, 'hold': 240}",178,53.4,1.131,1664,114,57.9,1.535,5343,90,55.6,1.59,4626
NQ_DRIVE,3107,"{'A': 500, 'T': 120, 'x': 0.1, 'mode': 1, 'tf': 1, 'k': 0.35, 'stop': 0, 'R': 2.0, 'hold': 240}",178,43.8,0.901,-1481,114,50.9,1.225,2689,90,46.7,1.121,1157
NQ_DRIVE,3108,"{'A': 500, 'T': 120, 'x': 0.1, 'mode': -1, 'tf': 0, 'k': 0.2, 'stop': 0, 'R': 0.5, 'hold': 240}",350,66.6,0.936,-788,234,60.7,0.852,-1973,222,61.3,0.743,-3330
NQ_DRIVE,3109,"{'A': 500, 'T': 120, 'x': 0.1, 'mode': -1, 'tf': 0, 'k': 0.2, 'stop': 0, 'R': 1.0, 'hold': 240}",351,49.9,0.929,-1317,234,45.3,0.888,-2038,222,46.8,0.869,-2271
NQ_DRIVE,3110,"{'A': 500, 'T': 120, 'x': 0.1, 'mode': -1, 'tf': 0, 'k': 0.2, 'stop': 0, 'R': 2.0, 'hold': 240}",351,33.6,0.89,-2599,234,33.3,0.903,-2123,222,34.7,0.872,-2709
NQ_DRIVE,3111,"{'A': 500, 'T': 120, 'x': 0.1, 'mode': -1, 'tf': 0, 'k': 0.35, 'stop': 0, 'R': 0.5, 'hold': 240}",351,64.4,0.893,-2271,234,59.0,0.796,-4642,222,59.5,0.752,-5487
NQ_DRIVE,3128,"{'A': 500, 'T': 120, 'x': 0.2, 'mode': 1, 'tf': 1, 'k': 0.2, 'stop': 0, 'R': 2.0, 'hold': 240}",43,20.9,0.367,-2406,32,43.8,1.689,1661,26,34.6,1.414,895
NQ_DRIVE,3129,"{'A': 500, 'T': 120, 'x': 0.2, 'mode': 1, 'tf': 1, 'k': 0.35, 'stop': 0, 'R': 0.5, 'hold': 240}",43,51.2,0.496,-1936,32,68.8,1.264,551,26,61.5,0.98,-41
NQ_DRIVE,3130,"{'A': 500, 'T': 120, 'x': 0.2, 'mode': 1, 'tf': 1, 'k': 0.35, 'stop': 0, 'R': 1.0, 'hold': 240}",43,37.2,0.495,-2497,32,59.4,1.892,2141,26,53.8,1.621,1443
NQ_DRIVE,3131,"{'A': 500, 'T': 120, 'x': 0.2, 'mode': 1, 'tf': 1, 'k': 0.35, 'stop': 0, 'R': 2.0, 'hold': 240}",43,27.9,0.278,-4058,32,40.6,1.039,137,26,38.5,0.915,-271
NQ_DRIVE,3132,"{'A': 500, 'T': 120, 'x': 0.2, 'mode': -1, 'tf': 0, 'k': 0.2, 'stop': 0, 'R': 0.5, 'hold': 240}",94,76.6,1.476,1128,71,64.8,0.968,-109,62,67.7,1.081,234
NQ_DRIVE,3133,"{'A': 500, 'T': 120, 'x': 0.2, 'mode': -1, 'tf': 0, 'k': 0.2, 'stop': 0, 'R': 1.0, 'hold': 240}",94,62.8,1.587,2170,71,46.5,0.927,-379,62,51.6,1.066,296
NQ_DRIVE,3134,"{'A': 500, 'T': 120, 'x': 0.2, 'mode': -1, 'tf': 0, 'k': 0.2, 'stop': 0, 'R': 2.0, 'hold': 240}",94,37.2,1.098,581,71,33.8,1.003,18,62,37.1,1.004,21
NQ_DRIVE,3135,"{'A': 500, 'T': 120, 'x': 0.2, 'mode': -1, 'tf': 0, 'k': 0.35, 'stop': 0, 'R': 0.5, 'hold': 240}",94,77.7,1.736,2666,71,63.4,0.923,-463,62,66.1,0.948,-289
NQ_DRIVE,3116,"{'A': 500, 'T': 120, 'x': 0.1, 'mode': -1, 'tf': 1, 'k': 0.2, 'stop': 0, 'R': 2.0, 'hold': 240}",160,34.4,0.925,-826,111,36.9,1.108,1061,101,36.6,1.082,750
NQ_DRIVE,3117,"{'A': 500, 'T': 120, 'x': 0.1, 'mode': -1, 'tf': 1, 'k': 0.35, 'stop': 0, 'R': 0.5, 'hold': 240}",160,67.5,0.989,-99,111,64.9,1.026,232,101,65.3,1.077,629
NQ_DRIVE,3118,"{'A': 500, 'T': 120, 'x': 0.1, 'mode': -1, 'tf': 1, 'k': 0.35, 'stop': 0, 'R': 1.0, 'hold': 240}",160,48.1,0.912,-1146,111,49.5,1.055,670,101,45.5,0.917,-998
NQ_DRIVE,3119,"{'A': 500, 'T': 120, 'x': 0.1, 'mode': -1, 'tf': 1, 'k': 0.35, 'stop': 0, 'R': 2.0, 'hold': 240}",160,45.0,1.016,220,111,41.4,0.93,-961,101,38.6,0.841,-2104
NQ_DRIVE,3124,"{'A': 500, 'T': 120, 'x': 0.2, 'mode': 1, 'tf': 0, 'k': 0.35, 'stop': 0, 'R': 1.0, 'hold': 240}",94,45.7,0.772,-1934,71,50.7,1.045,340,62,51.6,1.105,725
NQ_DRIVE,3125,"{'A': 500, 'T': 120, 'x': 0.2, 'mode': 1, 'tf': 0, 'k': 0.35, 'stop': 0, 'R': 2.0, 'hold': 240}",94,33.0,0.515,-5006,71,36.6,0.825,-1615,62,37.1,0.821,-1547
NQ_DRIVE,3126,"{'A': 500, 'T': 120, 'x': 0.2, 'mode': 1, 'tf': 1, 'k': 0.2, 'stop': 0, 'R': 0.5, 'hold': 240}",43,51.2,0.462,-1260,32,65.6,1.054,77,26,61.5,0.964,-45
NQ_DRIVE,3127,"{'A': 500, 'T': 120, 'x': 0.2, 'mode': 1, 'tf': 1, 'k': 0.2, 'stop': 0, 'R': 1.0, 'hold': 240}",43,32.6,0.418,-1885,32,53.1,1.161,329,26,42.3,0.843,-317
NQ_DRIVE,3120,"{'A': 500, 'T': 120, 'x': 0.2, 'mode': 1, 'tf': 0, 'k': 0.2, 'stop': 0, 'R': 0.5, 'hold': 240}",94,54.3,0.548,-2030,71,67.6,0.903,-342,62,64.5,0.842,-534
NQ_DRIVE,3121,"{'A': 500, 'T': 120, 'x': 0.2, 'mode': 1, 'tf': 0, 'k': 0.2, 'stop': 0, 'R': 1.0, 'hold': 240}",94,36.2,0.548,-2831,71,52.1,1.001,5,62,46.8,0.833,-842
NQ_DRIVE,3122,"{'A': 500, 'T': 120, 'x': 0.2, 'mode': 1, 'tf': 0, 'k': 0.2, 'stop': 0, 'R': 2.0, 'hold': 240}",94,24.5,0.577,-3116,71,36.6,1.138,866,62,30.6,0.941,-364
NQ_DRIVE,3123,"{'A': 500, 'T': 120, 'x': 0.2, 'mode': 1, 'tf': 0, 'k': 0.35, 'stop': 0, 'R': 0.5, 'hold': 240}",94,60.6,0.745,-1654,71,63.4,0.885,-677,62,62.9,0.886,-624
NQ_DRIVE,3112,"{'A': 500, 'T': 120, 'x': 0.1, 'mode': -1, 'tf': 0, 'k': 0.35, 'stop': 0, 'R': 1.0, 'hold': 240}",351,48.1,0.887,-3206,234,44.4,0.801,-5796,222,43.7,0.715,-8359
NQ_DRIVE,3113,"{'A': 500, 'T': 120, 'x': 0.1, 'mode': -1, 'tf': 0, 'k': 0.35, 'stop': 0, 'R': 2.0, 'hold': 240}",351,43.0,0.891,-3309,234,39.3,0.793,-6461,222,39.2,0.741,-8034
NQ_DRIVE,3114,"{'A': 500, 'T': 120, 'x': 0.1, 'mode': -1, 'tf': 1, 'k': 0.2, 'stop': 0, 'R': 0.5, 'hold': 240}",159,71.1,1.078,408,111,65.8,0.959,-228,101,67.3,0.994,-29
NQ_DRIVE,3115,"{'A': 500, 'T': 120, 'x': 0.1, 'mode': -1, 'tf': 1, 'k': 0.2, 'stop': 0, 'R': 1.0, 'hold': 240}",160,51.2,0.973,-230,111,49.5,1.066,506,101,52.5,1.186,1260
NQ_DRIVE,3136,"{'A': 500, 'T': 120, 'x': 0.2, 'mode': -1, 'tf': 0, 'k': 0.35, 'stop': 0, 'R': 1.0, 'hold': 240}",94,53.2,1.203,1382,71,46.5,0.91,-724,62,48.4,0.865,-1058
NQ_DRIVE,3137,"{'A': 500, 'T': 120, 'x': 0.2, 'mode': -1, 'tf': 0, 'k': 0.35, 'stop': 0, 'R': 2.0, 'hold': 240}",94,43.6,1.037,286,71,42.3,1.004,35,62,43.5,0.933,-539
NQ_DRIVE,3138,"{'A': 500, 'T': 120, 'x': 0.2, 'mode': -1, 'tf': 1, 'k': 0.2, 'stop': 0, 'R': 0.5, 'hold': 240}",46,76.1,1.209,276,38,60.5,0.798,-419,29,62.1,0.901,-156
NQ_DRIVE,3139,"{'A': 500, 'T': 120, 'x': 0.2, 'mode': -1, 'tf': 1, 'k': 0.2, 'stop': 0, 'R': 1.0, 'hold': 240}",46,58.7,1.211,444,38,44.7,0.997,-9,29,48.3,1.075,160
NQ_DRIVE,3140,"{'A': 500, 'T': 120, 'x': 0.2, 'mode': -1, 'tf': 1, 'k': 0.2, 'stop': 0, 'R': 2.0, 'hold': 240}",46,30.4,0.756,-797,38,36.8,1.185,586,29,37.9,1.24,620
NQ_DRIVE,3141,"{'A': 500, 'T': 120, 'x': 0.2, 'mode': -1, 'tf': 1, 'k': 0.35, 'stop': 0, 'R': 0.5, 'hold': 240}",46,73.9,1.196,452,38,68.4,1.403,971,29,72.4,1.557,1044
NQ_DRIVE,3142,"{'A': 500, 'T': 120, 'x': 0.2, 'mode': -1, 'tf': 1, 'k': 0.35, 'stop': 0, 'R': 1.0, 'hold': 240}",46,39.1,0.664,-1432,38,52.6,1.4,1363,29,51.7,1.364,1051
NQ_DRIVE,3143,"{'A': 500, 'T': 120, 'x': 0.2, 'mode': -1, 'tf': 1, 'k': 0.35, 'stop': 0, 'R': 2.0, 'hold': 240}",46,32.6,0.683,-1438,38,44.7,1.206,758,29,44.8,1.25,767
NQ_DRIVE,3144,"{'A': 500, 'T': 120, 'x': 0.35, 'mode': 1, 'tf': 0, 'k': 0.2, 'stop': 0, 'R': 0.5, 'hold': 240}",22,59.1,0.536,-473,14,71.4,,225,11,54.5,,-181
NQ_DRIVE,3145,"{'A': 500, 'T': 120, 'x': 0.35, 'mode': 1, 'tf': 0, 'k': 0.2, 'stop': 0, 'R': 1.0, 'hold': 240}",22,50.0,0.947,-61,14,50.0,,46,11,27.3,,-565
NQ_DRIVE,3146,"{'A': 500, 'T': 120, 'x': 0.35, 'mode': 1, 'tf': 0, 'k': 0.2, 'stop': 0, 'R': 2.0, 'hold': 240}",22,45.5,1.419,531,14,42.9,,436,11,18.2,,-622
NQ_DRIVE,3147,"{'A': 500, 'T': 120, 'x': 0.35, 'mode': 1, 'tf': 0, 'k': 0.35, 'stop': 0, 'R': 0.5, 'hold': 240}",22,63.6,0.834,-247,14,71.4,,285,11,63.6,,-26
NQ_DRIVE,3156,"{'A': 500, 'T': 120, 'x': 0.35, 'mode': -1, 'tf': 0, 'k': 0.2, 'stop': 0, 'R': 0.5, 'hold': 240}",22,81.8,1.72,362,14,78.6,,418,11,90.9,,530
NQ_DRIVE,3157,"{'A': 500, 'T': 120, 'x': 0.35, 'mode': -1, 'tf': 0, 'k': 0.2, 'stop': 0, 'R': 1.0, 'hold': 240}",22,50.0,0.952,-55,14,50.0,,-121,11,72.7,,507
NQ_DRIVE,3158,"{'A': 500, 'T': 120, 'x': 0.35, 'mode': -1, 'tf': 0, 'k': 0.2, 'stop': 0, 'R': 2.0, 'hold': 240}",22,36.4,1.132,193,14,28.6,,-399,11,45.5,,170
NQ_DRIVE,3159,"{'A': 500, 'T': 120, 'x': 0.35, 'mode': -1, 'tf': 0, 'k': 0.35, 'stop': 0, 'R': 0.5, 'hold': 240}",22,63.6,0.862,-187,14,71.4,,334,11,81.8,,490
NQ_DRIVE,3148,"{'A': 500, 'T': 120, 'x': 0.35, 'mode': 1, 'tf': 0, 'k': 0.35, 'stop': 0, 'R': 1.0, 'hold': 240}",22,59.1,1.246,411,14,57.1,,517,11,45.5,,-86
NQ_DRIVE,3149,"{'A': 500, 'T': 120, 'x': 0.35, 'mode': 1, 'tf': 0, 'k': 0.35, 'stop': 0, 'R': 2.0, 'hold': 240}",22,36.4,0.625,-929,14,42.9,,-234,11,27.3,,-992
NQ_DRIVE,3150,"{'A': 500, 'T': 120, 'x': 0.35, 'mode': 1, 'tf': 1, 'k': 0.2, 'stop': 0, 'R': 0.5, 'hold': 240}",7,28.6,,-540,8,75.0,,193,6,66.7,,64
NQ_DRIVE,3151,"{'A': 500, 'T': 120, 'x': 0.35, 'mode': 1, 'tf': 1, 'k': 0.2, 'stop': 0, 'R': 1.0, 'hold': 240}",7,28.6,,-464,8,50.0,,29,6,33.3,,-243
NQ_DRIVE,3152,"{'A': 500, 'T': 120, 'x': 0.35, 'mode': 1, 'tf': 1, 'k': 0.2, 'stop': 0, 'R': 2.0, 'hold': 240}",7,28.6,,-311,8,50.0,,652,6,33.3,,126
NQ_DRIVE,3153,"{'A': 500, 'T': 120, 'x': 0.35, 'mode': 1, 'tf': 1, 'k': 0.35, 'stop': 0, 'R': 0.5, 'hold': 240}",7,42.9,,-499,8,75.0,,287,6,50.0,,-308
NQ_DRIVE,3154,"{'A': 500, 'T': 120, 'x': 0.35, 'mode': 1, 'tf': 1, 'k': 0.35, 'stop': 0, 'R': 1.0, 'hold': 240}",7,42.9,,-221,8,62.5,,797,6,50.0,,158
NQ_DRIVE,3155,"{'A': 500, 'T': 120, 'x': 0.35, 'mode': 1, 'tf': 1, 'k': 0.35, 'stop': 0, 'R': 2.0, 'hold': 240}",7,28.6,,-533,8,50.0,,156,6,33.3,,-515
NQ_DRIVE,3160,"{'A': 500, 'T': 120, 'x': 0.35, 'mode': -1, 'tf': 0, 'k': 0.35, 'stop': 0, 'R': 1.0, 'hold': 240}",22,40.9,0.754,-527,14,42.9,,-591,11,54.5,,27
NQ_DRIVE,3161,"{'A': 500, 'T': 120, 'x': 0.35, 'mode': -1, 'tf': 0, 'k': 0.35, 'stop': 0, 'R': 2.0, 'hold': 240}",22,31.8,0.815,-446,14,42.9,,358,11,54.5,,989
NQ_DRIVE,3162,"{'A': 500, 'T': 120, 'x': 0.35, 'mode': -1, 'tf': 1, 'k': 0.2, 'stop': 0, 'R': 0.5, 'hold': 240}",15,80.0,,89,5,60.0,,-131,3,66.7,,-94
NQ_DRIVE,3163,"{'A': 500, 'T': 120, 'x': 0.35, 'mode': -1, 'tf': 1, 'k': 0.2, 'stop': 0, 'R': 1.0, 'hold': 240}",15,40.0,,-482,5,40.0,,-178,3,66.7,,31
NQ_DRIVE,3164,"{'A': 500, 'T': 120, 'x': 0.35, 'mode': -1, 'tf': 1, 'k': 0.2, 'stop': 0, 'R': 2.0, 'hold': 240}",15,26.7,,-338,5,20.0,,-286,3,0.0,,-469
NQ_DRIVE,3165,"{'A': 500, 'T': 120, 'x': 0.35, 'mode': -1, 'tf': 1, 'k': 0.35, 'stop': 0, 'R': 0.5, 'hold': 240}",15,60.0,,-424,5,80.0,,359,3,100.0,,399
NQ_DRIVE,3166,"{'A': 500, 'T': 120, 'x': 0.35, 'mode': -1, 'tf': 1, 'k': 0.35, 'stop': 0, 'R': 1.0, 'hold': 240}",15,33.3,,-711,5,40.0,,22,3,33.3,,-70
NQ_DRIVE,3167,"{'A': 500, 'T': 120, 'x': 0.35, 'mode': -1, 'tf': 1, 'k': 0.35, 'stop': 0, 'R': 2.0, 'hold': 240}",15,26.7,,-507,5,40.0,,445,3,33.3,,302
NQ_DRIVE,3172,"{'A': 500, 'T': 240, 'x': 0.1, 'mode': 1, 'tf': 0, 'k': 0.35, 'stop': 0, 'R': 1.0, 'hold': 240}",619,47.7,0.836,-8737,450,48.4,0.885,-5908,428,47.9,0.89,-5466
NQ_DRIVE,3173,"{'A': 500, 'T': 240, 'x': 0.1, 'mode': 1, 'tf': 0, 'k': 0.35, 'stop': 0, 'R': 2.0, 'hold': 240}",619,40.4,0.809,-11352,450,41.8,0.885,-6426,428,42.1,0.897,-5571
NQ_DRIVE,3174,"{'A': 500, 'T': 240, 'x': 0.1, 'mode': 1, 'tf': 1, 'k': 0.2, 'stop': 0, 'R': 0.5, 'hold': 240}",316,69.0,0.999,-6,243,64.2,0.861,-1728,200,61.5,0.777,-2488
NQ_DRIVE,3175,"{'A': 500, 'T': 240, 'x': 0.1, 'mode': 1, 'tf': 1, 'k': 0.2, 'stop': 0, 'R': 1.0, 'hold': 240}",316,49.4,0.889,-1860,243,46.9,0.889,-1992,200,47.5,0.902,-1455
NQ_DRIVE,3168,"{'A': 500, 'T': 240, 'x': 0.1, 'mode': 1, 'tf': 0, 'k': 0.2, 'stop': 0, 'R': 0.5, 'hold': 240}",618,68.8,1.002,31,450,66.2,0.956,-942,428,66.1,0.949,-1081
NQ_DRIVE,3169,"{'A': 500, 'T': 240, 'x': 0.1, 'mode': 1, 'tf': 0, 'k': 0.2, 'stop': 0, 'R': 1.0, 'hold': 240}",618,50.8,0.945,-1759,450,49.3,0.978,-706,428,49.3,0.974,-823
NQ_DRIVE,3170,"{'A': 500, 'T': 240, 'x': 0.1, 'mode': 1, 'tf': 0, 'k': 0.2, 'stop': 0, 'R': 2.0, 'hold': 240}",619,35.2,0.919,-3342,450,35.1,0.902,-4059,428,34.1,0.891,-4419
NQ_DRIVE,3171,"{'A': 500, 'T': 240, 'x': 0.1, 'mode': 1, 'tf': 0, 'k': 0.35, 'stop': 0, 'R': 0.5, 'hold': 240}",618,65.9,0.93,-2560,450,64.0,1.005,168,428,64.5,1.013,429
NQ_DRIVE,3176,"{'A': 500, 'T': 240, 'x': 0.1, 'mode': 1, 'tf': 1, 'k': 0.2, 'stop': 0, 'R': 2.0, 'hold': 240}",316,33.9,0.859,-2999,243,31.7,0.769,-5455,200,30.5,0.704,-5985
NQ_DRIVE,3177,"{'A': 500, 'T': 240, 'x': 0.1, 'mode': 1, 'tf': 1, 'k': 0.35, 'stop': 0, 'R': 0.5, 'hold': 240}",316,66.5,0.95,-916,243,63.0,0.932,-1349,200,62.0,0.846,-2734
NQ_DRIVE,3178,"{'A': 500, 'T': 240, 'x': 0.1, 'mode': 1, 'tf': 1, 'k': 0.35, 'stop': 0, 'R': 1.0, 'hold': 240}",316,50.3,0.9,-2554,243,46.5,0.762,-7096,200,45.0,0.697,-7932
NQ_DRIVE,3179,"{'A': 500, 'T': 240, 'x': 0.1, 'mode': 1, 'tf': 1, 'k': 0.35, 'stop': 0, 'R': 2.0, 'hold': 240}",316,43.0,0.867,-3853,243,41.2,0.813,-5945,200,40.5,0.763,-6593
NQ_DRIVE,3188,"{'A': 500, 'T': 240, 'x': 0.1, 'mode': -1, 'tf': 1, 'k': 0.2, 'stop': 0, 'R': 2.0, 'hold': 240}",277,35.7,1.015,269,196,39.3,1.027,471,184,40.8,1.031,517
NQ_DRIVE,3189,"{'A': 500, 'T': 240, 'x': 0.1, 'mode': -1, 'tf': 1, 'k': 0.35, 'stop': 0, 'R': 0.5, 'hold': 240}",278,65.8,1.009,138,196,62.8,0.909,-1490,184,65.2,0.965,-545
NQ_DRIVE,3190,"{'A': 500, 'T': 240, 'x': 0.1, 'mode': -1, 'tf': 1, 'k': 0.35, 'stop': 0, 'R': 1.0, 'hold': 240}",278,54.3,1.206,4291,196,52.0,0.998,-41,184,53.8,0.995,-104
NQ_DRIVE,3191,"{'A': 500, 'T': 240, 'x': 0.1, 'mode': -1, 'tf': 1, 'k': 0.35, 'stop': 0, 'R': 2.0, 'hold': 240}",278,48.2,1.188,4374,196,48.5,1.173,3817,184,50.0,1.174,3646
NQ_DRIVE,3184,"{'A': 500, 'T': 240, 'x': 0.1, 'mode': -1, 'tf': 0, 'k': 0.35, 'stop': 0, 'R': 1.0, 'hold': 240}",619,51.5,1.117,5401,450,51.6,1.075,3478,428,52.1,1.067,3054
NQ_DRIVE,3185,"{'A': 500, 'T': 240, 'x': 0.1, 'mode': -1, 'tf': 0, 'k': 0.35, 'stop': 0, 'R': 2.0, 'hold': 240}",619,45.1,1.12,6109,450,46.2,1.155,7964,428,46.7,1.177,8790
NQ_DRIVE,3186,"{'A': 500, 'T': 240, 'x': 0.1, 'mode': -1, 'tf': 1, 'k': 0.2, 'stop': 0, 'R': 0.5, 'hold': 240}",277,68.6,1.033,301,196,67.9,0.922,-755,184,68.5,0.963,-334
NQ_DRIVE,3187,"{'A': 500, 'T': 240, 'x': 0.1, 'mode': -1, 'tf': 1, 'k': 0.2, 'stop': 0, 'R': 1.0, 'hold': 240}",277,47.3,0.884,-1751,196,48.5,0.87,-1913,184,51.1,0.943,-783
NQ_DRIVE,3196,"{'A': 500, 'T': 240, 'x': 0.2, 'mode': 1, 'tf': 0, 'k': 0.35, 'stop': 0, 'R': 1.0, 'hold': 240}",359,47.4,0.764,-7790,238,42.4,0.706,-8711,221,42.1,0.716,-8021
NQ_DRIVE,3197,"{'A': 500, 'T': 240, 'x': 0.2, 'mode': 1, 'tf': 0, 'k': 0.35, 'stop': 0, 'R': 2.0, 'hold': 240}",359,39.0,0.727,-10161,238,35.7,0.683,-10225,221,36.2,0.691,-9531
NQ_DRIVE,3198,"{'A': 500, 'T': 240, 'x': 0.2, 'mode': 1, 'tf': 1, 'k': 0.2, 'stop': 0, 'R': 0.5, 'hold': 240}",188,68.1,0.91,-585,120,60.0,0.73,-1849,97,56.7,0.632,-2290
NQ_DRIVE,3199,"{'A': 500, 'T': 240, 'x': 0.2, 'mode': 1, 'tf': 1, 'k': 0.2, 'stop': 0, 'R': 1.0, 'hold': 240}",188,48.9,0.848,-1546,120,43.3,0.769,-2191,97,43.3,0.759,-1927
NQ_DRIVE,3200,"{'A': 500, 'T': 240, 'x': 0.2, 'mode': 1, 'tf': 1, 'k': 0.2, 'stop': 0, 'R': 2.0, 'hold': 240}",188,31.4,0.777,-2939,120,27.5,0.659,-4167,97,26.8,0.627,-3862
NQ_DRIVE,3201,"{'A': 500, 'T': 240, 'x': 0.2, 'mode': 1, 'tf': 1, 'k': 0.35, 'stop': 0, 'R': 0.5, 'hold': 240}",188,67.6,0.942,-634,120,60.8,0.855,-1490,97,57.7,0.696,-2959
NQ_DRIVE,3202,"{'A': 500, 'T': 240, 'x': 0.2, 'mode': 1, 'tf': 1, 'k': 0.35, 'stop': 0, 'R': 1.0, 'hold': 240}",188,50.0,0.837,-2559,120,40.8,0.64,-5655,97,39.2,0.586,-5648
NQ_DRIVE,3203,"{'A': 500, 'T': 240, 'x': 0.2, 'mode': 1, 'tf': 1, 'k': 0.35, 'stop': 0, 'R': 2.0, 'hold': 240}",188,43.6,0.881,-2082,120,36.7,0.749,-4085,97,36.1,0.695,-4335
NQ_DRIVE,3192,"{'A': 500, 'T': 240, 'x': 0.2, 'mode': 1, 'tf': 0, 'k': 0.2, 'stop': 0, 'R': 0.5, 'hold': 240}",358,67.0,0.9,-1267,238,60.9,0.733,-3573,221,61.1,0.735,-3387
NQ_DRIVE,3193,"{'A': 500, 'T': 240, 'x': 0.2, 'mode': 1, 'tf': 0, 'k': 0.2, 'stop': 0, 'R': 1.0, 'hold': 240}",358,48.6,0.85,-2937,238,44.1,0.775,-4193,221,43.9,0.778,-3981
NQ_DRIVE,3194,"{'A': 500, 'T': 240, 'x': 0.2, 'mode': 1, 'tf': 0, 'k': 0.2, 'stop': 0, 'R': 2.0, 'hold': 240}",359,32.6,0.818,-4614,238,29.4,0.708,-6934,221,28.1,0.689,-7170
NQ_DRIVE,3195,"{'A': 500, 'T': 240, 'x': 0.2, 'mode': 1, 'tf': 0, 'k': 0.35, 'stop': 0, 'R': 0.5, 'hold': 240}",358,64.5,0.821,-4156,238,59.7,0.811,-3932,221,58.8,0.774,-4639
NQ_DRIVE,3208,"{'A': 500, 'T': 240, 'x': 0.2, 'mode': -1, 'tf': 0, 'k': 0.35, 'stop': 0, 'R': 1.0, 'hold': 240}",359,51.8,1.224,5866,238,57.6,1.346,7425,221,57.9,1.329,6827
NQ_DRIVE,3209,"{'A': 500, 'T': 240, 'x': 0.2, 'mode': -1, 'tf': 0, 'k': 0.35, 'stop': 0, 'R': 2.0, 'hold': 240}",359,43.2,1.178,5337,238,52.1,1.455,11019,221,52.0,1.41,9672
NQ_DRIVE,3210,"{'A': 500, 'T': 240, 'x': 0.2, 'mode': -1, 'tf': 1, 'k': 0.2, 'stop': 0, 'R': 0.5, 'hold': 240}",154,70.8,1.155,730,112,71.4,1.145,669,101,72.3,1.158,677
NQ_DRIVE,3211,"{'A': 500, 'T': 240, 'x': 0.2, 'mode': -1, 'tf': 1, 'k': 0.2, 'stop': 0, 'R': 1.0, 'hold': 240}",154,51.3,1.05,390,112,55.4,1.2,1399,101,57.4,1.236,1527
NQ_DRIVE,3212,"{'A': 500, 'T': 240, 'x': 0.2, 'mode': -1, 'tf': 1, 'k': 0.2, 'stop': 0, 'R': 2.0, 'hold': 240}",154,37.7,1.19,1869,112,47.3,1.538,4353,101,48.5,1.515,3840
NQ_DRIVE,3213,"{'A': 500, 'T': 240, 'x': 0.2, 'mode': -1, 'tf': 1, 'k': 0.35, 'stop': 0, 'R': 0.5, 'hold': 240}",155,70.3,1.227,1833,112,69.6,1.236,1799,101,73.3,1.379,2505
NQ_DRIVE,3214,"{'A': 500, 'T': 240, 'x': 0.2, 'mode': -1, 'tf': 1, 'k': 0.35, 'stop': 0, 'R': 1.0, 'hold': 240}",155,54.8,1.358,4113,112,58.9,1.372,3667,101,59.4,1.308,2859
NQ_DRIVE,3215,"{'A': 500, 'T': 240, 'x': 0.2, 'mode': -1, 'tf': 1, 'k': 0.35, 'stop': 0, 'R': 2.0, 'hold': 240}",155,46.5,1.309,4150,112,55.4,1.62,6609,101,55.4,1.519,5238
NQ_DRIVE,3216,"{'A': 500, 'T': 240, 'x': 0.35, 'mode': 1, 'tf': 0, 'k': 0.2, 'stop': 0, 'R': 0.5, 'hold': 240}",132,68.2,0.907,-433,95,60.0,0.737,-1371,88,62.5,0.802,-946
NQ_DRIVE,3217,"{'A': 500, 'T': 240, 'x': 0.35, 'mode': 1, 'tf': 0, 'k': 0.2, 'stop': 0, 'R': 1.0, 'hold': 240}",132,47.0,0.771,-1741,95,43.2,0.785,-1568,88,45.5,0.837,-1122
NQ_DRIVE,3218,"{'A': 500, 'T': 240, 'x': 0.35, 'mode': 1, 'tf': 0, 'k': 0.2, 'stop': 0, 'R': 2.0, 'hold': 240}",133,36.1,0.937,-584,95,24.2,0.619,-3771,88,25.0,0.642,-3404
NQ_DRIVE,3219,"{'A': 500, 'T': 240, 'x': 0.35, 'mode': 1, 'tf': 0, 'k': 0.35, 'stop': 0, 'R': 0.5, 'hold': 240}",132,64.4,0.783,-1931,95,58.9,0.705,-2681,88,60.2,0.74,-2229
NQ_DRIVE,3220,"{'A': 500, 'T': 240, 'x': 0.35, 'mode': 1, 'tf': 0, 'k': 0.35, 'stop': 0, 'R': 1.0, 'hold': 240}",133,48.9,0.798,-2550,95,41.1,0.621,-4960,88,42.0,0.658,-4268
NQ_DRIVE,3221,"{'A': 500, 'T': 240, 'x': 0.35, 'mode': 1, 'tf': 0, 'k': 0.35, 'stop': 0, 'R': 2.0, 'hold': 240}",133,37.6,0.724,-4086,95,32.6,0.507,-7171,88,33.0,0.525,-6620
NQ_DRIVE,3222,"{'A': 500, 'T': 240, 'x': 0.35, 'mode': 1, 'tf': 1, 'k': 0.2, 'stop': 0, 'R': 0.5, 'hold': 240}",60,66.7,0.844,-354,44,61.4,0.826,-392,35,60.0,0.754,-490
NQ_DRIVE,3223,"{'A': 500, 'T': 240, 'x': 0.35, 'mode': 1, 'tf': 1, 'k': 0.2, 'stop': 0, 'R': 1.0, 'hold': 240}",60,41.7,0.625,-1448,44,45.5,0.898,-324,35,48.6,0.984,-40
NQ_DRIVE,3224,"{'A': 500, 'T': 240, 'x': 0.35, 'mode': 1, 'tf': 1, 'k': 0.2, 'stop': 0, 'R': 2.0, 'hold': 240}",60,36.7,0.965,-143,44,20.5,0.594,-1883,35,25.7,0.78,-795
NQ_DRIVE,3225,"{'A': 500, 'T': 240, 'x': 0.35, 'mode': 1, 'tf': 1, 'k': 0.35, 'stop': 0, 'R': 0.5, 'hold': 240}",60,66.7,0.875,-483,44,63.6,0.835,-620,35,62.9,0.818,-589
NQ_DRIVE,3226,"{'A': 500, 'T': 240, 'x': 0.35, 'mode': 1, 'tf': 1, 'k': 0.35, 'stop': 0, 'R': 1.0, 'hold': 240}",60,51.7,0.933,-348,44,38.6,0.589,-2535,35,40.0,0.678,-1614
NQ_DRIVE,3227,"{'A': 500, 'T': 240, 'x': 0.35, 'mode': 1, 'tf': 1, 'k': 0.35, 'stop': 0, 'R': 2.0, 'hold': 240}",60,45.0,0.974,-156,44,31.8,0.57,-2886,35,31.4,0.649,-1952
NQ_DRIVE,3236,"{'A': 500, 'T': 240, 'x': 0.35, 'mode': -1, 'tf': 1, 'k': 0.2, 'stop': 0, 'R': 2.0, 'hold': 240}",70,38.6,1.4,1640,48,52.1,1.966,3056,39,48.7,1.823,2263
NQ_DRIVE,3237,"{'A': 500, 'T': 240, 'x': 0.35, 'mode': -1, 'tf': 1, 'k': 0.35, 'stop': 0, 'R': 0.5, 'hold': 240}",71,71.8,1.516,1614,48,70.8,1.322,998,39,69.2,1.193,547
NQ_DRIVE,3238,"{'A': 500, 'T': 240, 'x': 0.35, 'mode': -1, 'tf': 1, 'k': 0.35, 'stop': 0, 'R': 1.0, 'hold': 240}",71,52.1,1.351,1824,48,60.4,1.682,2745,39,56.4,1.479,1758
NQ_DRIVE,3239,"{'A': 500, 'T': 240, 'x': 0.35, 'mode': -1, 'tf': 1, 'k': 0.35, 'stop': 0, 'R': 2.0, 'hold': 240}",71,45.1,1.506,3019,48,58.3,2.114,4866,39,53.8,1.842,3383
NQ_DRIVE,3228,"{'A': 500, 'T': 240, 'x': 0.35, 'mode': -1, 'tf': 0, 'k': 0.2, 'stop': 0, 'R': 0.5, 'hold': 240}",132,74.2,1.534,1711,95,74.7,1.367,1254,88,71.6,1.239,853
NQ_DRIVE,3229,"{'A': 500, 'T': 240, 'x': 0.35, 'mode': -1, 'tf': 0, 'k': 0.2, 'stop': 0, 'R': 1.0, 'hold': 240}",132,51.5,1.121,768,95,56.8,1.179,1064,88,54.5,1.11,656
NQ_DRIVE,3230,"{'A': 500, 'T': 240, 'x': 0.35, 'mode': -1, 'tf': 0, 'k': 0.2, 'stop': 0, 'R': 2.0, 'hold': 240}",132,37.1,1.234,1921,95,43.2,1.419,3066,88,42.0,1.36,2609
NQ_DRIVE,3231,"{'A': 500, 'T': 240, 'x': 0.35, 'mode': -1, 'tf': 0, 'k': 0.35, 'stop': 0, 'R': 0.5, 'hold': 240}",133,69.2,1.249,1673,95,74.7,1.456,2599,88,72.7,1.289,1744
NQ_DRIVE,3232,"{'A': 500, 'T': 240, 'x': 0.35, 'mode': -1, 'tf': 0, 'k': 0.35, 'stop': 0, 'R': 1.0, 'hold': 240}",133,50.4,1.177,1839,95,58.9,1.534,4451,88,58.0,1.451,3796
NQ_DRIVE,3233,"{'A': 500, 'T': 240, 'x': 0.35, 'mode': -1, 'tf': 0, 'k': 0.35, 'stop': 0, 'R': 2.0, 'hold': 240}",133,41.4,1.268,3189,95,52.6,1.639,6138,88,51.1,1.533,5185
NQ_DRIVE,3234,"{'A': 500, 'T': 240, 'x': 0.35, 'mode': -1, 'tf': 1, 'k': 0.2, 'stop': 0, 'R': 0.5, 'hold': 240}",70,72.9,1.358,656,48,77.1,1.468,764,39,74.4,1.337,503
NQ_DRIVE,3235,"{'A': 500, 'T': 240, 'x': 0.35, 'mode': -1, 'tf': 1, 'k': 0.2, 'stop': 0, 'R': 1.0, 'hold': 240}",70,47.1,0.936,-234,48,58.3,1.297,843,39,56.4,1.187,477
NQ_DRIVE,3240,"{'A': 600, 'T': 15, 'x': 0.1, 'mode': 1, 'tf': 0, 'k': 0.2, 'stop': 0, 'R': 0.5, 'hold': 240}",57,61.4,0.789,-464,31,67.7,0.911,-136,27,77.8,1.425,452
NQ_DRIVE,3241,"{'A': 600, 'T': 15, 'x': 0.1, 'mode': 1, 'tf': 0, 'k': 0.2, 'stop': 0, 'R': 1.0, 'hold': 240}",57,56.1,1.31,771,31,61.3,1.318,607,27,63.0,1.527,867
NQ_DRIVE,3242,"{'A': 600, 'T': 15, 'x': 0.1, 'mode': 1, 'tf': 0, 'k': 0.2, 'stop': 0, 'R': 2.0, 'hold': 240}",57,38.6,1.066,239,31,48.4,1.194,500,27,44.4,1.113,281
NQ_DRIVE,3243,"{'A': 600, 'T': 15, 'x': 0.1, 'mode': 1, 'tf': 0, 'k': 0.35, 'stop': 0, 'R': 0.5, 'hold': 240}",57,70.2,1.302,804,31,71.0,1.06,145,27,70.4,0.986,-33
NQ_DRIVE,3244,"{'A': 600, 'T': 15, 'x': 0.1, 'mode': 1, 'tf': 0, 'k': 0.35, 'stop': 0, 'R': 1.0, 'hold': 240}",57,47.4,0.976,-107,31,61.3,1.211,707,27,55.6,1.029,99
NQ_DRIVE,3245,"{'A': 600, 'T': 15, 'x': 0.1, 'mode': 1, 'tf': 0, 'k': 0.35, 'stop': 0, 'R': 2.0, 'hold': 240}",57,35.1,0.749,-1340,31,51.6,0.854,-598,27,44.4,0.647,-1476
NQ_DRIVE,3246,"{'A': 600, 'T': 15, 'x': 0.1, 'mode': 1, 'tf': 1, 'k': 0.2, 'stop': 0, 'R': 0.5, 'hold': 240}",20,75.0,1.221,142,19,73.7,,397,14,78.6,,373
NQ_DRIVE,3247,"{'A': 600, 'T': 15, 'x': 0.1, 'mode': 1, 'tf': 1, 'k': 0.2, 'stop': 0, 'R': 1.0, 'hold': 240}",20,70.0,2.079,788,19,68.4,,1045,14,78.6,,1176
NQ_DRIVE,3248,"{'A': 600, 'T': 15, 'x': 0.1, 'mode': 1, 'tf': 1, 'k': 0.2, 'stop': 0, 'R': 2.0, 'hold': 240}",20,40.0,1.085,122,19,57.9,,1348,14,64.3,,1462
NQ_DRIVE,3249,"{'A': 600, 'T': 15, 'x': 0.1, 'mode': 1, 'tf': 1, 'k': 0.35, 'stop': 0, 'R': 0.5, 'hold': 240}",20,90.0,2.945,1091,19,73.7,,651,14,78.6,,680
NQ_DRIVE,3250,"{'A': 600, 'T': 15, 'x': 0.1, 'mode': 1, 'tf': 1, 'k': 0.35, 'stop': 0, 'R': 1.0, 'hold': 240}",20,60.0,1.638,858,19,63.2,,889,14,64.3,,686
NQ_DRIVE,3251,"{'A': 600, 'T': 15, 'x': 0.1, 'mode': 1, 'tf': 1, 'k': 0.35, 'stop': 0, 'R': 2.0, 'hold': 240}",20,30.0,0.626,-787,19,52.6,,83,14,50.0,,-72
NQ_DRIVE,3252,"{'A': 600, 'T': 15, 'x': 0.1, 'mode': -1, 'tf': 0, 'k': 0.2, 'stop': 0, 'R': 0.5, 'hold': 240}",57,56.1,0.575,-1133,31,48.4,0.524,-1040,27,48.1,0.457,-1176
NQ_DRIVE,3253,"{'A': 600, 'T': 15, 'x': 0.1, 'mode': -1, 'tf': 0, 'k': 0.2, 'stop': 0, 'R': 1.0, 'hold': 240}",57,43.9,0.687,-1073,31,38.7,0.705,-771,27,37.0,0.612,-1010
NQ_DRIVE,3254,"{'A': 600, 'T': 15, 'x': 0.1, 'mode': -1, 'tf': 0, 'k': 0.2, 'stop': 0, 'R': 2.0, 'hold': 240}",57,29.8,0.666,-1394,31,25.8,0.719,-913,27,22.2,0.621,-1220
NQ_DRIVE,3255,"{'A': 600, 'T': 15, 'x': 0.1, 'mode': -1, 'tf': 0, 'k': 0.35, 'stop': 0, 'R': 0.5, 'hold': 240}",57,64.9,0.922,-261,31,51.6,0.648,-1174,27,55.6,0.686,-938
NQ_DRIVE,3256,"{'A': 600, 'T': 15, 'x': 0.1, 'mode': -1, 'tf': 0, 'k': 0.35, 'stop': 0, 'R': 1.0, 'hold': 240}",57,52.6,0.956,-201,31,38.7,0.79,-873,27,44.4,0.933,-244
NQ_DRIVE,3257,"{'A': 600, 'T': 15, 'x': 0.1, 'mode': -1, 'tf': 0, 'k': 0.35, 'stop': 0, 'R': 2.0, 'hold': 240}",57,49.1,0.916,-405,31,29.0,0.529,-2169,27,33.3,0.617,-1569
NQ_DRIVE,3258,"{'A': 600, 'T': 15, 'x': 0.1, 'mode': -1, 'tf': 1, 'k': 0.2, 'stop': 0, 'R': 0.5, 'hold': 240}",37,56.8,0.552,-743,10,40.0,,-366,9,44.4,,-447
NQ_DRIVE,3259,"{'A': 600, 'T': 15, 'x': 0.1, 'mode': -1, 'tf': 1, 'k': 0.2, 'stop': 0, 'R': 1.0, 'hold': 240}",37,51.4,0.902,-179,10,40.0,,110,9,44.4,,-58
NQ_DRIVE,3268,"{'A': 600, 'T': 15, 'x': 0.2, 'mode': 1, 'tf': 0, 'k': 0.35, 'stop': 0, 'R': 1.0, 'hold': 240}",4,100.0,,563,6,83.3,,1011,5,80.0,,911
NQ_DRIVE,3269,"{'A': 600, 'T': 15, 'x': 0.2, 'mode': 1, 'tf': 0, 'k': 0.35, 'stop': 0, 'R': 2.0, 'hold': 240}",4,50.0,,76,6,66.7,,877,5,60.0,,650
NQ_DRIVE,3270,"{'A': 600, 'T': 15, 'x': 0.2, 'mode': 1, 'tf': 1, 'k': 0.2, 'stop': 0, 'R': 0.5, 'hold': 240}",2,100.0,,71,2,100.0,,165,2,100.0,,169
NQ_DRIVE,3271,"{'A': 600, 'T': 15, 'x': 0.2, 'mode': 1, 'tf': 1, 'k': 0.2, 'stop': 0, 'R': 1.0, 'hold': 240}",2,100.0,,146,2,100.0,,335,2,100.0,,340
NQ_DRIVE,3264,"{'A': 600, 'T': 15, 'x': 0.2, 'mode': 1, 'tf': 0, 'k': 0.2, 'stop': 0, 'R': 0.5, 'hold': 240}",4,100.0,,154,6,66.7,,-36,5,100.0,,416
NQ_DRIVE,3265,"{'A': 600, 'T': 15, 'x': 0.2, 'mode': 1, 'tf': 0, 'k': 0.2, 'stop': 0, 'R': 1.0, 'hold': 240}",4,100.0,,318,6,66.7,,273,5,60.0,,256
NQ_DRIVE,3266,"{'A': 600, 'T': 15, 'x': 0.2, 'mode': 1, 'tf': 0, 'k': 0.2, 'stop': 0, 'R': 2.0, 'hold': 240}",4,100.0,,645,6,50.0,,260,5,40.0,,173
NQ_DRIVE,3267,"{'A': 600, 'T': 15, 'x': 0.2, 'mode': 1, 'tf': 0, 'k': 0.35, 'stop': 0, 'R': 0.5, 'hold': 240}",4,100.0,,277,6,83.3,,355,5,80.0,,311
NQ_DRIVE,3260,"{'A': 600, 'T': 15, 'x': 0.1, 'mode': -1, 'tf': 1, 'k': 0.2, 'stop': 0, 'R': 2.0, 'hold': 240}",37,40.5,1.001,3,10,30.0,,301,9,22.2,,-198
NQ_DRIVE,3261,"{'A': 600, 'T': 15, 'x': 0.1, 'mode': -1, 'tf': 1, 'k': 0.35, 'stop': 0, 'R': 0.5, 'hold': 240}",37,67.6,1.085,153,10,50.0,,-288,9,66.7,,-53
NQ_DRIVE,3262,"{'A': 600, 'T': 15, 'x': 0.1, 'mode': -1, 'tf': 1, 'k': 0.35, 'stop': 0, 'R': 1.0, 'hold': 240}",37,59.5,1.33,766,10,40.0,,105,9,55.6,,447
NQ_DRIVE,3263,"{'A': 600, 'T': 15, 'x': 0.1, 'mode': -1, 'tf': 1, 'k': 0.35, 'stop': 0, 'R': 2.0, 'hold': 240}",37,54.1,1.257,654,10,40.0,,2,9,55.6,,354
NQ_DRIVE,3276,"{'A': 600, 'T': 15, 'x': 0.2, 'mode': -1, 'tf': 0, 'k': 0.2, 'stop': 0, 'R': 0.5, 'hold': 240}",4,50.0,,-113,6,50.0,,-259,5,60.0,,-204
NQ_DRIVE,3277,"{'A': 600, 'T': 15, 'x': 0.2, 'mode': -1, 'tf': 0, 'k': 0.2, 'stop': 0, 'R': 1.0, 'hold': 240}",4,0.0,,-339,6,33.3,,-305,5,40.0,,-283
NQ_DRIVE,3278,"{'A': 600, 'T': 15, 'x': 0.2, 'mode': -1, 'tf': 0, 'k': 0.2, 'stop': 0, 'R': 2.0, 'hold': 240}",4,0.0,,-339,6,16.7,,-441,5,20.0,,-383
NQ_DRIVE,3279,"{'A': 600, 'T': 15, 'x': 0.2, 'mode': -1, 'tf': 0, 'k': 0.35, 'stop': 0, 'R': 0.5, 'hold': 240}",4,75.0,,91,6,50.0,,-396,5,60.0,,-343
NQ_DRIVE,3272,"{'A': 600, 'T': 15, 'x': 0.2, 'mode': 1, 'tf': 1, 'k': 0.2, 'stop': 0, 'R': 2.0, 'hold': 240}",2,100.0,,295,2,100.0,,676,2,100.0,,683
NQ_DRIVE,3273,"{'A': 600, 'T': 15, 'x': 0.2, 'mode': 1, 'tf': 1, 'k': 0.35, 'stop': 0, 'R': 0.5, 'hold': 240}",2,100.0,,127,2,100.0,,293,2,100.0,,297
NQ_DRIVE,3274,"{'A': 600, 'T': 15, 'x': 0.2, 'mode': 1, 'tf': 1, 'k': 0.35, 'stop': 0, 'R': 1.0, 'hold': 240}",2,100.0,,258,2,100.0,,590,2,100.0,,597
NQ_DRIVE,3275,"{'A': 600, 'T': 15, 'x': 0.2, 'mode': 1, 'tf': 1, 'k': 0.35, 'stop': 0, 'R': 2.0, 'hold': 240}",2,0.0,,-239,2,100.0,,849,2,100.0,,853
NQ_DRIVE,3280,"{'A': 600, 'T': 15, 'x': 0.2, 'mode': -1, 'tf': 0, 'k': 0.35, 'stop': 0, 'R': 1.0, 'hold': 240}",4,0.0,,-584,6,16.7,,-1042,5,20.0,,-938
NQ_DRIVE,3281,"{'A': 600, 'T': 15, 'x': 0.2, 'mode': -1, 'tf': 0, 'k': 0.35, 'stop': 0, 'R': 2.0, 'hold': 240}",4,0.0,,-584,6,16.7,,-939,5,20.0,,-839
NQ_DRIVE,3282,"{'A': 600, 'T': 15, 'x': 0.2, 'mode': -1, 'tf': 1, 'k': 0.2, 'stop': 0, 'R': 0.5, 'hold': 240}",2,0.0,,-183,3,33.3,,-198,2,50.0,,-140
NQ_DRIVE,3283,"{'A': 600, 'T': 15, 'x': 0.2, 'mode': -1, 'tf': 1, 'k': 0.2, 'stop': 0, 'R': 1.0, 'hold': 240}",2,0.0,,-183,3,33.3,,-85,2,50.0,,-60
NQ_DRIVE,3296,"{'A': 600, 'T': 15, 'x': 0.35, 'mode': 1, 'tf': 1, 'k': 0.2, 'stop': 0, 'R': 2.0, 'hold': 240}",0,,,0,0,,,0,0,,,0
NQ_DRIVE,3297,"{'A': 600, 'T': 15, 'x': 0.35, 'mode': 1, 'tf': 1, 'k': 0.35, 'stop': 0, 'R': 0.5, 'hold': 240}",0,,,0,0,,,0,0,,,0
NQ_DRIVE,3298,"{'A': 600, 'T': 15, 'x': 0.35, 'mode': 1, 'tf': 1, 'k': 0.35, 'stop': 0, 'R': 1.0, 'hold': 240}",0,,,0,0,,,0,0,,,0
NQ_DRIVE,3299,"{'A': 600, 'T': 15, 'x': 0.35, 'mode': 1, 'tf': 1, 'k': 0.35, 'stop': 0, 'R': 2.0, 'hold': 240}",0,,,0,0,,,0,0,,,0
NQ_DRIVE,3284,"{'A': 600, 'T': 15, 'x': 0.2, 'mode': -1, 'tf': 1, 'k': 0.2, 'stop': 0, 'R': 2.0, 'hold': 240}",2,0.0,,-183,3,33.3,,39,2,50.0,,101
NQ_DRIVE,3285,"{'A': 600, 'T': 15, 'x': 0.2, 'mode': -1, 'tf': 1, 'k': 0.35, 'stop': 0, 'R': 0.5, 'hold': 240}",2,100.0,,151,3,33.3,,-294,2,50.0,,-240
NQ_DRIVE,3286,"{'A': 600, 'T': 15, 'x': 0.2, 'mode': -1, 'tf': 1, 'k': 0.35, 'stop': 0, 'R': 1.0, 'hold': 240}",2,0.0,,-316,3,33.3,,-210,2,50.0,,-99
NQ_DRIVE,3287,"{'A': 600, 'T': 15, 'x': 0.2, 'mode': -1, 'tf': 1, 'k': 0.35, 'stop': 0, 'R': 2.0, 'hold': 240}",2,0.0,,-316,3,33.3,,-107,2,50.0,,-1
NQ_DRIVE,3292,"{'A': 600, 'T': 15, 'x': 0.35, 'mode': 1, 'tf': 0, 'k': 0.35, 'stop': 0, 'R': 1.0, 'hold': 240}",0,,,0,1,0.0,,-278,1,0.0,,-282
NQ_DRIVE,3293,"{'A': 600, 'T': 15, 'x': 0.35, 'mode': 1, 'tf': 0, 'k': 0.35, 'stop': 0, 'R': 2.0, 'hold': 240}",0,,,0,1,0.0,,-278,1,0.0,,-282
NQ_DRIVE,3294,"{'A': 600, 'T': 15, 'x': 0.35, 'mode': 1, 'tf': 1, 'k': 0.2, 'stop': 0, 'R': 0.5, 'hold': 240}",0,,,0,0,,,0,0,,,0
NQ_DRIVE,3295,"{'A': 600, 'T': 15, 'x': 0.35, 'mode': 1, 'tf': 1, 'k': 0.2, 'stop': 0, 'R': 1.0, 'hold': 240}",0,,,0,0,,,0,0,,,0
NQ_DRIVE,3288,"{'A': 600, 'T': 15, 'x': 0.35, 'mode': 1, 'tf': 0, 'k': 0.2, 'stop': 0, 'R': 0.5, 'hold': 240}",0,,,0,1,0.0,,-193,1,100.0,,79
NQ_DRIVE,3289,"{'A': 600, 'T': 15, 'x': 0.35, 'mode': 1, 'tf': 0, 'k': 0.2, 'stop': 0, 'R': 1.0, 'hold': 240}",0,,,0,1,0.0,,-193,1,0.0,,-162
NQ_DRIVE,3290,"{'A': 600, 'T': 15, 'x': 0.35, 'mode': 1, 'tf': 0, 'k': 0.2, 'stop': 0, 'R': 2.0, 'hold': 240}",0,,,0,1,0.0,,-193,1,0.0,,-162
NQ_DRIVE,3291,"{'A': 600, 'T': 15, 'x': 0.35, 'mode': 1, 'tf': 0, 'k': 0.35, 'stop': 0, 'R': 0.5, 'hold': 240}",0,,,0,1,0.0,,-278,1,0.0,,-282
NQ_DRIVE,3300,"{'A': 600, 'T': 15, 'x': 0.35, 'mode': -1, 'tf': 0, 'k': 0.2, 'stop': 0, 'R': 0.5, 'hold': 240}",0,,,0,1,100.0,,76,1,100.0,,76
NQ_DRIVE,3301,"{'A': 600, 'T': 15, 'x': 0.35, 'mode': -1, 'tf': 0, 'k': 0.2, 'stop': 0, 'R': 1.0, 'hold': 240}",0,,,0,1,100.0,,188,1,100.0,,157
NQ_DRIVE,3302,"{'A': 600, 'T': 15, 'x': 0.35, 'mode': -1, 'tf': 0, 'k': 0.2, 'stop': 0, 'R': 2.0, 'hold': 240}",0,,,0,1,100.0,,312,1,100.0,,317
NQ_DRIVE,3303,"{'A': 600, 'T': 15, 'x': 0.35, 'mode': -1, 'tf': 0, 'k': 0.35, 'stop': 0, 'R': 0.5, 'hold': 240}",0,,,0,1,100.0,,188,1,100.0,,137
NQ_DRIVE,3180,"{'A': 500, 'T': 240, 'x': 0.1, 'mode': -1, 'tf': 0, 'k': 0.2, 'stop': 0, 'R': 0.5, 'hold': 240}",618,66.2,0.945,-1180,450,66.4,0.909,-2038,428,66.6,0.926,-1599
NQ_DRIVE,3181,"{'A': 500, 'T': 240, 'x': 0.1, 'mode': -1, 'tf': 0, 'k': 0.2, 'stop': 0, 'R': 1.0, 'hold': 240}",618,48.5,0.932,-2174,450,50.7,0.948,-1684,428,50.5,0.941,-1855
NQ_DRIVE,3182,"{'A': 500, 'T': 240, 'x': 0.1, 'mode': -1, 'tf': 0, 'k': 0.2, 'stop': 0, 'R': 2.0, 'hold': 240}",618,35.1,0.995,-206,450,38.4,1.028,1113,428,38.1,1.015,579
NQ_DRIVE,3183,"{'A': 500, 'T': 240, 'x': 0.1, 'mode': -1, 'tf': 0, 'k': 0.35, 'stop': 0, 'R': 0.5, 'hold': 240}",619,65.8,1.029,989,450,64.9,0.997,-92,428,65.9,1.024,824
NQ_DRIVE,3308,"{'A': 600, 'T': 15, 'x': 0.35, 'mode': -1, 'tf': 1, 'k': 0.2, 'stop': 0, 'R': 2.0, 'hold': 240}",0,,,0,1,100.0,,312,1,100.0,,317
NQ_DRIVE,3309,"{'A': 600, 'T': 15, 'x': 0.35, 'mode': -1, 'tf': 1, 'k': 0.35, 'stop': 0, 'R': 0.5, 'hold': 240}",0,,,0,1,100.0,,188,1,100.0,,137
NQ_DRIVE,3310,"{'A': 600, 'T': 15, 'x': 0.35, 'mode': -1, 'tf': 1, 'k': 0.35, 'stop': 0, 'R': 1.0, 'hold': 240}",0,,,0,1,100.0,,272,1,100.0,,277
NQ_DRIVE,3311,"{'A': 600, 'T': 15, 'x': 0.35, 'mode': -1, 'tf': 1, 'k': 0.35, 'stop': 0, 'R': 2.0, 'hold': 240}",0,,,0,1,100.0,,375,1,100.0,,376
NQ_DRIVE,3304,"{'A': 600, 'T': 15, 'x': 0.35, 'mode': -1, 'tf': 0, 'k': 0.35, 'stop': 0, 'R': 1.0, 'hold': 240}",0,,,0,1,100.0,,272,1,100.0,,277
NQ_DRIVE,3305,"{'A': 600, 'T': 15, 'x': 0.35, 'mode': -1, 'tf': 0, 'k': 0.35, 'stop': 0, 'R': 2.0, 'hold': 240}",0,,,0,1,100.0,,375,1,100.0,,376
NQ_DRIVE,3306,"{'A': 600, 'T': 15, 'x': 0.35, 'mode': -1, 'tf': 1, 'k': 0.2, 'stop': 0, 'R': 0.5, 'hold': 240}",0,,,0,1,100.0,,76,1,100.0,,76
NQ_DRIVE,3307,"{'A': 600, 'T': 15, 'x': 0.35, 'mode': -1, 'tf': 1, 'k': 0.2, 'stop': 0, 'R': 1.0, 'hold': 240}",0,,,0,1,100.0,,188,1,100.0,,157
NQ_DRIVE,3204,"{'A': 500, 'T': 240, 'x': 0.2, 'mode': -1, 'tf': 0, 'k': 0.2, 'stop': 0, 'R': 0.5, 'hold': 240}",358,67.6,1.031,353,238,70.2,1.124,1253,221,70.6,1.137,1321
NQ_DRIVE,3205,"{'A': 500, 'T': 240, 'x': 0.2, 'mode': -1, 'tf': 0, 'k': 0.2, 'stop': 0, 'R': 1.0, 'hold': 240}",358,50.8,1.043,767,238,55.9,1.195,2930,221,56.1,1.194,2809
NQ_DRIVE,3206,"{'A': 500, 'T': 240, 'x': 0.2, 'mode': -1, 'tf': 0, 'k': 0.2, 'stop': 0, 'R': 2.0, 'hold': 240}",358,35.2,1.064,1472,238,43.7,1.311,5790,221,43.4,1.281,5074
NQ_DRIVE,3207,"{'A': 500, 'T': 240, 'x': 0.2, 'mode': -1, 'tf': 0, 'k': 0.35, 'stop': 0, 'R': 0.5, 'hold': 240}",359,68.8,1.181,3331,238,71.4,1.333,5132,221,72.9,1.4,5723
NQ_DRIVE,3316,"{'A': 600, 'T': 30, 'x': 0.1, 'mode': 1, 'tf': 0, 'k': 0.35, 'stop': 0, 'R': 1.0, 'hold': 240}",112,46.4,0.827,-1648,73,61.6,1.263,1932,70,57.1,1.06,484
NQ_DRIVE,3317,"{'A': 600, 'T': 30, 'x': 0.1, 'mode': 1, 'tf': 0, 'k': 0.35, 'stop': 0, 'R': 2.0, 'hold': 240}",112,35.7,0.555,-4860,73,47.9,0.887,-1006,70,45.7,0.764,-2209
NQ_DRIVE,3318,"{'A': 600, 'T': 30, 'x': 0.1, 'mode': 1, 'tf': 1, 'k': 0.2, 'stop': 0, 'R': 0.5, 'hold': 240}",51,60.8,0.673,-768,39,61.5,0.648,-856,30,60.0,0.625,-750
NQ_DRIVE,3319,"{'A': 600, 'T': 30, 'x': 0.1, 'mode': 1, 'tf': 1, 'k': 0.2, 'stop': 0, 'R': 1.0, 'hold': 240}",51,43.1,0.69,-1031,39,53.8,0.99,-30,30,50.0,0.97,-68
NQ_DRIVE,3312,"{'A': 600, 'T': 30, 'x': 0.1, 'mode': 1, 'tf': 0, 'k': 0.2, 'stop': 0, 'R': 0.5, 'hold': 240}",112,60.7,0.721,-1293,73,69.9,0.96,-146,70,72.9,1.099,325
NQ_DRIVE,3313,"{'A': 600, 'T': 30, 'x': 0.1, 'mode': 1, 'tf': 0, 'k': 0.2, 'stop': 0, 'R': 1.0, 'hold': 240}",112,44.6,0.755,-1609,73,60.3,1.295,1360,70,58.6,1.305,1384
NQ_DRIVE,3314,"{'A': 600, 'T': 30, 'x': 0.1, 'mode': 1, 'tf': 0, 'k': 0.2, 'stop': 0, 'R': 2.0, 'hold': 240}",112,33.9,0.909,-702,73,37.0,0.872,-873,70,38.6,0.936,-430
NQ_DRIVE,3315,"{'A': 600, 'T': 30, 'x': 0.1, 'mode': 1, 'tf': 0, 'k': 0.35, 'stop': 0, 'R': 0.5, 'hold': 240}",112,58.9,0.751,-1861,73,74.0,1.227,1182,70,71.4,1.188,990
NQ_DRIVE,3320,"{'A': 600, 'T': 30, 'x': 0.1, 'mode': 1, 'tf': 1, 'k': 0.2, 'stop': 0, 'R': 2.0, 'hold': 240}",51,35.3,0.994,-23,39,30.8,0.711,-1140,30,33.3,0.793,-635
NQ_DRIVE,3321,"{'A': 600, 'T': 30, 'x': 0.1, 'mode': 1, 'tf': 1, 'k': 0.35, 'stop': 0, 'R': 0.5, 'hold': 240}",51,58.8,0.724,-1052,39,69.2,0.954,-151,30,63.3,0.91,-249
NQ_DRIVE,3322,"{'A': 600, 'T': 30, 'x': 0.1, 'mode': 1, 'tf': 1, 'k': 0.35, 'stop': 0, 'R': 1.0, 'hold': 240}",51,47.1,0.827,-853,39,56.4,0.987,-61,30,50.0,0.934,-252
NQ_DRIVE,3323,"{'A': 600, 'T': 30, 'x': 0.1, 'mode': 1, 'tf': 1, 'k': 0.35, 'stop': 0, 'R': 2.0, 'hold': 240}",51,33.3,0.438,-3160,39,38.5,0.554,-2411,30,33.3,0.418,-2751
NQ_DRIVE,3324,"{'A': 600, 'T': 30, 'x': 0.1, 'mode': -1, 'tf': 0, 'k': 0.2, 'stop': 0, 'R': 0.5, 'hold': 240}",112,69.6,1.06,218,73,57.5,0.731,-1182,70,60.0,0.778,-935
NQ_DRIVE,3325,"{'A': 600, 'T': 30, 'x': 0.1, 'mode': -1, 'tf': 0, 'k': 0.2, 'stop': 0, 'R': 1.0, 'hold': 240}",112,55.4,1.194,1015,73,39.7,0.719,-1747,70,41.4,0.714,-1756
NQ_DRIVE,3326,"{'A': 600, 'T': 30, 'x': 0.1, 'mode': -1, 'tf': 0, 'k': 0.2, 'stop': 0, 'R': 2.0, 'hold': 240}",112,39.3,1.134,918,73,27.4,0.774,-1678,70,30.0,0.79,-1518
NQ_DRIVE,3327,"{'A': 600, 'T': 30, 'x': 0.1, 'mode': -1, 'tf': 0, 'k': 0.35, 'stop': 0, 'R': 0.5, 'hold': 240}",112,68.8,1.138,815,73,60.3,0.988,-74,70,64.3,1.106,579
NQ_DRIVE,3328,"{'A': 600, 'T': 30, 'x': 0.1, 'mode': -1, 'tf': 0, 'k': 0.35, 'stop': 0, 'R': 1.0, 'hold': 240}",112,53.6,1.127,1041,73,37.0,0.756,-2326,70,42.9,0.901,-861
NQ_DRIVE,3329,"{'A': 600, 'T': 30, 'x': 0.1, 'mode': -1, 'tf': 0, 'k': 0.35, 'stop': 0, 'R': 2.0, 'hold': 240}",112,45.5,1.12,1101,73,30.1,0.624,-3801,70,35.7,0.732,-2491
NQ_DRIVE,3330,"{'A': 600, 'T': 30, 'x': 0.1, 'mode': -1, 'tf': 1, 'k': 0.2, 'stop': 0, 'R': 0.5, 'hold': 240}",60,70.0,1.05,93,32,53.1,0.578,-942,30,56.7,0.653,-708
NQ_DRIVE,3331,"{'A': 600, 'T': 30, 'x': 0.1, 'mode': -1, 'tf': 1, 'k': 0.2, 'stop': 0, 'R': 1.0, 'hold': 240}",60,55.0,1.101,279,32,34.4,0.572,-1289,30,40.0,0.676,-885
NQ_DRIVE,3332,"{'A': 600, 'T': 30, 'x': 0.1, 'mode': -1, 'tf': 1, 'k': 0.2, 'stop': 0, 'R': 2.0, 'hold': 240}",60,38.3,1.049,174,32,25.0,0.726,-927,30,26.7,0.764,-744
NQ_DRIVE,3333,"{'A': 600, 'T': 30, 'x': 0.1, 'mode': -1, 'tf': 1, 'k': 0.35, 'stop': 0, 'R': 0.5, 'hold': 240}",60,71.7,1.338,890,32,53.1,0.744,-783,30,63.3,1.136,306
NQ_DRIVE,3334,"{'A': 600, 'T': 30, 'x': 0.1, 'mode': -1, 'tf': 1, 'k': 0.35, 'stop': 0, 'R': 1.0, 'hold': 240}",60,55.0,1.123,488,32,31.2,0.587,-1859,30,40.0,0.906,-339
NQ_DRIVE,3335,"{'A': 600, 'T': 30, 'x': 0.1, 'mode': -1, 'tf': 1, 'k': 0.35, 'stop': 0, 'R': 2.0, 'hold': 240}",60,48.3,1.216,959,32,25.0,0.487,-2394,30,33.3,0.742,-963
NQ_DRIVE,3336,"{'A': 600, 'T': 30, 'x': 0.2, 'mode': 1, 'tf': 0, 'k': 0.2, 'stop': 0, 'R': 0.5, 'hold': 240}",16,62.5,,-178,12,66.7,,-99,10,70.0,,0
NQ_DRIVE,3337,"{'A': 600, 'T': 30, 'x': 0.2, 'mode': 1, 'tf': 0, 'k': 0.2, 'stop': 0, 'R': 1.0, 'hold': 240}",16,43.8,,-373,12,66.7,,491,10,70.0,,560
NQ_DRIVE,3338,"{'A': 600, 'T': 30, 'x': 0.2, 'mode': 1, 'tf': 0, 'k': 0.2, 'stop': 0, 'R': 2.0, 'hold': 240}",16,31.2,,-199,12,50.0,,-119,10,50.0,,-105
NQ_DRIVE,3339,"{'A': 600, 'T': 30, 'x': 0.2, 'mode': 1, 'tf': 0, 'k': 0.35, 'stop': 0, 'R': 0.5, 'hold': 240}",16,62.5,,-303,12,83.3,,699,10,80.0,,526
NQ_DRIVE,3340,"{'A': 600, 'T': 30, 'x': 0.2, 'mode': 1, 'tf': 0, 'k': 0.35, 'stop': 0, 'R': 1.0, 'hold': 240}",16,62.5,,515,12,75.0,,827,10,70.0,,494
NQ_DRIVE,3341,"{'A': 600, 'T': 30, 'x': 0.2, 'mode': 1, 'tf': 0, 'k': 0.35, 'stop': 0, 'R': 2.0, 'hold': 240}",16,37.5,,-304,12,66.7,,552,10,50.0,,-533
NQ_DRIVE,3342,"{'A': 600, 'T': 30, 'x': 0.2, 'mode': 1, 'tf': 1, 'k': 0.2, 'stop': 0, 'R': 0.5, 'hold': 240}",6,83.3,,122,7,57.1,,-203,6,66.7,,-71
NQ_DRIVE,3343,"{'A': 600, 'T': 30, 'x': 0.2, 'mode': 1, 'tf': 1, 'k': 0.2, 'stop': 0, 'R': 1.0, 'hold': 240}",6,50.0,,-93,7,57.1,,116,6,66.7,,251
NQ_DRIVE,3348,"{'A': 600, 'T': 30, 'x': 0.2, 'mode': -1, 'tf': 0, 'k': 0.2, 'stop': 0, 'R': 0.5, 'hold': 240}",16,75.0,,259,12,50.0,,-344,10,50.0,,-341
NQ_DRIVE,3349,"{'A': 600, 'T': 30, 'x': 0.2, 'mode': -1, 'tf': 0, 'k': 0.2, 'stop': 0, 'R': 1.0, 'hold': 240}",16,56.2,,288,12,33.3,,-555,10,30.0,,-613
NQ_DRIVE,3350,"{'A': 600, 'T': 30, 'x': 0.2, 'mode': -1, 'tf': 0, 'k': 0.2, 'stop': 0, 'R': 2.0, 'hold': 240}",16,31.2,,85,12,16.7,,-865,10,20.0,,-717
NQ_DRIVE,3351,"{'A': 600, 'T': 30, 'x': 0.2, 'mode': -1, 'tf': 0, 'k': 0.35, 'stop': 0, 'R': 0.5, 'hold': 240}",16,68.8,,93,12,58.3,,291,10,60.0,,291
NQ_DRIVE,3344,"{'A': 600, 'T': 30, 'x': 0.2, 'mode': 1, 'tf': 1, 'k': 0.2, 'stop': 0, 'R': 2.0, 'hold': 240}",6,33.3,,-105,7,42.9,,-1,6,50.0,,143
NQ_DRIVE,3345,"{'A': 600, 'T': 30, 'x': 0.2, 'mode': 1, 'tf': 1, 'k': 0.35, 'stop': 0, 'R': 0.5, 'hold': 240}",6,83.3,,211,7,85.7,,509,6,83.3,,396
NQ_DRIVE,3346,"{'A': 600, 'T': 30, 'x': 0.2, 'mode': 1, 'tf': 1, 'k': 0.35, 'stop': 0, 'R': 1.0, 'hold': 240}",6,83.3,,599,7,85.7,,1121,6,83.3,,906
NQ_DRIVE,3347,"{'A': 600, 'T': 30, 'x': 0.2, 'mode': 1, 'tf': 1, 'k': 0.35, 'stop': 0, 'R': 2.0, 'hold': 240}",6,33.3,,-148,7,71.4,,843,6,50.0,,-5
NQ_DRIVE,3352,"{'A': 600, 'T': 30, 'x': 0.2, 'mode': -1, 'tf': 0, 'k': 0.35, 'stop': 0, 'R': 1.0, 'hold': 240}",16,37.5,,-600,12,25.0,,-892,10,30.0,,-548
NQ_DRIVE,3353,"{'A': 600, 'T': 30, 'x': 0.2, 'mode': -1, 'tf': 0, 'k': 0.35, 'stop': 0, 'R': 2.0, 'hold': 240}",16,31.2,,-185,12,25.0,,-328,10,30.0,,1
NQ_DRIVE,3354,"{'A': 600, 'T': 30, 'x': 0.2, 'mode': -1, 'tf': 1, 'k': 0.2, 'stop': 0, 'R': 0.5, 'hold': 240}",10,80.0,,229,5,20.0,,-473,4,25.0,,-411
NQ_DRIVE,3355,"{'A': 600, 'T': 30, 'x': 0.2, 'mode': -1, 'tf': 1, 'k': 0.2, 'stop': 0, 'R': 1.0, 'hold': 240}",10,60.0,,227,5,20.0,,-401,4,25.0,,-331
NQ_DRIVE,3368,"{'A': 600, 'T': 30, 'x': 0.35, 'mode': 1, 'tf': 1, 'k': 0.2, 'stop': 0, 'R': 2.0, 'hold': 240}",0,,,0,2,0.0,,-379,2,0.0,,-383
NQ_DRIVE,3369,"{'A': 600, 'T': 30, 'x': 0.35, 'mode': 1, 'tf': 1, 'k': 0.35, 'stop': 0, 'R': 0.5, 'hold': 240}",0,,,0,2,50.0,,-155,2,50.0,,-157
NQ_DRIVE,3370,"{'A': 600, 'T': 30, 'x': 0.35, 'mode': 1, 'tf': 1, 'k': 0.35, 'stop': 0, 'R': 1.0, 'hold': 240}",0,,,0,2,50.0,,13,2,50.0,,12
NQ_DRIVE,3371,"{'A': 600, 'T': 30, 'x': 0.35, 'mode': 1, 'tf': 1, 'k': 0.35, 'stop': 0, 'R': 2.0, 'hold': 240}",0,,,0,2,50.0,,-26,2,0.0,,-666
NQ_DRIVE,3372,"{'A': 600, 'T': 30, 'x': 0.35, 'mode': -1, 'tf': 0, 'k': 0.2, 'stop': 0, 'R': 0.5, 'hold': 240}",4,75.0,,138,5,60.0,,34,3,66.7,,26
NQ_DRIVE,3373,"{'A': 600, 'T': 30, 'x': 0.35, 'mode': -1, 'tf': 0, 'k': 0.2, 'stop': 0, 'R': 1.0, 'hold': 240}",4,75.0,,362,5,60.0,,237,3,66.7,,157
NQ_DRIVE,3374,"{'A': 600, 'T': 30, 'x': 0.35, 'mode': -1, 'tf': 0, 'k': 0.2, 'stop': 0, 'R': 2.0, 'hold': 240}",4,50.0,,470,5,40.0,,192,3,33.3,,-48
NQ_DRIVE,3375,"{'A': 600, 'T': 30, 'x': 0.35, 'mode': -1, 'tf': 0, 'k': 0.35, 'stop': 0, 'R': 0.5, 'hold': 240}",4,100.0,,426,5,80.0,,515,3,100.0,,509
NQ_DRIVE,3364,"{'A': 600, 'T': 30, 'x': 0.35, 'mode': 1, 'tf': 0, 'k': 0.35, 'stop': 0, 'R': 1.0, 'hold': 240}",4,50.0,,-275,5,40.0,,-519,3,33.3,,-363
NQ_DRIVE,3365,"{'A': 600, 'T': 30, 'x': 0.35, 'mode': 1, 'tf': 0, 'k': 0.35, 'stop': 0, 'R': 2.0, 'hold': 240}",4,50.0,,-113,5,40.0,,-438,3,0.0,,-1041
NQ_DRIVE,3366,"{'A': 600, 'T': 30, 'x': 0.35, 'mode': 1, 'tf': 1, 'k': 0.2, 'stop': 0, 'R': 0.5, 'hold': 240}",0,,,0,2,0.0,,-379,2,0.0,,-383
NQ_DRIVE,3367,"{'A': 600, 'T': 30, 'x': 0.35, 'mode': 1, 'tf': 1, 'k': 0.2, 'stop': 0, 'R': 1.0, 'hold': 240}",0,,,0,2,0.0,,-379,2,0.0,,-383
NQ_DRIVE,3360,"{'A': 600, 'T': 30, 'x': 0.35, 'mode': 1, 'tf': 0, 'k': 0.2, 'stop': 0, 'R': 0.5, 'hold': 240}",4,50.0,,-245,5,40.0,,-403,3,33.3,,-279
NQ_DRIVE,3361,"{'A': 600, 'T': 30, 'x': 0.35, 'mode': 1, 'tf': 0, 'k': 0.2, 'stop': 0, 'R': 1.0, 'hold': 240}",4,25.0,,-383,5,40.0,,-264,3,33.3,,-173
NQ_DRIVE,3362,"{'A': 600, 'T': 30, 'x': 0.35, 'mode': 1, 'tf': 0, 'k': 0.2, 'stop': 0, 'R': 2.0, 'hold': 240}",4,0.0,,-512,5,20.0,,-617,3,0.0,,-599
NQ_DRIVE,3363,"{'A': 600, 'T': 30, 'x': 0.35, 'mode': 1, 'tf': 0, 'k': 0.35, 'stop': 0, 'R': 0.5, 'hold': 240}",4,50.0,,-429,5,60.0,,-193,3,66.7,,27
NQ_DRIVE,3356,"{'A': 600, 'T': 30, 'x': 0.2, 'mode': -1, 'tf': 1, 'k': 0.2, 'stop': 0, 'R': 2.0, 'hold': 240}",10,40.0,,360,5,20.0,,-244,4,25.0,,-230
NQ_DRIVE,3357,"{'A': 600, 'T': 30, 'x': 0.2, 'mode': -1, 'tf': 1, 'k': 0.35, 'stop': 0, 'R': 0.5, 'hold': 240}",10,70.0,,31,5,40.0,,-55,4,50.0,,63
NQ_DRIVE,3358,"{'A': 600, 'T': 30, 'x': 0.2, 'mode': -1, 'tf': 1, 'k': 0.35, 'stop': 0, 'R': 1.0, 'hold': 240}",10,50.0,,31,5,40.0,,267,4,50.0,,390
NQ_DRIVE,3359,"{'A': 600, 'T': 30, 'x': 0.2, 'mode': -1, 'tf': 1, 'k': 0.35, 'stop': 0, 'R': 2.0, 'hold': 240}",10,50.0,,679,5,40.0,,622,4,50.0,,743
NQ_DRIVE,3376,"{'A': 600, 'T': 30, 'x': 0.35, 'mode': -1, 'tf': 0, 'k': 0.35, 'stop': 0, 'R': 1.0, 'hold': 240}",4,50.0,,254,5,60.0,,492,3,66.7,,347
NQ_DRIVE,3377,"{'A': 600, 'T': 30, 'x': 0.35, 'mode': -1, 'tf': 0, 'k': 0.35, 'stop': 0, 'R': 2.0, 'hold': 240}",4,50.0,,840,5,60.0,,1056,3,66.7,,915
NQ_DRIVE,3378,"{'A': 600, 'T': 30, 'x': 0.35, 'mode': -1, 'tf': 1, 'k': 0.2, 'stop': 0, 'R': 0.5, 'hold': 240}",4,75.0,,138,3,33.3,,-203,1,0.0,,-216
NQ_DRIVE,3379,"{'A': 600, 'T': 30, 'x': 0.35, 'mode': -1, 'tf': 1, 'k': 0.2, 'stop': 0, 'R': 1.0, 'hold': 240}",4,75.0,,362,3,33.3,,-131,1,0.0,,-216
NQ_DRIVE,3380,"{'A': 600, 'T': 30, 'x': 0.35, 'mode': -1, 'tf': 1, 'k': 0.2, 'stop': 0, 'R': 2.0, 'hold': 240}",4,50.0,,470,3,33.3,,26,1,0.0,,-216
NQ_DRIVE,3381,"{'A': 600, 'T': 30, 'x': 0.35, 'mode': -1, 'tf': 1, 'k': 0.35, 'stop': 0, 'R': 0.5, 'hold': 240}",4,100.0,,426,3,66.7,,194,1,100.0,,184
NQ_DRIVE,3382,"{'A': 600, 'T': 30, 'x': 0.35, 'mode': -1, 'tf': 1, 'k': 0.35, 'stop': 0, 'R': 1.0, 'hold': 240}",4,50.0,,254,3,66.7,,516,1,100.0,,370
NQ_DRIVE,3383,"{'A': 600, 'T': 30, 'x': 0.35, 'mode': -1, 'tf': 1, 'k': 0.35, 'stop': 0, 'R': 2.0, 'hold': 240}",4,50.0,,840,3,66.7,,871,1,100.0,,742
NQ_DRIVE,3384,"{'A': 600, 'T': 60, 'x': 0.1, 'mode': 1, 'tf': 0, 'k': 0.2, 'stop': 0, 'R': 0.5, 'hold': 240}",214,60.7,0.709,-2568,139,71.9,1.165,977,124,71.0,1.143,800
NQ_DRIVE,3385,"{'A': 600, 'T': 60, 'x': 0.1, 'mode': 1, 'tf': 0, 'k': 0.2, 'stop': 0, 'R': 1.0, 'hold': 240}",214,45.3,0.798,-2448,139,57.6,1.296,2537,124,57.3,1.266,2164
NQ_DRIVE,3386,"{'A': 600, 'T': 60, 'x': 0.1, 'mode': 1, 'tf': 0, 'k': 0.2, 'stop': 0, 'R': 2.0, 'hold': 240}",214,33.6,0.887,-1651,139,39.6,1.214,2500,124,39.5,1.193,2108
NQ_DRIVE,3387,"{'A': 600, 'T': 60, 'x': 0.1, 'mode': 1, 'tf': 0, 'k': 0.35, 'stop': 0, 'R': 0.5, 'hold': 240}",214,63.1,0.857,-1913,139,67.6,1.11,1137,124,67.7,1.144,1367
NQ_DRIVE,3388,"{'A': 600, 'T': 60, 'x': 0.1, 'mode': 1, 'tf': 0, 'k': 0.35, 'stop': 0, 'R': 1.0, 'hold': 240}",214,50.0,0.959,-700,139,51.1,1.143,2067,124,53.2,1.233,3060
NQ_DRIVE,3389,"{'A': 600, 'T': 60, 'x': 0.1, 'mode': 1, 'tf': 0, 'k': 0.35, 'stop': 0, 'R': 2.0, 'hold': 240}",214,38.8,0.741,-5333,139,39.6,0.929,-1245,124,41.1,0.962,-602
NQ_DRIVE,3390,"{'A': 600, 'T': 60, 'x': 0.1, 'mode': 1, 'tf': 1, 'k': 0.2, 'stop': 0, 'R': 0.5, 'hold': 240}",103,64.1,0.805,-762,66,75.8,1.447,1036,51,74.5,1.435,830
NQ_DRIVE,3391,"{'A': 600, 'T': 60, 'x': 0.1, 'mode': 1, 'tf': 1, 'k': 0.2, 'stop': 0, 'R': 1.0, 'hold': 240}",103,46.6,0.806,-1124,66,60.6,1.475,1738,51,58.8,1.464,1411
NQ_DRIVE,3392,"{'A': 600, 'T': 60, 'x': 0.1, 'mode': 1, 'tf': 1, 'k': 0.2, 'stop': 0, 'R': 2.0, 'hold': 240}",103,35.0,0.856,-1013,66,42.4,1.459,2336,51,41.2,1.517,2080
NQ_DRIVE,3393,"{'A': 600, 'T': 60, 'x': 0.1, 'mode': 1, 'tf': 1, 'k': 0.35, 'stop': 0, 'R': 0.5, 'hold': 240}",103,65.0,0.895,-660,66,68.2,1.111,535,51,64.7,1.008,35
NQ_DRIVE,3394,"{'A': 600, 'T': 60, 'x': 0.1, 'mode': 1, 'tf': 1, 'k': 0.35, 'stop': 0, 'R': 1.0, 'hold': 240}",103,54.4,1.038,297,66,53.0,1.36,2207,51,51.0,1.325,1739
NQ_DRIVE,3395,"{'A': 600, 'T': 60, 'x': 0.1, 'mode': 1, 'tf': 1, 'k': 0.35, 'stop': 0, 'R': 2.0, 'hold': 240}",103,42.7,0.709,-2777,66,39.4,0.953,-375,51,35.3,0.86,-976
NQ_DRIVE,3400,"{'A': 600, 'T': 60, 'x': 0.1, 'mode': -1, 'tf': 0, 'k': 0.35, 'stop': 0, 'R': 1.0, 'hold': 240}",214,49.5,0.973,-456,139,48.2,0.822,-3043,124,46.8,0.775,-3728
NQ_DRIVE,3401,"{'A': 600, 'T': 60, 'x': 0.1, 'mode': -1, 'tf': 0, 'k': 0.35, 'stop': 0, 'R': 2.0, 'hold': 240}",214,41.1,0.902,-1870,139,42.4,0.907,-1694,124,41.1,0.857,-2488
NQ_DRIVE,3402,"{'A': 600, 'T': 60, 'x': 0.1, 'mode': -1, 'tf': 1, 'k': 0.2, 'stop': 0, 'R': 0.5, 'hold': 240}",101,68.3,0.967,-116,69,62.3,0.799,-782,60,61.7,0.764,-852
NQ_DRIVE,3403,"{'A': 600, 'T': 60, 'x': 0.1, 'mode': -1, 'tf': 1, 'k': 0.2, 'stop': 0, 'R': 1.0, 'hold': 240}",101,53.5,1.065,330,69,44.9,0.836,-898,60,46.7,0.904,-458
NQ_DRIVE,3412,"{'A': 600, 'T': 60, 'x': 0.2, 'mode': 1, 'tf': 0, 'k': 0.35, 'stop': 0, 'R': 1.0, 'hold': 240}",47,51.1,0.969,-118,31,51.6,1.061,203,29,51.7,1.137,442
NQ_DRIVE,3413,"{'A': 600, 'T': 60, 'x': 0.2, 'mode': 1, 'tf': 0, 'k': 0.35, 'stop': 0, 'R': 2.0, 'hold': 240}",47,36.2,0.598,-1897,31,32.3,0.496,-2264,29,34.5,0.561,-1809
NQ_DRIVE,3414,"{'A': 600, 'T': 60, 'x': 0.2, 'mode': 1, 'tf': 1, 'k': 0.2, 'stop': 0, 'R': 0.5, 'hold': 240}",22,50.0,0.436,-633,13,69.2,,104,10,60.0,,-103
NQ_DRIVE,3415,"{'A': 600, 'T': 60, 'x': 0.2, 'mode': 1, 'tf': 1, 'k': 0.2, 'stop': 0, 'R': 1.0, 'hold': 240}",22,36.4,0.549,-623,13,46.2,,-151,10,40.0,,-286
NQ_DRIVE,3404,"{'A': 600, 'T': 60, 'x': 0.1, 'mode': -1, 'tf': 1, 'k': 0.2, 'stop': 0, 'R': 2.0, 'hold': 240}",101,39.6,1.162,1036,69,34.8,0.933,-434,60,36.7,1.033,185
NQ_DRIVE,3405,"{'A': 600, 'T': 60, 'x': 0.1, 'mode': -1, 'tf': 1, 'k': 0.35, 'stop': 0, 'R': 0.5, 'hold': 240}",101,70.3,1.08,450,69,65.2,0.977,-132,60,66.7,1.116,557
NQ_DRIVE,3406,"{'A': 600, 'T': 60, 'x': 0.1, 'mode': -1, 'tf': 1, 'k': 0.35, 'stop': 0, 'R': 1.0, 'hold': 240}",101,51.5,1.021,171,69,50.7,0.998,-16,60,48.3,1.011,80
NQ_DRIVE,3407,"{'A': 600, 'T': 60, 'x': 0.1, 'mode': -1, 'tf': 1, 'k': 0.35, 'stop': 0, 'R': 2.0, 'hold': 240}",101,42.6,0.976,-223,69,42.0,1.005,45,60,41.7,1.086,653
NQ_DRIVE,3408,"{'A': 600, 'T': 60, 'x': 0.2, 'mode': 1, 'tf': 0, 'k': 0.2, 'stop': 0, 'R': 0.5, 'hold': 240}",47,51.1,0.457,-1296,31,67.7,1.025,38,29,62.1,0.824,-297
NQ_DRIVE,3409,"{'A': 600, 'T': 60, 'x': 0.2, 'mode': 1, 'tf': 0, 'k': 0.2, 'stop': 0, 'R': 1.0, 'hold': 240}",47,36.2,0.534,-1407,31,51.6,1.031,71,29,41.4,0.694,-810
NQ_DRIVE,3410,"{'A': 600, 'T': 60, 'x': 0.2, 'mode': 1, 'tf': 0, 'k': 0.2, 'stop': 0, 'R': 2.0, 'hold': 240}",47,23.4,0.503,-1827,31,38.7,1.131,361,29,27.6,0.679,-1013
NQ_DRIVE,3411,"{'A': 600, 'T': 60, 'x': 0.2, 'mode': 1, 'tf': 0, 'k': 0.35, 'stop': 0, 'R': 0.5, 'hold': 240}",47,61.7,0.831,-493,31,64.5,1.062,150,29,65.5,1.087,200
NQ_DRIVE,3396,"{'A': 600, 'T': 60, 'x': 0.1, 'mode': -1, 'tf': 0, 'k': 0.2, 'stop': 0, 'R': 0.5, 'hold': 240}",214,67.8,0.981,-137,139,59.7,0.759,-1869,124,60.5,0.764,-1715
NQ_DRIVE,3397,"{'A': 600, 'T': 60, 'x': 0.1, 'mode': -1, 'tf': 0, 'k': 0.2, 'stop': 0, 'R': 1.0, 'hold': 240}",214,52.8,1.052,545,139,41.7,0.716,-3272,124,42.7,0.736,-2822
NQ_DRIVE,3398,"{'A': 600, 'T': 60, 'x': 0.1, 'mode': -1, 'tf': 0, 'k': 0.2, 'stop': 0, 'R': 2.0, 'hold': 240}",214,36.9,1.029,391,139,33.1,0.861,-1838,124,33.9,0.858,-1756
NQ_DRIVE,3399,"{'A': 600, 'T': 60, 'x': 0.1, 'mode': -1, 'tf': 0, 'k': 0.35, 'stop': 0, 'R': 0.5, 'hold': 240}",214,70.1,1.148,1647,139,59.7,0.738,-3563,124,59.7,0.74,-3299
NQ_DRIVE,3416,"{'A': 600, 'T': 60, 'x': 0.2, 'mode': 1, 'tf': 1, 'k': 0.2, 'stop': 0, 'R': 2.0, 'hold': 240}",22,22.7,0.479,-883,13,46.2,,519,10,40.0,,126
NQ_DRIVE,3417,"{'A': 600, 'T': 60, 'x': 0.2, 'mode': 1, 'tf': 1, 'k': 0.35, 'stop': 0, 'R': 0.5, 'hold': 240}",22,59.1,0.793,-285,13,61.5,,-112,10,50.0,,-471
NQ_DRIVE,3418,"{'A': 600, 'T': 60, 'x': 0.2, 'mode': 1, 'tf': 1, 'k': 0.35, 'stop': 0, 'R': 1.0, 'hold': 240}",22,50.0,0.942,-98,13,53.8,,411,10,50.0,,270
NQ_DRIVE,3419,"{'A': 600, 'T': 60, 'x': 0.2, 'mode': 1, 'tf': 1, 'k': 0.35, 'stop': 0, 'R': 2.0, 'hold': 240}",22,31.8,0.35,-1503,13,38.5,,-1024,10,30.0,,-1391
NQ_DRIVE,3420,"{'A': 600, 'T': 60, 'x': 0.2, 'mode': -1, 'tf': 0, 'k': 0.2, 'stop': 0, 'R': 0.5, 'hold': 240}",47,80.9,2.26,1014,31,58.1,0.704,-557,29,65.5,0.927,-113
NQ_DRIVE,3421,"{'A': 600, 'T': 60, 'x': 0.2, 'mode': -1, 'tf': 0, 'k': 0.2, 'stop': 0, 'R': 1.0, 'hold': 240}",47,63.8,1.679,1158,31,48.4,0.903,-235,29,58.6,1.345,656
NQ_DRIVE,3422,"{'A': 600, 'T': 60, 'x': 0.2, 'mode': -1, 'tf': 0, 'k': 0.2, 'stop': 0, 'R': 2.0, 'hold': 240}",47,38.3,1.084,241,31,32.3,0.796,-644,29,37.9,0.916,-236
NQ_DRIVE,3423,"{'A': 600, 'T': 60, 'x': 0.2, 'mode': -1, 'tf': 0, 'k': 0.35, 'stop': 0, 'R': 0.5, 'hold': 240}",47,76.6,1.698,1249,31,61.3,0.827,-514,29,69.0,1.094,229
NQ_DRIVE,3428,"{'A': 600, 'T': 60, 'x': 0.2, 'mode': -1, 'tf': 1, 'k': 0.2, 'stop': 0, 'R': 2.0, 'hold': 240}",24,33.3,0.956,-71,17,29.4,,-546,16,31.2,,-428
NQ_DRIVE,3429,"{'A': 600, 'T': 60, 'x': 0.2, 'mode': -1, 'tf': 1, 'k': 0.35, 'stop': 0, 'R': 0.5, 'hold': 240}",24,75.0,1.655,622,17,64.7,,-14,16,75.0,,567
NQ_DRIVE,3430,"{'A': 600, 'T': 60, 'x': 0.2, 'mode': -1, 'tf': 1, 'k': 0.35, 'stop': 0, 'R': 1.0, 'hold': 240}",24,45.8,0.884,-253,17,52.9,,344,16,50.0,,233
NQ_DRIVE,3431,"{'A': 600, 'T': 60, 'x': 0.2, 'mode': -1, 'tf': 1, 'k': 0.35, 'stop': 0, 'R': 2.0, 'hold': 240}",24,41.7,1.125,282,17,41.2,,865,16,43.8,,1047
NQ_DRIVE,3424,"{'A': 600, 'T': 60, 'x': 0.2, 'mode': -1, 'tf': 0, 'k': 0.35, 'stop': 0, 'R': 1.0, 'hold': 240}",47,48.9,0.965,-134,31,48.4,0.898,-370,29,48.3,0.841,-599
NQ_DRIVE,3425,"{'A': 600, 'T': 60, 'x': 0.2, 'mode': -1, 'tf': 0, 'k': 0.35, 'stop': 0, 'R': 2.0, 'hold': 240}",47,42.6,0.973,-116,31,41.9,1.12,469,29,44.8,1.134,527
NQ_DRIVE,3426,"{'A': 600, 'T': 60, 'x': 0.2, 'mode': -1, 'tf': 1, 'k': 0.2, 'stop': 0, 'R': 0.5, 'hold': 240}",24,79.2,2.142,502,17,52.9,,-539,16,62.5,,-196
NQ_DRIVE,3427,"{'A': 600, 'T': 60, 'x': 0.2, 'mode': -1, 'tf': 1, 'k': 0.2, 'stop': 0, 'R': 1.0, 'hold': 240}",24,62.5,1.632,572,17,47.1,,-183,16,56.2,,236
NQ_DRIVE,3436,"{'A': 600, 'T': 60, 'x': 0.35, 'mode': 1, 'tf': 0, 'k': 0.35, 'stop': 0, 'R': 1.0, 'hold': 240}",11,36.4,,-997,4,75.0,,438,3,66.7,,290
NQ_DRIVE,3437,"{'A': 600, 'T': 60, 'x': 0.35, 'mode': 1, 'tf': 0, 'k': 0.35, 'stop': 0, 'R': 2.0, 'hold': 240}",11,18.2,,-1141,4,50.0,,-28,3,33.3,,-307
NQ_DRIVE,3438,"{'A': 600, 'T': 60, 'x': 0.35, 'mode': 1, 'tf': 1, 'k': 0.2, 'stop': 0, 'R': 0.5, 'hold': 240}",5,40.0,,-297,2,100.0,,193,1,100.0,,97
NQ_DRIVE,3439,"{'A': 600, 'T': 60, 'x': 0.35, 'mode': 1, 'tf': 1, 'k': 0.2, 'stop': 0, 'R': 1.0, 'hold': 240}",5,40.0,,-239,2,100.0,,379,1,100.0,,194
NQ_DRIVE,3432,"{'A': 600, 'T': 60, 'x': 0.35, 'mode': 1, 'tf': 0, 'k': 0.2, 'stop': 0, 'R': 0.5, 'hold': 240}",11,45.5,,-645,4,100.0,,361,3,100.0,,290
NQ_DRIVE,3433,"{'A': 600, 'T': 60, 'x': 0.35, 'mode': 1, 'tf': 0, 'k': 0.2, 'stop': 0, 'R': 1.0, 'hold': 240}",11,36.4,,-610,4,100.0,,687,3,66.7,,207
NQ_DRIVE,3434,"{'A': 600, 'T': 60, 'x': 0.35, 'mode': 1, 'tf': 0, 'k': 0.2, 'stop': 0, 'R': 2.0, 'hold': 240}",11,27.3,,-493,4,75.0,,706,3,33.3,,-25
NQ_DRIVE,3435,"{'A': 600, 'T': 60, 'x': 0.35, 'mode': 1, 'tf': 0, 'k': 0.35, 'stop': 0, 'R': 0.5, 'hold': 240}",11,45.5,,-1113,4,100.0,,606,3,100.0,,514
NQ_DRIVE,3440,"{'A': 600, 'T': 60, 'x': 0.35, 'mode': 1, 'tf': 1, 'k': 0.2, 'stop': 0, 'R': 2.0, 'hold': 240}",5,20.0,,-268,2,100.0,,752,1,100.0,,387
NQ_DRIVE,3441,"{'A': 600, 'T': 60, 'x': 0.35, 'mode': 1, 'tf': 1, 'k': 0.35, 'stop': 0, 'R': 0.5, 'hold': 240}",5,40.0,,-518,2,100.0,,333,1,100.0,,169
NQ_DRIVE,3442,"{'A': 600, 'T': 60, 'x': 0.35, 'mode': 1, 'tf': 1, 'k': 0.35, 'stop': 0, 'R': 1.0, 'hold': 240}",5,20.0,,-587,2,100.0,,659,1,100.0,,339
NQ_DRIVE,3443,"{'A': 600, 'T': 60, 'x': 0.35, 'mode': 1, 'tf': 1, 'k': 0.35, 'stop': 0, 'R': 2.0, 'hold': 240}",5,0.0,,-834,2,50.0,,73,1,0.0,,-339
NQ_DRIVE,3448,"{'A': 600, 'T': 60, 'x': 0.35, 'mode': -1, 'tf': 0, 'k': 0.35, 'stop': 0, 'R': 1.0, 'hold': 240}",11,63.6,,939,4,25.0,,-459,3,33.3,,-306
NQ_DRIVE,3449,"{'A': 600, 'T': 60, 'x': 0.35, 'mode': -1, 'tf': 0, 'k': 0.35, 'stop': 0, 'R': 2.0, 'hold': 240}",11,54.5,,1271,4,25.0,,-90,3,33.3,,66
NQ_DRIVE,3450,"{'A': 600, 'T': 60, 'x': 0.35, 'mode': -1, 'tf': 1, 'k': 0.2, 'stop': 0, 'R': 0.5, 'hold': 240}",6,83.3,,202,2,0.0,,-318,1,0.0,,-212
NQ_DRIVE,3451,"{'A': 600, 'T': 60, 'x': 0.35, 'mode': -1, 'tf': 1, 'k': 0.2, 'stop': 0, 'R': 1.0, 'hold': 240}",6,66.7,,340,2,0.0,,-318,1,0.0,,-212
NQ_DRIVE,3444,"{'A': 600, 'T': 60, 'x': 0.35, 'mode': -1, 'tf': 0, 'k': 0.2, 'stop': 0, 'R': 0.5, 'hold': 240}",11,81.8,,347,4,50.0,,-145,3,66.7,,-24
NQ_DRIVE,3445,"{'A': 600, 'T': 60, 'x': 0.35, 'mode': -1, 'tf': 0, 'k': 0.2, 'stop': 0, 'R': 1.0, 'hold': 240}",11,63.6,,552,4,0.0,,-708,3,33.3,,-223
NQ_DRIVE,3446,"{'A': 600, 'T': 60, 'x': 0.35, 'mode': -1, 'tf': 0, 'k': 0.2, 'stop': 0, 'R': 2.0, 'hold': 240}",11,54.5,,1210,4,0.0,,-708,3,0.0,,-604
NQ_DRIVE,3447,"{'A': 600, 'T': 60, 'x': 0.35, 'mode': -1, 'tf': 0, 'k': 0.35, 'stop': 0, 'R': 0.5, 'hold': 240}",11,72.7,,376,4,50.0,,-169,3,66.7,,7
NQ_DRIVE,3452,"{'A': 600, 'T': 60, 'x': 0.35, 'mode': -1, 'tf': 1, 'k': 0.2, 'stop': 0, 'R': 2.0, 'hold': 240}",6,50.0,,645,2,0.0,,-318,1,0.0,,-212
NQ_DRIVE,3453,"{'A': 600, 'T': 60, 'x': 0.35, 'mode': -1, 'tf': 1, 'k': 0.35, 'stop': 0, 'R': 0.5, 'hold': 240}",6,66.7,,168,2,50.0,,26,1,100.0,,187
NQ_DRIVE,3454,"{'A': 600, 'T': 60, 'x': 0.35, 'mode': -1, 'tf': 1, 'k': 0.35, 'stop': 0, 'R': 1.0, 'hold': 240}",6,50.0,,379,2,50.0,,210,1,100.0,,373
NQ_DRIVE,3455,"{'A': 600, 'T': 60, 'x': 0.35, 'mode': -1, 'tf': 1, 'k': 0.35, 'stop': 0, 'R': 2.0, 'hold': 240}",6,50.0,,982,2,50.0,,579,1,100.0,,746
NQ_DRIVE,3456,"{'A': 600, 'T': 120, 'x': 0.1, 'mode': 1, 'tf': 0, 'k': 0.2, 'stop': 0, 'R': 0.5, 'hold': 240}",419,66.3,0.879,-1819,270,68.9,1.094,1092,254,69.7,1.152,1665
NQ_DRIVE,3457,"{'A': 600, 'T': 120, 'x': 0.1, 'mode': 1, 'tf': 0, 'k': 0.2, 'stop': 0, 'R': 1.0, 'hold': 240}",419,53.7,1.034,695,270,55.6,1.245,4049,254,56.3,1.268,4269
NQ_DRIVE,3458,"{'A': 600, 'T': 120, 'x': 0.1, 'mode': 1, 'tf': 0, 'k': 0.2, 'stop': 0, 'R': 2.0, 'hold': 240}",421,34.4,0.807,-5529,270,39.3,1.183,4029,254,40.2,1.234,4883
NQ_DRIVE,3459,"{'A': 600, 'T': 120, 'x': 0.1, 'mode': 1, 'tf': 0, 'k': 0.35, 'stop': 0, 'R': 0.5, 'hold': 240}",419,67.1,0.982,-414,270,71.9,1.323,5583,254,71.3,1.298,5061
NQ_DRIVE,3464,"{'A': 600, 'T': 120, 'x': 0.1, 'mode': 1, 'tf': 1, 'k': 0.2, 'stop': 0, 'R': 2.0, 'hold': 240}",228,34.2,0.758,-3738,152,36.8,1.035,449,118,35.6,1.057,589
NQ_DRIVE,3465,"{'A': 600, 'T': 120, 'x': 0.1, 'mode': 1, 'tf': 1, 'k': 0.35, 'stop': 0, 'R': 0.5, 'hold': 240}",227,70.0,1.027,327,152,67.8,1.045,505,118,65.3,0.918,-817
NQ_DRIVE,3466,"{'A': 600, 'T': 120, 'x': 0.1, 'mode': 1, 'tf': 1, 'k': 0.35, 'stop': 0, 'R': 1.0, 'hold': 240}",228,50.4,0.839,-2950,152,52.6,1.022,344,118,47.5,0.881,-1626
NQ_DRIVE,3467,"{'A': 600, 'T': 120, 'x': 0.1, 'mode': 1, 'tf': 1, 'k': 0.35, 'stop': 0, 'R': 2.0, 'hold': 240}",228,42.1,0.823,-3718,152,44.7,1.018,317,118,41.5,0.931,-1039
NQ_DRIVE,3468,"{'A': 600, 'T': 120, 'x': 0.1, 'mode': -1, 'tf': 0, 'k': 0.2, 'stop': 0, 'R': 0.5, 'hold': 240}",419,65.4,0.922,-1138,270,65.2,0.835,-2298,254,65.7,0.863,-1826
NQ_DRIVE,3469,"{'A': 600, 'T': 120, 'x': 0.1, 'mode': -1, 'tf': 0, 'k': 0.2, 'stop': 0, 'R': 1.0, 'hold': 240}",419,46.1,0.862,-3113,270,44.1,0.736,-5671,254,43.3,0.724,-5807
NQ_DRIVE,3470,"{'A': 600, 'T': 120, 'x': 0.1, 'mode': -1, 'tf': 0, 'k': 0.2, 'stop': 0, 'R': 2.0, 'hold': 240}",419,32.7,0.887,-3116,270,31.5,0.793,-5344,254,31.9,0.805,-4865
NQ_DRIVE,3471,"{'A': 600, 'T': 120, 'x': 0.1, 'mode': -1, 'tf': 0, 'k': 0.35, 'stop': 0, 'R': 0.5, 'hold': 240}",421,64.4,0.994,-144,270,59.6,0.785,-5194,254,60.2,0.796,-4723
NQ_DRIVE,3480,"{'A': 600, 'T': 120, 'x': 0.2, 'mode': 1, 'tf': 0, 'k': 0.2, 'stop': 0, 'R': 0.5, 'hold': 240}",145,65.5,0.826,-945,103,71.8,1.215,893,93,72.0,1.262,1001
NQ_DRIVE,3481,"{'A': 600, 'T': 120, 'x': 0.2, 'mode': 1, 'tf': 0, 'k': 0.2, 'stop': 0, 'R': 1.0, 'hold': 240}",145,51.7,0.945,-419,103,55.3,1.241,1547,93,55.9,1.296,1742
NQ_DRIVE,3482,"{'A': 600, 'T': 120, 'x': 0.2, 'mode': 1, 'tf': 0, 'k': 0.2, 'stop': 0, 'R': 2.0, 'hold': 240}",145,31.7,0.766,-2377,103,36.9,1.088,811,93,36.6,1.146,1213
NQ_DRIVE,3483,"{'A': 600, 'T': 120, 'x': 0.2, 'mode': 1, 'tf': 0, 'k': 0.35, 'stop': 0, 'R': 0.5, 'hold': 240}",145,64.8,0.827,-1628,103,74.8,1.549,3296,93,73.1,1.434,2586
NQ_DRIVE,3484,"{'A': 600, 'T': 120, 'x': 0.2, 'mode': 1, 'tf': 0, 'k': 0.35, 'stop': 0, 'R': 1.0, 'hold': 240}",145,49.7,0.87,-1637,103,51.5,1.06,659,93,49.5,1.04,417
NQ_DRIVE,3485,"{'A': 600, 'T': 120, 'x': 0.2, 'mode': 1, 'tf': 0, 'k': 0.35, 'stop': 0, 'R': 2.0, 'hold': 240}",145,41.4,0.753,-3638,103,39.8,1.03,378,93,38.7,1.009,110
NQ_DRIVE,3486,"{'A': 600, 'T': 120, 'x': 0.2, 'mode': 1, 'tf': 1, 'k': 0.2, 'stop': 0, 'R': 0.5, 'hold': 240}",77,63.6,0.726,-867,49,71.4,1.052,107,35,71.4,1.003,4
NQ_DRIVE,3487,"{'A': 600, 'T': 120, 'x': 0.2, 'mode': 1, 'tf': 1, 'k': 0.2, 'stop': 0, 'R': 1.0, 'hold': 240}",77,53.2,0.917,-345,49,53.1,1.07,217,35,51.4,0.95,-120
NQ_DRIVE,3476,"{'A': 600, 'T': 120, 'x': 0.1, 'mode': -1, 'tf': 1, 'k': 0.2, 'stop': 0, 'R': 2.0, 'hold': 240}",181,35.9,0.923,-905,111,27.9,0.617,-4455,108,30.6,0.691,-3435
NQ_DRIVE,3477,"{'A': 600, 'T': 120, 'x': 0.1, 'mode': -1, 'tf': 1, 'k': 0.35, 'stop': 0, 'R': 0.5, 'hold': 240}",182,64.8,0.943,-625,111,56.8,0.662,-3810,108,57.4,0.674,-3542
NQ_DRIVE,3478,"{'A': 600, 'T': 120, 'x': 0.1, 'mode': -1, 'tf': 1, 'k': 0.35, 'stop': 0, 'R': 1.0, 'hold': 240}",182,52.2,1.084,1186,111,43.2,0.715,-3945,108,44.4,0.71,-3869
NQ_DRIVE,3479,"{'A': 600, 'T': 120, 'x': 0.1, 'mode': -1, 'tf': 1, 'k': 0.35, 'stop': 0, 'R': 2.0, 'hold': 240}",182,46.2,1.102,1566,111,37.8,0.722,-4237,108,40.7,0.824,-2532
NQ_DRIVE,3488,"{'A': 600, 'T': 120, 'x': 0.2, 'mode': 1, 'tf': 1, 'k': 0.2, 'stop': 0, 'R': 2.0, 'hold': 240}",77,27.3,0.551,-2624,49,32.7,0.856,-668,35,25.7,0.654,-1219
NQ_DRIVE,3489,"{'A': 600, 'T': 120, 'x': 0.2, 'mode': 1, 'tf': 1, 'k': 0.35, 'stop': 0, 'R': 0.5, 'hold': 240}",77,66.2,0.772,-1206,49,73.5,1.305,954,35,71.4,1.066,176
NQ_DRIVE,3490,"{'A': 600, 'T': 120, 'x': 0.2, 'mode': 1, 'tf': 1, 'k': 0.35, 'stop': 0, 'R': 1.0, 'hold': 240}",77,46.8,0.678,-2332,49,49.0,0.946,-293,35,40.0,0.667,-1562
NQ_DRIVE,3491,"{'A': 600, 'T': 120, 'x': 0.2, 'mode': 1, 'tf': 1, 'k': 0.35, 'stop': 0, 'R': 2.0, 'hold': 240}",77,40.3,0.649,-2861,49,38.8,0.917,-525,35,34.3,0.717,-1465
NQ_DRIVE,3492,"{'A': 600, 'T': 120, 'x': 0.2, 'mode': -1, 'tf': 0, 'k': 0.2, 'stop': 0, 'R': 0.5, 'hold': 240}",145,69.7,1.144,627,103,67.0,0.947,-264,93,67.7,0.958,-193
NQ_DRIVE,3493,"{'A': 600, 'T': 120, 'x': 0.2, 'mode': -1, 'tf': 0, 'k': 0.2, 'stop': 0, 'R': 1.0, 'hold': 240}",145,48.3,0.954,-349,103,43.7,0.727,-2281,93,43.0,0.697,-2424
NQ_DRIVE,3494,"{'A': 600, 'T': 120, 'x': 0.2, 'mode': -1, 'tf': 0, 'k': 0.2, 'stop': 0, 'R': 2.0, 'hold': 240}",145,33.8,1.007,70,103,30.1,0.713,-2950,93,31.2,0.735,-2575
NQ_DRIVE,3495,"{'A': 600, 'T': 120, 'x': 0.2, 'mode': -1, 'tf': 0, 'k': 0.35, 'stop': 0, 'R': 0.5, 'hold': 240}",145,66.9,1.035,280,103,63.1,0.916,-746,93,64.5,0.905,-785
NQ_DRIVE,3472,"{'A': 600, 'T': 120, 'x': 0.1, 'mode': -1, 'tf': 0, 'k': 0.35, 'stop': 0, 'R': 1.0, 'hold': 240}",421,50.4,1.085,2630,270,45.6,0.831,-5258,254,46.5,0.828,-5129
NQ_DRIVE,3473,"{'A': 600, 'T': 120, 'x': 0.1, 'mode': -1, 'tf': 0, 'k': 0.35, 'stop': 0, 'R': 2.0, 'hold': 240}",421,43.7,1.128,4341,270,42.6,1.05,1659,254,43.7,1.063,1966
NQ_DRIVE,3474,"{'A': 600, 'T': 120, 'x': 0.1, 'mode': -1, 'tf': 1, 'k': 0.2, 'stop': 0, 'R': 0.5, 'hold': 240}",181,67.4,0.939,-385,111,59.5,0.648,-2391,108,60.2,0.674,-2130
NQ_DRIVE,3475,"{'A': 600, 'T': 120, 'x': 0.1, 'mode': -1, 'tf': 1, 'k': 0.2, 'stop': 0, 'R': 1.0, 'hold': 240}",181,49.7,0.913,-829,111,41.4,0.644,-3419,108,40.7,0.628,-3572
NQ_DRIVE,3500,"{'A': 600, 'T': 120, 'x': 0.2, 'mode': -1, 'tf': 1, 'k': 0.2, 'stop': 0, 'R': 2.0, 'hold': 240}",65,35.4,0.959,-177,51,29.4,0.635,-1969,46,34.8,0.757,-1192
NQ_DRIVE,3501,"{'A': 600, 'T': 120, 'x': 0.2, 'mode': -1, 'tf': 1, 'k': 0.35, 'stop': 0, 'R': 0.5, 'hold': 240}",65,61.5,0.76,-1072,51,58.8,0.743,-1332,46,58.7,0.671,-1685
NQ_DRIVE,3502,"{'A': 600, 'T': 120, 'x': 0.2, 'mode': -1, 'tf': 1, 'k': 0.35, 'stop': 0, 'R': 1.0, 'hold': 240}",65,46.2,0.808,-1174,51,47.1,0.837,-1008,46,50.0,0.839,-952
NQ_DRIVE,3503,"{'A': 600, 'T': 120, 'x': 0.2, 'mode': -1, 'tf': 1, 'k': 0.35, 'stop': 0, 'R': 2.0, 'hold': 240}",65,41.5,0.963,-245,51,41.2,0.836,-1131,46,45.7,0.972,-183
NQ_DRIVE,3496,"{'A': 600, 'T': 120, 'x': 0.2, 'mode': -1, 'tf': 0, 'k': 0.35, 'stop': 0, 'R': 1.0, 'hold': 240}",145,49.7,1.052,599,103,48.5,0.898,-1215,93,50.5,0.918,-919
NQ_DRIVE,3497,"{'A': 600, 'T': 120, 'x': 0.2, 'mode': -1, 'tf': 0, 'k': 0.35, 'stop': 0, 'R': 2.0, 'hold': 240}",145,41.4,1.014,183,103,43.7,1.066,868,93,45.2,1.111,1384
NQ_DRIVE,3498,"{'A': 600, 'T': 120, 'x': 0.2, 'mode': -1, 'tf': 1, 'k': 0.2, 'stop': 0, 'R': 0.5, 'hold': 240}",65,67.7,0.989,-23,51,60.8,0.71,-896,46,60.9,0.667,-993
NQ_DRIVE,3499,"{'A': 600, 'T': 120, 'x': 0.2, 'mode': -1, 'tf': 1, 'k': 0.2, 'stop': 0, 'R': 1.0, 'hold': 240}",65,49.2,0.898,-350,51,41.2,0.639,-1668,46,41.3,0.594,-1802
NQ_DRIVE,3508,"{'A': 600, 'T': 120, 'x': 0.35, 'mode': 1, 'tf': 0, 'k': 0.35, 'stop': 0, 'R': 1.0, 'hold': 240}",31,48.4,0.743,-752,25,68.0,1.994,2136,22,68.2,2.051,2128
NQ_DRIVE,3509,"{'A': 600, 'T': 120, 'x': 0.35, 'mode': 1, 'tf': 0, 'k': 0.35, 'stop': 0, 'R': 2.0, 'hold': 240}",31,38.7,0.703,-1008,25,48.0,1.249,681,22,50.0,1.224,583
NQ_DRIVE,3510,"{'A': 600, 'T': 120, 'x': 0.35, 'mode': 1, 'tf': 1, 'k': 0.2, 'stop': 0, 'R': 0.5, 'hold': 240}",12,41.7,,-668,13,69.2,,-48,8,75.0,,47
NQ_DRIVE,3511,"{'A': 600, 'T': 120, 'x': 0.35, 'mode': 1, 'tf': 1, 'k': 0.2, 'stop': 0, 'R': 1.0, 'hold': 240}",12,33.3,,-677,13,53.8,,150,8,62.5,,205
NQ_DRIVE,3504,"{'A': 600, 'T': 120, 'x': 0.35, 'mode': 1, 'tf': 0, 'k': 0.2, 'stop': 0, 'R': 0.5, 'hold': 240}",31,61.3,0.606,-544,25,72.0,1.345,339,22,77.3,1.609,510
NQ_DRIVE,3505,"{'A': 600, 'T': 120, 'x': 0.35, 'mode': 1, 'tf': 0, 'k': 0.2, 'stop': 0, 'R': 1.0, 'hold': 240}",31,41.9,0.564,-875,25,60.0,1.672,932,22,68.2,2.061,1238
NQ_DRIVE,3506,"{'A': 600, 'T': 120, 'x': 0.35, 'mode': 1, 'tf': 0, 'k': 0.2, 'stop': 0, 'R': 2.0, 'hold': 240}",31,32.3,0.703,-678,25,44.0,1.614,1299,22,50.0,1.868,1613
NQ_DRIVE,3507,"{'A': 600, 'T': 120, 'x': 0.35, 'mode': 1, 'tf': 0, 'k': 0.35, 'stop': 0, 'R': 0.5, 'hold': 240}",31,54.8,0.504,-1345,25,76.0,1.555,875,22,77.3,1.646,935
NQ_DRIVE,3516,"{'A': 600, 'T': 120, 'x': 0.35, 'mode': -1, 'tf': 0, 'k': 0.2, 'stop': 0, 'R': 0.5, 'hold': 240}",31,83.9,2.626,781,25,72.0,1.222,237,22,68.2,1.073,84
NQ_DRIVE,3517,"{'A': 600, 'T': 120, 'x': 0.35, 'mode': -1, 'tf': 0, 'k': 0.2, 'stop': 0, 'R': 1.0, 'hold': 240}",31,58.1,1.592,711,25,40.0,0.556,-1064,22,31.8,0.455,-1355
NQ_DRIVE,3518,"{'A': 600, 'T': 120, 'x': 0.35, 'mode': -1, 'tf': 0, 'k': 0.2, 'stop': 0, 'R': 2.0, 'hold': 240}",31,41.9,1.607,973,25,20.0,0.473,-1608,22,18.2,0.434,-1689
NQ_DRIVE,3519,"{'A': 600, 'T': 120, 'x': 0.35, 'mode': -1, 'tf': 0, 'k': 0.35, 'stop': 0, 'R': 0.5, 'hold': 240}",31,71.0,1.332,486,25,60.0,0.713,-781,22,54.5,0.629,-1023
NQ_DRIVE,3512,"{'A': 600, 'T': 120, 'x': 0.35, 'mode': 1, 'tf': 1, 'k': 0.2, 'stop': 0, 'R': 2.0, 'hold': 240}",12,25.0,,-549,13,30.8,,-255,8,37.5,,-70
NQ_DRIVE,3513,"{'A': 600, 'T': 120, 'x': 0.35, 'mode': 1, 'tf': 1, 'k': 0.35, 'stop': 0, 'R': 0.5, 'hold': 240}",12,41.7,,-1147,13,76.9,,426,8,75.0,,91
NQ_DRIVE,3514,"{'A': 600, 'T': 120, 'x': 0.35, 'mode': 1, 'tf': 1, 'k': 0.35, 'stop': 0, 'R': 1.0, 'hold': 240}",12,33.3,,-966,13,69.2,,1099,8,62.5,,356
NQ_DRIVE,3515,"{'A': 600, 'T': 120, 'x': 0.35, 'mode': 1, 'tf': 1, 'k': 0.35, 'stop': 0, 'R': 2.0, 'hold': 240}",12,16.7,,-1261,13,46.2,,-448,8,50.0,,-471
NQ_DRIVE,3520,"{'A': 600, 'T': 120, 'x': 0.35, 'mode': -1, 'tf': 0, 'k': 0.35, 'stop': 0, 'R': 1.0, 'hold': 240}",31,51.6,1.26,587,25,32.0,0.482,-2269,22,31.8,0.47,-2246
NQ_DRIVE,3521,"{'A': 600, 'T': 120, 'x': 0.35, 'mode': -1, 'tf': 0, 'k': 0.35, 'stop': 0, 'R': 2.0, 'hold': 240}",31,41.9,1.149,386,25,28.0,0.64,-1602,22,27.3,0.643,-1542
NQ_DRIVE,3522,"{'A': 600, 'T': 120, 'x': 0.35, 'mode': -1, 'tf': 1, 'k': 0.2, 'stop': 0, 'R': 0.5, 'hold': 240}",18,83.3,,367,11,63.6,,-186,8,50.0,,-346
NQ_DRIVE,3523,"{'A': 600, 'T': 120, 'x': 0.35, 'mode': -1, 'tf': 1, 'k': 0.2, 'stop': 0, 'R': 1.0, 'hold': 240}",18,50.0,,20,11,36.4,,-712,8,25.0,,-850
NQ_DRIVE,3524,"{'A': 600, 'T': 120, 'x': 0.35, 'mode': -1, 'tf': 1, 'k': 0.2, 'stop': 0, 'R': 2.0, 'hold': 240}",18,33.3,,44,11,18.2,,-933,8,25.0,,-608
NQ_DRIVE,3525,"{'A': 600, 'T': 120, 'x': 0.35, 'mode': -1, 'tf': 1, 'k': 0.35, 'stop': 0, 'R': 0.5, 'hold': 240}",18,61.1,,-188,11,45.5,,-1190,8,37.5,,-1232
NQ_DRIVE,3526,"{'A': 600, 'T': 120, 'x': 0.35, 'mode': -1, 'tf': 1, 'k': 0.35, 'stop': 0, 'R': 1.0, 'hold': 240}",18,38.9,,-453,11,36.4,,-871,8,37.5,,-872
NQ_DRIVE,3527,"{'A': 600, 'T': 120, 'x': 0.35, 'mode': -1, 'tf': 1, 'k': 0.35, 'stop': 0, 'R': 2.0, 'hold': 240}",18,38.9,,-238,11,27.3,,-1073,8,37.5,,-533
NQ_DRIVE,3536,"{'A': 600, 'T': 240, 'x': 0.1, 'mode': 1, 'tf': 1, 'k': 0.2, 'stop': 0, 'R': 2.0, 'hold': 240}",370,41.9,1.115,2440,239,42.7,1.157,2975,195,42.6,1.255,3954
NQ_DRIVE,3537,"{'A': 600, 'T': 240, 'x': 0.1, 'mode': 1, 'tf': 1, 'k': 0.35, 'stop': 0, 'R': 0.5, 'hold': 240}",370,67.0,1.094,1734,239,65.7,0.971,-540,196,64.8,0.976,-375
NQ_DRIVE,3538,"{'A': 600, 'T': 240, 'x': 0.1, 'mode': 1, 'tf': 1, 'k': 0.35, 'stop': 0, 'R': 1.0, 'hold': 240}",370,53.0,1.043,1104,239,56.5,1.094,2154,196,54.6,1.075,1499
NQ_DRIVE,3539,"{'A': 600, 'T': 240, 'x': 0.1, 'mode': 1, 'tf': 1, 'k': 0.35, 'stop': 0, 'R': 2.0, 'hold': 240}",370,50.3,1.172,4631,239,49.8,1.047,1209,196,48.0,1.001,32
NQ_DRIVE,3532,"{'A': 600, 'T': 240, 'x': 0.1, 'mode': 1, 'tf': 0, 'k': 0.35, 'stop': 0, 'R': 1.0, 'hold': 240}",741,50.9,0.97,-1620,514,52.3,0.974,-1387,491,50.9,0.967,-1724
NQ_DRIVE,3533,"{'A': 600, 'T': 240, 'x': 0.1, 'mode': 1, 'tf': 0, 'k': 0.35, 'stop': 0, 'R': 2.0, 'hold': 240}",741,47.5,1.049,2863,514,46.7,0.971,-1665,491,45.6,0.963,-2093
NQ_DRIVE,3534,"{'A': 600, 'T': 240, 'x': 0.1, 'mode': 1, 'tf': 1, 'k': 0.2, 'stop': 0, 'R': 0.5, 'hold': 240}",370,66.8,0.939,-771,239,64.4,0.889,-1327,194,64.4,0.913,-859
NQ_DRIVE,3535,"{'A': 600, 'T': 240, 'x': 0.1, 'mode': 1, 'tf': 1, 'k': 0.2, 'stop': 0, 'R': 1.0, 'hold': 240}",370,53.8,1.093,1589,239,54.8,1.17,2551,195,53.8,1.181,2269
NQ_DRIVE,3556,"{'A': 600, 'T': 240, 'x': 0.2, 'mode': 1, 'tf': 0, 'k': 0.35, 'stop': 0, 'R': 1.0, 'hold': 240}",531,51.2,0.992,-311,374,54.3,1.049,1870,353,53.3,1.046,1686
NQ_DRIVE,3557,"{'A': 600, 'T': 240, 'x': 0.2, 'mode': 1, 'tf': 0, 'k': 0.35, 'stop': 0, 'R': 2.0, 'hold': 240}",531,47.8,1.054,2262,374,47.6,0.989,-461,353,47.0,1.005,200
NQ_DRIVE,3558,"{'A': 600, 'T': 240, 'x': 0.2, 'mode': 1, 'tf': 1, 'k': 0.2, 'stop': 0, 'R': 0.5, 'hold': 240}",277,68.2,0.992,-75,173,62.4,0.77,-2226,141,64.5,0.842,-1209
NQ_DRIVE,3559,"{'A': 600, 'T': 240, 'x': 0.2, 'mode': 1, 'tf': 1, 'k': 0.2, 'stop': 0, 'R': 1.0, 'hold': 240}",277,53.8,1.093,1181,173,53.2,1.095,1096,141,54.6,1.157,1461
NQ_DRIVE,3548,"{'A': 600, 'T': 240, 'x': 0.1, 'mode': -1, 'tf': 1, 'k': 0.2, 'stop': 0, 'R': 2.0, 'hold': 240}",338,38.8,1.134,2783,258,36.0,1.008,181,230,36.5,0.997,-51
NQ_DRIVE,3549,"{'A': 600, 'T': 240, 'x': 0.1, 'mode': -1, 'tf': 1, 'k': 0.35, 'stop': 0, 'R': 0.5, 'hold': 240}",338,63.9,0.974,-495,258,64.7,0.975,-512,230,67.4,1.074,1291
NQ_DRIVE,3550,"{'A': 600, 'T': 240, 'x': 0.1, 'mode': -1, 'tf': 1, 'k': 0.35, 'stop': 0, 'R': 1.0, 'hold': 240}",338,50.9,1.074,1841,258,50.4,1.048,1250,230,53.5,1.152,3415
NQ_DRIVE,3551,"{'A': 600, 'T': 240, 'x': 0.1, 'mode': -1, 'tf': 1, 'k': 0.35, 'stop': 0, 'R': 2.0, 'hold': 240}",338,45.9,1.087,2331,258,43.8,0.857,-4104,230,44.8,0.864,-3498
NQ_DRIVE,3552,"{'A': 600, 'T': 240, 'x': 0.2, 'mode': 1, 'tf': 0, 'k': 0.2, 'stop': 0, 'R': 0.5, 'hold': 240}",531,67.6,0.96,-722,374,62.0,0.782,-4491,352,63.4,0.848,-2880
NQ_DRIVE,3553,"{'A': 600, 'T': 240, 'x': 0.2, 'mode': 1, 'tf': 0, 'k': 0.2, 'stop': 0, 'R': 1.0, 'hold': 240}",531,52.5,1.017,448,374,50.8,0.96,-1060,352,52.8,1.054,1309
NQ_DRIVE,3554,"{'A': 600, 'T': 240, 'x': 0.2, 'mode': 1, 'tf': 0, 'k': 0.2, 'stop': 0, 'R': 2.0, 'hold': 240}",531,40.3,1.067,2139,374,37.4,0.987,-421,352,38.4,1.034,1032
NQ_DRIVE,3555,"{'A': 600, 'T': 240, 'x': 0.2, 'mode': 1, 'tf': 0, 'k': 0.35, 'stop': 0, 'R': 0.5, 'hold': 240}",531,65.3,0.968,-945,374,65.2,0.894,-3297,353,65.4,0.936,-1875
NQ_DRIVE,3560,"{'A': 600, 'T': 240, 'x': 0.2, 'mode': 1, 'tf': 1, 'k': 0.2, 'stop': 0, 'R': 2.0, 'hold': 240}",277,41.9,1.109,1731,173,42.8,1.284,3896,141,44.7,1.424,4663
NQ_DRIVE,3561,"{'A': 600, 'T': 240, 'x': 0.2, 'mode': 1, 'tf': 1, 'k': 0.35, 'stop': 0, 'R': 0.5, 'hold': 240}",277,67.5,1.129,1718,173,64.2,0.881,-1764,142,65.5,0.962,-450
NQ_DRIVE,3562,"{'A': 600, 'T': 240, 'x': 0.2, 'mode': 1, 'tf': 1, 'k': 0.35, 'stop': 0, 'R': 1.0, 'hold': 240}",277,53.1,1.076,1437,173,57.8,1.246,4010,142,57.0,1.24,3305
NQ_DRIVE,3563,"{'A': 600, 'T': 240, 'x': 0.2, 'mode': 1, 'tf': 1, 'k': 0.35, 'stop': 0, 'R': 2.0, 'hold': 240}",277,50.5,1.195,3906,173,49.7,1.116,2202,142,49.3,1.059,947
NQ_DRIVE,3544,"{'A': 600, 'T': 240, 'x': 0.1, 'mode': -1, 'tf': 0, 'k': 0.35, 'stop': 0, 'R': 1.0, 'hold': 240}",741,48.0,0.955,-2463,514,46.5,0.958,-2219,491,47.9,0.971,-1517
NQ_DRIVE,3545,"{'A': 600, 'T': 240, 'x': 0.1, 'mode': -1, 'tf': 0, 'k': 0.35, 'stop': 0, 'R': 2.0, 'hold': 240}",741,43.3,0.995,-321,514,40.9,0.865,-7929,491,42.0,0.872,-7369
NQ_DRIVE,3546,"{'A': 600, 'T': 240, 'x': 0.1, 'mode': -1, 'tf': 1, 'k': 0.2, 'stop': 0, 'R': 0.5, 'hold': 240}",338,64.5,0.897,-1286,258,63.6,0.871,-1720,229,65.1,0.901,-1172
NQ_DRIVE,3547,"{'A': 600, 'T': 240, 'x': 0.1, 'mode': -1, 'tf': 1, 'k': 0.2, 'stop': 0, 'R': 1.0, 'hold': 240}",338,50.0,1.02,341,258,51.2,1.061,1049,230,52.2,1.079,1241
NQ_DRIVE,3460,"{'A': 600, 'T': 120, 'x': 0.1, 'mode': 1, 'tf': 0, 'k': 0.35, 'stop': 0, 'R': 1.0, 'hold': 240}",421,49.2,0.851,-5163,270,54.4,1.144,3796,254,53.1,1.148,3751
NQ_DRIVE,3461,"{'A': 600, 'T': 120, 'x': 0.1, 'mode': 1, 'tf': 0, 'k': 0.35, 'stop': 0, 'R': 2.0, 'hold': 240}",421,41.3,0.831,-6612,270,45.9,1.166,4894,254,45.7,1.2,5636
NQ_DRIVE,3462,"{'A': 600, 'T': 120, 'x': 0.1, 'mode': 1, 'tf': 1, 'k': 0.2, 'stop': 0, 'R': 0.5, 'hold': 240}",227,67.8,0.887,-910,152,65.1,0.884,-859,118,63.6,0.834,-1059
NQ_DRIVE,3463,"{'A': 600, 'T': 120, 'x': 0.1, 'mode': 1, 'tf': 1, 'k': 0.2, 'stop': 0, 'R': 1.0, 'hold': 240}",227,57.3,1.104,1109,152,53.9,1.135,1289,118,51.7,1.032,259
NQ_DRIVE,3564,"{'A': 600, 'T': 240, 'x': 0.2, 'mode': -1, 'tf': 0, 'k': 0.2, 'stop': 0, 'R': 0.5, 'hold': 240}",531,61.4,0.79,-4394,374,64.7,0.917,-1550,351,63.8,0.881,-2205
NQ_DRIVE,3565,"{'A': 600, 'T': 240, 'x': 0.2, 'mode': -1, 'tf': 0, 'k': 0.2, 'stop': 0, 'R': 1.0, 'hold': 240}",531,46.5,0.872,-3613,374,47.3,0.918,-2218,352,46.6,0.869,-3478
NQ_DRIVE,3566,"{'A': 600, 'T': 240, 'x': 0.2, 'mode': -1, 'tf': 0, 'k': 0.2, 'stop': 0, 'R': 2.0, 'hold': 240}",531,36.2,1.008,266,374,32.9,0.931,-2309,353,32.6,0.866,-4391
NQ_DRIVE,3567,"{'A': 600, 'T': 240, 'x': 0.2, 'mode': -1, 'tf': 0, 'k': 0.35, 'stop': 0, 'R': 0.5, 'hold': 240}",531,62.1,0.895,-3330,374,60.7,0.862,-4441,352,61.1,0.859,-4333
NQ_DRIVE,3568,"{'A': 600, 'T': 240, 'x': 0.2, 'mode': -1, 'tf': 0, 'k': 0.35, 'stop': 0, 'R': 1.0, 'hold': 240}",531,47.8,0.943,-2330,374,44.7,0.898,-4231,353,46.2,0.91,-3550
NQ_DRIVE,3569,"{'A': 600, 'T': 240, 'x': 0.2, 'mode': -1, 'tf': 0, 'k': 0.35, 'stop': 0, 'R': 2.0, 'hold': 240}",531,43.1,1.009,400,374,38.5,0.785,-9745,353,39.7,0.788,-9174
NQ_DRIVE,3570,"{'A': 600, 'T': 240, 'x': 0.2, 'mode': -1, 'tf': 1, 'k': 0.2, 'stop': 0, 'R': 0.5, 'hold': 240}",237,63.3,0.829,-1601,188,64.9,0.927,-662,166,65.7,0.943,-468
NQ_DRIVE,3571,"{'A': 600, 'T': 240, 'x': 0.2, 'mode': -1, 'tf': 1, 'k': 0.2, 'stop': 0, 'R': 1.0, 'hold': 240}",237,48.5,0.959,-508,188,51.1,1.091,1114,167,52.1,1.102,1144
NQ_DRIVE,3576,"{'A': 600, 'T': 240, 'x': 0.35, 'mode': 1, 'tf': 0, 'k': 0.2, 'stop': 0, 'R': 0.5, 'hold': 240}",268,70.5,1.094,773,213,65.3,0.876,-1345,198,66.7,0.947,-527
NQ_DRIVE,3577,"{'A': 600, 'T': 240, 'x': 0.35, 'mode': 1, 'tf': 0, 'k': 0.2, 'stop': 0, 'R': 1.0, 'hold': 240}",268,56.7,1.204,2412,213,53.1,1.025,353,198,55.1,1.111,1462
NQ_DRIVE,3578,"{'A': 600, 'T': 240, 'x': 0.35, 'mode': 1, 'tf': 0, 'k': 0.2, 'stop': 0, 'R': 2.0, 'hold': 240}",268,41.8,1.225,3419,213,41.3,1.175,3059,198,42.4,1.237,3859
NQ_DRIVE,3579,"{'A': 600, 'T': 240, 'x': 0.35, 'mode': 1, 'tf': 0, 'k': 0.35, 'stop': 0, 'R': 0.5, 'hold': 240}",268,67.9,1.052,731,213,66.7,0.916,-1438,199,66.8,0.974,-409
NQ_DRIVE,3572,"{'A': 600, 'T': 240, 'x': 0.2, 'mode': -1, 'tf': 1, 'k': 0.2, 'stop': 0, 'R': 2.0, 'hold': 240}",237,38.8,1.161,2371,188,34.0,0.963,-585,167,34.1,0.93,-1038
NQ_DRIVE,3573,"{'A': 600, 'T': 240, 'x': 0.2, 'mode': -1, 'tf': 1, 'k': 0.35, 'stop': 0, 'R': 0.5, 'hold': 240}",237,64.1,0.94,-852,188,64.9,1.011,155,167,67.7,1.088,1108
NQ_DRIVE,3574,"{'A': 600, 'T': 240, 'x': 0.2, 'mode': -1, 'tf': 1, 'k': 0.35, 'stop': 0, 'R': 1.0, 'hold': 240}",237,50.2,1.034,632,188,48.4,1.066,1248,167,52.7,1.161,2669
NQ_DRIVE,3575,"{'A': 600, 'T': 240, 'x': 0.2, 'mode': -1, 'tf': 1, 'k': 0.35, 'stop': 0, 'R': 2.0, 'hold': 240}",237,44.7,1.023,461,188,41.0,0.851,-3139,167,43.1,0.86,-2648
NQ_DRIVE,3580,"{'A': 600, 'T': 240, 'x': 0.35, 'mode': 1, 'tf': 0, 'k': 0.35, 'stop': 0, 'R': 1.0, 'hold': 240}",268,54.1,1.122,2263,213,57.7,1.165,3356,199,57.3,1.195,3759
NQ_DRIVE,3581,"{'A': 600, 'T': 240, 'x': 0.35, 'mode': 1, 'tf': 0, 'k': 0.35, 'stop': 0, 'R': 2.0, 'hold': 240}",268,49.3,1.187,3843,213,50.7,1.103,2408,199,50.8,1.143,3186
NQ_DRIVE,3582,"{'A': 600, 'T': 240, 'x': 0.35, 'mode': 1, 'tf': 1, 'k': 0.2, 'stop': 0, 'R': 0.5, 'hold': 240}",146,68.5,0.975,-119,101,68.3,0.98,-98,77,70.1,1.029,105
NQ_DRIVE,3583,"{'A': 600, 'T': 240, 'x': 0.35, 'mode': 1, 'tf': 1, 'k': 0.2, 'stop': 0, 'R': 1.0, 'hold': 240}",146,56.2,1.195,1222,101,57.4,1.328,2027,77,57.1,1.255,1250
NQ_DRIVE,3588,"{'A': 600, 'T': 240, 'x': 0.35, 'mode': -1, 'tf': 0, 'k': 0.2, 'stop': 0, 'R': 0.5, 'hold': 240}",268,59.0,0.734,-2927,213,63.4,0.894,-1138,198,61.6,0.848,-1611
NQ_DRIVE,3589,"{'A': 600, 'T': 240, 'x': 0.35, 'mode': -1, 'tf': 0, 'k': 0.2, 'stop': 0, 'R': 1.0, 'hold': 240}",268,42.5,0.743,-3915,213,46.0,0.875,-1944,198,44.4,0.828,-2630
NQ_DRIVE,3590,"{'A': 600, 'T': 240, 'x': 0.35, 'mode': -1, 'tf': 0, 'k': 0.2, 'stop': 0, 'R': 2.0, 'hold': 240}",268,33.2,0.886,-1967,213,31.0,0.93,-1318,199,30.7,0.876,-2268
NQ_DRIVE,3591,"{'A': 600, 'T': 240, 'x': 0.35, 'mode': -1, 'tf': 0, 'k': 0.35, 'stop': 0, 'R': 0.5, 'hold': 240}",268,60.1,0.785,-3709,213,57.3,0.72,-5671,198,57.1,0.71,-5662
NQ_DRIVE,3584,"{'A': 600, 'T': 240, 'x': 0.35, 'mode': 1, 'tf': 1, 'k': 0.2, 'stop': 0, 'R': 2.0, 'hold': 240}",146,42.5,1.23,1828,101,47.5,1.587,4340,77,49.4,1.702,3922
NQ_DRIVE,3585,"{'A': 600, 'T': 240, 'x': 0.35, 'mode': 1, 'tf': 1, 'k': 0.35, 'stop': 0, 'R': 0.5, 'hold': 240}",146,65.8,0.95,-396,101,66.3,0.923,-645,78,65.4,0.915,-558
NQ_DRIVE,3586,"{'A': 600, 'T': 240, 'x': 0.35, 'mode': 1, 'tf': 1, 'k': 0.35, 'stop': 0, 'R': 1.0, 'hold': 240}",146,52.7,1.038,385,101,60.4,1.376,3435,78,57.7,1.253,1922
NQ_DRIVE,3587,"{'A': 600, 'T': 240, 'x': 0.35, 'mode': 1, 'tf': 1, 'k': 0.35, 'stop': 0, 'R': 2.0, 'hold': 240}",146,50.0,1.27,2938,101,51.5,1.249,2700,78,50.0,1.136,1206
NQ_DRIVE,3592,"{'A': 600, 'T': 240, 'x': 0.35, 'mode': -1, 'tf': 0, 'k': 0.35, 'stop': 0, 'R': 1.0, 'hold': 240}",268,45.9,0.84,-3473,213,41.3,0.814,-4511,199,41.7,0.798,-4783
NQ_DRIVE,3593,"{'A': 600, 'T': 240, 'x': 0.35, 'mode': -1, 'tf': 0, 'k': 0.35, 'stop': 0, 'R': 2.0, 'hold': 240}",268,41.4,0.933,-1539,213,34.3,0.77,-6182,199,34.7,0.761,-6246
NQ_DRIVE,3594,"{'A': 600, 'T': 240, 'x': 0.35, 'mode': -1, 'tf': 1, 'k': 0.2, 'stop': 0, 'R': 0.5, 'hold': 240}",116,57.8,0.636,-1888,105,66.7,1.096,416,97,68.0,1.128,542
NQ_DRIVE,3595,"{'A': 600, 'T': 240, 'x': 0.35, 'mode': -1, 'tf': 1, 'k': 0.2, 'stop': 0, 'R': 1.0, 'hold': 240}",116,42.2,0.741,-1759,105,52.4,1.249,1518,97,53.6,1.238,1443
NQ_DRIVE,3596,"{'A': 600, 'T': 240, 'x': 0.35, 'mode': -1, 'tf': 1, 'k': 0.2, 'stop': 0, 'R': 2.0, 'hold': 240}",116,31.0,0.806,-1561,105,33.3,1.038,320,97,34.0,1.023,193
NQ_DRIVE,3597,"{'A': 600, 'T': 240, 'x': 0.35, 'mode': -1, 'tf': 1, 'k': 0.35, 'stop': 0, 'R': 0.5, 'hold': 240}",116,59.5,0.766,-1820,105,63.8,0.971,-235,97,67.0,1.018,140
NQ_DRIVE,3598,"{'A': 600, 'T': 240, 'x': 0.35, 'mode': -1, 'tf': 1, 'k': 0.35, 'stop': 0, 'R': 1.0, 'hold': 240}",116,44.0,0.775,-2289,105,45.7,1.038,393,97,49.5,1.096,956
NQ_DRIVE,3599,"{'A': 600, 'T': 240, 'x': 0.35, 'mode': -1, 'tf': 1, 'k': 0.35, 'stop': 0, 'R': 2.0, 'hold': 240}",116,38.8,0.821,-1931,105,36.2,0.844,-1849,97,38.1,0.823,-2063
NQ_DRIVE,3600,"{'A': 700, 'T': 15, 'x': 0.1, 'mode': 1, 'tf': 0, 'k': 0.2, 'stop': 0, 'R': 0.5, 'hold': 240}",96,65.6,0.875,-418,77,75.3,1.361,1019,70,78.6,1.674,1495
NQ_DRIVE,3601,"{'A': 700, 'T': 15, 'x': 0.1, 'mode': 1, 'tf': 0, 'k': 0.2, 'stop': 0, 'R': 1.0, 'hold': 240}",96,50.0,0.962,-178,77,55.8,1.212,1022,70,55.7,1.193,866
NQ_DRIVE,3602,"{'A': 700, 'T': 15, 'x': 0.1, 'mode': 1, 'tf': 0, 'k': 0.2, 'stop': 0, 'R': 2.0, 'hold': 240}",96,33.3,0.927,-457,77,32.5,0.809,-1443,70,31.4,0.816,-1285
NQ_DRIVE,3603,"{'A': 700, 'T': 15, 'x': 0.1, 'mode': 1, 'tf': 0, 'k': 0.35, 'stop': 0, 'R': 0.5, 'hold': 240}",96,64.6,0.965,-185,77,71.4,1.425,1998,70,74.3,1.668,2588
NQ_DRIVE,3604,"{'A': 700, 'T': 15, 'x': 0.1, 'mode': 1, 'tf': 0, 'k': 0.35, 'stop': 0, 'R': 1.0, 'hold': 240}",96,50.0,0.915,-637,77,44.2,0.78,-2199,70,44.3,0.819,-1638
NQ_DRIVE,3605,"{'A': 700, 'T': 15, 'x': 0.1, 'mode': 1, 'tf': 0, 'k': 0.35, 'stop': 0, 'R': 2.0, 'hold': 240}",96,40.6,0.967,-284,77,39.0,0.775,-2473,70,38.6,0.84,-1608
NQ_DRIVE,3606,"{'A': 700, 'T': 15, 'x': 0.1, 'mode': 1, 'tf': 1, 'k': 0.2, 'stop': 0, 'R': 0.5, 'hold': 240}",59,57.6,0.655,-825,35,74.3,1.445,561,26,80.8,1.78,619
NQ_DRIVE,3607,"{'A': 700, 'T': 15, 'x': 0.1, 'mode': 1, 'tf': 1, 'k': 0.2, 'stop': 0, 'R': 1.0, 'hold': 240}",59,35.6,0.593,-1435,35,54.3,1.221,489,26,57.7,1.178,301
NQ_DRIVE,3608,"{'A': 700, 'T': 15, 'x': 0.1, 'mode': 1, 'tf': 1, 'k': 0.2, 'stop': 0, 'R': 2.0, 'hold': 240}",59,22.0,0.585,-1781,35,25.7,0.526,-1823,26,26.9,0.49,-1485
NQ_DRIVE,3609,"{'A': 700, 'T': 15, 'x': 0.1, 'mode': 1, 'tf': 1, 'k': 0.35, 'stop': 0, 'R': 0.5, 'hold': 240}",59,59.3,0.871,-432,35,68.6,1.387,865,26,76.9,1.782,1101
NQ_DRIVE,3610,"{'A': 700, 'T': 15, 'x': 0.1, 'mode': 1, 'tf': 1, 'k': 0.35, 'stop': 0, 'R': 1.0, 'hold': 240}",59,45.8,0.797,-930,35,34.3,0.521,-2595,26,38.5,0.588,-1614
NQ_DRIVE,3611,"{'A': 700, 'T': 15, 'x': 0.1, 'mode': 1, 'tf': 1, 'k': 0.35, 'stop': 0, 'R': 2.0, 'hold': 240}",59,44.1,1.091,429,35,28.6,0.459,-3174,26,30.8,0.522,-2090
NQ_DRIVE,3616,"{'A': 700, 'T': 15, 'x': 0.1, 'mode': -1, 'tf': 0, 'k': 0.35, 'stop': 0, 'R': 1.0, 'hold': 240}",96,49.0,1.017,119,77,55.8,1.224,1787,70,55.7,1.166,1264
NQ_DRIVE,3617,"{'A': 700, 'T': 15, 'x': 0.1, 'mode': -1, 'tf': 0, 'k': 0.35, 'stop': 0, 'R': 2.0, 'hold': 240}",96,37.5,0.91,-800,77,44.2,1.171,1581,70,45.7,1.181,1563
NQ_DRIVE,3618,"{'A': 700, 'T': 15, 'x': 0.1, 'mode': -1, 'tf': 1, 'k': 0.2, 'stop': 0, 'R': 0.5, 'hold': 240}",35,40.0,0.384,-1220,39,61.5,0.866,-258,32,62.5,0.811,-311
NQ_DRIVE,3619,"{'A': 700, 'T': 15, 'x': 0.1, 'mode': -1, 'tf': 1, 'k': 0.2, 'stop': 0, 'R': 1.0, 'hold': 240}",35,25.7,0.426,-1436,39,46.2,0.884,-330,32,50.0,0.905,-219
NQ_DRIVE,3620,"{'A': 700, 'T': 15, 'x': 0.1, 'mode': -1, 'tf': 1, 'k': 0.2, 'stop': 0, 'R': 2.0, 'hold': 240}",35,22.9,0.755,-613,39,33.3,0.899,-359,32,37.5,0.935,-185
NQ_DRIVE,3621,"{'A': 700, 'T': 15, 'x': 0.1, 'mode': -1, 'tf': 1, 'k': 0.35, 'stop': 0, 'R': 0.5, 'hold': 240}",35,42.9,0.461,-1726,39,61.5,0.877,-410,32,68.8,1.032,80
NQ_DRIVE,3622,"{'A': 700, 'T': 15, 'x': 0.1, 'mode': -1, 'tf': 1, 'k': 0.35, 'stop': 0, 'R': 1.0, 'hold': 240}",35,40.0,0.837,-522,39,51.3,1.026,115,32,59.4,1.246,791
NQ_DRIVE,3623,"{'A': 700, 'T': 15, 'x': 0.1, 'mode': -1, 'tf': 1, 'k': 0.35, 'stop': 0, 'R': 2.0, 'hold': 240}",35,31.4,0.877,-444,39,43.6,0.87,-636,32,59.4,1.408,1308
NQ_DRIVE,3612,"{'A': 700, 'T': 15, 'x': 0.1, 'mode': -1, 'tf': 0, 'k': 0.2, 'stop': 0, 'R': 0.5, 'hold': 240}",96,63.5,0.775,-802,77,63.6,0.842,-617,70,64.3,0.86,-496
NQ_DRIVE,3613,"{'A': 700, 'T': 15, 'x': 0.1, 'mode': -1, 'tf': 0, 'k': 0.2, 'stop': 0, 'R': 1.0, 'hold': 240}",96,50.0,0.931,-332,77,44.2,0.764,-1431,70,44.3,0.777,-1237
NQ_DRIVE,3614,"{'A': 700, 'T': 15, 'x': 0.1, 'mode': -1, 'tf': 0, 'k': 0.2, 'stop': 0, 'R': 2.0, 'hold': 240}",96,34.4,0.916,-501,77,29.9,0.711,-2217,70,28.6,0.685,-2253
NQ_DRIVE,3615,"{'A': 700, 'T': 15, 'x': 0.1, 'mode': -1, 'tf': 0, 'k': 0.35, 'stop': 0, 'R': 0.5, 'hold': 240}",96,64.6,0.908,-516,77,64.9,1.019,114,70,67.1,1.071,383
NQ_DRIVE,3528,"{'A': 600, 'T': 240, 'x': 0.1, 'mode': 1, 'tf': 0, 'k': 0.2, 'stop': 0, 'R': 0.5, 'hold': 240}",741,66.1,0.909,-2398,514,63.2,0.834,-4531,489,63.8,0.886,-2948
NQ_DRIVE,3529,"{'A': 600, 'T': 240, 'x': 0.1, 'mode': 1, 'tf': 0, 'k': 0.2, 'stop': 0, 'R': 1.0, 'hold': 240}",741,51.7,0.984,-572,514,51.4,1.002,57,490,52.4,1.084,2787
NQ_DRIVE,3530,"{'A': 600, 'T': 240, 'x': 0.1, 'mode': 1, 'tf': 0, 'k': 0.2, 'stop': 0, 'R': 2.0, 'hold': 240}",741,39.7,1.044,1970,514,37.7,0.968,-1414,490,37.8,1.001,49
NQ_DRIVE,3531,"{'A': 600, 'T': 240, 'x': 0.1, 'mode': 1, 'tf': 0, 'k': 0.35, 'stop': 0, 'R': 0.5, 'hold': 240}",741,64.9,0.962,-1580,514,64.8,0.916,-3496,491,64.2,0.936,-2600
NQ_DRIVE,3624,"{'A': 700, 'T': 15, 'x': 0.2, 'mode': 1, 'tf': 0, 'k': 0.2, 'stop': 0, 'R': 0.5, 'hold': 240}",9,44.4,,-309,6,100.0,,473,7,85.7,,348
NQ_DRIVE,3625,"{'A': 700, 'T': 15, 'x': 0.2, 'mode': 1, 'tf': 0, 'k': 0.2, 'stop': 0, 'R': 1.0, 'hold': 240}",9,33.3,,-296,6,50.0,,89,7,42.9,,-44
NQ_DRIVE,3626,"{'A': 700, 'T': 15, 'x': 0.2, 'mode': 1, 'tf': 0, 'k': 0.2, 'stop': 0, 'R': 2.0, 'hold': 240}",9,22.2,,-302,6,33.3,,-112,7,28.6,,-246
NQ_DRIVE,3627,"{'A': 700, 'T': 15, 'x': 0.2, 'mode': 1, 'tf': 0, 'k': 0.35, 'stop': 0, 'R': 0.5, 'hold': 240}",9,55.6,,-224,6,83.3,,556,7,71.4,,304
NQ_DRIVE,3628,"{'A': 700, 'T': 15, 'x': 0.2, 'mode': 1, 'tf': 0, 'k': 0.35, 'stop': 0, 'R': 1.0, 'hold': 240}",9,33.3,,-420,6,50.0,,-141,7,42.9,,-407
NQ_DRIVE,3629,"{'A': 700, 'T': 15, 'x': 0.2, 'mode': 1, 'tf': 0, 'k': 0.35, 'stop': 0, 'R': 2.0, 'hold': 240}",9,33.3,,-61,6,50.0,,304,7,42.9,,35
NQ_DRIVE,3630,"{'A': 700, 'T': 15, 'x': 0.2, 'mode': 1, 'tf': 1, 'k': 0.2, 'stop': 0, 'R': 0.5, 'hold': 240}",6,16.7,,-434,4,100.0,,356,3,100.0,,272
NQ_DRIVE,3631,"{'A': 700, 'T': 15, 'x': 0.2, 'mode': 1, 'tf': 1, 'k': 0.2, 'stop': 0, 'R': 1.0, 'hold': 240}",6,0.0,,-555,4,25.0,,-192,3,33.3,,-31
NQ_DRIVE,3632,"{'A': 700, 'T': 15, 'x': 0.2, 'mode': 1, 'tf': 1, 'k': 0.2, 'stop': 0, 'R': 2.0, 'hold': 240}",6,0.0,,-555,4,0.0,,-725,3,0.0,,-567
NQ_DRIVE,3633,"{'A': 700, 'T': 15, 'x': 0.2, 'mode': 1, 'tf': 1, 'k': 0.35, 'stop': 0, 'R': 0.5, 'hold': 240}",6,33.3,,-450,4,75.0,,316,3,66.7,,166
NQ_DRIVE,3634,"{'A': 700, 'T': 15, 'x': 0.2, 'mode': 1, 'tf': 1, 'k': 0.35, 'stop': 0, 'R': 1.0, 'hold': 240}",6,16.7,,-560,4,25.0,,-671,3,33.3,,-388
NQ_DRIVE,3635,"{'A': 700, 'T': 15, 'x': 0.2, 'mode': 1, 'tf': 1, 'k': 0.35, 'stop': 0, 'R': 2.0, 'hold': 240}",6,16.7,,-513,4,25.0,,-375,3,33.3,,-90
NQ_DRIVE,3636,"{'A': 700, 'T': 15, 'x': 0.2, 'mode': -1, 'tf': 0, 'k': 0.2, 'stop': 0, 'R': 0.5, 'hold': 240}",9,77.8,,154,6,66.7,,-137,7,71.4,,-95
NQ_DRIVE,3637,"{'A': 700, 'T': 15, 'x': 0.2, 'mode': -1, 'tf': 0, 'k': 0.2, 'stop': 0, 'R': 1.0, 'hold': 240}",9,66.7,,248,6,50.0,,-121,7,57.1,,7
NQ_DRIVE,3638,"{'A': 700, 'T': 15, 'x': 0.2, 'mode': -1, 'tf': 0, 'k': 0.2, 'stop': 0, 'R': 2.0, 'hold': 240}",9,33.3,,-38,6,16.7,,-564,7,28.6,,-267
NQ_DRIVE,3639,"{'A': 700, 'T': 15, 'x': 0.2, 'mode': -1, 'tf': 0, 'k': 0.35, 'stop': 0, 'R': 0.5, 'hold': 240}",9,77.8,,220,6,66.7,,73,7,71.4,,180
NQ_DRIVE,3640,"{'A': 700, 'T': 15, 'x': 0.2, 'mode': -1, 'tf': 0, 'k': 0.35, 'stop': 0, 'R': 1.0, 'hold': 240}",9,66.7,,373,6,50.0,,109,7,57.1,,369
NQ_DRIVE,3641,"{'A': 700, 'T': 15, 'x': 0.2, 'mode': -1, 'tf': 0, 'k': 0.35, 'stop': 0, 'R': 2.0, 'hold': 240}",9,33.3,,12,6,33.3,,139,7,42.9,,698
NQ_DRIVE,3642,"{'A': 700, 'T': 15, 'x': 0.2, 'mode': -1, 'tf': 1, 'k': 0.2, 'stop': 0, 'R': 0.5, 'hold': 240}",3,33.3,,-101,2,50.0,,-81,3,66.7,,-47
NQ_DRIVE,3643,"{'A': 700, 'T': 15, 'x': 0.2, 'mode': -1, 'tf': 1, 'k': 0.2, 'stop': 0, 'R': 1.0, 'hold': 240}",3,0.0,,-275,2,0.0,,-292,3,33.3,,-176
NQ_DRIVE,3648,"{'A': 700, 'T': 15, 'x': 0.35, 'mode': 1, 'tf': 0, 'k': 0.2, 'stop': 0, 'R': 0.5, 'hold': 240}",1,100.0,,57,1,100.0,,65,2,50.0,,-101
NQ_DRIVE,3649,"{'A': 700, 'T': 15, 'x': 0.35, 'mode': 1, 'tf': 0, 'k': 0.2, 'stop': 0, 'R': 1.0, 'hold': 240}",1,100.0,,115,1,100.0,,136,2,50.0,,-30
NQ_DRIVE,3650,"{'A': 700, 'T': 15, 'x': 0.35, 'mode': 1, 'tf': 0, 'k': 0.2, 'stop': 0, 'R': 2.0, 'hold': 240}",1,100.0,,231,1,100.0,,276,2,50.0,,112
NQ_DRIVE,3651,"{'A': 700, 'T': 15, 'x': 0.35, 'mode': 1, 'tf': 0, 'k': 0.35, 'stop': 0, 'R': 0.5, 'hold': 240}",1,100.0,,100,1,100.0,,118,2,50.0,,-176
NQ_DRIVE,3644,"{'A': 700, 'T': 15, 'x': 0.2, 'mode': -1, 'tf': 1, 'k': 0.2, 'stop': 0, 'R': 2.0, 'hold': 240}",3,0.0,,-275,2,0.0,,-292,3,33.3,,-6
NQ_DRIVE,3645,"{'A': 700, 'T': 15, 'x': 0.2, 'mode': -1, 'tf': 1, 'k': 0.35, 'stop': 0, 'R': 0.5, 'hold': 240}",3,33.3,,-236,2,0.0,,-541,3,33.3,,-448
NQ_DRIVE,3646,"{'A': 700, 'T': 15, 'x': 0.2, 'mode': -1, 'tf': 1, 'k': 0.35, 'stop': 0, 'R': 1.0, 'hold': 240}",3,33.3,,-156,2,0.0,,-541,3,33.3,,-299
NQ_DRIVE,3647,"{'A': 700, 'T': 15, 'x': 0.2, 'mode': -1, 'tf': 1, 'k': 0.35, 'stop': 0, 'R': 2.0, 'hold': 240}",3,0.0,,-478,2,0.0,,-541,3,33.3,,-1
NQ_DRIVE,3540,"{'A': 600, 'T': 240, 'x': 0.1, 'mode': -1, 'tf': 0, 'k': 0.2, 'stop': 0, 'R': 0.5, 'hold': 240}",741,62.1,0.813,-5328,514,63.0,0.863,-3669,488,61.9,0.804,-5365
NQ_DRIVE,3541,"{'A': 600, 'T': 240, 'x': 0.1, 'mode': -1, 'tf': 0, 'k': 0.2, 'stop': 0, 'R': 1.0, 'hold': 240}",741,47.4,0.902,-3801,514,47.1,0.897,-3834,490,46.7,0.854,-5438
NQ_DRIVE,3542,"{'A': 600, 'T': 240, 'x': 0.1, 'mode': -1, 'tf': 0, 'k': 0.2, 'stop': 0, 'R': 2.0, 'hold': 240}",741,35.6,0.956,-2050,514,33.9,0.939,-2721,491,34.0,0.9,-4489
NQ_DRIVE,3543,"{'A': 600, 'T': 240, 'x': 0.1, 'mode': -1, 'tf': 0, 'k': 0.35, 'stop': 0, 'R': 0.5, 'hold': 240}",741,61.9,0.899,-4368,514,61.3,0.902,-4156,490,61.8,0.89,-4543
NQ_DRIVE,3652,"{'A': 700, 'T': 15, 'x': 0.35, 'mode': 1, 'tf': 0, 'k': 0.35, 'stop': 0, 'R': 1.0, 'hold': 240}",1,100.0,,202,1,100.0,,241,2,50.0,,-51
NQ_DRIVE,3653,"{'A': 700, 'T': 15, 'x': 0.35, 'mode': 1, 'tf': 0, 'k': 0.35, 'stop': 0, 'R': 2.0, 'hold': 240}",1,100.0,,405,1,100.0,,56,2,50.0,,-244
NQ_DRIVE,3654,"{'A': 700, 'T': 15, 'x': 0.35, 'mode': 1, 'tf': 1, 'k': 0.2, 'stop': 0, 'R': 0.5, 'hold': 240}",0,,,0,0,,,0,0,,,0
NQ_DRIVE,3655,"{'A': 700, 'T': 15, 'x': 0.35, 'mode': 1, 'tf': 1, 'k': 0.2, 'stop': 0, 'R': 1.0, 'hold': 240}",0,,,0,0,,,0,0,,,0
NQ_DRIVE,3656,"{'A': 700, 'T': 15, 'x': 0.35, 'mode': 1, 'tf': 1, 'k': 0.2, 'stop': 0, 'R': 2.0, 'hold': 240}",0,,,0,0,,,0,0,,,0
NQ_DRIVE,3657,"{'A': 700, 'T': 15, 'x': 0.35, 'mode': 1, 'tf': 1, 'k': 0.35, 'stop': 0, 'R': 0.5, 'hold': 240}",0,,,0,0,,,0,0,,,0
NQ_DRIVE,3658,"{'A': 700, 'T': 15, 'x': 0.35, 'mode': 1, 'tf': 1, 'k': 0.35, 'stop': 0, 'R': 1.0, 'hold': 240}",0,,,0,0,,,0,0,,,0
NQ_DRIVE,3659,"{'A': 700, 'T': 15, 'x': 0.35, 'mode': 1, 'tf': 1, 'k': 0.35, 'stop': 0, 'R': 2.0, 'hold': 240}",0,,,0,0,,,0,0,,,0
NQ_DRIVE,3660,"{'A': 700, 'T': 15, 'x': 0.35, 'mode': -1, 'tf': 0, 'k': 0.2, 'stop': 0, 'R': 0.5, 'hold': 240}",1,100.0,,54,1,100.0,,70,2,100.0,,148
NQ_DRIVE,3661,"{'A': 700, 'T': 15, 'x': 0.35, 'mode': -1, 'tf': 0, 'k': 0.2, 'stop': 0, 'R': 1.0, 'hold': 240}",1,0.0,,-120,1,0.0,,-141,2,50.0,,20
NQ_DRIVE,3662,"{'A': 700, 'T': 15, 'x': 0.35, 'mode': -1, 'tf': 0, 'k': 0.2, 'stop': 0, 'R': 2.0, 'hold': 240}",1,0.0,,-120,1,0.0,,-141,2,50.0,,190
NQ_DRIVE,3663,"{'A': 700, 'T': 15, 'x': 0.35, 'mode': -1, 'tf': 0, 'k': 0.35, 'stop': 0, 'R': 0.5, 'hold': 240}",1,0.0,,-207,1,0.0,,-246,2,50.0,,-108
NQ_DRIVE,3664,"{'A': 700, 'T': 15, 'x': 0.35, 'mode': -1, 'tf': 0, 'k': 0.35, 'stop': 0, 'R': 1.0, 'hold': 240}",1,0.0,,-207,1,0.0,,-246,2,50.0,,41
NQ_DRIVE,3665,"{'A': 700, 'T': 15, 'x': 0.35, 'mode': -1, 'tf': 0, 'k': 0.35, 'stop': 0, 'R': 2.0, 'hold': 240}",1,0.0,,-207,1,0.0,,-246,2,50.0,,338
NQ_DRIVE,3666,"{'A': 700, 'T': 15, 'x': 0.35, 'mode': -1, 'tf': 1, 'k': 0.2, 'stop': 0, 'R': 0.5, 'hold': 240}",1,100.0,,54,1,100.0,,70,2,100.0,,148
NQ_DRIVE,3667,"{'A': 700, 'T': 15, 'x': 0.35, 'mode': -1, 'tf': 1, 'k': 0.2, 'stop': 0, 'R': 1.0, 'hold': 240}",1,0.0,,-120,1,0.0,,-141,2,50.0,,20
NQ_DRIVE,3668,"{'A': 700, 'T': 15, 'x': 0.35, 'mode': -1, 'tf': 1, 'k': 0.2, 'stop': 0, 'R': 2.0, 'hold': 240}",1,0.0,,-120,1,0.0,,-141,2,50.0,,190
NQ_DRIVE,3669,"{'A': 700, 'T': 15, 'x': 0.35, 'mode': -1, 'tf': 1, 'k': 0.35, 'stop': 0, 'R': 0.5, 'hold': 240}",1,0.0,,-207,1,0.0,,-246,2,50.0,,-108
NQ_DRIVE,3670,"{'A': 700, 'T': 15, 'x': 0.35, 'mode': -1, 'tf': 1, 'k': 0.35, 'stop': 0, 'R': 1.0, 'hold': 240}",1,0.0,,-207,1,0.0,,-246,2,50.0,,41
NQ_DRIVE,3671,"{'A': 700, 'T': 15, 'x': 0.35, 'mode': -1, 'tf': 1, 'k': 0.35, 'stop': 0, 'R': 2.0, 'hold': 240}",1,0.0,,-207,1,0.0,,-246,2,50.0,,338
NQ_DRIVE,3676,"{'A': 700, 'T': 30, 'x': 0.1, 'mode': 1, 'tf': 0, 'k': 0.35, 'stop': 0, 'R': 1.0, 'hold': 240}",200,48.0,0.902,-1650,123,52.0,1.071,982,121,52.1,1.076,1066
NQ_DRIVE,3677,"{'A': 700, 'T': 30, 'x': 0.1, 'mode': 1, 'tf': 0, 'k': 0.35, 'stop': 0, 'R': 2.0, 'hold': 240}",200,40.5,0.883,-2250,123,46.3,1.271,4113,121,46.3,1.304,4664
NQ_DRIVE,3678,"{'A': 700, 'T': 30, 'x': 0.1, 'mode': 1, 'tf': 1, 'k': 0.2, 'stop': 0, 'R': 0.5, 'hold': 240}",108,68.5,1.032,113,67,62.7,0.867,-488,57,66.7,1.008,24
NQ_DRIVE,3679,"{'A': 700, 'T': 30, 'x': 0.1, 'mode': 1, 'tf': 1, 'k': 0.2, 'stop': 0, 'R': 1.0, 'hold': 240}",108,48.1,0.918,-464,67,44.8,0.815,-1004,57,45.6,0.825,-823
NQ_DRIVE,3672,"{'A': 700, 'T': 30, 'x': 0.1, 'mode': 1, 'tf': 0, 'k': 0.2, 'stop': 0, 'R': 0.5, 'hold': 240}",199,71.9,1.189,1111,123,69.1,1.083,456,121,69.4,1.114,623
NQ_DRIVE,3673,"{'A': 700, 'T': 30, 'x': 0.1, 'mode': 1, 'tf': 0, 'k': 0.2, 'stop': 0, 'R': 1.0, 'hold': 240}",199,51.8,1.027,273,123,52.0,1.047,398,121,51.2,1.019,162
NQ_DRIVE,3674,"{'A': 700, 'T': 30, 'x': 0.1, 'mode': 1, 'tf': 0, 'k': 0.2, 'stop': 0, 'R': 2.0, 'hold': 240}",200,35.0,0.944,-734,123,39.0,1.209,2189,121,38.8,1.185,1960
NQ_DRIVE,3675,"{'A': 700, 'T': 30, 'x': 0.1, 'mode': 1, 'tf': 0, 'k': 0.35, 'stop': 0, 'R': 0.5, 'hold': 240}",199,63.8,0.861,-1741,123,65.9,0.979,-216,121,65.3,0.965,-362
NQ_DRIVE,3680,"{'A': 700, 'T': 30, 'x': 0.1, 'mode': 1, 'tf': 1, 'k': 0.2, 'stop': 0, 'R': 2.0, 'hold': 240}",108,29.6,0.795,-1530,67,31.3,0.844,-1041,57,31.6,0.833,-967
NQ_DRIVE,3681,"{'A': 700, 'T': 30, 'x': 0.1, 'mode': 1, 'tf': 1, 'k': 0.35, 'stop': 0, 'R': 0.5, 'hold': 240}",108,63.9,0.873,-847,67,61.2,0.864,-838,57,64.9,0.964,-182
NQ_DRIVE,3682,"{'A': 700, 'T': 30, 'x': 0.1, 'mode': 1, 'tf': 1, 'k': 0.35, 'stop': 0, 'R': 1.0, 'hold': 240}",108,46.3,0.873,-1163,67,46.3,0.848,-1316,57,49.1,0.925,-544
NQ_DRIVE,3683,"{'A': 700, 'T': 30, 'x': 0.1, 'mode': 1, 'tf': 1, 'k': 0.35, 'stop': 0, 'R': 2.0, 'hold': 240}",108,38.9,0.769,-2510,67,38.8,0.985,-144,57,40.4,1.015,116
NQ_DRIVE,3692,"{'A': 700, 'T': 30, 'x': 0.1, 'mode': -1, 'tf': 1, 'k': 0.2, 'stop': 0, 'R': 2.0, 'hold': 240}",87,34.5,1.0,0,51,31.4,0.903,-451,42,38.1,1.138,499
NQ_DRIVE,3693,"{'A': 700, 'T': 30, 'x': 0.1, 'mode': -1, 'tf': 1, 'k': 0.35, 'stop': 0, 'R': 0.5, 'hold': 240}",88,56.8,0.719,-1739,51,52.9,0.504,-2906,42,54.8,0.51,-2419
NQ_DRIVE,3694,"{'A': 700, 'T': 30, 'x': 0.1, 'mode': -1, 'tf': 1, 'k': 0.35, 'stop': 0, 'R': 1.0, 'hold': 240}",88,50.0,1.008,59,51,41.2,0.657,-2400,42,45.2,0.721,-1578
NQ_DRIVE,3695,"{'A': 700, 'T': 30, 'x': 0.1, 'mode': -1, 'tf': 1, 'k': 0.35, 'stop': 0, 'R': 2.0, 'hold': 240}",88,46.6,1.129,991,51,37.3,0.558,-3301,42,40.5,0.657,-2093
NQ_DRIVE,3684,"{'A': 700, 'T': 30, 'x': 0.1, 'mode': -1, 'tf': 0, 'k': 0.2, 'stop': 0, 'R': 0.5, 'hold': 240}",199,60.8,0.758,-1911,123,63.4,0.807,-1310,121,65.3,0.882,-771
NQ_DRIVE,3685,"{'A': 700, 'T': 30, 'x': 0.1, 'mode': -1, 'tf': 0, 'k': 0.2, 'stop': 0, 'R': 1.0, 'hold': 240}",199,47.7,0.86,-1524,123,47.2,0.871,-1202,121,47.9,0.901,-921
NQ_DRIVE,3686,"{'A': 700, 'T': 30, 'x': 0.1, 'mode': -1, 'tf': 0, 'k': 0.2, 'stop': 0, 'R': 2.0, 'hold': 240}",199,34.7,0.964,-482,123,35.0,0.98,-230,121,35.5,1.003,35
NQ_DRIVE,3687,"{'A': 700, 'T': 30, 'x': 0.1, 'mode': -1, 'tf': 0, 'k': 0.35, 'stop': 0, 'R': 0.5, 'hold': 240}",200,65.0,0.913,-1045,123,61.0,0.742,-3095,121,61.2,0.776,-2681
NQ_DRIVE,3688,"{'A': 700, 'T': 30, 'x': 0.1, 'mode': -1, 'tf': 0, 'k': 0.35, 'stop': 0, 'R': 1.0, 'hold': 240}",200,51.5,1.036,572,123,47.2,0.869,-2007,121,47.9,0.889,-1715
NQ_DRIVE,3689,"{'A': 700, 'T': 30, 'x': 0.1, 'mode': -1, 'tf': 0, 'k': 0.35, 'stop': 0, 'R': 2.0, 'hold': 240}",200,45.5,1.074,1257,123,41.5,0.995,-84,121,42.1,1.023,383
NQ_DRIVE,3690,"{'A': 700, 'T': 30, 'x': 0.1, 'mode': -1, 'tf': 1, 'k': 0.2, 'stop': 0, 'R': 0.5, 'hold': 240}",87,58.6,0.783,-747,51,52.9,0.514,-1614,42,57.1,0.597,-1038
NQ_DRIVE,3691,"{'A': 700, 'T': 30, 'x': 0.1, 'mode': -1, 'tf': 1, 'k': 0.2, 'stop': 0, 'R': 1.0, 'hold': 240}",87,42.5,0.734,-1385,51,37.3,0.602,-1700,42,45.2,0.776,-727
NQ_DRIVE,3700,"{'A': 700, 'T': 30, 'x': 0.2, 'mode': 1, 'tf': 0, 'k': 0.35, 'stop': 0, 'R': 1.0, 'hold': 240}",34,47.1,0.826,-540,23,47.8,0.861,-458,23,47.8,0.835,-550
NQ_DRIVE,3701,"{'A': 700, 'T': 30, 'x': 0.2, 'mode': 1, 'tf': 0, 'k': 0.35, 'stop': 0, 'R': 2.0, 'hold': 240}",34,38.2,0.872,-474,23,43.5,1.05,181,23,43.5,1.009,34
NQ_DRIVE,3702,"{'A': 700, 'T': 30, 'x': 0.2, 'mode': 1, 'tf': 1, 'k': 0.2, 'stop': 0, 'R': 0.5, 'hold': 240}",16,50.0,,-417,12,50.0,,-403,10,40.0,,-484
NQ_DRIVE,3703,"{'A': 700, 'T': 30, 'x': 0.2, 'mode': 1, 'tf': 1, 'k': 0.2, 'stop': 0, 'R': 1.0, 'hold': 240}",16,37.5,,-465,12,25.0,,-961,10,20.0,,-887
NQ_DRIVE,3696,"{'A': 700, 'T': 30, 'x': 0.2, 'mode': 1, 'tf': 0, 'k': 0.2, 'stop': 0, 'R': 0.5, 'hold': 240}",34,70.6,1.19,184,23,69.6,1.243,250,23,65.2,1.08,91
NQ_DRIVE,3697,"{'A': 700, 'T': 30, 'x': 0.2, 'mode': 1, 'tf': 0, 'k': 0.2, 'stop': 0, 'R': 1.0, 'hold': 240}",34,52.9,1.152,237,23,52.2,1.072,122,23,47.8,0.948,-95
NQ_DRIVE,3698,"{'A': 700, 'T': 30, 'x': 0.2, 'mode': 1, 'tf': 0, 'k': 0.2, 'stop': 0, 'R': 2.0, 'hold': 240}",34,35.3,1.039,88,23,39.1,1.089,197,23,34.8,0.936,-150
NQ_DRIVE,3699,"{'A': 700, 'T': 30, 'x': 0.2, 'mode': 1, 'tf': 0, 'k': 0.35, 'stop': 0, 'R': 0.5, 'hold': 240}",34,61.8,0.79,-472,23,60.9,0.778,-532,23,60.9,0.769,-558
NQ_DRIVE,3704,"{'A': 700, 'T': 30, 'x': 0.2, 'mode': 1, 'tf': 1, 'k': 0.2, 'stop': 0, 'R': 2.0, 'hold': 240}",16,25.0,,-367,12,8.3,,-1517,10,0.0,,-1608
NQ_DRIVE,3705,"{'A': 700, 'T': 30, 'x': 0.2, 'mode': 1, 'tf': 1, 'k': 0.35, 'stop': 0, 'R': 0.5, 'hold': 240}",16,50.0,,-830,12,41.7,,-1277,10,50.0,,-756
NQ_DRIVE,3706,"{'A': 700, 'T': 30, 'x': 0.2, 'mode': 1, 'tf': 1, 'k': 0.35, 'stop': 0, 'R': 1.0, 'hold': 240}",16,37.5,,-663,12,16.7,,-2358,10,20.0,,-1904
NQ_DRIVE,3707,"{'A': 700, 'T': 30, 'x': 0.2, 'mode': 1, 'tf': 1, 'k': 0.35, 'stop': 0, 'R': 2.0, 'hold': 240}",16,25.0,,-1443,12,16.7,,-2082,10,20.0,,-1734
NQ_DRIVE,3708,"{'A': 700, 'T': 30, 'x': 0.2, 'mode': -1, 'tf': 0, 'k': 0.2, 'stop': 0, 'R': 0.5, 'hold': 240}",34,61.8,0.684,-439,23,60.9,0.621,-589,23,65.2,0.706,-424
NQ_DRIVE,3709,"{'A': 700, 'T': 30, 'x': 0.2, 'mode': -1, 'tf': 0, 'k': 0.2, 'stop': 0, 'R': 1.0, 'hold': 240}",34,47.1,0.779,-418,23,47.8,0.871,-244,23,47.8,0.881,-224
NQ_DRIVE,3710,"{'A': 700, 'T': 30, 'x': 0.2, 'mode': -1, 'tf': 0, 'k': 0.2, 'stop': 0, 'R': 2.0, 'hold': 240}",34,29.4,0.802,-481,23,39.1,1.216,476,23,39.1,1.23,508
NQ_DRIVE,3711,"{'A': 700, 'T': 30, 'x': 0.2, 'mode': -1, 'tf': 0, 'k': 0.35, 'stop': 0, 'R': 0.5, 'hold': 240}",34,61.8,0.799,-448,23,60.9,0.796,-483,23,60.9,0.812,-438
NQ_DRIVE,3712,"{'A': 700, 'T': 30, 'x': 0.2, 'mode': -1, 'tf': 0, 'k': 0.35, 'stop': 0, 'R': 1.0, 'hold': 240}",34,52.9,1.136,359,23,52.2,1.108,317,23,52.2,1.15,428
NQ_DRIVE,3713,"{'A': 700, 'T': 30, 'x': 0.2, 'mode': -1, 'tf': 0, 'k': 0.35, 'stop': 0, 'R': 2.0, 'hold': 240}",34,41.2,0.866,-437,23,47.8,1.517,1548,23,47.8,1.597,1742
NQ_DRIVE,3714,"{'A': 700, 'T': 30, 'x': 0.2, 'mode': -1, 'tf': 1, 'k': 0.2, 'stop': 0, 'R': 0.5, 'hold': 240}",17,58.8,,-302,10,40.0,,-771,8,50.0,,-514
NQ_DRIVE,3715,"{'A': 700, 'T': 30, 'x': 0.2, 'mode': -1, 'tf': 1, 'k': 0.2, 'stop': 0, 'R': 1.0, 'hold': 240}",17,35.3,,-705,10,20.0,,-1011,8,25.0,,-756
NQ_DRIVE,3716,"{'A': 700, 'T': 30, 'x': 0.2, 'mode': -1, 'tf': 1, 'k': 0.2, 'stop': 0, 'R': 2.0, 'hold': 240}",17,29.4,,-416,10,20.0,,-784,8,25.0,,-528
NQ_DRIVE,3717,"{'A': 700, 'T': 30, 'x': 0.2, 'mode': -1, 'tf': 1, 'k': 0.35, 'stop': 0, 'R': 0.5, 'hold': 240}",17,52.9,,-529,10,30.0,,-1523,8,25.0,,-1508
NQ_DRIVE,3718,"{'A': 700, 'T': 30, 'x': 0.2, 'mode': -1, 'tf': 1, 'k': 0.35, 'stop': 0, 'R': 1.0, 'hold': 240}",17,47.1,,-57,10,20.0,,-1750,8,25.0,,-1308
NQ_DRIVE,3719,"{'A': 700, 'T': 30, 'x': 0.2, 'mode': -1, 'tf': 1, 'k': 0.35, 'stop': 0, 'R': 2.0, 'hold': 240}",17,41.2,,258,10,20.0,,-1723,8,25.0,,-1224
NQ_DRIVE,3720,"{'A': 700, 'T': 30, 'x': 0.35, 'mode': 1, 'tf': 0, 'k': 0.2, 'stop': 0, 'R': 0.5, 'hold': 240}",6,100.0,,257,5,60.0,,-80,5,60.0,,-83
NQ_DRIVE,3721,"{'A': 700, 'T': 30, 'x': 0.35, 'mode': 1, 'tf': 0, 'k': 0.2, 'stop': 0, 'R': 1.0, 'hold': 240}",6,66.7,,184,5,40.0,,-223,5,40.0,,-220
NQ_DRIVE,3722,"{'A': 700, 'T': 30, 'x': 0.35, 'mode': 1, 'tf': 0, 'k': 0.2, 'stop': 0, 'R': 2.0, 'hold': 240}",6,50.0,,273,5,40.0,,85,5,40.0,,93
NQ_DRIVE,3723,"{'A': 700, 'T': 30, 'x': 0.35, 'mode': 1, 'tf': 0, 'k': 0.35, 'stop': 0, 'R': 0.5, 'hold': 240}",6,66.7,,11,5,60.0,,-238,5,60.0,,-238
NQ_DRIVE,3724,"{'A': 700, 'T': 30, 'x': 0.35, 'mode': 1, 'tf': 0, 'k': 0.35, 'stop': 0, 'R': 1.0, 'hold': 240}",6,50.0,,8,5,60.0,,168,5,60.0,,173
NQ_DRIVE,3725,"{'A': 700, 'T': 30, 'x': 0.35, 'mode': 1, 'tf': 0, 'k': 0.35, 'stop': 0, 'R': 2.0, 'hold': 240}",6,50.0,,486,5,40.0,,-171,5,40.0,,-175
NQ_DRIVE,3726,"{'A': 700, 'T': 30, 'x': 0.35, 'mode': 1, 'tf': 1, 'k': 0.2, 'stop': 0, 'R': 0.5, 'hold': 240}",0,,,0,3,33.3,,-291,2,50.0,,-121
NQ_DRIVE,3727,"{'A': 700, 'T': 30, 'x': 0.35, 'mode': 1, 'tf': 1, 'k': 0.2, 'stop': 0, 'R': 1.0, 'hold': 240}",0,,,0,3,0.0,,-525,2,0.0,,-357
NQ_DRIVE,3728,"{'A': 700, 'T': 30, 'x': 0.35, 'mode': 1, 'tf': 1, 'k': 0.2, 'stop': 0, 'R': 2.0, 'hold': 240}",0,,,0,3,0.0,,-525,2,0.0,,-357
NQ_DRIVE,3729,"{'A': 700, 'T': 30, 'x': 0.35, 'mode': 1, 'tf': 1, 'k': 0.35, 'stop': 0, 'R': 0.5, 'hold': 240}",0,,,0,3,33.3,,-501,2,50.0,,-208
NQ_DRIVE,3730,"{'A': 700, 'T': 30, 'x': 0.35, 'mode': 1, 'tf': 1, 'k': 0.35, 'stop': 0, 'R': 1.0, 'hold': 240}",0,,,0,3,33.3,,-365,2,50.0,,-71
NQ_DRIVE,3731,"{'A': 700, 'T': 30, 'x': 0.35, 'mode': 1, 'tf': 1, 'k': 0.35, 'stop': 0, 'R': 2.0, 'hold': 240}",0,,,0,3,33.3,,-363,2,50.0,,-72
NQ_DRIVE,3732,"{'A': 700, 'T': 30, 'x': 0.35, 'mode': -1, 'tf': 0, 'k': 0.2, 'stop': 0, 'R': 0.5, 'hold': 240}",6,33.3,,-301,5,80.0,,150,5,80.0,,146
NQ_DRIVE,3733,"{'A': 700, 'T': 30, 'x': 0.35, 'mode': -1, 'tf': 0, 'k': 0.2, 'stop': 0, 'R': 1.0, 'hold': 240}",6,33.3,,-216,5,60.0,,196,5,60.0,,193
NQ_DRIVE,3734,"{'A': 700, 'T': 30, 'x': 0.35, 'mode': -1, 'tf': 0, 'k': 0.2, 'stop': 0, 'R': 2.0, 'hold': 240}",6,33.3,,-46,5,40.0,,243,5,40.0,,244
NQ_DRIVE,3735,"{'A': 700, 'T': 30, 'x': 0.35, 'mode': -1, 'tf': 0, 'k': 0.35, 'stop': 0, 'R': 0.5, 'hold': 240}",6,50.0,,-269,5,60.0,,-99,5,60.0,,-106
NQ_DRIVE,3736,"{'A': 700, 'T': 30, 'x': 0.35, 'mode': -1, 'tf': 0, 'k': 0.35, 'stop': 0, 'R': 1.0, 'hold': 240}",6,50.0,,-40,5,40.0,,-195,5,40.0,,-199
NQ_DRIVE,3737,"{'A': 700, 'T': 30, 'x': 0.35, 'mode': -1, 'tf': 0, 'k': 0.35, 'stop': 0, 'R': 2.0, 'hold': 240}",6,50.0,,418,5,40.0,,-117,5,40.0,,-126
NQ_DRIVE,3738,"{'A': 700, 'T': 30, 'x': 0.35, 'mode': -1, 'tf': 1, 'k': 0.2, 'stop': 0, 'R': 0.5, 'hold': 240}",6,33.3,,-301,2,50.0,,-102,2,50.0,,-107
NQ_DRIVE,3739,"{'A': 700, 'T': 30, 'x': 0.35, 'mode': -1, 'tf': 1, 'k': 0.2, 'stop': 0, 'R': 1.0, 'hold': 240}",6,33.3,,-216,2,0.0,,-313,2,0.0,,-321
NQ_DRIVE,3740,"{'A': 700, 'T': 30, 'x': 0.35, 'mode': -1, 'tf': 1, 'k': 0.2, 'stop': 0, 'R': 2.0, 'hold': 240}",6,33.3,,-46,2,0.0,,-313,2,0.0,,-321
NQ_DRIVE,3741,"{'A': 700, 'T': 30, 'x': 0.35, 'mode': -1, 'tf': 1, 'k': 0.35, 'stop': 0, 'R': 0.5, 'hold': 240}",6,50.0,,-269,2,0.0,,-544,2,0.0,,-555
NQ_DRIVE,3742,"{'A': 700, 'T': 30, 'x': 0.35, 'mode': -1, 'tf': 1, 'k': 0.35, 'stop': 0, 'R': 1.0, 'hold': 240}",6,50.0,,-40,2,0.0,,-544,2,0.0,,-555
NQ_DRIVE,3743,"{'A': 700, 'T': 30, 'x': 0.35, 'mode': -1, 'tf': 1, 'k': 0.35, 'stop': 0, 'R': 2.0, 'hold': 240}",6,50.0,,418,2,0.0,,-544,2,0.0,,-555
NQ_DRIVE,3744,"{'A': 700, 'T': 60, 'x': 0.1, 'mode': 1, 'tf': 0, 'k': 0.2, 'stop': 0, 'R': 0.5, 'hold': 240}",311,65.6,0.816,-2174,200,65.5,0.956,-419,192,66.1,0.976,-221
NQ_DRIVE,3745,"{'A': 700, 'T': 60, 'x': 0.1, 'mode': 1, 'tf': 0, 'k': 0.2, 'stop': 0, 'R': 1.0, 'hold': 240}",311,48.9,0.873,-2118,200,52.0,1.107,1418,192,53.6,1.117,1527
NQ_DRIVE,3746,"{'A': 700, 'T': 60, 'x': 0.1, 'mode': 1, 'tf': 0, 'k': 0.2, 'stop': 0, 'R': 2.0, 'hold': 240}",313,33.5,0.787,-4651,200,38.0,1.245,4088,192,39.6,1.263,4304
NQ_DRIVE,3747,"{'A': 700, 'T': 60, 'x': 0.1, 'mode': 1, 'tf': 0, 'k': 0.35, 'stop': 0, 'R': 0.5, 'hold': 240}",311,63.7,0.83,-3347,200,69.5,1.144,2086,192,69.3,1.12,1737
NQ_DRIVE,3748,"{'A': 700, 'T': 60, 'x': 0.1, 'mode': 1, 'tf': 0, 'k': 0.35, 'stop': 0, 'R': 1.0, 'hold': 240}",313,47.0,0.788,-5822,200,51.5,1.076,1630,192,53.1,1.187,3752
NQ_DRIVE,3749,"{'A': 700, 'T': 60, 'x': 0.1, 'mode': 1, 'tf': 0, 'k': 0.35, 'stop': 0, 'R': 2.0, 'hold': 240}",313,39.0,0.73,-8328,200,41.5,1.098,2385,192,43.2,1.168,3903
NQ_DRIVE,3750,"{'A': 700, 'T': 60, 'x': 0.1, 'mode': 1, 'tf': 1, 'k': 0.2, 'stop': 0, 'R': 0.5, 'hold': 240}",171,66.7,0.83,-1104,104,58.7,0.708,-1721,85,57.6,0.646,-1855
NQ_DRIVE,3751,"{'A': 700, 'T': 60, 'x': 0.1, 'mode': 1, 'tf': 1, 'k': 0.2, 'stop': 0, 'R': 1.0, 'hold': 240}",171,50.9,0.901,-915,104,46.2,0.893,-812,85,45.9,0.788,-1423
NQ_DRIVE,3752,"{'A': 700, 'T': 60, 'x': 0.1, 'mode': 1, 'tf': 1, 'k': 0.2, 'stop': 0, 'R': 2.0, 'hold': 240}",172,33.1,0.761,-2937,104,34.6,1.041,372,85,35.3,1.031,234
NQ_DRIVE,3753,"{'A': 700, 'T': 60, 'x': 0.1, 'mode': 1, 'tf': 1, 'k': 0.35, 'stop': 0, 'R': 0.5, 'hold': 240}",171,66.1,0.849,-1661,104,64.4,0.928,-611,85,65.9,0.907,-669
NQ_DRIVE,3754,"{'A': 700, 'T': 60, 'x': 0.1, 'mode': 1, 'tf': 1, 'k': 0.35, 'stop': 0, 'R': 1.0, 'hold': 240}",172,48.3,0.825,-2622,104,48.1,0.919,-950,85,48.2,0.946,-528
NQ_DRIVE,3755,"{'A': 700, 'T': 60, 'x': 0.1, 'mode': 1, 'tf': 1, 'k': 0.35, 'stop': 0, 'R': 2.0, 'hold': 240}",172,40.7,0.797,-3463,104,38.5,0.924,-1028,85,40.0,0.981,-211
NQ_DRIVE,3768,"{'A': 700, 'T': 60, 'x': 0.2, 'mode': 1, 'tf': 0, 'k': 0.2, 'stop': 0, 'R': 0.5, 'hold': 240}",82,62.2,0.628,-1342,48,64.6,0.882,-292,45,66.7,0.929,-167
NQ_DRIVE,3769,"{'A': 700, 'T': 60, 'x': 0.2, 'mode': 1, 'tf': 0, 'k': 0.2, 'stop': 0, 'R': 1.0, 'hold': 240}",82,48.8,0.782,-1003,48,52.1,1.098,322,45,55.6,1.181,561
NQ_DRIVE,3770,"{'A': 700, 'T': 60, 'x': 0.2, 'mode': 1, 'tf': 0, 'k': 0.2, 'stop': 0, 'R': 2.0, 'hold': 240}",82,29.3,0.596,-2426,48,35.4,1.105,463,45,40.0,1.178,744
NQ_DRIVE,3771,"{'A': 700, 'T': 60, 'x': 0.2, 'mode': 1, 'tf': 0, 'k': 0.35, 'stop': 0, 'R': 0.5, 'hold': 240}",82,61.0,0.679,-1916,48,72.9,1.241,832,45,71.1,1.11,397
NQ_DRIVE,3772,"{'A': 700, 'T': 60, 'x': 0.2, 'mode': 1, 'tf': 0, 'k': 0.35, 'stop': 0, 'R': 1.0, 'hold': 240}",82,46.3,0.726,-2066,48,54.2,1.068,378,45,53.3,1.067,366
NQ_DRIVE,3773,"{'A': 700, 'T': 60, 'x': 0.2, 'mode': 1, 'tf': 0, 'k': 0.35, 'stop': 0, 'R': 2.0, 'hold': 240}",82,40.2,0.712,-2411,48,39.6,0.935,-415,45,42.2,0.915,-528
NQ_DRIVE,3774,"{'A': 700, 'T': 60, 'x': 0.2, 'mode': 1, 'tf': 1, 'k': 0.2, 'stop': 0, 'R': 0.5, 'hold': 240}",44,61.4,0.529,-1013,20,45.0,0.379,-1084,17,47.1,,-904
NQ_DRIVE,3775,"{'A': 700, 'T': 60, 'x': 0.2, 'mode': 1, 'tf': 1, 'k': 0.2, 'stop': 0, 'R': 1.0, 'hold': 240}",44,52.3,0.779,-562,20,40.0,0.627,-709,17,41.2,,-605
NQ_DRIVE,3760,"{'A': 700, 'T': 60, 'x': 0.1, 'mode': -1, 'tf': 0, 'k': 0.35, 'stop': 0, 'R': 1.0, 'hold': 240}",313,53.0,1.184,4135,200,48.5,0.886,-2705,192,46.9,0.803,-4786
NQ_DRIVE,3761,"{'A': 700, 'T': 60, 'x': 0.1, 'mode': -1, 'tf': 0, 'k': 0.35, 'stop': 0, 'R': 2.0, 'hold': 240}",313,47.0,1.256,6426,200,43.0,1.001,35,192,42.7,0.947,-1360
NQ_DRIVE,3762,"{'A': 700, 'T': 60, 'x': 0.1, 'mode': -1, 'tf': 1, 'k': 0.2, 'stop': 0, 'R': 0.5, 'hold': 240}",133,69.9,1.088,356,89,59.6,0.656,-1878,83,59.0,0.629,-1972
NQ_DRIVE,3763,"{'A': 700, 'T': 60, 'x': 0.1, 'mode': -1, 'tf': 1, 'k': 0.2, 'stop': 0, 'R': 1.0, 'hold': 240}",133,53.4,1.063,399,89,41.6,0.664,-2581,83,39.8,0.605,-3008
NQ_DRIVE,3756,"{'A': 700, 'T': 60, 'x': 0.1, 'mode': -1, 'tf': 0, 'k': 0.2, 'stop': 0, 'R': 0.5, 'hold': 240}",311,67.5,1.002,21,200,68.0,0.942,-559,192,67.2,0.942,-546
NQ_DRIVE,3757,"{'A': 700, 'T': 60, 'x': 0.1, 'mode': -1, 'tf': 0, 'k': 0.2, 'stop': 0, 'R': 1.0, 'hold': 240}",311,50.8,1.018,273,200,48.0,0.838,-2479,192,46.4,0.831,-2546
NQ_DRIVE,3758,"{'A': 700, 'T': 60, 'x': 0.1, 'mode': -1, 'tf': 0, 'k': 0.2, 'stop': 0, 'R': 2.0, 'hold': 240}",311,35.0,1.022,428,200,34.0,0.904,-1803,192,33.9,0.915,-1563
NQ_DRIVE,3759,"{'A': 700, 'T': 60, 'x': 0.1, 'mode': -1, 'tf': 0, 'k': 0.35, 'stop': 0, 'R': 0.5, 'hold': 240}",313,66.8,1.072,1224,200,61.5,0.75,-4731,192,60.4,0.728,-5200
NQ_DRIVE,3764,"{'A': 700, 'T': 60, 'x': 0.1, 'mode': -1, 'tf': 1, 'k': 0.2, 'stop': 0, 'R': 2.0, 'hold': 240}",133,39.1,1.123,970,89,29.2,0.759,-2184,83,31.3,0.783,-1847
NQ_DRIVE,3765,"{'A': 700, 'T': 60, 'x': 0.1, 'mode': -1, 'tf': 1, 'k': 0.35, 'stop': 0, 'R': 0.5, 'hold': 240}",134,68.7,1.156,1061,89,56.2,0.59,-4146,83,54.2,0.525,-4877
NQ_DRIVE,3766,"{'A': 700, 'T': 60, 'x': 0.1, 'mode': -1, 'tf': 1, 'k': 0.35, 'stop': 0, 'R': 1.0, 'hold': 240}",134,54.5,1.267,2444,89,43.8,0.734,-3207,83,42.2,0.623,-4561
NQ_DRIVE,3767,"{'A': 700, 'T': 60, 'x': 0.1, 'mode': -1, 'tf': 1, 'k': 0.35, 'stop': 0, 'R': 2.0, 'hold': 240}",134,49.3,1.268,2755,89,37.1,0.633,-4842,83,37.3,0.595,-5223
NQ_DRIVE,3776,"{'A': 700, 'T': 60, 'x': 0.2, 'mode': 1, 'tf': 1, 'k': 0.2, 'stop': 0, 'R': 2.0, 'hold': 240}",44,27.3,0.459,-1864,20,25.0,0.684,-736,17,29.4,,-289
NQ_DRIVE,3777,"{'A': 700, 'T': 60, 'x': 0.2, 'mode': 1, 'tf': 1, 'k': 0.35, 'stop': 0, 'R': 0.5, 'hold': 240}",44,61.4,0.601,-1385,20,70.0,0.976,-44,17,70.6,,-182
NQ_DRIVE,3778,"{'A': 700, 'T': 60, 'x': 0.2, 'mode': 1, 'tf': 1, 'k': 0.35, 'stop': 0, 'R': 1.0, 'hold': 240}",44,45.5,0.626,-1618,20,50.0,0.992,-22,17,47.1,,-350
NQ_DRIVE,3779,"{'A': 700, 'T': 60, 'x': 0.2, 'mode': 1, 'tf': 1, 'k': 0.35, 'stop': 0, 'R': 2.0, 'hold': 240}",44,40.9,0.693,-1475,20,35.0,0.792,-667,17,41.2,,-454
NQ_DRIVE,3780,"{'A': 700, 'T': 60, 'x': 0.2, 'mode': -1, 'tf': 0, 'k': 0.2, 'stop': 0, 'R': 0.5, 'hold': 240}",82,78.0,1.879,1488,48,72.9,1.216,429,45,71.1,1.167,337
NQ_DRIVE,3781,"{'A': 700, 'T': 60, 'x': 0.2, 'mode': -1, 'tf': 0, 'k': 0.2, 'stop': 0, 'R': 1.0, 'hold': 240}",82,51.2,1.149,568,48,47.9,0.846,-577,45,44.4,0.789,-800
NQ_DRIVE,3782,"{'A': 700, 'T': 60, 'x': 0.2, 'mode': -1, 'tf': 0, 'k': 0.2, 'stop': 0, 'R': 2.0, 'hold': 240}",82,36.6,1.204,999,48,33.3,0.98,-92,45,33.3,0.971,-133
NQ_DRIVE,3783,"{'A': 700, 'T': 60, 'x': 0.2, 'mode': -1, 'tf': 0, 'k': 0.35, 'stop': 0, 'R': 0.5, 'hold': 240}",82,70.7,1.427,1500,48,62.5,0.812,-854,45,60.0,0.772,-1047
NQ_DRIVE,3788,"{'A': 700, 'T': 60, 'x': 0.2, 'mode': -1, 'tf': 1, 'k': 0.2, 'stop': 0, 'R': 2.0, 'hold': 240}",38,39.5,1.144,318,27,29.6,0.75,-674,23,34.8,0.882,-272
NQ_DRIVE,3789,"{'A': 700, 'T': 60, 'x': 0.2, 'mode': -1, 'tf': 1, 'k': 0.35, 'stop': 0, 'R': 0.5, 'hold': 240}",38,71.1,1.201,370,27,55.6,0.597,-1166,23,52.2,0.539,-1264
NQ_DRIVE,3790,"{'A': 700, 'T': 60, 'x': 0.2, 'mode': -1, 'tf': 1, 'k': 0.35, 'stop': 0, 'R': 1.0, 'hold': 240}",38,52.6,1.086,244,27,44.4,0.899,-320,23,47.8,0.919,-229
NQ_DRIVE,3791,"{'A': 700, 'T': 60, 'x': 0.2, 'mode': -1, 'tf': 1, 'k': 0.35, 'stop': 0, 'R': 2.0, 'hold': 240}",38,47.4,1.023,74,27,33.3,0.665,-1229,23,39.1,0.84,-515
NQ_DRIVE,3784,"{'A': 700, 'T': 60, 'x': 0.2, 'mode': -1, 'tf': 0, 'k': 0.35, 'stop': 0, 'R': 1.0, 'hold': 240}",82,53.7,1.286,1624,48,45.8,0.895,-636,45,46.7,0.898,-607
NQ_DRIVE,3785,"{'A': 700, 'T': 60, 'x': 0.2, 'mode': -1, 'tf': 0, 'k': 0.35, 'stop': 0, 'R': 2.0, 'hold': 240}",82,45.1,1.184,1245,48,37.5,0.987,-86,45,37.8,1.003,20
NQ_DRIVE,3786,"{'A': 700, 'T': 60, 'x': 0.2, 'mode': -1, 'tf': 1, 'k': 0.2, 'stop': 0, 'R': 0.5, 'hold': 240}",38,81.6,2.05,756,27,63.0,0.722,-415,23,56.5,0.598,-604
NQ_DRIVE,3787,"{'A': 700, 'T': 60, 'x': 0.2, 'mode': -1, 'tf': 1, 'k': 0.2, 'stop': 0, 'R': 1.0, 'hold': 240}",38,55.3,1.14,238,27,40.7,0.561,-1047,23,34.8,0.457,-1251
NQ_DRIVE,3792,"{'A': 700, 'T': 60, 'x': 0.35, 'mode': 1, 'tf': 0, 'k': 0.2, 'stop': 0, 'R': 0.5, 'hold': 240}",17,58.8,,-421,11,90.9,,515,11,90.9,,535
NQ_DRIVE,3793,"{'A': 700, 'T': 60, 'x': 0.35, 'mode': 1, 'tf': 0, 'k': 0.2, 'stop': 0, 'R': 1.0, 'hold': 240}",17,41.2,,-550,11,72.7,,686,11,72.7,,706
NQ_DRIVE,3794,"{'A': 700, 'T': 60, 'x': 0.35, 'mode': 1, 'tf': 0, 'k': 0.2, 'stop': 0, 'R': 2.0, 'hold': 240}",17,23.5,,-762,11,45.5,,422,11,45.5,,440
NQ_DRIVE,3795,"{'A': 700, 'T': 60, 'x': 0.35, 'mode': 1, 'tf': 0, 'k': 0.35, 'stop': 0, 'R': 0.5, 'hold': 240}",17,52.9,,-830,11,81.8,,495,11,81.8,,511
NQ_DRIVE,3796,"{'A': 700, 'T': 60, 'x': 0.35, 'mode': 1, 'tf': 0, 'k': 0.35, 'stop': 0, 'R': 1.0, 'hold': 240}",17,52.9,,-86,11,72.7,,891,11,72.7,,927
NQ_DRIVE,3797,"{'A': 700, 'T': 60, 'x': 0.35, 'mode': 1, 'tf': 0, 'k': 0.35, 'stop': 0, 'R': 2.0, 'hold': 240}",17,41.2,,-243,11,36.4,,-627,11,45.5,,-589
NQ_DRIVE,3798,"{'A': 700, 'T': 60, 'x': 0.35, 'mode': 1, 'tf': 1, 'k': 0.2, 'stop': 0, 'R': 0.5, 'hold': 240}",8,50.0,,-414,4,75.0,,-62,3,66.7,,-127
NQ_DRIVE,3799,"{'A': 700, 'T': 60, 'x': 0.35, 'mode': 1, 'tf': 1, 'k': 0.2, 'stop': 0, 'R': 1.0, 'hold': 240}",8,50.0,,-239,4,50.0,,-153,3,33.3,,-297
NQ_DRIVE,3808,"{'A': 700, 'T': 60, 'x': 0.35, 'mode': -1, 'tf': 0, 'k': 0.35, 'stop': 0, 'R': 1.0, 'hold': 240}",17,47.1,,-4,11,27.3,,-950,11,27.3,,-986
NQ_DRIVE,3809,"{'A': 700, 'T': 60, 'x': 0.35, 'mode': -1, 'tf': 0, 'k': 0.35, 'stop': 0, 'R': 2.0, 'hold': 240}",17,41.2,,228,11,18.2,,-900,11,18.2,,-980
NQ_DRIVE,3810,"{'A': 700, 'T': 60, 'x': 0.35, 'mode': -1, 'tf': 1, 'k': 0.2, 'stop': 0, 'R': 0.5, 'hold': 240}",9,66.7,,-10,7,57.1,,-195,5,40.0,,-322
NQ_DRIVE,3811,"{'A': 700, 'T': 60, 'x': 0.35, 'mode': -1, 'tf': 1, 'k': 0.2, 'stop': 0, 'R': 1.0, 'hold': 240}",9,66.7,,263,7,14.3,,-875,5,0.0,,-947
NQ_DRIVE,3804,"{'A': 700, 'T': 60, 'x': 0.35, 'mode': -1, 'tf': 0, 'k': 0.2, 'stop': 0, 'R': 0.5, 'hold': 240}",17,76.5,,334,11,63.6,,-39,11,63.6,,-46
NQ_DRIVE,3805,"{'A': 700, 'T': 60, 'x': 0.35, 'mode': -1, 'tf': 0, 'k': 0.2, 'stop': 0, 'R': 1.0, 'hold': 240}",17,58.8,,461,11,27.3,,-744,11,27.3,,-765
NQ_DRIVE,3806,"{'A': 700, 'T': 60, 'x': 0.35, 'mode': -1, 'tf': 0, 'k': 0.2, 'stop': 0, 'R': 2.0, 'hold': 240}",17,41.2,,418,11,9.1,,-1115,11,9.1,,-1143
NQ_DRIVE,3807,"{'A': 700, 'T': 60, 'x': 0.35, 'mode': -1, 'tf': 0, 'k': 0.35, 'stop': 0, 'R': 0.5, 'hold': 240}",17,70.6,,414,11,54.5,,-423,11,54.5,,-441
NQ_DRIVE,3812,"{'A': 700, 'T': 60, 'x': 0.35, 'mode': -1, 'tf': 1, 'k': 0.2, 'stop': 0, 'R': 2.0, 'hold': 240}",9,55.6,,592,7,0.0,,-1200,5,0.0,,-947
NQ_DRIVE,3813,"{'A': 700, 'T': 60, 'x': 0.35, 'mode': -1, 'tf': 1, 'k': 0.35, 'stop': 0, 'R': 0.5, 'hold': 240}",9,77.8,,280,7,42.9,,-699,5,40.0,,-680
NQ_DRIVE,3814,"{'A': 700, 'T': 60, 'x': 0.35, 'mode': -1, 'tf': 1, 'k': 0.35, 'stop': 0, 'R': 1.0, 'hold': 240}",9,55.6,,221,7,28.6,,-637,5,20.0,,-770
NQ_DRIVE,3815,"{'A': 700, 'T': 60, 'x': 0.35, 'mode': -1, 'tf': 1, 'k': 0.35, 'stop': 0, 'R': 2.0, 'hold': 240}",9,55.6,,446,7,14.3,,-1051,5,20.0,,-854
NQ_DRIVE,3800,"{'A': 700, 'T': 60, 'x': 0.35, 'mode': 1, 'tf': 1, 'k': 0.2, 'stop': 0, 'R': 2.0, 'hold': 240}",8,25.0,,-392,4,25.0,,-336,3,33.3,,-166
NQ_DRIVE,3801,"{'A': 700, 'T': 60, 'x': 0.35, 'mode': 1, 'tf': 1, 'k': 0.35, 'stop': 0, 'R': 0.5, 'hold': 240}",8,62.5,,-269,4,75.0,,-95,3,66.7,,-220
NQ_DRIVE,3802,"{'A': 700, 'T': 60, 'x': 0.35, 'mode': 1, 'tf': 1, 'k': 0.35, 'stop': 0, 'R': 1.0, 'hold': 240}",8,62.5,,183,4,75.0,,293,3,66.7,,32
NQ_DRIVE,3803,"{'A': 700, 'T': 60, 'x': 0.35, 'mode': 1, 'tf': 1, 'k': 0.35, 'stop': 0, 'R': 2.0, 'hold': 240}",8,37.5,,-329,4,25.0,,-693,3,66.7,,-399
NQ_DRIVE,3816,"{'A': 700, 'T': 120, 'x': 0.1, 'mode': 1, 'tf': 0, 'k': 0.2, 'stop': 0, 'R': 0.5, 'hold': 240}",536,71.1,1.131,2117,367,62.7,0.805,-3787,346,63.0,0.812,-3523
NQ_DRIVE,3817,"{'A': 700, 'T': 120, 'x': 0.1, 'mode': 1, 'tf': 0, 'k': 0.2, 'stop': 0, 'R': 1.0, 'hold': 240}",536,52.1,1.013,338,367,48.0,0.911,-2361,346,47.4,0.893,-2803
NQ_DRIVE,3818,"{'A': 700, 'T': 120, 'x': 0.1, 'mode': 1, 'tf': 0, 'k': 0.2, 'stop': 0, 'R': 2.0, 'hold': 240}",538,36.2,0.946,-1936,367,33.5,0.819,-6251,346,32.1,0.778,-7609
NQ_DRIVE,3819,"{'A': 700, 'T': 120, 'x': 0.1, 'mode': 1, 'tf': 0, 'k': 0.35, 'stop': 0, 'R': 0.5, 'hold': 240}",536,67.2,0.991,-284,367,61.9,0.872,-4020,346,62.1,0.863,-4179
NQ_DRIVE,3820,"{'A': 700, 'T': 120, 'x': 0.1, 'mode': 1, 'tf': 0, 'k': 0.35, 'stop': 0, 'R': 1.0, 'hold': 240}",538,48.1,0.841,-7344,367,46.3,0.766,-10573,346,45.7,0.756,-10713
NQ_DRIVE,3821,"{'A': 700, 'T': 120, 'x': 0.1, 'mode': 1, 'tf': 0, 'k': 0.35, 'stop': 0, 'R': 2.0, 'hold': 240}",538,40.7,0.802,-10304,367,41.4,0.823,-8597,346,41.0,0.818,-8637
NQ_DRIVE,3822,"{'A': 700, 'T': 120, 'x': 0.1, 'mode': 1, 'tf': 1, 'k': 0.2, 'stop': 0, 'R': 0.5, 'hold': 240}",269,71.4,1.161,1274,177,59.9,0.722,-2787,150,57.3,0.631,-3490
NQ_DRIVE,3823,"{'A': 700, 'T': 120, 'x': 0.1, 'mode': 1, 'tf': 1, 'k': 0.2, 'stop': 0, 'R': 1.0, 'hold': 240}",269,50.9,0.982,-247,177,44.6,0.799,-2729,150,43.3,0.741,-3167
NQ_DRIVE,3824,"{'A': 700, 'T': 120, 'x': 0.1, 'mode': 1, 'tf': 1, 'k': 0.2, 'stop': 0, 'R': 2.0, 'hold': 240}",270,36.3,0.978,-389,177,27.1,0.613,-7131,150,26.0,0.531,-7721
NQ_DRIVE,3825,"{'A': 700, 'T': 120, 'x': 0.1, 'mode': 1, 'tf': 1, 'k': 0.35, 'stop': 0, 'R': 0.5, 'hold': 240}",269,67.7,1.013,192,177,61.6,0.856,-2218,150,60.0,0.742,-3778
NQ_DRIVE,3826,"{'A': 700, 'T': 120, 'x': 0.1, 'mode': 1, 'tf': 1, 'k': 0.35, 'stop': 0, 'R': 1.0, 'hold': 240}",270,50.7,0.917,-1795,177,43.5,0.65,-8301,150,42.7,0.592,-8729
NQ_DRIVE,3827,"{'A': 700, 'T': 120, 'x': 0.1, 'mode': 1, 'tf': 1, 'k': 0.35, 'stop': 0, 'R': 2.0, 'hold': 240}",270,44.8,0.934,-1597,177,39.0,0.759,-6079,150,38.0,0.681,-7326
NQ_DRIVE,3840,"{'A': 700, 'T': 120, 'x': 0.2, 'mode': 1, 'tf': 0, 'k': 0.2, 'stop': 0, 'R': 0.5, 'hold': 240}",261,71.3,1.122,969,179,59.8,0.692,-3195,172,60.5,0.703,-3003
NQ_DRIVE,3841,"{'A': 700, 'T': 120, 'x': 0.2, 'mode': 1, 'tf': 0, 'k': 0.2, 'stop': 0, 'R': 1.0, 'hold': 240}",261,51.0,0.917,-1145,179,44.7,0.801,-2763,172,45.3,0.816,-2498
NQ_DRIVE,3842,"{'A': 700, 'T': 120, 'x': 0.2, 'mode': 1, 'tf': 0, 'k': 0.2, 'stop': 0, 'R': 2.0, 'hold': 240}",261,36.0,0.921,-1398,179,30.2,0.738,-4636,172,30.2,0.733,-4639
NQ_DRIVE,3843,"{'A': 700, 'T': 120, 'x': 0.2, 'mode': 1, 'tf': 0, 'k': 0.35, 'stop': 0, 'R': 0.5, 'hold': 240}",261,66.7,0.881,-1905,179,60.9,0.801,-3240,172,60.5,0.77,-3760
NQ_DRIVE,3836,"{'A': 700, 'T': 120, 'x': 0.1, 'mode': -1, 'tf': 1, 'k': 0.2, 'stop': 0, 'R': 2.0, 'hold': 240}",248,35.1,0.994,-99,179,43.0,1.327,4654,157,43.9,1.297,3820
NQ_DRIVE,3837,"{'A': 700, 'T': 120, 'x': 0.1, 'mode': -1, 'tf': 1, 'k': 0.35, 'stop': 0, 'R': 0.5, 'hold': 240}",249,65.9,1.033,467,179,63.7,0.943,-817,157,65.0,0.962,-488
NQ_DRIVE,3838,"{'A': 700, 'T': 120, 'x': 0.1, 'mode': -1, 'tf': 1, 'k': 0.35, 'stop': 0, 'R': 1.0, 'hold': 240}",249,54.6,1.24,4407,179,53.6,1.158,2823,157,54.8,1.151,2431
NQ_DRIVE,3839,"{'A': 700, 'T': 120, 'x': 0.1, 'mode': -1, 'tf': 1, 'k': 0.35, 'stop': 0, 'R': 2.0, 'hold': 240}",249,48.2,1.228,4762,179,49.2,1.313,6029,157,50.3,1.284,4906
NQ_DRIVE,3848,"{'A': 700, 'T': 120, 'x': 0.2, 'mode': 1, 'tf': 1, 'k': 0.2, 'stop': 0, 'R': 2.0, 'hold': 240}",130,37.7,1.023,194,85,21.2,0.44,-5269,74,21.6,0.435,-4788
NQ_DRIVE,3849,"{'A': 700, 'T': 120, 'x': 0.2, 'mode': 1, 'tf': 1, 'k': 0.35, 'stop': 0, 'R': 0.5, 'hold': 240}",130,67.7,0.892,-857,85,61.2,0.786,-1683,74,62.2,0.769,-1649
NQ_DRIVE,3850,"{'A': 700, 'T': 120, 'x': 0.2, 'mode': 1, 'tf': 1, 'k': 0.35, 'stop': 0, 'R': 1.0, 'hold': 240}",130,53.1,0.941,-626,85,41.2,0.564,-5173,74,40.5,0.561,-4655
NQ_DRIVE,3851,"{'A': 700, 'T': 120, 'x': 0.2, 'mode': 1, 'tf': 1, 'k': 0.35, 'stop': 0, 'R': 2.0, 'hold': 240}",130,46.9,0.947,-632,85,35.3,0.626,-4752,74,35.1,0.613,-4426
NQ_DRIVE,3852,"{'A': 700, 'T': 120, 'x': 0.2, 'mode': -1, 'tf': 0, 'k': 0.2, 'stop': 0, 'R': 0.5, 'hold': 240}",261,66.3,0.979,-187,179,69.8,1.074,580,172,69.8,1.103,783
NQ_DRIVE,3853,"{'A': 700, 'T': 120, 'x': 0.2, 'mode': -1, 'tf': 0, 'k': 0.2, 'stop': 0, 'R': 1.0, 'hold': 240}",261,47.9,0.952,-648,179,55.3,1.157,1814,172,54.7,1.134,1542
NQ_DRIVE,3854,"{'A': 700, 'T': 120, 'x': 0.2, 'mode': -1, 'tf': 0, 'k': 0.2, 'stop': 0, 'R': 2.0, 'hold': 240}",261,34.9,1.069,1141,179,40.8,1.252,3715,172,40.7,1.24,3487
NQ_DRIVE,3855,"{'A': 700, 'T': 120, 'x': 0.2, 'mode': -1, 'tf': 0, 'k': 0.35, 'stop': 0, 'R': 0.5, 'hold': 240}",261,65.9,1.061,879,179,70.9,1.336,3863,172,71.5,1.333,3771
NQ_DRIVE,3828,"{'A': 700, 'T': 120, 'x': 0.1, 'mode': -1, 'tf': 0, 'k': 0.2, 'stop': 0, 'R': 0.5, 'hold': 240}",536,65.9,0.931,-1273,367,66.8,0.926,-1304,346,67.3,0.967,-546
NQ_DRIVE,3829,"{'A': 700, 'T': 120, 'x': 0.1, 'mode': -1, 'tf': 0, 'k': 0.2, 'stop': 0, 'R': 1.0, 'hold': 240}",536,47.2,0.87,-3754,367,52.0,1.016,413,346,52.3,1.023,561
NQ_DRIVE,3830,"{'A': 700, 'T': 120, 'x': 0.1, 'mode': -1, 'tf': 0, 'k': 0.2, 'stop': 0, 'R': 2.0, 'hold': 240}",536,34.9,0.971,-999,367,40.9,1.217,6603,346,40.2,1.179,5343
NQ_DRIVE,3831,"{'A': 700, 'T': 120, 'x': 0.1, 'mode': -1, 'tf': 0, 'k': 0.35, 'stop': 0, 'R': 0.5, 'hold': 240}",538,65.1,0.996,-118,367,67.0,1.135,3539,346,67.9,1.174,4328
NQ_DRIVE,3832,"{'A': 700, 'T': 120, 'x': 0.1, 'mode': -1, 'tf': 0, 'k': 0.35, 'stop': 0, 'R': 1.0, 'hold': 240}",538,51.1,1.111,4448,367,53.7,1.242,8594,346,54.3,1.259,8847
NQ_DRIVE,3833,"{'A': 700, 'T': 120, 'x': 0.1, 'mode': -1, 'tf': 0, 'k': 0.35, 'stop': 0, 'R': 2.0, 'hold': 240}",538,45.0,1.155,6895,367,47.1,1.297,12014,346,47.1,1.303,11827
NQ_DRIVE,3834,"{'A': 700, 'T': 120, 'x': 0.1, 'mode': -1, 'tf': 1, 'k': 0.2, 'stop': 0, 'R': 0.5, 'hold': 240}",248,66.5,0.94,-520,179,67.0,0.878,-1090,157,68.2,0.934,-511
NQ_DRIVE,3835,"{'A': 700, 'T': 120, 'x': 0.1, 'mode': -1, 'tf': 1, 'k': 0.2, 'stop': 0, 'R': 1.0, 'hold': 240}",248,46.4,0.857,-1956,179,49.7,0.927,-934,157,51.0,0.942,-680
NQ_DRIVE,3844,"{'A': 700, 'T': 120, 'x': 0.2, 'mode': 1, 'tf': 0, 'k': 0.35, 'stop': 0, 'R': 1.0, 'hold': 240}",261,48.7,0.813,-4289,179,45.3,0.734,-5994,172,44.8,0.737,-5810
NQ_DRIVE,3845,"{'A': 700, 'T': 120, 'x': 0.2, 'mode': 1, 'tf': 0, 'k': 0.35, 'stop': 0, 'R': 2.0, 'hold': 240}",261,40.2,0.745,-6655,179,39.1,0.765,-5766,172,39.5,0.774,-5434
NQ_DRIVE,3846,"{'A': 700, 'T': 120, 'x': 0.2, 'mode': 1, 'tf': 1, 'k': 0.2, 'stop': 0, 'R': 0.5, 'hold': 240}",130,71.5,1.165,630,85,54.1,0.563,-2396,74,52.7,0.52,-2479
NQ_DRIVE,3847,"{'A': 700, 'T': 120, 'x': 0.2, 'mode': 1, 'tf': 1, 'k': 0.2, 'stop': 0, 'R': 1.0, 'hold': 240}",130,50.8,0.925,-509,85,41.2,0.699,-2092,74,41.9,0.72,-1731
NQ_DRIVE,3856,"{'A': 700, 'T': 120, 'x': 0.2, 'mode': -1, 'tf': 0, 'k': 0.35, 'stop': 0, 'R': 1.0, 'hold': 240}",261,50.6,1.149,2889,179,54.7,1.296,5031,172,55.2,1.292,4885
NQ_DRIVE,3857,"{'A': 700, 'T': 120, 'x': 0.2, 'mode': -1, 'tf': 0, 'k': 0.35, 'stop': 0, 'R': 2.0, 'hold': 240}",261,43.3,1.235,5111,179,46.9,1.302,5981,172,47.1,1.274,5342
NQ_DRIVE,3858,"{'A': 700, 'T': 120, 'x': 0.2, 'mode': -1, 'tf': 1, 'k': 0.2, 'stop': 0, 'R': 0.5, 'hold': 240}",124,66.1,0.959,-177,89,67.4,0.914,-380,81,67.9,0.987,-51
NQ_DRIVE,3859,"{'A': 700, 'T': 120, 'x': 0.2, 'mode': -1, 'tf': 1, 'k': 0.2, 'stop': 0, 'R': 1.0, 'hold': 240}",124,46.8,0.94,-396,89,52.8,1.053,325,81,51.9,1.016,95
NQ_DRIVE,3860,"{'A': 700, 'T': 120, 'x': 0.2, 'mode': -1, 'tf': 1, 'k': 0.2, 'stop': 0, 'R': 2.0, 'hold': 240}",124,33.9,1.025,201,89,43.8,1.366,2573,81,44.4,1.413,2642
NQ_DRIVE,3861,"{'A': 700, 'T': 120, 'x': 0.2, 'mode': -1, 'tf': 1, 'k': 0.35, 'stop': 0, 'R': 0.5, 'hold': 240}",124,67.7,1.249,1529,89,65.2,1.013,94,81,66.7,1.057,363
NQ_DRIVE,3862,"{'A': 700, 'T': 120, 'x': 0.2, 'mode': -1, 'tf': 1, 'k': 0.35, 'stop': 0, 'R': 1.0, 'hold': 240}",124,54.8,1.345,2944,89,53.9,1.155,1397,81,54.3,1.163,1349
NQ_DRIVE,3863,"{'A': 700, 'T': 120, 'x': 0.2, 'mode': -1, 'tf': 1, 'k': 0.35, 'stop': 0, 'R': 2.0, 'hold': 240}",124,47.6,1.394,3916,89,49.4,1.353,3470,81,49.4,1.312,2846
NQ_DRIVE,3864,"{'A': 700, 'T': 120, 'x': 0.35, 'mode': 1, 'tf': 0, 'k': 0.2, 'stop': 0, 'R': 0.5, 'hold': 240}",90,70.0,1.034,99,63,57.1,0.599,-1575,60,61.7,0.697,-1055
NQ_DRIVE,3865,"{'A': 700, 'T': 120, 'x': 0.35, 'mode': 1, 'tf': 0, 'k': 0.2, 'stop': 0, 'R': 1.0, 'hold': 240}",90,46.7,0.763,-1236,63,42.9,0.691,-1595,60,41.7,0.644,-1838
NQ_DRIVE,3866,"{'A': 700, 'T': 120, 'x': 0.35, 'mode': 1, 'tf': 0, 'k': 0.2, 'stop': 0, 'R': 2.0, 'hold': 240}",90,33.3,0.873,-802,63,25.4,0.612,-2598,60,23.3,0.552,-2973
NQ_DRIVE,3867,"{'A': 700, 'T': 120, 'x': 0.35, 'mode': 1, 'tf': 0, 'k': 0.35, 'stop': 0, 'R': 0.5, 'hold': 240}",90,64.4,0.771,-1389,63,58.7,0.67,-2071,60,58.3,0.636,-2265
NQ_DRIVE,3868,"{'A': 700, 'T': 120, 'x': 0.35, 'mode': 1, 'tf': 0, 'k': 0.35, 'stop': 0, 'R': 1.0, 'hold': 240}",90,45.6,0.725,-2426,63,44.4,0.744,-2053,60,43.3,0.721,-2235
NQ_DRIVE,3869,"{'A': 700, 'T': 120, 'x': 0.35, 'mode': 1, 'tf': 0, 'k': 0.35, 'stop': 0, 'R': 2.0, 'hold': 240}",90,34.4,0.713,-2921,63,36.5,0.699,-2591,60,36.7,0.658,-2948
NQ_DRIVE,3870,"{'A': 700, 'T': 120, 'x': 0.35, 'mode': 1, 'tf': 1, 'k': 0.2, 'stop': 0, 'R': 0.5, 'hold': 240}",46,65.2,0.825,-299,28,50.0,0.482,-1016,23,52.2,0.466,-866
NQ_DRIVE,3871,"{'A': 700, 'T': 120, 'x': 0.35, 'mode': 1, 'tf': 1, 'k': 0.2, 'stop': 0, 'R': 1.0, 'hold': 240}",46,43.5,0.709,-791,28,35.7,0.516,-1239,23,30.4,0.406,-1350
NQ_DRIVE,3872,"{'A': 700, 'T': 120, 'x': 0.35, 'mode': 1, 'tf': 1, 'k': 0.2, 'stop': 0, 'R': 2.0, 'hold': 240}",46,37.0,1.145,423,28,10.7,0.284,-2464,23,13.0,0.361,-1741
NQ_DRIVE,3873,"{'A': 700, 'T': 120, 'x': 0.35, 'mode': 1, 'tf': 1, 'k': 0.35, 'stop': 0, 'R': 0.5, 'hold': 240}",46,67.4,0.87,-372,28,57.1,0.626,-1106,23,56.5,0.546,-1171
NQ_DRIVE,3874,"{'A': 700, 'T': 120, 'x': 0.35, 'mode': 1, 'tf': 1, 'k': 0.35, 'stop': 0, 'R': 1.0, 'hold': 240}",46,52.2,0.997,-13,28,35.7,0.566,-1731,23,39.1,0.622,-1249
NQ_DRIVE,3875,"{'A': 700, 'T': 120, 'x': 0.35, 'mode': 1, 'tf': 1, 'k': 0.35, 'stop': 0, 'R': 2.0, 'hold': 240}",46,45.7,1.172,744,28,28.6,0.519,-2046,23,30.4,0.567,-1544
NQ_DRIVE,3880,"{'A': 700, 'T': 120, 'x': 0.35, 'mode': -1, 'tf': 0, 'k': 0.35, 'stop': 0, 'R': 1.0, 'hold': 240}",90,54.4,1.294,1946,63,55.6,1.281,1716,60,56.7,1.323,1914
NQ_DRIVE,3881,"{'A': 700, 'T': 120, 'x': 0.35, 'mode': -1, 'tf': 0, 'k': 0.35, 'stop': 0, 'R': 2.0, 'hold': 240}",90,45.6,1.371,2925,63,49.2,1.504,3493,60,50.0,1.52,3528
NQ_DRIVE,3882,"{'A': 700, 'T': 120, 'x': 0.35, 'mode': -1, 'tf': 1, 'k': 0.2, 'stop': 0, 'R': 0.5, 'hold': 240}",41,65.9,1.042,57,31,67.7,0.99,-14,25,64.0,0.846,-206
NQ_DRIVE,3883,"{'A': 700, 'T': 120, 'x': 0.35, 'mode': -1, 'tf': 1, 'k': 0.2, 'stop': 0, 'R': 1.0, 'hold': 240}",41,48.8,1.079,162,31,51.6,1.085,174,25,48.0,0.979,-39
NQ_DRIVE,3876,"{'A': 700, 'T': 120, 'x': 0.35, 'mode': -1, 'tf': 0, 'k': 0.2, 'stop': 0, 'R': 0.5, 'hold': 240}",90,71.1,1.303,750,63,73.0,1.293,697,60,71.7,1.223,535
NQ_DRIVE,3877,"{'A': 700, 'T': 120, 'x': 0.35, 'mode': -1, 'tf': 0, 'k': 0.2, 'stop': 0, 'R': 1.0, 'hold': 240}",90,52.2,1.142,605,63,57.1,1.34,1261,60,58.3,1.44,1520
NQ_DRIVE,3878,"{'A': 700, 'T': 120, 'x': 0.35, 'mode': -1, 'tf': 0, 'k': 0.2, 'stop': 0, 'R': 2.0, 'hold': 240}",90,38.9,1.265,1449,63,42.9,1.435,2113,60,43.3,1.506,2326
NQ_DRIVE,3879,"{'A': 700, 'T': 120, 'x': 0.35, 'mode': -1, 'tf': 0, 'k': 0.35, 'stop': 0, 'R': 0.5, 'hold': 240}",90,71.1,1.279,1229,63,76.2,1.857,2734,60,78.3,1.939,2803
NQ_DRIVE,3884,"{'A': 700, 'T': 120, 'x': 0.35, 'mode': -1, 'tf': 1, 'k': 0.2, 'stop': 0, 'R': 2.0, 'hold': 240}",41,41.5,1.447,1071,31,48.4,1.726,1540,25,44.0,1.459,876
NQ_DRIVE,3885,"{'A': 700, 'T': 120, 'x': 0.35, 'mode': -1, 'tf': 1, 'k': 0.35, 'stop': 0, 'R': 0.5, 'hold': 240}",41,75.6,1.904,1374,31,67.7,1.354,708,25,76.0,2.073,1310
NQ_DRIVE,3886,"{'A': 700, 'T': 120, 'x': 0.35, 'mode': -1, 'tf': 1, 'k': 0.35, 'stop': 0, 'R': 1.0, 'hold': 240}",41,63.4,1.92,2240,31,54.8,1.322,958,25,56.0,1.332,803
NQ_DRIVE,3887,"{'A': 700, 'T': 120, 'x': 0.35, 'mode': -1, 'tf': 1, 'k': 0.35, 'stop': 0, 'R': 2.0, 'hold': 240}",41,56.1,1.895,2654,31,51.6,1.589,1955,25,52.0,1.412,1141
NQ_DRIVE,3892,"{'A': 700, 'T': 240, 'x': 0.1, 'mode': 1, 'tf': 0, 'k': 0.35, 'stop': 0, 'R': 1.0, 'hold': 240}",786,52.3,1.047,2425,569,52.7,1.011,525,542,53.5,1.036,1673
NQ_DRIVE,3893,"{'A': 700, 'T': 240, 'x': 0.1, 'mode': 1, 'tf': 0, 'k': 0.35, 'stop': 0, 'R': 2.0, 'hold': 240}",786,48.2,1.054,2975,569,51.0,1.052,2609,542,51.7,1.064,3092
NQ_DRIVE,3894,"{'A': 700, 'T': 240, 'x': 0.1, 'mode': 1, 'tf': 1, 'k': 0.2, 'stop': 0, 'R': 0.5, 'hold': 240}",390,68.5,0.995,-62,276,69.6,1.219,2397,234,65.8,1.019,202
NQ_DRIVE,3895,"{'A': 700, 'T': 240, 'x': 0.1, 'mode': 1, 'tf': 1, 'k': 0.2, 'stop': 0, 'R': 1.0, 'hold': 240}",390,53.8,1.032,586,276,55.1,1.23,3623,234,53.8,1.146,2078
NQ_DRIVE,3896,"{'A': 700, 'T': 240, 'x': 0.1, 'mode': 1, 'tf': 1, 'k': 0.2, 'stop': 0, 'R': 2.0, 'hold': 240}",390,45.4,1.143,3071,276,45.7,1.168,3191,234,44.0,1.047,800
NQ_DRIVE,3897,"{'A': 700, 'T': 240, 'x': 0.1, 'mode': 1, 'tf': 1, 'k': 0.35, 'stop': 0, 'R': 0.5, 'hold': 240}",390,64.6,0.978,-461,276,64.9,1.161,2804,234,66.2,1.172,2606
NQ_DRIVE,3898,"{'A': 700, 'T': 240, 'x': 0.1, 'mode': 1, 'tf': 1, 'k': 0.35, 'stop': 0, 'R': 1.0, 'hold': 240}",390,56.2,1.111,2763,276,55.1,1.133,2957,234,56.4,1.093,1798
NQ_DRIVE,3899,"{'A': 700, 'T': 240, 'x': 0.1, 'mode': 1, 'tf': 1, 'k': 0.35, 'stop': 0, 'R': 2.0, 'hold': 240}",390,53.3,1.166,4393,276,52.9,1.176,4145,234,53.8,1.119,2464
NQ_DRIVE,3900,"{'A': 700, 'T': 240, 'x': 0.1, 'mode': -1, 'tf': 0, 'k': 0.2, 'stop': 0, 'R': 0.5, 'hold': 240}",786,62.7,0.815,-5421,569,63.4,0.85,-4301,542,63.3,0.835,-4669
NQ_DRIVE,3901,"{'A': 700, 'T': 240, 'x': 0.1, 'mode': -1, 'tf': 0, 'k': 0.2, 'stop': 0, 'R': 1.0, 'hold': 240}",786,47.3,0.869,-5262,569,46.6,0.831,-6823,542,45.9,0.818,-7276
NQ_DRIVE,3902,"{'A': 700, 'T': 240, 'x': 0.1, 'mode': -1, 'tf': 0, 'k': 0.2, 'stop': 0, 'R': 2.0, 'hold': 240}",786,36.8,0.915,-3951,569,36.4,0.864,-6342,542,35.4,0.831,-7778
NQ_DRIVE,3903,"{'A': 700, 'T': 240, 'x': 0.1, 'mode': -1, 'tf': 0, 'k': 0.35, 'stop': 0, 'R': 0.5, 'hold': 240}",786,58.8,0.827,-7957,569,59.8,0.965,-1418,542,59.8,0.956,-1718
NQ_DRIVE,3904,"{'A': 700, 'T': 240, 'x': 0.1, 'mode': -1, 'tf': 0, 'k': 0.35, 'stop': 0, 'R': 1.0, 'hold': 240}",786,46.1,0.876,-6992,569,46.0,0.928,-3665,542,45.4,0.907,-4669
NQ_DRIVE,3905,"{'A': 700, 'T': 240, 'x': 0.1, 'mode': -1, 'tf': 0, 'k': 0.35, 'stop': 0, 'R': 2.0, 'hold': 240}",786,42.1,0.886,-6692,569,41.8,0.97,-1614,542,41.7,0.967,-1723
NQ_DRIVE,3906,"{'A': 700, 'T': 240, 'x': 0.1, 'mode': -1, 'tf': 1, 'k': 0.2, 'stop': 0, 'R': 0.5, 'hold': 240}",367,66.5,0.915,-1095,275,68.0,0.994,-77,241,64.7,0.869,-1621
NQ_DRIVE,3907,"{'A': 700, 'T': 240, 'x': 0.1, 'mode': -1, 'tf': 1, 'k': 0.2, 'stop': 0, 'R': 1.0, 'hold': 240}",367,50.1,0.912,-1636,275,49.5,0.917,-1574,241,45.2,0.838,-2935
NQ_DRIVE,3908,"{'A': 700, 'T': 240, 'x': 0.1, 'mode': -1, 'tf': 1, 'k': 0.2, 'stop': 0, 'R': 2.0, 'hold': 240}",367,40.6,0.966,-725,275,39.3,0.984,-358,241,35.3,0.868,-2785
NQ_DRIVE,3909,"{'A': 700, 'T': 240, 'x': 0.1, 'mode': -1, 'tf': 1, 'k': 0.35, 'stop': 0, 'R': 0.5, 'hold': 240}",367,61.6,0.869,-2759,275,64.7,1.172,3004,241,62.2,1.074,1244
NQ_DRIVE,3910,"{'A': 700, 'T': 240, 'x': 0.1, 'mode': -1, 'tf': 1, 'k': 0.35, 'stop': 0, 'R': 1.0, 'hold': 240}",367,50.1,0.958,-1059,275,49.8,1.058,1354,241,47.7,0.976,-536
NQ_DRIVE,3911,"{'A': 700, 'T': 240, 'x': 0.1, 'mode': -1, 'tf': 1, 'k': 0.35, 'stop': 0, 'R': 2.0, 'hold': 240}",367,46.9,0.994,-149,275,45.8,1.116,2855,241,44.0,1.053,1235
NQ_DRIVE,3920,"{'A': 700, 'T': 240, 'x': 0.2, 'mode': 1, 'tf': 1, 'k': 0.2, 'stop': 0, 'R': 2.0, 'hold': 240}",302,47.0,1.247,3988,210,43.8,1.108,1650,178,43.3,1.026,353
NQ_DRIVE,3921,"{'A': 700, 'T': 240, 'x': 0.2, 'mode': 1, 'tf': 1, 'k': 0.35, 'stop': 0, 'R': 0.5, 'hold': 240}",302,65.2,0.981,-316,210,65.7,1.215,2806,178,68.5,1.298,3219
NQ_DRIVE,3922,"{'A': 700, 'T': 240, 'x': 0.2, 'mode': 1, 'tf': 1, 'k': 0.35, 'stop': 0, 'R': 1.0, 'hold': 240}",302,57.0,1.163,3170,210,55.7,1.191,3204,178,59.0,1.223,3097
NQ_DRIVE,3923,"{'A': 700, 'T': 240, 'x': 0.2, 'mode': 1, 'tf': 1, 'k': 0.35, 'stop': 0, 'R': 2.0, 'hold': 240}",302,53.6,1.219,4581,210,53.3,1.246,4415,178,56.2,1.252,3778
NQ_DRIVE,3916,"{'A': 700, 'T': 240, 'x': 0.2, 'mode': 1, 'tf': 0, 'k': 0.35, 'stop': 0, 'R': 1.0, 'hold': 240}",597,53.3,1.076,2994,448,54.2,1.129,4693,429,55.7,1.187,6417
NQ_DRIVE,3917,"{'A': 700, 'T': 240, 'x': 0.2, 'mode': 1, 'tf': 0, 'k': 0.35, 'stop': 0, 'R': 2.0, 'hold': 240}",597,48.9,1.097,4057,448,52.5,1.184,6975,429,53.8,1.236,8416
NQ_DRIVE,3918,"{'A': 700, 'T': 240, 'x': 0.2, 'mode': 1, 'tf': 1, 'k': 0.2, 'stop': 0, 'R': 0.5, 'hold': 240}",302,68.9,1.023,218,210,68.6,1.181,1545,178,65.7,0.986,-116
NQ_DRIVE,3919,"{'A': 700, 'T': 240, 'x': 0.2, 'mode': 1, 'tf': 1, 'k': 0.2, 'stop': 0, 'R': 1.0, 'hold': 240}",302,54.6,1.065,921,210,53.8,1.174,2181,178,54.5,1.165,1793
NQ_DRIVE,3924,"{'A': 700, 'T': 240, 'x': 0.2, 'mode': -1, 'tf': 0, 'k': 0.2, 'stop': 0, 'R': 0.5, 'hold': 240}",597,63.1,0.829,-3770,448,64.3,0.88,-2642,429,63.6,0.84,-3561
NQ_DRIVE,3925,"{'A': 700, 'T': 240, 'x': 0.2, 'mode': -1, 'tf': 0, 'k': 0.2, 'stop': 0, 'R': 1.0, 'hold': 240}",597,46.7,0.854,-4525,448,46.7,0.817,-5883,429,44.5,0.758,-7965
NQ_DRIVE,3926,"{'A': 700, 'T': 240, 'x': 0.2, 'mode': -1, 'tf': 0, 'k': 0.2, 'stop': 0, 'R': 2.0, 'hold': 240}",597,36.2,0.931,-2456,448,34.4,0.78,-8381,429,32.4,0.72,-10722
NQ_DRIVE,3927,"{'A': 700, 'T': 240, 'x': 0.2, 'mode': -1, 'tf': 0, 'k': 0.35, 'stop': 0, 'R': 0.5, 'hold': 240}",597,58.0,0.795,-7353,448,60.0,0.929,-2326,429,59.7,0.913,-2843
NQ_DRIVE,3912,"{'A': 700, 'T': 240, 'x': 0.2, 'mode': 1, 'tf': 0, 'k': 0.2, 'stop': 0, 'R': 0.5, 'hold': 240}",597,69.2,1.056,1055,448,69.6,1.197,3517,429,71.6,1.284,4742
NQ_DRIVE,3913,"{'A': 700, 'T': 240, 'x': 0.2, 'mode': 1, 'tf': 0, 'k': 0.2, 'stop': 0, 'R': 1.0, 'hold': 240}",597,52.9,1.046,1279,448,52.7,1.132,3626,429,54.5,1.205,5371
NQ_DRIVE,3914,"{'A': 700, 'T': 240, 'x': 0.2, 'mode': 1, 'tf': 0, 'k': 0.2, 'stop': 0, 'R': 2.0, 'hold': 240}",597,43.2,1.128,4227,448,42.4,1.058,1908,429,43.1,1.084,2702
NQ_DRIVE,3915,"{'A': 700, 'T': 240, 'x': 0.2, 'mode': 1, 'tf': 0, 'k': 0.35, 'stop': 0, 'R': 0.5, 'hold': 240}",597,64.0,0.992,-256,448,65.6,1.202,5652,429,67.6,1.308,8028
NQ_DRIVE,3932,"{'A': 700, 'T': 240, 'x': 0.2, 'mode': -1, 'tf': 1, 'k': 0.2, 'stop': 0, 'R': 2.0, 'hold': 240}",269,39.4,0.985,-245,224,36.6,0.845,-2873,197,33.0,0.732,-4806
NQ_DRIVE,3933,"{'A': 700, 'T': 240, 'x': 0.2, 'mode': -1, 'tf': 1, 'k': 0.35, 'stop': 0, 'R': 0.5, 'hold': 240}",269,61.3,0.886,-1744,224,63.4,1.042,648,197,62.4,0.98,-298
NQ_DRIVE,3934,"{'A': 700, 'T': 240, 'x': 0.2, 'mode': -1, 'tf': 1, 'k': 0.35, 'stop': 0, 'R': 1.0, 'hold': 240}",269,48.7,0.962,-698,224,47.3,0.899,-2029,197,46.2,0.832,-3211
NQ_DRIVE,3935,"{'A': 700, 'T': 240, 'x': 0.2, 'mode': -1, 'tf': 1, 'k': 0.35, 'stop': 0, 'R': 2.0, 'hold': 240}",269,46.5,1.062,1198,224,42.9,0.933,-1436,197,42.1,0.871,-2618
NQ_DRIVE,3936,"{'A': 700, 'T': 240, 'x': 0.35, 'mode': 1, 'tf': 0, 'k': 0.2, 'stop': 0, 'R': 0.5, 'hold': 240}",385,69.1,1.096,1126,278,69.8,1.244,2618,263,73.8,1.441,4145
NQ_DRIVE,3937,"{'A': 700, 'T': 240, 'x': 0.35, 'mode': 1, 'tf': 0, 'k': 0.2, 'stop': 0, 'R': 1.0, 'hold': 240}",385,52.7,1.063,1120,278,52.5,1.185,3065,263,57.4,1.396,5829
NQ_DRIVE,3938,"{'A': 700, 'T': 240, 'x': 0.35, 'mode': 1, 'tf': 0, 'k': 0.2, 'stop': 0, 'R': 2.0, 'hold': 240}",385,44.9,1.235,4732,278,41.7,1.122,2490,263,44.9,1.249,4705
NQ_DRIVE,3939,"{'A': 700, 'T': 240, 'x': 0.35, 'mode': 1, 'tf': 0, 'k': 0.35, 'stop': 0, 'R': 0.5, 'hold': 240}",385,65.2,1.045,874,278,65.8,1.17,3064,263,69.2,1.344,5453
NQ_DRIVE,3944,"{'A': 700, 'T': 240, 'x': 0.35, 'mode': 1, 'tf': 1, 'k': 0.2, 'stop': 0, 'R': 2.0, 'hold': 240}",190,47.9,1.349,3427,132,44.7,1.268,2413,115,47.0,1.317,2500
NQ_DRIVE,3945,"{'A': 700, 'T': 240, 'x': 0.35, 'mode': 1, 'tf': 1, 'k': 0.35, 'stop': 0, 'R': 0.5, 'hold': 240}",190,67.4,1.087,824,132,68.2,1.326,2627,115,72.2,1.493,3241
NQ_DRIVE,3946,"{'A': 700, 'T': 240, 'x': 0.35, 'mode': 1, 'tf': 1, 'k': 0.35, 'stop': 0, 'R': 1.0, 'hold': 240}",190,61.1,1.443,4808,132,57.6,1.205,2261,115,61.7,1.303,2781
NQ_DRIVE,3947,"{'A': 700, 'T': 240, 'x': 0.35, 'mode': 1, 'tf': 1, 'k': 0.35, 'stop': 0, 'R': 2.0, 'hold': 240}",190,55.8,1.353,4348,132,55.3,1.293,3412,115,59.1,1.38,3706
NQ_DRIVE,3940,"{'A': 700, 'T': 240, 'x': 0.35, 'mode': 1, 'tf': 0, 'k': 0.35, 'stop': 0, 'R': 1.0, 'hold': 240}",385,56.6,1.226,5276,278,54.7,1.092,2196,263,57.8,1.231,4985
NQ_DRIVE,3941,"{'A': 700, 'T': 240, 'x': 0.35, 'mode': 1, 'tf': 0, 'k': 0.35, 'stop': 0, 'R': 2.0, 'hold': 240}",385,51.4,1.208,5302,278,52.5,1.151,3756,263,55.5,1.287,6433
NQ_DRIVE,3942,"{'A': 700, 'T': 240, 'x': 0.35, 'mode': 1, 'tf': 1, 'k': 0.2, 'stop': 0, 'R': 0.5, 'hold': 240}",190,69.5,1.068,398,132,69.7,1.338,1665,115,70.4,1.268,1214
NQ_DRIVE,3943,"{'A': 700, 'T': 240, 'x': 0.35, 'mode': 1, 'tf': 1, 'k': 0.2, 'stop': 0, 'R': 1.0, 'hold': 240}",190,55.8,1.143,1217,132,56.1,1.464,3213,115,60.0,1.592,3456
NQ_DRIVE,3948,"{'A': 700, 'T': 240, 'x': 0.35, 'mode': -1, 'tf': 0, 'k': 0.2, 'stop': 0, 'R': 0.5, 'hold': 240}",385,61.0,0.735,-4023,278,64.0,0.856,-1972,263,62.4,0.789,-2963
NQ_DRIVE,3949,"{'A': 700, 'T': 240, 'x': 0.35, 'mode': -1, 'tf': 0, 'k': 0.2, 'stop': 0, 'R': 1.0, 'hold': 240}",385,47.0,0.841,-3172,278,46.8,0.783,-4411,263,42.2,0.664,-7141
NQ_DRIVE,3950,"{'A': 700, 'T': 240, 'x': 0.35, 'mode': -1, 'tf': 0, 'k': 0.2, 'stop': 0, 'R': 2.0, 'hold': 240}",385,35.1,0.895,-2462,278,34.2,0.812,-4488,263,30.8,0.703,-7140
NQ_DRIVE,3951,"{'A': 700, 'T': 240, 'x': 0.35, 'mode': -1, 'tf': 0, 'k': 0.35, 'stop': 0, 'R': 0.5, 'hold': 240}",385,56.1,0.728,-6514,278,59.7,0.856,-3112,263,58.2,0.795,-4529
NQ_DRIVE,3952,"{'A': 700, 'T': 240, 'x': 0.35, 'mode': -1, 'tf': 0, 'k': 0.35, 'stop': 0, 'R': 1.0, 'hold': 240}",385,41.8,0.749,-7509,278,44.2,0.862,-3721,263,41.1,0.766,-6432
NQ_DRIVE,3953,"{'A': 700, 'T': 240, 'x': 0.35, 'mode': -1, 'tf': 0, 'k': 0.35, 'stop': 0, 'R': 2.0, 'hold': 240}",385,38.7,0.79,-6416,278,38.8,0.902,-2865,263,36.5,0.82,-5265
NQ_DRIVE,3954,"{'A': 700, 'T': 240, 'x': 0.35, 'mode': -1, 'tf': 1, 'k': 0.2, 'stop': 0, 'R': 0.5, 'hold': 240}",180,66.7,0.884,-743,137,70.1,1.061,345,113,68.1,0.971,-150
NQ_DRIVE,3955,"{'A': 700, 'T': 240, 'x': 0.35, 'mode': -1, 'tf': 1, 'k': 0.2, 'stop': 0, 'R': 1.0, 'hold': 240}",180,51.7,0.961,-345,137,49.6,0.899,-949,113,42.5,0.716,-2552
NQ_DRIVE,3956,"{'A': 700, 'T': 240, 'x': 0.35, 'mode': -1, 'tf': 1, 'k': 0.2, 'stop': 0, 'R': 2.0, 'hold': 240}",180,40.0,1.029,298,137,38.0,0.937,-682,113,32.7,0.751,-2506
NQ_DRIVE,3957,"{'A': 700, 'T': 240, 'x': 0.35, 'mode': -1, 'tf': 1, 'k': 0.35, 'stop': 0, 'R': 0.5, 'hold': 240}",180,60.0,0.849,-1535,137,63.5,0.961,-380,113,61.1,0.839,-1510
NQ_DRIVE,3958,"{'A': 700, 'T': 240, 'x': 0.35, 'mode': -1, 'tf': 1, 'k': 0.35, 'stop': 0, 'R': 1.0, 'hold': 240}",180,47.2,0.942,-712,137,47.4,0.915,-1076,113,43.4,0.762,-2841
NQ_DRIVE,3959,"{'A': 700, 'T': 240, 'x': 0.35, 'mode': -1, 'tf': 1, 'k': 0.35, 'stop': 0, 'R': 2.0, 'hold': 240}",180,45.0,1.0,6,137,41.6,0.917,-1136,113,38.9,0.815,-2323
NQ_DRIVE,3960,"{'A': 1000, 'T': 15, 'x': 0.1, 'mode': 1, 'tf': 0, 'k': 0.2, 'stop': 0, 'R': 0.5, 'hold': 240}",488,68.2,0.997,-49,328,67.4,0.997,-44,314,65.0,0.924,-1184
NQ_DRIVE,3961,"{'A': 1000, 'T': 15, 'x': 0.1, 'mode': 1, 'tf': 0, 'k': 0.2, 'stop': 0, 'R': 1.0, 'hold': 240}",488,52.9,1.098,2236,328,48.8,0.905,-2206,314,47.1,0.848,-3569
NQ_DRIVE,3962,"{'A': 1000, 'T': 15, 'x': 0.1, 'mode': 1, 'tf': 0, 'k': 0.2, 'stop': 0, 'R': 2.0, 'hold': 240}",488,41.0,1.121,3408,328,36.9,0.859,-3951,314,36.6,0.819,-5075
NQ_DRIVE,3963,"{'A': 1000, 'T': 15, 'x': 0.1, 'mode': 1, 'tf': 0, 'k': 0.35, 'stop': 0, 'R': 0.5, 'hold': 240}",488,65.8,1.05,1279,328,65.9,1.066,1559,314,65.6,1.053,1256
NQ_DRIVE,3964,"{'A': 1000, 'T': 15, 'x': 0.1, 'mode': 1, 'tf': 0, 'k': 0.35, 'stop': 0, 'R': 1.0, 'hold': 240}",488,54.1,1.16,5223,328,51.5,1.018,575,314,53.2,1.006,175
NQ_DRIVE,3965,"{'A': 1000, 'T': 15, 'x': 0.1, 'mode': 1, 'tf': 0, 'k': 0.35, 'stop': 0, 'R': 2.0, 'hold': 240}",488,48.8,1.126,4548,328,46.0,0.973,-937,314,47.5,0.98,-698
NQ_DRIVE,3966,"{'A': 1000, 'T': 15, 'x': 0.1, 'mode': 1, 'tf': 1, 'k': 0.2, 'stop': 0, 'R': 0.5, 'hold': 240}",234,65.0,0.871,-1105,164,67.7,1.002,19,145,65.5,0.936,-471
NQ_DRIVE,3967,"{'A': 1000, 'T': 15, 'x': 0.1, 'mode': 1, 'tf': 1, 'k': 0.2, 'stop': 0, 'R': 1.0, 'hold': 240}",234,53.0,1.108,1203,164,50.6,0.944,-642,145,50.3,0.959,-425
NQ_DRIVE,3968,"{'A': 1000, 'T': 15, 'x': 0.1, 'mode': 1, 'tf': 1, 'k': 0.2, 'stop': 0, 'R': 2.0, 'hold': 240}",234,41.5,1.138,1916,164,42.7,1.056,742,145,42.8,1.023,277
NQ_DRIVE,3969,"{'A': 1000, 'T': 15, 'x': 0.1, 'mode': 1, 'tf': 1, 'k': 0.35, 'stop': 0, 'R': 0.5, 'hold': 240}",234,66.2,1.099,1217,164,63.4,0.931,-919,145,64.8,0.986,-168
NQ_DRIVE,3970,"{'A': 1000, 'T': 15, 'x': 0.1, 'mode': 1, 'tf': 1, 'k': 0.35, 'stop': 0, 'R': 1.0, 'hold': 240}",234,55.6,1.236,3699,164,52.4,1.001,13,145,55.2,1.046,680
NQ_DRIVE,3971,"{'A': 1000, 'T': 15, 'x': 0.1, 'mode': 1, 'tf': 1, 'k': 0.35, 'stop': 0, 'R': 2.0, 'hold': 240}",234,50.4,1.17,2937,164,45.7,0.932,-1271,145,49.0,0.982,-303
NQ_DRIVE,3984,"{'A': 1000, 'T': 15, 'x': 0.2, 'mode': 1, 'tf': 0, 'k': 0.2, 'stop': 0, 'R': 0.5, 'hold': 240}",174,67.8,0.961,-224,135,64.4,0.867,-901,123,63.4,0.839,-1045
NQ_DRIVE,3985,"{'A': 1000, 'T': 15, 'x': 0.2, 'mode': 1, 'tf': 0, 'k': 0.2, 'stop': 0, 'R': 1.0, 'hold': 240}",174,51.7,0.969,-275,135,41.5,0.644,-3983,123,42.3,0.643,-3753
NQ_DRIVE,3986,"{'A': 1000, 'T': 15, 'x': 0.2, 'mode': 1, 'tf': 0, 'k': 0.2, 'stop': 0, 'R': 2.0, 'hold': 240}",174,38.5,1.041,447,135,29.6,0.699,-3930,123,30.9,0.723,-3385
NQ_DRIVE,3987,"{'A': 1000, 'T': 15, 'x': 0.2, 'mode': 1, 'tf': 0, 'k': 0.35, 'stop': 0, 'R': 0.5, 'hold': 240}",174,65.5,0.919,-808,135,63.0,0.847,-1807,123,62.6,0.834,-1861
NQ_DRIVE,3976,"{'A': 1000, 'T': 15, 'x': 0.1, 'mode': -1, 'tf': 0, 'k': 0.35, 'stop': 0, 'R': 1.0, 'hold': 240}",488,44.7,0.8,-7875,328,48.2,0.927,-2438,314,45.9,0.929,-2321
NQ_DRIVE,3977,"{'A': 1000, 'T': 15, 'x': 0.1, 'mode': -1, 'tf': 0, 'k': 0.35, 'stop': 0, 'R': 2.0, 'hold': 240}",488,39.5,0.819,-7575,328,44.5,1.038,1349,314,42.0,1.057,1944
NQ_DRIVE,3978,"{'A': 1000, 'T': 15, 'x': 0.1, 'mode': -1, 'tf': 1, 'k': 0.2, 'stop': 0, 'R': 0.5, 'hold': 240}",232,64.7,0.846,-1297,153,66.7,0.975,-170,136,64.7,0.88,-800
NQ_DRIVE,3979,"{'A': 1000, 'T': 15, 'x': 0.1, 'mode': -1, 'tf': 1, 'k': 0.2, 'stop': 0, 'R': 1.0, 'hold': 240}",232,47.4,0.836,-2028,153,50.3,0.994,-61,136,55.9,1.286,2298
NQ_DRIVE,3980,"{'A': 1000, 'T': 15, 'x': 0.1, 'mode': -1, 'tf': 1, 'k': 0.2, 'stop': 0, 'R': 2.0, 'hold': 240}",232,37.1,0.937,-903,153,32.0,0.768,-3191,136,35.3,0.892,-1251
NQ_DRIVE,3981,"{'A': 1000, 'T': 15, 'x': 0.1, 'mode': -1, 'tf': 1, 'k': 0.35, 'stop': 0, 'R': 0.5, 'hold': 240}",232,61.2,0.861,-1894,153,66.7,1.12,1231,136,68.4,1.349,2895
NQ_DRIVE,3982,"{'A': 1000, 'T': 15, 'x': 0.1, 'mode': -1, 'tf': 1, 'k': 0.35, 'stop': 0, 'R': 1.0, 'hold': 240}",232,47.4,0.916,-1454,153,48.4,0.888,-1733,136,47.1,0.949,-690
NQ_DRIVE,3983,"{'A': 1000, 'T': 15, 'x': 0.1, 'mode': -1, 'tf': 1, 'k': 0.35, 'stop': 0, 'R': 2.0, 'hold': 240}",232,40.9,0.848,-2846,153,44.4,0.851,-2436,136,42.6,0.959,-577
NQ_DRIVE,3988,"{'A': 1000, 'T': 15, 'x': 0.2, 'mode': 1, 'tf': 0, 'k': 0.35, 'stop': 0, 'R': 1.0, 'hold': 240}",174,52.3,1.014,186,135,46.7,0.832,-2624,123,48.0,0.848,-2230
NQ_DRIVE,3989,"{'A': 1000, 'T': 15, 'x': 0.2, 'mode': 1, 'tf': 0, 'k': 0.35, 'stop': 0, 'R': 2.0, 'hold': 240}",174,46.0,1.065,933,135,41.5,0.89,-1848,123,40.7,0.912,-1411
NQ_DRIVE,3990,"{'A': 1000, 'T': 15, 'x': 0.2, 'mode': 1, 'tf': 1, 'k': 0.2, 'stop': 0, 'R': 0.5, 'hold': 240}",75,60.0,0.696,-965,59,59.3,0.628,-1300,52,59.6,0.676,-992
NQ_DRIVE,3991,"{'A': 1000, 'T': 15, 'x': 0.2, 'mode': 1, 'tf': 1, 'k': 0.2, 'stop': 0, 'R': 1.0, 'hold': 240}",75,44.0,0.734,-1189,59,40.7,0.585,-2060,52,42.3,0.652,-1521
NQ_DRIVE,3888,"{'A': 700, 'T': 240, 'x': 0.1, 'mode': 1, 'tf': 0, 'k': 0.2, 'stop': 0, 'R': 0.5, 'hold': 240}",786,68.6,1.044,1080,569,68.9,1.136,3230,542,69.7,1.165,3768
NQ_DRIVE,3889,"{'A': 700, 'T': 240, 'x': 0.1, 'mode': 1, 'tf': 0, 'k': 0.2, 'stop': 0, 'R': 1.0, 'hold': 240}",786,51.9,1.013,466,569,52.5,1.105,3669,542,53.1,1.119,4072
NQ_DRIVE,3890,"{'A': 700, 'T': 240, 'x': 0.1, 'mode': 1, 'tf': 0, 'k': 0.2, 'stop': 0, 'R': 2.0, 'hold': 240}",786,42.2,1.087,3808,569,42.5,1.02,833,542,42.6,1.013,530
NQ_DRIVE,3891,"{'A': 700, 'T': 240, 'x': 0.1, 'mode': 1, 'tf': 0, 'k': 0.35, 'stop': 0, 'R': 0.5, 'hold': 240}",786,62.7,0.976,-972,569,63.8,1.072,2748,542,64.9,1.128,4668
NQ_DRIVE,3992,"{'A': 1000, 'T': 15, 'x': 0.2, 'mode': 1, 'tf': 1, 'k': 0.2, 'stop': 0, 'R': 2.0, 'hold': 240}",75,32.0,0.799,-1077,59,33.9,0.826,-929,52,36.5,0.891,-525
NQ_DRIVE,3993,"{'A': 1000, 'T': 15, 'x': 0.2, 'mode': 1, 'tf': 1, 'k': 0.35, 'stop': 0, 'R': 0.5, 'hold': 240}",75,57.3,0.68,-1729,59,54.2,0.554,-2866,52,55.8,0.62,-2104
NQ_DRIVE,3994,"{'A': 1000, 'T': 15, 'x': 0.2, 'mode': 1, 'tf': 1, 'k': 0.35, 'stop': 0, 'R': 1.0, 'hold': 240}",75,46.7,0.794,-1379,59,44.1,0.717,-2103,52,48.1,0.805,-1271
NQ_DRIVE,3995,"{'A': 1000, 'T': 15, 'x': 0.2, 'mode': 1, 'tf': 1, 'k': 0.35, 'stop': 0, 'R': 2.0, 'hold': 240}",75,42.7,0.984,-113,59,39.0,0.802,-1596,52,44.2,1.005,35
NQ_DRIVE,3996,"{'A': 1000, 'T': 15, 'x': 0.2, 'mode': -1, 'tf': 0, 'k': 0.2, 'stop': 0, 'R': 0.5, 'hold': 240}",174,63.2,0.802,-1304,135,70.4,1.144,784,123,67.5,1.02,113
NQ_DRIVE,3997,"{'A': 1000, 'T': 15, 'x': 0.2, 'mode': -1, 'tf': 0, 'k': 0.2, 'stop': 0, 'R': 1.0, 'hold': 240}",174,47.7,0.909,-821,135,57.0,1.372,2848,123,56.9,1.404,2873
NQ_DRIVE,3998,"{'A': 1000, 'T': 15, 'x': 0.2, 'mode': -1, 'tf': 0, 'k': 0.2, 'stop': 0, 'R': 2.0, 'hold': 240}",174,34.5,0.921,-887,135,40.0,1.258,2814,123,39.8,1.226,2316
NQ_DRIVE,3999,"{'A': 1000, 'T': 15, 'x': 0.2, 'mode': -1, 'tf': 0, 'k': 0.35, 'stop': 0, 'R': 0.5, 'hold': 240}",174,63.2,0.906,-957,135,71.1,1.323,2719,123,70.7,1.348,2718
NQ_DRIVE,4000,"{'A': 1000, 'T': 15, 'x': 0.2, 'mode': -1, 'tf': 0, 'k': 0.35, 'stop': 0, 'R': 1.0, 'hold': 240}",174,47.7,0.919,-1123,135,53.3,1.142,1897,123,52.0,1.123,1568
NQ_DRIVE,4001,"{'A': 1000, 'T': 15, 'x': 0.2, 'mode': -1, 'tf': 0, 'k': 0.35, 'stop': 0, 'R': 2.0, 'hold': 240}",174,39.7,0.841,-2428,135,47.4,1.325,4630,123,46.3,1.32,4300
NQ_DRIVE,4002,"{'A': 1000, 'T': 15, 'x': 0.2, 'mode': -1, 'tf': 1, 'k': 0.2, 'stop': 0, 'R': 0.5, 'hold': 240}",91,58.2,0.624,-1491,70,67.1,1.054,162,53,66.0,1.04,96
NQ_DRIVE,4003,"{'A': 1000, 'T': 15, 'x': 0.2, 'mode': -1, 'tf': 1, 'k': 0.2, 'stop': 0, 'R': 1.0, 'hold': 240}",91,44.0,0.769,-1163,70,55.7,1.285,1182,53,62.3,1.81,2140
NQ_DRIVE,4004,"{'A': 1000, 'T': 15, 'x': 0.2, 'mode': -1, 'tf': 1, 'k': 0.2, 'stop': 0, 'R': 2.0, 'hold': 240}",91,31.9,0.768,-1417,70,31.4,0.818,-1195,53,35.8,0.972,-130
NQ_DRIVE,4005,"{'A': 1000, 'T': 15, 'x': 0.2, 'mode': -1, 'tf': 1, 'k': 0.35, 'stop': 0, 'R': 0.5, 'hold': 240}",91,60.4,0.768,-1343,70,72.9,1.465,1903,53,73.6,1.657,1939
NQ_DRIVE,4006,"{'A': 1000, 'T': 15, 'x': 0.2, 'mode': -1, 'tf': 1, 'k': 0.35, 'stop': 0, 'R': 1.0, 'hold': 240}",91,46.2,0.82,-1337,70,50.0,0.952,-353,53,50.9,1.053,297
NQ_DRIVE,4007,"{'A': 1000, 'T': 15, 'x': 0.2, 'mode': -1, 'tf': 1, 'k': 0.35, 'stop': 0, 'R': 2.0, 'hold': 240}",91,38.5,0.704,-2410,70,42.9,0.874,-1009,53,41.5,0.951,-299
NQ_DRIVE,4012,"{'A': 1000, 'T': 15, 'x': 0.35, 'mode': 1, 'tf': 0, 'k': 0.35, 'stop': 0, 'R': 1.0, 'hold': 240}",25,60.0,1.579,728,32,56.2,1.209,715,28,60.7,1.33,969
NQ_DRIVE,4013,"{'A': 1000, 'T': 15, 'x': 0.35, 'mode': 1, 'tf': 0, 'k': 0.35, 'stop': 0, 'R': 2.0, 'hold': 240}",25,52.0,1.484,714,32,46.9,1.309,1244,28,50.0,1.419,1494
NQ_DRIVE,4014,"{'A': 1000, 'T': 15, 'x': 0.35, 'mode': 1, 'tf': 1, 'k': 0.2, 'stop': 0, 'R': 0.5, 'hold': 240}",9,88.9,,262,12,58.3,,-397,12,58.3,,-397
NQ_DRIVE,4015,"{'A': 1000, 'T': 15, 'x': 0.35, 'mode': 1, 'tf': 1, 'k': 0.2, 'stop': 0, 'R': 1.0, 'hold': 240}",9,66.7,,265,12,41.7,,-511,12,41.7,,-486
NQ_DRIVE,4008,"{'A': 1000, 'T': 15, 'x': 0.35, 'mode': 1, 'tf': 0, 'k': 0.2, 'stop': 0, 'R': 0.5, 'hold': 240}",25,84.0,2.339,494,32,68.8,1.09,134,28,67.9,0.95,-76
NQ_DRIVE,4009,"{'A': 1000, 'T': 15, 'x': 0.35, 'mode': 1, 'tf': 0, 'k': 0.2, 'stop': 0, 'R': 1.0, 'hold': 240}",25,72.0,2.481,914,32,43.8,0.77,-588,28,46.4,0.734,-631
NQ_DRIVE,4010,"{'A': 1000, 'T': 15, 'x': 0.35, 'mode': 1, 'tf': 0, 'k': 0.2, 'stop': 0, 'R': 2.0, 'hold': 240}",25,52.0,1.804,824,32,37.5,1.17,474,28,39.3,1.102,267
NQ_DRIVE,4011,"{'A': 1000, 'T': 15, 'x': 0.35, 'mode': 1, 'tf': 0, 'k': 0.35, 'stop': 0, 'R': 0.5, 'hold': 240}",25,76.0,1.863,650,32,68.8,0.962,-103,28,67.9,0.886,-295
NQ_DRIVE,4016,"{'A': 1000, 'T': 15, 'x': 0.35, 'mode': 1, 'tf': 1, 'k': 0.2, 'stop': 0, 'R': 2.0, 'hold': 240}",9,44.4,,118,12,41.7,,217,12,41.7,,292
NQ_DRIVE,4017,"{'A': 1000, 'T': 15, 'x': 0.35, 'mode': 1, 'tf': 1, 'k': 0.35, 'stop': 0, 'R': 0.5, 'hold': 240}",9,66.7,,142,12,58.3,,-681,12,66.7,,-224
NQ_DRIVE,4018,"{'A': 1000, 'T': 15, 'x': 0.35, 'mode': 1, 'tf': 1, 'k': 0.35, 'stop': 0, 'R': 1.0, 'hold': 240}",9,55.6,,69,12,58.3,,232,12,66.7,,881
NQ_DRIVE,4019,"{'A': 1000, 'T': 15, 'x': 0.35, 'mode': 1, 'tf': 1, 'k': 0.35, 'stop': 0, 'R': 2.0, 'hold': 240}",9,55.6,,266,12,41.7,,358,12,58.3,,1348
NQ_DRIVE,4020,"{'A': 1000, 'T': 15, 'x': 0.35, 'mode': -1, 'tf': 0, 'k': 0.2, 'stop': 0, 'R': 0.5, 'hold': 240}",25,72.0,1.151,100,32,65.6,1.124,165,28,57.1,0.785,-335
NQ_DRIVE,4021,"{'A': 1000, 'T': 15, 'x': 0.35, 'mode': -1, 'tf': 0, 'k': 0.2, 'stop': 0, 'R': 1.0, 'hold': 240}",25,24.0,0.289,-1219,32,53.1,1.166,336,28,50.0,1.134,255
NQ_DRIVE,4022,"{'A': 1000, 'T': 15, 'x': 0.35, 'mode': -1, 'tf': 0, 'k': 0.2, 'stop': 0, 'R': 2.0, 'hold': 240}",25,20.0,0.344,-1190,32,31.2,1.027,79,28,28.6,1.012,33
NQ_DRIVE,4023,"{'A': 1000, 'T': 15, 'x': 0.35, 'mode': -1, 'tf': 0, 'k': 0.35, 'stop': 0, 'R': 0.5, 'hold': 240}",25,56.0,0.692,-456,32,62.5,0.801,-578,28,60.7,0.834,-436
NQ_DRIVE,4024,"{'A': 1000, 'T': 15, 'x': 0.35, 'mode': -1, 'tf': 0, 'k': 0.35, 'stop': 0, 'R': 1.0, 'hold': 240}",25,40.0,0.582,-863,32,43.8,0.791,-885,28,39.3,0.72,-1119
NQ_DRIVE,4025,"{'A': 1000, 'T': 15, 'x': 0.35, 'mode': -1, 'tf': 0, 'k': 0.35, 'stop': 0, 'R': 2.0, 'hold': 240}",25,24.0,0.39,-1426,32,37.5,1.052,234,28,35.7,1.05,207
NQ_DRIVE,4026,"{'A': 1000, 'T': 15, 'x': 0.35, 'mode': -1, 'tf': 1, 'k': 0.2, 'stop': 0, 'R': 0.5, 'hold': 240}",15,73.3,,94,19,63.2,,-36,10,50.0,,-319
NQ_DRIVE,4027,"{'A': 1000, 'T': 15, 'x': 0.35, 'mode': -1, 'tf': 1, 'k': 0.2, 'stop': 0, 'R': 1.0, 'hold': 240}",15,20.0,,-819,19,47.4,,-250,10,50.0,,17
NQ_DRIVE,3928,"{'A': 700, 'T': 240, 'x': 0.2, 'mode': -1, 'tf': 0, 'k': 0.35, 'stop': 0, 'R': 1.0, 'hold': 240}",597,45.1,0.852,-6516,448,44.4,0.832,-7161,429,43.1,0.792,-8787
NQ_DRIVE,3929,"{'A': 700, 'T': 240, 'x': 0.2, 'mode': -1, 'tf': 0, 'k': 0.35, 'stop': 0, 'R': 2.0, 'hold': 240}",597,41.4,0.886,-5186,448,40.0,0.878,-5514,429,39.2,0.843,-6999
NQ_DRIVE,3930,"{'A': 700, 'T': 240, 'x': 0.2, 'mode': -1, 'tf': 1, 'k': 0.2, 'stop': 0, 'R': 0.5, 'hold': 240}",269,66.5,0.924,-711,224,68.3,1.006,59,197,66.0,0.882,-1174
NQ_DRIVE,3931,"{'A': 700, 'T': 240, 'x': 0.2, 'mode': -1, 'tf': 1, 'k': 0.2, 'stop': 0, 'R': 1.0, 'hold': 240}",269,49.8,0.921,-1073,224,48.2,0.854,-2306,197,44.2,0.76,-3700
NQ_DRIVE,4028,"{'A': 1000, 'T': 15, 'x': 0.35, 'mode': -1, 'tf': 1, 'k': 0.2, 'stop': 0, 'R': 2.0, 'hold': 240}",15,20.0,,-584,19,21.1,,-911,10,20.0,,-308
NQ_DRIVE,4029,"{'A': 1000, 'T': 15, 'x': 0.35, 'mode': -1, 'tf': 1, 'k': 0.35, 'stop': 0, 'R': 0.5, 'hold': 240}",15,46.7,,-647,19,63.2,,-450,10,60.0,,-209
NQ_DRIVE,4030,"{'A': 1000, 'T': 15, 'x': 0.35, 'mode': -1, 'tf': 1, 'k': 0.35, 'stop': 0, 'R': 1.0, 'hold': 240}",15,40.0,,-593,19,42.1,,-835,10,40.0,,-274
NQ_DRIVE,4031,"{'A': 1000, 'T': 15, 'x': 0.35, 'mode': -1, 'tf': 1, 'k': 0.35, 'stop': 0, 'R': 2.0, 'hold': 240}",15,26.7,,-636,19,31.6,,-841,10,30.0,,-165
NQ_DRIVE,4040,"{'A': 1000, 'T': 30, 'x': 0.1, 'mode': 1, 'tf': 1, 'k': 0.2, 'stop': 0, 'R': 2.0, 'hold': 240}",287,42.9,1.121,1922,208,43.3,1.084,1345,181,44.2,1.139,1961
NQ_DRIVE,4041,"{'A': 1000, 'T': 30, 'x': 0.1, 'mode': 1, 'tf': 1, 'k': 0.35, 'stop': 0, 'R': 0.5, 'hold': 240}",287,66.2,1.087,1281,208,60.6,0.886,-1824,181,60.8,0.863,-2035
NQ_DRIVE,4042,"{'A': 1000, 'T': 30, 'x': 0.1, 'mode': 1, 'tf': 1, 'k': 0.35, 'stop': 0, 'R': 1.0, 'hold': 240}",287,56.1,1.181,3330,208,52.4,0.944,-1115,181,53.6,0.941,-1068
NQ_DRIVE,4043,"{'A': 1000, 'T': 30, 'x': 0.1, 'mode': 1, 'tf': 1, 'k': 0.35, 'stop': 0, 'R': 2.0, 'hold': 240}",287,51.6,1.137,2743,208,49.0,0.978,-455,181,50.8,1.003,52
NQ_DRIVE,4032,"{'A': 1000, 'T': 30, 'x': 0.1, 'mode': 1, 'tf': 0, 'k': 0.2, 'stop': 0, 'R': 0.5, 'hold': 240}",589,66.7,0.982,-350,407,66.1,0.949,-986,383,65.3,0.934,-1253
NQ_DRIVE,4033,"{'A': 1000, 'T': 30, 'x': 0.1, 'mode': 1, 'tf': 0, 'k': 0.2, 'stop': 0, 'R': 1.0, 'hold': 240}",589,50.9,1.021,597,407,49.4,0.907,-2637,383,48.3,0.894,-2929
NQ_DRIVE,4034,"{'A': 1000, 'T': 30, 'x': 0.1, 'mode': 1, 'tf': 0, 'k': 0.2, 'stop': 0, 'R': 2.0, 'hold': 240}",589,40.6,1.057,1942,407,39.6,0.983,-570,383,39.9,1.0,11
NQ_DRIVE,4035,"{'A': 1000, 'T': 30, 'x': 0.1, 'mode': 1, 'tf': 0, 'k': 0.35, 'stop': 0, 'R': 0.5, 'hold': 240}",589,62.1,0.908,-3130,407,60.2,0.836,-5449,383,60.3,0.838,-5243
NQ_DRIVE,4036,"{'A': 1000, 'T': 30, 'x': 0.1, 'mode': 1, 'tf': 0, 'k': 0.35, 'stop': 0, 'R': 1.0, 'hold': 240}",589,51.8,1.011,478,407,49.9,0.949,-2046,383,51.2,0.964,-1397
NQ_DRIVE,4037,"{'A': 1000, 'T': 30, 'x': 0.1, 'mode': 1, 'tf': 0, 'k': 0.35, 'stop': 0, 'R': 2.0, 'hold': 240}",589,47.5,1.009,415,407,46.2,0.953,-2010,383,47.5,0.975,-1044
NQ_DRIVE,4038,"{'A': 1000, 'T': 30, 'x': 0.1, 'mode': 1, 'tf': 1, 'k': 0.2, 'stop': 0, 'R': 0.5, 'hold': 240}",287,70.0,1.145,1235,208,65.4,0.935,-642,181,65.7,0.94,-536
NQ_DRIVE,4039,"{'A': 1000, 'T': 30, 'x': 0.1, 'mode': 1, 'tf': 1, 'k': 0.2, 'stop': 0, 'R': 1.0, 'hold': 240}",287,54.0,1.161,2064,208,52.4,1.063,851,181,51.9,1.074,882
NQ_DRIVE,4052,"{'A': 1000, 'T': 30, 'x': 0.1, 'mode': -1, 'tf': 1, 'k': 0.2, 'stop': 0, 'R': 2.0, 'hold': 240}",275,41.1,1.072,1190,190,42.1,1.185,2683,162,43.2,1.225,2776
NQ_DRIVE,4053,"{'A': 1000, 'T': 30, 'x': 0.1, 'mode': -1, 'tf': 1, 'k': 0.35, 'stop': 0, 'R': 0.5, 'hold': 240}",275,64.4,0.968,-500,190,66.3,1.061,829,162,64.2,0.98,-256
NQ_DRIVE,4054,"{'A': 1000, 'T': 30, 'x': 0.1, 'mode': -1, 'tf': 1, 'k': 0.35, 'stop': 0, 'R': 1.0, 'hold': 240}",275,53.8,1.107,2044,190,52.1,0.968,-626,162,50.6,0.964,-605
NQ_DRIVE,4055,"{'A': 1000, 'T': 30, 'x': 0.1, 'mode': -1, 'tf': 1, 'k': 0.35, 'stop': 0, 'R': 2.0, 'hold': 240}",275,48.7,1.069,1432,190,48.9,1.021,420,162,49.4,1.065,1127
NQ_DRIVE,4044,"{'A': 1000, 'T': 30, 'x': 0.1, 'mode': -1, 'tf': 0, 'k': 0.2, 'stop': 0, 'R': 0.5, 'hold': 240}",589,63.3,0.829,-3703,407,64.4,0.894,-2129,383,65.3,0.921,-1501
NQ_DRIVE,4045,"{'A': 1000, 'T': 30, 'x': 0.1, 'mode': -1, 'tf': 0, 'k': 0.2, 'stop': 0, 'R': 1.0, 'hold': 240}",589,48.6,0.87,-3980,407,50.4,1.017,466,383,51.2,1.034,886
NQ_DRIVE,4046,"{'A': 1000, 'T': 30, 'x': 0.1, 'mode': -1, 'tf': 0, 'k': 0.2, 'stop': 0, 'R': 2.0, 'hold': 240}",589,38.2,0.979,-747,407,39.8,1.052,1684,383,39.7,1.065,2018
NQ_DRIVE,4047,"{'A': 1000, 'T': 30, 'x': 0.1, 'mode': -1, 'tf': 0, 'k': 0.35, 'stop': 0, 'R': 0.5, 'hold': 240}",589,59.8,0.824,-6276,407,62.7,0.974,-771,383,61.4,0.935,-1941
NQ_DRIVE,4048,"{'A': 1000, 'T': 30, 'x': 0.1, 'mode': -1, 'tf': 0, 'k': 0.35, 'stop': 0, 'R': 1.0, 'hold': 240}",589,47.7,0.915,-3748,407,49.1,0.986,-535,383,48.0,0.979,-805
NQ_DRIVE,4049,"{'A': 1000, 'T': 30, 'x': 0.1, 'mode': -1, 'tf': 0, 'k': 0.35, 'stop': 0, 'R': 2.0, 'hold': 240}",589,43.3,0.944,-2590,407,46.2,1.082,3379,383,45.4,1.07,2788
NQ_DRIVE,4050,"{'A': 1000, 'T': 30, 'x': 0.1, 'mode': -1, 'tf': 1, 'k': 0.2, 'stop': 0, 'R': 0.5, 'hold': 240}",275,65.5,0.938,-590,190,67.4,1.093,764,162,68.5,1.117,822
NQ_DRIVE,4051,"{'A': 1000, 'T': 30, 'x': 0.1, 'mode': -1, 'tf': 1, 'k': 0.2, 'stop': 0, 'R': 1.0, 'hold': 240}",275,52.4,1.004,56,190,53.2,1.188,2175,162,55.6,1.265,2604
NQ_DRIVE,4056,"{'A': 1000, 'T': 30, 'x': 0.2, 'mode': 1, 'tf': 0, 'k': 0.2, 'stop': 0, 'R': 0.5, 'hold': 240}",300,68.3,1.008,82,218,65.1,0.92,-830,199,63.8,0.873,-1274
NQ_DRIVE,4057,"{'A': 1000, 'T': 30, 'x': 0.2, 'mode': 1, 'tf': 0, 'k': 0.2, 'stop': 0, 'R': 1.0, 'hold': 240}",300,51.0,0.979,-307,218,46.8,0.805,-3125,199,43.7,0.714,-4474
NQ_DRIVE,4058,"{'A': 1000, 'T': 30, 'x': 0.2, 'mode': 1, 'tf': 0, 'k': 0.2, 'stop': 0, 'R': 2.0, 'hold': 240}",300,40.3,1.082,1458,218,36.7,0.87,-2456,199,35.7,0.861,-2462
NQ_DRIVE,4059,"{'A': 1000, 'T': 30, 'x': 0.2, 'mode': 1, 'tf': 0, 'k': 0.35, 'stop': 0, 'R': 0.5, 'hold': 240}",300,64.0,0.924,-1308,218,60.1,0.78,-4097,199,58.8,0.729,-4895
NQ_DRIVE,4060,"{'A': 1000, 'T': 30, 'x': 0.2, 'mode': 1, 'tf': 0, 'k': 0.35, 'stop': 0, 'R': 1.0, 'hold': 240}",300,53.7,1.067,1434,218,49.5,0.856,-3310,199,48.2,0.819,-3986
NQ_DRIVE,4061,"{'A': 1000, 'T': 30, 'x': 0.2, 'mode': 1, 'tf': 0, 'k': 0.35, 'stop': 0, 'R': 2.0, 'hold': 240}",300,48.3,1.069,1576,218,45.4,0.875,-3069,199,44.7,0.88,-2769
NQ_DRIVE,4062,"{'A': 1000, 'T': 30, 'x': 0.2, 'mode': 1, 'tf': 1, 'k': 0.2, 'stop': 0, 'R': 0.5, 'hold': 240}",141,72.3,1.232,958,101,65.3,0.915,-406,90,65.6,0.924,-327
NQ_DRIVE,4063,"{'A': 1000, 'T': 30, 'x': 0.2, 'mode': 1, 'tf': 1, 'k': 0.2, 'stop': 0, 'R': 1.0, 'hold': 240}",141,56.0,1.207,1346,101,52.5,1.057,373,90,51.1,1.021,129
NQ_DRIVE,4064,"{'A': 1000, 'T': 30, 'x': 0.2, 'mode': 1, 'tf': 1, 'k': 0.2, 'stop': 0, 'R': 2.0, 'hold': 240}",141,46.1,1.273,2169,101,40.6,0.953,-382,90,41.1,1.087,649
NQ_DRIVE,4065,"{'A': 1000, 'T': 30, 'x': 0.2, 'mode': 1, 'tf': 1, 'k': 0.35, 'stop': 0, 'R': 0.5, 'hold': 240}",141,70.9,1.246,1712,101,62.4,0.833,-1376,90,62.2,0.807,-1499
NQ_DRIVE,4066,"{'A': 1000, 'T': 30, 'x': 0.2, 'mode': 1, 'tf': 1, 'k': 0.35, 'stop': 0, 'R': 1.0, 'hold': 240}",141,61.7,1.43,3698,101,52.5,0.804,-2086,90,52.2,0.839,-1597
NQ_DRIVE,4067,"{'A': 1000, 'T': 30, 'x': 0.2, 'mode': 1, 'tf': 1, 'k': 0.35, 'stop': 0, 'R': 2.0, 'hold': 240}",141,57.4,1.393,3732,101,48.5,0.827,-1998,90,48.9,0.904,-1028
NQ_DRIVE,3972,"{'A': 1000, 'T': 15, 'x': 0.1, 'mode': -1, 'tf': 0, 'k': 0.2, 'stop': 0, 'R': 0.5, 'hold': 240}",488,63.9,0.828,-3106,328,64.9,0.89,-1753,314,64.6,0.87,-2074
NQ_DRIVE,3973,"{'A': 1000, 'T': 15, 'x': 0.1, 'mode': -1, 'tf': 0, 'k': 0.2, 'stop': 0, 'R': 1.0, 'hold': 240}",488,46.1,0.802,-5292,328,50.3,1.002,40,314,52.2,1.08,1668
NQ_DRIVE,3974,"{'A': 1000, 'T': 15, 'x': 0.1, 'mode': -1, 'tf': 0, 'k': 0.2, 'stop': 0, 'R': 2.0, 'hold': 240}",488,35.0,0.866,-4220,328,35.7,0.921,-2255,314,36.0,0.94,-1650
NQ_DRIVE,3975,"{'A': 1000, 'T': 15, 'x': 0.1, 'mode': -1, 'tf': 0, 'k': 0.35, 'stop': 0, 'R': 0.5, 'hold': 240}",488,59.0,0.806,-5830,328,62.5,0.948,-1296,314,63.1,1.014,336
NQ_DRIVE,4068,"{'A': 1000, 'T': 30, 'x': 0.2, 'mode': -1, 'tf': 0, 'k': 0.2, 'stop': 0, 'R': 0.5, 'hold': 240}",300,65.0,0.914,-896,218,65.6,0.931,-711,199,67.8,1.062,540
NQ_DRIVE,4069,"{'A': 1000, 'T': 30, 'x': 0.2, 'mode': -1, 'tf': 0, 'k': 0.2, 'stop': 0, 'R': 1.0, 'hold': 240}",300,48.7,0.91,-1397,218,53.2,1.146,1965,199,55.8,1.293,3414
NQ_DRIVE,4070,"{'A': 1000, 'T': 30, 'x': 0.2, 'mode': -1, 'tf': 0, 'k': 0.2, 'stop': 0, 'R': 2.0, 'hold': 240}",300,35.0,0.911,-1692,218,39.4,1.135,2308,199,40.7,1.238,3585
NQ_DRIVE,4071,"{'A': 1000, 'T': 30, 'x': 0.2, 'mode': -1, 'tf': 0, 'k': 0.35, 'stop': 0, 'R': 0.5, 'hold': 240}",300,61.3,0.854,-2676,218,65.6,1.143,2086,199,65.8,1.166,2229
NQ_DRIVE,4080,"{'A': 1000, 'T': 30, 'x': 0.35, 'mode': 1, 'tf': 0, 'k': 0.2, 'stop': 0, 'R': 0.5, 'hold': 240}",95,73.7,1.381,898,70,65.7,0.93,-230,66,62.1,0.775,-785
NQ_DRIVE,4081,"{'A': 1000, 'T': 30, 'x': 0.35, 'mode': 1, 'tf': 0, 'k': 0.2, 'stop': 0, 'R': 1.0, 'hold': 240}",95,54.7,1.264,1029,70,48.6,0.943,-270,66,47.0,0.869,-618
NQ_DRIVE,4082,"{'A': 1000, 'T': 30, 'x': 0.35, 'mode': 1, 'tf': 0, 'k': 0.2, 'stop': 0, 'R': 2.0, 'hold': 240}",95,41.1,1.294,1498,70,34.3,1.049,300,66,36.4,1.09,512
NQ_DRIVE,4083,"{'A': 1000, 'T': 30, 'x': 0.35, 'mode': 1, 'tf': 0, 'k': 0.35, 'stop': 0, 'R': 0.5, 'hold': 240}",95,68.4,1.103,483,70,60.0,0.831,-1001,66,62.1,0.859,-779
NQ_DRIVE,4072,"{'A': 1000, 'T': 30, 'x': 0.2, 'mode': -1, 'tf': 0, 'k': 0.35, 'stop': 0, 'R': 1.0, 'hold': 240}",300,46.3,0.869,-3099,218,50.0,1.086,1767,199,50.8,1.151,2793
NQ_DRIVE,4073,"{'A': 1000, 'T': 30, 'x': 0.2, 'mode': -1, 'tf': 0, 'k': 0.35, 'stop': 0, 'R': 2.0, 'hold': 240}",300,41.0,0.897,-2616,218,46.3,1.238,5076,199,47.2,1.298,5811
NQ_DRIVE,4074,"{'A': 1000, 'T': 30, 'x': 0.2, 'mode': -1, 'tf': 1, 'k': 0.2, 'stop': 0, 'R': 0.5, 'hold': 240}",147,68.0,1.112,490,112,68.8,1.193,864,92,71.7,1.402,1333
NQ_DRIVE,4075,"{'A': 1000, 'T': 30, 'x': 0.2, 'mode': -1, 'tf': 1, 'k': 0.2, 'stop': 0, 'R': 1.0, 'hold': 240}",147,53.7,1.146,962,112,58.0,1.457,2749,92,63.0,1.781,3429
NQ_DRIVE,4076,"{'A': 1000, 'T': 30, 'x': 0.2, 'mode': -1, 'tf': 1, 'k': 0.2, 'stop': 0, 'R': 2.0, 'hold': 240}",147,39.5,1.113,947,112,44.6,1.354,2881,92,48.9,1.624,3794
NQ_DRIVE,4077,"{'A': 1000, 'T': 30, 'x': 0.2, 'mode': -1, 'tf': 1, 'k': 0.35, 'stop': 0, 'R': 0.5, 'hold': 240}",147,67.3,1.088,672,112,68.8,1.257,1832,92,69.6,1.339,1906
NQ_DRIVE,4078,"{'A': 1000, 'T': 30, 'x': 0.2, 'mode': -1, 'tf': 1, 'k': 0.35, 'stop': 0, 'R': 1.0, 'hold': 240}",147,55.1,1.211,2066,112,52.7,1.031,341,92,55.4,1.193,1633
NQ_DRIVE,4079,"{'A': 1000, 'T': 30, 'x': 0.2, 'mode': -1, 'tf': 1, 'k': 0.35, 'stop': 0, 'R': 2.0, 'hold': 240}",147,48.3,1.149,1651,112,50.0,1.167,1925,92,53.3,1.368,3276
NQ_DRIVE,4084,"{'A': 1000, 'T': 30, 'x': 0.35, 'mode': 1, 'tf': 0, 'k': 0.35, 'stop': 0, 'R': 1.0, 'hold': 240}",95,54.7,1.135,903,70,47.1,0.986,-102,66,47.0,0.925,-543
NQ_DRIVE,4085,"{'A': 1000, 'T': 30, 'x': 0.35, 'mode': 1, 'tf': 0, 'k': 0.35, 'stop': 0, 'R': 2.0, 'hold': 240}",95,47.4,1.118,858,70,44.3,1.124,1004,66,43.9,1.094,731
NQ_DRIVE,4086,"{'A': 1000, 'T': 30, 'x': 0.35, 'mode': 1, 'tf': 1, 'k': 0.2, 'stop': 0, 'R': 0.5, 'hold': 240}",42,76.2,1.415,434,27,63.0,0.888,-147,24,62.5,0.889,-136
NQ_DRIVE,4087,"{'A': 1000, 'T': 30, 'x': 0.35, 'mode': 1, 'tf': 1, 'k': 0.2, 'stop': 0, 'R': 1.0, 'hold': 240}",42,59.5,1.338,575,27,51.9,1.101,177,24,50.0,1.059,99
NQ_DRIVE,4092,"{'A': 1000, 'T': 30, 'x': 0.35, 'mode': -1, 'tf': 0, 'k': 0.2, 'stop': 0, 'R': 0.5, 'hold': 240}",95,62.1,0.775,-774,70,65.7,0.923,-251,66,65.2,0.934,-203
NQ_DRIVE,4093,"{'A': 1000, 'T': 30, 'x': 0.35, 'mode': -1, 'tf': 0, 'k': 0.2, 'stop': 0, 'R': 1.0, 'hold': 240}",95,44.2,0.688,-1644,70,51.4,0.978,-102,66,53.0,1.063,267
NQ_DRIVE,4094,"{'A': 1000, 'T': 30, 'x': 0.35, 'mode': -1, 'tf': 0, 'k': 0.2, 'stop': 0, 'R': 2.0, 'hold': 240}",95,29.5,0.775,-1413,70,35.7,0.928,-437,66,37.9,0.973,-151
NQ_DRIVE,4095,"{'A': 1000, 'T': 30, 'x': 0.35, 'mode': -1, 'tf': 0, 'k': 0.35, 'stop': 0, 'R': 0.5, 'hold': 240}",95,58.9,0.679,-2041,70,68.6,1.045,237,66,65.2,0.92,-429
NQ_DRIVE,4088,"{'A': 1000, 'T': 30, 'x': 0.35, 'mode': 1, 'tf': 1, 'k': 0.2, 'stop': 0, 'R': 2.0, 'hold': 240}",42,54.8,2.068,2030,27,33.3,1.115,275,24,41.7,1.383,784
NQ_DRIVE,4089,"{'A': 1000, 'T': 30, 'x': 0.35, 'mode': 1, 'tf': 1, 'k': 0.35, 'stop': 0, 'R': 0.5, 'hold': 240}",42,69.0,1.017,39,27,59.3,0.776,-535,24,62.5,0.935,-129
NQ_DRIVE,4090,"{'A': 1000, 'T': 30, 'x': 0.35, 'mode': 1, 'tf': 1, 'k': 0.35, 'stop': 0, 'R': 1.0, 'hold': 240}",42,61.9,1.43,1172,27,44.4,0.855,-448,24,54.2,1.195,458
NQ_DRIVE,4091,"{'A': 1000, 'T': 30, 'x': 0.35, 'mode': 1, 'tf': 1, 'k': 0.35, 'stop': 0, 'R': 2.0, 'hold': 240}",42,59.5,1.68,1933,27,40.7,0.898,-349,24,50.0,1.323,868
NQ_DRIVE,4096,"{'A': 1000, 'T': 30, 'x': 0.35, 'mode': -1, 'tf': 0, 'k': 0.35, 'stop': 0, 'R': 1.0, 'hold': 240}",95,45.3,0.815,-1452,70,52.9,0.964,-273,66,53.0,1.027,187
NQ_DRIVE,4097,"{'A': 1000, 'T': 30, 'x': 0.35, 'mode': -1, 'tf': 0, 'k': 0.35, 'stop': 0, 'R': 2.0, 'hold': 240}",95,36.8,0.925,-639,70,48.6,1.127,1041,66,48.5,1.133,993
NQ_DRIVE,4098,"{'A': 1000, 'T': 30, 'x': 0.35, 'mode': -1, 'tf': 1, 'k': 0.2, 'stop': 0, 'R': 0.5, 'hold': 240}",49,69.4,1.088,124,40,67.5,1.153,243,32,71.9,1.621,610
NQ_DRIVE,4099,"{'A': 1000, 'T': 30, 'x': 0.35, 'mode': -1, 'tf': 1, 'k': 0.2, 'stop': 0, 'R': 1.0, 'hold': 240}",49,46.9,0.71,-777,40,55.0,1.158,376,32,56.2,1.272,484
NQ_DRIVE,4100,"{'A': 1000, 'T': 30, 'x': 0.35, 'mode': -1, 'tf': 1, 'k': 0.2, 'stop': 0, 'R': 2.0, 'hold': 240}",49,22.4,0.508,-1757,40,42.5,1.207,642,32,43.8,1.282,657
NQ_DRIVE,4101,"{'A': 1000, 'T': 30, 'x': 0.35, 'mode': -1, 'tf': 1, 'k': 0.35, 'stop': 0, 'R': 0.5, 'hold': 240}",49,69.4,1.049,123,40,67.5,1.063,183,32,68.8,1.132,284
NQ_DRIVE,4102,"{'A': 1000, 'T': 30, 'x': 0.35, 'mode': -1, 'tf': 1, 'k': 0.35, 'stop': 0, 'R': 1.0, 'hold': 240}",49,51.0,1.023,81,40,52.5,0.939,-269,32,56.2,1.165,510
NQ_DRIVE,4103,"{'A': 1000, 'T': 30, 'x': 0.35, 'mode': -1, 'tf': 1, 'k': 0.35, 'stop': 0, 'R': 2.0, 'hold': 240}",49,38.8,0.872,-534,40,50.0,1.193,893,32,53.1,1.465,1526
NQ_DRIVE,4104,"{'A': 1000, 'T': 60, 'x': 0.1, 'mode': 1, 'tf': 0, 'k': 0.2, 'stop': 0, 'R': 0.5, 'hold': 240}",708,67.9,1.013,301,499,67.5,1.089,1911,470,68.7,1.109,2259
NQ_DRIVE,4105,"{'A': 1000, 'T': 60, 'x': 0.1, 'mode': 1, 'tf': 0, 'k': 0.2, 'stop': 0, 'R': 1.0, 'hold': 240}",708,51.6,0.975,-861,499,50.5,1.009,294,470,51.7,1.04,1253
NQ_DRIVE,4106,"{'A': 1000, 'T': 60, 'x': 0.1, 'mode': 1, 'tf': 0, 'k': 0.2, 'stop': 0, 'R': 2.0, 'hold': 240}",708,41.2,1.031,1248,499,39.7,0.947,-2080,470,40.9,0.971,-1085
NQ_DRIVE,4107,"{'A': 1000, 'T': 60, 'x': 0.1, 'mode': 1, 'tf': 0, 'k': 0.35, 'stop': 0, 'R': 0.5, 'hold': 240}",708,63.0,0.977,-842,499,61.7,0.971,-1040,470,63.4,1.021,707
NQ_DRIVE,4112,"{'A': 1000, 'T': 60, 'x': 0.1, 'mode': 1, 'tf': 1, 'k': 0.2, 'stop': 0, 'R': 2.0, 'hold': 240}",346,43.6,1.053,1065,264,42.4,1.025,482,226,42.0,0.966,-596
NQ_DRIVE,4113,"{'A': 1000, 'T': 60, 'x': 0.1, 'mode': 1, 'tf': 1, 'k': 0.35, 'stop': 0, 'R': 0.5, 'hold': 240}",346,63.9,0.972,-521,264,62.9,0.97,-568,226,63.7,0.957,-725
NQ_DRIVE,4114,"{'A': 1000, 'T': 60, 'x': 0.1, 'mode': 1, 'tf': 1, 'k': 0.35, 'stop': 0, 'R': 1.0, 'hold': 240}",346,54.9,1.095,2119,264,51.1,0.955,-1076,226,53.5,0.942,-1240
NQ_DRIVE,4115,"{'A': 1000, 'T': 60, 'x': 0.1, 'mode': 1, 'tf': 1, 'k': 0.35, 'stop': 0, 'R': 2.0, 'hold': 240}",346,50.9,1.04,966,264,48.1,0.993,-167,226,50.0,0.984,-358
NQ_DRIVE,4108,"{'A': 1000, 'T': 60, 'x': 0.1, 'mode': 1, 'tf': 0, 'k': 0.35, 'stop': 0, 'R': 1.0, 'hold': 240}",708,51.8,1.034,1577,499,49.1,0.9,-4685,470,50.9,0.918,-3659
NQ_DRIVE,4109,"{'A': 1000, 'T': 60, 'x': 0.1, 'mode': 1, 'tf': 0, 'k': 0.35, 'stop': 0, 'R': 2.0, 'hold': 240}",708,47.3,1.007,330,499,46.3,0.94,-2912,470,47.9,0.963,-1711
NQ_DRIVE,4110,"{'A': 1000, 'T': 60, 'x': 0.1, 'mode': 1, 'tf': 1, 'k': 0.2, 'stop': 0, 'R': 0.5, 'hold': 240}",346,69.7,1.069,746,264,67.4,1.077,868,226,64.2,0.905,-1062
NQ_DRIVE,4111,"{'A': 1000, 'T': 60, 'x': 0.1, 'mode': 1, 'tf': 1, 'k': 0.2, 'stop': 0, 'R': 1.0, 'hold': 240}",346,53.2,1.005,83,264,53.0,1.068,1114,226,51.8,0.98,-302
NQ_DRIVE,4124,"{'A': 1000, 'T': 60, 'x': 0.1, 'mode': -1, 'tf': 1, 'k': 0.2, 'stop': 0, 'R': 2.0, 'hold': 240}",334,40.7,1.027,523,223,40.8,0.996,-70,187,36.4,0.875,-2072
NQ_DRIVE,4125,"{'A': 1000, 'T': 60, 'x': 0.1, 'mode': -1, 'tf': 1, 'k': 0.35, 'stop': 0, 'R': 0.5, 'hold': 240}",334,63.8,0.996,-76,223,66.8,1.193,2766,187,64.7,1.137,1782
NQ_DRIVE,4126,"{'A': 1000, 'T': 60, 'x': 0.1, 'mode': -1, 'tf': 1, 'k': 0.35, 'stop': 0, 'R': 1.0, 'hold': 240}",334,50.6,0.984,-357,223,52.9,1.12,2259,187,49.2,1.036,607
NQ_DRIVE,4127,"{'A': 1000, 'T': 60, 'x': 0.1, 'mode': -1, 'tf': 1, 'k': 0.35, 'stop': 0, 'R': 2.0, 'hold': 240}",334,48.2,1.091,2127,223,48.4,1.195,3909,187,45.5,1.108,1917
NQ_DRIVE,4120,"{'A': 1000, 'T': 60, 'x': 0.1, 'mode': -1, 'tf': 0, 'k': 0.35, 'stop': 0, 'R': 1.0, 'hold': 240}",708,46.8,0.884,-5816,499,49.7,1.037,1627,470,47.9,1.02,837
NQ_DRIVE,4121,"{'A': 1000, 'T': 60, 'x': 0.1, 'mode': -1, 'tf': 0, 'k': 0.35, 'stop': 0, 'R': 2.0, 'hold': 240}",708,43.4,0.908,-4787,499,45.9,1.127,5801,470,44.9,1.107,4748
NQ_DRIVE,4122,"{'A': 1000, 'T': 60, 'x': 0.1, 'mode': -1, 'tf': 1, 'k': 0.2, 'stop': 0, 'R': 0.5, 'hold': 240}",334,67.1,0.965,-387,223,67.7,0.939,-650,187,65.2,0.852,-1470
NQ_DRIVE,4123,"{'A': 1000, 'T': 60, 'x': 0.1, 'mode': -1, 'tf': 1, 'k': 0.2, 'stop': 0, 'R': 1.0, 'hold': 240}",334,50.9,0.978,-348,223,52.0,0.964,-555,187,47.1,0.851,-2139
NQ_DRIVE,4132,"{'A': 1000, 'T': 60, 'x': 0.2, 'mode': 1, 'tf': 0, 'k': 0.35, 'stop': 0, 'R': 1.0, 'hold': 240}",423,51.1,0.965,-1052,301,49.8,0.935,-1911,281,52.0,0.98,-535
NQ_DRIVE,4133,"{'A': 1000, 'T': 60, 'x': 0.2, 'mode': 1, 'tf': 0, 'k': 0.35, 'stop': 0, 'R': 2.0, 'hold': 240}",423,45.4,0.903,-3157,301,47.2,1.016,475,281,49.1,1.081,2271
NQ_DRIVE,4134,"{'A': 1000, 'T': 60, 'x': 0.2, 'mode': 1, 'tf': 1, 'k': 0.2, 'stop': 0, 'R': 0.5, 'hold': 240}",202,69.3,1.007,50,149,70.5,1.178,1081,128,68.8,0.996,-25
NQ_DRIVE,4135,"{'A': 1000, 'T': 60, 'x': 0.2, 'mode': 1, 'tf': 1, 'k': 0.2, 'stop': 0, 'R': 1.0, 'hold': 240}",202,51.5,0.924,-789,149,55.0,1.141,1303,128,54.7,1.076,648
NQ_DRIVE,4136,"{'A': 1000, 'T': 60, 'x': 0.2, 'mode': 1, 'tf': 1, 'k': 0.2, 'stop': 0, 'R': 2.0, 'hold': 240}",202,40.1,0.913,-1104,149,44.3,1.166,1882,128,43.8,1.117,1215
NQ_DRIVE,4137,"{'A': 1000, 'T': 60, 'x': 0.2, 'mode': 1, 'tf': 1, 'k': 0.35, 'stop': 0, 'R': 0.5, 'hold': 240}",202,65.3,0.97,-337,149,64.4,0.983,-187,128,64.1,0.934,-664
NQ_DRIVE,4138,"{'A': 1000, 'T': 60, 'x': 0.2, 'mode': 1, 'tf': 1, 'k': 0.35, 'stop': 0, 'R': 1.0, 'hold': 240}",202,54.5,1.026,366,149,53.7,1.035,500,128,55.5,1.032,407
NQ_DRIVE,4139,"{'A': 1000, 'T': 60, 'x': 0.2, 'mode': 1, 'tf': 1, 'k': 0.35, 'stop': 0, 'R': 2.0, 'hold': 240}",202,49.5,0.946,-822,149,51.0,1.163,2441,128,52.3,1.193,2585
NQ_DRIVE,4128,"{'A': 1000, 'T': 60, 'x': 0.2, 'mode': 1, 'tf': 0, 'k': 0.2, 'stop': 0, 'R': 0.5, 'hold': 240}",423,68.8,1.005,70,301,68.8,1.13,1645,281,71.5,1.211,2457
NQ_DRIVE,4129,"{'A': 1000, 'T': 60, 'x': 0.2, 'mode': 1, 'tf': 0, 'k': 0.2, 'stop': 0, 'R': 1.0, 'hold': 240}",423,50.8,0.915,-1805,301,51.5,1.052,1023,281,53.7,1.137,2504
NQ_DRIVE,4130,"{'A': 1000, 'T': 60, 'x': 0.2, 'mode': 1, 'tf': 0, 'k': 0.2, 'stop': 0, 'R': 2.0, 'hold': 240}",423,39.2,0.96,-1017,301,40.2,1.024,568,281,41.6,1.07,1599
NQ_DRIVE,4131,"{'A': 1000, 'T': 60, 'x': 0.2, 'mode': 1, 'tf': 0, 'k': 0.35, 'stop': 0, 'R': 0.5, 'hold': 240}",423,63.4,0.921,-1859,301,62.8,0.99,-216,281,65.1,1.088,1757
NQ_DRIVE,4116,"{'A': 1000, 'T': 60, 'x': 0.1, 'mode': -1, 'tf': 0, 'k': 0.2, 'stop': 0, 'R': 0.5, 'hold': 240}",708,64.8,0.91,-2200,499,63.3,0.829,-4387,470,62.8,0.808,-4867
NQ_DRIVE,4117,"{'A': 1000, 'T': 60, 'x': 0.1, 'mode': -1, 'tf': 0, 'k': 0.2, 'stop': 0, 'R': 1.0, 'hold': 240}",708,47.6,0.903,-3459,499,48.9,0.911,-3068,470,47.4,0.881,-4067
NQ_DRIVE,4118,"{'A': 1000, 'T': 60, 'x': 0.1, 'mode': -1, 'tf': 0, 'k': 0.2, 'stop': 0, 'R': 2.0, 'hold': 240}",708,37.3,0.94,-2511,499,38.9,0.972,-1125,470,37.4,0.938,-2412
NQ_DRIVE,4119,"{'A': 1000, 'T': 60, 'x': 0.1, 'mode': -1, 'tf': 0, 'k': 0.35, 'stop': 0, 'R': 0.5, 'hold': 240}",708,60.6,0.907,-3637,499,62.5,1.025,865,470,61.3,0.999,-30
NQ_DRIVE,4140,"{'A': 1000, 'T': 60, 'x': 0.2, 'mode': -1, 'tf': 0, 'k': 0.2, 'stop': 0, 'R': 0.5, 'hold': 240}",423,66.0,0.978,-311,301,64.8,0.884,-1733,281,64.4,0.866,-1950
NQ_DRIVE,4141,"{'A': 1000, 'T': 60, 'x': 0.2, 'mode': -1, 'tf': 0, 'k': 0.2, 'stop': 0, 'R': 1.0, 'hold': 240}",423,48.2,0.962,-792,301,47.8,0.873,-2734,281,45.2,0.801,-4303
NQ_DRIVE,4142,"{'A': 1000, 'T': 60, 'x': 0.2, 'mode': -1, 'tf': 0, 'k': 0.2, 'stop': 0, 'R': 2.0, 'hold': 240}",423,35.9,0.954,-1154,301,36.9,0.927,-1831,281,34.9,0.88,-2922
NQ_DRIVE,4143,"{'A': 1000, 'T': 60, 'x': 0.2, 'mode': -1, 'tf': 0, 'k': 0.35, 'stop': 0, 'R': 0.5, 'hold': 240}",423,61.9,0.952,-1103,301,63.8,1.037,802,281,61.6,0.962,-829
NQ_DRIVE,4144,"{'A': 1000, 'T': 60, 'x': 0.2, 'mode': -1, 'tf': 0, 'k': 0.35, 'stop': 0, 'R': 1.0, 'hold': 240}",423,47.0,0.951,-1482,301,49.2,1.009,265,281,46.6,0.963,-1007
NQ_DRIVE,4145,"{'A': 1000, 'T': 60, 'x': 0.2, 'mode': -1, 'tf': 0, 'k': 0.35, 'stop': 0, 'R': 2.0, 'hold': 240}",423,42.6,1.004,116,301,44.5,1.11,3266,281,42.7,1.055,1565
NQ_DRIVE,4146,"{'A': 1000, 'T': 60, 'x': 0.2, 'mode': -1, 'tf': 1, 'k': 0.2, 'stop': 0, 'R': 0.5, 'hold': 240}",208,67.8,1.051,328,146,68.5,0.983,-116,119,66.4,0.914,-500
NQ_DRIVE,4147,"{'A': 1000, 'T': 60, 'x': 0.2, 'mode': -1, 'tf': 1, 'k': 0.2, 'stop': 0, 'R': 1.0, 'hold': 240}",208,51.0,1.022,218,146,51.4,0.932,-696,119,45.4,0.774,-2084
NQ_DRIVE,4152,"{'A': 1000, 'T': 60, 'x': 0.35, 'mode': 1, 'tf': 0, 'k': 0.2, 'stop': 0, 'R': 0.5, 'hold': 240}",189,67.2,0.954,-287,128,60.2,0.835,-1053,118,64.4,0.94,-330
NQ_DRIVE,4153,"{'A': 1000, 'T': 60, 'x': 0.35, 'mode': 1, 'tf': 0, 'k': 0.2, 'stop': 0, 'R': 1.0, 'hold': 240}",189,49.7,0.876,-1182,128,40.6,0.718,-2754,118,44.9,0.847,-1304
NQ_DRIVE,4154,"{'A': 1000, 'T': 60, 'x': 0.35, 'mode': 1, 'tf': 0, 'k': 0.2, 'stop': 0, 'R': 2.0, 'hold': 240}",189,38.1,0.945,-636,128,29.7,0.645,-4184,118,33.9,0.786,-2221
NQ_DRIVE,4155,"{'A': 1000, 'T': 60, 'x': 0.35, 'mode': 1, 'tf': 0, 'k': 0.35, 'stop': 0, 'R': 0.5, 'hold': 240}",189,64.6,0.913,-923,128,56.2,0.749,-2755,118,59.3,0.839,-1545
NQ_DRIVE,4168,"{'A': 1000, 'T': 60, 'x': 0.35, 'mode': -1, 'tf': 0, 'k': 0.35, 'stop': 0, 'R': 1.0, 'hold': 240}",189,48.7,1.043,569,128,53.1,1.236,2567,118,50.8,1.127,1363
NQ_DRIVE,4169,"{'A': 1000, 'T': 60, 'x': 0.35, 'mode': -1, 'tf': 0, 'k': 0.35, 'stop': 0, 'R': 2.0, 'hold': 240}",189,40.7,0.995,-70,128,46.9,1.405,4778,118,44.1,1.229,2665
NQ_DRIVE,4170,"{'A': 1000, 'T': 60, 'x': 0.35, 'mode': -1, 'tf': 1, 'k': 0.2, 'stop': 0, 'R': 0.5, 'hold': 240}",98,67.3,0.99,-30,68,72.1,1.044,124,55,72.7,1.072,164
NQ_DRIVE,4171,"{'A': 1000, 'T': 60, 'x': 0.35, 'mode': -1, 'tf': 1, 'k': 0.2, 'stop': 0, 'R': 1.0, 'hold': 240}",98,54.1,1.065,281,68,55.9,1.074,316,55,52.7,0.932,-256
NQ_DRIVE,4148,"{'A': 1000, 'T': 60, 'x': 0.2, 'mode': -1, 'tf': 1, 'k': 0.2, 'stop': 0, 'R': 2.0, 'hold': 240}",208,40.9,1.121,1409,146,39.7,0.953,-562,119,33.6,0.75,-2666
NQ_DRIVE,4149,"{'A': 1000, 'T': 60, 'x': 0.2, 'mode': -1, 'tf': 1, 'k': 0.35, 'stop': 0, 'R': 0.5, 'hold': 240}",208,64.4,0.989,-123,146,69.2,1.267,2414,119,66.4,1.157,1266
NQ_DRIVE,4150,"{'A': 1000, 'T': 60, 'x': 0.2, 'mode': -1, 'tf': 1, 'k': 0.35, 'stop': 0, 'R': 1.0, 'hold': 240}",208,51.4,1.058,812,146,54.1,1.159,1974,119,48.7,1.013,139
NQ_DRIVE,4151,"{'A': 1000, 'T': 60, 'x': 0.2, 'mode': -1, 'tf': 1, 'k': 0.35, 'stop': 0, 'R': 2.0, 'hold': 240}",208,49.0,1.254,3686,146,48.6,1.189,2500,119,44.5,1.069,776
NQ_DRIVE,4160,"{'A': 1000, 'T': 60, 'x': 0.35, 'mode': 1, 'tf': 1, 'k': 0.2, 'stop': 0, 'R': 2.0, 'hold': 240}",86,44.2,1.071,377,57,28.1,0.575,-2274,51,35.3,0.795,-909
NQ_DRIVE,4161,"{'A': 1000, 'T': 60, 'x': 0.35, 'mode': 1, 'tf': 1, 'k': 0.35, 'stop': 0, 'R': 0.5, 'hold': 240}",86,68.6,0.97,-149,57,52.6,0.561,-2524,51,58.8,0.709,-1359
NQ_DRIVE,4162,"{'A': 1000, 'T': 60, 'x': 0.35, 'mode': 1, 'tf': 1, 'k': 0.35, 'stop': 0, 'R': 1.0, 'hold': 240}",86,58.1,1.051,324,57,42.1,0.614,-2665,51,51.0,0.819,-1011
NQ_DRIVE,4163,"{'A': 1000, 'T': 60, 'x': 0.35, 'mode': 1, 'tf': 1, 'k': 0.35, 'stop': 0, 'R': 2.0, 'hold': 240}",86,50.0,0.962,-273,57,40.4,0.747,-1802,51,47.1,0.965,-205
NQ_DRIVE,4156,"{'A': 1000, 'T': 60, 'x': 0.35, 'mode': 1, 'tf': 0, 'k': 0.35, 'stop': 0, 'R': 1.0, 'hold': 240}",189,50.3,0.882,-1691,128,46.1,0.764,-3262,118,49.2,0.838,-2006
NQ_DRIVE,4157,"{'A': 1000, 'T': 60, 'x': 0.35, 'mode': 1, 'tf': 0, 'k': 0.35, 'stop': 0, 'R': 2.0, 'hold': 240}",189,42.9,0.845,-2473,128,43.0,0.822,-2557,118,45.8,0.92,-1036
NQ_DRIVE,4158,"{'A': 1000, 'T': 60, 'x': 0.35, 'mode': 1, 'tf': 1, 'k': 0.2, 'stop': 0, 'R': 0.5, 'hold': 240}",86,70.9,1.071,193,57,57.9,0.761,-727,51,62.7,0.835,-426
NQ_DRIVE,4159,"{'A': 1000, 'T': 60, 'x': 0.35, 'mode': 1, 'tf': 1, 'k': 0.2, 'stop': 0, 'R': 1.0, 'hold': 240}",86,53.5,0.951,-214,57,38.6,0.616,-1760,51,47.1,0.829,-628
NQ_DRIVE,4172,"{'A': 1000, 'T': 60, 'x': 0.35, 'mode': -1, 'tf': 1, 'k': 0.2, 'stop': 0, 'R': 2.0, 'hold': 240}",98,41.8,1.084,445,68,39.7,0.908,-517,55,34.5,0.642,-1759
NQ_DRIVE,4173,"{'A': 1000, 'T': 60, 'x': 0.35, 'mode': -1, 'tf': 1, 'k': 0.35, 'stop': 0, 'R': 0.5, 'hold': 240}",98,68.4,1.084,394,68,75.0,1.685,2297,55,74.5,1.628,1778
NQ_DRIVE,4174,"{'A': 1000, 'T': 60, 'x': 0.35, 'mode': -1, 'tf': 1, 'k': 0.35, 'stop': 0, 'R': 1.0, 'hold': 240}",98,56.1,1.256,1502,68,51.5,1.06,367,55,49.1,0.951,-251
NQ_DRIVE,4175,"{'A': 1000, 'T': 60, 'x': 0.35, 'mode': -1, 'tf': 1, 'k': 0.35, 'stop': 0, 'R': 2.0, 'hold': 240}",98,51.0,1.356,2299,68,47.1,1.213,1370,55,43.6,0.991,-51
NQ_DRIVE,4164,"{'A': 1000, 'T': 60, 'x': 0.35, 'mode': -1, 'tf': 0, 'k': 0.2, 'stop': 0, 'R': 0.5, 'hold': 240}",189,68.3,1.057,331,128,71.9,1.203,1014,118,70.3,1.112,552
NQ_DRIVE,4165,"{'A': 1000, 'T': 60, 'x': 0.35, 'mode': -1, 'tf': 0, 'k': 0.2, 'stop': 0, 'R': 1.0, 'hold': 240}",189,49.7,0.981,-168,128,58.6,1.268,1968,118,55.1,1.104,768
NQ_DRIVE,4166,"{'A': 1000, 'T': 60, 'x': 0.35, 'mode': -1, 'tf': 0, 'k': 0.2, 'stop': 0, 'R': 2.0, 'hold': 240}",189,35.4,0.944,-625,128,41.4,1.162,1582,118,38.1,1.001,11
NQ_DRIVE,4167,"{'A': 1000, 'T': 60, 'x': 0.35, 'mode': -1, 'tf': 0, 'k': 0.35, 'stop': 0, 'R': 0.5, 'hold': 240}",189,64.0,1.0,5,128,75.0,1.681,4442,118,72.0,1.434,2984
NQ_DRIVE,4176,"{'A': 1000, 'T': 120, 'x': 0.1, 'mode': 1, 'tf': 0, 'k': 0.2, 'stop': 0, 'R': 0.5, 'hold': 240}",754,67.0,0.971,-732,535,63.4,0.881,-3118,508,64.2,0.897,-2606
NQ_DRIVE,4177,"{'A': 1000, 'T': 120, 'x': 0.1, 'mode': 1, 'tf': 0, 'k': 0.2, 'stop': 0, 'R': 1.0, 'hold': 240}",754,50.7,0.973,-967,535,47.3,0.855,-5306,508,47.2,0.847,-5503
NQ_DRIVE,4178,"{'A': 1000, 'T': 120, 'x': 0.1, 'mode': 1, 'tf': 0, 'k': 0.2, 'stop': 0, 'R': 2.0, 'hold': 240}",754,43.1,1.106,4389,535,40.7,0.975,-1024,508,40.4,0.959,-1620
NQ_DRIVE,4179,"{'A': 1000, 'T': 120, 'x': 0.1, 'mode': 1, 'tf': 0, 'k': 0.35, 'stop': 0, 'R': 0.5, 'hold': 240}",754,62.7,0.946,-2193,535,57.6,0.861,-5478,508,58.5,0.893,-4048
NQ_DRIVE,4180,"{'A': 1000, 'T': 120, 'x': 0.1, 'mode': 1, 'tf': 0, 'k': 0.35, 'stop': 0, 'R': 1.0, 'hold': 240}",754,53.1,1.056,2753,535,49.3,0.941,-2711,508,49.6,0.952,-2134
NQ_DRIVE,4181,"{'A': 1000, 'T': 120, 'x': 0.1, 'mode': 1, 'tf': 0, 'k': 0.35, 'stop': 0, 'R': 2.0, 'hold': 240}",754,49.5,1.062,3250,535,45.6,0.905,-4663,508,45.7,0.904,-4549
NQ_DRIVE,4182,"{'A': 1000, 'T': 120, 'x': 0.1, 'mode': 1, 'tf': 1, 'k': 0.2, 'stop': 0, 'R': 0.5, 'hold': 240}",370,68.9,1.042,505,281,61.9,0.85,-2103,243,61.3,0.813,-2399
NQ_DRIVE,4183,"{'A': 1000, 'T': 120, 'x': 0.1, 'mode': 1, 'tf': 1, 'k': 0.2, 'stop': 0, 'R': 1.0, 'hold': 240}",370,53.2,1.077,1304,281,46.3,0.822,-3422,243,44.4,0.748,-4471
NQ_DRIVE,4208,"{'A': 1000, 'T': 120, 'x': 0.2, 'mode': 1, 'tf': 1, 'k': 0.2, 'stop': 0, 'R': 2.0, 'hold': 240}",264,47.3,1.317,4368,199,41.7,1.065,969,175,40.6,0.996,-50
NQ_DRIVE,4209,"{'A': 1000, 'T': 120, 'x': 0.2, 'mode': 1, 'tf': 1, 'k': 0.35, 'stop': 0, 'R': 0.5, 'hold': 240}",264,65.5,0.969,-445,199,59.3,0.914,-1174,175,60.0,0.98,-228
NQ_DRIVE,4210,"{'A': 1000, 'T': 120, 'x': 0.2, 'mode': 1, 'tf': 1, 'k': 0.35, 'stop': 0, 'R': 1.0, 'hold': 240}",264,58.3,1.234,3932,199,52.8,1.05,798,175,52.0,1.046,633
NQ_DRIVE,4211,"{'A': 1000, 'T': 120, 'x': 0.2, 'mode': 1, 'tf': 1, 'k': 0.35, 'stop': 0, 'R': 2.0, 'hold': 240}",264,54.5,1.209,3817,199,49.2,1.061,1074,175,48.0,1.058,893
NQ_DRIVE,4184,"{'A': 1000, 'T': 120, 'x': 0.1, 'mode': 1, 'tf': 1, 'k': 0.2, 'stop': 0, 'R': 2.0, 'hold': 240}",370,47.0,1.322,6121,281,42.0,1.031,634,243,40.3,0.936,-1219
NQ_DRIVE,4185,"{'A': 1000, 'T': 120, 'x': 0.1, 'mode': 1, 'tf': 1, 'k': 0.35, 'stop': 0, 'R': 0.5, 'hold': 240}",370,64.9,0.999,-21,281,58.0,0.886,-2226,243,58.0,0.915,-1416
NQ_DRIVE,4186,"{'A': 1000, 'T': 120, 'x': 0.1, 'mode': 1, 'tf': 1, 'k': 0.35, 'stop': 0, 'R': 1.0, 'hold': 240}",370,57.8,1.254,5770,281,51.6,1.003,71,243,51.0,0.991,-182
NQ_DRIVE,4187,"{'A': 1000, 'T': 120, 'x': 0.1, 'mode': 1, 'tf': 1, 'k': 0.35, 'stop': 0, 'R': 2.0, 'hold': 240}",370,54.6,1.273,6678,281,48.8,1.028,681,243,47.7,0.994,-125
NQ_DRIVE,4192,"{'A': 1000, 'T': 120, 'x': 0.1, 'mode': -1, 'tf': 0, 'k': 0.35, 'stop': 0, 'R': 1.0, 'hold': 240}",754,45.5,0.867,-7195,535,49.9,0.988,-545,508,49.0,0.983,-759
NQ_DRIVE,4193,"{'A': 1000, 'T': 120, 'x': 0.1, 'mode': -1, 'tf': 0, 'k': 0.35, 'stop': 0, 'R': 2.0, 'hold': 240}",754,40.5,0.795,-11825,535,46.5,1.041,1911,508,46.5,1.04,1783
NQ_DRIVE,4194,"{'A': 1000, 'T': 120, 'x': 0.1, 'mode': -1, 'tf': 1, 'k': 0.2, 'stop': 0, 'R': 0.5, 'hold': 240}",354,69.5,1.099,1066,238,66.0,0.993,-73,203,65.0,0.958,-423
NQ_DRIVE,4195,"{'A': 1000, 'T': 120, 'x': 0.1, 'mode': -1, 'tf': 1, 'k': 0.2, 'stop': 0, 'R': 1.0, 'hold': 240}",354,52.0,1.035,581,238,52.5,1.06,899,203,49.3,0.979,-298
NQ_DRIVE,4200,"{'A': 1000, 'T': 120, 'x': 0.2, 'mode': 1, 'tf': 0, 'k': 0.2, 'stop': 0, 'R': 0.5, 'hold': 240}",540,65.4,0.897,-1954,383,62.7,0.865,-2537,363,63.9,0.899,-1798
NQ_DRIVE,4201,"{'A': 1000, 'T': 120, 'x': 0.2, 'mode': 1, 'tf': 0, 'k': 0.2, 'stop': 0, 'R': 1.0, 'hold': 240}",540,50.7,0.959,-1079,383,47.0,0.868,-3437,363,46.6,0.847,-3939
NQ_DRIVE,4202,"{'A': 1000, 'T': 120, 'x': 0.2, 'mode': 1, 'tf': 0, 'k': 0.2, 'stop': 0, 'R': 2.0, 'hold': 240}",540,43.0,1.07,2101,383,40.5,1.038,1103,363,39.7,1.02,570
NQ_DRIVE,4203,"{'A': 1000, 'T': 120, 'x': 0.2, 'mode': 1, 'tf': 0, 'k': 0.35, 'stop': 0, 'R': 0.5, 'hold': 240}",540,63.0,0.915,-2539,383,58.7,0.905,-2599,363,59.5,0.943,-1478
NQ_DRIVE,4196,"{'A': 1000, 'T': 120, 'x': 0.1, 'mode': -1, 'tf': 1, 'k': 0.2, 'stop': 0, 'R': 2.0, 'hold': 240}",354,40.7,1.001,22,238,44.1,1.095,1655,203,40.9,1.0,-7
NQ_DRIVE,4197,"{'A': 1000, 'T': 120, 'x': 0.1, 'mode': -1, 'tf': 1, 'k': 0.35, 'stop': 0, 'R': 0.5, 'hold': 240}",354,64.4,1.09,1566,238,60.5,0.959,-693,203,58.1,0.911,-1372
NQ_DRIVE,4198,"{'A': 1000, 'T': 120, 'x': 0.1, 'mode': -1, 'tf': 1, 'k': 0.35, 'stop': 0, 'R': 1.0, 'hold': 240}",354,50.6,1.032,728,238,53.4,1.078,1588,203,48.8,0.954,-860
NQ_DRIVE,4199,"{'A': 1000, 'T': 120, 'x': 0.1, 'mode': -1, 'tf': 1, 'k': 0.35, 'stop': 0, 'R': 2.0, 'hold': 240}",354,44.9,0.889,-2802,238,49.6,1.023,499,203,45.8,0.946,-1053
NQ_DRIVE,4204,"{'A': 1000, 'T': 120, 'x': 0.2, 'mode': 1, 'tf': 0, 'k': 0.35, 'stop': 0, 'R': 1.0, 'hold': 240}",540,53.1,1.024,863,383,50.7,1.033,1064,363,50.1,1.039,1206
NQ_DRIVE,4205,"{'A': 1000, 'T': 120, 'x': 0.2, 'mode': 1, 'tf': 0, 'k': 0.35, 'stop': 0, 'R': 2.0, 'hold': 240}",540,49.3,1.013,508,383,46.2,0.972,-982,363,45.5,0.976,-801
NQ_DRIVE,4206,"{'A': 1000, 'T': 120, 'x': 0.2, 'mode': 1, 'tf': 1, 'k': 0.2, 'stop': 0, 'R': 0.5, 'hold': 240}",264,68.6,0.997,-23,199,60.8,0.833,-1661,175,62.3,0.873,-1097
NQ_DRIVE,4207,"{'A': 1000, 'T': 120, 'x': 0.2, 'mode': 1, 'tf': 1, 'k': 0.2, 'stop': 0, 'R': 1.0, 'hold': 240}",264,54.2,1.081,980,199,45.7,0.804,-2749,175,45.1,0.765,-2971
NQ_DRIVE,4188,"{'A': 1000, 'T': 120, 'x': 0.1, 'mode': -1, 'tf': 0, 'k': 0.2, 'stop': 0, 'R': 0.5, 'hold': 240}",754,65.6,0.939,-1557,535,65.4,0.958,-1020,508,65.7,0.975,-585
NQ_DRIVE,4189,"{'A': 1000, 'T': 120, 'x': 0.1, 'mode': -1, 'tf': 0, 'k': 0.2, 'stop': 0, 'R': 1.0, 'hold': 240}",754,48.3,0.91,-3360,535,52.5,1.074,2426,508,52.0,1.081,2586
NQ_DRIVE,4190,"{'A': 1000, 'T': 120, 'x': 0.1, 'mode': -1, 'tf': 0, 'k': 0.2, 'stop': 0, 'R': 2.0, 'hold': 240}",754,36.5,0.898,-4609,535,42.8,1.081,3034,508,42.1,1.051,1874
NQ_DRIVE,4191,"{'A': 1000, 'T': 120, 'x': 0.1, 'mode': -1, 'tf': 0, 'k': 0.35, 'stop': 0, 'R': 0.5, 'hold': 240}",754,59.4,0.88,-5033,535,60.2,0.95,-1874,508,60.2,0.98,-701
NQ_DRIVE,4212,"{'A': 1000, 'T': 120, 'x': 0.2, 'mode': -1, 'tf': 0, 'k': 0.2, 'stop': 0, 'R': 0.5, 'hold': 240}",540,65.7,0.949,-929,383,66.6,1.013,225,363,67.2,1.054,865
NQ_DRIVE,4213,"{'A': 1000, 'T': 120, 'x': 0.2, 'mode': -1, 'tf': 0, 'k': 0.2, 'stop': 0, 'R': 1.0, 'hold': 240}",540,48.3,0.926,-1974,383,53.0,1.058,1376,363,52.6,1.079,1802
NQ_DRIVE,4214,"{'A': 1000, 'T': 120, 'x': 0.2, 'mode': -1, 'tf': 0, 'k': 0.2, 'stop': 0, 'R': 2.0, 'hold': 240}",540,35.6,0.894,-3476,383,41.8,0.995,-142,363,41.3,0.973,-728
NQ_DRIVE,4215,"{'A': 1000, 'T': 120, 'x': 0.2, 'mode': -1, 'tf': 0, 'k': 0.35, 'stop': 0, 'R': 0.5, 'hold': 240}",540,59.3,0.889,-3312,383,61.4,0.924,-2107,363,61.4,0.96,-1053
NQ_DRIVE,4220,"{'A': 1000, 'T': 120, 'x': 0.2, 'mode': -1, 'tf': 1, 'k': 0.2, 'stop': 0, 'R': 2.0, 'hold': 240}",254,40.9,1.045,638,175,42.3,0.947,-712,148,39.2,0.888,-1334
NQ_DRIVE,4221,"{'A': 1000, 'T': 120, 'x': 0.2, 'mode': -1, 'tf': 1, 'k': 0.35, 'stop': 0, 'R': 0.5, 'hold': 240}",254,65.4,1.162,1925,175,62.3,0.922,-1007,148,60.8,0.908,-1041
NQ_DRIVE,4222,"{'A': 1000, 'T': 120, 'x': 0.2, 'mode': -1, 'tf': 1, 'k': 0.35, 'stop': 0, 'R': 1.0, 'hold': 240}",254,51.2,1.107,1689,175,53.1,0.96,-652,148,48.6,0.859,-2076
NQ_DRIVE,4223,"{'A': 1000, 'T': 120, 'x': 0.2, 'mode': -1, 'tf': 1, 'k': 0.35, 'stop': 0, 'R': 2.0, 'hold': 240}",254,44.5,0.918,-1476,175,49.1,0.853,-2510,148,45.3,0.808,-2953
NQ_DRIVE,4216,"{'A': 1000, 'T': 120, 'x': 0.2, 'mode': -1, 'tf': 0, 'k': 0.35, 'stop': 0, 'R': 1.0, 'hold': 240}",540,45.7,0.896,-4036,383,49.3,0.908,-3174,363,48.8,0.904,-3207
NQ_DRIVE,4217,"{'A': 1000, 'T': 120, 'x': 0.2, 'mode': -1, 'tf': 0, 'k': 0.35, 'stop': 0, 'R': 2.0, 'hold': 240}",540,39.6,0.779,-9283,383,46.0,0.932,-2458,363,46.0,0.925,-2601
NQ_DRIVE,4218,"{'A': 1000, 'T': 120, 'x': 0.2, 'mode': -1, 'tf': 1, 'k': 0.2, 'stop': 0, 'R': 0.5, 'hold': 240}",254,70.1,1.14,1052,175,68.0,1.073,549,148,68.2,1.085,554
NQ_DRIVE,4219,"{'A': 1000, 'T': 120, 'x': 0.2, 'mode': -1, 'tf': 1, 'k': 0.2, 'stop': 0, 'R': 1.0, 'hold': 240}",254,53.1,1.095,1090,175,52.6,1.004,44,148,50.7,0.982,-175
NQ_DRIVE,4224,"{'A': 1000, 'T': 120, 'x': 0.35, 'mode': 1, 'tf': 0, 'k': 0.2, 'stop': 0, 'R': 0.5, 'hold': 240}",289,64.0,0.838,-1686,189,63.5,0.804,-1920,184,63.6,0.811,-1829
NQ_DRIVE,4225,"{'A': 1000, 'T': 120, 'x': 0.35, 'mode': 1, 'tf': 0, 'k': 0.2, 'stop': 0, 'R': 1.0, 'hold': 240}",289,47.4,0.848,-2249,189,48.1,0.842,-2123,184,46.7,0.793,-2820
NQ_DRIVE,4226,"{'A': 1000, 'T': 120, 'x': 0.35, 'mode': 1, 'tf': 0, 'k': 0.2, 'stop': 0, 'R': 2.0, 'hold': 240}",289,37.4,0.891,-1897,189,40.2,0.995,-69,184,38.6,0.952,-743
NQ_DRIVE,4227,"{'A': 1000, 'T': 120, 'x': 0.35, 'mode': 1, 'tf': 0, 'k': 0.35, 'stop': 0, 'R': 0.5, 'hold': 240}",289,60.6,0.858,-2355,189,60.3,0.887,-1587,184,60.3,0.905,-1303
NQ_DRIVE,4228,"{'A': 1000, 'T': 120, 'x': 0.35, 'mode': 1, 'tf': 0, 'k': 0.35, 'stop': 0, 'R': 1.0, 'hold': 240}",289,47.4,0.849,-3229,189,50.8,0.977,-404,184,49.5,0.935,-1140
NQ_DRIVE,4229,"{'A': 1000, 'T': 120, 'x': 0.35, 'mode': 1, 'tf': 0, 'k': 0.35, 'stop': 0, 'R': 2.0, 'hold': 240}",289,41.5,0.766,-5478,189,46.0,0.861,-2699,184,44.0,0.833,-3256
NQ_DRIVE,4230,"{'A': 1000, 'T': 120, 'x': 0.35, 'mode': 1, 'tf': 1, 'k': 0.2, 'stop': 0, 'R': 0.5, 'hold': 240}",135,66.7,0.911,-421,87,60.9,0.719,-1334,78,61.5,0.74,-1123
NQ_DRIVE,4231,"{'A': 1000, 'T': 120, 'x': 0.35, 'mode': 1, 'tf': 1, 'k': 0.2, 'stop': 0, 'R': 1.0, 'hold': 240}",135,50.4,0.909,-620,87,48.3,0.814,-1156,78,46.2,0.731,-1616
NQ_DRIVE,4232,"{'A': 1000, 'T': 120, 'x': 0.35, 'mode': 1, 'tf': 1, 'k': 0.2, 'stop': 0, 'R': 2.0, 'hold': 240}",135,43.0,1.156,1187,87,46.0,1.226,1472,78,43.6,1.105,667
NQ_DRIVE,4233,"{'A': 1000, 'T': 120, 'x': 0.35, 'mode': 1, 'tf': 1, 'k': 0.35, 'stop': 0, 'R': 0.5, 'hold': 240}",135,59.3,0.777,-1923,87,62.1,0.889,-711,78,64.1,1.005,26
NQ_DRIVE,4234,"{'A': 1000, 'T': 120, 'x': 0.35, 'mode': 1, 'tf': 1, 'k': 0.35, 'stop': 0, 'R': 1.0, 'hold': 240}",135,52.6,1.023,230,87,57.5,1.133,986,78,57.7,1.203,1330
NQ_DRIVE,4235,"{'A': 1000, 'T': 120, 'x': 0.35, 'mode': 1, 'tf': 1, 'k': 0.35, 'stop': 0, 'R': 2.0, 'hold': 240}",135,45.9,0.888,-1244,87,52.9,1.056,468,78,52.6,1.128,965
NQ_DRIVE,4236,"{'A': 1000, 'T': 120, 'x': 0.35, 'mode': -1, 'tf': 0, 'k': 0.2, 'stop': 0, 'R': 0.5, 'hold': 240}",289,67.1,0.986,-132,189,68.3,1.163,1243,184,69.6,1.264,1875
NQ_DRIVE,4237,"{'A': 1000, 'T': 120, 'x': 0.35, 'mode': -1, 'tf': 0, 'k': 0.2, 'stop': 0, 'R': 1.0, 'hold': 240}",289,51.9,1.053,708,189,51.9,1.094,1105,184,52.7,1.163,1836
NQ_DRIVE,4238,"{'A': 1000, 'T': 120, 'x': 0.35, 'mode': -1, 'tf': 0, 'k': 0.2, 'stop': 0, 'R': 2.0, 'hold': 240}",289,37.7,0.956,-748,189,40.2,1.068,955,184,40.2,1.046,627
NQ_DRIVE,4239,"{'A': 1000, 'T': 120, 'x': 0.35, 'mode': -1, 'tf': 0, 'k': 0.35, 'stop': 0, 'R': 0.5, 'hold': 240}",289,63.3,0.989,-164,189,62.4,0.949,-725,184,63.0,1.044,581
NQ_DRIVE,4244,"{'A': 1000, 'T': 120, 'x': 0.35, 'mode': -1, 'tf': 1, 'k': 0.2, 'stop': 0, 'R': 2.0, 'hold': 240}",142,40.8,0.985,-120,96,41.7,1.016,117,80,38.8,0.962,-235
NQ_DRIVE,4245,"{'A': 1000, 'T': 120, 'x': 0.35, 'mode': -1, 'tf': 1, 'k': 0.35, 'stop': 0, 'R': 0.5, 'hold': 240}",142,69.0,1.223,1431,96,66.7,1.079,527,80,65.0,1.177,913
NQ_DRIVE,4246,"{'A': 1000, 'T': 120, 'x': 0.35, 'mode': -1, 'tf': 1, 'k': 0.35, 'stop': 0, 'R': 1.0, 'hold': 240}",142,55.6,1.243,2004,96,56.2,1.138,1137,80,52.5,1.107,726
NQ_DRIVE,4247,"{'A': 1000, 'T': 120, 'x': 0.35, 'mode': -1, 'tf': 1, 'k': 0.35, 'stop': 0, 'R': 2.0, 'hold': 240}",142,45.8,0.911,-891,96,54.2,1.109,901,80,50.0,1.082,557
NQ_DRIVE,4240,"{'A': 1000, 'T': 120, 'x': 0.35, 'mode': -1, 'tf': 0, 'k': 0.35, 'stop': 0, 'R': 1.0, 'hold': 240}",289,51.9,1.085,1606,189,49.2,0.964,-633,184,49.5,1.008,130
NQ_DRIVE,4241,"{'A': 1000, 'T': 120, 'x': 0.35, 'mode': -1, 'tf': 0, 'k': 0.35, 'stop': 0, 'R': 2.0, 'hold': 240}",289,41.9,0.815,-4000,189,46.6,1.025,457,184,47.3,1.065,1110
NQ_DRIVE,4242,"{'A': 1000, 'T': 120, 'x': 0.35, 'mode': -1, 'tf': 1, 'k': 0.2, 'stop': 0, 'R': 0.5, 'hold': 240}",142,71.1,1.155,630,96,69.8,1.188,745,80,72.5,1.443,1271
NQ_DRIVE,4243,"{'A': 1000, 'T': 120, 'x': 0.35, 'mode': -1, 'tf': 1, 'k': 0.2, 'stop': 0, 'R': 1.0, 'hold': 240}",142,55.6,1.153,950,96,53.1,1.104,628,80,51.2,1.096,483
NQ_DRIVE,4252,"{'A': 1000, 'T': 240, 'x': 0.1, 'mode': 1, 'tf': 0, 'k': 0.35, 'stop': 0, 'R': 1.0, 'hold': 240}",778,52.6,1.114,4342,526,46.8,0.854,-5001,511,46.2,0.861,-4659
NQ_DRIVE,4253,"{'A': 1000, 'T': 240, 'x': 0.1, 'mode': 1, 'tf': 0, 'k': 0.35, 'stop': 0, 'R': 2.0, 'hold': 240}",778,51.7,1.129,5020,526,45.4,0.825,-6090,511,45.0,0.825,-5966
NQ_DRIVE,4254,"{'A': 1000, 'T': 240, 'x': 0.1, 'mode': 1, 'tf': 1, 'k': 0.2, 'stop': 0, 'R': 0.5, 'hold': 240}",396,64.6,1.012,146,268,61.2,0.912,-1009,239,60.7,0.959,-412
NQ_DRIVE,4255,"{'A': 1000, 'T': 240, 'x': 0.1, 'mode': 1, 'tf': 1, 'k': 0.2, 'stop': 0, 'R': 1.0, 'hold': 240}",396,50.5,1.028,446,268,47.8,0.859,-2091,239,46.9,0.912,-1153
NQ_DRIVE,4248,"{'A': 1000, 'T': 240, 'x': 0.1, 'mode': 1, 'tf': 0, 'k': 0.2, 'stop': 0, 'R': 0.5, 'hold': 240}",778,63.9,0.986,-332,526,60.8,0.877,-2852,511,60.7,0.904,-2181
NQ_DRIVE,4249,"{'A': 1000, 'T': 240, 'x': 0.1, 'mode': 1, 'tf': 0, 'k': 0.2, 'stop': 0, 'R': 1.0, 'hold': 240}",778,50.4,1.033,1071,526,45.8,0.796,-6181,511,45.6,0.831,-4984
NQ_DRIVE,4250,"{'A': 1000, 'T': 240, 'x': 0.1, 'mode': 1, 'tf': 0, 'k': 0.2, 'stop': 0, 'R': 2.0, 'hold': 240}",778,46.4,1.108,3798,526,41.3,0.779,-7325,511,40.7,0.786,-6936
NQ_DRIVE,4251,"{'A': 1000, 'T': 240, 'x': 0.1, 'mode': 1, 'tf': 0, 'k': 0.35, 'stop': 0, 'R': 0.5, 'hold': 240}",778,58.1,1.029,960,526,52.5,0.84,-4936,511,52.6,0.876,-3688
NQ_DRIVE,4256,"{'A': 1000, 'T': 240, 'x': 0.1, 'mode': 1, 'tf': 1, 'k': 0.2, 'stop': 0, 'R': 2.0, 'hold': 240}",396,46.7,1.138,2400,268,44.0,0.788,-3464,239,42.3,0.802,-2921
NQ_DRIVE,4257,"{'A': 1000, 'T': 240, 'x': 0.1, 'mode': 1, 'tf': 1, 'k': 0.35, 'stop': 0, 'R': 0.5, 'hold': 240}",396,56.8,0.968,-560,268,52.6,0.822,-2794,239,51.0,0.827,-2451
NQ_DRIVE,4258,"{'A': 1000, 'T': 240, 'x': 0.1, 'mode': 1, 'tf': 1, 'k': 0.35, 'stop': 0, 'R': 1.0, 'hold': 240}",396,52.3,1.115,2245,268,48.9,0.837,-2749,239,46.9,0.84,-2443
NQ_DRIVE,4259,"{'A': 1000, 'T': 240, 'x': 0.1, 'mode': 1, 'tf': 1, 'k': 0.35, 'stop': 0, 'R': 2.0, 'hold': 240}",396,51.8,1.169,3368,268,48.1,0.827,-2953,239,46.0,0.812,-2911
NQ_DRIVE,4260,"{'A': 1000, 'T': 240, 'x': 0.1, 'mode': -1, 'tf': 0, 'k': 0.2, 'stop': 0, 'R': 0.5, 'hold': 240}",778,62.0,0.888,-2942,526,63.1,0.997,-61,511,63.2,0.989,-234
NQ_DRIVE,4261,"{'A': 1000, 'T': 240, 'x': 0.1, 'mode': -1, 'tf': 0, 'k': 0.2, 'stop': 0, 'R': 1.0, 'hold': 240}",778,47.7,0.852,-5261,526,53.4,1.121,3099,511,52.4,1.076,1980
NQ_DRIVE,4262,"{'A': 1000, 'T': 240, 'x': 0.1, 'mode': -1, 'tf': 0, 'k': 0.2, 'stop': 0, 'R': 2.0, 'hold': 240}",778,41.3,0.865,-5258,526,48.1,1.093,2634,511,47.4,1.062,1786
NQ_DRIVE,4263,"{'A': 1000, 'T': 240, 'x': 0.1, 'mode': -1, 'tf': 0, 'k': 0.35, 'stop': 0, 'R': 0.5, 'hold': 240}",778,53.3,0.786,-8426,526,59.3,1.142,3715,511,58.7,1.121,3163
NQ_DRIVE,4268,"{'A': 1000, 'T': 240, 'x': 0.1, 'mode': -1, 'tf': 1, 'k': 0.2, 'stop': 0, 'R': 2.0, 'hold': 240}",351,40.5,0.828,-3149,242,49.6,1.095,1247,211,47.9,1.084,982
NQ_DRIVE,4269,"{'A': 1000, 'T': 240, 'x': 0.1, 'mode': -1, 'tf': 1, 'k': 0.35, 'stop': 0, 'R': 0.5, 'hold': 240}",351,54.7,0.822,-3246,242,62.0,1.163,1971,211,60.2,1.141,1512
NQ_DRIVE,4270,"{'A': 1000, 'T': 240, 'x': 0.1, 'mode': -1, 'tf': 1, 'k': 0.35, 'stop': 0, 'R': 1.0, 'hold': 240}",351,44.2,0.798,-4213,242,54.5,1.04,594,211,53.6,1.098,1241
NQ_DRIVE,4271,"{'A': 1000, 'T': 240, 'x': 0.1, 'mode': -1, 'tf': 1, 'k': 0.35, 'stop': 0, 'R': 2.0, 'hold': 240}",351,41.9,0.698,-6787,242,54.5,1.102,1510,211,53.6,1.15,1902
NQ_DRIVE,4280,"{'A': 1000, 'T': 240, 'x': 0.2, 'mode': 1, 'tf': 1, 'k': 0.2, 'stop': 0, 'R': 2.0, 'hold': 240}",310,46.8,1.196,2540,204,47.1,0.9,-1209,185,44.9,0.862,-1573
NQ_DRIVE,4281,"{'A': 1000, 'T': 240, 'x': 0.2, 'mode': 1, 'tf': 1, 'k': 0.35, 'stop': 0, 'R': 0.5, 'hold': 240}",310,55.8,0.938,-850,204,55.4,0.921,-911,185,53.5,0.89,-1183
NQ_DRIVE,4282,"{'A': 1000, 'T': 240, 'x': 0.2, 'mode': 1, 'tf': 1, 'k': 0.35, 'stop': 0, 'R': 1.0, 'hold': 240}",310,52.3,1.145,2168,204,51.5,0.958,-529,185,49.2,0.935,-757
NQ_DRIVE,4283,"{'A': 1000, 'T': 240, 'x': 0.2, 'mode': 1, 'tf': 1, 'k': 0.35, 'stop': 0, 'R': 2.0, 'hold': 240}",310,51.9,1.22,3327,204,50.5,0.938,-785,185,48.1,0.9,-1181
NQ_DRIVE,4276,"{'A': 1000, 'T': 240, 'x': 0.2, 'mode': 1, 'tf': 0, 'k': 0.35, 'stop': 0, 'R': 1.0, 'hold': 240}",603,52.7,1.177,4973,407,47.4,0.924,-1995,395,46.6,0.913,-2274
NQ_DRIVE,4277,"{'A': 1000, 'T': 240, 'x': 0.2, 'mode': 1, 'tf': 0, 'k': 0.35, 'stop': 0, 'R': 2.0, 'hold': 240}",603,51.9,1.2,5747,407,45.7,0.882,-3187,395,45.1,0.873,-3407
NQ_DRIVE,4278,"{'A': 1000, 'T': 240, 'x': 0.2, 'mode': 1, 'tf': 1, 'k': 0.2, 'stop': 0, 'R': 0.5, 'hold': 240}",310,65.2,1.041,372,204,64.2,1.034,273,185,64.9,1.071,517
NQ_DRIVE,4279,"{'A': 1000, 'T': 240, 'x': 0.2, 'mode': 1, 'tf': 1, 'k': 0.2, 'stop': 0, 'R': 1.0, 'hold': 240}",310,49.7,1.006,74,204,51.5,0.985,-162,185,50.8,1.009,86
NQ_DRIVE,4272,"{'A': 1000, 'T': 240, 'x': 0.2, 'mode': 1, 'tf': 0, 'k': 0.2, 'stop': 0, 'R': 0.5, 'hold': 240}",603,65.3,1.049,876,407,62.2,0.935,-1126,395,61.3,0.918,-1440
NQ_DRIVE,4273,"{'A': 1000, 'T': 240, 'x': 0.2, 'mode': 1, 'tf': 0, 'k': 0.2, 'stop': 0, 'R': 1.0, 'hold': 240}",603,50.7,1.067,1576,407,46.7,0.841,-3711,395,46.1,0.843,-3642
NQ_DRIVE,4274,"{'A': 1000, 'T': 240, 'x': 0.2, 'mode': 1, 'tf': 0, 'k': 0.2, 'stop': 0, 'R': 2.0, 'hold': 240}",603,46.8,1.166,4266,407,42.0,0.834,-4287,395,40.8,0.803,-5088
NQ_DRIVE,4275,"{'A': 1000, 'T': 240, 'x': 0.2, 'mode': 1, 'tf': 0, 'k': 0.35, 'stop': 0, 'R': 0.5, 'hold': 240}",603,58.2,1.061,1518,407,52.8,0.878,-2892,395,52.7,0.887,-2640
NQ_DRIVE,4284,"{'A': 1000, 'T': 240, 'x': 0.2, 'mode': -1, 'tf': 0, 'k': 0.2, 'stop': 0, 'R': 0.5, 'hold': 240}",603,62.5,0.902,-1943,407,63.1,0.973,-454,395,63.5,0.982,-298
NQ_DRIVE,4285,"{'A': 1000, 'T': 240, 'x': 0.2, 'mode': -1, 'tf': 0, 'k': 0.2, 'stop': 0, 'R': 1.0, 'hold': 240}",603,47.1,0.817,-4925,407,52.8,1.062,1289,395,52.7,1.062,1282
NQ_DRIVE,4286,"{'A': 1000, 'T': 240, 'x': 0.2, 'mode': -1, 'tf': 0, 'k': 0.2, 'stop': 0, 'R': 2.0, 'hold': 240}",603,40.8,0.836,-4868,407,48.2,1.038,885,395,48.1,1.055,1259
NQ_DRIVE,4287,"{'A': 1000, 'T': 240, 'x': 0.2, 'mode': -1, 'tf': 0, 'k': 0.35, 'stop': 0, 'R': 0.5, 'hold': 240}",603,52.7,0.743,-7769,407,59.0,1.072,1557,395,59.2,1.095,2008
NQ_DRIVE,4264,"{'A': 1000, 'T': 240, 'x': 0.1, 'mode': -1, 'tf': 0, 'k': 0.35, 'stop': 0, 'R': 1.0, 'hold': 240}",778,45.1,0.809,-8522,526,52.3,1.064,1956,511,51.9,1.058,1761
NQ_DRIVE,4265,"{'A': 1000, 'T': 240, 'x': 0.1, 'mode': -1, 'tf': 0, 'k': 0.35, 'stop': 0, 'R': 2.0, 'hold': 240}",778,43.1,0.765,-10999,526,51.9,1.133,4059,511,51.5,1.122,3692
NQ_DRIVE,4266,"{'A': 1000, 'T': 240, 'x': 0.1, 'mode': -1, 'tf': 1, 'k': 0.2, 'stop': 0, 'R': 0.5, 'hold': 240}",351,64.4,0.945,-647,242,64.5,1.015,148,211,63.5,0.981,-160
NQ_DRIVE,4267,"{'A': 1000, 'T': 240, 'x': 0.1, 'mode': -1, 'tf': 1, 'k': 0.2, 'stop': 0, 'R': 1.0, 'hold': 240}",351,47.6,0.845,-2627,242,55.4,1.221,2485,211,53.1,1.144,1479
NQ_DRIVE,4288,"{'A': 1000, 'T': 240, 'x': 0.2, 'mode': -1, 'tf': 0, 'k': 0.35, 'stop': 0, 'R': 1.0, 'hold': 240}",603,44.6,0.766,-8166,407,52.1,0.985,-375,395,52.2,1.001,35
NQ_DRIVE,4289,"{'A': 1000, 'T': 240, 'x': 0.2, 'mode': -1, 'tf': 0, 'k': 0.35, 'stop': 0, 'R': 2.0, 'hold': 240}",603,42.3,0.727,-9950,407,52.1,1.057,1440,395,52.2,1.078,1936
NQ_DRIVE,4290,"{'A': 1000, 'T': 240, 'x': 0.2, 'mode': -1, 'tf': 1, 'k': 0.2, 'stop': 0, 'R': 0.5, 'hold': 240}",264,63.6,0.915,-764,192,66.7,1.048,363,166,66.9,1.032,214
NQ_DRIVE,4291,"{'A': 1000, 'T': 240, 'x': 0.2, 'mode': -1, 'tf': 1, 'k': 0.2, 'stop': 0, 'R': 1.0, 'hold': 240}",264,45.5,0.752,-3210,192,56.8,1.212,1953,166,56.6,1.187,1537
NQ_DRIVE,4292,"{'A': 1000, 'T': 240, 'x': 0.2, 'mode': -1, 'tf': 1, 'k': 0.2, 'stop': 0, 'R': 2.0, 'hold': 240}",264,39.0,0.751,-3453,192,50.5,1.045,487,166,50.6,1.065,621
NQ_DRIVE,4293,"{'A': 1000, 'T': 240, 'x': 0.2, 'mode': -1, 'tf': 1, 'k': 0.35, 'stop': 0, 'R': 0.5, 'hold': 240}",264,53.8,0.769,-3161,192,63.5,1.183,1804,166,63.9,1.197,1696
NQ_DRIVE,4294,"{'A': 1000, 'T': 240, 'x': 0.2, 'mode': -1, 'tf': 1, 'k': 0.35, 'stop': 0, 'R': 1.0, 'hold': 240}",264,43.2,0.718,-4529,192,55.7,1.013,158,166,56.0,1.067,706
NQ_DRIVE,4295,"{'A': 1000, 'T': 240, 'x': 0.2, 'mode': -1, 'tf': 1, 'k': 0.35, 'stop': 0, 'R': 2.0, 'hold': 240}",264,40.9,0.644,-6101,192,55.7,1.07,862,166,56.0,1.139,1460
NQ_DRIVE,4296,"{'A': 1000, 'T': 240, 'x': 0.35, 'mode': 1, 'tf': 0, 'k': 0.2, 'stop': 0, 'R': 0.5, 'hold': 240}",385,65.7,1.035,403,248,63.7,0.885,-1290,240,62.9,0.885,-1283
NQ_DRIVE,4297,"{'A': 1000, 'T': 240, 'x': 0.35, 'mode': 1, 'tf': 0, 'k': 0.2, 'stop': 0, 'R': 1.0, 'hold': 240}",385,51.2,1.065,1013,248,47.2,0.757,-3760,240,46.7,0.801,-2981
NQ_DRIVE,4298,"{'A': 1000, 'T': 240, 'x': 0.35, 'mode': 1, 'tf': 0, 'k': 0.2, 'stop': 0, 'R': 2.0, 'hold': 240}",385,46.0,1.081,1393,248,42.3,0.811,-3195,240,41.7,0.835,-2714
NQ_DRIVE,4299,"{'A': 1000, 'T': 240, 'x': 0.35, 'mode': 1, 'tf': 0, 'k': 0.35, 'stop': 0, 'R': 0.5, 'hold': 240}",385,59.0,1.104,1667,248,52.4,0.757,-3989,240,52.5,0.801,-3141
NQ_DRIVE,4300,"{'A': 1000, 'T': 240, 'x': 0.35, 'mode': 1, 'tf': 0, 'k': 0.35, 'stop': 0, 'R': 1.0, 'hold': 240}",385,52.2,1.126,2350,248,47.6,0.883,-2099,240,46.7,0.896,-1827
NQ_DRIVE,4301,"{'A': 1000, 'T': 240, 'x': 0.35, 'mode': 1, 'tf': 0, 'k': 0.35, 'stop': 0, 'R': 2.0, 'hold': 240}",385,51.4,1.143,2730,248,45.6,0.836,-3057,240,44.6,0.846,-2809
NQ_DRIVE,4302,"{'A': 1000, 'T': 240, 'x': 0.35, 'mode': 1, 'tf': 1, 'k': 0.2, 'stop': 0, 'R': 0.5, 'hold': 240}",203,63.5,0.968,-202,115,65.2,0.937,-308,102,64.7,0.893,-494
NQ_DRIVE,4303,"{'A': 1000, 'T': 240, 'x': 0.35, 'mode': 1, 'tf': 1, 'k': 0.2, 'stop': 0, 'R': 1.0, 'hold': 240}",203,47.8,0.948,-451,115,52.2,0.876,-815,102,50.0,0.912,-535
NQ_DRIVE,4304,"{'A': 1000, 'T': 240, 'x': 0.35, 'mode': 1, 'tf': 1, 'k': 0.2, 'stop': 0, 'R': 2.0, 'hold': 240}",203,43.3,1.01,92,115,48.7,0.891,-783,102,46.1,0.955,-303
NQ_DRIVE,4305,"{'A': 1000, 'T': 240, 'x': 0.35, 'mode': 1, 'tf': 1, 'k': 0.35, 'stop': 0, 'R': 0.5, 'hold': 240}",203,54.2,0.887,-1090,115,55.7,0.846,-1080,102,52.9,0.805,-1300
NQ_DRIVE,4306,"{'A': 1000, 'T': 240, 'x': 0.35, 'mode': 1, 'tf': 1, 'k': 0.35, 'stop': 0, 'R': 1.0, 'hold': 240}",203,49.3,0.987,-139,115,53.9,1.005,35,102,51.0,1.021,145
NQ_DRIVE,4307,"{'A': 1000, 'T': 240, 'x': 0.35, 'mode': 1, 'tf': 1, 'k': 0.35, 'stop': 0, 'R': 2.0, 'hold': 240}",203,48.8,1.013,141,115,52.2,0.928,-539,102,49.0,0.943,-408
NQ_DRIVE,4312,"{'A': 1000, 'T': 240, 'x': 0.35, 'mode': -1, 'tf': 0, 'k': 0.35, 'stop': 0, 'R': 1.0, 'hold': 240}",385,45.2,0.799,-4437,248,52.0,1.038,634,240,51.2,1.029,472
NQ_DRIVE,4313,"{'A': 1000, 'T': 240, 'x': 0.35, 'mode': -1, 'tf': 0, 'k': 0.35, 'stop': 0, 'R': 2.0, 'hold': 240}",385,42.6,0.766,-5407,248,52.0,1.125,2061,240,51.2,1.111,1807
NQ_DRIVE,4314,"{'A': 1000, 'T': 240, 'x': 0.35, 'mode': -1, 'tf': 1, 'k': 0.2, 'stop': 0, 'R': 0.5, 'hold': 240}",167,61.7,0.849,-884,127,66.1,1.072,376,112,65.2,1.021,99
NQ_DRIVE,4315,"{'A': 1000, 'T': 240, 'x': 0.35, 'mode': -1, 'tf': 1, 'k': 0.2, 'stop': 0, 'R': 1.0, 'hold': 240}",167,44.3,0.715,-2397,127,55.9,1.279,1734,112,54.5,1.237,1341
NQ_DRIVE,4316,"{'A': 1000, 'T': 240, 'x': 0.35, 'mode': -1, 'tf': 1, 'k': 0.2, 'stop': 0, 'R': 2.0, 'hold': 240}",167,37.1,0.698,-2785,127,51.2,1.249,1776,112,49.1,1.158,1029
NQ_DRIVE,4317,"{'A': 1000, 'T': 240, 'x': 0.35, 'mode': -1, 'tf': 1, 'k': 0.35, 'stop': 0, 'R': 0.5, 'hold': 240}",167,54.5,0.804,-1651,127,63.8,1.17,1216,112,62.5,1.147,940
NQ_DRIVE,4318,"{'A': 1000, 'T': 240, 'x': 0.35, 'mode': -1, 'tf': 1, 'k': 0.35, 'stop': 0, 'R': 1.0, 'hold': 240}",167,42.5,0.68,-3323,127,56.7,1.108,934,112,54.5,1.062,477
NQ_DRIVE,4319,"{'A': 1000, 'T': 240, 'x': 0.35, 'mode': -1, 'tf': 1, 'k': 0.35, 'stop': 0, 'R': 2.0, 'hold': 240}",167,40.1,0.606,-4315,127,56.7,1.209,1802,112,54.5,1.153,1179
NQ_DRIVE,4308,"{'A': 1000, 'T': 240, 'x': 0.35, 'mode': -1, 'tf': 0, 'k': 0.2, 'stop': 0, 'R': 0.5, 'hold': 240}",385,61.3,0.861,-1823,248,61.7,0.937,-679,240,61.3,0.9,-1080
NQ_DRIVE,4309,"{'A': 1000, 'T': 240, 'x': 0.35, 'mode': -1, 'tf': 0, 'k': 0.2, 'stop': 0, 'R': 1.0, 'hold': 240}",385,47.0,0.816,-3251,248,52.4,1.172,2149,240,51.7,1.133,1674
NQ_DRIVE,4310,"{'A': 1000, 'T': 240, 'x': 0.35, 'mode': -1, 'tf': 0, 'k': 0.2, 'stop': 0, 'R': 2.0, 'hold': 240}",385,40.5,0.832,-3306,248,48.8,1.233,3197,240,48.3,1.209,2859
NQ_DRIVE,4311,"{'A': 1000, 'T': 240, 'x': 0.35, 'mode': -1, 'tf': 0, 'k': 0.35, 'stop': 0, 'R': 0.5, 'hold': 240}",385,54.0,0.798,-3797,248,57.7,1.029,424,240,56.7,0.996,-58
NQ_DRIVE,4320,"{'A': 1100, 'T': 15, 'x': 0.1, 'mode': 1, 'tf': 0, 'k': 0.2, 'stop': 0, 'R': 0.5, 'hold': 240}",343,64.7,0.807,-2470,231,68.0,1.101,954,216,68.5,1.179,1563
NQ_DRIVE,4321,"{'A': 1100, 'T': 15, 'x': 0.1, 'mode': 1, 'tf': 0, 'k': 0.2, 'stop': 0, 'R': 1.0, 'hold': 240}",343,48.1,0.895,-1838,231,50.2,0.997,-39,216,48.1,0.92,-1194
NQ_DRIVE,4322,"{'A': 1100, 'T': 15, 'x': 0.1, 'mode': 1, 'tf': 0, 'k': 0.2, 'stop': 0, 'R': 2.0, 'hold': 240}",343,36.4,0.971,-602,231,40.7,1.127,2234,216,39.4,1.062,1071
NQ_DRIVE,4323,"{'A': 1100, 'T': 15, 'x': 0.1, 'mode': 1, 'tf': 0, 'k': 0.35, 'stop': 0, 'R': 0.5, 'hold': 240}",343,63.8,0.968,-582,231,64.1,1.101,1534,216,63.4,1.099,1456
NQ_DRIVE,4328,"{'A': 1100, 'T': 15, 'x': 0.1, 'mode': 1, 'tf': 1, 'k': 0.2, 'stop': 0, 'R': 2.0, 'hold': 240}",172,36.6,1.017,175,115,44.3,1.215,1829,94,41.5,1.074,538
NQ_DRIVE,4329,"{'A': 1100, 'T': 15, 'x': 0.1, 'mode': 1, 'tf': 1, 'k': 0.35, 'stop': 0, 'R': 0.5, 'hold': 240}",172,66.3,1.041,360,115,68.7,1.285,1924,94,67.0,1.216,1264
NQ_DRIVE,4330,"{'A': 1100, 'T': 15, 'x': 0.1, 'mode': 1, 'tf': 1, 'k': 0.35, 'stop': 0, 'R': 1.0, 'hold': 240}",172,50.6,1.024,287,115,54.8,1.278,2574,94,50.0,1.166,1328
NQ_DRIVE,4331,"{'A': 1100, 'T': 15, 'x': 0.1, 'mode': 1, 'tf': 1, 'k': 0.35, 'stop': 0, 'R': 2.0, 'hold': 240}",172,48.3,1.17,2052,115,49.6,1.319,3144,94,45.7,1.185,1550
NQ_DRIVE,4324,"{'A': 1100, 'T': 15, 'x': 0.1, 'mode': 1, 'tf': 0, 'k': 0.35, 'stop': 0, 'R': 1.0, 'hold': 240}",343,49.3,1.014,327,231,51.1,1.136,2659,216,49.5,1.144,2696
NQ_DRIVE,4325,"{'A': 1100, 'T': 15, 'x': 0.1, 'mode': 1, 'tf': 0, 'k': 0.35, 'stop': 0, 'R': 2.0, 'hold': 240}",343,46.1,1.12,2946,231,46.8,1.235,4914,216,45.4,1.216,4324
NQ_DRIVE,4326,"{'A': 1100, 'T': 15, 'x': 0.1, 'mode': 1, 'tf': 1, 'k': 0.2, 'stop': 0, 'R': 0.5, 'hold': 240}",172,65.7,0.871,-787,115,75.7,1.443,1703,94,75.5,1.52,1619
NQ_DRIVE,4327,"{'A': 1100, 'T': 15, 'x': 0.1, 'mode': 1, 'tf': 1, 'k': 0.2, 'stop': 0, 'R': 1.0, 'hold': 240}",172,48.8,0.949,-429,115,58.3,1.239,1583,94,54.3,1.059,356
NQ_DRIVE,4332,"{'A': 1100, 'T': 15, 'x': 0.1, 'mode': -1, 'tf': 0, 'k': 0.2, 'stop': 0, 'R': 0.5, 'hold': 240}",343,64.7,0.869,-1606,231,60.6,0.761,-2872,216,61.6,0.833,-1846
NQ_DRIVE,4333,"{'A': 1100, 'T': 15, 'x': 0.1, 'mode': -1, 'tf': 0, 'k': 0.2, 'stop': 0, 'R': 1.0, 'hold': 240}",343,51.3,0.986,-235,231,49.8,0.923,-1193,216,50.9,1.003,42
NQ_DRIVE,4334,"{'A': 1100, 'T': 15, 'x': 0.1, 'mode': -1, 'tf': 0, 'k': 0.2, 'stop': 0, 'R': 2.0, 'hold': 240}",343,39.1,1.013,267,231,39.4,0.937,-1165,216,40.3,0.975,-430
NQ_DRIVE,4335,"{'A': 1100, 'T': 15, 'x': 0.1, 'mode': -1, 'tf': 0, 'k': 0.35, 'stop': 0, 'R': 0.5, 'hold': 240}",343,64.4,0.962,-707,231,60.2,0.852,-2676,216,60.2,0.884,-1976
NQ_DRIVE,4336,"{'A': 1100, 'T': 15, 'x': 0.1, 'mode': -1, 'tf': 0, 'k': 0.35, 'stop': 0, 'R': 1.0, 'hold': 240}",343,49.3,0.903,-2424,231,48.5,0.828,-3926,216,49.1,0.823,-3882
NQ_DRIVE,4337,"{'A': 1100, 'T': 15, 'x': 0.1, 'mode': -1, 'tf': 0, 'k': 0.35, 'stop': 0, 'R': 2.0, 'hold': 240}",343,45.2,0.999,-27,231,43.3,0.822,-4342,216,44.4,0.833,-3886
NQ_DRIVE,4338,"{'A': 1100, 'T': 15, 'x': 0.1, 'mode': -1, 'tf': 1, 'k': 0.2, 'stop': 0, 'R': 0.5, 'hold': 240}",163,63.8,0.836,-986,112,65.2,0.872,-688,103,67.0,0.974,-125
NQ_DRIVE,4339,"{'A': 1100, 'T': 15, 'x': 0.1, 'mode': -1, 'tf': 1, 'k': 0.2, 'stop': 0, 'R': 1.0, 'hold': 240}",163,51.5,1.008,64,112,57.1,1.106,718,103,58.3,1.211,1310
NQ_DRIVE,4340,"{'A': 1100, 'T': 15, 'x': 0.1, 'mode': -1, 'tf': 1, 'k': 0.2, 'stop': 0, 'R': 2.0, 'hold': 240}",163,41.1,1.059,566,112,44.6,1.097,806,103,43.7,1.071,574
NQ_DRIVE,4341,"{'A': 1100, 'T': 15, 'x': 0.1, 'mode': -1, 'tf': 1, 'k': 0.35, 'stop': 0, 'R': 0.5, 'hold': 240}",163,65.6,1.034,287,112,64.3,0.953,-379,103,64.1,0.953,-361
NQ_DRIVE,4342,"{'A': 1100, 'T': 15, 'x': 0.1, 'mode': -1, 'tf': 1, 'k': 0.35, 'stop': 0, 'R': 1.0, 'hold': 240}",163,51.5,0.924,-892,112,51.8,0.92,-824,103,50.5,0.869,-1328
NQ_DRIVE,4343,"{'A': 1100, 'T': 15, 'x': 0.1, 'mode': -1, 'tf': 1, 'k': 0.35, 'stop': 0, 'R': 2.0, 'hold': 240}",163,47.2,1.003,37,112,45.5,0.862,-1574,103,45.6,0.855,-1594
NQ_DRIVE,4344,"{'A': 1100, 'T': 15, 'x': 0.2, 'mode': 1, 'tf': 0, 'k': 0.2, 'stop': 0, 'R': 0.5, 'hold': 240}",98,64.3,0.87,-428,59,64.4,0.921,-199,53,67.9,1.122,261
NQ_DRIVE,4345,"{'A': 1100, 'T': 15, 'x': 0.2, 'mode': 1, 'tf': 0, 'k': 0.2, 'stop': 0, 'R': 1.0, 'hold': 240}",98,53.1,1.175,724,59,45.8,0.762,-994,53,47.2,0.807,-755
NQ_DRIVE,4346,"{'A': 1100, 'T': 15, 'x': 0.2, 'mode': 1, 'tf': 0, 'k': 0.2, 'stop': 0, 'R': 2.0, 'hold': 240}",98,36.7,1.141,775,59,32.2,0.767,-1237,53,35.8,0.864,-647
NQ_DRIVE,4347,"{'A': 1100, 'T': 15, 'x': 0.2, 'mode': 1, 'tf': 0, 'k': 0.35, 'stop': 0, 'R': 0.5, 'hold': 240}",98,67.3,1.207,910,59,66.1,1.022,93,53,66.0,1.052,202
NQ_DRIVE,4352,"{'A': 1100, 'T': 15, 'x': 0.2, 'mode': 1, 'tf': 1, 'k': 0.2, 'stop': 0, 'R': 2.0, 'hold': 240}",41,31.7,0.878,-315,24,25.0,0.573,-1037,22,27.3,0.592,-888
NQ_DRIVE,4353,"{'A': 1100, 'T': 15, 'x': 0.2, 'mode': 1, 'tf': 1, 'k': 0.35, 'stop': 0, 'R': 0.5, 'hold': 240}",41,65.9,0.96,-89,24,75.0,1.526,670,22,72.7,1.663,756
NQ_DRIVE,4354,"{'A': 1100, 'T': 15, 'x': 0.2, 'mode': 1, 'tf': 1, 'k': 0.35, 'stop': 0, 'R': 1.0, 'hold': 240}",41,46.3,0.841,-501,24,45.8,0.829,-478,22,45.5,0.869,-305
NQ_DRIVE,4355,"{'A': 1100, 'T': 15, 'x': 0.2, 'mode': 1, 'tf': 1, 'k': 0.35, 'stop': 0, 'R': 2.0, 'hold': 240}",41,41.5,0.85,-506,24,41.7,0.896,-297,22,45.5,0.968,-75
NQ_DRIVE,4368,"{'A': 1100, 'T': 15, 'x': 0.35, 'mode': 1, 'tf': 0, 'k': 0.2, 'stop': 0, 'R': 0.5, 'hold': 240}",11,81.8,,178,11,90.9,,407,10,90.0,,415
NQ_DRIVE,4369,"{'A': 1100, 'T': 15, 'x': 0.35, 'mode': 1, 'tf': 0, 'k': 0.2, 'stop': 0, 'R': 1.0, 'hold': 240}",11,72.7,,388,11,63.6,,103,10,60.0,,22
NQ_DRIVE,4370,"{'A': 1100, 'T': 15, 'x': 0.35, 'mode': 1, 'tf': 0, 'k': 0.2, 'stop': 0, 'R': 2.0, 'hold': 240}",11,63.6,,817,11,36.4,,-214,10,30.0,,-472
NQ_DRIVE,4371,"{'A': 1100, 'T': 15, 'x': 0.35, 'mode': 1, 'tf': 0, 'k': 0.35, 'stop': 0, 'R': 0.5, 'hold': 240}",11,81.8,,355,11,72.7,,44,10,70.0,,-14
NQ_DRIVE,4356,"{'A': 1100, 'T': 15, 'x': 0.2, 'mode': -1, 'tf': 0, 'k': 0.2, 'stop': 0, 'R': 0.5, 'hold': 240}",98,60.2,0.658,-1329,59,61.0,0.786,-616,53,60.4,0.757,-688
NQ_DRIVE,4357,"{'A': 1100, 'T': 15, 'x': 0.2, 'mode': -1, 'tf': 0, 'k': 0.2, 'stop': 0, 'R': 1.0, 'hold': 240}",98,46.9,0.759,-1242,59,54.2,1.205,682,53,52.8,1.144,474
NQ_DRIVE,4358,"{'A': 1100, 'T': 15, 'x': 0.2, 'mode': -1, 'tf': 0, 'k': 0.2, 'stop': 0, 'R': 2.0, 'hold': 240}",98,34.7,0.817,-1135,59,37.3,1.039,186,53,35.8,0.974,-124
NQ_DRIVE,4359,"{'A': 1100, 'T': 15, 'x': 0.2, 'mode': -1, 'tf': 0, 'k': 0.35, 'stop': 0, 'R': 0.5, 'hold': 240}",98,65.3,0.841,-891,59,69.5,1.265,953,53,66.0,1.121,442
NQ_DRIVE,4348,"{'A': 1100, 'T': 15, 'x': 0.2, 'mode': 1, 'tf': 0, 'k': 0.35, 'stop': 0, 'R': 1.0, 'hold': 240}",98,49.0,1.103,667,59,49.2,0.966,-206,53,50.9,1.029,159
NQ_DRIVE,4349,"{'A': 1100, 'T': 15, 'x': 0.2, 'mode': 1, 'tf': 0, 'k': 0.35, 'stop': 0, 'R': 2.0, 'hold': 240}",98,44.9,1.285,1936,59,45.8,1.084,543,53,49.1,1.23,1313
NQ_DRIVE,4350,"{'A': 1100, 'T': 15, 'x': 0.2, 'mode': 1, 'tf': 1, 'k': 0.2, 'stop': 0, 'R': 0.5, 'hold': 240}",41,58.5,0.691,-490,24,70.8,1.209,174,22,72.7,1.573,395
NQ_DRIVE,4351,"{'A': 1100, 'T': 15, 'x': 0.2, 'mode': 1, 'tf': 1, 'k': 0.2, 'stop': 0, 'R': 1.0, 'hold': 240}",41,48.8,0.969,-59,24,54.2,1.018,26,22,50.0,0.958,-62
NQ_DRIVE,4372,"{'A': 1100, 'T': 15, 'x': 0.35, 'mode': 1, 'tf': 0, 'k': 0.35, 'stop': 0, 'R': 1.0, 'hold': 240}",11,72.7,,740,11,54.5,,-75,10,50.0,,-287
NQ_DRIVE,4373,"{'A': 1100, 'T': 15, 'x': 0.35, 'mode': 1, 'tf': 0, 'k': 0.35, 'stop': 0, 'R': 2.0, 'hold': 240}",11,72.7,,1481,11,45.5,,-187,10,40.0,,-676
NQ_DRIVE,4374,"{'A': 1100, 'T': 15, 'x': 0.35, 'mode': 1, 'tf': 1, 'k': 0.2, 'stop': 0, 'R': 0.5, 'hold': 240}",2,50.0,,-64,4,100.0,,179,4,100.0,,258
NQ_DRIVE,4375,"{'A': 1100, 'T': 15, 'x': 0.35, 'mode': 1, 'tf': 1, 'k': 0.2, 'stop': 0, 'R': 1.0, 'hold': 240}",2,50.0,,-36,4,100.0,,464,4,75.0,,243
NQ_DRIVE,4360,"{'A': 1100, 'T': 15, 'x': 0.2, 'mode': -1, 'tf': 0, 'k': 0.35, 'stop': 0, 'R': 1.0, 'hold': 240}",98,51.0,0.836,-1216,59,50.8,0.982,-112,53,49.1,0.922,-446
NQ_DRIVE,4361,"{'A': 1100, 'T': 15, 'x': 0.2, 'mode': -1, 'tf': 0, 'k': 0.35, 'stop': 0, 'R': 2.0, 'hold': 240}",98,42.9,0.79,-1696,59,40.7,0.96,-278,53,39.6,0.915,-550
NQ_DRIVE,4362,"{'A': 1100, 'T': 15, 'x': 0.2, 'mode': -1, 'tf': 1, 'k': 0.2, 'stop': 0, 'R': 0.5, 'hold': 240}",54,53.7,0.503,-1231,35,62.9,0.79,-350,27,59.3,0.729,-383
NQ_DRIVE,4363,"{'A': 1100, 'T': 15, 'x': 0.2, 'mode': -1, 'tf': 1, 'k': 0.2, 'stop': 0, 'R': 1.0, 'hold': 240}",54,42.6,0.622,-1164,35,60.0,1.478,835,27,55.6,1.337,506
NQ_DRIVE,4364,"{'A': 1100, 'T': 15, 'x': 0.2, 'mode': -1, 'tf': 1, 'k': 0.2, 'stop': 0, 'R': 2.0, 'hold': 240}",54,31.5,0.6,-1474,35,42.9,1.256,676,27,37.0,1.048,111
NQ_DRIVE,4365,"{'A': 1100, 'T': 15, 'x': 0.2, 'mode': -1, 'tf': 1, 'k': 0.35, 'stop': 0, 'R': 0.5, 'hold': 240}",54,63.0,0.731,-896,35,65.7,1.072,168,27,63.0,0.98,-40
NQ_DRIVE,4366,"{'A': 1100, 'T': 15, 'x': 0.2, 'mode': -1, 'tf': 1, 'k': 0.35, 'stop': 0, 'R': 1.0, 'hold': 240}",54,50.0,0.692,-1359,35,48.6,0.875,-462,27,44.4,0.764,-760
NQ_DRIVE,4367,"{'A': 1100, 'T': 15, 'x': 0.2, 'mode': -1, 'tf': 1, 'k': 0.35, 'stop': 0, 'R': 2.0, 'hold': 240}",54,40.7,0.595,-1952,35,40.0,0.762,-1005,27,40.7,0.739,-929
NQ_DRIVE,4376,"{'A': 1100, 'T': 15, 'x': 0.35, 'mode': 1, 'tf': 1, 'k': 0.2, 'stop': 0, 'R': 2.0, 'hold': 240}",2,50.0,,22,4,25.0,,-162,4,0.0,,-563
NQ_DRIVE,4377,"{'A': 1100, 'T': 15, 'x': 0.35, 'mode': 1, 'tf': 1, 'k': 0.35, 'stop': 0, 'R': 0.5, 'hold': 240}",2,100.0,,119,4,100.0,,393,4,75.0,,209
NQ_DRIVE,4378,"{'A': 1100, 'T': 15, 'x': 0.35, 'mode': 1, 'tf': 1, 'k': 0.35, 'stop': 0, 'R': 1.0, 'hold': 240}",2,100.0,,245,4,50.0,,-137,4,25.0,,-478
NQ_DRIVE,4379,"{'A': 1100, 'T': 15, 'x': 0.35, 'mode': 1, 'tf': 1, 'k': 0.35, 'stop': 0, 'R': 2.0, 'hold': 240}",2,100.0,,496,4,50.0,,114,4,25.0,,-526
NQ_DRIVE,4380,"{'A': 1100, 'T': 15, 'x': 0.35, 'mode': -1, 'tf': 0, 'k': 0.2, 'stop': 0, 'R': 0.5, 'hold': 240}",11,45.5,,-322,11,36.4,,-489,10,40.0,,-406
NQ_DRIVE,4381,"{'A': 1100, 'T': 15, 'x': 0.35, 'mode': -1, 'tf': 0, 'k': 0.2, 'stop': 0, 'R': 1.0, 'hold': 240}",11,27.3,,-445,11,36.4,,-161,10,40.0,,-75
NQ_DRIVE,4382,"{'A': 1100, 'T': 15, 'x': 0.35, 'mode': -1, 'tf': 0, 'k': 0.2, 'stop': 0, 'R': 2.0, 'hold': 240}",11,18.2,,-468,11,27.3,,-145,10,30.0,,-60
NQ_DRIVE,4383,"{'A': 1100, 'T': 15, 'x': 0.35, 'mode': -1, 'tf': 0, 'k': 0.35, 'stop': 0, 'R': 0.5, 'hold': 240}",11,36.4,,-757,11,63.6,,158,10,70.0,,364
NQ_DRIVE,4384,"{'A': 1100, 'T': 15, 'x': 0.35, 'mode': -1, 'tf': 0, 'k': 0.35, 'stop': 0, 'R': 1.0, 'hold': 240}",11,27.3,,-799,11,45.5,,17,10,50.0,,234
NQ_DRIVE,4385,"{'A': 1100, 'T': 15, 'x': 0.35, 'mode': -1, 'tf': 0, 'k': 0.35, 'stop': 0, 'R': 2.0, 'hold': 240}",11,18.2,,-994,11,36.4,,528,10,40.0,,749
NQ_DRIVE,4386,"{'A': 1100, 'T': 15, 'x': 0.35, 'mode': -1, 'tf': 1, 'k': 0.2, 'stop': 0, 'R': 0.5, 'hold': 240}",9,33.3,,-435,7,57.1,,-3,5,40.0,,-149
NQ_DRIVE,4387,"{'A': 1100, 'T': 15, 'x': 0.35, 'mode': -1, 'tf': 1, 'k': 0.2, 'stop': 0, 'R': 1.0, 'hold': 240}",9,22.2,,-471,7,57.1,,325,5,40.0,,29
NQ_DRIVE,4388,"{'A': 1100, 'T': 15, 'x': 0.35, 'mode': -1, 'tf': 1, 'k': 0.2, 'stop': 0, 'R': 2.0, 'hold': 240}",9,22.2,,-320,7,42.9,,341,5,20.0,,-102
NQ_DRIVE,4389,"{'A': 1100, 'T': 15, 'x': 0.35, 'mode': -1, 'tf': 1, 'k': 0.35, 'stop': 0, 'R': 0.5, 'hold': 240}",9,33.3,,-741,7,57.1,,24,5,40.0,,-249
NQ_DRIVE,4390,"{'A': 1100, 'T': 15, 'x': 0.35, 'mode': -1, 'tf': 1, 'k': 0.35, 'stop': 0, 'R': 1.0, 'hold': 240}",9,33.3,,-543,7,42.9,,-100,5,20.0,,-505
NQ_DRIVE,4391,"{'A': 1100, 'T': 15, 'x': 0.35, 'mode': -1, 'tf': 1, 'k': 0.35, 'stop': 0, 'R': 2.0, 'hold': 240}",9,22.2,,-738,7,28.6,,-103,5,20.0,,-166
NQ_DRIVE,4400,"{'A': 1100, 'T': 30, 'x': 0.1, 'mode': 1, 'tf': 1, 'k': 0.2, 'stop': 0, 'R': 2.0, 'hold': 240}",246,41.1,1.084,1176,170,43.5,1.018,233,140,43.6,0.965,-387
NQ_DRIVE,4401,"{'A': 1100, 'T': 30, 'x': 0.1, 'mode': 1, 'tf': 1, 'k': 0.35, 'stop': 0, 'R': 0.5, 'hold': 240}",246,64.2,1.035,429,170,61.8,0.894,-1378,140,62.9,0.87,-1494
NQ_DRIVE,4402,"{'A': 1100, 'T': 30, 'x': 0.1, 'mode': 1, 'tf': 1, 'k': 0.35, 'stop': 0, 'R': 1.0, 'hold': 240}",246,52.0,1.102,1622,170,51.2,0.953,-741,140,51.4,0.872,-1798
NQ_DRIVE,4403,"{'A': 1100, 'T': 30, 'x': 0.1, 'mode': 1, 'tf': 1, 'k': 0.35, 'stop': 0, 'R': 2.0, 'hold': 240}",246,48.4,1.19,3172,170,49.4,1.124,2008,140,49.3,1.038,548
NQ_DRIVE,4396,"{'A': 1100, 'T': 30, 'x': 0.1, 'mode': 1, 'tf': 0, 'k': 0.35, 'stop': 0, 'R': 1.0, 'hold': 240}",482,50.4,1.031,1015,316,50.0,0.972,-823,296,51.0,0.951,-1424
NQ_DRIVE,4397,"{'A': 1100, 'T': 30, 'x': 0.1, 'mode': 1, 'tf': 0, 'k': 0.35, 'stop': 0, 'R': 2.0, 'hold': 240}",482,46.1,1.055,1917,316,46.5,1.077,2422,296,47.3,1.041,1231
NQ_DRIVE,4398,"{'A': 1100, 'T': 30, 'x': 0.1, 'mode': 1, 'tf': 1, 'k': 0.2, 'stop': 0, 'R': 0.5, 'hold': 240}",246,70.3,1.096,699,170,65.3,0.822,-1530,140,65.7,0.786,-1616
NQ_DRIVE,4399,"{'A': 1100, 'T': 30, 'x': 0.1, 'mode': 1, 'tf': 1, 'k': 0.2, 'stop': 0, 'R': 1.0, 'hold': 240}",246,49.6,0.933,-794,170,50.6,0.977,-263,140,50.7,0.946,-531
NQ_DRIVE,4408,"{'A': 1100, 'T': 30, 'x': 0.1, 'mode': -1, 'tf': 0, 'k': 0.35, 'stop': 0, 'R': 1.0, 'hold': 240}",482,48.1,0.883,-4069,316,49.1,0.969,-911,296,48.3,0.985,-426
NQ_DRIVE,4409,"{'A': 1100, 'T': 30, 'x': 0.1, 'mode': -1, 'tf': 0, 'k': 0.35, 'stop': 0, 'R': 2.0, 'hold': 240}",482,44.6,0.963,-1350,316,45.3,0.938,-1970,296,44.3,0.943,-1719
NQ_DRIVE,4410,"{'A': 1100, 'T': 30, 'x': 0.1, 'mode': -1, 'tf': 1, 'k': 0.2, 'stop': 0, 'R': 0.5, 'hold': 240}",224,65.2,0.864,-1115,139,66.2,0.958,-273,123,63.4,0.842,-1038
NQ_DRIVE,4411,"{'A': 1100, 'T': 30, 'x': 0.1, 'mode': -1, 'tf': 1, 'k': 0.2, 'stop': 0, 'R': 1.0, 'hold': 240}",224,51.3,0.989,-126,139,51.1,0.998,-20,123,51.2,0.983,-149
NQ_DRIVE,4412,"{'A': 1100, 'T': 30, 'x': 0.1, 'mode': -1, 'tf': 1, 'k': 0.2, 'stop': 0, 'R': 2.0, 'hold': 240}",224,42.0,1.056,748,139,41.0,0.942,-667,123,41.5,0.966,-355
NQ_DRIVE,4413,"{'A': 1100, 'T': 30, 'x': 0.1, 'mode': -1, 'tf': 1, 'k': 0.35, 'stop': 0, 'R': 0.5, 'hold': 240}",224,63.8,0.977,-280,139,61.2,0.937,-667,123,60.2,0.905,-945
NQ_DRIVE,4414,"{'A': 1100, 'T': 30, 'x': 0.1, 'mode': -1, 'tf': 1, 'k': 0.35, 'stop': 0, 'R': 1.0, 'hold': 240}",224,50.9,0.967,-535,139,50.4,0.906,-1294,123,49.6,0.904,-1219
NQ_DRIVE,4415,"{'A': 1100, 'T': 30, 'x': 0.1, 'mode': -1, 'tf': 1, 'k': 0.35, 'stop': 0, 'R': 2.0, 'hold': 240}",224,48.2,1.116,1942,139,44.6,0.801,-3084,123,44.7,0.812,-2638
NQ_DRIVE,4392,"{'A': 1100, 'T': 30, 'x': 0.1, 'mode': 1, 'tf': 0, 'k': 0.2, 'stop': 0, 'R': 0.5, 'hold': 240}",482,66.8,0.93,-1141,316,66.1,0.904,-1488,296,66.9,0.92,-1187
NQ_DRIVE,4393,"{'A': 1100, 'T': 30, 'x': 0.1, 'mode': 1, 'tf': 0, 'k': 0.2, 'stop': 0, 'R': 1.0, 'hold': 240}",482,48.3,0.907,-2252,316,49.1,0.926,-1602,296,49.7,0.942,-1213
NQ_DRIVE,4394,"{'A': 1100, 'T': 30, 'x': 0.1, 'mode': 1, 'tf': 0, 'k': 0.2, 'stop': 0, 'R': 2.0, 'hold': 240}",482,39.4,1.02,574,316,41.1,1.011,267,296,41.9,1.007,170
NQ_DRIVE,4395,"{'A': 1100, 'T': 30, 'x': 0.1, 'mode': 1, 'tf': 0, 'k': 0.35, 'stop': 0, 'R': 0.5, 'hold': 240}",482,62.7,0.946,-1405,316,60.1,0.906,-2294,296,61.5,0.914,-2020
NQ_DRIVE,4416,"{'A': 1100, 'T': 30, 'x': 0.2, 'mode': 1, 'tf': 0, 'k': 0.2, 'stop': 0, 'R': 0.5, 'hold': 240}",175,63.4,0.802,-1253,115,61.7,0.675,-2268,106,60.4,0.646,-2455
NQ_DRIVE,4417,"{'A': 1100, 'T': 30, 'x': 0.2, 'mode': 1, 'tf': 0, 'k': 0.2, 'stop': 0, 'R': 1.0, 'hold': 240}",175,47.4,0.895,-930,115,44.3,0.739,-2436,106,43.4,0.738,-2371
NQ_DRIVE,4418,"{'A': 1100, 'T': 30, 'x': 0.2, 'mode': 1, 'tf': 0, 'k': 0.2, 'stop': 0, 'R': 2.0, 'hold': 240}",175,40.6,1.156,1562,115,35.7,0.811,-2019,106,36.8,0.825,-1791
NQ_DRIVE,4419,"{'A': 1100, 'T': 30, 'x': 0.2, 'mode': 1, 'tf': 0, 'k': 0.35, 'stop': 0, 'R': 0.5, 'hold': 240}",175,60.0,0.826,-1819,115,64.3,0.973,-240,106,64.2,0.978,-194
NQ_DRIVE,4404,"{'A': 1100, 'T': 30, 'x': 0.1, 'mode': -1, 'tf': 0, 'k': 0.2, 'stop': 0, 'R': 0.5, 'hold': 240}",482,64.7,0.879,-2050,316,65.5,0.925,-1119,296,65.5,0.933,-977
NQ_DRIVE,4405,"{'A': 1100, 'T': 30, 'x': 0.1, 'mode': -1, 'tf': 0, 'k': 0.2, 'stop': 0, 'R': 1.0, 'hold': 240}",482,50.0,0.972,-657,316,50.3,0.997,-54,296,50.0,0.983,-340
NQ_DRIVE,4406,"{'A': 1100, 'T': 30, 'x': 0.1, 'mode': -1, 'tf': 0, 'k': 0.2, 'stop': 0, 'R': 2.0, 'hold': 240}",482,39.4,0.997,-81,316,40.5,1.037,927,296,39.9,1.033,807
NQ_DRIVE,4407,"{'A': 1100, 'T': 30, 'x': 0.1, 'mode': -1, 'tf': 0, 'k': 0.35, 'stop': 0, 'R': 0.5, 'hold': 240}",482,60.8,0.895,-2850,316,60.8,0.997,-71,296,60.8,1.029,612
NQ_DRIVE,4420,"{'A': 1100, 'T': 30, 'x': 0.2, 'mode': 1, 'tf': 0, 'k': 0.35, 'stop': 0, 'R': 1.0, 'hold': 240}",175,49.7,1.021,259,115,51.3,0.997,-36,106,51.9,0.975,-276
NQ_DRIVE,4421,"{'A': 1100, 'T': 30, 'x': 0.2, 'mode': 1, 'tf': 0, 'k': 0.35, 'stop': 0, 'R': 2.0, 'hold': 240}",175,43.4,0.966,-452,115,46.1,1.066,847,106,46.2,1.079,954
NQ_DRIVE,4422,"{'A': 1100, 'T': 30, 'x': 0.2, 'mode': 1, 'tf': 1, 'k': 0.2, 'stop': 0, 'R': 0.5, 'hold': 240}",76,69.7,1.201,425,57,57.9,0.513,-1916,46,58.7,0.543,-1524
NQ_DRIVE,4423,"{'A': 1100, 'T': 30, 'x': 0.2, 'mode': 1, 'tf': 1, 'k': 0.2, 'stop': 0, 'R': 1.0, 'hold': 240}",76,48.7,0.991,-34,57,40.4,0.654,-1683,46,39.1,0.657,-1447
NQ_DRIVE,4424,"{'A': 1100, 'T': 30, 'x': 0.2, 'mode': 1, 'tf': 1, 'k': 0.2, 'stop': 0, 'R': 2.0, 'hold': 240}",76,42.1,1.265,1107,57,33.3,0.644,-1957,46,32.6,0.623,-1788
NQ_DRIVE,4425,"{'A': 1100, 'T': 30, 'x': 0.2, 'mode': 1, 'tf': 1, 'k': 0.35, 'stop': 0, 'R': 0.5, 'hold': 240}",76,59.2,0.847,-694,57,63.2,0.812,-943,46,60.9,0.825,-764
NQ_DRIVE,4426,"{'A': 1100, 'T': 30, 'x': 0.2, 'mode': 1, 'tf': 1, 'k': 0.35, 'stop': 0, 'R': 1.0, 'hold': 240}",76,48.7,0.95,-279,57,47.4,0.788,-1387,46,43.5,0.742,-1478
NQ_DRIVE,4427,"{'A': 1100, 'T': 30, 'x': 0.2, 'mode': 1, 'tf': 1, 'k': 0.35, 'stop': 0, 'R': 2.0, 'hold': 240}",76,42.1,0.938,-365,57,45.6,0.943,-390,46,41.3,0.946,-322
NQ_DRIVE,4428,"{'A': 1100, 'T': 30, 'x': 0.2, 'mode': -1, 'tf': 0, 'k': 0.2, 'stop': 0, 'R': 0.5, 'hold': 240}",175,67.4,0.952,-271,115,70.4,1.222,1053,106,71.7,1.235,1073
NQ_DRIVE,4429,"{'A': 1100, 'T': 30, 'x': 0.2, 'mode': -1, 'tf': 0, 'k': 0.2, 'stop': 0, 'R': 1.0, 'hold': 240}",175,52.0,1.0,0,115,55.7,1.26,1858,106,56.6,1.266,1838
NQ_DRIVE,4430,"{'A': 1100, 'T': 30, 'x': 0.2, 'mode': -1, 'tf': 0, 'k': 0.2, 'stop': 0, 'R': 2.0, 'hold': 240}",175,42.3,1.173,1698,115,36.5,0.86,-1436,106,36.8,0.863,-1356
NQ_DRIVE,4431,"{'A': 1100, 'T': 30, 'x': 0.2, 'mode': -1, 'tf': 0, 'k': 0.35, 'stop': 0, 'R': 0.5, 'hold': 240}",175,60.0,0.764,-2586,115,67.8,1.275,2117,106,68.9,1.384,2664
NQ_DRIVE,4432,"{'A': 1100, 'T': 30, 'x': 0.2, 'mode': -1, 'tf': 0, 'k': 0.35, 'stop': 0, 'R': 1.0, 'hold': 240}",175,49.7,0.906,-1209,115,48.7,0.951,-590,106,47.2,0.954,-527
NQ_DRIVE,4433,"{'A': 1100, 'T': 30, 'x': 0.2, 'mode': -1, 'tf': 0, 'k': 0.35, 'stop': 0, 'R': 2.0, 'hold': 240}",175,42.9,0.968,-451,115,44.3,0.886,-1495,106,42.5,0.858,-1770
NQ_DRIVE,4434,"{'A': 1100, 'T': 30, 'x': 0.2, 'mode': -1, 'tf': 1, 'k': 0.2, 'stop': 0, 'R': 0.5, 'hold': 240}",94,66.0,0.86,-451,56,66.1,1.171,408,48,66.7,1.118,261
NQ_DRIVE,4435,"{'A': 1100, 'T': 30, 'x': 0.2, 'mode': -1, 'tf': 1, 'k': 0.2, 'stop': 0, 'R': 1.0, 'hold': 240}",94,53.2,1.061,264,56,51.8,1.134,494,48,56.2,1.298,913
NQ_DRIVE,4436,"{'A': 1100, 'T': 30, 'x': 0.2, 'mode': -1, 'tf': 1, 'k': 0.2, 'stop': 0, 'R': 2.0, 'hold': 240}",94,43.6,1.214,1097,56,32.1,0.602,-2137,48,37.5,0.766,-1053
NQ_DRIVE,4437,"{'A': 1100, 'T': 30, 'x': 0.2, 'mode': -1, 'tf': 1, 'k': 0.35, 'stop': 0, 'R': 0.5, 'hold': 240}",94,61.7,0.799,-1170,56,64.3,1.089,379,48,66.7,1.297,979
NQ_DRIVE,4438,"{'A': 1100, 'T': 30, 'x': 0.2, 'mode': -1, 'tf': 1, 'k': 0.35, 'stop': 0, 'R': 1.0, 'hold': 240}",94,50.0,0.87,-910,56,46.4,0.813,-1187,48,47.9,0.939,-311
NQ_DRIVE,4439,"{'A': 1100, 'T': 30, 'x': 0.2, 'mode': -1, 'tf': 1, 'k': 0.35, 'stop': 0, 'R': 2.0, 'hold': 240}",94,45.7,0.966,-256,56,41.1,0.583,-3034,48,41.7,0.616,-2322
NQ_DRIVE,4448,"{'A': 1100, 'T': 30, 'x': 0.35, 'mode': 1, 'tf': 1, 'k': 0.2, 'stop': 0, 'R': 2.0, 'hold': 240}",13,46.2,,550,10,30.0,,-125,8,25.0,,-204
NQ_DRIVE,4449,"{'A': 1100, 'T': 30, 'x': 0.35, 'mode': 1, 'tf': 1, 'k': 0.35, 'stop': 0, 'R': 0.5, 'hold': 240}",13,69.2,,47,10,70.0,,-87,8,62.5,,-76
NQ_DRIVE,4450,"{'A': 1100, 'T': 30, 'x': 0.35, 'mode': 1, 'tf': 1, 'k': 0.35, 'stop': 0, 'R': 1.0, 'hold': 240}",13,61.5,,602,10,50.0,,-8,8,37.5,,-106
NQ_DRIVE,4451,"{'A': 1100, 'T': 30, 'x': 0.35, 'mode': 1, 'tf': 1, 'k': 0.35, 'stop': 0, 'R': 2.0, 'hold': 240}",13,30.8,,-199,10,50.0,,797,8,37.5,,591
NQ_DRIVE,4440,"{'A': 1100, 'T': 30, 'x': 0.35, 'mode': 1, 'tf': 0, 'k': 0.2, 'stop': 0, 'R': 0.5, 'hold': 240}",41,63.4,0.699,-482,24,70.8,1.02,23,22,72.7,1.061,63
NQ_DRIVE,4441,"{'A': 1100, 'T': 30, 'x': 0.35, 'mode': 1, 'tf': 0, 'k': 0.2, 'stop': 0, 'R': 1.0, 'hold': 240}",41,43.9,0.679,-741,24,45.8,0.813,-334,22,40.9,0.662,-612
NQ_DRIVE,4442,"{'A': 1100, 'T': 30, 'x': 0.35, 'mode': 1, 'tf': 0, 'k': 0.2, 'stop': 0, 'R': 2.0, 'hold': 240}",41,36.6,0.982,-46,24,41.7,1.163,317,22,36.4,0.882,-232
NQ_DRIVE,4443,"{'A': 1100, 'T': 30, 'x': 0.35, 'mode': 1, 'tf': 0, 'k': 0.35, 'stop': 0, 'R': 0.5, 'hold': 240}",41,63.4,0.706,-799,24,70.8,1.175,277,22,68.2,1.015,24
NQ_DRIVE,4456,"{'A': 1100, 'T': 30, 'x': 0.35, 'mode': -1, 'tf': 0, 'k': 0.35, 'stop': 0, 'R': 1.0, 'hold': 240}",41,48.8,0.955,-139,24,41.7,0.725,-812,22,45.5,0.87,-323
NQ_DRIVE,4457,"{'A': 1100, 'T': 30, 'x': 0.35, 'mode': -1, 'tf': 0, 'k': 0.35, 'stop': 0, 'R': 2.0, 'hold': 240}",41,36.6,0.734,-983,24,37.5,0.693,-999,22,40.9,0.814,-520
NQ_DRIVE,4458,"{'A': 1100, 'T': 30, 'x': 0.35, 'mode': -1, 'tf': 1, 'k': 0.2, 'stop': 0, 'R': 0.5, 'hold': 240}",28,71.4,1.348,237,14,57.1,,-112,11,45.5,,-348
NQ_DRIVE,4459,"{'A': 1100, 'T': 30, 'x': 0.35, 'mode': -1, 'tf': 1, 'k': 0.2, 'stop': 0, 'R': 1.0, 'hold': 240}",28,60.7,1.796,735,14,42.9,,-289,11,45.5,,-127
NQ_DRIVE,4452,"{'A': 1100, 'T': 30, 'x': 0.35, 'mode': -1, 'tf': 0, 'k': 0.2, 'stop': 0, 'R': 0.5, 'hold': 240}",41,73.2,1.294,309,24,66.7,1.222,221,22,68.2,1.307,273
NQ_DRIVE,4453,"{'A': 1100, 'T': 30, 'x': 0.35, 'mode': -1, 'tf': 0, 'k': 0.2, 'stop': 0, 'R': 1.0, 'hold': 240}",41,56.1,1.314,523,24,54.2,1.162,240,22,59.1,1.432,525
NQ_DRIVE,4454,"{'A': 1100, 'T': 30, 'x': 0.35, 'mode': -1, 'tf': 0, 'k': 0.2, 'stop': 0, 'R': 2.0, 'hold': 240}",41,41.5,1.372,804,24,29.2,0.646,-807,22,31.8,0.736,-535
NQ_DRIVE,4455,"{'A': 1100, 'T': 30, 'x': 0.35, 'mode': -1, 'tf': 0, 'k': 0.35, 'stop': 0, 'R': 0.5, 'hold': 240}",41,63.4,0.888,-262,24,58.3,0.755,-529,22,63.6,0.987,-22
NQ_DRIVE,4444,"{'A': 1100, 'T': 30, 'x': 0.35, 'mode': 1, 'tf': 0, 'k': 0.35, 'stop': 0, 'R': 1.0, 'hold': 240}",41,51.2,0.973,-82,24,58.3,1.311,682,22,54.5,1.092,205
NQ_DRIVE,4445,"{'A': 1100, 'T': 30, 'x': 0.35, 'mode': 1, 'tf': 0, 'k': 0.35, 'stop': 0, 'R': 2.0, 'hold': 240}",41,39.0,0.892,-383,24,45.8,1.148,408,22,40.9,0.838,-447
NQ_DRIVE,4446,"{'A': 1100, 'T': 30, 'x': 0.35, 'mode': 1, 'tf': 1, 'k': 0.2, 'stop': 0, 'R': 0.5, 'hold': 240}",13,69.2,,118,10,50.0,,-527,8,62.5,,-256
NQ_DRIVE,4447,"{'A': 1100, 'T': 30, 'x': 0.35, 'mode': 1, 'tf': 1, 'k': 0.2, 'stop': 0, 'R': 1.0, 'hold': 240}",13,53.8,,143,10,30.0,,-581,8,25.0,,-540
NQ_DRIVE,4460,"{'A': 1100, 'T': 30, 'x': 0.35, 'mode': -1, 'tf': 1, 'k': 0.2, 'stop': 0, 'R': 2.0, 'hold': 240}",28,46.4,1.736,925,14,21.4,,-954,11,18.2,,-784
NQ_DRIVE,4461,"{'A': 1100, 'T': 30, 'x': 0.35, 'mode': -1, 'tf': 1, 'k': 0.35, 'stop': 0, 'R': 0.5, 'hold': 240}",28,67.9,1.232,290,14,50.0,,-587,11,45.5,,-578
NQ_DRIVE,4462,"{'A': 1100, 'T': 30, 'x': 0.35, 'mode': -1, 'tf': 1, 'k': 0.35, 'stop': 0, 'R': 1.0, 'hold': 240}",28,53.6,1.311,533,14,35.7,,-766,11,27.3,,-918
NQ_DRIVE,4463,"{'A': 1100, 'T': 30, 'x': 0.35, 'mode': -1, 'tf': 1, 'k': 0.35, 'stop': 0, 'R': 2.0, 'hold': 240}",28,42.9,0.882,-255,14,28.6,,-1321,11,18.2,,-1461
NQ_DRIVE,4464,"{'A': 1100, 'T': 60, 'x': 0.1, 'mode': 1, 'tf': 0, 'k': 0.2, 'stop': 0, 'R': 0.5, 'hold': 240}",590,64.7,0.872,-2667,386,64.8,0.958,-749,374,65.5,0.985,-266
NQ_DRIVE,4465,"{'A': 1100, 'T': 60, 'x': 0.1, 'mode': 1, 'tf': 0, 'k': 0.2, 'stop': 0, 'R': 1.0, 'hold': 240}",590,49.2,0.946,-1560,386,50.0,0.944,-1413,374,49.7,0.933,-1702
NQ_DRIVE,4466,"{'A': 1100, 'T': 60, 'x': 0.1, 'mode': 1, 'tf': 0, 'k': 0.2, 'stop': 0, 'R': 2.0, 'hold': 240}",590,41.5,1.095,3139,386,41.2,0.995,-152,374,40.4,0.978,-635
NQ_DRIVE,4467,"{'A': 1100, 'T': 60, 'x': 0.1, 'mode': 1, 'tf': 0, 'k': 0.35, 'stop': 0, 'R': 0.5, 'hold': 240}",590,63.6,1.021,622,386,58.5,0.873,-3609,374,58.3,0.889,-3053
NQ_DRIVE,4468,"{'A': 1100, 'T': 60, 'x': 0.1, 'mode': 1, 'tf': 0, 'k': 0.35, 'stop': 0, 'R': 1.0, 'hold': 240}",590,52.0,1.064,2425,386,50.3,0.957,-1419,374,49.2,0.936,-2111
NQ_DRIVE,4469,"{'A': 1100, 'T': 60, 'x': 0.1, 'mode': 1, 'tf': 0, 'k': 0.35, 'stop': 0, 'R': 2.0, 'hold': 240}",590,48.0,1.079,3201,386,46.4,0.966,-1195,374,45.7,0.931,-2398
NQ_DRIVE,4470,"{'A': 1100, 'T': 60, 'x': 0.1, 'mode': 1, 'tf': 1, 'k': 0.2, 'stop': 0, 'R': 0.5, 'hold': 240}",299,66.9,0.934,-654,200,61.0,0.81,-1912,171,62.6,0.83,-1460
NQ_DRIVE,4471,"{'A': 1100, 'T': 60, 'x': 0.1, 'mode': 1, 'tf': 1, 'k': 0.2, 'stop': 0, 'R': 1.0, 'hold': 240}",299,52.5,1.093,1220,200,47.5,0.823,-2432,171,46.8,0.744,-3147
NQ_DRIVE,4496,"{'A': 1100, 'T': 60, 'x': 0.2, 'mode': 1, 'tf': 1, 'k': 0.2, 'stop': 0, 'R': 2.0, 'hold': 240}",147,47.6,1.38,2909,95,44.2,1.201,1349,84,39.3,0.893,-725
NQ_DRIVE,4497,"{'A': 1100, 'T': 60, 'x': 0.2, 'mode': 1, 'tf': 1, 'k': 0.35, 'stop': 0, 'R': 0.5, 'hold': 240}",147,68.0,1.189,1340,95,60.0,0.862,-974,84,58.3,0.803,-1253
NQ_DRIVE,4498,"{'A': 1100, 'T': 60, 'x': 0.2, 'mode': 1, 'tf': 1, 'k': 0.35, 'stop': 0, 'R': 1.0, 'hold': 240}",147,61.2,1.527,4206,95,55.8,1.119,921,84,52.4,0.936,-473
NQ_DRIVE,4499,"{'A': 1100, 'T': 60, 'x': 0.2, 'mode': 1, 'tf': 1, 'k': 0.35, 'stop': 0, 'R': 2.0, 'hold': 240}",147,56.5,1.588,5167,95,51.6,1.114,992,84,48.8,0.97,-248
NQ_DRIVE,4472,"{'A': 1100, 'T': 60, 'x': 0.1, 'mode': 1, 'tf': 1, 'k': 0.2, 'stop': 0, 'R': 2.0, 'hold': 240}",299,45.8,1.297,4537,200,42.5,0.993,-101,171,41.5,0.899,-1364
NQ_DRIVE,4473,"{'A': 1100, 'T': 60, 'x': 0.1, 'mode': 1, 'tf': 1, 'k': 0.35, 'stop': 0, 'R': 0.5, 'hold': 240}",299,67.9,1.197,2690,200,56.0,0.768,-3571,171,57.3,0.799,-2541
NQ_DRIVE,4474,"{'A': 1100, 'T': 60, 'x': 0.1, 'mode': 1, 'tf': 1, 'k': 0.35, 'stop': 0, 'R': 1.0, 'hold': 240}",299,57.9,1.286,4953,200,51.0,0.887,-1901,171,52.0,0.875,-1814
NQ_DRIVE,4475,"{'A': 1100, 'T': 60, 'x': 0.1, 'mode': 1, 'tf': 1, 'k': 0.35, 'stop': 0, 'R': 2.0, 'hold': 240}",299,53.5,1.302,5725,200,47.5,0.881,-2170,171,48.5,0.86,-2221
NQ_DRIVE,4484,"{'A': 1100, 'T': 60, 'x': 0.1, 'mode': -1, 'tf': 1, 'k': 0.2, 'stop': 0, 'R': 2.0, 'hold': 240}",271,41.7,1.0,4,177,37.9,0.807,-2818,163,39.9,0.89,-1477
NQ_DRIVE,4485,"{'A': 1100, 'T': 60, 'x': 0.1, 'mode': -1, 'tf': 1, 'k': 0.35, 'stop': 0, 'R': 0.5, 'hold': 240}",271,63.8,1.013,186,177,58.2,0.834,-2339,163,58.3,0.83,-2270
NQ_DRIVE,4486,"{'A': 1100, 'T': 60, 'x': 0.1, 'mode': -1, 'tf': 1, 'k': 0.35, 'stop': 0, 'R': 1.0, 'hold': 240}",271,52.4,1.043,767,177,49.2,0.871,-2173,163,49.1,0.874,-1964
NQ_DRIVE,4487,"{'A': 1100, 'T': 60, 'x': 0.1, 'mode': -1, 'tf': 1, 'k': 0.35, 'stop': 0, 'R': 2.0, 'hold': 240}",271,47.2,0.888,-2216,177,45.8,0.891,-1941,163,46.0,0.946,-894
NQ_DRIVE,4492,"{'A': 1100, 'T': 60, 'x': 0.2, 'mode': 1, 'tf': 0, 'k': 0.35, 'stop': 0, 'R': 1.0, 'hold': 240}",303,53.1,1.113,2193,189,54.5,1.14,2215,182,52.7,1.065,1019
NQ_DRIVE,4493,"{'A': 1100, 'T': 60, 'x': 0.2, 'mode': 1, 'tf': 0, 'k': 0.35, 'stop': 0, 'R': 2.0, 'hold': 240}",303,48.8,1.146,3047,189,49.7,1.177,3083,182,48.9,1.103,1780
NQ_DRIVE,4494,"{'A': 1100, 'T': 60, 'x': 0.2, 'mode': 1, 'tf': 1, 'k': 0.2, 'stop': 0, 'R': 0.5, 'hold': 240}",147,69.4,1.042,192,95,63.2,0.911,-386,84,61.9,0.841,-647
NQ_DRIVE,4495,"{'A': 1100, 'T': 60, 'x': 0.2, 'mode': 1, 'tf': 1, 'k': 0.2, 'stop': 0, 'R': 1.0, 'hold': 240}",147,54.4,1.131,866,95,49.5,0.976,-144,84,45.2,0.759,-1457
NQ_DRIVE,4476,"{'A': 1100, 'T': 60, 'x': 0.1, 'mode': -1, 'tf': 0, 'k': 0.2, 'stop': 0, 'R': 0.5, 'hold': 240}",590,65.4,0.931,-1374,386,63.5,0.902,-1803,374,64.4,0.952,-844
NQ_DRIVE,4477,"{'A': 1100, 'T': 60, 'x': 0.1, 'mode': -1, 'tf': 0, 'k': 0.2, 'stop': 0, 'R': 1.0, 'hold': 240}",590,49.5,0.935,-1885,386,50.0,0.973,-669,374,49.7,0.987,-310
NQ_DRIVE,4478,"{'A': 1100, 'T': 60, 'x': 0.1, 'mode': -1, 'tf': 0, 'k': 0.2, 'stop': 0, 'R': 2.0, 'hold': 240}",590,35.9,0.813,-6718,386,41.7,1.045,1266,374,42.2,1.027,733
NQ_DRIVE,4479,"{'A': 1100, 'T': 60, 'x': 0.1, 'mode': -1, 'tf': 0, 'k': 0.35, 'stop': 0, 'R': 0.5, 'hold': 240}",590,59.5,0.865,-4477,386,59.1,0.942,-1598,374,60.4,0.999,-35
NQ_DRIVE,4488,"{'A': 1100, 'T': 60, 'x': 0.2, 'mode': 1, 'tf': 0, 'k': 0.2, 'stop': 0, 'R': 0.5, 'hold': 240}",303,64.7,0.871,-1367,189,67.7,1.024,198,182,68.1,1.035,283
NQ_DRIVE,4489,"{'A': 1100, 'T': 60, 'x': 0.2, 'mode': 1, 'tf': 0, 'k': 0.2, 'stop': 0, 'R': 1.0, 'hold': 240}",303,49.2,0.929,-1062,189,53.4,1.086,1023,182,52.7,1.026,314
NQ_DRIVE,4490,"{'A': 1100, 'T': 60, 'x': 0.2, 'mode': 1, 'tf': 0, 'k': 0.2, 'stop': 0, 'R': 2.0, 'hold': 240}",303,41.6,1.099,1716,189,42.3,1.118,1678,182,41.2,1.045,635
NQ_DRIVE,4491,"{'A': 1100, 'T': 60, 'x': 0.2, 'mode': 1, 'tf': 0, 'k': 0.35, 'stop': 0, 'R': 0.5, 'hold': 240}",303,63.7,1.017,263,189,64.6,1.042,542,182,64.3,1.052,656
NQ_DRIVE,4480,"{'A': 1100, 'T': 60, 'x': 0.1, 'mode': -1, 'tf': 0, 'k': 0.35, 'stop': 0, 'R': 1.0, 'hold': 240}",590,46.3,0.859,-5963,386,48.7,0.978,-715,374,49.7,1.001,40
NQ_DRIVE,4481,"{'A': 1100, 'T': 60, 'x': 0.1, 'mode': -1, 'tf': 0, 'k': 0.35, 'stop': 0, 'R': 2.0, 'hold': 240}",590,41.2,0.759,-10924,386,45.6,1.09,3070,374,47.3,1.118,3860
NQ_DRIVE,4482,"{'A': 1100, 'T': 60, 'x': 0.1, 'mode': -1, 'tf': 1, 'k': 0.2, 'stop': 0, 'R': 0.5, 'hold': 240}",271,69.4,1.115,966,177,58.8,0.722,-2817,163,60.1,0.753,-2333
NQ_DRIVE,4483,"{'A': 1100, 'T': 60, 'x': 0.1, 'mode': -1, 'tf': 1, 'k': 0.2, 'stop': 0, 'R': 1.0, 'hold': 240}",271,53.9,1.108,1352,177,46.3,0.805,-2512,163,46.0,0.809,-2319
NQ_DRIVE,4500,"{'A': 1100, 'T': 60, 'x': 0.2, 'mode': -1, 'tf': 0, 'k': 0.2, 'stop': 0, 'R': 0.5, 'hold': 240}",303,66.3,0.955,-451,189,60.3,0.773,-2229,182,62.6,0.864,-1235
NQ_DRIVE,4501,"{'A': 1100, 'T': 60, 'x': 0.2, 'mode': -1, 'tf': 0, 'k': 0.2, 'stop': 0, 'R': 1.0, 'hold': 240}",303,50.5,0.952,-719,189,46.6,0.848,-2040,182,46.7,0.899,-1286
NQ_DRIVE,4502,"{'A': 1100, 'T': 60, 'x': 0.2, 'mode': -1, 'tf': 0, 'k': 0.2, 'stop': 0, 'R': 2.0, 'hold': 240}",303,36.0,0.764,-4516,189,35.4,0.845,-2411,182,36.8,0.854,-2183
NQ_DRIVE,4503,"{'A': 1100, 'T': 60, 'x': 0.2, 'mode': -1, 'tf': 0, 'k': 0.35, 'stop': 0, 'R': 0.5, 'hold': 240}",303,61.4,0.883,-2004,189,58.7,0.885,-1652,182,61.0,0.974,-353
NQ_DRIVE,4508,"{'A': 1100, 'T': 60, 'x': 0.2, 'mode': -1, 'tf': 1, 'k': 0.2, 'stop': 0, 'R': 2.0, 'hold': 240}",146,43.8,1.075,600,88,29.5,0.614,-3203,76,31.6,0.65,-2488
NQ_DRIVE,4509,"{'A': 1100, 'T': 60, 'x': 0.2, 'mode': -1, 'tf': 1, 'k': 0.35, 'stop': 0, 'R': 0.5, 'hold': 240}",146,66.4,1.043,322,88,56.8,0.822,-1286,76,57.9,0.836,-1043
NQ_DRIVE,4510,"{'A': 1100, 'T': 60, 'x': 0.2, 'mode': -1, 'tf': 1, 'k': 0.35, 'stop': 0, 'R': 1.0, 'hold': 240}",146,54.8,1.116,1078,88,44.3,0.779,-2068,76,44.7,0.803,-1542
NQ_DRIVE,4511,"{'A': 1100, 'T': 60, 'x': 0.2, 'mode': -1, 'tf': 1, 'k': 0.35, 'stop': 0, 'R': 2.0, 'hold': 240}",146,47.3,0.855,-1557,88,42.0,0.803,-1966,76,42.1,0.85,-1267
NQ_DRIVE,4512,"{'A': 1100, 'T': 60, 'x': 0.35, 'mode': 1, 'tf': 0, 'k': 0.2, 'stop': 0, 'R': 0.5, 'hold': 240}",98,68.4,0.97,-94,60,66.7,1.032,88,55,70.9,1.228,536
NQ_DRIVE,4513,"{'A': 1100, 'T': 60, 'x': 0.35, 'mode': 1, 'tf': 0, 'k': 0.2, 'stop': 0, 'R': 1.0, 'hold': 240}",98,51.0,1.001,5,60,51.7,1.046,192,55,52.7,1.033,133
NQ_DRIVE,4514,"{'A': 1100, 'T': 60, 'x': 0.35, 'mode': 1, 'tf': 0, 'k': 0.2, 'stop': 0, 'R': 2.0, 'hold': 240}",98,39.8,1.121,702,60,36.7,1.037,199,55,36.4,1.039,202
NQ_DRIVE,4515,"{'A': 1100, 'T': 60, 'x': 0.35, 'mode': 1, 'tf': 0, 'k': 0.35, 'stop': 0, 'R': 0.5, 'hold': 240}",98,70.4,1.358,1510,60,65.0,1.232,910,55,67.3,1.47,1509
NQ_DRIVE,4504,"{'A': 1100, 'T': 60, 'x': 0.2, 'mode': -1, 'tf': 0, 'k': 0.35, 'stop': 0, 'R': 1.0, 'hold': 240}",303,46.5,0.82,-4064,189,43.9,0.826,-3253,182,46.2,0.883,-2020
NQ_DRIVE,4505,"{'A': 1100, 'T': 60, 'x': 0.2, 'mode': -1, 'tf': 0, 'k': 0.35, 'stop': 0, 'R': 2.0, 'hold': 240}",303,39.6,0.68,-8008,189,40.7,0.904,-1878,182,43.4,0.971,-529
NQ_DRIVE,4506,"{'A': 1100, 'T': 60, 'x': 0.2, 'mode': -1, 'tf': 1, 'k': 0.2, 'stop': 0, 'R': 0.5, 'hold': 240}",146,70.5,1.111,490,88,51.1,0.565,-2478,76,53.9,0.619,-1858
NQ_DRIVE,4507,"{'A': 1100, 'T': 60, 'x': 0.2, 'mode': -1, 'tf': 1, 'k': 0.2, 'stop': 0, 'R': 1.0, 'hold': 240}",146,56.8,1.208,1314,88,40.9,0.711,-2027,76,40.8,0.735,-1628
NQ_DRIVE,4520,"{'A': 1100, 'T': 60, 'x': 0.35, 'mode': 1, 'tf': 1, 'k': 0.2, 'stop': 0, 'R': 2.0, 'hold': 240}",44,50.0,1.767,1666,26,34.6,1.183,443,22,31.8,1.028,64
NQ_DRIVE,4521,"{'A': 1100, 'T': 60, 'x': 0.35, 'mode': 1, 'tf': 1, 'k': 0.35, 'stop': 0, 'R': 0.5, 'hold': 240}",44,75.0,1.799,1289,26,53.8,0.831,-381,22,59.1,1.097,164
NQ_DRIVE,4522,"{'A': 1100, 'T': 60, 'x': 0.35, 'mode': 1, 'tf': 1, 'k': 0.35, 'stop': 0, 'R': 1.0, 'hold': 240}",44,65.9,2.216,2530,26,46.2,1.073,208,22,45.5,1.099,258
NQ_DRIVE,4523,"{'A': 1100, 'T': 60, 'x': 0.35, 'mode': 1, 'tf': 1, 'k': 0.35, 'stop': 0, 'R': 2.0, 'hold': 240}",44,56.8,1.914,2338,26,34.6,0.915,-318,22,31.8,0.824,-618
NQ_DRIVE,4516,"{'A': 1100, 'T': 60, 'x': 0.35, 'mode': 1, 'tf': 0, 'k': 0.35, 'stop': 0, 'R': 1.0, 'hold': 240}",98,53.1,1.201,1305,60,50.0,1.162,934,55,50.9,1.223,1193
NQ_DRIVE,4517,"{'A': 1100, 'T': 60, 'x': 0.35, 'mode': 1, 'tf': 0, 'k': 0.35, 'stop': 0, 'R': 2.0, 'hold': 240}",98,46.9,1.153,1100,60,40.0,1.13,926,55,40.0,1.093,622
NQ_DRIVE,4518,"{'A': 1100, 'T': 60, 'x': 0.35, 'mode': 1, 'tf': 1, 'k': 0.2, 'stop': 0, 'R': 0.5, 'hold': 240}",44,70.5,1.051,71,26,61.5,1.113,133,22,68.2,1.536,454
NQ_DRIVE,4519,"{'A': 1100, 'T': 60, 'x': 0.35, 'mode': 1, 'tf': 1, 'k': 0.2, 'stop': 0, 'R': 1.0, 'hold': 240}",44,56.8,1.262,501,26,42.3,0.845,-321,22,45.5,0.891,-201
NQ_DRIVE,4532,"{'A': 1100, 'T': 60, 'x': 0.35, 'mode': -1, 'tf': 1, 'k': 0.2, 'stop': 0, 'R': 2.0, 'hold': 240}",53,41.5,1.106,316,33,24.2,0.323,-2353,26,23.1,0.223,-2191
NQ_DRIVE,4533,"{'A': 1100, 'T': 60, 'x': 0.35, 'mode': -1, 'tf': 1, 'k': 0.35, 'stop': 0, 'R': 0.5, 'hold': 240}",53,69.8,1.169,430,33,60.6,0.959,-104,26,53.8,0.724,-676
NQ_DRIVE,4534,"{'A': 1100, 'T': 60, 'x': 0.35, 'mode': -1, 'tf': 1, 'k': 0.35, 'stop': 0, 'R': 1.0, 'hold': 240}",53,58.5,1.32,1033,33,48.5,0.771,-845,26,42.3,0.56,-1415
NQ_DRIVE,4535,"{'A': 1100, 'T': 60, 'x': 0.35, 'mode': -1, 'tf': 1, 'k': 0.35, 'stop': 0, 'R': 2.0, 'hold': 240}",53,45.3,0.924,-304,33,45.5,0.698,-1205,26,38.5,0.546,-1598
NQ_DRIVE,4528,"{'A': 1100, 'T': 60, 'x': 0.35, 'mode': -1, 'tf': 0, 'k': 0.35, 'stop': 0, 'R': 1.0, 'hold': 240}",98,46.9,0.773,-1835,60,48.3,0.817,-1260,55,49.1,0.777,-1491
NQ_DRIVE,4529,"{'A': 1100, 'T': 60, 'x': 0.35, 'mode': -1, 'tf': 0, 'k': 0.35, 'stop': 0, 'R': 2.0, 'hold': 240}",98,36.7,0.605,-3654,60,45.0,0.935,-469,55,45.5,0.886,-799
NQ_DRIVE,4530,"{'A': 1100, 'T': 60, 'x': 0.35, 'mode': -1, 'tf': 1, 'k': 0.2, 'stop': 0, 'R': 0.5, 'hold': 240}",53,66.0,0.895,-183,33,54.5,0.654,-692,26,57.7,0.761,-357
NQ_DRIVE,4531,"{'A': 1100, 'T': 60, 'x': 0.35, 'mode': -1, 'tf': 1, 'k': 0.2, 'stop': 0, 'R': 1.0, 'hold': 240}",53,54.7,1.127,299,33,39.4,0.692,-832,26,38.5,0.684,-696
NQ_DRIVE,4524,"{'A': 1100, 'T': 60, 'x': 0.35, 'mode': -1, 'tf': 0, 'k': 0.2, 'stop': 0, 'R': 0.5, 'hold': 240}",98,64.3,0.79,-755,60,66.7,0.934,-195,55,69.1,1.078,201
NQ_DRIVE,4525,"{'A': 1100, 'T': 60, 'x': 0.35, 'mode': -1, 'tf': 0, 'k': 0.2, 'stop': 0, 'R': 1.0, 'hold': 240}",98,49.0,0.895,-525,60,48.3,0.887,-511,55,47.3,0.901,-425
NQ_DRIVE,4526,"{'A': 1100, 'T': 60, 'x': 0.35, 'mode': -1, 'tf': 0, 'k': 0.2, 'stop': 0, 'R': 2.0, 'hold': 240}",98,31.6,0.647,-2389,60,31.7,0.578,-2438,55,32.7,0.556,-2456
NQ_DRIVE,4527,"{'A': 1100, 'T': 60, 'x': 0.35, 'mode': -1, 'tf': 0, 'k': 0.35, 'stop': 0, 'R': 0.5, 'hold': 240}",98,65.3,0.916,-481,60,68.3,1.149,643,55,65.5,1.017,74
NQ_DRIVE,4536,"{'A': 1100, 'T': 120, 'x': 0.1, 'mode': 1, 'tf': 0, 'k': 0.2, 'stop': 0, 'R': 0.5, 'hold': 240}",673,68.1,1.075,1544,449,64.6,0.915,-1769,429,64.6,0.929,-1438
NQ_DRIVE,4537,"{'A': 1100, 'T': 120, 'x': 0.1, 'mode': 1, 'tf': 0, 'k': 0.2, 'stop': 0, 'R': 1.0, 'hold': 240}",673,54.2,1.191,5360,449,49.9,0.903,-2699,429,50.6,0.915,-2297
NQ_DRIVE,4538,"{'A': 1100, 'T': 120, 'x': 0.1, 'mode': 1, 'tf': 0, 'k': 0.2, 'stop': 0, 'R': 2.0, 'hold': 240}",673,46.4,1.186,6203,449,43.4,0.92,-2479,429,44.1,0.911,-2684
NQ_DRIVE,4539,"{'A': 1100, 'T': 120, 'x': 0.1, 'mode': 1, 'tf': 0, 'k': 0.35, 'stop': 0, 'R': 0.5, 'hold': 240}",673,63.0,1.156,4655,449,59.7,0.955,-1288,429,60.1,0.948,-1463
NQ_DRIVE,4540,"{'A': 1100, 'T': 120, 'x': 0.1, 'mode': 1, 'tf': 0, 'k': 0.35, 'stop': 0, 'R': 1.0, 'hold': 240}",673,54.7,1.212,7739,449,52.8,1.014,461,429,53.1,0.998,-57
NQ_DRIVE,4541,"{'A': 1100, 'T': 120, 'x': 0.1, 'mode': 1, 'tf': 0, 'k': 0.35, 'stop': 0, 'R': 2.0, 'hold': 240}",673,52.3,1.187,7198,449,50.3,0.943,-1973,429,51.0,0.919,-2725
NQ_DRIVE,4542,"{'A': 1100, 'T': 120, 'x': 0.1, 'mode': 1, 'tf': 1, 'k': 0.2, 'stop': 0, 'R': 0.5, 'hold': 240}",345,71.3,1.296,2651,234,64.1,0.936,-664,198,63.6,0.929,-638
NQ_DRIVE,4543,"{'A': 1100, 'T': 120, 'x': 0.1, 'mode': 1, 'tf': 1, 'k': 0.2, 'stop': 0, 'R': 1.0, 'hold': 240}",345,59.4,1.539,6462,234,52.1,0.963,-507,198,51.5,0.919,-968
NQ_DRIVE,4544,"{'A': 1100, 'T': 120, 'x': 0.1, 'mode': 1, 'tf': 1, 'k': 0.2, 'stop': 0, 'R': 2.0, 'hold': 240}",345,50.4,1.438,6592,234,46.6,1.011,166,198,46.5,0.976,-316
NQ_DRIVE,4545,"{'A': 1100, 'T': 120, 'x': 0.1, 'mode': 1, 'tf': 1, 'k': 0.35, 'stop': 0, 'R': 0.5, 'hold': 240}",345,65.5,1.295,4096,234,61.5,0.945,-809,198,61.1,0.92,-1043
NQ_DRIVE,4546,"{'A': 1100, 'T': 120, 'x': 0.1, 'mode': 1, 'tf': 1, 'k': 0.35, 'stop': 0, 'R': 1.0, 'hold': 240}",345,57.7,1.338,5858,234,56.4,1.057,918,198,55.6,1.037,533
NQ_DRIVE,4547,"{'A': 1100, 'T': 120, 'x': 0.1, 'mode': 1, 'tf': 1, 'k': 0.35, 'stop': 0, 'R': 2.0, 'hold': 240}",345,55.4,1.318,5959,234,54.7,1.003,54,198,54.5,0.969,-461
NQ_DRIVE,4572,"{'A': 1100, 'T': 120, 'x': 0.2, 'mode': -1, 'tf': 0, 'k': 0.2, 'stop': 0, 'R': 0.5, 'hold': 240}",404,59.7,0.682,-5324,274,59.5,0.805,-2723,265,60.0,0.832,-2282
NQ_DRIVE,4573,"{'A': 1100, 'T': 120, 'x': 0.2, 'mode': -1, 'tf': 0, 'k': 0.2, 'stop': 0, 'R': 1.0, 'hold': 240}",404,41.3,0.661,-7800,274,44.5,0.849,-2753,265,44.9,0.9,-1757
NQ_DRIVE,4574,"{'A': 1100, 'T': 120, 'x': 0.2, 'mode': -1, 'tf': 0, 'k': 0.2, 'stop': 0, 'R': 2.0, 'hold': 240}",404,33.9,0.72,-7207,274,38.0,0.919,-1656,265,37.7,0.955,-894
NQ_DRIVE,4575,"{'A': 1100, 'T': 120, 'x': 0.2, 'mode': -1, 'tf': 0, 'k': 0.35, 'stop': 0, 'R': 0.5, 'hold': 240}",404,53.5,0.71,-7166,274,55.5,0.947,-981,265,55.1,0.982,-322
NQ_DRIVE,4556,"{'A': 1100, 'T': 120, 'x': 0.1, 'mode': -1, 'tf': 1, 'k': 0.2, 'stop': 0, 'R': 2.0, 'hold': 240}",301,39.9,0.852,-2670,204,44.6,1.039,538,184,44.0,1.03,387
NQ_DRIVE,4557,"{'A': 1100, 'T': 120, 'x': 0.1, 'mode': -1, 'tf': 1, 'k': 0.35, 'stop': 0, 'R': 0.5, 'hold': 240}",301,59.1,0.94,-951,204,60.8,1.093,1152,184,60.3,1.081,914
NQ_DRIVE,4558,"{'A': 1100, 'T': 120, 'x': 0.1, 'mode': -1, 'tf': 1, 'k': 0.35, 'stop': 0, 'R': 1.0, 'hold': 240}",301,46.8,0.823,-3707,204,51.0,0.978,-349,184,51.1,1.018,251
NQ_DRIVE,4559,"{'A': 1100, 'T': 120, 'x': 0.1, 'mode': -1, 'tf': 1, 'k': 0.35, 'stop': 0, 'R': 2.0, 'hold': 240}",301,45.2,0.867,-2884,204,49.0,0.985,-242,184,49.5,1.025,366
NQ_DRIVE,4552,"{'A': 1100, 'T': 120, 'x': 0.1, 'mode': -1, 'tf': 0, 'k': 0.35, 'stop': 0, 'R': 1.0, 'hold': 240}",673,44.3,0.752,-11538,449,46.8,0.914,-3018,429,46.2,0.928,-2427
NQ_DRIVE,4553,"{'A': 1100, 'T': 120, 'x': 0.1, 'mode': -1, 'tf': 0, 'k': 0.35, 'stop': 0, 'R': 2.0, 'hold': 240}",673,42.8,0.824,-8357,449,45.0,0.923,-2777,429,44.5,0.936,-2215
NQ_DRIVE,4554,"{'A': 1100, 'T': 120, 'x': 0.1, 'mode': -1, 'tf': 1, 'k': 0.2, 'stop': 0, 'R': 0.5, 'hold': 240}",301,66.8,0.977,-236,204,65.2,0.98,-182,184,62.5,0.86,-1302
NQ_DRIVE,4555,"{'A': 1100, 'T': 120, 'x': 0.1, 'mode': -1, 'tf': 1, 'k': 0.2, 'stop': 0, 'R': 1.0, 'hold': 240}",301,50.2,0.957,-635,204,52.5,1.103,1208,184,51.6,1.044,487
NQ_DRIVE,4568,"{'A': 1100, 'T': 120, 'x': 0.2, 'mode': 1, 'tf': 1, 'k': 0.2, 'stop': 0, 'R': 2.0, 'hold': 240}",211,53.1,1.604,5569,136,50.0,1.106,917,116,47.4,0.972,-226
NQ_DRIVE,4569,"{'A': 1100, 'T': 120, 'x': 0.2, 'mode': 1, 'tf': 1, 'k': 0.35, 'stop': 0, 'R': 0.5, 'hold': 240}",211,70.1,1.491,3957,136,66.9,1.002,18,116,64.7,0.898,-852
NQ_DRIVE,4570,"{'A': 1100, 'T': 120, 'x': 0.2, 'mode': 1, 'tf': 1, 'k': 0.35, 'stop': 0, 'R': 1.0, 'hold': 240}",211,60.2,1.438,4764,136,61.0,1.101,1007,116,57.8,1.0,2
NQ_DRIVE,4571,"{'A': 1100, 'T': 120, 'x': 0.2, 'mode': 1, 'tf': 1, 'k': 0.35, 'stop': 0, 'R': 2.0, 'hold': 240}",211,56.9,1.406,4935,136,58.1,1.031,328,116,56.0,0.939,-605
NQ_DRIVE,4560,"{'A': 1100, 'T': 120, 'x': 0.2, 'mode': 1, 'tf': 0, 'k': 0.2, 'stop': 0, 'R': 0.5, 'hold': 240}",404,71.5,1.229,2588,274,69.3,1.077,879,265,67.9,1.014,172
NQ_DRIVE,4561,"{'A': 1100, 'T': 120, 'x': 0.2, 'mode': 1, 'tf': 0, 'k': 0.2, 'stop': 0, 'R': 1.0, 'hold': 240}",404,57.9,1.35,5634,274,55.5,1.095,1506,265,54.7,1.033,533
NQ_DRIVE,4562,"{'A': 1100, 'T': 120, 'x': 0.2, 'mode': 1, 'tf': 0, 'k': 0.2, 'stop': 0, 'R': 2.0, 'hold': 240}",404,48.8,1.318,6270,274,46.4,1.048,891,265,45.7,0.964,-681
NQ_DRIVE,4563,"{'A': 1100, 'T': 120, 'x': 0.2, 'mode': 1, 'tf': 0, 'k': 0.35, 'stop': 0, 'R': 0.5, 'hold': 240}",404,66.1,1.239,4238,274,64.2,1.026,468,265,64.2,0.988,-228
NQ_DRIVE,4564,"{'A': 1100, 'T': 120, 'x': 0.2, 'mode': 1, 'tf': 0, 'k': 0.35, 'stop': 0, 'R': 1.0, 'hold': 240}",404,56.2,1.238,5455,274,55.5,1.041,899,265,54.7,0.971,-637
NQ_DRIVE,4565,"{'A': 1100, 'T': 120, 'x': 0.2, 'mode': 1, 'tf': 0, 'k': 0.35, 'stop': 0, 'R': 2.0, 'hold': 240}",404,53.2,1.2,4876,274,52.6,1.007,165,265,52.5,0.933,-1554
NQ_DRIVE,4566,"{'A': 1100, 'T': 120, 'x': 0.2, 'mode': 1, 'tf': 1, 'k': 0.2, 'stop': 0, 'R': 0.5, 'hold': 240}",211,76.3,1.558,2728,136,69.9,1.129,695,116,65.5,0.912,-473
NQ_DRIVE,4567,"{'A': 1100, 'T': 120, 'x': 0.2, 'mode': 1, 'tf': 1, 'k': 0.2, 'stop': 0, 'R': 1.0, 'hold': 240}",211,64.5,1.808,5539,136,58.1,1.157,1154,116,54.3,0.962,-266
NQ_DRIVE,4548,"{'A': 1100, 'T': 120, 'x': 0.1, 'mode': -1, 'tf': 0, 'k': 0.2, 'stop': 0, 'R': 0.5, 'hold': 240}",673,62.4,0.781,-5525,449,63.7,0.958,-837,429,62.5,0.936,-1276
NQ_DRIVE,4549,"{'A': 1100, 'T': 120, 'x': 0.1, 'mode': -1, 'tf': 0, 'k': 0.2, 'stop': 0, 'R': 1.0, 'hold': 240}",673,44.7,0.743,-9138,449,49.9,1.019,494,429,49.0,1.007,175
NQ_DRIVE,4550,"{'A': 1100, 'T': 120, 'x': 0.1, 'mode': -1, 'tf': 0, 'k': 0.2, 'stop': 0, 'R': 2.0, 'hold': 240}",673,37.1,0.758,-9722,449,41.9,0.985,-444,429,40.8,0.966,-1012
NQ_DRIVE,4551,"{'A': 1100, 'T': 120, 'x': 0.1, 'mode': -1, 'tf': 0, 'k': 0.35, 'stop': 0, 'R': 0.5, 'hold': 240}",673,56.2,0.802,-7392,449,57.7,1.027,738,429,56.6,1.022,591
NQ_DRIVE,4576,"{'A': 1100, 'T': 120, 'x': 0.2, 'mode': -1, 'tf': 0, 'k': 0.35, 'stop': 0, 'R': 1.0, 'hold': 240}",404,42.6,0.74,-7691,274,44.5,0.896,-2467,265,44.9,0.959,-920
NQ_DRIVE,4577,"{'A': 1100, 'T': 120, 'x': 0.2, 'mode': -1, 'tf': 0, 'k': 0.35, 'stop': 0, 'R': 2.0, 'hold': 240}",404,40.1,0.798,-6175,274,43.1,0.909,-2202,265,43.8,0.972,-633
NQ_DRIVE,4578,"{'A': 1100, 'T': 120, 'x': 0.2, 'mode': -1, 'tf': 1, 'k': 0.2, 'stop': 0, 'R': 0.5, 'hold': 240}",178,64.6,0.841,-1070,131,63.4,0.843,-1029,117,58.1,0.679,-2202
NQ_DRIVE,4579,"{'A': 1100, 'T': 120, 'x': 0.2, 'mode': -1, 'tf': 1, 'k': 0.2, 'stop': 0, 'R': 1.0, 'hold': 240}",178,47.8,0.881,-1107,131,47.3,0.896,-918,117,45.3,0.847,-1257
NQ_DRIVE,4580,"{'A': 1100, 'T': 120, 'x': 0.2, 'mode': -1, 'tf': 1, 'k': 0.2, 'stop': 0, 'R': 2.0, 'hold': 240}",178,38.2,0.878,-1343,131,42.0,0.956,-435,117,39.3,0.912,-820
NQ_DRIVE,4581,"{'A': 1100, 'T': 120, 'x': 0.2, 'mode': -1, 'tf': 1, 'k': 0.35, 'stop': 0, 'R': 0.5, 'hold': 240}",178,56.7,0.856,-1455,131,59.5,0.965,-323,117,56.4,0.894,-880
NQ_DRIVE,4582,"{'A': 1100, 'T': 120, 'x': 0.2, 'mode': -1, 'tf': 1, 'k': 0.35, 'stop': 0, 'R': 1.0, 'hold': 240}",178,46.1,0.858,-1775,131,50.4,0.947,-608,117,48.7,0.978,-219
NQ_DRIVE,4583,"{'A': 1100, 'T': 120, 'x': 0.2, 'mode': -1, 'tf': 1, 'k': 0.35, 'stop': 0, 'R': 2.0, 'hold': 240}",178,43.3,0.94,-797,131,48.9,1.006,73,117,47.0,1.013,132
NQ_DRIVE,4592,"{'A': 1100, 'T': 120, 'x': 0.35, 'mode': 1, 'tf': 1, 'k': 0.2, 'stop': 0, 'R': 2.0, 'hold': 240}",93,55.9,1.845,3281,56,41.1,0.927,-329,47,44.7,0.995,-20
NQ_DRIVE,4593,"{'A': 1100, 'T': 120, 'x': 0.35, 'mode': 1, 'tf': 1, 'k': 0.35, 'stop': 0, 'R': 0.5, 'hold': 240}",93,74.2,1.498,1801,56,66.1,0.767,-1085,47,68.1,0.868,-530
NQ_DRIVE,4594,"{'A': 1100, 'T': 120, 'x': 0.35, 'mode': 1, 'tf': 1, 'k': 0.35, 'stop': 0, 'R': 1.0, 'hold': 240}",93,63.4,1.556,2706,56,58.9,0.875,-680,47,57.4,0.949,-246
NQ_DRIVE,4595,"{'A': 1100, 'T': 120, 'x': 0.35, 'mode': 1, 'tf': 1, 'k': 0.35, 'stop': 0, 'R': 2.0, 'hold': 240}",93,58.1,1.419,2397,56,55.4,0.977,-129,47,55.3,0.884,-624
NQ_DRIVE,4584,"{'A': 1100, 'T': 120, 'x': 0.35, 'mode': 1, 'tf': 0, 'k': 0.2, 'stop': 0, 'R': 0.5, 'hold': 240}",178,72.5,1.266,1287,129,65.9,0.838,-1050,121,66.1,0.834,-1065
NQ_DRIVE,4585,"{'A': 1100, 'T': 120, 'x': 0.35, 'mode': 1, 'tf': 0, 'k': 0.2, 'stop': 0, 'R': 1.0, 'hold': 240}",178,60.1,1.431,2906,129,47.3,0.811,-1741,121,49.6,0.851,-1318
NQ_DRIVE,4586,"{'A': 1100, 'T': 120, 'x': 0.35, 'mode': 1, 'tf': 0, 'k': 0.2, 'stop': 0, 'R': 2.0, 'hold': 240}",178,50.0,1.451,3800,129,36.4,0.836,-1764,121,38.0,0.85,-1575
NQ_DRIVE,4587,"{'A': 1100, 'T': 120, 'x': 0.35, 'mode': 1, 'tf': 0, 'k': 0.35, 'stop': 0, 'R': 0.5, 'hold': 240}",178,69.1,1.206,1683,129,60.5,0.846,-1552,121,63.6,0.928,-683
NQ_DRIVE,4588,"{'A': 1100, 'T': 120, 'x': 0.35, 'mode': 1, 'tf': 0, 'k': 0.35, 'stop': 0, 'R': 1.0, 'hold': 240}",178,57.3,1.181,1993,129,49.6,0.886,-1421,121,50.4,0.904,-1163
NQ_DRIVE,4589,"{'A': 1100, 'T': 120, 'x': 0.35, 'mode': 1, 'tf': 0, 'k': 0.35, 'stop': 0, 'R': 2.0, 'hold': 240}",178,53.4,1.114,1362,129,45.7,0.96,-516,121,47.1,0.924,-982
NQ_DRIVE,4590,"{'A': 1100, 'T': 120, 'x': 0.35, 'mode': 1, 'tf': 1, 'k': 0.2, 'stop': 0, 'R': 0.5, 'hold': 240}",93,80.6,1.846,1608,56,71.4,0.93,-182,47,70.2,0.856,-353
NQ_DRIVE,4591,"{'A': 1100, 'T': 120, 'x': 0.35, 'mode': 1, 'tf': 1, 'k': 0.2, 'stop': 0, 'R': 1.0, 'hold': 240}",93,67.7,1.927,2671,56,53.6,0.917,-313,47,55.3,0.946,-178
NQ_DRIVE,4596,"{'A': 1100, 'T': 120, 'x': 0.35, 'mode': -1, 'tf': 0, 'k': 0.2, 'stop': 0, 'R': 0.5, 'hold': 240}",178,60.1,0.719,-1978,129,65.1,1.007,44,121,63.6,0.962,-227
NQ_DRIVE,4597,"{'A': 1100, 'T': 120, 'x': 0.35, 'mode': -1, 'tf': 0, 'k': 0.2, 'stop': 0, 'R': 1.0, 'hold': 240}",178,39.3,0.622,-3860,129,52.7,1.164,1282,121,50.4,1.111,877
NQ_DRIVE,4598,"{'A': 1100, 'T': 120, 'x': 0.35, 'mode': -1, 'tf': 0, 'k': 0.2, 'stop': 0, 'R': 2.0, 'hold': 240}",178,30.9,0.745,-2939,129,43.4,1.177,1661,121,40.5,1.099,945
NQ_DRIVE,4599,"{'A': 1100, 'T': 120, 'x': 0.35, 'mode': -1, 'tf': 0, 'k': 0.35, 'stop': 0, 'R': 0.5, 'hold': 240}",178,51.1,0.642,-4113,129,65.1,1.177,1471,121,62.8,1.133,1092
NQ_DRIVE,4600,"{'A': 1100, 'T': 120, 'x': 0.35, 'mode': -1, 'tf': 0, 'k': 0.35, 'stop': 0, 'R': 1.0, 'hold': 240}",178,41.6,0.782,-2970,129,50.4,1.058,665,121,49.6,1.048,540
NQ_DRIVE,4601,"{'A': 1100, 'T': 120, 'x': 0.35, 'mode': -1, 'tf': 0, 'k': 0.35, 'stop': 0, 'R': 2.0, 'hold': 240}",178,36.5,0.832,-2453,129,48.1,1.089,1070,121,47.1,1.079,937
NQ_DRIVE,4602,"{'A': 1100, 'T': 120, 'x': 0.35, 'mode': -1, 'tf': 1, 'k': 0.2, 'stop': 0, 'R': 0.5, 'hold': 240}",80,66.2,0.913,-242,72,70.8,1.061,187,60,66.7,0.945,-160
NQ_DRIVE,4603,"{'A': 1100, 'T': 120, 'x': 0.35, 'mode': -1, 'tf': 1, 'k': 0.2, 'stop': 0, 'R': 1.0, 'hold': 240}",80,47.5,0.861,-570,72,56.9,1.216,909,60,55.0,1.212,774
NQ_DRIVE,4604,"{'A': 1100, 'T': 120, 'x': 0.35, 'mode': -1, 'tf': 1, 'k': 0.2, 'stop': 0, 'R': 2.0, 'hold': 240}",80,36.2,0.992,-41,72,50.0,1.228,1171,60,46.7,1.243,1088
NQ_DRIVE,4605,"{'A': 1100, 'T': 120, 'x': 0.35, 'mode': -1, 'tf': 1, 'k': 0.35, 'stop': 0, 'R': 0.5, 'hold': 240}",80,57.5,0.875,-555,72,69.4,1.251,1119,60,66.7,1.175,676
NQ_DRIVE,4606,"{'A': 1100, 'T': 120, 'x': 0.35, 'mode': -1, 'tf': 1, 'k': 0.35, 'stop': 0, 'R': 1.0, 'hold': 240}",80,47.5,1.062,336,72,56.9,1.017,114,60,56.7,1.118,642
NQ_DRIVE,4607,"{'A': 1100, 'T': 120, 'x': 0.35, 'mode': -1, 'tf': 1, 'k': 0.35, 'stop': 0, 'R': 2.0, 'hold': 240}",80,41.2,1.087,536,72,54.2,1.119,799,60,53.3,1.163,922
NQ_DRIVE,4612,"{'A': 1100, 'T': 240, 'x': 0.1, 'mode': 1, 'tf': 0, 'k': 0.35, 'stop': 0, 'R': 1.0, 'hold': 240}",746,51.9,1.184,4806,508,47.6,0.842,-4285,483,47.0,0.826,-4575
NQ_DRIVE,4613,"{'A': 1100, 'T': 240, 'x': 0.1, 'mode': 1, 'tf': 0, 'k': 0.35, 'stop': 0, 'R': 2.0, 'hold': 240}",746,51.5,1.251,6566,508,47.2,0.878,-3306,483,46.6,0.862,-3617
NQ_DRIVE,4614,"{'A': 1100, 'T': 240, 'x': 0.1, 'mode': 1, 'tf': 1, 'k': 0.2, 'stop': 0, 'R': 0.5, 'hold': 240}",390,63.8,1.256,2276,260,56.2,0.896,-986,222,55.9,0.856,-1223
NQ_DRIVE,4615,"{'A': 1100, 'T': 240, 'x': 0.1, 'mode': 1, 'tf': 1, 'k': 0.2, 'stop': 0, 'R': 1.0, 'hold': 240}",390,50.5,1.063,805,260,48.1,0.893,-1212,222,47.7,0.821,-1850
NQ_DRIVE,4616,"{'A': 1100, 'T': 240, 'x': 0.1, 'mode': 1, 'tf': 1, 'k': 0.2, 'stop': 0, 'R': 2.0, 'hold': 240}",390,47.9,1.044,597,260,46.5,0.924,-897,222,45.9,0.825,-1865
NQ_DRIVE,4617,"{'A': 1100, 'T': 240, 'x': 0.1, 'mode': 1, 'tf': 1, 'k': 0.35, 'stop': 0, 'R': 0.5, 'hold': 240}",390,53.3,1.059,743,260,51.5,0.917,-968,222,50.9,0.851,-1581
NQ_DRIVE,4618,"{'A': 1100, 'T': 240, 'x': 0.1, 'mode': 1, 'tf': 1, 'k': 0.35, 'stop': 0, 'R': 1.0, 'hold': 240}",390,50.0,1.057,773,260,49.2,0.923,-936,222,48.2,0.841,-1751
NQ_DRIVE,4619,"{'A': 1100, 'T': 240, 'x': 0.1, 'mode': 1, 'tf': 1, 'k': 0.35, 'stop': 0, 'R': 2.0, 'hold': 240}",390,50.0,1.139,1883,260,48.8,0.954,-557,222,47.7,0.869,-1450
NQ_DRIVE,4608,"{'A': 1100, 'T': 240, 'x': 0.1, 'mode': 1, 'tf': 0, 'k': 0.2, 'stop': 0, 'R': 0.5, 'hold': 240}",746,65.5,1.265,4705,508,57.1,0.872,-2525,483,57.1,0.891,-2058
NQ_DRIVE,4609,"{'A': 1100, 'T': 240, 'x': 0.1, 'mode': 1, 'tf': 0, 'k': 0.2, 'stop': 0, 'R': 1.0, 'hold': 240}",746,52.8,1.152,3638,508,48.8,0.894,-2478,483,48.7,0.888,-2543
NQ_DRIVE,4610,"{'A': 1100, 'T': 240, 'x': 0.1, 'mode': 1, 'tf': 0, 'k': 0.2, 'stop': 0, 'R': 2.0, 'hold': 240}",746,49.3,1.139,3589,508,45.7,0.895,-2640,483,45.3,0.871,-3141
NQ_DRIVE,4611,"{'A': 1100, 'T': 240, 'x': 0.1, 'mode': 1, 'tf': 0, 'k': 0.35, 'stop': 0, 'R': 0.5, 'hold': 240}",746,56.3,1.182,4297,508,51.6,0.857,-3579,483,50.9,0.854,-3542
NQ_DRIVE,4620,"{'A': 1100, 'T': 240, 'x': 0.1, 'mode': -1, 'tf': 0, 'k': 0.2, 'stop': 0, 'R': 0.5, 'hold': 240}",746,54.7,0.745,-6371,508,59.4,0.917,-1606,483,59.6,0.932,-1263
NQ_DRIVE,4621,"{'A': 1100, 'T': 240, 'x': 0.1, 'mode': -1, 'tf': 0, 'k': 0.2, 'stop': 0, 'R': 1.0, 'hold': 240}",746,44.5,0.737,-7851,508,49.2,0.944,-1279,483,49.7,0.973,-582
NQ_DRIVE,4622,"{'A': 1100, 'T': 240, 'x': 0.1, 'mode': -1, 'tf': 0, 'k': 0.2, 'stop': 0, 'R': 2.0, 'hold': 240}",746,41.8,0.709,-9189,508,47.4,1.002,43,483,48.0,1.027,604
NQ_DRIVE,4623,"{'A': 1100, 'T': 240, 'x': 0.1, 'mode': -1, 'tf': 0, 'k': 0.35, 'stop': 0, 'R': 0.5, 'hold': 240}",746,48.4,0.73,-8448,508,53.0,0.974,-612,483,54.0,1.021,464
NQ_DRIVE,4628,"{'A': 1100, 'T': 240, 'x': 0.1, 'mode': -1, 'tf': 1, 'k': 0.2, 'stop': 0, 'R': 2.0, 'hold': 240}",327,38.5,0.629,-5821,234,48.3,1.104,1168,207,48.8,1.152,1465
NQ_DRIVE,4629,"{'A': 1100, 'T': 240, 'x': 0.1, 'mode': -1, 'tf': 1, 'k': 0.35, 'stop': 0, 'R': 0.5, 'hold': 240}",327,45.6,0.64,-5719,234,54.3,0.985,-174,207,55.1,1.118,1109
NQ_DRIVE,4630,"{'A': 1100, 'T': 240, 'x': 0.1, 'mode': -1, 'tf': 1, 'k': 0.35, 'stop': 0, 'R': 1.0, 'hold': 240}",327,42.5,0.635,-6272,234,52.6,1.125,1464,207,52.2,1.187,1816
NQ_DRIVE,4631,"{'A': 1100, 'T': 240, 'x': 0.1, 'mode': -1, 'tf': 1, 'k': 0.35, 'stop': 0, 'R': 2.0, 'hold': 240}",327,42.2,0.637,-6285,234,52.6,1.232,2715,207,52.2,1.335,3259
NQ_DRIVE,4640,"{'A': 1100, 'T': 240, 'x': 0.2, 'mode': 1, 'tf': 1, 'k': 0.2, 'stop': 0, 'R': 2.0, 'hold': 240}",289,48.8,1.05,519,193,44.6,0.827,-1648,162,44.4,0.74,-2218
NQ_DRIVE,4641,"{'A': 1100, 'T': 240, 'x': 0.2, 'mode': 1, 'tf': 1, 'k': 0.35, 'stop': 0, 'R': 0.5, 'hold': 240}",289,55.0,1.118,1131,193,51.3,0.849,-1414,162,51.2,0.813,-1545
NQ_DRIVE,4642,"{'A': 1100, 'T': 240, 'x': 0.2, 'mode': 1, 'tf': 1, 'k': 0.35, 'stop': 0, 'R': 1.0, 'hold': 240}",289,51.2,1.077,808,193,48.2,0.836,-1613,162,47.5,0.779,-1925
NQ_DRIVE,4643,"{'A': 1100, 'T': 240, 'x': 0.2, 'mode': 1, 'tf': 1, 'k': 0.35, 'stop': 0, 'R': 2.0, 'hold': 240}",289,51.2,1.15,1571,193,47.7,0.887,-1111,162,46.9,0.829,-1494
NQ_DRIVE,4636,"{'A': 1100, 'T': 240, 'x': 0.2, 'mode': 1, 'tf': 0, 'k': 0.35, 'stop': 0, 'R': 1.0, 'hold': 240}",553,53.0,1.188,3695,366,47.0,0.799,-4169,343,46.4,0.773,-4456
NQ_DRIVE,4637,"{'A': 1100, 'T': 240, 'x': 0.2, 'mode': 1, 'tf': 0, 'k': 0.35, 'stop': 0, 'R': 2.0, 'hold': 240}",553,52.6,1.271,5321,366,46.7,0.857,-2957,343,46.1,0.829,-3374
NQ_DRIVE,4638,"{'A': 1100, 'T': 240, 'x': 0.2, 'mode': 1, 'tf': 1, 'k': 0.2, 'stop': 0, 'R': 0.5, 'hold': 240}",289,65.7,1.352,2279,193,57.5,0.907,-681,162,58.0,0.884,-739
NQ_DRIVE,4639,"{'A': 1100, 'T': 240, 'x': 0.2, 'mode': 1, 'tf': 1, 'k': 0.2, 'stop': 0, 'R': 1.0, 'hold': 240}",289,52.2,1.144,1377,193,46.6,0.789,-1935,162,46.9,0.735,-2171
NQ_DRIVE,4624,"{'A': 1100, 'T': 240, 'x': 0.1, 'mode': -1, 'tf': 0, 'k': 0.35, 'stop': 0, 'R': 1.0, 'hold': 240}",746,45.0,0.72,-9345,508,50.6,1.051,1239,483,51.3,1.079,1813
NQ_DRIVE,4625,"{'A': 1100, 'T': 240, 'x': 0.1, 'mode': -1, 'tf': 0, 'k': 0.35, 'stop': 0, 'R': 2.0, 'hold': 240}",746,44.5,0.732,-9035,508,50.2,1.068,1664,483,50.9,1.093,2183
NQ_DRIVE,4626,"{'A': 1100, 'T': 240, 'x': 0.1, 'mode': -1, 'tf': 1, 'k': 0.2, 'stop': 0, 'R': 0.5, 'hold': 240}",327,52.3,0.678,-3901,234,59.4,0.947,-475,207,60.9,1.054,402
NQ_DRIVE,4627,"{'A': 1100, 'T': 240, 'x': 0.1, 'mode': -1, 'tf': 1, 'k': 0.2, 'stop': 0, 'R': 1.0, 'hold': 240}",327,41.3,0.657,-5044,234,49.1,0.972,-307,207,49.8,1.035,326
NQ_DRIVE,4632,"{'A': 1100, 'T': 240, 'x': 0.2, 'mode': 1, 'tf': 0, 'k': 0.2, 'stop': 0, 'R': 0.5, 'hold': 240}",553,68.0,1.381,4777,366,58.7,0.876,-1827,343,59.2,0.908,-1283
NQ_DRIVE,4633,"{'A': 1100, 'T': 240, 'x': 0.2, 'mode': 1, 'tf': 0, 'k': 0.2, 'stop': 0, 'R': 1.0, 'hold': 240}",553,54.6,1.205,3618,366,48.4,0.847,-2771,343,48.4,0.838,-2809
NQ_DRIVE,4634,"{'A': 1100, 'T': 240, 'x': 0.2, 'mode': 1, 'tf': 0, 'k': 0.2, 'stop': 0, 'R': 2.0, 'hold': 240}",553,50.5,1.157,3027,366,44.5,0.832,-3277,343,44.3,0.79,-3936
NQ_DRIVE,4635,"{'A': 1100, 'T': 240, 'x': 0.2, 'mode': 1, 'tf': 0, 'k': 0.35, 'stop': 0, 'R': 0.5, 'hold': 240}",553,58.0,1.237,4115,366,52.2,0.838,-3073,343,51.6,0.843,-2826
NQ_DRIVE,4648,"{'A': 1100, 'T': 240, 'x': 0.2, 'mode': -1, 'tf': 0, 'k': 0.35, 'stop': 0, 'R': 1.0, 'hold': 240}",553,44.1,0.717,-7128,366,51.1,1.11,1938,343,52.2,1.155,2495
NQ_DRIVE,4649,"{'A': 1100, 'T': 240, 'x': 0.2, 'mode': -1, 'tf': 0, 'k': 0.35, 'stop': 0, 'R': 2.0, 'hold': 240}",553,43.4,0.732,-6841,366,50.5,1.114,2047,343,51.6,1.159,2613
NQ_DRIVE,4650,"{'A': 1100, 'T': 240, 'x': 0.2, 'mode': -1, 'tf': 1, 'k': 0.2, 'stop': 0, 'R': 0.5, 'hold': 240}",241,51.5,0.677,-2877,162,58.0,0.814,-1317,140,60.7,0.905,-544
NQ_DRIVE,4651,"{'A': 1100, 'T': 240, 'x': 0.2, 'mode': -1, 'tf': 1, 'k': 0.2, 'stop': 0, 'R': 1.0, 'hold': 240}",241,40.2,0.644,-3854,162,48.1,0.972,-231,140,49.3,1.033,223
NQ_DRIVE,4644,"{'A': 1100, 'T': 240, 'x': 0.2, 'mode': -1, 'tf': 0, 'k': 0.2, 'stop': 0, 'R': 0.5, 'hold': 240}",553,53.5,0.705,-5756,366,59.6,0.894,-1536,343,60.3,0.93,-943
NQ_DRIVE,4645,"{'A': 1100, 'T': 240, 'x': 0.2, 'mode': -1, 'tf': 0, 'k': 0.2, 'stop': 0, 'R': 1.0, 'hold': 240}",553,43.0,0.708,-6752,366,49.5,0.992,-140,343,50.1,1.03,473
NQ_DRIVE,4646,"{'A': 1100, 'T': 240, 'x': 0.2, 'mode': -1, 'tf': 0, 'k': 0.2, 'stop': 0, 'R': 2.0, 'hold': 240}",553,40.0,0.671,-8115,366,47.0,1.016,279,343,47.8,1.04,664
NQ_DRIVE,4647,"{'A': 1100, 'T': 240, 'x': 0.2, 'mode': -1, 'tf': 0, 'k': 0.35, 'stop': 0, 'R': 0.5, 'hold': 240}",553,47.9,0.735,-6198,366,54.1,1.031,518,343,55.7,1.114,1731
NQ_DRIVE,4656,"{'A': 1100, 'T': 240, 'x': 0.35, 'mode': 1, 'tf': 0, 'k': 0.2, 'stop': 0, 'R': 0.5, 'hold': 240}",319,71.2,1.537,3723,211,57.3,0.808,-1815,197,58.4,0.825,-1564
NQ_DRIVE,4657,"{'A': 1100, 'T': 240, 'x': 0.35, 'mode': 1, 'tf': 0, 'k': 0.2, 'stop': 0, 'R': 1.0, 'hold': 240}",319,57.7,1.371,3651,211,43.6,0.743,-3120,197,43.1,0.686,-3725
NQ_DRIVE,4658,"{'A': 1100, 'T': 240, 'x': 0.35, 'mode': 1, 'tf': 0, 'k': 0.2, 'stop': 0, 'R': 2.0, 'hold': 240}",319,53.3,1.357,3837,211,37.9,0.692,-4090,197,37.6,0.644,-4585
NQ_DRIVE,4659,"{'A': 1100, 'T': 240, 'x': 0.35, 'mode': 1, 'tf': 0, 'k': 0.35, 'stop': 0, 'R': 0.5, 'hold': 240}",319,61.8,1.437,4124,211,47.4,0.692,-4032,197,46.7,0.673,-4107
NQ_DRIVE,4652,"{'A': 1100, 'T': 240, 'x': 0.2, 'mode': -1, 'tf': 1, 'k': 0.2, 'stop': 0, 'R': 2.0, 'hold': 240}",241,36.9,0.596,-4723,162,46.9,1.057,477,140,47.9,1.098,687
NQ_DRIVE,4653,"{'A': 1100, 'T': 240, 'x': 0.2, 'mode': -1, 'tf': 1, 'k': 0.35, 'stop': 0, 'R': 0.5, 'hold': 240}",241,45.2,0.649,-4016,162,54.9,1.012,100,140,57.1,1.192,1218
NQ_DRIVE,4654,"{'A': 1100, 'T': 240, 'x': 0.2, 'mode': -1, 'tf': 1, 'k': 0.35, 'stop': 0, 'R': 1.0, 'hold': 240}",241,41.9,0.635,-4519,162,52.5,1.127,1077,140,52.9,1.242,1612
NQ_DRIVE,4655,"{'A': 1100, 'T': 240, 'x': 0.2, 'mode': -1, 'tf': 1, 'k': 0.35, 'stop': 0, 'R': 2.0, 'hold': 240}",241,41.5,0.644,-4454,162,52.5,1.247,2094,140,52.9,1.415,2762
NQ_DRIVE,4660,"{'A': 1100, 'T': 240, 'x': 0.35, 'mode': 1, 'tf': 0, 'k': 0.35, 'stop': 0, 'R': 1.0, 'hold': 240}",319,56.7,1.473,4933,211,41.2,0.668,-4761,197,40.6,0.638,-4934
NQ_DRIVE,4661,"{'A': 1100, 'T': 240, 'x': 0.35, 'mode': 1, 'tf': 0, 'k': 0.35, 'stop': 0, 'R': 2.0, 'hold': 240}",319,56.4,1.583,6089,211,40.8,0.753,-3546,197,40.1,0.731,-3674
NQ_DRIVE,4662,"{'A': 1100, 'T': 240, 'x': 0.35, 'mode': 1, 'tf': 1, 'k': 0.2, 'stop': 0, 'R': 0.5, 'hold': 240}",176,69.3,1.51,1943,98,54.1,0.8,-850,83,55.4,0.834,-605
NQ_DRIVE,4663,"{'A': 1100, 'T': 240, 'x': 0.35, 'mode': 1, 'tf': 1, 'k': 0.2, 'stop': 0, 'R': 1.0, 'hold': 240}",176,56.2,1.386,2164,98,36.7,0.556,-2611,83,37.3,0.566,-2266
NQ_DRIVE,4664,"{'A': 1100, 'T': 240, 'x': 0.35, 'mode': 1, 'tf': 1, 'k': 0.2, 'stop': 0, 'R': 2.0, 'hold': 240}",176,52.3,1.302,1863,98,32.7,0.512,-3047,83,33.7,0.549,-2435
NQ_DRIVE,4665,"{'A': 1100, 'T': 240, 'x': 0.35, 'mode': 1, 'tf': 1, 'k': 0.35, 'stop': 0, 'R': 0.5, 'hold': 240}",176,60.2,1.465,2425,98,42.9,0.607,-2382,83,43.4,0.67,-1656
NQ_DRIVE,4666,"{'A': 1100, 'T': 240, 'x': 0.35, 'mode': 1, 'tf': 1, 'k': 0.35, 'stop': 0, 'R': 1.0, 'hold': 240}",176,56.2,1.492,2772,98,37.8,0.543,-2958,83,38.6,0.644,-1885
NQ_DRIVE,4667,"{'A': 1100, 'T': 240, 'x': 0.35, 'mode': 1, 'tf': 1, 'k': 0.35, 'stop': 0, 'R': 2.0, 'hold': 240}",176,56.2,1.557,3138,98,36.7,0.675,-2107,83,37.3,0.787,-1129
NQ_DRIVE,4676,"{'A': 1100, 'T': 240, 'x': 0.35, 'mode': -1, 'tf': 1, 'k': 0.2, 'stop': 0, 'R': 2.0, 'hold': 240}",134,35.1,0.614,-2528,108,46.3,1.038,230,94,47.9,1.198,959
NQ_DRIVE,4677,"{'A': 1100, 'T': 240, 'x': 0.35, 'mode': -1, 'tf': 1, 'k': 0.35, 'stop': 0, 'R': 0.5, 'hold': 240}",134,44.8,0.629,-2457,108,57.4,1.012,70,94,59.6,1.277,1213
NQ_DRIVE,4678,"{'A': 1100, 'T': 240, 'x': 0.35, 'mode': -1, 'tf': 1, 'k': 0.35, 'stop': 0, 'R': 1.0, 'hold': 240}",134,40.3,0.601,-2885,108,53.7,1.119,736,94,54.3,1.359,1658
NQ_DRIVE,4679,"{'A': 1100, 'T': 240, 'x': 0.35, 'mode': -1, 'tf': 1, 'k': 0.35, 'stop': 0, 'R': 2.0, 'hold': 240}",134,40.3,0.638,-2624,108,53.7,1.315,1949,94,54.3,1.641,2961
NQ_DRIVE,4672,"{'A': 1100, 'T': 240, 'x': 0.35, 'mode': -1, 'tf': 0, 'k': 0.35, 'stop': 0, 'R': 1.0, 'hold': 240}",319,39.8,0.579,-6951,211,56.9,1.339,3421,197,57.4,1.415,3813
NQ_DRIVE,4673,"{'A': 1100, 'T': 240, 'x': 0.35, 'mode': -1, 'tf': 0, 'k': 0.35, 'stop': 0, 'R': 2.0, 'hold': 240}",319,38.9,0.577,-7072,211,56.4,1.387,3953,197,56.9,1.464,4319
NQ_DRIVE,4674,"{'A': 1100, 'T': 240, 'x': 0.35, 'mode': -1, 'tf': 1, 'k': 0.2, 'stop': 0, 'R': 0.5, 'hold': 240}",134,48.5,0.672,-1655,108,60.2,0.814,-927,94,63.8,1.019,70
NQ_DRIVE,4675,"{'A': 1100, 'T': 240, 'x': 0.35, 'mode': -1, 'tf': 1, 'k': 0.2, 'stop': 0, 'R': 1.0, 'hold': 240}",134,38.8,0.628,-2256,108,48.1,0.941,-349,94,50.0,1.108,498
NQ_DRIVE,4668,"{'A': 1100, 'T': 240, 'x': 0.35, 'mode': -1, 'tf': 0, 'k': 0.2, 'stop': 0, 'R': 0.5, 'hold': 240}",319,50.2,0.631,-4492,211,63.0,0.945,-460,197,64.5,1.051,378
NQ_DRIVE,4669,"{'A': 1100, 'T': 240, 'x': 0.35, 'mode': -1, 'tf': 0, 'k': 0.2, 'stop': 0, 'R': 1.0, 'hold': 240}",319,39.5,0.624,-5484,211,55.0,1.206,1957,197,55.3,1.306,2639
NQ_DRIVE,4670,"{'A': 1100, 'T': 240, 'x': 0.35, 'mode': -1, 'tf': 0, 'k': 0.2, 'stop': 0, 'R': 2.0, 'hold': 240}",319,35.1,0.56,-6943,211,51.7,1.228,2323,197,52.3,1.306,2845
NQ_DRIVE,4671,"{'A': 1100, 'T': 240, 'x': 0.35, 'mode': -1, 'tf': 0, 'k': 0.35, 'stop': 0, 'R': 0.5, 'hold': 240}",319,44.8,0.635,-5537,211,61.1,1.261,2422,197,61.9,1.373,3135
NQ_DRIVE,4680,"{'A': 1200, 'T': 15, 'x': 0.1, 'mode': 1, 'tf': 0, 'k': 0.2, 'stop': 0, 'R': 0.5, 'hold': 240}",271,67.9,1.027,234,171,65.5,0.893,-885,164,65.9,0.909,-740
NQ_DRIVE,4681,"{'A': 1200, 'T': 15, 'x': 0.1, 'mode': 1, 'tf': 0, 'k': 0.2, 'stop': 0, 'R': 1.0, 'hold': 240}",271,49.8,0.946,-729,171,50.9,0.962,-432,164,49.4,0.924,-880
NQ_DRIVE,4682,"{'A': 1200, 'T': 15, 'x': 0.1, 'mode': 1, 'tf': 0, 'k': 0.2, 'stop': 0, 'R': 2.0, 'hold': 240}",271,35.8,0.918,-1359,171,36.3,0.847,-2254,164,34.8,0.83,-2510
NQ_DRIVE,4683,"{'A': 1200, 'T': 15, 'x': 0.1, 'mode': 1, 'tf': 0, 'k': 0.35, 'stop': 0, 'R': 0.5, 'hold': 240}",271,61.3,0.889,-1708,171,64.9,1.06,708,164,65.2,1.071,834
NQ_DRIVE,4684,"{'A': 1200, 'T': 15, 'x': 0.1, 'mode': 1, 'tf': 0, 'k': 0.35, 'stop': 0, 'R': 1.0, 'hold': 240}",271,44.6,0.835,-3382,171,49.7,0.961,-640,164,48.8,0.959,-667
NQ_DRIVE,4685,"{'A': 1200, 'T': 15, 'x': 0.1, 'mode': 1, 'tf': 0, 'k': 0.35, 'stop': 0, 'R': 2.0, 'hold': 240}",271,40.6,0.874,-2739,171,45.6,0.927,-1258,164,45.7,0.982,-302
NQ_DRIVE,4686,"{'A': 1200, 'T': 15, 'x': 0.1, 'mode': 1, 'tf': 1, 'k': 0.2, 'stop': 0, 'R': 0.5, 'hold': 240}",140,72.1,1.175,707,77,63.6,0.845,-619,61,59.0,0.682,-1214
NQ_DRIVE,4687,"{'A': 1200, 'T': 15, 'x': 0.1, 'mode': 1, 'tf': 1, 'k': 0.2, 'stop': 0, 'R': 1.0, 'hold': 240}",140,54.3,1.088,568,77,50.6,0.902,-547,61,45.9,0.794,-1032
NQ_DRIVE,4688,"{'A': 1200, 'T': 15, 'x': 0.1, 'mode': 1, 'tf': 1, 'k': 0.2, 'stop': 0, 'R': 2.0, 'hold': 240}",140,37.1,0.944,-479,77,33.8,0.614,-2937,61,27.9,0.538,-3105
NQ_DRIVE,4689,"{'A': 1200, 'T': 15, 'x': 0.1, 'mode': 1, 'tf': 1, 'k': 0.35, 'stop': 0, 'R': 0.5, 'hold': 240}",140,64.3,1.004,31,77,67.5,1.147,780,61,62.3,0.917,-433
NQ_DRIVE,4690,"{'A': 1200, 'T': 15, 'x': 0.1, 'mode': 1, 'tf': 1, 'k': 0.35, 'stop': 0, 'R': 1.0, 'hold': 240}",140,50.0,1.006,59,77,48.1,0.797,-1718,61,42.6,0.698,-2310
NQ_DRIVE,4691,"{'A': 1200, 'T': 15, 'x': 0.1, 'mode': 1, 'tf': 1, 'k': 0.35, 'stop': 0, 'R': 2.0, 'hold': 240}",140,45.0,1.0,3,77,45.5,0.689,-2794,61,41.0,0.666,-2611
NQ_DRIVE,4692,"{'A': 1200, 'T': 15, 'x': 0.1, 'mode': -1, 'tf': 0, 'k': 0.2, 'stop': 0, 'R': 0.5, 'hold': 240}",271,62.0,0.77,-2392,171,64.3,0.844,-1344,164,64.6,0.886,-938
NQ_DRIVE,4693,"{'A': 1200, 'T': 15, 'x': 0.1, 'mode': -1, 'tf': 0, 'k': 0.2, 'stop': 0, 'R': 1.0, 'hold': 240}",271,49.8,0.94,-810,171,49.1,0.95,-583,164,50.0,0.992,-95
NQ_DRIVE,4694,"{'A': 1200, 'T': 15, 'x': 0.1, 'mode': -1, 'tf': 0, 'k': 0.2, 'stop': 0, 'R': 2.0, 'hold': 240}",271,39.9,1.028,445,171,38.0,0.938,-854,164,37.8,0.936,-868
NQ_DRIVE,4695,"{'A': 1200, 'T': 15, 'x': 0.1, 'mode': -1, 'tf': 0, 'k': 0.35, 'stop': 0, 'R': 0.5, 'hold': 240}",271,63.1,0.912,-1335,171,65.5,1.081,962,164,65.2,1.06,714
NQ_DRIVE,4696,"{'A': 1200, 'T': 15, 'x': 0.1, 'mode': -1, 'tf': 0, 'k': 0.35, 'stop': 0, 'R': 1.0, 'hold': 240}",271,54.6,1.09,1598,171,49.7,0.982,-299,164,50.0,0.984,-259
NQ_DRIVE,4697,"{'A': 1200, 'T': 15, 'x': 0.1, 'mode': -1, 'tf': 0, 'k': 0.35, 'stop': 0, 'R': 2.0, 'hold': 240}",271,50.2,1.2,3760,171,47.4,0.984,-281,164,47.6,0.98,-347
NQ_DRIVE,4698,"{'A': 1200, 'T': 15, 'x': 0.1, 'mode': -1, 'tf': 1, 'k': 0.2, 'stop': 0, 'R': 0.5, 'hold': 240}",124,69.4,1.017,68,90,62.2,0.78,-1028,81,63.0,0.83,-696
NQ_DRIVE,4699,"{'A': 1200, 'T': 15, 'x': 0.1, 'mode': -1, 'tf': 1, 'k': 0.2, 'stop': 0, 'R': 1.0, 'hold': 240}",124,54.0,1.062,365,90,50.0,0.943,-326,81,51.9,1.05,251
NQ_DRIVE,4700,"{'A': 1200, 'T': 15, 'x': 0.1, 'mode': -1, 'tf': 1, 'k': 0.2, 'stop': 0, 'R': 2.0, 'hold': 240}",124,43.5,1.183,1278,90,38.9,0.934,-447,81,40.7,0.998,-12
NQ_DRIVE,4701,"{'A': 1200, 'T': 15, 'x': 0.1, 'mode': -1, 'tf': 1, 'k': 0.35, 'stop': 0, 'R': 0.5, 'hold': 240}",124,65.3,0.983,-112,90,64.4,0.969,-193,81,66.7,1.03,168
NQ_DRIVE,4702,"{'A': 1200, 'T': 15, 'x': 0.1, 'mode': -1, 'tf': 1, 'k': 0.35, 'stop': 0, 'R': 1.0, 'hold': 240}",124,59.7,1.317,2304,90,48.9,0.859,-1211,81,51.9,0.954,-340
NQ_DRIVE,4703,"{'A': 1200, 'T': 15, 'x': 0.1, 'mode': -1, 'tf': 1, 'k': 0.35, 'stop': 0, 'R': 2.0, 'hold': 240}",124,57.3,1.338,2625,90,47.8,0.886,-1030,81,50.6,0.969,-244
NQ_DRIVE,4704,"{'A': 1200, 'T': 15, 'x': 0.2, 'mode': 1, 'tf': 0, 'k': 0.2, 'stop': 0, 'R': 0.5, 'hold': 240}",48,72.9,1.239,307,34,70.6,1.121,167,30,70.0,1.1,127
NQ_DRIVE,4705,"{'A': 1200, 'T': 15, 'x': 0.2, 'mode': 1, 'tf': 0, 'k': 0.2, 'stop': 0, 'R': 1.0, 'hold': 240}",48,50.0,0.897,-249,34,64.7,1.767,1250,30,60.0,1.552,896
NQ_DRIVE,4706,"{'A': 1200, 'T': 15, 'x': 0.2, 'mode': 1, 'tf': 0, 'k': 0.2, 'stop': 0, 'R': 2.0, 'hold': 240}",48,22.9,0.551,-1532,34,38.2,0.963,-101,30,33.3,0.932,-179
NQ_DRIVE,4707,"{'A': 1200, 'T': 15, 'x': 0.2, 'mode': 1, 'tf': 0, 'k': 0.35, 'stop': 0, 'R': 0.5, 'hold': 240}",48,58.3,0.642,-1209,34,76.5,1.601,1105,30,76.7,1.635,1049
NQ_DRIVE,4708,"{'A': 1200, 'T': 15, 'x': 0.2, 'mode': 1, 'tf': 0, 'k': 0.35, 'stop': 0, 'R': 1.0, 'hold': 240}",48,29.2,0.478,-2571,34,58.8,1.343,1038,30,56.7,1.273,781
NQ_DRIVE,4709,"{'A': 1200, 'T': 15, 'x': 0.2, 'mode': 1, 'tf': 0, 'k': 0.35, 'stop': 0, 'R': 2.0, 'hold': 240}",48,22.9,0.407,-3161,34,44.1,1.087,308,30,43.3,1.16,516
NQ_DRIVE,4710,"{'A': 1200, 'T': 15, 'x': 0.2, 'mode': 1, 'tf': 1, 'k': 0.2, 'stop': 0, 'R': 0.5, 'hold': 240}",21,85.7,2.702,541,16,62.5,,-178,11,54.5,,-323
NQ_DRIVE,4711,"{'A': 1200, 'T': 15, 'x': 0.2, 'mode': 1, 'tf': 1, 'k': 0.2, 'stop': 0, 'R': 1.0, 'hold': 240}",21,61.9,1.339,298,16,56.2,,165,11,36.4,,-413
NQ_DRIVE,4712,"{'A': 1200, 'T': 15, 'x': 0.2, 'mode': 1, 'tf': 1, 'k': 0.2, 'stop': 0, 'R': 2.0, 'hold': 240}",21,19.0,0.412,-952,16,25.0,,-1232,11,0.0,,-1516
NQ_DRIVE,4713,"{'A': 1200, 'T': 15, 'x': 0.2, 'mode': 1, 'tf': 1, 'k': 0.35, 'stop': 0, 'R': 0.5, 'hold': 240}",21,71.4,1.074,84,16,68.8,,126,11,63.6,,-127
NQ_DRIVE,4714,"{'A': 1200, 'T': 15, 'x': 0.2, 'mode': 1, 'tf': 1, 'k': 0.35, 'stop': 0, 'R': 1.0, 'hold': 240}",21,33.3,0.582,-914,16,43.8,,-719,11,36.4,,-828
NQ_DRIVE,4715,"{'A': 1200, 'T': 15, 'x': 0.2, 'mode': 1, 'tf': 1, 'k': 0.35, 'stop': 0, 'R': 2.0, 'hold': 240}",21,23.8,0.567,-996,16,37.5,,-1263,11,27.3,,-1318
NQ_DRIVE,4716,"{'A': 1200, 'T': 15, 'x': 0.2, 'mode': -1, 'tf': 0, 'k': 0.2, 'stop': 0, 'R': 0.5, 'hold': 240}",48,58.3,0.727,-516,34,55.9,0.56,-928,30,56.7,0.538,-914
NQ_DRIVE,4717,"{'A': 1200, 'T': 15, 'x': 0.2, 'mode': -1, 'tf': 0, 'k': 0.2, 'stop': 0, 'R': 1.0, 'hold': 240}",48,50.0,0.998,-5,34,35.3,0.523,-1430,30,40.0,0.596,-1055
NQ_DRIVE,4718,"{'A': 1200, 'T': 15, 'x': 0.2, 'mode': -1, 'tf': 0, 'k': 0.2, 'stop': 0, 'R': 2.0, 'hold': 240}",48,41.7,1.351,926,34,23.5,0.508,-1725,30,23.3,0.49,-1640
NQ_DRIVE,4719,"{'A': 1200, 'T': 15, 'x': 0.2, 'mode': -1, 'tf': 0, 'k': 0.35, 'stop': 0, 'R': 0.5, 'hold': 240}",48,75.0,1.33,684,34,67.6,0.986,-35,30,70.0,1.113,240
NQ_DRIVE,4720,"{'A': 1200, 'T': 15, 'x': 0.2, 'mode': -1, 'tf': 0, 'k': 0.35, 'stop': 0, 'R': 1.0, 'hold': 240}",48,68.8,1.821,2087,34,41.2,0.707,-1221,30,43.3,0.747,-942
NQ_DRIVE,4721,"{'A': 1200, 'T': 15, 'x': 0.2, 'mode': -1, 'tf': 0, 'k': 0.35, 'stop': 0, 'R': 2.0, 'hold': 240}",48,60.4,2.31,3686,34,38.2,0.597,-1757,30,40.0,0.606,-1543
NQ_DRIVE,4722,"{'A': 1200, 'T': 15, 'x': 0.2, 'mode': -1, 'tf': 1, 'k': 0.2, 'stop': 0, 'R': 0.5, 'hold': 240}",27,74.1,1.424,270,17,47.1,,-787,15,46.7,,-782
NQ_DRIVE,4723,"{'A': 1200, 'T': 15, 'x': 0.2, 'mode': -1, 'tf': 1, 'k': 0.2, 'stop': 0, 'R': 1.0, 'hold': 240}",27,59.3,1.39,405,17,29.4,,-1035,15,33.3,,-826
NQ_DRIVE,4724,"{'A': 1200, 'T': 15, 'x': 0.2, 'mode': -1, 'tf': 1, 'k': 0.2, 'stop': 0, 'R': 2.0, 'hold': 240}",27,48.1,1.705,898,17,17.6,,-1346,15,20.0,,-1139
NQ_DRIVE,4725,"{'A': 1200, 'T': 15, 'x': 0.2, 'mode': -1, 'tf': 1, 'k': 0.35, 'stop': 0, 'R': 0.5, 'hold': 240}",27,77.8,1.62,594,17,52.9,,-817,15,60.0,,-434
NQ_DRIVE,4726,"{'A': 1200, 'T': 15, 'x': 0.2, 'mode': -1, 'tf': 1, 'k': 0.35, 'stop': 0, 'R': 1.0, 'hold': 240}",27,74.1,2.35,1512,17,29.4,,-1603,15,33.3,,-1251
NQ_DRIVE,4727,"{'A': 1200, 'T': 15, 'x': 0.2, 'mode': -1, 'tf': 1, 'k': 0.35, 'stop': 0, 'R': 2.0, 'hold': 240}",27,70.4,2.877,2486,17,29.4,,-1755,15,33.3,,-1412
NQ_DRIVE,4728,"{'A': 1200, 'T': 15, 'x': 0.35, 'mode': 1, 'tf': 0, 'k': 0.2, 'stop': 0, 'R': 0.5, 'hold': 240}",9,66.7,,27,2,100.0,,115,2,100.0,,118
NQ_DRIVE,4729,"{'A': 1200, 'T': 15, 'x': 0.35, 'mode': 1, 'tf': 0, 'k': 0.2, 'stop': 0, 'R': 1.0, 'hold': 240}",9,55.6,,113,2,50.0,,-74,2,50.0,,-72
NQ_DRIVE,4730,"{'A': 1200, 'T': 15, 'x': 0.35, 'mode': 1, 'tf': 0, 'k': 0.2, 'stop': 0, 'R': 2.0, 'hold': 240}",9,22.2,,-208,2,0.0,,-249,2,0.0,,-249
NQ_DRIVE,4731,"{'A': 1200, 'T': 15, 'x': 0.35, 'mode': 1, 'tf': 0, 'k': 0.35, 'stop': 0, 'R': 0.5, 'hold': 240}",9,55.6,,-219,2,50.0,,-201,2,50.0,,-200
NQ_DRIVE,4736,"{'A': 1200, 'T': 15, 'x': 0.35, 'mode': 1, 'tf': 1, 'k': 0.2, 'stop': 0, 'R': 2.0, 'hold': 240}",3,0.0,,-311,1,0.0,,-159,1,0.0,,-158
NQ_DRIVE,4737,"{'A': 1200, 'T': 15, 'x': 0.35, 'mode': 1, 'tf': 1, 'k': 0.35, 'stop': 0, 'R': 0.5, 'hold': 240}",3,66.7,,-26,1,0.0,,-275,1,0.0,,-275
NQ_DRIVE,4738,"{'A': 1200, 'T': 15, 'x': 0.35, 'mode': 1, 'tf': 1, 'k': 0.35, 'stop': 0, 'R': 1.0, 'hold': 240}",3,0.0,,-539,1,0.0,,-275,1,0.0,,-275
NQ_DRIVE,4739,"{'A': 1200, 'T': 15, 'x': 0.35, 'mode': 1, 'tf': 1, 'k': 0.35, 'stop': 0, 'R': 2.0, 'hold': 240}",3,0.0,,-539,1,0.0,,-275,1,0.0,,-275
NQ_DRIVE,4732,"{'A': 1200, 'T': 15, 'x': 0.35, 'mode': 1, 'tf': 0, 'k': 0.35, 'stop': 0, 'R': 1.0, 'hold': 240}",9,22.2,,-707,2,50.0,,-124,2,50.0,,-123
NQ_DRIVE,4733,"{'A': 1200, 'T': 15, 'x': 0.35, 'mode': 1, 'tf': 0, 'k': 0.35, 'stop': 0, 'R': 2.0, 'hold': 240}",9,11.1,,-1281,2,0.0,,-431,2,0.0,,-433
NQ_DRIVE,4734,"{'A': 1200, 'T': 15, 'x': 0.35, 'mode': 1, 'tf': 1, 'k': 0.2, 'stop': 0, 'R': 0.5, 'hold': 240}",3,100.0,,145,1,100.0,,74,1,100.0,,77
NQ_DRIVE,4735,"{'A': 1200, 'T': 15, 'x': 0.35, 'mode': 1, 'tf': 1, 'k': 0.2, 'stop': 0, 'R': 1.0, 'hold': 240}",3,66.7,,79,1,0.0,,-159,1,0.0,,-158
NQ_DRIVE,4740,"{'A': 1200, 'T': 15, 'x': 0.35, 'mode': -1, 'tf': 0, 'k': 0.2, 'stop': 0, 'R': 0.5, 'hold': 240}",9,44.4,,-340,2,50.0,,-14,2,50.0,,-17
NQ_DRIVE,4741,"{'A': 1200, 'T': 15, 'x': 0.35, 'mode': -1, 'tf': 0, 'k': 0.2, 'stop': 0, 'R': 1.0, 'hold': 240}",9,44.4,,-160,2,50.0,,63,2,50.0,,61
NQ_DRIVE,4742,"{'A': 1200, 'T': 15, 'x': 0.35, 'mode': -1, 'tf': 0, 'k': 0.2, 'stop': 0, 'R': 2.0, 'hold': 240}",9,33.3,,-149,2,50.0,,218,2,50.0,,217
NQ_DRIVE,4743,"{'A': 1200, 'T': 15, 'x': 0.35, 'mode': -1, 'tf': 0, 'k': 0.35, 'stop': 0, 'R': 0.5, 'hold': 240}",9,77.8,,124,2,50.0,,-22,2,50.0,,-24
NQ_DRIVE,4744,"{'A': 1200, 'T': 15, 'x': 0.35, 'mode': -1, 'tf': 0, 'k': 0.35, 'stop': 0, 'R': 1.0, 'hold': 240}",9,66.7,,433,2,50.0,,113,2,50.0,,112
NQ_DRIVE,4745,"{'A': 1200, 'T': 15, 'x': 0.35, 'mode': -1, 'tf': 0, 'k': 0.35, 'stop': 0, 'R': 2.0, 'hold': 240}",9,55.6,,623,2,50.0,,-54,2,50.0,,-57
NQ_DRIVE,4746,"{'A': 1200, 'T': 15, 'x': 0.35, 'mode': -1, 'tf': 1, 'k': 0.2, 'stop': 0, 'R': 0.5, 'hold': 240}",6,50.0,,-191,1,0.0,,-91,1,0.0,,-91
NQ_DRIVE,4747,"{'A': 1200, 'T': 15, 'x': 0.35, 'mode': -1, 'tf': 1, 'k': 0.2, 'stop': 0, 'R': 1.0, 'hold': 240}",6,50.0,,-65,1,0.0,,-91,1,0.0,,-91
NQ_DRIVE,4748,"{'A': 1200, 'T': 15, 'x': 0.35, 'mode': -1, 'tf': 1, 'k': 0.2, 'stop': 0, 'R': 2.0, 'hold': 240}",6,33.3,,-161,1,0.0,,-91,1,0.0,,-91
NQ_DRIVE,4749,"{'A': 1200, 'T': 15, 'x': 0.35, 'mode': -1, 'tf': 1, 'k': 0.35, 'stop': 0, 'R': 0.5, 'hold': 240}",6,66.7,,-134,1,0.0,,-156,1,0.0,,-158
NQ_DRIVE,4750,"{'A': 1200, 'T': 15, 'x': 0.35, 'mode': -1, 'tf': 1, 'k': 0.35, 'stop': 0, 'R': 1.0, 'hold': 240}",6,66.7,,136,1,0.0,,-156,1,0.0,,-158
NQ_DRIVE,4751,"{'A': 1200, 'T': 15, 'x': 0.35, 'mode': -1, 'tf': 1, 'k': 0.35, 'stop': 0, 'R': 2.0, 'hold': 240}",6,50.0,,21,1,0.0,,-156,1,0.0,,-158
NQ_DRIVE,4756,"{'A': 1200, 'T': 30, 'x': 0.1, 'mode': 1, 'tf': 0, 'k': 0.35, 'stop': 0, 'R': 1.0, 'hold': 240}",406,50.2,1.035,935,254,48.8,1.06,1320,243,50.2,1.081,1736
NQ_DRIVE,4757,"{'A': 1200, 'T': 30, 'x': 0.1, 'mode': 1, 'tf': 0, 'k': 0.35, 'stop': 0, 'R': 2.0, 'hold': 240}",406,46.1,1.03,861,254,44.1,1.019,449,243,46.1,1.06,1361
NQ_DRIVE,4758,"{'A': 1200, 'T': 30, 'x': 0.1, 'mode': 1, 'tf': 1, 'k': 0.2, 'stop': 0, 'R': 0.5, 'hold': 240}",208,69.7,1.042,273,113,62.8,0.781,-1349,99,63.6,0.847,-798
NQ_DRIVE,4759,"{'A': 1200, 'T': 30, 'x': 0.1, 'mode': 1, 'tf': 1, 'k': 0.2, 'stop': 0, 'R': 1.0, 'hold': 240}",208,56.2,1.19,1687,113,49.6,1.004,29,99,50.5,1.033,223
NQ_DRIVE,4760,"{'A': 1200, 'T': 30, 'x': 0.1, 'mode': 1, 'tf': 1, 'k': 0.2, 'stop': 0, 'R': 2.0, 'hold': 240}",208,48.1,1.36,3706,113,40.7,0.942,-541,99,40.4,0.965,-289
NQ_DRIVE,4761,"{'A': 1200, 'T': 30, 'x': 0.1, 'mode': 1, 'tf': 1, 'k': 0.35, 'stop': 0, 'R': 0.5, 'hold': 240}",208,63.9,1.021,221,113,59.3,0.939,-525,99,58.6,0.959,-303
NQ_DRIVE,4762,"{'A': 1200, 'T': 30, 'x': 0.1, 'mode': 1, 'tf': 1, 'k': 0.35, 'stop': 0, 'R': 1.0, 'hold': 240}",208,56.2,1.289,3490,113,50.4,1.015,156,99,50.5,1.091,796
NQ_DRIVE,4763,"{'A': 1200, 'T': 30, 'x': 0.1, 'mode': 1, 'tf': 1, 'k': 0.35, 'stop': 0, 'R': 2.0, 'hold': 240}",208,51.9,1.232,3066,113,45.1,0.9,-1118,99,43.4,0.909,-895
NQ_DRIVE,4752,"{'A': 1200, 'T': 30, 'x': 0.1, 'mode': 1, 'tf': 0, 'k': 0.2, 'stop': 0, 'R': 0.5, 'hold': 240}",406,64.0,0.834,-2414,254,66.5,0.954,-549,243,67.9,1.022,248
NQ_DRIVE,4753,"{'A': 1200, 'T': 30, 'x': 0.1, 'mode': 1, 'tf': 0, 'k': 0.2, 'stop': 0, 'R': 1.0, 'hold': 240}",406,49.8,0.924,-1508,254,50.8,1.071,1136,243,51.4,1.077,1201
NQ_DRIVE,4754,"{'A': 1200, 'T': 30, 'x': 0.1, 'mode': 1, 'tf': 0, 'k': 0.2, 'stop': 0, 'R': 2.0, 'hold': 240}",406,41.1,1.045,1011,254,39.4,1.033,646,243,40.7,1.041,789
NQ_DRIVE,4755,"{'A': 1200, 'T': 30, 'x': 0.1, 'mode': 1, 'tf': 0, 'k': 0.35, 'stop': 0, 'R': 0.5, 'hold': 240}",406,58.9,0.839,-3667,254,60.6,0.997,-55,243,61.3,1.021,353
NQ_DRIVE,4768,"{'A': 1200, 'T': 30, 'x': 0.1, 'mode': -1, 'tf': 0, 'k': 0.35, 'stop': 0, 'R': 1.0, 'hold': 240}",406,48.8,0.89,-3162,254,50.0,0.887,-2719,243,49.0,0.871,-3077
NQ_DRIVE,4769,"{'A': 1200, 'T': 30, 'x': 0.1, 'mode': -1, 'tf': 0, 'k': 0.35, 'stop': 0, 'R': 2.0, 'hold': 240}",406,45.1,0.909,-2740,254,46.9,0.899,-2499,243,45.7,0.872,-3138
NQ_DRIVE,4770,"{'A': 1200, 'T': 30, 'x': 0.1, 'mode': -1, 'tf': 1, 'k': 0.2, 'stop': 0, 'R': 0.5, 'hold': 240}",189,69.3,1.089,504,132,61.4,0.747,-1766,115,62.6,0.79,-1283
NQ_DRIVE,4771,"{'A': 1200, 'T': 30, 'x': 0.1, 'mode': -1, 'tf': 1, 'k': 0.2, 'stop': 0, 'R': 1.0, 'hold': 240}",189,57.7,1.29,2271,132,46.2,0.805,-1796,115,48.7,0.861,-1137
NQ_DRIVE,4764,"{'A': 1200, 'T': 30, 'x': 0.1, 'mode': -1, 'tf': 0, 'k': 0.2, 'stop': 0, 'R': 0.5, 'hold': 240}",406,65.3,0.887,-1577,254,63.0,0.794,-2729,243,62.6,0.798,-2617
NQ_DRIVE,4765,"{'A': 1200, 'T': 30, 'x': 0.1, 'mode': -1, 'tf': 0, 'k': 0.2, 'stop': 0, 'R': 1.0, 'hold': 240}",406,50.0,0.96,-788,254,48.4,0.861,-2494,243,47.7,0.836,-2907
NQ_DRIVE,4766,"{'A': 1200, 'T': 30, 'x': 0.1, 'mode': -1, 'tf': 0, 'k': 0.2, 'stop': 0, 'R': 2.0, 'hold': 240}",406,40.4,1.031,716,254,40.6,0.922,-1550,243,39.5,0.885,-2288
NQ_DRIVE,4767,"{'A': 1200, 'T': 30, 'x': 0.1, 'mode': -1, 'tf': 0, 'k': 0.35, 'stop': 0, 'R': 0.5, 'hold': 240}",406,60.1,0.825,-4142,254,61.8,0.911,-1692,243,60.1,0.86,-2689
NQ_DRIVE,4772,"{'A': 1200, 'T': 30, 'x': 0.1, 'mode': -1, 'tf': 1, 'k': 0.2, 'stop': 0, 'R': 2.0, 'hold': 240}",189,46.6,1.367,3509,132,38.6,0.809,-1956,115,40.0,0.848,-1435
NQ_DRIVE,4773,"{'A': 1200, 'T': 30, 'x': 0.1, 'mode': -1, 'tf': 1, 'k': 0.35, 'stop': 0, 'R': 0.5, 'hold': 240}",189,66.7,1.104,955,132,62.9,0.904,-917,115,63.5,0.913,-754
NQ_DRIVE,4774,"{'A': 1200, 'T': 30, 'x': 0.1, 'mode': -1, 'tf': 1, 'k': 0.35, 'stop': 0, 'R': 1.0, 'hold': 240}",189,54.5,1.132,1598,132,50.0,0.845,-1937,115,53.0,0.968,-349
NQ_DRIVE,4775,"{'A': 1200, 'T': 30, 'x': 0.1, 'mode': -1, 'tf': 1, 'k': 0.35, 'stop': 0, 'R': 2.0, 'hold': 240}",189,50.8,1.145,1857,132,48.5,0.919,-1027,115,51.3,1.023,255
NQ_DRIVE,4776,"{'A': 1200, 'T': 30, 'x': 0.2, 'mode': 1, 'tf': 0, 'k': 0.2, 'stop': 0, 'R': 0.5, 'hold': 240}",125,63.2,0.78,-1049,94,70.2,1.085,361,88,69.3,1.118,476
NQ_DRIVE,4777,"{'A': 1200, 'T': 30, 'x': 0.2, 'mode': 1, 'tf': 0, 'k': 0.2, 'stop': 0, 'R': 1.0, 'hold': 240}",125,46.4,0.799,-1376,94,58.5,1.408,2238,88,59.1,1.466,2390
NQ_DRIVE,4778,"{'A': 1200, 'T': 30, 'x': 0.2, 'mode': 1, 'tf': 0, 'k': 0.2, 'stop': 0, 'R': 2.0, 'hold': 240}",125,36.0,0.86,-1142,94,42.6,1.156,1146,88,44.3,1.274,1877
NQ_DRIVE,4779,"{'A': 1200, 'T': 30, 'x': 0.2, 'mode': 1, 'tf': 0, 'k': 0.35, 'stop': 0, 'R': 0.5, 'hold': 240}",125,58.4,0.732,-2176,94,68.1,1.123,846,88,67.0,1.08,540
NQ_DRIVE,4780,"{'A': 1200, 'T': 30, 'x': 0.2, 'mode': 1, 'tf': 0, 'k': 0.35, 'stop': 0, 'R': 1.0, 'hold': 240}",125,47.2,0.931,-667,94,54.3,1.12,1062,88,55.7,1.158,1357
NQ_DRIVE,4781,"{'A': 1200, 'T': 30, 'x': 0.2, 'mode': 1, 'tf': 0, 'k': 0.35, 'stop': 0, 'R': 2.0, 'hold': 240}",125,40.8,0.929,-773,94,44.7,0.955,-447,88,47.7,1.081,776
NQ_DRIVE,4782,"{'A': 1200, 'T': 30, 'x': 0.2, 'mode': 1, 'tf': 1, 'k': 0.2, 'stop': 0, 'R': 0.5, 'hold': 240}",68,63.2,0.745,-677,47,72.3,1.128,264,39,74.4,1.377,568
NQ_DRIVE,4783,"{'A': 1200, 'T': 30, 'x': 0.2, 'mode': 1, 'tf': 1, 'k': 0.2, 'stop': 0, 'R': 1.0, 'hold': 240}",68,44.1,0.724,-1066,47,57.4,1.367,1048,39,64.1,1.747,1478
NQ_DRIVE,4784,"{'A': 1200, 'T': 30, 'x': 0.2, 'mode': 1, 'tf': 1, 'k': 0.2, 'stop': 0, 'R': 2.0, 'hold': 240}",68,30.9,0.635,-1712,47,44.7,1.165,612,39,48.7,1.46,1294
NQ_DRIVE,4785,"{'A': 1200, 'T': 30, 'x': 0.2, 'mode': 1, 'tf': 1, 'k': 0.35, 'stop': 0, 'R': 0.5, 'hold': 240}",68,52.9,0.562,-2272,47,68.1,1.115,414,39,69.2,1.144,416
NQ_DRIVE,4786,"{'A': 1200, 'T': 30, 'x': 0.2, 'mode': 1, 'tf': 1, 'k': 0.35, 'stop': 0, 'R': 1.0, 'hold': 240}",68,39.7,0.629,-2313,47,55.3,1.155,699,39,59.0,1.378,1321
NQ_DRIVE,4787,"{'A': 1200, 'T': 30, 'x': 0.2, 'mode': 1, 'tf': 1, 'k': 0.35, 'stop': 0, 'R': 2.0, 'hold': 240}",68,33.8,0.59,-2741,47,46.8,0.967,-170,39,46.2,1.005,24
NQ_DRIVE,4788,"{'A': 1200, 'T': 30, 'x': 0.2, 'mode': -1, 'tf': 0, 'k': 0.2, 'stop': 0, 'R': 0.5, 'hold': 240}",125,71.2,1.122,455,94,52.1,0.515,-3232,88,53.4,0.532,-2925
NQ_DRIVE,4789,"{'A': 1200, 'T': 30, 'x': 0.2, 'mode': -1, 'tf': 0, 'k': 0.2, 'stop': 0, 'R': 1.0, 'hold': 240}",125,53.6,1.123,712,94,41.5,0.659,-2739,88,40.9,0.637,-2813
NQ_DRIVE,4790,"{'A': 1200, 'T': 30, 'x': 0.2, 'mode': -1, 'tf': 0, 'k': 0.2, 'stop': 0, 'R': 2.0, 'hold': 240}",125,40.8,1.111,810,94,33.0,0.838,-1422,88,31.8,0.835,-1390
NQ_DRIVE,4791,"{'A': 1200, 'T': 30, 'x': 0.2, 'mode': -1, 'tf': 0, 'k': 0.35, 'stop': 0, 'R': 0.5, 'hold': 240}",125,64.8,0.936,-457,94,57.4,0.775,-1830,88,55.7,0.694,-2571
NQ_DRIVE,4792,"{'A': 1200, 'T': 30, 'x': 0.2, 'mode': -1, 'tf': 0, 'k': 0.35, 'stop': 0, 'R': 1.0, 'hold': 240}",125,52.8,0.999,-11,94,44.7,0.845,-1576,88,43.2,0.82,-1838
NQ_DRIVE,4793,"{'A': 1200, 'T': 30, 'x': 0.2, 'mode': -1, 'tf': 0, 'k': 0.35, 'stop': 0, 'R': 2.0, 'hold': 240}",125,46.4,1.011,109,94,38.3,0.887,-1182,88,36.4,0.825,-1851
NQ_DRIVE,4794,"{'A': 1200, 'T': 30, 'x': 0.2, 'mode': -1, 'tf': 1, 'k': 0.2, 'stop': 0, 'R': 0.5, 'hold': 240}",57,68.4,1.059,104,43,46.5,0.415,-1894,38,55.3,0.51,-1365
NQ_DRIVE,4795,"{'A': 1200, 'T': 30, 'x': 0.2, 'mode': -1, 'tf': 1, 'k': 0.2, 'stop': 0, 'R': 1.0, 'hold': 240}",57,50.9,1.003,8,43,39.5,0.612,-1428,38,44.7,0.685,-1054
NQ_DRIVE,4796,"{'A': 1200, 'T': 30, 'x': 0.2, 'mode': -1, 'tf': 1, 'k': 0.2, 'stop': 0, 'R': 2.0, 'hold': 240}",57,33.3,0.747,-936,43,30.2,0.689,-1255,38,34.2,0.774,-860
NQ_DRIVE,4797,"{'A': 1200, 'T': 30, 'x': 0.2, 'mode': -1, 'tf': 1, 'k': 0.35, 'stop': 0, 'R': 0.5, 'hold': 240}",57,59.6,0.762,-899,43,58.1,0.74,-967,38,60.5,0.729,-971
NQ_DRIVE,4798,"{'A': 1200, 'T': 30, 'x': 0.2, 'mode': -1, 'tf': 1, 'k': 0.35, 'stop': 0, 'R': 1.0, 'hold': 240}",57,43.9,0.632,-1954,43,44.2,0.829,-774,38,50.0,0.929,-302
NQ_DRIVE,4799,"{'A': 1200, 'T': 30, 'x': 0.2, 'mode': -1, 'tf': 1, 'k': 0.35, 'stop': 0, 'R': 2.0, 'hold': 240}",57,38.6,0.658,-1934,43,39.5,0.949,-238,38,44.7,0.969,-136
NQ_DRIVE,4800,"{'A': 1200, 'T': 30, 'x': 0.35, 'mode': 1, 'tf': 0, 'k': 0.2, 'stop': 0, 'R': 0.5, 'hold': 240}",20,70.0,1.303,145,17,58.8,,-267,14,57.1,,-374
NQ_DRIVE,4801,"{'A': 1200, 'T': 30, 'x': 0.35, 'mode': 1, 'tf': 0, 'k': 0.2, 'stop': 0, 'R': 1.0, 'hold': 240}",20,40.0,0.668,-353,17,52.9,,385,14,50.0,,-134
NQ_DRIVE,4802,"{'A': 1200, 'T': 30, 'x': 0.35, 'mode': 1, 'tf': 0, 'k': 0.2, 'stop': 0, 'R': 2.0, 'hold': 240}",20,35.0,0.698,-372,17,35.3,,60,14,28.6,,-612
NQ_DRIVE,4803,"{'A': 1200, 'T': 30, 'x': 0.35, 'mode': 1, 'tf': 0, 'k': 0.35, 'stop': 0, 'R': 0.5, 'hold': 240}",20,50.0,0.621,-495,17,58.8,,-201,14,57.1,,-637
NQ_DRIVE,4808,"{'A': 1200, 'T': 30, 'x': 0.35, 'mode': 1, 'tf': 1, 'k': 0.2, 'stop': 0, 'R': 2.0, 'hold': 240}",10,40.0,,-126,9,33.3,,12,5,40.0,,-10
NQ_DRIVE,4809,"{'A': 1200, 'T': 30, 'x': 0.35, 'mode': 1, 'tf': 1, 'k': 0.35, 'stop': 0, 'R': 0.5, 'hold': 240}",10,50.0,,-396,9,55.6,,-69,5,40.0,,-492
NQ_DRIVE,4810,"{'A': 1200, 'T': 30, 'x': 0.35, 'mode': 1, 'tf': 1, 'k': 0.35, 'stop': 0, 'R': 1.0, 'hold': 240}",10,50.0,,-164,9,44.4,,-220,5,40.0,,-359
NQ_DRIVE,4811,"{'A': 1200, 'T': 30, 'x': 0.35, 'mode': 1, 'tf': 1, 'k': 0.35, 'stop': 0, 'R': 2.0, 'hold': 240}",10,50.0,,351,9,22.2,,-1207,5,20.0,,-631
NQ_DRIVE,4804,"{'A': 1200, 'T': 30, 'x': 0.35, 'mode': 1, 'tf': 0, 'k': 0.35, 'stop': 0, 'R': 1.0, 'hold': 240}",20,45.0,0.912,-121,17,41.2,,-699,14,35.7,,-1269
NQ_DRIVE,4805,"{'A': 1200, 'T': 30, 'x': 0.35, 'mode': 1, 'tf': 0, 'k': 0.35, 'stop': 0, 'R': 2.0, 'hold': 240}",20,35.0,0.812,-340,17,29.4,,-1658,14,28.6,,-1656
NQ_DRIVE,4806,"{'A': 1200, 'T': 30, 'x': 0.35, 'mode': 1, 'tf': 1, 'k': 0.2, 'stop': 0, 'R': 0.5, 'hold': 240}",10,80.0,,172,9,55.6,,-186,5,40.0,,-287
NQ_DRIVE,4807,"{'A': 1200, 'T': 30, 'x': 0.35, 'mode': 1, 'tf': 1, 'k': 0.2, 'stop': 0, 'R': 1.0, 'hold': 240}",10,40.0,,-292,9,44.4,,182,5,40.0,,-140
NQ_DRIVE,4812,"{'A': 1200, 'T': 30, 'x': 0.35, 'mode': -1, 'tf': 0, 'k': 0.2, 'stop': 0, 'R': 0.5, 'hold': 240}",20,80.0,1.697,274,17,58.8,,-559,14,57.1,,-198
NQ_DRIVE,4813,"{'A': 1200, 'T': 30, 'x': 0.35, 'mode': -1, 'tf': 0, 'k': 0.2, 'stop': 0, 'R': 1.0, 'hold': 240}",20,60.0,1.328,246,17,47.1,,-475,14,50.0,,60
NQ_DRIVE,4814,"{'A': 1200, 'T': 30, 'x': 0.35, 'mode': -1, 'tf': 0, 'k': 0.2, 'stop': 0, 'R': 2.0, 'hold': 240}",20,50.0,1.458,439,17,41.2,,199,14,35.7,,325
NQ_DRIVE,4815,"{'A': 1200, 'T': 30, 'x': 0.35, 'mode': -1, 'tf': 0, 'k': 0.35, 'stop': 0, 'R': 0.5, 'hold': 240}",20,70.0,1.055,51,17,76.5,,299,14,78.6,,746
NQ_DRIVE,4816,"{'A': 1200, 'T': 30, 'x': 0.35, 'mode': -1, 'tf': 0, 'k': 0.35, 'stop': 0, 'R': 1.0, 'hold': 240}",20,55.0,1.009,12,17,58.8,,608,14,64.3,,1195
NQ_DRIVE,4817,"{'A': 1200, 'T': 30, 'x': 0.35, 'mode': -1, 'tf': 0, 'k': 0.35, 'stop': 0, 'R': 2.0, 'hold': 240}",20,55.0,1.576,750,17,47.1,,605,14,50.0,,1084
NQ_DRIVE,4818,"{'A': 1200, 'T': 30, 'x': 0.35, 'mode': -1, 'tf': 1, 'k': 0.2, 'stop': 0, 'R': 0.5, 'hold': 240}",10,90.0,,275,8,50.0,,-204,6,33.3,,-314
NQ_DRIVE,4819,"{'A': 1200, 'T': 30, 'x': 0.35, 'mode': -1, 'tf': 1, 'k': 0.2, 'stop': 0, 'R': 1.0, 'hold': 240}",10,60.0,,8,8,37.5,,-245,6,33.3,,-179
NQ_DRIVE,4820,"{'A': 1200, 'T': 30, 'x': 0.35, 'mode': -1, 'tf': 1, 'k': 0.2, 'stop': 0, 'R': 2.0, 'hold': 240}",10,50.0,,26,8,37.5,,105,6,16.7,,-233
NQ_DRIVE,4821,"{'A': 1200, 'T': 30, 'x': 0.35, 'mode': -1, 'tf': 1, 'k': 0.35, 'stop': 0, 'R': 0.5, 'hold': 240}",10,70.0,,-78,8,75.0,,136,6,66.7,,105
NQ_DRIVE,4822,"{'A': 1200, 'T': 30, 'x': 0.35, 'mode': -1, 'tf': 1, 'k': 0.35, 'stop': 0, 'R': 1.0, 'hold': 240}",10,60.0,,-98,8,62.5,,437,6,66.7,,554
NQ_DRIVE,4823,"{'A': 1200, 'T': 30, 'x': 0.35, 'mode': -1, 'tf': 1, 'k': 0.35, 'stop': 0, 'R': 2.0, 'hold': 240}",10,60.0,,235,8,50.0,,801,6,50.0,,833
NQ_DRIVE,4828,"{'A': 1200, 'T': 60, 'x': 0.1, 'mode': 1, 'tf': 0, 'k': 0.35, 'stop': 0, 'R': 1.0, 'hold': 240}",516,50.8,0.977,-743,352,54.8,1.166,4134,335,54.9,1.146,3574
NQ_DRIVE,4829,"{'A': 1200, 'T': 60, 'x': 0.1, 'mode': 1, 'tf': 0, 'k': 0.35, 'stop': 0, 'R': 2.0, 'hold': 240}",516,48.6,0.979,-698,352,52.3,1.184,4759,335,52.5,1.149,3755
NQ_DRIVE,4830,"{'A': 1200, 'T': 60, 'x': 0.1, 'mode': 1, 'tf': 1, 'k': 0.2, 'stop': 0, 'R': 0.5, 'hold': 240}",272,71.7,1.263,1917,172,68.0,1.037,273,144,67.4,1.044,284
NQ_DRIVE,4831,"{'A': 1200, 'T': 60, 'x': 0.1, 'mode': 1, 'tf': 1, 'k': 0.2, 'stop': 0, 'R': 1.0, 'hold': 240}",272,58.8,1.462,4675,172,55.8,1.168,1601,144,56.2,1.181,1452
NQ_DRIVE,4824,"{'A': 1200, 'T': 60, 'x': 0.1, 'mode': 1, 'tf': 0, 'k': 0.2, 'stop': 0, 'R': 0.5, 'hold': 240}",516,68.4,1.082,1274,352,67.6,1.024,360,335,68.1,1.103,1450
NQ_DRIVE,4825,"{'A': 1200, 'T': 60, 'x': 0.1, 'mode': 1, 'tf': 0, 'k': 0.2, 'stop': 0, 'R': 1.0, 'hold': 240}",516,54.1,1.165,3631,352,52.6,1.07,1428,335,53.4,1.115,2238
NQ_DRIVE,4826,"{'A': 1200, 'T': 60, 'x': 0.1, 'mode': 1, 'tf': 0, 'k': 0.2, 'stop': 0, 'R': 2.0, 'hold': 240}",516,43.8,1.063,1704,352,44.9,1.09,2092,335,45.1,1.093,2104
NQ_DRIVE,4827,"{'A': 1200, 'T': 60, 'x': 0.1, 'mode': 1, 'tf': 0, 'k': 0.35, 'stop': 0, 'R': 0.5, 'hold': 240}",516,62.0,1.02,497,352,63.1,1.108,2249,335,64.2,1.144,2884
NQ_DRIVE,4832,"{'A': 1200, 'T': 60, 'x': 0.1, 'mode': 1, 'tf': 1, 'k': 0.2, 'stop': 0, 'R': 2.0, 'hold': 240}",272,47.1,1.239,3161,172,48.8,1.241,2663,144,49.3,1.268,2501
NQ_DRIVE,4833,"{'A': 1200, 'T': 60, 'x': 0.1, 'mode': 1, 'tf': 1, 'k': 0.35, 'stop': 0, 'R': 0.5, 'hold': 240}",272,64.7,1.152,1873,172,66.3,1.074,789,144,66.7,1.071,650
NQ_DRIVE,4834,"{'A': 1200, 'T': 60, 'x': 0.1, 'mode': 1, 'tf': 1, 'k': 0.35, 'stop': 0, 'R': 1.0, 'hold': 240}",272,53.7,1.077,1239,172,59.9,1.226,2807,144,59.0,1.192,2086
NQ_DRIVE,4835,"{'A': 1200, 'T': 60, 'x': 0.1, 'mode': 1, 'tf': 1, 'k': 0.35, 'stop': 0, 'R': 2.0, 'hold': 240}",272,50.7,1.037,650,172,57.6,1.199,2597,144,56.9,1.142,1621
NQ_DRIVE,4844,"{'A': 1200, 'T': 60, 'x': 0.1, 'mode': -1, 'tf': 1, 'k': 0.2, 'stop': 0, 'R': 2.0, 'hold': 240}",224,42.4,1.063,783,169,42.6,0.879,-1436,150,41.3,0.814,-2050
NQ_DRIVE,4845,"{'A': 1200, 'T': 60, 'x': 0.1, 'mode': -1, 'tf': 1, 'k': 0.35, 'stop': 0, 'R': 0.5, 'hold': 240}",224,59.4,0.905,-1133,169,59.8,1.015,156,150,58.7,0.909,-897
NQ_DRIVE,4846,"{'A': 1200, 'T': 60, 'x': 0.1, 'mode': -1, 'tf': 1, 'k': 0.35, 'stop': 0, 'R': 1.0, 'hold': 240}",224,50.9,1.017,240,169,49.7,0.869,-1723,150,49.3,0.867,-1575
NQ_DRIVE,4847,"{'A': 1200, 'T': 60, 'x': 0.1, 'mode': -1, 'tf': 1, 'k': 0.35, 'stop': 0, 'R': 2.0, 'hold': 240}",224,48.7,1.133,1993,169,47.3,0.874,-1704,150,47.3,0.878,-1466
NQ_DRIVE,4856,"{'A': 1200, 'T': 60, 'x': 0.2, 'mode': 1, 'tf': 1, 'k': 0.2, 'stop': 0, 'R': 2.0, 'hold': 240}",115,44.3,1.248,1492,67,49.3,1.338,1564,57,49.1,1.336,1340
NQ_DRIVE,4857,"{'A': 1200, 'T': 60, 'x': 0.2, 'mode': 1, 'tf': 1, 'k': 0.35, 'stop': 0, 'R': 0.5, 'hold': 240}",115,63.5,1.086,486,67,67.2,0.962,-195,57,70.2,1.069,287
NQ_DRIVE,4858,"{'A': 1200, 'T': 60, 'x': 0.2, 'mode': 1, 'tf': 1, 'k': 0.35, 'stop': 0, 'R': 1.0, 'hold': 240}",115,51.3,1.041,322,67,59.7,1.076,477,57,59.6,1.09,493
NQ_DRIVE,4859,"{'A': 1200, 'T': 60, 'x': 0.2, 'mode': 1, 'tf': 1, 'k': 0.35, 'stop': 0, 'R': 2.0, 'hold': 240}",115,47.0,0.917,-729,67,58.2,1.153,1003,57,57.9,1.112,645
NQ_DRIVE,4848,"{'A': 1200, 'T': 60, 'x': 0.2, 'mode': 1, 'tf': 0, 'k': 0.2, 'stop': 0, 'R': 0.5, 'hold': 240}",213,67.1,1.018,118,158,73.4,1.261,1488,144,72.9,1.26,1399
NQ_DRIVE,4849,"{'A': 1200, 'T': 60, 'x': 0.2, 'mode': 1, 'tf': 0, 'k': 0.2, 'stop': 0, 'R': 1.0, 'hold': 240}",213,54.0,1.132,1254,158,58.2,1.324,2659,144,59.0,1.317,2441
NQ_DRIVE,4850,"{'A': 1200, 'T': 60, 'x': 0.2, 'mode': 1, 'tf': 0, 'k': 0.2, 'stop': 0, 'R': 2.0, 'hold': 240}",213,42.7,1.051,611,158,46.8,1.289,2982,144,47.9,1.294,2786
NQ_DRIVE,4851,"{'A': 1200, 'T': 60, 'x': 0.2, 'mode': 1, 'tf': 0, 'k': 0.35, 'stop': 0, 'R': 0.5, 'hold': 240}",213,62.0,0.952,-543,158,69.0,1.219,2047,144,71.5,1.272,2363
NQ_DRIVE,4836,"{'A': 1200, 'T': 60, 'x': 0.1, 'mode': -1, 'tf': 0, 'k': 0.2, 'stop': 0, 'R': 0.5, 'hold': 240}",516,60.5,0.716,-5782,352,60.8,0.807,-3443,335,60.3,0.783,-3859
NQ_DRIVE,4837,"{'A': 1200, 'T': 60, 'x': 0.1, 'mode': -1, 'tf': 0, 'k': 0.2, 'stop': 0, 'R': 1.0, 'hold': 240}",516,45.2,0.764,-6398,352,46.6,0.852,-3414,335,45.4,0.813,-4301
NQ_DRIVE,4838,"{'A': 1200, 'T': 60, 'x': 0.1, 'mode': -1, 'tf': 0, 'k': 0.2, 'stop': 0, 'R': 2.0, 'hold': 240}",516,38.4,0.878,-3648,352,38.4,0.84,-4162,335,37.3,0.82,-4621
NQ_DRIVE,4839,"{'A': 1200, 'T': 60, 'x': 0.1, 'mode': -1, 'tf': 0, 'k': 0.35, 'stop': 0, 'R': 0.5, 'hold': 240}",516,56.4,0.805,-5604,352,55.4,0.852,-3650,335,54.9,0.842,-3771
NQ_DRIVE,4840,"{'A': 1200, 'T': 60, 'x': 0.1, 'mode': -1, 'tf': 0, 'k': 0.35, 'stop': 0, 'R': 1.0, 'hold': 240}",516,48.1,0.925,-2513,352,44.3,0.797,-6142,335,43.9,0.81,-5526
NQ_DRIVE,4841,"{'A': 1200, 'T': 60, 'x': 0.1, 'mode': -1, 'tf': 0, 'k': 0.35, 'stop': 0, 'R': 2.0, 'hold': 240}",516,45.9,1.04,1358,352,42.9,0.801,-6162,335,42.7,0.827,-5104
NQ_DRIVE,4842,"{'A': 1200, 'T': 60, 'x': 0.1, 'mode': -1, 'tf': 1, 'k': 0.2, 'stop': 0, 'R': 0.5, 'hold': 240}",224,67.4,0.973,-202,169,65.1,0.926,-576,150,61.3,0.743,-2077
NQ_DRIVE,4843,"{'A': 1200, 'T': 60, 'x': 0.1, 'mode': -1, 'tf': 1, 'k': 0.2, 'stop': 0, 'R': 1.0, 'hold': 240}",224,50.9,0.987,-138,169,50.3,0.956,-457,150,50.0,0.887,-1105
NQ_DRIVE,4852,"{'A': 1200, 'T': 60, 'x': 0.2, 'mode': 1, 'tf': 0, 'k': 0.35, 'stop': 0, 'R': 1.0, 'hold': 240}",213,50.7,0.954,-697,158,57.6,1.224,2790,144,58.3,1.166,1976
NQ_DRIVE,4853,"{'A': 1200, 'T': 60, 'x': 0.2, 'mode': 1, 'tf': 0, 'k': 0.35, 'stop': 0, 'R': 2.0, 'hold': 240}",213,47.4,0.911,-1441,158,53.8,1.271,3529,144,54.2,1.162,2016
NQ_DRIVE,4854,"{'A': 1200, 'T': 60, 'x': 0.2, 'mode': 1, 'tf': 1, 'k': 0.2, 'stop': 0, 'R': 0.5, 'hold': 240}",115,71.3,1.29,880,67,71.6,1.17,455,57,68.4,1.049,122
NQ_DRIVE,4855,"{'A': 1200, 'T': 60, 'x': 0.2, 'mode': 1, 'tf': 1, 'k': 0.2, 'stop': 0, 'R': 1.0, 'hold': 240}",115,57.4,1.402,1800,67,59.7,1.36,1293,57,59.6,1.414,1252
NQ_DRIVE,4860,"{'A': 1200, 'T': 60, 'x': 0.2, 'mode': -1, 'tf': 0, 'k': 0.2, 'stop': 0, 'R': 0.5, 'hold': 240}",213,62.4,0.785,-1729,158,57.6,0.721,-2372,144,59.0,0.759,-1878
NQ_DRIVE,4861,"{'A': 1200, 'T': 60, 'x': 0.2, 'mode': -1, 'tf': 0, 'k': 0.2, 'stop': 0, 'R': 1.0, 'hold': 240}",213,46.0,0.789,-2391,158,41.1,0.691,-3560,144,39.6,0.68,-3466
NQ_DRIVE,4862,"{'A': 1200, 'T': 60, 'x': 0.2, 'mode': -1, 'tf': 0, 'k': 0.2, 'stop': 0, 'R': 2.0, 'hold': 240}",213,39.0,0.986,-175,158,34.2,0.845,-1973,144,32.6,0.86,-1672
NQ_DRIVE,4863,"{'A': 1200, 'T': 60, 'x': 0.2, 'mode': -1, 'tf': 0, 'k': 0.35, 'stop': 0, 'R': 0.5, 'hold': 240}",213,58.7,0.829,-2129,158,53.8,0.744,-3242,144,52.1,0.725,-3211
NQ_DRIVE,4864,"{'A': 1200, 'T': 60, 'x': 0.2, 'mode': -1, 'tf': 0, 'k': 0.35, 'stop': 0, 'R': 1.0, 'hold': 240}",213,48.8,0.969,-470,158,42.4,0.767,-3704,144,41.0,0.81,-2724
NQ_DRIVE,4865,"{'A': 1200, 'T': 60, 'x': 0.2, 'mode': -1, 'tf': 0, 'k': 0.35, 'stop': 0, 'R': 2.0, 'hold': 240}",213,46.0,1.15,2335,158,39.9,0.822,-2921,144,38.2,0.863,-2043
NQ_DRIVE,4866,"{'A': 1200, 'T': 60, 'x': 0.2, 'mode': -1, 'tf': 1, 'k': 0.2, 'stop': 0, 'R': 0.5, 'hold': 240}",93,67.7,1.016,48,88,62.5,0.799,-852,71,62.0,0.787,-780
NQ_DRIVE,4867,"{'A': 1200, 'T': 60, 'x': 0.2, 'mode': -1, 'tf': 1, 'k': 0.2, 'stop': 0, 'R': 1.0, 'hold': 240}",93,50.5,1.01,44,88,43.2,0.714,-1711,71,46.5,0.891,-500
NQ_DRIVE,4868,"{'A': 1200, 'T': 60, 'x': 0.2, 'mode': -1, 'tf': 1, 'k': 0.2, 'stop': 0, 'R': 2.0, 'hold': 240}",93,41.9,1.202,1047,88,35.2,0.772,-1544,71,36.6,0.968,-175
NQ_DRIVE,4869,"{'A': 1200, 'T': 60, 'x': 0.2, 'mode': -1, 'tf': 1, 'k': 0.35, 'stop': 0, 'R': 0.5, 'hold': 240}",93,60.2,0.951,-250,88,56.8,0.793,-1332,71,57.7,0.828,-882
NQ_DRIVE,4870,"{'A': 1200, 'T': 60, 'x': 0.2, 'mode': -1, 'tf': 1, 'k': 0.35, 'stop': 0, 'R': 1.0, 'hold': 240}",93,49.5,1.057,364,88,44.3,0.682,-2660,71,46.5,0.866,-858
NQ_DRIVE,4871,"{'A': 1200, 'T': 60, 'x': 0.2, 'mode': -1, 'tf': 1, 'k': 0.35, 'stop': 0, 'R': 2.0, 'hold': 240}",93,46.2,1.217,1499,88,40.9,0.756,-2095,71,42.3,0.891,-725
NQ_DRIVE,4872,"{'A': 1200, 'T': 60, 'x': 0.35, 'mode': 1, 'tf': 0, 'k': 0.2, 'stop': 0, 'R': 0.5, 'hold': 240}",54,63.0,0.849,-282,45,73.3,1.077,143,41,70.7,0.986,-27
NQ_DRIVE,4873,"{'A': 1200, 'T': 60, 'x': 0.35, 'mode': 1, 'tf': 0, 'k': 0.2, 'stop': 0, 'R': 1.0, 'hold': 240}",54,48.1,0.895,-285,45,55.6,1.147,375,41,56.1,1.079,197
NQ_DRIVE,4874,"{'A': 1200, 'T': 60, 'x': 0.35, 'mode': 1, 'tf': 0, 'k': 0.2, 'stop': 0, 'R': 2.0, 'hold': 240}",54,40.7,1.096,311,45,35.6,0.983,-58,41,36.6,0.961,-126
NQ_DRIVE,4875,"{'A': 1200, 'T': 60, 'x': 0.35, 'mode': 1, 'tf': 0, 'k': 0.35, 'stop': 0, 'R': 0.5, 'hold': 240}",54,55.6,0.738,-903,45,62.2,0.906,-304,41,63.4,0.842,-516
NQ_DRIVE,4880,"{'A': 1200, 'T': 60, 'x': 0.35, 'mode': 1, 'tf': 1, 'k': 0.2, 'stop': 0, 'R': 2.0, 'hold': 240}",22,40.9,1.515,619,16,37.5,,-170,14,35.7,,-85
NQ_DRIVE,4881,"{'A': 1200, 'T': 60, 'x': 0.35, 'mode': 1, 'tf': 1, 'k': 0.35, 'stop': 0, 'R': 0.5, 'hold': 240}",22,59.1,1.007,8,16,50.0,,-1184,14,50.0,,-1017
NQ_DRIVE,4882,"{'A': 1200, 'T': 60, 'x': 0.35, 'mode': 1, 'tf': 1, 'k': 0.35, 'stop': 0, 'R': 1.0, 'hold': 240}",22,50.0,1.117,194,16,37.5,,-1402,14,35.7,,-1212
NQ_DRIVE,4883,"{'A': 1200, 'T': 60, 'x': 0.35, 'mode': 1, 'tf': 1, 'k': 0.35, 'stop': 0, 'R': 2.0, 'hold': 240}",22,45.5,1.139,279,16,37.5,,-703,14,35.7,,-507
NQ_DRIVE,4876,"{'A': 1200, 'T': 60, 'x': 0.35, 'mode': 1, 'tf': 0, 'k': 0.35, 'stop': 0, 'R': 1.0, 'hold': 240}",54,46.3,0.775,-1038,45,46.7,0.9,-441,41,48.8,0.882,-505
NQ_DRIVE,4877,"{'A': 1200, 'T': 60, 'x': 0.35, 'mode': 1, 'tf': 0, 'k': 0.35, 'stop': 0, 'R': 2.0, 'hold': 240}",54,44.4,0.916,-415,45,42.2,0.933,-301,41,43.9,0.938,-271
NQ_DRIVE,4878,"{'A': 1200, 'T': 60, 'x': 0.35, 'mode': 1, 'tf': 1, 'k': 0.2, 'stop': 0, 'R': 0.5, 'hold': 240}",22,59.1,0.763,-195,16,62.5,,-255,14,57.1,,-383
NQ_DRIVE,4879,"{'A': 1200, 'T': 60, 'x': 0.35, 'mode': 1, 'tf': 1, 'k': 0.2, 'stop': 0, 'R': 1.0, 'hold': 240}",22,50.0,1.258,240,16,50.0,,-183,14,50.0,,-96
NQ_DRIVE,4884,"{'A': 1200, 'T': 60, 'x': 0.35, 'mode': -1, 'tf': 0, 'k': 0.2, 'stop': 0, 'R': 0.5, 'hold': 240}",54,68.5,0.953,-84,45,60.0,0.868,-279,41,63.4,0.978,-40
NQ_DRIVE,4885,"{'A': 1200, 'T': 60, 'x': 0.35, 'mode': -1, 'tf': 0, 'k': 0.2, 'stop': 0, 'R': 1.0, 'hold': 240}",54,51.9,0.999,-3,45,44.4,0.799,-616,41,43.9,0.851,-417
NQ_DRIVE,4886,"{'A': 1200, 'T': 60, 'x': 0.35, 'mode': -1, 'tf': 0, 'k': 0.2, 'stop': 0, 'R': 2.0, 'hold': 240}",54,46.3,1.379,1106,45,37.8,1.044,152,41,36.6,1.133,423
NQ_DRIVE,4887,"{'A': 1200, 'T': 60, 'x': 0.35, 'mode': -1, 'tf': 0, 'k': 0.35, 'stop': 0, 'R': 0.5, 'hold': 240}",54,59.3,0.827,-559,45,62.2,0.841,-528,41,61.0,0.861,-435
NQ_DRIVE,4892,"{'A': 1200, 'T': 60, 'x': 0.35, 'mode': -1, 'tf': 1, 'k': 0.2, 'stop': 0, 'R': 2.0, 'hold': 240}",32,50.0,1.862,1262,27,33.3,0.58,-875,23,30.4,0.657,-630
NQ_DRIVE,4893,"{'A': 1200, 'T': 60, 'x': 0.35, 'mode': -1, 'tf': 1, 'k': 0.35, 'stop': 0, 'R': 0.5, 'hold': 240}",32,59.4,1.058,92,27,66.7,0.887,-193,23,65.2,0.923,-115
NQ_DRIVE,4894,"{'A': 1200, 'T': 60, 'x': 0.35, 'mode': -1, 'tf': 1, 'k': 0.35, 'stop': 0, 'R': 1.0, 'hold': 240}",32,56.2,1.591,1059,27,51.9,0.698,-740,23,47.8,0.7,-679
NQ_DRIVE,4895,"{'A': 1200, 'T': 60, 'x': 0.35, 'mode': -1, 'tf': 1, 'k': 0.35, 'stop': 0, 'R': 2.0, 'hold': 240}",32,46.9,1.346,806,27,40.7,0.681,-851,23,34.8,0.649,-869
NQ_DRIVE,4888,"{'A': 1200, 'T': 60, 'x': 0.35, 'mode': -1, 'tf': 0, 'k': 0.35, 'stop': 0, 'R': 1.0, 'hold': 240}",54,53.7,1.201,746,45,53.3,1.048,196,41,51.2,1.072,282
NQ_DRIVE,4889,"{'A': 1200, 'T': 60, 'x': 0.35, 'mode': -1, 'tf': 0, 'k': 0.35, 'stop': 0, 'R': 2.0, 'hold': 240}",54,48.1,1.34,1442,45,44.4,1.006,27,41,41.5,0.994,-24
NQ_DRIVE,4890,"{'A': 1200, 'T': 60, 'x': 0.35, 'mode': -1, 'tf': 1, 'k': 0.2, 'stop': 0, 'R': 0.5, 'hold': 240}",32,65.6,0.935,-71,27,59.3,0.763,-312,23,60.9,0.825,-198
NQ_DRIVE,4891,"{'A': 1200, 'T': 60, 'x': 0.35, 'mode': -1, 'tf': 1, 'k': 0.2, 'stop': 0, 'R': 1.0, 'hold': 240}",32,53.1,1.263,355,27,44.4,0.743,-440,23,43.5,0.824,-255
NQ_DRIVE,4896,"{'A': 1200, 'T': 120, 'x': 0.1, 'mode': 1, 'tf': 0, 'k': 0.2, 'stop': 0, 'R': 0.5, 'hold': 240}",622,64.1,0.99,-187,429,64.1,0.996,-74,408,64.5,1.04,683
NQ_DRIVE,4897,"{'A': 1200, 'T': 120, 'x': 0.1, 'mode': 1, 'tf': 0, 'k': 0.2, 'stop': 0, 'R': 1.0, 'hold': 240}",622,50.6,1.008,199,430,51.4,0.987,-300,408,51.5,1.021,459
NQ_DRIVE,4898,"{'A': 1200, 'T': 120, 'x': 0.1, 'mode': 1, 'tf': 0, 'k': 0.2, 'stop': 0, 'R': 2.0, 'hold': 240}",622,44.7,0.993,-220,430,46.0,0.998,-51,408,46.1,1.016,385
NQ_DRIVE,4899,"{'A': 1200, 'T': 120, 'x': 0.1, 'mode': 1, 'tf': 0, 'k': 0.35, 'stop': 0, 'R': 0.5, 'hold': 240}",622,58.0,1.011,302,429,57.3,1.021,489,408,58.1,1.077,1690
NQ_DRIVE,4900,"{'A': 1200, 'T': 120, 'x': 0.1, 'mode': 1, 'tf': 0, 'k': 0.35, 'stop': 0, 'R': 1.0, 'hold': 240}",622,50.0,1.011,367,430,51.4,1.067,1714,408,52.0,1.12,2930
NQ_DRIVE,4901,"{'A': 1200, 'T': 120, 'x': 0.1, 'mode': 1, 'tf': 0, 'k': 0.35, 'stop': 0, 'R': 2.0, 'hold': 240}",622,48.7,0.95,-1704,430,49.3,1.001,16,408,50.0,1.046,1175
NQ_DRIVE,4902,"{'A': 1200, 'T': 120, 'x': 0.1, 'mode': 1, 'tf': 1, 'k': 0.2, 'stop': 0, 'R': 0.5, 'hold': 240}",339,64.9,1.089,867,211,65.9,1.039,324,181,63.5,0.971,-227
NQ_DRIVE,4903,"{'A': 1200, 'T': 120, 'x': 0.1, 'mode': 1, 'tf': 1, 'k': 0.2, 'stop': 0, 'R': 1.0, 'hold': 240}",339,51.0,1.029,406,211,55.5,1.127,1313,181,51.9,1.106,1013
NQ_DRIVE,4904,"{'A': 1200, 'T': 120, 'x': 0.1, 'mode': 1, 'tf': 1, 'k': 0.2, 'stop': 0, 'R': 2.0, 'hold': 240}",339,43.7,0.96,-635,211,51.7,1.059,673,181,48.1,1.068,713
NQ_DRIVE,4905,"{'A': 1200, 'T': 120, 'x': 0.1, 'mode': 1, 'tf': 1, 'k': 0.35, 'stop': 0, 'R': 0.5, 'hold': 240}",339,57.8,1.013,189,211,60.7,1.099,1072,181,56.9,1.058,568
NQ_DRIVE,4906,"{'A': 1200, 'T': 120, 'x': 0.1, 'mode': 1, 'tf': 1, 'k': 0.35, 'stop': 0, 'R': 1.0, 'hold': 240}",339,49.3,0.991,-155,211,56.9,1.147,1742,181,54.1,1.223,2349
NQ_DRIVE,4907,"{'A': 1200, 'T': 120, 'x': 0.1, 'mode': 1, 'tf': 1, 'k': 0.35, 'stop': 0, 'R': 2.0, 'hold': 240}",339,47.5,0.884,-2182,211,55.5,1.052,643,181,52.5,1.13,1432
NQ_DRIVE,4924,"{'A': 1200, 'T': 120, 'x': 0.2, 'mode': 1, 'tf': 0, 'k': 0.35, 'stop': 0, 'R': 1.0, 'hold': 240}",367,48.5,0.97,-639,246,49.6,1.033,536,232,49.1,1.039,615
NQ_DRIVE,4925,"{'A': 1200, 'T': 120, 'x': 0.2, 'mode': 1, 'tf': 0, 'k': 0.35, 'stop': 0, 'R': 2.0, 'hold': 240}",367,47.1,0.918,-1831,246,45.9,0.908,-1630,232,45.7,0.892,-1838
NQ_DRIVE,4926,"{'A': 1200, 'T': 120, 'x': 0.2, 'mode': 1, 'tf': 1, 'k': 0.2, 'stop': 0, 'R': 0.5, 'hold': 240}",198,65.7,1.077,451,116,64.7,0.917,-443,96,60.4,0.808,-944
NQ_DRIVE,4927,"{'A': 1200, 'T': 120, 'x': 0.2, 'mode': 1, 'tf': 1, 'k': 0.2, 'stop': 0, 'R': 1.0, 'hold': 240}",198,49.5,1.009,77,116,50.0,0.94,-419,96,43.8,0.818,-1168
NQ_DRIVE,4916,"{'A': 1200, 'T': 120, 'x': 0.1, 'mode': -1, 'tf': 1, 'k': 0.2, 'stop': 0, 'R': 2.0, 'hold': 240}",258,41.9,0.948,-703,205,45.9,0.916,-1032,177,45.2,0.905,-1040
NQ_DRIVE,4917,"{'A': 1200, 'T': 120, 'x': 0.1, 'mode': -1, 'tf': 1, 'k': 0.35, 'stop': 0, 'R': 0.5, 'hold': 240}",258,54.3,0.824,-2452,205,59.0,0.925,-892,177,57.6,0.902,-1041
NQ_DRIVE,4918,"{'A': 1200, 'T': 120, 'x': 0.1, 'mode': -1, 'tf': 1, 'k': 0.35, 'stop': 0, 'R': 1.0, 'hold': 240}",258,46.5,0.885,-1800,205,53.2,0.891,-1476,177,51.4,0.867,-1604
NQ_DRIVE,4919,"{'A': 1200, 'T': 120, 'x': 0.1, 'mode': -1, 'tf': 1, 'k': 0.35, 'stop': 0, 'R': 2.0, 'hold': 240}",258,45.3,0.862,-2264,205,52.7,0.991,-129,177,50.8,0.958,-507
NQ_DRIVE,4920,"{'A': 1200, 'T': 120, 'x': 0.2, 'mode': 1, 'tf': 0, 'k': 0.2, 'stop': 0, 'R': 0.5, 'hold': 240}",367,63.8,0.944,-673,245,64.9,0.949,-551,232,63.8,0.977,-239
NQ_DRIVE,4921,"{'A': 1200, 'T': 120, 'x': 0.2, 'mode': 1, 'tf': 0, 'k': 0.2, 'stop': 0, 'R': 1.0, 'hold': 240}",367,48.0,0.921,-1316,246,48.8,0.914,-1260,232,47.4,0.915,-1203
NQ_DRIVE,4922,"{'A': 1200, 'T': 120, 'x': 0.2, 'mode': 1, 'tf': 0, 'k': 0.2, 'stop': 0, 'R': 2.0, 'hold': 240}",367,41.7,0.931,-1300,246,41.9,0.866,-2195,232,40.5,0.842,-2510
NQ_DRIVE,4923,"{'A': 1200, 'T': 120, 'x': 0.2, 'mode': 1, 'tf': 0, 'k': 0.35, 'stop': 0, 'R': 0.5, 'hold': 240}",367,57.8,0.95,-869,245,56.3,1.005,75,232,56.9,1.057,773
NQ_DRIVE,4912,"{'A': 1200, 'T': 120, 'x': 0.1, 'mode': -1, 'tf': 0, 'k': 0.35, 'stop': 0, 'R': 1.0, 'hold': 240}",622,46.9,0.893,-3736,430,47.2,0.855,-4148,408,46.3,0.819,-5172
NQ_DRIVE,4913,"{'A': 1200, 'T': 120, 'x': 0.1, 'mode': -1, 'tf': 0, 'k': 0.35, 'stop': 0, 'R': 2.0, 'hold': 240}",622,45.0,0.879,-4365,430,46.7,0.92,-2312,408,46.1,0.897,-2956
NQ_DRIVE,4914,"{'A': 1200, 'T': 120, 'x': 0.1, 'mode': -1, 'tf': 1, 'k': 0.2, 'stop': 0, 'R': 0.5, 'hold': 240}",258,62.4,0.866,-1270,205,61.5,0.941,-525,177,61.6,0.923,-605
NQ_DRIVE,4915,"{'A': 1200, 'T': 120, 'x': 0.1, 'mode': -1, 'tf': 1, 'k': 0.2, 'stop': 0, 'R': 1.0, 'hold': 240}",258,47.3,0.899,-1248,205,50.7,0.978,-237,177,50.3,0.957,-413
NQ_DRIVE,4928,"{'A': 1200, 'T': 120, 'x': 0.2, 'mode': 1, 'tf': 1, 'k': 0.2, 'stop': 0, 'R': 2.0, 'hold': 240}",198,41.4,1.002,18,116,44.0,0.743,-2050,96,36.5,0.579,-3106
NQ_DRIVE,4929,"{'A': 1200, 'T': 120, 'x': 0.2, 'mode': 1, 'tf': 1, 'k': 0.35, 'stop': 0, 'R': 0.5, 'hold': 240}",198,57.6,0.979,-196,116,56.9,0.942,-426,96,52.1,0.835,-1084
NQ_DRIVE,4930,"{'A': 1200, 'T': 120, 'x': 0.2, 'mode': 1, 'tf': 1, 'k': 0.35, 'stop': 0, 'R': 1.0, 'hold': 240}",198,47.5,1.02,225,116,52.6,0.911,-724,96,46.9,0.802,-1445
NQ_DRIVE,4931,"{'A': 1200, 'T': 120, 'x': 0.2, 'mode': 1, 'tf': 1, 'k': 0.35, 'stop': 0, 'R': 2.0, 'hold': 240}",198,46.0,0.979,-255,116,50.0,0.808,-1644,96,43.8,0.636,-2825
NQ_DRIVE,4908,"{'A': 1200, 'T': 120, 'x': 0.1, 'mode': -1, 'tf': 0, 'k': 0.2, 'stop': 0, 'R': 0.5, 'hold': 240}",622,60.0,0.804,-4420,430,60.2,0.899,-1898,408,60.0,0.863,-2587
NQ_DRIVE,4909,"{'A': 1200, 'T': 120, 'x': 0.1, 'mode': -1, 'tf': 0, 'k': 0.2, 'stop': 0, 'R': 1.0, 'hold': 240}",622,46.5,0.861,-3948,430,47.7,0.913,-2049,408,46.8,0.882,-2785
NQ_DRIVE,4910,"{'A': 1200, 'T': 120, 'x': 0.1, 'mode': -1, 'tf': 0, 'k': 0.2, 'stop': 0, 'R': 2.0, 'hold': 240}",622,41.0,0.912,-2714,430,42.1,0.89,-2879,408,41.9,0.869,-3423
NQ_DRIVE,4911,"{'A': 1200, 'T': 120, 'x': 0.1, 'mode': -1, 'tf': 0, 'k': 0.35, 'stop': 0, 'R': 0.5, 'hold': 240}",622,54.3,0.852,-4521,430,54.0,0.881,-2984,408,53.4,0.859,-3537
NQ_DRIVE,4932,"{'A': 1200, 'T': 120, 'x': 0.2, 'mode': -1, 'tf': 0, 'k': 0.2, 'stop': 0, 'R': 0.5, 'hold': 240}",367,59.9,0.804,-2678,246,60.6,0.883,-1312,232,62.1,0.882,-1284
NQ_DRIVE,4933,"{'A': 1200, 'T': 120, 'x': 0.2, 'mode': -1, 'tf': 0, 'k': 0.2, 'stop': 0, 'R': 1.0, 'hold': 240}",367,48.5,0.941,-974,246,50.0,0.995,-72,232,50.4,0.989,-152
NQ_DRIVE,4934,"{'A': 1200, 'T': 120, 'x': 0.2, 'mode': -1, 'tf': 0, 'k': 0.2, 'stop': 0, 'R': 2.0, 'hold': 240}",367,42.0,0.99,-178,246,42.3,0.922,-1257,232,43.5,0.925,-1186
NQ_DRIVE,4935,"{'A': 1200, 'T': 120, 'x': 0.2, 'mode': -1, 'tf': 0, 'k': 0.35, 'stop': 0, 'R': 0.5, 'hold': 240}",367,56.1,0.864,-2534,246,57.7,1.0,1,232,58.6,1.017,234
NQ_DRIVE,4936,"{'A': 1200, 'T': 120, 'x': 0.2, 'mode': -1, 'tf': 0, 'k': 0.35, 'stop': 0, 'R': 1.0, 'hold': 240}",367,48.5,0.941,-1287,246,48.4,0.894,-1856,232,48.7,0.89,-1854
NQ_DRIVE,4937,"{'A': 1200, 'T': 120, 'x': 0.2, 'mode': -1, 'tf': 0, 'k': 0.35, 'stop': 0, 'R': 2.0, 'hold': 240}",367,46.3,0.919,-1831,246,47.6,0.961,-697,232,48.3,0.964,-612
NQ_DRIVE,4938,"{'A': 1200, 'T': 120, 'x': 0.2, 'mode': -1, 'tf': 1, 'k': 0.2, 'stop': 0, 'R': 0.5, 'hold': 240}",151,62.9,0.906,-516,121,60.3,0.828,-975,109,60.6,0.783,-1173
NQ_DRIVE,4939,"{'A': 1200, 'T': 120, 'x': 0.2, 'mode': -1, 'tf': 1, 'k': 0.2, 'stop': 0, 'R': 1.0, 'hold': 240}",151,51.7,1.097,638,121,49.6,0.944,-385,109,49.5,0.892,-698
NQ_DRIVE,4940,"{'A': 1200, 'T': 120, 'x': 0.2, 'mode': -1, 'tf': 1, 'k': 0.2, 'stop': 0, 'R': 2.0, 'hold': 240}",151,44.4,1.108,813,121,43.0,0.78,-1812,109,43.1,0.783,-1670
NQ_DRIVE,4941,"{'A': 1200, 'T': 120, 'x': 0.2, 'mode': -1, 'tf': 1, 'k': 0.35, 'stop': 0, 'R': 0.5, 'hold': 240}",151,58.3,0.973,-203,121,59.5,0.885,-893,109,57.8,0.803,-1483
NQ_DRIVE,4942,"{'A': 1200, 'T': 120, 'x': 0.2, 'mode': -1, 'tf': 1, 'k': 0.35, 'stop': 0, 'R': 1.0, 'hold': 240}",151,49.0,1.03,266,121,51.2,0.756,-2268,109,49.5,0.713,-2547
NQ_DRIVE,4943,"{'A': 1200, 'T': 120, 'x': 0.2, 'mode': -1, 'tf': 1, 'k': 0.35, 'stop': 0, 'R': 2.0, 'hold': 240}",151,47.0,0.946,-516,121,50.4,0.83,-1593,109,48.6,0.748,-2261
NQ_DRIVE,4944,"{'A': 1200, 'T': 120, 'x': 0.35, 'mode': 1, 'tf': 0, 'k': 0.2, 'stop': 0, 'R': 0.5, 'hold': 240}",137,60.6,0.785,-1058,108,70.4,1.032,146,99,70.7,1.121,509
NQ_DRIVE,4945,"{'A': 1200, 'T': 120, 'x': 0.35, 'mode': 1, 'tf': 0, 'k': 0.2, 'stop': 0, 'R': 1.0, 'hold': 240}",137,46.7,0.897,-643,108,50.9,0.966,-225,99,52.5,1.056,339
NQ_DRIVE,4946,"{'A': 1200, 'T': 120, 'x': 0.35, 'mode': 1, 'tf': 0, 'k': 0.2, 'stop': 0, 'R': 2.0, 'hold': 240}",137,38.7,0.835,-1227,108,45.4,1.103,736,99,46.5,1.182,1197
NQ_DRIVE,4947,"{'A': 1200, 'T': 120, 'x': 0.35, 'mode': 1, 'tf': 0, 'k': 0.35, 'stop': 0, 'R': 0.5, 'hold': 240}",137,56.9,0.866,-943,108,60.2,1.095,618,99,63.6,1.266,1512
NQ_DRIVE,4948,"{'A': 1200, 'T': 120, 'x': 0.35, 'mode': 1, 'tf': 0, 'k': 0.35, 'stop': 0, 'R': 1.0, 'hold': 240}",137,46.0,0.882,-1046,108,51.9,1.238,1765,99,53.5,1.352,2391
NQ_DRIVE,4949,"{'A': 1200, 'T': 120, 'x': 0.35, 'mode': 1, 'tf': 0, 'k': 0.35, 'stop': 0, 'R': 2.0, 'hold': 240}",137,43.8,0.763,-2245,108,49.1,1.27,2122,99,50.5,1.268,2039
NQ_DRIVE,4950,"{'A': 1200, 'T': 120, 'x': 0.35, 'mode': 1, 'tf': 1, 'k': 0.2, 'stop': 0, 'R': 0.5, 'hold': 240}",69,58.0,0.712,-756,46,76.1,1.372,613,38,73.7,1.238,367
NQ_DRIVE,4951,"{'A': 1200, 'T': 120, 'x': 0.35, 'mode': 1, 'tf': 1, 'k': 0.2, 'stop': 0, 'R': 1.0, 'hold': 240}",69,43.5,0.779,-721,46,56.5,1.187,490,38,50.0,1.006,15
NQ_DRIVE,4952,"{'A': 1200, 'T': 120, 'x': 0.35, 'mode': 1, 'tf': 1, 'k': 0.2, 'stop': 0, 'R': 2.0, 'hold': 240}",69,36.2,0.71,-1093,46,54.3,1.183,512,38,47.4,0.908,-245
NQ_DRIVE,4953,"{'A': 1200, 'T': 120, 'x': 0.35, 'mode': 1, 'tf': 1, 'k': 0.35, 'stop': 0, 'R': 0.5, 'hold': 240}",69,50.7,0.71,-1124,46,63.0,1.312,793,38,60.5,1.134,330
NQ_DRIVE,4954,"{'A': 1200, 'T': 120, 'x': 0.35, 'mode': 1, 'tf': 1, 'k': 0.35, 'stop': 0, 'R': 1.0, 'hold': 240}",69,43.5,0.82,-823,46,58.7,1.284,825,38,55.3,1.119,334
NQ_DRIVE,4955,"{'A': 1200, 'T': 120, 'x': 0.35, 'mode': 1, 'tf': 1, 'k': 0.35, 'stop': 0, 'R': 2.0, 'hold': 240}",69,40.6,0.769,-1140,46,58.7,1.315,915,38,55.3,1.109,308
NQ_DRIVE,4972,"{'A': 1200, 'T': 240, 'x': 0.1, 'mode': 1, 'tf': 0, 'k': 0.35, 'stop': 0, 'R': 1.0, 'hold': 240}",0,,,0,0,,,0,0,,,0
NQ_DRIVE,4973,"{'A': 1200, 'T': 240, 'x': 0.1, 'mode': 1, 'tf': 0, 'k': 0.35, 'stop': 0, 'R': 2.0, 'hold': 240}",0,,,0,0,,,0,0,,,0
NQ_DRIVE,4974,"{'A': 1200, 'T': 240, 'x': 0.1, 'mode': 1, 'tf': 1, 'k': 0.2, 'stop': 0, 'R': 0.5, 'hold': 240}",0,,,0,0,,,0,0,,,0
NQ_DRIVE,4975,"{'A': 1200, 'T': 240, 'x': 0.1, 'mode': 1, 'tf': 1, 'k': 0.2, 'stop': 0, 'R': 1.0, 'hold': 240}",0,,,0,0,,,0,0,,,0
NQ_DRIVE,4956,"{'A': 1200, 'T': 120, 'x': 0.35, 'mode': -1, 'tf': 0, 'k': 0.2, 'stop': 0, 'R': 0.5, 'hold': 240}",137,63.5,0.844,-751,108,59.3,0.809,-1006,99,60.6,0.77,-1203
NQ_DRIVE,4957,"{'A': 1200, 'T': 120, 'x': 0.35, 'mode': -1, 'tf': 0, 'k': 0.2, 'stop': 0, 'R': 1.0, 'hold': 240}",137,49.6,0.984,-95,108,47.2,0.919,-550,99,46.5,0.832,-1141
NQ_DRIVE,4958,"{'A': 1200, 'T': 120, 'x': 0.35, 'mode': -1, 'tf': 0, 'k': 0.2, 'stop': 0, 'R': 2.0, 'hold': 240}",137,43.1,1.093,628,108,39.8,0.914,-674,99,40.4,0.845,-1192
NQ_DRIVE,4959,"{'A': 1200, 'T': 120, 'x': 0.35, 'mode': -1, 'tf': 0, 'k': 0.35, 'stop': 0, 'R': 0.5, 'hold': 240}",137,57.7,0.853,-1057,108,55.6,0.858,-1064,99,55.6,0.777,-1699
NQ_DRIVE,4960,"{'A': 1200, 'T': 120, 'x': 0.35, 'mode': -1, 'tf': 0, 'k': 0.35, 'stop': 0, 'R': 1.0, 'hold': 240}",137,50.4,1.035,288,108,45.4,0.751,-2369,99,45.5,0.689,-2944
NQ_DRIVE,4961,"{'A': 1200, 'T': 120, 'x': 0.35, 'mode': -1, 'tf': 0, 'k': 0.35, 'stop': 0, 'R': 2.0, 'hold': 240}",137,46.7,0.848,-1391,108,45.4,0.888,-1066,99,45.5,0.806,-1840
NQ_DRIVE,4962,"{'A': 1200, 'T': 120, 'x': 0.35, 'mode': -1, 'tf': 1, 'k': 0.2, 'stop': 0, 'R': 0.5, 'hold': 240}",66,60.6,0.676,-879,58,62.1,0.891,-283,49,61.2,0.76,-608
NQ_DRIVE,4963,"{'A': 1200, 'T': 120, 'x': 0.35, 'mode': -1, 'tf': 1, 'k': 0.2, 'stop': 0, 'R': 1.0, 'hold': 240}",66,47.0,0.832,-546,58,50.0,1.056,183,49,49.0,0.908,-282
NQ_DRIVE,4968,"{'A': 1200, 'T': 240, 'x': 0.1, 'mode': 1, 'tf': 0, 'k': 0.2, 'stop': 0, 'R': 0.5, 'hold': 240}",0,,,0,0,,,0,0,,,0
NQ_DRIVE,4969,"{'A': 1200, 'T': 240, 'x': 0.1, 'mode': 1, 'tf': 0, 'k': 0.2, 'stop': 0, 'R': 1.0, 'hold': 240}",0,,,0,0,,,0,0,,,0
NQ_DRIVE,4970,"{'A': 1200, 'T': 240, 'x': 0.1, 'mode': 1, 'tf': 0, 'k': 0.2, 'stop': 0, 'R': 2.0, 'hold': 240}",0,,,0,0,,,0,0,,,0
NQ_DRIVE,4971,"{'A': 1200, 'T': 240, 'x': 0.1, 'mode': 1, 'tf': 0, 'k': 0.35, 'stop': 0, 'R': 0.5, 'hold': 240}",0,,,0,0,,,0,0,,,0
NQ_DRIVE,4964,"{'A': 1200, 'T': 120, 'x': 0.35, 'mode': -1, 'tf': 1, 'k': 0.2, 'stop': 0, 'R': 2.0, 'hold': 240}",66,40.9,1.003,9,58,41.4,0.927,-294,49,40.8,0.757,-918
NQ_DRIVE,4965,"{'A': 1200, 'T': 120, 'x': 0.35, 'mode': -1, 'tf': 1, 'k': 0.35, 'stop': 0, 'R': 0.5, 'hold': 240}",66,57.6,0.77,-876,58,60.3,0.877,-498,49,57.1,0.662,-1426
NQ_DRIVE,4966,"{'A': 1200, 'T': 120, 'x': 0.35, 'mode': -1, 'tf': 1, 'k': 0.35, 'stop': 0, 'R': 1.0, 'hold': 240}",66,48.5,0.959,-176,58,50.0,0.734,-1396,49,46.9,0.543,-2408
NQ_DRIVE,4967,"{'A': 1200, 'T': 120, 'x': 0.35, 'mode': -1, 'tf': 1, 'k': 0.35, 'stop': 0, 'R': 2.0, 'hold': 240}",66,43.9,0.746,-1270,58,50.0,0.9,-525,49,46.9,0.641,-1890
NQ_DRIVE,4976,"{'A': 1200, 'T': 240, 'x': 0.1, 'mode': 1, 'tf': 1, 'k': 0.2, 'stop': 0, 'R': 2.0, 'hold': 240}",0,,,0,0,,,0,0,,,0
NQ_DRIVE,4977,"{'A': 1200, 'T': 240, 'x': 0.1, 'mode': 1, 'tf': 1, 'k': 0.35, 'stop': 0, 'R': 0.5, 'hold': 240}",0,,,0,0,,,0,0,,,0
NQ_DRIVE,4978,"{'A': 1200, 'T': 240, 'x': 0.1, 'mode': 1, 'tf': 1, 'k': 0.35, 'stop': 0, 'R': 1.0, 'hold': 240}",0,,,0,0,,,0,0,,,0
NQ_DRIVE,4979,"{'A': 1200, 'T': 240, 'x': 0.1, 'mode': 1, 'tf': 1, 'k': 0.35, 'stop': 0, 'R': 2.0, 'hold': 240}",0,,,0,0,,,0,0,,,0
NQ_DRIVE,4980,"{'A': 1200, 'T': 240, 'x': 0.1, 'mode': -1, 'tf': 0, 'k': 0.2, 'stop': 0, 'R': 0.5, 'hold': 240}",0,,,0,0,,,0,0,,,0
NQ_DRIVE,4981,"{'A': 1200, 'T': 240, 'x': 0.1, 'mode': -1, 'tf': 0, 'k': 0.2, 'stop': 0, 'R': 1.0, 'hold': 240}",0,,,0,0,,,0,0,,,0
NQ_DRIVE,4982,"{'A': 1200, 'T': 240, 'x': 0.1, 'mode': -1, 'tf': 0, 'k': 0.2, 'stop': 0, 'R': 2.0, 'hold': 240}",0,,,0,0,,,0,0,,,0
NQ_DRIVE,4983,"{'A': 1200, 'T': 240, 'x': 0.1, 'mode': -1, 'tf': 0, 'k': 0.35, 'stop': 0, 'R': 0.5, 'hold': 240}",0,,,0,0,,,0,0,,,0
NQ_DRIVE,4996,"{'A': 1200, 'T': 240, 'x': 0.2, 'mode': 1, 'tf': 0, 'k': 0.35, 'stop': 0, 'R': 1.0, 'hold': 240}",0,,,0,0,,,0,0,,,0
NQ_DRIVE,4997,"{'A': 1200, 'T': 240, 'x': 0.2, 'mode': 1, 'tf': 0, 'k': 0.35, 'stop': 0, 'R': 2.0, 'hold': 240}",0,,,0,0,,,0,0,,,0
NQ_DRIVE,4998,"{'A': 1200, 'T': 240, 'x': 0.2, 'mode': 1, 'tf': 1, 'k': 0.2, 'stop': 0, 'R': 0.5, 'hold': 240}",0,,,0,0,,,0,0,,,0
NQ_DRIVE,4999,"{'A': 1200, 'T': 240, 'x': 0.2, 'mode': 1, 'tf': 1, 'k': 0.2, 'stop': 0, 'R': 1.0, 'hold': 240}",0,,,0,0,,,0,0,,,0
NQ_DRIVE,4988,"{'A': 1200, 'T': 240, 'x': 0.1, 'mode': -1, 'tf': 1, 'k': 0.2, 'stop': 0, 'R': 2.0, 'hold': 240}",0,,,0,0,,,0,0,,,0
NQ_DRIVE,4989,"{'A': 1200, 'T': 240, 'x': 0.1, 'mode': -1, 'tf': 1, 'k': 0.35, 'stop': 0, 'R': 0.5, 'hold': 240}",0,,,0,0,,,0,0,,,0
NQ_DRIVE,4990,"{'A': 1200, 'T': 240, 'x': 0.1, 'mode': -1, 'tf': 1, 'k': 0.35, 'stop': 0, 'R': 1.0, 'hold': 240}",0,,,0,0,,,0,0,,,0
NQ_DRIVE,4991,"{'A': 1200, 'T': 240, 'x': 0.1, 'mode': -1, 'tf': 1, 'k': 0.35, 'stop': 0, 'R': 2.0, 'hold': 240}",0,,,0,0,,,0,0,,,0
NQ_DRIVE,4984,"{'A': 1200, 'T': 240, 'x': 0.1, 'mode': -1, 'tf': 0, 'k': 0.35, 'stop': 0, 'R': 1.0, 'hold': 240}",0,,,0,0,,,0,0,,,0
NQ_DRIVE,4985,"{'A': 1200, 'T': 240, 'x': 0.1, 'mode': -1, 'tf': 0, 'k': 0.35, 'stop': 0, 'R': 2.0, 'hold': 240}",0,,,0,0,,,0,0,,,0
NQ_DRIVE,4986,"{'A': 1200, 'T': 240, 'x': 0.1, 'mode': -1, 'tf': 1, 'k': 0.2, 'stop': 0, 'R': 0.5, 'hold': 240}",0,,,0,0,,,0,0,,,0
NQ_DRIVE,4987,"{'A': 1200, 'T': 240, 'x': 0.1, 'mode': -1, 'tf': 1, 'k': 0.2, 'stop': 0, 'R': 1.0, 'hold': 240}",0,,,0,0,,,0,0,,,0
NQ_DRIVE,5000,"{'A': 1200, 'T': 240, 'x': 0.2, 'mode': 1, 'tf': 1, 'k': 0.2, 'stop': 0, 'R': 2.0, 'hold': 240}",0,,,0,0,,,0,0,,,0
NQ_DRIVE,5001,"{'A': 1200, 'T': 240, 'x': 0.2, 'mode': 1, 'tf': 1, 'k': 0.35, 'stop': 0, 'R': 0.5, 'hold': 240}",0,,,0,0,,,0,0,,,0
NQ_DRIVE,5002,"{'A': 1200, 'T': 240, 'x': 0.2, 'mode': 1, 'tf': 1, 'k': 0.35, 'stop': 0, 'R': 1.0, 'hold': 240}",0,,,0,0,,,0,0,,,0
NQ_DRIVE,5003,"{'A': 1200, 'T': 240, 'x': 0.2, 'mode': 1, 'tf': 1, 'k': 0.35, 'stop': 0, 'R': 2.0, 'hold': 240}",0,,,0,0,,,0,0,,,0
NQ_DRIVE,5012,"{'A': 1200, 'T': 240, 'x': 0.2, 'mode': -1, 'tf': 1, 'k': 0.2, 'stop': 0, 'R': 2.0, 'hold': 240}",0,,,0,0,,,0,0,,,0
NQ_DRIVE,5013,"{'A': 1200, 'T': 240, 'x': 0.2, 'mode': -1, 'tf': 1, 'k': 0.35, 'stop': 0, 'R': 0.5, 'hold': 240}",0,,,0,0,,,0,0,,,0
NQ_DRIVE,5014,"{'A': 1200, 'T': 240, 'x': 0.2, 'mode': -1, 'tf': 1, 'k': 0.35, 'stop': 0, 'R': 1.0, 'hold': 240}",0,,,0,0,,,0,0,,,0
NQ_DRIVE,5015,"{'A': 1200, 'T': 240, 'x': 0.2, 'mode': -1, 'tf': 1, 'k': 0.35, 'stop': 0, 'R': 2.0, 'hold': 240}",0,,,0,0,,,0,0,,,0
NQ_DRIVE,5004,"{'A': 1200, 'T': 240, 'x': 0.2, 'mode': -1, 'tf': 0, 'k': 0.2, 'stop': 0, 'R': 0.5, 'hold': 240}",0,,,0,0,,,0,0,,,0
NQ_DRIVE,5005,"{'A': 1200, 'T': 240, 'x': 0.2, 'mode': -1, 'tf': 0, 'k': 0.2, 'stop': 0, 'R': 1.0, 'hold': 240}",0,,,0,0,,,0,0,,,0
NQ_DRIVE,5006,"{'A': 1200, 'T': 240, 'x': 0.2, 'mode': -1, 'tf': 0, 'k': 0.2, 'stop': 0, 'R': 2.0, 'hold': 240}",0,,,0,0,,,0,0,,,0
NQ_DRIVE,5007,"{'A': 1200, 'T': 240, 'x': 0.2, 'mode': -1, 'tf': 0, 'k': 0.35, 'stop': 0, 'R': 0.5, 'hold': 240}",0,,,0,0,,,0,0,,,0
NQ_DRIVE,4992,"{'A': 1200, 'T': 240, 'x': 0.2, 'mode': 1, 'tf': 0, 'k': 0.2, 'stop': 0, 'R': 0.5, 'hold': 240}",0,,,0,0,,,0,0,,,0
NQ_DRIVE,4993,"{'A': 1200, 'T': 240, 'x': 0.2, 'mode': 1, 'tf': 0, 'k': 0.2, 'stop': 0, 'R': 1.0, 'hold': 240}",0,,,0,0,,,0,0,,,0
NQ_DRIVE,4994,"{'A': 1200, 'T': 240, 'x': 0.2, 'mode': 1, 'tf': 0, 'k': 0.2, 'stop': 0, 'R': 2.0, 'hold': 240}",0,,,0,0,,,0,0,,,0
NQ_DRIVE,4995,"{'A': 1200, 'T': 240, 'x': 0.2, 'mode': 1, 'tf': 0, 'k': 0.35, 'stop': 0, 'R': 0.5, 'hold': 240}",0,,,0,0,,,0,0,,,0
NQ_DRIVE,5016,"{'A': 1200, 'T': 240, 'x': 0.35, 'mode': 1, 'tf': 0, 'k': 0.2, 'stop': 0, 'R': 0.5, 'hold': 240}",0,,,0,0,,,0,0,,,0
NQ_DRIVE,5017,"{'A': 1200, 'T': 240, 'x': 0.35, 'mode': 1, 'tf': 0, 'k': 0.2, 'stop': 0, 'R': 1.0, 'hold': 240}",0,,,0,0,,,0,0,,,0
NQ_DRIVE,5018,"{'A': 1200, 'T': 240, 'x': 0.35, 'mode': 1, 'tf': 0, 'k': 0.2, 'stop': 0, 'R': 2.0, 'hold': 240}",0,,,0,0,,,0,0,,,0
NQ_DRIVE,5019,"{'A': 1200, 'T': 240, 'x': 0.35, 'mode': 1, 'tf': 0, 'k': 0.35, 'stop': 0, 'R': 0.5, 'hold': 240}",0,,,0,0,,,0,0,,,0
NQ_DRIVE,5008,"{'A': 1200, 'T': 240, 'x': 0.2, 'mode': -1, 'tf': 0, 'k': 0.35, 'stop': 0, 'R': 1.0, 'hold': 240}",0,,,0,0,,,0,0,,,0
NQ_DRIVE,5009,"{'A': 1200, 'T': 240, 'x': 0.2, 'mode': -1, 'tf': 0, 'k': 0.35, 'stop': 0, 'R': 2.0, 'hold': 240}",0,,,0,0,,,0,0,,,0
NQ_DRIVE,5010,"{'A': 1200, 'T': 240, 'x': 0.2, 'mode': -1, 'tf': 1, 'k': 0.2, 'stop': 0, 'R': 0.5, 'hold': 240}",0,,,0,0,,,0,0,,,0
NQ_DRIVE,5011,"{'A': 1200, 'T': 240, 'x': 0.2, 'mode': -1, 'tf': 1, 'k': 0.2, 'stop': 0, 'R': 1.0, 'hold': 240}",0,,,0,0,,,0,0,,,0
NQ_DRIVE,5020,"{'A': 1200, 'T': 240, 'x': 0.35, 'mode': 1, 'tf': 0, 'k': 0.35, 'stop': 0, 'R': 1.0, 'hold': 240}",0,,,0,0,,,0,0,,,0
NQ_DRIVE,5021,"{'A': 1200, 'T': 240, 'x': 0.35, 'mode': 1, 'tf': 0, 'k': 0.35, 'stop': 0, 'R': 2.0, 'hold': 240}",0,,,0,0,,,0,0,,,0
NQ_DRIVE,5022,"{'A': 1200, 'T': 240, 'x': 0.35, 'mode': 1, 'tf': 1, 'k': 0.2, 'stop': 0, 'R': 0.5, 'hold': 240}",0,,,0,0,,,0,0,,,0
NQ_DRIVE,5023,"{'A': 1200, 'T': 240, 'x': 0.35, 'mode': 1, 'tf': 1, 'k': 0.2, 'stop': 0, 'R': 1.0, 'hold': 240}",0,,,0,0,,,0,0,,,0
NQ_DRIVE,5024,"{'A': 1200, 'T': 240, 'x': 0.35, 'mode': 1, 'tf': 1, 'k': 0.2, 'stop': 0, 'R': 2.0, 'hold': 240}",0,,,0,0,,,0,0,,,0
NQ_DRIVE,5025,"{'A': 1200, 'T': 240, 'x': 0.35, 'mode': 1, 'tf': 1, 'k': 0.35, 'stop': 0, 'R': 0.5, 'hold': 240}",0,,,0,0,,,0,0,,,0
NQ_DRIVE,5026,"{'A': 1200, 'T': 240, 'x': 0.35, 'mode': 1, 'tf': 1, 'k': 0.35, 'stop': 0, 'R': 1.0, 'hold': 240}",0,,,0,0,,,0,0,,,0
NQ_DRIVE,5027,"{'A': 1200, 'T': 240, 'x': 0.35, 'mode': 1, 'tf': 1, 'k': 0.35, 'stop': 0, 'R': 2.0, 'hold': 240}",0,,,0,0,,,0,0,,,0
NQ_DRIVE,5028,"{'A': 1200, 'T': 240, 'x': 0.35, 'mode': -1, 'tf': 0, 'k': 0.2, 'stop': 0, 'R': 0.5, 'hold': 240}",0,,,0,0,,,0,0,,,0
NQ_DRIVE,5029,"{'A': 1200, 'T': 240, 'x': 0.35, 'mode': -1, 'tf': 0, 'k': 0.2, 'stop': 0, 'R': 1.0, 'hold': 240}",0,,,0,0,,,0,0,,,0
NQ_DRIVE,5030,"{'A': 1200, 'T': 240, 'x': 0.35, 'mode': -1, 'tf': 0, 'k': 0.2, 'stop': 0, 'R': 2.0, 'hold': 240}",0,,,0,0,,,0,0,,,0
NQ_DRIVE,5031,"{'A': 1200, 'T': 240, 'x': 0.35, 'mode': -1, 'tf': 0, 'k': 0.35, 'stop': 0, 'R': 0.5, 'hold': 240}",0,,,0,0,,,0,0,,,0
NQ_DRIVE,5036,"{'A': 1200, 'T': 240, 'x': 0.35, 'mode': -1, 'tf': 1, 'k': 0.2, 'stop': 0, 'R': 2.0, 'hold': 240}",0,,,0,0,,,0,0,,,0
NQ_DRIVE,5037,"{'A': 1200, 'T': 240, 'x': 0.35, 'mode': -1, 'tf': 1, 'k': 0.35, 'stop': 0, 'R': 0.5, 'hold': 240}",0,,,0,0,,,0,0,,,0
NQ_DRIVE,5038,"{'A': 1200, 'T': 240, 'x': 0.35, 'mode': -1, 'tf': 1, 'k': 0.35, 'stop': 0, 'R': 1.0, 'hold': 240}",0,,,0,0,,,0,0,,,0
NQ_DRIVE,5039,"{'A': 1200, 'T': 240, 'x': 0.35, 'mode': -1, 'tf': 1, 'k': 0.35, 'stop': 0, 'R': 2.0, 'hold': 240}",0,,,0,0,,,0,0,,,0
NQ_DRIVE,5032,"{'A': 1200, 'T': 240, 'x': 0.35, 'mode': -1, 'tf': 0, 'k': 0.35, 'stop': 0, 'R': 1.0, 'hold': 240}",0,,,0,0,,,0,0,,,0
NQ_DRIVE,5033,"{'A': 1200, 'T': 240, 'x': 0.35, 'mode': -1, 'tf': 0, 'k': 0.35, 'stop': 0, 'R': 2.0, 'hold': 240}",0,,,0,0,,,0,0,,,0
NQ_DRIVE,5034,"{'A': 1200, 'T': 240, 'x': 0.35, 'mode': -1, 'tf': 1, 'k': 0.2, 'stop': 0, 'R': 0.5, 'hold': 240}",0,,,0,0,,,0,0,,,0
NQ_DRIVE,5035,"{'A': 1200, 'T': 240, 'x': 0.35, 'mode': -1, 'tf': 1, 'k': 0.2, 'stop': 0, 'R': 1.0, 'hold': 240}",0,,,0,0,,,0,0,,,0
NQ_DRIVE,5048,"{'A': 1300, 'T': 15, 'x': 0.1, 'mode': 1, 'tf': 1, 'k': 0.2, 'stop': 0, 'R': 2.0, 'hold': 240}",108,39.8,1.091,540,75,42.7,0.901,-576,60,36.7,0.663,-1740
NQ_DRIVE,5049,"{'A': 1300, 'T': 15, 'x': 0.1, 'mode': 1, 'tf': 1, 'k': 0.35, 'stop': 0, 'R': 0.5, 'hold': 240}",108,59.3,0.929,-405,75,56.0,0.644,-2276,60,50.0,0.568,-2421
NQ_DRIVE,5050,"{'A': 1300, 'T': 15, 'x': 0.1, 'mode': 1, 'tf': 1, 'k': 0.35, 'stop': 0, 'R': 1.0, 'hold': 240}",108,51.9,1.131,832,75,54.7,0.928,-480,60,48.3,0.783,-1281
NQ_DRIVE,5051,"{'A': 1300, 'T': 15, 'x': 0.1, 'mode': 1, 'tf': 1, 'k': 0.35, 'stop': 0, 'R': 2.0, 'hold': 240}",108,47.2,0.978,-156,75,54.7,1.156,1045,60,48.3,0.989,-62
NQ_DRIVE,5040,"{'A': 1300, 'T': 15, 'x': 0.1, 'mode': 1, 'tf': 0, 'k': 0.2, 'stop': 0, 'R': 0.5, 'hold': 240}",217,63.1,0.9,-741,146,61.6,0.807,-1466,134,61.9,0.841,-1103
NQ_DRIVE,5041,"{'A': 1300, 'T': 15, 'x': 0.1, 'mode': 1, 'tf': 0, 'k': 0.2, 'stop': 0, 'R': 1.0, 'hold': 240}",217,50.2,1.04,400,146,46.6,0.771,-2417,134,46.3,0.76,-2390
NQ_DRIVE,5042,"{'A': 1300, 'T': 15, 'x': 0.1, 'mode': 1, 'tf': 0, 'k': 0.2, 'stop': 0, 'R': 2.0, 'hold': 240}",217,40.6,1.139,1623,146,40.4,0.958,-489,134,41.0,0.941,-652
NQ_DRIVE,5043,"{'A': 1300, 'T': 15, 'x': 0.1, 'mode': 1, 'tf': 0, 'k': 0.35, 'stop': 0, 'R': 0.5, 'hold': 240}",217,61.8,1.034,360,146,58.2,0.814,-2053,134,56.0,0.764,-2542
NQ_DRIVE,5044,"{'A': 1300, 'T': 15, 'x': 0.1, 'mode': 1, 'tf': 0, 'k': 0.35, 'stop': 0, 'R': 1.0, 'hold': 240}",217,50.7,1.127,1650,146,53.4,1.122,1487,134,52.2,1.051,601
NQ_DRIVE,5045,"{'A': 1300, 'T': 15, 'x': 0.1, 'mode': 1, 'tf': 0, 'k': 0.35, 'stop': 0, 'R': 2.0, 'hold': 240}",217,46.5,1.107,1517,146,49.3,1.161,2146,134,47.8,1.034,434
NQ_DRIVE,5046,"{'A': 1300, 'T': 15, 'x': 0.1, 'mode': 1, 'tf': 1, 'k': 0.2, 'stop': 0, 'R': 0.5, 'hold': 240}",108,62.0,0.847,-602,75,65.3,0.941,-203,60,65.0,1.02,54
NQ_DRIVE,5047,"{'A': 1300, 'T': 15, 'x': 0.1, 'mode': 1, 'tf': 1, 'k': 0.2, 'stop': 0, 'R': 1.0, 'hold': 240}",108,47.2,0.908,-488,75,42.7,0.598,-2340,60,36.7,0.488,-2648
NQ_DRIVE,5056,"{'A': 1300, 'T': 15, 'x': 0.1, 'mode': -1, 'tf': 0, 'k': 0.35, 'stop': 0, 'R': 1.0, 'hold': 240}",217,47.0,0.804,-2993,146,43.8,0.837,-2291,134,46.3,0.89,-1397
NQ_DRIVE,5057,"{'A': 1300, 'T': 15, 'x': 0.1, 'mode': -1, 'tf': 0, 'k': 0.35, 'stop': 0, 'R': 2.0, 'hold': 240}",217,43.8,0.734,-4249,146,41.1,0.928,-1056,134,43.3,0.973,-363
NQ_DRIVE,5058,"{'A': 1300, 'T': 15, 'x': 0.1, 'mode': -1, 'tf': 1, 'k': 0.2, 'stop': 0, 'R': 0.5, 'hold': 240}",104,60.6,0.676,-1410,71,67.6,1.18,491,64,67.2,1.154,394
NQ_DRIVE,5059,"{'A': 1300, 'T': 15, 'x': 0.1, 'mode': -1, 'tf': 1, 'k': 0.2, 'stop': 0, 'R': 1.0, 'hold': 240}",104,46.2,0.767,-1300,71,46.5,0.837,-833,64,46.9,0.886,-512
NQ_DRIVE,5052,"{'A': 1300, 'T': 15, 'x': 0.1, 'mode': -1, 'tf': 0, 'k': 0.2, 'stop': 0, 'R': 0.5, 'hold': 240}",217,65.0,0.821,-1405,146,67.1,1.181,1024,134,67.9,1.213,1120
NQ_DRIVE,5053,"{'A': 1300, 'T': 15, 'x': 0.1, 'mode': -1, 'tf': 0, 'k': 0.2, 'stop': 0, 'R': 1.0, 'hold': 240}",217,49.3,0.857,-1562,146,50.7,1.126,1102,134,52.2,1.211,1671
NQ_DRIVE,5054,"{'A': 1300, 'T': 15, 'x': 0.1, 'mode': -1, 'tf': 0, 'k': 0.2, 'stop': 0, 'R': 2.0, 'hold': 240}",217,36.4,0.768,-3053,146,39.7,1.075,787,134,42.5,1.157,1497
NQ_DRIVE,5055,"{'A': 1300, 'T': 15, 'x': 0.1, 'mode': -1, 'tf': 0, 'k': 0.35, 'stop': 0, 'R': 0.5, 'hold': 240}",217,60.4,0.843,-1917,146,58.9,0.987,-134,134,60.4,1.093,855
NQ_DRIVE,5060,"{'A': 1300, 'T': 15, 'x': 0.1, 'mode': -1, 'tf': 1, 'k': 0.2, 'stop': 0, 'R': 2.0, 'hold': 240}",104,32.7,0.626,-2524,71,38.0,0.793,-1188,64,39.1,0.846,-790
NQ_DRIVE,5061,"{'A': 1300, 'T': 15, 'x': 0.1, 'mode': -1, 'tf': 1, 'k': 0.35, 'stop': 0, 'R': 0.5, 'hold': 240}",104,59.6,0.798,-1244,71,60.6,0.898,-574,64,59.4,0.934,-328
NQ_DRIVE,5062,"{'A': 1300, 'T': 15, 'x': 0.1, 'mode': -1, 'tf': 1, 'k': 0.35, 'stop': 0, 'R': 1.0, 'hold': 240}",104,48.1,0.833,-1227,71,46.5,0.692,-2357,64,45.3,0.674,-2269
NQ_DRIVE,5063,"{'A': 1300, 'T': 15, 'x': 0.1, 'mode': -1, 'tf': 1, 'k': 0.35, 'stop': 0, 'R': 2.0, 'hold': 240}",104,43.3,0.77,-1845,71,42.3,0.673,-2635,64,40.6,0.638,-2669
NQ_DRIVE,5068,"{'A': 1300, 'T': 15, 'x': 0.2, 'mode': 1, 'tf': 0, 'k': 0.35, 'stop': 0, 'R': 1.0, 'hold': 240}",45,55.6,1.383,880,32,56.2,1.35,1106,26,61.5,1.509,1354
NQ_DRIVE,5069,"{'A': 1300, 'T': 15, 'x': 0.2, 'mode': 1, 'tf': 0, 'k': 0.35, 'stop': 0, 'R': 2.0, 'hold': 240}",45,51.1,1.558,1438,32,46.9,1.135,523,26,50.0,1.192,648
NQ_DRIVE,5070,"{'A': 1300, 'T': 15, 'x': 0.2, 'mode': 1, 'tf': 1, 'k': 0.2, 'stop': 0, 'R': 0.5, 'hold': 240}",23,56.5,0.648,-342,13,69.2,,-78,10,60.0,,-190
NQ_DRIVE,5071,"{'A': 1300, 'T': 15, 'x': 0.2, 'mode': 1, 'tf': 1, 'k': 0.2, 'stop': 0, 'R': 1.0, 'hold': 240}",23,39.1,0.771,-279,13,46.2,,-626,10,30.0,,-907
NQ_DRIVE,5064,"{'A': 1300, 'T': 15, 'x': 0.2, 'mode': 1, 'tf': 0, 'k': 0.2, 'stop': 0, 'R': 0.5, 'hold': 240}",45,62.2,0.783,-344,32,62.5,0.891,-183,26,69.2,1.101,124
NQ_DRIVE,5065,"{'A': 1300, 'T': 15, 'x': 0.2, 'mode': 1, 'tf': 0, 'k': 0.2, 'stop': 0, 'R': 1.0, 'hold': 240}",45,46.7,0.893,-225,32,50.0,0.884,-283,26,53.8,1.001,2
NQ_DRIVE,5066,"{'A': 1300, 'T': 15, 'x': 0.2, 'mode': 1, 'tf': 0, 'k': 0.2, 'stop': 0, 'R': 2.0, 'hold': 240}",45,37.8,0.986,-35,32,43.8,1.432,1136,26,46.2,1.53,1155
NQ_DRIVE,5067,"{'A': 1300, 'T': 15, 'x': 0.2, 'mode': 1, 'tf': 0, 'k': 0.35, 'stop': 0, 'R': 0.5, 'hold': 240}",45,64.4,1.186,344,32,59.4,0.741,-796,26,65.4,0.828,-444
NQ_DRIVE,5076,"{'A': 1300, 'T': 15, 'x': 0.2, 'mode': -1, 'tf': 0, 'k': 0.2, 'stop': 0, 'R': 0.5, 'hold': 240}",45,66.7,0.813,-291,32,68.8,1.213,275,26,61.5,0.882,-168
NQ_DRIVE,5077,"{'A': 1300, 'T': 15, 'x': 0.2, 'mode': -1, 'tf': 0, 'k': 0.2, 'stop': 0, 'R': 1.0, 'hold': 240}",45,53.3,0.993,-15,32,50.0,1.051,113,26,46.2,0.932,-140
NQ_DRIVE,5078,"{'A': 1300, 'T': 15, 'x': 0.2, 'mode': -1, 'tf': 0, 'k': 0.2, 'stop': 0, 'R': 2.0, 'hold': 240}",45,35.6,0.719,-748,32,40.6,1.143,388,26,34.6,1.008,21
NQ_DRIVE,5079,"{'A': 1300, 'T': 15, 'x': 0.2, 'mode': -1, 'tf': 0, 'k': 0.35, 'stop': 0, 'R': 0.5, 'hold': 240}",45,66.7,1.047,103,32,56.2,0.743,-810,26,53.8,0.683,-913
NQ_DRIVE,5072,"{'A': 1300, 'T': 15, 'x': 0.2, 'mode': 1, 'tf': 1, 'k': 0.2, 'stop': 0, 'R': 2.0, 'hold': 240}",23,34.8,0.849,-207,13,46.2,,-9,10,30.0,,-749
NQ_DRIVE,5073,"{'A': 1300, 'T': 15, 'x': 0.2, 'mode': 1, 'tf': 1, 'k': 0.35, 'stop': 0, 'R': 0.5, 'hold': 240}",23,60.9,1.063,66,13,53.8,,-1279,10,40.0,,-1437
NQ_DRIVE,5074,"{'A': 1300, 'T': 15, 'x': 0.2, 'mode': 1, 'tf': 1, 'k': 0.35, 'stop': 0, 'R': 1.0, 'hold': 240}",23,60.9,1.555,580,13,53.8,,-599,10,40.0,,-1036
NQ_DRIVE,5075,"{'A': 1300, 'T': 15, 'x': 0.2, 'mode': 1, 'tf': 1, 'k': 0.35, 'stop': 0, 'R': 2.0, 'hold': 240}",23,60.9,1.863,902,13,53.8,,-8,10,40.0,,-609
NQ_DRIVE,5080,"{'A': 1300, 'T': 15, 'x': 0.2, 'mode': -1, 'tf': 0, 'k': 0.35, 'stop': 0, 'R': 1.0, 'hold': 240}",45,44.4,0.66,-1128,32,43.8,0.707,-1279,26,38.5,0.636,-1494
NQ_DRIVE,5081,"{'A': 1300, 'T': 15, 'x': 0.2, 'mode': -1, 'tf': 0, 'k': 0.35, 'stop': 0, 'R': 2.0, 'hold': 240}",45,44.4,0.872,-424,32,40.6,0.939,-276,26,34.6,0.83,-725
NQ_DRIVE,5082,"{'A': 1300, 'T': 15, 'x': 0.2, 'mode': -1, 'tf': 1, 'k': 0.2, 'stop': 0, 'R': 0.5, 'hold': 240}",21,61.9,0.787,-149,19,68.4,,18,14,50.0,,-443
NQ_DRIVE,5083,"{'A': 1300, 'T': 15, 'x': 0.2, 'mode': -1, 'tf': 1, 'k': 0.2, 'stop': 0, 'R': 1.0, 'hold': 240}",21,47.6,0.912,-81,19,47.4,,-444,14,35.7,,-689
NQ_DRIVE,5084,"{'A': 1300, 'T': 15, 'x': 0.2, 'mode': -1, 'tf': 1, 'k': 0.2, 'stop': 0, 'R': 2.0, 'hold': 240}",21,33.3,0.646,-437,19,36.8,,-679,14,21.4,,-920
NQ_DRIVE,5085,"{'A': 1300, 'T': 15, 'x': 0.2, 'mode': -1, 'tf': 1, 'k': 0.35, 'stop': 0, 'R': 0.5, 'hold': 240}",21,61.9,0.881,-127,19,57.9,,-739,14,50.0,,-853
NQ_DRIVE,5086,"{'A': 1300, 'T': 15, 'x': 0.2, 'mode': -1, 'tf': 1, 'k': 0.35, 'stop': 0, 'R': 1.0, 'hold': 240}",21,52.4,0.818,-266,19,42.1,,-1809,14,28.6,,-1947
NQ_DRIVE,5087,"{'A': 1300, 'T': 15, 'x': 0.2, 'mode': -1, 'tf': 1, 'k': 0.35, 'stop': 0, 'R': 2.0, 'hold': 240}",21,52.4,1.027,40,19,36.8,,-2038,14,21.4,,-2173
NQ_DRIVE,5092,"{'A': 1300, 'T': 15, 'x': 0.35, 'mode': 1, 'tf': 0, 'k': 0.35, 'stop': 0, 'R': 1.0, 'hold': 240}",6,83.3,,784,6,66.7,,739,6,66.7,,509
NQ_DRIVE,5093,"{'A': 1300, 'T': 15, 'x': 0.35, 'mode': 1, 'tf': 0, 'k': 0.35, 'stop': 0, 'R': 2.0, 'hold': 240}",6,83.3,,1309,6,50.0,,559,6,50.0,,21
NQ_DRIVE,5094,"{'A': 1300, 'T': 15, 'x': 0.35, 'mode': 1, 'tf': 1, 'k': 0.2, 'stop': 0, 'R': 0.5, 'hold': 240}",0,,,0,2,100.0,,143,2,100.0,,140
NQ_DRIVE,5095,"{'A': 1300, 'T': 15, 'x': 0.35, 'mode': 1, 'tf': 1, 'k': 0.2, 'stop': 0, 'R': 1.0, 'hold': 240}",0,,,0,2,0.0,,-278,2,0.0,,-284
NQ_DRIVE,5088,"{'A': 1300, 'T': 15, 'x': 0.35, 'mode': 1, 'tf': 0, 'k': 0.2, 'stop': 0, 'R': 0.5, 'hold': 240}",6,83.3,,204,6,66.7,,54,6,66.7,,-50
NQ_DRIVE,5089,"{'A': 1300, 'T': 15, 'x': 0.35, 'mode': 1, 'tf': 0, 'k': 0.2, 'stop': 0, 'R': 1.0, 'hold': 240}",6,66.7,,174,6,33.3,,-163,6,33.3,,-320
NQ_DRIVE,5090,"{'A': 1300, 'T': 15, 'x': 0.35, 'mode': 1, 'tf': 0, 'k': 0.2, 'stop': 0, 'R': 2.0, 'hold': 240}",6,66.7,,507,6,33.3,,246,6,33.3,,-11
NQ_DRIVE,5091,"{'A': 1300, 'T': 15, 'x': 0.35, 'mode': 1, 'tf': 0, 'k': 0.35, 'stop': 0, 'R': 0.5, 'hold': 240}",6,83.3,,378,6,66.7,,120,6,66.7,,-24
NQ_DRIVE,5096,"{'A': 1300, 'T': 15, 'x': 0.35, 'mode': 1, 'tf': 1, 'k': 0.2, 'stop': 0, 'R': 2.0, 'hold': 240}",0,,,0,2,0.0,,-278,2,0.0,,-284
NQ_DRIVE,5097,"{'A': 1300, 'T': 15, 'x': 0.35, 'mode': 1, 'tf': 1, 'k': 0.35, 'stop': 0, 'R': 0.5, 'hold': 240}",0,,,0,2,50.0,,-108,2,50.0,,-113
NQ_DRIVE,5098,"{'A': 1300, 'T': 15, 'x': 0.35, 'mode': 1, 'tf': 1, 'k': 0.35, 'stop': 0, 'R': 1.0, 'hold': 240}",0,,,0,2,50.0,,18,2,50.0,,13
NQ_DRIVE,5099,"{'A': 1300, 'T': 15, 'x': 0.35, 'mode': 1, 'tf': 1, 'k': 0.35, 'stop': 0, 'R': 2.0, 'hold': 240}",0,,,0,2,50.0,,268,2,50.0,,265
NQ_DRIVE,5100,"{'A': 1300, 'T': 15, 'x': 0.35, 'mode': -1, 'tf': 0, 'k': 0.2, 'stop': 0, 'R': 0.5, 'hold': 240}",6,50.0,,-121,6,83.3,,132,6,66.7,,-16
NQ_DRIVE,5101,"{'A': 1300, 'T': 15, 'x': 0.35, 'mode': -1, 'tf': 0, 'k': 0.2, 'stop': 0, 'R': 1.0, 'hold': 240}",6,33.3,,-206,6,66.7,,131,6,66.7,,288
NQ_DRIVE,5102,"{'A': 1300, 'T': 15, 'x': 0.35, 'mode': -1, 'tf': 0, 'k': 0.2, 'stop': 0, 'R': 2.0, 'hold': 240}",6,16.7,,-468,6,33.3,,-164,6,33.3,,-7
NQ_DRIVE,5103,"{'A': 1300, 'T': 15, 'x': 0.35, 'mode': -1, 'tf': 0, 'k': 0.35, 'stop': 0, 'R': 0.5, 'hold': 240}",6,33.3,,-473,6,66.7,,-251,6,66.7,,-20
NQ_DRIVE,5108,"{'A': 1300, 'T': 15, 'x': 0.35, 'mode': -1, 'tf': 1, 'k': 0.2, 'stop': 0, 'R': 2.0, 'hold': 240}",5,20.0,,-379,4,25.0,,-276,4,25.0,,-125
NQ_DRIVE,5109,"{'A': 1300, 'T': 15, 'x': 0.35, 'mode': -1, 'tf': 1, 'k': 0.35, 'stop': 0, 'R': 0.5, 'hold': 240}",5,40.0,,-318,4,50.0,,-484,4,50.0,,-258
NQ_DRIVE,5110,"{'A': 1300, 'T': 15, 'x': 0.35, 'mode': -1, 'tf': 1, 'k': 0.35, 'stop': 0, 'R': 1.0, 'hold': 240}",5,20.0,,-662,4,25.0,,-743,4,25.0,,-518
NQ_DRIVE,5111,"{'A': 1300, 'T': 15, 'x': 0.35, 'mode': -1, 'tf': 1, 'k': 0.35, 'stop': 0, 'R': 2.0, 'hold': 240}",5,20.0,,-662,4,25.0,,-440,4,25.0,,-213
NQ_DRIVE,5104,"{'A': 1300, 'T': 15, 'x': 0.35, 'mode': -1, 'tf': 0, 'k': 0.35, 'stop': 0, 'R': 1.0, 'hold': 240}",6,16.7,,-816,6,33.3,,-771,6,33.3,,-541
NQ_DRIVE,5105,"{'A': 1300, 'T': 15, 'x': 0.35, 'mode': -1, 'tf': 0, 'k': 0.35, 'stop': 0, 'R': 2.0, 'hold': 240}",6,16.7,,-816,6,33.3,,-239,6,33.3,,-3
NQ_DRIVE,5106,"{'A': 1300, 'T': 15, 'x': 0.35, 'mode': -1, 'tf': 1, 'k': 0.2, 'stop': 0, 'R': 0.5, 'hold': 240}",5,60.0,,-32,4,75.0,,2,4,50.0,,-151
NQ_DRIVE,5107,"{'A': 1300, 'T': 15, 'x': 0.35, 'mode': -1, 'tf': 1, 'k': 0.2, 'stop': 0, 'R': 1.0, 'hold': 240}",5,40.0,,-117,4,50.0,,-137,4,50.0,,15
NQ_DRIVE,5120,"{'A': 1300, 'T': 30, 'x': 0.1, 'mode': 1, 'tf': 1, 'k': 0.2, 'stop': 0, 'R': 2.0, 'hold': 240}",187,45.5,1.159,1474,122,37.7,0.636,-3620,104,34.6,0.54,-4196
NQ_DRIVE,5121,"{'A': 1300, 'T': 30, 'x': 0.1, 'mode': 1, 'tf': 1, 'k': 0.35, 'stop': 0, 'R': 0.5, 'hold': 240}",187,61.5,1.012,106,122,49.2,0.569,-4397,104,47.1,0.485,-4875
NQ_DRIVE,5122,"{'A': 1300, 'T': 30, 'x': 0.1, 'mode': 1, 'tf': 1, 'k': 0.35, 'stop': 0, 'R': 1.0, 'hold': 240}",187,55.6,1.226,2297,122,46.7,0.684,-3340,104,44.2,0.574,-4183
NQ_DRIVE,5123,"{'A': 1300, 'T': 30, 'x': 0.1, 'mode': 1, 'tf': 1, 'k': 0.35, 'stop': 0, 'R': 2.0, 'hold': 240}",187,52.9,1.191,1998,122,45.9,0.709,-3119,104,43.3,0.601,-3983
NQ_DRIVE,5112,"{'A': 1300, 'T': 30, 'x': 0.1, 'mode': 1, 'tf': 0, 'k': 0.2, 'stop': 0, 'R': 0.5, 'hold': 240}",357,70.3,1.18,1876,234,60.3,0.709,-3647,223,61.0,0.743,-3099
NQ_DRIVE,5113,"{'A': 1300, 'T': 30, 'x': 0.1, 'mode': 1, 'tf': 0, 'k': 0.2, 'stop': 0, 'R': 1.0, 'hold': 240}",357,52.7,1.101,1584,234,50.0,0.877,-1835,223,50.2,0.921,-1136
NQ_DRIVE,5114,"{'A': 1300, 'T': 30, 'x': 0.1, 'mode': 1, 'tf': 0, 'k': 0.2, 'stop': 0, 'R': 2.0, 'hold': 240}",357,42.6,1.086,1583,234,43.2,0.928,-1198,223,42.6,0.924,-1230
NQ_DRIVE,5115,"{'A': 1300, 'T': 30, 'x': 0.1, 'mode': 1, 'tf': 0, 'k': 0.35, 'stop': 0, 'R': 0.5, 'hold': 240}",357,61.9,1.063,1062,234,59.4,0.931,-1058,223,58.7,0.917,-1253
NQ_DRIVE,5116,"{'A': 1300, 'T': 30, 'x': 0.1, 'mode': 1, 'tf': 0, 'k': 0.35, 'stop': 0, 'R': 1.0, 'hold': 240}",357,52.9,1.181,3597,234,50.9,0.927,-1327,223,50.2,0.917,-1483
NQ_DRIVE,5117,"{'A': 1300, 'T': 30, 'x': 0.1, 'mode': 1, 'tf': 0, 'k': 0.35, 'stop': 0, 'R': 2.0, 'hold': 240}",357,49.6,1.107,2215,234,47.9,0.981,-349,223,47.5,0.964,-666
NQ_DRIVE,5118,"{'A': 1300, 'T': 30, 'x': 0.1, 'mode': 1, 'tf': 1, 'k': 0.2, 'stop': 0, 'R': 0.5, 'hold': 240}",187,68.4,1.061,356,122,49.2,0.435,-4741,104,49.0,0.422,-4280
NQ_DRIVE,5119,"{'A': 1300, 'T': 30, 'x': 0.1, 'mode': 1, 'tf': 1, 'k': 0.2, 'stop': 0, 'R': 1.0, 'hold': 240}",187,52.4,1.084,688,122,41.0,0.586,-3947,104,38.5,0.507,-4285
NQ_DRIVE,5124,"{'A': 1300, 'T': 30, 'x': 0.1, 'mode': -1, 'tf': 0, 'k': 0.2, 'stop': 0, 'R': 0.5, 'hold': 240}",357,59.7,0.722,-3904,234,62.0,0.887,-1244,223,63.7,0.925,-789
NQ_DRIVE,5125,"{'A': 1300, 'T': 30, 'x': 0.1, 'mode': -1, 'tf': 0, 'k': 0.2, 'stop': 0, 'R': 1.0, 'hold': 240}",357,46.2,0.799,-3711,234,49.1,1.042,574,223,48.4,0.995,-67
NQ_DRIVE,5126,"{'A': 1300, 'T': 30, 'x': 0.1, 'mode': -1, 'tf': 0, 'k': 0.2, 'stop': 0, 'R': 2.0, 'hold': 240}",357,37.5,0.799,-4161,234,40.6,1.029,448,223,40.8,0.985,-234
NQ_DRIVE,5127,"{'A': 1300, 'T': 30, 'x': 0.1, 'mode': -1, 'tf': 0, 'k': 0.35, 'stop': 0, 'R': 0.5, 'hold': 240}",357,56.3,0.731,-5775,234,57.3,1.016,243,223,58.7,1.042,607
NQ_DRIVE,5132,"{'A': 1300, 'T': 30, 'x': 0.1, 'mode': -1, 'tf': 1, 'k': 0.2, 'stop': 0, 'R': 2.0, 'hold': 240}",163,39.9,0.795,-1942,106,35.8,0.685,-2610,93,37.6,0.744,-1925
NQ_DRIVE,5133,"{'A': 1300, 'T': 30, 'x': 0.1, 'mode': -1, 'tf': 1, 'k': 0.35, 'stop': 0, 'R': 0.5, 'hold': 240}",163,59.5,0.758,-2406,106,53.8,0.756,-1984,93,57.0,0.81,-1361
NQ_DRIVE,5134,"{'A': 1300, 'T': 30, 'x': 0.1, 'mode': -1, 'tf': 1, 'k': 0.35, 'stop': 0, 'R': 1.0, 'hold': 240}",163,50.9,0.803,-2200,106,45.3,0.718,-2686,93,47.3,0.827,-1383
NQ_DRIVE,5135,"{'A': 1300, 'T': 30, 'x': 0.1, 'mode': -1, 'tf': 1, 'k': 0.35, 'stop': 0, 'R': 2.0, 'hold': 240}",163,47.9,0.738,-3201,106,45.3,0.849,-1433,93,47.3,0.957,-345
NQ_DRIVE,5128,"{'A': 1300, 'T': 30, 'x': 0.1, 'mode': -1, 'tf': 0, 'k': 0.35, 'stop': 0, 'R': 1.0, 'hold': 240}",357,45.9,0.754,-6119,234,47.0,1.001,25,223,48.0,1.014,241
NQ_DRIVE,5129,"{'A': 1300, 'T': 30, 'x': 0.1, 'mode': -1, 'tf': 0, 'k': 0.35, 'stop': 0, 'R': 2.0, 'hold': 240}",357,43.1,0.727,-7206,234,45.7,1.057,1037,223,47.1,1.055,971
NQ_DRIVE,5130,"{'A': 1300, 'T': 30, 'x': 0.1, 'mode': -1, 'tf': 1, 'k': 0.2, 'stop': 0, 'R': 0.5, 'hold': 240}",163,59.5,0.705,-1964,106,56.6,0.674,-1892,93,61.3,0.729,-1380
NQ_DRIVE,5131,"{'A': 1300, 'T': 30, 'x': 0.1, 'mode': -1, 'tf': 1, 'k': 0.2, 'stop': 0, 'R': 1.0, 'hold': 240}",163,47.2,0.791,-1797,106,41.5,0.68,-2380,93,41.9,0.651,-2406
NQ_DRIVE,5136,"{'A': 1300, 'T': 30, 'x': 0.2, 'mode': 1, 'tf': 0, 'k': 0.2, 'stop': 0, 'R': 0.5, 'hold': 240}",110,70.0,1.157,488,75,64.0,0.777,-874,68,67.6,0.898,-344
NQ_DRIVE,5137,"{'A': 1300, 'T': 30, 'x': 0.2, 'mode': 1, 'tf': 0, 'k': 0.2, 'stop': 0, 'R': 1.0, 'hold': 240}",110,52.7,1.084,403,75,56.0,1.123,569,68,58.8,1.281,1142
NQ_DRIVE,5138,"{'A': 1300, 'T': 30, 'x': 0.2, 'mode': 1, 'tf': 0, 'k': 0.2, 'stop': 0, 'R': 2.0, 'hold': 240}",110,40.9,1.087,502,75,46.7,1.312,1677,68,48.5,1.455,2184
NQ_DRIVE,5139,"{'A': 1300, 'T': 30, 'x': 0.2, 'mode': 1, 'tf': 0, 'k': 0.35, 'stop': 0, 'R': 0.5, 'hold': 240}",110,69.1,1.268,1219,75,68.0,1.318,1351,68,69.1,1.392,1540
NQ_DRIVE,5140,"{'A': 1300, 'T': 30, 'x': 0.2, 'mode': 1, 'tf': 0, 'k': 0.35, 'stop': 0, 'R': 1.0, 'hold': 240}",110,60.0,1.494,2707,75,56.0,1.265,1566,68,57.4,1.335,1829
NQ_DRIVE,5141,"{'A': 1300, 'T': 30, 'x': 0.2, 'mode': 1, 'tf': 0, 'k': 0.35, 'stop': 0, 'R': 2.0, 'hold': 240}",110,52.7,1.28,1694,75,52.0,1.457,2756,68,52.9,1.56,3125
NQ_DRIVE,5142,"{'A': 1300, 'T': 30, 'x': 0.2, 'mode': 1, 'tf': 1, 'k': 0.2, 'stop': 0, 'R': 0.5, 'hold': 240}",52,65.4,0.862,-248,36,58.3,0.569,-1009,30,56.7,0.532,-959
NQ_DRIVE,5143,"{'A': 1300, 'T': 30, 'x': 0.2, 'mode': 1, 'tf': 1, 'k': 0.2, 'stop': 0, 'R': 1.0, 'hold': 240}",52,50.0,0.902,-249,36,50.0,0.826,-477,30,43.3,0.646,-916
NQ_DRIVE,5144,"{'A': 1300, 'T': 30, 'x': 0.2, 'mode': 1, 'tf': 1, 'k': 0.2, 'stop': 0, 'R': 2.0, 'hold': 240}",52,46.2,1.218,578,36,44.4,0.918,-245,30,36.7,0.638,-1026
NQ_DRIVE,5145,"{'A': 1300, 'T': 30, 'x': 0.2, 'mode': 1, 'tf': 1, 'k': 0.35, 'stop': 0, 'R': 0.5, 'hold': 240}",52,69.2,1.165,388,36,61.1,0.802,-601,30,56.7,0.648,-1028
NQ_DRIVE,5146,"{'A': 1300, 'T': 30, 'x': 0.2, 'mode': 1, 'tf': 1, 'k': 0.35, 'stop': 0, 'R': 1.0, 'hold': 240}",52,63.5,1.597,1498,36,55.6,0.96,-130,30,50.0,0.721,-870
NQ_DRIVE,5147,"{'A': 1300, 'T': 30, 'x': 0.2, 'mode': 1, 'tf': 1, 'k': 0.35, 'stop': 0, 'R': 2.0, 'hold': 240}",52,59.6,1.488,1294,36,55.6,1.022,70,30,50.0,0.772,-711
NQ_DRIVE,5148,"{'A': 1300, 'T': 30, 'x': 0.2, 'mode': -1, 'tf': 0, 'k': 0.2, 'stop': 0, 'R': 0.5, 'hold': 240}",110,65.5,0.913,-317,75,54.7,0.624,-1679,68,52.9,0.593,-1775
NQ_DRIVE,5149,"{'A': 1300, 'T': 30, 'x': 0.2, 'mode': -1, 'tf': 0, 'k': 0.2, 'stop': 0, 'R': 1.0, 'hold': 240}",110,46.4,0.781,-1228,75,44.0,0.822,-968,68,39.7,0.723,-1506
NQ_DRIVE,5150,"{'A': 1300, 'T': 30, 'x': 0.2, 'mode': -1, 'tf': 0, 'k': 0.2, 'stop': 0, 'R': 2.0, 'hold': 240}",110,32.7,0.691,-2068,75,33.3,0.718,-1849,68,29.4,0.631,-2390
NQ_DRIVE,5151,"{'A': 1300, 'T': 30, 'x': 0.2, 'mode': -1, 'tf': 0, 'k': 0.35, 'stop': 0, 'R': 0.5, 'hold': 240}",110,60.0,0.797,-1320,75,53.3,0.706,-1986,68,52.9,0.693,-2015
NQ_DRIVE,5160,"{'A': 1300, 'T': 30, 'x': 0.35, 'mode': 1, 'tf': 0, 'k': 0.2, 'stop': 0, 'R': 0.5, 'hold': 240}",20,55.0,0.554,-378,14,71.4,,139,14,71.4,,127
NQ_DRIVE,5161,"{'A': 1300, 'T': 30, 'x': 0.35, 'mode': 1, 'tf': 0, 'k': 0.2, 'stop': 0, 'R': 1.0, 'hold': 240}",20,40.0,0.686,-320,14,64.3,,575,14,71.4,,766
NQ_DRIVE,5162,"{'A': 1300, 'T': 30, 'x': 0.35, 'mode': 1, 'tf': 0, 'k': 0.2, 'stop': 0, 'R': 2.0, 'hold': 240}",20,25.0,0.597,-517,14,57.1,,1546,14,64.3,,1836
NQ_DRIVE,5163,"{'A': 1300, 'T': 30, 'x': 0.35, 'mode': 1, 'tf': 0, 'k': 0.35, 'stop': 0, 'R': 0.5, 'hold': 240}",20,65.0,1.018,16,14,85.7,,1089,14,85.7,,1100
NQ_DRIVE,5156,"{'A': 1300, 'T': 30, 'x': 0.2, 'mode': -1, 'tf': 1, 'k': 0.2, 'stop': 0, 'R': 2.0, 'hold': 240}",56,32.1,0.555,-1578,36,30.6,0.428,-1861,30,23.3,0.339,-2036
NQ_DRIVE,5157,"{'A': 1300, 'T': 30, 'x': 0.2, 'mode': -1, 'tf': 1, 'k': 0.35, 'stop': 0, 'R': 0.5, 'hold': 240}",56,58.9,0.711,-1019,36,50.0,0.521,-1787,30,46.7,0.452,-1950
NQ_DRIVE,5158,"{'A': 1300, 'T': 30, 'x': 0.2, 'mode': -1, 'tf': 1, 'k': 0.35, 'stop': 0, 'R': 1.0, 'hold': 240}",56,44.6,0.676,-1361,36,41.7,0.493,-2152,30,36.7,0.469,-2011
NQ_DRIVE,5159,"{'A': 1300, 'T': 30, 'x': 0.2, 'mode': -1, 'tf': 1, 'k': 0.35, 'stop': 0, 'R': 2.0, 'hold': 240}",56,42.9,0.662,-1503,36,41.7,0.607,-1667,30,36.7,0.533,-1771
NQ_DRIVE,5152,"{'A': 1300, 'T': 30, 'x': 0.2, 'mode': -1, 'tf': 0, 'k': 0.35, 'stop': 0, 'R': 1.0, 'hold': 240}",110,40.0,0.613,-3312,75,44.0,0.743,-1978,68,41.2,0.707,-2202
NQ_DRIVE,5153,"{'A': 1300, 'T': 30, 'x': 0.2, 'mode': -1, 'tf': 0, 'k': 0.35, 'stop': 0, 'R': 2.0, 'hold': 240}",110,39.1,0.658,-3006,75,40.0,0.747,-2130,68,38.2,0.701,-2451
NQ_DRIVE,5154,"{'A': 1300, 'T': 30, 'x': 0.2, 'mode': -1, 'tf': 1, 'k': 0.2, 'stop': 0, 'R': 0.5, 'hold': 240}",56,57.1,0.628,-867,36,52.8,0.523,-1070,30,46.7,0.414,-1299
NQ_DRIVE,5155,"{'A': 1300, 'T': 30, 'x': 0.2, 'mode': -1, 'tf': 1, 'k': 0.2, 'stop': 0, 'R': 1.0, 'hold': 240}",56,42.9,0.608,-1220,36,38.9,0.6,-1110,30,30.0,0.48,-1396
NQ_DRIVE,5164,"{'A': 1300, 'T': 30, 'x': 0.35, 'mode': 1, 'tf': 0, 'k': 0.35, 'stop': 0, 'R': 1.0, 'hold': 240}",20,55.0,1.261,311,14,71.4,,1306,14,71.4,,1338
NQ_DRIVE,5165,"{'A': 1300, 'T': 30, 'x': 0.35, 'mode': 1, 'tf': 0, 'k': 0.35, 'stop': 0, 'R': 2.0, 'hold': 240}",20,40.0,1.033,51,14,64.3,,2076,14,64.3,,2106
NQ_DRIVE,5166,"{'A': 1300, 'T': 30, 'x': 0.35, 'mode': 1, 'tf': 1, 'k': 0.2, 'stop': 0, 'R': 0.5, 'hold': 240}",6,33.3,,-336,4,50.0,,-157,3,33.3,,-217
NQ_DRIVE,5167,"{'A': 1300, 'T': 30, 'x': 0.35, 'mode': 1, 'tf': 1, 'k': 0.2, 'stop': 0, 'R': 1.0, 'hold': 240}",6,16.7,,-384,4,50.0,,-61,3,33.3,,-182
NQ_DRIVE,5168,"{'A': 1300, 'T': 30, 'x': 0.35, 'mode': 1, 'tf': 1, 'k': 0.2, 'stop': 0, 'R': 2.0, 'hold': 240}",6,16.7,,-298,4,50.0,,24,3,33.3,,-79
NQ_DRIVE,5169,"{'A': 1300, 'T': 30, 'x': 0.35, 'mode': 1, 'tf': 1, 'k': 0.35, 'stop': 0, 'R': 0.5, 'hold': 240}",6,66.7,,-151,4,50.0,,-295,3,33.3,,-403
NQ_DRIVE,5170,"{'A': 1300, 'T': 30, 'x': 0.35, 'mode': 1, 'tf': 1, 'k': 0.35, 'stop': 0, 'R': 1.0, 'hold': 240}",6,66.7,,120,4,50.0,,-208,3,33.3,,-313
NQ_DRIVE,5171,"{'A': 1300, 'T': 30, 'x': 0.35, 'mode': 1, 'tf': 1, 'k': 0.35, 'stop': 0, 'R': 2.0, 'hold': 240}",6,50.0,,-133,4,50.0,,-271,3,33.3,,-382
NQ_DRIVE,5172,"{'A': 1300, 'T': 30, 'x': 0.35, 'mode': -1, 'tf': 0, 'k': 0.2, 'stop': 0, 'R': 0.5, 'hold': 240}",20,70.0,1.072,42,14,50.0,,-629,14,50.0,,-642
NQ_DRIVE,5173,"{'A': 1300, 'T': 30, 'x': 0.35, 'mode': -1, 'tf': 0, 'k': 0.2, 'stop': 0, 'R': 1.0, 'hold': 240}",20,60.0,1.288,214,14,35.7,,-649,14,28.6,,-840
NQ_DRIVE,5174,"{'A': 1300, 'T': 30, 'x': 0.35, 'mode': -1, 'tf': 0, 'k': 0.2, 'stop': 0, 'R': 2.0, 'hold': 240}",20,35.0,0.788,-244,14,7.1,,-1739,14,7.1,,-1769
NQ_DRIVE,5175,"{'A': 1300, 'T': 30, 'x': 0.35, 'mode': -1, 'tf': 0, 'k': 0.35, 'stop': 0, 'R': 0.5, 'hold': 240}",20,70.0,1.219,188,14,50.0,,-1003,14,50.0,,-1020
NQ_DRIVE,5176,"{'A': 1300, 'T': 30, 'x': 0.35, 'mode': -1, 'tf': 0, 'k': 0.35, 'stop': 0, 'R': 1.0, 'hold': 240}",20,45.0,0.732,-419,14,28.6,,-1381,14,28.6,,-1413
NQ_DRIVE,5177,"{'A': 1300, 'T': 30, 'x': 0.35, 'mode': -1, 'tf': 0, 'k': 0.35, 'stop': 0, 'R': 2.0, 'hold': 240}",20,45.0,0.827,-270,14,21.4,,-2163,14,21.4,,-2211
NQ_DRIVE,5178,"{'A': 1300, 'T': 30, 'x': 0.35, 'mode': -1, 'tf': 1, 'k': 0.2, 'stop': 0, 'R': 0.5, 'hold': 240}",13,61.5,,-162,10,50.0,,-531,10,40.0,,-751
NQ_DRIVE,5179,"{'A': 1300, 'T': 30, 'x': 0.35, 'mode': -1, 'tf': 1, 'k': 0.2, 'stop': 0, 'R': 1.0, 'hold': 240}",13,53.8,,-50,10,30.0,,-688,10,20.0,,-834
NQ_DRIVE,5180,"{'A': 1300, 'T': 30, 'x': 0.35, 'mode': -1, 'tf': 1, 'k': 0.2, 'stop': 0, 'R': 2.0, 'hold': 240}",13,38.5,,-294,10,0.0,,-1623,10,0.0,,-1608
NQ_DRIVE,5181,"{'A': 1300, 'T': 30, 'x': 0.35, 'mode': -1, 'tf': 1, 'k': 0.35, 'stop': 0, 'R': 0.5, 'hold': 240}",13,69.2,,101,10,50.0,,-948,10,40.0,,-1220
NQ_DRIVE,5182,"{'A': 1300, 'T': 30, 'x': 0.35, 'mode': -1, 'tf': 1, 'k': 0.35, 'stop': 0, 'R': 1.0, 'hold': 240}",13,53.8,,-114,10,20.0,,-1567,10,20.0,,-1411
NQ_DRIVE,5183,"{'A': 1300, 'T': 30, 'x': 0.35, 'mode': -1, 'tf': 1, 'k': 0.35, 'stop': 0, 'R': 2.0, 'hold': 240}",13,53.8,,118,10,20.0,,-1822,10,20.0,,-1678
NQ_DRIVE,5184,"{'A': 1300, 'T': 60, 'x': 0.1, 'mode': 1, 'tf': 0, 'k': 0.2, 'stop': 0, 'R': 0.5, 'hold': 240}",506,68.2,1.213,2997,316,63.9,0.914,-1202,306,63.4,0.904,-1372
NQ_DRIVE,5185,"{'A': 1300, 'T': 60, 'x': 0.1, 'mode': 1, 'tf': 0, 'k': 0.2, 'stop': 0, 'R': 1.0, 'hold': 240}",506,50.8,1.036,784,317,48.6,0.873,-2385,306,47.4,0.848,-2864
NQ_DRIVE,5186,"{'A': 1300, 'T': 60, 'x': 0.1, 'mode': 1, 'tf': 0, 'k': 0.2, 'stop': 0, 'R': 2.0, 'hold': 240}",506,45.1,1.043,1036,317,42.3,0.812,-3926,306,40.5,0.741,-5457
NQ_DRIVE,5187,"{'A': 1300, 'T': 60, 'x': 0.1, 'mode': 1, 'tf': 0, 'k': 0.35, 'stop': 0, 'R': 0.5, 'hold': 240}",506,57.5,0.963,-870,316,57.6,1.06,1054,306,57.5,1.067,1148
NQ_DRIVE,5188,"{'A': 1300, 'T': 60, 'x': 0.1, 'mode': 1, 'tf': 0, 'k': 0.35, 'stop': 0, 'R': 1.0, 'hold': 240}",506,50.0,1.02,557,317,49.2,0.943,-1167,306,48.4,0.915,-1738
NQ_DRIVE,5189,"{'A': 1300, 'T': 60, 'x': 0.1, 'mode': 1, 'tf': 0, 'k': 0.35, 'stop': 0, 'R': 2.0, 'hold': 240}",506,48.2,1.004,106,317,46.7,0.859,-3107,306,46.1,0.837,-3515
NQ_DRIVE,5190,"{'A': 1300, 'T': 60, 'x': 0.1, 'mode': 1, 'tf': 1, 'k': 0.2, 'stop': 0, 'R': 0.5, 'hold': 240}",269,68.4,1.22,1638,165,63.6,0.957,-298,147,62.6,0.854,-989
NQ_DRIVE,5191,"{'A': 1300, 'T': 60, 'x': 0.1, 'mode': 1, 'tf': 1, 'k': 0.2, 'stop': 0, 'R': 1.0, 'hold': 240}",269,50.2,0.977,-272,165,50.3,1.044,389,147,46.9,0.925,-641
NQ_DRIVE,5204,"{'A': 1300, 'T': 60, 'x': 0.1, 'mode': -1, 'tf': 1, 'k': 0.2, 'stop': 0, 'R': 2.0, 'hold': 240}",218,44.0,0.919,-934,144,42.4,0.89,-978,122,41.8,0.851,-1186
NQ_DRIVE,5205,"{'A': 1300, 'T': 60, 'x': 0.1, 'mode': -1, 'tf': 1, 'k': 0.35, 'stop': 0, 'R': 0.5, 'hold': 240}",218,55.5,0.762,-2998,144,59.7,1.157,1225,122,59.8,1.175,1154
NQ_DRIVE,5206,"{'A': 1300, 'T': 60, 'x': 0.1, 'mode': -1, 'tf': 1, 'k': 0.35, 'stop': 0, 'R': 1.0, 'hold': 240}",218,49.1,0.87,-1783,144,50.7,0.969,-294,122,50.0,0.937,-527
NQ_DRIVE,5207,"{'A': 1300, 'T': 60, 'x': 0.1, 'mode': -1, 'tf': 1, 'k': 0.35, 'stop': 0, 'R': 2.0, 'hold': 240}",218,47.2,0.784,-3184,144,50.7,1.049,468,122,50.0,1.036,301
NQ_DRIVE,5192,"{'A': 1300, 'T': 60, 'x': 0.1, 'mode': 1, 'tf': 1, 'k': 0.2, 'stop': 0, 'R': 2.0, 'hold': 240}",269,43.9,0.946,-700,165,45.5,0.889,-1095,147,41.5,0.725,-2606
NQ_DRIVE,5193,"{'A': 1300, 'T': 60, 'x': 0.1, 'mode': 1, 'tf': 1, 'k': 0.35, 'stop': 0, 'R': 0.5, 'hold': 240}",269,56.5,0.884,-1537,165,55.8,1.038,355,147,52.4,0.896,-923
NQ_DRIVE,5194,"{'A': 1300, 'T': 60, 'x': 0.1, 'mode': 1, 'tf': 1, 'k': 0.35, 'stop': 0, 'R': 1.0, 'hold': 240}",269,49.8,0.971,-421,165,50.9,0.966,-346,147,47.6,0.861,-1342
NQ_DRIVE,5195,"{'A': 1300, 'T': 60, 'x': 0.1, 'mode': 1, 'tf': 1, 'k': 0.35, 'stop': 0, 'R': 2.0, 'hold': 240}",269,48.0,0.957,-662,165,49.1,0.897,-1091,147,45.6,0.811,-1870
NQ_DRIVE,5196,"{'A': 1300, 'T': 60, 'x': 0.1, 'mode': -1, 'tf': 0, 'k': 0.2, 'stop': 0, 'R': 0.5, 'hold': 240}",506,58.9,0.776,-4293,317,62.8,0.972,-379,306,64.7,1.022,293
NQ_DRIVE,5197,"{'A': 1300, 'T': 60, 'x': 0.1, 'mode': -1, 'tf': 0, 'k': 0.2, 'stop': 0, 'R': 1.0, 'hold': 240}",506,46.8,0.853,-3486,317,50.2,1.033,571,306,51.0,1.061,1035
NQ_DRIVE,5198,"{'A': 1300, 'T': 60, 'x': 0.1, 'mode': -1, 'tf': 0, 'k': 0.2, 'stop': 0, 'R': 2.0, 'hold': 240}",506,42.5,0.924,-1965,317,43.2,0.93,-1389,306,44.1,0.929,-1391
NQ_DRIVE,5199,"{'A': 1300, 'T': 60, 'x': 0.1, 'mode': -1, 'tf': 0, 'k': 0.35, 'stop': 0, 'R': 0.5, 'hold': 240}",506,54.3,0.805,-5141,317,57.1,1.069,1196,306,58.5,1.147,2402
NQ_DRIVE,5200,"{'A': 1300, 'T': 60, 'x': 0.1, 'mode': -1, 'tf': 0, 'k': 0.35, 'stop': 0, 'R': 1.0, 'hold': 240}",506,47.8,0.889,-3270,317,48.6,0.969,-624,306,49.7,1.0,6
NQ_DRIVE,5201,"{'A': 1300, 'T': 60, 'x': 0.1, 'mode': -1, 'tf': 0, 'k': 0.35, 'stop': 0, 'R': 2.0, 'hold': 240}",506,45.7,0.796,-6389,317,48.6,1.053,1073,306,49.7,1.097,1889
NQ_DRIVE,5202,"{'A': 1300, 'T': 60, 'x': 0.1, 'mode': -1, 'tf': 1, 'k': 0.2, 'stop': 0, 'R': 0.5, 'hold': 240}",218,60.1,0.76,-2109,144,63.9,1.117,649,122,63.9,1.104,507
NQ_DRIVE,5203,"{'A': 1300, 'T': 60, 'x': 0.1, 'mode': -1, 'tf': 1, 'k': 0.2, 'stop': 0, 'R': 1.0, 'hold': 240}",218,46.8,0.811,-2078,144,51.4,1.212,1528,122,51.6,1.206,1272
NQ_DRIVE,5212,"{'A': 1300, 'T': 60, 'x': 0.2, 'mode': 1, 'tf': 0, 'k': 0.35, 'stop': 0, 'R': 1.0, 'hold': 240}",205,50.2,1.049,602,133,48.1,1.019,172,129,47.3,1.03,277
NQ_DRIVE,5213,"{'A': 1300, 'T': 60, 'x': 0.2, 'mode': 1, 'tf': 0, 'k': 0.35, 'stop': 0, 'R': 2.0, 'hold': 240}",205,47.3,0.927,-962,133,45.9,1.014,139,129,44.2,0.94,-610
NQ_DRIVE,5214,"{'A': 1300, 'T': 60, 'x': 0.2, 'mode': 1, 'tf': 1, 'k': 0.2, 'stop': 0, 'R': 0.5, 'hold': 240}",110,68.2,1.057,197,62,61.3,0.799,-583,54,63.0,0.82,-462
NQ_DRIVE,5215,"{'A': 1300, 'T': 60, 'x': 0.2, 'mode': 1, 'tf': 1, 'k': 0.2, 'stop': 0, 'R': 1.0, 'hold': 240}",110,54.5,1.155,713,62,45.2,0.783,-865,54,40.7,0.717,-1042
NQ_DRIVE,5208,"{'A': 1300, 'T': 60, 'x': 0.2, 'mode': 1, 'tf': 0, 'k': 0.2, 'stop': 0, 'R': 0.5, 'hold': 240}",205,69.3,1.069,438,133,62.4,0.781,-1420,129,62.0,0.789,-1392
NQ_DRIVE,5209,"{'A': 1300, 'T': 60, 'x': 0.2, 'mode': 1, 'tf': 0, 'k': 0.2, 'stop': 0, 'R': 1.0, 'hold': 240}",205,54.1,1.124,1080,133,46.6,0.765,-2079,129,45.0,0.762,-2119
NQ_DRIVE,5210,"{'A': 1300, 'T': 60, 'x': 0.2, 'mode': 1, 'tf': 0, 'k': 0.2, 'stop': 0, 'R': 2.0, 'hold': 240}",205,45.4,1.085,875,133,39.8,0.743,-2520,129,38.0,0.728,-2686
NQ_DRIVE,5211,"{'A': 1300, 'T': 60, 'x': 0.2, 'mode': 1, 'tf': 0, 'k': 0.35, 'stop': 0, 'R': 0.5, 'hold': 240}",205,61.5,1.012,123,133,58.6,1.082,617,129,58.9,1.113,833
NQ_DRIVE,5216,"{'A': 1300, 'T': 60, 'x': 0.2, 'mode': 1, 'tf': 1, 'k': 0.2, 'stop': 0, 'R': 2.0, 'hold': 240}",110,44.5,1.049,274,62,38.7,0.675,-1459,54,35.2,0.597,-1640
NQ_DRIVE,5217,"{'A': 1300, 'T': 60, 'x': 0.2, 'mode': 1, 'tf': 1, 'k': 0.35, 'stop': 0, 'R': 0.5, 'hold': 240}",110,59.1,0.912,-504,62,53.2,0.984,-58,54,50.0,0.839,-567
NQ_DRIVE,5218,"{'A': 1300, 'T': 60, 'x': 0.2, 'mode': 1, 'tf': 1, 'k': 0.35, 'stop': 0, 'R': 1.0, 'hold': 240}",110,50.0,1.054,361,62,46.8,0.988,-50,54,44.4,0.945,-216
NQ_DRIVE,5219,"{'A': 1300, 'T': 60, 'x': 0.2, 'mode': 1, 'tf': 1, 'k': 0.35, 'stop': 0, 'R': 2.0, 'hold': 240}",110,47.3,0.936,-461,62,45.2,0.947,-224,54,42.6,0.912,-349
NQ_DRIVE,5220,"{'A': 1300, 'T': 60, 'x': 0.2, 'mode': -1, 'tf': 0, 'k': 0.2, 'stop': 0, 'R': 0.5, 'hold': 240}",205,58.5,0.729,-2211,133,66.2,1.113,599,129,67.4,1.097,520
NQ_DRIVE,5221,"{'A': 1300, 'T': 60, 'x': 0.2, 'mode': -1, 'tf': 0, 'k': 0.2, 'stop': 0, 'R': 1.0, 'hold': 240}",205,43.9,0.779,-2319,133,51.1,1.162,1169,129,51.9,1.16,1155
NQ_DRIVE,5222,"{'A': 1300, 'T': 60, 'x': 0.2, 'mode': -1, 'tf': 0, 'k': 0.2, 'stop': 0, 'R': 2.0, 'hold': 240}",205,39.5,0.866,-1538,133,41.4,0.946,-480,129,42.6,0.931,-612
NQ_DRIVE,5223,"{'A': 1300, 'T': 60, 'x': 0.2, 'mode': -1, 'tf': 0, 'k': 0.35, 'stop': 0, 'R': 0.5, 'hold': 240}",205,54.1,0.738,-3105,133,57.9,1.126,953,129,58.9,1.115,881
NQ_DRIVE,5224,"{'A': 1300, 'T': 60, 'x': 0.2, 'mode': -1, 'tf': 0, 'k': 0.35, 'stop': 0, 'R': 1.0, 'hold': 240}",205,47.8,0.87,-1738,133,48.9,0.906,-918,129,49.6,0.899,-1001
NQ_DRIVE,5225,"{'A': 1300, 'T': 60, 'x': 0.2, 'mode': -1, 'tf': 0, 'k': 0.35, 'stop': 0, 'R': 2.0, 'hold': 240}",205,43.9,0.706,-4313,133,48.9,1.057,558,129,49.6,1.037,365
NQ_DRIVE,5226,"{'A': 1300, 'T': 60, 'x': 0.2, 'mode': -1, 'tf': 1, 'k': 0.2, 'stop': 0, 'R': 0.5, 'hold': 240}",90,57.8,0.691,-1116,66,66.7,1.028,78,59,67.8,0.998,-5
NQ_DRIVE,5227,"{'A': 1300, 'T': 60, 'x': 0.2, 'mode': -1, 'tf': 1, 'k': 0.2, 'stop': 0, 'R': 1.0, 'hold': 240}",90,44.4,0.8,-918,66,48.5,1.075,282,59,52.5,1.138,472
NQ_DRIVE,5228,"{'A': 1300, 'T': 60, 'x': 0.2, 'mode': -1, 'tf': 1, 'k': 0.2, 'stop': 0, 'R': 2.0, 'hold': 240}",90,41.1,0.907,-456,66,37.9,0.77,-1114,59,40.7,0.745,-1147
NQ_DRIVE,5229,"{'A': 1300, 'T': 60, 'x': 0.2, 'mode': -1, 'tf': 1, 'k': 0.35, 'stop': 0, 'R': 0.5, 'hold': 240}",90,55.6,0.756,-1274,66,56.1,1.044,173,59,57.6,0.991,-35
NQ_DRIVE,5230,"{'A': 1300, 'T': 60, 'x': 0.2, 'mode': -1, 'tf': 1, 'k': 0.35, 'stop': 0, 'R': 1.0, 'hold': 240}",90,48.9,0.904,-553,66,48.5,0.828,-900,59,49.2,0.743,-1307
NQ_DRIVE,5231,"{'A': 1300, 'T': 60, 'x': 0.2, 'mode': -1, 'tf': 1, 'k': 0.35, 'stop': 0, 'R': 2.0, 'hold': 240}",90,45.6,0.716,-1847,66,48.5,1.047,245,59,49.2,0.914,-440
NQ_DRIVE,5232,"{'A': 1300, 'T': 60, 'x': 0.35, 'mode': 1, 'tf': 0, 'k': 0.2, 'stop': 0, 'R': 0.5, 'hold': 240}",56,67.9,1.081,144,46,73.9,1.179,315,42,73.8,1.137,242
NQ_DRIVE,5233,"{'A': 1300, 'T': 60, 'x': 0.35, 'mode': 1, 'tf': 0, 'k': 0.2, 'stop': 0, 'R': 1.0, 'hold': 240}",56,55.4,1.089,236,46,54.3,0.982,-53,42,52.4,0.971,-81
NQ_DRIVE,5234,"{'A': 1300, 'T': 60, 'x': 0.35, 'mode': 1, 'tf': 0, 'k': 0.2, 'stop': 0, 'R': 2.0, 'hold': 240}",56,37.5,0.804,-685,46,45.7,1.08,264,42,42.9,1.027,85
NQ_DRIVE,5235,"{'A': 1300, 'T': 60, 'x': 0.35, 'mode': 1, 'tf': 0, 'k': 0.35, 'stop': 0, 'R': 0.5, 'hold': 240}",56,60.7,0.825,-591,46,67.4,1.272,730,42,69.0,1.395,951
NQ_DRIVE,5236,"{'A': 1300, 'T': 60, 'x': 0.35, 'mode': 1, 'tf': 0, 'k': 0.35, 'stop': 0, 'R': 1.0, 'hold': 240}",56,44.6,0.889,-460,46,52.2,1.248,846,42,50.0,1.215,710
NQ_DRIVE,5237,"{'A': 1300, 'T': 60, 'x': 0.35, 'mode': 1, 'tf': 0, 'k': 0.35, 'stop': 0, 'R': 2.0, 'hold': 240}",56,39.3,0.689,-1481,46,47.8,1.26,997,42,45.2,1.219,817
NQ_DRIVE,5238,"{'A': 1300, 'T': 60, 'x': 0.35, 'mode': 1, 'tf': 1, 'k': 0.2, 'stop': 0, 'R': 0.5, 'hold': 240}",29,65.5,1.077,72,16,81.2,,452,12,83.3,,302
NQ_DRIVE,5239,"{'A': 1300, 'T': 60, 'x': 0.35, 'mode': 1, 'tf': 1, 'k': 0.2, 'stop': 0, 'R': 1.0, 'hold': 240}",29,55.2,1.101,139,16,62.5,,480,12,50.0,,237
NQ_DRIVE,5240,"{'A': 1300, 'T': 60, 'x': 0.35, 'mode': 1, 'tf': 1, 'k': 0.2, 'stop': 0, 'R': 2.0, 'hold': 240}",29,34.5,0.63,-667,16,56.2,,179,12,41.7,,-53
NQ_DRIVE,5241,"{'A': 1300, 'T': 60, 'x': 0.35, 'mode': 1, 'tf': 1, 'k': 0.35, 'stop': 0, 'R': 0.5, 'hold': 240}",29,58.6,0.717,-576,16,62.5,,279,12,50.0,,9
NQ_DRIVE,5242,"{'A': 1300, 'T': 60, 'x': 0.35, 'mode': 1, 'tf': 1, 'k': 0.35, 'stop': 0, 'R': 1.0, 'hold': 240}",29,44.8,0.841,-357,16,56.2,,9,12,41.7,,-216
NQ_DRIVE,5243,"{'A': 1300, 'T': 60, 'x': 0.35, 'mode': 1, 'tf': 1, 'k': 0.35, 'stop': 0, 'R': 2.0, 'hold': 240}",29,37.9,0.49,-1333,16,56.2,,201,12,41.7,,-26
NQ_DRIVE,5244,"{'A': 1300, 'T': 60, 'x': 0.35, 'mode': -1, 'tf': 0, 'k': 0.2, 'stop': 0, 'R': 0.5, 'hold': 240}",56,55.4,0.681,-768,46,52.2,0.733,-635,42,57.1,0.811,-403
NQ_DRIVE,5245,"{'A': 1300, 'T': 60, 'x': 0.35, 'mode': -1, 'tf': 0, 'k': 0.2, 'stop': 0, 'R': 1.0, 'hold': 240}",56,42.9,0.804,-597,46,41.3,0.876,-385,42,45.2,0.95,-144
NQ_DRIVE,5246,"{'A': 1300, 'T': 60, 'x': 0.35, 'mode': -1, 'tf': 0, 'k': 0.2, 'stop': 0, 'R': 2.0, 'hold': 240}",56,39.3,0.986,-46,46,32.6,0.767,-886,42,35.7,0.802,-711
NQ_DRIVE,5247,"{'A': 1300, 'T': 60, 'x': 0.35, 'mode': -1, 'tf': 0, 'k': 0.35, 'stop': 0, 'R': 0.5, 'hold': 240}",56,55.4,0.697,-1124,46,50.0,0.803,-685,42,52.4,0.847,-492
NQ_DRIVE,5252,"{'A': 1300, 'T': 60, 'x': 0.35, 'mode': -1, 'tf': 1, 'k': 0.2, 'stop': 0, 'R': 2.0, 'hold': 240}",25,44.0,1.058,78,27,29.6,0.64,-881,21,23.8,0.481,-1118
NQ_DRIVE,5253,"{'A': 1300, 'T': 60, 'x': 0.35, 'mode': -1, 'tf': 1, 'k': 0.35, 'stop': 0, 'R': 0.5, 'hold': 240}",25,56.0,0.682,-562,27,55.6,0.833,-365,21,47.6,0.604,-837
NQ_DRIVE,5254,"{'A': 1300, 'T': 60, 'x': 0.35, 'mode': -1, 'tf': 1, 'k': 0.35, 'stop': 0, 'R': 1.0, 'hold': 240}",25,56.0,1.019,34,27,44.4,0.6,-1237,21,33.3,0.379,-1884
NQ_DRIVE,5255,"{'A': 1300, 'T': 60, 'x': 0.35, 'mode': -1, 'tf': 1, 'k': 0.35, 'stop': 0, 'R': 2.0, 'hold': 240}",25,52.0,0.891,-219,27,44.4,0.763,-733,21,33.3,0.486,-1560
NQ_DRIVE,5248,"{'A': 1300, 'T': 60, 'x': 0.35, 'mode': -1, 'tf': 0, 'k': 0.35, 'stop': 0, 'R': 1.0, 'hold': 240}",56,53.6,1.04,154,46,43.5,0.749,-1102,42,45.2,0.772,-943
NQ_DRIVE,5249,"{'A': 1300, 'T': 60, 'x': 0.35, 'mode': -1, 'tf': 0, 'k': 0.35, 'stop': 0, 'R': 2.0, 'hold': 240}",56,48.2,0.909,-382,46,43.5,0.822,-780,42,45.2,0.846,-635
NQ_DRIVE,5250,"{'A': 1300, 'T': 60, 'x': 0.35, 'mode': -1, 'tf': 1, 'k': 0.2, 'stop': 0, 'R': 0.5, 'hold': 240}",25,60.0,0.796,-197,27,59.3,0.865,-178,21,61.9,0.897,-104
NQ_DRIVE,5251,"{'A': 1300, 'T': 60, 'x': 0.35, 'mode': -1, 'tf': 1, 'k': 0.2, 'stop': 0, 'R': 1.0, 'hold': 240}",25,44.0,0.783,-292,27,44.4,1.03,52,21,42.9,0.947,-76
NQ_DRIVE,5256,"{'A': 1300, 'T': 120, 'x': 0.1, 'mode': 1, 'tf': 0, 'k': 0.2, 'stop': 0, 'R': 0.5, 'hold': 240}",630,63.8,1.13,2153,404,55.0,0.767,-4124,388,55.2,0.785,-3694
NQ_DRIVE,5257,"{'A': 1300, 'T': 120, 'x': 0.1, 'mode': 1, 'tf': 0, 'k': 0.2, 'stop': 0, 'R': 1.0, 'hold': 240}",630,49.4,0.96,-905,404,43.6,0.705,-6491,388,43.0,0.696,-6591
NQ_DRIVE,5258,"{'A': 1300, 'T': 120, 'x': 0.1, 'mode': 1, 'tf': 0, 'k': 0.2, 'stop': 0, 'R': 2.0, 'hold': 240}",630,46.3,0.94,-1439,404,40.8,0.73,-6190,388,40.5,0.716,-6417
NQ_DRIVE,5259,"{'A': 1300, 'T': 120, 'x': 0.1, 'mode': 1, 'tf': 0, 'k': 0.35, 'stop': 0, 'R': 0.5, 'hold': 240}",630,54.0,0.995,-108,404,46.8,0.695,-7144,388,45.9,0.695,-6972
NQ_DRIVE,5260,"{'A': 1300, 'T': 120, 'x': 0.1, 'mode': 1, 'tf': 0, 'k': 0.35, 'stop': 0, 'R': 1.0, 'hold': 240}",630,50.2,0.997,-76,404,43.3,0.695,-7537,388,42.8,0.694,-7352
NQ_DRIVE,5261,"{'A': 1300, 'T': 120, 'x': 0.1, 'mode': 1, 'tf': 0, 'k': 0.35, 'stop': 0, 'R': 2.0, 'hold': 240}",630,49.7,1.047,1153,404,43.1,0.757,-5993,388,42.5,0.756,-5873
NQ_DRIVE,5262,"{'A': 1300, 'T': 120, 'x': 0.1, 'mode': 1, 'tf': 1, 'k': 0.2, 'stop': 0, 'R': 0.5, 'hold': 240}",333,62.5,1.132,1113,220,52.7,0.767,-2104,189,52.9,0.749,-2048
NQ_DRIVE,5263,"{'A': 1300, 'T': 120, 'x': 0.1, 'mode': 1, 'tf': 1, 'k': 0.2, 'stop': 0, 'R': 1.0, 'hold': 240}",333,47.1,0.893,-1302,220,42.3,0.705,-3254,189,41.8,0.674,-3237
NQ_DRIVE,5264,"{'A': 1300, 'T': 120, 'x': 0.1, 'mode': 1, 'tf': 1, 'k': 0.2, 'stop': 0, 'R': 2.0, 'hold': 240}",333,44.7,0.837,-2092,220,40.9,0.733,-2991,189,40.2,0.694,-3097
NQ_DRIVE,5265,"{'A': 1300, 'T': 120, 'x': 0.1, 'mode': 1, 'tf': 1, 'k': 0.35, 'stop': 0, 'R': 0.5, 'hold': 240}",333,52.3,0.956,-529,220,45.0,0.687,-3718,189,44.4,0.691,-3217
NQ_DRIVE,5266,"{'A': 1300, 'T': 120, 'x': 0.1, 'mode': 1, 'tf': 1, 'k': 0.35, 'stop': 0, 'R': 1.0, 'hold': 240}",333,48.9,0.917,-1066,220,43.2,0.712,-3497,189,42.3,0.674,-3484
NQ_DRIVE,5267,"{'A': 1300, 'T': 120, 'x': 0.1, 'mode': 1, 'tf': 1, 'k': 0.35, 'stop': 0, 'R': 2.0, 'hold': 240}",333,48.6,0.956,-565,220,42.7,0.792,-2534,189,41.8,0.778,-2375
NQ_DRIVE,5276,"{'A': 1300, 'T': 120, 'x': 0.1, 'mode': -1, 'tf': 1, 'k': 0.2, 'stop': 0, 'R': 2.0, 'hold': 240}",270,40.7,0.799,-2453,175,50.3,1.167,1447,157,48.4,1.021,171
NQ_DRIVE,5277,"{'A': 1300, 'T': 120, 'x': 0.1, 'mode': -1, 'tf': 1, 'k': 0.35, 'stop': 0, 'R': 0.5, 'hold': 240}",270,48.5,0.772,-2769,175,57.1,1.158,1329,157,56.7,1.122,946
NQ_DRIVE,5278,"{'A': 1300, 'T': 120, 'x': 0.1, 'mode': -1, 'tf': 1, 'k': 0.35, 'stop': 0, 'R': 1.0, 'hold': 240}",270,44.1,0.785,-2807,175,54.3,1.258,2269,157,52.2,1.128,1048
NQ_DRIVE,5279,"{'A': 1300, 'T': 120, 'x': 0.1, 'mode': -1, 'tf': 1, 'k': 0.35, 'stop': 0, 'R': 2.0, 'hold': 240}",270,44.1,0.807,-2520,175,54.3,1.277,2437,157,52.2,1.164,1351
NQ_DRIVE,5272,"{'A': 1300, 'T': 120, 'x': 0.1, 'mode': -1, 'tf': 0, 'k': 0.35, 'stop': 0, 'R': 1.0, 'hold': 240}",630,46.3,0.859,-3720,404,54.7,1.28,5088,388,55.7,1.291,5134
NQ_DRIVE,5273,"{'A': 1300, 'T': 120, 'x': 0.1, 'mode': -1, 'tf': 0, 'k': 0.35, 'stop': 0, 'R': 2.0, 'hold': 240}",630,45.9,0.874,-3344,404,54.2,1.248,4587,388,55.2,1.267,4799
NQ_DRIVE,5274,"{'A': 1300, 'T': 120, 'x': 0.1, 'mode': -1, 'tf': 1, 'k': 0.2, 'stop': 0, 'R': 0.5, 'hold': 240}",270,52.2,0.7,-2915,175,61.1,0.966,-238,157,60.5,0.924,-490
NQ_DRIVE,5275,"{'A': 1300, 'T': 120, 'x': 0.1, 'mode': -1, 'tf': 1, 'k': 0.2, 'stop': 0, 'R': 1.0, 'hold': 240}",270,44.4,0.805,-2220,175,52.0,1.135,1119,157,50.3,1.031,243
NQ_DRIVE,5268,"{'A': 1300, 'T': 120, 'x': 0.1, 'mode': -1, 'tf': 0, 'k': 0.2, 'stop': 0, 'R': 0.5, 'hold': 240}",630,57.0,0.827,-3427,404,63.4,1.03,439,388,63.9,1.047,663
NQ_DRIVE,5269,"{'A': 1300, 'T': 120, 'x': 0.1, 'mode': -1, 'tf': 0, 'k': 0.2, 'stop': 0, 'R': 1.0, 'hold': 240}",630,47.8,0.888,-2655,404,54.7,1.226,3779,388,55.4,1.247,4007
NQ_DRIVE,5270,"{'A': 1300, 'T': 120, 'x': 0.1, 'mode': -1, 'tf': 0, 'k': 0.2, 'stop': 0, 'R': 2.0, 'hold': 240}",630,43.7,0.849,-3858,404,52.2,1.234,4183,388,53.1,1.244,4250
NQ_DRIVE,5271,"{'A': 1300, 'T': 120, 'x': 0.1, 'mode': -1, 'tf': 0, 'k': 0.35, 'stop': 0, 'R': 0.5, 'hold': 240}",630,51.4,0.89,-2626,404,57.9,1.199,3366,388,59.3,1.249,4061
NQ_DRIVE,5280,"{'A': 1300, 'T': 120, 'x': 0.2, 'mode': 1, 'tf': 0, 'k': 0.2, 'stop': 0, 'R': 0.5, 'hold': 240}",377,70.3,1.396,3561,219,59.4,0.857,-1350,209,59.8,0.917,-741
NQ_DRIVE,5281,"{'A': 1300, 'T': 120, 'x': 0.2, 'mode': 1, 'tf': 0, 'k': 0.2, 'stop': 0, 'R': 1.0, 'hold': 240}",377,53.6,1.119,1597,219,43.8,0.68,-4167,209,44.0,0.712,-3644
NQ_DRIVE,5282,"{'A': 1300, 'T': 120, 'x': 0.2, 'mode': 1, 'tf': 0, 'k': 0.2, 'stop': 0, 'R': 2.0, 'hold': 240}",377,48.8,1.081,1192,219,39.7,0.698,-4154,209,39.7,0.746,-3417
NQ_DRIVE,5283,"{'A': 1300, 'T': 120, 'x': 0.2, 'mode': 1, 'tf': 0, 'k': 0.35, 'stop': 0, 'R': 0.5, 'hold': 240}",377,59.4,1.224,2859,219,47.9,0.653,-4939,209,47.8,0.692,-4199
NQ_DRIVE,5284,"{'A': 1300, 'T': 120, 'x': 0.2, 'mode': 1, 'tf': 0, 'k': 0.35, 'stop': 0, 'R': 1.0, 'hold': 240}",377,53.6,1.184,2684,219,42.5,0.643,-5478,209,42.6,0.7,-4394
NQ_DRIVE,5285,"{'A': 1300, 'T': 120, 'x': 0.2, 'mode': 1, 'tf': 0, 'k': 0.35, 'stop': 0, 'R': 2.0, 'hold': 240}",377,52.8,1.258,3804,219,42.0,0.764,-3624,209,42.1,0.826,-2550
NQ_DRIVE,5286,"{'A': 1300, 'T': 120, 'x': 0.2, 'mode': 1, 'tf': 1, 'k': 0.2, 'stop': 0, 'R': 0.5, 'hold': 240}",193,68.9,1.379,1694,114,54.4,0.759,-1187,96,54.2,0.766,-978
NQ_DRIVE,5287,"{'A': 1300, 'T': 120, 'x': 0.2, 'mode': 1, 'tf': 1, 'k': 0.2, 'stop': 0, 'R': 1.0, 'hold': 240}",193,50.3,0.986,-100,114,41.2,0.635,-2358,96,41.7,0.618,-2146
NQ_DRIVE,5288,"{'A': 1300, 'T': 120, 'x': 0.2, 'mode': 1, 'tf': 1, 'k': 0.2, 'stop': 0, 'R': 2.0, 'hold': 240}",193,46.1,0.918,-660,114,38.6,0.66,-2258,96,38.5,0.644,-2061
NQ_DRIVE,5289,"{'A': 1300, 'T': 120, 'x': 0.2, 'mode': 1, 'tf': 1, 'k': 0.35, 'stop': 0, 'R': 0.5, 'hold': 240}",193,57.5,1.147,996,114,44.7,0.606,-2694,96,45.8,0.673,-1823
NQ_DRIVE,5290,"{'A': 1300, 'T': 120, 'x': 0.2, 'mode': 1, 'tf': 1, 'k': 0.35, 'stop': 0, 'R': 1.0, 'hold': 240}",193,52.3,1.067,505,114,41.2,0.647,-2513,96,41.7,0.675,-1900
NQ_DRIVE,5291,"{'A': 1300, 'T': 120, 'x': 0.2, 'mode': 1, 'tf': 1, 'k': 0.35, 'stop': 0, 'R': 2.0, 'hold': 240}",193,51.8,1.137,1055,114,40.4,0.792,-1482,96,40.6,0.855,-852
NQ_DRIVE,5292,"{'A': 1300, 'T': 120, 'x': 0.2, 'mode': -1, 'tf': 0, 'k': 0.2, 'stop': 0, 'R': 0.5, 'hold': 240}",377,54.4,0.715,-3877,219,62.6,0.957,-373,209,62.7,0.954,-393
NQ_DRIVE,5293,"{'A': 1300, 'T': 120, 'x': 0.2, 'mode': -1, 'tf': 0, 'k': 0.2, 'stop': 0, 'R': 1.0, 'hold': 240}",377,44.0,0.769,-3745,219,53.9,1.26,2491,209,54.1,1.212,2064
NQ_DRIVE,5294,"{'A': 1300, 'T': 120, 'x': 0.2, 'mode': -1, 'tf': 0, 'k': 0.2, 'stop': 0, 'R': 2.0, 'hold': 240}",377,38.7,0.708,-5149,219,51.1,1.301,3103,209,51.2,1.235,2459
NQ_DRIVE,5295,"{'A': 1300, 'T': 120, 'x': 0.2, 'mode': -1, 'tf': 0, 'k': 0.35, 'stop': 0, 'R': 0.5, 'hold': 240}",377,49.6,0.793,-3433,219,58.9,1.257,2477,209,60.3,1.225,2236
NQ_DRIVE,5296,"{'A': 1300, 'T': 120, 'x': 0.2, 'mode': -1, 'tf': 0, 'k': 0.35, 'stop': 0, 'R': 1.0, 'hold': 240}",377,43.2,0.729,-5028,219,55.3,1.393,4092,209,55.5,1.297,3205
NQ_DRIVE,5297,"{'A': 1300, 'T': 120, 'x': 0.2, 'mode': -1, 'tf': 0, 'k': 0.35, 'stop': 0, 'R': 2.0, 'hold': 240}",377,42.4,0.74,-4886,219,54.3,1.328,3529,209,54.5,1.246,2736
NQ_DRIVE,5298,"{'A': 1300, 'T': 120, 'x': 0.2, 'mode': -1, 'tf': 1, 'k': 0.2, 'stop': 0, 'R': 0.5, 'hold': 240}",172,48.3,0.594,-2846,100,59.0,0.848,-681,88,60.2,0.865,-548
NQ_DRIVE,5299,"{'A': 1300, 'T': 120, 'x': 0.2, 'mode': -1, 'tf': 1, 'k': 0.2, 'stop': 0, 'R': 1.0, 'hold': 240}",172,40.7,0.674,-2634,100,50.0,1.112,567,88,50.0,1.004,19
NQ_DRIVE,5300,"{'A': 1300, 'T': 120, 'x': 0.2, 'mode': -1, 'tf': 1, 'k': 0.2, 'stop': 0, 'R': 2.0, 'hold': 240}",172,37.2,0.69,-2643,100,48.0,1.247,1312,88,47.7,1.109,564
NQ_DRIVE,5301,"{'A': 1300, 'T': 120, 'x': 0.2, 'mode': -1, 'tf': 1, 'k': 0.35, 'stop': 0, 'R': 0.5, 'hold': 240}",172,46.5,0.672,-2866,100,57.0,1.162,832,88,59.1,1.108,541
NQ_DRIVE,5302,"{'A': 1300, 'T': 120, 'x': 0.2, 'mode': -1, 'tf': 1, 'k': 0.35, 'stop': 0, 'R': 1.0, 'hold': 240}",172,42.4,0.684,-2991,100,54.0,1.378,2032,88,53.4,1.211,1125
NQ_DRIVE,5303,"{'A': 1300, 'T': 120, 'x': 0.2, 'mode': -1, 'tf': 1, 'k': 0.35, 'stop': 0, 'R': 2.0, 'hold': 240}",172,42.4,0.732,-2537,100,54.0,1.427,2292,88,53.4,1.279,1484
NQ_DRIVE,5304,"{'A': 1300, 'T': 120, 'x': 0.35, 'mode': 1, 'tf': 0, 'k': 0.2, 'stop': 0, 'R': 0.5, 'hold': 240}",169,73.4,1.593,2185,100,59.0,0.757,-1192,91,58.2,0.751,-1166
NQ_DRIVE,5305,"{'A': 1300, 'T': 120, 'x': 0.35, 'mode': 1, 'tf': 0, 'k': 0.2, 'stop': 0, 'R': 1.0, 'hold': 240}",169,55.0,1.202,1226,100,44.0,0.641,-2432,91,44.0,0.647,-2284
NQ_DRIVE,5306,"{'A': 1300, 'T': 120, 'x': 0.35, 'mode': 1, 'tf': 0, 'k': 0.2, 'stop': 0, 'R': 2.0, 'hold': 240}",169,49.7,1.263,1736,100,39.0,0.743,-1838,91,38.5,0.744,-1756
NQ_DRIVE,5307,"{'A': 1300, 'T': 120, 'x': 0.35, 'mode': 1, 'tf': 0, 'k': 0.35, 'stop': 0, 'R': 0.5, 'hold': 240}",169,60.9,1.124,808,100,52.0,0.619,-2912,91,51.6,0.631,-2672
NQ_DRIVE,5308,"{'A': 1300, 'T': 120, 'x': 0.35, 'mode': 1, 'tf': 0, 'k': 0.35, 'stop': 0, 'R': 1.0, 'hold': 240}",169,56.2,1.249,1798,100,44.0,0.654,-2877,91,44.0,0.68,-2491
NQ_DRIVE,5309,"{'A': 1300, 'T': 120, 'x': 0.35, 'mode': 1, 'tf': 0, 'k': 0.35, 'stop': 0, 'R': 2.0, 'hold': 240}",169,54.4,1.411,3027,100,43.0,0.834,-1383,91,42.9,0.863,-1065
NQ_DRIVE,5310,"{'A': 1300, 'T': 120, 'x': 0.35, 'mode': 1, 'tf': 1, 'k': 0.2, 'stop': 0, 'R': 0.5, 'hold': 240}",88,72.7,1.656,1214,49,57.1,0.758,-566,40,55.0,0.73,-550
NQ_DRIVE,5311,"{'A': 1300, 'T': 120, 'x': 0.35, 'mode': 1, 'tf': 1, 'k': 0.2, 'stop': 0, 'R': 1.0, 'hold': 240}",88,52.3,1.048,163,49,42.9,0.605,-1268,40,40.0,0.539,-1343
NQ_DRIVE,5312,"{'A': 1300, 'T': 120, 'x': 0.35, 'mode': 1, 'tf': 1, 'k': 0.2, 'stop': 0, 'R': 2.0, 'hold': 240}",88,46.6,1.013,50,49,38.8,0.711,-946,40,35.0,0.678,-959
NQ_DRIVE,5313,"{'A': 1300, 'T': 120, 'x': 0.35, 'mode': 1, 'tf': 1, 'k': 0.35, 'stop': 0, 'R': 0.5, 'hold': 240}",88,61.4,1.087,314,49,49.0,0.575,-1531,40,47.5,0.554,-1378
NQ_DRIVE,5314,"{'A': 1300, 'T': 120, 'x': 0.35, 'mode': 1, 'tf': 1, 'k': 0.35, 'stop': 0, 'R': 1.0, 'hold': 240}",88,55.7,1.155,612,49,42.9,0.683,-1169,40,40.0,0.688,-992
NQ_DRIVE,5315,"{'A': 1300, 'T': 120, 'x': 0.35, 'mode': 1, 'tf': 1, 'k': 0.35, 'stop': 0, 'R': 2.0, 'hold': 240}",88,54.5,1.287,1170,49,40.8,0.881,-442,40,37.5,0.946,-171
NQ_DRIVE,5328,"{'A': 1300, 'T': 240, 'x': 0.1, 'mode': 1, 'tf': 0, 'k': 0.2, 'stop': 0, 'R': 0.5, 'hold': 240}",0,,,0,0,,,0,0,,,0
NQ_DRIVE,5329,"{'A': 1300, 'T': 240, 'x': 0.1, 'mode': 1, 'tf': 0, 'k': 0.2, 'stop': 0, 'R': 1.0, 'hold': 240}",0,,,0,0,,,0,0,,,0
NQ_DRIVE,5330,"{'A': 1300, 'T': 240, 'x': 0.1, 'mode': 1, 'tf': 0, 'k': 0.2, 'stop': 0, 'R': 2.0, 'hold': 240}",0,,,0,0,,,0,0,,,0
NQ_DRIVE,5331,"{'A': 1300, 'T': 240, 'x': 0.1, 'mode': 1, 'tf': 0, 'k': 0.35, 'stop': 0, 'R': 0.5, 'hold': 240}",0,,,0,0,,,0,0,,,0
NQ_DRIVE,5332,"{'A': 1300, 'T': 240, 'x': 0.1, 'mode': 1, 'tf': 0, 'k': 0.35, 'stop': 0, 'R': 1.0, 'hold': 240}",0,,,0,0,,,0,0,,,0
NQ_DRIVE,5333,"{'A': 1300, 'T': 240, 'x': 0.1, 'mode': 1, 'tf': 0, 'k': 0.35, 'stop': 0, 'R': 2.0, 'hold': 240}",0,,,0,0,,,0,0,,,0
NQ_DRIVE,5334,"{'A': 1300, 'T': 240, 'x': 0.1, 'mode': 1, 'tf': 1, 'k': 0.2, 'stop': 0, 'R': 0.5, 'hold': 240}",0,,,0,0,,,0,0,,,0
NQ_DRIVE,5335,"{'A': 1300, 'T': 240, 'x': 0.1, 'mode': 1, 'tf': 1, 'k': 0.2, 'stop': 0, 'R': 1.0, 'hold': 240}",0,,,0,0,,,0,0,,,0
NQ_DRIVE,5320,"{'A': 1300, 'T': 120, 'x': 0.35, 'mode': -1, 'tf': 0, 'k': 0.35, 'stop': 0, 'R': 1.0, 'hold': 240}",169,40.2,0.695,-2951,100,54.0,1.382,2171,91,54.9,1.358,1978
NQ_DRIVE,5321,"{'A': 1300, 'T': 120, 'x': 0.35, 'mode': -1, 'tf': 0, 'k': 0.35, 'stop': 0, 'R': 2.0, 'hold': 240}",169,38.5,0.669,-3269,100,53.0,1.391,2311,91,53.8,1.389,2232
NQ_DRIVE,5322,"{'A': 1300, 'T': 120, 'x': 0.35, 'mode': -1, 'tf': 1, 'k': 0.2, 'stop': 0, 'R': 0.5, 'hold': 240}",74,52.7,0.712,-820,50,62.0,0.844,-373,44,56.8,0.659,-851
NQ_DRIVE,5323,"{'A': 1300, 'T': 120, 'x': 0.35, 'mode': -1, 'tf': 1, 'k': 0.2, 'stop': 0, 'R': 1.0, 'hold': 240}",74,40.5,0.624,-1387,50,54.0,1.233,605,44,47.7,0.918,-224
NQ_DRIVE,5324,"{'A': 1300, 'T': 120, 'x': 0.35, 'mode': -1, 'tf': 1, 'k': 0.2, 'stop': 0, 'R': 2.0, 'hold': 240}",74,36.5,0.751,-947,50,50.0,1.517,1462,44,43.2,1.202,602
NQ_DRIVE,5325,"{'A': 1300, 'T': 120, 'x': 0.35, 'mode': -1, 'tf': 1, 'k': 0.35, 'stop': 0, 'R': 0.5, 'hold': 240}",74,44.6,0.568,-1837,50,62.0,1.269,714,44,59.1,1.083,223
NQ_DRIVE,5326,"{'A': 1300, 'T': 120, 'x': 0.35, 'mode': -1, 'tf': 1, 'k': 0.35, 'stop': 0, 'R': 1.0, 'hold': 240}",74,40.5,0.674,-1456,50,56.0,1.546,1575,44,50.0,1.267,782
NQ_DRIVE,5327,"{'A': 1300, 'T': 120, 'x': 0.35, 'mode': -1, 'tf': 1, 'k': 0.35, 'stop': 0, 'R': 2.0, 'hold': 240}",74,40.5,0.74,-1161,50,56.0,1.775,2235,44,50.0,1.523,1528
NQ_DRIVE,5316,"{'A': 1300, 'T': 120, 'x': 0.35, 'mode': -1, 'tf': 0, 'k': 0.2, 'stop': 0, 'R': 0.5, 'hold': 240}",169,58.6,0.83,-999,100,60.0,0.845,-700,91,61.5,0.859,-605
NQ_DRIVE,5317,"{'A': 1300, 'T': 120, 'x': 0.35, 'mode': -1, 'tf': 0, 'k': 0.2, 'stop': 0, 'R': 1.0, 'hold': 240}",169,43.2,0.726,-2136,100,54.0,1.305,1464,91,54.9,1.294,1362
NQ_DRIVE,5318,"{'A': 1300, 'T': 120, 'x': 0.35, 'mode': -1, 'tf': 0, 'k': 0.2, 'stop': 0, 'R': 2.0, 'hold': 240}",169,35.5,0.728,-2328,100,49.0,1.401,2172,91,49.5,1.385,2020
NQ_DRIVE,5319,"{'A': 1300, 'T': 120, 'x': 0.35, 'mode': -1, 'tf': 0, 'k': 0.35, 'stop': 0, 'R': 0.5, 'hold': 240}",169,49.1,0.713,-2413,100,60.0,1.233,1182,91,62.6,1.268,1308
NQ_DRIVE,5340,"{'A': 1300, 'T': 240, 'x': 0.1, 'mode': -1, 'tf': 0, 'k': 0.2, 'stop': 0, 'R': 0.5, 'hold': 240}",0,,,0,0,,,0,0,,,0
NQ_DRIVE,5341,"{'A': 1300, 'T': 240, 'x': 0.1, 'mode': -1, 'tf': 0, 'k': 0.2, 'stop': 0, 'R': 1.0, 'hold': 240}",0,,,0,0,,,0,0,,,0
NQ_DRIVE,5342,"{'A': 1300, 'T': 240, 'x': 0.1, 'mode': -1, 'tf': 0, 'k': 0.2, 'stop': 0, 'R': 2.0, 'hold': 240}",0,,,0,0,,,0,0,,,0
NQ_DRIVE,5343,"{'A': 1300, 'T': 240, 'x': 0.1, 'mode': -1, 'tf': 0, 'k': 0.35, 'stop': 0, 'R': 0.5, 'hold': 240}",0,,,0,0,,,0,0,,,0
NQ_DRIVE,5336,"{'A': 1300, 'T': 240, 'x': 0.1, 'mode': 1, 'tf': 1, 'k': 0.2, 'stop': 0, 'R': 2.0, 'hold': 240}",0,,,0,0,,,0,0,,,0
NQ_DRIVE,5337,"{'A': 1300, 'T': 240, 'x': 0.1, 'mode': 1, 'tf': 1, 'k': 0.35, 'stop': 0, 'R': 0.5, 'hold': 240}",0,,,0,0,,,0,0,,,0
NQ_DRIVE,5338,"{'A': 1300, 'T': 240, 'x': 0.1, 'mode': 1, 'tf': 1, 'k': 0.35, 'stop': 0, 'R': 1.0, 'hold': 240}",0,,,0,0,,,0,0,,,0
NQ_DRIVE,5339,"{'A': 1300, 'T': 240, 'x': 0.1, 'mode': 1, 'tf': 1, 'k': 0.35, 'stop': 0, 'R': 2.0, 'hold': 240}",0,,,0,0,,,0,0,,,0
NQ_DRIVE,5352,"{'A': 1300, 'T': 240, 'x': 0.2, 'mode': 1, 'tf': 0, 'k': 0.2, 'stop': 0, 'R': 0.5, 'hold': 240}",0,,,0,0,,,0,0,,,0
NQ_DRIVE,5353,"{'A': 1300, 'T': 240, 'x': 0.2, 'mode': 1, 'tf': 0, 'k': 0.2, 'stop': 0, 'R': 1.0, 'hold': 240}",0,,,0,0,,,0,0,,,0
NQ_DRIVE,5354,"{'A': 1300, 'T': 240, 'x': 0.2, 'mode': 1, 'tf': 0, 'k': 0.2, 'stop': 0, 'R': 2.0, 'hold': 240}",0,,,0,0,,,0,0,,,0
NQ_DRIVE,5355,"{'A': 1300, 'T': 240, 'x': 0.2, 'mode': 1, 'tf': 0, 'k': 0.35, 'stop': 0, 'R': 0.5, 'hold': 240}",0,,,0,0,,,0,0,,,0
NQ_DRIVE,5348,"{'A': 1300, 'T': 240, 'x': 0.1, 'mode': -1, 'tf': 1, 'k': 0.2, 'stop': 0, 'R': 2.0, 'hold': 240}",0,,,0,0,,,0,0,,,0
NQ_DRIVE,5349,"{'A': 1300, 'T': 240, 'x': 0.1, 'mode': -1, 'tf': 1, 'k': 0.35, 'stop': 0, 'R': 0.5, 'hold': 240}",0,,,0,0,,,0,0,,,0
NQ_DRIVE,5350,"{'A': 1300, 'T': 240, 'x': 0.1, 'mode': -1, 'tf': 1, 'k': 0.35, 'stop': 0, 'R': 1.0, 'hold': 240}",0,,,0,0,,,0,0,,,0
NQ_DRIVE,5351,"{'A': 1300, 'T': 240, 'x': 0.1, 'mode': -1, 'tf': 1, 'k': 0.35, 'stop': 0, 'R': 2.0, 'hold': 240}",0,,,0,0,,,0,0,,,0
NQ_DRIVE,5344,"{'A': 1300, 'T': 240, 'x': 0.1, 'mode': -1, 'tf': 0, 'k': 0.35, 'stop': 0, 'R': 1.0, 'hold': 240}",0,,,0,0,,,0,0,,,0
NQ_DRIVE,5345,"{'A': 1300, 'T': 240, 'x': 0.1, 'mode': -1, 'tf': 0, 'k': 0.35, 'stop': 0, 'R': 2.0, 'hold': 240}",0,,,0,0,,,0,0,,,0
NQ_DRIVE,5346,"{'A': 1300, 'T': 240, 'x': 0.1, 'mode': -1, 'tf': 1, 'k': 0.2, 'stop': 0, 'R': 0.5, 'hold': 240}",0,,,0,0,,,0,0,,,0
NQ_DRIVE,5347,"{'A': 1300, 'T': 240, 'x': 0.1, 'mode': -1, 'tf': 1, 'k': 0.2, 'stop': 0, 'R': 1.0, 'hold': 240}",0,,,0,0,,,0,0,,,0
NQ_DRIVE,5356,"{'A': 1300, 'T': 240, 'x': 0.2, 'mode': 1, 'tf': 0, 'k': 0.35, 'stop': 0, 'R': 1.0, 'hold': 240}",0,,,0,0,,,0,0,,,0
NQ_DRIVE,5357,"{'A': 1300, 'T': 240, 'x': 0.2, 'mode': 1, 'tf': 0, 'k': 0.35, 'stop': 0, 'R': 2.0, 'hold': 240}",0,,,0,0,,,0,0,,,0
NQ_DRIVE,5358,"{'A': 1300, 'T': 240, 'x': 0.2, 'mode': 1, 'tf': 1, 'k': 0.2, 'stop': 0, 'R': 0.5, 'hold': 240}",0,,,0,0,,,0,0,,,0
NQ_DRIVE,5359,"{'A': 1300, 'T': 240, 'x': 0.2, 'mode': 1, 'tf': 1, 'k': 0.2, 'stop': 0, 'R': 1.0, 'hold': 240}",0,,,0,0,,,0,0,,,0
NQ_DRIVE,5360,"{'A': 1300, 'T': 240, 'x': 0.2, 'mode': 1, 'tf': 1, 'k': 0.2, 'stop': 0, 'R': 2.0, 'hold': 240}",0,,,0,0,,,0,0,,,0
NQ_DRIVE,5361,"{'A': 1300, 'T': 240, 'x': 0.2, 'mode': 1, 'tf': 1, 'k': 0.35, 'stop': 0, 'R': 0.5, 'hold': 240}",0,,,0,0,,,0,0,,,0
NQ_DRIVE,5362,"{'A': 1300, 'T': 240, 'x': 0.2, 'mode': 1, 'tf': 1, 'k': 0.35, 'stop': 0, 'R': 1.0, 'hold': 240}",0,,,0,0,,,0,0,,,0
NQ_DRIVE,5363,"{'A': 1300, 'T': 240, 'x': 0.2, 'mode': 1, 'tf': 1, 'k': 0.35, 'stop': 0, 'R': 2.0, 'hold': 240}",0,,,0,0,,,0,0,,,0
NQ_DRIVE,5364,"{'A': 1300, 'T': 240, 'x': 0.2, 'mode': -1, 'tf': 0, 'k': 0.2, 'stop': 0, 'R': 0.5, 'hold': 240}",0,,,0,0,,,0,0,,,0
NQ_DRIVE,5365,"{'A': 1300, 'T': 240, 'x': 0.2, 'mode': -1, 'tf': 0, 'k': 0.2, 'stop': 0, 'R': 1.0, 'hold': 240}",0,,,0,0,,,0,0,,,0
NQ_DRIVE,5366,"{'A': 1300, 'T': 240, 'x': 0.2, 'mode': -1, 'tf': 0, 'k': 0.2, 'stop': 0, 'R': 2.0, 'hold': 240}",0,,,0,0,,,0,0,,,0
NQ_DRIVE,5367,"{'A': 1300, 'T': 240, 'x': 0.2, 'mode': -1, 'tf': 0, 'k': 0.35, 'stop': 0, 'R': 0.5, 'hold': 240}",0,,,0,0,,,0,0,,,0
NQ_DRIVE,5368,"{'A': 1300, 'T': 240, 'x': 0.2, 'mode': -1, 'tf': 0, 'k': 0.35, 'stop': 0, 'R': 1.0, 'hold': 240}",0,,,0,0,,,0,0,,,0
NQ_DRIVE,5369,"{'A': 1300, 'T': 240, 'x': 0.2, 'mode': -1, 'tf': 0, 'k': 0.35, 'stop': 0, 'R': 2.0, 'hold': 240}",0,,,0,0,,,0,0,,,0
NQ_DRIVE,5370,"{'A': 1300, 'T': 240, 'x': 0.2, 'mode': -1, 'tf': 1, 'k': 0.2, 'stop': 0, 'R': 0.5, 'hold': 240}",0,,,0,0,,,0,0,,,0
NQ_DRIVE,5371,"{'A': 1300, 'T': 240, 'x': 0.2, 'mode': -1, 'tf': 1, 'k': 0.2, 'stop': 0, 'R': 1.0, 'hold': 240}",0,,,0,0,,,0,0,,,0
NQ_DRIVE,5376,"{'A': 1300, 'T': 240, 'x': 0.35, 'mode': 1, 'tf': 0, 'k': 0.2, 'stop': 0, 'R': 0.5, 'hold': 240}",0,,,0,0,,,0,0,,,0
NQ_DRIVE,5377,"{'A': 1300, 'T': 240, 'x': 0.35, 'mode': 1, 'tf': 0, 'k': 0.2, 'stop': 0, 'R': 1.0, 'hold': 240}",0,,,0,0,,,0,0,,,0
NQ_DRIVE,5378,"{'A': 1300, 'T': 240, 'x': 0.35, 'mode': 1, 'tf': 0, 'k': 0.2, 'stop': 0, 'R': 2.0, 'hold': 240}",0,,,0,0,,,0,0,,,0
NQ_DRIVE,5379,"{'A': 1300, 'T': 240, 'x': 0.35, 'mode': 1, 'tf': 0, 'k': 0.35, 'stop': 0, 'R': 0.5, 'hold': 240}",0,,,0,0,,,0,0,,,0
NQ_DRIVE,5372,"{'A': 1300, 'T': 240, 'x': 0.2, 'mode': -1, 'tf': 1, 'k': 0.2, 'stop': 0, 'R': 2.0, 'hold': 240}",0,,,0,0,,,0,0,,,0
NQ_DRIVE,5373,"{'A': 1300, 'T': 240, 'x': 0.2, 'mode': -1, 'tf': 1, 'k': 0.35, 'stop': 0, 'R': 0.5, 'hold': 240}",0,,,0,0,,,0,0,,,0
NQ_DRIVE,5374,"{'A': 1300, 'T': 240, 'x': 0.2, 'mode': -1, 'tf': 1, 'k': 0.35, 'stop': 0, 'R': 1.0, 'hold': 240}",0,,,0,0,,,0,0,,,0
NQ_DRIVE,5375,"{'A': 1300, 'T': 240, 'x': 0.2, 'mode': -1, 'tf': 1, 'k': 0.35, 'stop': 0, 'R': 2.0, 'hold': 240}",0,,,0,0,,,0,0,,,0
NQ_DRIVE,5380,"{'A': 1300, 'T': 240, 'x': 0.35, 'mode': 1, 'tf': 0, 'k': 0.35, 'stop': 0, 'R': 1.0, 'hold': 240}",0,,,0,0,,,0,0,,,0
NQ_DRIVE,5381,"{'A': 1300, 'T': 240, 'x': 0.35, 'mode': 1, 'tf': 0, 'k': 0.35, 'stop': 0, 'R': 2.0, 'hold': 240}",0,,,0,0,,,0,0,,,0
NQ_DRIVE,5382,"{'A': 1300, 'T': 240, 'x': 0.35, 'mode': 1, 'tf': 1, 'k': 0.2, 'stop': 0, 'R': 0.5, 'hold': 240}",0,,,0,0,,,0,0,,,0
NQ_DRIVE,5383,"{'A': 1300, 'T': 240, 'x': 0.35, 'mode': 1, 'tf': 1, 'k': 0.2, 'stop': 0, 'R': 1.0, 'hold': 240}",0,,,0,0,,,0,0,,,0
NQ_DRIVE,5384,"{'A': 1300, 'T': 240, 'x': 0.35, 'mode': 1, 'tf': 1, 'k': 0.2, 'stop': 0, 'R': 2.0, 'hold': 240}",0,,,0,0,,,0,0,,,0
NQ_DRIVE,5385,"{'A': 1300, 'T': 240, 'x': 0.35, 'mode': 1, 'tf': 1, 'k': 0.35, 'stop': 0, 'R': 0.5, 'hold': 240}",0,,,0,0,,,0,0,,,0
NQ_DRIVE,5386,"{'A': 1300, 'T': 240, 'x': 0.35, 'mode': 1, 'tf': 1, 'k': 0.35, 'stop': 0, 'R': 1.0, 'hold': 240}",0,,,0,0,,,0,0,,,0
NQ_DRIVE,5387,"{'A': 1300, 'T': 240, 'x': 0.35, 'mode': 1, 'tf': 1, 'k': 0.35, 'stop': 0, 'R': 2.0, 'hold': 240}",0,,,0,0,,,0,0,,,0
NQ_DRIVE,5388,"{'A': 1300, 'T': 240, 'x': 0.35, 'mode': -1, 'tf': 0, 'k': 0.2, 'stop': 0, 'R': 0.5, 'hold': 240}",0,,,0,0,,,0,0,,,0
NQ_DRIVE,5389,"{'A': 1300, 'T': 240, 'x': 0.35, 'mode': -1, 'tf': 0, 'k': 0.2, 'stop': 0, 'R': 1.0, 'hold': 240}",0,,,0,0,,,0,0,,,0
NQ_DRIVE,5390,"{'A': 1300, 'T': 240, 'x': 0.35, 'mode': -1, 'tf': 0, 'k': 0.2, 'stop': 0, 'R': 2.0, 'hold': 240}",0,,,0,0,,,0,0,,,0
NQ_DRIVE,5391,"{'A': 1300, 'T': 240, 'x': 0.35, 'mode': -1, 'tf': 0, 'k': 0.35, 'stop': 0, 'R': 0.5, 'hold': 240}",0,,,0,0,,,0,0,,,0
NQ_DRIVE,5392,"{'A': 1300, 'T': 240, 'x': 0.35, 'mode': -1, 'tf': 0, 'k': 0.35, 'stop': 0, 'R': 1.0, 'hold': 240}",0,,,0,0,,,0,0,,,0
NQ_DRIVE,5393,"{'A': 1300, 'T': 240, 'x': 0.35, 'mode': -1, 'tf': 0, 'k': 0.35, 'stop': 0, 'R': 2.0, 'hold': 240}",0,,,0,0,,,0,0,,,0
NQ_DRIVE,5394,"{'A': 1300, 'T': 240, 'x': 0.35, 'mode': -1, 'tf': 1, 'k': 0.2, 'stop': 0, 'R': 0.5, 'hold': 240}",0,,,0,0,,,0,0,,,0
NQ_DRIVE,5395,"{'A': 1300, 'T': 240, 'x': 0.35, 'mode': -1, 'tf': 1, 'k': 0.2, 'stop': 0, 'R': 1.0, 'hold': 240}",0,,,0,0,,,0,0,,,0
NQ_DRIVE,5396,"{'A': 1300, 'T': 240, 'x': 0.35, 'mode': -1, 'tf': 1, 'k': 0.2, 'stop': 0, 'R': 2.0, 'hold': 240}",0,,,0,0,,,0,0,,,0
NQ_DRIVE,5397,"{'A': 1300, 'T': 240, 'x': 0.35, 'mode': -1, 'tf': 1, 'k': 0.35, 'stop': 0, 'R': 0.5, 'hold': 240}",0,,,0,0,,,0,0,,,0
NQ_DRIVE,5398,"{'A': 1300, 'T': 240, 'x': 0.35, 'mode': -1, 'tf': 1, 'k': 0.35, 'stop': 0, 'R': 1.0, 'hold': 240}",0,,,0,0,,,0,0,,,0
NQ_DRIVE,5399,"{'A': 1300, 'T': 240, 'x': 0.35, 'mode': -1, 'tf': 1, 'k': 0.35, 'stop': 0, 'R': 2.0, 'hold': 240}",0,,,0,0,,,0,0,,,0
NQ_DRIVE,5408,"{'A': 1400, 'T': 15, 'x': 0.1, 'mode': 1, 'tf': 1, 'k': 0.2, 'stop': 0, 'R': 2.0, 'hold': 240}",112,40.2,0.803,-1216,61,41.0,0.799,-889,54,42.6,0.805,-782
NQ_DRIVE,5409,"{'A': 1400, 'T': 15, 'x': 0.1, 'mode': 1, 'tf': 1, 'k': 0.35, 'stop': 0, 'R': 0.5, 'hold': 240}",112,58.0,0.84,-943,61,60.7,1.009,31,54,59.3,0.927,-252
NQ_DRIVE,5410,"{'A': 1400, 'T': 15, 'x': 0.1, 'mode': 1, 'tf': 1, 'k': 0.35, 'stop': 0, 'R': 1.0, 'hold': 240}",112,50.0,0.851,-1042,61,55.7,1.352,1345,54,53.7,1.223,831
NQ_DRIVE,5411,"{'A': 1400, 'T': 15, 'x': 0.1, 'mode': 1, 'tf': 1, 'k': 0.35, 'stop': 0, 'R': 2.0, 'hold': 240}",112,47.3,0.867,-986,61,54.1,1.427,1653,54,50.0,1.2,808
NQ_DRIVE,5400,"{'A': 1400, 'T': 15, 'x': 0.1, 'mode': 1, 'tf': 0, 'k': 0.2, 'stop': 0, 'R': 0.5, 'hold': 240}",228,64.0,0.904,-713,149,64.4,0.977,-145,141,65.2,1.058,337
NQ_DRIVE,5401,"{'A': 1400, 'T': 15, 'x': 0.1, 'mode': 1, 'tf': 0, 'k': 0.2, 'stop': 0, 'R': 1.0, 'hold': 240}",228,49.6,0.903,-1002,149,45.0,0.739,-2580,141,45.4,0.788,-1997
NQ_DRIVE,5402,"{'A': 1400, 'T': 15, 'x': 0.1, 'mode': 1, 'tf': 0, 'k': 0.2, 'stop': 0, 'R': 2.0, 'hold': 240}",228,42.5,0.939,-689,149,39.6,0.814,-2010,141,39.7,0.863,-1414
NQ_DRIVE,5403,"{'A': 1400, 'T': 15, 'x': 0.1, 'mode': 1, 'tf': 0, 'k': 0.35, 'stop': 0, 'R': 0.5, 'hold': 240}",228,57.9,0.883,-1289,149,55.7,0.853,-1411,141,56.0,0.923,-704
NQ_DRIVE,5404,"{'A': 1400, 'T': 15, 'x': 0.1, 'mode': 1, 'tf': 0, 'k': 0.35, 'stop': 0, 'R': 1.0, 'hold': 240}",228,49.1,0.892,-1393,149,47.0,0.942,-651,141,46.8,0.995,-52
NQ_DRIVE,5405,"{'A': 1400, 'T': 15, 'x': 0.1, 'mode': 1, 'tf': 0, 'k': 0.35, 'stop': 0, 'R': 2.0, 'hold': 240}",228,46.5,0.926,-1004,149,45.0,0.887,-1312,141,43.3,0.837,-1934
NQ_DRIVE,5406,"{'A': 1400, 'T': 15, 'x': 0.1, 'mode': 1, 'tf': 1, 'k': 0.2, 'stop': 0, 'R': 0.5, 'hold': 240}",112,63.4,0.834,-651,61,65.6,0.929,-184,54,64.8,0.867,-329
NQ_DRIVE,5407,"{'A': 1400, 'T': 15, 'x': 0.1, 'mode': 1, 'tf': 1, 'k': 0.2, 'stop': 0, 'R': 1.0, 'hold': 240}",112,46.4,0.782,-1210,61,44.3,0.661,-1396,54,48.1,0.737,-941
NQ_DRIVE,5412,"{'A': 1400, 'T': 15, 'x': 0.1, 'mode': -1, 'tf': 0, 'k': 0.2, 'stop': 0, 'R': 0.5, 'hold': 240}",228,68.0,1.12,768,149,61.1,0.876,-825,141,61.0,0.858,-931
NQ_DRIVE,5413,"{'A': 1400, 'T': 15, 'x': 0.1, 'mode': -1, 'tf': 0, 'k': 0.2, 'stop': 0, 'R': 1.0, 'hold': 240}",228,50.4,0.977,-227,149,55.0,1.229,1754,141,53.9,1.156,1211
NQ_DRIVE,5414,"{'A': 1400, 'T': 15, 'x': 0.1, 'mode': -1, 'tf': 0, 'k': 0.2, 'stop': 0, 'R': 2.0, 'hold': 240}",228,41.7,0.976,-269,149,45.6,1.076,699,141,46.1,1.062,568
NQ_DRIVE,5415,"{'A': 1400, 'T': 15, 'x': 0.1, 'mode': -1, 'tf': 0, 'k': 0.35, 'stop': 0, 'R': 0.5, 'hold': 240}",228,59.2,1.024,243,149,61.7,1.124,1063,141,60.3,1.008,75
NQ_DRIVE,5416,"{'A': 1400, 'T': 15, 'x': 0.1, 'mode': -1, 'tf': 0, 'k': 0.35, 'stop': 0, 'R': 1.0, 'hold': 240}",228,49.1,1.007,83,149,53.0,0.984,-180,141,52.5,0.934,-734
NQ_DRIVE,5417,"{'A': 1400, 'T': 15, 'x': 0.1, 'mode': -1, 'tf': 0, 'k': 0.35, 'stop': 0, 'R': 2.0, 'hold': 240}",228,45.6,1.054,700,149,49.7,0.883,-1357,141,50.4,0.866,-1554
NQ_DRIVE,5418,"{'A': 1400, 'T': 15, 'x': 0.1, 'mode': -1, 'tf': 1, 'k': 0.2, 'stop': 0, 'R': 0.5, 'hold': 240}",114,65.8,0.974,-90,84,57.1,0.678,-1399,76,57.9,0.686,-1261
NQ_DRIVE,5419,"{'A': 1400, 'T': 15, 'x': 0.1, 'mode': -1, 'tf': 1, 'k': 0.2, 'stop': 0, 'R': 1.0, 'hold': 240}",114,46.5,0.808,-1015,84,53.6,1.097,448,76,52.6,1.008,34
NQ_DRIVE,5420,"{'A': 1400, 'T': 15, 'x': 0.1, 'mode': -1, 'tf': 1, 'k': 0.2, 'stop': 0, 'R': 2.0, 'hold': 240}",114,42.1,0.926,-407,84,47.6,1.131,661,76,46.1,0.964,-180
NQ_DRIVE,5421,"{'A': 1400, 'T': 15, 'x': 0.1, 'mode': -1, 'tf': 1, 'k': 0.35, 'stop': 0, 'R': 0.5, 'hold': 240}",114,56.1,0.864,-735,84,61.9,1.044,218,76,60.5,0.929,-348
NQ_DRIVE,5422,"{'A': 1400, 'T': 15, 'x': 0.1, 'mode': -1, 'tf': 1, 'k': 0.35, 'stop': 0, 'R': 1.0, 'hold': 240}",114,49.1,0.934,-391,84,58.3,1.188,1029,76,55.3,0.97,-165
NQ_DRIVE,5423,"{'A': 1400, 'T': 15, 'x': 0.1, 'mode': -1, 'tf': 1, 'k': 0.35, 'stop': 0, 'R': 2.0, 'hold': 240}",114,46.5,0.977,-142,84,53.6,1.0,0,76,52.6,0.847,-928
NQ_DRIVE,5424,"{'A': 1400, 'T': 15, 'x': 0.2, 'mode': 1, 'tf': 0, 'k': 0.2, 'stop': 0, 'R': 0.5, 'hold': 240}",59,71.2,1.182,303,30,66.7,0.947,-81,29,69.0,1.101,134
NQ_DRIVE,5425,"{'A': 1400, 'T': 15, 'x': 0.2, 'mode': 1, 'tf': 0, 'k': 0.2, 'stop': 0, 'R': 1.0, 'hold': 240}",59,49.2,0.894,-314,30,43.3,0.734,-694,29,44.8,0.796,-490
NQ_DRIVE,5426,"{'A': 1400, 'T': 15, 'x': 0.2, 'mode': 1, 'tf': 0, 'k': 0.2, 'stop': 0, 'R': 2.0, 'hold': 240}",59,42.4,1.173,576,30,33.3,0.747,-768,29,34.5,0.812,-522
NQ_DRIVE,5427,"{'A': 1400, 'T': 15, 'x': 0.2, 'mode': 1, 'tf': 0, 'k': 0.35, 'stop': 0, 'R': 0.5, 'hold': 240}",59,62.7,0.926,-235,30,63.3,1.073,167,29,69.0,1.517,893
NQ_DRIVE,5432,"{'A': 1400, 'T': 15, 'x': 0.2, 'mode': 1, 'tf': 1, 'k': 0.2, 'stop': 0, 'R': 2.0, 'hold': 240}",31,38.7,0.869,-285,9,33.3,,-338,8,50.0,,63
NQ_DRIVE,5433,"{'A': 1400, 'T': 15, 'x': 0.2, 'mode': 1, 'tf': 1, 'k': 0.35, 'stop': 0, 'R': 0.5, 'hold': 240}",31,61.3,0.774,-452,9,88.9,,854,8,87.5,,724
NQ_DRIVE,5434,"{'A': 1400, 'T': 15, 'x': 0.2, 'mode': 1, 'tf': 1, 'k': 0.35, 'stop': 0, 'R': 1.0, 'hold': 240}",31,48.4,0.766,-645,9,88.9,,1776,8,87.5,,1514
NQ_DRIVE,5435,"{'A': 1400, 'T': 15, 'x': 0.2, 'mode': 1, 'tf': 1, 'k': 0.35, 'stop': 0, 'R': 2.0, 'hold': 240}",31,45.2,0.911,-256,9,88.9,,2086,8,87.5,,1951
NQ_DRIVE,5428,"{'A': 1400, 'T': 15, 'x': 0.2, 'mode': 1, 'tf': 0, 'k': 0.35, 'stop': 0, 'R': 1.0, 'hold': 240}",59,49.2,0.957,-183,30,50.0,1.173,521,29,51.7,1.33,872
NQ_DRIVE,5429,"{'A': 1400, 'T': 15, 'x': 0.2, 'mode': 1, 'tf': 0, 'k': 0.35, 'stop': 0, 'R': 2.0, 'hold': 240}",59,44.1,1.005,24,30,46.7,1.319,988,29,48.3,1.504,1375
NQ_DRIVE,5430,"{'A': 1400, 'T': 15, 'x': 0.2, 'mode': 1, 'tf': 1, 'k': 0.2, 'stop': 0, 'R': 0.5, 'hold': 240}",31,71.0,1.054,54,9,66.7,,-205,8,62.5,,-288
NQ_DRIVE,5431,"{'A': 1400, 'T': 15, 'x': 0.2, 'mode': 1, 'tf': 1, 'k': 0.2, 'stop': 0, 'R': 1.0, 'hold': 240}",31,45.2,0.689,-591,9,44.4,,-253,8,62.5,,67
NQ_DRIVE,5436,"{'A': 1400, 'T': 15, 'x': 0.2, 'mode': -1, 'tf': 0, 'k': 0.2, 'stop': 0, 'R': 0.5, 'hold': 240}",59,69.5,1.165,277,30,70.0,1.139,192,29,69.0,1.041,57
NQ_DRIVE,5437,"{'A': 1400, 'T': 15, 'x': 0.2, 'mode': -1, 'tf': 0, 'k': 0.2, 'stop': 0, 'R': 1.0, 'hold': 240}",59,50.8,1.0,0,30,56.7,1.27,535,29,55.2,1.169,337
NQ_DRIVE,5438,"{'A': 1400, 'T': 15, 'x': 0.2, 'mode': -1, 'tf': 0, 'k': 0.2, 'stop': 0, 'R': 2.0, 'hold': 240}",59,37.3,0.989,-39,30,40.0,0.991,-24,29,37.9,0.826,-482
NQ_DRIVE,5439,"{'A': 1400, 'T': 15, 'x': 0.2, 'mode': -1, 'tf': 0, 'k': 0.35, 'stop': 0, 'R': 0.5, 'hold': 240}",59,61.0,0.889,-380,30,73.3,1.485,918,29,72.4,1.355,671
NQ_DRIVE,5440,"{'A': 1400, 'T': 15, 'x': 0.2, 'mode': -1, 'tf': 0, 'k': 0.35, 'stop': 0, 'R': 1.0, 'hold': 240}",59,49.2,0.968,-138,30,50.0,0.811,-684,29,48.3,0.713,-1030
NQ_DRIVE,5441,"{'A': 1400, 'T': 15, 'x': 0.2, 'mode': -1, 'tf': 0, 'k': 0.35, 'stop': 0, 'R': 2.0, 'hold': 240}",59,42.4,1.174,826,30,46.7,0.723,-1123,29,44.8,0.61,-1577
NQ_DRIVE,5442,"{'A': 1400, 'T': 15, 'x': 0.2, 'mode': -1, 'tf': 1, 'k': 0.2, 'stop': 0, 'R': 0.5, 'hold': 240}",28,71.4,1.105,81,20,70.0,1.062,57,17,70.6,,-41
NQ_DRIVE,5443,"{'A': 1400, 'T': 15, 'x': 0.2, 'mode': -1, 'tf': 1, 'k': 0.2, 'stop': 0, 'R': 1.0, 'hold': 240}",28,46.4,0.699,-426,20,60.0,1.396,476,17,58.8,,199
NQ_DRIVE,5448,"{'A': 1400, 'T': 15, 'x': 0.35, 'mode': 1, 'tf': 0, 'k': 0.2, 'stop': 0, 'R': 0.5, 'hold': 240}",12,58.3,,-160,6,66.7,,48,6,66.7,,41
NQ_DRIVE,5449,"{'A': 1400, 'T': 15, 'x': 0.35, 'mode': 1, 'tf': 0, 'k': 0.2, 'stop': 0, 'R': 1.0, 'hold': 240}",12,50.0,,-156,6,50.0,,19,6,50.0,,10
NQ_DRIVE,5450,"{'A': 1400, 'T': 15, 'x': 0.35, 'mode': 1, 'tf': 0, 'k': 0.2, 'stop': 0, 'R': 2.0, 'hold': 240}",12,33.3,,-214,6,50.0,,366,6,50.0,,358
NQ_DRIVE,5451,"{'A': 1400, 'T': 15, 'x': 0.35, 'mode': 1, 'tf': 0, 'k': 0.35, 'stop': 0, 'R': 0.5, 'hold': 240}",12,66.7,,-101,6,66.7,,163,6,66.7,,162
NQ_DRIVE,5444,"{'A': 1400, 'T': 15, 'x': 0.2, 'mode': -1, 'tf': 1, 'k': 0.2, 'stop': 0, 'R': 2.0, 'hold': 240}",28,42.9,0.963,-57,20,55.0,1.893,1149,17,47.1,,173
NQ_DRIVE,5445,"{'A': 1400, 'T': 15, 'x': 0.2, 'mode': -1, 'tf': 1, 'k': 0.35, 'stop': 0, 'R': 0.5, 'hold': 240}",28,57.1,0.633,-652,20,75.0,1.465,577,17,76.5,,332
NQ_DRIVE,5446,"{'A': 1400, 'T': 15, 'x': 0.2, 'mode': -1, 'tf': 1, 'k': 0.35, 'stop': 0, 'R': 1.0, 'hold': 240}",28,50.0,0.701,-615,20,70.0,1.874,1241,17,64.7,,411
NQ_DRIVE,5447,"{'A': 1400, 'T': 15, 'x': 0.2, 'mode': -1, 'tf': 1, 'k': 0.35, 'stop': 0, 'R': 2.0, 'hold': 240}",28,46.4,0.806,-409,20,65.0,1.358,669,17,58.8,,-461
NQ_DRIVE,5452,"{'A': 1400, 'T': 15, 'x': 0.35, 'mode': 1, 'tf': 0, 'k': 0.35, 'stop': 0, 'R': 1.0, 'hold': 240}",12,50.0,,-122,6,50.0,,112,6,50.0,,107
NQ_DRIVE,5453,"{'A': 1400, 'T': 15, 'x': 0.35, 'mode': 1, 'tf': 0, 'k': 0.35, 'stop': 0, 'R': 2.0, 'hold': 240}",12,33.3,,-486,6,50.0,,719,6,50.0,,717
NQ_DRIVE,5454,"{'A': 1400, 'T': 15, 'x': 0.35, 'mode': 1, 'tf': 1, 'k': 0.2, 'stop': 0, 'R': 0.5, 'hold': 240}",6,66.7,,-16,0,,,0,1,100.0,,42
NQ_DRIVE,5455,"{'A': 1400, 'T': 15, 'x': 0.35, 'mode': 1, 'tf': 1, 'k': 0.2, 'stop': 0, 'R': 1.0, 'hold': 240}",6,50.0,,-115,0,,,0,1,100.0,,85
NQ_DRIVE,5456,"{'A': 1400, 'T': 15, 'x': 0.35, 'mode': 1, 'tf': 1, 'k': 0.2, 'stop': 0, 'R': 2.0, 'hold': 240}",6,33.3,,-181,0,,,0,1,100.0,,173
NQ_DRIVE,5457,"{'A': 1400, 'T': 15, 'x': 0.35, 'mode': 1, 'tf': 1, 'k': 0.35, 'stop': 0, 'R': 0.5, 'hold': 240}",6,66.7,,-129,0,,,0,1,100.0,,74
NQ_DRIVE,5458,"{'A': 1400, 'T': 15, 'x': 0.35, 'mode': 1, 'tf': 1, 'k': 0.35, 'stop': 0, 'R': 1.0, 'hold': 240}",6,50.0,,-189,0,,,0,1,100.0,,151
NQ_DRIVE,5459,"{'A': 1400, 'T': 15, 'x': 0.35, 'mode': 1, 'tf': 1, 'k': 0.35, 'stop': 0, 'R': 2.0, 'hold': 240}",6,50.0,,-161,0,,,0,1,100.0,,305
NQ_DRIVE,5460,"{'A': 1400, 'T': 15, 'x': 0.35, 'mode': -1, 'tf': 0, 'k': 0.2, 'stop': 0, 'R': 0.5, 'hold': 240}",12,58.3,,-56,6,66.7,,-58,6,66.7,,-52
NQ_DRIVE,5461,"{'A': 1400, 'T': 15, 'x': 0.35, 'mode': -1, 'tf': 0, 'k': 0.2, 'stop': 0, 'R': 1.0, 'hold': 240}",12,50.0,,92,6,50.0,,-51,6,50.0,,-42
NQ_DRIVE,5462,"{'A': 1400, 'T': 15, 'x': 0.35, 'mode': -1, 'tf': 0, 'k': 0.2, 'stop': 0, 'R': 2.0, 'hold': 240}",12,33.3,,45,6,50.0,,172,6,50.0,,180
NQ_DRIVE,5463,"{'A': 1400, 'T': 15, 'x': 0.35, 'mode': -1, 'tf': 0, 'k': 0.35, 'stop': 0, 'R': 0.5, 'hold': 240}",12,66.7,,129,6,66.7,,-88,6,66.7,,-80
NQ_DRIVE,5464,"{'A': 1400, 'T': 15, 'x': 0.35, 'mode': -1, 'tf': 0, 'k': 0.35, 'stop': 0, 'R': 1.0, 'hold': 240}",12,50.0,,58,6,50.0,,-145,6,50.0,,-140
NQ_DRIVE,5465,"{'A': 1400, 'T': 15, 'x': 0.35, 'mode': -1, 'tf': 0, 'k': 0.35, 'stop': 0, 'R': 2.0, 'hold': 240}",12,50.0,,943,6,50.0,,14,6,50.0,,26
NQ_DRIVE,5466,"{'A': 1400, 'T': 15, 'x': 0.35, 'mode': -1, 'tf': 1, 'k': 0.2, 'stop': 0, 'R': 0.5, 'hold': 240}",6,50.0,,-127,6,66.7,,-58,4,75.0,,-7
NQ_DRIVE,5467,"{'A': 1400, 'T': 15, 'x': 0.35, 'mode': -1, 'tf': 1, 'k': 0.2, 'stop': 0, 'R': 1.0, 'hold': 240}",6,50.0,,9,6,50.0,,-51,4,50.0,,-44
NQ_DRIVE,5468,"{'A': 1400, 'T': 15, 'x': 0.35, 'mode': -1, 'tf': 1, 'k': 0.2, 'stop': 0, 'R': 2.0, 'hold': 240}",6,33.3,,-67,6,50.0,,172,4,50.0,,82
NQ_DRIVE,5469,"{'A': 1400, 'T': 15, 'x': 0.35, 'mode': -1, 'tf': 1, 'k': 0.35, 'stop': 0, 'R': 0.5, 'hold': 240}",6,66.7,,-1,6,66.7,,-88,4,75.0,,-4
NQ_DRIVE,5470,"{'A': 1400, 'T': 15, 'x': 0.35, 'mode': -1, 'tf': 1, 'k': 0.35, 'stop': 0, 'R': 1.0, 'hold': 240}",6,50.0,,-99,6,50.0,,-145,4,50.0,,-148
NQ_DRIVE,5471,"{'A': 1400, 'T': 15, 'x': 0.35, 'mode': -1, 'tf': 1, 'k': 0.35, 'stop': 0, 'R': 2.0, 'hold': 240}",6,50.0,,81,6,50.0,,14,4,50.0,,-149
NQ_DRIVE,5472,"{'A': 1400, 'T': 30, 'x': 0.1, 'mode': 1, 'tf': 0, 'k': 0.2, 'stop': 0, 'R': 0.5, 'hold': 240}",368,65.5,0.975,-289,249,56.2,0.684,-3996,237,55.7,0.673,-4105
NQ_DRIVE,5473,"{'A': 1400, 'T': 30, 'x': 0.1, 'mode': 1, 'tf': 0, 'k': 0.2, 'stop': 0, 'R': 1.0, 'hold': 240}",368,49.5,0.907,-1507,249,43.0,0.732,-4179,237,43.0,0.718,-4332
NQ_DRIVE,5474,"{'A': 1400, 'T': 30, 'x': 0.1, 'mode': 1, 'tf': 0, 'k': 0.2, 'stop': 0, 'R': 2.0, 'hold': 240}",368,44.6,0.943,-1022,249,36.9,0.768,-3902,237,37.6,0.734,-4410
NQ_DRIVE,5475,"{'A': 1400, 'T': 30, 'x': 0.1, 'mode': 1, 'tf': 0, 'k': 0.35, 'stop': 0, 'R': 0.5, 'hold': 240}",368,57.3,0.916,-1445,250,51.6,0.744,-4199,237,50.6,0.721,-4548
NQ_DRIVE,5476,"{'A': 1400, 'T': 30, 'x': 0.1, 'mode': 1, 'tf': 0, 'k': 0.35, 'stop': 0, 'R': 1.0, 'hold': 240}",368,50.3,0.928,-1455,250,43.6,0.823,-3235,237,43.9,0.787,-3843
NQ_DRIVE,5477,"{'A': 1400, 'T': 30, 'x': 0.1, 'mode': 1, 'tf': 0, 'k': 0.35, 'stop': 0, 'R': 2.0, 'hold': 240}",368,48.4,0.961,-812,250,42.8,0.777,-4157,237,43.0,0.742,-4768
NQ_DRIVE,5478,"{'A': 1400, 'T': 30, 'x': 0.1, 'mode': 1, 'tf': 1, 'k': 0.2, 'stop': 0, 'R': 0.5, 'hold': 240}",184,62.5,0.86,-885,111,57.7,0.758,-1237,98,57.1,0.697,-1491
NQ_DRIVE,5479,"{'A': 1400, 'T': 30, 'x': 0.1, 'mode': 1, 'tf': 1, 'k': 0.2, 'stop': 0, 'R': 1.0, 'hold': 240}",184,48.4,0.83,-1451,111,47.7,0.909,-541,98,48.0,0.88,-663
NQ_DRIVE,5488,"{'A': 1400, 'T': 30, 'x': 0.1, 'mode': -1, 'tf': 0, 'k': 0.35, 'stop': 0, 'R': 1.0, 'hold': 240}",368,48.4,0.967,-652,250,53.2,1.117,1828,237,54.0,1.159,2353
NQ_DRIVE,5489,"{'A': 1400, 'T': 30, 'x': 0.1, 'mode': -1, 'tf': 0, 'k': 0.35, 'stop': 0, 'R': 2.0, 'hold': 240}",368,47.0,1.011,213,250,51.2,0.906,-1578,237,51.9,0.935,-1034
NQ_DRIVE,5490,"{'A': 1400, 'T': 30, 'x': 0.1, 'mode': -1, 'tf': 1, 'k': 0.2, 'stop': 0, 'R': 0.5, 'hold': 240}",172,62.2,0.817,-1079,131,68.7,1.214,1073,114,68.4,1.211,903
NQ_DRIVE,5491,"{'A': 1400, 'T': 30, 'x': 0.1, 'mode': -1, 'tf': 1, 'k': 0.2, 'stop': 0, 'R': 1.0, 'hold': 240}",172,48.8,0.859,-1101,131,60.3,1.435,2634,114,57.9,1.367,1977
NQ_DRIVE,5484,"{'A': 1400, 'T': 30, 'x': 0.1, 'mode': -1, 'tf': 0, 'k': 0.2, 'stop': 0, 'R': 0.5, 'hold': 240}",368,64.9,1.007,77,249,65.5,1.058,582,237,65.8,1.097,908
NQ_DRIVE,5485,"{'A': 1400, 'T': 30, 'x': 0.1, 'mode': -1, 'tf': 0, 'k': 0.2, 'stop': 0, 'R': 1.0, 'hold': 240}",368,49.5,0.969,-494,249,54.6,1.223,2695,237,54.9,1.263,3043
NQ_DRIVE,5486,"{'A': 1400, 'T': 30, 'x': 0.1, 'mode': -1, 'tf': 0, 'k': 0.2, 'stop': 0, 'R': 2.0, 'hold': 240}",368,43.8,0.987,-233,250,48.8,1.24,3225,237,49.4,1.293,3745
NQ_DRIVE,5487,"{'A': 1400, 'T': 30, 'x': 0.1, 'mode': -1, 'tf': 0, 'k': 0.35, 'stop': 0, 'R': 0.5, 'hold': 240}",368,56.5,0.951,-822,249,60.2,1.089,1206,237,60.3,1.119,1545
NQ_DRIVE,5480,"{'A': 1400, 'T': 30, 'x': 0.1, 'mode': 1, 'tf': 1, 'k': 0.2, 'stop': 0, 'R': 2.0, 'hold': 240}",184,44.0,0.892,-1005,111,40.5,0.903,-633,98,40.8,0.847,-934
NQ_DRIVE,5481,"{'A': 1400, 'T': 30, 'x': 0.1, 'mode': 1, 'tf': 1, 'k': 0.35, 'stop': 0, 'R': 0.5, 'hold': 240}",184,55.4,0.799,-1878,112,56.2,1.045,256,98,56.1,0.986,-74
NQ_DRIVE,5482,"{'A': 1400, 'T': 30, 'x': 0.1, 'mode': 1, 'tf': 1, 'k': 0.35, 'stop': 0, 'R': 1.0, 'hold': 240}",184,50.0,0.864,-1448,112,47.3,1.073,489,98,46.9,0.998,-15
NQ_DRIVE,5483,"{'A': 1400, 'T': 30, 'x': 0.1, 'mode': 1, 'tf': 1, 'k': 0.35, 'stop': 0, 'R': 2.0, 'hold': 240}",184,48.4,0.881,-1302,112,47.3,1.093,627,98,46.9,1.014,91
NQ_DRIVE,5504,"{'A': 1400, 'T': 30, 'x': 0.2, 'mode': 1, 'tf': 1, 'k': 0.2, 'stop': 0, 'R': 2.0, 'hold': 240}",64,34.4,0.636,-1465,36,30.6,0.451,-1970,34,29.4,0.505,-1723
NQ_DRIVE,5505,"{'A': 1400, 'T': 30, 'x': 0.2, 'mode': 1, 'tf': 1, 'k': 0.35, 'stop': 0, 'R': 0.5, 'hold': 240}",64,53.1,0.621,-1526,36,50.0,0.547,-1564,34,50.0,0.596,-1317
NQ_DRIVE,5506,"{'A': 1400, 'T': 30, 'x': 0.2, 'mode': 1, 'tf': 1, 'k': 0.35, 'stop': 0, 'R': 1.0, 'hold': 240}",64,42.2,0.583,-2050,36,44.4,0.697,-1188,34,41.2,0.7,-1163
NQ_DRIVE,5507,"{'A': 1400, 'T': 30, 'x': 0.2, 'mode': 1, 'tf': 1, 'k': 0.35, 'stop': 0, 'R': 2.0, 'hold': 240}",64,42.2,0.657,-1687,36,44.4,0.797,-797,34,41.2,0.831,-656
NQ_DRIVE,5496,"{'A': 1400, 'T': 30, 'x': 0.2, 'mode': 1, 'tf': 0, 'k': 0.2, 'stop': 0, 'R': 0.5, 'hold': 240}",124,67.7,0.985,-59,83,53.0,0.518,-2671,79,57.0,0.63,-1777
NQ_DRIVE,5497,"{'A': 1400, 'T': 30, 'x': 0.2, 'mode': 1, 'tf': 0, 'k': 0.2, 'stop': 0, 'R': 1.0, 'hold': 240}",124,46.0,0.777,-1375,83,39.8,0.578,-2871,79,40.5,0.619,-2410
NQ_DRIVE,5498,"{'A': 1400, 'T': 30, 'x': 0.2, 'mode': 1, 'tf': 0, 'k': 0.2, 'stop': 0, 'R': 2.0, 'hold': 240}",124,37.9,0.797,-1434,83,31.3,0.547,-3501,79,31.6,0.567,-3142
NQ_DRIVE,5499,"{'A': 1400, 'T': 30, 'x': 0.2, 'mode': 1, 'tf': 0, 'k': 0.35, 'stop': 0, 'R': 0.5, 'hold': 240}",124,58.1,0.817,-1197,83,50.6,0.592,-3101,79,51.9,0.634,-2592
NQ_DRIVE,5500,"{'A': 1400, 'T': 30, 'x': 0.2, 'mode': 1, 'tf': 0, 'k': 0.35, 'stop': 0, 'R': 1.0, 'hold': 240}",124,46.8,0.79,-1685,83,43.4,0.723,-2393,79,43.0,0.737,-2174
NQ_DRIVE,5501,"{'A': 1400, 'T': 30, 'x': 0.2, 'mode': 1, 'tf': 0, 'k': 0.35, 'stop': 0, 'R': 2.0, 'hold': 240}",124,44.4,0.856,-1197,83,42.2,0.74,-2285,79,41.8,0.759,-2032
NQ_DRIVE,5502,"{'A': 1400, 'T': 30, 'x': 0.2, 'mode': 1, 'tf': 1, 'k': 0.2, 'stop': 0, 'R': 0.5, 'hold': 240}",64,67.2,0.973,-55,36,47.2,0.344,-1859,34,50.0,0.406,-1566
NQ_DRIVE,5503,"{'A': 1400, 'T': 30, 'x': 0.2, 'mode': 1, 'tf': 1, 'k': 0.2, 'stop': 0, 'R': 1.0, 'hold': 240}",64,43.8,0.688,-1060,36,38.9,0.472,-1694,34,38.2,0.508,-1525
NQ_DRIVE,5492,"{'A': 1400, 'T': 30, 'x': 0.1, 'mode': -1, 'tf': 1, 'k': 0.2, 'stop': 0, 'R': 2.0, 'hold': 240}",172,43.0,0.823,-1554,131,54.2,1.558,3610,114,50.9,1.48,2804
NQ_DRIVE,5493,"{'A': 1400, 'T': 30, 'x': 0.1, 'mode': -1, 'tf': 1, 'k': 0.35, 'stop': 0, 'R': 0.5, 'hold': 240}",172,54.1,0.794,-1738,131,64.1,1.239,1667,114,61.4,1.203,1228
NQ_DRIVE,5494,"{'A': 1400, 'T': 30, 'x': 0.1, 'mode': -1, 'tf': 1, 'k': 0.35, 'stop': 0, 'R': 1.0, 'hold': 240}",172,48.3,0.898,-973,131,58.0,1.355,2724,114,54.4,1.285,1970
NQ_DRIVE,5495,"{'A': 1400, 'T': 30, 'x': 0.1, 'mode': -1, 'tf': 1, 'k': 0.35, 'stop': 0, 'R': 2.0, 'hold': 240}",172,48.3,0.903,-931,131,55.7,1.059,507,114,51.8,0.962,-297
NQ_DRIVE,5508,"{'A': 1400, 'T': 30, 'x': 0.2, 'mode': -1, 'tf': 0, 'k': 0.2, 'stop': 0, 'R': 0.5, 'hold': 240}",124,68.5,1.081,299,83,67.5,1.144,517,79,67.1,1.134,451
NQ_DRIVE,5509,"{'A': 1400, 'T': 30, 'x': 0.2, 'mode': -1, 'tf': 0, 'k': 0.2, 'stop': 0, 'R': 1.0, 'hold': 240}",124,53.2,1.139,709,83,60.2,1.592,2430,79,58.2,1.487,1988
NQ_DRIVE,5510,"{'A': 1400, 'T': 30, 'x': 0.2, 'mode': -1, 'tf': 0, 'k': 0.2, 'stop': 0, 'R': 2.0, 'hold': 240}",124,42.7,1.096,590,83,51.8,1.646,3270,79,50.6,1.624,3091
NQ_DRIVE,5511,"{'A': 1400, 'T': 30, 'x': 0.2, 'mode': -1, 'tf': 0, 'k': 0.35, 'stop': 0, 'R': 0.5, 'hold': 240}",124,62.9,1.182,935,83,67.5,1.402,1917,79,65.8,1.356,1650
NQ_DRIVE,5512,"{'A': 1400, 'T': 30, 'x': 0.2, 'mode': -1, 'tf': 0, 'k': 0.35, 'stop': 0, 'R': 1.0, 'hold': 240}",124,51.6,1.15,998,83,56.6,1.3,1934,79,55.7,1.276,1736
NQ_DRIVE,5513,"{'A': 1400, 'T': 30, 'x': 0.2, 'mode': -1, 'tf': 0, 'k': 0.35, 'stop': 0, 'R': 2.0, 'hold': 240}",124,49.2,1.313,2183,83,51.8,0.93,-532,79,50.6,0.91,-671
NQ_DRIVE,5514,"{'A': 1400, 'T': 30, 'x': 0.2, 'mode': -1, 'tf': 1, 'k': 0.2, 'stop': 0, 'R': 0.5, 'hold': 240}",54,66.7,0.866,-244,45,68.9,1.197,376,42,71.4,1.366,559
NQ_DRIVE,5515,"{'A': 1400, 'T': 30, 'x': 0.2, 'mode': -1, 'tf': 1, 'k': 0.2, 'stop': 0, 'R': 1.0, 'hold': 240}",54,53.7,1.027,64,45,60.0,1.398,945,42,57.1,1.347,761
NQ_DRIVE,5516,"{'A': 1400, 'T': 30, 'x': 0.2, 'mode': -1, 'tf': 1, 'k': 0.2, 'stop': 0, 'R': 2.0, 'hold': 240}",54,40.7,0.761,-719,45,53.3,1.653,1747,42,50.0,1.628,1582
NQ_DRIVE,5517,"{'A': 1400, 'T': 30, 'x': 0.2, 'mode': -1, 'tf': 1, 'k': 0.35, 'stop': 0, 'R': 0.5, 'hold': 240}",54,59.3,0.915,-221,45,66.7,1.202,583,42,64.3,1.248,629
NQ_DRIVE,5518,"{'A': 1400, 'T': 30, 'x': 0.2, 'mode': -1, 'tf': 1, 'k': 0.35, 'stop': 0, 'R': 1.0, 'hold': 240}",54,48.1,0.831,-555,45,57.8,1.249,866,42,54.8,1.233,763
NQ_DRIVE,5519,"{'A': 1400, 'T': 30, 'x': 0.2, 'mode': -1, 'tf': 1, 'k': 0.35, 'stop': 0, 'R': 2.0, 'hold': 240}",54,48.1,0.8,-655,45,53.3,0.828,-758,42,50.0,0.76,-1008
NQ_DRIVE,5520,"{'A': 1400, 'T': 30, 'x': 0.35, 'mode': 1, 'tf': 0, 'k': 0.2, 'stop': 0, 'R': 0.5, 'hold': 240}",33,57.6,0.669,-419,17,76.5,,559,16,68.8,,190
NQ_DRIVE,5521,"{'A': 1400, 'T': 30, 'x': 0.35, 'mode': 1, 'tf': 0, 'k': 0.2, 'stop': 0, 'R': 1.0, 'hold': 240}",33,42.4,0.568,-821,17,58.8,,595,16,50.0,,159
NQ_DRIVE,5522,"{'A': 1400, 'T': 30, 'x': 0.35, 'mode': 1, 'tf': 0, 'k': 0.2, 'stop': 0, 'R': 2.0, 'hold': 240}",33,33.3,0.671,-699,17,47.1,,545,16,37.5,,80
NQ_DRIVE,5523,"{'A': 1400, 'T': 30, 'x': 0.35, 'mode': 1, 'tf': 0, 'k': 0.35, 'stop': 0, 'R': 0.5, 'hold': 240}",33,60.6,0.674,-701,17,70.6,,488,16,62.5,,-121
NQ_DRIVE,5524,"{'A': 1400, 'T': 30, 'x': 0.35, 'mode': 1, 'tf': 0, 'k': 0.35, 'stop': 0, 'R': 1.0, 'hold': 240}",33,48.5,0.755,-619,17,64.7,,929,16,56.2,,272
NQ_DRIVE,5525,"{'A': 1400, 'T': 30, 'x': 0.35, 'mode': 1, 'tf': 0, 'k': 0.35, 'stop': 0, 'R': 2.0, 'hold': 240}",33,39.4,0.602,-1129,17,58.8,,821,16,50.0,,183
NQ_DRIVE,5526,"{'A': 1400, 'T': 30, 'x': 0.35, 'mode': 1, 'tf': 1, 'k': 0.2, 'stop': 0, 'R': 0.5, 'hold': 240}",18,55.6,,-266,5,60.0,,-3,4,75.0,,158
NQ_DRIVE,5527,"{'A': 1400, 'T': 30, 'x': 0.35, 'mode': 1, 'tf': 1, 'k': 0.2, 'stop': 0, 'R': 1.0, 'hold': 240}",18,33.3,,-891,5,60.0,,135,4,75.0,,318
NQ_DRIVE,5528,"{'A': 1400, 'T': 30, 'x': 0.35, 'mode': 1, 'tf': 1, 'k': 0.2, 'stop': 0, 'R': 2.0, 'hold': 240}",18,27.8,,-705,5,40.0,,-124,4,50.0,,142
NQ_DRIVE,5529,"{'A': 1400, 'T': 30, 'x': 0.35, 'mode': 1, 'tf': 1, 'k': 0.35, 'stop': 0, 'R': 0.5, 'hold': 240}",18,50.0,,-920,5,80.0,,213,4,75.0,,210
NQ_DRIVE,5530,"{'A': 1400, 'T': 30, 'x': 0.35, 'mode': 1, 'tf': 1, 'k': 0.35, 'stop': 0, 'R': 1.0, 'hold': 240}",18,38.9,,-837,5,60.0,,-94,4,50.0,,-126
NQ_DRIVE,5531,"{'A': 1400, 'T': 30, 'x': 0.35, 'mode': 1, 'tf': 1, 'k': 0.35, 'stop': 0, 'R': 2.0, 'hold': 240}",18,38.9,,-721,5,60.0,,138,4,50.0,,250
NQ_DRIVE,5540,"{'A': 1400, 'T': 30, 'x': 0.35, 'mode': -1, 'tf': 1, 'k': 0.2, 'stop': 0, 'R': 2.0, 'hold': 240}",15,26.7,,-373,12,33.3,,-374,12,41.7,,297
NQ_DRIVE,5541,"{'A': 1400, 'T': 30, 'x': 0.35, 'mode': -1, 'tf': 1, 'k': 0.35, 'stop': 0, 'R': 0.5, 'hold': 240}",15,60.0,,-90,12,41.7,,-1127,12,58.3,,-465
NQ_DRIVE,5542,"{'A': 1400, 'T': 30, 'x': 0.35, 'mode': -1, 'tf': 1, 'k': 0.35, 'stop': 0, 'R': 1.0, 'hold': 240}",15,40.0,,-299,12,33.3,,-1088,12,41.7,,-463
NQ_DRIVE,5543,"{'A': 1400, 'T': 30, 'x': 0.35, 'mode': -1, 'tf': 1, 'k': 0.35, 'stop': 0, 'R': 2.0, 'hold': 240}",15,40.0,,-92,12,33.3,,-929,12,33.3,,-1199
NQ_DRIVE,5532,"{'A': 1400, 'T': 30, 'x': 0.35, 'mode': -1, 'tf': 0, 'k': 0.2, 'stop': 0, 'R': 0.5, 'hold': 240}",33,72.7,1.299,243,17,47.1,,-958,16,56.2,,-421
NQ_DRIVE,5533,"{'A': 1400, 'T': 30, 'x': 0.35, 'mode': -1, 'tf': 0, 'k': 0.2, 'stop': 0, 'R': 1.0, 'hold': 240}",33,57.6,1.559,645,17,41.2,,-680,16,50.0,,-241
NQ_DRIVE,5534,"{'A': 1400, 'T': 30, 'x': 0.35, 'mode': -1, 'tf': 0, 'k': 0.2, 'stop': 0, 'R': 2.0, 'hold': 240}",33,42.4,1.464,765,17,29.4,,-644,16,37.5,,53
NQ_DRIVE,5535,"{'A': 1400, 'T': 30, 'x': 0.35, 'mode': -1, 'tf': 0, 'k': 0.35, 'stop': 0, 'R': 0.5, 'hold': 240}",33,66.7,1.31,415,17,47.1,,-1047,16,56.2,,-610
NQ_DRIVE,5536,"{'A': 1400, 'T': 30, 'x': 0.35, 'mode': -1, 'tf': 0, 'k': 0.35, 'stop': 0, 'R': 1.0, 'hold': 240}",33,51.5,1.221,440,17,35.3,,-1021,16,43.8,,-358
NQ_DRIVE,5537,"{'A': 1400, 'T': 30, 'x': 0.35, 'mode': -1, 'tf': 0, 'k': 0.35, 'stop': 0, 'R': 2.0, 'hold': 240}",33,51.5,1.811,1615,17,29.4,,-1477,16,31.2,,-1717
NQ_DRIVE,5538,"{'A': 1400, 'T': 30, 'x': 0.35, 'mode': -1, 'tf': 1, 'k': 0.2, 'stop': 0, 'R': 0.5, 'hold': 240}",15,60.0,,-201,12,41.7,,-758,12,66.7,,-40
NQ_DRIVE,5539,"{'A': 1400, 'T': 30, 'x': 0.35, 'mode': -1, 'tf': 1, 'k': 0.2, 'stop': 0, 'R': 1.0, 'hold': 240}",15,46.7,,-149,12,41.7,,-518,12,58.3,,95
NQ_DRIVE,5544,"{'A': 1400, 'T': 60, 'x': 0.1, 'mode': 1, 'tf': 0, 'k': 0.2, 'stop': 0, 'R': 0.5, 'hold': 240}",496,68.5,1.346,4034,298,56.0,0.71,-4059,285,55.4,0.719,-3839
NQ_DRIVE,5545,"{'A': 1400, 'T': 60, 'x': 0.1, 'mode': 1, 'tf': 0, 'k': 0.2, 'stop': 0, 'R': 1.0, 'hold': 240}",496,55.0,1.22,3537,298,43.3,0.667,-5718,285,43.2,0.662,-5769
NQ_DRIVE,5546,"{'A': 1400, 'T': 60, 'x': 0.1, 'mode': 1, 'tf': 0, 'k': 0.2, 'stop': 0, 'R': 2.0, 'hold': 240}",496,52.2,1.177,3063,298,39.6,0.672,-5938,285,38.9,0.647,-6397
NQ_DRIVE,5547,"{'A': 1400, 'T': 60, 'x': 0.1, 'mode': 1, 'tf': 0, 'k': 0.35, 'stop': 0, 'R': 0.5, 'hold': 240}",496,59.9,1.249,4053,298,48.0,0.688,-5686,285,47.4,0.679,-5858
NQ_DRIVE,5548,"{'A': 1400, 'T': 60, 'x': 0.1, 'mode': 1, 'tf': 0, 'k': 0.35, 'stop': 0, 'R': 1.0, 'hold': 240}",496,55.2,1.204,3696,298,43.0,0.656,-6671,285,42.1,0.633,-7147
NQ_DRIVE,5549,"{'A': 1400, 'T': 60, 'x': 0.1, 'mode': 1, 'tf': 0, 'k': 0.35, 'stop': 0, 'R': 2.0, 'hold': 240}",496,54.8,1.273,4964,298,42.3,0.699,-5852,285,41.4,0.678,-6295
NQ_DRIVE,5550,"{'A': 1400, 'T': 60, 'x': 0.1, 'mode': 1, 'tf': 1, 'k': 0.2, 'stop': 0, 'R': 0.5, 'hold': 240}",251,68.1,1.405,2190,152,52.0,0.652,-2481,132,51.5,0.637,-2387
NQ_DRIVE,5551,"{'A': 1400, 'T': 60, 'x': 0.1, 'mode': 1, 'tf': 1, 'k': 0.2, 'stop': 0, 'R': 1.0, 'hold': 240}",251,53.4,1.11,904,152,40.1,0.564,-3807,132,40.9,0.575,-3406
NQ_DRIVE,5552,"{'A': 1400, 'T': 60, 'x': 0.1, 'mode': 1, 'tf': 1, 'k': 0.2, 'stop': 0, 'R': 2.0, 'hold': 240}",251,51.4,1.124,1077,152,38.8,0.609,-3442,132,38.6,0.59,-3360
NQ_DRIVE,5553,"{'A': 1400, 'T': 60, 'x': 0.1, 'mode': 1, 'tf': 1, 'k': 0.35, 'stop': 0, 'R': 0.5, 'hold': 240}",251,57.4,1.089,763,152,45.4,0.666,-2887,132,47.0,0.748,-1897
NQ_DRIVE,5554,"{'A': 1400, 'T': 60, 'x': 0.1, 'mode': 1, 'tf': 1, 'k': 0.35, 'stop': 0, 'R': 1.0, 'hold': 240}",251,53.8,1.084,775,152,42.8,0.667,-2923,132,43.2,0.677,-2538
NQ_DRIVE,5555,"{'A': 1400, 'T': 60, 'x': 0.1, 'mode': 1, 'tf': 1, 'k': 0.35, 'stop': 0, 'R': 2.0, 'hold': 240}",251,53.8,1.173,1607,152,42.1,0.74,-2286,132,42.4,0.772,-1795
NQ_DRIVE,5556,"{'A': 1400, 'T': 60, 'x': 0.1, 'mode': -1, 'tf': 0, 'k': 0.2, 'stop': 0, 'R': 0.5, 'hold': 240}",496,54.6,0.74,-4416,298,63.8,1.1,1062,285,63.5,1.1,1050
NQ_DRIVE,5557,"{'A': 1400, 'T': 60, 'x': 0.1, 'mode': -1, 'tf': 0, 'k': 0.2, 'stop': 0, 'R': 1.0, 'hold': 240}",496,42.5,0.703,-6282,298,54.7,1.294,3648,285,55.1,1.309,3767
NQ_DRIVE,5558,"{'A': 1400, 'T': 60, 'x': 0.1, 'mode': -1, 'tf': 0, 'k': 0.2, 'stop': 0, 'R': 2.0, 'hold': 240}",496,38.7,0.691,-6936,298,51.3,1.303,4105,285,51.9,1.298,3983
NQ_DRIVE,5559,"{'A': 1400, 'T': 60, 'x': 0.1, 'mode': -1, 'tf': 0, 'k': 0.35, 'stop': 0, 'R': 0.5, 'hold': 240}",496,46.2,0.721,-5997,298,58.7,1.272,3399,285,60.4,1.36,4309
NQ_DRIVE,5576,"{'A': 1400, 'T': 60, 'x': 0.2, 'mode': 1, 'tf': 1, 'k': 0.2, 'stop': 0, 'R': 2.0, 'hold': 240}",103,53.4,1.383,1400,63,36.5,0.681,-1318,53,41.5,0.716,-980
NQ_DRIVE,5577,"{'A': 1400, 'T': 60, 'x': 0.2, 'mode': 1, 'tf': 1, 'k': 0.35, 'stop': 0, 'R': 0.5, 'hold': 240}",103,63.1,1.477,1488,63,47.6,0.702,-1276,53,54.7,0.893,-350
NQ_DRIVE,5578,"{'A': 1400, 'T': 60, 'x': 0.2, 'mode': 1, 'tf': 1, 'k': 0.35, 'stop': 0, 'R': 1.0, 'hold': 240}",103,58.3,1.473,1733,63,42.9,0.725,-1212,53,49.1,0.83,-580
NQ_DRIVE,5579,"{'A': 1400, 'T': 60, 'x': 0.2, 'mode': 1, 'tf': 1, 'k': 0.35, 'stop': 0, 'R': 2.0, 'hold': 240}",103,58.3,1.695,2548,63,41.3,0.861,-612,53,47.2,1.036,123
NQ_DRIVE,5580,"{'A': 1400, 'T': 60, 'x': 0.2, 'mode': -1, 'tf': 0, 'k': 0.2, 'stop': 0, 'R': 0.5, 'hold': 240}",230,54.8,0.67,-2899,130,66.2,1.087,457,120,65.8,1.066,342
NQ_DRIVE,5581,"{'A': 1400, 'T': 60, 'x': 0.2, 'mode': -1, 'tf': 0, 'k': 0.2, 'stop': 0, 'R': 1.0, 'hold': 240}",230,43.0,0.685,-3383,130,54.6,1.23,1497,120,55.0,1.213,1312
NQ_DRIVE,5582,"{'A': 1400, 'T': 60, 'x': 0.2, 'mode': -1, 'tf': 0, 'k': 0.2, 'stop': 0, 'R': 2.0, 'hold': 240}",230,36.1,0.591,-4890,130,48.5,1.279,2041,120,49.2,1.284,1991
NQ_DRIVE,5583,"{'A': 1400, 'T': 60, 'x': 0.2, 'mode': -1, 'tf': 0, 'k': 0.35, 'stop': 0, 'R': 0.5, 'hold': 240}",230,47.0,0.638,-4231,130,60.0,1.269,1683,120,62.5,1.366,2136
NQ_DRIVE,5564,"{'A': 1400, 'T': 60, 'x': 0.1, 'mode': -1, 'tf': 1, 'k': 0.2, 'stop': 0, 'R': 2.0, 'hold': 240}",226,35.8,0.604,-4646,137,50.4,1.321,2156,120,49.2,1.306,1853
NQ_DRIVE,5565,"{'A': 1400, 'T': 60, 'x': 0.1, 'mode': -1, 'tf': 1, 'k': 0.35, 'stop': 0, 'R': 0.5, 'hold': 240}",226,44.2,0.646,-3950,137,56.9,1.122,824,120,56.7,1.149,911
NQ_DRIVE,5566,"{'A': 1400, 'T': 60, 'x': 0.1, 'mode': -1, 'tf': 1, 'k': 0.35, 'stop': 0, 'R': 1.0, 'hold': 240}",226,39.8,0.631,-4528,137,55.5,1.343,2387,120,53.3,1.371,2365
NQ_DRIVE,5567,"{'A': 1400, 'T': 60, 'x': 0.1, 'mode': -1, 'tf': 1, 'k': 0.35, 'stop': 0, 'R': 2.0, 'hold': 240}",226,39.4,0.667,-4127,137,55.5,1.466,3238,120,53.3,1.45,2868
NQ_DRIVE,5572,"{'A': 1400, 'T': 60, 'x': 0.2, 'mode': 1, 'tf': 0, 'k': 0.35, 'stop': 0, 'R': 1.0, 'hold': 240}",230,57.8,1.494,4124,130,43.8,0.649,-3595,120,43.3,0.651,-3373
NQ_DRIVE,5573,"{'A': 1400, 'T': 60, 'x': 0.2, 'mode': 1, 'tf': 0, 'k': 0.35, 'stop': 0, 'R': 2.0, 'hold': 240}",230,57.4,1.671,5604,130,43.1,0.76,-2460,120,42.5,0.763,-2298
NQ_DRIVE,5574,"{'A': 1400, 'T': 60, 'x': 0.2, 'mode': 1, 'tf': 1, 'k': 0.2, 'stop': 0, 'R': 0.5, 'hold': 240}",103,75.7,2.008,1793,63,55.6,0.712,-904,53,60.4,0.847,-389
NQ_DRIVE,5575,"{'A': 1400, 'T': 60, 'x': 0.2, 'mode': 1, 'tf': 1, 'k': 0.2, 'stop': 0, 'R': 1.0, 'hold': 240}",103,56.3,1.337,1114,63,39.7,0.603,-1614,53,45.3,0.642,-1210
NQ_DRIVE,5568,"{'A': 1400, 'T': 60, 'x': 0.2, 'mode': 1, 'tf': 0, 'k': 0.2, 'stop': 0, 'R': 0.5, 'hold': 240}",230,70.9,1.36,2031,130,56.2,0.647,-2507,120,55.8,0.667,-2191
NQ_DRIVE,5569,"{'A': 1400, 'T': 60, 'x': 0.2, 'mode': 1, 'tf': 0, 'k': 0.2, 'stop': 0, 'R': 1.0, 'hold': 240}",230,55.7,1.269,2128,130,43.8,0.694,-2627,120,44.2,0.703,-2392
NQ_DRIVE,5570,"{'A': 1400, 'T': 60, 'x': 0.2, 'mode': 1, 'tf': 0, 'k': 0.2, 'stop': 0, 'R': 2.0, 'hold': 240}",230,52.2,1.313,2700,130,38.5,0.68,-2970,120,38.3,0.672,-2867
NQ_DRIVE,5571,"{'A': 1400, 'T': 60, 'x': 0.2, 'mode': 1, 'tf': 0, 'k': 0.35, 'stop': 0, 'R': 0.5, 'hold': 240}",230,63.5,1.487,3470,130,51.5,0.713,-2677,120,50.8,0.712,-2561
NQ_DRIVE,5560,"{'A': 1400, 'T': 60, 'x': 0.1, 'mode': -1, 'tf': 0, 'k': 0.35, 'stop': 0, 'R': 1.0, 'hold': 240}",496,41.7,0.714,-6726,298,55.0,1.358,4832,285,56.1,1.423,5524
NQ_DRIVE,5561,"{'A': 1400, 'T': 60, 'x': 0.1, 'mode': -1, 'tf': 0, 'k': 0.35, 'stop': 0, 'R': 2.0, 'hold': 240}",496,41.1,0.747,-6004,298,54.4,1.372,5145,285,55.4,1.407,5457
NQ_DRIVE,5562,"{'A': 1400, 'T': 60, 'x': 0.1, 'mode': -1, 'tf': 1, 'k': 0.2, 'stop': 0, 'R': 0.5, 'hold': 240}",226,50.4,0.606,-3583,137,59.1,0.89,-624,120,59.2,0.935,-327
NQ_DRIVE,5563,"{'A': 1400, 'T': 60, 'x': 0.1, 'mode': -1, 'tf': 1, 'k': 0.2, 'stop': 0, 'R': 1.0, 'hold': 240}",226,40.3,0.62,-4148,137,51.8,1.142,922,120,50.8,1.151,876
NQ_DRIVE,5584,"{'A': 1400, 'T': 60, 'x': 0.2, 'mode': -1, 'tf': 0, 'k': 0.35, 'stop': 0, 'R': 1.0, 'hold': 240}",230,40.0,0.59,-5426,130,54.6,1.39,2719,120,55.8,1.409,2695
NQ_DRIVE,5585,"{'A': 1400, 'T': 60, 'x': 0.2, 'mode': -1, 'tf': 0, 'k': 0.35, 'stop': 0, 'R': 2.0, 'hold': 240}",230,39.6,0.633,-4900,130,53.1,1.381,2790,120,54.2,1.412,2855
NQ_DRIVE,5586,"{'A': 1400, 'T': 60, 'x': 0.2, 'mode': -1, 'tf': 1, 'k': 0.2, 'stop': 0, 'R': 0.5, 'hold': 240}",118,51.7,0.614,-1894,61,62.3,0.973,-74,51,66.7,1.088,199
NQ_DRIVE,5587,"{'A': 1400, 'T': 60, 'x': 0.2, 'mode': -1, 'tf': 1, 'k': 0.2, 'stop': 0, 'R': 1.0, 'hold': 240}",118,43.2,0.694,-1745,61,52.5,1.238,776,51,54.9,1.208,577
NQ_DRIVE,5588,"{'A': 1400, 'T': 60, 'x': 0.2, 'mode': -1, 'tf': 1, 'k': 0.2, 'stop': 0, 'R': 2.0, 'hold': 240}",118,34.7,0.56,-2879,61,49.2,1.443,1550,51,51.0,1.453,1365
NQ_DRIVE,5589,"{'A': 1400, 'T': 60, 'x': 0.2, 'mode': -1, 'tf': 1, 'k': 0.35, 'stop': 0, 'R': 0.5, 'hold': 240}",118,46.6,0.616,-2452,61,59.0,1.317,998,51,62.7,1.352,974
NQ_DRIVE,5590,"{'A': 1400, 'T': 60, 'x': 0.2, 'mode': -1, 'tf': 1, 'k': 0.35, 'stop': 0, 'R': 1.0, 'hold': 240}",118,39.8,0.566,-3134,61,55.7,1.599,1999,51,56.9,1.549,1635
NQ_DRIVE,5591,"{'A': 1400, 'T': 60, 'x': 0.2, 'mode': -1, 'tf': 1, 'k': 0.35, 'stop': 0, 'R': 2.0, 'hold': 240}",118,39.0,0.556,-3258,61,55.7,1.842,2810,51,56.9,1.838,2496
NQ_DRIVE,5592,"{'A': 1400, 'T': 60, 'x': 0.35, 'mode': 1, 'tf': 0, 'k': 0.2, 'stop': 0, 'R': 0.5, 'hold': 240}",66,77.3,1.893,1158,50,58.0,0.585,-1219,48,56.2,0.562,-1318
NQ_DRIVE,5593,"{'A': 1400, 'T': 60, 'x': 0.35, 'mode': 1, 'tf': 0, 'k': 0.2, 'stop': 0, 'R': 1.0, 'hold': 240}",66,59.1,1.641,1325,50,40.0,0.531,-1774,48,39.6,0.504,-1939
NQ_DRIVE,5594,"{'A': 1400, 'T': 60, 'x': 0.35, 'mode': 1, 'tf': 0, 'k': 0.2, 'stop': 0, 'R': 2.0, 'hold': 240}",66,54.5,1.976,2280,50,34.0,0.652,-1430,48,33.3,0.62,-1606
NQ_DRIVE,5595,"{'A': 1400, 'T': 60, 'x': 0.35, 'mode': 1, 'tf': 0, 'k': 0.35, 'stop': 0, 'R': 0.5, 'hold': 240}",66,65.2,1.354,859,50,48.0,0.454,-2667,48,47.9,0.452,-2651
NQ_DRIVE,5600,"{'A': 1400, 'T': 60, 'x': 0.35, 'mode': 1, 'tf': 1, 'k': 0.2, 'stop': 0, 'R': 2.0, 'hold': 240}",30,60.0,2.017,1027,21,33.3,0.845,-225,18,38.9,,-49
NQ_DRIVE,5601,"{'A': 1400, 'T': 60, 'x': 0.35, 'mode': 1, 'tf': 1, 'k': 0.35, 'stop': 0, 'R': 0.5, 'hold': 240}",30,70.0,1.575,523,21,47.6,0.727,-383,18,55.6,,-125
NQ_DRIVE,5602,"{'A': 1400, 'T': 60, 'x': 0.35, 'mode': 1, 'tf': 1, 'k': 0.35, 'stop': 0, 'R': 1.0, 'hold': 240}",30,63.3,1.866,954,21,42.9,0.972,-41,18,50.0,,249
NQ_DRIVE,5603,"{'A': 1400, 'T': 60, 'x': 0.35, 'mode': 1, 'tf': 1, 'k': 0.35, 'stop': 0, 'R': 2.0, 'hold': 240}",30,63.3,2.112,1225,21,38.1,1.384,563,18,44.4,,952
NQ_DRIVE,5616,"{'A': 1400, 'T': 120, 'x': 0.1, 'mode': 1, 'tf': 0, 'k': 0.2, 'stop': 0, 'R': 0.5, 'hold': 240}",0,,,0,0,,,0,0,,,0
NQ_DRIVE,5617,"{'A': 1400, 'T': 120, 'x': 0.1, 'mode': 1, 'tf': 0, 'k': 0.2, 'stop': 0, 'R': 1.0, 'hold': 240}",0,,,0,0,,,0,0,,,0
NQ_DRIVE,5618,"{'A': 1400, 'T': 120, 'x': 0.1, 'mode': 1, 'tf': 0, 'k': 0.2, 'stop': 0, 'R': 2.0, 'hold': 240}",0,,,0,0,,,0,0,,,0
NQ_DRIVE,5619,"{'A': 1400, 'T': 120, 'x': 0.1, 'mode': 1, 'tf': 0, 'k': 0.35, 'stop': 0, 'R': 0.5, 'hold': 240}",0,,,0,0,,,0,0,,,0
NQ_DRIVE,5608,"{'A': 1400, 'T': 60, 'x': 0.35, 'mode': -1, 'tf': 0, 'k': 0.35, 'stop': 0, 'R': 1.0, 'hold': 240}",66,37.9,0.53,-2329,50,58.0,1.724,2082,48,60.4,1.793,2228
NQ_DRIVE,5609,"{'A': 1400, 'T': 60, 'x': 0.35, 'mode': -1, 'tf': 0, 'k': 0.35, 'stop': 0, 'R': 2.0, 'hold': 240}",66,37.9,0.551,-2224,50,54.0,1.464,1493,48,56.2,1.545,1717
NQ_DRIVE,5610,"{'A': 1400, 'T': 60, 'x': 0.35, 'mode': -1, 'tf': 1, 'k': 0.2, 'stop': 0, 'R': 0.5, 'hold': 240}",35,48.6,0.347,-1246,28,67.9,1.198,221,26,69.2,1.258,259
NQ_DRIVE,5611,"{'A': 1400, 'T': 60, 'x': 0.35, 'mode': -1, 'tf': 1, 'k': 0.2, 'stop': 0, 'R': 1.0, 'hold': 240}",35,42.9,0.54,-913,28,57.1,1.814,1008,26,57.7,1.857,976
NQ_DRIVE,5604,"{'A': 1400, 'T': 60, 'x': 0.35, 'mode': -1, 'tf': 0, 'k': 0.2, 'stop': 0, 'R': 0.5, 'hold': 240}",66,53.0,0.482,-1579,50,66.0,1.154,295,48,66.7,1.156,302
NQ_DRIVE,5605,"{'A': 1400, 'T': 60, 'x': 0.35, 'mode': -1, 'tf': 0, 'k': 0.2, 'stop': 0, 'R': 1.0, 'hold': 240}",66,39.4,0.533,-1682,50,56.0,1.463,1082,48,58.3,1.548,1255
NQ_DRIVE,5606,"{'A': 1400, 'T': 60, 'x': 0.35, 'mode': -1, 'tf': 0, 'k': 0.2, 'stop': 0, 'R': 2.0, 'hold': 240}",66,34.8,0.713,-1078,50,48.0,1.684,1903,48,50.0,1.761,2081
NQ_DRIVE,5607,"{'A': 1400, 'T': 60, 'x': 0.35, 'mode': -1, 'tf': 0, 'k': 0.35, 'stop': 0, 'R': 0.5, 'hold': 240}",66,43.9,0.427,-2659,50,64.0,1.412,1031,48,68.8,1.583,1407
NQ_DRIVE,5596,"{'A': 1400, 'T': 60, 'x': 0.35, 'mode': 1, 'tf': 0, 'k': 0.35, 'stop': 0, 'R': 1.0, 'hold': 240}",66,59.1,1.708,1961,50,40.0,0.525,-2501,48,39.6,0.52,-2494
NQ_DRIVE,5597,"{'A': 1400, 'T': 60, 'x': 0.35, 'mode': 1, 'tf': 0, 'k': 0.35, 'stop': 0, 'R': 2.0, 'hold': 240}",66,57.6,1.916,2547,50,38.0,0.728,-1434,48,37.5,0.732,-1395
NQ_DRIVE,5598,"{'A': 1400, 'T': 60, 'x': 0.35, 'mode': 1, 'tf': 1, 'k': 0.2, 'stop': 0, 'R': 0.5, 'hold': 240}",30,83.3,2.925,778,21,61.9,0.77,-232,18,61.1,,-248
NQ_DRIVE,5599,"{'A': 1400, 'T': 60, 'x': 0.35, 'mode': 1, 'tf': 1, 'k': 0.2, 'stop': 0, 'R': 1.0, 'hold': 240}",30,63.3,1.57,520,21,33.3,0.479,-756,18,38.9,,-630
NQ_DRIVE,5612,"{'A': 1400, 'T': 60, 'x': 0.35, 'mode': -1, 'tf': 1, 'k': 0.2, 'stop': 0, 'R': 2.0, 'hold': 240}",35,37.1,0.794,-425,28,53.6,2.778,2294,26,53.8,2.806,2157
NQ_DRIVE,5613,"{'A': 1400, 'T': 60, 'x': 0.35, 'mode': -1, 'tf': 1, 'k': 0.35, 'stop': 0, 'R': 0.5, 'hold': 240}",35,45.7,0.403,-1587,28,64.3,1.658,895,26,69.2,1.895,1074
NQ_DRIVE,5614,"{'A': 1400, 'T': 60, 'x': 0.35, 'mode': -1, 'tf': 1, 'k': 0.35, 'stop': 0, 'R': 1.0, 'hold': 240}",35,40.0,0.575,-1172,28,60.7,2.58,2234,26,61.5,2.642,2089
NQ_DRIVE,5615,"{'A': 1400, 'T': 60, 'x': 0.35, 'mode': -1, 'tf': 1, 'k': 0.35, 'stop': 0, 'R': 2.0, 'hold': 240}",35,40.0,0.603,-1095,28,60.7,2.816,2567,26,61.5,2.969,2504
NQ_DRIVE,5620,"{'A': 1400, 'T': 120, 'x': 0.1, 'mode': 1, 'tf': 0, 'k': 0.35, 'stop': 0, 'R': 1.0, 'hold': 240}",0,,,0,0,,,0,0,,,0
NQ_DRIVE,5621,"{'A': 1400, 'T': 120, 'x': 0.1, 'mode': 1, 'tf': 0, 'k': 0.35, 'stop': 0, 'R': 2.0, 'hold': 240}",0,,,0,0,,,0,0,,,0
NQ_DRIVE,5622,"{'A': 1400, 'T': 120, 'x': 0.1, 'mode': 1, 'tf': 1, 'k': 0.2, 'stop': 0, 'R': 0.5, 'hold': 240}",0,,,0,0,,,0,0,,,0
NQ_DRIVE,5623,"{'A': 1400, 'T': 120, 'x': 0.1, 'mode': 1, 'tf': 1, 'k': 0.2, 'stop': 0, 'R': 1.0, 'hold': 240}",0,,,0,0,,,0,0,,,0
NQ_DRIVE,5624,"{'A': 1400, 'T': 120, 'x': 0.1, 'mode': 1, 'tf': 1, 'k': 0.2, 'stop': 0, 'R': 2.0, 'hold': 240}",0,,,0,0,,,0,0,,,0
NQ_DRIVE,5625,"{'A': 1400, 'T': 120, 'x': 0.1, 'mode': 1, 'tf': 1, 'k': 0.35, 'stop': 0, 'R': 0.5, 'hold': 240}",0,,,0,0,,,0,0,,,0
NQ_DRIVE,5626,"{'A': 1400, 'T': 120, 'x': 0.1, 'mode': 1, 'tf': 1, 'k': 0.35, 'stop': 0, 'R': 1.0, 'hold': 240}",0,,,0,0,,,0,0,,,0
NQ_DRIVE,5627,"{'A': 1400, 'T': 120, 'x': 0.1, 'mode': 1, 'tf': 1, 'k': 0.35, 'stop': 0, 'R': 2.0, 'hold': 240}",0,,,0,0,,,0,0,,,0
NQ_DRIVE,5628,"{'A': 1400, 'T': 120, 'x': 0.1, 'mode': -1, 'tf': 0, 'k': 0.2, 'stop': 0, 'R': 0.5, 'hold': 240}",0,,,0,0,,,0,0,,,0
NQ_DRIVE,5629,"{'A': 1400, 'T': 120, 'x': 0.1, 'mode': -1, 'tf': 0, 'k': 0.2, 'stop': 0, 'R': 1.0, 'hold': 240}",0,,,0,0,,,0,0,,,0
NQ_DRIVE,5630,"{'A': 1400, 'T': 120, 'x': 0.1, 'mode': -1, 'tf': 0, 'k': 0.2, 'stop': 0, 'R': 2.0, 'hold': 240}",0,,,0,0,,,0,0,,,0
NQ_DRIVE,5631,"{'A': 1400, 'T': 120, 'x': 0.1, 'mode': -1, 'tf': 0, 'k': 0.35, 'stop': 0, 'R': 0.5, 'hold': 240}",0,,,0,0,,,0,0,,,0
NQ_DRIVE,5632,"{'A': 1400, 'T': 120, 'x': 0.1, 'mode': -1, 'tf': 0, 'k': 0.35, 'stop': 0, 'R': 1.0, 'hold': 240}",0,,,0,0,,,0,0,,,0
NQ_DRIVE,5633,"{'A': 1400, 'T': 120, 'x': 0.1, 'mode': -1, 'tf': 0, 'k': 0.35, 'stop': 0, 'R': 2.0, 'hold': 240}",0,,,0,0,,,0,0,,,0
NQ_DRIVE,5634,"{'A': 1400, 'T': 120, 'x': 0.1, 'mode': -1, 'tf': 1, 'k': 0.2, 'stop': 0, 'R': 0.5, 'hold': 240}",0,,,0,0,,,0,0,,,0
NQ_DRIVE,5635,"{'A': 1400, 'T': 120, 'x': 0.1, 'mode': -1, 'tf': 1, 'k': 0.2, 'stop': 0, 'R': 1.0, 'hold': 240}",0,,,0,0,,,0,0,,,0
NQ_DRIVE,5648,"{'A': 1400, 'T': 120, 'x': 0.2, 'mode': 1, 'tf': 1, 'k': 0.2, 'stop': 0, 'R': 2.0, 'hold': 240}",0,,,0,0,,,0,0,,,0
NQ_DRIVE,5649,"{'A': 1400, 'T': 120, 'x': 0.2, 'mode': 1, 'tf': 1, 'k': 0.35, 'stop': 0, 'R': 0.5, 'hold': 240}",0,,,0,0,,,0,0,,,0
NQ_DRIVE,5650,"{'A': 1400, 'T': 120, 'x': 0.2, 'mode': 1, 'tf': 1, 'k': 0.35, 'stop': 0, 'R': 1.0, 'hold': 240}",0,,,0,0,,,0,0,,,0
NQ_DRIVE,5651,"{'A': 1400, 'T': 120, 'x': 0.2, 'mode': 1, 'tf': 1, 'k': 0.35, 'stop': 0, 'R': 2.0, 'hold': 240}",0,,,0,0,,,0,0,,,0
NQ_DRIVE,5636,"{'A': 1400, 'T': 120, 'x': 0.1, 'mode': -1, 'tf': 1, 'k': 0.2, 'stop': 0, 'R': 2.0, 'hold': 240}",0,,,0,0,,,0,0,,,0
NQ_DRIVE,5637,"{'A': 1400, 'T': 120, 'x': 0.1, 'mode': -1, 'tf': 1, 'k': 0.35, 'stop': 0, 'R': 0.5, 'hold': 240}",0,,,0,0,,,0,0,,,0
NQ_DRIVE,5638,"{'A': 1400, 'T': 120, 'x': 0.1, 'mode': -1, 'tf': 1, 'k': 0.35, 'stop': 0, 'R': 1.0, 'hold': 240}",0,,,0,0,,,0,0,,,0
NQ_DRIVE,5639,"{'A': 1400, 'T': 120, 'x': 0.1, 'mode': -1, 'tf': 1, 'k': 0.35, 'stop': 0, 'R': 2.0, 'hold': 240}",0,,,0,0,,,0,0,,,0
NQ_DRIVE,5640,"{'A': 1400, 'T': 120, 'x': 0.2, 'mode': 1, 'tf': 0, 'k': 0.2, 'stop': 0, 'R': 0.5, 'hold': 240}",0,,,0,0,,,0,0,,,0
NQ_DRIVE,5641,"{'A': 1400, 'T': 120, 'x': 0.2, 'mode': 1, 'tf': 0, 'k': 0.2, 'stop': 0, 'R': 1.0, 'hold': 240}",0,,,0,0,,,0,0,,,0
NQ_DRIVE,5642,"{'A': 1400, 'T': 120, 'x': 0.2, 'mode': 1, 'tf': 0, 'k': 0.2, 'stop': 0, 'R': 2.0, 'hold': 240}",0,,,0,0,,,0,0,,,0
NQ_DRIVE,5643,"{'A': 1400, 'T': 120, 'x': 0.2, 'mode': 1, 'tf': 0, 'k': 0.35, 'stop': 0, 'R': 0.5, 'hold': 240}",0,,,0,0,,,0,0,,,0
NQ_DRIVE,5644,"{'A': 1400, 'T': 120, 'x': 0.2, 'mode': 1, 'tf': 0, 'k': 0.35, 'stop': 0, 'R': 1.0, 'hold': 240}",0,,,0,0,,,0,0,,,0
NQ_DRIVE,5645,"{'A': 1400, 'T': 120, 'x': 0.2, 'mode': 1, 'tf': 0, 'k': 0.35, 'stop': 0, 'R': 2.0, 'hold': 240}",0,,,0,0,,,0,0,,,0
NQ_DRIVE,5646,"{'A': 1400, 'T': 120, 'x': 0.2, 'mode': 1, 'tf': 1, 'k': 0.2, 'stop': 0, 'R': 0.5, 'hold': 240}",0,,,0,0,,,0,0,,,0
NQ_DRIVE,5647,"{'A': 1400, 'T': 120, 'x': 0.2, 'mode': 1, 'tf': 1, 'k': 0.2, 'stop': 0, 'R': 1.0, 'hold': 240}",0,,,0,0,,,0,0,,,0
NQ_DRIVE,5652,"{'A': 1400, 'T': 120, 'x': 0.2, 'mode': -1, 'tf': 0, 'k': 0.2, 'stop': 0, 'R': 0.5, 'hold': 240}",0,,,0,0,,,0,0,,,0
NQ_DRIVE,5653,"{'A': 1400, 'T': 120, 'x': 0.2, 'mode': -1, 'tf': 0, 'k': 0.2, 'stop': 0, 'R': 1.0, 'hold': 240}",0,,,0,0,,,0,0,,,0
NQ_DRIVE,5654,"{'A': 1400, 'T': 120, 'x': 0.2, 'mode': -1, 'tf': 0, 'k': 0.2, 'stop': 0, 'R': 2.0, 'hold': 240}",0,,,0,0,,,0,0,,,0
NQ_DRIVE,5655,"{'A': 1400, 'T': 120, 'x': 0.2, 'mode': -1, 'tf': 0, 'k': 0.35, 'stop': 0, 'R': 0.5, 'hold': 240}",0,,,0,0,,,0,0,,,0
NQ_DRIVE,5660,"{'A': 1400, 'T': 120, 'x': 0.2, 'mode': -1, 'tf': 1, 'k': 0.2, 'stop': 0, 'R': 2.0, 'hold': 240}",0,,,0,0,,,0,0,,,0
NQ_DRIVE,5661,"{'A': 1400, 'T': 120, 'x': 0.2, 'mode': -1, 'tf': 1, 'k': 0.35, 'stop': 0, 'R': 0.5, 'hold': 240}",0,,,0,0,,,0,0,,,0
NQ_DRIVE,5662,"{'A': 1400, 'T': 120, 'x': 0.2, 'mode': -1, 'tf': 1, 'k': 0.35, 'stop': 0, 'R': 1.0, 'hold': 240}",0,,,0,0,,,0,0,,,0
NQ_DRIVE,5663,"{'A': 1400, 'T': 120, 'x': 0.2, 'mode': -1, 'tf': 1, 'k': 0.35, 'stop': 0, 'R': 2.0, 'hold': 240}",0,,,0,0,,,0,0,,,0
NQ_DRIVE,5656,"{'A': 1400, 'T': 120, 'x': 0.2, 'mode': -1, 'tf': 0, 'k': 0.35, 'stop': 0, 'R': 1.0, 'hold': 240}",0,,,0,0,,,0,0,,,0
NQ_DRIVE,5657,"{'A': 1400, 'T': 120, 'x': 0.2, 'mode': -1, 'tf': 0, 'k': 0.35, 'stop': 0, 'R': 2.0, 'hold': 240}",0,,,0,0,,,0,0,,,0
NQ_DRIVE,5658,"{'A': 1400, 'T': 120, 'x': 0.2, 'mode': -1, 'tf': 1, 'k': 0.2, 'stop': 0, 'R': 0.5, 'hold': 240}",0,,,0,0,,,0,0,,,0
NQ_DRIVE,5659,"{'A': 1400, 'T': 120, 'x': 0.2, 'mode': -1, 'tf': 1, 'k': 0.2, 'stop': 0, 'R': 1.0, 'hold': 240}",0,,,0,0,,,0,0,,,0
NQ_DRIVE,5664,"{'A': 1400, 'T': 120, 'x': 0.35, 'mode': 1, 'tf': 0, 'k': 0.2, 'stop': 0, 'R': 0.5, 'hold': 240}",0,,,0,0,,,0,0,,,0
NQ_DRIVE,5665,"{'A': 1400, 'T': 120, 'x': 0.35, 'mode': 1, 'tf': 0, 'k': 0.2, 'stop': 0, 'R': 1.0, 'hold': 240}",0,,,0,0,,,0,0,,,0
NQ_DRIVE,5666,"{'A': 1400, 'T': 120, 'x': 0.35, 'mode': 1, 'tf': 0, 'k': 0.2, 'stop': 0, 'R': 2.0, 'hold': 240}",0,,,0,0,,,0,0,,,0
NQ_DRIVE,5667,"{'A': 1400, 'T': 120, 'x': 0.35, 'mode': 1, 'tf': 0, 'k': 0.35, 'stop': 0, 'R': 0.5, 'hold': 240}",0,,,0,0,,,0,0,,,0
NQ_DRIVE,5668,"{'A': 1400, 'T': 120, 'x': 0.35, 'mode': 1, 'tf': 0, 'k': 0.35, 'stop': 0, 'R': 1.0, 'hold': 240}",0,,,0,0,,,0,0,,,0
NQ_DRIVE,5669,"{'A': 1400, 'T': 120, 'x': 0.35, 'mode': 1, 'tf': 0, 'k': 0.35, 'stop': 0, 'R': 2.0, 'hold': 240}",0,,,0,0,,,0,0,,,0
NQ_DRIVE,5670,"{'A': 1400, 'T': 120, 'x': 0.35, 'mode': 1, 'tf': 1, 'k': 0.2, 'stop': 0, 'R': 0.5, 'hold': 240}",0,,,0,0,,,0,0,,,0
NQ_DRIVE,5671,"{'A': 1400, 'T': 120, 'x': 0.35, 'mode': 1, 'tf': 1, 'k': 0.2, 'stop': 0, 'R': 1.0, 'hold': 240}",0,,,0,0,,,0,0,,,0
NQ_DRIVE,5672,"{'A': 1400, 'T': 120, 'x': 0.35, 'mode': 1, 'tf': 1, 'k': 0.2, 'stop': 0, 'R': 2.0, 'hold': 240}",0,,,0,0,,,0,0,,,0
NQ_DRIVE,5673,"{'A': 1400, 'T': 120, 'x': 0.35, 'mode': 1, 'tf': 1, 'k': 0.35, 'stop': 0, 'R': 0.5, 'hold': 240}",0,,,0,0,,,0,0,,,0
NQ_DRIVE,5674,"{'A': 1400, 'T': 120, 'x': 0.35, 'mode': 1, 'tf': 1, 'k': 0.35, 'stop': 0, 'R': 1.0, 'hold': 240}",0,,,0,0,,,0,0,,,0
NQ_DRIVE,5675,"{'A': 1400, 'T': 120, 'x': 0.35, 'mode': 1, 'tf': 1, 'k': 0.35, 'stop': 0, 'R': 2.0, 'hold': 240}",0,,,0,0,,,0,0,,,0
NQ_DRIVE,5688,"{'A': 1400, 'T': 240, 'x': 0.1, 'mode': 1, 'tf': 0, 'k': 0.2, 'stop': 0, 'R': 0.5, 'hold': 240}",0,,,0,0,,,0,0,,,0
NQ_DRIVE,5689,"{'A': 1400, 'T': 240, 'x': 0.1, 'mode': 1, 'tf': 0, 'k': 0.2, 'stop': 0, 'R': 1.0, 'hold': 240}",0,,,0,0,,,0,0,,,0
NQ_DRIVE,5690,"{'A': 1400, 'T': 240, 'x': 0.1, 'mode': 1, 'tf': 0, 'k': 0.2, 'stop': 0, 'R': 2.0, 'hold': 240}",0,,,0,0,,,0,0,,,0
NQ_DRIVE,5691,"{'A': 1400, 'T': 240, 'x': 0.1, 'mode': 1, 'tf': 0, 'k': 0.35, 'stop': 0, 'R': 0.5, 'hold': 240}",0,,,0,0,,,0,0,,,0
NQ_DRIVE,5680,"{'A': 1400, 'T': 120, 'x': 0.35, 'mode': -1, 'tf': 0, 'k': 0.35, 'stop': 0, 'R': 1.0, 'hold': 240}",0,,,0,0,,,0,0,,,0
NQ_DRIVE,5681,"{'A': 1400, 'T': 120, 'x': 0.35, 'mode': -1, 'tf': 0, 'k': 0.35, 'stop': 0, 'R': 2.0, 'hold': 240}",0,,,0,0,,,0,0,,,0
NQ_DRIVE,5682,"{'A': 1400, 'T': 120, 'x': 0.35, 'mode': -1, 'tf': 1, 'k': 0.2, 'stop': 0, 'R': 0.5, 'hold': 240}",0,,,0,0,,,0,0,,,0
NQ_DRIVE,5683,"{'A': 1400, 'T': 120, 'x': 0.35, 'mode': -1, 'tf': 1, 'k': 0.2, 'stop': 0, 'R': 1.0, 'hold': 240}",0,,,0,0,,,0,0,,,0
NQ_DRIVE,5676,"{'A': 1400, 'T': 120, 'x': 0.35, 'mode': -1, 'tf': 0, 'k': 0.2, 'stop': 0, 'R': 0.5, 'hold': 240}",0,,,0,0,,,0,0,,,0
NQ_DRIVE,5677,"{'A': 1400, 'T': 120, 'x': 0.35, 'mode': -1, 'tf': 0, 'k': 0.2, 'stop': 0, 'R': 1.0, 'hold': 240}",0,,,0,0,,,0,0,,,0
NQ_DRIVE,5678,"{'A': 1400, 'T': 120, 'x': 0.35, 'mode': -1, 'tf': 0, 'k': 0.2, 'stop': 0, 'R': 2.0, 'hold': 240}",0,,,0,0,,,0,0,,,0
NQ_DRIVE,5679,"{'A': 1400, 'T': 120, 'x': 0.35, 'mode': -1, 'tf': 0, 'k': 0.35, 'stop': 0, 'R': 0.5, 'hold': 240}",0,,,0,0,,,0,0,,,0
NQ_DRIVE,5692,"{'A': 1400, 'T': 240, 'x': 0.1, 'mode': 1, 'tf': 0, 'k': 0.35, 'stop': 0, 'R': 1.0, 'hold': 240}",0,,,0,0,,,0,0,,,0
NQ_DRIVE,5693,"{'A': 1400, 'T': 240, 'x': 0.1, 'mode': 1, 'tf': 0, 'k': 0.35, 'stop': 0, 'R': 2.0, 'hold': 240}",0,,,0,0,,,0,0,,,0
NQ_DRIVE,5694,"{'A': 1400, 'T': 240, 'x': 0.1, 'mode': 1, 'tf': 1, 'k': 0.2, 'stop': 0, 'R': 0.5, 'hold': 240}",0,,,0,0,,,0,0,,,0
NQ_DRIVE,5695,"{'A': 1400, 'T': 240, 'x': 0.1, 'mode': 1, 'tf': 1, 'k': 0.2, 'stop': 0, 'R': 1.0, 'hold': 240}",0,,,0,0,,,0,0,,,0
NQ_DRIVE,5684,"{'A': 1400, 'T': 120, 'x': 0.35, 'mode': -1, 'tf': 1, 'k': 0.2, 'stop': 0, 'R': 2.0, 'hold': 240}",0,,,0,0,,,0,0,,,0
NQ_DRIVE,5685,"{'A': 1400, 'T': 120, 'x': 0.35, 'mode': -1, 'tf': 1, 'k': 0.35, 'stop': 0, 'R': 0.5, 'hold': 240}",0,,,0,0,,,0,0,,,0
NQ_DRIVE,5686,"{'A': 1400, 'T': 120, 'x': 0.35, 'mode': -1, 'tf': 1, 'k': 0.35, 'stop': 0, 'R': 1.0, 'hold': 240}",0,,,0,0,,,0,0,,,0
NQ_DRIVE,5687,"{'A': 1400, 'T': 120, 'x': 0.35, 'mode': -1, 'tf': 1, 'k': 0.35, 'stop': 0, 'R': 2.0, 'hold': 240}",0,,,0,0,,,0,0,,,0
NQ_DRIVE,5696,"{'A': 1400, 'T': 240, 'x': 0.1, 'mode': 1, 'tf': 1, 'k': 0.2, 'stop': 0, 'R': 2.0, 'hold': 240}",0,,,0,0,,,0,0,,,0
NQ_DRIVE,5697,"{'A': 1400, 'T': 240, 'x': 0.1, 'mode': 1, 'tf': 1, 'k': 0.35, 'stop': 0, 'R': 0.5, 'hold': 240}",0,,,0,0,,,0,0,,,0
NQ_DRIVE,5698,"{'A': 1400, 'T': 240, 'x': 0.1, 'mode': 1, 'tf': 1, 'k': 0.35, 'stop': 0, 'R': 1.0, 'hold': 240}",0,,,0,0,,,0,0,,,0
NQ_DRIVE,5699,"{'A': 1400, 'T': 240, 'x': 0.1, 'mode': 1, 'tf': 1, 'k': 0.35, 'stop': 0, 'R': 2.0, 'hold': 240}",0,,,0,0,,,0,0,,,0
NQ_DRIVE,5700,"{'A': 1400, 'T': 240, 'x': 0.1, 'mode': -1, 'tf': 0, 'k': 0.2, 'stop': 0, 'R': 0.5, 'hold': 240}",0,,,0,0,,,0,0,,,0
NQ_DRIVE,5701,"{'A': 1400, 'T': 240, 'x': 0.1, 'mode': -1, 'tf': 0, 'k': 0.2, 'stop': 0, 'R': 1.0, 'hold': 240}",0,,,0,0,,,0,0,,,0
NQ_DRIVE,5702,"{'A': 1400, 'T': 240, 'x': 0.1, 'mode': -1, 'tf': 0, 'k': 0.2, 'stop': 0, 'R': 2.0, 'hold': 240}",0,,,0,0,,,0,0,,,0
NQ_DRIVE,5703,"{'A': 1400, 'T': 240, 'x': 0.1, 'mode': -1, 'tf': 0, 'k': 0.35, 'stop': 0, 'R': 0.5, 'hold': 240}",0,,,0,0,,,0,0,,,0
NQ_DRIVE,5708,"{'A': 1400, 'T': 240, 'x': 0.1, 'mode': -1, 'tf': 1, 'k': 0.2, 'stop': 0, 'R': 2.0, 'hold': 240}",0,,,0,0,,,0,0,,,0
NQ_DRIVE,5709,"{'A': 1400, 'T': 240, 'x': 0.1, 'mode': -1, 'tf': 1, 'k': 0.35, 'stop': 0, 'R': 0.5, 'hold': 240}",0,,,0,0,,,0,0,,,0
NQ_DRIVE,5710,"{'A': 1400, 'T': 240, 'x': 0.1, 'mode': -1, 'tf': 1, 'k': 0.35, 'stop': 0, 'R': 1.0, 'hold': 240}",0,,,0,0,,,0,0,,,0
NQ_DRIVE,5711,"{'A': 1400, 'T': 240, 'x': 0.1, 'mode': -1, 'tf': 1, 'k': 0.35, 'stop': 0, 'R': 2.0, 'hold': 240}",0,,,0,0,,,0,0,,,0
NQ_DRIVE,5704,"{'A': 1400, 'T': 240, 'x': 0.1, 'mode': -1, 'tf': 0, 'k': 0.35, 'stop': 0, 'R': 1.0, 'hold': 240}",0,,,0,0,,,0,0,,,0
NQ_DRIVE,5705,"{'A': 1400, 'T': 240, 'x': 0.1, 'mode': -1, 'tf': 0, 'k': 0.35, 'stop': 0, 'R': 2.0, 'hold': 240}",0,,,0,0,,,0,0,,,0
NQ_DRIVE,5706,"{'A': 1400, 'T': 240, 'x': 0.1, 'mode': -1, 'tf': 1, 'k': 0.2, 'stop': 0, 'R': 0.5, 'hold': 240}",0,,,0,0,,,0,0,,,0
NQ_DRIVE,5707,"{'A': 1400, 'T': 240, 'x': 0.1, 'mode': -1, 'tf': 1, 'k': 0.2, 'stop': 0, 'R': 1.0, 'hold': 240}",0,,,0,0,,,0,0,,,0
NQ_DRIVE,5712,"{'A': 1400, 'T': 240, 'x': 0.2, 'mode': 1, 'tf': 0, 'k': 0.2, 'stop': 0, 'R': 0.5, 'hold': 240}",0,,,0,0,,,0,0,,,0
NQ_DRIVE,5713,"{'A': 1400, 'T': 240, 'x': 0.2, 'mode': 1, 'tf': 0, 'k': 0.2, 'stop': 0, 'R': 1.0, 'hold': 240}",0,,,0,0,,,0,0,,,0
NQ_DRIVE,5714,"{'A': 1400, 'T': 240, 'x': 0.2, 'mode': 1, 'tf': 0, 'k': 0.2, 'stop': 0, 'R': 2.0, 'hold': 240}",0,,,0,0,,,0,0,,,0
NQ_DRIVE,5715,"{'A': 1400, 'T': 240, 'x': 0.2, 'mode': 1, 'tf': 0, 'k': 0.35, 'stop': 0, 'R': 0.5, 'hold': 240}",0,,,0,0,,,0,0,,,0
NQ_DRIVE,5716,"{'A': 1400, 'T': 240, 'x': 0.2, 'mode': 1, 'tf': 0, 'k': 0.35, 'stop': 0, 'R': 1.0, 'hold': 240}",0,,,0,0,,,0,0,,,0
NQ_DRIVE,5717,"{'A': 1400, 'T': 240, 'x': 0.2, 'mode': 1, 'tf': 0, 'k': 0.35, 'stop': 0, 'R': 2.0, 'hold': 240}",0,,,0,0,,,0,0,,,0
NQ_DRIVE,5718,"{'A': 1400, 'T': 240, 'x': 0.2, 'mode': 1, 'tf': 1, 'k': 0.2, 'stop': 0, 'R': 0.5, 'hold': 240}",0,,,0,0,,,0,0,,,0
NQ_DRIVE,5719,"{'A': 1400, 'T': 240, 'x': 0.2, 'mode': 1, 'tf': 1, 'k': 0.2, 'stop': 0, 'R': 1.0, 'hold': 240}",0,,,0,0,,,0,0,,,0
NQ_DRIVE,5720,"{'A': 1400, 'T': 240, 'x': 0.2, 'mode': 1, 'tf': 1, 'k': 0.2, 'stop': 0, 'R': 2.0, 'hold': 240}",0,,,0,0,,,0,0,,,0
NQ_DRIVE,5721,"{'A': 1400, 'T': 240, 'x': 0.2, 'mode': 1, 'tf': 1, 'k': 0.35, 'stop': 0, 'R': 0.5, 'hold': 240}",0,,,0,0,,,0,0,,,0
NQ_DRIVE,5722,"{'A': 1400, 'T': 240, 'x': 0.2, 'mode': 1, 'tf': 1, 'k': 0.35, 'stop': 0, 'R': 1.0, 'hold': 240}",0,,,0,0,,,0,0,,,0
NQ_DRIVE,5723,"{'A': 1400, 'T': 240, 'x': 0.2, 'mode': 1, 'tf': 1, 'k': 0.35, 'stop': 0, 'R': 2.0, 'hold': 240}",0,,,0,0,,,0,0,,,0
NQ_DRIVE,5728,"{'A': 1400, 'T': 240, 'x': 0.2, 'mode': -1, 'tf': 0, 'k': 0.35, 'stop': 0, 'R': 1.0, 'hold': 240}",0,,,0,0,,,0,0,,,0
NQ_DRIVE,5729,"{'A': 1400, 'T': 240, 'x': 0.2, 'mode': -1, 'tf': 0, 'k': 0.35, 'stop': 0, 'R': 2.0, 'hold': 240}",0,,,0,0,,,0,0,,,0
NQ_DRIVE,5730,"{'A': 1400, 'T': 240, 'x': 0.2, 'mode': -1, 'tf': 1, 'k': 0.2, 'stop': 0, 'R': 0.5, 'hold': 240}",0,,,0,0,,,0,0,,,0
NQ_DRIVE,5731,"{'A': 1400, 'T': 240, 'x': 0.2, 'mode': -1, 'tf': 1, 'k': 0.2, 'stop': 0, 'R': 1.0, 'hold': 240}",0,,,0,0,,,0,0,,,0
NQ_DRIVE,5744,"{'A': 1400, 'T': 240, 'x': 0.35, 'mode': 1, 'tf': 1, 'k': 0.2, 'stop': 0, 'R': 2.0, 'hold': 240}",0,,,0,0,,,0,0,,,0
NQ_DRIVE,5745,"{'A': 1400, 'T': 240, 'x': 0.35, 'mode': 1, 'tf': 1, 'k': 0.35, 'stop': 0, 'R': 0.5, 'hold': 240}",0,,,0,0,,,0,0,,,0
NQ_DRIVE,5746,"{'A': 1400, 'T': 240, 'x': 0.35, 'mode': 1, 'tf': 1, 'k': 0.35, 'stop': 0, 'R': 1.0, 'hold': 240}",0,,,0,0,,,0,0,,,0
NQ_DRIVE,5747,"{'A': 1400, 'T': 240, 'x': 0.35, 'mode': 1, 'tf': 1, 'k': 0.35, 'stop': 0, 'R': 2.0, 'hold': 240}",0,,,0,0,,,0,0,,,0
NQ_DRIVE,5740,"{'A': 1400, 'T': 240, 'x': 0.35, 'mode': 1, 'tf': 0, 'k': 0.35, 'stop': 0, 'R': 1.0, 'hold': 240}",0,,,0,0,,,0,0,,,0
NQ_DRIVE,5741,"{'A': 1400, 'T': 240, 'x': 0.35, 'mode': 1, 'tf': 0, 'k': 0.35, 'stop': 0, 'R': 2.0, 'hold': 240}",0,,,0,0,,,0,0,,,0
NQ_DRIVE,5742,"{'A': 1400, 'T': 240, 'x': 0.35, 'mode': 1, 'tf': 1, 'k': 0.2, 'stop': 0, 'R': 0.5, 'hold': 240}",0,,,0,0,,,0,0,,,0
NQ_DRIVE,5743,"{'A': 1400, 'T': 240, 'x': 0.35, 'mode': 1, 'tf': 1, 'k': 0.2, 'stop': 0, 'R': 1.0, 'hold': 240}",0,,,0,0,,,0,0,,,0
NQ_DRIVE,5724,"{'A': 1400, 'T': 240, 'x': 0.2, 'mode': -1, 'tf': 0, 'k': 0.2, 'stop': 0, 'R': 0.5, 'hold': 240}",0,,,0,0,,,0,0,,,0
NQ_DRIVE,5725,"{'A': 1400, 'T': 240, 'x': 0.2, 'mode': -1, 'tf': 0, 'k': 0.2, 'stop': 0, 'R': 1.0, 'hold': 240}",0,,,0,0,,,0,0,,,0
NQ_DRIVE,5726,"{'A': 1400, 'T': 240, 'x': 0.2, 'mode': -1, 'tf': 0, 'k': 0.2, 'stop': 0, 'R': 2.0, 'hold': 240}",0,,,0,0,,,0,0,,,0
NQ_DRIVE,5727,"{'A': 1400, 'T': 240, 'x': 0.2, 'mode': -1, 'tf': 0, 'k': 0.35, 'stop': 0, 'R': 0.5, 'hold': 240}",0,,,0,0,,,0,0,,,0
NQ_DRIVE,5736,"{'A': 1400, 'T': 240, 'x': 0.35, 'mode': 1, 'tf': 0, 'k': 0.2, 'stop': 0, 'R': 0.5, 'hold': 240}",0,,,0,0,,,0,0,,,0
NQ_DRIVE,5737,"{'A': 1400, 'T': 240, 'x': 0.35, 'mode': 1, 'tf': 0, 'k': 0.2, 'stop': 0, 'R': 1.0, 'hold': 240}",0,,,0,0,,,0,0,,,0
NQ_DRIVE,5738,"{'A': 1400, 'T': 240, 'x': 0.35, 'mode': 1, 'tf': 0, 'k': 0.2, 'stop': 0, 'R': 2.0, 'hold': 240}",0,,,0,0,,,0,0,,,0
NQ_DRIVE,5739,"{'A': 1400, 'T': 240, 'x': 0.35, 'mode': 1, 'tf': 0, 'k': 0.35, 'stop': 0, 'R': 0.5, 'hold': 240}",0,,,0,0,,,0,0,,,0
NQ_DRIVE,5732,"{'A': 1400, 'T': 240, 'x': 0.2, 'mode': -1, 'tf': 1, 'k': 0.2, 'stop': 0, 'R': 2.0, 'hold': 240}",0,,,0,0,,,0,0,,,0
NQ_DRIVE,5733,"{'A': 1400, 'T': 240, 'x': 0.2, 'mode': -1, 'tf': 1, 'k': 0.35, 'stop': 0, 'R': 0.5, 'hold': 240}",0,,,0,0,,,0,0,,,0
NQ_DRIVE,5734,"{'A': 1400, 'T': 240, 'x': 0.2, 'mode': -1, 'tf': 1, 'k': 0.35, 'stop': 0, 'R': 1.0, 'hold': 240}",0,,,0,0,,,0,0,,,0
NQ_DRIVE,5735,"{'A': 1400, 'T': 240, 'x': 0.2, 'mode': -1, 'tf': 1, 'k': 0.35, 'stop': 0, 'R': 2.0, 'hold': 240}",0,,,0,0,,,0,0,,,0
NQ_DRIVE,5748,"{'A': 1400, 'T': 240, 'x': 0.35, 'mode': -1, 'tf': 0, 'k': 0.2, 'stop': 0, 'R': 0.5, 'hold': 240}",0,,,0,0,,,0,0,,,0
NQ_DRIVE,5749,"{'A': 1400, 'T': 240, 'x': 0.35, 'mode': -1, 'tf': 0, 'k': 0.2, 'stop': 0, 'R': 1.0, 'hold': 240}",0,,,0,0,,,0,0,,,0
NQ_DRIVE,5750,"{'A': 1400, 'T': 240, 'x': 0.35, 'mode': -1, 'tf': 0, 'k': 0.2, 'stop': 0, 'R': 2.0, 'hold': 240}",0,,,0,0,,,0,0,,,0
NQ_DRIVE,5751,"{'A': 1400, 'T': 240, 'x': 0.35, 'mode': -1, 'tf': 0, 'k': 0.35, 'stop': 0, 'R': 0.5, 'hold': 240}",0,,,0,0,,,0,0,,,0
NQ_DRIVE,5752,"{'A': 1400, 'T': 240, 'x': 0.35, 'mode': -1, 'tf': 0, 'k': 0.35, 'stop': 0, 'R': 1.0, 'hold': 240}",0,,,0,0,,,0,0,,,0
NQ_DRIVE,5753,"{'A': 1400, 'T': 240, 'x': 0.35, 'mode': -1, 'tf': 0, 'k': 0.35, 'stop': 0, 'R': 2.0, 'hold': 240}",0,,,0,0,,,0,0,,,0
NQ_DRIVE,5754,"{'A': 1400, 'T': 240, 'x': 0.35, 'mode': -1, 'tf': 1, 'k': 0.2, 'stop': 0, 'R': 0.5, 'hold': 240}",0,,,0,0,,,0,0,,,0
NQ_DRIVE,5755,"{'A': 1400, 'T': 240, 'x': 0.35, 'mode': -1, 'tf': 1, 'k': 0.2, 'stop': 0, 'R': 1.0, 'hold': 240}",0,,,0,0,,,0,0,,,0
NQ_DRIVE,5756,"{'A': 1400, 'T': 240, 'x': 0.35, 'mode': -1, 'tf': 1, 'k': 0.2, 'stop': 0, 'R': 2.0, 'hold': 240}",0,,,0,0,,,0,0,,,0
NQ_DRIVE,5757,"{'A': 1400, 'T': 240, 'x': 0.35, 'mode': -1, 'tf': 1, 'k': 0.35, 'stop': 0, 'R': 0.5, 'hold': 240}",0,,,0,0,,,0,0,,,0
NQ_DRIVE,5758,"{'A': 1400, 'T': 240, 'x': 0.35, 'mode': -1, 'tf': 1, 'k': 0.35, 'stop': 0, 'R': 1.0, 'hold': 240}",0,,,0,0,,,0,0,,,0
NQ_DRIVE,5759,"{'A': 1400, 'T': 240, 'x': 0.35, 'mode': -1, 'tf': 1, 'k': 0.35, 'stop': 0, 'R': 2.0, 'hold': 240}",0,,,0,0,,,0,0,,,0
